x,E,N,z
0,260103.4013,4203478.941,3506.40918
0.025467576,260103.3926,4203478.917,3506.419678
0.050935152,260103.3839,4203478.894,3506.430908
0.076402728,260103.3752,4203478.87,3506.449951
0.101870304,260103.3665,4203478.846,3506.457031
0.127337881,260103.3578,4203478.822,3506.463867
0.152805457,260103.3491,4203478.798,3506.483398
0.178273033,260103.3404,4203478.774,3506.489746
0.203740609,260103.3317,4203478.75,3506.495117
0.229208185,260103.323,4203478.726,3506.511963
0.254675761,260103.3143,4203478.702,3506.519531
0.280143337,260103.3056,4203478.678,3506.536377
0.305610913,260103.2969,4203478.654,3506.541992
0.33107849,260103.2882,4203478.63,3506.545898
0.356546066,260103.2795,4203478.606,3506.552002
0.382013642,260103.2708,4203478.582,3506.554443
0.407481218,260103.2621,4203478.558,3506.556885
0.432948794,260103.2534,4203478.535,3506.561768
0.45841637,260103.2447,4203478.511,3506.563965
0.483883946,260103.236,4203478.487,3506.566406
0.509351522,260103.2273,4203478.463,3506.570557
0.534819098,260103.2186,4203478.439,3506.572754
0.560286675,260103.2099,4203478.415,3506.577637
0.585754251,260103.2012,4203478.391,3506.57959
0.611221827,260103.1925,4203478.367,3506.581787
0.636689403,260103.1838,4203478.343,3506.591797
0.662156979,260103.1751,4203478.319,3506.598145
0.687624555,260103.1664,4203478.295,3506.606689
0.713092131,260103.1577,4203478.271,3506.632813
0.738559707,260103.1489,4203478.247,3506.640869
0.764027284,260103.1402,4203478.223,3506.648682
0.78949486,260103.1315,4203478.199,3506.668213
0.814962436,260103.1228,4203478.176,3506.674805
0.840430012,260103.1141,4203478.152,3506.690918
0.865897588,260103.1054,4203478.128,3506.695801
0.891365164,260103.0967,4203478.104,3506.699219
0.91683274,260103.088,4203478.08,3506.70752
0.942300316,260103.0793,4203478.056,3506.712158
0.967767892,260103.0706,4203478.032,3506.717773
0.993235469,260103.0619,4203478.008,3506.728516
1.018703045,260103.0532,4203477.984,3506.737061
1.044170621,260103.0445,4203477.96,3506.746338
1.069638197,260103.0358,4203477.936,3506.764404
1.095105773,260103.0271,4203477.912,3506.773193
1.120573349,260103.0184,4203477.888,3506.787354
1.146040925,260103.0097,4203477.864,3506.789795
1.171508501,260103.001,4203477.84,3506.791504
1.196976077,260102.9923,4203477.816,3506.797363
1.222443654,260102.9836,4203477.793,3506.801514
1.24791123,260102.9749,4203477.769,3506.807129
1.273378806,260102.9662,4203477.745,3506.82251
1.298846382,260102.9575,4203477.721,3506.830566
1.324313958,260102.9488,4203477.697,3506.842041
1.349781534,260102.9401,4203477.673,3506.864746
1.37524911,260102.9314,4203477.649,3506.874023
1.400716686,260102.9227,4203477.625,3506.895996
1.426184263,260102.914,4203477.601,3506.906006
1.451651839,260102.9053,4203477.577,3506.914307
1.477119415,260102.8966,4203477.553,3506.927979
1.502586991,260102.8878,4203477.529,3506.933594
1.528054567,260102.8791,4203477.505,3506.938965
1.553522143,260102.8704,4203477.481,3506.950928
1.578989719,260102.8617,4203477.457,3506.95459
1.604457295,260102.853,4203477.434,3506.958252
1.629924871,260102.8443,4203477.41,3506.968506
1.655392448,260102.8356,4203477.386,3506.977051
1.680860024,260102.8269,4203477.362,3506.992676
1.7063276,260102.8182,4203477.338,3507.000732
1.731795176,260102.8095,4203477.314,3507.009766
1.757262752,260102.8008,4203477.29,3507.032471
1.782730328,260102.7921,4203477.266,3507.047607
1.808197904,260102.7834,4203477.242,3507.063477
1.83366548,260102.7747,4203477.218,3507.088867
1.859133057,260102.766,4203477.194,3507.095947
1.884600633,260102.7573,4203477.17,3507.113037
1.910068209,260102.7486,4203477.146,3507.121826
1.935535785,260102.7399,4203477.122,3507.130615
1.961003361,260102.7312,4203477.098,3507.144531
1.986470937,260102.7225,4203477.075,3507.150391
2.011938513,260102.7138,4203477.051,3507.154297
2.037406089,260102.7051,4203477.027,3507.158936
2.062873665,260102.6964,4203477.003,3507.160156
2.088341242,260102.6877,4203476.979,3507.161865
2.113808818,260102.679,4203476.955,3507.168701
2.139276394,260102.6703,4203476.931,3507.175049
2.16474397,260102.6616,4203476.907,3507.189209
2.190211546,260102.6529,4203476.883,3507.197998
2.215679122,260102.6442,4203476.859,3507.206543
2.241146698,260102.6354,4203476.835,3507.22168
2.266614274,260102.6267,4203476.811,3507.227051
2.292081851,260102.618,4203476.787,3507.233154
2.317549427,260102.6093,4203476.763,3507.247803
2.343017003,260102.6006,4203476.739,3507.253174
2.368484579,260102.5919,4203476.716,3507.257324
2.393952155,260102.5832,4203476.692,3507.26416
2.419419731,260102.5745,4203476.668,3507.267334
2.444887307,260102.5658,4203476.644,3507.271973
2.470354883,260102.5571,4203476.62,3507.273926
2.495822459,260102.5484,4203476.596,3507.276367
2.521290036,260102.5397,4203476.572,3507.281982
2.546757612,260102.531,4203476.548,3507.285156
2.572225188,260102.5223,4203476.524,3507.287109
2.597692764,260102.5136,4203476.5,3507.289795
2.62316034,260102.5049,4203476.476,3507.291016
2.648627916,260102.4962,4203476.452,3507.292725
2.674095492,260102.4875,4203476.428,3507.298584
2.699563068,260102.4788,4203476.404,3507.30127
2.725030645,260102.4701,4203476.38,3507.310303
2.750498221,260102.4614,4203476.357,3507.314697
2.775965797,260102.4527,4203476.333,3507.31958
2.801433373,260102.444,4203476.309,3507.327393
2.826900949,260102.4353,4203476.285,3507.330078
2.852368525,260102.4266,4203476.261,3507.332275
2.877836101,260102.4179,4203476.237,3507.335938
2.903303677,260102.4092,4203476.213,3507.337402
2.928771253,260102.4005,4203476.189,3507.338867
2.95423883,260102.3918,4203476.165,3507.346191
2.979706406,260102.3831,4203476.141,3507.348877
3.005173982,260102.3743,4203476.117,3507.357422
3.030641558,260102.3656,4203476.093,3507.361328
3.056109134,260102.3569,4203476.069,3507.36499
3.08157671,260102.3482,4203476.045,3507.374756
3.107044286,260102.3395,4203476.021,3507.37793
3.132511862,260102.3308,4203475.997,3507.380859
3.157979439,260102.3221,4203475.974,3507.385742
3.183447015,260102.3134,4203475.95,3507.386963
3.208914591,260102.3047,4203475.926,3507.389404
3.234382167,260102.296,4203475.902,3507.404785
3.259849743,260102.2873,4203475.878,3507.413818
3.285317319,260102.2786,4203475.854,3507.420654
3.310784895,260102.2699,4203475.83,3507.422363
3.336252471,260102.2612,4203475.806,3507.424072
3.361720047,260102.2525,4203475.782,3507.426514
3.387187624,260102.2438,4203475.758,3507.42749
3.4126552,260102.2351,4203475.734,3507.427979
3.438122776,260102.2264,4203475.71,3507.430176
3.463590352,260102.2177,4203475.686,3507.430908
3.489057928,260102.209,4203475.662,3507.432373
3.514525504,260102.2003,4203475.638,3507.442139
3.53999308,260102.1916,4203475.615,3507.44458
3.565460656,260102.1829,4203475.591,3507.454346
3.590928232,260102.1742,4203475.567,3507.456787
3.616395809,260102.1655,4203475.543,3507.460449
3.641863385,260102.1568,4203475.519,3507.474365
3.667330961,260102.1481,4203475.495,3507.485352
3.692798537,260102.1394,4203475.471,3507.497559
3.718266113,260102.1307,4203475.447,3507.51123
3.743733689,260102.122,4203475.423,3507.514648
3.769201265,260102.1132,4203475.399,3507.516846
3.794668841,260102.1045,4203475.375,3507.521484
3.820136418,260102.0958,4203475.351,3507.52417
3.845603994,260102.0871,4203475.327,3507.529297
3.87107157,260102.0784,4203475.303,3507.533447
3.896539146,260102.0697,4203475.279,3507.538574
3.922006722,260102.061,4203475.256,3507.542725
3.947474298,260102.0523,4203475.232,3507.544678
3.972941874,260102.0436,4203475.208,3507.548584
3.99840945,260102.0349,4203475.184,3507.556396
4.023877026,260102.0262,4203475.16,3507.562988
4.049344603,260102.0175,4203475.136,3507.568848
4.074812179,260102.0088,4203475.112,3507.577148
4.100279755,260102.0001,4203475.088,3507.582764
4.125747331,260101.9914,4203475.064,3507.59082
4.151214907,260101.9827,4203475.04,3507.594727
4.176682483,260101.974,4203475.016,3507.598145
4.202150059,260101.9653,4203474.992,3507.602295
4.227617635,260101.9566,4203474.968,3507.604736
4.253085212,260101.9479,4203474.944,3507.607178
4.278552788,260101.9392,4203474.92,3507.610596
4.304020364,260101.9305,4203474.897,3507.612549
4.32948794,260101.9218,4203474.873,3507.615479
4.354955516,260101.9131,4203474.849,3507.618652
4.380423092,260101.9044,4203474.825,3507.623779
4.405890668,260101.8957,4203474.801,3507.63208
4.431358244,260101.887,4203474.777,3507.64209
4.45682582,260101.8783,4203474.753,3507.6521
4.482293397,260101.8696,4203474.729,3507.659424
4.507760973,260101.8608,4203474.705,3507.662354
4.533228549,260101.8521,4203474.681,3507.663818
4.558696125,260101.8434,4203474.657,3507.666016
4.584163701,260101.8347,4203474.633,3507.667969
4.609631277,260101.826,4203474.609,3507.669922
4.635098853,260101.8173,4203474.585,3507.670654
4.660566429,260101.8086,4203474.561,3507.671631
4.686034006,260101.7999,4203474.538,3507.672363
4.711501582,260101.7912,4203474.514,3507.67334
4.736969158,260101.7825,4203474.49,3507.674072
4.762436734,260101.7738,4203474.466,3507.674561
4.78790431,260101.7651,4203474.442,3507.675049
4.813371886,260101.7564,4203474.418,3507.676514
4.838839462,260101.7477,4203474.394,3507.679932
4.864307038,260101.739,4203474.37,3507.685303
4.889774614,260101.7303,4203474.346,3507.689209
4.915242191,260101.7216,4203474.322,3507.692627
4.940709767,260101.7129,4203474.298,3507.694824
4.966177343,260101.7042,4203474.274,3507.695801
4.991644919,260101.6955,4203474.25,3507.698242
5.017112495,260101.6868,4203474.226,3507.700195
5.042580071,260101.6781,4203474.202,3507.700928
5.068047647,260101.6694,4203474.178,3507.702393
5.093515223,260101.6607,4203474.155,3507.703613
5.1189828,260101.652,4203474.131,3507.704346
5.144450376,260101.6433,4203474.107,3507.705322
5.169917952,260101.6346,4203474.083,3507.705566
5.195385528,260101.6259,4203474.059,3507.706787
5.220853104,260101.6172,4203474.035,3507.708008
5.24632068,260101.6085,4203474.011,3507.708252
5.271788256,260101.5997,4203473.987,3507.709473
5.297255832,260101.591,4203473.963,3507.711182
5.322723408,260101.5823,4203473.939,3507.711426
5.348190985,260101.5736,4203473.915,3507.714111
5.373658561,260101.5649,4203473.891,3507.717529
5.399126137,260101.5562,4203473.867,3507.719238
5.424593713,260101.5475,4203473.843,3507.722168
5.450061289,260101.5388,4203473.819,3507.723389
5.475528865,260101.5301,4203473.796,3507.72583
5.500996441,260101.5214,4203473.772,3507.728027
5.526464017,260101.5127,4203473.748,3507.72876
5.551931594,260101.504,4203473.724,3507.730957
5.57739917,260101.4953,4203473.7,3507.733154
5.602866746,260101.4866,4203473.676,3507.733398
5.628334322,260101.4779,4203473.652,3507.734863
5.653801898,260101.4692,4203473.628,3507.736328
5.679269474,260101.4605,4203473.604,3507.736816
5.70473705,260101.4518,4203473.58,3507.73877
5.730204626,260101.4431,4203473.556,3507.739746
5.755672202,260101.4344,4203473.532,3507.742676
5.781139779,260101.4257,4203473.508,3507.745361
5.806607355,260101.417,4203473.484,3507.747314
5.832074931,260101.4083,4203473.46,3507.749023
5.857542507,260101.3996,4203473.437,3507.750732
5.883010083,260101.3909,4203473.413,3507.751465
5.908477659,260101.3822,4203473.389,3507.753418
5.933945235,260101.3735,4203473.365,3507.755615
5.959412811,260101.3648,4203473.341,3507.755859
5.984880387,260101.3561,4203473.317,3507.757568
6.010347964,260101.3474,4203473.293,3507.757813
6.03581554,260101.3386,4203473.269,3507.759277
6.061283116,260101.3299,4203473.245,3507.760986
6.086750692,260101.3212,4203473.221,3507.760254
6.112218268,260101.3125,4203473.197,3507.761719
6.137685844,260101.3038,4203473.173,3507.763672
6.16315342,260101.2951,4203473.149,3507.761963
6.188620996,260101.2864,4203473.125,3507.763916
6.214088573,260101.2777,4203473.101,3507.765625
6.239556149,260101.269,4203473.078,3507.763672
6.265023725,260101.2603,4203473.054,3507.765137
6.290491301,260101.2516,4203473.03,3507.763184
6.315958877,260101.2429,4203473.006,3507.765381
6.341426453,260101.2342,4203472.982,3507.767822
6.366894029,260101.2255,4203472.958,3507.767578
6.392361605,260101.2168,4203472.934,3507.769531
6.417829181,260101.2081,4203472.91,3507.77124
6.443296758,260101.1994,4203472.886,3507.771484
6.468764334,260101.1907,4203472.862,3507.773438
6.49423191,260101.182,4203472.838,3507.773926
6.519699486,260101.1733,4203472.814,3507.775879
6.545167062,260101.1646,4203472.79,3507.778076
6.570634638,260101.1559,4203472.766,3507.779541
6.596102214,260101.1472,4203472.742,3507.781738
6.62156979,260101.1385,4203472.718,3507.78418
6.647037367,260101.1298,4203472.695,3507.786133
6.672504943,260101.1211,4203472.671,3507.789795
6.697972519,260101.1124,4203472.647,3507.793945
6.723440095,260101.1037,4203472.623,3507.797363
6.748907671,260101.095,4203472.599,3507.799805
6.774375247,260101.0862,4203472.575,3507.801758
6.799842823,260101.0775,4203472.551,3507.804932
6.825310399,260101.0688,4203472.527,3507.80835
6.850777975,260101.0601,4203472.503,3507.811523
6.876245552,260101.0514,4203472.479,3507.815186
6.901713128,260101.0427,4203472.455,3507.818604
6.927180704,260101.034,4203472.431,3507.821045
6.95264828,260101.0253,4203472.407,3507.823486
6.978115856,260101.0166,4203472.383,3507.825928
7.003583432,260101.0079,4203472.359,3507.829834
7.029051008,260100.9992,4203472.336,3507.833008
7.054518584,260100.9905,4203472.312,3507.843994
7.079986161,260100.9818,4203472.288,3507.849854
7.105453737,260100.9731,4203472.264,3507.856689
7.130921313,260100.9644,4203472.24,3507.871826
7.156388889,260100.9557,4203472.216,3507.87915
7.181856465,260100.947,4203472.192,3507.887695
7.207324041,260100.9383,4203472.168,3507.909424
7.232791617,260100.9296,4203472.144,3507.923828
7.258259193,260100.9209,4203472.12,3507.949463
7.283726769,260100.9122,4203472.096,3507.96875
7.309194346,260100.9035,4203472.072,3507.978271
7.334661922,260100.8948,4203472.048,3507.991455
7.360129498,260100.8861,4203472.024,3508.000977
7.385597074,260100.8774,4203472,3508.009033
7.41106465,260100.8687,4203471.977,3508.020264
7.436532226,260100.86,4203471.953,3508.028564
7.461999802,260100.8513,4203471.929,3508.039795
7.487467378,260100.8426,4203471.905,3508.062012
7.512934955,260100.8339,4203471.881,3508.083008
7.538402531,260100.8251,4203471.857,3508.105469
7.563870107,260100.8164,4203471.833,3508.143799
7.589337683,260100.8077,4203471.809,3508.160645
7.614805259,260100.799,4203471.785,3508.182617
7.640272835,260100.7903,4203471.761,3508.192627
7.665740411,260100.7816,4203471.737,3508.198486
7.691207987,260100.7729,4203471.713,3508.206055
7.716675563,260100.7642,4203471.689,3508.20752
7.74214314,260100.7555,4203471.665,3508.208008
7.767610716,260100.7468,4203471.641,3508.211426
7.793078292,260100.7381,4203471.618,3508.211182
7.818545868,260100.7294,4203471.594,3508.210449
7.844013444,260100.7207,4203471.57,3508.212402
7.86948102,260100.712,4203471.546,3508.211426
7.894948596,260100.7033,4203471.522,3508.212402
7.920416172,260100.6946,4203471.498,3508.210693
7.945883748,260100.6859,4203471.474,3508.207275
7.971351325,260100.6772,4203471.45,3508.202881
7.996818901,260100.6685,4203471.426,3508.19751
8.022286477,260100.6598,4203471.402,3508.191162
8.047754053,260100.6511,4203471.378,3508.183105
8.073221629,260100.6424,4203471.354,3508.174316
8.098689205,260100.6337,4203471.33,3508.162354
8.124156781,260100.625,4203471.306,3508.148682
8.149624357,260100.6163,4203471.282,3508.140625
8.175091934,260100.6076,4203471.259,3508.134277
8.20055951,260100.5989,4203471.235,3508.130371
8.226027086,260100.5902,4203471.211,3508.126465
8.251494662,260100.5815,4203471.187,3508.118652
8.276962238,260100.5728,4203471.163,3508.110352
8.302429814,260100.564,4203471.139,3508.101074
8.32789739,260100.5553,4203471.115,3508.087158
8.353364966,260100.5466,4203471.091,3508.074707
8.378832542,260100.5379,4203471.067,3508.06543
8.404300119,260100.5292,4203471.043,3508.061523
8.429767695,260100.5205,4203471.019,3508.05957
8.455235271,260100.5118,4203470.995,3508.059326
8.480702847,260100.5031,4203470.971,3508.058838
8.506170423,260100.4944,4203470.947,3508.058594
8.531637999,260100.4857,4203470.923,3508.059326
8.557105575,260100.477,4203470.899,3508.059814
8.582573151,260100.4683,4203470.876,3508.060547
8.608040728,260100.4596,4203470.852,3508.062744
8.633508304,260100.4509,4203470.828,3508.064209
8.65897588,260100.4422,4203470.804,3508.066162
8.684443456,260100.4335,4203470.78,3508.071289
8.709911032,260100.4248,4203470.756,3508.077881
8.735378608,260100.4161,4203470.732,3508.088379
8.760846184,260100.4074,4203470.708,3508.094971
8.78631376,260100.3987,4203470.684,3508.099854
8.811781336,260100.39,4203470.66,3508.104248
8.837248913,260100.3813,4203470.636,3508.107178
8.862716489,260100.3726,4203470.612,3508.109131
8.888184065,260100.3639,4203470.588,3508.112305
8.913651641,260100.3552,4203470.564,3508.114746
8.939119217,260100.3465,4203470.54,3508.117676
8.964586793,260100.3378,4203470.517,3508.120117
8.990054369,260100.3291,4203470.493,3508.122314
9.015521945,260100.3204,4203470.469,3508.124268
9.040989522,260100.3117,4203470.445,3508.126465
9.066457098,260100.3029,4203470.421,3508.128418
9.091924674,260100.2942,4203470.397,3508.130371
9.11739225,260100.2855,4203470.373,3508.131592
9.142859826,260100.2768,4203470.349,3508.133057
9.168327402,260100.2681,4203470.325,3508.137695
9.193794978,260100.2594,4203470.301,3508.141602
9.219262554,260100.2507,4203470.277,3508.148682
9.24473013,260100.242,4203470.253,3508.152344
9.272840199,260100.2272,4203470.229,3508.156006
9.300950267,260100.2124,4203470.205,3508.157227
9.329060335,260100.1976,4203470.182,3508.159668
9.357170404,260100.1828,4203470.158,3508.162109
9.385280472,260100.168,4203470.134,3508.168945
9.41339054,260100.1531,4203470.11,3508.176758
9.441500608,260100.1383,4203470.086,3508.182617
9.469610677,260100.1235,4203470.062,3508.189941
9.497720745,260100.1087,4203470.038,3508.194092
9.525830813,260100.0939,4203470.014,3508.202148
9.553940881,260100.0791,4203469.99,3508.209473
9.58205095,260100.0643,4203469.967,3508.213135
9.610161018,260100.0495,4203469.943,3508.218262
9.638271086,260100.0347,4203469.919,3508.221924
9.666381155,260100.0198,4203469.895,3508.224609
9.694491223,260100.005,4203469.871,3508.231445
9.722601291,260099.9902,4203469.847,3508.236328
9.750711359,260099.9754,4203469.823,3508.245117
9.778821428,260099.9606,4203469.799,3508.255371
9.806931496,260099.9458,4203469.775,3508.262207
9.835041564,260099.931,4203469.752,3508.280273
9.863151632,260099.9162,4203469.728,3508.300049
9.891261701,260099.9013,4203469.704,3508.308105
9.919371769,260099.8865,4203469.68,3508.327148
9.947481837,260099.8717,4203469.656,3508.335938
9.975591906,260099.8569,4203469.632,3508.362793
10.00370197,260099.8421,4203469.608,3508.391846
10.03181204,260099.8273,4203469.584,3508.400879
10.05992211,260099.8125,4203469.56,3508.42627
10.08803218,260099.7977,4203469.537,3508.432373
10.11614225,260099.7828,4203469.513,3508.452881
10.14425232,260099.768,4203469.489,3508.467285
10.17236238,260099.7532,4203469.465,3508.469482
10.20047245,260099.7384,4203469.441,3508.476318
10.22858252,260099.7236,4203469.417,3508.484619
10.25669259,260099.7088,4203469.393,3508.485352
10.28480266,260099.694,4203469.369,3508.495605
10.31291272,260099.6792,4203469.345,3508.49585
10.34102279,260099.6643,4203469.322,3508.505127
10.36913286,260099.6495,4203469.298,3508.514404
10.39724293,260099.6347,4203469.274,3508.514648
10.425353,260099.6199,4203469.25,3508.524902
10.45346307,260099.6051,4203469.226,3508.534424
10.48157313,260099.5903,4203469.202,3508.536377
10.5096832,260099.5755,4203469.178,3508.544922
10.53779327,260099.5607,4203469.154,3508.548584
10.56590334,260099.5458,4203469.13,3508.556641
10.59401341,260099.531,4203469.107,3508.560791
10.62212348,260099.5162,4203469.083,3508.562988
10.65023354,260099.5014,4203469.059,3508.567627
10.67834361,260099.4866,4203469.035,3508.573486
10.70645368,260099.4718,4203469.011,3508.577637
10.73456375,260099.457,4203468.987,3508.586914
10.76267382,260099.4422,4203468.963,3508.592285
10.79078389,260099.4273,4203468.939,3508.601807
10.81889395,260099.4125,4203468.915,3508.612793
10.84700402,260099.3977,4203468.891,3508.619385
10.87511409,260099.3829,4203468.868,3508.633789
10.90322416,260099.3681,4203468.844,3508.640869
10.93133423,260099.3533,4203468.82,3508.65332
10.9594443,260099.3385,4203468.796,3508.662598
10.98755436,260099.3237,4203468.772,3508.66748
11.01566443,260099.3088,4203468.748,3508.677734
11.0437745,260099.294,4203468.724,3508.689453
11.07188457,260099.2792,4203468.7,3508.695557
11.09999464,260099.2644,4203468.676,3508.703857
11.1281047,260099.2496,4203468.653,3508.70874
11.15621477,260099.2348,4203468.629,3508.717285
11.18432484,260099.22,4203468.605,3508.7229
11.21243491,260099.2052,4203468.581,3508.725342
11.24054498,260099.1903,4203468.557,3508.733398
11.26865505,260099.1755,4203468.533,3508.744385
11.29676511,260099.1607,4203468.509,3508.749268
11.32487518,260099.1459,4203468.485,3508.75708
11.35298525,260099.1311,4203468.461,3508.76001
11.38109532,260099.1163,4203468.438,3508.766357
11.40920539,260099.1015,4203468.414,3508.773438
11.43731546,260099.0867,4203468.39,3508.77832
11.46542552,260099.0719,4203468.366,3508.787354
11.49353559,260099.057,4203468.342,3508.795898
11.52164566,260099.0422,4203468.318,3508.80249
11.54975573,260099.0274,4203468.294,3508.812012
11.5778658,260099.0126,4203468.27,3508.815918
11.60597587,260098.9978,4203468.246,3508.820801
11.63408593,260098.983,4203468.223,3508.825439
11.662196,260098.9682,4203468.199,3508.827393
11.69030607,260098.9534,4203468.175,3508.830078
11.71841614,260098.9385,4203468.151,3508.831543
11.74652621,260098.9237,4203468.127,3508.834473
11.77463627,260098.9089,4203468.103,3508.838379
11.80274634,260098.8941,4203468.079,3508.841553
11.83085641,260098.8793,4203468.055,3508.850098
11.85896648,260098.8645,4203468.031,3508.859619
11.88707655,260098.8497,4203468.008,3508.865234
11.91518662,260098.8349,4203467.984,3508.87915
11.94329668,260098.82,4203467.96,3508.885254
11.97140675,260098.8052,4203467.936,3508.89209
11.99951682,260098.7904,4203467.912,3508.896973
12.02762689,260098.7756,4203467.888,3508.899414
12.05573696,260098.7608,4203467.864,3508.903076
12.08384703,260098.746,4203467.84,3508.906494
12.11195709,260098.7312,4203467.816,3508.908936
12.14006716,260098.7164,4203467.793,3508.913818
12.16817723,260098.7015,4203467.769,3508.917725
12.1962873,260098.6867,4203467.745,3508.92749
12.22439737,260098.6719,4203467.721,3508.939697
12.25250744,260098.6571,4203467.697,3508.945068
12.2806175,260098.6423,4203467.673,3508.955566
12.30872757,260098.6275,4203467.649,3508.969482
12.33683764,260098.6127,4203467.625,3508.975342
12.36494771,260098.5979,4203467.601,3508.982422
12.39305778,260098.583,4203467.577,3508.986816
12.42116785,260098.5682,4203467.554,3508.992676
12.44927791,260098.5534,4203467.53,3508.995117
12.47738798,260098.5386,4203467.506,3508.996582
12.50549805,260098.5238,4203467.482,3508.999023
12.53360812,260098.509,4203467.458,3509.000244
12.56171819,260098.4942,4203467.434,3509.002197
12.58982825,260098.4794,4203467.41,3509.00415
12.61793832,260098.4645,4203467.386,3509.005371
12.64604839,260098.4497,4203467.362,3509.008545
12.67415846,260098.4349,4203467.339,3509.013428
12.70226853,260098.4201,4203467.315,3509.018066
12.7303786,260098.4053,4203467.291,3509.029541
12.75848866,260098.3905,4203467.267,3509.035645
12.78659873,260098.3757,4203467.243,3509.045898
12.8147088,260098.3609,4203467.219,3509.052246
12.84281887,260098.346,4203467.195,3509.054443
12.87092894,260098.3312,4203467.171,3509.056641
12.89903901,260098.3164,4203467.147,3509.057617
12.92714907,260098.3016,4203467.124,3509.057861
12.95525914,260098.2868,4203467.1,3509.057861
12.98336921,260098.272,4203467.076,3509.058105
13.01147928,260098.2572,4203467.052,3509.05835
13.03958935,260098.2424,4203467.028,3509.059814
13.06769942,260098.2275,4203467.004,3509.061279
13.09580948,260098.2127,4203466.98,3509.066162
13.12391955,260098.1979,4203466.956,3509.075928
13.15202962,260098.1831,4203466.932,3509.07959
13.18013969,260098.1683,4203466.909,3509.092773
13.20824976,260098.1535,4203466.885,3509.096436
13.23635982,260098.1387,4203466.861,3509.105713
13.26446989,260098.1239,4203466.837,3509.109863
13.29257996,260098.1091,4203466.813,3509.111084
13.32069003,260098.0942,4203466.789,3509.114502
13.3488001,260098.0794,4203466.765,3509.115479
13.37691017,260098.0646,4203466.741,3509.11792
13.40502023,260098.0498,4203466.717,3509.119629
13.4331303,260098.035,4203466.694,3509.119873
13.46124037,260098.0202,4203466.67,3509.120605
13.48935044,260098.0054,4203466.646,3509.12085
13.51746051,260097.9906,4203466.622,3509.121338
13.54557058,260097.9757,4203466.598,3509.121826
13.57368064,260097.9609,4203466.574,3509.122314
13.60179071,260097.9461,4203466.55,3509.123047
13.62990078,260097.9313,4203466.526,3509.124023
13.65801085,260097.9165,4203466.502,3509.125244
13.68612092,260097.9017,4203466.479,3509.126953
13.71423099,260097.8869,4203466.455,3509.128662
13.74234105,260097.8721,4203466.431,3509.130371
13.77045112,260097.8572,4203466.407,3509.13208
13.79856119,260097.8424,4203466.383,3509.134277
13.82667126,260097.8276,4203466.359,3509.136475
13.85478133,260097.8128,4203466.335,3509.140625
13.8828914,260097.798,4203466.311,3509.148438
13.91100146,260097.7832,4203466.287,3509.151123
13.93911153,260097.7684,4203466.264,3509.151367
13.9672216,260097.7536,4203466.24,3509.152832
13.99533167,260097.7387,4203466.216,3509.151855
14.02344174,260097.7239,4203466.192,3509.152832
14.0515518,260097.7091,4203466.168,3509.151855
14.07966187,260097.6943,4203466.144,3509.150635
14.10777194,260097.6795,4203466.12,3509.151367
14.13588201,260097.6647,4203466.096,3509.150146
14.16399208,260097.6499,4203466.072,3509.150635
14.19210215,260097.6351,4203466.048,3509.14917
14.22021221,260097.6202,4203466.025,3509.147217
14.24832228,260097.6054,4203466.001,3509.147461
14.27643235,260097.5906,4203465.977,3509.145752
14.30454242,260097.5758,4203465.953,3509.143799
14.33265249,260097.561,4203465.929,3509.143555
14.36076256,260097.5462,4203465.905,3509.140381
14.38887262,260097.5314,4203465.881,3509.139893
14.41698269,260097.5166,4203465.857,3509.135254
14.44509276,260097.5017,4203465.833,3509.130859
14.47320283,260097.4869,4203465.81,3509.131104
14.5013129,260097.4721,4203465.786,3509.128662
14.52942297,260097.4573,4203465.762,3509.126709
14.55753303,260097.4425,4203465.738,3509.127197
14.5856431,260097.4277,4203465.714,3509.126221
14.61375317,260097.4129,4203465.69,3509.126953
14.64186324,260097.3981,4203465.666,3509.126221
14.66997331,260097.3832,4203465.642,3509.125977
14.69808338,260097.3684,4203465.618,3509.126465
14.72619344,260097.3536,4203465.595,3509.126465
14.75430351,260097.3388,4203465.571,3509.126221
14.78241358,260097.324,4203465.547,3509.127197
14.81052365,260097.3092,4203465.523,3509.127197
14.83863372,260097.2944,4203465.499,3509.128418
14.86674378,260097.2796,4203465.475,3509.128418
14.89485385,260097.2647,4203465.451,3509.128662
14.92296392,260097.2499,4203465.427,3509.129639
14.95107399,260097.2351,4203465.403,3509.129639
14.97918406,260097.2203,4203465.38,3509.131348
15.00729413,260097.2055,4203465.356,3509.131348
15.03540419,260097.1907,4203465.332,3509.131104
15.06351426,260097.1759,4203465.308,3509.133301
15.09162433,260097.1611,4203465.284,3509.132813
15.1197344,260097.1463,4203465.26,3509.131836
15.14784447,260097.1314,4203465.236,3509.134766
15.17595454,260097.1166,4203465.212,3509.133545
15.2040646,260097.1018,4203465.188,3509.136719
15.23217467,260097.087,4203465.165,3509.13501
15.26028474,260097.0722,4203465.141,3509.133301
15.28839481,260097.0574,4203465.117,3509.137207
15.31650488,260097.0426,4203465.093,3509.135986
15.34461495,260097.0278,4203465.069,3509.134766
15.37272501,260097.0129,4203465.045,3509.139648
15.40083508,260096.9981,4203465.021,3509.138916
15.42894515,260096.9833,4203464.997,3509.143555
15.45705522,260096.9685,4203464.973,3509.143555
15.48516529,260096.9537,4203464.95,3509.144043
15.51327535,260096.9389,4203464.926,3509.14917
15.54138542,260096.9241,4203464.902,3509.149902
15.56949549,260096.9093,4203464.878,3509.150879
15.59760556,260096.8944,4203464.854,3509.155518
15.62571563,260096.8796,4203464.83,3509.157227
15.6538257,260096.8648,4203464.806,3509.163086
15.68193576,260096.85,4203464.782,3509.169434
15.71004583,260096.8352,4203464.758,3509.179932
15.7381559,260096.8204,4203464.734,3509.195557
15.76626597,260096.8056,4203464.711,3509.212402
15.79437604,260096.7908,4203464.687,3509.229004
15.82248611,260096.7759,4203464.663,3509.249512
15.85059617,260096.7611,4203464.639,3509.270264
15.87870624,260096.7463,4203464.615,3509.287354
15.90681631,260096.7315,4203464.591,3509.303467
15.93492638,260096.7167,4203464.567,3509.316895
15.96303645,260096.7019,4203464.543,3509.325928
15.99114652,260096.6871,4203464.519,3509.330811
16.01925658,260096.6723,4203464.496,3509.335693
16.04736665,260096.6574,4203464.472,3509.340332
16.07547672,260096.6426,4203464.448,3509.345459
16.10358679,260096.6278,4203464.424,3509.351563
16.13169686,260096.613,4203464.4,3509.356934
16.15980693,260096.5982,4203464.376,3509.362549
16.18791699,260096.5834,4203464.352,3509.367676
16.21602706,260096.5686,4203464.328,3509.371826
16.24413713,260096.5538,4203464.304,3509.374268
16.2722472,260096.5389,4203464.281,3509.378174
16.30035727,260096.5241,4203464.257,3509.388428
16.32846733,260096.5093,4203464.233,3509.395996
16.3565774,260096.4945,4203464.209,3509.408936
16.38468747,260096.4797,4203464.185,3509.415771
16.41279754,260096.4649,4203464.161,3509.421875
16.44090761,260096.4501,4203464.137,3509.425781
16.46901768,260096.4353,4203464.113,3509.429688
16.49712774,260096.4204,4203464.089,3509.440186
16.52523781,260096.4056,4203464.066,3509.452881
16.55334788,260096.3908,4203464.042,3509.462646
16.58145795,260096.376,4203464.018,3509.480225
16.60956802,260096.3612,4203463.994,3509.495605
16.63767809,260096.3464,4203463.97,3509.513916
16.66578815,260096.3316,4203463.946,3509.523926
16.69389822,260096.3168,4203463.922,3509.527588
16.72200829,260096.3019,4203463.898,3509.531006
16.75011836,260096.2871,4203463.874,3509.535889
16.77822843,260096.2723,4203463.851,3509.541016
16.8063385,260096.2575,4203463.827,3509.547852
16.83444856,260096.2427,4203463.803,3509.55249
16.86255863,260096.2279,4203463.779,3509.560547
16.8906687,260096.2131,4203463.755,3509.573486
16.91877877,260096.1983,4203463.731,3509.5896
16.94688884,260096.1835,4203463.707,3509.613525
16.97499891,260096.1686,4203463.683,3509.632324
17.00310897,260096.1538,4203463.659,3509.645264
17.03121904,260096.139,4203463.636,3509.65625
17.05932911,260096.1242,4203463.612,3509.661865
17.08743918,260096.1094,4203463.588,3509.66626
17.11554925,260096.0946,4203463.564,3509.670654
17.14365931,260096.0798,4203463.54,3509.675293
17.17176938,260096.065,4203463.516,3509.684082
17.19987945,260096.0501,4203463.492,3509.691162
17.22798952,260096.0353,4203463.468,3509.701904
17.25609959,260096.0205,4203463.444,3509.712158
17.28420966,260096.0057,4203463.42,3509.719482
17.31231972,260095.9909,4203463.397,3509.729248
17.34042979,260095.9761,4203463.373,3509.742188
17.36853986,260095.9613,4203463.349,3509.753906
17.39664993,260095.9465,4203463.325,3509.76123
17.42476,260095.9316,4203463.301,3509.766357
17.45287007,260095.9168,4203463.277,3509.771729
17.48098013,260095.902,4203463.253,3509.77832
17.5090902,260095.8872,4203463.229,3509.785645
17.53720027,260095.8724,4203463.205,3509.79541
17.56531034,260095.8576,4203463.182,3509.806641
17.59342041,260095.8428,4203463.158,3509.818359
17.62153048,260095.828,4203463.134,3509.837158
17.64964054,260095.8131,4203463.11,3509.856445
17.67775061,260095.7983,4203463.086,3509.878174
17.70586068,260095.7835,4203463.062,3509.89502
17.73397075,260095.7687,4203463.038,3509.904541
17.76208082,260095.7539,4203463.014,3509.912598
17.79019088,260095.7391,4203462.99,3509.919678
17.81830095,260095.7243,4203462.967,3509.922852
17.84641102,260095.7095,4203462.943,3509.928467
17.87452109,260095.6946,4203462.919,3509.929688
17.90263116,260095.6798,4203462.895,3509.934082
17.93074123,260095.665,4203462.871,3509.938965
17.95885129,260095.6502,4203462.847,3509.938965
17.98696136,260095.6354,4203462.823,3509.942139
18.01507143,260095.6206,4203462.799,3509.938965
18.0431815,260095.6058,4203462.775,3509.939209
18.07129157,260095.591,4203462.752,3509.938232
18.09940164,260095.5761,4203462.728,3509.934814
18.1275117,260095.5613,4203462.704,3509.934082
18.15562177,260095.5465,4203462.68,3509.932861
18.18373184,260095.5317,4203462.656,3509.931152
18.21184191,260095.5169,4203462.632,3509.930176
18.23995198,260095.5021,4203462.608,3509.928711
18.26806205,260095.4873,4203462.584,3509.92749
18.29617211,260095.4725,4203462.56,3509.925781
18.32428218,260095.4576,4203462.537,3509.922852
18.35239225,260095.4428,4203462.513,3509.920166
18.38050232,260095.428,4203462.489,3509.916016
18.40861239,260095.4132,4203462.465,3509.911133
18.43672246,260095.3984,4203462.441,3509.906494
18.46483252,260095.3836,4203462.417,3509.900879
18.49294259,260095.3688,4203462.393,3509.89624
18.52105266,260095.354,4203462.369,3509.893799
18.54916273,260095.3391,4203462.345,3509.889404
18.5772728,260095.3243,4203462.322,3509.889648
18.60538286,260095.3095,4203462.298,3509.890381
18.63349293,260095.2947,4203462.274,3509.887451
18.661603,260095.2799,4203462.25,3509.889648
18.68971307,260095.2651,4203462.226,3509.888184
18.71782314,260095.2503,4203462.202,3509.891357
18.74593321,260095.2355,4203462.178,3509.894287
18.77404327,260095.2206,4203462.154,3509.894287
18.80215334,260095.2058,4203462.13,3509.896973
18.83026341,260095.191,4203462.107,3509.897705
18.85837348,260095.1762,4203462.083,3509.903564
18.88648355,260095.1614,4203462.059,3509.915283
18.91459362,260095.1466,4203462.035,3509.924072
18.94270368,260095.1318,4203462.011,3509.942627
18.97081375,260095.117,4203461.987,3509.953857
18.99892382,260095.1022,4203461.963,3509.958008
19.02703389,260095.0873,4203461.939,3509.964355
19.05514396,260095.0725,4203461.915,3509.969482
19.08325403,260095.0577,4203461.891,3509.97876
19.11136409,260095.0429,4203461.868,3509.986328
19.13947416,260095.0281,4203461.844,3509.993896
19.16758423,260095.0133,4203461.82,3510.015869
19.1956943,260094.9985,4203461.796,3510.039063
19.22380437,260094.9837,4203461.772,3510.052002
19.25191444,260094.9688,4203461.748,3510.070557
19.2800245,260094.954,4203461.724,3510.081787
19.30813457,260094.9392,4203461.7,3510.107178
19.33624464,260094.9244,4203461.676,3510.146484
19.36435471,260094.9096,4203461.653,3510.170898
19.39246478,260094.8948,4203461.629,3510.197754
19.42057484,260094.88,4203461.605,3510.223877
19.44868491,260094.8652,4203461.581,3510.236328
19.47679498,260094.8503,4203461.557,3510.260498
19.50490505,260094.8355,4203461.533,3510.273193
19.53301512,260094.8207,4203461.509,3510.294434
19.56112519,260094.8059,4203461.485,3510.309082
19.58923525,260094.7911,4203461.461,3510.318848
19.61734532,260094.7763,4203461.438,3510.337891
19.64545539,260094.7615,4203461.414,3510.351074
19.67356546,260094.7467,4203461.39,3510.375
19.70167553,260094.7318,4203461.366,3510.407715
19.7297856,260094.717,4203461.342,3510.428711
19.75789566,260094.7022,4203461.318,3510.459717
19.78600573,260094.6874,4203461.294,3510.485352
19.8141158,260094.6726,4203461.27,3510.498291
19.84222587,260094.6578,4203461.246,3510.515869
19.87033594,260094.643,4203461.223,3510.526611
19.89844601,260094.6282,4203461.199,3510.542236
19.92655607,260094.6133,4203461.175,3510.555664
19.95466614,260094.5985,4203461.151,3510.562988
19.98277621,260094.5837,4203461.127,3510.575928
20.01088628,260094.5689,4203461.103,3510.593018
20.03899635,260094.5541,4203461.079,3510.607178
20.06710641,260094.5393,4203461.055,3510.638428
20.09521648,260094.5245,4203461.031,3510.666748
20.12332655,260094.5097,4203461.008,3510.717285
20.15143662,260094.4948,4203460.984,3510.757568
20.17954669,260094.48,4203460.96,3510.777588
20.20765676,260094.4652,4203460.936,3510.805664
20.23576682,260094.4504,4203460.912,3510.827148
20.26387689,260094.4356,4203460.888,3510.834717
20.29198696,260094.4208,4203460.864,3510.84668
20.32009703,260094.406,4203460.84,3510.851563
20.3482071,260094.3912,4203460.816,3510.858154
20.37631717,260094.3763,4203460.793,3510.865234
20.40442723,260094.3615,4203460.769,3510.869873
20.4325373,260094.3467,4203460.745,3510.882813
20.46064737,260094.3319,4203460.721,3510.893311
20.48875744,260094.3171,4203460.697,3510.914063
20.51686751,260094.3023,4203460.673,3510.945068
20.54497758,260094.2875,4203460.649,3510.961182
20.57308764,260094.2727,4203460.625,3510.977539
20.60119771,260094.2578,4203460.601,3510.994629
20.62930778,260094.243,4203460.577,3511.006348
20.65741785,260094.2282,4203460.554,3511.033203
20.68552792,260094.2134,4203460.53,3511.054932
20.71363799,260094.1986,4203460.506,3511.09668
20.74174805,260094.1838,4203460.482,3511.134766
20.76985812,260094.169,4203460.458,3511.152588
20.79796819,260094.1542,4203460.434,3511.174316
20.82607826,260094.1394,4203460.41,3511.196533
20.85418833,260094.1245,4203460.386,3511.20752
20.88229839,260094.1097,4203460.362,3511.221191
20.91040846,260094.0949,4203460.339,3511.233398
20.93851853,260094.0801,4203460.315,3511.261475
20.9666286,260094.0653,4203460.291,3511.299316
20.99473867,260094.0505,4203460.267,3511.326904
21.02284874,260094.0357,4203460.243,3511.362793
21.0509588,260094.0209,4203460.219,3511.388672
21.07906887,260094.006,4203460.195,3511.401123
21.10717894,260093.9912,4203460.171,3511.412109
21.13528901,260093.9764,4203460.147,3511.417969
21.16339908,260093.9616,4203460.124,3511.432617
21.19150915,260093.9468,4203460.1,3511.457764
21.21961921,260093.932,4203460.076,3511.482178
21.24772928,260093.9172,4203460.052,3511.511475
21.27583935,260093.9024,4203460.028,3511.531738
21.30394942,260093.8875,4203460.004,3511.55835
21.33205949,260093.8727,4203459.98,3511.579102
21.36016956,260093.8579,4203459.956,3511.593262
21.38827962,260093.8431,4203459.932,3511.608643
21.41638969,260093.8283,4203459.909,3511.620117
21.44449976,260093.8135,4203459.885,3511.626465
21.47260983,260093.7987,4203459.861,3511.632813
21.5007199,260093.7839,4203459.837,3511.63623
21.52882996,260093.769,4203459.813,3511.640625
21.55694003,260093.7542,4203459.789,3511.646484
21.5850501,260093.7394,4203459.765,3511.652832
21.61316017,260093.7246,4203459.741,3511.664551
21.64127024,260093.7098,4203459.717,3511.681641
21.66938031,260093.695,4203459.694,3511.70459
21.69749037,260093.6802,4203459.67,3511.727051
21.72560044,260093.6654,4203459.646,3511.733398
21.75371051,260093.6505,4203459.622,3511.735596
21.78182058,260093.6357,4203459.598,3511.737305
21.80993065,260093.6209,4203459.574,3511.73877
21.83804072,260093.6061,4203459.55,3511.73999
21.86615078,260093.5913,4203459.526,3511.740967
21.89426085,260093.5765,4203459.502,3511.74292
21.92237092,260093.5617,4203459.479,3511.744385
21.95048099,260093.5469,4203459.455,3511.746338
21.97859106,260093.532,4203459.431,3511.748291
22.00670113,260093.5172,4203459.407,3511.750977
22.03481119,260093.5024,4203459.383,3511.755371
22.06292126,260093.4876,4203459.359,3511.758545
22.09103133,260093.4728,4203459.335,3511.762207
22.1191414,260093.458,4203459.311,3511.766602
22.14725147,260093.4432,4203459.287,3511.770508
22.17536154,260093.4284,4203459.263,3511.776123
22.2034716,260093.4135,4203459.24,3511.783203
22.23158167,260093.3987,4203459.216,3511.78833
22.25969174,260093.3839,4203459.192,3511.790283
22.28780181,260093.3691,4203459.168,3511.793457
22.31591188,260093.3543,4203459.144,3511.796387
22.34402194,260093.3395,4203459.12,3511.806152
22.37213201,260093.3247,4203459.096,3511.817627
22.40024208,260093.3099,4203459.072,3511.824463
22.42835215,260093.295,4203459.048,3511.834961
22.45646222,260093.2802,4203459.025,3511.844727
22.48457229,260093.2654,4203459.001,3511.850586
22.51268235,260093.2506,4203458.977,3511.85791
22.54079242,260093.2358,4203458.953,3511.86377
22.56890249,260093.221,4203458.929,3511.869629
22.59701256,260093.2062,4203458.905,3511.875
22.62512263,260093.1914,4203458.881,3511.880371
22.6532327,260093.1766,4203458.857,3511.88916
22.68134276,260093.1617,4203458.833,3511.899902
22.70945283,260093.1469,4203458.81,3511.907227
22.7375629,260093.1321,4203458.786,3511.917969
22.76567297,260093.1173,4203458.762,3511.925293
22.79378304,260093.1025,4203458.738,3511.933838
22.82189311,260093.0877,4203458.714,3511.943359
22.85000317,260093.0729,4203458.69,3511.948975
22.87811324,260093.0581,4203458.666,3511.955811
22.90622331,260093.0432,4203458.642,3511.959473
22.93433338,260093.0284,4203458.618,3511.964844
22.96244345,260093.0136,4203458.595,3511.968994
22.99055352,260092.9988,4203458.571,3511.971436
23.01866358,260092.984,4203458.547,3511.977295
23.04677365,260092.9692,4203458.523,3511.985107
23.07488372,260092.9544,4203458.499,3511.990967
23.10299379,260092.9396,4203458.475,3511.998779
23.13110386,260092.9247,4203458.451,3512.00415
23.15921392,260092.9099,4203458.427,3512.010742
23.18732399,260092.8951,4203458.403,3512.015381
23.21543406,260092.8803,4203458.38,3512.017822
23.24354413,260092.8655,4203458.356,3512.020264
23.2716542,260092.8507,4203458.332,3512.023682
23.29976427,260092.8359,4203458.308,3512.026855
23.32787433,260092.8211,4203458.284,3512.029785
23.3559844,260092.8062,4203458.26,3512.033691
23.38409447,260092.7914,4203458.236,3512.040039
23.41220454,260092.7766,4203458.212,3512.048096
23.44031461,260092.7618,4203458.188,3512.055908
23.46842468,260092.747,4203458.165,3512.062256
23.49653474,260092.7322,4203458.141,3512.065186
23.52464481,260092.7174,4203458.117,3512.06665
23.55275488,260092.7026,4203458.093,3512.068115
23.58086495,260092.6877,4203458.069,3512.070068
23.60897502,260092.6729,4203458.045,3512.071777
23.63708509,260092.6581,4203458.021,3512.073486
23.66519515,260092.6433,4203457.997,3512.075928
23.69330522,260092.6285,4203457.973,3512.077393
23.72141529,260092.6137,4203457.949,3512.080078
23.74952536,260092.5989,4203457.926,3512.081055
23.77763543,260092.5841,4203457.902,3512.082275
23.80574549,260092.5692,4203457.878,3512.085938
23.83385556,260092.5544,4203457.854,3512.087158
23.86196563,260092.5396,4203457.83,3512.089111
23.8900757,260092.5248,4203457.806,3512.093506
23.91818577,260092.51,4203457.782,3512.096436
23.94629584,260092.4952,4203457.758,3512.10083
23.9744059,260092.4804,4203457.734,3512.103027
24.00251597,260092.4656,4203457.711,3512.104492
24.03062604,260092.4507,4203457.687,3512.106445
24.05873611,260092.4359,4203457.663,3512.107666
24.08684618,260092.4211,4203457.639,3512.108643
24.11495625,260092.4063,4203457.615,3512.111328
24.14306631,260092.3915,4203457.591,3512.113037
24.17117638,260092.3767,4203457.567,3512.116455
24.19928645,260092.3619,4203457.543,3512.119385
24.22739652,260092.3471,4203457.519,3512.122559
24.25550659,260092.3322,4203457.496,3512.12793
24.28361666,260092.3174,4203457.472,3512.130127
24.31172672,260092.3026,4203457.448,3512.135742
24.33983679,260092.2878,4203457.424,3512.136963
24.36794686,260092.273,4203457.4,3512.137207
24.39605693,260092.2582,4203457.376,3512.14209
24.424167,260092.2434,4203457.352,3512.140137
24.45227707,260092.2286,4203457.328,3512.137207
24.48038713,260092.2138,4203457.304,3512.140869
24.5084972,260092.1989,4203457.281,3512.136719
24.53660727,260092.1841,4203457.257,3512.139404
24.56471734,260092.1693,4203457.233,3512.134277
24.59282741,260092.1545,4203457.209,3512.128174
24.62093747,260092.1397,4203457.185,3512.131104
24.64904754,260092.1249,4203457.161,3512.125488
24.67715761,260092.1101,4203457.137,3512.118896
24.70526768,260092.0953,4203457.113,3512.121582
24.73337775,260092.0804,4203457.089,3512.11499
24.76009036,260092.0685,4203457.066,3512.118408
24.78680298,260092.0565,4203457.042,3512.112549
24.8135156,260092.0446,4203457.018,3512.116699
24.84022821,260092.0327,4203456.994,3512.111816
24.86694083,260092.0207,4203456.97,3512.118652
24.89365345,260092.0088,4203456.946,3512.114746
24.92036606,260091.9968,4203456.922,3512.123535
24.94707868,260091.9849,4203456.898,3512.122803
24.9737913,260091.9729,4203456.874,3512.136719
25.00050391,260091.961,4203456.851,3512.140625
25.02721653,260091.949,4203456.827,3512.161621
25.05392914,260091.9371,4203456.803,3512.171875
25.08064176,260091.9251,4203456.779,3512.196289
25.10735438,260091.9132,4203456.755,3512.212646
25.13406699,260091.9012,4203456.731,3512.236572
25.16077961,260091.8893,4203456.707,3512.254883
25.18749223,260091.8774,4203456.683,3512.274658
25.21420484,260091.8654,4203456.659,3512.287842
25.24091746,260091.8535,4203456.635,3512.301025
25.26763008,260091.8415,4203456.612,3512.310547
25.29434269,260091.8296,4203456.588,3512.31958
25.32105531,260091.8176,4203456.564,3512.324219
25.34776793,260091.8057,4203456.54,3512.328857
25.37448054,260091.7937,4203456.516,3512.330078
25.40119316,260091.7818,4203456.492,3512.333008
25.42790577,260091.7698,4203456.468,3512.333984
25.45461839,260091.7579,4203456.444,3512.336914
25.48133101,260091.7459,4203456.42,3512.337158
25.50804362,260091.734,4203456.397,3512.339844
25.53475624,260091.7221,4203456.373,3512.340332
25.56146886,260091.7101,4203456.349,3512.343018
25.58818147,260091.6982,4203456.325,3512.343506
25.61489409,260091.6862,4203456.301,3512.346191
25.64160671,260091.6743,4203456.277,3512.346436
25.66831932,260091.6623,4203456.253,3512.348633
25.69503194,260091.6504,4203456.229,3512.348877
25.72174455,260091.6384,4203456.205,3512.351318
25.74845717,260091.6265,4203456.182,3512.351807
25.77516979,260091.6145,4203456.158,3512.354248
25.8018824,260091.6026,4203456.134,3512.35498
25.82859502,260091.5906,4203456.11,3512.357422
25.85530764,260091.5787,4203456.086,3512.358887
25.88202025,260091.5668,4203456.062,3512.361572
25.90873287,260091.5548,4203456.038,3512.364258
25.93544549,260091.5429,4203456.014,3512.369385
25.9621581,260091.5309,4203455.99,3512.376709
25.98887072,260091.519,4203455.966,3512.381836
26.01558334,260091.507,4203455.943,3512.387939
26.04229595,260091.4951,4203455.919,3512.393066
26.06900857,260091.4831,4203455.895,3512.400146
26.09572118,260091.4712,4203455.871,3512.404297
26.1224338,260091.4592,4203455.847,3512.409668
26.14914642,260091.4473,4203455.823,3512.413818
26.17585903,260091.4353,4203455.799,3512.418457
26.20257165,260091.4234,4203455.775,3512.42334
26.22928427,260091.4115,4203455.751,3512.429199
26.25599688,260091.3995,4203455.728,3512.436279
26.2827095,260091.3876,4203455.704,3512.447754
26.30942212,260091.3756,4203455.68,3512.463379
26.33613473,260091.3637,4203455.656,3512.488281
26.36284735,260091.3517,4203455.632,3512.511963
26.38955997,260091.3398,4203455.608,3512.541748
26.41627258,260091.3278,4203455.584,3512.560303
26.4429852,260091.3159,4203455.56,3512.583252
26.46969781,260091.3039,4203455.536,3512.594727
26.49641043,260091.292,4203455.513,3512.608398
26.52312305,260091.28,4203455.489,3512.614746
26.54983566,260091.2681,4203455.465,3512.625
26.57654828,260091.2561,4203455.441,3512.630371
26.6032609,260091.2442,4203455.417,3512.643311
26.62997351,260091.2323,4203455.393,3512.64917
26.65668613,260091.2203,4203455.369,3512.664307
26.68339875,260091.2084,4203455.345,3512.672363
26.71011136,260091.1964,4203455.321,3512.694336
26.73682398,260091.1845,4203455.297,3512.702148
26.76353659,260091.1725,4203455.274,3512.72876
26.79024921,260091.1606,4203455.25,3512.735596
26.81696183,260091.1486,4203455.226,3512.757324
26.84367444,260091.1367,4203455.202,3512.760742
26.87038706,260091.1247,4203455.178,3512.773926
26.89709968,260091.1128,4203455.154,3512.773438
26.92381229,260091.1008,4203455.13,3512.782471
26.95052491,260091.0889,4203455.106,3512.780762
26.97723753,260091.077,4203455.082,3512.787598
27.00395014,260091.065,4203455.059,3512.784912
27.03066276,260091.0531,4203455.035,3512.791016
27.05737538,260091.0411,4203455.011,3512.787354
27.08408799,260091.0292,4203454.987,3512.791748
27.11080061,260091.0172,4203454.963,3512.787109
27.13751322,260091.0053,4203454.939,3512.790283
27.16422584,260090.9933,4203454.915,3512.785156
27.19093846,260090.9814,4203454.891,3512.785889
27.21765107,260090.9694,4203454.867,3512.780273
27.24436369,260090.9575,4203454.844,3512.779541
27.27107631,260090.9455,4203454.82,3512.775879
27.29778892,260090.9336,4203454.796,3512.775391
27.32450154,260090.9217,4203454.772,3512.77417
27.35121416,260090.9097,4203454.748,3512.774414
27.37792677,260090.8978,4203454.724,3512.773926
27.40463939,260090.8858,4203454.7,3512.77417
27.43135201,260090.8739,4203454.676,3512.773926
27.45806462,260090.8619,4203454.652,3512.774658
27.48477724,260090.85,4203454.629,3512.774658
27.51148985,260090.838,4203454.605,3512.775879
27.53820247,260090.8261,4203454.581,3512.776367
27.56491509,260090.8141,4203454.557,3512.777832
27.5916277,260090.8022,4203454.533,3512.77832
27.61834032,260090.7902,4203454.509,3512.779541
27.64505294,260090.7783,4203454.485,3512.780273
27.67176555,260090.7664,4203454.461,3512.782715
27.69847817,260090.7544,4203454.437,3512.78418
27.72519079,260090.7425,4203454.413,3512.787842
27.7519034,260090.7305,4203454.39,3512.790771
27.77861602,260090.7186,4203454.366,3512.796875
27.80532863,260090.7066,4203454.342,3512.801514
27.83204125,260090.6947,4203454.318,3512.810303
27.85875387,260090.6827,4203454.294,3512.814941
27.88546648,260090.6708,4203454.27,3512.823486
27.9121791,260090.6588,4203454.246,3512.831055
27.93889172,260090.6469,4203454.222,3512.843506
27.96560433,260090.6349,4203454.198,3512.851318
27.99231695,260090.623,4203454.175,3512.864502
28.01902957,260090.6111,4203454.151,3512.876221
28.04574218,260090.5991,4203454.127,3512.889648
28.0724548,260090.5872,4203454.103,3512.89502
28.09916742,260090.5752,4203454.079,3512.902588
28.12588003,260090.5633,4203454.055,3512.907715
28.15259265,260090.5513,4203454.031,3512.915039
28.17930526,260090.5394,4203454.007,3512.919922
28.20601788,260090.5274,4203453.983,3512.927246
28.2327305,260090.5155,4203453.96,3512.930908
28.25944311,260090.5035,4203453.936,3512.935547
28.28615573,260090.4916,4203453.912,3512.940186
28.31286835,260090.4796,4203453.888,3512.94458
28.33958096,260090.4677,4203453.864,3512.949707
28.36629358,260090.4558,4203453.84,3512.956055
28.3930062,260090.4438,4203453.816,3512.961426
28.41971881,260090.4319,4203453.792,3512.966064
28.44643143,260090.4199,4203453.768,3512.969727
28.47314405,260090.408,4203453.744,3512.973877
28.49985666,260090.396,4203453.721,3512.977783
28.52656928,260090.3841,4203453.697,3512.981934
28.55328189,260090.3721,4203453.673,3512.984375
28.57999451,260090.3602,4203453.649,3512.986572
28.60670713,260090.3482,4203453.625,3512.989258
28.63341974,260090.3363,4203453.601,3512.992188
28.66013236,260090.3243,4203453.577,3512.994873
28.68684498,260090.3124,4203453.553,3512.997559
28.71355759,260090.3004,4203453.529,3513.000977
28.74027021,260090.2885,4203453.506,3513.003662
28.76698283,260090.2766,4203453.482,3513.006836
28.79369544,260090.2646,4203453.458,3513.009766
28.82040806,260090.2527,4203453.434,3513.012451
28.84712067,260090.2407,4203453.41,3513.014404
28.87383329,260090.2288,4203453.386,3513.017334
28.90054591,260090.2168,4203453.362,3513.019287
28.92725852,260090.2049,4203453.338,3513.022461
28.95397114,260090.1929,4203453.314,3513.024414
28.98068376,260090.181,4203453.291,3513.028564
29.00739637,260090.169,4203453.267,3513.032227
29.03410899,260090.1571,4203453.243,3513.03833
29.06082161,260090.1451,4203453.219,3513.04248
29.08753422,260090.1332,4203453.195,3513.048584
29.11424684,260090.1213,4203453.171,3513.05249
29.14095946,260090.1093,4203453.147,3513.058105
29.16767207,260090.0974,4203453.123,3513.06543
29.19438469,260090.0854,4203453.099,3513.073242
29.2210973,260090.0735,4203453.075,3513.080811
29.24780992,260090.0615,4203453.052,3513.085938
29.27452254,260090.0496,4203453.028,3513.089355
29.30123515,260090.0376,4203453.004,3513.093018
29.32794777,260090.0257,4203452.98,3513.095947
29.35466039,260090.0137,4203452.956,3513.099609
29.381373,260090.0018,4203452.932,3513.102783
29.40808562,260089.9898,4203452.908,3513.105713
29.43479824,260089.9779,4203452.884,3513.107422
29.46151085,260089.966,4203452.86,3513.109619
29.48822347,260089.954,4203452.837,3513.111816
29.51493608,260089.9421,4203452.813,3513.11499
29.5416487,260089.9301,4203452.789,3513.118896
29.56836132,260089.9182,4203452.765,3513.128662
29.59507393,260089.9062,4203452.741,3513.140869
29.62178655,260089.8943,4203452.717,3513.154053
29.64849917,260089.8823,4203452.693,3513.162354
29.67521178,260089.8704,4203452.669,3513.173096
29.7019244,260089.8584,4203452.645,3513.180664
29.72863702,260089.8465,4203452.622,3513.190674
29.75534963,260089.8345,4203452.598,3513.196777
29.78206225,260089.8226,4203452.574,3513.20166
29.80877487,260089.8107,4203452.55,3513.20459
29.83548748,260089.7987,4203452.526,3513.206543
29.8622001,260089.7868,4203452.502,3513.207764
29.88891271,260089.7748,4203452.478,3513.208008
29.91562533,260089.7629,4203452.454,3513.207031
29.94233795,260089.7509,4203452.43,3513.206543
29.96905056,260089.739,4203452.406,3513.204346
29.99576318,260089.727,4203452.383,3513.203125
30.0224758,260089.7151,4203452.359,3513.199707
30.04918841,260089.7031,4203452.335,3513.198486
30.07590103,260089.6912,4203452.311,3513.196045
30.10261365,260089.6792,4203452.287,3513.195313
30.12932626,260089.6673,4203452.263,3513.193359
30.15603888,260089.6554,4203452.239,3513.192139
30.1827515,260089.6434,4203452.215,3513.189941
30.20946411,260089.6315,4203452.191,3513.187744
30.23617673,260089.6195,4203452.168,3513.184814
30.26288934,260089.6076,4203452.144,3513.182129
30.28960196,260089.5956,4203452.12,3513.178711
30.31631458,260089.5837,4203452.096,3513.174316
30.34302719,260089.5717,4203452.072,3513.170654
30.36973981,260089.5598,4203452.048,3513.166504
30.39645243,260089.5478,4203452.024,3513.162354
30.42316504,260089.5359,4203452,3513.156982
30.44987766,260089.5239,4203451.976,3513.152588
30.47659028,260089.512,4203451.953,3513.148926
30.50330289,260089.5001,4203451.929,3513.145752
30.53001551,260089.4881,4203451.905,3513.143066
30.55672812,260089.4762,4203451.881,3513.140381
30.58344074,260089.4642,4203451.857,3513.138184
30.61015336,260089.4523,4203451.833,3513.136475
30.63686597,260089.4403,4203451.809,3513.135254
30.66357859,260089.4284,4203451.785,3513.134033
30.69029121,260089.4164,4203451.761,3513.132568
30.71700382,260089.4045,4203451.738,3513.131104
30.74371644,260089.3925,4203451.714,3513.12793
30.77042906,260089.3806,4203451.69,3513.125
30.79714167,260089.3686,4203451.666,3513.121094
30.82385429,260089.3567,4203451.642,3513.11792
30.85056691,260089.3448,4203451.618,3513.115479
30.87727952,260089.3328,4203451.594,3513.114258
30.90399214,260089.3209,4203451.57,3513.113525
30.93070475,260089.3089,4203451.546,3513.113281
30.95741737,260089.297,4203451.522,3513.113037
30.98412999,260089.285,4203451.499,3513.113281
31.0108426,260089.2731,4203451.475,3513.113037
31.03755522,260089.2611,4203451.451,3513.11377
31.06426784,260089.2492,4203451.427,3513.11377
31.09098045,260089.2372,4203451.403,3513.114746
31.11769307,260089.2253,4203451.379,3513.11499
31.14440569,260089.2133,4203451.355,3513.115967
31.1711183,260089.2014,4203451.331,3513.116455
31.19783092,260089.1894,4203451.307,3513.118408
31.22454354,260089.1775,4203451.284,3513.119629
31.25125615,260089.1656,4203451.26,3513.122803
31.27796877,260089.1536,4203451.236,3513.125
31.30468138,260089.1417,4203451.212,3513.131104
31.331394,260089.1297,4203451.188,3513.13501
31.35810662,260089.1178,4203451.164,3513.140869
31.38481923,260089.1058,4203451.14,3513.145264
31.41153185,260089.0939,4203451.116,3513.151367
31.43824447,260089.0819,4203451.092,3513.154541
31.46495708,260089.07,4203451.069,3513.158203
31.4916697,260089.058,4203451.045,3513.160645
31.51838232,260089.0461,4203451.021,3513.16333
31.54509493,260089.0341,4203450.997,3513.165039
31.57180755,260089.0222,4203450.973,3513.166748
31.59852016,260089.0103,4203450.949,3513.168701
31.62523278,260088.9983,4203450.925,3513.170898
31.6519454,260088.9864,4203450.901,3513.17334
31.67865801,260088.9744,4203450.877,3513.176025
31.70537063,260088.9625,4203450.853,3513.177734
31.73208325,260088.9505,4203450.83,3513.178711
31.75879586,260088.9386,4203450.806,3513.179443
31.78550848,260088.9266,4203450.782,3513.179688
31.8122211,260088.9147,4203450.758,3513.179932
31.83893371,260088.9027,4203450.734,3513.179932
31.86564633,260088.8908,4203450.71,3513.180176
31.89235895,260088.8788,4203450.686,3513.179932
31.91907156,260088.8669,4203450.662,3513.179932
31.94578418,260088.855,4203450.638,3513.179443
31.97249679,260088.843,4203450.615,3513.179443
31.99920941,260088.8311,4203450.591,3513.178955
32.02592203,260088.8191,4203450.567,3513.178955
32.05263464,260088.8072,4203450.543,3513.177979
32.07934726,260088.7952,4203450.519,3513.177734
32.10605988,260088.7833,4203450.495,3513.176514
32.13277249,260088.7713,4203450.471,3513.175537
32.15948511,260088.7594,4203450.447,3513.173096
32.18619773,260088.7474,4203450.423,3513.171875
32.21291034,260088.7355,4203450.4,3513.169678
32.23962296,260088.7235,4203450.376,3513.168701
32.26633558,260088.7116,4203450.352,3513.165039
32.29304819,260088.6997,4203450.328,3513.162354
32.31976081,260088.6877,4203450.304,3513.154785
32.34647342,260088.6758,4203450.28,3513.150879
32.37318604,260088.6638,4203450.256,3513.141602
32.39989866,260088.6519,4203450.232,3513.135986
32.42661127,260088.6399,4203450.208,3513.118408
32.45332389,260088.628,4203450.184,3513.111084
32.48003651,260088.616,4203450.161,3513.09668
32.50674912,260088.6041,4203450.137,3513.091797
32.53346174,260088.5921,4203450.113,3513.081299
32.56017436,260088.5802,4203450.089,3513.078369
32.58688697,260088.5682,4203450.065,3513.073242
32.61359959,260088.5563,4203450.041,3513.072021
32.6403122,260088.5444,4203450.017,3513.06958
32.66702482,260088.5324,4203449.993,3513.068604
32.69373744,260088.5205,4203449.969,3513.06543
32.72045005,260088.5085,4203449.946,3513.0625
32.74716267,260088.4966,4203449.922,3513.055908
32.77387529,260088.4846,4203449.898,3513.050049
32.8005879,260088.4727,4203449.874,3513.043213
32.82730052,260088.4607,4203449.85,3513.037109
32.85401314,260088.4488,4203449.826,3513.030029
32.88072575,260088.4368,4203449.802,3513.023193
32.90743837,260088.4249,4203449.778,3513.016846
32.93415099,260088.4129,4203449.754,3513.012207
32.9608636,260088.401,4203449.731,3513.007568
32.98757622,260088.3891,4203449.707,3513.003906
33.01428883,260088.3771,4203449.683,3513.000732
33.04100145,260088.3652,4203449.659,3512.99707
33.06771407,260088.3532,4203449.635,3512.993408
33.09442668,260088.3413,4203449.611,3512.989014
33.1211393,260088.3293,4203449.587,3512.984375
33.14785192,260088.3174,4203449.563,3512.978271
33.17456453,260088.3054,4203449.539,3512.969727
33.20127715,260088.2935,4203449.516,3512.961182
33.22798977,260088.2815,4203449.492,3512.949707
33.25470238,260088.2696,4203449.468,3512.938232
33.281415,260088.2576,4203449.444,3512.927734
33.30812761,260088.2457,4203449.42,3512.922119
33.33484023,260088.2337,4203449.396,3512.916748
33.36155285,260088.2218,4203449.372,3512.91333
33.38826546,260088.2099,4203449.348,3512.908447
33.41497808,260088.1979,4203449.324,3512.905518
33.4416907,260088.186,4203449.3,3512.902344
33.46840331,260088.174,4203449.277,3512.901367
33.49511593,260088.1621,4203449.253,3512.899658
33.52182855,260088.1501,4203449.229,3512.898682
33.54854116,260088.1382,4203449.205,3512.897217
33.57525378,260088.1262,4203449.181,3512.89624
33.6019664,260088.1143,4203449.157,3512.894775
33.62867901,260088.1023,4203449.133,3512.894043
33.65539163,260088.0904,4203449.109,3512.891846
33.68210424,260088.0784,4203449.085,3512.890625
33.70881686,260088.0665,4203449.062,3512.887939
33.73552948,260088.0546,4203449.038,3512.886719
33.76224209,260088.0426,4203449.014,3512.884766
33.78895471,260088.0307,4203448.99,3512.883545
33.81566733,260088.0187,4203448.966,3512.880859
33.84237994,260088.0068,4203448.942,3512.879395
33.86909256,260087.9948,4203448.918,3512.876709
33.89580518,260087.9829,4203448.894,3512.875244
33.92251779,260087.9709,4203448.87,3512.870117
33.94923041,260087.959,4203448.847,3512.864502
33.97594303,260087.947,4203448.823,3512.843994
34.00265564,260087.9351,4203448.799,3512.831299
34.02936826,260087.9231,4203448.775,3512.810547
34.05608087,260087.9112,4203448.751,3512.801025
34.08279349,260087.8993,4203448.727,3512.783447
34.10950611,260087.8873,4203448.703,3512.775146
34.13621872,260087.8754,4203448.679,3512.762451
34.16293134,260087.8634,4203448.655,3512.754883
34.18964396,260087.8515,4203448.631,3512.743652
34.21635657,260087.8395,4203448.608,3512.738037
34.24306919,260087.8276,4203448.584,3512.72998
34.26978181,260087.8156,4203448.56,3512.725342
34.29649442,260087.8037,4203448.536,3512.716797
34.32320704,260087.7917,4203448.512,3512.709961
34.34991965,260087.7798,4203448.488,3512.694824
34.37663227,260087.7678,4203448.464,3512.685547
34.40334489,260087.7559,4203448.44,3512.664795
34.4300575,260087.744,4203448.416,3512.650635
34.45677012,260087.732,4203448.393,3512.62085
34.48348274,260087.7201,4203448.369,3512.609131
34.51019535,260087.7081,4203448.345,3512.592041
34.53690797,260087.6962,4203448.321,3512.583252
34.56362059,260087.6842,4203448.297,3512.568115
34.5903332,260087.6723,4203448.273,3512.55957
34.61704582,260087.6603,4203448.249,3512.537842
34.64375844,260087.6484,4203448.225,3512.520752
34.67047105,260087.6364,4203448.201,3512.496582
34.69718367,260087.6245,4203448.178,3512.486328
34.72389628,260087.6125,4203448.154,3512.469238
34.7506089,260087.6006,4203448.13,3512.460205
34.77732152,260087.5887,4203448.106,3512.448242
34.80403413,260087.5767,4203448.082,3512.443359
34.83074675,260087.5648,4203448.058,3512.43042
34.85745937,260087.5528,4203448.034,3512.423584
34.88417198,260087.5409,4203448.01,3512.405762
34.9108846,260087.5289,4203447.986,3512.397217
34.93759722,260087.517,4203447.962,3512.374756
34.96430983,260087.505,4203447.939,3512.366943
34.99102245,260087.4931,4203447.915,3512.3479
35.01773507,260087.4811,4203447.891,3512.338867
35.04444768,260087.4692,4203447.867,3512.319336
35.0711603,260087.4572,4203447.843,3512.308594
35.09787291,260087.4453,4203447.819,3512.289307
35.12458553,260087.4334,4203447.795,3512.28418
35.15129815,260087.4214,4203447.771,3512.279785
35.17801076,260087.4095,4203447.747,3512.279541
35.20472338,260087.3975,4203447.724,3512.278076
35.231436,260087.3856,4203447.7,3512.278076
35.25814861,260087.3736,4203447.676,3512.2771
35.28486123,260087.3617,4203447.652,3512.277344
35.31157385,260087.3497,4203447.628,3512.276367
35.33828646,260087.3378,4203447.604,3512.276611
35.36499908,260087.3258,4203447.58,3512.275635
35.39171169,260087.3139,4203447.556,3512.276367
35.41842431,260087.3019,4203447.532,3512.277344
35.44513693,260087.29,4203447.509,3512.280518
35.47184954,260087.278,4203447.485,3512.283203
35.49856216,260087.2661,4203447.461,3512.2854
35.52527478,260087.2542,4203447.437,3512.287109
35.55198739,260087.2422,4203447.413,3512.28833
35.57870001,260087.2303,4203447.389,3512.289551
35.60541263,260087.2183,4203447.365,3512.290527
35.63212524,260087.2064,4203447.341,3512.29248
35.65883786,260087.1944,4203447.317,3512.294434
35.68555048,260087.1825,4203447.294,3512.297363
35.71226309,260087.1705,4203447.27,3512.299805
35.73897571,260087.1586,4203447.246,3512.302979
35.76568832,260087.1466,4203447.222,3512.306641
35.79240094,260087.1347,4203447.198,3512.3125
35.81911356,260087.1227,4203447.174,3512.315918
35.84582617,260087.1108,4203447.15,3512.320801
35.87253879,260087.0989,4203447.126,3512.324707
35.89925141,260087.0869,4203447.102,3512.332764
35.92596402,260087.075,4203447.078,3512.339355
35.95267664,260087.063,4203447.055,3512.349854
35.97938926,260087.0511,4203447.031,3512.357666
36.00610187,260087.0391,4203447.007,3512.374512
36.03281449,260087.0272,4203446.983,3512.384033
36.0595271,260087.0152,4203446.959,3512.406006
36.08623972,260087.0033,4203446.935,3512.419922
36.11295234,260086.9913,4203446.911,3512.458496
36.13966495,260086.9794,4203446.887,3512.507324
36.16637757,260086.9674,4203446.863,3512.536621
36.19309019,260086.9555,4203446.84,3512.608398
36.2198028,260086.9436,4203446.816,3512.645996
36.24651542,260086.9316,4203446.792,3512.712402
36.27322804,260086.9197,4203446.768,3512.747803
36.29994065,260086.9077,4203446.744,3512.795654
36.32665327,260086.8958,4203446.72,3512.814697
36.35336589,260086.8838,4203446.696,3512.839844
36.3800785,260086.8719,4203446.672,3512.85376
36.40679112,260086.8599,4203446.648,3512.875732
36.43350373,260086.848,4203446.625,3512.887939
36.46021635,260086.836,4203446.601,3512.908691
36.48692897,260086.8241,4203446.577,3512.921143
36.51364158,260086.8121,4203446.553,3512.941895
36.5403542,260086.8002,4203446.529,3512.953857
36.56706682,260086.7883,4203446.505,3512.977295
36.59377943,260086.7763,4203446.481,3512.990723
36.62049205,260086.7644,4203446.457,3513.015137
36.64720467,260086.7524,4203446.433,3513.027832
36.67391728,260086.7405,4203446.409,3513.056396
36.7006299,260086.7285,4203446.386,3513.07373
36.72734252,260086.7166,4203446.362,3513.123779
36.75405513,260086.7046,4203446.338,3513.159424
36.78076775,260086.6927,4203446.314,3513.212158
36.80748036,260086.6807,4203446.29,3513.237549
36.83419298,260086.6688,4203446.266,3513.28125
36.8609056,260086.6568,4203446.242,3513.299316
36.88761821,260086.6449,4203446.218,3513.332275
36.91433083,260086.633,4203446.194,3513.352051
36.94104345,260086.621,4203446.171,3513.385986
36.96775606,260086.6091,4203446.147,3513.404541
36.99446868,260086.5971,4203446.123,3513.439453
37.0211813,260086.5852,4203446.099,3513.461182
37.04789391,260086.5732,4203446.075,3513.49707
37.07460653,260086.5613,4203446.051,3513.518311
37.10131914,260086.5493,4203446.027,3513.547852
37.12803176,260086.5374,4203446.003,3513.564697
37.15474438,260086.5254,4203445.979,3513.593262
37.18145699,260086.5135,4203445.956,3513.605469
37.20816961,260086.5015,4203445.932,3513.626221
37.23488223,260086.4896,4203445.908,3513.641357
37.26159484,260086.4777,4203445.884,3513.67334
37.28830746,260086.4657,4203445.86,3513.693848
37.31502008,260086.4538,4203445.836,3513.728271
37.34173269,260086.4418,4203445.812,3513.74585
37.36844531,260086.4299,4203445.788,3513.77124
37.39515793,260086.4179,4203445.764,3513.78125
37.42187054,260086.406,4203445.74,3513.799805
37.44858316,260086.394,4203445.717,3513.808838
37.47529577,260086.3821,4203445.693,3513.829834
37.50200839,260086.3701,4203445.669,3513.840576
37.52872101,260086.3582,4203445.645,3513.857178
37.55543362,260086.3462,4203445.621,3513.863281
37.58214624,260086.3343,4203445.597,3513.875977
37.60885886,260086.3224,4203445.573,3513.882568
37.63557147,260086.3104,4203445.549,3513.891602
37.66228409,260086.2985,4203445.525,3513.895508
37.68899671,260086.2865,4203445.502,3513.90332
37.71570932,260086.2746,4203445.478,3513.908936
37.74242194,260086.2626,4203445.454,3513.921875
37.76913456,260086.2507,4203445.43,3513.931396
37.79584717,260086.2387,4203445.406,3513.945801
37.82255979,260086.2268,4203445.382,3513.951904
37.8492724,260086.2148,4203445.358,3513.964844
37.87598502,260086.2029,4203445.334,3513.970947
37.90269764,260086.1909,4203445.31,3513.982178
37.92941025,260086.179,4203445.287,3513.987549
37.95612287,260086.167,4203445.263,3513.998535
37.98283549,260086.1551,4203445.239,3514.001465
38.0095481,260086.1432,4203445.215,3514.006104
38.03626072,260086.1312,4203445.191,3514.007813
38.06297334,260086.1193,4203445.167,3514.013184
38.08968595,260086.1073,4203445.143,3514.020996
38.11639857,260086.0954,4203445.119,3514.039551
38.14311118,260086.0834,4203445.095,3514.049072
38.1698238,260086.0715,4203445.072,3514.075684
38.19653642,260086.0595,4203445.048,3514.087891
38.22324903,260086.0476,4203445.024,3514.11499
38.24996165,260086.0356,4203445,3514.121582
38.27667427,260086.0237,4203444.976,3514.125732
38.30338688,260086.0117,4203444.952,3514.12793
38.3300995,260085.9998,4203444.928,3514.135986
38.35681212,260085.9879,4203444.904,3514.142334
38.38352473,260085.9759,4203444.88,3514.159668
38.41023735,260085.964,4203444.856,3514.172363
38.43694997,260085.952,4203444.833,3514.19873
38.46366258,260085.9401,4203444.809,3514.212158
38.4903752,260085.9281,4203444.785,3514.228516
38.51708781,260085.9162,4203444.761,3514.232666
38.54380043,260085.9042,4203444.737,3514.236816
38.57051305,260085.8923,4203444.713,3514.240723
38.59722566,260085.8803,4203444.689,3514.257568
38.62393828,260085.8684,4203444.665,3514.264648
38.6506509,260085.8564,4203444.641,3514.279785
38.67736351,260085.8445,4203444.618,3514.289551
38.70407613,260085.8326,4203444.594,3514.310303
38.73078875,260085.8206,4203444.57,3514.323242
38.75750136,260085.8087,4203444.546,3514.34375
38.78421398,260085.7967,4203444.522,3514.352783
38.8109266,260085.7848,4203444.498,3514.364746
38.83763921,260085.7728,4203444.474,3514.371094
38.86435183,260085.7609,4203444.45,3514.380371
38.89106444,260085.7489,4203444.426,3514.38623
38.91777706,260085.737,4203444.403,3514.395996
38.94448968,260085.725,4203444.379,3514.401123
38.97120229,260085.7131,4203444.355,3514.409424
38.99791491,260085.7011,4203444.331,3514.412354
39.02462753,260085.6892,4203444.307,3514.418213
39.05134014,260085.6773,4203444.283,3514.421143
39.07805276,260085.6653,4203444.259,3514.431396
39.10476538,260085.6534,4203444.235,3514.437256
39.13147799,260085.6414,4203444.211,3514.452881
39.15819061,260085.6295,4203444.187,3514.45874
39.18490322,260085.6175,4203444.164,3514.473633
39.21161584,260085.6056,4203444.14,3514.479004
39.23832846,260085.5936,4203444.116,3514.490967
39.26504107,260085.5817,4203444.092,3514.495117
39.29175369,260085.5697,4203444.068,3514.502686
39.31846631,260085.5578,4203444.044,3514.504639
39.34517892,260085.5458,4203444.02,3514.509033
39.37189154,260085.5339,4203443.996,3514.511963
39.39860416,260085.522,4203443.972,3514.518555
39.42531677,260085.51,4203443.949,3514.520264
39.45202939,260085.4981,4203443.925,3514.525391
39.47874201,260085.4861,4203443.901,3514.5271
39.50545462,260085.4742,4203443.877,3514.5354
39.53216724,260085.4622,4203443.853,3514.537842
39.55887985,260085.4503,4203443.829,3514.547363
39.58559247,260085.4383,4203443.805,3514.549072
39.61230509,260085.4264,4203443.781,3514.554932
39.6390177,260085.4144,4203443.757,3514.556152
39.66573032,260085.4025,4203443.734,3514.558594
39.69244294,260085.3905,4203443.71,3514.559326
39.71915555,260085.3786,4203443.686,3514.561279
39.74586817,260085.3667,4203443.662,3514.5625
39.77258079,260085.3547,4203443.638,3514.567871
39.7992934,260085.3428,4203443.614,3514.572266
39.82600602,260085.3308,4203443.59,3514.581299
39.85271863,260085.3189,4203443.566,3514.585693
39.87943125,260085.3069,4203443.542,3514.595215
39.90614387,260085.295,4203443.518,3514.599854
39.93285648,260085.283,4203443.495,3514.608643
39.9595691,260085.2711,4203443.471,3514.61377
39.98628172,260085.2591,4203443.447,3514.626221
40.01299433,260085.2472,4203443.423,3514.632813
40.03970695,260085.2352,4203443.399,3514.649902
40.06729324,260085.2214,4203443.375,3514.657227
40.09487953,260085.2076,4203443.351,3514.675293
40.12246582,260085.1938,4203443.327,3514.680908
40.15005211,260085.18,4203443.303,3514.69873
40.17763841,260085.1662,4203443.28,3514.702637
40.2052247,260085.1524,4203443.256,3514.710693
40.23281099,260085.1386,4203443.232,3514.716064
40.26039728,260085.1248,4203443.208,3514.718262
40.28798357,260085.111,4203443.184,3514.724121
40.31556986,260085.0972,4203443.16,3514.726807
40.34315615,260085.0834,4203443.136,3514.732422
40.37074244,260085.0696,4203443.112,3514.738281
40.39832873,260085.0558,4203443.089,3514.741943
40.42591503,260085.042,4203443.065,3514.749756
40.45350132,260085.0282,4203443.041,3514.753418
40.48108761,260085.0144,4203443.017,3514.758545
40.5086739,260085.0006,4203442.993,3514.762695
40.53626019,260084.9868,4203442.969,3514.775635
40.56384648,260084.973,4203442.945,3514.79541
40.59143277,260084.9592,4203442.921,3514.810059
40.61901906,260084.9454,4203442.897,3514.834961
40.64660535,260084.9316,4203442.874,3514.852539
40.67419165,260084.9178,4203442.85,3514.879639
40.70177794,260084.904,4203442.826,3514.893311
40.72936423,260084.8902,4203442.802,3514.9104
40.75695052,260084.8764,4203442.778,3514.924805
40.78453681,260084.8626,4203442.754,3514.93335
40.8121231,260084.8488,4203442.73,3514.943115
40.83970939,260084.835,4203442.706,3514.948486
40.86729568,260084.8212,4203442.682,3514.952148
40.89488197,260084.8074,4203442.659,3514.955078
40.92246827,260084.7936,4203442.635,3514.958252
40.95005456,260084.7798,4203442.611,3514.960693
40.97764085,260084.766,4203442.587,3514.963867
41.00522714,260084.7522,4203442.563,3514.966553
41.03281343,260084.7384,4203442.539,3514.969482
41.06039972,260084.7246,4203442.515,3514.973145
41.08798601,260084.7108,4203442.491,3514.976563
41.1155723,260084.697,4203442.467,3514.97998
41.14315859,260084.6832,4203442.444,3514.982422
41.17074489,260084.6694,4203442.42,3514.985352
41.19833118,260084.6556,4203442.396,3514.986816
41.22591747,260084.6418,4203442.372,3514.989258
41.25350376,260084.628,4203442.348,3514.990479
41.28109005,260084.6142,4203442.324,3514.991211
41.30867634,260084.6004,4203442.3,3514.993652
41.33626263,260084.5866,4203442.276,3514.994141
41.36384892,260084.5728,4203442.253,3514.996338
41.39143522,260084.559,4203442.229,3514.996338
41.41902151,260084.5452,4203442.205,3514.999023
41.4466078,260084.5314,4203442.181,3514.999512
41.47419409,260084.5176,4203442.157,3515
41.50178038,260084.5038,4203442.133,3515.003418
41.52936667,260084.49,4203442.109,3515.005127
41.55695296,260084.4762,4203442.085,3515.009277
41.58453925,260084.4624,4203442.061,3515.010986
41.61212554,260084.4486,4203442.038,3515.012939
41.63971184,260084.4348,4203442.014,3515.01709
41.66729813,260084.421,4203441.99,3515.02002
41.69488442,260084.4072,4203441.966,3515.025391
41.72247071,260084.3934,4203441.942,3515.029053
41.750057,260084.3796,4203441.918,3515.033936
41.77764329,260084.3658,4203441.894,3515.037354
41.80522958,260084.352,4203441.87,3515.042236
41.83281587,260084.3382,4203441.846,3515.04834
41.86040216,260084.3244,4203441.823,3515.054688
41.88798846,260084.3106,4203441.799,3515.060059
41.91557475,260084.2968,4203441.775,3515.069092
41.94316104,260084.283,4203441.751,3515.075928
41.97074733,260084.2692,4203441.727,3515.084717
41.99833362,260084.2554,4203441.703,3515.093018
42.02591991,260084.2416,4203441.679,3515.098633
42.0535062,260084.2278,4203441.655,3515.106445
42.08109249,260084.214,4203441.631,3515.111328
42.10867878,260084.2002,4203441.608,3515.117676
42.13626508,260084.1864,4203441.584,3515.124268
42.16385137,260084.1726,4203441.56,3515.128662
42.19143766,260084.1588,4203441.536,3515.134033
42.21902395,260084.145,4203441.512,3515.137451
42.24661024,260084.1312,4203441.488,3515.141357
42.27419653,260084.1174,4203441.464,3515.144043
42.30178282,260084.1036,4203441.44,3515.147705
42.32936911,260084.0898,4203441.416,3515.151123
42.3569554,260084.076,4203441.393,3515.152832
42.3845417,260084.0622,4203441.369,3515.155029
42.41212799,260084.0484,4203441.345,3515.156494
42.43971428,260084.0346,4203441.321,3515.158447
42.46730057,260084.0208,4203441.297,3515.159912
42.49488686,260084.007,4203441.273,3515.161865
42.52247315,260083.9932,4203441.249,3515.163818
42.55005944,260083.9794,4203441.225,3515.165527
42.57764573,260083.9656,4203441.202,3515.166992
42.60523202,260083.9518,4203441.178,3515.168213
42.63281832,260083.938,4203441.154,3515.169922
42.66040461,260083.9242,4203441.13,3515.171875
42.6879909,260083.9104,4203441.106,3515.173584
42.71557719,260083.8966,4203441.082,3515.176025
42.74316348,260083.8828,4203441.058,3515.179443
42.77074977,260083.869,4203441.034,3515.182861
42.79833606,260083.8552,4203441.01,3515.186523
42.82592235,260083.8414,4203440.987,3515.191162
42.85350865,260083.8276,4203440.963,3515.195068
42.88109494,260083.8138,4203440.939,3515.19873
42.90868123,260083.8,4203440.915,3515.201172
42.93626752,260083.7862,4203440.891,3515.202881
42.96385381,260083.7724,4203440.867,3515.20459
42.9914401,260083.7586,4203440.843,3515.207031
43.01902639,260083.7448,4203440.819,3515.210205
43.04661268,260083.731,4203440.795,3515.212402
43.07419897,260083.7172,4203440.772,3515.2146
43.10178527,260083.7034,4203440.748,3515.218018
43.12937156,260083.6896,4203440.724,3515.220703
43.15695785,260083.6758,4203440.7,3515.224365
43.18454414,260083.662,4203440.676,3515.227295
43.21213043,260083.6481,4203440.652,3515.230225
43.23971672,260083.6343,4203440.628,3515.232666
43.26730301,260083.6205,4203440.604,3515.235352
43.2948893,260083.6067,4203440.58,3515.241455
43.32247559,260083.5929,4203440.557,3515.250732
43.35006189,260083.5791,4203440.533,3515.275879
43.37764818,260083.5653,4203440.509,3515.303467
43.40523447,260083.5515,4203440.485,3515.314453
43.43282076,260083.5377,4203440.461,3515.342529
43.46040705,260083.5239,4203440.437,3515.35498
43.48799334,260083.5101,4203440.413,3515.382813
43.51557963,260083.4963,4203440.389,3515.392334
43.54316592,260083.4825,4203440.366,3515.402832
43.57075221,260083.4687,4203440.342,3515.408203
43.59833851,260083.4549,4203440.318,3515.410889
43.6259248,260083.4411,4203440.294,3515.419922
43.65351109,260083.4273,4203440.27,3515.42627
43.68109738,260083.4135,4203440.246,3515.447021
43.70868367,260083.3997,4203440.222,3515.465332
43.73626996,260083.3859,4203440.198,3515.500732
43.76385625,260083.3721,4203440.174,3515.541504
43.79144254,260083.3583,4203440.151,3515.558105
43.81902883,260083.3445,4203440.127,3515.581787
43.84661513,260083.3307,4203440.103,3515.591797
43.87420142,260083.3169,4203440.079,3515.606689
43.90178771,260083.3031,4203440.055,3515.620117
43.929374,260083.2893,4203440.031,3515.625732
43.95696029,260083.2755,4203440.007,3515.635742
43.98454658,260083.2617,4203439.983,3515.641357
44.01213287,260083.2479,4203439.959,3515.649902
44.03971916,260083.2341,4203439.936,3515.654785
44.06730545,260083.2203,4203439.912,3515.664795
44.09489175,260083.2065,4203439.888,3515.674316
44.12247804,260083.1927,4203439.864,3515.680664
44.15006433,260083.1789,4203439.84,3515.69165
44.17765062,260083.1651,4203439.816,3515.698242
44.20523691,260083.1513,4203439.792,3515.71167
44.2328232,260083.1375,4203439.768,3515.720703
44.26040949,260083.1237,4203439.744,3515.735596
44.28799578,260083.1099,4203439.721,3515.750732
44.31558207,260083.0961,4203439.697,3515.758057
44.34316837,260083.0823,4203439.673,3515.770752
44.37075466,260083.0685,4203439.649,3515.7771
44.39834095,260083.0547,4203439.625,3515.784668
44.42592724,260083.0409,4203439.601,3515.788818
44.45351353,260083.0271,4203439.577,3515.79541
44.48109982,260083.0133,4203439.553,3515.80249
44.50868611,260082.9995,4203439.529,3515.809814
44.5362724,260082.9857,4203439.506,3515.824707
44.5638587,260082.9719,4203439.482,3515.835449
44.59144499,260082.9581,4203439.458,3515.85376
44.61903128,260082.9443,4203439.434,3515.87207
44.64661757,260082.9305,4203439.41,3515.88501
44.67420386,260082.9167,4203439.386,3515.912598
44.70179015,260082.9029,4203439.362,3515.932373
44.72937644,260082.8891,4203439.338,3515.96167
44.75696273,260082.8753,4203439.315,3515.981201
44.78454902,260082.8615,4203439.291,3516.021729
44.81213532,260082.8477,4203439.267,3516.057861
44.83972161,260082.8339,4203439.243,3516.077881
44.8673079,260082.8201,4203439.219,3516.118408
44.89489419,260082.8063,4203439.195,3516.145996
44.92248048,260082.7925,4203439.171,3516.189453
44.95006677,260082.7787,4203439.147,3516.209717
44.97765306,260082.7649,4203439.123,3516.249023
45.00523935,260082.7511,4203439.1,3516.28833
45.03282564,260082.7373,4203439.076,3516.305176
45.06041194,260082.7235,4203439.052,3516.333252
45.08799823,260082.7097,4203439.028,3516.34668
45.11558452,260082.6959,4203439.004,3516.376953
45.14317081,260082.6821,4203438.98,3516.405029
45.1707571,260082.6683,4203438.956,3516.415039
45.19834339,260082.6545,4203438.932,3516.438232
45.22592968,260082.6407,4203438.908,3516.446289
45.25351597,260082.6269,4203438.885,3516.463379
45.28110226,260082.6131,4203438.861,3516.466064
45.30868856,260082.5993,4203438.837,3516.469971
45.33627485,260082.5855,4203438.813,3516.472412
45.36386114,260082.5717,4203438.789,3516.472656
45.39144743,260082.5579,4203438.765,3516.473877
45.41903372,260082.5441,4203438.741,3516.473145
45.44662001,260082.5303,4203438.717,3516.473633
45.4742063,260082.5165,4203438.693,3516.4729
45.50179259,260082.5027,4203438.67,3516.473145
45.52937888,260082.4889,4203438.646,3516.4729
45.55696518,260082.4751,4203438.622,3516.472168
45.58455147,260082.4613,4203438.598,3516.472168
45.61213776,260082.4475,4203438.574,3516.471436
45.63972405,260082.4337,4203438.55,3516.471191
45.66731034,260082.4199,4203438.526,3516.470703
45.69489663,260082.4061,4203438.502,3516.470215
45.72248292,260082.3923,4203438.479,3516.469727
45.75006921,260082.3785,4203438.455,3516.46875
45.7776555,260082.3647,4203438.431,3516.467285
45.8052418,260082.3509,4203438.407,3516.46582
45.83282809,260082.3371,4203438.383,3516.461914
45.86041438,260082.3233,4203438.359,3516.455566
45.88800067,260082.3095,4203438.335,3516.450195
45.91558696,260082.2957,4203438.311,3516.440674
45.94317325,260082.2819,4203438.287,3516.434814
45.97075954,260082.2681,4203438.264,3516.426758
45.99834583,260082.2543,4203438.24,3516.424072
46.02593212,260082.2405,4203438.216,3516.422363
46.05351842,260082.2267,4203438.192,3516.421387
46.08110471,260082.2129,4203438.168,3516.420898
46.108691,260082.1991,4203438.144,3516.420654
46.13627729,260082.1853,4203438.12,3516.420654
46.16386358,260082.1715,4203438.096,3516.421387
46.19144987,260082.1577,4203438.072,3516.423096
46.21903616,260082.1439,4203438.049,3516.424072
46.24662245,260082.1301,4203438.025,3516.431396
46.27420875,260082.1163,4203438.001,3516.440186
46.30179504,260082.1025,4203437.977,3516.463379
46.32938133,260082.0887,4203437.953,3516.479248
46.35696762,260082.0749,4203437.929,3516.503174
46.38455391,260082.0611,4203437.905,3516.52124
46.4121402,260082.0473,4203437.881,3516.531494
46.43972649,260082.0335,4203437.857,3516.543945
46.46731278,260082.0197,4203437.834,3516.551514
46.49489907,260082.0059,4203437.81,3516.561035
46.52248537,260081.9921,4203437.786,3516.567627
46.55007166,260081.9783,4203437.762,3516.584717
46.57765795,260081.9645,4203437.738,3516.611084
46.60524424,260081.9507,4203437.714,3516.634521
46.63283053,260081.9368,4203437.69,3516.675049
46.66041682,260081.923,4203437.666,3516.706299
46.68800311,260081.9092,4203437.643,3516.745361
46.7155894,260081.8954,4203437.619,3516.760254
46.74317569,260081.8816,4203437.595,3516.773926
46.77076199,260081.8678,4203437.571,3516.786621
46.79834828,260081.854,4203437.547,3516.796875
46.82593457,260081.8402,4203437.523,3516.811279
46.85352086,260081.8264,4203437.499,3516.820557
46.88110715,260081.8126,4203437.475,3516.833008
46.90869344,260081.7988,4203437.451,3516.84668
46.93627973,260081.785,4203437.428,3516.858643
46.96386602,260081.7712,4203437.404,3516.882813
46.99145231,260081.7574,4203437.38,3516.898926
47.01903861,260081.7436,4203437.356,3516.917969
47.0466249,260081.7298,4203437.332,3516.925049
47.07421119,260081.716,4203437.308,3516.930176
47.10179748,260081.7022,4203437.284,3516.935791
47.12938377,260081.6884,4203437.26,3516.938721
47.15697006,260081.6746,4203437.236,3516.942627
47.18455635,260081.6608,4203437.213,3516.944824
47.21214264,260081.647,4203437.189,3516.949463
47.23972893,260081.6332,4203437.165,3516.954346
47.26731523,260081.6194,4203437.141,3516.963623
47.29490152,260081.6056,4203437.117,3516.974854
47.32248781,260081.5918,4203437.093,3516.984375
47.3500741,260081.578,4203437.069,3517.000488
47.37766039,260081.5642,4203437.045,3517.016113
47.40524668,260081.5504,4203437.021,3517.035889
47.43283297,260081.5366,4203436.998,3517.045654
47.46041926,260081.5228,4203436.974,3517.050049
47.48800555,260081.509,4203436.95,3517.064941
47.51559185,260081.4952,4203436.926,3517.082031
47.54317814,260081.4814,4203436.902,3517.108154
47.57076443,260081.4676,4203436.878,3517.120117
47.59835072,260081.4538,4203436.854,3517.137207
47.62593701,260081.44,4203436.83,3517.150391
47.6535233,260081.4262,4203436.806,3517.156982
47.68110959,260081.4124,4203436.783,3517.165039
47.70869588,260081.3986,4203436.759,3517.168701
47.73628217,260081.3848,4203436.735,3517.171875
47.76386847,260081.371,4203436.711,3517.176514
47.79145476,260081.3572,4203436.687,3517.187012
47.81904105,260081.3434,4203436.663,3517.200684
47.84662734,260081.3296,4203436.639,3517.210693
47.87421363,260081.3158,4203436.615,3517.228271
47.90179992,260081.302,4203436.592,3517.238037
47.92938621,260081.2882,4203436.568,3517.251221
47.9569725,260081.2744,4203436.544,3517.262695
47.9845588,260081.2606,4203436.52,3517.267822
48.01214509,260081.2468,4203436.496,3517.278076
48.03973138,260081.233,4203436.472,3517.283936
48.06731767,260081.2192,4203436.448,3517.298828
48.09490396,260081.2054,4203436.424,3517.306641
48.12249025,260081.1916,4203436.4,3517.322754
48.15007654,260081.1778,4203436.377,3517.342529
48.17766283,260081.164,4203436.353,3517.351563
48.20524912,260081.1502,4203436.329,3517.365234
48.23283542,260081.1364,4203436.305,3517.369629
48.26042171,260081.1226,4203436.281,3517.373291
48.288008,260081.1088,4203436.257,3517.376221
48.31559429,260081.095,4203436.233,3517.384766
48.34318058,260081.0812,4203436.209,3517.397705
48.37076687,260081.0674,4203436.185,3517.406006
48.39835316,260081.0536,4203436.162,3517.429688
48.42593945,260081.0398,4203436.138,3517.439453
48.45352574,260081.026,4203436.114,3517.456787
48.48111204,260081.0122,4203436.09,3517.469727
48.50869833,260080.9984,4203436.066,3517.48999
48.53628462,260080.9846,4203436.042,3517.501953
48.56387091,260080.9708,4203436.018,3517.506836
48.5914572,260080.957,4203435.994,3517.512451
48.61904349,260080.9432,4203435.97,3517.519287
48.64662978,260080.9294,4203435.947,3517.529541
48.67421607,260080.9156,4203435.923,3517.539063
48.70180236,260080.9018,4203435.899,3517.547119
48.72938866,260080.888,4203435.875,3517.559082
48.75697495,260080.8742,4203435.851,3517.570557
48.78456124,260080.8604,4203435.827,3517.593262
48.81214753,260080.8466,4203435.803,3517.606201
48.83973382,260080.8328,4203435.779,3517.627197
48.86732011,260080.819,4203435.756,3517.641357
48.8949064,260080.8052,4203435.732,3517.647461
48.92249269,260080.7914,4203435.708,3517.655762
48.95007898,260080.7776,4203435.684,3517.6604
48.97766528,260080.7638,4203435.66,3517.666748
49.00525157,260080.75,4203435.636,3517.671143
49.03283786,260080.7362,4203435.612,3517.678711
49.06042415,260080.7224,4203435.588,3517.687744
49.08801044,260080.7086,4203435.564,3517.695313
49.11559673,260080.6948,4203435.541,3517.710693
49.14318302,260080.681,4203435.517,3517.721191
49.17076931,260080.6672,4203435.493,3517.740723
49.1983556,260080.6534,4203435.469,3517.769531
49.2259419,260080.6396,4203435.445,3517.79126
49.25352819,260080.6258,4203435.421,3517.828369
49.28111448,260080.612,4203435.397,3517.847168
49.30870077,260080.5982,4203435.373,3517.869629
49.33628706,260080.5844,4203435.349,3517.878174
49.36387335,260080.5706,4203435.326,3517.889648
49.39145964,260080.5568,4203435.302,3517.900146
49.41904593,260080.543,4203435.278,3517.904541
49.44663222,260080.5292,4203435.254,3517.91333
49.47421852,260080.5154,4203435.23,3517.91748
49.50180481,260080.5016,4203435.206,3517.923828
49.5293911,260080.4878,4203435.182,3517.926758
49.55697739,260080.474,4203435.158,3517.93335
49.58456368,260080.4602,4203435.134,3517.943848
49.61214997,260080.4464,4203435.111,3517.953369
49.63973626,260080.4326,4203435.087,3517.971924
49.66732255,260080.4188,4203435.063,3517.98291
49.69490885,260080.405,4203435.039,3517.997803
49.72249514,260080.3912,4203435.015,3518.009033
49.75008143,260080.3774,4203434.991,3518.013672
49.77766772,260080.3636,4203434.967,3518.02002
49.80525401,260080.3498,4203434.943,3518.025146
49.8328403,260080.336,4203434.919,3518.032471
49.86042659,260080.3222,4203434.896,3518.036377
49.88801288,260080.3084,4203434.872,3518.04248
49.91559917,260080.2946,4203434.848,3518.047363
49.94318547,260080.2808,4203434.824,3518.050537
49.97077176,260080.267,4203434.8,3518.056885
49.99835805,260080.2532,4203434.776,3518.061768
50.02594434,260080.2394,4203434.752,3518.080078
50.05353063,260080.2256,4203434.728,3518.098389
50.08111692,260080.2117,4203434.705,3518.134033
50.10870321,260080.1979,4203434.681,3518.173096
50.1362895,260080.1841,4203434.657,3518.186035
50.16387579,260080.1703,4203434.633,3518.198486
50.19146209,260080.1565,4203434.609,3518.204346
50.21904838,260080.1427,4203434.585,3518.212158
50.24663467,260080.1289,4203434.561,3518.21582
50.27422096,260080.1151,4203434.537,3518.220459
50.30180725,260080.1013,4203434.513,3518.227539
50.32939354,260080.0875,4203434.49,3518.232422
50.35697983,260080.0737,4203434.466,3518.244629
50.38456612,260080.0599,4203434.442,3518.254395
50.41215241,260080.0461,4203434.418,3518.273682
50.43973871,260080.0323,4203434.394,3518.292725
50.467325,260080.0185,4203434.37,3518.301758
50.49491129,260080.0047,4203434.346,3518.312012
50.52249758,260079.9909,4203434.322,3518.316406
50.55008387,260079.9771,4203434.298,3518.328857
50.57767016,260079.9633,4203434.275,3518.337646
50.60525645,260079.9495,4203434.251,3518.359375
50.63284274,260079.9357,4203434.227,3518.389404
50.66042903,260079.9219,4203434.203,3518.405273
50.68801533,260079.9081,4203434.179,3518.424805
50.71560162,260079.8943,4203434.155,3518.432861
50.74318791,260079.8805,4203434.131,3518.446289
50.7707742,260079.8667,4203434.107,3518.452148
50.79836049,260079.8529,4203434.083,3518.466064
50.82594678,260079.8391,4203434.06,3518.477295
50.85353307,260079.8253,4203434.036,3518.48291
50.88111936,260079.8115,4203434.012,3518.491699
50.90870565,260079.7977,4203433.988,3518.494873
50.93629195,260079.7839,4203433.964,3518.505127
50.96387824,260079.7701,4203433.94,3518.521484
50.99146453,260079.7563,4203433.916,3518.536621
51.01905082,260079.7425,4203433.892,3518.559326
51.04663711,260079.7287,4203433.869,3518.573242
51.0742234,260079.7149,4203433.845,3518.591797
51.10180969,260079.7011,4203433.821,3518.601563
51.12939598,260079.6873,4203433.797,3518.612793
51.15698227,260079.6735,4203433.773,3518.618896
51.18456857,260079.6597,4203433.749,3518.623535
51.21215486,260079.6459,4203433.725,3518.629883
51.23974115,260079.6321,4203433.701,3518.636475
51.26732744,260079.6183,4203433.677,3518.648193
51.29491373,260079.6045,4203433.654,3518.656982
51.32250002,260079.5907,4203433.63,3518.671143
51.35008631,260079.5769,4203433.606,3518.686523
51.3776726,260079.5631,4203433.582,3518.696289
51.4052589,260079.5493,4203433.558,3518.711182
51.43284519,260079.5355,4203433.534,3518.719482
51.46043148,260079.5217,4203433.51,3518.72876
51.48801777,260079.5079,4203433.486,3518.739014
51.51560406,260079.4941,4203433.462,3518.745361
51.54319035,260079.4803,4203433.439,3518.764404
51.57077664,260079.4665,4203433.415,3518.773926
51.59836293,260079.4527,4203433.391,3518.78418
51.62594922,260079.4389,4203433.367,3518.789063
51.65353552,260079.4251,4203433.343,3518.799316
51.68112181,260079.4113,4203433.319,3518.813477
51.7087081,260079.3975,4203433.295,3518.825684
51.73629439,260079.3837,4203433.271,3518.84375
51.76388068,260079.3699,4203433.247,3518.855225
51.79146697,260079.3561,4203433.224,3518.867676
51.81905326,260079.3423,4203433.2,3518.872314
51.84663955,260079.3285,4203433.176,3518.884277
51.87422584,260079.3147,4203433.152,3518.900635
51.90181214,260079.3009,4203433.128,3518.912354
51.92939843,260079.2871,4203433.104,3518.943115
51.95698472,260079.2733,4203433.08,3518.959229
51.98457101,260079.2595,4203433.056,3518.988525
52.0121573,260079.2457,4203433.033,3519.000732
52.03974359,260079.2319,4203433.009,3519.020752
52.06732988,260079.2181,4203432.985,3519.03418
52.09491617,260079.2043,4203432.961,3519.038086
52.12250246,260079.1905,4203432.937,3519.044189
52.15008876,260079.1767,4203432.913,3519.047119
52.17767505,260079.1629,4203432.889,3519.052002
52.20526134,260079.1491,4203432.865,3519.057617
52.23284763,260079.1353,4203432.841,3519.062744
52.26043392,260079.1215,4203432.818,3519.072754
52.28802021,260079.1077,4203432.794,3519.07959
52.3156065,260079.0939,4203432.77,3519.095703
52.34319279,260079.0801,4203432.746,3519.10791
52.37077908,260079.0663,4203432.722,3519.134033
52.39836538,260079.0525,4203432.698,3519.1604
52.42595167,260079.0387,4203432.674,3519.172363
52.45353796,260079.0249,4203432.65,3519.19165
52.48112425,260079.0111,4203432.626,3519.198975
52.50871054,260078.9973,4203432.603,3519.20874
52.53629683,260078.9835,4203432.579,3519.212158
52.56388312,260078.9697,4203432.555,3519.216553
52.59146941,260078.9559,4203432.531,3519.223389
52.6190557,260078.9421,4203432.507,3519.229248
52.646642,260078.9283,4203432.483,3519.241943
52.67422829,260078.9145,4203432.459,3519.248047
52.70181458,260078.9007,4203432.435,3519.260986
52.72940087,260078.8869,4203432.411,3519.277344
52.75698716,260078.8731,4203432.388,3519.286621
52.78457345,260078.8593,4203432.364,3519.310059
52.81215974,260078.8455,4203432.34,3519.325684
52.83974603,260078.8317,4203432.316,3519.355225
52.86733233,260078.8179,4203432.292,3519.36792
52.89491862,260078.8041,4203432.268,3519.386719
52.92250491,260078.7903,4203432.244,3519.403564
52.9500912,260078.7765,4203432.22,3519.413574
52.97767749,260078.7627,4203432.196,3519.430908
53.00526378,260078.7489,4203432.173,3519.439209
53.03285007,260078.7351,4203432.149,3519.452637
53.06043636,260078.7213,4203432.125,3519.46167
53.08802265,260078.7075,4203432.101,3519.478271
53.11560895,260078.6937,4203432.077,3519.496826
53.14319524,260078.6799,4203432.053,3519.510986
53.17078153,260078.6661,4203432.029,3519.535889
53.19836782,260078.6523,4203432.005,3519.548584
53.22595411,260078.6385,4203431.982,3519.568115
53.2535404,260078.6247,4203431.958,3519.593506
53.28112669,260078.6109,4203431.934,3519.609375
53.30871298,260078.5971,4203431.91,3519.631104
53.33629927,260078.5833,4203431.886,3519.63916
53.36388557,260078.5695,4203431.862,3519.653809
53.39147186,260078.5557,4203431.838,3519.66333
53.41905815,260078.5419,4203431.814,3519.676758
53.44664444,260078.5281,4203431.79,3519.68457
53.47423073,260078.5143,4203431.767,3519.687988
53.50181702,260078.5004,4203431.743,3519.693604
53.52940331,260078.4866,4203431.719,3519.698486
53.5569896,260078.4728,4203431.695,3519.712402
53.58457589,260078.459,4203431.671,3519.718506
53.61216219,260078.4452,4203431.647,3519.731689
53.63974848,260078.4314,4203431.623,3519.746094
53.66733477,260078.4176,4203431.599,3519.755371
53.69492106,260078.4038,4203431.575,3519.767334
53.72250735,260078.39,4203431.552,3519.772705
53.75208236,260078.3726,4203431.528,3519.783203
53.78165737,260078.3551,4203431.504,3519.790527
53.81123238,260078.3377,4203431.48,3519.795654
53.84080738,260078.3202,4203431.456,3519.799316
53.87038239,260078.3028,4203431.432,3519.807373
53.8999574,260078.2853,4203431.408,3519.818604
53.92953241,260078.2679,4203431.384,3519.827637
53.95910742,260078.2504,4203431.361,3519.852539
53.98868243,260078.233,4203431.337,3519.887207
54.01825744,260078.2155,4203431.313,3519.930908
54.04783245,260078.1981,4203431.289,3519.947266
54.07740745,260078.1806,4203431.265,3519.969971
54.10698246,260078.1632,4203431.241,3519.980225
54.13655747,260078.1457,4203431.217,3519.985107
54.16613248,260078.1283,4203431.193,3519.988037
54.19570749,260078.1108,4203431.17,3520
54.2252825,260078.0934,4203431.146,3520.014893
54.25485751,260078.0759,4203431.122,3520.026367
54.28443252,260078.0585,4203431.098,3520.048584
54.31400752,260078.041,4203431.074,3520.072266
54.34358253,260078.0236,4203431.05,3520.081055
54.37315754,260078.0061,4203431.026,3520.083008
54.40273255,260077.9887,4203431.002,3520.093994
54.43230756,260077.9712,4203430.978,3520.115479
54.46188257,260077.9538,4203430.955,3520.12915
54.49145758,260077.9363,4203430.931,3520.135498
54.52103259,260077.9189,4203430.907,3520.152588
54.55060759,260077.9015,4203430.883,3520.173828
54.5801826,260077.884,4203430.859,3520.193604
54.60975761,260077.8666,4203430.835,3520.206055
54.63933262,260077.8491,4203430.811,3520.221191
54.66890763,260077.8317,4203430.787,3520.231934
54.69848264,260077.8142,4203430.764,3520.236816
54.72805765,260077.7968,4203430.74,3520.24292
54.75763265,260077.7793,4203430.716,3520.249023
54.78720766,260077.7619,4203430.692,3520.25708
54.81678267,260077.7444,4203430.668,3520.263184
54.84635768,260077.727,4203430.644,3520.272461
54.87593269,260077.7095,4203430.62,3520.283936
54.9055077,260077.6921,4203430.596,3520.29834
54.93508271,260077.6746,4203430.573,3520.308105
54.96465772,260077.6572,4203430.549,3520.32666
54.99423272,260077.6397,4203430.525,3520.346191
55.02380773,260077.6223,4203430.501,3520.359619
55.05338274,260077.6048,4203430.477,3520.368408
55.08295775,260077.5874,4203430.453,3520.380127
55.11253276,260077.5699,4203430.429,3520.385498
55.14210777,260077.5525,4203430.405,3520.389893
55.17168278,260077.535,4203430.382,3520.407959
55.20125779,260077.5176,4203430.358,3520.430664
55.23083279,260077.5001,4203430.334,3520.451172
55.2604078,260077.4827,4203430.31,3520.459961
55.28998281,260077.4652,4203430.286,3520.479492
55.31955782,260077.4478,4203430.262,3520.499268
55.34913283,260077.4303,4203430.238,3520.518311
55.37870784,260077.4129,4203430.214,3520.523682
55.40828285,260077.3954,4203430.19,3520.538086
55.43785786,260077.378,4203430.167,3520.555664
55.46743286,260077.3605,4203430.143,3520.563721
55.49700787,260077.3431,4203430.119,3520.582764
55.52658288,260077.3256,4203430.095,3520.600342
55.55615789,260077.3082,4203430.071,3520.611084
55.5857329,260077.2907,4203430.047,3520.61499
55.61530791,260077.2733,4203430.023,3520.623779
55.64488292,260077.2558,4203429.999,3520.633057
55.67445793,260077.2384,4203429.976,3520.647949
55.70403293,260077.2209,4203429.952,3520.658447
55.73360794,260077.2035,4203429.928,3520.679932
55.76318295,260077.186,4203429.904,3520.701904
55.79275796,260077.1686,4203429.88,3520.727539
55.82233297,260077.1511,4203429.856,3520.73877
55.85190798,260077.1337,4203429.832,3520.758789
55.88148299,260077.1162,4203429.808,3520.774414
55.91105799,260077.0988,4203429.785,3520.779785
55.940633,260077.0813,4203429.761,3520.788086
55.97020801,260077.0639,4203429.737,3520.802734
55.99978302,260077.0464,4203429.713,3520.817871
56.02935803,260077.029,4203429.689,3520.824707
56.05893304,260077.0115,4203429.665,3520.839111
56.08850805,260076.9941,4203429.641,3520.856201
56.11808306,260076.9766,4203429.617,3520.876465
56.14765806,260076.9592,4203429.594,3520.883789
56.17723307,260076.9417,4203429.57,3520.903809
56.20680808,260076.9243,4203429.546,3520.920654
56.23638309,260076.9068,4203429.522,3520.924316
56.2659581,260076.8894,4203429.498,3520.928467
56.29553311,260076.8719,4203429.474,3520.931396
56.32510812,260076.8545,4203429.45,3520.935059
56.35468313,260076.837,4203429.426,3520.937012
56.38425813,260076.8196,4203429.402,3520.942627
56.41383314,260076.8021,4203429.379,3520.954346
56.44340815,260076.7847,4203429.355,3520.977051
56.47298316,260076.7672,4203429.331,3520.987549
56.50255817,260076.7498,4203429.307,3521.013672
56.53213318,260076.7323,4203429.283,3521.040771
56.56170819,260076.7149,4203429.259,3521.056641
56.5912832,260076.6974,4203429.235,3521.060059
56.6208582,260076.68,4203429.211,3521.068604
56.65043321,260076.6625,4203429.188,3521.074463
56.68000822,260076.6451,4203429.164,3521.076416
56.70958323,260076.6276,4203429.14,3521.082275
56.73915824,260076.6102,4203429.116,3521.088135
56.76873325,260076.5927,4203429.092,3521.093994
56.79830826,260076.5753,4203429.068,3521.097168
56.82788326,260076.5578,4203429.044,3521.111816
56.85745827,260076.5404,4203429.02,3521.125488
56.88703328,260076.5229,4203428.997,3521.137451
56.91660829,260076.5055,4203428.973,3521.141357
56.9461833,260076.488,4203428.949,3521.150879
56.97575831,260076.4706,4203428.925,3521.173584
57.00533332,260076.4531,4203428.901,3521.190186
57.03490833,260076.4357,4203428.877,3521.213379
57.06448333,260076.4182,4203428.853,3521.226807
57.09405834,260076.4008,4203428.829,3521.234375
57.12363335,260076.3833,4203428.806,3521.238281
57.15320836,260076.3659,4203428.782,3521.243408
57.18278337,260076.3484,4203428.758,3521.24585
57.21235838,260076.331,4203428.734,3521.250488
57.24193339,260076.3135,4203428.71,3521.254639
57.2715084,260076.2961,4203428.686,3521.263672
57.3010834,260076.2786,4203428.662,3521.275391
57.33065841,260076.2612,4203428.638,3521.2854
57.36023342,260076.2437,4203428.615,3521.290039
57.38980843,260076.2263,4203428.591,3521.305908
57.41938344,260076.2088,4203428.567,3521.323486
57.44895845,260076.1914,4203428.543,3521.329834
57.47853346,260076.1739,4203428.519,3521.338867
57.50810847,260076.1565,4203428.495,3521.34668
57.53768347,260076.139,4203428.471,3521.356689
57.56725848,260076.1216,4203428.447,3521.365967
57.59683349,260076.1041,4203428.423,3521.381836
57.6264085,260076.0867,4203428.4,3521.393311
57.65598351,260076.0692,4203428.376,3521.4021
57.68555852,260076.0518,4203428.352,3521.408936
57.71513353,260076.0343,4203428.328,3521.424805
57.74470853,260076.0169,4203428.304,3521.443115
57.77428354,260075.9994,4203428.28,3521.451904
57.80385855,260075.982,4203428.256,3521.467773
57.83343356,260075.9645,4203428.232,3521.479004
57.86300857,260075.9471,4203428.209,3521.485352
57.89258358,260075.9296,4203428.185,3521.488037
57.92215859,260075.9122,4203428.161,3521.495361
57.9517336,260075.8947,4203428.137,3521.505371
57.9813086,260075.8773,4203428.113,3521.516113
58.01088361,260075.8598,4203428.089,3521.520996
58.04045862,260075.8424,4203428.065,3521.535645
58.07003363,260075.8249,4203428.041,3521.552734
58.09960864,260075.8075,4203428.018,3521.572266
58.12918365,260075.79,4203427.994,3521.581787
58.15875866,260075.7726,4203427.97,3521.601318
58.18833367,260075.7551,4203427.946,3521.618408
58.21790867,260075.7377,4203427.922,3521.627686
58.24748368,260075.7202,4203427.898,3521.641846
58.27705869,260075.7028,4203427.874,3521.65332
58.3066337,260075.6853,4203427.85,3521.664795
58.33620871,260075.6679,4203427.827,3521.672363
58.36578372,260075.6504,4203427.803,3521.685303
58.39535873,260075.633,4203427.779,3521.694336
58.42493374,260075.6155,4203427.755,3521.699463
58.45450874,260075.5981,4203427.731,3521.70166
58.48408375,260075.5806,4203427.707,3521.705811
58.51365876,260075.5632,4203427.683,3521.71167
58.54323377,260075.5457,4203427.659,3521.715332
58.57280878,260075.5283,4203427.635,3521.724854
58.60238379,260075.5108,4203427.612,3521.735596
58.6319588,260075.4934,4203427.588,3521.745605
58.6615338,260075.4759,4203427.564,3521.752441
58.69110881,260075.4585,4203427.54,3521.763916
58.72068382,260075.441,4203427.516,3521.770996
58.75025883,260075.4236,4203427.492,3521.776611
58.77983384,260075.4061,4203427.468,3521.779541
58.80940885,260075.3887,4203427.444,3521.782471
58.83898386,260075.3712,4203427.421,3521.786133
58.86855887,260075.3538,4203427.397,3521.794434
58.89813387,260075.3363,4203427.373,3521.80249
58.92770888,260075.3189,4203427.349,3521.825684
58.95728389,260075.3014,4203427.325,3521.842529
58.9868589,260075.284,4203427.301,3521.848389
59.01643391,260075.2665,4203427.277,3521.856445
59.04600892,260075.2491,4203427.253,3521.860352
59.07558393,260075.2316,4203427.23,3521.86377
59.10515894,260075.2142,4203427.206,3521.866699
59.13473394,260075.1967,4203427.182,3521.878906
59.16430895,260075.1793,4203427.158,3521.897217
59.19388396,260075.1618,4203427.134,3521.912842
59.22345897,260075.1444,4203427.11,3521.916748
59.25303398,260075.1269,4203427.086,3521.918701
59.28260899,260075.1095,4203427.062,3521.924561
59.312184,260075.092,4203427.039,3521.942627
59.34175901,260075.0746,4203427.015,3521.953125
59.37133401,260075.0571,4203426.991,3521.96875
59.40090902,260075.0397,4203426.967,3521.973633
59.43048403,260075.0222,4203426.943,3521.975098
59.46005904,260075.0048,4203426.919,3521.979248
59.48963405,260074.9873,4203426.895,3521.987305
59.51920906,260074.9699,4203426.871,3522
59.54878407,260074.9524,4203426.847,3522.009277
59.57835908,260074.935,4203426.824,3522.022949
59.60793408,260074.9175,4203426.8,3522.026855
59.63750909,260074.9001,4203426.776,3522.030762
59.6670841,260074.8826,4203426.752,3522.037598
59.69665911,260074.8652,4203426.728,3522.049561
59.72623412,260074.8477,4203426.704,3522.064209
59.75580913,260074.8303,4203426.68,3522.073486
59.78538414,260074.8128,4203426.656,3522.090088
59.81495914,260074.7954,4203426.633,3522.109131
59.84453415,260074.7779,4203426.609,3522.124512
59.87410916,260074.7605,4203426.585,3522.135986
59.90368417,260074.743,4203426.561,3522.151123
59.93325918,260074.7256,4203426.537,3522.161377
59.96283419,260074.7081,4203426.513,3522.169434
59.9924092,260074.6907,4203426.489,3522.17334
60.02198421,260074.6732,4203426.465,3522.18042
60.05155921,260074.6558,4203426.442,3522.187988
60.08113422,260074.6383,4203426.418,3522.197754
60.11070923,260074.6209,4203426.394,3522.204346
60.14028424,260074.6034,4203426.37,3522.212891
60.16985925,260074.586,4203426.346,3522.221191
60.19943426,260074.5685,4203426.322,3522.227295
60.22900927,260074.5511,4203426.298,3522.233643
60.25858428,260074.5336,4203426.274,3522.241943
60.28815928,260074.5162,4203426.251,3522.249023
60.31773429,260074.4987,4203426.227,3522.261963
60.3473093,260074.4813,4203426.203,3522.280273
60.37688431,260074.4639,4203426.179,3522.287354
60.40645932,260074.4464,4203426.155,3522.293457
60.43603433,260074.429,4203426.131,3522.298828
60.46560934,260074.4115,4203426.107,3522.317139
60.49518435,260074.3941,4203426.083,3522.347168
60.52475935,260074.3766,4203426.059,3522.363281
60.55433436,260074.3592,4203426.036,3522.382813
60.58390937,260074.3417,4203426.012,3522.392578
60.61348438,260074.3243,4203425.988,3522.397461
60.64305939,260074.3068,4203425.964,3522.400146
60.6726344,260074.2894,4203425.94,3522.403564
60.70220941,260074.2719,4203425.916,3522.405273
60.73178441,260074.2545,4203425.892,3522.407715
60.76135942,260074.237,4203425.868,3522.409668
60.79093443,260074.2196,4203425.845,3522.41748
60.82050944,260074.2021,4203425.821,3522.429199
60.85008445,260074.1847,4203425.797,3522.442383
60.87965946,260074.1672,4203425.773,3522.449219
60.90923447,260074.1498,4203425.749,3522.45874
60.93880948,260074.1323,4203425.725,3522.469238
60.96838448,260074.1149,4203425.701,3522.475342
60.99795949,260074.0974,4203425.677,3522.483887
61.0275345,260074.08,4203425.654,3522.491455
61.05710951,260074.0625,4203425.63,3522.496582
61.08668452,260074.0451,4203425.606,3522.498779
61.11625953,260074.0276,4203425.582,3522.500977
61.14583454,260074.0102,4203425.558,3522.502197
61.17540955,260073.9927,4203425.534,3522.503174
61.20498455,260073.9753,4203425.51,3522.503662
61.23455956,260073.9578,4203425.486,3522.504395
61.26413457,260073.9404,4203425.463,3522.505371
61.29370958,260073.9229,4203425.439,3522.506104
61.32328459,260073.9055,4203425.415,3522.509521
61.3528596,260073.888,4203425.391,3522.513184
61.38243461,260073.8706,4203425.367,3522.516846
61.41200962,260073.8531,4203425.343,3522.518066
61.44158462,260073.8357,4203425.319,3522.520508
61.47115963,260073.8182,4203425.295,3522.522217
61.50073464,260073.8008,4203425.272,3522.52417
61.53030965,260073.7833,4203425.248,3522.524658
61.55988466,260073.7659,4203425.224,3522.526367
61.58945967,260073.7484,4203425.2,3522.527832
61.61903468,260073.731,4203425.176,3522.529297
61.64860968,260073.7135,4203425.152,3522.529785
61.67818469,260073.6961,4203425.128,3522.531006
61.7077597,260073.6786,4203425.104,3522.532227
61.73733471,260073.6612,4203425.08,3522.533203
61.76690972,260073.6437,4203425.057,3522.536865
61.79648473,260073.6263,4203425.033,3522.54126
61.82605974,260073.6088,4203425.009,3522.545898
61.85563475,260073.5914,4203424.985,3522.548584
61.88520975,260073.5739,4203424.961,3522.555908
61.91478476,260073.5565,4203424.937,3522.562988
61.94435977,260073.539,4203424.913,3522.571289
61.97393478,260073.5216,4203424.889,3522.575195
62.00350979,260073.5041,4203424.866,3522.58374
62.0330848,260073.4867,4203424.842,3522.595703
62.06265981,260073.4692,4203424.818,3522.60376
62.09223482,260073.4518,4203424.794,3522.622559
62.12180982,260073.4343,4203424.77,3522.640381
62.15138483,260073.4169,4203424.746,3522.65625
62.18095984,260073.3994,4203424.722,3522.666504
62.21053485,260073.382,4203424.698,3522.683838
62.24010986,260073.3645,4203424.675,3522.70166
62.26968487,260073.3471,4203424.651,3522.717285
62.29925988,260073.3296,4203424.627,3522.726807
62.32883489,260073.3122,4203424.603,3522.737793
62.35840989,260073.2947,4203424.579,3522.745117
62.3879849,260073.2773,4203424.555,3522.749756
62.41755991,260073.2598,4203424.531,3522.75293
62.44713492,260073.2424,4203424.507,3522.759277
62.47670993,260073.2249,4203424.484,3522.76709
62.50628494,260073.2075,4203424.46,3522.771484
62.53585995,260073.19,4203424.436,3522.781494
62.56543496,260073.1726,4203424.412,3522.792236
62.59500996,260073.1551,4203424.388,3522.804199
62.62458497,260073.1377,4203424.364,3522.810303
62.65415998,260073.1202,4203424.34,3522.822754
62.68373499,260073.1028,4203424.316,3522.834229
62.71331,260073.0853,4203424.292,3522.847168
62.74288501,260073.0679,4203424.269,3522.854736
62.77246002,260073.0504,4203424.245,3522.866211
62.80203502,260073.033,4203424.221,3522.876465
62.83161003,260073.0155,4203424.197,3522.890625
62.86118504,260072.9981,4203424.173,3522.922363
62.89076005,260072.9806,4203424.149,3522.954346
62.92033506,260072.9632,4203424.125,3522.982422
62.94991007,260072.9457,4203424.101,3522.995361
62.97948508,260072.9283,4203424.078,3523.010254
63.00906009,260072.9108,4203424.054,3523.019775
63.03863509,260072.8934,4203424.03,3523.025879
63.0682101,260072.8759,4203424.006,3523.029053
63.09778511,260072.8585,4203423.982,3523.034668
63.12736012,260072.841,4203423.958,3523.04126
63.15693513,260072.8236,4203423.934,3523.049805
63.18651014,260072.8061,4203423.91,3523.057861
63.21608515,260072.7887,4203423.887,3523.076904
63.24566016,260072.7712,4203423.863,3523.103027
63.27523516,260072.7538,4203423.839,3523.121094
63.30481017,260072.7363,4203423.815,3523.145996
63.33438518,260072.7189,4203423.791,3523.164551
63.36396019,260072.7014,4203423.767,3523.180176
63.3935352,260072.684,4203423.743,3523.188232
63.42311021,260072.6665,4203423.719,3523.19751
63.45268522,260072.6491,4203423.696,3523.205566
63.48226023,260072.6316,4203423.672,3523.2146
63.51183523,260072.6142,4203423.648,3523.22168
63.54141024,260072.5967,4203423.624,3523.231201
63.57098525,260072.5793,4203423.6,3523.242432
63.60056026,260072.5618,4203423.576,3523.25415
63.63013527,260072.5444,4203423.552,3523.264404
63.65971028,260072.5269,4203423.528,3523.273438
63.68928529,260072.5095,4203423.504,3523.281006
63.71886029,260072.492,4203423.481,3523.287109
63.7484353,260072.4746,4203423.457,3523.290771
63.77801031,260072.4571,4203423.433,3523.295654
63.80758532,260072.4397,4203423.409,3523.301025
63.83716033,260072.4222,4203423.385,3523.310303
63.86673534,260072.4048,4203423.361,3523.318115
63.89631035,260072.3873,4203423.337,3523.32666
63.92588536,260072.3699,4203423.313,3523.333252
63.95546036,260072.3524,4203423.29,3523.344238
63.98503537,260072.335,4203423.266,3523.349121
64.01461038,260072.3175,4203423.242,3523.353271
64.04418539,260072.3001,4203423.218,3523.362793
64.0737604,260072.2826,4203423.194,3523.366455
64.10333541,260072.2652,4203423.17,3523.370117
64.13291042,260072.2477,4203423.146,3523.375244
64.16248543,260072.2303,4203423.122,3523.38501
64.19206043,260072.2128,4203423.099,3523.389404
64.22163544,260072.1954,4203423.075,3523.395752
64.25121045,260072.1779,4203423.051,3523.401611
64.28078546,260072.1605,4203423.027,3523.411133
64.31036047,260072.143,4203423.003,3523.417969
64.33993548,260072.1256,4203422.979,3523.423096
64.36951049,260072.1081,4203422.955,3523.428955
64.3990855,260072.0907,4203422.931,3523.436035
64.4286605,260072.0732,4203422.908,3523.44458
64.45823551,260072.0558,4203422.884,3523.454834
64.48781052,260072.0383,4203422.86,3523.463135
64.51738553,260072.0209,4203422.836,3523.473389
64.54696054,260072.0034,4203422.812,3523.481201
64.57653555,260071.986,4203422.788,3523.488281
64.60611056,260071.9685,4203422.764,3523.493652
64.63568556,260071.9511,4203422.74,3523.502197
64.66526057,260071.9336,4203422.716,3523.51709
64.69483558,260071.9162,4203422.693,3523.533691
64.72441059,260071.8987,4203422.669,3523.543945
64.7539856,260071.8813,4203422.645,3523.558105
64.78356061,260071.8638,4203422.621,3523.570313
64.81313562,260071.8464,4203422.597,3523.576904
64.84271063,260071.8289,4203422.573,3523.588623
64.87228563,260071.8115,4203422.549,3523.596436
64.90186064,260071.794,4203422.525,3523.601074
64.93143565,260071.7766,4203422.502,3523.603027
64.96101066,260071.7591,4203422.478,3523.606445
64.99058567,260071.7417,4203422.454,3523.611084
65.02016068,260071.7242,4203422.43,3523.618164
65.04973569,260071.7068,4203422.406,3523.622803
65.0793107,260071.6893,4203422.382,3523.631592
65.1088857,260071.6719,4203422.358,3523.639893
65.13846071,260071.6544,4203422.334,3523.646729
65.16803572,260071.637,4203422.311,3523.649902
65.19761073,260071.6195,4203422.287,3523.655518
65.22718574,260071.6021,4203422.263,3523.663086
65.25676075,260071.5846,4203422.239,3523.666992
65.28633576,260071.5672,4203422.215,3523.675049
65.31591077,260071.5497,4203422.191,3523.684814
65.34548577,260071.5323,4203422.167,3523.695801
65.37506078,260071.5148,4203422.143,3523.700928
65.40463579,260071.4974,4203422.12,3523.712158
65.4342108,260071.4799,4203422.096,3523.718994
65.46378581,260071.4625,4203422.072,3523.724854
65.49336082,260071.445,4203422.048,3523.726807
65.52293583,260071.4276,4203422.024,3523.734619
65.55251084,260071.4101,4203422,3523.746094
65.58208584,260071.3927,4203421.976,3523.749512
65.61166085,260071.3752,4203421.952,3523.764648
65.64123586,260071.3578,4203421.928,3523.775879
65.67081087,260071.3403,4203421.905,3523.785156
65.70038588,260071.3229,4203421.881,3523.786377
65.72996089,260071.3054,4203421.857,3523.790527
65.7595359,260071.288,4203421.833,3523.795898
65.7891109,260071.2705,4203421.809,3523.804688
65.81868591,260071.2531,4203421.785,3523.804443
65.84826092,260071.2356,4203421.761,3523.814453
65.87783593,260071.2182,4203421.737,3523.823486
65.90741094,260071.2007,4203421.714,3523.831543
65.93698595,260071.1833,4203421.69,3523.830811
65.96656096,260071.1658,4203421.666,3523.837402
65.99613597,260071.1484,4203421.642,3523.842529
66.02571097,260071.1309,4203421.618,3523.840576
66.05528598,260071.1135,4203421.594,3523.845459
66.08486099,260071.096,4203421.57,3523.849121
66.114436,260071.0786,4203421.546,3523.852539
66.14401101,260071.0611,4203421.523,3523.848877
66.17358602,260071.0437,4203421.499,3523.853516
66.20316103,260071.0263,4203421.475,3523.861084
66.23273604,260071.0088,4203421.451,3523.870605
66.26231104,260070.9914,4203421.427,3523.868164
66.29188605,260070.9739,4203421.403,3523.878418
66.32146106,260070.9565,4203421.379,3523.886963
66.35103607,260070.939,4203421.355,3523.88623
66.38061108,260070.9216,4203421.332,3523.89502
66.41018609,260070.9041,4203421.308,3523.9021
66.4397611,260070.8867,4203421.284,3523.907471
66.46933611,260070.8692,4203421.26,3523.907715
66.49891111,260070.8518,4203421.236,3523.912109
66.52848612,260070.8343,4203421.212,3523.917725
66.55806113,260070.8169,4203421.188,3523.922119
66.58763614,260070.7994,4203421.164,3523.922852
66.61721115,260070.782,4203421.141,3523.925049
66.64678616,260070.7645,4203421.117,3523.928223
66.67636117,260070.7471,4203421.093,3523.932373
66.70593617,260070.7296,4203421.069,3523.933594
66.73551118,260070.7122,4203421.045,3523.939209
66.76508619,260070.6947,4203421.021,3523.945801
66.7946612,260070.6773,4203420.997,3523.948242
66.82423621,260070.6598,4203420.973,3523.955811
66.85381122,260070.6424,4203420.949,3523.964355
66.88338623,260070.6249,4203420.926,3523.975098
66.91296124,260070.6075,4203420.902,3523.981445
66.94253624,260070.59,4203420.878,3523.991943
66.97211125,260070.5726,4203420.854,3524.000488
67.00168626,260070.5551,4203420.83,3524.009277
67.03126127,260070.5377,4203420.806,3524.015381
67.06083628,260070.5202,4203420.782,3524.028564
67.09041129,260070.5028,4203420.758,3524.046631
67.1199863,260070.4853,4203420.735,3524.055176
67.14956131,260070.4679,4203420.711,3524.069336
67.17913631,260070.4504,4203420.687,3524.084961
67.20871132,260070.433,4203420.663,3524.099365
67.23828633,260070.4155,4203420.639,3524.106201
67.26786134,260070.3981,4203420.615,3524.116211
67.29743635,260070.3806,4203420.591,3524.123291
67.32701136,260070.3632,4203420.567,3524.129639
67.35658637,260070.3457,4203420.544,3524.132813
67.38616138,260070.3283,4203420.52,3524.140625
67.41573638,260070.3108,4203420.496,3524.14917
67.44531139,260070.2934,4203420.472,3524.165771
67.4748864,260070.2759,4203420.448,3524.172852
67.50446141,260070.2585,4203420.424,3524.186035
67.53403642,260070.241,4203420.4,3524.200195
67.56361143,260070.2236,4203420.376,3524.204834
67.59318644,260070.2061,4203420.353,3524.219238
67.62276144,260070.1887,4203420.329,3524.233398
67.65233645,260070.1712,4203420.305,3524.245605
67.68191146,260070.1538,4203420.281,3524.247559
67.71148647,260070.1363,4203420.257,3524.256348
67.74106148,260070.1189,4203420.233,3524.267334
67.77063649,260070.1014,4203420.209,3524.279541
67.8002115,260070.084,4203420.185,3524.283691
67.82978651,260070.0665,4203420.161,3524.297852
67.85936151,260070.0491,4203420.138,3524.313965
67.88893652,260070.0316,4203420.114,3524.330811
67.91851153,260070.0142,4203420.09,3524.33667
67.94808654,260069.9967,4203420.066,3524.348389
67.97766155,260069.9793,4203420.042,3524.355225
68.00723656,260069.9618,4203420.018,3524.356689
68.03681157,260069.9444,4203419.994,3524.361328
68.06638658,260069.9269,4203419.97,3524.365723
68.09596158,260069.9095,4203419.947,3524.369629
68.12553659,260069.892,4203419.923,3524.371582
68.1551116,260069.8746,4203419.899,3524.37793
68.18468661,260069.8571,4203419.875,3524.387695
68.21426162,260069.8397,4203419.851,3524.401123
68.24383663,260069.8222,4203419.827,3524.406494
68.27341164,260069.8048,4203419.803,3524.422363
68.30298665,260069.7873,4203419.779,3524.431641
68.33256165,260069.7699,4203419.756,3524.434326
68.36213666,260069.7524,4203419.732,3524.441162
68.39171167,260069.735,4203419.708,3524.446289
68.42128668,260069.7175,4203419.684,3524.453125
68.45086169,260069.7001,4203419.66,3524.456299
68.4804367,260069.6826,4203419.636,3524.462646
68.51001171,260069.6652,4203419.612,3524.472412
68.53958671,260069.6477,4203419.588,3524.490723
68.56916172,260069.6303,4203419.565,3524.501465
68.59873673,260069.6128,4203419.541,3524.527344
68.62831174,260069.5954,4203419.517,3524.551025
68.65788675,260069.5779,4203419.493,3524.575195
68.68746176,260069.5605,4203419.469,3524.582031
68.71703677,260069.543,4203419.445,3524.599854
68.74661178,260069.5256,4203419.421,3524.612549
68.77618678,260069.5081,4203419.397,3524.615967
68.80576179,260069.4907,4203419.373,3524.627686
68.8353368,260069.4732,4203419.35,3524.639893
68.86491181,260069.4558,4203419.326,3524.657715
68.89448682,260069.4383,4203419.302,3524.662842
68.92406183,260069.4209,4203419.278,3524.681396
68.95363684,260069.4034,4203419.254,3524.700684
68.98321185,260069.386,4203419.23,3524.714111
69.01278685,260069.3685,4203419.206,3524.718994
69.04236186,260069.3511,4203419.182,3524.732422
69.07193687,260069.3336,4203419.159,3524.745361
69.10151188,260069.3162,4203419.135,3524.749023
69.13108689,260069.2987,4203419.111,3524.759521
69.1606619,260069.2813,4203419.087,3524.768311
69.19023691,260069.2638,4203419.063,3524.778564
69.21981192,260069.2464,4203419.039,3524.783691
69.24938692,260069.2289,4203419.015,3524.788086
69.27896193,260069.2115,4203418.991,3524.790039
69.30853694,260069.194,4203418.968,3524.791016
69.33811195,260069.1766,4203418.944,3524.792236
69.36768696,260069.1591,4203418.92,3524.801758
69.39726197,260069.1417,4203418.896,3524.818604
69.42683698,260069.1242,4203418.872,3524.830566
69.45641199,260069.1068,4203418.848,3524.834961
69.48598699,260069.0893,4203418.824,3524.839844
69.515562,260069.0719,4203418.8,3524.84668
69.54513701,260069.0544,4203418.777,3524.852051
69.57471202,260069.037,4203418.753,3524.863525
69.60428703,260069.0195,4203418.729,3524.873779
69.63386204,260069.0021,4203418.705,3524.884277
69.66343705,260068.9846,4203418.681,3524.890137
69.69301205,260068.9672,4203418.657,3524.906006
69.72258706,260068.9497,4203418.633,3524.923828
69.75216207,260068.9323,4203418.609,3524.938232
69.78173708,260068.9148,4203418.585,3524.943359
69.81131209,260068.8974,4203418.562,3524.953613
69.8408871,260068.8799,4203418.538,3524.959961
69.87046211,260068.8625,4203418.514,3524.961914
69.90003712,260068.845,4203418.49,3524.966064
69.92961212,260068.8276,4203418.466,3524.968994
69.95918713,260068.8101,4203418.442,3524.972168
69.98876214,260068.7927,4203418.418,3524.974365
70.01833715,260068.7752,4203418.394,3524.979004
70.04791216,260068.7578,4203418.371,3524.985352
70.07748717,260068.7403,4203418.347,3524.993164
70.10706218,260068.7229,4203418.323,3524.999268
70.13663719,260068.7054,4203418.299,3525.013916
70.16621219,260068.688,4203418.275,3525.031494
70.1957872,260068.6705,4203418.251,3525.050781
70.22536221,260068.6531,4203418.227,3525.056641
70.25493722,260068.6356,4203418.203,3525.069336
70.28451223,260068.6182,4203418.18,3525.074707
70.31408724,260068.6007,4203418.156,3525.07666
70.34366225,260068.5833,4203418.132,3525.085449
70.37323726,260068.5658,4203418.108,3525.096924
70.40281226,260068.5484,4203418.084,3525.11084
70.43238727,260068.5309,4203418.06,3525.11499
70.46196228,260068.5135,4203418.036,3525.127686
70.49153729,260068.496,4203418.012,3525.138184
70.5211123,260068.4786,4203417.989,3525.14917
70.55068731,260068.4611,4203417.965,3525.150635
70.58026232,260068.4437,4203417.941,3525.1604
70.60983732,260068.4262,4203417.917,3525.171875
70.63941233,260068.4088,4203417.893,3525.173828
70.66898734,260068.3913,4203417.869,3525.185059
70.69856235,260068.3739,4203417.845,3525.19458
70.72813736,260068.3564,4203417.821,3525.203857
70.75771237,260068.339,4203417.797,3525.206787
70.78728738,260068.3215,4203417.774,3525.218994
70.81686239,260068.3041,4203417.75,3525.232666
70.84643739,260068.2866,4203417.726,3525.24585
70.8760124,260068.2692,4203417.702,3525.251465
70.90558741,260068.2517,4203417.678,3525.265137
70.93516242,260068.2343,4203417.654,3525.272217
70.96473743,260068.2168,4203417.63,3525.2771
70.99431244,260068.1994,4203417.606,3525.279785
71.02388745,260068.1819,4203417.583,3525.286621
71.05346246,260068.1645,4203417.559,3525.294678
71.08303746,260068.147,4203417.535,3525.300293
71.11261247,260068.1296,4203417.511,3525.313721
71.14218748,260068.1121,4203417.487,3525.33667
71.17176249,260068.0947,4203417.463,3525.364746
71.2013375,260068.0772,4203417.439,3525.379883
71.23091251,260068.0598,4203417.415,3525.400635
71.26048752,260068.0423,4203417.392,3525.417236
71.29006253,260068.0249,4203417.368,3525.435059
71.31963753,260068.0074,4203417.344,3525.448975
71.34921254,260067.99,4203417.32,3525.464111
71.37878755,260067.9725,4203417.296,3525.476807
71.40836256,260067.9551,4203417.272,3525.486572
71.43793757,260067.9376,4203417.248,3525.497559
71.46751258,260067.9202,4203417.224,3525.508789
71.49708759,260067.9027,4203417.201,3525.521484
71.52666259,260067.8853,4203417.177,3525.526855
71.5562376,260067.8678,4203417.153,3525.534668
71.58581261,260067.8504,4203417.129,3525.543213
71.61538762,260067.8329,4203417.105,3525.550781
71.64496263,260067.8155,4203417.081,3525.553467
71.67453764,260067.798,4203417.057,3525.55835
71.70411265,260067.7806,4203417.033,3525.563721
71.73368766,260067.7631,4203417.01,3525.570068
71.76326266,260067.7457,4203416.986,3525.573975
71.79283767,260067.7282,4203416.962,3525.580566
71.82241268,260067.7108,4203416.938,3525.587402
71.85198769,260067.6933,4203416.914,3525.593506
71.8815627,260067.6759,4203416.89,3525.605469
71.91113771,260067.6584,4203416.866,3525.619141
71.94071272,260067.641,4203416.842,3525.635742
71.97028773,260067.6236,4203416.818,3525.64502
71.99986273,260067.6061,4203416.795,3525.65918
72.02943774,260067.5887,4203416.771,3525.678711
72.05901275,260067.5712,4203416.747,3525.699463
72.08858776,260067.5538,4203416.723,3525.714355
72.11816277,260067.5363,4203416.699,3525.735352
72.14773778,260067.5189,4203416.675,3525.751953
72.17731279,260067.5014,4203416.651,3525.764648
72.2068878,260067.484,4203416.627,3525.772461
72.2364628,260067.4665,4203416.604,3525.780762
72.26603781,260067.4491,4203416.58,3525.786621
72.29561282,260067.4316,4203416.556,3525.790771
72.32518783,260067.4142,4203416.532,3525.796631
72.35476284,260067.3967,4203416.508,3525.80249
72.38433785,260067.3793,4203416.484,3525.807373
72.41391286,260067.3618,4203416.46,3525.810059
72.44348787,260067.3444,4203416.436,3525.813232
72.47306287,260067.3269,4203416.413,3525.814697
72.50263788,260067.3095,4203416.389,3525.815918
72.53221289,260067.292,4203416.365,3525.816162
72.5617879,260067.2746,4203416.341,3525.816406
72.59136291,260067.2571,4203416.317,3525.816406
72.62093792,260067.2397,4203416.293,3525.81665
72.65051293,260067.2222,4203416.269,3525.81665
72.68008793,260067.2048,4203416.245,3525.817139
72.70966294,260067.1873,4203416.222,3525.817627
72.73923795,260067.1699,4203416.198,3525.818359
72.76881296,260067.1524,4203416.174,3525.819092
72.79838797,260067.135,4203416.15,3525.819336
72.82796298,260067.1175,4203416.126,3525.820557
72.85753799,260067.1001,4203416.102,3525.821289
72.887113,260067.0826,4203416.078,3525.822998
72.916688,260067.0652,4203416.054,3525.827393
72.94626301,260067.0477,4203416.03,3525.8396
72.97583802,260067.0303,4203416.007,3525.850098
73.00541303,260067.0128,4203415.983,3525.875
73.03498804,260066.9954,4203415.959,3525.900146
73.06456305,260066.9779,4203415.935,3525.911133
73.09413806,260066.9605,4203415.911,3525.928711
73.12371307,260066.943,4203415.887,3525.945801
73.15328807,260066.9256,4203415.863,3525.965088
73.18286308,260066.9081,4203415.839,3525.971191
73.21243809,260066.8907,4203415.816,3525.98999
73.2420131,260066.8732,4203415.792,3526.012207
73.27158811,260066.8558,4203415.768,3526.041748
73.30116312,260066.8383,4203415.744,3526.049072
73.33073813,260066.8209,4203415.72,3526.084717
73.36031314,260066.8034,4203415.696,3526.115967
73.38988814,260066.786,4203415.672,3526.120361
73.41946315,260066.7685,4203415.648,3526.149658
73.44903816,260066.7511,4203415.625,3526.177979
73.47861317,260066.7336,4203415.601,3526.204834
73.50818818,260066.7162,4203415.577,3526.21167
73.53776319,260066.6987,4203415.553,3526.238525
73.5673382,260066.6813,4203415.529,3526.266113
73.5969132,260066.6638,4203415.505,3526.305176
73.62648821,260066.6464,4203415.481,3526.314209
73.65606322,260066.6289,4203415.457,3526.369141
73.68563823,260066.6115,4203415.434,3526.434326
73.71521324,260066.594,4203415.41,3526.514404
73.74478825,260066.5766,4203415.386,3526.527832
73.77436326,260066.5591,4203415.362,3526.599609
73.80393827,260066.5417,4203415.338,3526.640625
73.83351327,260066.5242,4203415.314,3526.648438
73.86308828,260066.5068,4203415.29,3526.685059
73.89266329,260066.4893,4203415.266,3526.716309
73.9222383,260066.4719,4203415.242,3526.740479
73.95181331,260066.4544,4203415.219,3526.740723
73.98138832,260066.437,4203415.195,3526.755615
74.01096333,260066.4195,4203415.171,3526.768066
74.04053834,260066.4021,4203415.147,3526.779541
74.07011334,260066.3846,4203415.123,3526.775146
74.09968835,260066.3672,4203415.099,3526.786133
74.12926336,260066.3497,4203415.075,3526.795654
74.15883837,260066.3323,4203415.051,3526.790039
74.18841338,260066.3148,4203415.028,3526.799561
74.21798839,260066.2974,4203415.004,3526.807373
74.2475634,260066.2799,4203414.98,3526.814453
74.27713841,260066.2625,4203414.956,3526.80542
74.30671341,260066.245,4203414.932,3526.811523
74.33628842,260066.2276,4203414.908,3526.816162
74.36586343,260066.2101,4203414.884,3526.821289
74.39543844,260066.1927,4203414.86,3526.810059
74.42501345,260066.1752,4203414.837,3526.811035
74.45458846,260066.1578,4203414.813,3526.809814
74.48416347,260066.1403,4203414.789,3526.806152
74.51373847,260066.1229,4203414.765,3526.785645
74.54331348,260066.1054,4203414.741,3526.778809
74.57288849,260066.088,4203414.717,3526.77417
74.6024635,260066.0705,4203414.693,3526.759521
74.63203851,260066.0531,4203414.669,3526.758789
74.66161352,260066.0356,4203414.646,3526.759277
74.69118853,260066.0182,4203414.622,3526.762207
74.72076354,260066.0007,4203414.598,3526.753662
74.75033854,260065.9833,4203414.574,3526.759033
74.77991355,260065.9658,4203414.55,3526.76416
74.80948856,260065.9484,4203414.526,3526.772217
74.83906357,260065.9309,4203414.502,3526.766357
74.86863858,260065.9135,4203414.478,3526.775635
74.89821359,260065.896,4203414.454,3526.791016
74.9277886,260065.8786,4203414.431,3526.785889
74.95736361,260065.8611,4203414.407,3526.802002
74.98693861,260065.8437,4203414.383,3526.821777
75.01651362,260065.8262,4203414.359,3526.836182
75.04608863,260065.8088,4203414.335,3526.836182
75.07566364,260065.7913,4203414.311,3526.848389
75.10523865,260065.7739,4203414.287,3526.859863
75.13481366,260065.7564,4203414.263,3526.873047
75.16438867,260065.739,4203414.24,3526.873047
75.19396368,260065.7215,4203414.216,3526.884521
75.22353868,260065.7041,4203414.192,3526.893799
75.25311369,260065.6866,4203414.168,3526.906494
75.2826887,260065.6692,4203414.144,3526.909668
75.31226371,260065.6517,4203414.12,3526.927734
75.34183872,260065.6343,4203414.096,3526.949707
75.37141373,260065.6168,4203414.072,3526.957031
75.40098874,260065.5994,4203414.049,3526.977539
75.43056374,260065.5819,4203414.025,3526.993408
75.46013875,260065.5645,4203414.001,3527.009521
75.48971376,260065.547,4203413.977,3527.018066
75.51928877,260065.5296,4203413.953,3527.044434
75.54886378,260065.5121,4203413.929,3527.06958
75.57843879,260065.4947,4203413.905,3527.093018
75.6080138,260065.4772,4203413.881,3527.10498
75.63758881,260065.4598,4203413.858,3527.124023
75.66716381,260065.4423,4203413.834,3527.138672
75.69673882,260065.4249,4203413.81,3527.149414
75.72631383,260065.4074,4203413.786,3527.171387
75.75588884,260065.39,4203413.762,3527.204346
75.78546385,260065.3725,4203413.738,3527.239258
75.81503886,260065.3551,4203413.714,3527.27002
75.84461387,260065.3376,4203413.69,3527.302734
75.87418888,260065.3202,4203413.667,3527.32666
75.90376388,260065.3027,4203413.643,3527.344971
75.93333889,260065.2853,4203413.619,3527.362061
75.9629139,260065.2678,4203413.595,3527.377686
75.99248891,260065.2504,4203413.571,3527.390381
76.02206392,260065.2329,4203413.547,3527.403564
76.05163893,260065.2155,4203413.523,3527.411621
76.08121394,260065.198,4203413.499,3527.425781
76.11078895,260065.1806,4203413.475,3527.441162
76.14036395,260065.1631,4203413.452,3527.455566
76.16993896,260065.1457,4203413.428,3527.480957
76.19951397,260065.1282,4203413.404,3527.512695
76.22908898,260065.1108,4203413.38,3527.545898
76.25866399,260065.0933,4203413.356,3527.561768
76.288239,260065.0759,4203413.332,3527.58667
76.31781401,260065.0584,4203413.308,3527.628906
76.34738902,260065.041,4203413.284,3527.67627
76.37696402,260065.0235,4203413.261,3527.694824
76.40653903,260065.0061,4203413.237,3527.724854
76.43611404,260064.9886,4203413.213,3527.757568
76.46568905,260064.9712,4203413.189,3527.788086
76.49526406,260064.9537,4203413.165,3527.80127
76.52483907,260064.9363,4203413.141,3527.821533
76.55441408,260064.9188,4203413.117,3527.8396
76.58398908,260064.9014,4203413.093,3527.849121
76.61356409,260064.8839,4203413.07,3527.86499
76.6431391,260064.8665,4203413.046,3527.888428
76.67271411,260064.849,4203413.022,3527.910889
76.70228912,260064.8316,4203412.998,3527.927002
76.73186413,260064.8141,4203412.974,3527.953125
76.76143914,260064.7967,4203412.95,3527.97583
76.79101415,260064.7792,4203412.926,3527.990967
76.82058915,260064.7618,4203412.902,3527.998535
76.85016416,260064.7443,4203412.879,3528.009277
76.87973917,260064.7269,4203412.855,3528.019287
76.90931418,260064.7094,4203412.831,3528.025146
76.93888919,260064.692,4203412.807,3528.03418
76.9684642,260064.6745,4203412.783,3528.044434
76.99803921,260064.6571,4203412.759,3528.059326
77.02761422,260064.6396,4203412.735,3528.071045
77.05718922,260064.6222,4203412.711,3528.0896
77.08676423,260064.6047,4203412.687,3528.108643
77.11633924,260064.5873,4203412.664,3528.128906
77.14591425,260064.5698,4203412.64,3528.141357
77.17548926,260064.5524,4203412.616,3528.155518
77.20506427,260064.5349,4203412.592,3528.168701
77.23463928,260064.5175,4203412.568,3528.179932
77.26421429,260064.5,4203412.544,3528.185059
77.29378929,260064.4826,4203412.52,3528.193115
77.3233643,260064.4651,4203412.496,3528.200928
77.35293931,260064.4477,4203412.473,3528.205078
77.38251432,260064.4302,4203412.449,3528.211914
77.41208933,260064.4128,4203412.425,3528.219482
77.44166434,260064.3953,4203412.401,3528.228516
77.47123935,260064.3779,4203412.377,3528.232666
77.50081435,260064.3604,4203412.353,3528.241943
77.53038936,260064.343,4203412.329,3528.254639
77.55996437,260064.3255,4203412.305,3528.268555
77.58953938,260064.3081,4203412.282,3528.275146
77.61911439,260064.2906,4203412.258,3528.284668
77.6486894,260064.2732,4203412.234,3528.292236
77.67826441,260064.2557,4203412.21,3528.29541
77.70783942,260064.2383,4203412.186,3528.298828
77.73741442,260064.2208,4203412.162,3528.300781
77.76698943,260064.2034,4203412.138,3528.303223
77.79656444,260064.186,4203412.114,3528.306152
77.82613945,260064.1685,4203412.091,3528.314697
77.85571446,260064.1511,4203412.067,3528.326172
77.88528947,260064.1336,4203412.043,3528.341797
77.91486448,260064.1162,4203412.019,3528.349121
77.94443949,260064.0987,4203411.995,3528.358887
77.97401449,260064.0813,4203411.971,3528.372559
78.0035895,260064.0638,4203411.947,3528.392334
78.03316451,260064.0464,4203411.923,3528.406738
78.06273952,260064.0289,4203411.899,3528.419189
78.09231453,260064.0115,4203411.876,3528.426025
78.12188954,260063.994,4203411.852,3528.429688
78.15146455,260063.9766,4203411.828,3528.433105
78.18103956,260063.9591,4203411.804,3528.437256
78.21061456,260063.9417,4203411.78,3528.445313
78.24018957,260063.9242,4203411.756,3528.454834
78.26976458,260063.9068,4203411.732,3528.472412
78.29933959,260063.8893,4203411.708,3528.493408
78.3289146,260063.8719,4203411.685,3528.514893
78.35848961,260063.8544,4203411.661,3528.530029
78.38806462,260063.837,4203411.637,3528.543457
78.41763962,260063.8195,4203411.613,3528.549316
78.44721463,260063.8021,4203411.589,3528.551025
78.47678964,260063.7846,4203411.565,3528.551758
78.50636465,260063.7672,4203411.541,3528.553223
78.53593966,260063.7497,4203411.517,3528.55542
78.56551467,260063.7323,4203411.494,3528.557617
78.59508968,260063.7148,4203411.47,3528.562744
78.62466469,260063.6974,4203411.446,3528.572266
78.65423969,260063.6799,4203411.422,3528.586426
78.6838147,260063.6625,4203411.398,3528.599121
78.71338971,260063.645,4203411.374,3528.624268
78.74296472,260063.6276,4203411.35,3528.653076
78.77253973,260063.6101,4203411.326,3528.674072
78.80211474,260063.5927,4203411.303,3528.683105
78.83168975,260063.5752,4203411.279,3528.695557
78.86126476,260063.5578,4203411.255,3528.707031
78.89083976,260063.5403,4203411.231,3528.715576
78.92041477,260063.5229,4203411.207,3528.727783
78.94998978,260063.5054,4203411.183,3528.74707
78.97956479,260063.488,4203411.159,3528.771484
79.0091398,260063.4705,4203411.135,3528.792725
79.03871481,260063.4531,4203411.111,3528.828613
79.06828982,260063.4356,4203411.088,3528.855957
79.09786483,260063.4182,4203411.064,3528.874756
79.12743983,260063.4007,4203411.04,3528.883789
79.15701484,260063.3833,4203411.016,3528.89209
79.18473663,260063.3692,4203410.992,3528.896729
79.21245841,260063.3551,4203410.968,3528.898438
79.24018019,260063.341,4203410.944,3528.901855
79.26790198,260063.3269,4203410.92,3528.905518
79.29562376,260063.3129,4203410.897,3528.91333
79.32334555,260063.2988,4203410.873,3528.923096
79.35106733,260063.2847,4203410.849,3528.932861
79.37878911,260063.2706,4203410.825,3528.943604
79.4065109,260063.2565,4203410.801,3528.954102
79.43423268,260063.2424,4203410.777,3528.964355
79.46195447,260063.2284,4203410.753,3528.971924
79.48967625,260063.2143,4203410.729,3528.979248
79.51739803,260063.2002,4203410.706,3528.983398
79.54511982,260063.1861,4203410.682,3528.98877
79.5728416,260063.172,4203410.658,3528.991455
79.60056339,260063.1579,4203410.634,3528.995361
79.62828517,260063.1439,4203410.61,3528.996826
79.65600695,260063.1298,4203410.586,3528.998291
79.68372874,260063.1157,4203410.562,3529.000977
79.71145052,260063.1016,4203410.538,3529.002197
79.73917231,260063.0875,4203410.515,3529.003906
79.76689409,260063.0735,4203410.491,3529.004395
79.79461587,260063.0594,4203410.467,3529.005371
79.82233766,260063.0453,4203410.443,3529.006836
79.85005944,260063.0312,4203410.419,3529.007568
79.87778123,260063.0171,4203410.395,3529.008789
79.90550301,260063.003,4203410.371,3529.01001
79.93322479,260062.989,4203410.347,3529.010986
79.96094658,260062.9749,4203410.323,3529.012207
79.98866836,260062.9608,4203410.3,3529.013672
80.01639015,260062.9467,4203410.276,3529.014893
80.04411193,260062.9326,4203410.252,3529.016357
80.07183371,260062.9185,4203410.228,3529.018799
80.0995555,260062.9045,4203410.204,3529.030029
80.12727728,260062.8904,4203410.18,3529.049561
80.15499906,260062.8763,4203410.156,3529.063232
80.18272085,260062.8622,4203410.132,3529.088867
80.21044263,260062.8481,4203410.109,3529.102295
80.23816442,260062.8341,4203410.085,3529.118408
80.2658862,260062.82,4203410.061,3529.131836
80.29360798,260062.8059,4203410.037,3529.144043
80.32132977,260062.7918,4203410.013,3529.157715
80.34905155,260062.7777,4203409.989,3529.169434
80.37677334,260062.7636,4203409.965,3529.18335
80.40449512,260062.7496,4203409.941,3529.193359
80.4322169,260062.7355,4203409.918,3529.199219
80.45993869,260062.7214,4203409.894,3529.203369
80.48766047,260062.7073,4203409.87,3529.208984
80.51538226,260062.6932,4203409.846,3529.212646
80.54310404,260062.6791,4203409.822,3529.215088
80.57082582,260062.6651,4203409.798,3529.220703
80.59854761,260062.651,4203409.774,3529.220459
80.62626939,260062.6369,4203409.75,3529.226563
80.65399118,260062.6228,4203409.727,3529.223877
80.68171296,260062.6087,4203409.703,3529.226563
80.70943474,260062.5947,4203409.679,3529.222656
80.73715653,260062.5806,4203409.655,3529.220703
80.76487831,260062.5665,4203409.631,3529.220947
80.7926001,260062.5524,4203409.607,3529.219971
80.82032188,260062.5383,4203409.583,3529.219482
80.84804366,260062.5242,4203409.559,3529.218994
80.87576545,260062.5102,4203409.536,3529.218994
80.90348723,260062.4961,4203409.512,3529.218018
80.93120902,260062.482,4203409.488,3529.218018
80.9589308,260062.4679,4203409.464,3529.216553
80.98665258,260062.4538,4203409.44,3529.217041
81.01437437,260062.4398,4203409.416,3529.218506
81.04209615,260062.4257,4203409.392,3529.216797
81.06981794,260062.4116,4203409.368,3529.219238
81.09753972,260062.3975,4203409.344,3529.218018
81.1252615,260062.3834,4203409.321,3529.222412
81.15298329,260062.3693,4203409.297,3529.230225
81.18070507,260062.3553,4203409.273,3529.230469
81.20842686,260062.3412,4203409.249,3529.241211
81.23614864,260062.3271,4203409.225,3529.243408
81.26387042,260062.313,4203409.201,3529.257568
81.29159221,260062.2989,4203409.177,3529.260498
81.31931399,260062.2848,4203409.153,3529.276855
81.34703577,260062.2708,4203409.13,3529.290283
81.37475756,260062.2567,4203409.106,3529.291992
81.40247934,260062.2426,4203409.082,3529.30249
81.43020113,260062.2285,4203409.058,3529.304199
81.45792291,260062.2144,4203409.034,3529.31543
81.48564469,260062.2004,4203409.01,3529.325928
81.51336648,260062.1863,4203408.986,3529.327637
81.54108826,260062.1722,4203408.962,3529.336182
81.56881005,260062.1581,4203408.939,3529.338135
81.59653183,260062.144,4203408.915,3529.34668
81.62425361,260062.1299,4203408.891,3529.359375
81.6519754,260062.1159,4203408.867,3529.36377
81.67969718,260062.1018,4203408.843,3529.384277
81.70741897,260062.0877,4203408.819,3529.390381
81.73514075,260062.0736,4203408.795,3529.40918
81.76286253,260062.0595,4203408.771,3529.415039
81.79058432,260062.0454,4203408.748,3529.431152
81.8183061,260062.0314,4203408.724,3529.443115
81.84602789,260062.0173,4203408.7,3529.447754
81.87374967,260062.0032,4203408.676,3529.458252
81.90147145,260061.9891,4203408.652,3529.462158
81.92919324,260061.975,4203408.628,3529.47168
81.95691502,260061.961,4203408.604,3529.481201
81.98463681,260061.9469,4203408.58,3529.485352
82.01235859,260061.9328,4203408.556,3529.492676
82.04008037,260061.9187,4203408.533,3529.497314
82.06780216,260061.9046,4203408.509,3529.504639
82.09552394,260061.8905,4203408.485,3529.511719
82.12324573,260061.8765,4203408.461,3529.515869
82.15096751,260061.8624,4203408.437,3529.521973
82.17868929,260061.8483,4203408.413,3529.526855
82.20641108,260061.8342,4203408.389,3529.535889
82.23413286,260061.8201,4203408.365,3529.54541
82.26185465,260061.806,4203408.342,3529.552246
82.28957643,260061.792,4203408.318,3529.561035
82.31729821,260061.7779,4203408.294,3529.565186
82.34502,260061.7638,4203408.27,3529.568115
82.37274178,260061.7497,4203408.246,3529.572266
82.40046356,260061.7356,4203408.222,3529.579346
82.42818535,260061.7216,4203408.198,3529.585205
82.45590713,260061.7075,4203408.174,3529.588623
82.48362892,260061.6934,4203408.151,3529.591797
82.5113507,260061.6793,4203408.127,3529.593994
82.53907248,260061.6652,4203408.103,3529.598633
82.56679427,260061.6511,4203408.079,3529.60498
82.59451605,260061.6371,4203408.055,3529.608154
82.62223784,260061.623,4203408.031,3529.615479
82.64995962,260061.6089,4203408.007,3529.620361
82.6776814,260061.5948,4203407.983,3529.639404
82.70540319,260061.5807,4203407.96,3529.6604
82.73312497,260061.5667,4203407.936,3529.666504
82.76084676,260061.5526,4203407.912,3529.681885
82.78856854,260061.5385,4203407.888,3529.685791
82.81629032,260061.5244,4203407.864,3529.696533
82.84401211,260061.5103,4203407.84,3529.698975
82.87173389,260061.4962,4203407.816,3529.70459
82.89945568,260061.4822,4203407.792,3529.70874
82.92717746,260061.4681,4203407.768,3529.709717
82.95489924,260061.454,4203407.745,3529.713379
82.98262103,260061.4399,4203407.721,3529.714844
83.01034281,260061.4258,4203407.697,3529.722168
83.0380646,260061.4117,4203407.673,3529.737793
83.06578638,260061.3977,4203407.649,3529.74292
83.09350816,260061.3836,4203407.625,3529.763184
83.12122995,260061.3695,4203407.601,3529.770264
83.14895173,260061.3554,4203407.577,3529.798828
83.17667352,260061.3413,4203407.554,3529.815186
83.2043953,260061.3273,4203407.53,3529.818359
83.23211708,260061.3132,4203407.506,3529.825439
83.25983887,260061.2991,4203407.482,3529.827881
83.28756065,260061.285,4203407.458,3529.834717
83.31528244,260061.2709,4203407.434,3529.839111
83.34300422,260061.2568,4203407.41,3529.840088
83.370726,260061.2428,4203407.386,3529.841797
83.39844779,260061.2287,4203407.363,3529.842773
83.42616957,260061.2146,4203407.339,3529.844971
83.45389136,260061.2005,4203407.315,3529.845947
83.48161314,260061.1864,4203407.291,3529.849365
83.50933492,260061.1723,4203407.267,3529.855957
83.53705671,260061.1583,4203407.243,3529.860107
83.56477849,260061.1442,4203407.219,3529.871094
83.59250027,260061.1301,4203407.195,3529.875977
83.62022206,260061.116,4203407.172,3529.88916
83.64794384,260061.1019,4203407.148,3529.898438
83.67566563,260061.0879,4203407.124,3529.899902
83.70338741,260061.0738,4203407.1,3529.903809
83.73110919,260061.0597,4203407.076,3529.905273
83.75883098,260061.0456,4203407.052,3529.911621
83.78655276,260061.0315,4203407.028,3529.918213
83.81427455,260061.0174,4203407.004,3529.92041
83.84199633,260061.0034,4203406.98,3529.929932
83.86971811,260060.9893,4203406.957,3529.933838
83.8974399,260060.9752,4203406.933,3529.946533
83.92516168,260060.9611,4203406.909,3529.953125
83.95288347,260060.947,4203406.885,3529.969482
83.98060525,260060.933,4203406.861,3529.984863
84.00832703,260060.9189,4203406.837,3529.989502
84.03604882,260060.9048,4203406.813,3529.995605
84.0637706,260060.8907,4203406.789,3529.997314
84.09149239,260060.8766,4203406.766,3529.998779
84.11921417,260060.8625,4203406.742,3530.001709
84.14693595,260060.8485,4203406.718,3530.003418
84.17465774,260060.8344,4203406.694,3530.007813
84.20237952,260060.8203,4203406.67,3530.013428
84.23010131,260060.8062,4203406.646,3530.024658
84.25782309,260060.7921,4203406.622,3530.041016
84.28554487,260060.778,4203406.598,3530.053467
84.31326666,260060.764,4203406.575,3530.070313
84.34098844,260060.7499,4203406.551,3530.080566
84.36871023,260060.7358,4203406.527,3530.08667
84.39643201,260060.7217,4203406.503,3530.092041
84.42415379,260060.7076,4203406.479,3530.097168
84.45187558,260060.6936,4203406.455,3530.102295
84.47959736,260060.6795,4203406.431,3530.109863
84.50731915,260060.6654,4203406.407,3530.118896
84.53504093,260060.6513,4203406.384,3530.129395
84.56276271,260060.6372,4203406.36,3530.142578
84.5904845,260060.6231,4203406.336,3530.156006
84.61820628,260060.6091,4203406.312,3530.166748
84.64592806,260060.595,4203406.288,3530.175293
84.67364985,260060.5809,4203406.264,3530.185303
84.70137163,260060.5668,4203406.24,3530.194824
84.72909342,260060.5527,4203406.216,3530.205322
84.7568152,260060.5386,4203406.192,3530.215088
84.78453698,260060.5246,4203406.169,3530.223389
84.81225877,260060.5105,4203406.145,3530.234131
84.83998055,260060.4964,4203406.121,3530.246094
84.86770234,260060.4823,4203406.097,3530.266357
84.89542412,260060.4682,4203406.073,3530.282227
84.9231459,260060.4542,4203406.049,3530.297852
84.95086769,260060.4401,4203406.025,3530.310059
84.97858947,260060.426,4203406.001,3530.322754
85.00631126,260060.4119,4203405.978,3530.333008
85.03403304,260060.3978,4203405.954,3530.341064
85.06175482,260060.3837,4203405.93,3530.3479
85.08947661,260060.3697,4203405.906,3530.354492
85.11719839,260060.3556,4203405.882,3530.359131
85.14492018,260060.3415,4203405.858,3530.362549
85.17264196,260060.3274,4203405.834,3530.365723
85.20036374,260060.3133,4203405.81,3530.369385
85.22808553,260060.2992,4203405.787,3530.372559
85.25580731,260060.2852,4203405.763,3530.37793
85.2835291,260060.2711,4203405.739,3530.381836
85.31125088,260060.257,4203405.715,3530.391357
85.33897266,260060.2429,4203405.691,3530.401367
85.36669445,260060.2288,4203405.667,3530.407471
85.39441623,260060.2148,4203405.643,3530.415283
85.42213802,260060.2007,4203405.619,3530.42041
85.4498598,260060.1866,4203405.596,3530.428223
85.47758158,260060.1725,4203405.572,3530.433594
85.50530337,260060.1584,4203405.548,3530.436279
85.53302515,260060.1443,4203405.524,3530.443115
85.56074694,260060.1303,4203405.5,3530.448242
85.58846872,260060.1162,4203405.476,3530.457275
85.6161905,260060.1021,4203405.452,3530.461914
85.64391229,260060.088,4203405.428,3530.468262
85.67163407,260060.0739,4203405.405,3530.475342
85.69935586,260060.0599,4203405.381,3530.480957
85.72707764,260060.0458,4203405.357,3530.490234
85.75479942,260060.0317,4203405.333,3530.495605
85.78252121,260060.0176,4203405.309,3530.503906
85.81024299,260060.0035,4203405.285,3530.512207
85.83796477,260059.9894,4203405.261,3530.517334
85.86568656,260059.9754,4203405.237,3530.522461
85.89340834,260059.9613,4203405.213,3530.525146
85.92113013,260059.9472,4203405.19,3530.53125
85.94885191,260059.9331,4203405.166,3530.539063
85.97657369,260059.919,4203405.142,3530.547852
86.00429548,260059.9049,4203405.118,3530.563721
86.03201726,260059.8909,4203405.094,3530.576904
86.05973905,260059.8768,4203405.07,3530.587402
86.08746083,260059.8627,4203405.046,3530.594238
86.11518261,260059.8486,4203405.022,3530.599121
86.1429044,260059.8345,4203404.999,3530.611572
86.17062618,260059.8205,4203404.975,3530.625
86.19834797,260059.8064,4203404.951,3530.648682
86.22606975,260059.7923,4203404.927,3530.66626
86.25379153,260059.7782,4203404.903,3530.69165
86.28151332,260059.7641,4203404.879,3530.711914
86.3092351,260059.75,4203404.855,3530.724121
86.33695689,260059.736,4203404.831,3530.736084
86.36467867,260059.7219,4203404.808,3530.741699
86.39240045,260059.7078,4203404.784,3530.748535
86.42012224,260059.6937,4203404.76,3530.755615
86.44784402,260059.6796,4203404.736,3530.759521
86.47556581,260059.6655,4203404.712,3530.763672
86.50328759,260059.6515,4203404.688,3530.766357
86.53100937,260059.6374,4203404.664,3530.774658
86.55873116,260059.6233,4203404.64,3530.790283
86.58645294,260059.6092,4203404.617,3530.803711
86.61417473,260059.5951,4203404.593,3530.829102
86.64189651,260059.5811,4203404.569,3530.844238
86.66961829,260059.567,4203404.545,3530.86084
86.69734008,260059.5529,4203404.521,3530.867676
86.72506186,260059.5388,4203404.497,3530.873779
86.75278365,260059.5247,4203404.473,3530.878662
86.78050543,260059.5106,4203404.449,3530.884766
86.80822721,260059.4966,4203404.425,3530.894287
86.835949,260059.4825,4203404.402,3530.901611
86.86367078,260059.4684,4203404.378,3530.910889
86.89139256,260059.4543,4203404.354,3530.92041
86.91911435,260059.4402,4203404.33,3530.928467
86.94683613,260059.4261,4203404.306,3530.937012
86.97455792,260059.4121,4203404.282,3530.940674
87.0022797,260059.398,4203404.258,3530.944824
87.03000148,260059.3839,4203404.234,3530.951172
87.05772327,260059.3698,4203404.211,3530.957764
87.08544505,260059.3557,4203404.187,3530.966064
87.11316684,260059.3417,4203404.163,3530.9729
87.14088862,260059.3276,4203404.139,3530.981689
87.1686104,260059.3135,4203404.115,3530.99292
87.19633219,260059.2994,4203404.091,3531.000977
87.22405397,260059.2853,4203404.067,3531.013916
87.25177576,260059.2712,4203404.043,3531.022461
87.27949754,260059.2572,4203404.02,3531.031006
87.30721932,260059.2431,4203403.996,3531.03418
87.33494111,260059.229,4203403.972,3531.039063
87.36266289,260059.2149,4203403.948,3531.045166
87.39038468,260059.2008,4203403.924,3531.049561
87.41810646,260059.1868,4203403.9,3531.058594
87.44582824,260059.1727,4203403.876,3531.066162
87.47355003,260059.1586,4203403.852,3531.075684
87.50127181,260059.1445,4203403.829,3531.084961
87.5289936,260059.1304,4203403.805,3531.093018
87.55671538,260059.1163,4203403.781,3531.100586
87.58443716,260059.1023,4203403.757,3531.106445
87.61215895,260059.0882,4203403.733,3531.110596
87.63988073,260059.0741,4203403.709,3531.115479
87.66760252,260059.06,4203403.685,3531.120605
87.6953243,260059.0459,4203403.661,3531.126709
87.72304608,260059.0318,4203403.637,3531.132324
87.75076787,260059.0178,4203403.614,3531.140137
87.77848965,260059.0037,4203403.59,3531.150146
87.80621144,260058.9896,4203403.566,3531.158936
87.83393322,260058.9755,4203403.542,3531.171631
87.861655,260058.9614,4203403.518,3531.181641
87.88937679,260058.9474,4203403.494,3531.190918
87.91709857,260058.9333,4203403.47,3531.195313
87.94482036,260058.9192,4203403.446,3531.20166
87.97254214,260058.9051,4203403.423,3531.20874
88.00026392,260058.891,4203403.399,3531.21582
88.02798571,260058.8769,4203403.375,3531.235352
88.05570749,260058.8629,4203403.351,3531.25
88.08342927,260058.8488,4203403.327,3531.270752
88.11115106,260058.8347,4203403.303,3531.287842
88.13887284,260058.8206,4203403.279,3531.297363
88.16659463,260058.8065,4203403.255,3531.306396
88.19431641,260058.7924,4203403.232,3531.30957
88.22203819,260058.7784,4203403.208,3531.319092
88.24975998,260058.7643,4203403.184,3531.328369
88.27748176,260058.7502,4203403.16,3531.331787
88.30520355,260058.7361,4203403.136,3531.334229
88.33292533,260058.722,4203403.112,3531.335938
88.36064711,260058.708,4203403.088,3531.339355
88.3883689,260058.6939,4203403.064,3531.344482
88.41609068,260058.6798,4203403.041,3531.354248
88.44381247,260058.6657,4203403.017,3531.366455
88.47153425,260058.6516,4203402.993,3531.377686
88.49925603,260058.6375,4203402.969,3531.391846
88.52697782,260058.6235,4203402.945,3531.40332
88.5546996,260058.6094,4203402.921,3531.412842
88.58242139,260058.5953,4203402.897,3531.419922
88.61014317,260058.5812,4203402.873,3531.424316
88.63786495,260058.5671,4203402.849,3531.430664
88.66558674,260058.553,4203402.826,3531.434814
88.69330852,260058.539,4203402.802,3531.442139
88.72103031,260058.5249,4203402.778,3531.453369
88.74875209,260058.5108,4203402.754,3531.458984
88.77647387,260058.4967,4203402.73,3531.474609
88.80419566,260058.4826,4203402.706,3531.482422
88.83191744,260058.4686,4203402.682,3531.499023
88.85963923,260058.4545,4203402.658,3531.512939
88.88736101,260058.4404,4203402.635,3531.520752
88.91508279,260058.4263,4203402.611,3531.533203
88.94280458,260058.4122,4203402.587,3531.541504
88.97052636,260058.3981,4203402.563,3531.552979
88.99824815,260058.3841,4203402.539,3531.562988
89.02596993,260058.37,4203402.515,3531.577637
89.05369171,260058.3559,4203402.491,3531.592773
89.0814135,260058.3418,4203402.467,3531.610107
89.10913528,260058.3277,4203402.444,3531.625244
89.13685706,260058.3137,4203402.42,3531.638916
89.16457885,260058.2996,4203402.396,3531.648438
89.19230063,260058.2855,4203402.372,3531.661133
89.22002242,260058.2714,4203402.348,3531.67749
89.2477442,260058.2573,4203402.324,3531.690186
89.27546598,260058.2432,4203402.3,3531.702881
89.30318777,260058.2292,4203402.276,3531.71875
89.33090955,260058.2151,4203402.253,3531.735352
89.35863134,260058.201,4203402.229,3531.750977
89.38635312,260058.1869,4203402.205,3531.764404
89.4140749,260058.1728,4203402.181,3531.778809
89.44179669,260058.1587,4203402.157,3531.791504
89.46951847,260058.1447,4203402.133,3531.803711
89.49724026,260058.1306,4203402.109,3531.814209
89.52496204,260058.1165,4203402.085,3531.823975
89.55268382,260058.1024,4203402.062,3531.836182
89.58040561,260058.0883,4203402.038,3531.845215
89.60812739,260058.0743,4203402.014,3531.85791
89.63584918,260058.0602,4203401.99,3531.870361
89.66357096,260058.0461,4203401.966,3531.884277
89.69129274,260058.032,4203401.942,3531.909912
89.71901453,260058.0179,4203401.918,3531.934082
89.74673631,260058.0038,4203401.894,3531.956055
89.7744581,260057.9898,4203401.87,3531.971436
89.80217988,260057.9757,4203401.847,3531.983154
89.82990166,260057.9616,4203401.823,3531.994629
89.85762345,260057.9475,4203401.799,3532.002686
89.88534523,260057.9334,4203401.775,3532.016846
89.91306702,260057.9193,4203401.751,3532.02417
89.9407888,260057.9053,4203401.727,3532.029541
89.96851058,260057.8912,4203401.703,3532.042969
89.99623237,260057.8771,4203401.679,3532.046387
90.02395415,260057.863,4203401.656,3532.058105
90.05167594,260057.8489,4203401.632,3532.058838
90.07939772,260057.8349,4203401.608,3532.069336
90.1071195,260057.8208,4203401.584,3532.069824
90.13484129,260057.8067,4203401.56,3532.071045
90.16256307,260057.7926,4203401.536,3532.077881
90.19028486,260057.7785,4203401.512,3532.078857
90.21800664,260057.7644,4203401.488,3532.084229
90.24572842,260057.7504,4203401.465,3532.085449
90.27345021,260057.7363,4203401.441,3532.087402
90.30117199,260057.7222,4203401.417,3532.09082
90.32889377,260057.7081,4203401.393,3532.092041
90.35661556,260057.694,4203401.369,3532.094971
90.38433734,260057.68,4203401.345,3532.09668
90.41205913,260057.6659,4203401.321,3532.10083
90.43978091,260057.6518,4203401.297,3532.106934
90.46750269,260057.6377,4203401.274,3532.115479
90.49522448,260057.6236,4203401.25,3532.125
90.52294626,260057.6095,4203401.226,3532.135254
90.55066805,260057.5955,4203401.202,3532.144531
90.57838983,260057.5814,4203401.178,3532.154297
90.60611161,260057.5673,4203401.154,3532.164551
90.6338334,260057.5532,4203401.13,3532.174316
90.66155518,260057.5391,4203401.106,3532.186768
90.68927697,260057.525,4203401.082,3532.199707
90.71699875,260057.511,4203401.059,3532.2146
90.74472053,260057.4969,4203401.035,3532.227295
90.77244232,260057.4828,4203401.011,3532.24292
90.8001641,260057.4687,4203400.987,3532.256592
90.82788589,260057.4546,4203400.963,3532.270752
90.85560767,260057.4406,4203400.939,3532.283936
90.88332945,260057.4265,4203400.915,3532.294189
90.91105124,260057.4124,4203400.891,3532.300049
90.93877302,260057.3983,4203400.868,3532.304199
90.96649481,260057.3842,4203400.844,3532.308838
90.99421659,260057.3701,4203400.82,3532.316406
91.02193837,260057.3561,4203400.796,3532.324951
91.04966016,260057.342,4203400.772,3532.33252
91.07738194,260057.3279,4203400.748,3532.345215
91.10842662,260057.304,4203400.728,3532.3479
91.1394713,260057.28,4203400.709,3532.359131
91.17051598,260057.2561,4203400.689,3532.370117
91.20156066,260057.2322,4203400.669,3532.379395
91.23260534,260057.2082,4203400.649,3532.388428
91.26365002,260057.1843,4203400.63,3532.396729
91.2946947,260057.1604,4203400.61,3532.398438
91.32573938,260057.1364,4203400.59,3532.405518
91.35678406,260057.1125,4203400.57,3532.415527
91.38782874,260057.0886,4203400.55,3532.423828
91.41887342,260057.0646,4203400.531,3532.431396
91.4499181,260057.0407,4203400.511,3532.433838
91.48096278,260057.0167,4203400.491,3532.442871
91.51200746,260056.9928,4203400.471,3532.455811
91.54305214,260056.9689,4203400.452,3532.47168
91.57409681,260056.9449,4203400.432,3532.484375
91.60514149,260056.921,4203400.412,3532.496582
91.63618617,260056.8971,4203400.392,3532.498779
91.66723085,260056.8731,4203400.373,3532.508545
91.69827553,260056.8492,4203400.353,3532.518066
91.72932021,260056.8253,4203400.333,3532.528809
91.76036489,260056.8013,4203400.313,3532.537598
91.79140957,260056.7774,4203400.293,3532.545898
91.82245425,260056.7535,4203400.274,3532.547363
91.85349893,260056.7295,4203400.254,3532.552734
91.88454361,260056.7056,4203400.234,3532.559814
91.91558829,260056.6817,4203400.214,3532.568848
91.94663297,260056.6577,4203400.195,3532.580078
91.97767765,260056.6338,4203400.175,3532.594727
92.00872233,260056.6099,4203400.155,3532.597656
92.03976701,260056.5859,4203400.135,3532.615967
92.07081169,260056.562,4203400.115,3532.629639
92.10185637,260056.5381,4203400.096,3532.642578
92.13290105,260056.5141,4203400.076,3532.653076
92.16394573,260056.4902,4203400.056,3532.662598
92.19499041,260056.4663,4203400.036,3532.665039
92.22603509,260056.4423,4203400.017,3532.672607
92.25707977,260056.4184,4203399.997,3532.681641
92.28812444,260056.3945,4203399.977,3532.692627
92.31916912,260056.3705,4203399.957,3532.704834
92.3502138,260056.3466,4203399.938,3532.709473
92.38125848,260056.3227,4203399.918,3532.722412
92.41230316,260056.2987,4203399.898,3532.734619
92.44334784,260056.2748,4203399.878,3532.746338
92.47439252,260056.2509,4203399.858,3532.757813
92.5054372,260056.2269,4203399.839,3532.77002
92.53648188,260056.203,4203399.819,3532.773438
92.56752656,260056.179,4203399.799,3532.787842
92.59857124,260056.1551,4203399.779,3532.803467
92.62961592,260056.1312,4203399.76,3532.820313
92.6606606,260056.1072,4203399.74,3532.84082
92.69170528,260056.0833,4203399.72,3532.861084
92.72274996,260056.0594,4203399.7,3532.864746
92.75379464,260056.0354,4203399.681,3532.872803
92.78483932,260056.0115,4203399.661,3532.879639
92.815884,260055.9876,4203399.641,3532.886475
92.84692868,260055.9636,4203399.621,3532.894531
92.87797336,260055.9397,4203399.601,3532.902832
92.90901804,260055.9158,4203399.582,3532.90332
92.94006272,260055.8918,4203399.562,3532.91333
92.9711074,260055.8679,4203399.542,3532.924072
93.00215208,260055.844,4203399.522,3532.939697
93.03319675,260055.82,4203399.503,3532.958984
93.06424143,260055.7961,4203399.483,3532.980469
93.09528611,260055.7722,4203399.463,3532.984375
93.12633079,260055.7482,4203399.443,3533.005859
93.15737547,260055.7243,4203399.423,3533.023926
93.18842015,260055.7004,4203399.404,3533.041992
93.21946483,260055.6764,4203399.384,3533.057861
93.25050951,260055.6525,4203399.364,3533.069824
93.28155419,260055.6286,4203399.344,3533.070801
93.31259887,260055.6046,4203399.325,3533.080078
93.34364355,260055.5807,4203399.305,3533.092041
93.37468823,260055.5568,4203399.285,3533.108643
93.40573291,260055.5328,4203399.265,3533.128906
93.43677759,260055.5089,4203399.246,3533.130859
93.46782227,260055.485,4203399.226,3533.145752
93.49886695,260055.461,4203399.206,3533.155029
93.52991163,260055.4371,4203399.186,3533.164307
93.56095631,260055.4132,4203399.166,3533.170898
93.59200099,260055.3892,4203399.147,3533.175781
93.62304567,260055.3653,4203399.127,3533.166748
93.65409035,260055.3414,4203399.107,3533.165527
93.68513503,260055.3174,4203399.087,3533.160156
93.71617971,260055.2935,4203399.068,3533.154541
93.74722439,260055.2695,4203399.048,3533.151367
93.77826906,260055.2456,4203399.028,3533.149902
93.80931374,260055.2217,4203399.008,3533.145264
93.84035842,260055.1977,4203398.988,3533.144043
93.8714031,260055.1738,4203398.969,3533.142578
93.90244778,260055.1499,4203398.949,3533.141846
93.93349246,260055.1259,4203398.929,3533.140869
93.96453714,260055.102,4203398.909,3533.139648
93.99558182,260055.0781,4203398.89,3533.134277
94.0266265,260055.0541,4203398.87,3533.132324
94.05767118,260055.0302,4203398.85,3533.128418
94.08871586,260055.0063,4203398.83,3533.124268
94.11976054,260054.9823,4203398.811,3533.121582
94.15080522,260054.9584,4203398.791,3533.117676
94.1818499,260054.9345,4203398.771,3533.109375
94.21289458,260054.9105,4203398.751,3533.108643
94.24393926,260054.8866,4203398.731,3533.108643
94.27498394,260054.8627,4203398.712,3533.109619
94.30602862,260054.8387,4203398.692,3533.111328
94.3370733,260054.8148,4203398.672,3533.114014
94.36811798,260054.7909,4203398.652,3533.110596
94.39916266,260054.7669,4203398.633,3533.114502
94.43020734,260054.743,4203398.613,3533.117676
94.46125202,260054.7191,4203398.593,3533.121582
94.4922967,260054.6951,4203398.573,3533.125
94.52334137,260054.6712,4203398.554,3533.123291
94.55438605,260054.6473,4203398.534,3533.129395
94.58543073,260054.6233,4203398.514,3533.135498
94.61647541,260054.5994,4203398.494,3533.143555
94.64752009,260054.5755,4203398.474,3533.153809
94.67856477,260054.5515,4203398.455,3533.163574
94.70960945,260054.5276,4203398.435,3533.164795
94.74065413,260054.5037,4203398.415,3533.173584
94.77169881,260054.4797,4203398.395,3533.181396
94.80274349,260054.4558,4203398.376,3533.187012
94.83378817,260054.4318,4203398.356,3533.193848
94.86483285,260054.4079,4203398.336,3533.197998
94.89587753,260054.384,4203398.316,3533.19873
94.92692221,260054.36,4203398.296,3533.203125
94.95796689,260054.3361,4203398.277,3533.20752
94.98901157,260054.3122,4203398.257,3533.212158
95.02005625,260054.2882,4203398.237,3533.216797
95.05110093,260054.2643,4203398.217,3533.221436
95.08214561,260054.2404,4203398.198,3533.223145
95.11319029,260054.2164,4203398.178,3533.227539
95.14423497,260054.1925,4203398.158,3533.230957
95.17527965,260054.1686,4203398.138,3533.234863
95.20632433,260054.1446,4203398.119,3533.237549
95.237369,260054.1207,4203398.099,3533.239746
95.26841368,260054.0968,4203398.079,3533.240723
95.29945836,260054.0728,4203398.059,3533.244141
95.33050304,260054.0489,4203398.039,3533.251221
95.36154772,260054.025,4203398.02,3533.262451
95.3925924,260054.001,4203398,3533.277588
95.42363708,260053.9771,4203397.98,3533.285156
95.45468176,260053.9532,4203397.96,3533.302246
95.48572644,260053.9292,4203397.941,3533.319336
95.51677112,260053.9053,4203397.921,3533.33374
95.5478158,260053.8814,4203397.901,3533.347168
95.57886048,260053.8574,4203397.881,3533.359131
95.60990516,260053.8335,4203397.861,3533.363037
95.64094984,260053.8096,4203397.842,3533.373779
95.67199452,260053.7856,4203397.822,3533.391602
95.7030392,260053.7617,4203397.802,3533.418457
95.73408388,260053.7378,4203397.782,3533.454102
95.76512856,260053.7138,4203397.763,3533.490479
95.79617324,260053.6899,4203397.743,3533.501221
95.82721792,260053.666,4203397.723,3533.524658
95.8582626,260053.642,4203397.703,3533.54126
95.88930728,260053.6181,4203397.684,3533.553467
95.92035196,260053.5941,4203397.664,3533.563965
95.95139664,260053.5702,4203397.644,3533.574463
95.98244131,260053.5463,4203397.624,3533.579834
96.01348599,260053.5223,4203397.604,3533.592041
96.04453067,260053.4984,4203397.585,3533.605713
96.07557535,260053.4745,4203397.565,3533.624268
96.10662003,260053.4505,4203397.545,3533.647949
96.13766471,260053.4266,4203397.525,3533.666504
96.16870939,260053.4027,4203397.506,3533.673828
96.19975407,260053.3787,4203397.486,3533.688477
96.23079875,260053.3548,4203397.466,3533.701416
96.26184343,260053.3309,4203397.446,3533.71167
96.29288811,260053.3069,4203397.427,3533.720215
96.32393279,260053.283,4203397.407,3533.727783
96.35497747,260053.2591,4203397.387,3533.732178
96.38602215,260053.2351,4203397.367,3533.737793
96.41706683,260053.2112,4203397.347,3533.741211
96.44811151,260053.1873,4203397.328,3533.743896
96.47915619,260053.1633,4203397.308,3533.746094
96.51020087,260053.1394,4203397.288,3533.747559
96.54124555,260053.1155,4203397.268,3533.749512
96.57229023,260053.0915,4203397.249,3533.751221
96.60333491,260053.0676,4203397.229,3533.753418
96.63437959,260053.0437,4203397.209,3533.756104
96.66542427,260053.0197,4203397.189,3533.758545
96.69646895,260052.9958,4203397.169,3533.76001
96.72751362,260052.9719,4203397.15,3533.763184
96.7585583,260052.9479,4203397.13,3533.766357
96.78960298,260052.924,4203397.11,3533.768555
96.82064766,260052.9001,4203397.09,3533.772461
96.85169234,260052.8761,4203397.071,3533.780029
96.88273702,260052.8522,4203397.051,3533.783691
96.9137817,260052.8283,4203397.031,3533.79126
96.94482638,260052.8043,4203397.011,3533.799316
96.97587106,260052.7804,4203396.992,3533.806885
97.00691574,260052.7565,4203396.972,3533.814941
97.03796042,260052.7325,4203396.952,3533.821777
97.0690051,260052.7086,4203396.932,3533.825195
97.10004978,260052.6846,4203396.912,3533.831543
97.13109446,260052.6607,4203396.893,3533.836914
97.16213914,260052.6368,4203396.873,3533.843506
97.19318382,260052.6128,4203396.853,3533.851563
97.2242285,260052.5889,4203396.833,3533.862549
97.25527318,260052.565,4203396.814,3533.868896
97.28631786,260052.541,4203396.794,3533.87793
97.31736254,260052.5171,4203396.774,3533.884521
97.34840722,260052.4932,4203396.754,3533.887451
97.3794519,260052.4692,4203396.735,3533.888428
97.41049658,260052.4453,4203396.715,3533.890381
97.44154125,260052.4214,4203396.695,3533.890869
97.47258593,260052.3974,4203396.675,3533.899658
97.50363061,260052.3735,4203396.655,3533.909912
97.53467529,260052.3496,4203396.636,3533.919922
97.56571997,260052.3256,4203396.616,3533.929199
97.59676465,260052.3017,4203396.596,3533.930176
97.62780933,260052.2778,4203396.576,3533.937012
97.65885401,260052.2538,4203396.557,3533.947266
97.68989869,260052.2299,4203396.537,3533.970215
97.72094337,260052.206,4203396.517,3533.993408
97.75198805,260052.182,4203396.497,3534.01123
97.78303273,260052.1581,4203396.477,3534.016113
97.81407741,260052.1342,4203396.458,3534.032471
97.84512209,260052.1102,4203396.438,3534.044922
97.87616677,260052.0863,4203396.418,3534.055908
97.90721145,260052.0624,4203396.398,3534.066895
97.93825613,260052.0384,4203396.379,3534.082031
97.96930081,260052.0145,4203396.359,3534.089844
98.00034549,260051.9906,4203396.339,3534.121094
98.03139017,260051.9666,4203396.319,3534.150146
98.06243485,260051.9427,4203396.3,3534.174316
98.09347953,260051.9188,4203396.28,3534.191162
98.12452421,260051.8948,4203396.26,3534.197021
98.15556889,260051.8709,4203396.24,3534.197266
98.18661356,260051.8469,4203396.22,3534.199951
98.21765824,260051.823,4203396.201,3534.201904
98.24870292,260051.7991,4203396.181,3534.203125
98.2797476,260051.7751,4203396.161,3534.203369
98.31079228,260051.7512,4203396.141,3534.202637
98.34183696,260051.7273,4203396.122,3534.200195
98.37288164,260051.7033,4203396.102,3534.19873
98.40392632,260051.6794,4203396.082,3534.196533
98.434971,260051.6555,4203396.062,3534.193359
98.46601568,260051.6315,4203396.042,3534.188965
98.49706036,260051.6076,4203396.023,3534.184082
98.52810504,260051.5837,4203396.003,3534.174316
98.55914972,260051.5597,4203395.983,3534.162354
98.5901944,260051.5358,4203395.963,3534.151123
98.62123908,260051.5119,4203395.944,3534.145264
98.65228376,260051.4879,4203395.924,3534.144287
98.68332844,260051.464,4203395.904,3534.143311
98.71437312,260051.4401,4203395.884,3534.143555
98.7454178,260051.4161,4203395.865,3534.144287
98.77646248,260051.3922,4203395.845,3534.14502
98.80750716,260051.3683,4203395.825,3534.14624
98.83855184,260051.3443,4203395.805,3534.147461
98.86959652,260051.3204,4203395.785,3534.147949
98.9006412,260051.2965,4203395.766,3534.155029
98.93168587,260051.2725,4203395.746,3534.17041
98.96070842,260051.256,4203395.722,3534.190674
98.98973098,260051.2395,4203395.698,3534.212891
99.01875353,260051.2231,4203395.674,3534.227783
99.04777608,260051.2066,4203395.65,3534.244141
99.07679863,260051.1901,4203395.627,3534.258545
99.10582118,260051.1736,4203395.603,3534.28125
99.13484373,260051.1571,4203395.579,3534.300293
99.16386628,260051.1406,4203395.555,3534.324707
99.19288883,260051.1241,4203395.531,3534.344727
99.22191138,260051.1076,4203395.507,3534.36084
99.25093393,260051.0911,4203395.483,3534.373535
99.27995648,260051.0746,4203395.459,3534.38501
99.30897903,260051.0582,4203395.435,3534.394287
99.33800158,260051.0417,4203395.412,3534.402832
99.36702413,260051.0252,4203395.388,3534.410889
99.39604668,260051.0087,4203395.364,3534.419434
99.42506923,260050.9922,4203395.34,3534.427002
99.45409178,260050.9757,4203395.316,3534.433838
99.48311433,260050.9592,4203395.292,3534.440918
99.51213688,260050.9427,4203395.268,3534.44873
99.54115943,260050.9262,4203395.244,3534.456299
99.57018198,260050.9097,4203395.221,3534.465576
99.59920453,260050.8932,4203395.197,3534.476563
99.62822708,260050.8768,4203395.173,3534.48999
99.65724963,260050.8603,4203395.149,3534.508545
99.68627218,260050.8438,4203395.125,3534.526123
99.71529473,260050.8273,4203395.101,3534.544434
99.74431728,260050.8108,4203395.077,3534.557373
99.77333983,260050.7943,4203395.053,3534.565674
99.80236238,260050.7778,4203395.029,3534.578857
99.83138493,260050.7613,4203395.006,3534.591553
99.86040748,260050.7448,4203394.982,3534.597656
99.88943003,260050.7283,4203394.958,3534.609619
99.91845258,260050.7119,4203394.934,3534.623291
99.94747513,260050.6954,4203394.91,3534.636475
99.97649769,260050.6789,4203394.886,3534.638428
100.0055202,260050.6624,4203394.862,3534.643311
100.0345428,260050.6459,4203394.838,3534.646729
100.0635653,260050.6294,4203394.814,3534.647705
100.0925879,260050.6129,4203394.791,3534.651855
100.1216104,260050.5964,4203394.767,3534.656738
100.150633,260050.5799,4203394.743,3534.657715
100.1796555,260050.5634,4203394.719,3534.66333
100.2086781,260050.547,4203394.695,3534.669189
100.2377006,260050.5305,4203394.671,3534.670898
100.2667232,260050.514,4203394.647,3534.677002
100.2957457,260050.4975,4203394.623,3534.685547
100.3247683,260050.481,4203394.6,3534.69751
100.3537908,260050.4645,4203394.576,3534.701416
100.3828134,260050.448,4203394.552,3534.711182
100.4118359,260050.4315,4203394.528,3534.719482
100.4408585,260050.415,4203394.504,3534.724854
100.469881,260050.3985,4203394.48,3534.736328
100.4989036,260050.382,4203394.456,3534.750977
100.5279261,260050.3656,4203394.432,3534.760986
100.5569487,260050.3491,4203394.408,3534.77417
100.5859712,260050.3326,4203394.385,3534.790771
100.6149938,260050.3161,4203394.361,3534.802979
100.6440163,260050.2996,4203394.337,3534.818115
100.6730389,260050.2831,4203394.313,3534.833496
100.7020614,260050.2666,4203394.289,3534.848145
100.731084,260050.2501,4203394.265,3534.859619
100.7601065,260050.2336,4203394.241,3534.873291
100.7891291,260050.2171,4203394.217,3534.890625
100.8181516,260050.2007,4203394.194,3534.909912
100.8471742,260050.1842,4203394.17,3534.944824
100.8761967,260050.1677,4203394.146,3534.968994
100.9052193,260050.1512,4203394.122,3534.97876
100.9342418,260050.1347,4203394.098,3534.992676
100.9632644,260050.1182,4203394.074,3535.003418
100.9922869,260050.1017,4203394.05,3535.009521
101.0213095,260050.0852,4203394.026,3535.023682
101.050332,260050.0687,4203394.002,3535.038818
101.0793546,260050.0522,4203393.979,3535.054443
101.1083771,260050.0358,4203393.955,3535.065674
101.1373997,260050.0193,4203393.931,3535.090088
101.1664222,260050.0028,4203393.907,3535.120605
101.1954448,260049.9863,4203393.883,3535.142578
101.2244673,260049.9698,4203393.859,3535.183594
101.2534899,260049.9533,4203393.835,3535.223877
101.2825124,260049.9368,4203393.811,3535.241455
101.311535,260049.9203,4203393.788,3535.273682
101.3405575,260049.9038,4203393.764,3535.307129
101.3695801,260049.8873,4203393.74,3535.320557
101.3986026,260049.8708,4203393.716,3535.344727
101.4276252,260049.8544,4203393.692,3535.366455
101.4566477,260049.8379,4203393.668,3535.374268
101.4856703,260049.8214,4203393.644,3535.384033
101.5146929,260049.8049,4203393.62,3535.390137
101.5437154,260049.7884,4203393.596,3535.394531
101.572738,260049.7719,4203393.573,3535.398193
101.6017605,260049.7554,4203393.549,3535.40332
101.6307831,260049.7389,4203393.525,3535.411133
101.6598056,260049.7224,4203393.501,3535.42041
101.6888282,260049.7059,4203393.477,3535.435303
101.7178507,260049.6895,4203393.453,3535.450439
101.7468733,260049.673,4203393.429,3535.459473
101.7758958,260049.6565,4203393.405,3535.478516
101.8049184,260049.64,4203393.382,3535.501221
101.8339409,260049.6235,4203393.358,3535.512451
101.8629635,260049.607,4203393.334,3535.526123
101.891986,260049.5905,4203393.31,3535.535889
101.9210086,260049.574,4203393.286,3535.544678
101.9500311,260049.5575,4203393.262,3535.550781
101.9790537,260049.541,4203393.238,3535.557861
102.0080762,260049.5245,4203393.214,3535.563232
102.0370988,260049.5081,4203393.19,3535.564453
102.0661213,260049.4916,4203393.167,3535.568604
102.0951439,260049.4751,4203393.143,3535.571045
102.1241664,260049.4586,4203393.119,3535.571289
102.153189,260049.4421,4203393.095,3535.572998
102.1822115,260049.4256,4203393.071,3535.574707
102.2112341,260049.4091,4203393.047,3535.574219
102.2402566,260049.3926,4203393.023,3535.574463
102.2692792,260049.3761,4203392.999,3535.57373
102.2983017,260049.3596,4203392.976,3535.572754
102.3273243,260049.3432,4203392.952,3535.571533
102.3563468,260049.3267,4203392.928,3535.571045
102.3853694,260049.3102,4203392.904,3535.570068
102.4143919,260049.2937,4203392.88,3535.568604
102.4434145,260049.2772,4203392.856,3535.568115
102.472437,260049.2607,4203392.832,3535.568115
102.5014596,260049.2442,4203392.808,3535.567871
102.5304821,260049.2277,4203392.784,3535.569092
102.5595047,260049.2112,4203392.761,3535.571045
102.5885272,260049.1947,4203392.737,3535.571533
102.6175498,260049.1783,4203392.713,3535.573975
102.6465723,260049.1618,4203392.689,3535.577881
102.6755949,260049.1453,4203392.665,3535.58374
102.7046174,260049.1288,4203392.641,3535.591064
102.73364,260049.1123,4203392.617,3535.606445
102.7626625,260049.0958,4203392.593,3535.624756
102.7916851,260049.0793,4203392.57,3535.640625
102.8207076,260049.0628,4203392.546,3535.656494
102.8497302,260049.0463,4203392.522,3535.67041
102.8787527,260049.0298,4203392.498,3535.683838
102.9077753,260049.0133,4203392.474,3535.695801
102.9367978,260048.9969,4203392.45,3535.706299
102.9658204,260048.9804,4203392.426,3535.719238
102.9948429,260048.9639,4203392.402,3535.728516
103.0238655,260048.9474,4203392.378,3535.736572
103.052888,260048.9309,4203392.355,3535.744629
103.0819106,260048.9144,4203392.331,3535.753174
103.1109331,260048.8979,4203392.307,3535.763672
103.1399557,260048.8814,4203392.283,3535.775635
103.1689782,260048.8649,4203392.259,3535.786865
103.1980008,260048.8484,4203392.235,3535.803223
103.2270233,260048.832,4203392.211,3535.822998
103.2560459,260048.8155,4203392.187,3535.841309
103.2850684,260048.799,4203392.164,3535.870117
103.314091,260048.7825,4203392.14,3535.902588
103.3431135,260048.766,4203392.116,3535.926514
103.3721361,260048.7495,4203392.092,3535.958984
103.4011586,260048.733,4203392.068,3535.988037
103.4301812,260048.7165,4203392.044,3536.01123
103.4592037,260048.7,4203392.02,3536.044189
103.4882263,260048.6835,4203391.996,3536.071289
103.5172488,260048.6671,4203391.972,3536.095215
103.5462714,260048.6506,4203391.949,3536.115967
103.5752939,260048.6341,4203391.925,3536.13916
103.6043165,260048.6176,4203391.901,3536.161865
103.633339,260048.6011,4203391.877,3536.176025
103.6623616,260048.5846,4203391.853,3536.188232
103.6913841,260048.5681,4203391.829,3536.190918
103.7204067,260048.5516,4203391.805,3536.191406
103.7494292,260048.5351,4203391.781,3536.192627
103.7784518,260048.5186,4203391.758,3536.193848
103.8074743,260048.5021,4203391.734,3536.194336
103.8364969,260048.4857,4203391.71,3536.195557
103.8655194,260048.4692,4203391.686,3536.197754
103.894542,260048.4527,4203391.662,3536.201904
103.9235645,260048.4362,4203391.638,3536.202881
103.9525871,260048.4197,4203391.614,3536.207764
103.9816096,260048.4032,4203391.59,3536.212402
104.0106322,260048.3867,4203391.566,3536.213379
104.0396547,260048.3702,4203391.543,3536.21875
104.0686773,260048.3537,4203391.519,3536.224121
104.0976998,260048.3372,4203391.495,3536.22583
104.1267224,260048.3208,4203391.471,3536.233887
104.1557449,260048.3043,4203391.447,3536.243652
104.1847675,260048.2878,4203391.423,3536.247559
104.21379,260048.2713,4203391.399,3536.261719
104.2428126,260048.2548,4203391.375,3536.282471
104.2718351,260048.2383,4203391.352,3536.306885
104.3008577,260048.2218,4203391.328,3536.32251
104.3298802,260048.2053,4203391.304,3536.351318
104.3589028,260048.1888,4203391.28,3536.380615
104.3879253,260048.1723,4203391.256,3536.399902
104.4169479,260048.1559,4203391.232,3536.431641
104.4459704,260048.1394,4203391.208,3536.46582
104.474993,260048.1229,4203391.184,3536.484619
104.5040155,260048.1064,4203391.16,3536.522705
104.5330381,260048.0899,4203391.137,3536.55835
104.5620606,260048.0734,4203391.113,3536.57666
104.5910832,260048.0569,4203391.089,3536.611816
104.6201057,260048.0404,4203391.065,3536.641846
104.6491283,260048.0239,4203391.041,3536.650635
104.6781508,260048.0074,4203391.017,3536.664063
104.7071734,260047.9909,4203390.993,3536.671631
104.7361959,260047.9745,4203390.969,3536.676025
104.7652185,260047.958,4203390.946,3536.676758
104.794241,260047.9415,4203390.922,3536.682373
104.8232636,260047.925,4203390.898,3536.69043
104.8522861,260047.9085,4203390.874,3536.690674
104.8813087,260047.892,4203390.85,3536.700684
104.9103312,260047.8755,4203390.826,3536.710938
104.9393538,260047.859,4203390.802,3536.712158
104.9683763,260047.8425,4203390.778,3536.721924
104.9973989,260047.826,4203390.754,3536.731689
105.0264214,260047.8096,4203390.731,3536.731934
105.055444,260047.7931,4203390.707,3536.737549
105.0844665,260047.7766,4203390.683,3536.741699
105.1134891,260047.7601,4203390.659,3536.745117
105.1425116,260047.7436,4203390.635,3536.745605
105.1715342,260047.7271,4203390.611,3536.748779
105.2005567,260047.7106,4203390.587,3536.751465
105.2295793,260047.6941,4203390.563,3536.752686
105.2586018,260047.6776,4203390.54,3536.755859
105.2876244,260047.6611,4203390.516,3536.758301
105.3166469,260047.6447,4203390.492,3536.759521
105.3456695,260047.6282,4203390.468,3536.762939
105.374692,260047.6117,4203390.444,3536.76709
105.4037146,260047.5952,4203390.42,3536.769775
105.4327371,260047.5787,4203390.396,3536.776611
105.4617597,260047.5622,4203390.372,3536.784668
105.4907822,260047.5457,4203390.348,3536.791016
105.5198048,260047.5292,4203390.325,3536.794189
105.5488273,260047.5127,4203390.301,3536.800781
105.5778499,260047.4962,4203390.277,3536.807861
105.6068724,260047.4797,4203390.253,3536.811768
105.635895,260047.4633,4203390.229,3536.818115
105.6649175,260047.4468,4203390.205,3536.823486
105.6939401,260047.4303,4203390.181,3536.827393
105.7229626,260047.4138,4203390.157,3536.835693
105.7519852,260047.3973,4203390.134,3536.847168
105.7810077,260047.3808,4203390.11,3536.856445
105.8100303,260047.3643,4203390.086,3536.869629
105.8390528,260047.3478,4203390.062,3536.882813
105.8680754,260047.3313,4203390.038,3536.896484
105.8970979,260047.3148,4203390.014,3536.902344
105.9261205,260047.2984,4203389.99,3536.911377
105.955143,260047.2819,4203389.966,3536.920898
105.9841656,260047.2654,4203389.942,3536.925781
106.0131881,260047.2489,4203389.919,3536.936523
106.0422107,260047.2324,4203389.895,3536.952881
106.0712332,260047.2159,4203389.871,3536.961426
106.1002558,260047.1994,4203389.847,3536.983643
106.1292783,260047.1829,4203389.823,3537.009277
106.1583009,260047.1664,4203389.799,3537.017578
106.1873234,260047.1499,4203389.775,3537.031982
106.216346,260047.1334,4203389.751,3537.042969
106.2453685,260047.117,4203389.728,3537.047363
106.2743911,260047.1005,4203389.704,3537.056396
106.3034136,260047.084,4203389.68,3537.064453
106.3324362,260047.0675,4203389.656,3537.073242
106.3614587,260047.051,4203389.632,3537.077637
106.3904813,260047.0345,4203389.608,3537.088867
106.4195038,260047.018,4203389.584,3537.101563
106.4485264,260047.0015,4203389.56,3537.115479
106.4775489,260046.985,4203389.536,3537.152832
106.5065715,260046.9685,4203389.513,3537.181641
106.5355941,260046.9521,4203389.489,3537.196289
106.5646166,260046.9356,4203389.465,3537.214111
106.5936392,260046.9191,4203389.441,3537.225342
106.6226617,260046.9026,4203389.417,3537.22998
106.6516843,260046.8861,4203389.393,3537.235596
106.6807068,260046.8696,4203389.369,3537.241455
106.7097294,260046.8531,4203389.345,3537.248291
106.7387519,260046.8366,4203389.322,3537.252686
106.7677745,260046.8201,4203389.298,3537.262939
106.796797,260046.8036,4203389.274,3537.276367
106.8258196,260046.7872,4203389.25,3537.284912
106.8548421,260046.7707,4203389.226,3537.302002
106.8838647,260046.7542,4203389.202,3537.320068
106.9128872,260046.7377,4203389.178,3537.328125
106.9419098,260046.7212,4203389.154,3537.337646
106.9709323,260046.7047,4203389.13,3537.343994
106.9999549,260046.6882,4203389.107,3537.347656
107.0289774,260046.6717,4203389.083,3537.354492
107.058,260046.6552,4203389.059,3537.361572
107.0870225,260046.6387,4203389.035,3537.369629
107.1160451,260046.6222,4203389.011,3537.375488
107.1450676,260046.6058,4203388.987,3537.38916
107.1740902,260046.5893,4203388.963,3537.403076
107.2031127,260046.5728,4203388.939,3537.409912
107.2321353,260046.5563,4203388.916,3537.423096
107.2611578,260046.5398,4203388.892,3537.432373
107.2901804,260046.5233,4203388.868,3537.435791
107.3192029,260046.5068,4203388.844,3537.439209
107.3482255,260046.4903,4203388.82,3537.442139
107.377248,260046.4738,4203388.796,3537.444336
107.4062706,260046.4573,4203388.772,3537.447998
107.4352931,260046.4409,4203388.748,3537.450684
107.4643157,260046.4244,4203388.724,3537.452637
107.4933382,260046.4079,4203388.701,3537.456299
107.5223608,260046.3914,4203388.677,3537.460693
107.5513833,260046.3749,4203388.653,3537.467041
107.5804059,260046.3584,4203388.629,3537.475342
107.6094284,260046.3419,4203388.605,3537.484375
107.638451,260046.3254,4203388.581,3537.492188
107.6674735,260046.3089,4203388.557,3537.500244
107.6964961,260046.2924,4203388.533,3537.509766
107.7255186,260046.276,4203388.51,3537.52002
107.7545412,260046.2595,4203388.486,3537.533691
107.7835637,260046.243,4203388.462,3537.546875
107.8125863,260046.2265,4203388.438,3537.559082
107.8416088,260046.21,4203388.414,3537.576416
107.8706314,260046.1935,4203388.39,3537.590332
107.8996539,260046.177,4203388.366,3537.60083
107.9286765,260046.1605,4203388.342,3537.609863
107.957699,260046.144,4203388.318,3537.62085
107.9867216,260046.1275,4203388.295,3537.636963
108.0157441,260046.111,4203388.271,3537.657959
108.0447667,260046.0946,4203388.247,3537.68042
108.0737892,260046.0781,4203388.223,3537.711426
108.1028118,260046.0616,4203388.199,3537.737793
108.1318343,260046.0451,4203388.175,3537.762939
108.1608569,260046.0286,4203388.151,3537.787354
108.1898794,260046.0121,4203388.127,3537.811768
108.218902,260045.9956,4203388.103,3537.837891
108.2479245,260045.9791,4203388.08,3537.86377
108.2769471,260045.9626,4203388.056,3537.888916
108.3059696,260045.9461,4203388.032,3537.909912
108.3349922,260045.9297,4203388.008,3537.93335
108.3640147,260045.9132,4203387.984,3537.950684
108.3930373,260045.8967,4203387.96,3537.965088
108.4220598,260045.8802,4203387.936,3537.985352
108.4510824,260045.8637,4203387.912,3537.99707
108.4801049,260045.8472,4203387.889,3538.005615
108.5091275,260045.8307,4203387.865,3538.021973
108.53815,260045.8142,4203387.841,3538.026855
108.5671726,260045.7977,4203387.817,3538.03125
108.5961951,260045.7812,4203387.793,3538.040771
108.6252177,260045.7648,4203387.769,3538.041016
108.6542402,260045.7483,4203387.745,3538.040771
108.6832628,260045.7318,4203387.721,3538.038818
108.7122853,260045.7153,4203387.697,3538.044922
108.7413079,260045.6988,4203387.674,3538.04248
108.7703304,260045.6823,4203387.65,3538.039307
108.799353,260045.6658,4203387.626,3538.043457
108.8283755,260045.6493,4203387.602,3538.040039
108.8573981,260045.6328,4203387.578,3538.036133
108.8864206,260045.6163,4203387.554,3538.040039
108.9154432,260045.5998,4203387.53,3538.035889
108.9444657,260045.5834,4203387.506,3538.033691
108.9734883,260045.5669,4203387.483,3538.036133
109.0025108,260045.5504,4203387.459,3538.033936
109.0315334,260045.5339,4203387.435,3538.031982
109.0605559,260045.5174,4203387.411,3538.03418
109.0895785,260045.5009,4203387.387,3538.033447
109.118601,260045.4844,4203387.363,3538.033447
109.1476236,260045.4679,4203387.339,3538.034424
109.1766461,260045.4514,4203387.315,3538.036377
109.2056687,260045.4349,4203387.291,3538.037842
109.2346912,260045.4185,4203387.268,3538.039307
109.2637138,260045.402,4203387.244,3538.042236
109.2927363,260045.3855,4203387.22,3538.044678
109.3217589,260045.369,4203387.196,3538.047852
109.3507814,260045.3525,4203387.172,3538.05249
109.379804,260045.336,4203387.148,3538.057129
109.4088265,260045.3195,4203387.124,3538.063477
109.4378491,260045.303,4203387.1,3538.073975
109.4668716,260045.2865,4203387.077,3538.087891
109.4958942,260045.27,4203387.053,3538.106934
109.5249167,260045.2536,4203387.029,3538.143799
109.5539393,260045.2371,4203387.005,3538.187256
109.5829618,260045.2206,4203386.981,3538.227295
109.6119844,260045.2041,4203386.957,3538.265869
109.6410069,260045.1876,4203386.933,3538.313232
109.6700295,260045.1711,4203386.909,3538.339111
109.699052,260045.1546,4203386.885,3538.361328
109.7280746,260045.1381,4203386.862,3538.392334
109.7570971,260045.1216,4203386.838,3538.41333
109.7861197,260045.1051,4203386.814,3538.441406
109.8151422,260045.0886,4203386.79,3538.469482
109.8441648,260045.0722,4203386.766,3538.499023
109.8731873,260045.0557,4203386.742,3538.537109
109.9022099,260045.0392,4203386.718,3538.586426
109.9312324,260045.0227,4203386.694,3538.623535
109.960255,260045.0062,4203386.671,3538.681641
109.9892775,260044.9897,4203386.647,3538.739258
110.0183001,260044.9732,4203386.623,3538.764404
110.0473226,260044.9567,4203386.599,3538.797363
110.0763452,260044.9402,4203386.575,3538.817871
110.1053677,260044.9237,4203386.551,3538.825439
110.1343903,260044.9073,4203386.527,3538.834473
110.1634128,260044.8908,4203386.503,3538.841064
110.1924354,260044.8743,4203386.479,3538.844238
110.2214579,260044.8578,4203386.456,3538.849365
110.2504805,260044.8413,4203386.432,3538.854736
110.279503,260044.8248,4203386.408,3538.860107
110.3085256,260044.8083,4203386.384,3538.863525
110.3375481,260044.7918,4203386.36,3538.868164
110.3665707,260044.7753,4203386.336,3538.872559
110.3955932,260044.7588,4203386.312,3538.874268
110.4246158,260044.7423,4203386.288,3538.877686
110.4536383,260044.7259,4203386.265,3538.879883
110.4826609,260044.7094,4203386.241,3538.880371
110.5116834,260044.6929,4203386.217,3538.881348
110.540706,260044.6764,4203386.193,3538.881104
110.5697285,260044.6599,4203386.169,3538.880615
110.5987511,260044.6434,4203386.145,3538.878906
110.6277736,260044.6269,4203386.121,3538.875
110.6567962,260044.6104,4203386.097,3538.872803
110.6858187,260044.5939,4203386.073,3538.868896
110.7148413,260044.5774,4203386.05,3538.86499
110.7438638,260044.561,4203386.026,3538.861572
110.7728864,260044.5445,4203386.002,3538.856445
110.8019089,260044.528,4203385.978,3538.851074
110.8309315,260044.5115,4203385.954,3538.845947
110.859954,260044.495,4203385.93,3538.838623
110.8889766,260044.4785,4203385.906,3538.83667
110.9179991,260044.462,4203385.882,3538.835938
110.9470217,260044.4455,4203385.859,3538.833496
110.9760442,260044.429,4203385.835,3538.834473
111.0050668,260044.4125,4203385.811,3538.834717
111.0340893,260044.3961,4203385.787,3538.83374
111.0631119,260044.3796,4203385.763,3538.83374
111.0921344,260044.3631,4203385.739,3538.83374
111.121157,260044.3466,4203385.715,3538.833008
111.1501795,260044.3301,4203385.691,3538.832275
111.1792021,260044.3136,4203385.667,3538.832031
111.2082246,260044.2971,4203385.644,3538.831299
111.2372472,260044.2806,4203385.62,3538.830322
111.2662697,260044.2641,4203385.596,3538.828857
111.2952923,260044.2476,4203385.572,3538.82666
111.3243148,260044.2311,4203385.548,3538.825195
111.3533374,260044.2147,4203385.524,3538.823242
111.3823599,260044.1982,4203385.5,3538.820068
111.4113825,260044.1817,4203385.476,3538.818115
111.440405,260044.1652,4203385.453,3538.812744
111.4694276,260044.1487,4203385.429,3538.806885
111.4984501,260044.1322,4203385.405,3538.801514
111.5274727,260044.1157,4203385.381,3538.798096
111.5564953,260044.0992,4203385.357,3538.791748
111.5855178,260044.0827,4203385.333,3538.786377
111.6145404,260044.0662,4203385.309,3538.783447
111.6435629,260044.0498,4203385.285,3538.776855
111.6725855,260044.0333,4203385.261,3538.771973
111.701608,260044.0168,4203385.238,3538.770996
111.7306306,260044.0003,4203385.214,3538.767822
111.7596531,260043.9838,4203385.19,3538.765381
111.7886757,260043.9673,4203385.166,3538.765625
111.8176982,260043.9508,4203385.142,3538.764648
111.8467208,260043.9343,4203385.118,3538.763672
111.8757433,260043.9178,4203385.094,3538.763184
111.9047659,260043.9013,4203385.07,3538.764404
111.9337884,260043.8849,4203385.047,3538.764648
111.962811,260043.8684,4203385.023,3538.765137
111.9918335,260043.8519,4203384.999,3538.767578
112.0208561,260043.8354,4203384.975,3538.770508
112.0498786,260043.8189,4203384.951,3538.777588
112.0789012,260043.8024,4203384.927,3538.785645
112.1079237,260043.7859,4203384.903,3538.795898
112.1369463,260043.7694,4203384.879,3538.806885
112.1659688,260043.7529,4203384.855,3538.816895
112.1949914,260043.7364,4203384.832,3538.832031
112.2240139,260043.7199,4203384.808,3538.848389
112.2530365,260043.7035,4203384.784,3538.860596
112.282059,260043.687,4203384.76,3538.873291
112.3110816,260043.6705,4203384.736,3538.88501
112.3401041,260043.654,4203384.712,3538.897217
112.3691267,260043.6375,4203384.688,3538.909424
112.3981492,260043.621,4203384.664,3538.919434
112.4271718,260043.6045,4203384.641,3538.926514
112.4561943,260043.588,4203384.617,3538.931152
112.4852169,260043.5715,4203384.593,3538.933594
112.5142394,260043.555,4203384.569,3538.937256
112.543262,260043.5386,4203384.545,3538.943115
112.5722845,260043.5221,4203384.521,3538.954834
112.6013071,260043.5056,4203384.497,3538.967285
112.6303296,260043.4891,4203384.473,3538.974121
112.6593522,260043.4726,4203384.449,3538.983398
112.6883747,260043.4561,4203384.426,3538.991211
112.7173973,260043.4396,4203384.402,3538.997803
112.7464198,260043.4231,4203384.378,3539.000732
112.7754424,260043.4066,4203384.354,3539.004883
112.8044649,260043.3901,4203384.33,3539.00708
112.8334875,260043.3737,4203384.306,3539.008057
112.86251,260043.3572,4203384.282,3539.008789
112.8915326,260043.3407,4203384.258,3539.01001
112.9205551,260043.3242,4203384.235,3539.010742
112.9495777,260043.3077,4203384.211,3539.011475
112.9786002,260043.2912,4203384.187,3539.012207
113.0076228,260043.2747,4203384.163,3539.012939
113.0366453,260043.2582,4203384.139,3539.013672
113.0656679,260043.2417,4203384.115,3539.014648
113.0946904,260043.2252,4203384.091,3539.016602
113.123713,260043.2087,4203384.067,3539.020264
113.1527355,260043.1923,4203384.043,3539.023438
113.1817581,260043.1758,4203384.02,3539.027832
113.2107806,260043.1593,4203383.996,3539.033936
113.2398032,260043.1428,4203383.972,3539.038574
113.2688257,260043.1263,4203383.948,3539.041992
113.2978483,260043.1098,4203383.924,3539.047119
113.3268708,260043.0933,4203383.9,3539.051514
113.3558934,260043.0768,4203383.876,3539.057617
113.3849159,260043.0603,4203383.852,3539.06543
113.4139385,260043.0438,4203383.829,3539.071289
113.442961,260043.0274,4203383.805,3539.075928
113.4719836,260043.0109,4203383.781,3539.081299
113.5010061,260042.9944,4203383.757,3539.088135
113.5300287,260042.9779,4203383.733,3539.092773
113.5590512,260042.9614,4203383.709,3539.098389
113.5880738,260042.9449,4203383.685,3539.104004
113.6170963,260042.9284,4203383.661,3539.110107
113.6461189,260042.9119,4203383.637,3539.115967
113.6751414,260042.8954,4203383.614,3539.123535
113.704164,260042.8789,4203383.59,3539.13916
113.7331865,260042.8625,4203383.566,3539.16626
113.7622091,260042.846,4203383.542,3539.184326
113.7912316,260042.8295,4203383.518,3539.196777
113.8202542,260042.813,4203383.494,3539.205811
113.8492767,260042.7965,4203383.47,3539.213135
113.8782993,260042.78,4203383.446,3539.220947
113.9073218,260042.7635,4203383.423,3539.230225
113.9363444,260042.747,4203383.399,3539.237793
113.9653669,260042.7305,4203383.375,3539.243652
113.9943895,260042.714,4203383.351,3539.249512
114.023412,260042.6975,4203383.327,3539.256104
114.0524346,260042.6811,4203383.303,3539.268066
114.0814571,260042.6646,4203383.279,3539.292236
114.1104797,260042.6481,4203383.255,3539.30835
114.1395022,260042.6316,4203383.231,3539.323975
114.1685248,260042.6151,4203383.208,3539.34375
114.1975473,260042.5986,4203383.184,3539.360596
114.2265699,260042.5821,4203383.16,3539.377441
114.2555924,260042.5656,4203383.136,3539.390869
114.284615,260042.5491,4203383.112,3539.403809
114.3136375,260042.5326,4203383.088,3539.415283
114.3426601,260042.5162,4203383.064,3539.428467
114.3716826,260042.4997,4203383.04,3539.438232
114.4007052,260042.4832,4203383.017,3539.450928
114.4297277,260042.4667,4203382.993,3539.466064
114.4587503,260042.4502,4203382.969,3539.479248
114.4877728,260042.4337,4203382.945,3539.491699
114.5167954,260042.4172,4203382.921,3539.503174
114.5458179,260042.4007,4203382.897,3539.515869
114.5748405,260042.3842,4203382.873,3539.528809
114.603863,260042.3677,4203382.849,3539.53833
114.6328856,260042.3513,4203382.825,3539.546387
114.6619081,260042.3348,4203382.802,3539.551758
114.6909307,260042.3183,4203382.778,3539.555664
114.7199532,260042.3018,4203382.754,3539.561523
114.7489758,260042.2853,4203382.73,3539.567871
114.7779983,260042.2688,4203382.706,3539.574219
114.8070209,260042.2523,4203382.682,3539.581787
114.8360434,260042.2358,4203382.658,3539.588623
114.865066,260042.2193,4203382.634,3539.595459
114.8940885,260042.2028,4203382.611,3539.60376
114.9231111,260042.1863,4203382.587,3539.611816
114.9521336,260042.1699,4203382.563,3539.62207
114.9811562,260042.1534,4203382.539,3539.630127
115.0101787,260042.1369,4203382.515,3539.635254
115.0392013,260042.1204,4203382.491,3539.641113
115.0682238,260042.1039,4203382.467,3539.648682
115.0972464,260042.0874,4203382.443,3539.663574
115.1262689,260042.0709,4203382.419,3539.682373
115.1552915,260042.0544,4203382.396,3539.705322
115.184314,260042.0379,4203382.372,3539.721924
115.2133366,260042.0214,4203382.348,3539.753906
115.2423591,260042.005,4203382.324,3539.78418
115.2713817,260041.9885,4203382.3,3539.79834
115.3004042,260041.972,4203382.276,3539.822021
115.3294268,260041.9555,4203382.252,3539.846924
115.3584493,260041.939,4203382.228,3539.863525
115.3874719,260041.9225,4203382.205,3539.890625
115.4164944,260041.906,4203382.181,3539.920654
115.445517,260041.8895,4203382.157,3539.945313
115.4745395,260041.873,4203382.133,3539.985107
115.5035621,260041.8565,4203382.109,3540.019531
115.5325846,260041.84,4203382.085,3540.043701
115.5616072,260041.8236,4203382.061,3540.060547
115.5906297,260041.8071,4203382.037,3540.07251
115.6196523,260041.7906,4203382.013,3540.080811
115.6486748,260041.7741,4203381.99,3540.092285
115.6776974,260041.7576,4203381.966,3540.0979
115.7067199,260041.7411,4203381.942,3540.102295
115.7357425,260041.7246,4203381.918,3540.107178
115.764765,260041.7081,4203381.894,3540.110596
115.7937876,260041.6916,4203381.87,3540.112793
115.8228101,260041.6751,4203381.846,3540.116699
115.8518327,260041.6587,4203381.822,3540.127197
115.8808552,260041.6422,4203381.798,3540.150635
115.9098778,260041.6257,4203381.775,3540.184082
115.9389003,260041.6092,4203381.751,3540.230469
115.9679229,260041.5927,4203381.727,3540.255371
115.9969454,260041.5762,4203381.703,3540.280762
116.025968,260041.5597,4203381.679,3540.306152
116.0549905,260041.5432,4203381.655,3540.319092
116.0840131,260041.5267,4203381.631,3540.330811
116.1130356,260041.5102,4203381.607,3540.354004
116.1420582,260041.4938,4203381.584,3540.363281
116.1710807,260041.4773,4203381.56,3540.368408
116.2001033,260041.4608,4203381.536,3540.394775
116.2291258,260041.4443,4203381.512,3540.398682
116.2581484,260041.4278,4203381.488,3540.39917
116.2871709,260041.4113,4203381.464,3540.396973
116.3161935,260041.3948,4203381.44,3540.419678
116.345216,260041.3783,4203381.416,3540.418457
116.3742386,260041.3618,4203381.392,3540.416992
116.4032611,260041.3453,4203381.369,3540.437256
116.4322837,260041.3288,4203381.345,3540.433838
116.4613062,260041.3124,4203381.321,3540.431152
116.4903288,260041.2959,4203381.297,3540.450684
116.5193513,260041.2794,4203381.273,3540.448242
116.5483739,260041.2629,4203381.249,3540.443848
116.5773964,260041.2464,4203381.225,3540.462402
116.606419,260041.2299,4203381.201,3540.454346
116.6354416,260041.2134,4203381.178,3540.44751
116.6644641,260041.1969,4203381.154,3540.465332
116.6934867,260041.1804,4203381.13,3540.453369
116.7225092,260041.1639,4203381.106,3540.444092
116.7515318,260041.1475,4203381.082,3540.432129
116.7805543,260041.131,4203381.058,3540.448486
116.8095769,260041.1145,4203381.034,3540.438232
116.8385994,260041.098,4203381.01,3540.430176
116.867622,260041.0815,4203380.986,3540.44751
116.8966445,260041.065,4203380.963,3540.44043
116.9256671,260041.0485,4203380.939,3540.435303
116.9546896,260041.032,4203380.915,3540.45166
116.9837122,260041.0155,4203380.891,3540.448486
117.0127347,260040.999,4203380.867,3540.446289
117.0417573,260040.9826,4203380.843,3540.459961
117.0707798,260040.9661,4203380.819,3540.458252
117.0998024,260040.9496,4203380.795,3540.45752
117.1288249,260040.9331,4203380.772,3540.456787
117.1578475,260040.9166,4203380.748,3540.47168
117.18687,260040.9001,4203380.724,3540.472168
117.2158926,260040.8836,4203380.7,3540.473633
117.2449151,260040.8671,4203380.676,3540.487549
117.2739377,260040.8506,4203380.652,3540.487061
117.3029602,260040.8341,4203380.628,3540.485107
117.3319828,260040.8176,4203380.604,3540.494629
117.3610053,260040.8012,4203380.58,3540.489502
117.3900279,260040.7847,4203380.557,3540.485352
117.4190504,260040.7682,4203380.533,3540.490967
117.448073,260040.7517,4203380.509,3540.485596
117.4770955,260040.7352,4203380.485,3540.479492
117.5061181,260040.7187,4203380.461,3540.477539
117.5351406,260040.7022,4203380.437,3540.480713
117.5641632,260040.6857,4203380.413,3540.479492
117.5931857,260040.6692,4203380.389,3540.479492
117.6222083,260040.6527,4203380.366,3540.481689
117.6512308,260040.6363,4203380.342,3540.482666
117.6802534,260040.6198,4203380.318,3540.483887
117.7092759,260040.6033,4203380.294,3540.486328
117.7382985,260040.5868,4203380.27,3540.488281
117.767321,260040.5703,4203380.246,3540.490234
117.7963436,260040.5538,4203380.222,3540.493408
117.8253661,260040.5373,4203380.198,3540.495605
117.8543887,260040.5208,4203380.174,3540.498535
117.8834112,260040.5043,4203380.151,3540.501709
117.9124338,260040.4878,4203380.127,3540.505371
117.9414563,260040.4714,4203380.103,3540.510986
117.9704789,260040.4549,4203380.079,3540.518311
117.9995014,260040.4384,4203380.055,3540.521973
118.028524,260040.4219,4203380.031,3540.528076
118.0575465,260040.4054,4203380.007,3540.532715
118.0865691,260040.3889,4203379.983,3540.533936
118.1155916,260040.3724,4203379.96,3540.536621
118.1446142,260040.3559,4203379.936,3540.540039
118.1736367,260040.3394,4203379.912,3540.542236
118.2026593,260040.3229,4203379.888,3540.550537
118.2316818,260040.3064,4203379.864,3540.564209
118.2607044,260040.29,4203379.84,3540.571777
118.2897269,260040.2735,4203379.816,3540.590088
118.3187495,260040.257,4203379.792,3540.610352
118.347772,260040.2405,4203379.768,3540.629883
118.3767946,260040.224,4203379.745,3540.634766
118.4058171,260040.2075,4203379.721,3540.650391
118.4348397,260040.191,4203379.697,3540.664551
118.4638622,260040.1745,4203379.673,3540.668457
118.4928848,260040.158,4203379.649,3540.681641
118.5219073,260040.1415,4203379.625,3540.696289
118.5509299,260040.1251,4203379.601,3540.70166
118.5799524,260040.1086,4203379.577,3540.72168
118.608975,260040.0921,4203379.554,3540.73999
118.6379975,260040.0756,4203379.53,3540.752686
118.6670201,260040.0591,4203379.506,3540.783936
118.6960426,260040.0426,4203379.482,3540.84082
118.7250652,260040.0261,4203379.458,3540.900635
118.7540877,260040.0096,4203379.434,3540.91748
118.7831103,260039.9931,4203379.41,3540.955078
118.8121328,260039.9766,4203379.386,3540.967773
118.8411554,260039.9602,4203379.362,3540.972168
118.8701779,260039.9437,4203379.339,3540.979736
118.8992005,260039.9272,4203379.315,3540.98291
118.928223,260039.9107,4203379.291,3540.983154
118.9572456,260039.8942,4203379.267,3540.983398
118.9862681,260039.8777,4203379.243,3540.983398
119.0152907,260039.8612,4203379.219,3540.983154
119.0443132,260039.8447,4203379.195,3540.980957
119.0733358,260039.8282,4203379.171,3540.976074
119.1023583,260039.8117,4203379.148,3540.970459
119.1313809,260039.7952,4203379.124,3540.966553
119.1604034,260039.7788,4203379.1,3540.963135
119.189426,260039.7623,4203379.076,3540.96167
119.2184485,260039.7458,4203379.052,3540.960938
119.2474711,260039.7293,4203379.028,3540.961182
119.2764936,260039.7128,4203379.004,3540.961914
119.3055162,260039.6963,4203378.98,3540.961914
119.3345387,260039.6798,4203378.956,3540.963379
119.3635613,260039.6633,4203378.933,3540.964844
119.3925838,260039.6468,4203378.909,3540.96582
119.4216064,260039.6303,4203378.885,3540.968994
119.4506289,260039.6139,4203378.861,3540.9729
119.4796515,260039.5974,4203378.837,3540.976807
119.508674,260039.5809,4203378.813,3540.97998
119.5376966,260039.5644,4203378.789,3540.98877
119.5667191,260039.5479,4203378.765,3540.997803
119.5957417,260039.5314,4203378.742,3541.001709
119.6247642,260039.5149,4203378.718,3541.005615
119.6537868,260039.4984,4203378.694,3541.008545
119.6828093,260039.4819,4203378.67,3541.01123
119.7118319,260039.4654,4203378.646,3541.017578
119.7408544,260039.4489,4203378.622,3541.025146
119.769877,260039.4325,4203378.598,3541.030029
119.7988995,260039.416,4203378.574,3541.037598
119.8279221,260039.3995,4203378.55,3541.047363
119.8569446,260039.383,4203378.527,3541.05542
119.8859672,260039.3665,4203378.503,3541.071533
119.9149897,260039.35,4203378.479,3541.09082
119.9440123,260039.3335,4203378.455,3541.115479
119.9730348,260039.317,4203378.431,3541.12915
120.0020574,260039.3005,4203378.407,3541.150391
120.0310799,260039.284,4203378.383,3541.173828
120.0601025,260039.2676,4203378.359,3541.185303
120.089125,260039.2511,4203378.336,3541.212158
120.1181476,260039.2346,4203378.312,3541.243164
120.1471701,260039.2181,4203378.288,3541.254395
120.1761927,260039.2016,4203378.264,3541.283936
120.2052152,260039.1851,4203378.24,3541.317871
120.2342378,260039.1686,4203378.216,3541.332764
120.2632603,260039.1521,4203378.192,3541.369385
120.2922829,260039.1356,4203378.168,3541.396484
120.3213054,260039.1191,4203378.144,3541.416016
120.350328,260039.1027,4203378.121,3541.422119
120.3793505,260039.0862,4203378.097,3541.432617
120.4083731,260039.0697,4203378.073,3541.442627
120.4373956,260039.0532,4203378.049,3541.445068
120.4664182,260039.0367,4203378.025,3541.453369
120.4954407,260039.0202,4203378.001,3541.460449
120.5244633,260039.0037,4203377.977,3541.461914
120.5534858,260038.9872,4203377.953,3541.46875
120.5825084,260038.9707,4203377.93,3541.477295
120.6115309,260038.9542,4203377.906,3541.479492
120.6405535,260038.9377,4203377.882,3541.499512
120.669576,260038.9213,4203377.858,3541.528076
120.6985986,260038.9048,4203377.834,3541.554443
120.7276211,260038.8883,4203377.81,3541.557373
120.7566437,260038.8718,4203377.786,3541.579346
120.7856662,260038.8553,4203377.762,3541.60083
120.8146888,260038.8388,4203377.738,3541.602051
120.8437113,260038.8223,4203377.715,3541.620361
120.8727339,260038.8058,4203377.691,3541.632324
120.9017564,260038.7893,4203377.667,3541.63208
120.930779,260038.7728,4203377.643,3541.64209
120.9598015,260038.7564,4203377.619,3541.650635
120.9888241,260038.7399,4203377.595,3541.6521
121.0178466,260038.7234,4203377.571,3541.660889
121.0468692,260038.7069,4203377.547,3541.669189
121.0758917,260038.6904,4203377.524,3541.677246
121.1049143,260038.6739,4203377.5,3541.678223
121.1339368,260038.6574,4203377.476,3541.686035
121.1629594,260038.6409,4203377.452,3541.693115
121.1919819,260038.6244,4203377.428,3541.69165
121.2210045,260038.6079,4203377.404,3541.699219
121.250027,260038.5915,4203377.38,3541.703857
121.2790496,260038.575,4203377.356,3541.698242
121.3080721,260038.5585,4203377.332,3541.699463
121.3370947,260038.542,4203377.309,3541.694336
121.3661172,260038.5255,4203377.285,3541.683838
121.3951398,260038.509,4203377.261,3541.664063
121.4241623,260038.4925,4203377.237,3541.658203
121.4531849,260038.476,4203377.213,3541.647705
121.4822074,260038.4595,4203377.189,3541.641357
121.51123,260038.443,4203377.165,3541.634766
121.5402525,260038.4265,4203377.141,3541.627441
121.5692751,260038.4101,4203377.118,3541.620361
121.5982976,260038.3936,4203377.094,3541.614014
121.6273202,260038.3771,4203377.07,3541.606934
121.6563428,260038.3606,4203377.046,3541.600098
121.6853653,260038.3441,4203377.022,3541.593506
121.7143879,260038.3276,4203376.998,3541.586426
121.7434104,260038.3111,4203376.974,3541.579346
121.772433,260038.2946,4203376.95,3541.574707
121.8014555,260038.2781,4203376.926,3541.56958
121.8304781,260038.2616,4203376.903,3541.563965
121.8595006,260038.2452,4203376.879,3541.560059
121.8885232,260038.2287,4203376.855,3541.554443
121.9175457,260038.2122,4203376.831,3541.546631
121.9465683,260038.1957,4203376.807,3541.53833
121.9755908,260038.1792,4203376.783,3541.530029
122.0046134,260038.1627,4203376.759,3541.520752
122.0336359,260038.1462,4203376.735,3541.51123
122.0626585,260038.1297,4203376.712,3541.502686
122.091681,260038.1132,4203376.688,3541.495117
122.1207036,260038.0967,4203376.664,3541.48999
122.1497261,260038.0803,4203376.64,3541.487549
122.1787487,260038.0638,4203376.616,3541.486572
122.2077712,260038.0473,4203376.592,3541.484863
122.2367938,260038.0308,4203376.568,3541.484619
122.2658163,260038.0143,4203376.544,3541.484375
122.2948389,260037.9978,4203376.52,3541.484619
122.3238614,260037.9813,4203376.497,3541.484375
122.352884,260037.9648,4203376.473,3541.484863
122.3819065,260037.9483,4203376.449,3541.485596
122.4109291,260037.9318,4203376.425,3541.48584
122.4399516,260037.9153,4203376.401,3541.486572
122.4689742,260037.8989,4203376.377,3541.487793
122.4979967,260037.8824,4203376.353,3541.489258
122.5270193,260037.8659,4203376.329,3541.495361
122.5560418,260037.8494,4203376.306,3541.51001
122.5850644,260037.8329,4203376.282,3541.522461
122.6140869,260037.8164,4203376.258,3541.5354
122.6431095,260037.7999,4203376.234,3541.546387
122.672132,260037.7834,4203376.21,3541.553955
122.7011546,260037.7669,4203376.186,3541.55835
122.7301771,260037.7504,4203376.162,3541.561523
122.7591997,260037.734,4203376.138,3541.565674
122.7882222,260037.7175,4203376.114,3541.569824
122.8172448,260037.701,4203376.091,3541.573975
122.8462673,260037.6845,4203376.067,3541.578369
122.8752899,260037.668,4203376.043,3541.582764
122.9043124,260037.6515,4203376.019,3541.587158
122.933335,260037.635,4203375.995,3541.592285
122.9623575,260037.6185,4203375.971,3541.595947
122.9913801,260037.602,4203375.947,3541.598877
123.0204026,260037.5855,4203375.923,3541.603271
123.0494252,260037.5691,4203375.9,3541.607178
123.0784477,260037.5526,4203375.876,3541.611328
123.1074703,260037.5361,4203375.852,3541.615967
123.1364928,260037.5196,4203375.828,3541.62085
123.1655154,260037.5031,4203375.804,3541.625
123.1945379,260037.4866,4203375.78,3541.630859
123.2235605,260037.4701,4203375.756,3541.637207
123.252583,260037.4536,4203375.732,3541.642334
123.2816056,260037.4371,4203375.708,3541.648682
123.3106281,260037.4206,4203375.685,3541.653809
123.3396507,260037.4041,4203375.661,3541.656738
123.3686732,260037.3877,4203375.637,3541.658936
123.3976958,260037.3712,4203375.613,3541.660156
123.4267183,260037.3547,4203375.589,3541.660889
123.4557409,260037.3382,4203375.565,3541.662109
123.4847634,260037.3217,4203375.541,3541.663086
123.513786,260037.3052,4203375.517,3541.664307
123.5428085,260037.2887,4203375.494,3541.665527
123.5718311,260037.2722,4203375.47,3541.667725
123.6008536,260037.2557,4203375.446,3541.670166
123.6298762,260037.2392,4203375.422,3541.671631
123.6588987,260037.2228,4203375.398,3541.676514
123.6879213,260037.2063,4203375.374,3541.684082
123.7169438,260037.1898,4203375.35,3541.688477
123.7459664,260037.1733,4203375.326,3541.695068
123.7749889,260037.1568,4203375.302,3541.698486
123.8040115,260037.1403,4203375.279,3541.699463
123.833034,260037.1238,4203375.255,3541.700928
123.8620566,260037.1073,4203375.231,3541.703857
123.8910791,260037.0908,4203375.207,3541.70874
123.9201017,260037.0743,4203375.183,3541.708984
123.9491242,260037.0578,4203375.159,3541.714844
123.9781468,260037.0414,4203375.135,3541.719727
124.0071693,260037.0249,4203375.111,3541.720215
124.0361919,260037.0084,4203375.087,3541.726807
124.0652144,260036.9919,4203375.064,3541.73999
124.094237,260036.9754,4203375.04,3541.745117
124.1232595,260036.9589,4203375.016,3541.770752
124.1522821,260036.9424,4203374.992,3541.802002
124.1813046,260036.9259,4203374.968,3541.814453
124.2103272,260036.9094,4203374.944,3541.842285
124.2393497,260036.8929,4203374.92,3541.86084
124.2683723,260036.8765,4203374.896,3541.869873
124.2973948,260036.86,4203374.873,3541.888184
124.3264174,260036.8435,4203374.849,3541.906494
124.3554399,260036.827,4203374.825,3541.919678
124.3844625,260036.8105,4203374.801,3541.924316
124.413485,260036.794,4203374.777,3541.934082
124.4425076,260036.7775,4203374.753,3541.943359
124.4715301,260036.761,4203374.729,3541.94873
124.5005527,260036.7445,4203374.705,3541.964111
124.5295752,260036.728,4203374.681,3541.983643
124.5585978,260036.7116,4203374.658,3541.992432
124.5876203,260036.6951,4203374.634,3542.009521
124.6166429,260036.6786,4203374.61,3542.031006
124.6456654,260036.6621,4203374.586,3542.043213
124.674688,260036.6456,4203374.562,3542.065918
124.7037105,260036.6291,4203374.538,3542.082764
124.7327331,260036.6126,4203374.514,3542.095459
124.7617556,260036.5961,4203374.49,3542.102051
124.7907782,260036.5796,4203374.467,3542.111328
124.8198007,260036.5631,4203374.443,3542.124512
124.8488233,260036.5466,4203374.419,3542.134277
124.8778458,260036.5302,4203374.395,3542.148682
124.9068684,260036.5137,4203374.371,3542.161865
124.9358909,260036.4972,4203374.347,3542.171875
124.9649135,260036.4807,4203374.323,3542.186279
124.993936,260036.4642,4203374.299,3542.200439
125.0229586,260036.4477,4203374.275,3542.208984
125.0519811,260036.4312,4203374.252,3542.2229
125.0810037,260036.4147,4203374.228,3542.234863
125.1100262,260036.3982,4203374.204,3542.243164
125.1390488,260036.3817,4203374.18,3542.250244
125.1680713,260036.3653,4203374.156,3542.26416
125.1970939,260036.3488,4203374.132,3542.28125
125.2261164,260036.3323,4203374.108,3542.295166
125.255139,260036.3158,4203374.084,3542.310791
125.2841615,260036.2993,4203374.061,3542.322021
125.3131841,260036.2828,4203374.037,3542.32959
125.3422066,260036.2663,4203374.013,3542.338379
125.3712292,260036.2498,4203373.989,3542.345703
125.4002517,260036.2333,4203373.965,3542.350098
125.4292743,260036.2168,4203373.941,3542.354492
125.4582968,260036.2004,4203373.917,3542.357178
125.4873194,260036.1839,4203373.893,3542.359863
125.5163419,260036.1674,4203373.869,3542.362061
125.5453645,260036.1509,4203373.846,3542.368164
125.574387,260036.1344,4203373.822,3542.380859
125.6034096,260036.1179,4203373.798,3542.386963
125.6324321,260036.1014,4203373.774,3542.400146
125.6614547,260036.0849,4203373.75,3542.412109
125.6904772,260036.0684,4203373.726,3542.417236
125.7194998,260036.0519,4203373.702,3542.424561
125.7485223,260036.0354,4203373.678,3542.433838
125.7775449,260036.019,4203373.655,3542.439697
125.8065674,260036.0025,4203373.631,3542.453125
125.8339964,260035.989,4203373.607,3542.468018
125.8614253,260035.9755,4203373.583,3542.47583
125.8888542,260035.9621,4203373.559,3542.490723
125.9162831,260035.9486,4203373.535,3542.498535
125.943712,260035.9351,4203373.511,3542.509033
125.971141,260035.9217,4203373.487,3542.521484
125.9985699,260035.9082,4203373.463,3542.538574
126.0259988,260035.8947,4203373.44,3542.552002
126.0534277,260035.8813,4203373.416,3542.563965
126.0808567,260035.8678,4203373.392,3542.574707
126.1082856,260035.8543,4203373.368,3542.581055
126.1357145,260035.8409,4203373.344,3542.588867
126.1631434,260035.8274,4203373.32,3542.592529
126.1905723,260035.8139,4203373.296,3542.595947
126.2180013,260035.8004,4203373.272,3542.598633
126.2454302,260035.787,4203373.248,3542.60083
126.2728591,260035.7735,4203373.224,3542.603516
126.300288,260035.76,4203373.201,3542.604736
126.3277169,260035.7466,4203373.177,3542.607666
126.3551459,260035.7331,4203373.153,3542.609131
126.3825748,260035.7196,4203373.129,3542.611084
126.4100037,260035.7062,4203373.105,3542.61377
126.4374326,260035.6927,4203373.081,3542.614746
126.4648615,260035.6792,4203373.057,3542.617676
126.4922905,260035.6658,4203373.033,3542.619385
126.5197194,260035.6523,4203373.009,3542.623535
126.5471483,260035.6388,4203372.986,3542.625488
126.5745772,260035.6254,4203372.962,3542.631836
126.6020061,260035.6119,4203372.938,3542.63501
126.6294351,260035.5984,4203372.914,3542.644287
126.656864,260035.585,4203372.89,3542.65625
126.6842929,260035.5715,4203372.866,3542.661865
126.7117218,260035.558,4203372.842,3542.677246
126.7391508,260035.5446,4203372.818,3542.685303
126.7665797,260035.5311,4203372.794,3542.703125
126.7940086,260035.5176,4203372.77,3542.70752
126.8214375,260035.5042,4203372.747,3542.716553
126.8488664,260035.4907,4203372.723,3542.724609
126.8762954,260035.4772,4203372.699,3542.727295
126.9037243,260035.4637,4203372.675,3542.737305
126.9311532,260035.4503,4203372.651,3542.741211
126.9585821,260035.4368,4203372.627,3542.75
126.986011,260035.4233,4203372.603,3542.75293
127.01344,260035.4099,4203372.579,3542.760742
127.0408689,260035.3964,4203372.555,3542.763428
127.0682978,260035.3829,4203372.532,3542.769531
127.0957267,260035.3695,4203372.508,3542.779541
127.1231556,260035.356,4203372.484,3542.785889
127.1505846,260035.3425,4203372.46,3542.797607
127.1780135,260035.3291,4203372.436,3542.804199
127.2054424,260035.3156,4203372.412,3542.819092
127.2328713,260035.3021,4203372.388,3542.828125
127.2603003,260035.2887,4203372.364,3542.844971
127.2877292,260035.2752,4203372.34,3542.859375
127.3151581,260035.2617,4203372.316,3542.866455
127.342587,260035.2483,4203372.293,3542.87915
127.3700159,260035.2348,4203372.269,3542.885742
127.3974449,260035.2213,4203372.245,3542.896729
127.4248738,260035.2079,4203372.221,3542.9021
127.4523027,260035.1944,4203372.197,3542.911865
127.4797316,260035.1809,4203372.173,3542.922363
127.5071605,260035.1675,4203372.149,3542.927979
127.5345895,260035.154,4203372.125,3542.940186
127.5620184,260035.1405,4203372.101,3542.946777
127.5894473,260035.1271,4203372.078,3542.960693
127.6168762,260035.1136,4203372.054,3542.968262
127.6443051,260035.1001,4203372.03,3542.978027
127.6717341,260035.0866,4203372.006,3542.985352
127.699163,260035.0732,4203371.982,3542.996094
127.7265919,260035.0597,4203371.958,3543.005615
127.7540208,260035.0462,4203371.934,3543.014648
127.7814497,260035.0328,4203371.91,3543.027588
127.8088787,260035.0193,4203371.886,3543.037109
127.8363076,260035.0058,4203371.862,3543.050781
127.8637365,260034.9924,4203371.839,3543.063721
127.8911654,260034.9789,4203371.815,3543.081543
127.9185944,260034.9654,4203371.791,3543.099609
127.9460233,260034.952,4203371.767,3543.114746
127.9734522,260034.9385,4203371.743,3543.132813
128.0008811,260034.925,4203371.719,3543.144775
128.02831,260034.9116,4203371.695,3543.154541
128.055739,260034.8981,4203371.671,3543.160889
128.0831679,260034.8846,4203371.647,3543.168701
128.1105968,260034.8712,4203371.624,3543.174805
128.1380257,260034.8577,4203371.6,3543.177734
128.1654546,260034.8442,4203371.576,3543.179932
128.1928836,260034.8308,4203371.552,3543.181396
128.2203125,260034.8173,4203371.528,3543.182373
128.2477414,260034.8038,4203371.504,3543.183105
128.2751703,260034.7904,4203371.48,3543.184326
128.3025992,260034.7769,4203371.456,3543.185059
128.3300282,260034.7634,4203371.432,3543.186279
128.3574571,260034.7499,4203371.408,3543.188232
128.384886,260034.7365,4203371.385,3543.190186
128.4123149,260034.723,4203371.361,3543.192627
128.4397439,260034.7095,4203371.337,3543.194824
128.4671728,260034.6961,4203371.313,3543.19873
128.4946017,260034.6826,4203371.289,3543.203125
128.5220306,260034.6691,4203371.265,3543.208984
128.5494595,260034.6557,4203371.241,3543.216553
128.5768885,260034.6422,4203371.217,3543.223389
128.6043174,260034.6287,4203371.193,3543.231445
128.6317463,260034.6153,4203371.17,3543.23877
128.6591752,260034.6018,4203371.146,3543.249756
128.6866041,260034.5883,4203371.122,3543.260254
128.7140331,260034.5749,4203371.098,3543.277344
128.741462,260034.5614,4203371.074,3543.291504
128.7688909,260034.5479,4203371.05,3543.305664
128.7963198,260034.5345,4203371.026,3543.318115
128.8237487,260034.521,4203371.002,3543.326904
128.8511777,260034.5075,4203370.978,3543.334961
128.8786066,260034.4941,4203370.954,3543.343018
128.9060355,260034.4806,4203370.931,3543.350586
128.9334644,260034.4671,4203370.907,3543.357422
128.9608933,260034.4537,4203370.883,3543.366943
128.9883223,260034.4402,4203370.859,3543.378174
129.0157512,260034.4267,4203370.835,3543.388916
129.0431801,260034.4132,4203370.811,3543.398926
129.070609,260034.3998,4203370.787,3543.404541
129.098038,260034.3863,4203370.763,3543.410156
129.1254669,260034.3728,4203370.739,3543.414551
129.1528958,260034.3594,4203370.715,3543.42041
129.1803247,260034.3459,4203370.692,3543.427246
129.2077536,260034.3324,4203370.668,3543.434082
129.2351826,260034.319,4203370.644,3543.445557
129.2626115,260034.3055,4203370.62,3543.453613
129.2900404,260034.292,4203370.596,3543.464844
129.3174693,260034.2786,4203370.572,3543.470215
129.3448982,260034.2651,4203370.548,3543.47998
129.3723272,260034.2516,4203370.524,3543.487793
129.3997561,260034.2382,4203370.5,3543.504639
129.427185,260034.2247,4203370.477,3543.520996
129.4546139,260034.2112,4203370.453,3543.528564
129.4820428,260034.1978,4203370.429,3543.53833
129.5094718,260034.1843,4203370.405,3543.543945
129.5369007,260034.1708,4203370.381,3543.546631
129.5643296,260034.1574,4203370.357,3543.548096
129.5917585,260034.1439,4203370.333,3543.548584
129.6191875,260034.1304,4203370.309,3543.548828
129.6466164,260034.117,4203370.285,3543.549561
129.6740453,260034.1035,4203370.261,3543.549561
129.7014742,260034.09,4203370.238,3543.549805
129.7289031,260034.0765,4203370.214,3543.549805
129.7563321,260034.0631,4203370.19,3543.549561
129.783761,260034.0496,4203370.166,3543.548828
129.8111899,260034.0361,4203370.142,3543.548828
129.8386188,260034.0227,4203370.118,3543.548828
129.8660477,260034.0092,4203370.094,3543.549072
129.8934767,260033.9957,4203370.07,3543.549072
129.9209056,260033.9823,4203370.046,3543.549316
129.9483345,260033.9688,4203370.023,3543.549316
129.9757634,260033.9553,4203369.999,3543.550049
130.0031923,260033.9419,4203369.975,3543.550293
130.0306213,260033.9284,4203369.951,3543.551514
130.0580502,260033.9149,4203369.927,3543.553223
130.0854791,260033.9015,4203369.903,3543.554443
130.112908,260033.888,4203369.879,3543.558105
130.1403369,260033.8745,4203369.855,3543.559814
130.1677659,260033.8611,4203369.831,3543.562012
130.1951948,260033.8476,4203369.807,3543.562988
130.2226237,260033.8341,4203369.784,3543.564941
130.2500526,260033.8207,4203369.76,3543.56665
130.2774816,260033.8072,4203369.736,3543.569824
130.3049105,260033.7937,4203369.712,3543.57373
130.3323394,260033.7803,4203369.688,3543.577393
130.3597683,260033.7668,4203369.664,3543.580566
130.3871972,260033.7533,4203369.64,3543.584961
130.4146262,260033.7399,4203369.616,3543.589355
130.4420551,260033.7264,4203369.592,3543.596924
130.469484,260033.7129,4203369.569,3543.602539
130.4969129,260033.6994,4203369.545,3543.60791
130.5243418,260033.686,4203369.521,3543.614502
130.5517708,260033.6725,4203369.497,3543.620361
130.5791997,260033.659,4203369.473,3543.628418
130.6066286,260033.6456,4203369.449,3543.634766
130.6340575,260033.6321,4203369.425,3543.643799
130.6614864,260033.6186,4203369.401,3543.650391
130.6889154,260033.6052,4203369.377,3543.658691
130.7163443,260033.5917,4203369.353,3543.667725
130.7437732,260033.5782,4203369.33,3543.677002
130.7712021,260033.5648,4203369.306,3543.683838
130.7986311,260033.5513,4203369.282,3543.689209
130.82606,260033.5378,4203369.258,3543.692383
130.8534889,260033.5244,4203369.234,3543.695557
130.8809178,260033.5109,4203369.21,3543.699707
130.9083467,260033.4974,4203369.186,3543.707275
130.9357757,260033.484,4203369.162,3543.71875
130.9632046,260033.4705,4203369.138,3543.726563
130.9906335,260033.457,4203369.115,3543.734619
131.0180624,260033.4436,4203369.091,3543.739746
131.0454913,260033.4301,4203369.067,3543.744385
131.0729203,260033.4166,4203369.043,3543.74707
131.1003492,260033.4032,4203369.019,3543.749756
131.1277781,260033.3897,4203368.995,3543.751953
131.155207,260033.3762,4203368.971,3543.753418
131.1826359,260033.3627,4203368.947,3543.754883
131.2100649,260033.3493,4203368.923,3543.755859
131.2374938,260033.3358,4203368.899,3543.75708
131.2649227,260033.3223,4203368.876,3543.758057
131.2923516,260033.3089,4203368.852,3543.759033
131.3197805,260033.2954,4203368.828,3543.760498
131.3472095,260033.2819,4203368.804,3543.761475
131.3746384,260033.2685,4203368.78,3543.762207
131.4020673,260033.255,4203368.756,3543.762695
131.4294962,260033.2415,4203368.732,3543.763184
131.4569252,260033.2281,4203368.708,3543.763428
131.4843541,260033.2146,4203368.684,3543.764648
131.511783,260033.2011,4203368.661,3543.765869
131.5392119,260033.1877,4203368.637,3543.771729
131.5666408,260033.1742,4203368.613,3543.779785
131.5940698,260033.1607,4203368.589,3543.784424
131.6214987,260033.1473,4203368.565,3543.79541
131.6489276,260033.1338,4203368.541,3543.80127
131.6763565,260033.1203,4203368.517,3543.81665
131.7037854,260033.1069,4203368.493,3543.824219
131.7312144,260033.0934,4203368.469,3543.846924
131.7586433,260033.0799,4203368.445,3543.875977
131.7860722,260033.0665,4203368.422,3543.887207
131.8135011,260033.053,4203368.398,3543.91748
131.84093,260033.0395,4203368.374,3543.928711
131.868359,260033.026,4203368.35,3543.962891
131.8957879,260033.0126,4203368.326,3543.977539
131.9232168,260032.9991,4203368.302,3544.010986
131.9506457,260032.9856,4203368.278,3544.025635
131.9780747,260032.9722,4203368.254,3544.063721
132.0055036,260032.9587,4203368.23,3544.107422
132.0329325,260032.9452,4203368.207,3544.125732
132.0603614,260032.9318,4203368.183,3544.167725
132.0877903,260032.9183,4203368.159,3544.185303
132.1152193,260032.9048,4203368.135,3544.230469
132.1426482,260032.8914,4203368.111,3544.249268
132.1700771,260032.8779,4203368.087,3544.285156
132.197506,260032.8644,4203368.063,3544.306396
132.2249349,260032.851,4203368.039,3544.319824
132.2523639,260032.8375,4203368.015,3544.367432
132.2797928,260032.824,4203367.991,3544.419434
132.3072217,260032.8106,4203367.968,3544.523926
132.3346506,260032.7971,4203367.944,3544.582031
132.3620795,260032.7836,4203367.92,3544.660645
132.3895085,260032.7702,4203367.896,3544.711914
132.4169374,260032.7567,4203367.872,3544.740479
132.4443663,260032.7432,4203367.848,3544.775635
132.4717952,260032.7298,4203367.824,3544.804443
132.4992241,260032.7163,4203367.8,3544.837891
132.5266531,260032.7028,4203367.776,3544.867188
132.554082,260032.6893,4203367.753,3544.911133
132.5815109,260032.6759,4203367.729,3544.944824
132.6089398,260032.6624,4203367.705,3544.989014
132.6363688,260032.6489,4203367.681,3545.036621
132.6637977,260032.6355,4203367.657,3545.063477
132.6912266,260032.622,4203367.633,3545.109863
132.7186555,260032.6085,4203367.609,3545.136475
132.7460844,260032.5951,4203367.585,3545.184326
132.7735134,260032.5816,4203367.561,3545.208984
132.8009423,260032.5681,4203367.537,3545.257568
132.8283712,260032.5547,4203367.514,3545.30249
132.8558001,260032.5412,4203367.49,3545.325439
132.883229,260032.5277,4203367.466,3545.364502
132.910658,260032.5143,4203367.442,3545.387939
132.9380869,260032.5008,4203367.418,3545.422363
132.9655158,260032.4873,4203367.394,3545.437988
132.9929447,260032.4739,4203367.37,3545.460693
133.0203736,260032.4604,4203367.346,3545.470703
133.0478026,260032.4469,4203367.322,3545.487793
133.0752315,260032.4335,4203367.299,3545.502686
133.1026604,260032.42,4203367.275,3545.508545
133.1300893,260032.4065,4203367.251,3545.518799
133.1575183,260032.3931,4203367.227,3545.521484
133.1849472,260032.3796,4203367.203,3545.52832
133.2123761,260032.3661,4203367.179,3545.529541
133.239805,260032.3527,4203367.155,3545.533936
133.2672339,260032.3392,4203367.131,3545.537598
133.2946629,260032.3257,4203367.107,3545.538086
133.3220918,260032.3122,4203367.083,3545.54126
133.3495207,260032.2988,4203367.06,3545.541748
133.3769496,260032.2853,4203367.036,3545.545654
133.4043785,260032.2718,4203367.012,3545.545898
133.4318075,260032.2584,4203366.988,3545.549805
133.4592364,260032.2449,4203366.964,3545.55249
133.4866653,260032.2314,4203366.94,3545.549805
133.5140942,260032.218,4203366.916,3545.549316
133.5415231,260032.2045,4203366.892,3545.532959
133.5689521,260032.191,4203366.868,3545.525879
133.596381,260032.1776,4203366.845,3545.49707
133.6238099,260032.1641,4203366.821,3545.486328
133.6512388,260032.1506,4203366.797,3545.458008
133.6786677,260032.1372,4203366.773,3545.450439
133.7060967,260032.1237,4203366.749,3545.44165
133.7335256,260032.1102,4203366.725,3545.421387
133.7609545,260032.0968,4203366.701,3545.414307
133.7883834,260032.0833,4203366.677,3545.394287
133.8158124,260032.0698,4203366.653,3545.386963
133.8432413,260032.0564,4203366.629,3545.366943
133.8706702,260032.0429,4203366.606,3545.35498
133.8980991,260032.0294,4203366.582,3545.34082
133.925528,260032.016,4203366.558,3545.317627
133.952957,260032.0025,4203366.534,3545.299805
133.9803859,260031.989,4203366.51,3545.275635
134.0078148,260031.9755,4203366.486,3545.258789
134.0352437,260031.9621,4203366.462,3545.23877
134.0626726,260031.9486,4203366.438,3545.223145
134.0901016,260031.9351,4203366.414,3545.209717
134.1175305,260031.9217,4203366.391,3545.190186
134.1449594,260031.9082,4203366.367,3545.174805
134.1723883,260031.8947,4203366.343,3545.152588
134.1998172,260031.8813,4203366.319,3545.129395
134.2272462,260031.8678,4203366.295,3545.103516
134.2546751,260031.8543,4203366.271,3545.076172
134.282104,260031.8409,4203366.247,3545.038574
134.3095329,260031.8274,4203366.223,3545.003418
134.3369619,260031.8139,4203366.199,3544.969727
134.3643908,260031.8005,4203366.175,3544.925537
134.3918197,260031.787,4203366.152,3544.889404
134.4192486,260031.7735,4203366.128,3544.853271
134.4466775,260031.7601,4203366.104,3544.821777
134.4741065,260031.7466,4203366.08,3544.782227
134.5015354,260031.7331,4203366.056,3544.755615
134.5289643,260031.7197,4203366.032,3544.740234
134.5563932,260031.7062,4203366.008,3544.731445
134.5838221,260031.6927,4203365.984,3544.725342
134.6112511,260031.6793,4203365.96,3544.720703
134.63868,260031.6658,4203365.937,3544.718018
134.6661089,260031.6523,4203365.913,3544.71582
134.6935378,260031.6388,4203365.889,3544.713623
134.7209667,260031.6254,4203365.865,3544.71167
134.7483957,260031.6119,4203365.841,3544.710693
134.7758246,260031.5984,4203365.817,3544.710938
134.8032535,260031.585,4203365.793,3544.711182
134.8306824,260031.5715,4203365.769,3544.712158
134.8581113,260031.558,4203365.745,3544.713135
134.8855403,260031.5446,4203365.721,3544.714355
134.9129692,260031.5311,4203365.698,3544.71582
134.9403981,260031.5176,4203365.674,3544.717773
134.967827,260031.5042,4203365.65,3544.721191
134.995256,260031.4907,4203365.626,3544.737305
135.0226849,260031.4772,4203365.602,3544.810547
135.0501138,260031.4638,4203365.578,3544.895996
135.0775427,260031.4503,4203365.554,3544.981445
135.1049716,260031.4368,4203365.53,3545.038818
135.1324006,260031.4234,4203365.506,3545.091553
135.1598295,260031.4099,4203365.483,3545.130615
135.1872584,260031.3964,4203365.459,3545.155029
135.2146873,260031.383,4203365.435,3545.185791
135.2421162,260031.3695,4203365.411,3545.208008
135.2695452,260031.356,4203365.387,3545.236328
135.2969741,260031.3426,4203365.363,3545.251953
135.324403,260031.3291,4203365.339,3545.272705
135.3518319,260031.3156,4203365.315,3545.288818
135.3792608,260031.3022,4203365.291,3545.311768
135.4066898,260031.2887,4203365.267,3545.330811
135.4341187,260031.2752,4203365.244,3545.3396
135.4615476,260031.2617,4203365.22,3545.3479
135.4889765,260031.2483,4203365.196,3545.350586
135.5164055,260031.2348,4203365.172,3545.353516
135.5438344,260031.2213,4203365.148,3545.35498
135.5712633,260031.2079,4203365.124,3545.35791
135.5986922,260031.1944,4203365.1,3545.360352
135.6261211,260031.1809,4203365.076,3545.361816
135.6535501,260031.1675,4203365.052,3545.36377
135.680979,260031.154,4203365.029,3545.36499
135.7084079,260031.1405,4203365.005,3545.366943
135.7358368,260031.1271,4203364.981,3545.366943
135.7632657,260031.1136,4203364.957,3545.366211
135.7906947,260031.1001,4203364.933,3545.36499
135.8181236,260031.0867,4203364.909,3545.361328
135.8455525,260031.0732,4203364.885,3545.355469
135.8729814,260031.0597,4203364.861,3545.351563
135.9004103,260031.0463,4203364.837,3545.345947
135.9278393,260031.0328,4203364.813,3545.341553
135.9552682,260031.0193,4203364.79,3545.331543
135.9826971,260031.0059,4203364.766,3545.321533
136.010126,260030.9924,4203364.742,3545.296631
136.037555,260030.9789,4203364.718,3545.265381
136.0649839,260030.9655,4203364.694,3545.247314
136.0924128,260030.952,4203364.67,3545.232178
136.1198417,260030.9385,4203364.646,3545.227051
136.1472706,260030.925,4203364.622,3545.224121
136.1746996,260030.9116,4203364.598,3545.22168
136.2021285,260030.8981,4203364.575,3545.219727
136.2295574,260030.8846,4203364.551,3545.218262
136.2569863,260030.8712,4203364.527,3545.216553
136.2844152,260030.8577,4203364.503,3545.215332
136.3118442,260030.8442,4203364.479,3545.211426
136.3392731,260030.8308,4203364.455,3545.208252
136.366702,260030.8173,4203364.431,3545.203125
136.3941309,260030.8038,4203364.407,3545.200439
136.4215598,260030.7904,4203364.383,3545.194336
136.4489888,260030.7769,4203364.359,3545.19165
136.4764177,260030.7634,4203364.336,3545.190674
136.5038466,260030.75,4203364.312,3545.184082
136.5312755,260030.7365,4203364.288,3545.184326
136.5587044,260030.723,4203364.264,3545.177734
136.5861334,260030.7096,4203364.24,3545.180176
136.6135623,260030.6961,4203364.216,3545.174316
136.6409912,260030.6826,4203364.192,3545.17749
136.6684201,260030.6692,4203364.168,3545.182129
136.6958491,260030.6557,4203364.144,3545.17749
136.723278,260030.6422,4203364.121,3545.183105
136.7507069,260030.6288,4203364.097,3545.18042
136.7781358,260030.6153,4203364.073,3545.189697
136.8055647,260030.6018,4203364.049,3545.190918
136.8329937,260030.5883,4203364.025,3545.205322
136.8604226,260030.5749,4203364.001,3545.209229
136.8878515,260030.5614,4203363.977,3545.229736
136.9152804,260030.5479,4203363.953,3545.246582
136.9427093,260030.5345,4203363.929,3545.250488
136.9701383,260030.521,4203363.905,3545.265137
136.9975672,260030.5075,4203363.882,3545.268311
137.0249961,260030.4941,4203363.858,3545.279785
137.052425,260030.4806,4203363.834,3545.281738
137.0798539,260030.4671,4203363.81,3545.292725
137.1072829,260030.4537,4203363.786,3545.302734
137.1347118,260030.4402,4203363.762,3545.304199
137.1621407,260030.4267,4203363.738,3545.314453
137.1895696,260030.4133,4203363.714,3545.316406
137.2169986,260030.3998,4203363.69,3545.325928
137.2444275,260030.3863,4203363.667,3545.327881
137.2718564,260030.3729,4203363.643,3545.337158
137.2992853,260030.3594,4203363.619,3545.344482
137.3267142,260030.3459,4203363.595,3545.345703
137.3541432,260030.3325,4203363.571,3545.351074
137.3815721,260030.319,4203363.547,3545.352295
137.409001,260030.3055,4203363.523,3545.355469
137.4364299,260030.2921,4203363.499,3545.356445
137.4638588,260030.2786,4203363.475,3545.36084
137.4912878,260030.2651,4203363.451,3545.362061
137.5187167,260030.2516,4203363.428,3545.366699
137.5461456,260030.2382,4203363.404,3545.371826
137.5735745,260030.2247,4203363.38,3545.375488
137.6010034,260030.2112,4203363.356,3545.382568
137.6284324,260030.1978,4203363.332,3545.387451
137.6558613,260030.1843,4203363.308,3545.397461
137.6832902,260030.1708,4203363.284,3545.405273
137.7107191,260030.1574,4203363.26,3545.41626
137.738148,260030.1439,4203363.236,3545.43042
137.765577,260030.1304,4203363.213,3545.440674
137.7930059,260030.117,4203363.189,3545.462646
137.8204348,260030.1035,4203363.165,3545.476074
137.8478637,260030.09,4203363.141,3545.501221
137.8752927,260030.0766,4203363.117,3545.511963
137.9027216,260030.0631,4203363.093,3545.532227
137.9301505,260030.0496,4203363.069,3545.53833
137.9575794,260030.0362,4203363.045,3545.552734
137.9850083,260030.0227,4203363.021,3545.563232
138.0124373,260030.0092,4203362.997,3545.565674
138.0398662,260029.9958,4203362.974,3545.573242
138.0672951,260029.9823,4203362.95,3545.574951
138.094724,260029.9688,4203362.926,3545.583008
138.1221529,260029.9554,4203362.902,3545.584717
138.1495819,260029.9419,4203362.878,3545.598877
138.1770108,260029.9284,4203362.854,3545.619629
138.2044397,260029.915,4203362.83,3545.626221
138.2318686,260029.9015,4203362.806,3545.649902
138.2592975,260029.888,4203362.782,3545.656006
138.2867265,260029.8745,4203362.759,3545.677979
138.3141554,260029.8611,4203362.735,3545.680908
138.3415843,260029.8476,4203362.711,3545.697754
138.3690132,260029.8341,4203362.687,3545.711914
138.3964422,260029.8207,4203362.663,3545.710938
138.4238711,260029.8072,4203362.639,3545.719238
138.4513,260029.7937,4203362.615,3545.715576
138.4787289,260029.7803,4203362.591,3545.720459
138.5061578,260029.7668,4203362.567,3545.716309
138.5335868,260029.7533,4203362.543,3545.719971
138.5610157,260029.7399,4203362.52,3545.71582
138.5884446,260029.7264,4203362.496,3545.718506
138.6158735,260029.7129,4203362.472,3545.720215
138.6433024,260029.6995,4203362.448,3545.716309
138.6707314,260029.686,4203362.424,3545.718506
138.6981603,260029.6725,4203362.4,3545.714844
138.7255892,260029.6591,4203362.376,3545.716797
138.7530181,260029.6456,4203362.352,3545.713623
138.780447,260029.6321,4203362.328,3545.71582
138.807876,260029.6187,4203362.305,3545.718018
138.8353049,260029.6052,4203362.281,3545.714844
138.8627338,260029.5917,4203362.257,3545.717773
138.8901627,260029.5783,4203362.233,3545.714844
138.9175916,260029.5648,4203362.209,3545.718018
138.9450206,260029.5513,4203362.185,3545.715332
138.9724495,260029.5378,4203362.161,3545.719482
138.9998784,260029.5244,4203362.137,3545.717285
139.0273073,260029.5109,4203362.113,3545.722168
139.0547363,260029.4974,4203362.089,3545.729248
139.0821652,260029.484,4203362.066,3545.728027
139.1095941,260029.4705,4203362.042,3545.736816
139.137023,260029.457,4203362.018,3545.735596
139.1644519,260029.4436,4203361.994,3545.744141
139.1918809,260029.4301,4203361.97,3545.743408
139.2193098,260029.4166,4203361.946,3545.753662
139.2467387,260029.4032,4203361.922,3545.767334
139.2741676,260029.3897,4203361.898,3545.764648
139.3015965,260029.3762,4203361.874,3545.777832
139.3290255,260029.3628,4203361.851,3545.774414
139.3564544,260029.3493,4203361.827,3545.788818
139.3838833,260029.3358,4203361.803,3545.785645
139.4113122,260029.3224,4203361.779,3545.795654
139.4387411,260029.3089,4203361.755,3545.807129
139.4661701,260029.2954,4203361.731,3545.806152
139.493599,260029.282,4203361.707,3545.818848
139.5210279,260029.2685,4203361.683,3545.818115
139.5484568,260029.255,4203361.659,3545.825439
139.5758858,260029.2416,4203361.635,3545.824219
139.6033147,260029.2281,4203361.612,3545.829834
139.6307436,260029.2146,4203361.588,3545.829102
139.6581725,260029.2011,4203361.564,3545.833496
139.6856014,260029.1877,4203361.54,3545.837891
139.7130304,260029.1742,4203361.516,3545.836914
139.7404593,260029.1607,4203361.492,3545.841064
139.7678882,260029.1473,4203361.468,3545.840332
139.7953171,260029.1338,4203361.444,3545.844238
139.822746,260029.1203,4203361.42,3545.843994
139.850175,260029.1069,4203361.397,3545.848633
139.8776039,260029.0934,4203361.373,3545.852783
139.9050328,260029.0799,4203361.349,3545.852783
139.9324617,260029.0665,4203361.325,3545.857422
139.9598906,260029.053,4203361.301,3545.858643
139.9873196,260029.0395,4203361.277,3545.865967
140.0147485,260029.0261,4203361.253,3545.867676
140.0421774,260029.0126,4203361.229,3545.877197
140.0696063,260028.9991,4203361.205,3545.890381
140.0970352,260028.9857,4203361.181,3545.896729
140.1244642,260028.9722,4203361.158,3545.914307
140.1518931,260028.9587,4203361.134,3545.924072
140.179322,260028.9453,4203361.11,3545.945313
140.2067509,260028.9318,4203361.086,3545.95752
140.2341799,260028.9183,4203361.062,3545.977539
140.2616088,260028.9049,4203361.038,3545.99707
140.2890377,260028.8914,4203361.014,3546.022949
140.3164666,260028.8779,4203360.99,3546.052002
140.3438955,260028.8644,4203360.966,3546.078369
140.3713245,260028.851,4203360.943,3546.122803
140.3987534,260028.8375,4203360.919,3546.154541
140.4261823,260028.824,4203360.895,3546.204346
140.4536112,260028.8106,4203360.871,3546.236328
140.4810401,260028.7971,4203360.847,3546.279785
140.5084691,260028.7836,4203360.823,3546.318115
140.535898,260028.7702,4203360.799,3546.342285
140.5633269,260028.7567,4203360.775,3546.380371
140.5907558,260028.7432,4203360.751,3546.405762
140.6181847,260028.7298,4203360.727,3546.439453
140.6456137,260028.7163,4203360.704,3546.460205
140.6730426,260028.7028,4203360.68,3546.487061
140.7004715,260028.6894,4203360.656,3546.504395
140.7279004,260028.6759,4203360.632,3546.516602
140.7553294,260028.6624,4203360.608,3546.527344
140.7827583,260028.649,4203360.584,3546.536133
140.8101872,260028.6355,4203360.56,3546.537598
140.8376161,260028.622,4203360.536,3546.542236
140.865045,260028.6086,4203360.512,3546.541748
140.892474,260028.5951,4203360.489,3546.544678
140.9199029,260028.5816,4203360.465,3546.542236
140.9473318,260028.5682,4203360.441,3546.537598
140.9747607,260028.5547,4203360.417,3546.537842
141.0021896,260028.5412,4203360.393,3546.525635
141.0296186,260028.5278,4203360.369,3546.519775
141.0570475,260028.5143,4203360.345,3546.502686
141.0844764,260028.5008,4203360.321,3546.495117
141.1119053,260028.4873,4203360.297,3546.474121
141.1393342,260028.4739,4203360.273,3546.446045
141.1667632,260028.4604,4203360.25,3546.430176
141.1941921,260028.4469,4203360.226,3546.397217
141.221621,260028.4335,4203360.202,3546.388916
141.2490499,260028.42,4203360.178,3546.375977
141.2764788,260028.4065,4203360.154,3546.376709
141.3039078,260028.3931,4203360.13,3546.370117
141.3313367,260028.3796,4203360.106,3546.373535
141.3587656,260028.3661,4203360.082,3546.367676
141.3861945,260028.3527,4203360.058,3546.362549
141.4136235,260028.3392,4203360.035,3546.368164
141.4410524,260028.3257,4203360.011,3546.366455
141.4684813,260028.3123,4203359.987,3546.374512
141.4959102,260028.2988,4203359.963,3546.376709
141.5233391,260028.2853,4203359.939,3546.394043
141.5507681,260028.2719,4203359.915,3546.428711
141.578197,260028.2584,4203359.891,3546.469971
141.6056259,260028.2449,4203359.867,3546.516846
141.6330548,260028.2315,4203359.843,3546.552002
141.6604837,260028.218,4203359.819,3546.583008
141.6879127,260028.2045,4203359.796,3546.608398
141.7153416,260028.1911,4203359.772,3546.63208
141.7427705,260028.1776,4203359.748,3546.644043
141.7701994,260028.1641,4203359.724,3546.65625
141.7976283,260028.1506,4203359.7,3546.661133
141.8250573,260028.1372,4203359.676,3546.664063
141.8524862,260028.1237,4203359.652,3546.672363
141.8799151,260028.1102,4203359.628,3546.671631
141.907344,260028.0968,4203359.604,3546.677979
141.934773,260028.0833,4203359.581,3546.673584
141.9622019,260028.0698,4203359.557,3546.678711
141.9896308,260028.0564,4203359.533,3546.669922
142.0170597,260028.0429,4203359.509,3546.651367
142.0444886,260028.0294,4203359.485,3546.648682
142.0719176,260028.016,4203359.461,3546.623779
142.0993465,260028.0025,4203359.437,3546.619629
142.1267754,260027.989,4203359.413,3546.601563
142.1542043,260027.9756,4203359.389,3546.602051
142.1816332,260027.9621,4203359.365,3546.591309
142.2090622,260027.9486,4203359.342,3546.585449
142.2364911,260027.9352,4203359.318,3546.590088
142.26392,260027.9217,4203359.294,3546.585938
142.2913489,260027.9082,4203359.27,3546.591064
142.3187778,260027.8948,4203359.246,3546.588867
142.3462068,260027.8813,4203359.222,3546.595947
142.3736357,260027.8678,4203359.198,3546.595703
142.4010646,260027.8544,4203359.174,3546.605469
142.4284935,260027.8409,4203359.15,3546.608154
142.4623417,260027.817,4203359.126,3546.63501
142.4961898,260027.793,4203359.103,3546.801758
142.530038,260027.7691,4203359.079,3547.013428
142.5638862,260027.7451,4203359.055,3547.081787
142.5977343,260027.7212,4203359.031,3547.09375
142.6315825,260027.6973,4203359.007,3547.106201
142.6654306,260027.6733,4203358.983,3547.118896
142.6992788,260027.6494,4203358.959,3547.152344
142.7331269,260027.6255,4203358.935,3547.25
142.7669751,260027.6015,4203358.911,3547.297852
142.8008232,260027.5776,4203358.887,3547.325928
142.8346714,260027.5537,4203358.863,3547.363037
142.8685196,260027.5297,4203358.839,3547.397461
142.9023677,260027.5058,4203358.815,3547.41626
142.9362159,260027.4819,4203358.791,3547.435547
142.970064,260027.4579,4203358.767,3547.456787
143.0039122,260027.434,4203358.744,3547.463379
143.0377603,260027.4101,4203358.72,3547.464844
143.0716085,260027.3861,4203358.696,3547.464355
143.1054566,260027.3622,4203358.672,3547.463867
143.1393048,260027.3383,4203358.648,3547.463135
143.173153,260027.3143,4203358.624,3547.461914
143.2070011,260027.2904,4203358.6,3547.46167
143.2408493,260027.2665,4203358.576,3547.461914
143.2746974,260027.2425,4203358.552,3547.46167
143.3085456,260027.2186,4203358.528,3547.46167
143.3423937,260027.1947,4203358.504,3547.462402
143.3762419,260027.1707,4203358.48,3547.464111
143.41009,260027.1468,4203358.456,3547.467041
143.4439382,260027.1229,4203358.432,3547.470703
143.4777864,260027.0989,4203358.408,3547.476318
143.5116345,260027.075,4203358.385,3547.482666
143.5454827,260027.0511,4203358.361,3547.490479
143.5793308,260027.0271,4203358.337,3547.501709
143.613179,260027.0032,4203358.313,3547.515381
143.6470271,260026.9793,4203358.289,3547.528076
143.6808753,260026.9553,4203358.265,3547.536377
143.7147235,260026.9314,4203358.241,3547.543213
143.7485716,260026.9074,4203358.217,3547.550781
143.7824198,260026.8835,4203358.193,3547.562744
143.8162679,260026.8596,4203358.169,3547.578857
143.8501161,260026.8356,4203358.145,3547.59668
143.8839642,260026.8117,4203358.121,3547.613281
143.9178124,260026.7878,4203358.097,3547.628662
143.9516605,260026.7638,4203358.073,3547.643799
143.9855087,260026.7399,4203358.049,3547.657959
144.0193569,260026.716,4203358.026,3547.669434
144.053205,260026.692,4203358.002,3547.678467
144.0870532,260026.6681,4203357.978,3547.683105
144.1209013,260026.6442,4203357.954,3547.689453
144.1547495,260026.6202,4203357.93,3547.70166
144.1885976,260026.5963,4203357.906,3547.718262
144.2224458,260026.5724,4203357.882,3547.731934
144.2562939,260026.5484,4203357.858,3547.744385
144.2901421,260026.5245,4203357.834,3547.763428
144.3239903,260026.5006,4203357.81,3547.796387
144.3578384,260026.4766,4203357.786,3547.826172
144.3916866,260026.4527,4203357.762,3547.850586
144.4255347,260026.4288,4203357.738,3547.874023
144.4593829,260026.4048,4203357.714,3547.898926
144.493231,260026.3809,4203357.69,3547.922119
144.5270792,260026.357,4203357.667,3547.9375
144.5609273,260026.333,4203357.643,3547.948975
144.5947755,260026.3091,4203357.619,3547.956543
144.6286237,260026.2852,4203357.595,3547.962891
144.6624718,260026.2612,4203357.571,3547.96875
144.69632,260026.2373,4203357.547,3547.974365
144.7301681,260026.2134,4203357.523,3547.981201
144.7640163,260026.1894,4203357.499,3547.990234
144.7978644,260026.1655,4203357.475,3548.001465
144.8317126,260026.1416,4203357.451,3548.013672
144.8655608,260026.1176,4203357.427,3548.023193
144.8994089,260026.0937,4203357.403,3548.032471
144.9332571,260026.0697,4203357.379,3548.045654
144.9671052,260026.0458,4203357.355,3548.062988
145.0009534,260026.0219,4203357.331,3548.084473
145.0348015,260025.9979,4203357.307,3548.109375
145.0686497,260025.974,4203357.284,3548.137207
145.1024978,260025.9501,4203357.26,3548.170654
145.136346,260025.9261,4203357.236,3548.206543
145.1701942,260025.9022,4203357.212,3548.238037
145.2040423,260025.8783,4203357.188,3548.265869
145.2378905,260025.8543,4203357.164,3548.294922
145.2717386,260025.8304,4203357.14,3548.321045
145.3055868,260025.8065,4203357.116,3548.34082
145.3394349,260025.7825,4203357.092,3548.357178
145.3732831,260025.7586,4203357.068,3548.371338
145.4071312,260025.7347,4203357.044,3548.387695
145.4311485,260025.7107,4203357.042,3548.4021
145.4551657,260025.6868,4203357.04,3548.399902
145.4791829,260025.6629,4203357.038,3548.397217
145.5032001,260025.6389,4203357.036,3548.39502
145.5272174,260025.615,4203357.034,3548.392578
145.5512346,260025.5911,4203357.032,3548.391357
145.5752518,260025.5671,4203357.03,3548.390625
145.599269,260025.5432,4203357.028,3548.389893
145.6232862,260025.5193,4203357.026,3548.38916
145.6473035,260025.4953,4203357.024,3548.388672
145.6713207,260025.4714,4203357.022,3548.387695
145.6953379,260025.4475,4203357.02,3548.386963
145.7193551,260025.4235,4203357.018,3548.400146
145.7433723,260025.3996,4203357.016,3548.39917
145.7673896,260025.3757,4203357.014,3548.398438
145.7914068,260025.3517,4203357.012,3548.397949
145.815424,260025.3278,4203357.01,3548.397461
145.8394412,260025.3039,4203357.008,3548.397461
145.8634585,260025.2799,4203357.006,3548.397949
145.8874757,260025.256,4203357.004,3548.398438
145.9114929,260025.2321,4203357.002,3548.39917
145.9355101,260025.2081,4203357,3548.399902
145.9595273,260025.1842,4203356.998,3548.400879
145.9835446,260025.1602,4203356.996,3548.4021
146.0075618,260025.1363,4203356.994,3548.417725
146.031579,260025.1124,4203356.992,3548.42041
146.0555962,260025.0884,4203356.99,3548.422852
146.0796135,260025.0645,4203356.988,3548.424805
146.1036307,260025.0406,4203356.986,3548.427002
146.1276479,260025.0166,4203356.984,3548.429932
146.1516651,260024.9927,4203356.982,3548.432129
146.1756823,260024.9688,4203356.98,3548.434326
146.1996996,260024.9448,4203356.978,3548.436279
146.2237168,260024.9209,4203356.976,3548.437988
146.247734,260024.897,4203356.974,3548.439697
146.2717512,260024.873,4203356.972,3548.441162
146.2957685,260024.8491,4203356.97,3548.446289
146.3197857,260024.8252,4203356.968,3548.446533
146.3438029,260024.8012,4203356.966,3548.446289
146.3678201,260024.7773,4203356.964,3548.446533
146.3918373,260024.7534,4203356.962,3548.446533
146.4158546,260024.7294,4203356.96,3548.446533
146.4398718,260024.7055,4203356.958,3548.446533
146.463889,260024.6816,4203356.956,3548.446533
146.4879062,260024.6576,4203356.954,3548.446289
146.5119234,260024.6337,4203356.952,3548.446289
146.5359407,260024.6098,4203356.95,3548.446289
146.5599579,260024.5858,4203356.948,3548.446289
146.5839751,260024.5619,4203356.946,3548.449219
146.6079923,260024.538,4203356.944,3548.448975
146.6320096,260024.514,4203356.942,3548.448242
146.6560268,260024.4901,4203356.941,3548.448242
146.680044,260024.4662,4203356.939,3548.447998
146.7040612,260024.4422,4203356.937,3548.447998
146.7280784,260024.4183,4203356.935,3548.447998
146.7520957,260024.3944,4203356.933,3548.447754
146.7761129,260024.3704,4203356.931,3548.44751
146.8001301,260024.3465,4203356.929,3548.447754
146.8241473,260024.3225,4203356.927,3548.447998
146.8481646,260024.2986,4203356.925,3548.448242
146.8721818,260024.2747,4203356.923,3548.453613
146.896199,260024.2507,4203356.921,3548.453857
146.9202162,260024.2268,4203356.919,3548.454102
146.9442334,260024.2029,4203356.917,3548.454346
146.9682507,260024.1789,4203356.915,3548.454346
146.9922679,260024.155,4203356.913,3548.453857
147.0162851,260024.1311,4203356.911,3548.453369
147.0403023,260024.1071,4203356.909,3548.452393
147.0643196,260024.0832,4203356.907,3548.450684
147.0883368,260024.0593,4203356.905,3548.447998
147.112354,260024.0353,4203356.903,3548.44458
147.1363712,260024.0114,4203356.901,3548.440918
147.1603884,260023.9875,4203356.899,3548.445313
147.1844057,260023.9635,4203356.897,3548.44043
147.2084229,260023.9396,4203356.895,3548.435059
147.2324401,260023.9157,4203356.893,3548.429443
147.2564573,260023.8917,4203356.891,3548.423096
147.2804745,260023.8678,4203356.889,3548.416992
147.3044918,260023.8439,4203356.887,3548.410645
147.328509,260023.8199,4203356.885,3548.40332
147.3525262,260023.796,4203356.883,3548.395996
147.3765434,260023.7721,4203356.881,3548.388184
147.4005607,260023.7481,4203356.879,3548.378418
147.4245779,260023.7242,4203356.877,3548.365479
147.4485951,260023.7003,4203356.875,3548.359619
147.4726123,260023.6763,4203356.873,3548.342773
147.4966295,260023.6524,4203356.871,3548.324707
147.5206468,260023.6285,4203356.869,3548.304199
147.544664,260023.6045,4203356.867,3548.264404
147.5686812,260023.5806,4203356.865,3548.247803
147.5926984,260023.5567,4203356.863,3548.231201
147.6167157,260023.5327,4203356.861,3548.216064
147.6407329,260023.5088,4203356.859,3548.203613
147.6647501,260023.4848,4203356.857,3548.193359
147.6887673,260023.4609,4203356.855,3548.185303
147.7127845,260023.437,4203356.853,3548.177979
147.7368018,260023.413,4203356.851,3548.178711
147.760819,260023.3891,4203356.849,3548.172852
147.7848362,260023.3652,4203356.847,3548.166504
147.8088534,260023.3412,4203356.845,3548.161621
147.8328706,260023.3173,4203356.843,3548.157471
147.8568879,260023.2934,4203356.841,3548.152588
147.8809051,260023.2694,4203356.839,3548.147949
147.9049223,260023.2455,4203356.837,3548.143555
147.9289395,260023.2216,4203356.835,3548.13916
147.9529568,260023.1976,4203356.833,3548.135254
147.976974,260023.1737,4203356.831,3548.131592
148.0009912,260023.1498,4203356.829,3548.127441
148.0250084,260023.1258,4203356.827,3548.127686
148.0490256,260023.1019,4203356.825,3548.123047
148.0730429,260023.078,4203356.823,3548.118408
148.0970601,260023.054,4203356.821,3548.11499
148.1210773,260023.0301,4203356.819,3548.112061
148.1450945,260023.0062,4203356.817,3548.110596
148.1691118,260022.9822,4203356.815,3548.110352
148.193129,260022.9583,4203356.813,3548.111328
148.2171462,260022.9344,4203356.811,3548.113525
148.2411634,260022.9104,4203356.809,3548.115723
148.2651806,260022.8865,4203356.807,3548.119385
148.2891979,260022.8626,4203356.805,3548.124512
148.3132151,260022.8386,4203356.803,3548.140869
148.3372323,260022.8147,4203356.801,3548.145264
148.3612495,260022.7908,4203356.799,3548.150146
148.3852668,260022.7668,4203356.797,3548.155273
148.409284,260022.7429,4203356.795,3548.1604
148.4333012,260022.719,4203356.793,3548.166504
148.4573184,260022.695,4203356.791,3548.173096
148.4813356,260022.6711,4203356.789,3548.179932
148.5053529,260022.6472,4203356.787,3548.187012
148.5293701,260022.6232,4203356.785,3548.194336
148.5533873,260022.5993,4203356.783,3548.202148
148.5774045,260022.5753,4203356.781,3548.210449
148.6014217,260022.5514,4203356.779,3548.226563
148.625439,260022.5275,4203356.777,3548.233643
148.6494562,260022.5035,4203356.775,3548.240234
148.6734734,260022.4796,4203356.773,3548.247314
148.6974906,260022.4557,4203356.771,3548.254639
148.7215079,260022.4317,4203356.769,3548.261963
148.7455251,260022.4078,4203356.767,3548.268799
148.7695423,260022.3839,4203356.765,3548.273926
148.7935595,260022.3599,4203356.763,3548.278076
148.8175767,260022.336,4203356.761,3548.280762
148.841594,260022.3121,4203356.759,3548.282471
148.8656112,260022.2881,4203356.757,3548.283447
148.8896284,260022.2642,4203356.755,3548.284912
148.9136456,260022.2403,4203356.753,3548.285156
148.9376629,260022.2163,4203356.751,3548.285156
148.9616801,260022.1924,4203356.749,3548.285156
148.9856973,260022.1685,4203356.747,3548.284912
149.0097145,260022.1445,4203356.745,3548.284668
149.0337317,260022.1206,4203356.743,3548.284424
149.057749,260022.0967,4203356.741,3548.283936
149.0817662,260022.0727,4203356.739,3548.283447
149.1057834,260022.0488,4203356.737,3548.282959
149.1298006,260022.0249,4203356.735,3548.282227
149.1538179,260022.0009,4203356.733,3548.281494
149.1778351,260021.977,4203356.731,3548.280029
149.2018523,260021.9531,4203356.729,3548.277832
149.2258695,260021.9291,4203356.727,3548.274658
149.2498867,260021.9052,4203356.725,3548.270752
149.273904,260021.8813,4203356.723,3548.265625
149.2979212,260021.8573,4203356.721,3548.260742
149.3219384,260021.8334,4203356.719,3548.257568
149.3459556,260021.8095,4203356.717,3548.255371
149.3699728,260021.7855,4203356.715,3548.253906
149.3939901,260021.7616,4203356.713,3548.252441
149.4180073,260021.7376,4203356.711,3548.251465
149.4420245,260021.7137,4203356.709,3548.250732
149.4660417,260021.6898,4203356.707,3548.250488
149.490059,260021.6658,4203356.705,3548.25
149.5140762,260021.6419,4203356.703,3548.25
149.5380934,260021.618,4203356.701,3548.249756
149.5621106,260021.594,4203356.699,3548.249756
149.5861278,260021.5701,4203356.697,3548.250244
149.6101451,260021.5462,4203356.695,3548.250977
149.6341623,260021.5222,4203356.693,3548.252197
149.6581795,260021.4983,4203356.691,3548.253906
149.6821967,260021.4744,4203356.689,3548.255859
149.706214,260021.4504,4203356.687,3548.258057
149.7302312,260021.4265,4203356.685,3548.26123
149.7542484,260021.4026,4203356.683,3548.269775
149.7782656,260021.3786,4203356.681,3548.279297
149.8022828,260021.3547,4203356.679,3548.291016
149.8263001,260021.3308,4203356.677,3548.302246
149.8503173,260021.3068,4203356.675,3548.313965
149.8743345,260021.2829,4203356.673,3548.325928
149.8983517,260021.259,4203356.671,3548.337402
149.9223689,260021.235,4203356.669,3548.344971
149.9463862,260021.2111,4203356.667,3548.352051
149.9704034,260021.1872,4203356.665,3548.362061
149.9944206,260021.1632,4203356.663,3548.375
150.0184378,260021.1393,4203356.661,3548.389404
150.0424551,260021.1154,4203356.659,3548.405762
150.0664723,260021.0914,4203356.657,3548.40918
150.0904895,260021.0675,4203356.655,3548.412109
150.1145067,260021.0436,4203356.653,3548.418701
150.1385239,260021.0196,4203356.651,3548.436279
150.1625412,260020.9957,4203356.649,3548.462891
150.1865584,260020.9718,4203356.647,3548.5
150.2105756,260020.9478,4203356.645,3548.531982
150.2345928,260020.9239,4203356.643,3548.546143
150.2586101,260020.8999,4203356.641,3548.554932
150.2826273,260020.876,4203356.639,3548.563232
150.3066445,260020.8521,4203356.637,3548.572266
150.3306617,260020.8281,4203356.635,3548.588867
150.3546789,260020.8042,4203356.633,3548.5979
150.3786962,260020.7803,4203356.631,3548.606934
150.4027134,260020.7563,4203356.629,3548.616455
150.4267306,260020.7324,4203356.627,3548.627441
150.4507478,260020.7085,4203356.625,3548.637939
150.4747651,260020.6845,4203356.623,3548.647461
150.4987823,260020.6606,4203356.621,3548.656006
150.5227995,260020.6367,4203356.619,3548.664551
150.5468167,260020.6127,4203356.617,3548.674561
150.5708339,260020.5888,4203356.615,3548.684326
150.5948512,260020.5649,4203356.613,3548.694092
150.6188684,260020.5409,4203356.611,3548.710693
150.6428856,260020.517,4203356.609,3548.723633
150.6669028,260020.4931,4203356.607,3548.737305
150.69092,260020.4691,4203356.605,3548.749756
150.7149373,260020.4452,4203356.603,3548.761963
150.7389545,260020.4213,4203356.601,3548.776367
150.7629717,260020.3973,4203356.599,3548.792725
150.7869889,260020.3734,4203356.597,3548.806152
150.8110062,260020.3495,4203356.595,3548.817383
150.8350234,260020.3255,4203356.593,3548.826416
150.8590406,260020.3016,4203356.591,3548.83252
150.8830578,260020.2777,4203356.589,3548.842529
150.907075,260020.2537,4203356.587,3548.866455
150.9310923,260020.2298,4203356.585,3548.881104
150.9551095,260020.2059,4203356.583,3548.894531
150.9791267,260020.1819,4203356.581,3548.90625
151.0031439,260020.158,4203356.579,3548.916748
151.0271612,260020.1341,4203356.578,3548.923096
151.0511784,260020.1101,4203356.576,3548.928223
151.0751956,260020.0862,4203356.574,3548.934082
151.0992128,260020.0623,4203356.572,3548.939697
151.12323,260020.0383,4203356.57,3548.947021
151.1472473,260020.0144,4203356.568,3548.956055
151.1712645,260019.9904,4203356.566,3548.966553
151.1952817,260019.9665,4203356.564,3548.986572
151.2192989,260019.9426,4203356.562,3549.001465
151.2433162,260019.9186,4203356.56,3549.018799
151.2673334,260019.8947,4203356.558,3549.036621
151.2913506,260019.8708,4203356.556,3549.05249
151.3153678,260019.8468,4203356.554,3549.067383
151.339385,260019.8229,4203356.552,3549.081543
151.3634023,260019.799,4203356.55,3549.092285
151.3874195,260019.775,4203356.548,3549.101563
151.4114367,260019.7511,4203356.546,3549.112061
151.4354539,260019.7272,4203356.544,3549.125732
151.4594711,260019.7032,4203356.542,3549.142578
151.4834884,260019.6793,4203356.54,3549.157959
151.5075056,260019.6554,4203356.538,3549.171387
151.5315228,260019.6314,4203356.536,3549.182373
151.55554,260019.6075,4203356.534,3549.189697
151.5795573,260019.5836,4203356.532,3549.197266
151.6035745,260019.5596,4203356.53,3549.20752
151.6275917,260019.5357,4203356.528,3549.216797
151.6516089,260019.5118,4203356.526,3549.225586
151.6756261,260019.4878,4203356.524,3549.234131
151.6996434,260019.4639,4203356.522,3549.243652
151.7236606,260019.44,4203356.52,3549.251953
151.7476778,260019.416,4203356.518,3549.256348
151.7775956,260019.3981,4203356.494,3549.259521
151.8075135,260019.3801,4203356.47,3549.25708
151.8374313,260019.3622,4203356.446,3549.26001
151.8673491,260019.3442,4203356.422,3549.263184
151.8972669,260019.3263,4203356.398,3549.266113
151.9271848,260019.3083,4203356.374,3549.262939
151.9571026,260019.2904,4203356.35,3549.265869
151.9870204,260019.2724,4203356.326,3549.269775
152.0169382,260019.2545,4203356.302,3549.273682
152.0468561,260019.2365,4203356.278,3549.270264
152.0767739,260019.2186,4203356.254,3549.275635
152.1066917,260019.2006,4203356.23,3549.281494
152.1366095,260019.1827,4203356.207,3549.287842
152.1665274,260019.1647,4203356.183,3549.295166
152.1964452,260019.1468,4203356.159,3549.292725
152.226363,260019.1288,4203356.135,3549.299805
152.2562808,260019.1109,4203356.111,3549.304932
152.2861987,260019.0929,4203356.087,3549.310791
152.3161165,260019.075,4203356.063,3549.310791
152.3460343,260019.057,4203356.039,3549.316895
152.3759521,260019.0391,4203356.015,3549.323242
152.40587,260019.0211,4203355.991,3549.330078
152.4357878,260019.0032,4203355.967,3549.331055
152.4657056,260018.9852,4203355.943,3549.3396
152.4956235,260018.9673,4203355.919,3549.348633
152.5255413,260018.9493,4203355.895,3549.358398
152.5554591,260018.9314,4203355.871,3549.363525
152.5853769,260018.9134,4203355.848,3549.377197
152.6152948,260018.8955,4203355.824,3549.390869
152.6452126,260018.8775,4203355.8,3549.410645
152.6751304,260018.8596,4203355.776,3549.42041
152.7050482,260018.8416,4203355.752,3549.441895
152.7349661,260018.8237,4203355.728,3549.461426
152.7648839,260018.8057,4203355.704,3549.480225
152.7948017,260018.7878,4203355.68,3549.485596
152.8247195,260018.7698,4203355.656,3549.502197
152.8546374,260018.7518,4203355.632,3549.521973
152.8845552,260018.7339,4203355.608,3549.539795
152.914473,260018.7159,4203355.584,3549.543457
152.9443908,260018.698,4203355.56,3549.558594
152.9743087,260018.68,4203355.536,3549.570801
153.0042265,260018.6621,4203355.512,3549.587402
153.0341443,260018.6441,4203355.488,3549.594482
153.0640621,260018.6262,4203355.465,3549.619141
153.09398,260018.6082,4203355.441,3549.640381
153.1238978,260018.5903,4203355.417,3549.662354
153.1538156,260018.5723,4203355.393,3549.670898
153.1837334,260018.5544,4203355.369,3549.695313
153.2136513,260018.5364,4203355.345,3549.720215
153.2435691,260018.5185,4203355.321,3549.755859
153.2734869,260018.5005,4203355.297,3549.792969
153.3034047,260018.4826,4203355.273,3549.843262
153.3333226,260018.4646,4203355.249,3549.880127
153.3632404,260018.4467,4203355.225,3549.914551
153.3931582,260018.4287,4203355.201,3549.947998
153.423076,260018.4108,4203355.177,3550.074951
153.4529939,260018.3928,4203355.153,3550.263916
153.4829117,260018.3749,4203355.129,3550.32666
153.5128295,260018.3569,4203355.106,3550.351563
153.5427474,260018.339,4203355.082,3550.373535
153.5726652,260018.321,4203355.058,3550.389648
153.602583,260018.3031,4203355.034,3550.404541
153.6325008,260018.2851,4203355.01,3550.422852
153.6624187,260018.2672,4203354.986,3550.441162
153.6923365,260018.2492,4203354.962,3550.45752
153.7222543,260018.2313,4203354.938,3550.478027
153.7521721,260018.2133,4203354.914,3550.501953
153.78209,260018.1954,4203354.89,3550.5271
153.8120078,260018.1774,4203354.866,3550.548828
153.8419256,260018.1595,4203354.842,3550.569336
153.8718434,260018.1415,4203354.818,3550.593018
153.9017613,260018.1236,4203354.794,3550.605713
153.9316791,260018.1056,4203354.77,3550.616455
153.9615969,260018.0877,4203354.747,3550.623535
153.9915147,260018.0697,4203354.723,3550.63623
154.0214326,260018.0518,4203354.699,3550.638916
154.0513504,260018.0338,4203354.675,3550.640869
154.0812682,260018.0159,4203354.651,3550.641602
154.111186,260017.9979,4203354.627,3550.646484
154.1411039,260017.98,4203354.603,3550.644287
154.1710217,260017.962,4203354.579,3550.64209
154.2009395,260017.9441,4203354.555,3550.639648
154.2308573,260017.9261,4203354.531,3550.641846
154.2607752,260017.9082,4203354.507,3550.638428
154.290693,260017.8902,4203354.483,3550.634521
154.3206108,260017.8723,4203354.459,3550.626709
154.3505286,260017.8543,4203354.435,3550.627686
154.3804465,260017.8364,4203354.411,3550.614014
154.4103643,260017.8184,4203354.388,3550.593262
154.4402821,260017.8005,4203354.364,3550.567383
154.4701999,260017.7825,4203354.34,3550.564209
154.5001178,260017.7646,4203354.316,3550.543701
154.5300356,260017.7466,4203354.292,3550.521973
154.5599534,260017.7287,4203354.268,3550.501221
154.5898712,260017.7107,4203354.244,3550.49585
154.6197891,260017.6928,4203354.22,3550.480469
154.6497069,260017.6748,4203354.196,3550.468262
154.6796247,260017.6569,4203354.172,3550.461426
154.7095426,260017.6389,4203354.148,3550.459717
154.7394604,260017.621,4203354.124,3550.452148
154.7693782,260017.603,4203354.1,3550.442871
154.799296,260017.5851,4203354.076,3550.432373
154.8292139,260017.5671,4203354.052,3550.429932
154.8591317,260017.5492,4203354.029,3550.418701
154.8890495,260017.5312,4203354.005,3550.402832
154.9189673,260017.5133,4203353.981,3550.384521
154.9488852,260017.4953,4203353.957,3550.381592
154.978803,260017.4774,4203353.933,3550.358643
155.0087208,260017.4594,4203353.909,3550.335693
155.0386386,260017.4414,4203353.885,3550.315918
155.0685565,260017.4235,4203353.861,3550.313721
155.0984743,260017.4055,4203353.837,3550.298828
155.1283921,260017.3876,4203353.813,3550.283447
155.1583099,260017.3696,4203353.789,3550.270264
155.1882278,260017.3517,4203353.765,3550.269043
155.2181456,260017.3337,4203353.741,3550.258057
155.2480634,260017.3158,4203353.717,3550.244873
155.2779812,260017.2978,4203353.693,3550.229736
155.3078991,260017.2799,4203353.669,3550.22876
155.3378169,260017.2619,4203353.646,3550.213135
155.3677347,260017.244,4203353.622,3550.198486
155.3976525,260017.226,4203353.598,3550.18335
155.4275704,260017.2081,4203353.574,3550.18457
155.4574882,260017.1901,4203353.55,3550.167725
155.487406,260017.1722,4203353.526,3550.150146
155.5173238,260017.1542,4203353.502,3550.128418
155.5472417,260017.1363,4203353.478,3550.125488
155.5771595,260017.1183,4203353.454,3550.101318
155.6070773,260017.1004,4203353.43,3550.072754
155.6369951,260017.0824,4203353.406,3550.044434
155.666913,260017.0645,4203353.382,3550.035889
155.6968308,260017.0465,4203353.358,3550.004883
155.7267486,260017.0286,4203353.334,3549.98584
155.7566665,260017.0106,4203353.31,3549.97876
155.7865843,260016.9927,4203353.287,3549.97583
155.8165021,260016.9747,4203353.263,3549.973145
155.8464199,260016.9568,4203353.239,3549.971436
155.8763378,260016.9388,4203353.215,3549.969971
155.9062556,260016.9209,4203353.191,3549.97168
155.9361734,260016.9029,4203353.167,3549.971436
155.9660912,260016.885,4203353.143,3549.974365
155.9960091,260016.867,4203353.119,3549.979736
156.0259269,260016.8491,4203353.095,3549.990967
156.0558447,260016.8311,4203353.071,3549.99292
156.0857625,260016.8132,4203353.047,3550.017334
156.1156804,260016.7952,4203353.023,3550.041992
156.1455982,260016.7773,4203352.999,3550.064697
156.175516,260016.7593,4203352.975,3550.066162
156.2054338,260016.7414,4203352.951,3550.084473
156.2353517,260016.7234,4203352.928,3550.103027
156.2652695,260016.7055,4203352.904,3550.123047
156.2951873,260016.6875,4203352.88,3550.124268
156.3251051,260016.6696,4203352.856,3550.144775
156.355023,260016.6516,4203352.832,3550.160889
156.3849408,260016.6337,4203352.808,3550.176758
156.4148586,260016.6157,4203352.784,3550.176025
156.4447764,260016.5978,4203352.76,3550.191895
156.4746943,260016.5798,4203352.736,3550.205811
156.5046121,260016.5619,4203352.712,3550.221191
156.5345299,260016.5439,4203352.688,3550.217529
156.5644477,260016.526,4203352.664,3550.232178
156.5943656,260016.508,4203352.64,3550.249268
156.6242834,260016.4901,4203352.616,3550.266357
156.6542012,260016.4721,4203352.592,3550.260254
156.684119,260016.4542,4203352.569,3550.276855
156.7140369,260016.4362,4203352.545,3550.288818
156.7439547,260016.4183,4203352.521,3550.298096
156.7738725,260016.4003,4203352.497,3550.287842
156.8037903,260016.3824,4203352.473,3550.293213
156.8337082,260016.3644,4203352.449,3550.295654
156.863626,260016.3465,4203352.425,3550.293213
156.8935438,260016.3285,4203352.401,3550.275879
156.9234617,260016.3106,4203352.377,3550.266357
156.9533795,260016.2926,4203352.353,3550.257568
156.9832973,260016.2747,4203352.329,3550.243896
157.0132151,260016.2567,4203352.305,3550.227295
157.0386827,260016.248,4203352.281,3550.214111
157.0641503,260016.2393,4203352.257,3550.195313
157.0896179,260016.2306,4203352.233,3550.174561
157.1150854,260016.2219,4203352.209,3550.144775
157.140553,260016.2132,4203352.186,3550.118652
157.1660206,260016.2045,4203352.162,3550.087402
157.1914882,260016.1958,4203352.138,3550.06543
157.2169557,260016.1871,4203352.114,3550.04541
157.2424233,260016.1784,4203352.09,3550.013184
157.2678909,260016.1697,4203352.066,3549.988281
157.2933585,260016.161,4203352.042,3549.960449
157.318826,260016.1523,4203352.018,3549.921387
157.3442936,260016.1436,4203351.994,3549.887695
157.3697612,260016.1349,4203351.97,3549.847168
157.3952288,260016.1262,4203351.946,3549.807373
157.4206963,260016.1174,4203351.922,3549.779785
157.4461639,260016.1087,4203351.898,3549.760986
157.4716315,260016.1,4203351.874,3549.743164
157.4970991,260016.0913,4203351.85,3549.727783
157.5225667,260016.0826,4203351.827,3549.71582
157.5480342,260016.0739,4203351.803,3549.703613
157.5735018,260016.0652,4203351.779,3549.695313
157.5989694,260016.0565,4203351.755,3549.693115
157.624437,260016.0478,4203351.731,3549.690186
157.6499045,260016.0391,4203351.707,3549.689209
157.6753721,260016.0304,4203351.683,3549.690674
157.7008397,260016.0217,4203351.659,3549.689941
157.7263073,260016.013,4203351.635,3549.692383
157.7517748,260016.0043,4203351.611,3549.692383
157.7772424,260015.9956,4203351.587,3549.692383
157.80271,260015.9869,4203351.563,3549.696777
157.8281776,260015.9782,4203351.539,3549.697754
157.8536451,260015.9695,4203351.515,3549.698975
157.8791127,260015.9608,4203351.491,3549.708496
157.9045803,260015.9521,4203351.468,3549.7146
157.9300479,260015.9434,4203351.444,3549.724854
157.9555154,260015.9347,4203351.42,3549.751465
157.980983,260015.926,4203351.396,3549.765137
158.0064506,260015.9173,4203351.372,3549.793701
158.0319182,260015.9086,4203351.348,3549.807373
158.0573858,260015.8999,4203351.324,3549.817139
158.0828533,260015.8912,4203351.3,3549.831787
158.1083209,260015.8825,4203351.276,3549.843018
158.1337885,260015.8738,4203351.252,3549.852783
158.1592561,260015.8651,4203351.228,3549.858398
158.1847236,260015.8563,4203351.204,3549.861816
158.2101912,260015.8476,4203351.18,3549.865967
158.2356588,260015.8389,4203351.156,3549.873535
158.2611264,260015.8302,4203351.132,3549.878418
158.2865939,260015.8215,4203351.109,3549.887939
158.3120615,260015.8128,4203351.085,3549.894531
158.3375291,260015.8041,4203351.061,3549.901855
158.3629967,260015.7954,4203351.037,3549.9104
158.3884642,260015.7867,4203351.013,3549.91333
158.4139318,260015.778,4203350.989,3549.915527
158.4393994,260015.7693,4203350.965,3549.918701
158.464867,260015.7606,4203350.941,3549.92041
158.4903345,260015.7519,4203350.917,3549.921875
158.5158021,260015.7432,4203350.893,3549.92749
158.5412697,260015.7345,4203350.869,3549.929443
158.5667373,260015.7258,4203350.845,3549.9375
158.5922048,260015.7171,4203350.821,3549.94043
158.6176724,260015.7084,4203350.797,3549.943604
158.64314,260015.6997,4203350.773,3549.952637
158.6686076,260015.691,4203350.75,3549.956787
158.6940752,260015.6823,4203350.726,3549.961182
158.7195427,260015.6736,4203350.702,3549.97168
158.7450103,260015.6649,4203350.678,3549.976318
158.7704779,260015.6562,4203350.654,3549.981934
158.7959455,260015.6475,4203350.63,3549.99292
158.821413,260015.6388,4203350.606,3549.998047
158.8468806,260015.6301,4203350.582,3550.010254
158.8723482,260015.6214,4203350.558,3550.020264
158.8978158,260015.6127,4203350.534,3550.033691
158.9232833,260015.604,4203350.51,3550.065918
158.9487509,260015.5952,4203350.486,3550.085938
158.9742185,260015.5865,4203350.462,3550.108887
158.9996861,260015.5778,4203350.438,3550.159424
159.0251536,260015.5691,4203350.414,3550.187012
159.0506212,260015.5604,4203350.39,3550.2146
159.0760888,260015.5517,4203350.367,3550.263428
159.1015564,260015.543,4203350.343,3550.290771
159.1270239,260015.5343,4203350.319,3550.332275
159.1524915,260015.5256,4203350.295,3550.35376
159.1779591,260015.5169,4203350.271,3550.377686
159.2034267,260015.5082,4203350.247,3550.424561
159.2288943,260015.4995,4203350.223,3550.457275
159.2543618,260015.4908,4203350.199,3550.495117
159.2798294,260015.4821,4203350.175,3550.568359
159.305297,260015.4734,4203350.151,3550.622314
159.3307646,260015.4647,4203350.127,3550.682129
159.3562321,260015.456,4203350.103,3550.69873
159.3816997,260015.4473,4203350.079,3550.711426
159.4071673,260015.4386,4203350.055,3550.732666
159.4326349,260015.4299,4203350.031,3550.741699
159.4581024,260015.4212,4203350.008,3550.749268
159.48357,260015.4125,4203349.984,3550.760498
159.5090376,260015.4038,4203349.96,3550.761963
159.5345052,260015.3951,4203349.936,3550.762207
159.5599727,260015.3864,4203349.912,3550.762451
159.5854403,260015.3777,4203349.888,3550.761963
159.6109079,260015.369,4203349.864,3550.761963
159.6363755,260015.3603,4203349.84,3550.761475
159.661843,260015.3516,4203349.816,3550.760742
159.6873106,260015.3428,4203349.792,3550.760254
159.7127782,260015.3341,4203349.768,3550.759521
159.7382458,260015.3254,4203349.744,3550.758545
159.7637134,260015.3167,4203349.72,3550.756592
159.7891809,260015.308,4203349.696,3550.754883
159.8146485,260015.2993,4203349.672,3550.75293
159.8401161,260015.2906,4203349.649,3550.749023
159.8655837,260015.2819,4203349.625,3550.74585
159.8910512,260015.2732,4203349.601,3550.740479
159.9165188,260015.2645,4203349.577,3550.735596
159.9419864,260015.2558,4203349.553,3550.729736
159.967454,260015.2471,4203349.529,3550.720215
159.9929215,260015.2384,4203349.505,3550.712646
160.0183891,260015.2297,4203349.481,3550.705322
160.0438567,260015.221,4203349.457,3550.695068
160.0693243,260015.2123,4203349.433,3550.688232
160.0947918,260015.2036,4203349.409,3550.679199
160.1231225,260015.1884,4203349.385,3550.658691
160.1514531,260015.1733,4203349.361,3550.62793
160.1797837,260015.1581,4203349.337,3550.610596
160.2081144,260015.143,4203349.313,3550.568604
160.236445,260015.1278,4203349.29,3550.526367
160.2647756,260015.1126,4203349.266,3550.50415
160.2931063,260015.0975,4203349.242,3550.456787
160.3214369,260015.0823,4203349.218,3550.411621
160.3497676,260015.0672,4203349.194,3550.387695
160.3780982,260015.052,4203349.17,3550.350098
160.4064288,260015.0369,4203349.146,3550.331299
160.4347595,260015.0217,4203349.122,3550.296875
160.4630901,260015.0065,4203349.098,3550.261475
160.4914207,260014.9914,4203349.074,3550.245361
160.5197514,260014.9762,4203349.05,3550.211182
160.548082,260014.9611,4203349.026,3550.175537
160.5764126,260014.9459,4203349.002,3550.161621
160.6047433,260014.9307,4203348.978,3550.126221
160.6330739,260014.9156,4203348.954,3550.096924
160.6614045,260014.9004,4203348.931,3550.088135
160.6897352,260014.8853,4203348.907,3550.068848
160.7180658,260014.8701,4203348.883,3550.063721
160.7463964,260014.855,4203348.859,3550.047363
160.7747271,260014.8398,4203348.835,3550.034424
160.8030577,260014.8246,4203348.811,3550.03125
160.8313883,260014.8095,4203348.787,3550.02124
160.859719,260014.7943,4203348.763,3550.012695
160.8880496,260014.7792,4203348.739,3550.011475
160.9163802,260014.764,4203348.715,3550.007813
160.9447109,260014.7488,4203348.691,3550.008789
160.9730415,260014.7337,4203348.667,3550.008057
161.0013721,260014.7185,4203348.643,3550.008301
161.0297028,260014.7034,4203348.619,3550.01001
161.0580334,260014.6882,4203348.595,3550.010498
161.0863641,260014.6731,4203348.571,3550.01123
161.1146947,260014.6579,4203348.548,3550.012451
161.1430253,260014.6427,4203348.524,3550.013428
161.171356,260014.6276,4203348.5,3550.015137
161.1996866,260014.6124,4203348.476,3550.017578
161.2280172,260014.5973,4203348.452,3550.021973
161.2563479,260014.5821,4203348.428,3550.026611
161.2846785,260014.5669,4203348.404,3550.0354
161.3130091,260014.5518,4203348.38,3550.047852
161.3413398,260014.5366,4203348.356,3550.054199
161.3696704,260014.5215,4203348.332,3550.069824
161.398001,260014.5063,4203348.308,3550.090332
161.4263317,260014.4912,4203348.284,3550.098389
161.4546623,260014.476,4203348.26,3550.12207
161.4829929,260014.4608,4203348.236,3550.147461
161.5113236,260014.4457,4203348.212,3550.157471
161.5396542,260014.4305,4203348.189,3550.182373
161.5679848,260014.4154,4203348.165,3550.194824
161.5963155,260014.4002,4203348.141,3550.227051
161.6246461,260014.385,4203348.117,3550.263672
161.6529767,260014.3699,4203348.093,3550.281738
161.6813074,260014.3547,4203348.069,3550.320313
161.709638,260014.3396,4203348.045,3550.356934
161.7379686,260014.3244,4203348.021,3550.372559
161.7662993,260014.3093,4203347.997,3550.401367
161.7946299,260014.2941,4203347.973,3550.43335
161.8229606,260014.2789,4203347.949,3550.445801
161.8512912,260014.2638,4203347.925,3550.483154
161.8796218,260014.2486,4203347.901,3550.48999
161.9079525,260014.2335,4203347.877,3550.525879
161.9362831,260014.2183,4203347.853,3550.555664
161.9646137,260014.2031,4203347.83,3550.557861
161.9929444,260014.188,4203347.806,3550.58374
162.021275,260014.1728,4203347.782,3550.612549
162.0496056,260014.1577,4203347.758,3550.615234
162.0779363,260014.1425,4203347.734,3550.644775
162.1062669,260014.1274,4203347.71,3550.673828
162.1345975,260014.1122,4203347.686,3550.676025
162.1629282,260014.097,4203347.662,3550.713135
162.1912588,260014.0819,4203347.638,3550.716553
162.2195894,260014.0667,4203347.614,3550.744385
162.2479201,260014.0516,4203347.59,3550.761719
162.2762507,260014.0364,4203347.566,3550.759277
162.3045813,260014.0212,4203347.542,3550.764893
162.332912,260014.0061,4203347.518,3550.768066
162.3612426,260013.9909,4203347.494,3550.762695
162.3895732,260013.9758,4203347.471,3550.763672
162.4179039,260013.9606,4203347.447,3550.764893
162.4462345,260013.9455,4203347.423,3550.759277
162.4745651,260013.9303,4203347.399,3550.760254
162.5028958,260013.9151,4203347.375,3550.75415
162.5312264,260013.9,4203347.351,3550.753662
162.5595571,260013.8848,4203347.327,3550.751465
162.5878877,260013.8697,4203347.303,3550.741943
162.6162183,260013.8545,4203347.279,3550.73877
162.644549,260013.8393,4203347.255,3550.736328
162.6728796,260013.8242,4203347.231,3550.726807
162.7012102,260013.809,4203347.207,3550.725098
162.7295409,260013.7939,4203347.183,3550.724365
162.7578715,260013.7787,4203347.159,3550.717041
162.7862021,260013.7636,4203347.135,3550.717773
162.8145328,260013.7484,4203347.112,3550.710693
162.8428634,260013.7332,4203347.088,3550.712646
162.871194,260013.7181,4203347.064,3550.71582
162.8995247,260013.7029,4203347.04,3550.710938
162.9278553,260013.6878,4203347.016,3550.716064
162.9561859,260013.6726,4203346.992,3550.723877
162.9845166,260013.6574,4203346.968,3550.721924
163.0128472,260013.6423,4203346.944,3550.731201
163.0411778,260013.6271,4203346.92,3550.730713
163.0695085,260013.612,4203346.896,3550.740479
163.0978391,260013.5968,4203346.872,3550.750488
163.1261697,260013.5817,4203346.848,3550.751709
163.1545004,260013.5665,4203346.824,3550.763184
163.182831,260013.5513,4203346.8,3550.774902
163.2111616,260013.5362,4203346.776,3550.77832
163.2394923,260013.521,4203346.752,3550.791992
163.2678229,260013.5059,4203346.729,3550.804932
163.2961536,260013.4907,4203346.705,3550.808594
163.3244842,260013.4755,4203346.681,3550.821289
163.3528148,260013.4604,4203346.657,3550.825684
163.3811455,260013.4452,4203346.633,3550.84082
163.4094761,260013.4301,4203346.609,3550.861084
163.4378067,260013.4149,4203346.585,3550.868652
163.4661374,260013.3997,4203346.561,3550.894775
163.494468,260013.3846,4203346.537,3550.931396
163.5227986,260013.3694,4203346.513,3550.944824
163.5511293,260013.3543,4203346.489,3550.991455
163.5794599,260013.3391,4203346.465,3551.031006
163.6077905,260013.324,4203346.441,3551.043213
163.6361212,260013.3088,4203346.417,3551.084717
163.6644518,260013.2936,4203346.393,3551.094482
163.6927824,260013.2785,4203346.37,3551.130127
163.7211131,260013.2633,4203346.346,3551.162354
163.7494437,260013.2482,4203346.322,3551.172852
163.7777743,260013.233,4203346.298,3551.201416
163.806105,260013.2178,4203346.274,3551.228027
163.8344356,260013.2027,4203346.25,3551.235596
163.8627662,260013.1875,4203346.226,3551.263672
163.8910969,260013.1724,4203346.202,3551.320313
163.9194275,260013.1572,4203346.178,3551.331299
163.9477581,260013.1421,4203346.154,3551.443848
163.9760888,260013.1269,4203346.13,3551.431641
164.0044194,260013.1117,4203346.106,3551.520996
164.0327501,260013.0966,4203346.082,3551.668457
164.0610807,260013.0814,4203346.058,3551.57959
164.0894113,260013.0663,4203346.034,3551.677979
164.117742,260013.0511,4203346.011,3551.695068
164.1460726,260013.0359,4203345.987,3551.627197
164.1744032,260013.0208,4203345.963,3551.699951
164.2027339,260013.0056,4203345.939,3551.698486
164.2310645,260012.9905,4203345.915,3551.674561
164.2593951,260012.9753,4203345.891,3551.699463
164.2877258,260012.9602,4203345.867,3551.690918
164.3160564,260012.945,4203345.843,3551.70874
164.344387,260012.9298,4203345.819,3551.7229
164.3727177,260012.9147,4203345.795,3551.718994
164.4010483,260012.8995,4203345.771,3551.729492
164.4293789,260012.8844,4203345.747,3551.739258
164.4577096,260012.8692,4203345.723,3551.73584
164.4860402,260012.854,4203345.699,3551.746094
164.5143708,260012.8389,4203345.675,3551.755371
164.5427015,260012.8237,4203345.652,3551.753174
164.5710321,260012.8086,4203345.628,3551.760742
164.5993627,260012.7934,4203345.604,3551.757813
164.6276934,260012.7783,4203345.58,3551.765381
164.656024,260012.7631,4203345.556,3551.771729
164.6843546,260012.7479,4203345.532,3551.77124
164.7126853,260012.7328,4203345.508,3551.777832
164.7410159,260012.7176,4203345.484,3551.783691
164.7693466,260012.7025,4203345.46,3551.783447
164.7976772,260012.6873,4203345.436,3551.788574
164.8260078,260012.6721,4203345.412,3551.78833
164.8543385,260012.657,4203345.388,3551.793457
164.8826691,260012.6418,4203345.364,3551.801514
164.9109997,260012.6267,4203345.34,3551.800781
164.9393304,260012.6115,4203345.316,3551.810303
164.967661,260012.5964,4203345.292,3551.824463
164.9959916,260012.5812,4203345.269,3551.824219
165.0243223,260012.566,4203345.245,3551.846436
165.0526529,260012.5509,4203345.221,3551.866943
165.0809835,260012.5357,4203345.197,3551.867432
165.1093142,260012.5206,4203345.173,3551.881592
165.1376448,260012.5054,4203345.149,3551.880615
165.1659754,260012.4902,4203345.125,3551.888184
165.1943061,260012.4751,4203345.101,3551.895264
165.2226367,260012.4599,4203345.077,3551.893555
165.2509673,260012.4448,4203345.053,3551.898926
165.279298,260012.4296,4203345.029,3551.903076
165.3076286,260012.4145,4203345.005,3551.901611
165.3359592,260012.3993,4203344.981,3551.905762
165.3642899,260012.3841,4203344.957,3551.90918
165.3926205,260012.369,4203344.933,3551.908447
165.4209511,260012.3538,4203344.91,3551.911621
165.4492818,260012.3387,4203344.886,3551.911377
165.4776124,260012.3235,4203344.862,3551.914307
165.5059431,260012.3083,4203344.838,3551.924072
165.5342737,260012.2932,4203344.814,3551.925537
165.5626043,260012.278,4203344.79,3551.950439
165.590935,260012.2629,4203344.766,3551.968506
165.6192656,260012.2477,4203344.742,3551.967285
165.6475962,260012.2326,4203344.718,3551.983643
165.6759269,260012.2174,4203344.694,3552.000732
165.7042575,260012.2022,4203344.67,3551.995361
165.7325881,260012.1871,4203344.646,3552.011719
165.7609188,260012.1719,4203344.622,3552.006836
165.7892494,260012.1568,4203344.598,3552.022949
165.81758,260012.1416,4203344.574,3552.036133
165.8459107,260012.1264,4203344.551,3552.03125
165.8742413,260012.1113,4203344.527,3552.042725
165.9025719,260012.0961,4203344.503,3552.051758
165.9309026,260012.081,4203344.479,3552.047119
165.9592332,260012.0658,4203344.455,3552.054199
165.9875638,260012.0507,4203344.431,3552.061523
166.0158945,260012.0355,4203344.407,3552.057129
166.0442251,260012.0203,4203344.383,3552.063477
166.0725557,260012.0052,4203344.359,3552.061279
166.1008864,260011.99,4203344.335,3552.068848
166.129217,260011.9749,4203344.311,3552.075684
166.1575476,260011.9597,4203344.287,3552.073975
166.1858783,260011.9445,4203344.263,3552.081543
166.2142089,260011.9294,4203344.239,3552.091064
166.2425396,260011.9142,4203344.215,3552.089844
166.2708702,260011.8991,4203344.192,3552.098877
166.2992008,260011.8839,4203344.168,3552.10791
166.3275315,260011.8688,4203344.144,3552.106445
166.3558621,260011.8536,4203344.12,3552.116455
166.3841927,260011.8384,4203344.096,3552.115234
166.4125234,260011.8233,4203344.072,3552.123047
166.440854,260011.8081,4203344.048,3552.128662
166.4691846,260011.793,4203344.024,3552.127441
166.4975153,260011.7778,4203344,3552.132324
166.5258459,260011.7626,4203343.976,3552.134277
166.5541765,260011.7475,4203343.952,3552.133789
166.5825072,260011.7323,4203343.928,3552.13623
166.6108378,260011.7172,4203343.904,3552.138184
166.6391684,260011.702,4203343.88,3552.137695
166.6674991,260011.6869,4203343.856,3552.140137
166.6958297,260011.6717,4203343.833,3552.139404
166.7241603,260011.6565,4203343.809,3552.141846
166.752491,260011.6414,4203343.785,3552.144775
166.7808216,260011.6262,4203343.761,3552.14502
166.8091522,260011.6111,4203343.737,3552.151123
166.8374829,260011.5959,4203343.713,3552.15918
166.8658135,260011.5807,4203343.689,3552.161133
166.8941441,260011.5656,4203343.665,3552.167969
166.9224748,260011.5504,4203343.641,3552.169678
166.9508054,260011.5353,4203343.617,3552.176025
166.9791361,260011.5201,4203343.593,3552.18335
167.0074667,260011.505,4203343.569,3552.185791
167.0357973,260011.4898,4203343.545,3552.190918
167.064128,260011.4746,4203343.521,3552.196045
167.0924586,260011.4595,4203343.497,3552.197754
167.1207892,260011.4443,4203343.473,3552.204346
167.1491199,260011.4292,4203343.45,3552.211426
167.1774505,260011.414,4203343.426,3552.2146
167.2057811,260011.3988,4203343.402,3552.221436
167.2341118,260011.3837,4203343.378,3552.223877
167.2624424,260011.3685,4203343.354,3552.229736
167.290773,260011.3534,4203343.33,3552.234131
167.3191037,260011.3382,4203343.306,3552.236084
167.3474343,260011.3231,4203343.282,3552.240967
167.3757649,260011.3079,4203343.258,3552.247314
167.4040956,260011.2927,4203343.234,3552.251221
167.4324262,260011.2776,4203343.21,3552.258545
167.4607568,260011.2624,4203343.186,3552.267578
167.4890875,260011.2473,4203343.162,3552.273926
167.5174181,260011.2321,4203343.138,3552.282959
167.5457487,260011.2169,4203343.114,3552.287598
167.5740794,260011.2018,4203343.091,3552.29541
167.60241,260011.1866,4203343.067,3552.305664
167.6307406,260011.1715,4203343.043,3552.3125
167.6590713,260011.1563,4203343.019,3552.327637
167.6874019,260011.1412,4203342.995,3552.343262
167.7157326,260011.126,4203342.971,3552.354492
167.7440632,260011.1108,4203342.947,3552.373779
167.7723938,260011.0957,4203342.923,3552.392822
167.8007245,260011.0805,4203342.899,3552.403809
167.8290551,260011.0654,4203342.875,3552.417969
167.8573857,260011.0502,4203342.851,3552.427002
167.8857164,260011.035,4203342.827,3552.439209
167.914047,260011.0199,4203342.803,3552.452393
167.9423776,260011.0047,4203342.779,3552.460205
167.9707083,260010.9896,4203342.755,3552.470947
167.9990389,260010.9744,4203342.732,3552.481934
168.0273695,260010.9593,4203342.708,3552.487549
168.0557002,260010.9441,4203342.684,3552.501953
168.0840308,260010.9289,4203342.66,3552.518799
168.1123614,260010.9138,4203342.636,3552.528076
168.1406921,260010.8986,4203342.612,3552.540039
168.1690227,260010.8835,4203342.588,3552.54541
168.1973533,260010.8683,4203342.564,3552.554199
168.225684,260010.8531,4203342.54,3552.568115
168.2540146,260010.838,4203342.516,3552.579346
168.2823452,260010.8228,4203342.492,3552.595947
168.3106759,260010.8077,4203342.468,3552.611328
168.3390065,260010.7925,4203342.444,3552.623779
168.3673371,260010.7774,4203342.42,3552.651367
168.3956678,260010.7622,4203342.396,3552.682617
168.4239984,260010.747,4203342.373,3552.706787
168.4523291,260010.7319,4203342.349,3552.741455
168.4806597,260010.7167,4203342.325,3552.75708
168.5089903,260010.7016,4203342.301,3552.781006
168.537321,260010.6864,4203342.277,3552.809326
168.5656516,260010.6712,4203342.253,3552.830566
168.5939822,260010.6561,4203342.229,3552.861084
168.6223129,260010.6409,4203342.205,3552.881348
168.6506435,260010.6258,4203342.181,3552.890381
168.6789741,260010.6106,4203342.157,3552.892578
168.7073048,260010.5955,4203342.133,3552.898193
168.7356354,260010.5803,4203342.109,3552.897217
168.763966,260010.5651,4203342.085,3552.89624
168.7922967,260010.55,4203342.061,3552.900391
168.8206273,260010.5348,4203342.037,3552.896973
168.8489579,260010.5197,4203342.014,3552.893555
168.8772886,260010.5045,4203341.99,3552.89624
168.9056192,260010.4893,4203341.966,3552.889404
168.9339498,260010.4742,4203341.942,3552.871826
168.9622805,260010.459,4203341.918,3552.862061
168.9906111,260010.4439,4203341.894,3552.831543
169.0189417,260010.4287,4203341.87,3552.818848
169.0472724,260010.4136,4203341.846,3552.798096
169.075603,260010.3984,4203341.822,3552.788086
169.1039336,260010.3832,4203341.798,3552.784912
169.1322643,260010.3681,4203341.774,3552.783203
169.1605949,260010.3529,4203341.75,3552.781494
169.1889256,260010.3378,4203341.726,3552.779785
169.2172562,260010.3226,4203341.702,3552.779541
169.2455868,260010.3074,4203341.678,3552.779297
169.2739175,260010.2923,4203341.654,3552.77832
169.3022481,260010.2771,4203341.631,3552.778564
169.3305787,260010.262,4203341.607,3552.778564
169.3589094,260010.2468,4203341.583,3552.78418
169.38724,260010.2317,4203341.559,3552.796875
169.4155706,260010.2165,4203341.535,3552.802734
169.4439013,260010.2013,4203341.511,3552.813965
169.470509,260010.1896,4203341.487,3552.819336
169.4971168,260010.1779,4203341.463,3552.829346
169.5237246,260010.1662,4203341.439,3552.833984
169.5503324,260010.1545,4203341.415,3552.842041
169.5769401,260010.1428,4203341.391,3552.844971
169.6035479,260010.1311,4203341.368,3552.851318
169.6301557,260010.1194,4203341.344,3552.853027
169.6567635,260010.1076,4203341.32,3552.856934
169.6833712,260010.0959,4203341.296,3552.85791
169.709979,260010.0842,4203341.272,3552.861084
169.7365868,260010.0725,4203341.248,3552.862305
169.7631946,260010.0608,4203341.224,3552.869141
169.7898023,260010.0491,4203341.2,3552.871826
169.8164101,260010.0374,4203341.176,3552.881836
169.8430179,260010.0257,4203341.153,3552.887207
169.8696257,260010.0139,4203341.129,3552.902344
169.8962334,260010.0022,4203341.105,3552.909912
169.9228412,260009.9905,4203341.081,3552.925049
169.949449,260009.9788,4203341.057,3552.930176
169.9760568,260009.9671,4203341.033,3552.936768
170.0026645,260009.9554,4203341.009,3552.939453
170.0292723,260009.9437,4203340.985,3552.945068
170.0558801,260009.932,4203340.961,3552.947754
170.0824879,260009.9203,4203340.937,3552.952148
170.1090956,260009.9085,4203340.914,3552.953613
170.1357034,260009.8968,4203340.89,3552.960449
170.1623112,260009.8851,4203340.866,3552.966309
170.188919,260009.8734,4203340.842,3552.980713
170.2155267,260009.8617,4203340.818,3552.989502
170.2421345,260009.85,4203340.794,3553.005615
170.2687423,260009.8383,4203340.77,3553.013184
170.2953501,260009.8266,4203340.746,3553.024902
170.3219579,260009.8149,4203340.722,3553.030762
170.3485656,260009.8031,4203340.699,3553.038818
170.3751734,260009.7914,4203340.675,3553.042969
170.4017812,260009.7797,4203340.651,3553.049805
170.428389,260009.768,4203340.627,3553.054199
170.4549967,260009.7563,4203340.603,3553.0625
170.4816045,260009.7446,4203340.579,3553.067139
170.5082123,260009.7329,4203340.555,3553.074219
170.5348201,260009.7212,4203340.531,3553.078369
170.5614278,260009.7094,4203340.507,3553.085693
170.5880356,260009.6977,4203340.484,3553.090576
170.6146434,260009.686,4203340.46,3553.098633
170.6412512,260009.6743,4203340.436,3553.103027
170.6678589,260009.6626,4203340.412,3553.112549
170.6944667,260009.6509,4203340.388,3553.118896
170.7210745,260009.6392,4203340.364,3553.132813
170.7476823,260009.6275,4203340.34,3553.140381
170.77429,260009.6158,4203340.316,3553.159912
170.8008978,260009.604,4203340.292,3553.172852
170.8275056,260009.5923,4203340.269,3553.19751
170.8541134,260009.5806,4203340.245,3553.216064
170.8807211,260009.5689,4203340.221,3553.239502
170.9073289,260009.5572,4203340.197,3553.250732
170.9339367,260009.5455,4203340.173,3553.260498
170.9605445,260009.5338,4203340.149,3553.276611
170.9871522,260009.5221,4203340.125,3553.283447
171.01376,260009.5104,4203340.101,3553.300293
171.0403678,260009.4986,4203340.077,3553.306885
171.0669756,260009.4869,4203340.053,3553.318359
171.0935833,260009.4752,4203340.03,3553.323242
171.1201911,260009.4635,4203340.006,3553.33252
171.1467989,260009.4518,4203339.982,3553.336426
171.1734067,260009.4401,4203339.958,3553.341797
171.2000144,260009.4284,4203339.934,3553.343994
171.2266222,260009.4167,4203339.91,3553.347656
171.25323,260009.4049,4203339.886,3553.349854
171.2798378,260009.3932,4203339.862,3553.355225
171.3064455,260009.3815,4203339.838,3553.359375
171.3330533,260009.3698,4203339.815,3553.364258
171.3596611,260009.3581,4203339.791,3553.366211
171.3862689,260009.3464,4203339.767,3553.36792
171.4128766,260009.3347,4203339.743,3553.368652
171.4394844,260009.323,4203339.719,3553.369629
171.4660922,260009.3113,4203339.695,3553.371338
171.4927,260009.2995,4203339.671,3553.375
171.5193077,260009.2878,4203339.647,3553.379639
171.5459155,260009.2761,4203339.623,3553.386963
171.5725233,260009.2644,4203339.6,3553.39624
171.5991311,260009.2527,4203339.576,3553.408447
171.6257388,260009.241,4203339.552,3553.418701
171.6523466,260009.2293,4203339.528,3553.429443
171.6789544,260009.2176,4203339.504,3553.436768
171.7055622,260009.2058,4203339.48,3553.441895
171.7321699,260009.1941,4203339.456,3553.446289
171.7587777,260009.1824,4203339.432,3553.449951
171.7853855,260009.1707,4203339.408,3553.452393
171.8119933,260009.159,4203339.385,3553.454102
171.838601,260009.1473,4203339.361,3553.455811
171.8652088,260009.1356,4203339.337,3553.457275
171.8918166,260009.1239,4203339.313,3553.459717
171.9184244,260009.1122,4203339.289,3553.462158
171.9450321,260009.1004,4203339.265,3553.466553
171.9716399,260009.0887,4203339.241,3553.471436
171.9982477,260009.077,4203339.217,3553.477051
172.0248555,260009.0653,4203339.193,3553.480713
172.0514632,260009.0536,4203339.169,3553.483643
172.078071,260009.0419,4203339.146,3553.486328
172.1046788,260009.0302,4203339.122,3553.48877
172.1312866,260009.0185,4203339.098,3553.491455
172.1578944,260009.0068,4203339.074,3553.493408
172.1845021,260008.995,4203339.05,3553.49585
172.2111099,260008.9833,4203339.026,3553.497559
172.2377177,260008.9716,4203339.002,3553.500244
172.2643255,260008.9599,4203338.978,3553.503662
172.2909332,260008.9482,4203338.954,3553.509033
172.317541,260008.9365,4203338.931,3553.514893
172.3441488,260008.9248,4203338.907,3553.522705
172.3707566,260008.9131,4203338.883,3553.535645
172.3973643,260008.9013,4203338.859,3553.551758
172.4239721,260008.8896,4203338.835,3553.568115
172.4505799,260008.8779,4203338.811,3553.575195
172.4771877,260008.8662,4203338.787,3553.582275
172.5037954,260008.8545,4203338.763,3553.587891
172.5304032,260008.8428,4203338.739,3553.595947
172.557011,260008.8311,4203338.716,3553.602051
172.5836188,260008.8194,4203338.692,3553.609131
172.6102265,260008.8077,4203338.668,3553.614502
172.6368343,260008.7959,4203338.644,3553.619629
172.6634421,260008.7842,4203338.62,3553.624756
172.6900499,260008.7725,4203338.596,3553.632568
172.7166576,260008.7608,4203338.572,3553.641602
172.7432654,260008.7491,4203338.548,3553.655029
172.7698732,260008.7374,4203338.524,3553.666016
172.796481,260008.7257,4203338.501,3553.676514
172.8230887,260008.714,4203338.477,3553.683594
172.8496965,260008.7022,4203338.453,3553.690186
172.8763043,260008.6905,4203338.429,3553.695557
172.9029121,260008.6788,4203338.405,3553.700928
172.9295198,260008.6671,4203338.381,3553.704346
172.9561276,260008.6554,4203338.357,3553.710205
172.9827354,260008.6437,4203338.333,3553.713623
173.0093432,260008.632,4203338.309,3553.718262
173.0359509,260008.6203,4203338.286,3553.721191
173.0625587,260008.6086,4203338.262,3553.725342
173.0891665,260008.5968,4203338.238,3553.728271
173.1157743,260008.5851,4203338.214,3553.730957
173.142382,260008.5734,4203338.19,3553.733154
173.1689898,260008.5617,4203338.166,3553.736816
173.1955976,260008.55,4203338.142,3553.740234
173.2222054,260008.5383,4203338.118,3553.744141
173.2488131,260008.5266,4203338.094,3553.747314
173.2754209,260008.5149,4203338.07,3553.752197
173.3020287,260008.5032,4203338.047,3553.755371
173.3286365,260008.4914,4203338.023,3553.761719
173.3552442,260008.4797,4203337.999,3553.765869
173.381852,260008.468,4203337.975,3553.772217
173.4084598,260008.4563,4203337.951,3553.777344
173.4350676,260008.4446,4203337.927,3553.785889
173.4616753,260008.4329,4203337.903,3553.791016
173.4882831,260008.4212,4203337.879,3553.796875
173.5148909,260008.4095,4203337.855,3553.80127
173.5414987,260008.3977,4203337.832,3553.804932
173.5681064,260008.386,4203337.808,3553.80835
173.5947142,260008.3743,4203337.784,3553.810547
173.621322,260008.3626,4203337.76,3553.813965
173.6479298,260008.3509,4203337.736,3553.816406
173.6745375,260008.3392,4203337.712,3553.819336
173.7011453,260008.3275,4203337.688,3553.820557
173.7277531,260008.3158,4203337.664,3553.82251
173.7543609,260008.3041,4203337.64,3553.824707
173.7809686,260008.2923,4203337.617,3553.825684
173.8075764,260008.2806,4203337.593,3553.828369
173.8341842,260008.2689,4203337.569,3553.829346
173.860792,260008.2572,4203337.545,3553.832031
173.8873998,260008.2455,4203337.521,3553.833252
173.9140075,260008.2338,4203337.497,3553.836426
173.9406153,260008.2221,4203337.473,3553.838379
173.9672231,260008.2104,4203337.449,3553.840576
173.9938309,260008.1987,4203337.425,3553.842285
174.0204386,260008.1869,4203337.402,3553.843994
174.0470464,260008.1752,4203337.378,3553.845947
174.0736542,260008.1635,4203337.354,3553.848633
174.100262,260008.1518,4203337.33,3553.853271
174.1268697,260008.1401,4203337.306,3553.858887
174.1534775,260008.1284,4203337.282,3553.869141
174.1800853,260008.1167,4203337.258,3553.880615
174.2066931,260008.105,4203337.234,3553.896729
174.2333008,260008.0932,4203337.21,3553.906982
174.2599086,260008.0815,4203337.186,3553.918945
174.2865164,260008.0698,4203337.163,3553.92627
174.3131242,260008.0581,4203337.139,3553.935059
174.3397319,260008.0464,4203337.115,3553.942139
174.3663397,260008.0347,4203337.091,3553.953613
174.3929475,260008.023,4203337.067,3553.962158
174.4195553,260008.0113,4203337.043,3553.975586
174.446163,260007.9996,4203337.019,3553.984375
174.4727708,260007.9878,4203336.995,3553.998535
174.4993786,260007.9761,4203336.971,3554.009521
174.5259864,260007.9644,4203336.948,3554.022705
174.5525941,260007.9527,4203336.924,3554.030762
174.5792019,260007.941,4203336.9,3554.045166
174.6058097,260007.9293,4203336.876,3554.05542
174.6324175,260007.9176,4203336.852,3554.071533
174.6590252,260007.9059,4203336.828,3554.080811
174.685633,260007.8941,4203336.804,3554.0896
174.7122408,260007.8824,4203336.78,3554.094482
174.7388486,260007.8707,4203336.756,3554.099365
174.7654563,260007.859,4203336.733,3554.102783
174.7920641,260007.8473,4203336.709,3554.105957
174.8186719,260007.8356,4203336.685,3554.10791
174.8452797,260007.8239,4203336.661,3554.108643
174.8718874,260007.8122,4203336.637,3554.109131
174.8984952,260007.8005,4203336.613,3554.109375
174.925103,260007.7887,4203336.589,3554.109619
174.9517108,260007.777,4203336.565,3554.109863
174.9783185,260007.7653,4203336.541,3554.109863
175.0049263,260007.7536,4203336.518,3554.109619
175.0315341,260007.7419,4203336.494,3554.109619
175.0581419,260007.7302,4203336.47,3554.109375
175.0847496,260007.7185,4203336.446,3554.109375
175.1113574,260007.7068,4203336.422,3554.109375
175.1379652,260007.6951,4203336.398,3554.109375
175.164573,260007.6833,4203336.374,3554.109375
175.1911807,260007.6716,4203336.35,3554.109619
175.2177885,260007.6599,4203336.326,3554.109619
175.2443963,260007.6482,4203336.302,3554.110107
175.2710041,260007.6365,4203336.279,3554.11084
175.2976118,260007.6248,4203336.255,3554.111572
175.3242196,260007.6131,4203336.231,3554.112305
175.3508274,260007.6014,4203336.207,3554.113037
175.3774352,260007.5896,4203336.183,3554.114258
175.4040429,260007.5779,4203336.159,3554.117432
175.4306507,260007.5662,4203336.135,3554.119873
175.4572585,260007.5545,4203336.111,3554.126221
175.4838663,260007.5428,4203336.087,3554.131104
175.510474,260007.5311,4203336.064,3554.141846
175.5370818,260007.5194,4203336.04,3554.150146
175.5636896,260007.5077,4203336.016,3554.164795
175.5902974,260007.496,4203335.992,3554.173828
175.6169052,260007.4842,4203335.968,3554.184082
175.6435129,260007.4725,4203335.944,3554.189941
175.6701207,260007.4608,4203335.92,3554.196533
175.6967285,260007.4491,4203335.896,3554.199463
175.7233363,260007.4374,4203335.872,3554.205566
175.749944,260007.4257,4203335.849,3554.211182
175.7765518,260007.414,4203335.825,3554.221924
175.8031596,260007.4023,4203335.801,3554.231934
175.8297674,260007.3905,4203335.777,3554.24707
175.8563751,260007.3788,4203335.753,3554.259766
175.8829829,260007.3671,4203335.729,3554.27832
175.9095907,260007.3554,4203335.705,3554.291992
175.9361985,260007.3437,4203335.681,3554.306885
175.9628062,260007.332,4203335.657,3554.319824
175.989414,260007.3203,4203335.634,3554.329102
176.0160218,260007.3086,4203335.61,3554.338623
176.0426296,260007.2969,4203335.586,3554.344482
176.0692373,260007.2851,4203335.562,3554.350098
176.0958451,260007.2734,4203335.538,3554.354492
176.1224529,260007.2617,4203335.514,3554.359131
176.1490607,260007.25,4203335.49,3554.362305
176.1756684,260007.2383,4203335.466,3554.365479
176.2022762,260007.2266,4203335.442,3554.368164
176.228884,260007.2149,4203335.419,3554.371582
176.2554918,260007.2032,4203335.395,3554.375
176.2820995,260007.1915,4203335.371,3554.378418
176.3087073,260007.1797,4203335.347,3554.380615
176.3353151,260007.168,4203335.323,3554.382568
176.3619229,260007.1563,4203335.299,3554.384277
176.3885306,260007.1446,4203335.275,3554.385986
176.4151384,260007.1329,4203335.251,3554.388184
176.4417462,260007.1212,4203335.227,3554.390381
176.468354,260007.1095,4203335.203,3554.393311
176.4949617,260007.0978,4203335.18,3554.398193
176.5215695,260007.086,4203335.156,3554.405518
176.5481773,260007.0743,4203335.132,3554.414795
176.5747851,260007.0626,4203335.108,3554.429932
176.6013928,260007.0509,4203335.084,3554.443115
176.6280006,260007.0392,4203335.06,3554.457764
176.6546084,260007.0275,4203335.036,3554.47876
176.6812162,260007.0158,4203335.012,3554.497803
176.7078239,260007.0041,4203334.988,3554.524902
176.7344317,260006.9924,4203334.965,3554.55542
176.7610395,260006.9806,4203334.941,3554.581543
176.7876473,260006.9689,4203334.917,3554.605225
176.814255,260006.9572,4203334.893,3554.625488
176.8408628,260006.9455,4203334.869,3554.648926
176.8674706,260006.9338,4203334.845,3554.667969
176.8940784,260006.9221,4203334.821,3554.688721
176.9206861,260006.9104,4203334.797,3554.708008
176.9472939,260006.8987,4203334.773,3554.727295
176.9739017,260006.887,4203334.75,3554.743652
177.0005095,260006.8752,4203334.726,3554.768066
177.0271172,260006.8635,4203334.702,3554.797119
177.053725,260006.8518,4203334.678,3554.824219
177.0803328,260006.8401,4203334.654,3554.846191
177.1069406,260006.8284,4203334.63,3554.873291
177.1335483,260006.8167,4203334.606,3554.902832
177.1601561,260006.805,4203334.582,3554.931396
177.1867639,260006.7933,4203334.558,3554.964355
177.2133717,260006.7815,4203334.535,3555.001709
177.2399794,260006.7698,4203334.511,3555.036377
177.2665872,260006.7581,4203334.487,3555.062988
177.293195,260006.7464,4203334.463,3555.087891
177.3198028,260006.7347,4203334.439,3555.111328
177.3464105,260006.723,4203334.415,3555.125244
177.3730183,260006.7113,4203334.391,3555.141846
177.3996261,260006.6996,4203334.367,3555.153564
177.4262339,260006.6879,4203334.343,3555.165771
177.4528417,260006.6761,4203334.319,3555.175537
177.4794494,260006.6644,4203334.296,3555.188232
177.5060572,260006.6527,4203334.272,3555.195557
177.532665,260006.641,4203334.248,3555.206299
177.5592728,260006.6293,4203334.224,3555.2146
177.5858805,260006.6176,4203334.2,3555.225586
177.6124883,260006.6059,4203334.176,3555.238037
177.6390961,260006.5942,4203334.152,3555.256348
177.6657039,260006.5824,4203334.128,3555.269531
177.6923116,260006.5707,4203334.104,3555.28418
177.7189194,260006.559,4203334.081,3555.291016
177.7455272,260006.5473,4203334.057,3555.29834
177.772135,260006.5356,4203334.033,3555.302979
177.7987427,260006.5239,4203334.009,3555.307861
177.8253505,260006.5122,4203333.985,3555.311768
177.8519583,260006.5005,4203333.961,3555.315918
177.8785661,260006.4888,4203333.937,3555.318359
177.9051738,260006.477,4203333.913,3555.320313
177.9317816,260006.4653,4203333.889,3555.321777
177.9583894,260006.4536,4203333.866,3555.32373
177.9849972,260006.4419,4203333.842,3555.325684
178.0116049,260006.4302,4203333.818,3555.327393
178.0382127,260006.4185,4203333.794,3555.328125
178.0648205,260006.4068,4203333.77,3555.329346
178.0914283,260006.3951,4203333.746,3555.329346
178.118036,260006.3834,4203333.722,3555.329834
178.1446438,260006.3716,4203333.698,3555.329346
178.1712516,260006.3599,4203333.674,3555.328857
178.1978594,260006.3482,4203333.651,3555.327881
178.2244671,260006.3365,4203333.627,3555.327393
178.2510749,260006.3248,4203333.603,3555.326416
178.2776827,260006.3131,4203333.579,3555.325928
178.3042905,260006.3014,4203333.555,3555.324951
178.3308982,260006.2897,4203333.531,3555.32373
178.357506,260006.2779,4203333.507,3555.32251
178.3841138,260006.2662,4203333.483,3555.321045
178.4107216,260006.2545,4203333.459,3555.320068
178.4373293,260006.2428,4203333.435,3555.315674
178.4639371,260006.2311,4203333.412,3555.312744
178.4905449,260006.2194,4203333.388,3555.30127
178.5171527,260006.2077,4203333.364,3555.297607
178.5437604,260006.196,4203333.34,3555.289551
178.5703682,260006.1843,4203333.316,3555.289063
178.596976,260006.1725,4203333.292,3555.282715
178.6235838,260006.1608,4203333.268,3555.283936
178.6501915,260006.1491,4203333.244,3555.276855
178.6767993,260006.1374,4203333.22,3555.281738
178.7034071,260006.1257,4203333.197,3555.279053
178.7300149,260006.114,4203333.173,3555.29126
178.7566226,260006.1023,4203333.149,3555.303223
178.7832304,260006.0906,4203333.125,3555.322021
178.8098382,260006.0789,4203333.101,3555.339355
178.836446,260006.0671,4203333.077,3555.35498
178.8630537,260006.0554,4203333.053,3555.369141
178.8896615,260006.0437,4203333.029,3555.384277
178.9162693,260006.032,4203333.005,3555.40625
178.9428771,260006.0203,4203332.982,3555.424072
178.9694848,260006.0086,4203332.958,3555.44165
178.9960926,260005.9969,4203332.934,3555.454346
179.0227004,260005.9852,4203332.91,3555.467773
179.0493082,260005.9734,4203332.886,3555.476807
179.0759159,260005.9617,4203332.862,3555.485596
179.1025237,260005.95,4203332.838,3555.492188
179.1291315,260005.9383,4203332.814,3555.498779
179.1557393,260005.9266,4203332.79,3555.503662
179.1823471,260005.9149,4203332.767,3555.510498
179.2089548,260005.9032,4203332.743,3555.516846
179.2355626,260005.8915,4203332.719,3555.524658
179.2621704,260005.8798,4203332.695,3555.530029
179.2887782,260005.868,4203332.671,3555.537842
179.3153859,260005.8563,4203332.647,3555.543701
179.3419937,260005.8446,4203332.623,3555.555664
179.3686015,260005.8329,4203332.599,3555.564209
179.3952093,260005.8212,4203332.575,3555.578857
179.421817,260005.8095,4203332.552,3555.587891
179.4484248,260005.7978,4203332.528,3555.597656
179.4750326,260005.7861,4203332.504,3555.615723
179.5016404,260005.7743,4203332.48,3555.626709
179.5282481,260005.7626,4203332.456,3555.640869
179.5548559,260005.7509,4203332.432,3555.647217
179.5814637,260005.7392,4203332.408,3555.655762
179.6080715,260005.7275,4203332.384,3555.661133
179.6346792,260005.7158,4203332.36,3555.671387
179.661287,260005.7041,4203332.336,3555.679199
179.6878948,260005.6924,4203332.313,3555.693848
179.7145026,260005.6807,4203332.289,3555.70166
179.7411103,260005.6689,4203332.265,3555.714111
179.7677181,260005.6572,4203332.241,3555.720947
179.7943259,260005.6455,4203332.217,3555.729492
179.8209337,260005.6338,4203332.193,3555.732422
179.8475414,260005.6221,4203332.169,3555.73999
179.8741492,260005.6104,4203332.145,3555.743408
179.900757,260005.5987,4203332.121,3555.751465
179.9273648,260005.587,4203332.098,3555.754883
179.9539725,260005.5753,4203332.074,3555.763428
179.9805803,260005.5635,4203332.05,3555.769287
180.0071881,260005.5518,4203332.026,3555.783447
180.0337959,260005.5401,4203332.002,3555.792969
180.0604036,260005.5284,4203331.978,3555.813721
180.0870114,260005.5167,4203331.954,3555.826416
180.1136192,260005.505,4203331.93,3555.848145
180.140227,260005.4933,4203331.906,3555.853027
180.1668347,260005.4816,4203331.883,3555.857422
180.1934425,260005.4698,4203331.859,3555.858154
180.2200503,260005.4581,4203331.835,3555.860352
180.2466581,260005.4464,4203331.811,3555.860352
180.2732658,260005.4347,4203331.787,3555.861328
180.2998736,260005.423,4203331.763,3555.861084
180.3264814,260005.4113,4203331.739,3555.861572
180.3530892,260005.3996,4203331.715,3555.861084
180.3796969,260005.3879,4203331.691,3555.861084
180.4063047,260005.3762,4203331.668,3555.86084
180.4329125,260005.3644,4203331.644,3555.860107
180.4595203,260005.3527,4203331.62,3555.859619
180.486128,260005.341,4203331.596,3555.858887
180.5127358,260005.3293,4203331.572,3555.858398
180.5393436,260005.3176,4203331.548,3555.857178
180.5659514,260005.3059,4203331.524,3555.856934
180.5925591,260005.2942,4203331.5,3555.855469
180.6191669,260005.2825,4203331.476,3555.85498
180.6457747,260005.2707,4203331.452,3555.853271
180.6723825,260005.259,4203331.429,3555.851807
180.6989902,260005.2473,4203331.405,3555.846924
180.725598,260005.2356,4203331.381,3555.845215
180.7522058,260005.2239,4203331.357,3555.835938
180.7788136,260005.2122,4203331.333,3555.834229
180.8054213,260005.2005,4203331.309,3555.825439
180.8320291,260005.1888,4203331.285,3555.824951
180.8586369,260005.1771,4203331.261,3555.825195
180.8852447,260005.1653,4203331.237,3555.819824
180.9118524,260005.1536,4203331.214,3555.821533
180.9384602,260005.1419,4203331.19,3555.817627
180.965068,260005.1302,4203331.166,3555.821289
180.9916758,260005.1185,4203331.142,3555.820313
181.0182836,260005.1068,4203331.118,3555.824463
181.0448913,260005.0951,4203331.094,3555.824707
181.0714991,260005.0834,4203331.07,3555.82959
181.0981069,260005.0717,4203331.046,3555.831055
181.1247147,260005.0599,4203331.022,3555.836182
181.1513224,260005.0482,4203330.999,3555.840332
181.1779302,260005.0365,4203330.975,3555.847412
181.204538,260005.0248,4203330.951,3555.852783
181.2311458,260005.0131,4203330.927,3555.859619
181.2577535,260005.0014,4203330.903,3555.861328
181.2843613,260004.9897,4203330.879,3555.865479
181.3109691,260004.978,4203330.855,3555.866211
181.3375769,260004.9662,4203330.831,3555.871094
181.3641846,260004.9545,4203330.807,3555.87085
181.3907924,260004.9428,4203330.784,3555.876465
181.4174002,260004.9311,4203330.76,3555.875732
181.444008,260004.9194,4203330.736,3555.882568
181.4706157,260004.9077,4203330.712,3555.880615
181.4972235,260004.896,4203330.688,3555.886475
181.5238313,260004.8843,4203330.664,3555.883057
181.5504391,260004.8726,4203330.64,3555.887939
181.5770468,260004.8608,4203330.616,3555.883301
181.6036546,260004.8491,4203330.592,3555.887207
181.6302624,260004.8374,4203330.568,3555.880371
181.6568702,260004.8257,4203330.545,3555.883301
181.6834779,260004.814,4203330.521,3555.874268
181.7100857,260004.8023,4203330.497,3555.875732
181.7366935,260004.7906,4203330.473,3555.865234
181.7633013,260004.7789,4203330.449,3555.866943
181.789909,260004.7672,4203330.425,3555.859131
181.8165168,260004.7554,4203330.401,3555.860107
181.8431246,260004.7437,4203330.377,3555.850586
181.8697324,260004.732,4203330.353,3555.851563
181.8963401,260004.7203,4203330.33,3555.842041
181.9229479,260004.7086,4203330.306,3555.84375
181.9495557,260004.6969,4203330.282,3555.83374
181.9761635,260004.6852,4203330.258,3555.836426
182.0027712,260004.6735,4203330.234,3555.825195
182.029379,260004.6617,4203330.21,3555.82959
182.0559868,260004.65,4203330.186,3555.817871
182.0825946,260004.6383,4203330.162,3555.823242
182.1092023,260004.6266,4203330.138,3555.813232
182.1358101,260004.6149,4203330.115,3555.818115
182.1624179,260004.6032,4203330.091,3555.811768
182.1890257,260004.5915,4203330.067,3555.815918
182.2156334,260004.5798,4203330.043,3555.813477
182.2422412,260004.5681,4203330.019,3555.816162
182.268849,260004.5563,4203329.995,3555.819092
182.2954568,260004.5446,4203329.971,3555.817627
182.3220645,260004.5329,4203329.947,3555.820068
182.3486723,260004.5212,4203329.923,3555.819824
182.3752801,260004.5095,4203329.9,3555.821045
182.4018879,260004.4978,4203329.876,3555.820801
182.4284956,260004.4861,4203329.852,3555.821777
182.4551034,260004.4744,4203329.828,3555.821777
182.4817112,260004.4626,4203329.804,3555.822998
182.508319,260004.4509,4203329.78,3555.822998
182.5349267,260004.4392,4203329.756,3555.823975
182.5615345,260004.4275,4203329.732,3555.824707
182.5881423,260004.4158,4203329.708,3555.826416
182.6147501,260004.4041,4203329.685,3555.828369
182.6413578,260004.3924,4203329.661,3555.830078
182.6679656,260004.3807,4203329.637,3555.831299
182.6945734,260004.369,4203329.613,3555.832764
182.7211812,260004.3572,4203329.589,3555.834473
182.747789,260004.3455,4203329.565,3555.836182
182.7743967,260004.3338,4203329.541,3555.84082
182.8010045,260004.3221,4203329.517,3555.843262
182.8276123,260004.3104,4203329.493,3555.846191
182.8542201,260004.2987,4203329.469,3555.847412
182.8808278,260004.287,4203329.446,3555.850098
182.9074356,260004.2753,4203329.422,3555.851318
182.9340434,260004.2636,4203329.398,3555.854004
182.9606512,260004.2518,4203329.374,3555.855469
182.9872589,260004.2401,4203329.35,3555.857666
183.0138667,260004.2284,4203329.326,3555.858887
183.0404745,260004.2167,4203329.302,3555.860596
183.0670823,260004.205,4203329.278,3555.862549
183.09369,260004.1933,4203329.254,3555.864746
183.1202978,260004.1816,4203329.231,3555.868164
183.1469056,260004.1699,4203329.207,3555.870605
183.1735134,260004.1581,4203329.183,3555.873291
183.2001211,260004.1464,4203329.159,3555.875732
183.2267289,260004.1347,4203329.135,3555.878906
183.2533367,260004.123,4203329.111,3555.882324
183.2799445,260004.1113,4203329.087,3555.887451
183.3065522,260004.0996,4203329.063,3555.893555
183.33316,260004.0879,4203329.039,3555.899902
183.3597678,260004.0762,4203329.016,3555.906006
183.3863756,260004.0645,4203328.992,3555.910889
183.4129833,260004.0527,4203328.968,3555.915039
183.4395911,260004.041,4203328.944,3555.916016
183.4661989,260004.0293,4203328.92,3555.91748
183.4928067,260004.0176,4203328.896,3555.918701
183.5194144,260004.0059,4203328.872,3555.92041
183.5460222,260003.9942,4203328.848,3555.921387
183.57263,260003.9825,4203328.824,3555.922607
183.5992378,260003.9708,4203328.801,3555.92334
183.6258455,260003.959,4203328.777,3555.924316
183.6524533,260003.9473,4203328.753,3555.924805
183.6790611,260003.9356,4203328.729,3555.925049
183.7056689,260003.9239,4203328.705,3555.925293
183.7322766,260003.9122,4203328.681,3555.925537
183.7588844,260003.9005,4203328.657,3555.925537
183.7854922,260003.8888,4203328.633,3555.925781
183.8121,260003.8771,4203328.609,3555.926758
183.8387077,260003.8654,4203328.585,3555.928223
183.8653155,260003.8536,4203328.562,3555.929932
183.8919233,260003.8419,4203328.538,3555.931396
183.9185311,260003.8302,4203328.514,3555.934326
183.9451388,260003.8185,4203328.49,3555.9375
183.9717466,260003.8068,4203328.466,3555.941162
183.9983544,260003.7951,4203328.442,3555.943115
184.0249622,260003.7834,4203328.418,3555.94751
184.0515699,260003.7717,4203328.394,3555.950684
184.0781777,260003.76,4203328.37,3555.962158
184.1047855,260003.7482,4203328.347,3555.969482
184.1313933,260003.7365,4203328.323,3555.992188
184.158001,260003.7248,4203328.299,3555.998047
184.1846088,260003.7131,4203328.275,3556.015625
184.2112166,260003.7014,4203328.251,3556.022461
184.2378244,260003.6897,4203328.227,3556.046875
184.2644321,260003.678,4203328.203,3556.053223
184.2910399,260003.6663,4203328.179,3556.084961
184.3176477,260003.6545,4203328.155,3556.091064
184.3442555,260003.6428,4203328.132,3556.125732
184.3708632,260003.6311,4203328.108,3556.135742
184.397471,260003.6194,4203328.084,3556.177246
184.4284768,260003.5997,4203328.06,3556.211182
184.4594825,260003.58,4203328.036,3556.215088
184.4904882,260003.5603,4203328.012,3556.242676
184.5214939,260003.5406,4203327.988,3556.266357
184.5524997,260003.5209,4203327.964,3556.291504
184.5835054,260003.5011,4203327.94,3556.312988
184.6145111,260003.4814,4203327.916,3556.329102
184.6455169,260003.4617,4203327.892,3556.330811
184.6765226,260003.442,4203327.868,3556.342041
184.7075283,260003.4223,4203327.844,3556.352295
184.7385341,260003.4026,4203327.82,3556.362793
184.7695398,260003.3829,4203327.797,3556.368896
184.8005455,260003.3632,4203327.773,3556.364746
184.8315512,260003.3435,4203327.749,3556.368896
184.862557,260003.3238,4203327.725,3556.37207
184.8935627,260003.304,4203327.701,3556.375
184.9245684,260003.2843,4203327.677,3556.378418
184.9555742,260003.2646,4203327.653,3556.382324
184.9865799,260003.2449,4203327.629,3556.374512
185.0175856,260003.2252,4203327.605,3556.377197
185.0485914,260003.2055,4203327.581,3556.381348
185.0795971,260003.1858,4203327.557,3556.384766
185.1106028,260003.1661,4203327.533,3556.38916
185.1416085,260003.1464,4203327.509,3556.394775
185.1726143,260003.1266,4203327.485,3556.38623
185.20362,260003.1069,4203327.461,3556.394043
185.2346257,260003.0872,4203327.438,3556.400146
185.2656315,260003.0675,4203327.414,3556.407227
185.2966372,260003.0478,4203327.39,3556.413574
185.3276429,260003.0281,4203327.366,3556.418945
185.3586487,260003.0084,4203327.342,3556.415039
185.3896544,260002.9887,4203327.318,3556.422119
185.4206601,260002.969,4203327.294,3556.430664
185.4516658,260002.9493,4203327.27,3556.438721
185.4826716,260002.9295,4203327.246,3556.444824
185.5136773,260002.9098,4203327.222,3556.443848
185.544683,260002.8901,4203327.198,3556.448242
185.5756888,260002.8704,4203327.174,3556.452881
185.6066945,260002.8507,4203327.15,3556.458252
185.6377002,260002.831,4203327.126,3556.463623
185.668706,260002.8113,4203327.102,3556.469238
185.6997117,260002.7916,4203327.079,3556.468506
185.7307174,260002.7719,4203327.055,3556.478516
185.7617231,260002.7521,4203327.031,3556.493652
185.7927289,260002.7324,4203327.007,3556.51123
185.8237346,260002.7127,4203326.983,3556.531982
185.8547403,260002.693,4203326.959,3556.552979
185.8857461,260002.6733,4203326.935,3556.552734
185.9167518,260002.6536,4203326.911,3556.571533
185.9477575,260002.6339,4203326.887,3556.594238
185.9787633,260002.6142,4203326.863,3556.616455
186.009769,260002.5945,4203326.839,3556.639404
186.0407747,260002.5748,4203326.815,3556.6604
186.0717804,260002.555,4203326.791,3556.659912
186.1027862,260002.5353,4203326.767,3556.681641
186.1337919,260002.5156,4203326.743,3556.706055
186.1647976,260002.4959,4203326.72,3556.734619
186.1958034,260002.4762,4203326.696,3556.763672
186.2268091,260002.4565,4203326.672,3556.764648
186.2578148,260002.4368,4203326.648,3556.792236
186.2888206,260002.4171,4203326.624,3556.817383
186.3198263,260002.3974,4203326.6,3556.845947
186.350832,260002.3776,4203326.576,3556.87793
186.3818378,260002.3579,4203326.552,3556.908936
186.4128435,260002.3382,4203326.528,3556.915527
186.4438492,260002.3185,4203326.504,3556.953857
186.4748549,260002.2988,4203326.48,3556.991699
186.5058607,260002.2791,4203326.456,3557.026855
186.5368664,260002.2594,4203326.432,3557.063232
186.5678721,260002.2397,4203326.408,3557.095215
186.5988779,260002.22,4203326.384,3557.101807
186.6298836,260002.2003,4203326.36,3557.129883
186.6608893,260002.1805,4203326.337,3557.159912
186.6918951,260002.1608,4203326.313,3557.192383
186.7229008,260002.1411,4203326.289,3557.224854
186.7539065,260002.1214,4203326.265,3557.254883
186.7849122,260002.1017,4203326.241,3557.265869
186.815918,260002.082,4203326.217,3557.299805
186.8469237,260002.0623,4203326.193,3557.333252
186.8779294,260002.0426,4203326.169,3557.36792
186.9089352,260002.0229,4203326.145,3557.398438
186.9399409,260002.0031,4203326.121,3557.408691
186.9709466,260001.9834,4203326.097,3557.43042
187.0019524,260001.9637,4203326.073,3557.442627
187.0329581,260001.944,4203326.049,3557.450195
187.0639638,260001.9243,4203326.025,3557.455078
187.0949695,260001.9046,4203326.001,3557.45874
187.1259753,260001.8849,4203325.978,3557.461182
187.156981,260001.8652,4203325.954,3557.464355
187.1879867,260001.8455,4203325.93,3557.468018
187.2189925,260001.8258,4203325.906,3557.469482
187.2499982,260001.806,4203325.882,3557.470947
187.2810039,260001.7863,4203325.858,3557.4729
187.3120097,260001.7666,4203325.834,3557.477539
187.3430154,260001.7469,4203325.81,3557.484375
187.3740211,260001.7272,4203325.786,3557.491455
187.4050268,260001.7075,4203325.762,3557.502441
187.4360326,260001.6878,4203325.738,3557.513428
187.4670383,260001.6681,4203325.714,3557.526855
187.498044,260001.6484,4203325.69,3557.537598
187.5290498,260001.6286,4203325.666,3557.54541
187.5600555,260001.6089,4203325.642,3557.549805
187.5910612,260001.5892,4203325.619,3557.554932
187.622067,260001.5695,4203325.595,3557.559082
187.6530727,260001.5498,4203325.571,3557.56543
187.6840784,260001.5301,4203325.547,3557.570313
187.7150841,260001.5104,4203325.523,3557.575195
187.7460899,260001.4907,4203325.499,3557.582275
187.7770956,260001.471,4203325.475,3557.591309
187.8081013,260001.4513,4203325.451,3557.601074
187.8391071,260001.4315,4203325.427,3557.61377
187.8701128,260001.4118,4203325.403,3557.624756
187.9011185,260001.3921,4203325.379,3557.636475
187.9321243,260001.3724,4203325.355,3557.647217
187.96313,260001.3527,4203325.331,3557.658447
187.9941357,260001.333,4203325.307,3557.667236
188.0251414,260001.3133,4203325.283,3557.675781
188.0561472,260001.2936,4203325.26,3557.684326
188.0871529,260001.2739,4203325.236,3557.691162
188.1181586,260001.2541,4203325.212,3557.69751
188.1491644,260001.2344,4203325.188,3557.703613
188.1801701,260001.2147,4203325.164,3557.709961
188.2111758,260001.195,4203325.14,3557.716309
188.2421816,260001.1753,4203325.116,3557.724854
188.2731873,260001.1556,4203325.092,3557.73291
188.304193,260001.1359,4203325.068,3557.742188
188.3351987,260001.1162,4203325.044,3557.759033
188.3662045,260001.0965,4203325.02,3557.772461
188.3972102,260001.0768,4203324.996,3557.798584
188.4282159,260001.057,4203324.972,3557.811768
188.4592217,260001.0373,4203324.948,3557.818115
188.4902274,260001.0176,4203324.924,3557.82666
188.5212331,260000.9979,4203324.901,3557.843994
188.5522389,260000.9782,4203324.877,3557.851807
188.5832446,260000.9585,4203324.853,3557.879395
188.6142503,260000.9388,4203324.829,3557.912598
188.645256,260000.9191,4203324.805,3557.940918
188.6762618,260000.8994,4203324.781,3557.968994
188.7072675,260000.8796,4203324.757,3557.99707
188.7382732,260000.8599,4203324.733,3558.003906
188.769279,260000.8402,4203324.709,3558.021729
188.8002847,260000.8205,4203324.685,3558.039795
188.8312904,260000.8008,4203324.661,3558.059326
188.8622962,260000.7811,4203324.637,3558.076172
188.8933019,260000.7614,4203324.613,3558.07959
188.9243076,260000.7417,4203324.589,3558.094971
188.9553133,260000.722,4203324.565,3558.120361
188.9863191,260000.7022,4203324.541,3558.157959
189.0173248,260000.6825,4203324.518,3558.205811
189.0483305,260000.6628,4203324.494,3558.259033
189.0793363,260000.6431,4203324.47,3558.263184
189.110342,260000.6234,4203324.446,3558.305176
189.1413477,260000.6037,4203324.422,3558.323975
189.1723535,260000.584,4203324.398,3558.332764
189.2033592,260000.5643,4203324.374,3558.338867
189.2343649,260000.5446,4203324.35,3558.343506
189.2653707,260000.5249,4203324.326,3558.342041
189.2963764,260000.5051,4203324.302,3558.3479
189.3273821,260000.4854,4203324.278,3558.354248
189.3583878,260000.4657,4203324.254,3558.360107
189.3893936,260000.446,4203324.23,3558.366943
189.4203993,260000.4263,4203324.206,3558.375977
189.451405,260000.4066,4203324.182,3558.375
189.4824108,260000.3869,4203324.159,3558.386475
189.5134165,260000.3672,4203324.135,3558.397705
189.5444222,260000.3475,4203324.111,3558.411377
189.575428,260000.3277,4203324.087,3558.428223
189.6064337,260000.308,4203324.063,3558.432129
189.6374394,260000.2883,4203324.039,3558.445068
189.6684451,260000.2686,4203324.015,3558.451904
189.6994509,260000.2489,4203323.991,3558.456543
189.7304566,260000.2292,4203323.967,3558.460449
189.7614623,260000.2095,4203323.943,3558.468018
189.7924681,260000.1898,4203323.919,3558.4729
189.8234738,260000.1701,4203323.895,3558.490234
189.8544795,260000.1504,4203323.871,3558.515625
189.8854853,260000.1306,4203323.847,3558.544434
189.916491,260000.1109,4203323.823,3558.568115
189.9474967,260000.0912,4203323.8,3558.580322
189.9785024,260000.0715,4203323.776,3558.584961
190.0095082,260000.0518,4203323.752,3558.593262
190.0405139,260000.0321,4203323.728,3558.599854
190.0715196,260000.0124,4203323.704,3558.604492
190.1025254,259999.9927,4203323.68,3558.610107
190.1335311,259999.973,4203323.656,3558.618408
190.1645368,259999.9532,4203323.632,3558.625977
190.1955426,259999.9335,4203323.608,3558.637939
190.2234545,259999.9192,4203323.584,3558.650391
190.2513664,259999.9048,4203323.56,3558.65625
190.2792783,259999.8905,4203323.536,3558.664307
190.3071902,259999.8761,4203323.512,3558.670166
190.3351021,259999.8617,4203323.488,3558.673584
190.363014,259999.8474,4203323.464,3558.68335
190.3909259,259999.833,4203323.441,3558.688721
190.4188378,259999.8187,4203323.417,3558.70752
190.4467497,259999.8043,4203323.393,3558.735107
190.4746616,259999.7899,4203323.369,3558.751709
190.5025735,259999.7756,4203323.345,3558.785156
190.5304854,259999.7612,4203323.321,3558.80127
190.5583973,259999.7468,4203323.297,3558.825928
190.5863092,259999.7325,4203323.273,3558.843262
190.6142211,259999.7181,4203323.249,3558.852539
190.642133,259999.7038,4203323.225,3558.873779
190.6700449,259999.6894,4203323.201,3558.885986
190.6979568,259999.675,4203323.177,3558.907227
190.7258687,259999.6607,4203323.153,3558.930664
190.7537806,259999.6463,4203323.129,3558.943604
190.7816925,259999.632,4203323.105,3558.977051
190.8096044,259999.6176,4203323.082,3558.992188
190.8375164,259999.6032,4203323.058,3559.025391
190.8654283,259999.5889,4203323.034,3559.045166
190.8933402,259999.5745,4203323.01,3559.049805
190.9212521,259999.5602,4203322.986,3559.058594
190.949164,259999.5458,4203322.962,3559.061279
190.9770759,259999.5314,4203322.938,3559.068359
191.0049878,259999.5171,4203322.914,3559.07666
191.0328997,259999.5027,4203322.89,3559.079102
191.0608116,259999.4884,4203322.866,3559.084717
191.0887235,259999.474,4203322.842,3559.087402
191.1166354,259999.4596,4203322.818,3559.094238
191.1445473,259999.4453,4203322.794,3559.103027
191.1724592,259999.4309,4203322.77,3559.107422
191.2003711,259999.4166,4203322.746,3559.123291
191.228283,259999.4022,4203322.722,3559.130615
191.2561949,259999.3878,4203322.699,3559.152588
191.2841068,259999.3735,4203322.675,3559.168701
191.3120187,259999.3591,4203322.651,3559.171631
191.3399306,259999.3448,4203322.627,3559.180908
191.3678425,259999.3304,4203322.603,3559.183838
191.3957544,259999.316,4203322.579,3559.19751
191.4236663,259999.3017,4203322.555,3559.213867
191.4515783,259999.2873,4203322.531,3559.217041
191.4794902,259999.273,4203322.507,3559.233887
191.5074021,259999.2586,4203322.483,3559.237549
191.535314,259999.2442,4203322.459,3559.255127
191.5632259,259999.2299,4203322.435,3559.272461
191.5911378,259999.2155,4203322.411,3559.274658
191.6190497,259999.2011,4203322.387,3559.291992
191.6469616,259999.1868,4203322.363,3559.295166
191.6748735,259999.1724,4203322.34,3559.314453
191.7027854,259999.1581,4203322.316,3559.337402
191.7306973,259999.1437,4203322.292,3559.342773
191.7586092,259999.1293,4203322.268,3559.37085
191.7865211,259999.115,4203322.244,3559.378662
191.814433,259999.1006,4203322.22,3559.408936
191.8423449,259999.0863,4203322.196,3559.4375
191.8702568,259999.0719,4203322.172,3559.447021
191.8981687,259999.0575,4203322.148,3559.477295
191.9260806,259999.0432,4203322.124,3559.488037
191.9539925,259999.0288,4203322.1,3559.516602
191.9819044,259999.0145,4203322.076,3559.537354
192.0098163,259999.0001,4203322.052,3559.54541
192.0377282,259998.9857,4203322.028,3559.562988
192.0656401,259998.9714,4203322.004,3559.570068
192.0935521,259998.957,4203321.981,3559.583496
192.121464,259998.9427,4203321.957,3559.598145
192.1493759,259998.9283,4203321.933,3559.604736
192.1772878,259998.9139,4203321.909,3559.621582
192.2051997,259998.8996,4203321.885,3559.63208
192.2331116,259998.8852,4203321.861,3559.657471
192.2610235,259998.8709,4203321.837,3559.691162
192.2889354,259998.8565,4203321.813,3559.707275
192.3168473,259998.8421,4203321.789,3559.731934
192.3447592,259998.8278,4203321.765,3559.74585
192.3726711,259998.8134,4203321.741,3559.772949
192.400583,259998.7991,4203321.717,3559.791992
192.4284949,259998.7847,4203321.693,3559.801514
192.4564068,259998.7703,4203321.669,3559.813965
192.4843187,259998.756,4203321.645,3559.819092
192.5122306,259998.7416,4203321.622,3559.82373
192.5401425,259998.7273,4203321.598,3559.825439
192.5680544,259998.7129,4203321.574,3559.827148
192.5959663,259998.6985,4203321.55,3559.829834
192.6238782,259998.6842,4203321.526,3559.833008
192.6517901,259998.6698,4203321.502,3559.834717
192.679702,259998.6554,4203321.478,3559.837402
192.7076139,259998.6411,4203321.454,3559.838623
192.7355259,259998.6267,4203321.43,3559.84082
192.7634378,259998.6124,4203321.406,3559.84375
192.7913497,259998.598,4203321.382,3559.847656
192.8192616,259998.5836,4203321.358,3559.861084
192.8471735,259998.5693,4203321.334,3559.868896
192.8750854,259998.5549,4203321.31,3559.882813
192.9029973,259998.5406,4203321.286,3559.898193
192.9309092,259998.5262,4203321.262,3559.906982
192.9588211,259998.5118,4203321.239,3559.93042
192.986733,259998.4975,4203321.215,3559.945801
193.0146449,259998.4831,4203321.191,3559.974854
193.0425568,259998.4688,4203321.167,3559.996094
193.0704687,259998.4544,4203321.143,3560.004639
193.0983806,259998.44,4203321.119,3560.015381
193.1262925,259998.4257,4203321.095,3560.02124
193.1542044,259998.4113,4203321.071,3560.033936
193.1821163,259998.397,4203321.047,3560.048584
193.2100282,259998.3826,4203321.023,3560.057861
193.2379401,259998.3682,4203320.999,3560.070801
193.265852,259998.3539,4203320.975,3560.073486
193.2953446,259998.3366,4203320.951,3560.077637
193.3248372,259998.3194,4203320.927,3560.081055
193.3543298,259998.3022,4203320.903,3560.083984
193.3838224,259998.2849,4203320.88,3560.086426
193.4133151,259998.2677,4203320.856,3560.088867
193.4428077,259998.2505,4203320.832,3560.090088
193.4723003,259998.2332,4203320.808,3560.090332
193.5017929,259998.216,4203320.784,3560.090576
193.5312855,259998.1988,4203320.76,3560.091064
193.5607781,259998.1815,4203320.736,3560.091309
193.5902707,259998.1643,4203320.712,3560.091309
193.6197633,259998.1471,4203320.688,3560.092041
193.6492559,259998.1299,4203320.664,3560.093262
193.6787485,259998.1126,4203320.64,3560.093018
193.7082411,259998.0954,4203320.616,3560.094238
193.7377337,259998.0782,4203320.592,3560.095947
193.7672263,259998.0609,4203320.568,3560.098145
193.7967189,259998.0437,4203320.544,3560.0979
193.8262115,259998.0265,4203320.521,3560.099854
193.8557041,259998.0092,4203320.497,3560.103271
193.8851967,259997.992,4203320.473,3560.109375
193.9146893,259997.9748,4203320.449,3560.110596
193.9441819,259997.9575,4203320.425,3560.119873
193.9736745,259997.9403,4203320.401,3560.129639
194.0031671,259997.9231,4203320.377,3560.131592
194.0326597,259997.9058,4203320.353,3560.143799
194.0621523,259997.8886,4203320.329,3560.158691
194.0916449,259997.8714,4203320.305,3560.17041
194.1211375,259997.8541,4203320.281,3560.170654
194.1506301,259997.8369,4203320.257,3560.174072
194.1801227,259997.8197,4203320.233,3560.174316
194.2096153,259997.8024,4203320.209,3560.173828
194.239108,259997.7852,4203320.185,3560.173828
194.2686006,259997.768,4203320.162,3560.173584
194.2980932,259997.7507,4203320.138,3560.173584
194.3275858,259997.7335,4203320.114,3560.173096
194.3570784,259997.7163,4203320.09,3560.172852
194.386571,259997.699,4203320.066,3560.172852
194.4160636,259997.6818,4203320.042,3560.172363
194.4455562,259997.6646,4203320.018,3560.172363
194.4750488,259997.6473,4203319.994,3560.172852
194.5045414,259997.6301,4203319.97,3560.172852
194.534034,259997.6129,4203319.946,3560.172852
194.5635266,259997.5956,4203319.922,3560.173096
194.5930192,259997.5784,4203319.898,3560.173584
194.6225118,259997.5612,4203319.874,3560.173828
194.6520044,259997.5439,4203319.85,3560.174072
194.681497,259997.5267,4203319.826,3560.175537
194.7109896,259997.5095,4203319.803,3560.193115
194.7404822,259997.4922,4203319.779,3560.238281
194.7699748,259997.475,4203319.755,3560.375488
194.7994674,259997.4578,4203319.731,3560.521973
194.82896,259997.4405,4203319.707,3560.64624
194.8584526,259997.4233,4203319.683,3560.757813
194.8879452,259997.4061,4203319.659,3560.814209
194.9174378,259997.3888,4203319.635,3560.845215
194.9469304,259997.3716,4203319.611,3560.858887
194.976423,259997.3544,4203319.587,3560.871094
195.0059156,259997.3371,4203319.563,3560.879395
195.0354082,259997.3199,4203319.539,3560.887451
195.0649008,259997.3027,4203319.515,3560.894043
195.0943935,259997.2855,4203319.491,3560.912109
195.1238861,259997.2682,4203319.467,3560.93457
195.1533787,259997.251,4203319.443,3560.959229
195.1828713,259997.2338,4203319.42,3560.979736
195.2123639,259997.2165,4203319.396,3561.009521
195.2418565,259997.1993,4203319.372,3561.034912
195.2713491,259997.1821,4203319.348,3561.049072
195.3008417,259997.1648,4203319.324,3561.063721
195.3303343,259997.1476,4203319.3,3561.072998
195.3598269,259997.1304,4203319.276,3561.083008
195.3893195,259997.1131,4203319.252,3561.092773
195.4188121,259997.0959,4203319.228,3561.108887
195.4483047,259997.0787,4203319.204,3561.126465
195.4777973,259997.0614,4203319.18,3561.146484
195.5072899,259997.0442,4203319.156,3561.163818
195.5367825,259997.027,4203319.132,3561.177246
195.5662751,259997.0097,4203319.108,3561.187744
195.5957677,259996.9925,4203319.084,3561.202148
195.6252603,259996.9753,4203319.061,3561.211426
195.6547529,259996.958,4203319.037,3561.219971
195.6842455,259996.9408,4203319.013,3561.226074
195.7137381,259996.9236,4203318.989,3561.236084
195.7432307,259996.9063,4203318.965,3561.237549
195.7727233,259996.8891,4203318.941,3561.237549
195.8022159,259996.8719,4203318.917,3561.242676
195.8317085,259996.8546,4203318.893,3561.240234
195.8612011,259996.8374,4203318.869,3561.237061
195.8906937,259996.8202,4203318.845,3561.231689
195.9201863,259996.8029,4203318.821,3561.233887
195.949679,259996.7857,4203318.797,3561.226807
195.9791716,259996.7685,4203318.773,3561.218994
196.0086642,259996.7512,4203318.749,3561.218018
196.0381568,259996.734,4203318.725,3561.208984
196.0676494,259996.7168,4203318.702,3561.198486
196.097142,259996.6995,4203318.678,3561.18042
196.1266346,259996.6823,4203318.654,3561.166016
196.1561272,259996.6651,4203318.63,3561.123779
196.1856198,259996.6478,4203318.606,3561.078857
196.2151124,259996.6306,4203318.582,3561.027344
196.244605,259996.6134,4203318.558,3561.005859
196.2740976,259996.5961,4203318.534,3560.966553
196.3035902,259996.5789,4203318.51,3560.92749
196.3330828,259996.5617,4203318.486,3560.90918
196.3625754,259996.5444,4203318.462,3560.874512
196.392068,259996.5272,4203318.438,3560.851807
196.4215606,259996.51,4203318.414,3560.836426
196.4510532,259996.4927,4203318.39,3560.835938
196.4805458,259996.4755,4203318.366,3560.820313
196.5100384,259996.4583,4203318.343,3560.805176
196.539531,259996.441,4203318.319,3560.807861
196.5690236,259996.4238,4203318.295,3560.798096
196.5985162,259996.4066,4203318.271,3560.790283
196.6280088,259996.3894,4203318.247,3560.786621
196.6575014,259996.3721,4203318.223,3560.792236
196.686994,259996.3549,4203318.199,3560.79126
196.7164866,259996.3377,4203318.175,3560.791992
196.7459792,259996.3204,4203318.151,3560.794922
196.7754719,259996.3032,4203318.127,3560.805176
196.8049645,259996.286,4203318.103,3560.811279
196.8344571,259996.2687,4203318.079,3560.818604
196.8639497,259996.2515,4203318.055,3560.831787
196.8934423,259996.2343,4203318.031,3560.843262
196.9229349,259996.217,4203318.007,3560.85376
196.9524275,259996.1998,4203317.984,3560.861572
196.9819201,259996.1826,4203317.96,3560.869629
197.0114127,259996.1653,4203317.936,3560.878906
197.0409053,259996.1481,4203317.912,3560.888672
197.0703979,259996.1309,4203317.888,3560.904541
197.0998905,259996.1136,4203317.864,3560.925537
197.1293831,259996.0964,4203317.84,3560.949951
197.1588757,259996.0792,4203317.816,3560.974854
197.1883683,259996.0619,4203317.792,3560.997803
197.2178609,259996.0447,4203317.768,3561.020752
197.2473535,259996.0275,4203317.744,3561.050293
197.2768461,259996.0102,4203317.72,3561.086914
197.3063387,259995.993,4203317.696,3561.118408
197.3358313,259995.9758,4203317.672,3561.156982
197.3653239,259995.9585,4203317.648,3561.194092
197.3948165,259995.9413,4203317.624,3561.216064
197.4243091,259995.9241,4203317.601,3561.238525
197.4538017,259995.9068,4203317.577,3561.264404
197.4832943,259995.8896,4203317.553,3561.290283
197.5127869,259995.8724,4203317.529,3561.306152
197.5422795,259995.8551,4203317.505,3561.32959
197.5717721,259995.8379,4203317.481,3561.356934
197.6012647,259995.8207,4203317.457,3561.373779
197.6307574,259995.8034,4203317.433,3561.39502
197.66025,259995.7862,4203317.409,3561.407715
197.6897426,259995.769,4203317.385,3561.416748
197.7192352,259995.7517,4203317.361,3561.419434
197.7487278,259995.7345,4203317.337,3561.426514
197.7782204,259995.7173,4203317.313,3561.431152
197.807713,259995.7,4203317.289,3561.435547
197.8372056,259995.6828,4203317.265,3561.436035
197.8666982,259995.6656,4203317.242,3561.437744
197.8961908,259995.6483,4203317.218,3561.438721
197.9256834,259995.6311,4203317.194,3561.437744
197.955176,259995.6139,4203317.17,3561.435303
197.9846686,259995.5966,4203317.146,3561.428467
198.0141612,259995.5794,4203317.122,3561.417969
198.0436538,259995.5622,4203317.098,3561.401611
198.0731464,259995.545,4203317.074,3561.374512
198.102639,259995.5277,4203317.05,3561.350586
198.1321316,259995.5105,4203317.026,3561.334961
198.1616242,259995.4933,4203317.002,3561.322998
198.1911168,259995.476,4203316.978,3561.310547
198.2206094,259995.4588,4203316.954,3561.297363
198.250102,259995.4416,4203316.93,3561.272705
198.2795946,259995.4243,4203316.906,3561.257568
198.3090872,259995.4071,4203316.883,3561.240967
198.3385798,259995.3899,4203316.859,3561.227295
198.3680724,259995.3726,4203316.835,3561.207764
198.397565,259995.3554,4203316.811,3561.198242
198.4270576,259995.3382,4203316.787,3561.192139
198.4565502,259995.3209,4203316.763,3561.180908
198.4860429,259995.3037,4203316.739,3561.177979
198.5155355,259995.2865,4203316.715,3561.177246
198.5450281,259995.2692,4203316.691,3561.179688
198.5745207,259995.252,4203316.667,3561.172852
198.6040133,259995.2348,4203316.643,3561.17627
198.6335059,259995.2175,4203316.619,3561.182617
198.6629985,259995.2003,4203316.595,3561.17627
198.6924911,259995.1831,4203316.571,3561.182617
198.7219837,259995.1658,4203316.547,3561.189453
198.7514763,259995.1486,4203316.524,3561.195313
198.7809689,259995.1314,4203316.5,3561.191895
198.8104615,259995.1141,4203316.476,3561.200684
198.8399541,259995.0969,4203316.452,3561.208008
198.8694467,259995.0797,4203316.428,3561.216309
198.8989393,259995.0624,4203316.404,3561.216064
198.9284319,259995.0452,4203316.38,3561.227051
198.9579245,259995.028,4203316.356,3561.238037
198.9874171,259995.0107,4203316.332,3561.239258
199.0169097,259994.9935,4203316.308,3561.250732
199.0464023,259994.9763,4203316.284,3561.260254
199.0758949,259994.959,4203316.26,3561.269043
199.1053875,259994.9418,4203316.236,3561.270508
199.1348801,259994.9246,4203316.212,3561.278076
199.1643727,259994.9073,4203316.188,3561.2854
199.1938653,259994.8901,4203316.165,3561.287109
199.2233579,259994.8729,4203316.141,3561.300781
199.2528505,259994.8556,4203316.117,3561.319092
199.2823431,259994.8384,4203316.093,3561.341797
199.3118358,259994.8212,4203316.069,3561.349365
199.3413284,259994.8039,4203316.045,3561.371826
199.370821,259994.7867,4203316.021,3561.39624
199.4003136,259994.7695,4203315.997,3561.422363
199.4298062,259994.7522,4203315.973,3561.435547
199.4592988,259994.735,4203315.949,3561.460693
199.4887914,259994.7178,4203315.925,3561.483398
199.518284,259994.7006,4203315.901,3561.493652
199.5477766,259994.6833,4203315.877,3561.51123
199.5772692,259994.6661,4203315.853,3561.522949
199.6067618,259994.6489,4203315.829,3561.533203
199.6362544,259994.6316,4203315.805,3561.538086
199.665747,259994.6144,4203315.782,3561.561279
199.6952396,259994.5972,4203315.758,3561.582031
199.7247322,259994.5799,4203315.734,3561.583252
199.7542248,259994.5627,4203315.71,3561.596436
199.7837174,259994.5455,4203315.686,3561.609131
199.81321,259994.5282,4203315.662,3561.621094
199.8427026,259994.511,4203315.638,3561.618164
199.8721952,259994.4938,4203315.614,3561.626709
199.9016878,259994.4765,4203315.59,3561.631836
199.9311804,259994.4593,4203315.566,3561.622559
199.960673,259994.4421,4203315.542,3561.624512
199.9901656,259994.4248,4203315.518,3561.623535
200.0196582,259994.4076,4203315.494,3561.621582
200.0491508,259994.3904,4203315.47,3561.613037
200.0786434,259994.3731,4203315.446,3561.611572
200.108136,259994.3559,4203315.423,3561.610352
200.1376286,259994.3387,4203315.399,3561.609131
200.1671213,259994.3214,4203315.375,3561.604248
200.1966139,259994.3042,4203315.351,3561.603271
200.2261065,259994.287,4203315.327,3561.603271
200.2555991,259994.2697,4203315.303,3561.598877
200.2850917,259994.2525,4203315.279,3561.599609
200.3145843,259994.2353,4203315.255,3561.601318
200.3440769,259994.218,4203315.231,3561.60376
200.3735695,259994.2008,4203315.207,3561.600586
200.4030621,259994.1836,4203315.183,3561.604248
200.4325547,259994.1663,4203315.159,3561.607178
200.4620473,259994.1491,4203315.135,3561.605469
200.4915399,259994.1319,4203315.111,3561.608398
200.5210325,259994.1146,4203315.087,3561.611816
200.5505251,259994.0974,4203315.064,3561.615479
200.5800177,259994.0802,4203315.04,3561.615723
200.6095103,259994.0629,4203315.016,3561.622314
200.6390029,259994.0457,4203314.992,3561.634521
200.6684955,259994.0285,4203314.968,3561.648438
200.6979881,259994.0112,4203314.944,3561.651367
200.7274807,259993.994,4203314.92,3561.666992
200.7569733,259993.9768,4203314.896,3561.68335
200.7864659,259993.9595,4203314.872,3561.687744
200.8159585,259993.9423,4203314.848,3561.701172
200.8454511,259993.9251,4203314.824,3561.711426
200.8749437,259993.9078,4203314.8,3561.720703
200.9044363,259993.8906,4203314.776,3561.723633
200.9339289,259993.8734,4203314.752,3561.734375
200.9634215,259993.8561,4203314.728,3561.747314
200.9929141,259993.8389,4203314.705,3561.754395
201.0224068,259993.8217,4203314.681,3561.77417
201.0518994,259993.8045,4203314.657,3561.790283
201.081392,259993.7872,4203314.633,3561.803467
201.1108846,259993.77,4203314.609,3561.812988
201.1403772,259993.7528,4203314.585,3561.828125
201.1698698,259993.7355,4203314.561,3561.842041
201.1993624,259993.7183,4203314.537,3561.85498
201.228855,259993.7011,4203314.513,3561.864502
201.2583476,259993.6838,4203314.489,3561.877686
201.2878402,259993.6666,4203314.465,3561.88916
201.3173328,259993.6494,4203314.441,3561.897949
201.3468254,259993.6321,4203314.417,3561.909912
201.376318,259993.6149,4203314.393,3561.919678
201.402033,259993.6055,4203314.369,3561.927246
201.427748,259993.5961,4203314.345,3561.935791
201.4534629,259993.5867,4203314.322,3561.943115
201.4791779,259993.5773,4203314.298,3561.949463
201.5048929,259993.5679,4203314.274,3561.955322
201.5306079,259993.5585,4203314.25,3561.960938
201.5563229,259993.5491,4203314.226,3561.968506
201.5820379,259993.5397,4203314.202,3561.974121
201.6077529,259993.5303,4203314.178,3561.980225
201.6334678,259993.5209,4203314.154,3561.98877
201.6591828,259993.5115,4203314.13,3561.995605
201.6848978,259993.5021,4203314.106,3562.003662
201.7106128,259993.4927,4203314.082,3562.008057
201.7363278,259993.4833,4203314.058,3562.012695
201.7620428,259993.4739,4203314.034,3562.019775
201.7877578,259993.4644,4203314.01,3562.028076
201.8134727,259993.455,4203313.986,3562.039063
201.8391877,259993.4456,4203313.963,3562.048096
201.8649027,259993.4362,4203313.939,3562.058105
201.8906177,259993.4268,4203313.915,3562.066895
201.9163327,259993.4174,4203313.891,3562.06958
201.9420477,259993.408,4203313.867,3562.074951
201.9677626,259993.3986,4203313.843,3562.081299
201.9934776,259993.3892,4203313.819,3562.087158
202.0191926,259993.3798,4203313.795,3562.091309
202.0449076,259993.3704,4203313.771,3562.092041
202.0706226,259993.361,4203313.747,3562.093262
202.0963376,259993.3516,4203313.723,3562.09375
202.1220526,259993.3422,4203313.699,3562.093994
202.1477675,259993.3328,4203313.675,3562.094482
202.1734825,259993.3234,4203313.651,3562.094482
202.1991975,259993.314,4203313.627,3562.093994
202.2249125,259993.3046,4203313.604,3562.093262
202.2506275,259993.2952,4203313.58,3562.092285
202.2763425,259993.2858,4203313.556,3562.09082
202.3020574,259993.2764,4203313.532,3562.089355
202.3277724,259993.267,4203313.508,3562.088135
202.3534874,259993.2576,4203313.484,3562.08667
202.3792024,259993.2482,4203313.46,3562.085449
202.4049174,259993.2388,4203313.436,3562.08252
202.4306324,259993.2294,4203313.412,3562.080566
202.4563474,259993.22,4203313.388,3562.078613
202.4820623,259993.2106,4203313.364,3562.075684
202.5077773,259993.2012,4203313.34,3562.074219
202.5334923,259993.1918,4203313.316,3562.072266
202.5592073,259993.1824,4203313.292,3562.071533
202.5849223,259993.173,4203313.268,3562.070801
202.6106373,259993.1636,4203313.245,3562.070557
202.6363523,259993.1542,4203313.221,3562.069824
202.6620672,259993.1448,4203313.197,3562.06958
202.6877822,259993.1354,4203313.173,3562.068604
202.7134972,259993.1259,4203313.149,3562.067627
202.7392122,259993.1165,4203313.125,3562.067627
202.7649272,259993.1071,4203313.101,3562.066895
202.7906422,259993.0977,4203313.077,3562.067139
202.8163571,259993.0883,4203313.053,3562.066406
202.8420721,259993.0789,4203313.029,3562.065674
202.8677871,259993.0695,4203313.005,3562.066406
202.8935021,259993.0601,4203312.981,3562.066162
202.9192171,259993.0507,4203312.957,3562.067383
202.9449321,259993.0413,4203312.933,3562.067383
202.9706471,259993.0319,4203312.909,3562.067871
202.996362,259993.0225,4203312.886,3562.070068
203.022077,259993.0131,4203312.862,3562.071045
203.047792,259993.0037,4203312.838,3562.072266
203.073507,259992.9943,4203312.814,3562.075195
203.099222,259992.9849,4203312.79,3562.076416
203.124937,259992.9755,4203312.766,3562.079834
203.1506519,259992.9661,4203312.742,3562.081055
203.1763669,259992.9567,4203312.718,3562.08252
203.2020819,259992.9473,4203312.694,3562.085938
203.2277969,259992.9379,4203312.67,3562.086914
203.2535119,259992.9285,4203312.646,3562.090088
203.2792269,259992.9191,4203312.622,3562.09082
203.3049419,259992.9097,4203312.598,3562.091553
203.3306568,259992.9003,4203312.574,3562.093262
203.3563718,259992.8909,4203312.55,3562.093994
203.3820868,259992.8815,4203312.526,3562.09668
203.4078018,259992.8721,4203312.503,3562.0979
203.4335168,259992.8627,4203312.479,3562.099121
203.4592318,259992.8533,4203312.455,3562.104004
203.4849468,259992.8439,4203312.431,3562.106689
203.5106617,259992.8345,4203312.407,3562.113037
203.5363767,259992.8251,4203312.383,3562.114746
203.5620917,259992.8157,4203312.359,3562.116211
203.5878067,259992.8063,4203312.335,3562.120605
203.6135217,259992.7969,4203312.311,3562.121826
203.6392367,259992.7875,4203312.287,3562.126465
203.6649516,259992.778,4203312.263,3562.128662
203.6906666,259992.7686,4203312.239,3562.130371
203.7163816,259992.7592,4203312.215,3562.13501
203.7420966,259992.7498,4203312.191,3562.136719
203.7678116,259992.7404,4203312.167,3562.140381
203.7935266,259992.731,4203312.144,3562.141846
203.8192416,259992.7216,4203312.12,3562.143066
203.8449565,259992.7122,4203312.096,3562.14624
203.8706715,259992.7028,4203312.072,3562.147705
203.8963865,259992.6934,4203312.048,3562.149658
203.9221015,259992.684,4203312.024,3562.154297
203.9478165,259992.6746,4203312,3562.157471
203.9735315,259992.6652,4203311.976,3562.164063
203.9992464,259992.6558,4203311.952,3562.169678
204.0249614,259992.6464,4203311.928,3562.17627
204.0506764,259992.637,4203311.904,3562.186279
204.0763914,259992.6276,4203311.88,3562.195313
204.1021064,259992.6182,4203311.856,3562.204346
204.1278214,259992.6088,4203311.832,3562.20874
204.1535364,259992.5994,4203311.808,3562.211182
204.1792513,259992.59,4203311.785,3562.215088
204.2049663,259992.5806,4203311.761,3562.216309
204.2306813,259992.5712,4203311.737,3562.21875
204.2563963,259992.5618,4203311.713,3562.219482
204.2821113,259992.5524,4203311.689,3562.220215
204.3078263,259992.543,4203311.665,3562.221436
204.3335413,259992.5336,4203311.641,3562.221924
204.3592562,259992.5242,4203311.617,3562.222656
204.3849712,259992.5148,4203311.593,3562.223389
204.4106862,259992.5054,4203311.569,3562.223633
204.4364012,259992.496,4203311.545,3562.224365
204.4621162,259992.4866,4203311.521,3562.224365
204.4878312,259992.4772,4203311.497,3562.224854
204.5135461,259992.4678,4203311.473,3562.225098
204.5392611,259992.4584,4203311.449,3562.225342
204.5649761,259992.449,4203311.426,3562.22583
204.5906911,259992.4395,4203311.402,3562.22583
204.6164061,259992.4301,4203311.378,3562.226563
204.6421211,259992.4207,4203311.354,3562.226807
204.6678361,259992.4113,4203311.33,3562.227051
204.693551,259992.4019,4203311.306,3562.228271
204.719266,259992.3925,4203311.282,3562.22876
204.744981,259992.3831,4203311.258,3562.229492
204.770696,259992.3737,4203311.234,3562.236572
204.796411,259992.3643,4203311.21,3562.243408
204.822126,259992.3549,4203311.186,3562.259033
204.8478409,259992.3455,4203311.162,3562.269287
204.8735559,259992.3361,4203311.138,3562.281006
204.8992709,259992.3267,4203311.114,3562.30249
204.9249859,259992.3173,4203311.09,3562.319336
204.9507009,259992.3079,4203311.067,3562.343994
204.9764159,259992.2985,4203311.043,3562.363037
205.0021309,259992.2891,4203311.019,3562.383789
205.0278458,259992.2797,4203310.995,3562.41333
205.0535608,259992.2703,4203310.971,3562.431885
205.0792758,259992.2609,4203310.947,3562.453613
205.1049908,259992.2515,4203310.923,3562.465088
205.1307058,259992.2421,4203310.899,3562.474365
205.1564208,259992.2327,4203310.875,3562.483887
205.1821358,259992.2233,4203310.851,3562.489258
205.2078507,259992.2139,4203310.827,3562.494629
205.2335657,259992.2045,4203310.803,3562.497803
205.2592807,259992.1951,4203310.779,3562.499512
205.2849957,259992.1857,4203310.755,3562.501465
205.3107107,259992.1763,4203310.731,3562.502441
205.3364257,259992.1669,4203310.707,3562.503174
205.3621406,259992.1575,4203310.684,3562.503174
205.3878556,259992.1481,4203310.66,3562.503174
205.4135706,259992.1387,4203310.636,3562.50293
205.4392856,259992.1293,4203310.612,3562.502441
205.4650006,259992.1199,4203310.588,3562.5
205.4907156,259992.1105,4203310.564,3562.497559
205.5164306,259992.1011,4203310.54,3562.493896
205.5421455,259992.0916,4203310.516,3562.486816
205.5678605,259992.0822,4203310.492,3562.480957
205.5935755,259992.0728,4203310.468,3562.473145
205.6192905,259992.0634,4203310.444,3562.460449
205.6450055,259992.054,4203310.42,3562.44873
205.6707205,259992.0446,4203310.396,3562.428467
205.6964354,259992.0352,4203310.372,3562.412842
205.7221504,259992.0258,4203310.348,3562.396729
205.7478654,259992.0164,4203310.325,3562.371094
205.7735804,259992.007,4203310.301,3562.353516
205.7992954,259991.9976,4203310.277,3562.331787
205.8250104,259991.9882,4203310.253,3562.325684
205.8507254,259991.9788,4203310.229,3562.321777
205.8764403,259991.9694,4203310.205,3562.31958
205.9021553,259991.96,4203310.181,3562.318115
205.9278703,259991.9506,4203310.157,3562.317871
205.9535853,259991.9412,4203310.133,3562.316895
205.9793003,259991.9318,4203310.109,3562.316162
206.0050153,259991.9224,4203310.085,3562.317139
206.0307303,259991.913,4203310.061,3562.316895
206.0564452,259991.9036,4203310.037,3562.319092
206.0821602,259991.8942,4203310.013,3562.31958
206.1078752,259991.8848,4203309.989,3562.320313
206.1335902,259991.8754,4203309.966,3562.324951
206.1593052,259991.866,4203309.942,3562.327637
206.1850202,259991.8566,4203309.918,3562.337891
206.2107351,259991.8472,4203309.894,3562.343994
206.2364501,259991.8378,4203309.87,3562.35083
206.2621651,259991.8284,4203309.846,3562.368164
206.2878801,259991.819,4203309.822,3562.375
206.3135951,259991.8096,4203309.798,3562.392578
206.3393101,259991.8002,4203309.774,3562.39917
206.3650251,259991.7908,4203309.75,3562.406738
206.39074,259991.7814,4203309.726,3562.42334
206.416455,259991.772,4203309.702,3562.429932
206.44217,259991.7626,4203309.678,3562.437988
206.467885,259991.7531,4203309.654,3562.453369
206.4936,259991.7437,4203309.63,3562.459229
206.519315,259991.7343,4203309.607,3562.469727
206.5450299,259991.7249,4203309.583,3562.474609
206.5707449,259991.7155,4203309.559,3562.479492
206.5964599,259991.7061,4203309.535,3562.489014
206.6221749,259991.6967,4203309.511,3562.493408
206.6478899,259991.6873,4203309.487,3562.506104
206.6736049,259991.6779,4203309.463,3562.510742
206.6993199,259991.6685,4203309.439,3562.514648
206.7250348,259991.6591,4203309.415,3562.523438
206.7507498,259991.6497,4203309.391,3562.526611
206.7764648,259991.6403,4203309.367,3562.533691
206.8021798,259991.6309,4203309.343,3562.535156
206.8278948,259991.6215,4203309.319,3562.535645
206.8536098,259991.6121,4203309.295,3562.538818
206.8793248,259991.6027,4203309.271,3562.539063
206.9050397,259991.5933,4203309.248,3562.541748
206.9307547,259991.5839,4203309.224,3562.542236
206.9564697,259991.5745,4203309.2,3562.542969
206.9821847,259991.5651,4203309.176,3562.549072
207.0078997,259991.5557,4203309.152,3562.549805
207.0336147,259991.5463,4203309.128,3562.557617
207.0593296,259991.5369,4203309.104,3562.557861
207.0850446,259991.5275,4203309.08,3562.557861
207.1107596,259991.5181,4203309.056,3562.565918
207.1364746,259991.5087,4203309.032,3562.565674
207.1621896,259991.4993,4203309.008,3562.574707
207.1879046,259991.4899,4203308.984,3562.574463
207.2136196,259991.4805,4203308.96,3562.574219
207.2393345,259991.4711,4203308.936,3562.584961
207.2650495,259991.4617,4203308.912,3562.583984
207.2907645,259991.4523,4203308.888,3562.583008
207.3164795,259991.4429,4203308.865,3562.594482
207.3421945,259991.4335,4203308.841,3562.594482
207.3679095,259991.4241,4203308.817,3562.606689
207.3936244,259991.4146,4203308.793,3562.607178
207.4193394,259991.4052,4203308.769,3562.60791
207.4450544,259991.3958,4203308.745,3562.623291
207.4707694,259991.3864,4203308.721,3562.625244
207.4964844,259991.377,4203308.697,3562.639648
207.5221994,259991.3676,4203308.673,3562.64209
207.5479144,259991.3582,4203308.649,3562.64624
207.5736293,259991.3488,4203308.625,3562.65918
207.5993443,259991.3394,4203308.601,3562.662842
207.6250593,259991.33,4203308.577,3562.671387
207.6507743,259991.3206,4203308.553,3562.674316
207.6764893,259991.3112,4203308.529,3562.679199
207.7022043,259991.3018,4203308.506,3562.715088
207.7279193,259991.2924,4203308.482,3562.741455
207.7536342,259991.283,4203308.458,3562.783447
207.7793492,259991.2736,4203308.434,3562.79834
207.8050642,259991.2642,4203308.41,3562.810547
207.8307792,259991.2548,4203308.386,3562.832275
207.8564942,259991.2454,4203308.362,3562.844727
207.8822092,259991.236,4203308.338,3562.862793
207.9079241,259991.2266,4203308.314,3562.869873
207.9336391,259991.2172,4203308.29,3562.874268
207.9593541,259991.2078,4203308.266,3562.880859
207.9850691,259991.1984,4203308.242,3562.883545
208.0107841,259991.189,4203308.218,3562.888184
208.0364991,259991.1796,4203308.194,3562.88916
208.0622141,259991.1702,4203308.17,3562.889404
208.087929,259991.1608,4203308.147,3562.891846
208.113644,259991.1514,4203308.123,3562.891846
208.139359,259991.142,4203308.099,3562.891357
208.165074,259991.1326,4203308.075,3562.893066
208.190789,259991.1232,4203308.051,3562.891602
208.216504,259991.1138,4203308.027,3562.892822
208.2422189,259991.1044,4203308.003,3562.891602
208.2679339,259991.095,4203307.979,3562.890381
208.2936489,259991.0856,4203307.955,3562.89209
208.3193639,259991.0762,4203307.931,3562.891357
208.3450789,259991.0667,4203307.907,3562.893799
208.3707939,259991.0573,4203307.883,3562.892822
208.3965089,259991.0479,4203307.859,3562.892334
208.4222238,259991.0385,4203307.835,3562.895996
208.4479388,259991.0291,4203307.811,3562.89624
208.4736538,259991.0197,4203307.788,3562.899414
208.4993688,259991.0103,4203307.764,3562.899658
208.5250838,259991.0009,4203307.74,3562.900146
208.5507988,259990.9915,4203307.716,3562.903809
208.5765138,259990.9821,4203307.692,3562.904785
208.6022287,259990.9727,4203307.668,3562.914063
208.6279437,259990.9633,4203307.644,3562.917725
208.6536587,259990.9539,4203307.62,3562.923096
208.6793737,259990.9445,4203307.596,3562.950195
208.7050887,259990.9351,4203307.572,3562.956299
208.7308037,259990.9257,4203307.548,3562.984375
208.7565186,259990.9163,4203307.524,3562.987061
208.7822336,259990.9069,4203307.5,3562.989258
208.8079486,259990.8975,4203307.476,3563.003906
208.8336636,259990.8881,4203307.452,3563.003174
208.8593786,259990.8787,4203307.428,3563.015869
208.8850936,259990.8693,4203307.405,3563.015381
208.9108086,259990.8599,4203307.381,3563.013672
208.9365235,259990.8505,4203307.357,3563.023193
208.9622385,259990.8411,4203307.333,3563.020752
208.9879535,259990.8317,4203307.309,3563.018555
209.0136685,259990.8223,4203307.285,3563.0271
209.0393835,259990.8129,4203307.261,3563.023193
209.0650985,259990.8035,4203307.237,3563.031494
209.0908134,259990.7941,4203307.213,3563.027588
209.1165284,259990.7847,4203307.189,3563.023926
209.1422434,259990.7753,4203307.165,3563.032715
209.1679584,259990.7659,4203307.141,3563.030029
209.1936734,259990.7565,4203307.117,3563.037842
209.2193884,259990.7471,4203307.093,3563.035889
209.2451034,259990.7377,4203307.069,3563.035645
209.2708183,259990.7282,4203307.046,3563.047363
209.2965333,259990.7188,4203307.022,3563.048096
209.3218506,259990.7106,4203306.998,3563.064697
209.3471679,259990.7023,4203306.974,3563.068848
209.3724851,259990.6941,4203306.95,3563.073486
209.3978024,259990.6858,4203306.926,3563.094482
209.4231197,259990.6776,4203306.902,3563.101318
209.4484369,259990.6693,4203306.878,3563.109375
209.4737542,259990.6611,4203306.854,3563.128906
209.4990715,259990.6528,4203306.83,3563.138428
209.5243887,259990.6446,4203306.806,3563.148682
209.549706,259990.6363,4203306.782,3563.171875
209.5750233,259990.6281,4203306.758,3563.193604
209.6003405,259990.6198,4203306.734,3563.230225
209.6256578,259990.6116,4203306.71,3563.30957
209.6509751,259990.6033,4203306.687,3563.350098
209.6762923,259990.595,4203306.663,3563.382324
209.7016096,259990.5868,4203306.639,3563.433838
209.7269269,259990.5785,4203306.615,3563.451172
209.7522441,259990.5703,4203306.591,3563.464355
209.7775614,259990.562,4203306.567,3563.496826
209.8028787,259990.5538,4203306.543,3563.506592
209.8281959,259990.5455,4203306.519,3563.51416
209.8535132,259990.5373,4203306.495,3563.551514
209.8788305,259990.529,4203306.471,3563.560059
209.9041477,259990.5208,4203306.447,3563.569824
209.929465,259990.5125,4203306.423,3563.605713
209.9547823,259990.5043,4203306.399,3563.613281
209.9800995,259990.496,4203306.375,3563.646729
210.0054168,259990.4878,4203306.351,3563.653564
210.0307341,259990.4795,4203306.328,3563.6604
210.0560513,259990.4713,4203306.304,3563.688721
210.0813686,259990.463,4203306.28,3563.689941
210.1066859,259990.4547,4203306.256,3563.69043
210.1320031,259990.4465,4203306.232,3563.714111
210.1573204,259990.4382,4203306.208,3563.712646
210.1826377,259990.43,4203306.184,3563.710938
210.207955,259990.4217,4203306.16,3563.733154
210.2332722,259990.4135,4203306.136,3563.728516
210.2585895,259990.4052,4203306.112,3563.722168
210.2839068,259990.397,4203306.088,3563.73877
210.309224,259990.3887,4203306.064,3563.733887
210.3345413,259990.3805,4203306.04,3563.728271
210.3598586,259990.3722,4203306.016,3563.741943
210.3851758,259990.364,4203305.992,3563.736572
210.4104931,259990.3557,4203305.969,3563.729248
210.4358104,259990.3475,4203305.945,3563.741211
210.4611276,259990.3392,4203305.921,3563.733643
210.4864449,259990.3309,4203305.897,3563.724609
210.5117622,259990.3227,4203305.873,3563.737793
210.5370794,259990.3144,4203305.849,3563.730469
210.5623967,259990.3062,4203305.825,3563.722168
210.587714,259990.2979,4203305.801,3563.736572
210.6130312,259990.2897,4203305.777,3563.730225
210.6383485,259990.2814,4203305.753,3563.74292
210.6636658,259990.2732,4203305.729,3563.73877
210.688983,259990.2649,4203305.705,3563.73584
210.7143003,259990.2567,4203305.681,3563.750977
210.7396176,259990.2484,4203305.657,3563.749023
210.7649348,259990.2402,4203305.633,3563.747314
210.7902521,259990.2319,4203305.609,3563.763672
210.8155694,259990.2237,4203305.586,3563.761963
210.8408866,259990.2154,4203305.562,3563.760986
210.8662039,259990.2071,4203305.538,3563.778564
210.8915212,259990.1989,4203305.514,3563.77832
210.9168384,259990.1906,4203305.49,3563.777832
210.9421557,259990.1824,4203305.466,3563.796387
210.967473,259990.1741,4203305.442,3563.796875
210.9927902,259990.1659,4203305.418,3563.797607
211.0181075,259990.1576,4203305.394,3563.823242
211.0434248,259990.1494,4203305.37,3563.824951
211.068742,259990.1411,4203305.346,3563.827637
211.0940593,259990.1329,4203305.322,3563.851563
211.1193766,259990.1246,4203305.298,3563.854248
211.1446938,259990.1164,4203305.274,3563.856445
211.1700111,259990.1081,4203305.25,3563.875977
211.1953284,259990.0999,4203305.227,3563.875977
211.2206456,259990.0916,4203305.203,3563.875732
211.2459629,259990.0834,4203305.179,3563.896729
211.2712802,259990.0751,4203305.155,3563.896729
211.2965974,259990.0668,4203305.131,3563.917969
211.3219147,259990.0586,4203305.107,3563.919189
211.347232,259990.0503,4203305.083,3563.919922
211.3725493,259990.0421,4203305.059,3563.943359
211.3978665,259990.0338,4203305.035,3563.946289
211.4231838,259990.0256,4203305.011,3563.949951
211.4485011,259990.0173,4203304.987,3563.974609
211.4738183,259990.0091,4203304.963,3563.979004
211.4991356,259990.0008,4203304.939,3563.983154
211.5244529,259989.9926,4203304.915,3564.00293
211.5497701,259989.9843,4203304.891,3564.007568
211.5750874,259989.9761,4203304.868,3564.012451
211.6004047,259989.9678,4203304.844,3564.030762
211.6257219,259989.9596,4203304.82,3564.036865
211.6510392,259989.9513,4203304.796,3564.044678
211.6763565,259989.943,4203304.772,3564.060791
211.7016737,259989.9348,4203304.748,3564.065186
211.726991,259989.9265,4203304.724,3564.071045
211.7523083,259989.9183,4203304.7,3564.091553
211.7776255,259989.91,4203304.676,3564.098389
211.8029428,259989.9018,4203304.652,3564.105713
211.8282601,259989.8935,4203304.628,3564.128906
211.8535773,259989.8853,4203304.604,3564.137451
211.8788946,259989.877,4203304.58,3564.145752
211.9042119,259989.8688,4203304.556,3564.17041
211.9295291,259989.8605,4203304.532,3564.178467
211.9548464,259989.8523,4203304.509,3564.196289
211.9801637,259989.844,4203304.485,3564.205566
212.0054809,259989.8358,4203304.461,3564.213867
212.0307982,259989.8275,4203304.437,3564.230957
212.0561155,259989.8192,4203304.413,3564.238525
212.0814327,259989.811,4203304.389,3564.246582
212.10675,259989.8027,4203304.365,3564.261963
212.1320673,259989.7945,4203304.341,3564.26709
212.1573845,259989.7862,4203304.317,3564.27002
212.1827018,259989.778,4203304.293,3564.275635
212.2080191,259989.7697,4203304.269,3564.278076
212.2333363,259989.7615,4203304.245,3564.280273
212.2586536,259989.7532,4203304.221,3564.286133
212.2839709,259989.745,4203304.197,3564.289063
212.3092881,259989.7367,4203304.173,3564.291992
212.3346054,259989.7285,4203304.15,3564.29834
212.3599227,259989.7202,4203304.126,3564.300781
212.3852399,259989.712,4203304.102,3564.303467
212.4105572,259989.7037,4203304.078,3564.309814
212.4358745,259989.6955,4203304.054,3564.315186
212.4611917,259989.6872,4203304.03,3564.319824
212.486509,259989.6789,4203304.006,3564.326416
212.5118263,259989.6707,4203303.982,3564.331299
212.5371435,259989.6624,4203303.958,3564.336426
212.5624608,259989.6542,4203303.934,3564.348145
212.5877781,259989.6459,4203303.91,3564.358643
212.6130954,259989.6377,4203303.886,3564.369141
212.6384126,259989.6294,4203303.862,3564.388428
212.6637299,259989.6212,4203303.838,3564.39917
212.6890472,259989.6129,4203303.814,3564.415527
212.7143644,259989.6047,4203303.79,3564.422363
212.7396817,259989.5964,4203303.767,3564.428467
212.764999,259989.5882,4203303.743,3564.438721
212.7903162,259989.5799,4203303.719,3564.443359
212.8156335,259989.5717,4203303.695,3564.44751
212.8409508,259989.5634,4203303.671,3564.458252
212.866268,259989.5551,4203303.647,3564.469238
212.8915853,259989.5469,4203303.623,3564.480225
212.9169026,259989.5386,4203303.599,3564.495605
212.9422198,259989.5304,4203303.575,3564.508301
212.9675371,259989.5221,4203303.551,3564.524658
212.9928544,259989.5139,4203303.527,3564.55542
213.0181716,259989.5056,4203303.503,3564.570557
213.0434889,259989.4974,4203303.479,3564.586182
213.0688062,259989.4891,4203303.455,3564.609863
213.0941234,259989.4809,4203303.431,3564.623047
213.1194407,259989.4726,4203303.408,3564.638428
213.144758,259989.4644,4203303.384,3564.661377
213.1700752,259989.4561,4203303.36,3564.677979
213.1953925,259989.4479,4203303.336,3564.694824
213.2207098,259989.4396,4203303.312,3564.717529
213.246027,259989.4313,4203303.288,3564.729248
213.2713443,259989.4231,4203303.264,3564.738281
213.2966616,259989.4148,4203303.24,3564.755127
213.3219788,259989.4066,4203303.216,3564.791016
213.3472961,259989.3983,4203303.192,3564.821533
213.3726134,259989.3901,4203303.168,3564.840088
213.3979306,259989.3818,4203303.144,3564.858398
213.4232479,259989.3736,4203303.12,3564.886475
213.4485652,259989.3653,4203303.096,3564.89917
213.4738824,259989.3571,4203303.072,3564.90625
213.4991997,259989.3488,4203303.049,3564.913818
213.524517,259989.3406,4203303.025,3564.918213
213.5498342,259989.3323,4203303.001,3564.925049
213.5751515,259989.3241,4203302.977,3564.937744
213.6004688,259989.3158,4203302.953,3564.945801
213.625786,259989.3076,4203302.929,3564.954834
213.6511033,259989.2993,4203302.905,3564.966797
213.6764206,259989.291,4203302.881,3564.973633
213.7017378,259989.2828,4203302.857,3564.980469
213.7270551,259989.2745,4203302.833,3564.995361
213.7523724,259989.2663,4203302.809,3565.00708
213.7776897,259989.258,4203302.785,3565.020996
213.8030069,259989.2498,4203302.761,3565.043945
213.8283242,259989.2415,4203302.737,3565.061768
213.8536415,259989.2333,4203302.713,3565.082764
213.8789587,259989.225,4203302.69,3565.109375
213.904276,259989.2168,4203302.666,3565.125488
213.9295933,259989.2085,4203302.642,3565.138916
213.9549105,259989.2003,4203302.618,3565.153564
213.9802278,259989.192,4203302.594,3565.165283
214.0055451,259989.1838,4203302.57,3565.18042
214.0308623,259989.1755,4203302.546,3565.190186
214.0561796,259989.1672,4203302.522,3565.20459
214.0814969,259989.159,4203302.498,3565.229736
214.1068141,259989.1507,4203302.474,3565.249512
214.1321314,259989.1425,4203302.45,3565.270264
214.1574487,259989.1342,4203302.426,3565.302002
214.1827659,259989.126,4203302.402,3565.32666
214.2080832,259989.1177,4203302.378,3565.346924
214.2334005,259989.1095,4203302.354,3565.36792
214.2587177,259989.1012,4203302.33,3565.381348
214.284035,259989.093,4203302.307,3565.39624
214.3093523,259989.0847,4203302.283,3565.417969
214.3346695,259989.0765,4203302.259,3565.432861
214.3599868,259989.0682,4203302.235,3565.44873
214.3853041,259989.06,4203302.211,3565.469727
214.4106213,259989.0517,4203302.187,3565.486084
214.4359386,259989.0434,4203302.163,3565.502197
214.4612559,259989.0352,4203302.139,3565.526367
214.4865731,259989.0269,4203302.115,3565.54541
214.5118904,259989.0187,4203302.091,3565.563965
214.5372077,259989.0104,4203302.067,3565.588867
214.5625249,259989.0022,4203302.043,3565.603516
214.5878422,259988.9939,4203302.019,3565.614258
214.6131595,259988.9857,4203301.995,3565.629639
214.6384767,259988.9774,4203301.971,3565.638916
214.663794,259988.9692,4203301.948,3565.653076
214.6891113,259988.9609,4203301.924,3565.660156
214.7144285,259988.9527,4203301.9,3565.666748
214.7397458,259988.9444,4203301.876,3565.673096
214.7650631,259988.9362,4203301.852,3565.676514
214.7903803,259988.9279,4203301.828,3565.681396
214.8156976,259988.9197,4203301.804,3565.6875
214.8410149,259988.9114,4203301.78,3565.690918
214.8663321,259988.9031,4203301.756,3565.695313
214.8916494,259988.8949,4203301.732,3565.701172
214.9169667,259988.8866,4203301.708,3565.705322
214.942284,259988.8784,4203301.684,3565.708496
214.9676012,259988.8701,4203301.66,3565.712646
214.9929185,259988.8619,4203301.636,3565.715576
215.0182358,259988.8536,4203301.612,3565.719482
215.043553,259988.8454,4203301.589,3565.729004
215.0688703,259988.8371,4203301.565,3565.737793
215.0941876,259988.8289,4203301.541,3565.745605
215.1195048,259988.8206,4203301.517,3565.756104
215.1448221,259988.8124,4203301.493,3565.764648
215.1701394,259988.8041,4203301.469,3565.772705
215.1954566,259988.7959,4203301.445,3565.781006
215.2207739,259988.7876,4203301.421,3565.787109
215.2460912,259988.7793,4203301.397,3565.792236
215.2714084,259988.7711,4203301.373,3565.800049
215.2967257,259988.7628,4203301.349,3565.806396
215.322043,259988.7546,4203301.325,3565.816162
215.3473602,259988.7463,4203301.301,3565.832764
215.3726775,259988.7381,4203301.277,3565.845459
215.3979948,259988.7298,4203301.253,3565.86792
215.423312,259988.7216,4203301.23,3565.883057
215.4486293,259988.7133,4203301.206,3565.896973
215.4739466,259988.7051,4203301.182,3565.917969
215.4992638,259988.6968,4203301.158,3565.928955
215.5245811,259988.6886,4203301.134,3565.938232
215.5498984,259988.6803,4203301.11,3565.953857
215.5752156,259988.6721,4203301.086,3565.962158
215.6005329,259988.6638,4203301.062,3565.970947
215.6258502,259988.6555,4203301.038,3565.983643
215.6511674,259988.6473,4203301.014,3565.989014
215.6764847,259988.639,4203300.99,3565.993896
215.701802,259988.6308,4203300.966,3566.000488
215.7271192,259988.6225,4203300.942,3566.004883
215.7524365,259988.6143,4203300.918,3566.009521
215.7777538,259988.606,4203300.894,3566.019043
215.803071,259988.5978,4203300.871,3566.026611
215.8283883,259988.5895,4203300.847,3566.035156
215.8537056,259988.5813,4203300.823,3566.051514
215.8790228,259988.573,4203300.799,3566.062988
215.9043401,259988.5648,4203300.775,3566.078125
215.9296574,259988.5565,4203300.751,3566.105713
215.9549746,259988.5483,4203300.727,3566.118408
215.9802919,259988.54,4203300.703,3566.128662
216.0056092,259988.5318,4203300.679,3566.141113
216.0309264,259988.5235,4203300.655,3566.147461
216.0562437,259988.5152,4203300.631,3566.158447
216.081561,259988.507,4203300.607,3566.163086
216.1068782,259988.4987,4203300.583,3566.168457
216.1321955,259988.4905,4203300.559,3566.179688
216.1575128,259988.4822,4203300.535,3566.188232
216.1828301,259988.474,4203300.511,3566.196777
216.2081473,259988.4657,4203300.488,3566.207031
216.2334646,259988.4575,4203300.464,3566.212891
216.2587819,259988.4492,4203300.44,3566.218262
216.2840991,259988.441,4203300.416,3566.223633
216.3094164,259988.4327,4203300.392,3566.227051
216.3347337,259988.4245,4203300.368,3566.230957
216.3600509,259988.4162,4203300.344,3566.234375
216.3853682,259988.408,4203300.32,3566.238037
216.4106855,259988.3997,4203300.296,3566.243164
216.4360027,259988.3914,4203300.272,3566.251465
216.46132,259988.3832,4203300.248,3566.260254
216.4866373,259988.3749,4203300.224,3566.268555
216.5119545,259988.3667,4203300.2,3566.279297
216.5372718,259988.3584,4203300.176,3566.290283
216.5625891,259988.3502,4203300.152,3566.300049
216.5879063,259988.3419,4203300.129,3566.309814
216.6132236,259988.3337,4203300.105,3566.314453
216.6385409,259988.3254,4203300.081,3566.318604
216.6638581,259988.3172,4203300.057,3566.322021
216.6891754,259988.3089,4203300.033,3566.324951
216.7144927,259988.3007,4203300.009,3566.32959
216.7398099,259988.2924,4203299.985,3566.334473
216.7651272,259988.2842,4203299.961,3566.340332
216.7904445,259988.2759,4203299.937,3566.348877
216.8157617,259988.2676,4203299.913,3566.356934
216.841079,259988.2594,4203299.889,3566.364746
216.8663963,259988.2511,4203299.865,3566.375244
216.8917135,259988.2429,4203299.841,3566.384521
216.9170308,259988.2346,4203299.817,3566.39209
216.9423481,259988.2264,4203299.793,3566.397461
216.9676653,259988.2181,4203299.77,3566.403809
216.9929826,259988.2099,4203299.746,3566.411377
217.0182999,259988.2016,4203299.722,3566.422119
217.0436171,259988.1934,4203299.698,3566.434082
217.0689344,259988.1851,4203299.674,3566.447754
217.0942517,259988.1769,4203299.65,3566.460938
217.1195689,259988.1686,4203299.626,3566.472168
217.1448862,259988.1604,4203299.602,3566.480469
217.1702035,259988.1521,4203299.578,3566.487061
217.1955207,259988.1439,4203299.554,3566.492188
217.220838,259988.1356,4203299.53,3566.496094
217.2461553,259988.1273,4203299.506,3566.499756
217.2714725,259988.1191,4203299.482,3566.501953
217.2967898,259988.1108,4203299.458,3566.50415
217.3221071,259988.1026,4203299.434,3566.506348
217.3474244,259988.0943,4203299.411,3566.509033
217.3727416,259988.0861,4203299.387,3566.511719
217.3995009,259988.0741,4203299.363,3566.51416
217.4262603,259988.0621,4203299.339,3566.516846
217.4530196,259988.0502,4203299.315,3566.519531
217.4797789,259988.0382,4203299.291,3566.522705
217.5065382,259988.0262,4203299.267,3566.528076
217.5332975,259988.0143,4203299.243,3566.533203
217.5600568,259988.0023,4203299.219,3566.540527
217.5868162,259987.9903,4203299.195,3566.547607
217.6135755,259987.9784,4203299.171,3566.557861
217.6403348,259987.9664,4203299.147,3566.566162
217.6670941,259987.9544,4203299.123,3566.575684
217.6938534,259987.9425,4203299.099,3566.583496
217.7206127,259987.9305,4203299.075,3566.592041
217.7473721,259987.9185,4203299.052,3566.599854
217.7741314,259987.9066,4203299.028,3566.608643
217.8008907,259987.8946,4203299.004,3566.617676
217.82765,259987.8826,4203298.98,3566.626221
217.8544093,259987.8707,4203298.956,3566.63208
217.8811686,259987.8587,4203298.932,3566.641846
217.907928,259987.8467,4203298.908,3566.648193
217.9346873,259987.8348,4203298.884,3566.65625
217.9614466,259987.8228,4203298.86,3566.662842
217.9882059,259987.8108,4203298.836,3566.670898
218.0149652,259987.7989,4203298.812,3566.675781
218.0417245,259987.7869,4203298.788,3566.682861
218.0684839,259987.7749,4203298.764,3566.685791
218.0952432,259987.763,4203298.74,3566.689453
218.1220025,259987.751,4203298.716,3566.690918
218.1487618,259987.739,4203298.692,3566.693359
218.1755211,259987.7271,4203298.669,3566.694092
218.2022804,259987.7151,4203298.645,3566.695557
218.2290398,259987.7031,4203298.621,3566.695801
218.2557991,259987.6912,4203298.597,3566.696777
218.2825584,259987.6792,4203298.573,3566.697021
218.3093177,259987.6672,4203298.549,3566.697998
218.336077,259987.6553,4203298.525,3566.697998
218.3628363,259987.6433,4203298.501,3566.698975
218.3895957,259987.6313,4203298.477,3566.698975
218.416355,259987.6194,4203298.453,3566.700195
218.4431143,259987.6074,4203298.429,3566.700439
218.4698736,259987.5954,4203298.405,3566.702148
218.4966329,259987.5835,4203298.381,3566.703613
218.5233922,259987.5715,4203298.357,3566.707031
218.5501516,259987.5595,4203298.333,3566.709961
218.5769109,259987.5476,4203298.31,3566.713623
218.6036702,259987.5356,4203298.286,3566.71582
218.6304295,259987.5236,4203298.262,3566.718994
218.6571888,259987.5117,4203298.238,3566.721436
218.6839481,259987.4997,4203298.214,3566.724365
218.7107075,259987.4877,4203298.19,3566.726563
218.7374668,259987.4758,4203298.166,3566.730713
218.7642261,259987.4638,4203298.142,3566.735352
218.7909854,259987.4518,4203298.118,3566.741455
218.8177447,259987.4399,4203298.094,3566.747559
218.844504,259987.4279,4203298.07,3566.755127
218.8712634,259987.4159,4203298.046,3566.760986
218.8980227,259987.404,4203298.022,3566.770264
218.924782,259987.392,4203297.998,3566.776367
218.9515413,259987.38,4203297.974,3566.783936
218.9783006,259987.3681,4203297.951,3566.790039
219.0050599,259987.3561,4203297.927,3566.79541
219.0318193,259987.3441,4203297.903,3566.797852
219.0585786,259987.3321,4203297.879,3566.802246
219.0853379,259987.3202,4203297.855,3566.805664
219.1120972,259987.3082,4203297.831,3566.811768
219.1388565,259987.2962,4203297.807,3566.817383
219.1656158,259987.2843,4203297.783,3566.824951
219.1923752,259987.2723,4203297.759,3566.832275
219.2191345,259987.2603,4203297.735,3566.840332
219.2458938,259987.2484,4203297.711,3566.848633
219.2726531,259987.2364,4203297.687,3566.856445
219.2994124,259987.2244,4203297.663,3566.864746
219.3261717,259987.2125,4203297.639,3566.873291
219.3529311,259987.2005,4203297.615,3566.87793
219.3796904,259987.1885,4203297.592,3566.882324
219.4064497,259987.1766,4203297.568,3566.884766
219.433209,259987.1646,4203297.544,3566.886475
219.4599683,259987.1526,4203297.52,3566.887207
219.4867276,259987.1407,4203297.496,3566.888184
219.513487,259987.1287,4203297.472,3566.888672
219.5402463,259987.1167,4203297.448,3566.889893
219.5670056,259987.1048,4203297.424,3566.890869
219.5937649,259987.0928,4203297.4,3566.893066
219.6205242,259987.0808,4203297.376,3566.894775
219.6472835,259987.0689,4203297.352,3566.898438
219.6740429,259987.0569,4203297.328,3566.901367
219.7008022,259987.0449,4203297.304,3566.906006
219.7275615,259987.033,4203297.28,3566.914307
219.7543208,259987.021,4203297.256,3566.933105
219.7810801,259987.009,4203297.233,3566.955322
219.8078394,259986.9971,4203297.209,3566.962402
219.8345988,259986.9851,4203297.185,3566.969482
219.8613581,259986.9731,4203297.161,3566.976318
219.8881174,259986.9612,4203297.137,3566.983398
219.9148767,259986.9492,4203297.113,3566.990479
219.941636,259986.9372,4203297.089,3566.996094
219.9683953,259986.9253,4203297.065,3567.002441
219.9951547,259986.9133,4203297.041,3567.006836
220.021914,259986.9013,4203297.017,3567.009766
220.0486733,259986.8894,4203296.993,3567.012207
220.0754326,259986.8774,4203296.969,3567.016357
220.1021919,259986.8654,4203296.945,3567.023926
220.1289512,259986.8535,4203296.921,3567.033936
220.1557106,259986.8415,4203296.897,3567.046875
220.1824699,259986.8295,4203296.873,3567.058594
220.2092292,259986.8176,4203296.85,3567.067871
220.2359885,259986.8056,4203296.826,3567.074707
220.2627478,259986.7936,4203296.802,3567.080566
220.2895071,259986.7817,4203296.778,3567.084717
220.3162665,259986.7697,4203296.754,3567.087646
220.3430258,259986.7577,4203296.73,3567.090332
220.3697851,259986.7458,4203296.706,3567.094482
220.3965444,259986.7338,4203296.682,3567.100342
220.4233037,259986.7218,4203296.658,3567.106445
220.450063,259986.7099,4203296.634,3567.111816
220.4768224,259986.6979,4203296.61,3567.117676
220.5035817,259986.6859,4203296.586,3567.121338
220.530341,259986.674,4203296.562,3567.123047
220.5571003,259986.662,4203296.538,3567.124512
220.5838596,259986.65,4203296.514,3567.125488
220.6106189,259986.6381,4203296.491,3567.128418
220.6373783,259986.6261,4203296.467,3567.131104
220.6641376,259986.6141,4203296.443,3567.137451
220.6908969,259986.6022,4203296.419,3567.140381
220.7176562,259986.5902,4203296.395,3567.149658
220.7444155,259986.5782,4203296.371,3567.155029
220.7711749,259986.5663,4203296.347,3567.16333
220.7979342,259986.5543,4203296.323,3567.165527
220.8246935,259986.5423,4203296.299,3567.170898
220.8514528,259986.5304,4203296.275,3567.172363
220.8782121,259986.5184,4203296.251,3567.177002
220.9049714,259986.5064,4203296.227,3567.181152
220.9317308,259986.4944,4203296.203,3567.189453
220.9584901,259986.4825,4203296.179,3567.194336
220.9852494,259986.4705,4203296.155,3567.203857
221.0120087,259986.4585,4203296.132,3567.209229
221.038768,259986.4466,4203296.108,3567.218262
221.0655273,259986.4346,4203296.084,3567.222412
221.0922867,259986.4226,4203296.06,3567.227783
221.119046,259986.4107,4203296.036,3567.230713
221.1458053,259986.3987,4203296.012,3567.235107
221.1725646,259986.3867,4203295.988,3567.23999
221.1993239,259986.3748,4203295.964,3567.250244
221.2260832,259986.3628,4203295.94,3567.262207
221.2528426,259986.3508,4203295.916,3567.278564
221.2796019,259986.3389,4203295.892,3567.290527
221.3063612,259986.3269,4203295.868,3567.302246
221.3331205,259986.3149,4203295.844,3567.30835
221.3598798,259986.303,4203295.82,3567.316162
221.3866391,259986.291,4203295.796,3567.320801
221.4133985,259986.279,4203295.773,3567.328369
221.4401578,259986.2671,4203295.749,3567.333496
221.4669171,259986.2551,4203295.725,3567.342773
221.4936764,259986.2431,4203295.701,3567.347412
221.5250504,259986.2228,4203295.677,3567.351563
221.5564245,259986.2024,4203295.653,3567.359863
221.5877985,259986.1821,4203295.629,3567.364014
221.6191726,259986.1617,4203295.605,3567.368164
221.6505466,259986.1413,4203295.581,3567.371582
221.6819207,259986.121,4203295.557,3567.373047
221.7132947,259986.1006,4203295.534,3567.373779
221.7446687,259986.0803,4203295.51,3567.374756
221.7760428,259986.0599,4203295.486,3567.382324
221.8074168,259986.0395,4203295.462,3567.38208
221.8387909,259986.0192,4203295.438,3567.38208
221.8701649,259985.9988,4203295.414,3567.382813
221.9015389,259985.9785,4203295.39,3567.384277
221.932913,259985.9581,4203295.367,3567.38501
221.964287,259985.9377,4203295.343,3567.390625
221.9956611,259985.9174,4203295.319,3567.391113
222.0270351,259985.897,4203295.295,3567.39209
222.0584091,259985.8767,4203295.271,3567.393311
222.0897832,259985.8563,4203295.247,3567.394775
222.1211572,259985.8359,4203295.223,3567.397217
222.1525313,259985.8156,4203295.199,3567.399902
222.1839053,259985.7952,4203295.176,3567.406982
222.2152794,259985.7749,4203295.152,3567.411377
222.2466534,259985.7545,4203295.128,3567.416504
222.2780274,259985.7341,4203295.104,3567.423828
222.3094015,259985.7138,4203295.08,3567.434814
222.3407755,259985.6934,4203295.056,3567.450684
222.3721496,259985.6731,4203295.032,3567.466309
222.4035236,259985.6527,4203295.008,3567.482422
222.4348976,259985.6323,4203294.985,3567.498535
222.4662717,259985.612,4203294.961,3567.51416
222.4976457,259985.5916,4203294.937,3567.526123
222.5290198,259985.5713,4203294.913,3567.531738
222.5603938,259985.5509,4203294.889,3567.536865
222.5917679,259985.5305,4203294.865,3567.540771
222.6231419,259985.5102,4203294.841,3567.546631
222.6545159,259985.4898,4203294.818,3567.55542
222.68589,259985.4695,4203294.794,3567.566406
222.717264,259985.4491,4203294.77,3567.578125
222.7486381,259985.4287,4203294.746,3567.592529
222.7800121,259985.4084,4203294.722,3567.607666
222.8113861,259985.388,4203294.698,3567.62085
222.8427602,259985.3677,4203294.674,3567.631592
222.8741342,259985.3473,4203294.65,3567.643066
222.9055083,259985.3269,4203294.627,3567.655029
222.9368823,259985.3066,4203294.603,3567.666748
222.9682563,259985.2862,4203294.579,3567.682129
222.9996304,259985.2659,4203294.555,3567.697021
223.0310044,259985.2455,4203294.531,3567.707275
223.0623785,259985.2251,4203294.507,3567.718994
223.0937525,259985.2048,4203294.483,3567.730469
223.1251266,259985.1844,4203294.459,3567.743408
223.1565006,259985.1641,4203294.436,3567.759033
223.1878746,259985.1437,4203294.412,3567.775635
223.2192487,259985.1233,4203294.388,3567.787842
223.2506227,259985.103,4203294.364,3567.793701
223.2819968,259985.0826,4203294.34,3567.798096
223.3133708,259985.0623,4203294.316,3567.801025
223.3447448,259985.0419,4203294.292,3567.804688
223.3761189,259985.0215,4203294.268,3567.809326
223.4074929,259985.0012,4203294.245,3567.815186
223.438867,259984.9808,4203294.221,3567.822998
223.470241,259984.9605,4203294.197,3567.833496
223.501615,259984.9401,4203294.173,3567.848633
223.5329891,259984.9197,4203294.149,3567.864258
223.5643631,259984.8994,4203294.125,3567.878662
223.5957372,259984.879,4203294.101,3567.896484
223.6271112,259984.8587,4203294.078,3567.915527
223.6584853,259984.8383,4203294.054,3567.933105
223.6898593,259984.8179,4203294.03,3567.946533
223.7212333,259984.7976,4203294.006,3567.960205
223.7526074,259984.7772,4203293.982,3567.973877
223.7839814,259984.7569,4203293.958,3567.988525
223.8153555,259984.7365,4203293.934,3568.000488
223.8467295,259984.7161,4203293.91,3568.013184
223.8781035,259984.6958,4203293.887,3568.026123
223.9094776,259984.6754,4203293.863,3568.037354
223.9408516,259984.6551,4203293.839,3568.053467
223.9722257,259984.6347,4203293.815,3568.07666
224.0035997,259984.6143,4203293.791,3568.103516
224.0349738,259984.594,4203293.767,3568.134521
224.0663478,259984.5736,4203293.743,3568.158936
224.0977218,259984.5533,4203293.719,3568.171875
224.1290959,259984.5329,4203293.696,3568.184326
224.1604699,259984.5125,4203293.672,3568.196045
224.191844,259984.4922,4203293.648,3568.208008
224.223218,259984.4718,4203293.624,3568.217041
224.254592,259984.4515,4203293.6,3568.226074
224.2859661,259984.4311,4203293.576,3568.233887
224.3173401,259984.4107,4203293.552,3568.239746
224.3487142,259984.3904,4203293.528,3568.246826
224.3800882,259984.37,4203293.505,3568.254639
224.4114622,259984.3497,4203293.481,3568.262207
224.4428363,259984.3293,4203293.457,3568.271484
224.4742103,259984.3089,4203293.433,3568.281006
224.5055844,259984.2886,4203293.409,3568.294189
224.5369584,259984.2682,4203293.385,3568.306396
224.5683325,259984.2479,4203293.361,3568.324951
224.5997065,259984.2275,4203293.338,3568.343262
224.6310805,259984.2071,4203293.314,3568.35791
224.6624546,259984.1868,4203293.29,3568.369873
224.6938286,259984.1664,4203293.266,3568.381836
224.7252027,259984.1461,4203293.242,3568.396729
224.7565767,259984.1257,4203293.218,3568.409424
224.7879507,259984.1053,4203293.194,3568.428467
224.8193248,259984.085,4203293.17,3568.453125
224.8506988,259984.0646,4203293.147,3568.477295
224.8820729,259984.0443,4203293.123,3568.501221
224.9134469,259984.0239,4203293.099,3568.521973
224.9448209,259984.0035,4203293.075,3568.537842
224.976195,259983.9832,4203293.051,3568.547119
225.007569,259983.9628,4203293.027,3568.557861
225.0389431,259983.9425,4203293.003,3568.564941
225.0703171,259983.9221,4203292.979,3568.573486
225.1016912,259983.9017,4203292.956,3568.586182
225.1330652,259983.8814,4203292.932,3568.599609
225.1644392,259983.861,4203292.908,3568.608887
225.1958133,259983.8407,4203292.884,3568.623535
225.2271873,259983.8203,4203292.86,3568.640381
225.2585614,259983.7999,4203292.836,3568.654053
225.2899354,259983.7796,4203292.812,3568.66333
225.3213094,259983.7592,4203292.789,3568.672119
225.3526835,259983.7389,4203292.765,3568.682617
225.3840575,259983.7185,4203292.741,3568.689453
225.4154316,259983.6981,4203292.717,3568.702393
225.4468056,259983.6778,4203292.693,3568.719238
225.4781797,259983.6574,4203292.669,3568.734863
225.5095537,259983.6371,4203292.645,3568.752197
225.5409277,259983.6167,4203292.621,3568.773926
225.5723018,259983.5963,4203292.598,3568.796143
225.6036758,259983.576,4203292.574,3568.817139
225.6350499,259983.5556,4203292.55,3568.841797
225.6664239,259983.5352,4203292.526,3568.860352
225.6977979,259983.5149,4203292.502,3568.875488
225.729172,259983.4945,4203292.478,3568.888184
225.760546,259983.4742,4203292.454,3568.897217
225.7919201,259983.4538,4203292.43,3568.9104
225.8232941,259983.4334,4203292.407,3568.92334
225.8546681,259983.4131,4203292.383,3568.939453
225.8860422,259983.3927,4203292.359,3568.951172
225.9174162,259983.3724,4203292.335,3568.963135
225.9487903,259983.352,4203292.311,3568.976318
225.9801643,259983.3316,4203292.287,3568.990723
226.0115384,259983.3113,4203292.263,3569.00293
226.0429124,259983.2909,4203292.239,3569.012451
226.0742864,259983.2706,4203292.216,3569.022949
226.1056605,259983.2502,4203292.192,3569.032715
226.1370345,259983.2298,4203292.168,3569.040527
226.1684086,259983.2095,4203292.144,3569.045898
226.1997826,259983.1891,4203292.12,3569.049805
226.2311566,259983.1688,4203292.096,3569.054443
226.2625307,259983.1484,4203292.072,3569.059814
226.2939047,259983.128,4203292.049,3569.066895
226.3252788,259983.1077,4203292.025,3569.075195
226.3566528,259983.0873,4203292.001,3569.085938
226.3880269,259983.067,4203291.977,3569.0979
226.4194009,259983.0466,4203291.953,3569.109375
226.4507749,259983.0262,4203291.929,3569.116211
226.482149,259983.0059,4203291.905,3569.123047
226.513523,259982.9855,4203291.881,3569.127197
226.5448971,259982.9652,4203291.858,3569.128906
226.5762711,259982.9448,4203291.834,3569.130615
226.6076451,259982.9244,4203291.81,3569.133301
226.6390192,259982.9041,4203291.786,3569.137939
226.6703932,259982.8837,4203291.762,3569.144043
226.7017673,259982.8634,4203291.738,3569.152832
226.7331413,259982.843,4203291.714,3569.163574
226.7645153,259982.8226,4203291.69,3569.174805
226.7958894,259982.8023,4203291.667,3569.183838
226.8272634,259982.7819,4203291.643,3569.188721
226.8586375,259982.7616,4203291.619,3569.192871
226.8900115,259982.7412,4203291.595,3569.197754
226.9213856,259982.7208,4203291.571,3569.20166
226.9527596,259982.7005,4203291.547,3569.205566
226.9841336,259982.6801,4203291.523,3569.208984
227.0155077,259982.6598,4203291.5,3569.211426
227.0468817,259982.6394,4203291.476,3569.214844
227.0782558,259982.619,4203291.452,3569.217285
227.1096298,259982.5987,4203291.428,3569.220703
227.1410038,259982.5783,4203291.404,3569.223389
227.1723779,259982.558,4203291.38,3569.226318
227.2037519,259982.5376,4203291.356,3569.229736
227.235126,259982.5172,4203291.332,3569.231445
227.2665,259982.4969,4203291.309,3569.233398
227.297874,259982.4765,4203291.285,3569.235596
227.3292481,259982.4562,4203291.261,3569.238037
227.3606221,259982.4358,4203291.237,3569.239746
227.3919962,259982.4154,4203291.213,3569.241211
227.4233702,259982.3951,4203291.189,3569.24292
227.4547443,259982.3747,4203291.165,3569.244629
227.4861183,259982.3544,4203291.141,3569.246338
227.5174923,259982.334,4203291.118,3569.248047
227.5488664,259982.3136,4203291.094,3569.250488
227.5802404,259982.2933,4203291.07,3569.253906
227.6116145,259982.2729,4203291.046,3569.25708
227.6429885,259982.2526,4203291.022,3569.260498
227.6743625,259982.2322,4203290.998,3569.264404
227.7057366,259982.2118,4203290.974,3569.269775
227.7371106,259982.1915,4203290.95,3569.274658
227.7684847,259982.1711,4203290.927,3569.285156
227.7998587,259982.1508,4203290.903,3569.296387
227.8312328,259982.1304,4203290.879,3569.309082
227.8626068,259982.11,4203290.855,3569.322754
227.8939808,259982.0897,4203290.831,3569.334229
227.9253549,259982.0693,4203290.807,3569.34668
227.9567289,259982.049,4203290.783,3569.352051
227.988103,259982.0286,4203290.76,3569.36792
228.019477,259982.0082,4203290.736,3569.390137
228.050851,259981.9879,4203290.712,3569.4104
228.0822251,259981.9675,4203290.688,3569.432861
228.1135991,259981.9472,4203290.664,3569.456787
228.1449732,259981.9268,4203290.64,3569.473877
228.1763472,259981.9064,4203290.616,3569.481689
228.2077212,259981.8861,4203290.592,3569.495117
228.2390953,259981.8657,4203290.569,3569.506104
228.2704693,259981.8454,4203290.545,3569.513184
228.3018434,259981.825,4203290.521,3569.516113
228.3332174,259981.8046,4203290.497,3569.517578
228.3645915,259981.7843,4203290.473,3569.518555
228.3959655,259981.7639,4203290.449,3569.520508
228.4273395,259981.7436,4203290.425,3569.52124
228.4587136,259981.7232,4203290.401,3569.521973
228.4900876,259981.7028,4203290.378,3569.522705
228.5214617,259981.6825,4203290.354,3569.523193
228.5528357,259981.6621,4203290.33,3569.523438
228.5842097,259981.6418,4203290.306,3569.525146
228.6155838,259981.6214,4203290.282,3569.523926
228.6469578,259981.601,4203290.258,3569.522217
228.6783319,259981.5807,4203290.234,3569.520996
228.7097059,259981.5603,4203290.211,3569.519775
228.74108,259981.54,4203290.187,3569.518799
228.772454,259981.5196,4203290.163,3569.518311
228.803828,259981.4992,4203290.139,3569.520508
228.8352021,259981.4789,4203290.115,3569.520264
228.8665761,259981.4585,4203290.091,3569.520264
228.8979502,259981.4382,4203290.067,3569.520996
228.9293242,259981.4178,4203290.043,3569.521973
228.9606982,259981.3974,4203290.02,3569.524414
228.9920723,259981.3771,4203289.996,3569.528076
229.0234463,259981.3567,4203289.972,3569.53418
229.0548204,259981.3364,4203289.948,3569.539551
229.0861944,259981.316,4203289.924,3569.54541
229.1175684,259981.2956,4203289.9,3569.551025
229.1489425,259981.2753,4203289.876,3569.554932
229.1803165,259981.2549,4203289.852,3569.558594
229.2116906,259981.2346,4203289.829,3569.561035
229.2430646,259981.2142,4203289.805,3569.563477
229.2744387,259981.1938,4203289.781,3569.564453
229.3058127,259981.1735,4203289.757,3569.56543
229.3371867,259981.1531,4203289.733,3569.566162
229.3685608,259981.1328,4203289.709,3569.566895
229.3999348,259981.1124,4203289.685,3569.567627
229.4313089,259981.092,4203289.661,3569.568604
229.4626829,259981.0717,4203289.638,3569.570313
229.4940569,259981.0513,4203289.614,3569.571533
229.525431,259981.031,4203289.59,3569.572754
229.556805,259981.0106,4203289.566,3569.574219
229.5881791,259980.9902,4203289.542,3569.575684
229.6195531,259980.9699,4203289.518,3569.577393
229.6509271,259980.9495,4203289.494,3569.580322
229.6823012,259980.9292,4203289.471,3569.582764
229.7136752,259980.9088,4203289.447,3569.585449
229.7450493,259980.8884,4203289.423,3569.588623
229.7764233,259980.8681,4203289.399,3569.592773
229.8077974,259980.8477,4203289.375,3569.596924
229.8391714,259980.8274,4203289.351,3569.60083
229.8705454,259980.807,4203289.327,3569.602783
229.9019195,259980.7866,4203289.303,3569.606445
229.9332935,259980.7663,4203289.28,3569.610352
229.9646676,259980.7459,4203289.256,3569.615723
229.9960416,259980.7256,4203289.232,3569.622803
230.0274156,259980.7052,4203289.208,3569.631348
230.0587897,259980.6848,4203289.184,3569.641113
230.0901637,259980.6645,4203289.16,3569.64624
230.1215378,259980.6441,4203289.136,3569.665039
230.1529118,259980.6238,4203289.112,3569.694824
230.1842859,259980.6034,4203289.089,3569.718506
230.2156599,259980.583,4203289.065,3569.735596
230.2470339,259980.5627,4203289.041,3569.769287
230.278408,259980.5423,4203289.017,3569.79541
230.309782,259980.522,4203288.993,3569.80127
230.3411561,259980.5016,4203288.969,3569.81543
230.3725301,259980.4812,4203288.945,3569.827637
230.4039041,259980.4609,4203288.922,3569.848389
230.4352782,259980.4405,4203288.898,3569.876709
230.4666522,259980.4202,4203288.874,3569.906982
230.4980263,259980.3998,4203288.85,3569.928711
230.5294003,259980.3794,4203288.826,3569.933594
230.5607743,259980.3591,4203288.802,3569.943848
230.5921484,259980.3387,4203288.778,3569.954102
230.6235224,259980.3184,4203288.754,3569.962402
230.6548965,259980.298,4203288.731,3569.972168
230.6862705,259980.2776,4203288.707,3569.978027
230.7176446,259980.2573,4203288.683,3569.982422
230.7490186,259980.2369,4203288.659,3570.007568
230.7803926,259980.2166,4203288.635,3570.05249
230.8117667,259980.1962,4203288.611,3570.103271
230.8431407,259980.1758,4203288.587,3570.140625
230.8745148,259980.1555,4203288.563,3570.163818
230.9058888,259980.1351,4203288.54,3570.178955
230.9372628,259980.1148,4203288.516,3570.185059
230.9686369,259980.0944,4203288.492,3570.200928
231.0000109,259980.074,4203288.468,3570.216064
231.031385,259980.0537,4203288.444,3570.229248
231.062759,259980.0333,4203288.42,3570.239014
231.0941331,259980.013,4203288.396,3570.248535
231.1255071,259979.9926,4203288.372,3570.256348
231.1568811,259979.9722,4203288.349,3570.260742
231.1882552,259979.9519,4203288.325,3570.271484
231.2196292,259979.9315,4203288.301,3570.2854
231.2510033,259979.9112,4203288.277,3570.301514
231.2823773,259979.8908,4203288.253,3570.319336
231.3137513,259979.8704,4203288.229,3570.340332
231.3451254,259979.8501,4203288.205,3570.361328
231.3764994,259979.8297,4203288.182,3570.371826
231.4078735,259979.8094,4203288.158,3570.393555
231.4392475,259979.789,4203288.134,3570.417725
231.4706215,259979.7686,4203288.11,3570.437012
231.5019956,259979.7483,4203288.086,3570.449219
231.5333696,259979.7279,4203288.062,3570.458984
231.5647437,259979.7076,4203288.038,3570.467773
231.5961177,259979.6872,4203288.014,3570.472412
231.6274918,259979.6668,4203287.991,3570.479736
231.6588658,259979.6465,4203287.967,3570.487305
231.6902398,259979.6261,4203287.943,3570.497314
231.7216139,259979.6058,4203287.919,3570.510986
231.7529879,259979.5854,4203287.895,3570.523926
231.784362,259979.565,4203287.871,3570.53418
231.815736,259979.5447,4203287.847,3570.554443
231.84711,259979.5243,4203287.823,3570.571289
231.8784841,259979.504,4203287.8,3570.582764
231.9098581,259979.4836,4203287.776,3570.593262
231.9412322,259979.4632,4203287.752,3570.602539
231.9726062,259979.4429,4203287.728,3570.610107
232.0039802,259979.4225,4203287.704,3570.614014
232.0353543,259979.4022,4203287.68,3570.625488
232.0667283,259979.3818,4203287.656,3570.640381
232.0981024,259979.3614,4203287.633,3570.656738
232.1294764,259979.3411,4203287.609,3570.674805
232.1608505,259979.3207,4203287.585,3570.699951
232.1922245,259979.3004,4203287.561,3570.723145
232.2235985,259979.28,4203287.537,3570.731445
232.2549726,259979.2596,4203287.513,3570.746094
232.2863466,259979.2393,4203287.489,3570.758545
232.3177207,259979.2189,4203287.465,3570.765869
232.3490947,259979.1986,4203287.442,3570.769287
232.3804687,259979.1782,4203287.418,3570.772217
232.4118428,259979.1578,4203287.394,3570.775635
232.4432168,259979.1375,4203287.37,3570.7771
232.4745909,259979.1171,4203287.346,3570.781982
232.5059649,259979.0968,4203287.322,3570.786133
232.537339,259979.0764,4203287.298,3570.790771
232.568713,259979.056,4203287.274,3570.796875
232.600087,259979.0357,4203287.251,3570.802734
232.6314611,259979.0153,4203287.227,3570.809326
232.6628351,259978.995,4203287.203,3570.812256
232.6942092,259978.9746,4203287.179,3570.820801
232.7255832,259978.9542,4203287.155,3570.827881
232.7569572,259978.9339,4203287.131,3570.837891
232.7883313,259978.9135,4203287.107,3570.852539
232.8197053,259978.8932,4203287.083,3570.868408
232.8510794,259978.8728,4203287.06,3570.880371
232.8824534,259978.8524,4203287.036,3570.890381
232.9138274,259978.8321,4203287.012,3570.898193
232.9452015,259978.8117,4203286.988,3570.905029
232.9765755,259978.7914,4203286.964,3570.911865
233.0079496,259978.771,4203286.94,3570.918457
233.0393236,259978.7506,4203286.916,3570.923828
233.0706977,259978.7303,4203286.893,3570.928467
233.1020717,259978.7099,4203286.869,3570.936279
233.1334457,259978.6896,4203286.845,3570.945557
233.1648198,259978.6692,4203286.821,3570.954346
233.1961938,259978.6488,4203286.797,3570.964355
233.2275679,259978.6285,4203286.773,3570.976074
233.2589419,259978.6081,4203286.749,3570.982666
233.2927901,259978.5842,4203286.725,3570.985596
233.3266382,259978.5602,4203286.701,3570.990967
233.3604864,259978.5363,4203286.677,3570.997803
233.3943345,259978.5124,4203286.654,3571.005127
233.4281827,259978.4884,4203286.63,3571.012451
233.4620308,259978.4645,4203286.606,3571.021484
233.495879,259978.4406,4203286.582,3571.029785
233.5297271,259978.4166,4203286.558,3571.036377
233.5635753,259978.3927,4203286.534,3571.040527
233.5974235,259978.3688,4203286.51,3571.042969
233.6312716,259978.3448,4203286.486,3571.045166
233.6651198,259978.3209,4203286.462,3571.047363
233.6989679,259978.297,4203286.438,3571.051025
233.7328161,259978.273,4203286.414,3571.057129
233.7666642,259978.2491,4203286.39,3571.064697
233.8005124,259978.2252,4203286.366,3571.075195
233.8343606,259978.2012,4203286.342,3571.089355
233.8682087,259978.1773,4203286.318,3571.11084
233.9020569,259978.1534,4203286.295,3571.128906
233.935905,259978.1294,4203286.271,3571.142578
233.9697532,259978.1055,4203286.247,3571.151855
234.0036013,259978.0816,4203286.223,3571.1604
234.0374495,259978.0576,4203286.199,3571.169922
234.0712976,259978.0337,4203286.175,3571.177002
234.1051458,259978.0098,4203286.151,3571.183105
234.138994,259977.9858,4203286.127,3571.19043
234.1728421,259977.9619,4203286.103,3571.197266
234.2066903,259977.938,4203286.079,3571.204346
234.2405384,259977.914,4203286.055,3571.212891
234.2743866,259977.8901,4203286.031,3571.225098
234.3082347,259977.8661,4203286.007,3571.237549
234.3420829,259977.8422,4203285.983,3571.25
234.375931,259977.8183,4203285.959,3571.263428
234.4097792,259977.7943,4203285.936,3571.277832
234.4436274,259977.7704,4203285.912,3571.289063
234.4774755,259977.7465,4203285.888,3571.298828
234.5113237,259977.7225,4203285.864,3571.306641
234.5451718,259977.6986,4203285.84,3571.314209
234.57902,259977.6747,4203285.816,3571.321045
234.6128681,259977.6507,4203285.792,3571.329346
234.6467163,259977.6268,4203285.768,3571.338379
234.6805644,259977.6029,4203285.744,3571.348145
234.7144126,259977.5789,4203285.72,3571.357666
234.7482608,259977.555,4203285.696,3571.367188
234.7821089,259977.5311,4203285.672,3571.376709
234.8159571,259977.5071,4203285.648,3571.385986
234.8498052,259977.4832,4203285.624,3571.397461
234.8836534,259977.4593,4203285.6,3571.406006
234.9175015,259977.4353,4203285.577,3571.415039
234.9513497,259977.4114,4203285.553,3571.425049
234.9851979,259977.3875,4203285.529,3571.435303
235.019046,259977.3635,4203285.505,3571.44458
235.0528942,259977.3396,4203285.481,3571.451904
235.0867423,259977.3157,4203285.457,3571.455078
235.1205905,259977.2917,4203285.433,3571.458008
235.1544386,259977.2678,4203285.409,3571.459717
235.1882868,259977.2439,4203285.385,3571.4646
235.2221349,259977.2199,4203285.361,3571.471191
235.2559831,259977.196,4203285.337,3571.47998
235.2898313,259977.1721,4203285.313,3571.490479
235.3236794,259977.1481,4203285.289,3571.5
235.3575276,259977.1242,4203285.265,3571.505127
235.3913757,259977.1003,4203285.241,3571.506836
235.4252239,259977.0763,4203285.218,3571.508789
235.459072,259977.0524,4203285.194,3571.510498
235.4929202,259977.0284,4203285.17,3571.512207
235.5267683,259977.0045,4203285.146,3571.514648
235.5606165,259976.9806,4203285.122,3571.516113
235.5944647,259976.9566,4203285.098,3571.516846
235.6283128,259976.9327,4203285.074,3571.517578
235.662161,259976.9088,4203285.05,3571.518066
235.6960091,259976.8848,4203285.026,3571.518311
235.7298573,259976.8609,4203285.002,3571.518066
235.7637054,259976.837,4203284.978,3571.517578
235.7975536,259976.813,4203284.954,3571.517334
235.8314017,259976.7891,4203284.93,3571.516602
235.8652499,259976.7652,4203284.906,3571.515869
235.8990981,259976.7412,4203284.882,3571.515381
235.9329462,259976.7173,4203284.858,3571.514404
235.9667944,259976.6934,4203284.835,3571.512695
236.0006425,259976.6694,4203284.811,3571.509766
236.0344907,259976.6455,4203284.787,3571.505127
236.0683388,259976.6216,4203284.763,3571.499268
236.102187,259976.5976,4203284.739,3571.492432
236.1360352,259976.5737,4203284.715,3571.487305
236.1698833,259976.5498,4203284.691,3571.482178
236.2037315,259976.5258,4203284.667,3571.478271
236.2375796,259976.5019,4203284.643,3571.474121
236.2714278,259976.478,4203284.619,3571.470703
236.3052759,259976.454,4203284.595,3571.467529
236.3391241,259976.4301,4203284.571,3571.46582
236.3729722,259976.4062,4203284.547,3571.4646
236.4068204,259976.3822,4203284.523,3571.463867
236.4406686,259976.3583,4203284.499,3571.463623
236.4745167,259976.3344,4203284.476,3571.463867
236.5083649,259976.3104,4203284.452,3571.465332
236.542213,259976.2865,4203284.428,3571.466064
236.5760612,259976.2626,4203284.404,3571.467285
236.6099093,259976.2386,4203284.38,3571.468994
236.6437575,259976.2147,4203284.356,3571.472168
236.6776056,259976.1908,4203284.332,3571.47583
236.7114538,259976.1668,4203284.308,3571.481445
236.745302,259976.1429,4203284.284,3571.48584
236.7791501,259976.1189,4203284.26,3571.491211
236.8129983,259976.095,4203284.236,3571.496094
236.8468464,259976.0711,4203284.212,3571.500977
236.8806946,259976.0471,4203284.188,3571.505859
236.9145427,259976.0232,4203284.164,3571.510986
236.9483909,259975.9993,4203284.14,3571.515137
236.982239,259975.9753,4203284.117,3571.518555
237.0160872,259975.9514,4203284.093,3571.521484
237.0499354,259975.9275,4203284.069,3571.522949
237.0837835,259975.9035,4203284.045,3571.524658
237.1176317,259975.8796,4203284.021,3571.525879
237.1514798,259975.8557,4203283.997,3571.526611
237.185328,259975.8317,4203283.973,3571.527832
237.2191761,259975.8078,4203283.949,3571.529053
237.2530243,259975.7839,4203283.925,3571.530273
237.2868725,259975.7599,4203283.901,3571.531738
237.3207206,259975.736,4203283.877,3571.533203
237.3545688,259975.7121,4203283.853,3571.534424
237.3884169,259975.6881,4203283.829,3571.536377
237.4222651,259975.6642,4203283.805,3571.539307
237.4561132,259975.6403,4203283.781,3571.543457
237.4899614,259975.6163,4203283.758,3571.549316
237.5238095,259975.5924,4203283.734,3571.557861
237.5576577,259975.5685,4203283.71,3571.568359
237.5915059,259975.5445,4203283.686,3571.577637
237.625354,259975.5206,4203283.662,3571.584717
237.6592022,259975.4967,4203283.638,3571.589844
237.6930503,259975.4727,4203283.614,3571.592041
237.7268985,259975.4488,4203283.59,3571.592773
237.7607466,259975.4249,4203283.566,3571.591797
237.7945948,259975.4009,4203283.542,3571.59082
237.8284429,259975.377,4203283.518,3571.5896
237.8622911,259975.3531,4203283.494,3571.587891
237.8961393,259975.3291,4203283.47,3571.586426
237.9299874,259975.3052,4203283.446,3571.583984
237.9638356,259975.2812,4203283.422,3571.581543
237.9976837,259975.2573,4203283.398,3571.579102
238.0315319,259975.2334,4203283.375,3571.576172
238.06538,259975.2094,4203283.351,3571.568848
238.0992282,259975.1855,4203283.327,3571.556152
238.1330763,259975.1616,4203283.303,3571.539307
238.1669245,259975.1376,4203283.279,3571.520264
238.2007727,259975.1137,4203283.255,3571.497314
238.2346208,259975.0898,4203283.231,3571.477051
238.268469,259975.0658,4203283.207,3571.460693
238.3023171,259975.0419,4203283.183,3571.445801
238.3361653,259975.018,4203283.159,3571.435059
238.3700134,259974.994,4203283.135,3571.427246
238.4038616,259974.9701,4203283.111,3571.422119
238.4377097,259974.9462,4203283.087,3571.419678
238.4715579,259974.9222,4203283.063,3571.418213
238.5054061,259974.8983,4203283.039,3571.41748
238.5392542,259974.8744,4203283.016,3571.416992
238.5731024,259974.8504,4203282.992,3571.416992
238.6069505,259974.8265,4203282.968,3571.41748
238.6407987,259974.8026,4203282.944,3571.417725
238.6746468,259974.7786,4203282.92,3571.418945
238.708495,259974.7547,4203282.896,3571.421387
238.7423432,259974.7308,4203282.872,3571.425049
238.7761913,259974.7068,4203282.848,3571.428955
238.8100395,259974.6829,4203282.824,3571.435059
238.8438876,259974.659,4203282.8,3571.44043
238.8777358,259974.635,4203282.776,3571.446289
238.9115839,259974.6111,4203282.752,3571.450684
238.9454321,259974.5872,4203282.728,3571.454346
238.9792802,259974.5632,4203282.704,3571.457031
239.0131284,259974.5393,4203282.68,3571.460449
239.0469766,259974.5154,4203282.657,3571.466797
239.0808247,259974.4914,4203282.633,3571.473389
239.1146729,259974.4675,4203282.609,3571.479004
239.148521,259974.4435,4203282.585,3571.485352
239.1823692,259974.4196,4203282.561,3571.492432
239.2162173,259974.3957,4203282.537,3571.498291
239.2500655,259974.3717,4203282.513,3571.502441
239.2839136,259974.3478,4203282.489,3571.506592
239.3177618,259974.3239,4203282.465,3571.510498
239.35161,259974.2999,4203282.441,3571.516357
239.3854581,259974.276,4203282.417,3571.525146
239.4193063,259974.2521,4203282.393,3571.534912
239.4531544,259974.2281,4203282.369,3571.544678
239.4870026,259974.2042,4203282.345,3571.551514
239.5208507,259974.1803,4203282.321,3571.555908
239.5546989,259974.1563,4203282.298,3571.561279
239.588547,259974.1324,4203282.274,3571.564941
239.6223952,259974.1085,4203282.25,3571.567627
239.6562434,259974.0845,4203282.226,3571.570068
239.6900915,259974.0606,4203282.202,3571.571777
239.7239397,259974.0367,4203282.178,3571.57373
239.7577878,259974.0127,4203282.154,3571.57666
239.791636,259973.9888,4203282.13,3571.579346
239.8254841,259973.9649,4203282.106,3571.582764
239.8593323,259973.9409,4203282.082,3571.587158
239.8931805,259973.917,4203282.058,3571.591553
239.9270286,259973.8931,4203282.034,3571.597412
239.9608768,259973.8691,4203282.01,3571.602539
239.9947249,259973.8452,4203281.986,3571.607178
240.0285731,259973.8213,4203281.962,3571.611572
240.0624212,259973.7973,4203281.939,3571.616455
240.0962694,259973.7734,4203281.915,3571.62085
240.1301175,259973.7495,4203281.891,3571.625732
240.1639657,259973.7255,4203281.867,3571.630371
240.1978139,259973.7016,4203281.843,3571.634521
240.231662,259973.6777,4203281.819,3571.638916
240.2655102,259973.6537,4203281.795,3571.643799
240.2993583,259973.6298,4203281.771,3571.64917
240.3332065,259973.6059,4203281.747,3571.653809
240.3670546,259973.5819,4203281.723,3571.658691
240.4009028,259973.558,4203281.699,3571.664795
240.4347509,259973.534,4203281.675,3571.674072
240.4685991,259973.5101,4203281.651,3571.687744
240.5024473,259973.4862,4203281.627,3571.712402
240.5362954,259973.4622,4203281.603,3571.744141
240.5701436,259973.4383,4203281.579,3571.770996
240.6039917,259973.4144,4203281.556,3571.795166
240.6378399,259973.3904,4203281.532,3571.814209
240.671688,259973.3665,4203281.508,3571.829834
240.7055362,259973.3426,4203281.484,3571.842773
240.7359383,259973.3238,4203281.46,3571.855713
240.7663403,259973.305,4203281.436,3571.873291
240.7967424,259973.2862,4203281.412,3571.893066
240.8271445,259973.2674,4203281.388,3571.90625
240.8575465,259973.2485,4203281.364,3571.924316
240.8879486,259973.2297,4203281.34,3571.943604
240.9183507,259973.2109,4203281.317,3571.962158
240.9487527,259973.1921,4203281.293,3571.972656
240.9791548,259973.1733,4203281.269,3571.984619
241.0095569,259973.1545,4203281.245,3571.996826
241.0399589,259973.1357,4203281.221,3572.010254
241.070361,259973.1169,4203281.197,3572.027832
241.1007631,259973.0981,4203281.173,3572.049805
241.1311651,259973.0793,4203281.149,3572.076904
241.1615672,259973.0605,4203281.125,3572.10376
241.1919693,259973.0417,4203281.102,3572.129639
241.2223713,259973.0229,4203281.078,3572.149902
241.2527734,259973.0041,4203281.054,3572.163574
241.2831755,259972.9853,4203281.03,3572.170898
241.3135775,259972.9665,4203281.006,3572.174561
241.3439796,259972.9477,4203280.982,3572.177002
241.3743817,259972.9289,4203280.958,3572.178711
241.4047837,259972.91,4203280.934,3572.183594
241.4351858,259972.8912,4203280.91,3572.192139
241.4655879,259972.8724,4203280.887,3572.20459
241.4959899,259972.8536,4203280.863,3572.219971
241.526392,259972.8348,4203280.839,3572.233887
241.5567941,259972.816,4203280.815,3572.24707
241.5871961,259972.7972,4203280.791,3572.258301
241.6175982,259972.7784,4203280.767,3572.268311
241.6480003,259972.7596,4203280.743,3572.27832
241.6784023,259972.7408,4203280.719,3572.286621
241.7088044,259972.722,4203280.695,3572.299316
241.7392065,259972.7032,4203280.672,3572.311035
241.7696085,259972.6844,4203280.648,3572.321533
241.8000106,259972.6656,4203280.624,3572.330566
241.8304127,259972.6468,4203280.6,3572.34082
241.8608147,259972.628,4203280.576,3572.353271
241.8912168,259972.6092,4203280.552,3572.367188
241.9216189,259972.5904,4203280.528,3572.381592
241.9520209,259972.5715,4203280.504,3572.396484
241.982423,259972.5527,4203280.48,3572.413086
242.0128251,259972.5339,4203280.457,3572.428711
242.0432271,259972.5151,4203280.433,3572.438721
242.0736292,259972.4963,4203280.409,3572.448975
242.1040313,259972.4775,4203280.385,3572.461914
242.1344333,259972.4587,4203280.361,3572.480713
242.1648354,259972.4399,4203280.337,3572.494873
242.1952375,259972.4211,4203280.313,3572.504395
242.2256395,259972.4023,4203280.289,3572.513184
242.2560416,259972.3835,4203280.265,3572.519287
242.2864437,259972.3647,4203280.242,3572.529297
242.3168457,259972.3459,4203280.218,3572.540283
242.3472478,259972.3271,4203280.194,3572.553955
242.3776499,259972.3083,4203280.17,3572.566406
242.4080519,259972.2895,4203280.146,3572.59082
242.438454,259972.2707,4203280.122,3572.618896
242.4688561,259972.2519,4203280.098,3572.650635
242.4992581,259972.233,4203280.074,3572.689941
242.5296602,259972.2142,4203280.05,3572.707275
242.5600623,259972.1954,4203280.027,3572.729736
242.5904643,259972.1766,4203280.003,3572.760986
242.6208664,259972.1578,4203279.979,3572.791016
242.6512685,259972.139,4203279.955,3572.822998
242.6816705,259972.1202,4203279.931,3572.838135
242.7120726,259972.1014,4203279.907,3572.86377
242.7424747,259972.0826,4203279.883,3572.891846
242.7728767,259972.0638,4203279.859,3572.92334
242.8032788,259972.045,4203279.835,3572.949951
242.8336809,259972.0262,4203279.812,3572.963867
242.8640829,259972.0074,4203279.788,3572.990967
242.894485,259971.9886,4203279.764,3573.026855
242.9248871,259971.9698,4203279.74,3573.071533
242.9552891,259971.951,4203279.716,3573.099365
242.9856912,259971.9322,4203279.692,3573.135254
243.0160933,259971.9134,4203279.668,3573.166016
243.0464953,259971.8946,4203279.644,3573.191895
243.0768974,259971.8757,4203279.62,3573.210205
243.1072995,259971.8569,4203279.597,3573.220703
243.1377015,259971.8381,4203279.573,3573.238525
243.1681036,259971.8193,4203279.549,3573.258789
243.1985057,259971.8005,4203279.525,3573.282227
243.2289077,259971.7817,4203279.501,3573.307617
243.2593098,259971.7629,4203279.477,3573.326172
243.2897119,259971.7441,4203279.453,3573.357666
243.3201139,259971.7253,4203279.429,3573.387207
243.350516,259971.7065,4203279.405,3573.40918
243.3809181,259971.6877,4203279.382,3573.420898
243.4113201,259971.6689,4203279.358,3573.440186
243.4417222,259971.6501,4203279.334,3573.465332
243.4721243,259971.6313,4203279.31,3573.490479
243.5025263,259971.6125,4203279.286,3573.51709
243.5329284,259971.5937,4203279.262,3573.533691
243.5633305,259971.5749,4203279.238,3573.558838
243.5937325,259971.5561,4203279.214,3573.576904
243.6241346,259971.5372,4203279.191,3573.593994
243.6545367,259971.5184,4203279.167,3573.61499
243.6849387,259971.4996,4203279.143,3573.630615
243.7153408,259971.4808,4203279.119,3573.647461
243.7457429,259971.462,4203279.095,3573.66333
243.7761449,259971.4432,4203279.071,3573.677979
243.806547,259971.4244,4203279.047,3573.690186
243.8369491,259971.4056,4203279.023,3573.698486
243.8673511,259971.3868,4203278.999,3573.709961
243.8977532,259971.368,4203278.976,3573.72168
243.9281553,259971.3492,4203278.952,3573.739014
243.9585573,259971.3304,4203278.928,3573.750244
243.9889594,259971.3116,4203278.904,3573.767334
244.0193615,259971.2928,4203278.88,3573.789063
244.0497635,259971.274,4203278.856,3573.81543
244.0801656,259971.2552,4203278.832,3573.84082
244.1105677,259971.2364,4203278.808,3573.853271
244.1409697,259971.2176,4203278.784,3573.868896
244.1713718,259971.1987,4203278.761,3573.87793
244.2017739,259971.1799,4203278.737,3573.884766
244.2321759,259971.1611,4203278.713,3573.899414
244.262578,259971.1423,4203278.689,3573.9104
244.2929801,259971.1235,4203278.665,3573.933105
244.3233821,259971.1047,4203278.641,3573.953857
244.3537842,259971.0859,4203278.617,3573.970459
244.3841863,259971.0671,4203278.593,3573.979004
244.4145883,259971.0483,4203278.569,3573.995117
244.4449904,259971.0295,4203278.546,3574.010498
244.4753925,259971.0107,4203278.522,3574.020508
244.5057945,259970.9919,4203278.498,3574.024658
244.5361966,259970.9731,4203278.474,3574.027588
244.5665987,259970.9543,4203278.45,3574.034912
244.5970007,259970.9355,4203278.426,3574.045898
244.6274028,259970.9167,4203278.402,3574.058594
244.6578049,259970.8979,4203278.378,3574.067871
244.6882069,259970.8791,4203278.354,3574.073486
244.718609,259970.8602,4203278.331,3574.081787
244.7490111,259970.8414,4203278.307,3574.091553
244.7794131,259970.8226,4203278.283,3574.106689
244.8098152,259970.8038,4203278.259,3574.118164
244.8402173,259970.785,4203278.235,3574.123047
244.8706193,259970.7662,4203278.211,3574.134277
244.9010214,259970.7474,4203278.187,3574.148438
244.9314235,259970.7286,4203278.163,3574.166016
244.9618255,259970.7098,4203278.139,3574.17334
244.9922276,259970.691,4203278.116,3574.183838
245.0226297,259970.6722,4203278.092,3574.192139
245.0530317,259970.6534,4203278.068,3574.19873
245.0834338,259970.6346,4203278.044,3574.20752
245.1138359,259970.6158,4203278.02,3574.213135
245.1442379,259970.597,4203277.996,3574.221436
245.17464,259970.5782,4203277.972,3574.231201
245.2050421,259970.5594,4203277.948,3574.245361
245.2354441,259970.5406,4203277.924,3574.254395
245.2658462,259970.5218,4203277.901,3574.258789
245.2962483,259970.5029,4203277.877,3574.268066
245.3266503,259970.4841,4203277.853,3574.280273
245.3570524,259970.4653,4203277.829,3574.291748
245.3874545,259970.4465,4203277.805,3574.295166
245.4178565,259970.4277,4203277.781,3574.302246
245.4482586,259970.4089,4203277.757,3574.311279
245.4786607,259970.3901,4203277.733,3574.320557
245.5090627,259970.3713,4203277.709,3574.33374
245.5394648,259970.3525,4203277.686,3574.344482
245.5698669,259970.3337,4203277.662,3574.360107
245.6002689,259970.3149,4203277.638,3574.371338
245.630671,259970.2961,4203277.614,3574.378174
245.6610731,259970.2773,4203277.59,3574.384033
245.6914751,259970.2585,4203277.566,3574.388428
245.7218772,259970.2397,4203277.542,3574.393799
245.7522793,259970.2209,4203277.518,3574.398682
245.7826813,259970.2021,4203277.494,3574.4021
245.8130834,259970.1833,4203277.471,3574.406006
245.8434855,259970.1644,4203277.447,3574.409912
245.8738875,259970.1456,4203277.423,3574.418457
245.9042896,259970.1268,4203277.399,3574.432129
245.9346917,259970.108,4203277.375,3574.452637
245.9650937,259970.0892,4203277.351,3574.470459
245.9954958,259970.0704,4203277.327,3574.489258
246.0258979,259970.0516,4203277.303,3574.49707
246.0562999,259970.0328,4203277.279,3574.503906
246.086702,259970.014,4203277.256,3574.510742
246.1171041,259969.9952,4203277.232,3574.516846
246.1475061,259969.9764,4203277.208,3574.52417
246.1779082,259969.9576,4203277.184,3574.53125
246.2083103,259969.9388,4203277.16,3574.540039
246.2387123,259969.92,4203277.136,3574.553467
246.2691144,259969.9012,4203277.112,3574.562744
246.2995165,259969.8824,4203277.088,3574.575195
246.3299185,259969.8636,4203277.064,3574.58667
246.3603206,259969.8448,4203277.041,3574.595703
246.3907227,259969.8259,4203277.017,3574.602539
246.4211247,259969.8071,4203276.993,3574.608887
246.4515268,259969.7883,4203276.969,3574.615723
246.4819289,259969.7695,4203276.945,3574.62085
246.5123309,259969.7507,4203276.921,3574.625488
246.542733,259969.7319,4203276.897,3574.629639
246.5731351,259969.7131,4203276.873,3574.633545
246.6035371,259969.6943,4203276.849,3574.638672
246.6339392,259969.6755,4203276.826,3574.643555
246.6643413,259969.6567,4203276.802,3574.648193
246.6947433,259969.6379,4203276.778,3574.654053
246.7251454,259969.6191,4203276.754,3574.665039
246.7555475,259969.6003,4203276.73,3574.683105
246.7859495,259969.5815,4203276.706,3574.701416
246.8163516,259969.5627,4203276.682,3574.719482
246.8467537,259969.5439,4203276.658,3574.730713
246.8771557,259969.5251,4203276.634,3574.739746
246.9075578,259969.5063,4203276.611,3574.74707
246.9379599,259969.4874,4203276.587,3574.75293
246.9683619,259969.4686,4203276.563,3574.75708
246.998764,259969.4498,4203276.539,3574.762695
247.0291661,259969.431,4203276.515,3574.765869
247.0595681,259969.4122,4203276.491,3574.768799
247.0899702,259969.3934,4203276.467,3574.773193
247.1203723,259969.3746,4203276.443,3574.7771
247.1507743,259969.3558,4203276.419,3574.784424
247.1811764,259969.337,4203276.396,3574.79541
247.2115785,259969.3182,4203276.372,3574.809326
247.2419805,259969.2994,4203276.348,3574.824951
247.2723826,259969.2806,4203276.324,3574.836914
247.3027847,259969.2618,4203276.3,3574.850586
247.3331867,259969.243,4203276.276,3574.857422
247.3635888,259969.2242,4203276.252,3574.862549
247.3939909,259969.2054,4203276.228,3574.868164
247.4243929,259969.1866,4203276.204,3574.876953
247.454795,259969.1678,4203276.181,3574.886963
247.4851971,259969.1489,4203276.157,3574.899658
247.5155991,259969.1301,4203276.133,3574.916016
247.5460012,259969.1113,4203276.109,3574.929932
247.5764033,259969.0925,4203276.085,3574.942627
247.6068053,259969.0737,4203276.061,3574.948975
247.6372074,259969.0549,4203276.037,3574.953125
247.6676095,259969.0361,4203276.013,3574.957031
247.6980115,259969.0173,4203275.99,3574.962646
247.7284136,259968.9985,4203275.966,3574.968994
247.7588157,259968.9797,4203275.942,3574.97583
247.7892177,259968.9609,4203275.918,3574.983887
247.8196198,259968.9421,4203275.894,3574.991455
247.8500219,259968.9233,4203275.87,3574.999756
247.8804239,259968.9045,4203275.846,3575.008789
247.910826,259968.8857,4203275.822,3575.015625
247.9412281,259968.8669,4203275.798,3575.019775
247.9716301,259968.8481,4203275.775,3575.021729
248.0020322,259968.8293,4203275.751,3575.023438
248.0324343,259968.8105,4203275.727,3575.025391
248.0628363,259968.7916,4203275.703,3575.027832
248.0932384,259968.7728,4203275.679,3575.03125
248.1236405,259968.754,4203275.655,3575.035889
248.1540425,259968.7352,4203275.631,3575.041992
248.1844446,259968.7164,4203275.607,3575.04834
248.2148467,259968.6976,4203275.583,3575.05249
248.2452487,259968.6788,4203275.56,3575.055176
248.2756508,259968.66,4203275.536,3575.058594
248.3060529,259968.6412,4203275.512,3575.063477
248.3364549,259968.6224,4203275.488,3575.070557
248.366857,259968.6036,4203275.464,3575.082275
248.3972591,259968.5848,4203275.44,3575.095703
248.4276611,259968.566,4203275.416,3575.112061
248.4580632,259968.5472,4203275.392,3575.128418
248.4884653,259968.5284,4203275.368,3575.136963
248.5188673,259968.5096,4203275.345,3575.14209
248.5492694,259968.4908,4203275.321,3575.145264
248.5796715,259968.472,4203275.297,3575.150879
248.6100735,259968.4531,4203275.273,3575.157471
248.6404756,259968.4343,4203275.249,3575.161377
248.6708777,259968.4155,4203275.225,3575.165039
248.7012797,259968.3967,4203275.201,3575.167725
248.7316818,259968.3779,4203275.177,3575.171143
248.7620839,259968.3591,4203275.153,3575.174072
248.7924859,259968.3403,4203275.13,3575.17749
248.822888,259968.3215,4203275.106,3575.181641
248.8532901,259968.3027,4203275.082,3575.185303
248.8836921,259968.2839,4203275.058,3575.191162
248.9140942,259968.2651,4203275.034,3575.198975
248.9444963,259968.2463,4203275.01,3575.208252
248.9748983,259968.2275,4203274.986,3575.217285
249.0053004,259968.2087,4203274.962,3575.229492
249.0357025,259968.1899,4203274.938,3575.243408
249.0661045,259968.1711,4203274.915,3575.257813
249.0965066,259968.1523,4203274.891,3575.269287
249.1269087,259968.1335,4203274.867,3575.275879
249.1573107,259968.1146,4203274.843,3575.281982
249.1877128,259968.0958,4203274.819,3575.285889
249.2181149,259968.077,4203274.795,3575.288818
249.2485169,259968.0582,4203274.771,3575.291504
249.278919,259968.0394,4203274.747,3575.293457
249.3093211,259968.0206,4203274.723,3575.294922
249.3397231,259968.0018,4203274.7,3575.296631
249.3701252,259967.983,4203274.676,3575.297852
249.4005273,259967.9642,4203274.652,3575.299072
249.4309293,259967.9454,4203274.628,3575.299805
249.4613314,259967.9266,4203274.604,3575.300781
249.4917335,259967.9078,4203274.58,3575.301514
249.5221355,259967.889,4203274.556,3575.302246
249.5525376,259967.8702,4203274.532,3575.304199
249.5829397,259967.8514,4203274.508,3575.305908
249.6133417,259967.8326,4203274.485,3575.307861
249.6437438,259967.8138,4203274.461,3575.30957
249.6741459,259967.795,4203274.437,3575.312012
249.7045479,259967.7761,4203274.413,3575.315918
249.73495,259967.7573,4203274.389,3575.321045
249.7653521,259967.7385,4203274.365,3575.327148
249.7957541,259967.7197,4203274.341,3575.330566
249.8261562,259967.7009,4203274.317,3575.333496
249.8565583,259967.6821,4203274.293,3575.340576
249.8869603,259967.6633,4203274.27,3575.347656
249.9173624,259967.6445,4203274.246,3575.356201
249.9477645,259967.6257,4203274.222,3575.365723
249.9781665,259967.6069,4203274.198,3575.381348
250.0085686,259967.5881,4203274.174,3575.38916
250.0389707,259967.5693,4203274.15,3575.395508
250.0693727,259967.5505,4203274.126,3575.400635
250.0997748,259967.5317,4203274.102,3575.405029
250.1301769,259967.5129,4203274.078,3575.412109
250.1605789,259967.4941,4203274.055,3575.414307
250.190981,259967.4753,4203274.031,3575.415771
250.2213831,259967.4565,4203274.007,3575.41748
250.2517851,259967.4376,4203273.983,3575.419922
250.2821872,259967.4188,4203273.959,3575.424561
250.3125893,259967.4,4203273.935,3575.429443
250.3429913,259967.3812,4203273.911,3575.435303
250.3733934,259967.3624,4203273.887,3575.441895
250.4037955,259967.3436,4203273.863,3575.448975
250.4341975,259967.3248,4203273.84,3575.45459
250.4645996,259967.306,4203273.816,3575.462158
250.4950017,259967.2872,4203273.792,3575.468994
250.5254037,259967.2684,4203273.768,3575.47998
250.5558058,259967.2496,4203273.744,3575.491699
250.5862079,259967.2308,4203273.72,3575.505371
250.6166099,259967.212,4203273.696,3575.519043
250.647012,259967.1932,4203273.672,3575.52832
250.6774141,259967.1744,4203273.648,3575.535156
250.7078161,259967.1556,4203273.625,3575.539307
250.7382182,259967.1368,4203273.601,3575.54248
250.7686203,259967.118,4203273.577,3575.54541
250.7990223,259967.0992,4203273.553,3575.549072
250.8294244,259967.0803,4203273.529,3575.554688
250.8598265,259967.0615,4203273.505,3575.560303
250.8902285,259967.0427,4203273.481,3575.570557
250.9206306,259967.0239,4203273.457,3575.576172
250.9510327,259967.0051,4203273.433,3575.57959
250.9814347,259966.9863,4203273.41,3575.582275
251.0118368,259966.9675,4203273.386,3575.584961
251.0422389,259966.9487,4203273.362,3575.586914
251.0726409,259966.9299,4203273.338,3575.588379
251.103043,259966.9111,4203273.314,3575.589355
251.1334451,259966.8923,4203273.29,3575.590332
251.1638471,259966.8735,4203273.266,3575.591309
251.1942492,259966.8547,4203273.242,3575.592529
251.2246513,259966.8359,4203273.218,3575.594238
251.2550533,259966.8171,4203273.195,3575.596924
251.2854554,259966.7983,4203273.171,3575.602539
251.3158575,259966.7795,4203273.147,3575.607666
251.3462595,259966.7607,4203273.123,3575.613281
251.3766616,259966.7418,4203273.099,3575.619629
251.4070637,259966.723,4203273.075,3575.626953
251.4374658,259966.7042,4203273.051,3575.632813
251.4678678,259966.6854,4203273.027,3575.638672
251.4982699,259966.6666,4203273.003,3575.645508
251.528672,259966.6478,4203272.98,3575.651611
251.559074,259966.629,4203272.956,3575.656006
251.5894761,259966.6102,4203272.932,3575.661377
251.6198782,259966.5914,4203272.908,3575.667725
251.6502802,259966.5726,4203272.884,3575.675537
251.6806823,259966.5538,4203272.86,3575.685547
251.7110844,259966.535,4203272.836,3575.695068
251.7414864,259966.5162,4203272.812,3575.709229
251.7718885,259966.4974,4203272.789,3575.727539
251.8022906,259966.4786,4203272.765,3575.74585
251.8326926,259966.4598,4203272.741,3575.759521
251.8630947,259966.441,4203272.717,3575.766602
251.8934968,259966.4222,4203272.693,3575.775146
251.9238988,259966.4033,4203272.669,3575.784424
251.9543009,259966.3845,4203272.645,3575.793701
251.984703,259966.3657,4203272.621,3575.804199
252.015105,259966.3469,4203272.597,3575.819824
252.0455071,259966.3281,4203272.574,3575.84082
252.0759092,259966.3093,4203272.55,3575.862305
252.1063112,259966.2905,4203272.526,3575.883057
252.1367133,259966.2717,4203272.502,3575.898438
252.1671154,259966.2529,4203272.478,3575.916504
252.1975174,259966.2341,4203272.454,3575.930908
252.2279195,259966.2153,4203272.43,3575.944824
252.2583216,259966.1965,4203272.406,3575.956543
252.2887236,259966.1777,4203272.382,3575.962891
252.3191257,259966.1589,4203272.359,3575.96875
252.3495278,259966.1401,4203272.335,3575.973877
252.3799298,259966.1213,4203272.311,3575.980957
252.4103319,259966.1025,4203272.287,3575.987793
252.440734,259966.0837,4203272.263,3575.999756
252.471136,259966.0648,4203272.239,3576.011475
252.5015381,259966.046,4203272.215,3576.022461
252.5319402,259966.0272,4203272.191,3576.031006
252.5623422,259966.0084,4203272.167,3576.038574
252.5927443,259965.9896,4203272.144,3576.047607
252.6231464,259965.9708,4203272.12,3576.055664
252.6535484,259965.952,4203272.096,3576.061523
252.6839505,259965.9332,4203272.072,3576.065186
252.7143526,259965.9144,4203272.048,3576.067139
252.7447546,259965.8956,4203272.024,3576.070313
252.7751567,259965.8768,4203272,3576.076172
252.8055588,259965.858,4203271.976,3576.082764
252.8359608,259965.8392,4203271.952,3576.087402
252.8663629,259965.8204,4203271.929,3576.093994
252.896765,259965.8016,4203271.905,3576.098389
252.927167,259965.7828,4203271.881,3576.101318
252.9575691,259965.764,4203271.857,3576.103516
252.9879712,259965.7452,4203271.833,3576.10498
253.0183732,259965.7264,4203271.809,3576.108154
253.0487753,259965.7075,4203271.785,3576.111328
253.0791774,259965.6887,4203271.761,3576.11499
253.1095794,259965.6699,4203271.737,3576.118164
253.1399815,259965.6511,4203271.714,3576.120361
253.1703836,259965.6323,4203271.69,3576.124268
253.2007856,259965.6135,4203271.666,3576.129883
253.2311877,259965.5947,4203271.642,3576.136475
253.2615898,259965.5759,4203271.618,3576.141846
253.2919918,259965.5571,4203271.594,3576.14502
253.3223939,259965.5383,4203271.57,3576.151367
253.352796,259965.5195,4203271.546,3576.158691
253.383198,259965.5007,4203271.522,3576.164795
253.4136001,259965.4819,4203271.499,3576.169434
253.4440022,259965.4631,4203271.475,3576.172119
253.4744042,259965.4443,4203271.451,3576.173096
253.5048063,259965.4255,4203271.427,3576.173584
253.5352084,259965.4067,4203271.403,3576.174072
253.5656104,259965.3879,4203271.379,3576.174561
253.5960125,259965.369,4203271.355,3576.175293
253.6264146,259965.3502,4203271.331,3576.176025
253.6568166,259965.3314,4203271.307,3576.177002
253.6872187,259965.3126,4203271.284,3576.178467
253.7176208,259965.2938,4203271.26,3576.181885
253.7480228,259965.275,4203271.236,3576.183594
253.7784249,259965.2562,4203271.212,3576.185547
253.808827,259965.2374,4203271.188,3576.187744
253.839229,259965.2186,4203271.164,3576.193359
253.8696311,259965.1998,4203271.14,3576.195557
253.9000332,259965.181,4203271.116,3576.19751
253.9304352,259965.1622,4203271.092,3576.199951
253.9608373,259965.1434,4203271.069,3576.202637
253.9912394,259965.1246,4203271.045,3576.209961
254.0216414,259965.1058,4203271.021,3576.213623
254.0520435,259965.087,4203270.997,3576.217529
254.0824456,259965.0682,4203270.973,3576.22168
254.1128476,259965.0494,4203270.949,3576.227539
254.1432497,259965.0305,4203270.925,3576.238525
254.1736518,259965.0117,4203270.901,3576.243164
254.2040538,259964.9929,4203270.877,3576.248535
254.2344559,259964.9741,4203270.854,3576.254395
254.264858,259964.9553,4203270.83,3576.261963
254.29526,259964.9365,4203270.806,3576.274658
254.3256621,259964.9177,4203270.782,3576.283203
254.3560642,259964.8989,4203270.758,3576.29248
254.3864662,259964.8801,4203270.734,3576.300781
254.4168683,259964.8613,4203270.71,3576.309814
254.4472704,259964.8425,4203270.686,3576.317139
254.4776724,259964.8237,4203270.662,3576.326416
254.5080745,259964.8049,4203270.639,3576.335449
254.5384766,259964.7861,4203270.615,3576.344971
254.5688786,259964.7673,4203270.591,3576.353516
254.5992807,259964.7485,4203270.567,3576.360596
254.6296828,259964.7297,4203270.543,3576.366699
254.6600848,259964.7109,4203270.519,3576.373047
254.6904869,259964.692,4203270.495,3576.37915
254.720889,259964.6732,4203270.471,3576.387451
254.751291,259964.6544,4203270.447,3576.395996
254.7816931,259964.6356,4203270.424,3576.406494
254.8120952,259964.6168,4203270.4,3576.416992
254.8424972,259964.598,4203270.376,3576.426758
254.8728993,259964.5792,4203270.352,3576.432373
254.9033014,259964.5604,4203270.328,3576.435791
254.9337034,259964.5416,4203270.304,3576.438721
254.9641055,259964.5228,4203270.28,3576.439697
254.9945076,259964.504,4203270.256,3576.44458
255.0249096,259964.4852,4203270.232,3576.444824
255.0553117,259964.4664,4203270.209,3576.44458
255.0857138,259964.4476,4203270.185,3576.444336
255.1161158,259964.4288,4203270.161,3576.443359
255.1465179,259964.41,4203270.137,3576.446777
255.17692,259964.3912,4203270.113,3576.445801
255.207322,259964.3724,4203270.089,3576.444336
255.2377241,259964.3535,4203270.065,3576.442871
255.2681262,259964.3347,4203270.041,3576.441162
255.2985282,259964.3159,4203270.017,3576.443359
255.3289303,259964.2971,4203269.994,3576.441162
255.3593324,259964.2783,4203269.97,3576.439209
255.3897344,259964.2595,4203269.946,3576.437012
255.4201365,259964.2407,4203269.922,3576.439697
255.4505386,259964.2219,4203269.898,3576.438232
255.4809406,259964.2031,4203269.874,3576.437256
255.5113427,259964.1843,4203269.85,3576.437012
255.5417448,259964.1655,4203269.826,3576.437256
255.5721468,259964.1467,4203269.802,3576.442139
255.6025489,259964.1279,4203269.779,3576.443848
255.632951,259964.1091,4203269.755,3576.446289
255.663353,259964.0903,4203269.731,3576.449219
255.6937551,259964.0715,4203269.707,3576.453369
255.7241572,259964.0527,4203269.683,3576.460449
255.7545592,259964.0339,4203269.659,3576.466797
255.7849613,259964.0151,4203269.635,3576.474854
255.8153634,259963.9962,4203269.611,3576.484375
255.8457654,259963.9774,4203269.588,3576.500732
255.8761675,259963.9586,4203269.564,3576.515381
255.9065696,259963.9398,4203269.54,3576.529785
255.9369716,259963.921,4203269.516,3576.54126
255.9673737,259963.9022,4203269.492,3576.550049
255.9977758,259963.8834,4203269.468,3576.564209
256.0281778,259963.8646,4203269.444,3576.568359
256.0585799,259963.8458,4203269.42,3576.571533
256.088982,259963.827,4203269.396,3576.572998
256.119384,259963.8082,4203269.373,3576.574463
256.1497861,259963.7894,4203269.349,3576.582275
256.1801882,259963.7706,4203269.325,3576.580078
256.2105902,259963.7518,4203269.301,3576.579346
256.2409923,259963.733,4203269.277,3576.579102
256.2713944,259963.7142,4203269.253,3576.579102
256.3017964,259963.6954,4203269.229,3576.584717
256.3321985,259963.6766,4203269.205,3576.584961
256.3626006,259963.6577,4203269.181,3576.585693
256.3930026,259963.6389,4203269.158,3576.587646
256.4234047,259963.6201,4203269.134,3576.593262
256.4538068,259963.6013,4203269.11,3576.594727
256.4814457,259963.5874,4203269.086,3576.596191
256.5090847,259963.5735,4203269.062,3576.601318
256.5367237,259963.5596,4203269.038,3576.602783
256.5643627,259963.5456,4203269.014,3576.604004
256.5920017,259963.5317,4203268.99,3576.606934
256.6196407,259963.5178,4203268.967,3576.60791
256.6472797,259963.5038,4203268.943,3576.611816
256.6749186,259963.4899,4203268.919,3576.61377
256.7025576,259963.476,4203268.895,3576.615967
256.7301966,259963.4621,4203268.871,3576.622314
256.7578356,259963.4481,4203268.847,3576.62793
256.7854746,259963.4342,4203268.823,3576.640625
256.8131136,259963.4203,4203268.799,3576.647949
256.8407526,259963.4064,4203268.776,3576.662598
256.8683915,259963.3924,4203268.752,3576.671387
256.8960305,259963.3785,4203268.728,3576.679199
256.9236695,259963.3646,4203268.704,3576.690674
256.9513085,259963.3507,4203268.68,3576.69751
256.9789475,259963.3367,4203268.656,3576.706299
257.0065865,259963.3228,4203268.632,3576.710449
257.0342255,259963.3089,4203268.608,3576.714355
257.0618644,259963.2949,4203268.585,3576.719238
257.0895034,259963.281,4203268.561,3576.723145
257.1171424,259963.2671,4203268.537,3576.727295
257.1447814,259963.2532,4203268.513,3576.730225
257.1724204,259963.2392,4203268.489,3576.733398
257.2000594,259963.2253,4203268.465,3576.736328
257.2276984,259963.2114,4203268.441,3576.741455
257.2553373,259963.1975,4203268.417,3576.748535
257.2829763,259963.1835,4203268.394,3576.756348
257.3106153,259963.1696,4203268.37,3576.767822
257.3382543,259963.1557,4203268.346,3576.785889
257.3658933,259963.1418,4203268.322,3576.809814
257.3935323,259963.1278,4203268.298,3576.833252
257.4211713,259963.1139,4203268.274,3576.852051
257.4488102,259963.1,4203268.25,3576.869141
257.4764492,259963.086,4203268.226,3576.880371
257.5040882,259963.0721,4203268.203,3576.890137
257.5317272,259963.0582,4203268.179,3576.895264
257.5593662,259963.0443,4203268.155,3576.899658
257.5870052,259963.0303,4203268.131,3576.904541
257.6146442,259963.0164,4203268.107,3576.90918
257.6422831,259963.0025,4203268.083,3576.914795
257.6699221,259962.9886,4203268.059,3576.92041
257.6975611,259962.9746,4203268.035,3576.929199
257.7252001,259962.9607,4203268.012,3576.94043
257.7528391,259962.9468,4203267.988,3576.953125
257.7804781,259962.9329,4203267.964,3576.973633
257.8081171,259962.9189,4203267.94,3576.993408
257.835756,259962.905,4203267.916,3577.010498
257.863395,259962.8911,4203267.892,3577.02417
257.891034,259962.8772,4203267.868,3577.033936
257.918673,259962.8632,4203267.844,3577.04541
257.946312,259962.8493,4203267.821,3577.052246
257.973951,259962.8354,4203267.797,3577.057617
258.00159,259962.8214,4203267.773,3577.0625
258.0292289,259962.8075,4203267.749,3577.06665
258.0568679,259962.7936,4203267.725,3577.072021
258.0845069,259962.7797,4203267.701,3577.078125
258.1121459,259962.7657,4203267.677,3577.084473
258.1397849,259962.7518,4203267.653,3577.092285
258.1674239,259962.7379,4203267.63,3577.103027
258.1950629,259962.724,4203267.606,3577.117432
258.2227018,259962.71,4203267.582,3577.135986
258.2503408,259962.6961,4203267.558,3577.1521
258.2779798,259962.6822,4203267.534,3577.171387
258.3056188,259962.6683,4203267.51,3577.183838
258.3332578,259962.6543,4203267.486,3577.195068
258.3608968,259962.6404,4203267.462,3577.200928
258.3885358,259962.6265,4203267.439,3577.20459
258.4161747,259962.6125,4203267.415,3577.208008
258.4438137,259962.5986,4203267.391,3577.211914
258.4714527,259962.5847,4203267.367,3577.217041
258.4990917,259962.5708,4203267.343,3577.223633
258.5267307,259962.5568,4203267.319,3577.231445
258.5543697,259962.5429,4203267.295,3577.241211
258.5820087,259962.529,4203267.271,3577.251709
258.6096476,259962.5151,4203267.248,3577.261963
258.6372866,259962.5011,4203267.224,3577.272461
258.6649256,259962.4872,4203267.2,3577.279297
258.6925646,259962.4733,4203267.176,3577.286865
258.7202036,259962.4594,4203267.152,3577.296143
258.7478426,259962.4454,4203267.128,3577.303711
258.7754816,259962.4315,4203267.104,3577.313721
258.8031206,259962.4176,4203267.08,3577.31958
258.8307595,259962.4037,4203267.057,3577.328125
258.8583985,259962.3897,4203267.033,3577.333252
258.8860375,259962.3758,4203267.009,3577.337402
258.9136765,259962.3619,4203266.985,3577.343018
258.9413155,259962.3479,4203266.961,3577.347168
258.9689545,259962.334,4203266.937,3577.352539
258.9965935,259962.3201,4203266.913,3577.356445
259.0242324,259962.3062,4203266.889,3577.361328
259.0518714,259962.2922,4203266.866,3577.36792
259.0795104,259962.2783,4203266.842,3577.375488
259.1071494,259962.2644,4203266.818,3577.387695
259.1347884,259962.2505,4203266.794,3577.399658
259.1624274,259962.2365,4203266.77,3577.411621
259.1900664,259962.2226,4203266.746,3577.421143
259.2177053,259962.2087,4203266.722,3577.428467
259.2453443,259962.1948,4203266.698,3577.435303
259.2729833,259962.1808,4203266.675,3577.438721
259.3006223,259962.1669,4203266.651,3577.443848
259.3282613,259962.153,4203266.627,3577.447021
259.3559003,259962.139,4203266.603,3577.450684
259.3835393,259962.1251,4203266.579,3577.455322
259.4111782,259962.1112,4203266.555,3577.458984
259.4388172,259962.0973,4203266.531,3577.463623
259.4664562,259962.0833,4203266.507,3577.467285
259.4940952,259962.0694,4203266.484,3577.473389
259.5217342,259962.0555,4203266.46,3577.478027
259.5493732,259962.0416,4203266.436,3577.481934
259.5770122,259962.0276,4203266.412,3577.486572
259.6046511,259962.0137,4203266.388,3577.488525
259.6322901,259961.9998,4203266.364,3577.491211
259.6599291,259961.9859,4203266.34,3577.492188
259.6875681,259961.9719,4203266.316,3577.493896
259.7152071,259961.958,4203266.293,3577.497559
259.7428461,259961.9441,4203266.269,3577.500244
259.7704851,259961.9302,4203266.245,3577.505615
259.798124,259961.9162,4203266.221,3577.508789
259.825763,259961.9023,4203266.197,3577.516357
259.853402,259961.8884,4203266.173,3577.520996
259.881041,259961.8744,4203266.149,3577.5271
259.90868,259961.8605,4203266.125,3577.536865
259.936319,259961.8466,4203266.102,3577.545654
259.963958,259961.8327,4203266.078,3577.555664
259.9915969,259961.8187,4203266.054,3577.562012
260.0192359,259961.8048,4203266.03,3577.56665
260.0468749,259961.7909,4203266.006,3577.572998
260.0745139,259961.777,4203265.982,3577.57666
260.1021529,259961.763,4203265.958,3577.582764
260.1297919,259961.7491,4203265.935,3577.58667
260.1574309,259961.7352,4203265.911,3577.594238
260.1850698,259961.7213,4203265.887,3577.598389
260.2127088,259961.7073,4203265.863,3577.602783
260.2403478,259961.6934,4203265.839,3577.609863
260.2679868,259961.6795,4203265.815,3577.615479
260.2956258,259961.6655,4203265.791,3577.625488
260.3232648,259961.6516,4203265.767,3577.632324
260.3509038,259961.6377,4203265.744,3577.637939
260.3785427,259961.6238,4203265.72,3577.645264
260.4061817,259961.6098,4203265.696,3577.645996
260.4338207,259961.5959,4203265.672,3577.6521
260.4614597,259961.582,4203265.648,3577.651611
260.4890987,259961.5681,4203265.624,3577.657471
260.5167377,259961.5541,4203265.6,3577.653809
260.5443767,259961.5402,4203265.576,3577.650879
260.5720156,259961.5263,4203265.553,3577.655273
260.5996546,259961.5124,4203265.529,3577.651611
260.6272936,259961.4984,4203265.505,3577.656006
260.6549326,259961.4845,4203265.481,3577.651855
260.6825716,259961.4706,4203265.457,3577.647949
260.7102106,259961.4567,4203265.433,3577.651611
260.7378496,259961.4427,4203265.409,3577.647705
260.7654885,259961.4288,4203265.385,3577.650879
260.7931275,259961.4149,4203265.362,3577.645508
260.8207665,259961.4009,4203265.338,3577.647217
260.8484055,259961.387,4203265.314,3577.641357
260.8760445,259961.3731,4203265.29,3577.634766
260.9036835,259961.3592,4203265.266,3577.636719
260.9313225,259961.3452,4203265.242,3577.634033
260.9589614,259961.3313,4203265.218,3577.637451
260.9866004,259961.3174,4203265.194,3577.63623
261.0142394,259961.3035,4203265.171,3577.636475
261.0418784,259961.2895,4203265.147,3577.642334
261.0695174,259961.2756,4203265.123,3577.644531
261.0971564,259961.2617,4203265.099,3577.651855
261.1247954,259961.2478,4203265.075,3577.655762
261.1524343,259961.2338,4203265.051,3577.664063
261.1800733,259961.2199,4203265.027,3577.669189
261.2077123,259961.206,4203265.003,3577.674561
261.2353513,259961.192,4203264.98,3577.682373
261.2629903,259961.1781,4203264.956,3577.696533
261.2906293,259961.1642,4203264.932,3577.713135
261.3182683,259961.1503,4203264.908,3577.730957
261.3459072,259961.1363,4203264.884,3577.743408
261.3735462,259961.1224,4203264.86,3577.752686
261.4011852,259961.1085,4203264.836,3577.770264
261.4288242,259961.0946,4203264.812,3577.786377
261.4564632,259961.0806,4203264.789,3577.810059
261.4841022,259961.0667,4203264.765,3577.821289
261.5117412,259961.0528,4203264.741,3577.844238
261.5393801,259961.0389,4203264.717,3577.87085
261.5670191,259961.0249,4203264.693,3577.886719
261.5946581,259961.011,4203264.669,3577.914551
261.6222971,259960.9971,4203264.645,3577.930176
261.6499361,259960.9832,4203264.621,3577.951416
261.6775751,259960.9692,4203264.598,3577.969238
261.7052141,259960.9553,4203264.574,3577.982666
261.732853,259960.9414,4203264.55,3577.997314
261.760492,259960.9274,4203264.526,3578.006592
261.788131,259960.9135,4203264.502,3578.015625
261.81577,259960.8996,4203264.478,3578.021973
261.843409,259960.8857,4203264.454,3578.026611
261.871048,259960.8717,4203264.43,3578.030273
261.898687,259960.8578,4203264.407,3578.03418
261.9263259,259960.8439,4203264.383,3578.036133
261.9539649,259960.83,4203264.359,3578.039307
261.9816039,259960.816,4203264.335,3578.040527
262.0092429,259960.8021,4203264.311,3578.041992
262.0368819,259960.7882,4203264.287,3578.045166
262.0645209,259960.7743,4203264.263,3578.046143
262.0921599,259960.7603,4203264.239,3578.048584
262.1197988,259960.7464,4203264.216,3578.049561
262.1474378,259960.7325,4203264.192,3578.052002
262.1750768,259960.7185,4203264.168,3578.053223
262.2027158,259960.7046,4203264.144,3578.054688
262.2303548,259960.6907,4203264.12,3578.05835
262.2579938,259960.6768,4203264.096,3578.061768
262.2856328,259960.6628,4203264.072,3578.065674
262.3132717,259960.6489,4203264.048,3578.071045
262.3409107,259960.635,4203264.025,3578.075684
262.3685497,259960.6211,4203264.001,3578.078857
262.3961887,259960.6071,4203263.977,3578.08667
262.4238277,259960.5932,4203263.953,3578.099609
262.4514667,259960.5793,4203263.929,3578.129639
262.4791057,259960.5654,4203263.905,3578.151123
262.5067446,259960.5514,4203263.881,3578.18335
262.5343836,259960.5375,4203263.857,3578.210938
262.5620226,259960.5236,4203263.834,3578.222412
262.5896616,259960.5097,4203263.81,3578.237549
262.6173006,259960.4957,4203263.786,3578.241455
262.6449396,259960.4818,4203263.762,3578.249023
262.6725786,259960.4679,4203263.738,3578.253906
262.7002175,259960.4539,4203263.714,3578.254395
262.7278565,259960.44,4203263.69,3578.255371
262.7554955,259960.4261,4203263.666,3578.255371
262.7831345,259960.4122,4203263.643,3578.255615
262.8107735,259960.3982,4203263.619,3578.255127
262.8384125,259960.3843,4203263.595,3578.25415
262.8660515,259960.3704,4203263.571,3578.248535
262.8936904,259960.3565,4203263.547,3578.240234
262.9213294,259960.3425,4203263.523,3578.230225
262.9489684,259960.3286,4203263.499,3578.220459
262.9766074,259960.3147,4203263.475,3578.207031
263.0042464,259960.3008,4203263.452,3578.192627
263.0318854,259960.2868,4203263.428,3578.183105
263.0595244,259960.2729,4203263.404,3578.172363
263.0871633,259960.259,4203263.38,3578.166504
263.1148023,259960.245,4203263.356,3578.162598
263.1424413,259960.2311,4203263.332,3578.160645
263.1700803,259960.2172,4203263.308,3578.157471
263.1977193,259960.2033,4203263.284,3578.15332
263.2253583,259960.1893,4203263.261,3578.15332
263.2529973,259960.1754,4203263.237,3578.1521
263.2806362,259960.1615,4203263.213,3578.15332
263.3082752,259960.1476,4203263.189,3578.153076
263.3359142,259960.1336,4203263.165,3578.153076
263.3635532,259960.1197,4203263.141,3578.156494
263.3911922,259960.1058,4203263.117,3578.157715
263.4188312,259960.0919,4203263.094,3578.161133
263.4464702,259960.0779,4203263.07,3578.164307
263.4741091,259960.064,4203263.046,3578.169678
263.5017481,259960.0501,4203263.022,3578.176025
263.5293871,259960.0361,4203262.998,3578.183594
263.5570261,259960.0222,4203262.974,3578.191162
263.5846651,259960.0083,4203262.95,3578.199219
263.6123041,259959.9944,4203262.926,3578.205811
263.6399431,259959.9804,4203262.903,3578.219727
263.667582,259959.9665,4203262.879,3578.241211
263.695221,259959.9526,4203262.855,3578.252441
263.72286,259959.9387,4203262.831,3578.263916
263.750499,259959.9247,4203262.807,3578.268066
263.778138,259959.9108,4203262.783,3578.275391
263.805777,259959.8969,4203262.759,3578.277588
263.833416,259959.883,4203262.735,3578.281006
263.8610549,259959.869,4203262.712,3578.28418
263.8886939,259959.8551,4203262.688,3578.285889
263.9163329,259959.8412,4203262.664,3578.291016
263.9439719,259959.8273,4203262.64,3578.294434
263.9716109,259959.8133,4203262.616,3578.302002
263.9992499,259959.7994,4203262.592,3578.309814
264.0268889,259959.7855,4203262.568,3578.314941
264.0545278,259959.7715,4203262.544,3578.32666
264.0821668,259959.7576,4203262.521,3578.332275
264.1098058,259959.7437,4203262.497,3578.343262
264.1374448,259959.7298,4203262.473,3578.349854
264.1650838,259959.7158,4203262.449,3578.36084
264.1927228,259959.7019,4203262.425,3578.368652
264.2203618,259959.688,4203262.401,3578.371094
264.2480007,259959.6741,4203262.377,3578.373291
264.2756397,259959.6601,4203262.353,3578.376953
264.3032787,259959.6462,4203262.33,3578.381104
264.3309177,259959.6323,4203262.306,3578.385498
264.3585567,259959.6184,4203262.282,3578.390137
264.3861957,259959.6044,4203262.258,3578.395264
264.4138347,259959.5905,4203262.234,3578.401855
264.4414736,259959.5766,4203262.21,3578.407959
264.4691126,259959.5626,4203262.186,3578.416016
264.4967516,259959.5487,4203262.162,3578.423828
264.5243906,259959.5348,4203262.139,3578.433105
264.5520296,259959.5209,4203262.115,3578.444336
264.5796686,259959.5069,4203262.091,3578.454834
264.6073076,259959.493,4203262.067,3578.465088
264.6349465,259959.4791,4203262.043,3578.471924
264.6625855,259959.4652,4203262.019,3578.477539
264.6902245,259959.4512,4203261.995,3578.484131
264.7178635,259959.4373,4203261.971,3578.489014
264.7455025,259959.4234,4203261.948,3578.495117
264.7731415,259959.4095,4203261.924,3578.499023
264.8007805,259959.3955,4203261.9,3578.504883
264.8284194,259959.3816,4203261.876,3578.510254
264.8560584,259959.3677,4203261.852,3578.517822
264.8836974,259959.3538,4203261.828,3578.5271
264.9113364,259959.3398,4203261.804,3578.53418
264.9389754,259959.3259,4203261.78,3578.542725
264.9666144,259959.312,4203261.757,3578.551514
264.9942534,259959.298,4203261.733,3578.560547
265.0218923,259959.2841,4203261.709,3578.568848
265.0495313,259959.2702,4203261.685,3578.573975
265.0771703,259959.2563,4203261.661,3578.579834
265.1048093,259959.2423,4203261.637,3578.586914
265.1324483,259959.2284,4203261.613,3578.59375
265.1600873,259959.2145,4203261.589,3578.603271
265.1877263,259959.2006,4203261.566,3578.617432
265.2153652,259959.1866,4203261.542,3578.628906
265.2430042,259959.1727,4203261.518,3578.643555
265.2706432,259959.1588,4203261.494,3578.653564
265.2982822,259959.1449,4203261.47,3578.665771
265.3259212,259959.1309,4203261.446,3578.674316
265.3535602,259959.117,4203261.422,3578.679932
265.3811992,259959.1031,4203261.398,3578.687744
265.4088381,259959.0891,4203261.375,3578.695068
265.4364771,259959.0752,4203261.351,3578.700439
265.4641161,259959.0613,4203261.327,3578.705811
265.4917551,259959.0474,4203261.303,3578.708252
265.5193941,259959.0334,4203261.279,3578.709229
265.5470331,259959.0195,4203261.255,3578.712646
265.5746721,259959.0056,4203261.231,3578.713135
265.602311,259958.9917,4203261.207,3578.716553
265.62995,259958.9777,4203261.184,3578.715332
265.657589,259958.9638,4203261.16,3578.7146
265.685228,259958.9499,4203261.136,3578.715576
265.712867,259958.936,4203261.112,3578.715088
265.740506,259958.922,4203261.088,3578.716309
265.768145,259958.9081,4203261.064,3578.716309
265.7957839,259958.8942,4203261.04,3578.717285
265.8234229,259958.8803,4203261.016,3578.717773
265.8510619,259958.8663,4203260.993,3578.718506
265.8787009,259958.8524,4203260.969,3578.719238
265.9063399,259958.8385,4203260.945,3578.720703
265.9339789,259958.8245,4203260.921,3578.722168
265.9616179,259958.8106,4203260.897,3578.724609
265.9892568,259958.7967,4203260.873,3578.72876
266.0168958,259958.7828,4203260.849,3578.731934
266.0445348,259958.7688,4203260.825,3578.738525
266.0721738,259958.7549,4203260.802,3578.742676
266.0998128,259958.741,4203260.778,3578.750977
266.1274518,259958.7271,4203260.754,3578.758545
266.1550908,259958.7131,4203260.73,3578.770752
266.1827297,259958.6992,4203260.706,3578.784912
266.2103687,259958.6853,4203260.682,3578.799316
266.2380077,259958.6714,4203260.658,3578.818848
266.2656467,259958.6574,4203260.634,3578.833252
266.2932857,259958.6435,4203260.611,3578.842285
266.3209247,259958.6296,4203260.587,3578.848389
266.3485637,259958.6156,4203260.563,3578.855469
266.3762026,259958.6017,4203260.539,3578.861084
266.4038416,259958.5878,4203260.515,3578.868896
266.4314806,259958.5739,4203260.491,3578.873535
266.4591196,259958.5599,4203260.467,3578.881104
266.4867586,259958.546,4203260.443,3578.884277
266.5143976,259958.5321,4203260.42,3578.88623
266.5420366,259958.5182,4203260.396,3578.890381
266.5696755,259958.5042,4203260.372,3578.891113
266.5973145,259958.4903,4203260.348,3578.894043
266.6249535,259958.4764,4203260.324,3578.894531
266.6525925,259958.4625,4203260.3,3578.894775
266.6802315,259958.4485,4203260.276,3578.896729
266.7078705,259958.4346,4203260.253,3578.896973
266.7355095,259958.4207,4203260.229,3578.898682
266.7631484,259958.4068,4203260.205,3578.899414
266.7907874,259958.3928,4203260.181,3578.902344
266.8184264,259958.3789,4203260.157,3578.903809
266.8460654,259958.365,4203260.133,3578.905762
266.8737044,259958.351,4203260.109,3578.910156
266.9013434,259958.3371,4203260.085,3578.913818
266.9289824,259958.3232,4203260.062,3578.921143
266.9566213,259958.3093,4203260.038,3578.929932
266.9842603,259958.2953,4203260.014,3578.936035
267.0118993,259958.2814,4203259.99,3578.940918
267.0395383,259958.2675,4203259.966,3578.947021
267.0671773,259958.2536,4203259.942,3578.955322
267.0948163,259958.2396,4203259.918,3578.967529
267.1224553,259958.2257,4203259.894,3578.979736
267.1500942,259958.2118,4203259.871,3578.991455
267.1777332,259958.1979,4203259.847,3579.002686
267.2053722,259958.1839,4203259.823,3579.013184
267.2330112,259958.17,4203259.799,3579.026855
267.2606502,259958.1561,4203259.775,3579.036621
267.2882892,259958.1421,4203259.751,3579.054443
267.3159282,259958.1282,4203259.727,3579.071777
267.3435671,259958.1143,4203259.703,3579.07959
267.3712061,259958.1004,4203259.68,3579.09082
267.3988451,259958.0864,4203259.656,3579.095215
267.4264841,259958.0725,4203259.632,3579.099609
267.4537996,259958.0594,4203259.608,3579.101074
267.4811151,259958.0462,4203259.584,3579.102295
267.5084306,259958.033,4203259.56,3579.103027
267.535746,259958.0199,4203259.536,3579.104248
267.5630615,259958.0067,4203259.512,3579.105225
267.590377,259957.9935,4203259.488,3579.106689
267.6176925,259957.9804,4203259.464,3579.107422
267.645008,259957.9672,4203259.44,3579.108643
267.6723235,259957.954,4203259.416,3579.109131
267.6996389,259957.9409,4203259.392,3579.110107
267.7269544,259957.9277,4203259.369,3579.110352
267.7542699,259957.9145,4203259.345,3579.111572
267.7815854,259957.9014,4203259.321,3579.112061
267.8089009,259957.8882,4203259.297,3579.112549
267.8362163,259957.8751,4203259.273,3579.114014
267.8635318,259957.8619,4203259.249,3579.114014
267.8908473,259957.8487,4203259.225,3579.116211
267.9181628,259957.8356,4203259.201,3579.115234
267.9454783,259957.8224,4203259.177,3579.117676
267.9727938,259957.8092,4203259.153,3579.116699
268.0001092,259957.7961,4203259.129,3579.120117
268.0274247,259957.7829,4203259.105,3579.119629
268.0547402,259957.7697,4203259.081,3579.119629
268.0820557,259957.7566,4203259.057,3579.123779
268.1093712,259957.7434,4203259.033,3579.124268
268.1366867,259957.7303,4203259.009,3579.129639
268.1640021,259957.7171,4203258.986,3579.131348
268.1913176,259957.7039,4203258.962,3579.136719
268.2186331,259957.6908,4203258.938,3579.139648
268.2459486,259957.6776,4203258.914,3579.14624
268.2732641,259957.6644,4203258.89,3579.151123
268.3005796,259957.6513,4203258.866,3579.155762
268.327895,259957.6381,4203258.842,3579.161865
268.3552105,259957.6249,4203258.818,3579.166748
268.382526,259957.6118,4203258.794,3579.173828
268.4098415,259957.5986,4203258.77,3579.180176
268.437157,259957.5855,4203258.746,3579.199707
268.4644725,259957.5723,4203258.722,3579.209473
268.4917879,259957.5591,4203258.698,3579.218506
268.5191034,259957.546,4203258.674,3579.225586
268.5464189,259957.5328,4203258.65,3579.235352
268.5737344,259957.5196,4203258.627,3579.243408
268.6010499,259957.5065,4203258.603,3579.251221
268.6283653,259957.4933,4203258.579,3579.261475
268.6556808,259957.4801,4203258.555,3579.268311
268.6829963,259957.467,4203258.531,3579.27832
268.7103118,259957.4538,4203258.507,3579.284912
268.7376273,259957.4407,4203258.483,3579.289795
268.7649428,259957.4275,4203258.459,3579.293457
268.7922582,259957.4143,4203258.435,3579.296875
268.8195737,259957.4012,4203258.411,3579.30249
268.8468892,259957.388,4203258.387,3579.309326
268.8742047,259957.3748,4203258.363,3579.313477
268.9015202,259957.3617,4203258.339,3579.318359
268.9288357,259957.3485,4203258.315,3579.321045
268.9561511,259957.3353,4203258.291,3579.32666
268.9834666,259957.3222,4203258.268,3579.330811
269.0107821,259957.309,4203258.244,3579.338135
269.0380976,259957.2958,4203258.22,3579.342285
269.0654131,259957.2827,4203258.196,3579.352295
269.0927286,259957.2695,4203258.172,3579.364258
269.120044,259957.2564,4203258.148,3579.370117
269.1473595,259957.2432,4203258.124,3579.381104
269.174675,259957.23,4203258.1,3579.390381
269.2019905,259957.2169,4203258.076,3579.403076
269.229306,259957.2037,4203258.052,3579.407959
269.2566215,259957.1905,4203258.028,3579.413574
269.2839369,259957.1774,4203258.004,3579.417725
269.3112524,259957.1642,4203257.98,3579.422852
269.3385679,259957.151,4203257.956,3579.429443
269.3658834,259957.1379,4203257.932,3579.436279
269.3931989,259957.1247,4203257.909,3579.441162
269.4205143,259957.1116,4203257.885,3579.446777
269.4478298,259957.0984,4203257.861,3579.453125
269.4751453,259957.0852,4203257.837,3579.462158
269.5024608,259957.0721,4203257.813,3579.470703
269.5297763,259957.0589,4203257.789,3579.483398
269.5570918,259957.0457,4203257.765,3579.49292
269.5844072,259957.0326,4203257.741,3579.503418
269.6117227,259957.0194,4203257.717,3579.511963
269.6390382,259957.0062,4203257.693,3579.522949
269.6663537,259956.9931,4203257.669,3579.536377
269.6936692,259956.9799,4203257.645,3579.552002
269.7209847,259956.9668,4203257.621,3579.567383
269.7483001,259956.9536,4203257.597,3579.588135
269.7756156,259956.9404,4203257.573,3579.605957
269.8029311,259956.9273,4203257.549,3579.627686
269.8302466,259956.9141,4203257.526,3579.64502
269.8575621,259956.9009,4203257.502,3579.673584
269.8848776,259956.8878,4203257.478,3579.705322
269.912193,259956.8746,4203257.454,3579.724854
269.9395085,259956.8614,4203257.43,3579.762207
269.966824,259956.8483,4203257.406,3579.787354
269.9941395,259956.8351,4203257.382,3579.824707
270.021455,259956.822,4203257.358,3579.84375
270.0487705,259956.8088,4203257.334,3579.867432
270.0760859,259956.7956,4203257.31,3579.878906
270.1034014,259956.7825,4203257.286,3579.894287
270.1307169,259956.7693,4203257.262,3579.900635
270.1580324,259956.7561,4203257.238,3579.907959
270.1853479,259956.743,4203257.214,3579.912354
270.2126633,259956.7298,4203257.19,3579.913574
270.2399788,259956.7166,4203257.167,3579.914795
270.2672943,259956.7035,4203257.143,3579.915771
270.2946098,259956.6903,4203257.119,3579.917725
270.3219253,259956.6771,4203257.095,3579.919434
270.3492408,259956.664,4203257.071,3579.922119
270.3765562,259956.6508,4203257.047,3579.924805
270.4038717,259956.6377,4203257.023,3579.930664
270.4311872,259956.6245,4203256.999,3579.940674
270.4585027,259956.6113,4203256.975,3579.947754
270.4858182,259956.5982,4203256.951,3579.958984
270.5131337,259956.585,4203256.927,3579.967285
270.5404491,259956.5718,4203256.903,3579.978516
270.5677646,259956.5587,4203256.879,3579.982666
270.5950801,259956.5455,4203256.855,3579.98584
270.6223956,259956.5323,4203256.831,3579.986572
270.6497111,259956.5192,4203256.808,3579.988037
270.6770266,259956.506,4203256.784,3579.989258
270.704342,259956.4929,4203256.76,3579.991455
270.7316575,259956.4797,4203256.736,3579.993896
270.758973,259956.4665,4203256.712,3579.996094
270.7862885,259956.4534,4203256.688,3580
270.813604,259956.4402,4203256.664,3580.003662
270.8409195,259956.427,4203256.64,3580.007568
270.8682349,259956.4139,4203256.616,3580.010254
270.8955504,259956.4007,4203256.592,3580.01416
270.9228659,259956.3875,4203256.568,3580.01709
270.9501814,259956.3744,4203256.544,3580.025391
270.9774969,259956.3612,4203256.52,3580.037842
271.0048123,259956.3481,4203256.496,3580.044189
271.0321278,259956.3349,4203256.472,3580.054688
271.0594433,259956.3217,4203256.449,3580.058838
271.0867588,259956.3086,4203256.425,3580.067383
271.1140743,259956.2954,4203256.401,3580.070557
271.1413898,259956.2822,4203256.377,3580.077148
271.1687052,259956.2691,4203256.353,3580.080078
271.1960207,259956.2559,4203256.329,3580.086914
271.2233362,259956.2427,4203256.305,3580.095215
271.2506517,259956.2296,4203256.281,3580.100342
271.2779672,259956.2164,4203256.257,3580.118896
271.3052827,259956.2032,4203256.233,3580.130615
271.3325981,259956.1901,4203256.209,3580.157715
271.3599136,259956.1769,4203256.185,3580.170898
271.3872291,259956.1638,4203256.161,3580.195068
271.4145446,259956.1506,4203256.137,3580.207275
271.4418601,259956.1374,4203256.113,3580.226074
271.4691756,259956.1243,4203256.09,3580.234375
271.496491,259956.1111,4203256.066,3580.242188
271.5238065,259956.0979,4203256.042,3580.246826
271.551122,259956.0848,4203256.018,3580.249756
271.5784375,259956.0716,4203255.994,3580.254395
271.605753,259956.0584,4203255.97,3580.260254
271.6330685,259956.0453,4203255.946,3580.268555
271.6603839,259956.0321,4203255.922,3580.278076
271.6876994,259956.019,4203255.898,3580.290039
271.7150149,259956.0058,4203255.874,3580.298096
271.7423304,259955.9926,4203255.85,3580.304199
271.7696459,259955.9795,4203255.826,3580.309082
271.7969613,259955.9663,4203255.802,3580.311768
271.8242768,259955.9531,4203255.778,3580.315186
271.8515923,259955.94,4203255.754,3580.316895
271.8789078,259955.9268,4203255.73,3580.320313
271.9062233,259955.9136,4203255.707,3580.322266
271.9335388,259955.9005,4203255.683,3580.325684
271.9608542,259955.8873,4203255.659,3580.327393
271.9881697,259955.8742,4203255.635,3580.330322
272.0154852,259955.861,4203255.611,3580.333984
272.0428007,259955.8478,4203255.587,3580.335938
272.0701162,259955.8347,4203255.563,3580.340088
272.0974317,259955.8215,4203255.539,3580.344727
272.1247471,259955.8083,4203255.515,3580.355225
272.1520626,259955.7952,4203255.491,3580.364502
272.1793781,259955.782,4203255.467,3580.379395
272.2066936,259955.7688,4203255.443,3580.388916
272.2340091,259955.7557,4203255.419,3580.401367
272.2613246,259955.7425,4203255.395,3580.411377
272.28864,259955.7294,4203255.371,3580.432129
272.3159555,259955.7162,4203255.348,3580.450928
272.343271,259955.703,4203255.324,3580.459961
272.3705865,259955.6899,4203255.3,3580.4729
272.397902,259955.6767,4203255.276,3580.479248
272.4252175,259955.6635,4203255.252,3580.489014
272.4525329,259955.6504,4203255.228,3580.495605
272.4798484,259955.6372,4203255.204,3580.509277
272.5071639,259955.624,4203255.18,3580.517334
272.5344794,259955.6109,4203255.156,3580.530029
272.5617949,259955.5977,4203255.132,3580.541748
272.5891103,259955.5845,4203255.108,3580.54834
272.6164258,259955.5714,4203255.084,3580.556885
272.6437413,259955.5582,4203255.06,3580.560547
272.6710568,259955.5451,4203255.036,3580.566406
272.6983723,259955.5319,4203255.012,3580.571289
272.7256878,259955.5187,4203254.989,3580.577881
272.7530032,259955.5056,4203254.965,3580.582764
272.7803187,259955.4924,4203254.941,3580.593262
272.8076342,259955.4792,4203254.917,3580.606445
272.8349497,259955.4661,4203254.893,3580.614746
272.8622652,259955.4529,4203254.869,3580.627686
272.8895807,259955.4397,4203254.845,3580.634521
272.9168961,259955.4266,4203254.821,3580.643799
272.9442116,259955.4134,4203254.797,3580.647217
272.9715271,259955.4003,4203254.773,3580.654785
272.9988426,259955.3871,4203254.749,3580.659912
273.0261581,259955.3739,4203254.725,3580.679932
273.0534736,259955.3608,4203254.701,3580.689453
273.080789,259955.3476,4203254.677,3580.709473
273.1081045,259955.3344,4203254.653,3580.736572
273.13542,259955.3213,4203254.63,3580.754395
273.1627355,259955.3081,4203254.606,3580.7854
273.190051,259955.2949,4203254.582,3580.80127
273.2173665,259955.2818,4203254.558,3580.82251
273.2446819,259955.2686,4203254.534,3580.834229
273.2719974,259955.2555,4203254.51,3580.841797
273.2993129,259955.2423,4203254.486,3580.844238
273.3266284,259955.2291,4203254.462,3580.848145
273.3539439,259955.216,4203254.438,3580.852295
273.3812593,259955.2028,4203254.414,3580.855225
273.4085748,259955.1896,4203254.39,3580.860596
273.4358903,259955.1765,4203254.366,3580.863037
273.4630738,259955.1636,4203254.342,3580.87085
273.4902573,259955.1507,4203254.318,3580.87793
273.5174407,259955.1378,4203254.294,3580.895508
273.5446242,259955.1249,4203254.271,3580.905762
273.5718077,259955.112,4203254.247,3580.921875
273.5989911,259955.0991,4203254.223,3580.929199
273.6261746,259955.0863,4203254.199,3580.937988
273.6533581,259955.0734,4203254.175,3580.941895
273.6805416,259955.0605,4203254.151,3580.943115
273.707725,259955.0476,4203254.127,3580.945557
273.7349085,259955.0347,4203254.103,3580.947266
273.762092,259955.0218,4203254.079,3580.954102
273.7892754,259955.0089,4203254.055,3580.958252
273.8164589,259954.996,4203254.031,3580.968018
273.8436424,259954.9832,4203254.007,3580.974121
273.8708258,259954.9703,4203253.983,3580.987305
273.8980093,259954.9574,4203253.959,3580.996582
273.9251928,259954.9445,4203253.935,3581.011719
273.9523763,259954.9316,4203253.911,3581.019287
273.9795597,259954.9187,4203253.888,3581.0271
274.0067432,259954.9058,4203253.864,3581.029785
274.0339267,259954.8929,4203253.84,3581.031006
274.0611101,259954.8801,4203253.816,3581.032471
274.0882936,259954.8672,4203253.792,3581.033447
274.1154771,259954.8543,4203253.768,3581.034668
274.1426606,259954.8414,4203253.744,3581.036133
274.169844,259954.8285,4203253.72,3581.041016
274.1970275,259954.8156,4203253.696,3581.045166
274.224211,259954.8027,4203253.672,3581.05127
274.2513944,259954.7898,4203253.648,3581.05542
274.2785779,259954.777,4203253.624,3581.057373
274.3057614,259954.7641,4203253.6,3581.059082
274.3329449,259954.7512,4203253.576,3581.061279
274.3601283,259954.7383,4203253.552,3581.063232
274.3873118,259954.7254,4203253.529,3581.066895
274.4144953,259954.7125,4203253.505,3581.070313
274.4416787,259954.6996,4203253.481,3581.075928
274.4688622,259954.6867,4203253.457,3581.079834
274.4960457,259954.6739,4203253.433,3581.085693
274.5232291,259954.661,4203253.409,3581.090088
274.5504126,259954.6481,4203253.385,3581.095215
274.5775961,259954.6352,4203253.361,3581.101074
274.6047796,259954.6223,4203253.337,3581.110596
274.631963,259954.6094,4203253.313,3581.120117
274.6591465,259954.5965,4203253.289,3581.127197
274.68633,259954.5836,4203253.265,3581.135498
274.7135134,259954.5707,4203253.241,3581.145996
274.7406969,259954.5579,4203253.217,3581.158936
274.7678804,259954.545,4203253.193,3581.180176
274.7950639,259954.5321,4203253.17,3581.194092
274.8222473,259954.5192,4203253.146,3581.208008
274.8494308,259954.5063,4203253.122,3581.217285
274.8766143,259954.4934,4203253.098,3581.224854
274.9037977,259954.4805,4203253.074,3581.229248
274.9309812,259954.4676,4203253.05,3581.234375
274.9581647,259954.4548,4203253.026,3581.237305
274.9853482,259954.4419,4203253.002,3581.239746
275.0125316,259954.429,4203252.978,3581.242188
275.0397151,259954.4161,4203252.954,3581.244873
275.0668986,259954.4032,4203252.93,3581.249023
275.094082,259954.3903,4203252.906,3581.253174
275.1212655,259954.3774,4203252.882,3581.258789
275.148449,259954.3645,4203252.858,3581.263428
275.1756325,259954.3517,4203252.834,3581.269043
275.2028159,259954.3388,4203252.811,3581.274902
275.2299994,259954.3259,4203252.787,3581.279053
275.2571829,259954.313,4203252.763,3581.285889
275.2843663,259954.3001,4203252.739,3581.289551
275.3115498,259954.2872,4203252.715,3581.295166
275.3387333,259954.2743,4203252.691,3581.296387
275.3659167,259954.2614,4203252.667,3581.296875
275.3931002,259954.2486,4203252.643,3581.301758
275.4202837,259954.2357,4203252.619,3581.30127
275.4474672,259954.2228,4203252.595,3581.30542
275.4746506,259954.2099,4203252.571,3581.301758
275.5018341,259954.197,4203252.547,3581.304688
275.5290176,259954.1841,4203252.523,3581.294678
275.556201,259954.1712,4203252.499,3581.292236
275.5833845,259954.1583,4203252.475,3581.26709
275.610568,259954.1455,4203252.452,3581.259521
275.6377515,259954.1326,4203252.428,3581.23584
275.6649349,259954.1197,4203252.404,3581.230469
275.6921184,259954.1068,4203252.38,3581.21167
275.7193019,259954.0939,4203252.356,3581.196045
275.7464853,259954.081,4203252.332,3581.191406
275.7736688,259954.0681,4203252.308,3581.175293
275.8008523,259954.0552,4203252.284,3581.168945
275.8280358,259954.0424,4203252.26,3581.148682
275.8552192,259954.0295,4203252.236,3581.140137
275.8824027,259954.0166,4203252.212,3581.119141
275.9095862,259954.0037,4203252.188,3581.112305
275.9367696,259953.9908,4203252.164,3581.095459
275.9639531,259953.9779,4203252.14,3581.088867
275.9911366,259953.965,4203252.116,3581.077637
276.0183201,259953.9521,4203252.092,3581.073242
276.0455035,259953.9393,4203252.069,3581.063965
276.072687,259953.9264,4203252.045,3581.056396
276.0998705,259953.9135,4203252.021,3581.054199
276.1270539,259953.9006,4203251.997,3581.049072
276.1542374,259953.8877,4203251.973,3581.047607
276.1814209,259953.8748,4203251.949,3581.043213
276.2086043,259953.8619,4203251.925,3581.042236
276.2357878,259953.849,4203251.901,3581.038818
276.2629713,259953.8362,4203251.877,3581.03833
276.2901548,259953.8233,4203251.853,3581.036133
276.3173382,259953.8104,4203251.829,3581.036133
276.3445217,259953.7975,4203251.805,3581.034668
276.3717052,259953.7846,4203251.781,3581.033691
276.3988886,259953.7717,4203251.757,3581.034912
276.4260721,259953.7588,4203251.733,3581.03418
276.4532556,259953.7459,4203251.71,3581.035889
276.4804391,259953.733,4203251.686,3581.035889
276.5076225,259953.7202,4203251.662,3581.03833
276.534806,259953.7073,4203251.638,3581.039307
276.5619895,259953.6944,4203251.614,3581.042969
276.5891729,259953.6815,4203251.59,3581.044189
276.6163564,259953.6686,4203251.566,3581.049316
276.6435399,259953.6557,4203251.542,3581.052979
276.6707234,259953.6428,4203251.518,3581.060059
276.6979068,259953.6299,4203251.494,3581.06665
276.7250903,259953.6171,4203251.47,3581.074463
276.7522738,259953.6042,4203251.446,3581.081543
276.7794572,259953.5913,4203251.422,3581.088867
276.8066407,259953.5784,4203251.398,3581.093506
276.8338242,259953.5655,4203251.374,3581.097656
276.8610076,259953.5526,4203251.351,3581.102783
276.8881911,259953.5397,4203251.327,3581.112549
276.9153746,259953.5268,4203251.303,3581.121582
276.9425581,259953.514,4203251.279,3581.141602
276.9697415,259953.5011,4203251.255,3581.15625
276.996925,259953.4882,4203251.231,3581.179199
277.0241085,259953.4753,4203251.207,3581.192139
277.0512919,259953.4624,4203251.183,3581.205078
277.0784754,259953.4495,4203251.159,3581.214844
277.1056589,259953.4366,4203251.135,3581.222412
277.1328424,259953.4237,4203251.111,3581.233887
277.1600258,259953.4109,4203251.087,3581.243164
277.1872093,259953.398,4203251.063,3581.251709
277.2143928,259953.3851,4203251.039,3581.257813
277.2415762,259953.3722,4203251.015,3581.26416
277.2687597,259953.3593,4203250.992,3581.268555
277.2959432,259953.3464,4203250.968,3581.273926
277.3231267,259953.3335,4203250.944,3581.27832
277.349886,259953.3216,4203250.92,3581.284668
277.3766453,259953.3096,4203250.896,3581.289307
277.4034046,259953.2976,4203250.872,3581.296143
277.4301639,259953.2857,4203250.848,3581.303467
277.4569232,259953.2737,4203250.824,3581.316162
277.4836826,259953.2617,4203250.8,3581.327393
277.5104419,259953.2498,4203250.776,3581.342285
277.5372012,259953.2378,4203250.752,3581.353271
277.5639605,259953.2258,4203250.728,3581.368164
277.5907198,259953.2139,4203250.704,3581.37915
277.6174791,259953.2019,4203250.68,3581.391357
277.6442385,259953.1899,4203250.656,3581.398438
277.6709978,259953.178,4203250.632,3581.403809
277.6977571,259953.166,4203250.609,3581.408203
277.7245164,259953.154,4203250.585,3581.413086
277.7512757,259953.1421,4203250.561,3581.419189
277.778035,259953.1301,4203250.537,3581.427002
277.8047944,259953.1181,4203250.513,3581.435791
277.8315537,259953.1062,4203250.489,3581.444824
277.858313,259953.0942,4203250.465,3581.455811
277.8850723,259953.0822,4203250.441,3581.465088
277.9118316,259953.0703,4203250.417,3581.474121
277.9385909,259953.0583,4203250.393,3581.483154
277.9653503,259953.0463,4203250.369,3581.493408
277.9921096,259953.0344,4203250.345,3581.506592
278.0188689,259953.0224,4203250.321,3581.516357
278.0456282,259953.0104,4203250.297,3581.529297
278.0723875,259952.9985,4203250.273,3581.537109
278.0991468,259952.9865,4203250.25,3581.543213
278.1259062,259952.9745,4203250.226,3581.546387
278.1526655,259952.9626,4203250.202,3581.550049
278.1794248,259952.9506,4203250.178,3581.554199
278.2061841,259952.9386,4203250.154,3581.571045
278.2329434,259952.9266,4203250.13,3581.587891
278.2597027,259952.9147,4203250.106,3581.610107
278.2864621,259952.9027,4203250.082,3581.626953
278.3132214,259952.8907,4203250.058,3581.653564
278.3399807,259952.8788,4203250.034,3581.670166
278.36674,259952.8668,4203250.01,3581.690918
278.3934993,259952.8548,4203249.986,3581.702393
278.4202586,259952.8429,4203249.962,3581.721191
278.447018,259952.8309,4203249.938,3581.72998
278.4737773,259952.8189,4203249.914,3581.744141
278.5005366,259952.807,4203249.891,3581.751465
278.5272959,259952.795,4203249.867,3581.765137
278.5540552,259952.783,4203249.843,3581.769531
278.5808145,259952.7711,4203249.819,3581.773682
278.6075739,259952.7591,4203249.795,3581.775391
278.6343332,259952.7471,4203249.771,3581.777832
278.6610925,259952.7352,4203249.747,3581.779053
278.6878518,259952.7232,4203249.723,3581.781738
278.7146111,259952.7112,4203249.699,3581.783203
278.7413704,259952.6993,4203249.675,3581.784912
278.7681298,259952.6873,4203249.651,3581.785645
278.7948891,259952.6753,4203249.627,3581.787842
278.8216484,259952.6634,4203249.603,3581.791748
278.8484077,259952.6514,4203249.579,3581.800537
278.875167,259952.6394,4203249.555,3581.814941
278.9019263,259952.6275,4203249.532,3581.843018
278.9286857,259952.6155,4203249.508,3581.866943
278.955445,259952.6035,4203249.484,3581.894287
278.9822043,259952.5916,4203249.46,3581.91333
279.0089636,259952.5796,4203249.436,3581.931152
279.0357229,259952.5676,4203249.412,3581.940918
279.0624822,259952.5557,4203249.388,3581.948975
279.0892416,259952.5437,4203249.364,3581.953125
279.1160009,259952.5317,4203249.34,3581.957275
279.1427602,259952.5198,4203249.316,3581.961426
279.1695195,259952.5078,4203249.292,3581.964844
279.1962788,259952.4958,4203249.268,3581.968262
279.2230381,259952.4839,4203249.244,3581.974609
279.2497975,259952.4719,4203249.22,3581.984131
279.2765568,259952.4599,4203249.196,3581.995361
279.3033161,259952.448,4203249.173,3582.013428
279.3300754,259952.436,4203249.149,3582.026855
279.3568347,259952.424,4203249.125,3582.054199
279.383594,259952.4121,4203249.101,3582.070313
279.4103534,259952.4001,4203249.077,3582.086182
279.4371127,259952.3881,4203249.053,3582.092773
279.463872,259952.3762,4203249.029,3582.102051
279.4906313,259952.3642,4203249.005,3582.106445
279.5173906,259952.3522,4203248.981,3582.11377
279.5441499,259952.3403,4203248.957,3582.119141
279.5709093,259952.3283,4203248.933,3582.128662
279.5976686,259952.3163,4203248.909,3582.135742
279.6244279,259952.3044,4203248.885,3582.147461
279.6511872,259952.2924,4203248.861,3582.154785
279.6779465,259952.2804,4203248.837,3582.16333
279.7047058,259952.2685,4203248.813,3582.168945
279.7314652,259952.2565,4203248.79,3582.177246
279.7582245,259952.2445,4203248.766,3582.182861
279.7849838,259952.2326,4203248.742,3582.189453
279.8117431,259952.2206,4203248.718,3582.198486
279.8385024,259952.2086,4203248.694,3582.217285
279.8652617,259952.1967,4203248.67,3582.23999
279.8920211,259952.1847,4203248.646,3582.27417
279.9187804,259952.1727,4203248.622,3582.296387
279.9455397,259952.1608,4203248.598,3582.321045
279.972299,259952.1488,4203248.574,3582.33374
279.9990583,259952.1368,4203248.55,3582.345215
280.0258177,259952.1249,4203248.526,3582.350098
280.052577,259952.1129,4203248.502,3582.357422
280.0793363,259952.1009,4203248.478,3582.364014
280.1060956,259952.089,4203248.454,3582.371094
280.1328549,259952.077,4203248.431,3582.374512
280.1596142,259952.065,4203248.407,3582.378906
280.1863736,259952.053,4203248.383,3582.384277
280.2131329,259952.0411,4203248.359,3582.394043
280.2398922,259952.0291,4203248.335,3582.401611
280.2666515,259952.0171,4203248.311,3582.414307
280.2934108,259952.0052,4203248.287,3582.422363
280.3201701,259951.9932,4203248.263,3582.432373
280.3469295,259951.9812,4203248.239,3582.438232
280.3736888,259951.9693,4203248.215,3582.446289
280.4004481,259951.9573,4203248.191,3582.450928
280.4272074,259951.9453,4203248.167,3582.458984
280.4539667,259951.9334,4203248.143,3582.46582
280.480726,259951.9214,4203248.119,3582.478271
280.5074854,259951.9094,4203248.095,3582.486572
280.5342447,259951.8975,4203248.072,3582.502197
280.561004,259951.8855,4203248.048,3582.512451
280.5877633,259951.8735,4203248.024,3582.526611
280.6145226,259951.8616,4203248,3582.53418
280.6412819,259951.8496,4203247.976,3582.544189
280.6680413,259951.8376,4203247.952,3582.549072
280.6948006,259951.8257,4203247.928,3582.558594
280.7215599,259951.8137,4203247.904,3582.565186
280.7483192,259951.8017,4203247.88,3582.579346
280.7750785,259951.7898,4203247.856,3582.588135
280.8018378,259951.7778,4203247.832,3582.604492
280.8285972,259951.7658,4203247.808,3582.616455
280.8553565,259951.7539,4203247.784,3582.632813
280.8821158,259951.7419,4203247.76,3582.642334
280.9088751,259951.7299,4203247.736,3582.652832
280.9356344,259951.718,4203247.713,3582.65918
280.9623937,259951.706,4203247.689,3582.668457
280.9891531,259951.694,4203247.665,3582.674561
281.0159124,259951.6821,4203247.641,3582.682373
281.0426717,259951.6701,4203247.617,3582.687988
281.069431,259951.6581,4203247.593,3582.696045
281.0961903,259951.6462,4203247.569,3582.70459
281.1229496,259951.6342,4203247.545,3582.718506
281.149709,259951.6222,4203247.521,3582.730713
281.1764683,259951.6103,4203247.497,3582.743652
281.2032276,259951.5983,4203247.473,3582.753174
281.2299869,259951.5863,4203247.449,3582.761475
281.2567462,259951.5744,4203247.425,3582.766602
281.2835055,259951.5624,4203247.401,3582.770996
281.3102649,259951.5504,4203247.377,3582.773438
281.3370242,259951.5385,4203247.354,3582.776855
281.3637835,259951.5265,4203247.33,3582.782227
281.3905428,259951.5145,4203247.306,3582.788574
281.4173021,259951.5026,4203247.282,3582.797363
281.4440614,259951.4906,4203247.258,3582.806396
281.4708208,259951.4786,4203247.234,3582.817383
281.4975801,259951.4667,4203247.21,3582.829102
281.5243394,259951.4547,4203247.186,3582.841064
281.5510987,259951.4427,4203247.162,3582.854492
281.577858,259951.4308,4203247.138,3582.864502
281.6046173,259951.4188,4203247.114,3582.870361
281.6313767,259951.4068,4203247.09,3582.873535
281.658136,259951.3949,4203247.066,3582.878174
281.6848953,259951.3829,4203247.042,3582.886475
281.7116546,259951.3709,4203247.018,3582.902832
281.7384139,259951.359,4203246.994,3582.915771
281.7651732,259951.347,4203246.971,3582.932861
281.7919326,259951.335,4203246.947,3582.945068
281.8186919,259951.3231,4203246.923,3582.95752
281.8454512,259951.3111,4203246.899,3582.969727
281.8722105,259951.2991,4203246.875,3582.980469
281.8989698,259951.2872,4203246.851,3582.990967
281.9257291,259951.2752,4203246.827,3582.998535
281.9524885,259951.2632,4203246.803,3583.002686
281.9792478,259951.2513,4203246.779,3583.005371
282.0060071,259951.2393,4203246.755,3583.008301
282.0327664,259951.2273,4203246.731,3583.012695
282.0595257,259951.2153,4203246.707,3583.017822
282.086285,259951.2034,4203246.683,3583.024902
282.1130444,259951.1914,4203246.659,3583.030029
282.1398037,259951.1794,4203246.635,3583.037109
282.166563,259951.1675,4203246.612,3583.04248
282.1933223,259951.1555,4203246.588,3583.04834
282.2200816,259951.1435,4203246.564,3583.052246
282.2468409,259951.1316,4203246.54,3583.055908
282.2736003,259951.1196,4203246.516,3583.058838
282.3003596,259951.1076,4203246.492,3583.060791
282.3271189,259951.0957,4203246.468,3583.0625
282.3538782,259951.0837,4203246.444,3583.062988
282.3806375,259951.0717,4203246.42,3583.064209
282.4073968,259951.0598,4203246.396,3583.064453
282.4341562,259951.0478,4203246.372,3583.06543
282.4609155,259951.0358,4203246.348,3583.06543
282.4876748,259951.0239,4203246.324,3583.066162
282.5144341,259951.0119,4203246.3,3583.065674
282.5411934,259950.9999,4203246.276,3583.065918
282.5679527,259950.988,4203246.253,3583.063477
282.5947121,259950.976,4203246.229,3583.0625
282.6214714,259950.964,4203246.205,3583.057373
282.6482307,259950.9521,4203246.181,3583.055908
282.67499,259950.9401,4203246.157,3583.050049
282.7017493,259950.9281,4203246.133,3583.048828
282.7285086,259950.9162,4203246.109,3583.043213
282.755268,259950.9042,4203246.085,3583.042725
282.7820273,259950.8922,4203246.061,3583.037598
282.8087866,259950.8803,4203246.037,3583.037354
282.8355459,259950.8683,4203246.013,3583.032959
282.8623052,259950.8563,4203245.989,3583.033203
282.8890645,259950.8444,4203245.965,3583.029541
282.9158239,259950.8324,4203245.941,3583.030518
282.9425832,259950.8204,4203245.917,3583.027832
282.9693425,259950.8085,4203245.894,3583.029053
282.9961018,259950.7965,4203245.87,3583.027344
283.0228611,259950.7845,4203245.846,3583.029053
283.0496204,259950.7726,4203245.822,3583.027344
283.0763798,259950.7606,4203245.798,3583.029541
283.1031391,259950.7486,4203245.774,3583.029053
283.1298984,259950.7367,4203245.75,3583.031494
283.1566577,259950.7247,4203245.726,3583.031738
283.183417,259950.7127,4203245.702,3583.033691
283.2101763,259950.7008,4203245.678,3583.034424
283.2369357,259950.6888,4203245.654,3583.036377
283.263695,259950.6768,4203245.63,3583.037598
283.2904543,259950.6649,4203245.606,3583.039795
283.3172136,259950.6529,4203245.582,3583.041504
283.3439729,259950.6409,4203245.558,3583.044678
283.3707322,259950.629,4203245.534,3583.049316
283.3974916,259950.617,4203245.511,3583.053467
283.4242509,259950.605,4203245.487,3583.058594
283.4510102,259950.5931,4203245.463,3583.062012
283.4777695,259950.5811,4203245.439,3583.066895
283.5045288,259950.5691,4203245.415,3583.071777
283.5312881,259950.5572,4203245.391,3583.084473
283.5580475,259950.5452,4203245.367,3583.092529
283.5848068,259950.5332,4203245.343,3583.113281
283.6115661,259950.5213,4203245.319,3583.126465
283.6383254,259950.5093,4203245.295,3583.155762
283.6650847,259950.4973,4203245.271,3583.168945
283.6918441,259950.4854,4203245.247,3583.201904
283.7186034,259950.4734,4203245.223,3583.217773
283.7453627,259950.4614,4203245.199,3583.253418
283.772122,259950.4495,4203245.175,3583.265137
283.7988813,259950.4375,4203245.152,3583.282227
283.8256406,259950.4255,4203245.128,3583.288818
283.8524,259950.4136,4203245.104,3583.298096
283.8791593,259950.4016,4203245.08,3583.30249
283.9059186,259950.3896,4203245.056,3583.308838
283.9326779,259950.3777,4203245.032,3583.311768
283.9594372,259950.3657,4203245.008,3583.316895
283.9861965,259950.3537,4203244.984,3583.318115
284.0129559,259950.3417,4203244.96,3583.320801
284.0397152,259950.3298,4203244.936,3583.320801
284.0664745,259950.3178,4203244.912,3583.321045
284.0932338,259950.3058,4203244.888,3583.321045
284.1199931,259950.2939,4203244.864,3583.320801
284.1467524,259950.2819,4203244.84,3583.319824
284.1735118,259950.2699,4203244.816,3583.316895
284.2002711,259950.258,4203244.793,3583.311035
284.2270304,259950.246,4203244.769,3583.297852
284.2537897,259950.234,4203244.745,3583.282715
284.280549,259950.2221,4203244.721,3583.260986
284.3073083,259950.2101,4203244.697,3583.238281
284.3340677,259950.1981,4203244.673,3583.211426
284.360827,259950.1862,4203244.649,3583.193604
284.3875863,259950.1742,4203244.625,3583.176514
284.4143456,259950.1622,4203244.601,3583.16333
284.4411049,259950.1503,4203244.577,3583.157959
284.4678642,259950.1383,4203244.553,3583.15625
284.4946236,259950.1263,4203244.529,3583.156494
284.5213829,259950.1144,4203244.505,3583.156006
284.5481422,259950.1024,4203244.481,3583.156494
284.5749015,259950.0904,4203244.457,3583.15625
284.6016608,259950.0785,4203244.434,3583.156982
284.6284201,259950.0665,4203244.41,3583.156738
284.6551795,259950.0545,4203244.386,3583.157471
284.6819388,259950.0426,4203244.362,3583.157715
284.7086981,259950.0306,4203244.338,3583.159668
284.7354574,259950.0186,4203244.314,3583.160889
284.7622167,259950.0067,4203244.29,3583.163574
284.788976,259949.9947,4203244.266,3583.167969
284.8157354,259949.9827,4203244.242,3583.175537
284.8424947,259949.9708,4203244.218,3583.180908
284.869254,259949.9588,4203244.194,3583.185791
284.8960133,259949.9468,4203244.17,3583.189697
284.9227726,259949.9349,4203244.146,3583.193848
284.9495319,259949.9229,4203244.122,3583.197754
284.9762913,259949.9109,4203244.098,3583.201172
285.0045157,259949.896,4203244.075,3583.205811
285.0327401,259949.881,4203244.051,3583.210205
285.0609645,259949.8661,4203244.027,3583.213379
285.0891889,259949.8511,4203244.003,3583.216553
285.1174134,259949.8361,4203243.979,3583.219238
285.1456378,259949.8212,4203243.955,3583.223145
285.1738622,259949.8062,4203243.931,3583.227295
285.2020866,259949.7913,4203243.907,3583.233887
285.230311,259949.7763,4203243.883,3583.240967
285.2585355,259949.7613,4203243.859,3583.248047
285.2867599,259949.7464,4203243.835,3583.255615
285.3149843,259949.7314,4203243.811,3583.263672
285.3432087,259949.7165,4203243.787,3583.273438
285.3714331,259949.7015,4203243.763,3583.281494
285.3996576,259949.6865,4203243.739,3583.286865
285.427882,259949.6716,4203243.715,3583.293457
285.4561064,259949.6566,4203243.692,3583.298584
285.4843308,259949.6417,4203243.668,3583.302246
285.5125552,259949.6267,4203243.644,3583.30542
285.5407797,259949.6118,4203243.62,3583.308105
285.5690041,259949.5968,4203243.596,3583.310791
285.5972285,259949.5818,4203243.572,3583.313965
285.6254529,259949.5669,4203243.548,3583.317139
285.6536773,259949.5519,4203243.524,3583.320557
285.6819018,259949.537,4203243.5,3583.323975
285.7101262,259949.522,4203243.476,3583.329102
285.7383506,259949.507,4203243.452,3583.332031
285.766575,259949.4921,4203243.428,3583.333252
285.7947994,259949.4771,4203243.404,3583.335938
285.8230239,259949.4622,4203243.38,3583.338379
285.8512483,259949.4472,4203243.356,3583.3396
285.8794727,259949.4322,4203243.333,3583.342041
285.9076971,259949.4173,4203243.309,3583.343262
285.9359215,259949.4023,4203243.285,3583.346191
285.964146,259949.3874,4203243.261,3583.350098
285.9923704,259949.3724,4203243.237,3583.353271
286.0205948,259949.3575,4203243.213,3583.360352
286.0488192,259949.3425,4203243.189,3583.370117
286.0770436,259949.3275,4203243.165,3583.377441
286.1052681,259949.3126,4203243.141,3583.386719
286.1334925,259949.2976,4203243.117,3583.393311
286.1617169,259949.2827,4203243.093,3583.399414
286.1899413,259949.2677,4203243.069,3583.402832
286.2181657,259949.2527,4203243.045,3583.40625
286.2463902,259949.2378,4203243.021,3583.414307
286.2746146,259949.2228,4203242.997,3583.42627
286.302839,259949.2079,4203242.974,3583.434082
286.3310634,259949.1929,4203242.95,3583.450684
286.3592879,259949.1779,4203242.926,3583.460938
286.3875123,259949.163,4203242.902,3583.474121
286.4157367,259949.148,4203242.878,3583.482422
286.4439611,259949.1331,4203242.854,3583.488281
286.4721855,259949.1181,4203242.83,3583.499512
286.50041,259949.1032,4203242.806,3583.51001
286.5286344,259949.0882,4203242.782,3583.516113
286.5568588,259949.0732,4203242.758,3583.522705
286.5850832,259949.0583,4203242.734,3583.533203
286.6133076,259949.0433,4203242.71,3583.541992
286.6415321,259949.0284,4203242.686,3583.562744
286.6697565,259949.0134,4203242.662,3583.574219
286.6979809,259948.9984,4203242.638,3583.596191
286.7262053,259948.9835,4203242.615,3583.614014
286.7544297,259948.9685,4203242.591,3583.624268
286.7826542,259948.9536,4203242.567,3583.639404
286.8108786,259948.9386,4203242.543,3583.650391
286.839103,259948.9236,4203242.519,3583.655762
286.8673274,259948.9087,4203242.495,3583.662842
286.8955518,259948.8937,4203242.471,3583.66748
286.9237763,259948.8788,4203242.447,3583.67334
286.9520007,259948.8638,4203242.423,3583.678467
286.9802251,259948.8488,4203242.399,3583.682373
287.0084495,259948.8339,4203242.375,3583.69165
287.0366739,259948.8189,4203242.351,3583.705078
287.0648984,259948.804,4203242.327,3583.713135
287.0931228,259948.789,4203242.303,3583.721191
287.1213472,259948.7741,4203242.279,3583.723633
287.1495716,259948.7591,4203242.256,3583.727295
287.177796,259948.7441,4203242.232,3583.730957
287.2060205,259948.7292,4203242.208,3583.73291
287.2342449,259948.7142,4203242.184,3583.736328
287.2624693,259948.6993,4203242.16,3583.741699
287.2906937,259948.6843,4203242.136,3583.748535
287.3189181,259948.6693,4203242.112,3583.762695
287.3471426,259948.6544,4203242.088,3583.773682
287.375367,259948.6394,4203242.064,3583.789795
287.4035914,259948.6245,4203242.04,3583.799072
287.4318158,259948.6095,4203242.016,3583.802734
287.4600402,259948.5945,4203241.992,3583.808838
287.4882647,259948.5796,4203241.968,3583.813965
287.5164891,259948.5646,4203241.944,3583.817139
287.5447135,259948.5497,4203241.92,3583.823242
287.5729379,259948.5347,4203241.896,3583.826904
287.6011623,259948.5198,4203241.873,3583.834961
287.6293868,259948.5048,4203241.849,3583.846436
287.6576112,259948.4898,4203241.825,3583.856201
287.6858356,259948.4749,4203241.801,3583.872314
287.71406,259948.4599,4203241.777,3583.884277
287.7422844,259948.445,4203241.753,3583.888184
287.7705089,259948.43,4203241.729,3583.889648
287.7987333,259948.415,4203241.705,3583.890381
287.8269577,259948.4001,4203241.681,3583.89209
287.8551821,259948.3851,4203241.657,3583.894287
287.8834065,259948.3702,4203241.633,3583.895508
287.911631,259948.3552,4203241.609,3583.897217
287.9398554,259948.3402,4203241.585,3583.898926
287.9680798,259948.3253,4203241.561,3583.899414
287.9963042,259948.3103,4203241.537,3583.900146
288.0245286,259948.2954,4203241.514,3583.900391
288.0527531,259948.2804,4203241.49,3583.900635
288.0809775,259948.2655,4203241.466,3583.900879
288.1092019,259948.2505,4203241.442,3583.900879
288.1374263,259948.2355,4203241.418,3583.901123
288.1656507,259948.2206,4203241.394,3583.901367
288.1938752,259948.2056,4203241.37,3583.901611
288.2220996,259948.1907,4203241.346,3583.9021
288.250324,259948.1757,4203241.322,3583.902588
288.2785484,259948.1607,4203241.298,3583.906494
288.3067729,259948.1458,4203241.274,3583.915039
288.3349973,259948.1308,4203241.25,3583.919922
288.3632217,259948.1159,4203241.226,3583.92749
288.3914461,259948.1009,4203241.202,3583.932373
288.4196705,259948.0859,4203241.178,3583.934814
288.447895,259948.071,4203241.155,3583.936768
288.4761194,259948.056,4203241.131,3583.937988
288.5043438,259948.0411,4203241.107,3583.939697
288.5325682,259948.0261,4203241.083,3583.941162
288.5607926,259948.0112,4203241.059,3583.941895
288.5890171,259947.9962,4203241.035,3583.942871
288.6172415,259947.9812,4203241.011,3583.943848
288.6454659,259947.9663,4203240.987,3583.944824
288.6736903,259947.9513,4203240.963,3583.945313
288.7019147,259947.9364,4203240.939,3583.946045
288.7301392,259947.9214,4203240.915,3583.947266
288.7583636,259947.9064,4203240.891,3583.94873
288.786588,259947.8915,4203240.867,3583.950439
288.8148124,259947.8765,4203240.843,3583.952148
288.8430368,259947.8616,4203240.819,3583.953857
288.8712613,259947.8466,4203240.796,3583.957275
288.8994857,259947.8316,4203240.772,3583.961426
288.9277101,259947.8167,4203240.748,3583.967773
288.9559345,259947.8017,4203240.724,3583.975098
288.9841589,259947.7868,4203240.7,3583.984863
289.0123834,259947.7718,4203240.676,3584.000488
289.0406078,259947.7568,4203240.652,3584.014648
289.0688322,259947.7419,4203240.628,3584.025146
289.0970566,259947.7269,4203240.604,3584.032227
289.125281,259947.712,4203240.58,3584.037354
289.1535055,259947.697,4203240.556,3584.040283
289.1817299,259947.6821,4203240.532,3584.041016
289.2099543,259947.6671,4203240.508,3584.04248
289.2381787,259947.6521,4203240.484,3584.042725
289.2664031,259947.6372,4203240.46,3584.044922
289.2946276,259947.6222,4203240.437,3584.046631
289.322852,259947.6073,4203240.413,3584.046631
289.3510764,259947.5923,4203240.389,3584.048584
289.3793008,259947.5773,4203240.365,3584.050293
289.4075252,259947.5624,4203240.341,3584.050293
289.4357497,259947.5474,4203240.317,3584.053467
289.4639741,259947.5325,4203240.293,3584.053467
289.4921985,259947.5175,4203240.269,3584.059082
289.5204229,259947.5025,4203240.245,3584.067627
289.5486473,259947.4876,4203240.221,3584.064453
289.5768718,259947.4726,4203240.197,3584.072998
289.6050962,259947.4577,4203240.173,3584.083496
289.6333206,259947.4427,4203240.149,3584.081299
289.661545,259947.4278,4203240.125,3584.09082
289.6897694,259947.4128,4203240.101,3584.088867
289.7179939,259947.3978,4203240.077,3584.101563
289.7462183,259947.3829,4203240.054,3584.116943
289.7744427,259947.3679,4203240.03,3584.118408
289.8026671,259947.353,4203240.006,3584.132324
289.8308915,259947.338,4203239.982,3584.14624
289.859116,259947.323,4203239.958,3584.147949
289.8873404,259947.3081,4203239.934,3584.1604
289.9155648,259947.2931,4203239.91,3584.162842
289.9437892,259947.2782,4203239.886,3584.176758
289.9720136,259947.2632,4203239.862,3584.191162
290.0002381,259947.2482,4203239.838,3584.195557
290.0284625,259947.2333,4203239.814,3584.208984
290.0566869,259947.2183,4203239.79,3584.220947
290.0849113,259947.2034,4203239.766,3584.223877
290.1131358,259947.1884,4203239.742,3584.235596
290.1413602,259947.1735,4203239.718,3584.23877
290.1695846,259947.1585,4203239.695,3584.248535
290.197809,259947.1435,4203239.671,3584.256104
290.2260334,259947.1286,4203239.647,3584.258545
290.2542579,259947.1136,4203239.623,3584.265869
290.2824823,259947.0987,4203239.599,3584.275391
290.3107067,259947.0837,4203239.575,3584.279297
290.3389311,259947.0687,4203239.551,3584.290771
290.3671555,259947.0538,4203239.527,3584.296631
290.39538,259947.0388,4203239.503,3584.311768
290.4236044,259947.0239,4203239.479,3584.32959
290.4518288,259947.0089,4203239.455,3584.334961
290.4800532,259946.9939,4203239.431,3584.34375
290.5082776,259946.979,4203239.407,3584.351074
290.5365021,259946.964,4203239.383,3584.355957
290.5647265,259946.9491,4203239.359,3584.368408
290.5929509,259946.9341,4203239.336,3584.388916
290.6211753,259946.9192,4203239.312,3584.402588
290.6493997,259946.9042,4203239.288,3584.437744
290.6776242,259946.8892,4203239.264,3584.458252
290.7058486,259946.8743,4203239.24,3584.491699
290.734073,259946.8593,4203239.216,3584.517822
290.7622974,259946.8444,4203239.192,3584.528809
290.7905218,259946.8294,4203239.168,3584.546875
290.8187463,259946.8144,4203239.144,3584.560791
290.8469707,259946.7995,4203239.12,3584.566162
290.8751951,259946.7845,4203239.096,3584.574951
290.9034195,259946.7696,4203239.072,3584.57959
290.9316439,259946.7546,4203239.048,3584.589355
290.9598684,259946.7396,4203239.024,3584.5979
290.9880928,259946.7247,4203239,3584.603271
291.0163172,259946.7097,4203238.977,3584.608154
291.0445416,259946.6948,4203238.953,3584.611572
291.072766,259946.6798,4203238.929,3584.615234
291.1009905,259946.6648,4203238.905,3584.618896
291.1292149,259946.6499,4203238.881,3584.622803
291.1574393,259946.6349,4203238.857,3584.625732
291.1856637,259946.62,4203238.833,3584.628418
291.2138881,259946.605,4203238.809,3584.631836
291.2421126,259946.5901,4203238.785,3584.634033
291.270337,259946.5751,4203238.761,3584.635986
291.2985614,259946.5601,4203238.737,3584.640381
291.3267858,259946.5452,4203238.713,3584.641357
291.3550102,259946.5302,4203238.689,3584.645752
291.3832347,259946.5153,4203238.665,3584.646729
291.4114591,259946.5003,4203238.641,3584.647461
291.4396835,259946.4853,4203238.617,3584.6521
291.4679079,259946.4704,4203238.594,3584.652588
291.4961323,259946.4554,4203238.57,3584.653076
291.5243568,259946.4405,4203238.546,3584.657715
291.5525812,259946.4255,4203238.522,3584.65918
291.5808056,259946.4105,4203238.498,3584.664551
291.60903,259946.3956,4203238.474,3584.666016
291.6372544,259946.3806,4203238.45,3584.668701
291.6654789,259946.3657,4203238.426,3584.675293
291.6937033,259946.3507,4203238.402,3584.679199
291.7219277,259946.3358,4203238.378,3584.683838
291.7501521,259946.3208,4203238.354,3584.692139
291.7783765,259946.3058,4203238.33,3584.69751
291.806601,259946.2909,4203238.306,3584.705078
291.8348254,259946.2759,4203238.282,3584.71167
291.8630498,259946.261,4203238.258,3584.72168
291.8912742,259946.246,4203238.235,3584.734131
291.9194986,259946.231,4203238.211,3584.75415
291.9477231,259946.2161,4203238.187,3584.773682
291.9759475,259946.2011,4203238.163,3584.790283
292.0041719,259946.1862,4203238.139,3584.803467
292.0323963,259946.1712,4203238.115,3584.814453
292.0606208,259946.1562,4203238.091,3584.824219
292.0888452,259946.1413,4203238.067,3584.832275
292.1170696,259946.1263,4203238.043,3584.842529
292.145294,259946.1114,4203238.019,3584.850586
292.1735184,259946.0964,4203237.995,3584.85791
292.2017429,259946.0815,4203237.971,3584.866943
292.2299673,259946.0665,4203237.947,3584.871094
292.2581917,259946.0515,4203237.923,3584.877197
292.2864161,259946.0366,4203237.899,3584.878662
292.3146405,259946.0216,4203237.876,3584.878906
292.342865,259946.0067,4203237.852,3584.882568
292.3710894,259945.9917,4203237.828,3584.881104
292.3993138,259945.9767,4203237.804,3584.879639
292.4275382,259945.9618,4203237.78,3584.883545
292.455247,259945.9378,4203237.766,3584.87793
292.4829558,259945.9139,4203237.752,3584.875244
292.5106646,259945.89,4203237.738,3584.873291
292.5383733,259945.866,4203237.724,3584.867188
292.5660821,259945.8421,4203237.71,3584.867188
292.5937909,259945.8182,4203237.696,3584.862305
292.6214997,259945.7942,4203237.682,3584.86377
292.6492085,259945.7703,4203237.668,3584.865723
292.6769172,259945.7464,4203237.654,3584.861816
292.704626,259945.7224,4203237.64,3584.864746
292.7323348,259945.6985,4203237.626,3584.86084
292.7600436,259945.6746,4203237.612,3584.86377
292.7877524,259945.6506,4203237.598,3584.861084
292.8154612,259945.6267,4203237.584,3584.86499
292.8431699,259945.6028,4203237.57,3584.869873
292.8708787,259945.5788,4203237.556,3584.868896
292.8985875,259945.5549,4203237.542,3584.876221
292.9262963,259945.531,4203237.528,3584.877197
292.9540051,259945.507,4203237.515,3584.88623
292.9817138,259945.4831,4203237.501,3584.892822
293.0094226,259945.4592,4203237.487,3584.894043
293.0371314,259945.4352,4203237.473,3584.898682
293.0648402,259945.4113,4203237.459,3584.900146
293.092549,259945.3874,4203237.445,3584.905273
293.1202577,259945.3634,4203237.431,3584.907227
293.1479665,259945.3395,4203237.417,3584.914307
293.1756753,259945.3156,4203237.403,3584.92334
293.2033841,259945.2916,4203237.389,3584.926514
293.2310929,259945.2677,4203237.375,3584.931396
293.2588017,259945.2438,4203237.361,3584.933594
293.2865104,259945.2198,4203237.347,3584.936523
293.3142192,259945.1959,4203237.333,3584.937988
293.341928,259945.1719,4203237.319,3584.938721
293.3696368,259945.148,4203237.305,3584.939209
293.3973456,259945.1241,4203237.291,3584.939697
293.4250543,259945.1001,4203237.277,3584.939941
293.4527631,259945.0762,4203237.263,3584.939453
293.4804719,259945.0523,4203237.249,3584.939697
293.5081807,259945.0283,4203237.235,3584.9375
293.5358895,259945.0044,4203237.221,3584.935547
293.5635982,259944.9805,4203237.207,3584.92627
293.591307,259944.9565,4203237.193,3584.922119
293.6190158,259944.9326,4203237.179,3584.913086
293.6467246,259944.9087,4203237.165,3584.905518
293.6744334,259944.8847,4203237.152,3584.903076
293.7021421,259944.8608,4203237.138,3584.898926
293.7298509,259944.8369,4203237.124,3584.898193
293.7575597,259944.8129,4203237.11,3584.895264
293.7852685,259944.789,4203237.096,3584.890869
293.8129773,259944.7651,4203237.082,3584.891113
293.8406861,259944.7411,4203237.068,3584.886475
293.8683948,259944.7172,4203237.054,3584.886475
293.8961036,259944.6933,4203237.04,3584.881348
293.9238124,259944.6693,4203237.026,3584.881592
293.9515212,259944.6454,4203237.012,3584.875244
293.97923,259944.6215,4203236.998,3584.86792
294.0069387,259944.5975,4203236.984,3584.866699
294.0346475,259944.5736,4203236.97,3584.860352
294.0623563,259944.5497,4203236.956,3584.860107
294.0900651,259944.5257,4203236.942,3584.859131
294.1177739,259944.5018,4203236.928,3584.858887
294.1454826,259944.4779,4203236.914,3584.859131
294.1731914,259944.4539,4203236.9,3584.859131
294.2009002,259944.43,4203236.886,3584.859375
294.228609,259944.4061,4203236.872,3584.859619
294.2563178,259944.3821,4203236.858,3584.859863
294.2840266,259944.3582,4203236.844,3584.860352
294.3117353,259944.3342,4203236.83,3584.861328
294.3394441,259944.3103,4203236.816,3584.861572
294.3671529,259944.2864,4203236.802,3584.862793
294.3948617,259944.2624,4203236.789,3584.863037
294.4225705,259944.2385,4203236.775,3584.864746
294.4502792,259944.2146,4203236.761,3584.866699
294.477988,259944.1906,4203236.747,3584.866943
294.5056968,259944.1667,4203236.733,3584.867676
294.5334056,259944.1428,4203236.719,3584.867432
294.5611144,259944.1188,4203236.705,3584.867676
294.5888231,259944.0949,4203236.691,3584.867432
294.6165319,259944.071,4203236.677,3584.867676
294.6442407,259944.047,4203236.663,3584.86792
294.6719495,259944.0231,4203236.649,3584.867432
294.6996583,259943.9992,4203236.635,3584.867676
294.7273671,259943.9752,4203236.621,3584.867188
294.7550758,259943.9513,4203236.607,3584.867188
294.7827846,259943.9274,4203236.593,3584.867188
294.8104934,259943.9034,4203236.579,3584.866699
294.8382022,259943.8795,4203236.565,3584.866699
294.865911,259943.8556,4203236.551,3584.865967
294.8936197,259943.8316,4203236.537,3584.865967
294.9213285,259943.8077,4203236.523,3584.865479
294.9490373,259943.7838,4203236.509,3584.86499
294.9767461,259943.7598,4203236.495,3584.864746
295.0044549,259943.7359,4203236.481,3584.864014
295.0321636,259943.712,4203236.467,3584.863525
295.0598724,259943.688,4203236.453,3584.862061
295.0875812,259943.6641,4203236.439,3584.86084
295.11529,259943.6402,4203236.426,3584.859619
295.1429988,259943.6162,4203236.412,3584.856934
295.1707076,259943.5923,4203236.398,3584.853271
295.1984163,259943.5684,4203236.384,3584.85083
295.2261251,259943.5444,4203236.37,3584.849365
295.2538339,259943.5205,4203236.356,3584.8479
295.2815427,259943.4966,4203236.342,3584.845459
295.3092515,259943.4726,4203236.328,3584.843506
295.3369602,259943.4487,4203236.314,3584.84082
295.364669,259943.4247,4203236.3,3584.837646
295.3923778,259943.4008,4203236.286,3584.83374
295.4200866,259943.3769,4203236.272,3584.827881
295.4477954,259943.3529,4203236.258,3584.819824
295.4755041,259943.329,4203236.244,3584.811279
295.5032129,259943.3051,4203236.23,3584.801025
295.5309217,259943.2811,4203236.216,3584.792725
295.5586305,259943.2572,4203236.202,3584.78418
295.5863393,259943.2333,4203236.188,3584.775391
295.6140481,259943.2093,4203236.174,3584.770752
295.6417568,259943.1854,4203236.16,3584.768799
295.6694656,259943.1615,4203236.146,3584.767578
295.6971744,259943.1375,4203236.132,3584.765869
295.7248832,259943.1136,4203236.118,3584.76416
295.752592,259943.0897,4203236.104,3584.762451
295.7803007,259943.0657,4203236.09,3584.760742
295.8080095,259943.0418,4203236.076,3584.759033
295.8357183,259943.0179,4203236.063,3584.756104
295.8634271,259942.9939,4203236.049,3584.752686
295.8911359,259942.97,4203236.035,3584.748291
295.9188446,259942.9461,4203236.021,3584.744141
295.9465534,259942.9221,4203236.007,3584.740967
295.9742622,259942.8982,4203235.993,3584.73877
296.001971,259942.8743,4203235.979,3584.736816
296.0296798,259942.8503,4203235.965,3584.73584
296.0573885,259942.8264,4203235.951,3584.734375
296.0850973,259942.8025,4203235.937,3584.733643
296.1176697,259942.7785,4203235.915,3584.73291
296.150242,259942.7546,4203235.893,3584.732422
296.1828143,259942.7307,4203235.871,3584.731934
296.2153867,259942.7067,4203235.848,3584.731445
296.247959,259942.6828,4203235.826,3584.731445
296.2805313,259942.6589,4203235.804,3584.731445
296.3131036,259942.6349,4203235.782,3584.732422
296.345676,259942.611,4203235.76,3584.730713
296.3782483,259942.587,4203235.738,3584.732666
296.4108206,259942.5631,4203235.716,3584.736328
296.443393,259942.5392,4203235.694,3584.742188
296.4759653,259942.5152,4203235.672,3584.748291
296.5085376,259942.4913,4203235.65,3584.755615
296.54111,259942.4674,4203235.628,3584.761963
296.5736823,259942.4434,4203235.605,3584.76709
296.6062546,259942.4195,4203235.583,3584.77124
296.6388269,259942.3956,4203235.561,3584.776855
296.6713993,259942.3716,4203235.539,3584.784912
296.7039716,259942.3477,4203235.517,3584.79248
296.7365439,259942.3238,4203235.495,3584.79834
296.7691163,259942.2998,4203235.473,3584.802979
296.8016886,259942.2759,4203235.451,3584.802002
296.8342609,259942.252,4203235.429,3584.806641
296.8668333,259942.228,4203235.407,3584.811035
296.8994056,259942.2041,4203235.385,3584.814941
296.9319779,259942.1802,4203235.362,3584.819092
296.9645503,259942.1562,4203235.34,3584.822998
296.9971226,259942.1323,4203235.318,3584.82666
297.0296949,259942.1084,4203235.296,3584.830322
297.0622672,259942.0844,4203235.274,3584.832031
297.0948396,259942.0605,4203235.252,3584.833496
297.1274119,259942.0366,4203235.23,3584.835205
297.1599842,259942.0126,4203235.208,3584.837646
297.1925566,259941.9887,4203235.186,3584.839844
297.2251289,259941.9648,4203235.164,3584.83374
297.2577012,259941.9408,4203235.142,3584.835938
297.2902736,259941.9169,4203235.119,3584.837646
297.3228459,259941.893,4203235.097,3584.839111
297.3554182,259941.869,4203235.075,3584.8396
297.3879905,259941.8451,4203235.053,3584.839844
297.4205629,259941.8212,4203235.031,3584.839844
297.4531352,259941.7972,4203235.009,3584.8396
297.4857075,259941.7733,4203234.987,3584.839355
297.5182799,259941.7493,4203234.965,3584.8396
297.5508522,259941.7254,4203234.943,3584.8396
297.5834245,259941.7015,4203234.921,3584.839844
297.6159969,259941.6775,4203234.898,3584.840088
297.6485692,259941.6536,4203234.876,3584.836182
297.6811415,259941.6297,4203234.854,3584.835938
297.7137138,259941.6057,4203234.832,3584.835205
297.7462862,259941.5818,4203234.81,3584.83374
297.7788585,259941.5579,4203234.788,3584.832031
297.8114308,259941.5339,4203234.766,3584.830078
297.8440032,259941.51,4203234.744,3584.828125
297.8765755,259941.4861,4203234.722,3584.827393
297.9091478,259941.4621,4203234.7,3584.827393
297.9417202,259941.4382,4203234.678,3584.827637
297.9742925,259941.4143,4203234.655,3584.828125
298.0068648,259941.3903,4203234.633,3584.829102
298.0394372,259941.3664,4203234.611,3584.830322
298.0720095,259941.3425,4203234.589,3584.83252
298.1045818,259941.3185,4203234.567,3584.830322
298.1371541,259941.2946,4203234.545,3584.832764
298.1697265,259941.2707,4203234.523,3584.835693
298.2022988,259941.2467,4203234.501,3584.839844
298.2348711,259941.2228,4203234.479,3584.844971
298.2674435,259941.1989,4203234.457,3584.851318
298.3000158,259941.1749,4203234.435,3584.858398
298.3325881,259941.151,4203234.412,3584.865234
298.3651605,259941.1271,4203234.39,3584.874756
298.3977328,259941.1031,4203234.368,3584.886475
298.4303051,259941.0792,4203234.346,3584.900635
298.4628774,259941.0553,4203234.324,3584.915039
298.4954498,259941.0313,4203234.302,3584.931396
298.5280221,259941.0074,4203234.28,3584.933594
298.5605944,259940.9835,4203234.258,3584.950928
298.5931668,259940.9595,4203234.236,3584.967529
298.6257391,259940.9356,4203234.214,3584.981689
298.6583114,259940.9117,4203234.192,3584.993408
298.6908838,259940.8877,4203234.169,3585.002441
298.7234561,259940.8638,4203234.147,3585.009033
298.7560284,259940.8398,4203234.125,3585.014648
298.7886008,259940.8159,4203234.103,3585.020996
298.8211731,259940.792,4203234.081,3585.026123
298.8537454,259940.768,4203234.059,3585.033203
298.8863177,259940.7441,4203234.037,3585.041748
298.9188901,259940.7202,4203234.015,3585.050781
298.9514624,259940.6962,4203233.993,3585.060791
298.9840347,259940.6723,4203233.971,3585.062256
299.0166071,259940.6484,4203233.948,3585.068115
299.0491794,259940.6244,4203233.926,3585.071533
299.0817517,259940.6005,4203233.904,3585.073242
299.1143241,259940.5766,4203233.882,3585.073975
299.1468964,259940.5526,4203233.86,3585.074219
299.1794687,259940.5287,4203233.838,3585.073975
299.212041,259940.5048,4203233.816,3585.073486
299.2446134,259940.4808,4203233.794,3585.07251
299.2771857,259940.4569,4203233.772,3585.071045
299.309758,259940.433,4203233.75,3585.068115
299.3423304,259940.409,4203233.728,3585.063721
299.3749027,259940.3851,4203233.705,3585.059326
299.407475,259940.3612,4203233.683,3585.054443
299.4400474,259940.3372,4203233.661,3585.049316
299.4726197,259940.3133,4203233.639,3585.044678
299.505192,259940.2894,4203233.617,3585.04126
299.5377643,259940.2654,4203233.595,3585.039795
299.5703367,259940.2415,4203233.573,3585.038574
299.602909,259940.2176,4203233.551,3585.037842
299.6354813,259940.1936,4203233.529,3585.037109
299.6680537,259940.1697,4203233.507,3585.036621
299.700626,259940.1458,4203233.485,3585.036133
299.7331983,259940.1218,4203233.462,3585.0354
299.7657707,259940.0979,4203233.44,3585.03418
299.798343,259940.074,4203233.418,3585.032471
299.8309153,259940.05,4203233.396,3585.030762
299.8634877,259940.0261,4203233.374,3585.030029
299.89606,259940.0021,4203233.352,3585.028809
299.9286323,259939.9782,4203233.33,3585.027344
299.9612046,259939.9543,4203233.308,3585.026123
299.993777,259939.9303,4203233.286,3585.024658
300.0263493,259939.9064,4203233.264,3585.023193
300.0589216,259939.8825,4203233.241,3585.020996
300.091494,259939.8585,4203233.219,3585.018799
300.1240663,259939.8346,4203233.197,3585.015381
300.1566386,259939.8107,4203233.175,3585.008789
300.189211,259939.7867,4203233.153,3585.000977
300.2217833,259939.7628,4203233.131,3584.993652
300.2543556,259939.7389,4203233.109,3584.988037
300.2869279,259939.7149,4203233.087,3584.984375
300.3195003,259939.691,4203233.065,3584.980713
300.3520726,259939.6671,4203233.043,3584.977783
300.3846449,259939.6431,4203233.021,3584.975586
300.4172173,259939.6192,4203232.998,3584.973633
300.4497896,259939.5953,4203232.976,3584.971436
300.4823619,259939.5713,4203232.954,3584.969238
300.5149343,259939.5474,4203232.932,3584.966797
300.5475066,259939.5235,4203232.91,3584.965332
300.5800789,259939.4995,4203232.888,3584.964844
300.6126513,259939.4756,4203232.866,3584.964844
300.6452236,259939.4517,4203232.844,3584.965332
300.6777959,259939.4277,4203232.822,3584.967041
300.7103682,259939.4038,4203232.8,3584.966064
300.7429406,259939.3799,4203232.778,3584.968506
300.7756424,259939.3576,4203232.754,3584.971924
300.8083442,259939.3353,4203232.73,3584.976563
300.841046,259939.313,4203232.706,3584.983398
300.8737478,259939.2907,4203232.682,3584.992676
300.9064496,259939.2684,4203232.658,3584.998535
300.9391515,259939.2462,4203232.634,3585.000977
300.9718533,259939.2239,4203232.61,3585.002686
301.0045551,259939.2016,4203232.586,3585.003418
301.0372569,259939.1793,4203232.562,3585.00415
301.0699587,259939.157,4203232.538,3585.004395
301.1026605,259939.1347,4203232.514,3585.004395
301.1353623,259939.1125,4203232.49,3585.00415
301.1680642,259939.0902,4203232.466,3585.003174
301.200766,259939.0679,4203232.442,3585.002197
301.2334678,259939.0456,4203232.419,3585.000488
301.2661696,259939.0233,4203232.395,3584.998535
301.2988714,259939.001,4203232.371,3584.994873
301.3315732,259938.9788,4203232.347,3584.990723
301.364275,259938.9565,4203232.323,3584.986328
301.3969768,259938.9342,4203232.299,3584.981445
301.4296787,259938.9119,4203232.275,3584.975586
301.4623805,259938.8896,4203232.251,3584.970215
301.4950823,259938.8673,4203232.227,3584.96875
301.5277841,259938.8451,4203232.203,3584.964355
301.5604859,259938.8228,4203232.179,3584.962158
301.5931877,259938.8005,4203232.155,3584.961426
301.6258895,259938.7782,4203232.131,3584.960938
301.6585914,259938.7559,4203232.107,3584.960938
301.6912932,259938.7336,4203232.083,3584.962158
301.723995,259938.7113,4203232.06,3584.962891
301.7566968,259938.6891,4203232.036,3584.964844
301.7893986,259938.6668,4203232.012,3584.969238
301.8221004,259938.6445,4203231.988,3584.973633
301.8548022,259938.6222,4203231.964,3584.978027
301.8875041,259938.5999,4203231.94,3584.982666
301.9202059,259938.5776,4203231.916,3584.986572
301.9529077,259938.5554,4203231.892,3584.990967
301.9856095,259938.5331,4203231.868,3584.99292
302.0183113,259938.5108,4203231.844,3585.000244
302.0510131,259938.4885,4203231.82,3585.01123
302.0837149,259938.4662,4203231.796,3585.02417
302.1164168,259938.4439,4203231.772,3585.037109
302.1491186,259938.4217,4203231.748,3585.051025
302.1818204,259938.3994,4203231.724,3585.062012
302.2145222,259938.3771,4203231.7,3585.069336
302.247224,259938.3548,4203231.677,3585.072998
302.2799258,259938.3325,4203231.653,3585.072754
302.3126276,259938.3102,4203231.629,3585.06958
302.3453295,259938.288,4203231.605,3585.064697
302.3780313,259938.2657,4203231.581,3585.05957
302.4107331,259938.2434,4203231.557,3585.052246
302.4434349,259938.2211,4203231.533,3585.044189
302.4761367,259938.1988,4203231.509,3585.030762
302.5088385,259938.1765,4203231.485,3585.018066
302.5415403,259938.1543,4203231.461,3585.007568
302.5742422,259938.132,4203231.437,3584.998779
302.606944,259938.1097,4203231.413,3584.981201
302.6396458,259938.0874,4203231.389,3584.953857
302.6723476,259938.0651,4203231.365,3584.923096
302.7050494,259938.0428,4203231.341,3584.894775
302.7377512,259938.0206,4203231.318,3584.875977
302.770453,259937.9983,4203231.294,3584.863037
302.8031548,259937.976,4203231.27,3584.854736
302.8358567,259937.9537,4203231.246,3584.849609
302.8685585,259937.9314,4203231.222,3584.846436
302.9012603,259937.9091,4203231.198,3584.84375
302.9339621,259937.8869,4203231.174,3584.841797
302.9666639,259937.8646,4203231.15,3584.845215
302.9993657,259937.8423,4203231.126,3584.844971
303.0320675,259937.82,4203231.102,3584.845215
303.0647694,259937.7977,4203231.078,3584.84668
303.0974712,259937.7754,4203231.054,3584.850342
303.130173,259937.7532,4203231.03,3584.85498
303.1628748,259937.7309,4203231.006,3584.862305
303.1955766,259937.7086,4203230.982,3584.867188
303.2282784,259937.6863,4203230.959,3584.870605
303.2609802,259937.664,4203230.935,3584.871094
303.2936821,259937.6417,4203230.911,3584.869385
303.3263839,259937.6195,4203230.887,3584.866455
303.3590857,259937.5972,4203230.863,3584.862793
303.3917875,259937.5749,4203230.839,3584.857422
303.4244893,259937.5526,4203230.815,3584.851807
303.4571911,259937.5303,4203230.791,3584.849365
303.4898929,259937.508,4203230.767,3584.838135
303.5225948,259937.4858,4203230.743,3584.823975
303.5552966,259937.4635,4203230.719,3584.811523
303.5879984,259937.4412,4203230.695,3584.804199
303.6207002,259937.4189,4203230.671,3584.800537
303.653402,259937.3966,4203230.647,3584.79834
303.6861038,259937.3743,4203230.623,3584.796387
303.7188056,259937.352,4203230.6,3584.79541
303.7515075,259937.3298,4203230.576,3584.795166
303.7842093,259937.3075,4203230.552,3584.796143
303.8169111,259937.2852,4203230.528,3584.797607
303.8496129,259937.2629,4203230.504,3584.800293
303.8823147,259937.2406,4203230.48,3584.812744
303.9150165,259937.2183,4203230.456,3584.838623
303.9477183,259937.1961,4203230.432,3584.859131
303.9804201,259937.1738,4203230.408,3584.889404
304.013122,259937.1515,4203230.384,3584.915039
304.0458238,259937.1292,4203230.36,3584.937256
304.0785256,259937.1069,4203230.336,3584.955078
304.1112274,259937.0846,4203230.312,3584.971924
304.1439292,259937.0624,4203230.288,3584.992676
304.176631,259937.0401,4203230.264,3585.016602
304.2093328,259937.0178,4203230.241,3585.038818
304.2420347,259936.9955,4203230.217,3585.0625
304.2747365,259936.9732,4203230.193,3585.088867
304.3074383,259936.9509,4203230.169,3585.115479
304.3401401,259936.9287,4203230.145,3585.139404
304.3728419,259936.9064,4203230.121,3585.163818
304.4055437,259936.8841,4203230.097,3585.189453
304.4382455,259936.8618,4203230.073,3585.202637
304.4709474,259936.8395,4203230.049,3585.2229
304.5036492,259936.8172,4203230.025,3585.239258
304.536351,259936.795,4203230.001,3585.254395
304.5690528,259936.7727,4203229.977,3585.265869
304.6017546,259936.7504,4203229.953,3585.28418
304.6344564,259936.7281,4203229.929,3585.304932
304.6671582,259936.7058,4203229.905,3585.327637
304.6998601,259936.6835,4203229.881,3585.354736
304.7325619,259936.6613,4203229.858,3585.382813
304.7652637,259936.639,4203229.834,3585.4021
304.7979655,259936.6167,4203229.81,3585.412354
304.8306673,259936.5944,4203229.786,3585.420898
304.8633691,259936.5721,4203229.762,3585.429688
304.8960709,259936.5498,4203229.738,3585.440186
304.9287728,259936.5276,4203229.714,3585.449463
304.9614746,259936.5053,4203229.69,3585.461426
304.9941764,259936.483,4203229.666,3585.474609
305.0268782,259936.4607,4203229.642,3585.49292
305.05958,259936.4384,4203229.618,3585.516113
305.0922818,259936.4161,4203229.594,3585.5354
305.1249836,259936.3939,4203229.57,3585.549072
305.1576854,259936.3716,4203229.546,3585.566162
305.1903873,259936.3493,4203229.522,3585.584961
305.2230891,259936.327,4203229.499,3585.60376
305.2557909,259936.3047,4203229.475,3585.62085
305.2884927,259936.2824,4203229.451,3585.634521
305.3211945,259936.2602,4203229.427,3585.645996
305.3538963,259936.2379,4203229.403,3585.655762
305.3865981,259936.2156,4203229.379,3585.661621
305.4193,259936.1933,4203229.355,3585.665283
305.4520018,259936.171,4203229.331,3585.669189
305.4847036,259936.1487,4203229.307,3585.672607
305.5174054,259936.1264,4203229.283,3585.676025
305.5501072,259936.1042,4203229.259,3585.681152
305.582809,259936.0819,4203229.235,3585.689453
305.6155108,259936.0596,4203229.211,3585.704102
305.6482127,259936.0373,4203229.187,3585.730469
305.6809145,259936.015,4203229.163,3585.767822
305.7136163,259935.9927,4203229.14,3585.814453
305.7463181,259935.9705,4203229.116,3585.856689
305.7790199,259935.9482,4203229.092,3585.885498
305.8117217,259935.9259,4203229.068,3585.911621
305.8444235,259935.9036,4203229.044,3585.93457
305.8771254,259935.8813,4203229.02,3585.953125
305.9098272,259935.859,4203228.996,3585.965332
305.942529,259935.8368,4203228.972,3585.986816
305.9752308,259935.8145,4203228.948,3586.006348
306.0079326,259935.7922,4203228.924,3586.024414
306.0406344,259935.7699,4203228.9,3586.038574
306.0733362,259935.7476,4203228.876,3586.050293
306.1060381,259935.7253,4203228.852,3586.060303
306.1387399,259935.7031,4203228.828,3586.071533
306.1714417,259935.6808,4203228.804,3586.085693
306.2041435,259935.6585,4203228.781,3586.098877
306.2368453,259935.6362,4203228.757,3586.106934
306.2695471,259935.6139,4203228.733,3586.11499
306.3022489,259935.5916,4203228.709,3586.123291
306.3349507,259935.5694,4203228.685,3586.130127
306.3676526,259935.5471,4203228.661,3586.136963
306.4003544,259935.5248,4203228.637,3586.143311
306.4330562,259935.5025,4203228.613,3586.156982
306.465758,259935.4802,4203228.589,3586.175049
306.4984598,259935.4579,4203228.565,3586.194092
306.5311616,259935.4357,4203228.541,3586.212158
306.5638634,259935.4134,4203228.517,3586.226074
306.5965653,259935.3911,4203228.493,3586.236572
306.6292671,259935.3688,4203228.469,3586.243164
306.6619689,259935.3465,4203228.445,3586.250732
306.6946707,259935.3242,4203228.422,3586.257813
306.7273725,259935.302,4203228.398,3586.265381
306.7600743,259935.2797,4203228.374,3586.273193
306.7927761,259935.2574,4203228.35,3586.28125
306.825478,259935.2351,4203228.326,3586.290527
306.8581798,259935.2128,4203228.302,3586.299805
306.8908816,259935.1905,4203228.278,3586.308105
306.9235834,259935.1683,4203228.254,3586.319336
306.9562852,259935.146,4203228.23,3586.332275
306.988987,259935.1237,4203228.206,3586.347656
307.0216888,259935.1014,4203228.182,3586.364014
307.0543907,259935.0791,4203228.158,3586.377197
307.0870925,259935.0568,4203228.134,3586.388916
307.1197943,259935.0346,4203228.11,3586.39624
307.1524961,259935.0123,4203228.086,3586.400146
307.1851979,259934.99,4203228.062,3586.402588
307.2178997,259934.9677,4203228.039,3586.404541
307.2506015,259934.9454,4203228.015,3586.407471
307.2833034,259934.9231,4203227.991,3586.410645
307.3160052,259934.9008,4203227.967,3586.416016
307.348707,259934.8786,4203227.943,3586.422119
307.3814088,259934.8563,4203227.919,3586.426514
307.4141106,259934.834,4203227.895,3586.432861
307.4468124,259934.8117,4203227.871,3586.439209
307.4795142,259934.7894,4203227.847,3586.444824
307.512216,259934.7671,4203227.823,3586.450928
307.5449179,259934.7449,4203227.799,3586.457275
307.5776197,259934.7226,4203227.775,3586.463623
307.6103215,259934.7003,4203227.751,3586.471436
307.6430233,259934.678,4203227.727,3586.47876
307.6757251,259934.6557,4203227.703,3586.484619
307.7084269,259934.6334,4203227.68,3586.491455
307.7411287,259934.6112,4203227.656,3586.502197
307.7738306,259934.5889,4203227.632,3586.515381
307.8065324,259934.5666,4203227.608,3586.529541
307.8392342,259934.5443,4203227.584,3586.540039
307.871936,259934.522,4203227.56,3586.548828
307.9046378,259934.4997,4203227.536,3586.554199
307.9373396,259934.4775,4203227.512,3586.557861
307.9700414,259934.4552,4203227.488,3586.560059
308.0027433,259934.4329,4203227.464,3586.5625
308.0354451,259934.4106,4203227.44,3586.56543
308.0681469,259934.3883,4203227.416,3586.568359
308.1008487,259934.366,4203227.392,3586.572754
308.1335505,259934.3438,4203227.368,3586.577881
308.1662523,259934.3215,4203227.344,3586.583496
308.1989541,259934.2992,4203227.321,3586.592529
308.231656,259934.2769,4203227.297,3586.603027
308.2643578,259934.2546,4203227.273,3586.61377
308.2970596,259934.2323,4203227.249,3586.625
308.3297614,259934.2101,4203227.225,3586.637939
308.3624632,259934.1878,4203227.201,3586.648438
308.395165,259934.1655,4203227.177,3586.659912
308.4278668,259934.1432,4203227.153,3586.669434
308.4605687,259934.1209,4203227.129,3586.678955
308.4932705,259934.0986,4203227.105,3586.69165
308.5259723,259934.0764,4203227.081,3586.706543
308.5586741,259934.0541,4203227.057,3586.726807
308.5913759,259934.0318,4203227.033,3586.750977
308.6240777,259934.0095,4203227.009,3586.780029
308.6567795,259933.9872,4203226.985,3586.810059
308.6894813,259933.9649,4203226.962,3586.843506
308.7221832,259933.9427,4203226.938,3586.87915
308.754885,259933.9204,4203226.914,3586.912354
308.7875868,259933.8981,4203226.89,3586.937012
308.8202886,259933.8758,4203226.866,3586.946533
308.8529904,259933.8535,4203226.842,3586.946289
308.8856922,259933.8312,4203226.818,3586.949219
308.918394,259933.809,4203226.794,3586.950195
308.9510959,259933.7867,4203226.77,3586.949951
308.9837977,259933.7644,4203226.746,3586.949463
309.0164995,259933.7421,4203226.722,3586.94873
309.0492013,259933.7198,4203226.698,3586.946533
309.0819031,259933.6975,4203226.674,3586.940674
309.1146049,259933.6753,4203226.65,3586.931152
309.1473067,259933.653,4203226.626,3586.921387
309.1800086,259933.6307,4203226.602,3586.910156
309.2127104,259933.6084,4203226.579,3586.902588
309.2454122,259933.5861,4203226.555,3586.896973
309.278114,259933.5638,4203226.531,3586.893555
309.3108158,259933.5415,4203226.507,3586.891602
309.3435176,259933.5193,4203226.483,3586.887939
309.3762194,259933.497,4203226.459,3586.886963
309.4089213,259933.4747,4203226.435,3586.887695
309.4416231,259933.4524,4203226.411,3586.889648
309.4743249,259933.4301,4203226.387,3586.892334
309.5070267,259933.4078,4203226.363,3586.896973
309.5397285,259933.3856,4203226.339,3586.903809
309.5724303,259933.3633,4203226.315,3586.918213
309.6051321,259933.341,4203226.291,3586.941406
309.637834,259933.3187,4203226.267,3586.955566
309.6705358,259933.2964,4203226.243,3586.964355
309.7032376,259933.2741,4203226.22,3586.970947
309.7359394,259933.2519,4203226.196,3586.978027
309.7686412,259933.2296,4203226.172,3586.986328
309.801343,259933.2073,4203226.148,3586.99585
309.8340448,259933.185,4203226.124,3586.997803
309.8667466,259933.1627,4203226.1,3587.009277
309.8994485,259933.1404,4203226.076,3587.022705
309.9321503,259933.1182,4203226.052,3587.036865
309.9648521,259933.0959,4203226.028,3587.052734
309.9975539,259933.0736,4203226.004,3587.067383
310.0302557,259933.0513,4203225.98,3587.078369
310.0629575,259933.029,4203225.956,3587.088135
310.0956593,259933.0067,4203225.932,3587.097168
310.1283612,259932.9845,4203225.908,3587.106445
310.161063,259932.9622,4203225.884,3587.112305
310.1937648,259932.9399,4203225.861,3587.115479
310.2264666,259932.9176,4203225.837,3587.118896
310.2591684,259932.8953,4203225.813,3587.121826
310.2918702,259932.873,4203225.789,3587.124756
310.324572,259932.8508,4203225.765,3587.126221
310.3572739,259932.8285,4203225.741,3587.126221
310.3899757,259932.8062,4203225.717,3587.126709
310.4226775,259932.7839,4203225.693,3587.126953
310.4553793,259932.7616,4203225.669,3587.127197
310.4880811,259932.7393,4203225.645,3587.127686
310.5207829,259932.7171,4203225.621,3587.129395
310.5534847,259932.6948,4203225.597,3587.131836
310.5861866,259932.6725,4203225.573,3587.135498
310.6188884,259932.6502,4203225.549,3587.139648
310.6515902,259932.6279,4203225.525,3587.143066
310.684292,259932.6056,4203225.502,3587.14624
310.7169938,259932.5834,4203225.478,3587.150391
310.7496956,259932.5611,4203225.454,3587.15332
310.7823974,259932.5388,4203225.43,3587.157227
310.8150993,259932.5165,4203225.406,3587.161133
310.8478011,259932.4942,4203225.382,3587.165283
310.8805029,259932.4719,4203225.358,3587.169189
310.9132047,259932.4497,4203225.334,3587.172852
310.9459065,259932.4274,4203225.31,3587.177002
310.9786083,259932.4051,4203225.286,3587.180664
311.0113101,259932.3828,4203225.262,3587.184814
311.0440119,259932.3605,4203225.238,3587.189453
311.0767138,259932.3382,4203225.214,3587.195068
311.1094156,259932.3159,4203225.19,3587.200195
311.1421174,259932.2937,4203225.166,3587.204346
311.1748192,259932.2714,4203225.143,3587.206787
311.207832,259932.2486,4203225.119,3587.208496
311.2408448,259932.2259,4203225.095,3587.209961
311.2738576,259932.2032,4203225.071,3587.210938
311.3068704,259932.1804,4203225.047,3587.211914
311.3398832,259932.1577,4203225.023,3587.212646
311.372896,259932.135,4203224.999,3587.215088
311.4059088,259932.1122,4203224.975,3587.215332
311.4389216,259932.0895,4203224.951,3587.215332
311.4719344,259932.0667,4203224.927,3587.214355
311.5049472,259932.044,4203224.903,3587.213379
311.53796,259932.0213,4203224.879,3587.212646
311.5709728,259931.9985,4203224.855,3587.21167
311.6039856,259931.9758,4203224.831,3587.211182
311.6369984,259931.9531,4203224.807,3587.211426
311.6700112,259931.9303,4203224.783,3587.21167
311.703024,259931.9076,4203224.76,3587.212646
311.7360368,259931.8848,4203224.736,3587.213867
311.7690496,259931.8621,4203224.712,3587.215088
311.8020624,259931.8394,4203224.688,3587.216309
311.8350752,259931.8166,4203224.664,3587.218262
311.868088,259931.7939,4203224.64,3587.219971
311.9011008,259931.7712,4203224.616,3587.222412
311.9341136,259931.7484,4203224.592,3587.225098
311.9671264,259931.7257,4203224.568,3587.230225
312.0001392,259931.7029,4203224.544,3587.239014
312.033152,259931.6802,4203224.52,3587.248047
312.0661648,259931.6575,4203224.496,3587.252686
312.0991776,259931.6347,4203224.472,3587.259277
312.1321904,259931.612,4203224.448,3587.264648
312.1652032,259931.5893,4203224.424,3587.268799
312.198216,259931.5665,4203224.401,3587.272461
312.2312288,259931.5438,4203224.377,3587.276123
312.2642416,259931.521,4203224.353,3587.279297
312.2972544,259931.4983,4203224.329,3587.281738
312.3302672,259931.4756,4203224.305,3587.284424
312.36328,259931.4528,4203224.281,3587.28833
312.3962928,259931.4301,4203224.257,3587.291504
312.4293056,259931.4074,4203224.233,3587.293945
312.4623184,259931.3846,4203224.209,3587.297119
312.4953312,259931.3619,4203224.185,3587.300293
312.528344,259931.3391,4203224.161,3587.303467
312.5613568,259931.3164,4203224.137,3587.306641
312.5943696,259931.2937,4203224.113,3587.309326
312.6273824,259931.2709,4203224.089,3587.311768
312.6603952,259931.2482,4203224.065,3587.314209
312.693408,259931.2255,4203224.042,3587.31665
312.7264208,259931.2027,4203224.018,3587.319092
312.7594336,259931.18,4203223.994,3587.323486
312.7924464,259931.1572,4203223.97,3587.32666
312.8254592,259931.1345,4203223.946,3587.329834
312.858472,259931.1118,4203223.922,3587.332031
312.8914848,259931.089,4203223.898,3587.334717
312.9244976,259931.0663,4203223.874,3587.336914
312.9575103,259931.0436,4203223.85,3587.338623
312.9905231,259931.0208,4203223.826,3587.340088
313.0235359,259930.9981,4203223.802,3587.341309
313.0565487,259930.9753,4203223.778,3587.342773
313.0895615,259930.9526,4203223.754,3587.343994
313.1225743,259930.9299,4203223.73,3587.345703
313.1555871,259930.9071,4203223.706,3587.347168
313.1885999,259930.8844,4203223.683,3587.349365
313.2216127,259930.8617,4203223.659,3587.350586
313.2546255,259930.8389,4203223.635,3587.351563
313.2876383,259930.8162,4203223.611,3587.352539
313.3206511,259930.7934,4203223.587,3587.353027
313.3536639,259930.7707,4203223.563,3587.35376
313.3866767,259930.748,4203223.539,3587.354004
313.4196895,259930.7252,4203223.515,3587.354492
313.4527023,259930.7025,4203223.491,3587.354736
313.4857151,259930.6798,4203223.467,3587.358154
313.5187279,259930.657,4203223.443,3587.358643
313.5517407,259930.6343,4203223.419,3587.359375
313.5847535,259930.6115,4203223.395,3587.360107
313.6177663,259930.5888,4203223.371,3587.36084
313.6507791,259930.5661,4203223.347,3587.362305
313.6837919,259930.5433,4203223.324,3587.363281
313.7168047,259930.5206,4203223.3,3587.364502
313.7498175,259930.4979,4203223.276,3587.365723
313.7828303,259930.4751,4203223.252,3587.366699
313.8158431,259930.4524,4203223.228,3587.367188
313.8488559,259930.4296,4203223.204,3587.372803
313.8818687,259930.4069,4203223.18,3587.37207
313.9148815,259930.3842,4203223.156,3587.370361
313.9478943,259930.3614,4203223.132,3587.368408
313.9809071,259930.3387,4203223.108,3587.365967
314.0139199,259930.316,4203223.084,3587.363037
314.0469327,259930.2932,4203223.06,3587.359375
314.0799455,259930.2705,4203223.036,3587.355469
314.1129583,259930.2477,4203223.012,3587.351318
314.1459711,259930.225,4203222.988,3587.347412
314.1789839,259930.2023,4203222.964,3587.349609
314.2119967,259930.1795,4203222.941,3587.344482
314.2450095,259930.1568,4203222.917,3587.338379
314.2780223,259930.1341,4203222.893,3587.330811
314.3110351,259930.1113,4203222.869,3587.321289
314.3440479,259930.0886,4203222.845,3587.310303
314.3770607,259930.0658,4203222.821,3587.302002
314.4100735,259930.0431,4203222.797,3587.297852
314.4430863,259930.0204,4203222.773,3587.293945
314.4760991,259929.9976,4203222.749,3587.291992
314.5091119,259929.9749,4203222.725,3587.289551
314.5421247,259929.9522,4203222.701,3587.288086
314.5751375,259929.9294,4203222.677,3587.287598
314.6081503,259929.9067,4203222.653,3587.288086
314.6411631,259929.8839,4203222.629,3587.290527
314.6741759,259929.8612,4203222.605,3587.293213
314.7071887,259929.8385,4203222.582,3587.297852
314.7402015,259929.8157,4203222.558,3587.305664
314.7732143,259929.793,4203222.534,3587.315918
314.8062271,259929.7703,4203222.51,3587.327148
314.8392399,259929.7475,4203222.486,3587.338135
314.8722527,259929.7248,4203222.462,3587.348145
314.9052655,259929.702,4203222.438,3587.356201
314.9382783,259929.6793,4203222.414,3587.36377
314.9712911,259929.6566,4203222.39,3587.371094
315.0043039,259929.6338,4203222.366,3587.378174
315.0373167,259929.6111,4203222.342,3587.385742
315.0703295,259929.5884,4203222.318,3587.39502
315.1033423,259929.5656,4203222.294,3587.405762
315.1363551,259929.5429,4203222.27,3587.415527
315.1693679,259929.5201,4203222.246,3587.426758
315.2023807,259929.4974,4203222.223,3587.439453
315.2353935,259929.4747,4203222.199,3587.452393
315.2684063,259929.4519,4203222.175,3587.466309
315.3014191,259929.4292,4203222.151,3587.480469
315.3344319,259929.4065,4203222.127,3587.492432
315.3674447,259929.3837,4203222.103,3587.500732
315.4004575,259929.361,4203222.079,3587.508545
315.4334703,259929.3382,4203222.055,3587.516113
315.4664831,259929.3155,4203222.031,3587.521973
315.4994959,259929.2928,4203222.007,3587.525879
315.5325087,259929.27,4203221.983,3587.528809
315.5655215,259929.2473,4203221.959,3587.532471
315.5985343,259929.2246,4203221.935,3587.532959
315.6315471,259929.2018,4203221.911,3587.533203
315.6645599,259929.1791,4203221.887,3587.533203
315.6975727,259929.1563,4203221.864,3587.532959
315.7305855,259929.1336,4203221.84,3587.532959
315.7635983,259929.1109,4203221.816,3587.531982
315.7966111,259929.0881,4203221.792,3587.530762
315.8296239,259929.0654,4203221.768,3587.529785
315.8626367,259929.0427,4203221.744,3587.528076
315.8956495,259929.0199,4203221.72,3587.525146
315.9286623,259928.9972,4203221.696,3587.521729
315.9616751,259928.9744,4203221.672,3587.516846
315.9946879,259928.9517,4203221.648,3587.512451
316.0277007,259928.929,4203221.624,3587.508057
316.0607135,259928.9062,4203221.6,3587.505127
316.0937263,259928.8835,4203221.576,3587.502686
316.126739,259928.8608,4203221.552,3587.501221
316.1597518,259928.838,4203221.528,3587.499756
316.1927646,259928.8153,4203221.505,3587.499023
316.2257774,259928.7925,4203221.481,3587.498535
316.2587902,259928.7698,4203221.457,3587.503418
316.291803,259928.7471,4203221.433,3587.504395
316.3248158,259928.7243,4203221.409,3587.505127
316.3578286,259928.7016,4203221.385,3587.506592
316.3908414,259928.6789,4203221.361,3587.509521
316.4238542,259928.6561,4203221.337,3587.513916
316.456867,259928.6334,4203221.313,3587.520996
316.4898798,259928.6106,4203221.289,3587.528076
316.5228926,259928.5879,4203221.265,3587.536133
316.5559054,259928.5652,4203221.241,3587.544922
316.5889182,259928.5424,4203221.217,3587.55542
316.621931,259928.5197,4203221.193,3587.569824
316.6549438,259928.4969,4203221.169,3587.581787
316.6879566,259928.4742,4203221.145,3587.592773
316.7209694,259928.4515,4203221.122,3587.603271
316.7539822,259928.4287,4203221.098,3587.611572
316.786995,259928.406,4203221.074,3587.617676
316.8200078,259928.3833,4203221.05,3587.622803
316.8530206,259928.3605,4203221.026,3587.626465
316.8860334,259928.3378,4203221.002,3587.628906
316.9190462,259928.315,4203220.978,3587.630127
316.952059,259928.2923,4203220.954,3587.635254
316.9850718,259928.2696,4203220.93,3587.634766
317.0180846,259928.2468,4203220.906,3587.633057
317.0510974,259928.2241,4203220.882,3587.630371
317.0841102,259928.2014,4203220.858,3587.626953
317.117123,259928.1786,4203220.834,3587.624023
317.1501358,259928.1559,4203220.81,3587.621338
317.1831486,259928.1331,4203220.786,3587.619629
317.2161614,259928.1104,4203220.763,3587.618896
317.2491742,259928.0877,4203220.739,3587.61792
317.282187,259928.0649,4203220.715,3587.617188
317.3151998,259928.0422,4203220.691,3587.616943
317.3482126,259928.0195,4203220.667,3587.617432
317.3812254,259927.9967,4203220.643,3587.618408
317.4142382,259927.974,4203220.619,3587.619873
317.447251,259927.9512,4203220.595,3587.621338
317.4802638,259927.9285,4203220.571,3587.623535
317.5132766,259927.9058,4203220.547,3587.625488
317.5462894,259927.883,4203220.523,3587.628174
317.5793022,259927.8603,4203220.499,3587.633057
317.612315,259927.8376,4203220.475,3587.643066
317.6453278,259927.8148,4203220.451,3587.652344
317.6783406,259927.7921,4203220.427,3587.662842
317.7113534,259927.7693,4203220.404,3587.671875
317.7443662,259927.7466,4203220.38,3587.681152
317.777379,259927.7239,4203220.356,3587.691162
317.8103918,259927.7011,4203220.332,3587.701904
317.8434046,259927.6784,4203220.308,3587.710938
317.8764174,259927.6557,4203220.284,3587.718994
317.9094302,259927.6329,4203220.26,3587.725586
317.942443,259927.6102,4203220.236,3587.729248
317.9754558,259927.5874,4203220.212,3587.735107
318.0084686,259927.5647,4203220.188,3587.742676
318.0414814,259927.542,4203220.164,3587.751221
318.0744942,259927.5192,4203220.14,3587.760254
318.107507,259927.4965,4203220.116,3587.769043
318.1405198,259927.4738,4203220.092,3587.7771
318.1735326,259927.451,4203220.068,3587.78418
318.2065454,259927.4283,4203220.045,3587.790527
318.2395582,259927.4055,4203220.021,3587.796875
318.272571,259927.3828,4203219.997,3587.802734
318.3055838,259927.3601,4203219.973,3587.806641
318.3385966,259927.3373,4203219.949,3587.81543
318.3716094,259927.3146,4203219.925,3587.819336
318.4046222,259927.2919,4203219.901,3587.82251
318.437635,259927.2691,4203219.877,3587.827393
318.4641303,259927.2577,4203219.853,3587.832031
318.4906256,259927.2462,4203219.829,3587.843018
318.5171209,259927.2347,4203219.805,3587.848877
318.5436162,259927.2233,4203219.781,3587.861084
318.5701115,259927.2118,4203219.758,3587.868652
318.5966069,259927.2004,4203219.734,3587.882324
318.6231022,259927.1889,4203219.71,3587.891113
318.6495975,259927.1775,4203219.686,3587.906738
318.6760928,259927.166,4203219.662,3587.914063
318.7025881,259927.1545,4203219.638,3587.928711
318.7290834,259927.1431,4203219.614,3587.936523
318.7555787,259927.1316,4203219.59,3587.949219
318.782074,259927.1202,4203219.566,3587.958008
318.8085694,259927.1087,4203219.543,3587.967773
318.8350647,259927.0973,4203219.519,3587.973877
318.86156,259927.0858,4203219.495,3587.980713
318.8880553,259927.0743,4203219.471,3587.985596
318.9145506,259927.0629,4203219.447,3587.988525
318.9410459,259927.0514,4203219.423,3587.994385
318.9675412,259927.04,4203219.399,3588.002686
318.9940365,259927.0285,4203219.375,3588.013672
319.0205319,259927.0171,4203219.351,3588.023438
319.0470272,259927.0056,4203219.328,3588.0354
319.0735225,259926.9941,4203219.304,3588.045654
319.1000178,259926.9827,4203219.28,3588.057861
319.1265131,259926.9712,4203219.256,3588.06665
319.1530084,259926.9598,4203219.232,3588.078613
319.1795037,259926.9483,4203219.208,3588.087158
319.205999,259926.9369,4203219.184,3588.09668
319.2324944,259926.9254,4203219.16,3588.10498
319.2589897,259926.9139,4203219.136,3588.118408
319.285485,259926.9025,4203219.112,3588.131836
319.3119803,259926.891,4203219.089,3588.145508
319.3384756,259926.8796,4203219.065,3588.158936
319.3649709,259926.8681,4203219.041,3588.174805
319.3914662,259926.8567,4203219.017,3588.186523
319.4179615,259926.8452,4203218.993,3588.198975
319.4444569,259926.8337,4203218.969,3588.209961
319.4709522,259926.8223,4203218.945,3588.219727
319.4974475,259926.8108,4203218.921,3588.226807
319.5239428,259926.7994,4203218.897,3588.233154
319.5504381,259926.7879,4203218.874,3588.239746
319.5769334,259926.7765,4203218.85,3588.245117
319.6034287,259926.765,4203218.826,3588.252686
319.629924,259926.7535,4203218.802,3588.258057
319.6564194,259926.7421,4203218.778,3588.267334
319.6829147,259926.7306,4203218.754,3588.276611
319.70941,259926.7192,4203218.73,3588.290771
319.7359053,259926.7077,4203218.706,3588.299316
319.7624006,259926.6963,4203218.682,3588.30835
319.7888959,259926.6848,4203218.659,3588.315186
319.8153912,259926.6733,4203218.635,3588.324951
319.8418865,259926.6619,4203218.611,3588.331787
319.8683819,259926.6504,4203218.587,3588.34082
319.8948772,259926.639,4203218.563,3588.345947
319.9213725,259926.6275,4203218.539,3588.353271
319.9478678,259926.616,4203218.515,3588.358154
319.9743631,259926.6046,4203218.491,3588.365479
320.0008584,259926.5931,4203218.467,3588.369629
320.0273537,259926.5817,4203218.444,3588.374756
320.053849,259926.5702,4203218.42,3588.379395
320.0803444,259926.5588,4203218.396,3588.384277
320.1068397,259926.5473,4203218.372,3588.387695
320.133335,259926.5358,4203218.348,3588.390381
320.1598303,259926.5244,4203218.324,3588.393799
320.1863256,259926.5129,4203218.3,3588.396973
320.2128209,259926.5015,4203218.276,3588.400879
320.2393162,259926.49,4203218.252,3588.405029
320.2658115,259926.4786,4203218.229,3588.410645
320.2923069,259926.4671,4203218.205,3588.415527
320.3188022,259926.4556,4203218.181,3588.424561
320.3452975,259926.4442,4203218.157,3588.431152
320.3717928,259926.4327,4203218.133,3588.441895
320.3982881,259926.4213,4203218.109,3588.450439
320.4247834,259926.4098,4203218.085,3588.46875
320.4512787,259926.3984,4203218.061,3588.480957
320.477774,259926.3869,4203218.037,3588.501953
320.5042694,259926.3754,4203218.014,3588.508057
320.5307647,259926.364,4203217.99,3588.519775
320.55726,259926.3525,4203217.966,3588.525391
320.5837553,259926.3411,4203217.942,3588.537842
320.6102506,259926.3296,4203217.918,3588.544678
320.6367459,259926.3182,4203217.894,3588.557129
320.6632412,259926.3067,4203217.87,3588.564209
320.6897365,259926.2952,4203217.846,3588.572021
320.7162319,259926.2838,4203217.822,3588.577637
320.7427272,259926.2723,4203217.799,3588.586914
320.7692225,259926.2609,4203217.775,3588.59375
320.7957178,259926.2494,4203217.751,3588.602539
320.8222131,259926.238,4203217.727,3588.612793
320.8487084,259926.2265,4203217.703,3588.622803
320.8752037,259926.215,4203217.679,3588.63623
320.901699,259926.2036,4203217.655,3588.649902
320.9281944,259926.1921,4203217.631,3588.670166
320.9546897,259926.1807,4203217.607,3588.685547
320.981185,259926.1692,4203217.584,3588.70459
321.0076803,259926.1578,4203217.56,3588.717773
321.0341756,259926.1463,4203217.536,3588.739258
321.0606709,259926.1348,4203217.512,3588.750244
321.0871662,259926.1234,4203217.488,3588.765869
321.1136615,259926.1119,4203217.464,3588.780762
321.1401569,259926.1005,4203217.44,3588.797607
321.1666522,259926.089,4203217.416,3588.810303
321.1931475,259926.0776,4203217.392,3588.819824
321.2196428,259926.0661,4203217.369,3588.828125
321.2461381,259926.0546,4203217.345,3588.83667
321.2726334,259926.0432,4203217.321,3588.84375
321.2991287,259926.0317,4203217.297,3588.850098
321.325624,259926.0203,4203217.273,3588.855225
321.3521194,259926.0088,4203217.249,3588.862061
321.3786147,259925.9973,4203217.225,3588.865234
321.40511,259925.9859,4203217.201,3588.869873
321.4316053,259925.9744,4203217.177,3588.874268
321.4581006,259925.963,4203217.154,3588.880859
321.4845959,259925.9515,4203217.13,3588.887695
321.5110912,259925.9401,4203217.106,3588.898193
321.5375865,259925.9286,4203217.082,3588.909912
321.5640819,259925.9171,4203217.058,3588.919434
321.5905772,259925.9057,4203217.034,3588.932129
321.6170725,259925.8942,4203217.01,3588.945801
321.6435678,259925.8828,4203216.986,3588.962646
321.6700631,259925.8713,4203216.962,3588.976807
321.6965584,259925.8599,4203216.939,3588.99292
321.7230537,259925.8484,4203216.915,3589.006104
321.749549,259925.8369,4203216.891,3589.020264
321.7760444,259925.8255,4203216.867,3589.029541
321.8025397,259925.814,4203216.843,3589.038818
321.829035,259925.8026,4203216.819,3589.043945
321.8555303,259925.7911,4203216.795,3589.05127
321.8820256,259925.7797,4203216.771,3589.054932
321.9085209,259925.7682,4203216.747,3589.061035
321.9350162,259925.7567,4203216.723,3589.0625
321.9615115,259925.7453,4203216.7,3589.067139
321.9880069,259925.7338,4203216.676,3589.065674
322.0145022,259925.7224,4203216.652,3589.068359
322.0409975,259925.7109,4203216.628,3589.065918
322.0674928,259925.6995,4203216.604,3589.067627
322.0939881,259925.688,4203216.58,3589.064697
322.1204834,259925.6765,4203216.556,3589.065918
322.1469787,259925.6651,4203216.532,3589.063721
322.173474,259925.6536,4203216.508,3589.064941
322.1999694,259925.6422,4203216.485,3589.066162
322.2264647,259925.6307,4203216.461,3589.064209
322.25296,259925.6193,4203216.437,3589.06543
322.2794553,259925.6078,4203216.413,3589.064697
322.3059506,259925.5963,4203216.389,3589.066406
322.3324459,259925.5849,4203216.365,3589.066406
322.3589412,259925.5734,4203216.341,3589.068115
322.3854365,259925.562,4203216.317,3589.068604
322.4119319,259925.5505,4203216.293,3589.070801
322.4384272,259925.5391,4203216.27,3589.071533
322.4649225,259925.5276,4203216.246,3589.07373
322.4914178,259925.5161,4203216.222,3589.074951
322.5179131,259925.5047,4203216.198,3589.076904
322.5444084,259925.4932,4203216.174,3589.079346
322.5709037,259925.4818,4203216.15,3589.082764
322.597399,259925.4703,4203216.126,3589.087402
322.6238944,259925.4588,4203216.102,3589.092041
322.6503897,259925.4474,4203216.078,3589.102295
322.676885,259925.4359,4203216.055,3589.110352
322.7033803,259925.4245,4203216.031,3589.123047
322.7298756,259925.413,4203216.007,3589.133789
322.7563709,259925.4016,4203215.983,3589.145752
322.7828662,259925.3901,4203215.959,3589.153809
322.8093615,259925.3786,4203215.935,3589.162842
322.8358569,259925.3672,4203215.911,3589.168945
322.8623522,259925.3557,4203215.887,3589.175781
322.8888475,259925.3443,4203215.863,3589.185791
322.9153428,259925.3328,4203215.84,3589.194092
322.9418381,259925.3214,4203215.816,3589.208496
322.9683334,259925.3099,4203215.792,3589.219482
322.9948287,259925.2984,4203215.768,3589.237305
323.021324,259925.287,4203215.744,3589.25
323.0478194,259925.2755,4203215.72,3589.27417
323.0743147,259925.2641,4203215.696,3589.29541
323.10081,259925.2526,4203215.672,3589.328613
323.1273053,259925.2412,4203215.648,3589.34668
323.1538006,259925.2297,4203215.625,3589.373779
323.1802959,259925.2182,4203215.601,3589.390137
323.2067912,259925.2068,4203215.577,3589.40918
323.2332865,259925.1953,4203215.553,3589.419922
323.2597819,259925.1839,4203215.529,3589.430176
323.2862772,259925.1724,4203215.505,3589.438477
323.3127725,259925.161,4203215.481,3589.445068
323.3392678,259925.1495,4203215.457,3589.450195
323.3657631,259925.138,4203215.433,3589.452881
323.3922584,259925.1266,4203215.41,3589.456543
323.4187537,259925.1151,4203215.386,3589.458252
323.445249,259925.1037,4203215.362,3589.462158
323.4717444,259925.0922,4203215.338,3589.464355
323.4982397,259925.0808,4203215.314,3589.468506
323.524735,259925.0693,4203215.29,3589.473145
323.5512303,259925.0578,4203215.266,3589.475342
323.5777256,259925.0464,4203215.242,3589.480469
323.6042209,259925.0349,4203215.218,3589.481445
323.6307162,259925.0235,4203215.195,3589.486084
323.6572115,259925.012,4203215.171,3589.484619
323.6837069,259925.0006,4203215.147,3589.489502
323.7102022,259924.9891,4203215.123,3589.488281
323.7366975,259924.9776,4203215.099,3589.493652
323.7631928,259924.9662,4203215.075,3589.494141
323.7896881,259924.9547,4203215.051,3589.500488
323.8161834,259924.9433,4203215.027,3589.501953
323.8426787,259924.9318,4203215.003,3589.509521
323.869174,259924.9204,4203214.98,3589.513184
323.8956694,259924.9089,4203214.956,3589.52002
323.9221647,259924.8974,4203214.932,3589.52417
323.94866,259924.886,4203214.908,3589.530518
323.9751553,259924.8745,4203214.884,3589.535645
324.0016506,259924.8631,4203214.86,3589.541748
324.0281459,259924.8516,4203214.836,3589.550781
324.0546412,259924.8401,4203214.812,3589.565918
324.0811365,259924.8287,4203214.788,3589.591309
324.1076319,259924.8172,4203214.765,3589.61084
324.1341272,259924.8058,4203214.741,3589.635742
324.1606225,259924.7943,4203214.717,3589.649658
324.1871178,259924.7829,4203214.693,3589.662109
324.2136131,259924.7714,4203214.669,3589.679688
324.2401084,259924.7599,4203214.645,3589.691406
324.2666037,259924.7485,4203214.621,3589.706543
324.293099,259924.737,4203214.597,3589.720215
324.3195944,259924.7256,4203214.573,3589.747803
324.3460897,259924.7141,4203214.55,3589.777344
324.372585,259924.7027,4203214.526,3589.830566
324.3990803,259924.6912,4203214.502,3589.879639
324.4255756,259924.6797,4203214.478,3589.932129
324.4520709,259924.6683,4203214.454,3589.964844
324.4785662,259924.6568,4203214.43,3589.989014
324.5050615,259924.6454,4203214.406,3589.998779
324.5315569,259924.6339,4203214.382,3590.004395
324.5580522,259924.6225,4203214.358,3590.010742
324.5845475,259924.611,4203214.335,3590.01416
324.6110428,259924.5995,4203214.311,3590.020752
324.6375381,259924.5881,4203214.287,3590.023193
324.6640334,259924.5766,4203214.263,3590.030029
324.6905287,259924.5652,4203214.239,3590.032471
324.717024,259924.5537,4203214.215,3590.037354
324.7435193,259924.5423,4203214.191,3590.037842
324.7700147,259924.5308,4203214.167,3590.042236
324.79651,259924.5193,4203214.143,3590.04248
324.8230053,259924.5079,4203214.119,3590.047852
324.8495006,259924.4964,4203214.096,3590.054443
324.8759959,259924.485,4203214.072,3590.055908
324.9024912,259924.4735,4203214.048,3590.062988
324.9289865,259924.4621,4203214.024,3590.064209
324.9554818,259924.4506,4203214,3590.070801
324.9819772,259924.4391,4203213.976,3590.07251
325.0084725,259924.4277,4203213.952,3590.080078
325.0349678,259924.4162,4203213.928,3590.081787
325.0614631,259924.4048,4203213.904,3590.089111
325.0879584,259924.3933,4203213.881,3590.091797
325.1144537,259924.3819,4203213.857,3590.098877
325.140949,259924.3704,4203213.833,3590.101318
325.1674443,259924.3589,4203213.809,3590.108643
325.1939397,259924.3475,4203213.785,3590.111084
325.220435,259924.336,4203213.761,3590.115723
325.2469303,259924.3246,4203213.737,3590.117432
325.2734256,259924.3131,4203213.713,3590.120117
325.2999209,259924.3017,4203213.689,3590.121826
325.3264162,259924.2902,4203213.666,3590.124512
325.3529115,259924.2787,4203213.642,3590.126221
325.3794068,259924.2673,4203213.618,3590.129883
325.4059022,259924.2558,4203213.594,3590.133545
325.4323975,259924.2444,4203213.57,3590.139893
325.4588928,259924.2329,4203213.546,3590.146484
325.4853881,259924.2214,4203213.522,3590.155273
325.5118834,259924.21,4203213.498,3590.16626
325.5383787,259924.1985,4203213.474,3590.180176
325.564874,259924.1871,4203213.451,3590.198975
325.5913693,259924.1756,4203213.427,3590.218994
325.6176685,259924.1646,4203213.403,3590.235107
325.6439677,259924.1536,4203213.379,3590.247559
325.6702669,259924.1426,4203213.355,3590.256104
325.6965661,259924.1315,4203213.331,3590.263672
325.7228653,259924.1205,4203213.307,3590.270264
325.7491645,259924.1095,4203213.283,3590.276611
325.7754637,259924.0985,4203213.26,3590.284912
325.8017629,259924.0875,4203213.236,3590.290771
325.8280621,259924.0764,4203213.212,3590.29834
325.8543613,259924.0654,4203213.188,3590.30542
325.8806605,259924.0544,4203213.164,3590.314941
325.9069597,259924.0434,4203213.14,3590.324707
325.9332589,259924.0323,4203213.116,3590.333496
325.9595581,259924.0213,4203213.092,3590.343018
325.9858573,259924.0103,4203213.069,3590.349365
326.0121564,259923.9993,4203213.045,3590.355225
326.0384556,259923.9883,4203213.021,3590.360107
326.0647548,259923.9772,4203212.997,3590.364502
326.091054,259923.9662,4203212.973,3590.367676
326.1173532,259923.9552,4203212.949,3590.371094
326.1436524,259923.9442,4203212.925,3590.373291
326.1699516,259923.9332,4203212.901,3590.375732
326.1962508,259923.9221,4203212.877,3590.377686
326.22255,259923.9111,4203212.854,3590.379395
326.2488492,259923.9001,4203212.83,3590.381348
326.2751484,259923.8891,4203212.806,3590.384033
326.3014476,259923.8781,4203212.782,3590.388672
326.3277468,259923.867,4203212.758,3590.39502
326.354046,259923.856,4203212.734,3590.402344
326.3803452,259923.845,4203212.71,3590.411865
326.4066443,259923.834,4203212.686,3590.422607
326.4329435,259923.823,4203212.663,3590.438965
326.4592427,259923.8119,4203212.639,3590.463135
326.4855419,259923.8009,4203212.615,3590.480225
326.5118411,259923.7899,4203212.591,3590.490723
326.5381403,259923.7789,4203212.567,3590.502197
326.5644395,259923.7678,4203212.543,3590.511719
326.5907387,259923.7568,4203212.519,3590.522217
326.6170379,259923.7458,4203212.495,3590.541748
326.6433371,259923.7348,4203212.472,3590.553955
326.6696363,259923.7238,4203212.448,3590.565674
326.6959355,259923.7127,4203212.424,3590.574219
326.7222347,259923.7017,4203212.4,3590.586914
326.7485339,259923.6907,4203212.376,3590.599121
326.7748331,259923.6797,4203212.352,3590.609619
326.8011322,259923.6687,4203212.328,3590.623535
326.8274314,259923.6576,4203212.304,3590.636475
326.8537306,259923.6466,4203212.281,3590.647217
326.8800298,259923.6356,4203212.257,3590.653809
326.906329,259923.6246,4203212.233,3590.658447
326.9326282,259923.6136,4203212.209,3590.663818
326.9589274,259923.6025,4203212.185,3590.675781
326.9852266,259923.5915,4203212.161,3590.689453
327.0115258,259923.5805,4203212.137,3590.710693
327.037825,259923.5695,4203212.113,3590.724609
327.0641242,259923.5584,4203212.089,3590.741943
327.0904234,259923.5474,4203212.066,3590.748779
327.1167226,259923.5364,4203212.042,3590.758789
327.1430218,259923.5254,4203212.018,3590.763184
327.169321,259923.5144,4203211.994,3590.768555
327.1956201,259923.5033,4203211.97,3590.771973
327.2219193,259923.4923,4203211.946,3590.776123
327.2482185,259923.4813,4203211.922,3590.77832
327.2745177,259923.4703,4203211.898,3590.780518
327.3008169,259923.4593,4203211.875,3590.783447
327.3271161,259923.4482,4203211.851,3590.785156
327.3534153,259923.4372,4203211.827,3590.787354
327.3797145,259923.4262,4203211.803,3590.788818
327.4060137,259923.4152,4203211.779,3590.794189
327.4323129,259923.4042,4203211.755,3590.800049
327.4586121,259923.3931,4203211.731,3590.807861
327.4849113,259923.3821,4203211.707,3590.811035
327.5112105,259923.3711,4203211.684,3590.815674
327.5375097,259923.3601,4203211.66,3590.818115
327.5638089,259923.3491,4203211.636,3590.821289
327.5901081,259923.338,4203211.612,3590.822754
327.6164072,259923.327,4203211.588,3590.824219
327.6427064,259923.316,4203211.564,3590.827881
327.6690056,259923.305,4203211.54,3590.831299
327.6953048,259923.2939,4203211.516,3590.83667
327.721604,259923.2829,4203211.493,3590.838867
327.7479032,259923.2719,4203211.469,3590.84668
327.7742024,259923.2609,4203211.445,3590.855957
327.8005016,259923.2499,4203211.421,3590.87085
327.8268008,259923.2388,4203211.397,3590.881836
327.8531,259923.2278,4203211.373,3590.891846
327.8793992,259923.2168,4203211.349,3590.894775
327.9056984,259923.2058,4203211.325,3590.897705
327.9319976,259923.1948,4203211.301,3590.900391
327.9582968,259923.1837,4203211.278,3590.902832
327.984596,259923.1727,4203211.254,3590.90625
328.0108951,259923.1617,4203211.23,3590.90918
328.0371943,259923.1507,4203211.206,3590.914795
328.0634935,259923.1397,4203211.182,3590.920166
328.0897927,259923.1286,4203211.158,3590.935059
328.1160919,259923.1176,4203211.134,3590.945557
328.1423911,259923.1066,4203211.11,3590.964111
328.1686903,259923.0956,4203211.087,3590.974854
328.1949895,259923.0846,4203211.063,3590.985107
328.2212887,259923.0735,4203211.039,3590.989014
328.2475879,259923.0625,4203211.015,3590.996582
328.2738871,259923.0515,4203210.991,3591.005371
328.3001863,259923.0405,4203210.967,3591.014893
328.3264855,259923.0294,4203210.943,3591.02417
328.3527847,259923.0184,4203210.919,3591.030029
328.3790839,259923.0074,4203210.896,3591.035889
328.405383,259922.9964,4203210.872,3591.039063
328.4316822,259922.9854,4203210.848,3591.04541
328.4579814,259922.9743,4203210.824,3591.050049
328.4842806,259922.9633,4203210.8,3591.057617
328.5105798,259922.9523,4203210.776,3591.060547
328.536879,259922.9413,4203210.752,3591.062744
328.5631782,259922.9303,4203210.728,3591.064453
328.5894774,259922.9192,4203210.705,3591.067871
328.6157766,259922.9082,4203210.681,3591.070801
328.6420758,259922.8972,4203210.657,3591.073975
328.668375,259922.8862,4203210.633,3591.07959
328.6946742,259922.8752,4203210.609,3591.083252
328.7209734,259922.8641,4203210.585,3591.088623
328.7472726,259922.8531,4203210.561,3591.091553
328.7735718,259922.8421,4203210.537,3591.095703
328.7998709,259922.8311,4203210.513,3591.098389
328.8261701,259922.82,4203210.49,3591.102783
328.8524693,259922.809,4203210.466,3591.10498
328.8787685,259922.798,4203210.442,3591.111816
328.9050677,259922.787,4203210.418,3591.115723
328.9313669,259922.776,4203210.394,3591.125732
328.9576661,259922.7649,4203210.37,3591.130371
328.9839653,259922.7539,4203210.346,3591.134766
329.0102645,259922.7429,4203210.322,3591.145264
329.0365637,259922.7319,4203210.299,3591.149658
329.0628629,259922.7209,4203210.275,3591.161865
329.0891621,259922.7098,4203210.251,3591.165771
329.1154613,259922.6988,4203210.227,3591.176025
329.1417605,259922.6878,4203210.203,3591.179688
329.1680597,259922.6768,4203210.179,3591.188477
329.1943588,259922.6658,4203210.155,3591.192627
329.220658,259922.6547,4203210.131,3591.203613
329.2469572,259922.6437,4203210.108,3591.20752
329.2732564,259922.6327,4203210.084,3591.21875
329.2995556,259922.6217,4203210.06,3591.223633
329.3258548,259922.6107,4203210.036,3591.228271
329.352154,259922.5996,4203210.012,3591.251953
329.3784532,259922.5886,4203209.988,3591.259521
329.4047524,259922.5776,4203209.964,3591.284424
329.4310516,259922.5666,4203209.94,3591.291504
329.4573508,259922.5555,4203209.917,3591.312012
329.48365,259922.5445,4203209.893,3591.319336
329.5099492,259922.5335,4203209.869,3591.334473
329.5362484,259922.5225,4203209.845,3591.339844
329.5625476,259922.5115,4203209.821,3591.356201
329.5888468,259922.5004,4203209.797,3591.364502
329.6151459,259922.4894,4203209.773,3591.382813
329.6414451,259922.4784,4203209.749,3591.391602
329.6677443,259922.4674,4203209.726,3591.401367
329.6940435,259922.4564,4203209.702,3591.424072
329.7203427,259922.4453,4203209.678,3591.431396
329.7466419,259922.4343,4203209.654,3591.445313
329.7729411,259922.4233,4203209.63,3591.450195
329.7992403,259922.4123,4203209.606,3591.461182
329.8255395,259922.4013,4203209.582,3591.465332
329.8518387,259922.3902,4203209.558,3591.474854
329.8781379,259922.3792,4203209.534,3591.47876
329.9044371,259922.3682,4203209.511,3591.490723
329.9307363,259922.3572,4203209.487,3591.496338
329.9570355,259922.3462,4203209.463,3591.510742
329.9833347,259922.3351,4203209.439,3591.519531
330.0096338,259922.3241,4203209.415,3591.543213
330.035933,259922.3131,4203209.391,3591.558105
330.0622322,259922.3021,4203209.367,3591.57251
330.0885314,259922.291,4203209.343,3591.598389
330.1148306,259922.28,4203209.32,3591.609863
330.1411298,259922.269,4203209.296,3591.631836
330.167429,259922.258,4203209.272,3591.637695
330.1937282,259922.247,4203209.248,3591.648193
330.2200274,259922.2359,4203209.224,3591.651855
330.2463266,259922.2249,4203209.2,3591.6604
330.2726258,259922.2139,4203209.176,3591.663574
330.298925,259922.2029,4203209.152,3591.672363
330.3252242,259922.1919,4203209.129,3591.674805
330.3515234,259922.1808,4203209.105,3591.684082
330.3778226,259922.1698,4203209.081,3591.6875
330.4041217,259922.1588,4203209.057,3591.691162
330.4304209,259922.1478,4203209.033,3591.705322
330.4567201,259922.1368,4203209.009,3591.708252
330.4830193,259922.1257,4203208.985,3591.72168
330.5093185,259922.1147,4203208.961,3591.724121
330.5356177,259922.1037,4203208.938,3591.736328
330.5619169,259922.0927,4203208.914,3591.736816
330.5882161,259922.0816,4203208.89,3591.744873
330.6145153,259922.0706,4203208.866,3591.744141
330.6408145,259922.0596,4203208.842,3591.747803
330.6671137,259922.0486,4203208.818,3591.74707
330.6934129,259922.0376,4203208.794,3591.749756
330.7197121,259922.0265,4203208.77,3591.749268
330.7460113,259922.0155,4203208.746,3591.749023
330.7723105,259922.0045,4203208.723,3591.751221
330.7986096,259921.9935,4203208.699,3591.751221
330.8249088,259921.9825,4203208.675,3591.754395
330.851208,259921.9714,4203208.651,3591.754883
330.8775072,259921.9604,4203208.627,3591.760986
330.9038064,259921.9494,4203208.603,3591.762695
330.9301056,259921.9384,4203208.579,3591.769531
330.9564048,259921.9274,4203208.555,3591.770752
330.982704,259921.9163,4203208.532,3591.777344
331.0090032,259921.9053,4203208.508,3591.778564
331.0353024,259921.8943,4203208.484,3591.785156
331.0616016,259921.8833,4203208.46,3591.786377
331.0879008,259921.8723,4203208.436,3591.787109
331.1142,259921.8612,4203208.412,3591.79248
331.1404992,259921.8502,4203208.388,3591.792969
331.1667984,259921.8392,4203208.364,3591.79834
331.1930975,259921.8282,4203208.341,3591.799316
331.2193967,259921.8171,4203208.317,3591.804443
331.2456959,259921.8061,4203208.293,3591.805908
331.2719951,259921.7951,4203208.269,3591.812012
331.2982943,259921.7841,4203208.245,3591.815186
331.3245935,259921.7731,4203208.221,3591.82251
331.3508927,259921.762,4203208.197,3591.826172
331.3771919,259921.751,4203208.173,3591.833252
331.4034911,259921.74,4203208.15,3591.836426
331.4297903,259921.729,4203208.126,3591.840088
331.4560895,259921.718,4203208.102,3591.847412
331.4823887,259921.7069,4203208.078,3591.853271
331.5086879,259921.6959,4203208.054,3591.861084
331.5349871,259921.6849,4203208.03,3591.867432
331.5612863,259921.6739,4203208.006,3591.874023
331.5875855,259921.6629,4203207.982,3591.87915
331.6138846,259921.6518,4203207.958,3591.884766
331.6401838,259921.6408,4203207.935,3591.888672
331.666483,259921.6298,4203207.911,3591.894043
331.6927822,259921.6188,4203207.887,3591.899414
331.7190814,259921.6078,4203207.863,3591.907227
331.7453806,259921.5967,4203207.839,3591.914307
331.7716798,259921.5857,4203207.815,3591.922852
331.797979,259921.5747,4203207.791,3591.93457
331.8242782,259921.5637,4203207.767,3591.943359
331.8505774,259921.5526,4203207.744,3591.954346
331.8768766,259921.5416,4203207.72,3591.961914
331.9031758,259921.5306,4203207.696,3591.969727
331.929475,259921.5196,4203207.672,3591.973389
331.9557742,259921.5086,4203207.648,3591.978516
331.9820734,259921.4975,4203207.624,3591.98291
332.0083725,259921.4865,4203207.6,3591.990234
332.0346717,259921.4755,4203207.576,3591.995117
332.0609709,259921.4645,4203207.553,3592.005859
332.0872701,259921.4535,4203207.529,3592.012695
332.1135693,259921.4424,4203207.505,3592.020996
332.1398685,259921.4314,4203207.481,3592.036621
332.1661677,259921.4204,4203207.457,3592.043945
332.1924669,259921.4094,4203207.433,3592.055176
332.2187661,259921.3984,4203207.409,3592.060791
332.2450653,259921.3873,4203207.385,3592.075928
332.2713645,259921.3763,4203207.362,3592.083984
332.2976637,259921.3653,4203207.338,3592.097412
332.3239629,259921.3543,4203207.314,3592.10376
332.3502621,259921.3432,4203207.29,3592.112549
332.3765613,259921.3322,4203207.266,3592.116943
332.4028604,259921.3212,4203207.242,3592.125244
332.4291596,259921.3102,4203207.218,3592.128662
332.4554588,259921.2992,4203207.194,3592.132324
332.481758,259921.2881,4203207.17,3592.154297
332.5080572,259921.2771,4203207.147,3592.162109
332.5343564,259921.2661,4203207.123,3592.189941
332.5606556,259921.2551,4203207.099,3592.196777
332.5869548,259921.2441,4203207.075,3592.21875
332.613254,259921.233,4203207.051,3592.225586
332.6395532,259921.222,4203207.027,3592.246826
332.6658524,259921.211,4203207.003,3592.258057
332.6921516,259921.2,4203206.979,3592.283447
332.7184508,259921.189,4203206.956,3592.293701
332.74475,259921.1779,4203206.932,3592.304932
332.7710492,259921.1669,4203206.908,3592.307373
332.7973483,259921.1559,4203206.884,3592.309082
332.8236475,259921.1449,4203206.86,3592.314941
332.8499467,259921.1339,4203206.836,3592.319336
332.8762459,259921.1228,4203206.812,3592.327881
332.9025451,259921.1118,4203206.788,3592.331543
332.9288443,259921.1008,4203206.765,3592.339355
332.9551435,259921.0898,4203206.741,3592.343506
332.9814427,259921.0787,4203206.717,3592.35083
333.0077419,259921.0677,4203206.693,3592.354248
333.0340411,259921.0567,4203206.669,3592.362061
333.0603403,259921.0457,4203206.645,3592.364502
333.0866395,259921.0347,4203206.621,3592.371338
333.1129387,259921.0236,4203206.597,3592.373291
333.1392379,259921.0126,4203206.574,3592.375
333.1655371,259921.0016,4203206.55,3592.378418
333.1918362,259920.9906,4203206.526,3592.37915
333.2181354,259920.9796,4203206.502,3592.382813
333.2444346,259920.9685,4203206.478,3592.384033
333.2707338,259920.9575,4203206.454,3592.38916
333.297033,259920.9465,4203206.43,3592.39209
333.3233322,259920.9355,4203206.406,3592.399414
333.3496314,259920.9245,4203206.383,3592.402832
333.3759306,259920.9134,4203206.359,3592.408936
333.4022298,259920.9024,4203206.335,3592.411133
333.428529,259920.8914,4203206.311,3592.419434
333.4548282,259920.8804,4203206.287,3592.423584
333.4811274,259920.8694,4203206.263,3592.42749
333.5074266,259920.8583,4203206.239,3592.436523
333.5337258,259920.8473,4203206.215,3592.441406
333.560025,259920.8363,4203206.191,3592.453613
333.5863242,259920.8253,4203206.168,3592.460449
333.6126233,259920.8142,4203206.144,3592.47876
333.6389225,259920.8032,4203206.12,3592.486084
333.6652217,259920.7922,4203206.096,3592.50708
333.6915209,259920.7812,4203206.072,3592.513672
333.7178201,259920.7702,4203206.048,3592.524414
333.7441193,259920.7591,4203206.024,3592.5271
333.7704185,259920.7481,4203206,3592.534424
333.7967177,259920.7371,4203205.977,3592.536621
333.8230169,259920.7261,4203205.953,3592.540527
333.8493161,259920.7151,4203205.929,3592.549805
333.8756153,259920.704,4203205.905,3592.55249
333.9019145,259920.693,4203205.881,3592.557129
333.9282137,259920.682,4203205.857,3592.559326
333.9545129,259920.671,4203205.833,3592.569336
333.9808121,259920.66,4203205.809,3592.578613
334.0071112,259920.6489,4203205.786,3592.596924
334.0334104,259920.6379,4203205.762,3592.607666
334.0597096,259920.6269,4203205.738,3592.629395
334.0860088,259920.6159,4203205.714,3592.638184
334.112308,259920.6048,4203205.69,3592.647949
334.1386072,259920.5938,4203205.666,3592.650146
334.1649064,259920.5828,4203205.642,3592.652344
334.1912056,259920.5718,4203205.618,3592.656494
334.2175048,259920.5608,4203205.595,3592.658203
334.243804,259920.5497,4203205.571,3592.665283
334.2701032,259920.5387,4203205.547,3592.668945
334.2964024,259920.5277,4203205.523,3592.677246
334.3227016,259920.5167,4203205.499,3592.682129
334.3490008,259920.5057,4203205.475,3592.696045
334.3753,259920.4946,4203205.451,3592.702881
334.4015991,259920.4836,4203205.427,3592.715332
334.4278983,259920.4726,4203205.403,3592.720703
334.4541975,259920.4616,4203205.38,3592.729004
334.4804967,259920.4506,4203205.356,3592.734131
334.5067959,259920.4395,4203205.332,3592.739746
334.5330951,259920.4285,4203205.308,3592.751953
334.5593943,259920.4175,4203205.284,3592.758057
334.5856935,259920.4065,4203205.26,3592.76709
334.6119927,259920.3955,4203205.236,3592.771484
334.6382919,259920.3844,4203205.212,3592.776611
334.6645911,259920.3734,4203205.189,3592.779541
334.6908903,259920.3624,4203205.165,3592.783447
334.7171895,259920.3514,4203205.141,3592.788086
334.7434887,259920.3403,4203205.117,3592.796631
334.7697879,259920.3293,4203205.093,3592.80542
334.796087,259920.3183,4203205.069,3592.817871
334.8223862,259920.3073,4203205.045,3592.826416
334.8486854,259920.2963,4203205.021,3592.834229
334.8749846,259920.2852,4203204.998,3592.838623
334.9012838,259920.2742,4203204.974,3592.843018
334.927583,259920.2632,4203204.95,3592.851318
334.9538822,259920.2522,4203204.926,3592.859131
334.9801814,259920.2412,4203204.902,3592.869385
335.0064806,259920.2301,4203204.878,3592.875
335.0327798,259920.2191,4203204.854,3592.880859
335.059079,259920.2081,4203204.83,3592.884766
335.0853782,259920.1971,4203204.807,3592.88916
335.1116774,259920.1861,4203204.783,3592.892578
335.1379766,259920.175,4203204.759,3592.895264
335.1642758,259920.164,4203204.735,3592.897217
335.190575,259920.153,4203204.711,3592.89917
335.2168741,259920.142,4203204.687,3592.901855
335.2431733,259920.131,4203204.663,3592.904297
335.2694725,259920.1199,4203204.639,3592.907471
335.2957717,259920.1089,4203204.615,3592.911133
335.3220709,259920.0979,4203204.592,3592.916504
335.3483701,259920.0869,4203204.568,3592.920898
335.3746693,259920.0758,4203204.544,3592.925781
335.4009685,259920.0648,4203204.52,3592.929688
335.4272677,259920.0538,4203204.496,3592.934082
335.4535669,259920.0428,4203204.472,3592.936768
335.4798661,259920.0318,4203204.448,3592.939209
335.5061653,259920.0207,4203204.424,3592.941162
335.5324645,259920.0097,4203204.401,3592.943115
335.5587637,259919.9987,4203204.377,3592.946045
335.5850629,259919.9877,4203204.353,3592.948975
335.611362,259919.9767,4203204.329,3592.953613
335.6376612,259919.9656,4203204.305,3592.956787
335.6639604,259919.9546,4203204.281,3592.96167
335.6902596,259919.9436,4203204.257,3592.965088
335.7165588,259919.9326,4203204.233,3592.970947
335.742858,259919.9216,4203204.21,3592.974854
335.7691572,259919.9105,4203204.186,3592.978516
335.7954564,259919.8995,4203204.162,3592.980957
335.8217556,259919.8885,4203204.138,3592.984131
335.8480548,259919.8775,4203204.114,3592.987061
335.874354,259919.8665,4203204.09,3592.990479
335.9006532,259919.8554,4203204.066,3592.99585
335.9269524,259919.8444,4203204.042,3592.999512
335.9532516,259919.8334,4203204.019,3593.006592
335.9795508,259919.8224,4203203.995,3593.013184
336.0058499,259919.8113,4203203.971,3593.025635
336.0321491,259919.8003,4203203.947,3593.036133
336.0584483,259919.7893,4203203.923,3593.052979
336.0847475,259919.7783,4203203.899,3593.063721
336.1110467,259919.7673,4203203.875,3593.083252
336.1373459,259919.7562,4203203.851,3593.091064
336.1636451,259919.7452,4203203.827,3593.102295
336.1899443,259919.7342,4203203.804,3593.106689
336.2162435,259919.7232,4203203.78,3593.109863
336.2425427,259919.7122,4203203.756,3593.118164
336.2688419,259919.7011,4203203.732,3593.120117
336.2951411,259919.6901,4203203.708,3593.125488
336.3214403,259919.6791,4203203.684,3593.12793
336.3477395,259919.6681,4203203.66,3593.134521
336.3740387,259919.6571,4203203.636,3593.137695
336.4003378,259919.646,4203203.613,3593.144287
336.426637,259919.635,4203203.589,3593.147461
336.4529362,259919.624,4203203.565,3593.15332
336.4792354,259919.613,4203203.541,3593.155518
336.5055346,259919.6019,4203203.517,3593.161133
336.5318338,259919.5909,4203203.493,3593.164795
336.558133,259919.5799,4203203.469,3593.170654
336.5844322,259919.5689,4203203.445,3593.187256
336.6107314,259919.5579,4203203.422,3593.195801
336.6370306,259919.5468,4203203.398,3593.214844
336.6633298,259919.5358,4203203.374,3593.224121
336.689629,259919.5248,4203203.35,3593.236084
336.7159282,259919.5138,4203203.326,3593.244141
336.7422274,259919.5028,4203203.302,3593.256592
336.7685266,259919.4917,4203203.278,3593.261475
336.7948257,259919.4807,4203203.254,3593.266113
336.8211249,259919.4697,4203203.231,3593.271973
336.8474241,259919.4587,4203203.207,3593.281982
336.8737233,259919.4477,4203203.183,3593.292236
336.9000225,259919.4366,4203203.159,3593.302734
336.9333745,259919.4134,4203203.135,3593.319824
336.9667264,259919.3901,4203203.111,3593.334473
337.0000783,259919.3668,4203203.087,3593.351074
337.0334303,259919.3435,4203203.063,3593.365723
337.0667822,259919.3202,4203203.039,3593.375488
337.1001341,259919.2969,4203203.016,3593.383057
337.133486,259919.2737,4203202.992,3593.389404
337.166838,259919.2504,4203202.968,3593.393799
337.2001899,259919.2271,4203202.944,3593.397949
337.2335418,259919.2038,4203202.92,3593.4021
337.2668938,259919.1805,4203202.896,3593.405518
337.3002457,259919.1572,4203202.872,3593.40918
337.3335976,259919.134,4203202.848,3593.413086
337.3669496,259919.1107,4203202.825,3593.417969
337.4003015,259919.0874,4203202.801,3593.422119
337.4336534,259919.0641,4203202.777,3593.425293
337.4670054,259919.0408,4203202.753,3593.42749
337.5003573,259919.0175,4203202.729,3593.429443
337.5337092,259918.9943,4203202.705,3593.431885
337.5670612,259918.971,4203202.681,3593.43457
337.6004131,259918.9477,4203202.657,3593.437744
337.633765,259918.9244,4203202.634,3593.441406
337.667117,259918.9011,4203202.61,3593.445068
337.7004689,259918.8778,4203202.586,3593.44873
337.7338208,259918.8546,4203202.562,3593.45166
337.7671728,259918.8313,4203202.538,3593.455322
337.8005247,259918.808,4203202.514,3593.459717
337.8338766,259918.7847,4203202.49,3593.465576
337.8672285,259918.7614,4203202.466,3593.472656
337.9005805,259918.7381,4203202.442,3593.479492
337.9339324,259918.7149,4203202.419,3593.486572
337.9672843,259918.6916,4203202.395,3593.493652
338.0006363,259918.6683,4203202.371,3593.498291
338.0339882,259918.645,4203202.347,3593.501221
338.0673401,259918.6217,4203202.323,3593.502686
338.1006921,259918.5984,4203202.299,3593.503906
338.134044,259918.5752,4203202.275,3593.505615
338.1673959,259918.5519,4203202.251,3593.509277
338.2007479,259918.5286,4203202.228,3593.520508
338.2340998,259918.5053,4203202.204,3593.534424
338.2674517,259918.482,4203202.18,3593.563232
338.3008037,259918.4587,4203202.156,3593.607666
338.3341556,259918.4355,4203202.132,3593.661621
338.3675075,259918.4122,4203202.108,3593.713379
338.4008595,259918.3889,4203202.084,3593.753906
338.4342114,259918.3656,4203202.06,3593.789307
338.4675633,259918.3423,4203202.037,3593.81543
338.5009153,259918.3191,4203202.013,3593.835205
338.5342672,259918.2958,4203201.989,3593.861816
338.5676191,259918.2725,4203201.965,3593.897705
338.600971,259918.2492,4203201.941,3593.940186
338.634323,259918.2259,4203201.917,3593.983643
338.6676749,259918.2026,4203201.893,3594.017578
338.7010268,259918.1794,4203201.869,3594.041992
338.7343788,259918.1561,4203201.845,3594.05957
338.7677307,259918.1328,4203201.822,3594.073242
338.8010826,259918.1095,4203201.798,3594.084473
338.8344346,259918.0862,4203201.774,3594.093262
338.8677865,259918.0629,4203201.75,3594.099121
338.9011384,259918.0397,4203201.726,3594.103027
338.9344904,259918.0164,4203201.702,3594.104492
338.9678423,259917.9931,4203201.678,3594.103271
339.0011942,259917.9698,4203201.654,3594.098389
339.0345462,259917.9465,4203201.631,3594.090088
339.0678981,259917.9232,4203201.607,3594.078613
339.10125,259917.9,4203201.583,3594.063232
339.134602,259917.8767,4203201.559,3594.045166
339.1679539,259917.8534,4203201.535,3594.023438
339.2013058,259917.8301,4203201.511,3594.003662
339.2346578,259917.8068,4203201.487,3593.98291
339.2680097,259917.7835,4203201.463,3593.959229
339.3013616,259917.7603,4203201.44,3593.93042
339.3347135,259917.737,4203201.416,3593.895264
339.3680655,259917.7137,4203201.392,3593.858154
339.4014174,259917.6904,4203201.368,3593.823486
339.4347693,259917.6671,4203201.344,3593.804688
339.4681213,259917.6438,4203201.32,3593.797119
339.5014732,259917.6206,4203201.296,3593.792725
339.5348251,259917.5973,4203201.272,3593.790283
339.5681771,259917.574,4203201.248,3593.789795
339.601529,259917.5507,4203201.225,3593.789307
339.6348809,259917.5274,4203201.201,3593.789795
339.6682329,259917.5041,4203201.177,3593.79126
339.7015848,259917.4809,4203201.153,3593.793213
339.7349367,259917.4576,4203201.129,3593.797363
339.7682887,259917.4343,4203201.105,3593.804199
339.8016406,259917.411,4203201.081,3593.81543
339.8349925,259917.3877,4203201.057,3593.830322
339.8683445,259917.3644,4203201.034,3593.844482
339.9016964,259917.3412,4203201.01,3593.860596
339.9350483,259917.3179,4203200.986,3593.877441
339.9684003,259917.2946,4203200.962,3593.894043
340.0017522,259917.2713,4203200.938,3593.910156
340.0351041,259917.248,4203200.914,3593.929932
340.068456,259917.2248,4203200.89,3593.948975
340.101808,259917.2015,4203200.866,3593.96582
340.1351599,259917.1782,4203200.843,3593.984619
340.1685118,259917.1549,4203200.819,3593.998047
340.2018638,259917.1316,4203200.795,3594.008301
340.2352157,259917.1083,4203200.771,3594.02002
340.2685676,259917.0851,4203200.747,3594.031006
340.3019196,259917.0618,4203200.723,3594.038818
340.3352715,259917.0385,4203200.699,3594.047852
340.3686234,259917.0152,4203200.675,3594.056152
340.4019754,259916.9919,4203200.651,3594.063965
340.4353273,259916.9686,4203200.628,3594.07373
340.4686792,259916.9454,4203200.604,3594.084229
340.5020312,259916.9221,4203200.58,3594.10083
340.5353831,259916.8988,4203200.556,3594.121826
340.568735,259916.8755,4203200.532,3594.143311
340.602087,259916.8522,4203200.508,3594.170898
340.6354389,259916.8289,4203200.484,3594.201416
340.6687908,259916.8057,4203200.46,3594.229248
340.7021428,259916.7824,4203200.437,3594.250244
340.7354947,259916.7591,4203200.413,3594.26416
340.7688466,259916.7358,4203200.389,3594.27417
340.8021985,259916.7125,4203200.365,3594.279541
340.8355505,259916.6892,4203200.341,3594.285645
340.8689024,259916.666,4203200.317,3594.293701
340.9022543,259916.6427,4203200.293,3594.310791
340.9356063,259916.6194,4203200.269,3594.319336
340.9689582,259916.5961,4203200.246,3594.338135
341.0023101,259916.5728,4203200.222,3594.355469
341.0356621,259916.5495,4203200.198,3594.37085
341.069014,259916.5263,4203200.174,3594.381348
341.1023659,259916.503,4203200.15,3594.387207
341.1357179,259916.4797,4203200.126,3594.390869
341.1690698,259916.4564,4203200.102,3594.394287
341.2024217,259916.4331,4203200.078,3594.398926
341.2357737,259916.4098,4203200.054,3594.404053
341.2691256,259916.3866,4203200.031,3594.409424
341.3024775,259916.3633,4203200.007,3594.414063
341.3358295,259916.34,4203199.983,3594.419434
341.3691814,259916.3167,4203199.959,3594.424805
341.4025333,259916.2934,4203199.935,3594.430908
341.4358853,259916.2701,4203199.911,3594.435791
341.4692372,259916.2469,4203199.887,3594.439209
341.5025891,259916.2236,4203199.863,3594.443359
341.535941,259916.2003,4203199.84,3594.448486
341.569293,259916.177,4203199.816,3594.454102
341.6026449,259916.1537,4203199.792,3594.46167
341.6359968,259916.1305,4203199.768,3594.4729
341.6693488,259916.1072,4203199.744,3594.485107
341.7027007,259916.0839,4203199.72,3594.499268
341.7360526,259916.0606,4203199.696,3594.516357
341.7694046,259916.0373,4203199.672,3594.535889
341.8027565,259916.014,4203199.649,3594.551514
341.8361084,259915.9908,4203199.625,3594.563477
341.8694604,259915.9675,4203199.601,3594.574219
341.9028123,259915.9442,4203199.577,3594.582031
341.9361642,259915.9209,4203199.553,3594.590576
341.9695162,259915.8976,4203199.529,3594.601563
342.0028681,259915.8743,4203199.505,3594.613281
342.03622,259915.8511,4203199.481,3594.62793
342.069572,259915.8278,4203199.457,3594.644775
342.1029239,259915.8045,4203199.434,3594.662109
342.1362758,259915.7812,4203199.41,3594.680908
342.1696278,259915.7579,4203199.386,3594.701416
342.2029797,259915.7346,4203199.362,3594.716309
342.2363316,259915.7114,4203199.338,3594.730469
342.2696835,259915.6881,4203199.314,3594.743896
342.3030355,259915.6648,4203199.29,3594.747314
342.3363874,259915.6415,4203199.266,3594.759033
342.3697393,259915.6182,4203199.243,3594.768555
342.4030913,259915.5949,4203199.219,3594.776611
342.4364432,259915.5717,4203199.195,3594.782959
342.4697951,259915.5484,4203199.171,3594.787109
342.5031471,259915.5251,4203199.147,3594.791992
342.536499,259915.5018,4203199.123,3594.797852
342.5698509,259915.4785,4203199.099,3594.80249
342.6032029,259915.4552,4203199.075,3594.811523
342.6365548,259915.432,4203199.052,3594.825195
342.6699067,259915.4087,4203199.028,3594.83667
342.7032587,259915.3854,4203199.004,3594.846436
342.7366106,259915.3621,4203198.98,3594.855469
342.7699625,259915.3388,4203198.956,3594.862305
342.8033145,259915.3155,4203198.932,3594.868164
342.8366664,259915.2923,4203198.908,3594.873779
342.8700183,259915.269,4203198.884,3594.878662
342.9033703,259915.2457,4203198.86,3594.884033
342.9367222,259915.2224,4203198.837,3594.894531
342.9700741,259915.1991,4203198.813,3594.909668
343.003426,259915.1758,4203198.789,3594.927002
343.036778,259915.1526,4203198.765,3594.943115
343.0701299,259915.1293,4203198.741,3594.957764
343.1034818,259915.106,4203198.717,3594.969727
343.1368338,259915.0827,4203198.693,3594.978271
343.1701857,259915.0594,4203198.669,3594.987793
343.2035376,259915.0362,4203198.646,3594.999268
343.2368896,259915.0129,4203198.622,3595.016113
343.2702415,259914.9896,4203198.598,3595.032227
343.3035934,259914.9663,4203198.574,3595.046631
343.3369454,259914.943,4203198.55,3595.065674
343.3702973,259914.9197,4203198.526,3595.080078
343.4036492,259914.8965,4203198.502,3595.092285
343.4370012,259914.8732,4203198.478,3595.10376
343.4703531,259914.8499,4203198.455,3595.11377
343.503705,259914.8266,4203198.431,3595.124268
343.537057,259914.8033,4203198.407,3595.133057
343.5704089,259914.78,4203198.383,3595.142334
343.6037608,259914.7568,4203198.359,3595.154297
343.6371128,259914.7335,4203198.335,3595.167725
343.6704647,259914.7102,4203198.311,3595.173096
343.7038166,259914.6869,4203198.287,3595.188721
343.7371685,259914.6636,4203198.263,3595.202148
343.7705205,259914.6403,4203198.24,3595.217041
343.8038724,259914.6171,4203198.216,3595.233154
343.8372243,259914.5938,4203198.192,3595.245117
343.8705763,259914.5705,4203198.168,3595.252197
343.9039282,259914.5472,4203198.144,3595.257568
343.9372801,259914.5239,4203198.12,3595.263672
343.9706321,259914.5006,4203198.096,3595.268799
344.003984,259914.4774,4203198.072,3595.273926
344.0373359,259914.4541,4203198.049,3595.276611
344.0706879,259914.4308,4203198.025,3595.278564
344.1040398,259914.4075,4203198.001,3595.282471
344.1373917,259914.3842,4203197.977,3595.295166
344.1707437,259914.3609,4203197.953,3595.314209
344.2040956,259914.3377,4203197.929,3595.333252
344.2374475,259914.3144,4203197.905,3595.346191
344.2707995,259914.2911,4203197.881,3595.359375
344.3041514,259914.2678,4203197.858,3595.374756
344.3375033,259914.2445,4203197.834,3595.387695
344.3708553,259914.2212,4203197.81,3595.403809
344.4042072,259914.198,4203197.786,3595.421631
344.4375591,259914.1747,4203197.762,3595.441162
344.470911,259914.1514,4203197.738,3595.456787
344.504263,259914.1281,4203197.714,3595.470703
344.5376149,259914.1048,4203197.69,3595.492432
344.5709668,259914.0815,4203197.666,3595.522705
344.6043188,259914.0583,4203197.643,3595.561523
344.6376707,259914.035,4203197.619,3595.604248
344.6710226,259914.0117,4203197.595,3595.637451
344.7043746,259913.9884,4203197.571,3595.663574
344.7377265,259913.9651,4203197.547,3595.678223
344.7710784,259913.9419,4203197.523,3595.690186
344.8044304,259913.9186,4203197.499,3595.699951
344.8377823,259913.8953,4203197.475,3595.708496
344.8711342,259913.872,4203197.452,3595.716064
344.9044862,259913.8487,4203197.428,3595.721436
344.9378381,259913.8254,4203197.404,3595.726074
344.97119,259913.8022,4203197.38,3595.730469
345.004542,259913.7789,4203197.356,3595.733398
345.0378939,259913.7556,4203197.332,3595.737549
345.0712458,259913.7323,4203197.308,3595.742676
345.1045978,259913.709,4203197.284,3595.749512
345.1379497,259913.6857,4203197.261,3595.755859
345.1713016,259913.6625,4203197.237,3595.76001
345.2046535,259913.6392,4203197.213,3595.762939
345.2380055,259913.6159,4203197.189,3595.76709
345.2713574,259913.5926,4203197.165,3595.772705
345.3047093,259913.5693,4203197.141,3595.781006
345.3380613,259913.546,4203197.117,3595.789795
345.3714132,259913.5228,4203197.093,3595.797607
345.4047651,259913.4995,4203197.069,3595.807373
345.4381171,259913.4762,4203197.046,3595.818359
345.471469,259913.4529,4203197.022,3595.830078
345.5048209,259913.4296,4203196.998,3595.840088
345.5381729,259913.4063,4203196.974,3595.844482
345.5715248,259913.3831,4203196.95,3595.848389
345.6048767,259913.3598,4203196.926,3595.857178
345.6382287,259913.3365,4203196.902,3595.873535
345.6715806,259913.3132,4203196.878,3595.89624
345.7049325,259913.2899,4203196.855,3595.919434
345.7382845,259913.2666,4203196.831,3595.939209
345.7716364,259913.2434,4203196.807,3595.951904
345.8049883,259913.2201,4203196.783,3595.959473
345.8383403,259913.1968,4203196.759,3595.966553
345.8716922,259913.1735,4203196.735,3595.976074
345.9050441,259913.1502,4203196.711,3595.984619
345.938396,259913.1269,4203196.687,3595.99707
345.971748,259913.1037,4203196.664,3596.013916
346.0050999,259913.0804,4203196.64,3596.032471
346.0384518,259913.0571,4203196.616,3596.046631
346.0718038,259913.0338,4203196.592,3596.059814
346.1051557,259913.0105,4203196.568,3596.066162
346.1385076,259912.9872,4203196.544,3596.07251
346.1718596,259912.964,4203196.52,3596.079346
346.2052115,259912.9407,4203196.496,3596.090576
346.2385634,259912.9174,4203196.472,3596.104004
346.2719154,259912.8941,4203196.449,3596.118896
346.3052673,259912.8708,4203196.425,3596.133545
346.3386192,259912.8475,4203196.401,3596.14624
346.3719712,259912.8243,4203196.377,3596.151123
346.4053231,259912.801,4203196.353,3596.160156
346.438675,259912.7777,4203196.329,3596.169434
346.472027,259912.7544,4203196.305,3596.178955
346.5053789,259912.7311,4203196.281,3596.189453
346.5387308,259912.7079,4203196.258,3596.200439
346.5720828,259912.6846,4203196.234,3596.214111
346.6054347,259912.6613,4203196.21,3596.24292
346.6387866,259912.638,4203196.186,3596.287598
346.6721385,259912.6147,4203196.162,3596.337646
346.7054905,259912.5914,4203196.138,3596.36377
346.7388424,259912.5682,4203196.114,3596.37793
346.7721943,259912.5449,4203196.09,3596.387207
346.8055463,259912.5216,4203196.067,3596.395508
346.8388982,259912.4983,4203196.043,3596.403809
346.8722501,259912.475,4203196.019,3596.410889
346.9056021,259912.4517,4203195.995,3596.417969
346.938954,259912.4285,4203195.971,3596.42627
346.9723059,259912.4052,4203195.947,3596.435791
347.0056579,259912.3819,4203195.923,3596.443848
347.0390098,259912.3586,4203195.899,3596.452881
347.0723617,259912.3353,4203195.875,3596.462158
347.1057137,259912.312,4203195.852,3596.472168
347.1390656,259912.2888,4203195.828,3596.483154
347.1724175,259912.2655,4203195.804,3596.493896
347.2057695,259912.2422,4203195.78,3596.503174
347.2391214,259912.2189,4203195.756,3596.51123
347.2724733,259912.1956,4203195.732,3596.517334
347.3058253,259912.1723,4203195.708,3596.523926
347.3391772,259912.1491,4203195.684,3596.533691
347.3725291,259912.1258,4203195.661,3596.544189
347.405881,259912.1025,4203195.637,3596.555908
347.439233,259912.0792,4203195.613,3596.570068
347.4725849,259912.0559,4203195.589,3596.585693
347.5059368,259912.0326,4203195.565,3596.599121
347.5392888,259912.0094,4203195.541,3596.61499
347.5726407,259911.9861,4203195.517,3596.629883
347.6059926,259911.9628,4203195.493,3596.645996
347.6393446,259911.9395,4203195.47,3596.667236
347.6726965,259911.9162,4203195.446,3596.689697
347.7060484,259911.8929,4203195.422,3596.712891
347.7394004,259911.8697,4203195.398,3596.723877
347.7727523,259911.8464,4203195.374,3596.74707
347.8061042,259911.8231,4203195.35,3596.76709
347.8394562,259911.7998,4203195.326,3596.786133
347.8728081,259911.7765,4203195.302,3596.801758
347.90616,259911.7532,4203195.278,3596.815186
347.939512,259911.73,4203195.255,3596.829102
347.9728639,259911.7067,4203195.231,3596.843018
348.0062158,259911.6834,4203195.207,3596.862061
348.0395678,259911.6601,4203195.183,3596.885986
348.0729197,259911.6368,4203195.159,3596.913574
348.1062716,259911.6136,4203195.135,3596.94873
348.1396235,259911.5903,4203195.111,3596.98877
348.1729755,259911.567,4203195.087,3597.025879
348.2063274,259911.5437,4203195.064,3597.056641
348.2396793,259911.5204,4203195.04,3597.084229
348.2730313,259911.4971,4203195.016,3597.111572
348.3063832,259911.4739,4203194.992,3597.14624
348.3397351,259911.4506,4203194.968,3597.18042
348.3730871,259911.4273,4203194.944,3597.209717
348.406439,259911.404,4203194.92,3597.23584
348.4397909,259911.3807,4203194.896,3597.250244
348.4731429,259911.3574,4203194.873,3597.255615
348.5064948,259911.3342,4203194.849,3597.258545
348.5398467,259911.3109,4203194.825,3597.260742
348.5731987,259911.2876,4203194.801,3597.261963
348.6065506,259911.2643,4203194.777,3597.262695
348.6399025,259911.241,4203194.753,3597.262695
348.6732545,259911.2177,4203194.729,3597.262695
348.7066064,259911.1945,4203194.705,3597.263184
348.7399583,259911.1712,4203194.681,3597.263428
348.7733103,259911.1479,4203194.658,3597.263672
348.8066622,259911.1246,4203194.634,3597.263672
348.8400141,259911.1013,4203194.61,3597.263184
348.873366,259911.078,4203194.586,3597.262939
348.906718,259911.0548,4203194.562,3597.262939
348.9400699,259911.0315,4203194.538,3597.262695
348.9734218,259911.0082,4203194.514,3597.262939
349.0067738,259910.9849,4203194.49,3597.262939
349.0401257,259910.9616,4203194.467,3597.263428
349.0734776,259910.9383,4203194.443,3597.263916
349.1068296,259910.9151,4203194.419,3597.264404
349.1401815,259910.8918,4203194.395,3597.265625
349.1735334,259910.8685,4203194.371,3597.267334
349.2068854,259910.8452,4203194.347,3597.268799
349.2402373,259910.8219,4203194.323,3597.270508
349.2735892,259910.7986,4203194.299,3597.271973
349.3069412,259910.7754,4203194.276,3597.273438
349.3402931,259910.7521,4203194.252,3597.274902
349.373645,259910.7288,4203194.228,3597.276123
349.406997,259910.7055,4203194.204,3597.277588
349.4403489,259910.6822,4203194.18,3597.279053
349.4737008,259910.6589,4203194.156,3597.281006
349.5070528,259910.6357,4203194.132,3597.284668
349.5404047,259910.6124,4203194.108,3597.290039
349.5737566,259910.5891,4203194.084,3597.296143
349.6071085,259910.5658,4203194.061,3597.300049
349.6404605,259910.5425,4203194.037,3597.302979
349.6738124,259910.5193,4203194.013,3597.305908
349.7071643,259910.496,4203193.989,3597.309082
349.7405163,259910.4727,4203193.965,3597.314941
349.7738682,259910.4494,4203193.941,3597.322021
349.8072201,259910.4261,4203193.917,3597.329346
349.8405721,259910.4028,4203193.893,3597.339355
349.873924,259910.3796,4203193.87,3597.353027
349.9072759,259910.3563,4203193.846,3597.366943
349.9406279,259910.333,4203193.822,3597.378662
349.9739798,259910.3097,4203193.798,3597.391113
350.0073317,259910.2864,4203193.774,3597.405518
350.0406837,259910.2631,4203193.75,3597.425049
350.0740356,259910.2399,4203193.726,3597.442871
350.1073875,259910.2166,4203193.702,3597.46167
350.1407395,259910.1933,4203193.679,3597.481201
350.1740914,259910.17,4203193.655,3597.500488
350.2074433,259910.1467,4203193.631,3597.519287
350.2407953,259910.1234,4203193.607,3597.534424
350.2741472,259910.1002,4203193.583,3597.54834
350.3074991,259910.0769,4203193.559,3597.5625
350.3408511,259910.0536,4203193.535,3597.57666
350.374203,259910.0303,4203193.511,3597.59375
350.4075549,259910.007,4203193.487,3597.609619
350.4409068,259909.9837,4203193.464,3597.618408
350.4742588,259909.9605,4203193.44,3597.635498
350.5076107,259909.9372,4203193.416,3597.652832
350.5409626,259909.9139,4203193.392,3597.669678
350.5743146,259909.8906,4203193.368,3597.685303
350.6076665,259909.8673,4203193.344,3597.700439
350.6410184,259909.844,4203193.32,3597.714111
350.6743704,259909.8208,4203193.296,3597.730225
350.7077223,259909.7975,4203193.273,3597.748291
350.7410742,259909.7742,4203193.249,3597.763672
350.7744262,259909.7509,4203193.225,3597.777832
350.8077781,259909.7276,4203193.201,3597.784424
350.84113,259909.7043,4203193.177,3597.794434
350.874482,259909.6811,4203193.153,3597.807861
350.9078339,259909.6578,4203193.129,3597.822266
350.9411858,259909.6345,4203193.105,3597.836182
350.9745378,259909.6112,4203193.082,3597.850586
351.0078897,259909.5879,4203193.058,3597.862061
351.0412416,259909.5646,4203193.034,3597.866943
351.0745936,259909.5414,4203193.01,3597.868408
351.1079455,259909.5181,4203192.986,3597.869385
351.1412974,259909.4948,4203192.962,3597.869873
351.1746493,259909.4715,4203192.938,3597.870117
351.2080013,259909.4482,4203192.914,3597.870605
351.2413532,259909.425,4203192.89,3597.87085
351.2747051,259909.4017,4203192.867,3597.871582
351.3080571,259909.3784,4203192.843,3597.872314
351.341409,259909.3551,4203192.819,3597.873047
351.3747609,259909.3318,4203192.795,3597.874023
351.4081129,259909.3085,4203192.771,3597.875244
351.4414648,259909.2853,4203192.747,3597.87793
351.4748167,259909.262,4203192.723,3597.884766
351.5081687,259909.2387,4203192.699,3597.898682
351.5415206,259909.2154,4203192.676,3597.91333
351.5748725,259909.1921,4203192.652,3597.925537
351.6082245,259909.1688,4203192.628,3597.935791
351.6392691,259909.1449,4203192.608,3597.945801
351.6703138,259909.121,4203192.588,3597.957031
351.7013585,259909.097,4203192.569,3597.972168
351.7324032,259909.0731,4203192.549,3597.990479
351.7634479,259909.0492,4203192.529,3598.003906
351.7944925,259909.0252,4203192.509,3598.011963
351.8255372,259909.0013,4203192.489,3598.019287
351.8565819,259908.9774,4203192.47,3598.023926
351.8876266,259908.9534,4203192.45,3598.027344
351.9186713,259908.9295,4203192.43,3598.029785
351.9497159,259908.9056,4203192.41,3598.032227
351.9807606,259908.8816,4203192.391,3598.034668
352.0118053,259908.8577,4203192.371,3598.038574
352.04285,259908.8338,4203192.351,3598.042725
352.0738947,259908.8098,4203192.331,3598.04834
352.1049393,259908.7859,4203192.311,3598.059814
352.135984,259908.762,4203192.292,3598.075195
352.1670287,259908.738,4203192.272,3598.08374
352.1980734,259908.7141,4203192.252,3598.093018
352.2291181,259908.6902,4203192.232,3598.0979
352.2601627,259908.6662,4203192.213,3598.102295
352.2912074,259908.6423,4203192.193,3598.105225
352.3222521,259908.6183,4203192.173,3598.107666
352.3532968,259908.5944,4203192.153,3598.108398
352.3843414,259908.5705,4203192.134,3598.109375
352.4153861,259908.5465,4203192.114,3598.110107
352.4464308,259908.5226,4203192.094,3598.111084
352.4774755,259908.4987,4203192.074,3598.112061
352.5085202,259908.4747,4203192.054,3598.112793
352.5395648,259908.4508,4203192.035,3598.114014
352.5706095,259908.4269,4203192.015,3598.11499
352.6016542,259908.4029,4203191.995,3598.116699
352.6326989,259908.379,4203191.975,3598.118408
352.6637436,259908.3551,4203191.956,3598.12085
352.6947882,259908.3311,4203191.936,3598.121826
352.7258329,259908.3072,4203191.916,3598.125488
352.7568776,259908.2833,4203191.896,3598.130371
352.7879223,259908.2593,4203191.876,3598.135742
352.818967,259908.2354,4203191.857,3598.141602
352.8500116,259908.2115,4203191.837,3598.148193
352.8810563,259908.1875,4203191.817,3598.150146
352.912101,259908.1636,4203191.797,3598.156494
352.9431457,259908.1397,4203191.778,3598.162354
352.9741904,259908.1157,4203191.758,3598.171387
353.005235,259908.0918,4203191.738,3598.183594
353.0362797,259908.0679,4203191.718,3598.196533
353.0673244,259908.0439,4203191.699,3598.200684
353.0983691,259908.02,4203191.679,3598.213867
353.1294138,259907.9961,4203191.659,3598.226318
353.1604584,259907.9721,4203191.639,3598.237061
353.1915031,259907.9482,4203191.619,3598.245117
353.2225478,259907.9243,4203191.6,3598.25293
353.2535925,259907.9003,4203191.58,3598.254639
353.2846372,259907.8764,4203191.56,3598.261963
353.3156818,259907.8525,4203191.54,3598.269775
353.3467265,259907.8285,4203191.521,3598.279053
353.3777712,259907.8046,4203191.501,3598.287842
353.4088159,259907.7807,4203191.481,3598.290039
353.4398606,259907.7567,4203191.461,3598.296143
353.4709052,259907.7328,4203191.442,3598.300537
353.5019499,259907.7088,4203191.422,3598.306152
353.5329946,259907.6849,4203191.402,3598.312256
353.5640393,259907.661,4203191.382,3598.322021
353.595084,259907.637,4203191.362,3598.325684
353.6261286,259907.6131,4203191.343,3598.341309
353.6571733,259907.5892,4203191.323,3598.362305
353.688218,259907.5652,4203191.303,3598.385742
353.7192627,259907.5413,4203191.283,3598.411621
353.7503074,259907.5174,4203191.264,3598.438477
353.781352,259907.4934,4203191.244,3598.450928
353.8123967,259907.4695,4203191.224,3598.470947
353.8434414,259907.4456,4203191.204,3598.481201
353.8744861,259907.4216,4203191.184,3598.486084
353.9055307,259907.3977,4203191.165,3598.48999
353.9365754,259907.3738,4203191.145,3598.498047
353.9676201,259907.3498,4203191.125,3598.50415
353.9986648,259907.3259,4203191.105,3598.516846
354.0297095,259907.302,4203191.086,3598.530518
354.0607541,259907.278,4203191.066,3598.544434
354.0917988,259907.2541,4203191.046,3598.558838
354.1228435,259907.2302,4203191.026,3598.574219
354.1538882,259907.2062,4203191.007,3598.577393
354.1849329,259907.1823,4203190.987,3598.585205
354.2159775,259907.1584,4203190.967,3598.5896
354.2470222,259907.1344,4203190.947,3598.592041
354.2780669,259907.1105,4203190.927,3598.594482
354.3091116,259907.0866,4203190.908,3598.600586
354.3401563,259907.0626,4203190.888,3598.604492
354.3712009,259907.0387,4203190.868,3598.617188
354.4022456,259907.0148,4203190.848,3598.630859
354.4332903,259906.9908,4203190.829,3598.643555
354.464335,259906.9669,4203190.809,3598.658203
354.4953797,259906.943,4203190.789,3598.665283
354.5264243,259906.919,4203190.769,3598.686035
354.557469,259906.8951,4203190.749,3598.706055
354.5885137,259906.8711,4203190.73,3598.720703
354.6195584,259906.8472,4203190.71,3598.732666
354.6506031,259906.8233,4203190.69,3598.742676
354.6816477,259906.7993,4203190.67,3598.744385
354.7126924,259906.7754,4203190.651,3598.749756
354.7437371,259906.7515,4203190.631,3598.755859
354.7747818,259906.7275,4203190.611,3598.764893
354.8058265,259906.7036,4203190.591,3598.77417
354.8368711,259906.6797,4203190.572,3598.786133
354.8679158,259906.6557,4203190.552,3598.791748
354.8989605,259906.6318,4203190.532,3598.816895
354.9300052,259906.6079,4203190.512,3598.854248
354.9610499,259906.5839,4203190.492,3598.879639
354.9920945,259906.56,4203190.473,3598.89209
355.0231392,259906.5361,4203190.453,3598.89917
355.0541839,259906.5121,4203190.433,3598.900879
355.0852286,259906.4882,4203190.413,3598.904297
355.1162733,259906.4643,4203190.394,3598.906982
355.1473179,259906.4403,4203190.374,3598.911377
355.1783626,259906.4164,4203190.354,3598.920654
355.2094073,259906.3925,4203190.334,3598.933105
355.240452,259906.3685,4203190.315,3598.938477
355.2714966,259906.3446,4203190.295,3598.949219
355.3025413,259906.3207,4203190.275,3598.96167
355.333586,259906.2967,4203190.255,3598.978027
355.3646307,259906.2728,4203190.235,3598.997559
355.3956754,259906.2489,4203190.216,3599.004395
355.42672,259906.2249,4203190.196,3599.024902
355.4577647,259906.201,4203190.176,3599.041504
355.4888094,259906.1771,4203190.156,3599.052979
355.5198541,259906.1531,4203190.137,3599.063232
355.5508988,259906.1292,4203190.117,3599.071533
355.5819434,259906.1053,4203190.097,3599.074951
355.6129881,259906.0813,4203190.077,3599.084229
355.6440328,259906.0574,4203190.057,3599.093994
355.6750775,259906.0334,4203190.038,3599.102295
355.7061222,259906.0095,4203190.018,3599.110596
355.7371668,259905.9856,4203189.998,3599.120605
355.7682115,259905.9616,4203189.978,3599.124512
355.7992562,259905.9377,4203189.959,3599.140625
355.8303009,259905.9138,4203189.939,3599.166016
355.8613456,259905.8898,4203189.919,3599.197998
355.8923902,259905.8659,4203189.899,3599.228516
355.9234349,259905.842,4203189.88,3599.255615
355.9544796,259905.818,4203189.86,3599.263672
355.9855243,259905.7941,4203189.84,3599.285156
356.016569,259905.7702,4203189.82,3599.29541
356.0476136,259905.7462,4203189.8,3599.302002
356.0786583,259905.7223,4203189.781,3599.307861
356.109703,259905.6984,4203189.761,3599.31543
356.1407477,259905.6744,4203189.741,3599.319092
356.1717924,259905.6505,4203189.721,3599.334961
356.202837,259905.6266,4203189.702,3599.361816
356.2338817,259905.6026,4203189.682,3599.39209
356.2649264,259905.5787,4203189.662,3599.424072
356.2959711,259905.5548,4203189.642,3599.450195
356.3270158,259905.5308,4203189.623,3599.45752
356.3580604,259905.5069,4203189.603,3599.472168
356.3891051,259905.483,4203189.583,3599.484375
356.4201498,259905.459,4203189.563,3599.496826
356.4511945,259905.4351,4203189.543,3599.506836
356.4822392,259905.4112,4203189.524,3599.509521
356.5132838,259905.3872,4203189.504,3599.518799
356.5443285,259905.3633,4203189.484,3599.531738
356.5753732,259905.3394,4203189.464,3599.546387
356.6064179,259905.3154,4203189.445,3599.5625
356.6374626,259905.2915,4203189.425,3599.576416
356.6685072,259905.2676,4203189.405,3599.581299
356.6995519,259905.2436,4203189.385,3599.590576
356.7305966,259905.2197,4203189.365,3599.60083
356.7616413,259905.1958,4203189.346,3599.612061
356.7926859,259905.1718,4203189.326,3599.625488
356.8237306,259905.1479,4203189.306,3599.642334
356.8547753,259905.1239,4203189.286,3599.648926
356.88582,259905.1,4203189.267,3599.669922
356.9168647,259905.0761,4203189.247,3599.69458
356.9479093,259905.0521,4203189.227,3599.715576
356.978954,259905.0282,4203189.207,3599.731689
357.0099987,259905.0043,4203189.188,3599.740234
357.0410434,259904.9803,4203189.168,3599.741211
357.0720881,259904.9564,4203189.148,3599.751709
357.1031327,259904.9325,4203189.128,3599.76709
357.1341774,259904.9085,4203189.108,3599.781494
357.1652221,259904.8846,4203189.089,3599.795166
357.1962668,259904.8607,4203189.069,3599.80957
357.2273115,259904.8367,4203189.049,3599.813721
357.2583561,259904.8128,4203189.029,3599.827393
357.2894008,259904.7889,4203189.01,3599.841309
357.3204455,259904.7649,4203188.99,3599.861816
357.3514902,259904.741,4203188.97,3599.883545
357.3825349,259904.7171,4203188.95,3599.906494
357.4135795,259904.6931,4203188.93,3599.911377
357.4446242,259904.6692,4203188.911,3599.932617
357.4756689,259904.6453,4203188.891,3599.952637
357.5067136,259904.6213,4203188.871,3599.974121
357.5377583,259904.5974,4203188.851,3599.990479
357.5688029,259904.5735,4203188.832,3599.992188
357.5998476,259904.5495,4203188.812,3600.005371
357.6308923,259904.5256,4203188.792,3600.019531
357.661937,259904.5017,4203188.772,3600.037598
357.6929817,259904.4777,4203188.753,3600.056641
357.7240263,259904.4538,4203188.733,3600.076172
357.755071,259904.4299,4203188.713,3600.080811
357.7861157,259904.4059,4203188.693,3600.088379
357.8171604,259904.382,4203188.673,3600.091309
357.8482051,259904.3581,4203188.654,3600.094482
357.8792497,259904.3341,4203188.634,3600.098389
357.9102944,259904.3102,4203188.614,3600.102539
357.9413391,259904.2862,4203188.594,3600.103516
357.9723838,259904.2623,4203188.575,3600.108398
358.0034285,259904.2384,4203188.555,3600.113525
358.0344731,259904.2144,4203188.535,3600.122559
358.0655178,259904.1905,4203188.515,3600.143066
358.0965625,259904.1666,4203188.496,3600.168213
358.1276072,259904.1426,4203188.476,3600.170898
358.1586519,259904.1187,4203188.456,3600.19043
358.1896965,259904.0948,4203188.436,3600.19873
358.2207412,259904.0708,4203188.416,3600.204102
358.2517859,259904.0469,4203188.397,3600.216553
358.2828306,259904.023,4203188.377,3600.236572
358.3138752,259903.999,4203188.357,3600.239502
358.3449199,259903.9751,4203188.337,3600.262207
358.3759646,259903.9512,4203188.318,3600.277344
358.4070093,259903.9272,4203188.298,3600.283691
358.438054,259903.9033,4203188.278,3600.29248
358.4690986,259903.8794,4203188.258,3600.297119
358.5001433,259903.8554,4203188.238,3600.311768
358.531188,259903.8315,4203188.219,3600.330566
358.5622327,259903.8076,4203188.199,3600.349121
358.5932774,259903.7836,4203188.179,3600.360596
358.624322,259903.7597,4203188.159,3600.374023
358.6553667,259903.7358,4203188.14,3600.377686
358.6864114,259903.7118,4203188.12,3600.394531
358.7174561,259903.6879,4203188.1,3600.409668
358.7485008,259903.664,4203188.08,3600.424805
358.7795454,259903.64,4203188.061,3600.440674
358.8105901,259903.6161,4203188.041,3600.454102
358.8416348,259903.5922,4203188.021,3600.455566
358.8726795,259903.5682,4203188.001,3600.463135
358.9037242,259903.5443,4203187.981,3600.467773
358.9347688,259903.5204,4203187.962,3600.471436
358.9658135,259903.4964,4203187.942,3600.475342
358.9968582,259903.4725,4203187.922,3600.47998
359.0279029,259903.4485,4203187.902,3600.480225
359.0589476,259903.4246,4203187.883,3600.486816
359.0899922,259903.4007,4203187.863,3600.496826
359.1210369,259903.3767,4203187.843,3600.509766
359.1520816,259903.3528,4203187.823,3600.525391
359.1831263,259903.3289,4203187.804,3600.537354
359.214171,259903.3049,4203187.784,3600.540039
359.2452156,259903.281,4203187.764,3600.548828
359.2762603,259903.2571,4203187.744,3600.558838
359.307305,259903.2331,4203187.724,3600.567627
359.3383497,259903.2092,4203187.705,3600.574707
359.3693944,259903.1853,4203187.685,3600.583252
359.400439,259903.1613,4203187.665,3600.586914
359.4314837,259903.1374,4203187.645,3600.595703
359.4625284,259903.1135,4203187.626,3600.605713
359.4887201,259903.1028,4203187.602,3600.619141
359.5149118,259903.0922,4203187.578,3600.627197
359.5411034,259903.0816,4203187.554,3600.638184
359.5672951,259903.0709,4203187.53,3600.642578
359.5934868,259903.0603,4203187.506,3600.649658
359.6196785,259903.0496,4203187.482,3600.65332
359.6458702,259903.039,4203187.458,3600.65625
359.6720618,259903.0284,4203187.434,3600.661377
359.6982535,259903.0177,4203187.41,3600.665039
359.7244452,259903.0071,4203187.386,3600.671143
359.7506369,259902.9965,4203187.362,3600.674805
359.7768286,259902.9858,4203187.338,3600.680664
359.8030202,259902.9752,4203187.314,3600.685547
359.8292119,259902.9645,4203187.29,3600.691895
359.8554036,259902.9539,4203187.267,3600.697754
359.8815953,259902.9433,4203187.243,3600.703613
359.907787,259902.9326,4203187.219,3600.710693
359.9339787,259902.922,4203187.195,3600.715088
359.9601703,259902.9114,4203187.171,3600.721924
359.986362,259902.9007,4203187.147,3600.72876
360.0125537,259902.8901,4203187.123,3600.73877
360.0387454,259902.8794,4203187.099,3600.74707
360.0649371,259902.8688,4203187.075,3600.756348
360.0911287,259902.8582,4203187.051,3600.762695
360.1173204,259902.8475,4203187.027,3600.769287
360.1435121,259902.8369,4203187.003,3600.778809
360.1697038,259902.8263,4203186.979,3600.787109
360.1958955,259902.8156,4203186.955,3600.800293
360.2220871,259902.805,4203186.931,3600.807861
360.2482788,259902.7943,4203186.908,3600.816406
360.2744705,259902.7837,4203186.884,3600.822266
360.3006622,259902.7731,4203186.86,3600.831299
360.3268539,259902.7624,4203186.836,3600.837402
360.3530455,259902.7518,4203186.812,3600.844238
360.3792372,259902.7412,4203186.788,3600.855957
360.4054289,259902.7305,4203186.764,3600.86499
360.4316206,259902.7199,4203186.74,3600.877197
360.4578123,259902.7092,4203186.716,3600.887939
360.484004,259902.6986,4203186.692,3600.903564
360.5101956,259902.688,4203186.668,3600.91748
360.5363873,259902.6773,4203186.644,3600.937744
360.562579,259902.6667,4203186.62,3600.953613
360.5887707,259902.6561,4203186.596,3600.970215
360.6149624,259902.6454,4203186.572,3600.993652
360.641154,259902.6348,4203186.549,3601.015137
360.6673457,259902.6241,4203186.525,3601.043457
360.6935374,259902.6135,4203186.501,3601.064941
360.7197291,259902.6029,4203186.477,3601.101074
360.7459208,259902.5922,4203186.453,3601.122314
360.7721124,259902.5816,4203186.429,3601.148438
360.7983041,259902.571,4203186.405,3601.166016
360.8244958,259902.5603,4203186.381,3601.183838
360.8506875,259902.5497,4203186.357,3601.210205
360.8768792,259902.539,4203186.333,3601.226318
360.9030708,259902.5284,4203186.309,3601.253662
360.9292625,259902.5178,4203186.285,3601.268066
360.9554542,259902.5071,4203186.261,3601.297852
360.9816459,259902.4965,4203186.237,3601.317871
361.0078376,259902.4859,4203186.213,3601.352539
361.0340293,259902.4752,4203186.189,3601.369141
361.0602209,259902.4646,4203186.166,3601.387207
361.0864126,259902.4539,4203186.142,3601.41333
361.1126043,259902.4433,4203186.118,3601.425781
361.138796,259902.4327,4203186.094,3601.442383
361.1649877,259902.422,4203186.07,3601.450439
361.1911793,259902.4114,4203186.046,3601.462158
361.217371,259902.4008,4203186.022,3601.465332
361.2435627,259902.3901,4203185.998,3601.47583
361.2697544,259902.3795,4203185.974,3601.483154
361.2959461,259902.3688,4203185.95,3601.491943
361.3221377,259902.3582,4203185.926,3601.512695
361.3483294,259902.3476,4203185.902,3601.524902
361.3745211,259902.3369,4203185.878,3601.552734
361.4007128,259902.3263,4203185.854,3601.564453
361.4269045,259902.3157,4203185.83,3601.586182
361.4530961,259902.305,4203185.807,3601.59668
361.4792878,259902.2944,4203185.783,3601.61084
361.5054795,259902.2837,4203185.759,3601.61792
361.5316712,259902.2731,4203185.735,3601.631104
361.5578629,259902.2625,4203185.711,3601.640625
361.5840546,259902.2518,4203185.687,3601.650391
361.6102462,259902.2412,4203185.663,3601.661377
361.6364379,259902.2306,4203185.639,3601.667725
361.6626296,259902.2199,4203185.615,3601.677246
361.6888213,259902.2093,4203185.591,3601.684082
361.715013,259902.1986,4203185.567,3601.696777
361.7412046,259902.188,4203185.543,3601.706543
361.7673963,259902.1774,4203185.519,3601.722168
361.793588,259902.1667,4203185.495,3601.734131
361.8197797,259902.1561,4203185.471,3601.748535
361.8459714,259902.1455,4203185.448,3601.773438
361.872163,259902.1348,4203185.424,3601.793945
361.8983547,259902.1242,4203185.4,3601.825439
361.9245464,259902.1135,4203185.376,3601.845947
361.9507381,259902.1029,4203185.352,3601.866211
361.9769298,259902.0923,4203185.328,3601.876465
362.0031214,259902.0816,4203185.304,3601.889404
362.0293131,259902.071,4203185.28,3601.895752
362.0555048,259902.0604,4203185.256,3601.901123
362.0816965,259902.0497,4203185.232,3601.910156
362.1078882,259902.0391,4203185.208,3601.91748
362.1340799,259902.0284,4203185.184,3601.927979
362.1602715,259902.0178,4203185.16,3601.93457
362.1864632,259902.0072,4203185.136,3601.946289
362.2126549,259901.9965,4203185.112,3601.953857
362.2388466,259901.9859,4203185.089,3601.970459
362.2650383,259901.9753,4203185.065,3601.98291
362.2912299,259901.9646,4203185.041,3601.995117
362.3174216,259901.954,4203185.017,3602.018799
362.3436133,259901.9434,4203184.993,3602.033691
362.369805,259901.9327,4203184.969,3602.060059
362.3959967,259901.9221,4203184.945,3602.075684
362.4221883,259901.9114,4203184.921,3602.100342
362.44838,259901.9008,4203184.897,3602.114746
362.4745717,259901.8902,4203184.873,3602.131592
362.5007634,259901.8795,4203184.849,3602.13916
362.5269551,259901.8689,4203184.825,3602.147461
362.5531467,259901.8583,4203184.801,3602.158691
362.5793384,259901.8476,4203184.777,3602.164063
362.6055301,259901.837,4203184.753,3602.175293
362.6317218,259901.8263,4203184.73,3602.182373
362.6579135,259901.8157,4203184.706,3602.193115
362.6841052,259901.8051,4203184.682,3602.19873
362.7102968,259901.7944,4203184.658,3602.20874
362.7364885,259901.7838,4203184.634,3602.213135
362.7626802,259901.7732,4203184.61,3602.216553
362.7888719,259901.7625,4203184.586,3602.223389
362.8150636,259901.7519,4203184.562,3602.226807
362.8412552,259901.7412,4203184.538,3602.23291
362.8674469,259901.7306,4203184.514,3602.235596
362.8936386,259901.72,4203184.49,3602.240967
362.9198303,259901.7093,4203184.466,3602.244141
362.946022,259901.6987,4203184.442,3602.251221
362.9722136,259901.6881,4203184.418,3602.255127
362.9984053,259901.6774,4203184.394,3602.258789
363.024597,259901.6668,4203184.37,3602.265381
363.0507887,259901.6561,4203184.347,3602.268555
363.0769804,259901.6455,4203184.323,3602.273682
363.103172,259901.6349,4203184.299,3602.2771
363.1293637,259901.6242,4203184.275,3602.284424
363.1555554,259901.6136,4203184.251,3602.290039
363.1817471,259901.603,4203184.227,3602.300049
363.2079388,259901.5923,4203184.203,3602.306885
363.2341305,259901.5817,4203184.179,3602.314941
363.2603221,259901.571,4203184.155,3602.333008
363.2865138,259901.5604,4203184.131,3602.344482
363.3127055,259901.5498,4203184.107,3602.36792
363.3388972,259901.5391,4203184.083,3602.379883
363.3650889,259901.5285,4203184.059,3602.397705
363.3912805,259901.5179,4203184.035,3602.405762
363.4174722,259901.5072,4203184.011,3602.417725
363.4436639,259901.4966,4203183.988,3602.425049
363.4698556,259901.4859,4203183.964,3602.43457
363.4960473,259901.4753,4203183.94,3602.449707
363.5222389,259901.4647,4203183.916,3602.458008
363.5484306,259901.454,4203183.892,3602.470215
363.5746223,259901.4434,4203183.868,3602.478271
363.600814,259901.4328,4203183.844,3602.49292
363.6270057,259901.4221,4203183.82,3602.504883
363.6531973,259901.4115,4203183.796,3602.526855
363.679389,259901.4008,4203183.772,3602.540039
363.7055807,259901.3902,4203183.748,3602.55542
363.7317724,259901.3796,4203183.724,3602.58374
363.7579641,259901.3689,4203183.7,3602.597412
363.7841558,259901.3583,4203183.676,3602.621094
363.8103474,259901.3477,4203183.652,3602.638428
363.8365391,259901.337,4203183.629,3602.668701
363.8627308,259901.3264,4203183.605,3602.688965
363.8889225,259901.3157,4203183.581,3602.720459
363.9151142,259901.3051,4203183.557,3602.736572
363.9413058,259901.2945,4203183.533,3602.754883
363.9674975,259901.2838,4203183.509,3602.761963
363.9936892,259901.2732,4203183.485,3602.769531
364.0198809,259901.2626,4203183.461,3602.789551
364.0460726,259901.2519,4203183.437,3602.811279
364.0722642,259901.2413,4203183.413,3602.850586
364.0984559,259901.2306,4203183.389,3602.87793
364.1246476,259901.22,4203183.365,3602.919678
364.1508393,259901.2094,4203183.341,3602.946045
364.177031,259901.1987,4203183.317,3602.979736
364.2032226,259901.1881,4203183.293,3602.996338
364.2294143,259901.1775,4203183.27,3603.008301
364.255606,259901.1668,4203183.246,3603.027588
364.2817977,259901.1562,4203183.222,3603.037842
364.3079894,259901.1455,4203183.198,3603.061279
364.3341811,259901.1349,4203183.174,3603.070068
364.3603727,259901.1243,4203183.15,3603.09082
364.3865644,259901.1136,4203183.126,3603.100586
364.4127561,259901.103,4203183.102,3603.125977
364.4389478,259901.0924,4203183.078,3603.135498
364.4651395,259901.0817,4203183.054,3603.143311
364.4913311,259901.0711,4203183.03,3603.165039
364.5175228,259901.0604,4203183.006,3603.172119
364.5437145,259901.0498,4203182.982,3603.1875
364.5699062,259901.0392,4203182.958,3603.192139
364.5960979,259901.0285,4203182.934,3603.206787
364.6222895,259901.0179,4203182.911,3603.21167
364.6484812,259901.0073,4203182.887,3603.224365
364.6805657,259900.9858,4203182.863,3603.229248
364.7126501,259900.9644,4203182.839,3603.241211
364.7447346,259900.943,4203182.815,3603.253418
364.776819,259900.9215,4203182.791,3603.27002
364.8089034,259900.9001,4203182.767,3603.290283
364.8409879,259900.8787,4203182.743,3603.311035
364.8730723,259900.8572,4203182.719,3603.330322
364.9051568,259900.8358,4203182.696,3603.34668
364.9372412,259900.8144,4203182.672,3603.361328
364.9693257,259900.793,4203182.648,3603.377197
365.0014101,259900.7715,4203182.624,3603.387939
365.0334945,259900.7501,4203182.6,3603.411377
365.065579,259900.7287,4203182.576,3603.431641
365.0976634,259900.7072,4203182.552,3603.449707
365.1297479,259900.6858,4203182.528,3603.466064
365.1618323,259900.6644,4203182.505,3603.481445
365.1939168,259900.643,4203182.481,3603.491455
365.2260012,259900.6215,4203182.457,3603.500732
365.2580857,259900.6001,4203182.433,3603.51123
365.2901701,259900.5787,4203182.409,3603.517334
365.3222545,259900.5572,4203182.385,3603.531006
365.354339,259900.5358,4203182.361,3603.55127
365.3864234,259900.5144,4203182.337,3603.575928
365.4185079,259900.4929,4203182.313,3603.596191
365.4505923,259900.4715,4203182.29,3603.614746
365.4826768,259900.4501,4203182.266,3603.630859
365.5147612,259900.4287,4203182.242,3603.644287
365.5468456,259900.4072,4203182.218,3603.6521
365.5789301,259900.3858,4203182.194,3603.656982
365.6110145,259900.3644,4203182.17,3603.659912
365.643099,259900.3429,4203182.146,3603.664551
365.6751834,259900.3215,4203182.122,3603.668213
365.7072679,259900.3001,4203182.099,3603.671143
365.7393523,259900.2787,4203182.075,3603.67749
365.7714367,259900.2572,4203182.051,3603.692383
365.8035212,259900.2358,4203182.027,3603.711914
365.8356056,259900.2144,4203182.003,3603.738037
365.8676901,259900.1929,4203181.979,3603.760986
365.8997745,259900.1715,4203181.955,3603.7771
365.931859,259900.1501,4203181.931,3603.783447
365.9639434,259900.1286,4203181.908,3603.797119
365.9960279,259900.1072,4203181.884,3603.808594
366.0281123,259900.0858,4203181.86,3603.818359
366.0601967,259900.0644,4203181.836,3603.827393
366.0922812,259900.0429,4203181.812,3603.84082
366.1243656,259900.0215,4203181.788,3603.869385
366.1564501,259900.0001,4203181.764,3603.905273
366.1885345,259899.9786,4203181.74,3603.931396
366.220619,259899.9572,4203181.717,3603.951172
366.2527034,259899.9358,4203181.693,3603.959473
366.2847878,259899.9143,4203181.669,3603.972656
366.3168723,259899.8929,4203181.645,3603.980957
366.3489567,259899.8715,4203181.621,3603.984131
366.3810412,259899.8501,4203181.597,3603.987305
366.4131256,259899.8286,4203181.573,3603.993164
366.4452101,259899.8072,4203181.549,3604.003418
366.4772945,259899.7858,4203181.525,3604.018799
366.5093789,259899.7643,4203181.502,3604.039063
366.5414634,259899.7429,4203181.478,3604.056396
366.5735478,259899.7215,4203181.454,3604.064453
366.6056323,259899.7001,4203181.43,3604.074951
366.6377167,259899.6786,4203181.406,3604.085205
366.6698012,259899.6572,4203181.382,3604.094482
366.7018856,259899.6358,4203181.358,3604.104248
366.73397,259899.6143,4203181.334,3604.11377
366.7660545,259899.5929,4203181.311,3604.123535
366.7981389,259899.5715,4203181.287,3604.135254
366.8302234,259899.55,4203181.263,3604.150635
366.8623078,259899.5286,4203181.239,3604.16333
366.8943923,259899.5072,4203181.215,3604.184326
366.9264767,259899.4858,4203181.191,3604.208252
366.9585612,259899.4643,4203181.167,3604.235107
366.9906456,259899.4429,4203181.143,3604.263184
367.02273,259899.4215,4203181.12,3604.29126
367.0548145,259899.4,4203181.096,3604.319092
367.0868989,259899.3786,4203181.072,3604.342529
367.1189834,259899.3572,4203181.048,3604.360107
367.1510678,259899.3358,4203181.024,3604.378662
367.1831523,259899.3143,4203181,3604.395264
367.2152367,259899.2929,4203180.976,3604.424561
367.2473211,259899.2715,4203180.952,3604.453125
367.2794056,259899.25,4203180.929,3604.485352
367.31149,259899.2286,4203180.905,3604.519775
367.3435745,259899.2072,4203180.881,3604.553711
367.3756589,259899.1857,4203180.857,3604.580322
367.4077434,259899.1643,4203180.833,3604.606934
367.4398278,259899.1429,4203180.809,3604.624268
367.4719122,259899.1215,4203180.785,3604.637451
367.5039967,259899.1,4203180.761,3604.63916
367.5360811,259899.0786,4203180.737,3604.647705
367.5681656,259899.0572,4203180.714,3604.653809
367.60025,259899.0357,4203180.69,3604.659668
367.6323345,259899.0143,4203180.666,3604.663818
367.6644189,259898.9929,4203180.642,3604.666504
367.6965034,259898.9715,4203180.618,3604.668213
367.7285878,259898.95,4203180.594,3604.67041
367.7606722,259898.9286,4203180.57,3604.672607
367.7927567,259898.9072,4203180.546,3604.674805
367.8248411,259898.8857,4203180.523,3604.676514
367.8569256,259898.8643,4203180.499,3604.679688
367.88901,259898.8429,4203180.475,3604.685303
367.9210945,259898.8214,4203180.451,3604.69458
367.9531789,259898.8,4203180.427,3604.706787
367.9852633,259898.7786,4203180.403,3604.716553
368.0173478,259898.7572,4203180.379,3604.723877
368.0494322,259898.7357,4203180.355,3604.730713
368.0815167,259898.7143,4203180.332,3604.735352
368.1136011,259898.6929,4203180.308,3604.73877
368.1456856,259898.6714,4203180.284,3604.743164
368.17777,259898.65,4203180.26,3604.747803
368.2098544,259898.6286,4203180.236,3604.754395
368.2419389,259898.6071,4203180.212,3604.763916
368.2740233,259898.5857,4203180.188,3604.778809
368.3061078,259898.5643,4203180.164,3604.799561
368.3381922,259898.5429,4203180.141,3604.819824
368.3702767,259898.5214,4203180.117,3604.847168
368.4023611,259898.5,4203180.093,3604.876953
368.4344456,259898.4786,4203180.069,3604.898438
368.46653,259898.4571,4203180.045,3604.929443
368.4986144,259898.4357,4203180.021,3604.948975
368.5306989,259898.4143,4203179.997,3604.965332
368.5627833,259898.3929,4203179.973,3604.97876
368.5948678,259898.3714,4203179.95,3604.98999
368.6269522,259898.35,4203179.926,3605
368.6590367,259898.3286,4203179.902,3605.008301
368.6911211,259898.3071,4203179.878,3605.016113
368.7232055,259898.2857,4203179.854,3605.02417
368.75529,259898.2643,4203179.83,3605.028076
368.7873744,259898.2428,4203179.806,3605.034912
368.8194589,259898.2214,4203179.782,3605.04248
368.8515433,259898.2,4203179.758,3605.05542
368.8836278,259898.1786,4203179.735,3605.07251
368.9157122,259898.1571,4203179.711,3605.09375
368.9477966,259898.1357,4203179.687,3605.114258
368.9798811,259898.1143,4203179.663,3605.131104
369.0119655,259898.0928,4203179.639,3605.140869
369.04405,259898.0714,4203179.615,3605.145508
369.0761344,259898.05,4203179.591,3605.147461
369.1082189,259898.0286,4203179.567,3605.1521
369.1403033,259898.0071,4203179.544,3605.157227
369.1723878,259897.9857,4203179.52,3605.164795
369.2044722,259897.9643,4203179.496,3605.17334
369.2365566,259897.9428,4203179.472,3605.181396
369.2686411,259897.9214,4203179.448,3605.189941
369.3007255,259897.9,4203179.424,3605.19751
369.33281,259897.8785,4203179.4,3605.207031
369.3648944,259897.8571,4203179.376,3605.220215
369.3969789,259897.8357,4203179.353,3605.230957
369.4290633,259897.8143,4203179.329,3605.246582
369.4611477,259897.7928,4203179.305,3605.254639
369.4932322,259897.7714,4203179.281,3605.257813
369.5253166,259897.75,4203179.257,3605.264404
369.5574011,259897.7285,4203179.233,3605.274414
369.5894855,259897.7071,4203179.209,3605.28418
369.62157,259897.6857,4203179.185,3605.293701
369.6536544,259897.6643,4203179.162,3605.30127
369.6857388,259897.6428,4203179.138,3605.30542
369.7178233,259897.6214,4203179.114,3605.312988
369.7499077,259897.6,4203179.09,3605.320313
369.7819922,259897.5785,4203179.066,3605.325928
369.8140766,259897.5571,4203179.042,3605.329346
369.8461611,259897.5357,4203179.018,3605.333008
369.8782455,259897.5142,4203178.994,3605.337891
369.91033,259897.4928,4203178.97,3605.344238
369.9424144,259897.4714,4203178.947,3605.356201
369.9744988,259897.45,4203178.923,3605.376709
370.0065833,259897.4285,4203178.899,3605.389404
370.0386677,259897.4071,4203178.875,3605.414307
370.0707522,259897.3857,4203178.851,3605.438721
370.1028366,259897.3642,4203178.827,3605.467041
370.1349211,259897.3428,4203178.803,3605.494385
370.1670055,259897.3214,4203178.779,3605.513184
370.1990899,259897.2999,4203178.756,3605.528564
370.2311744,259897.2785,4203178.732,3605.540527
370.2632588,259897.2571,4203178.708,3605.55249
370.2953433,259897.2357,4203178.684,3605.56543
370.3274277,259897.2142,4203178.66,3605.573975
370.3595122,259897.1928,4203178.636,3605.592285
370.3915966,259897.1714,4203178.612,3605.61377
370.423681,259897.1499,4203178.588,3605.640869
370.4557655,259897.1285,4203178.565,3605.678955
370.4878499,259897.1071,4203178.541,3605.715576
370.5199344,259897.0857,4203178.517,3605.749268
370.5520188,259897.0642,4203178.493,3605.764893
370.5841033,259897.0428,4203178.469,3605.772949
370.6161877,259897.0214,4203178.445,3605.779297
370.6482722,259896.9999,4203178.421,3605.786133
370.6803566,259896.9785,4203178.397,3605.794678
370.712441,259896.9571,4203178.374,3605.800537
370.7445255,259896.9356,4203178.35,3605.806396
370.7766099,259896.9142,4203178.326,3605.813477
370.8086944,259896.8928,4203178.302,3605.820313
370.8407788,259896.8714,4203178.278,3605.82666
370.8728633,259896.8499,4203178.254,3605.834717
370.9049477,259896.8285,4203178.23,3605.844727
370.9370321,259896.8071,4203178.206,3605.852539
370.9691166,259896.7856,4203178.182,3605.858643
371.001201,259896.7642,4203178.159,3605.865967
371.0332855,259896.7428,4203178.135,3605.873291
371.0653699,259896.7214,4203178.111,3605.884277
371.0974544,259896.6999,4203178.087,3605.897461
371.1295388,259896.6785,4203178.063,3605.911865
371.1616232,259896.6571,4203178.039,3605.921631
371.1937077,259896.6356,4203178.015,3605.935547
371.2257921,259896.6142,4203177.991,3605.947998
371.2578766,259896.5928,4203177.968,3605.952637
371.289961,259896.5713,4203177.944,3605.962646
371.3220455,259896.5499,4203177.92,3605.973877
371.3541299,259896.5285,4203177.896,3605.986328
371.3862144,259896.5071,4203177.872,3606.001465
371.4182988,259896.4856,4203177.848,3606.012451
371.4503832,259896.4642,4203177.824,3606.023682
371.4824677,259896.4428,4203177.8,3606.037842
371.5145521,259896.4213,4203177.777,3606.052246
371.5466366,259896.3999,4203177.753,3606.064697
371.578721,259896.3785,4203177.729,3606.070313
371.6108055,259896.3571,4203177.705,3606.080078
371.6428899,259896.3356,4203177.681,3606.088867
371.6749743,259896.3142,4203177.657,3606.097656
371.7070588,259896.2928,4203177.633,3606.106689
371.7391432,259896.2713,4203177.609,3606.115723
371.7712277,259896.2499,4203177.586,3606.123535
371.8033121,259896.2285,4203177.562,3606.129639
371.8353966,259896.207,4203177.538,3606.135254
371.867481,259896.1856,4203177.514,3606.14209
371.8995654,259896.1642,4203177.49,3606.149902
371.9316499,259896.1428,4203177.466,3606.164551
371.9637343,259896.1213,4203177.442,3606.185791
371.9958188,259896.0999,4203177.418,3606.213379
372.0279032,259896.0785,4203177.394,3606.244873
372.0599877,259896.057,4203177.371,3606.268799
372.0920721,259896.0356,4203177.347,3606.283936
372.1241566,259896.0142,4203177.323,3606.297363
372.156241,259895.9927,4203177.299,3606.312256
372.1883254,259895.9713,4203177.275,3606.327393
372.2204099,259895.9499,4203177.251,3606.342529
372.2524943,259895.9285,4203177.227,3606.358154
372.2845788,259895.907,4203177.203,3606.369873
372.3166632,259895.8856,4203177.18,3606.379883
372.3487477,259895.8642,4203177.156,3606.39209
372.3808321,259895.8427,4203177.132,3606.409912
372.4129165,259895.8213,4203177.108,3606.429199
372.445001,259895.7999,4203177.084,3606.449463
372.4770854,259895.7785,4203177.06,3606.470703
372.5091699,259895.757,4203177.036,3606.484863
372.5412543,259895.7356,4203177.012,3606.501465
372.5733388,259895.7142,4203176.989,3606.513672
372.6054232,259895.6927,4203176.965,3606.524902
372.6375076,259895.6713,4203176.941,3606.532471
372.6695921,259895.6499,4203176.917,3606.542236
372.7016765,259895.6284,4203176.893,3606.55249
372.733761,259895.607,4203176.869,3606.563965
372.7658454,259895.5856,4203176.845,3606.575684
372.7979299,259895.5642,4203176.821,3606.588623
372.8300143,259895.5427,4203176.798,3606.594971
372.8620988,259895.5213,4203176.774,3606.601074
372.8941832,259895.4999,4203176.75,3606.604736
372.9262676,259895.4784,4203176.726,3606.606445
372.9583521,259895.457,4203176.702,3606.608154
372.9904365,259895.4356,4203176.678,3606.609619
373.022521,259895.4142,4203176.654,3606.610596
373.0546054,259895.3927,4203176.63,3606.611572
373.0866899,259895.3713,4203176.607,3606.61377
373.1187743,259895.3499,4203176.583,3606.616455
373.1508587,259895.3284,4203176.559,3606.618164
373.1829432,259895.307,4203176.535,3606.622314
373.2150276,259895.2856,4203176.511,3606.627441
373.2471121,259895.2641,4203176.487,3606.633057
373.2791965,259895.2427,4203176.463,3606.638672
373.311281,259895.2213,4203176.439,3606.644531
373.3433654,259895.1999,4203176.415,3606.651123
373.3754498,259895.1784,4203176.392,3606.65918
373.4075343,259895.157,4203176.368,3606.670166
373.4396187,259895.1356,4203176.344,3606.68335
373.4717032,259895.1141,4203176.32,3606.6875
373.5037876,259895.0927,4203176.296,3606.693604
373.5358721,259895.0713,4203176.272,3606.699951
373.5679565,259895.0499,4203176.248,3606.70459
373.600041,259895.0284,4203176.224,3606.706543
373.6321254,259895.007,4203176.201,3606.708252
373.6642098,259894.9856,4203176.177,3606.710693
373.6962943,259894.9641,4203176.153,3606.712891
373.7283787,259894.9427,4203176.129,3606.714844
373.7604632,259894.9213,4203176.105,3606.716797
373.7925476,259894.8998,4203176.081,3606.718262
373.8246321,259894.8784,4203176.057,3606.722412
373.8567165,259894.857,4203176.033,3606.730957
373.8888009,259894.8356,4203176.01,3606.740967
373.9208854,259894.8141,4203175.986,3606.752441
373.9529698,259894.7927,4203175.962,3606.766113
373.9850543,259894.7713,4203175.938,3606.777832
374.0171387,259894.7498,4203175.914,3606.79248
374.0492232,259894.7284,4203175.89,3606.804443
374.0813076,259894.707,4203175.866,3606.80957
374.113392,259894.6855,4203175.842,3606.818359
374.1454765,259894.6641,4203175.819,3606.827881
374.1775609,259894.6427,4203175.795,3606.840088
374.2096454,259894.6213,4203175.771,3606.85083
374.2417298,259894.5998,4203175.747,3606.861572
374.2738143,259894.5784,4203175.723,3606.871338
374.3058987,259894.557,4203175.699,3606.879883
374.3379832,259894.5355,4203175.675,3606.885986
374.3700676,259894.5141,4203175.651,3606.89209
374.402152,259894.4927,4203175.627,3606.894531
374.4342365,259894.4713,4203175.604,3606.900635
374.4663209,259894.4498,4203175.58,3606.911133
374.4984054,259894.4284,4203175.556,3606.928955
374.5304898,259894.407,4203175.532,3606.948242
374.5625743,259894.3855,4203175.508,3606.967529
374.5946587,259894.3641,4203175.484,3606.97998
374.6267431,259894.3427,4203175.46,3606.98877
374.6588276,259894.3212,4203175.436,3606.994873
374.690912,259894.2998,4203175.413,3607.000977
374.7229965,259894.2784,4203175.389,3607.004395
374.7550809,259894.257,4203175.365,3607.012207
374.7871654,259894.2355,4203175.341,3607.026367
374.8192498,259894.2141,4203175.317,3607.043701
374.8513342,259894.1927,4203175.293,3607.066162
374.8834187,259894.1712,4203175.269,3607.0896
374.9155031,259894.1498,4203175.245,3607.109375
374.9475876,259894.1284,4203175.222,3607.125
374.979672,259894.107,4203175.198,3607.134277
375.0117565,259894.0855,4203175.174,3607.143555
375.0438409,259894.0641,4203175.15,3607.151123
375.0759254,259894.0427,4203175.126,3607.16333
375.1080098,259894.0212,4203175.102,3607.177979
375.1400942,259893.9998,4203175.078,3607.192871
375.1721787,259893.9784,4203175.054,3607.209473
375.2042631,259893.9569,4203175.031,3607.226807
375.2363476,259893.9355,4203175.007,3607.242188
375.268432,259893.9141,4203174.983,3607.253662
375.3005165,259893.8927,4203174.959,3607.261475
375.3326009,259893.8712,4203174.935,3607.264893
375.3646853,259893.8498,4203174.911,3607.268066
375.3967698,259893.8284,4203174.887,3607.269531
375.4288542,259893.8069,4203174.863,3607.270752
375.4609387,259893.7855,4203174.839,3607.271484
375.4930231,259893.7641,4203174.816,3607.272217
375.5251076,259893.7427,4203174.792,3607.272705
375.557192,259893.7212,4203174.768,3607.272949
375.5892764,259893.6998,4203174.744,3607.273193
375.6213609,259893.6784,4203174.72,3607.273438
375.6534453,259893.6569,4203174.696,3607.273438
375.6855298,259893.6355,4203174.672,3607.273682
375.7176142,259893.6141,4203174.648,3607.273926
375.7496987,259893.5926,4203174.625,3607.27417
375.7817831,259893.5712,4203174.601,3607.274658
375.8138676,259893.5498,4203174.577,3607.275146
375.845952,259893.5284,4203174.553,3607.275879
375.8780364,259893.5069,4203174.529,3607.276611
375.9101209,259893.4855,4203174.505,3607.277588
375.9422053,259893.4641,4203174.481,3607.279541
375.9742898,259893.4426,4203174.457,3607.281494
376.0063742,259893.4212,4203174.434,3607.284912
376.0384587,259893.3998,4203174.41,3607.287842
376.0705431,259893.3783,4203174.386,3607.290771
376.1026275,259893.3569,4203174.362,3607.294434
376.134712,259893.3355,4203174.338,3607.299316
376.1667964,259893.3141,4203174.314,3607.304199
376.1988809,259893.2926,4203174.29,3607.311035
376.2309653,259893.2712,4203174.266,3607.325928
376.2630498,259893.2498,4203174.243,3607.345947
376.2951342,259893.2283,4203174.219,3607.360596
376.3272186,259893.2069,4203174.195,3607.384521
376.3593031,259893.1855,4203174.171,3607.405518
376.3913875,259893.1641,4203174.147,3607.417725
376.423472,259893.1426,4203174.123,3607.428223
376.4555564,259893.1212,4203174.099,3607.4375
376.4876409,259893.0998,4203174.075,3607.445068
376.5197253,259893.0783,4203174.051,3607.455322
376.5518098,259893.0569,4203174.028,3607.469971
376.5838942,259893.0355,4203174.004,3607.485107
376.6159786,259893.014,4203173.98,3607.492676
376.6480631,259892.9926,4203173.956,3607.504395
376.6801475,259892.9712,4203173.932,3607.52002
376.712232,259892.9498,4203173.908,3607.531494
376.7443164,259892.9283,4203173.884,3607.541992
376.7764009,259892.9069,4203173.86,3607.553955
376.8084853,259892.8855,4203173.837,3607.564209
376.8405697,259892.864,4203173.813,3607.577148
376.8726542,259892.8426,4203173.789,3607.5896
376.9047386,259892.8212,4203173.765,3607.595459
376.9368231,259892.7998,4203173.741,3607.60791
376.9689075,259892.7783,4203173.717,3607.622803
377.000992,259892.7569,4203173.693,3607.635986
377.0330764,259892.7355,4203173.669,3607.648438
377.0651608,259892.714,4203173.646,3607.658203
377.0972453,259892.6926,4203173.622,3607.665283
377.1293297,259892.6712,4203173.598,3607.672119
377.1614142,259892.6497,4203173.574,3607.677246
377.1934986,259892.6283,4203173.55,3607.681396
377.2255831,259892.6069,4203173.526,3607.683594
377.2576675,259892.5855,4203173.502,3607.686523
377.289752,259892.564,4203173.478,3607.687012
377.3218364,259892.5426,4203173.455,3607.687256
377.3539208,259892.5212,4203173.431,3607.6875
377.3860053,259892.4997,4203173.407,3607.687744
377.4180897,259892.4783,4203173.383,3607.688477
377.4501742,259892.4569,4203173.359,3607.688965
377.4822586,259892.4354,4203173.335,3607.689453
377.5143431,259892.414,4203173.311,3607.689941
377.5464275,259892.3926,4203173.287,3607.690186
377.5785119,259892.3712,4203173.263,3607.69043
377.6105964,259892.3497,4203173.24,3607.690918
377.6426808,259892.3283,4203173.216,3607.691406
377.6747653,259892.3069,4203173.192,3607.692139
377.7068497,259892.2854,4203173.168,3607.693115
377.7389342,259892.264,4203173.144,3607.694824
377.7710186,259892.2426,4203173.12,3607.698242
377.803103,259892.2212,4203173.096,3607.703125
377.8351875,259892.1997,4203173.072,3607.710938
377.8672719,259892.1783,4203173.049,3607.718018
377.8993564,259892.1569,4203173.025,3607.734863
377.9314408,259892.1354,4203173.001,3607.755859
377.9635253,259892.114,4203172.977,3607.783936
377.9956097,259892.0926,4203172.953,3607.802246
378.0276941,259892.0711,4203172.929,3607.816895
378.0597786,259892.0497,4203172.905,3607.829346
378.091863,259892.0283,4203172.881,3607.840576
378.1239475,259892.0069,4203172.858,3607.849854
378.1560319,259891.9854,4203172.834,3607.856689
378.1881164,259891.964,4203172.81,3607.867432
378.2202008,259891.9426,4203172.786,3607.879639
378.2522853,259891.9211,4203172.762,3607.895752
378.2843697,259891.8997,4203172.738,3607.914063
378.3164541,259891.8783,4203172.714,3607.933838
378.3485386,259891.8569,4203172.69,3607.95166
378.380623,259891.8354,4203172.667,3607.968262
378.4127075,259891.814,4203172.643,3607.989746
378.4447919,259891.7926,4203172.619,3608.009277
378.4773143,259891.7686,4203172.597,3608.024902
378.5098368,259891.7447,4203172.575,3608.036865
378.5423592,259891.7208,4203172.553,3608.039795
378.5748816,259891.6968,4203172.531,3608.053955
378.607404,259891.6729,4203172.509,3608.06665
378.6399265,259891.649,4203172.487,3608.083008
378.6724489,259891.625,4203172.465,3608.100342
378.7049713,259891.6011,4203172.443,3608.116699
378.7374937,259891.5772,4203172.421,3608.133057
378.7700162,259891.5532,4203172.399,3608.148682
378.8025386,259891.5293,4203172.377,3608.161621
378.835061,259891.5054,4203172.355,3608.171631
378.8675834,259891.4814,4203172.333,3608.179932
378.9001059,259891.4575,4203172.311,3608.185303
378.9326283,259891.4336,4203172.288,3608.191895
378.9651507,259891.4096,4203172.266,3608.193604
378.9976731,259891.3857,4203172.244,3608.201904
379.0301956,259891.3617,4203172.222,3608.210938
379.062718,259891.3378,4203172.2,3608.218262
379.0952404,259891.3139,4203172.178,3608.225098
379.1277628,259891.2899,4203172.156,3608.230713
379.1602852,259891.266,4203172.134,3608.237305
379.1928077,259891.2421,4203172.112,3608.244141
379.2253301,259891.2181,4203172.09,3608.248779
379.2578525,259891.1942,4203172.068,3608.255859
379.2903749,259891.1703,4203172.046,3608.266357
379.3228974,259891.1463,4203172.024,3608.282227
379.3554198,259891.1224,4203172.002,3608.301758
379.3879422,259891.0985,4203171.98,3608.304932
379.4204646,259891.0745,4203171.958,3608.323242
379.4529871,259891.0506,4203171.936,3608.336426
379.4855095,259891.0267,4203171.914,3608.345215
379.5180319,259891.0027,4203171.892,3608.35083
379.5505543,259890.9788,4203171.87,3608.35498
379.5830768,259890.9549,4203171.848,3608.358643
379.6155992,259890.9309,4203171.826,3608.362305
379.6481216,259890.907,4203171.804,3608.366455
379.680644,259890.8831,4203171.782,3608.374023
379.7131665,259890.8591,4203171.76,3608.382568
379.7456889,259890.8352,4203171.738,3608.393311
379.7782113,259890.8113,4203171.716,3608.40625
379.8107337,259890.7873,4203171.694,3608.40918
379.8432562,259890.7634,4203171.672,3608.420898
379.8757786,259890.7395,4203171.65,3608.429688
379.908301,259890.7155,4203171.628,3608.436523
379.9408234,259890.6916,4203171.606,3608.443359
379.9733459,259890.6677,4203171.584,3608.448975
380.0058683,259890.6437,4203171.562,3608.453857
380.0383907,259890.6198,4203171.54,3608.45874
380.0709131,259890.5959,4203171.518,3608.463867
380.1034355,259890.5719,4203171.496,3608.469727
380.135958,259890.548,4203171.474,3608.477539
380.1684804,259890.524,4203171.452,3608.486328
380.2010028,259890.5001,4203171.43,3608.498535
380.2335252,259890.4762,4203171.408,3608.505371
380.2660477,259890.4522,4203171.386,3608.520752
380.2985701,259890.4283,4203171.364,3608.539551
380.3310925,259890.4044,4203171.342,3608.557617
380.3636149,259890.3804,4203171.32,3608.571777
380.3961374,259890.3565,4203171.298,3608.584473
380.4286598,259890.3326,4203171.276,3608.593018
380.4611822,259890.3086,4203171.254,3608.596924
380.4937046,259890.2847,4203171.232,3608.602539
380.5262271,259890.2608,4203171.21,3608.613525
380.5587495,259890.2368,4203171.188,3608.631104
380.5912719,259890.2129,4203171.165,3608.648438
380.6237943,259890.189,4203171.143,3608.657959
380.6563168,259890.165,4203171.121,3608.673828
380.6888392,259890.1411,4203171.099,3608.683838
380.7213616,259890.1172,4203171.077,3608.692871
380.753884,259890.0932,4203171.055,3608.700684
380.7864065,259890.0693,4203171.033,3608.70752
380.8189289,259890.0454,4203171.011,3608.720459
380.8514513,259890.0214,4203170.989,3608.74292
380.8839737,259889.9975,4203170.967,3608.764404
380.9164962,259889.9736,4203170.945,3608.781494
380.9490186,259889.9496,4203170.923,3608.791016
380.981541,259889.9257,4203170.901,3608.797119
381.0140634,259889.9018,4203170.879,3608.804688
381.0465859,259889.8778,4203170.857,3608.806152
381.0791083,259889.8539,4203170.835,3608.812256
381.1116307,259889.83,4203170.813,3608.817871
381.1441531,259889.806,4203170.791,3608.821533
381.1766755,259889.7821,4203170.769,3608.827637
381.209198,259889.7582,4203170.747,3608.835693
381.2417204,259889.7342,4203170.725,3608.843506
381.2742428,259889.7103,4203170.703,3608.852051
381.3067652,259889.6863,4203170.681,3608.859863
381.3392877,259889.6624,4203170.659,3608.865723
381.3718101,259889.6385,4203170.637,3608.873047
381.4043325,259889.6145,4203170.615,3608.883301
381.4368549,259889.5906,4203170.593,3608.896729
381.4693774,259889.5667,4203170.571,3608.901611
381.5018998,259889.5427,4203170.549,3608.917236
381.5344222,259889.5188,4203170.527,3608.932617
381.5669446,259889.4949,4203170.505,3608.950684
381.5994671,259889.4709,4203170.483,3608.976318
381.6319895,259889.447,4203170.461,3609.001953
381.6645119,259889.4231,4203170.439,3609.019287
381.6970343,259889.3991,4203170.417,3609.031494
381.7295568,259889.3752,4203170.395,3609.040039
381.7620792,259889.3513,4203170.373,3609.046143
381.7946016,259889.3273,4203170.351,3609.051025
381.827124,259889.3034,4203170.329,3609.054688
381.8596465,259889.2795,4203170.307,3609.057861
381.8921689,259889.2555,4203170.285,3609.059326
381.9246913,259889.2316,4203170.263,3609.062256
381.9572137,259889.2077,4203170.241,3609.067627
381.9897362,259889.1837,4203170.219,3609.07666
382.0222586,259889.1598,4203170.197,3609.087891
382.054781,259889.1359,4203170.175,3609.0979
382.0873034,259889.1119,4203170.153,3609.106934
382.1198258,259889.088,4203170.131,3609.114014
382.1523483,259889.0641,4203170.109,3609.120605
382.1848707,259889.0401,4203170.087,3609.127441
382.2173931,259889.0162,4203170.065,3609.133545
382.2499155,259888.9923,4203170.042,3609.141846
382.282438,259888.9683,4203170.02,3609.15332
382.3149604,259888.9444,4203169.998,3609.15918
382.3474828,259888.9205,4203169.976,3609.173828
382.3800052,259888.8965,4203169.954,3609.189941
382.4125277,259888.8726,4203169.932,3609.200684
382.4450501,259888.8487,4203169.91,3609.20874
382.4775725,259888.8247,4203169.888,3609.221436
382.5100949,259888.8008,4203169.866,3609.239258
382.5426174,259888.7768,4203169.844,3609.258545
382.5751398,259888.7529,4203169.822,3609.275146
382.6076622,259888.729,4203169.8,3609.286865
382.6401846,259888.705,4203169.778,3609.296875
382.6727071,259888.6811,4203169.756,3609.310547
382.7052295,259888.6572,4203169.734,3609.323975
382.7377519,259888.6332,4203169.712,3609.328369
382.7702743,259888.6093,4203169.69,3609.3396
382.8027968,259888.5854,4203169.668,3609.346924
382.8353192,259888.5614,4203169.646,3609.356445
382.8678416,259888.5375,4203169.624,3609.370605
382.900364,259888.5136,4203169.602,3609.387695
382.9328865,259888.4896,4203169.58,3609.407715
382.9654089,259888.4657,4203169.558,3609.426758
382.9979313,259888.4418,4203169.536,3609.442383
383.0304537,259888.4178,4203169.514,3609.452881
383.0629762,259888.3939,4203169.492,3609.460938
383.0954986,259888.37,4203169.47,3609.466309
383.128021,259888.346,4203169.448,3609.470215
383.1605434,259888.3221,4203169.426,3609.470947
383.1930658,259888.2982,4203169.404,3609.473633
383.2255883,259888.2742,4203169.382,3609.476074
383.2581107,259888.2503,4203169.36,3609.479248
383.2906331,259888.2264,4203169.338,3609.486084
383.3231555,259888.2024,4203169.316,3609.495117
383.355678,259888.1785,4203169.294,3609.504639
383.3882004,259888.1546,4203169.272,3609.514404
383.4207228,259888.1306,4203169.25,3609.522949
383.4532452,259888.1067,4203169.228,3609.530518
383.4857677,259888.0828,4203169.206,3609.535889
383.5182901,259888.0588,4203169.184,3609.541504
383.5508125,259888.0349,4203169.162,3609.545898
383.5833349,259888.011,4203169.14,3609.547852
383.6158574,259887.987,4203169.118,3609.552246
383.6483798,259887.9631,4203169.096,3609.555176
383.6809022,259887.9391,4203169.074,3609.558838
383.7134246,259887.9152,4203169.052,3609.563721
383.7459471,259887.8913,4203169.03,3609.571045
383.7784695,259887.8673,4203169.008,3609.580322
383.8109919,259887.8434,4203168.986,3609.592041
383.8435143,259887.8195,4203168.964,3609.601807
383.8760368,259887.7955,4203168.942,3609.608887
383.9085592,259887.7716,4203168.919,3609.614746
383.9410816,259887.7477,4203168.897,3609.622803
383.973604,259887.7237,4203168.875,3609.63501
384.0061265,259887.6998,4203168.853,3609.640625
384.0386489,259887.6759,4203168.831,3609.662354
384.0711713,259887.6519,4203168.809,3609.681152
384.1036937,259887.628,4203168.787,3609.692871
384.1362161,259887.6041,4203168.765,3609.699707
384.1687386,259887.5801,4203168.743,3609.703857
384.201261,259887.5562,4203168.721,3609.709473
384.2337834,259887.5323,4203168.699,3609.71875
384.2663058,259887.5083,4203168.677,3609.72998
384.2988283,259887.4844,4203168.655,3609.742676
384.3313507,259887.4605,4203168.633,3609.756104
384.3638731,259887.4365,4203168.611,3609.7771
384.3963955,259887.4126,4203168.589,3609.802246
384.428918,259887.3887,4203168.567,3609.806396
384.4614404,259887.3647,4203168.545,3609.828369
384.4939628,259887.3408,4203168.523,3609.854736
384.5264852,259887.3169,4203168.501,3609.868896
384.5590077,259887.2929,4203168.479,3609.878174
384.5915301,259887.269,4203168.457,3609.885498
384.6240525,259887.2451,4203168.435,3609.895996
384.6565749,259887.2211,4203168.413,3609.912109
384.6890974,259887.1972,4203168.391,3609.925537
384.7216198,259887.1733,4203168.369,3609.934326
384.7541422,259887.1493,4203168.347,3609.939697
384.7866646,259887.1254,4203168.325,3609.94458
384.8191871,259887.1014,4203168.303,3609.94751
384.8517095,259887.0775,4203168.281,3609.955566
384.8842319,259887.0536,4203168.259,3609.964111
384.9167543,259887.0296,4203168.237,3609.969727
384.9492768,259887.0057,4203168.215,3609.975098
384.9817992,259886.9818,4203168.193,3609.986816
385.0143216,259886.9578,4203168.171,3610.005859
385.046844,259886.9339,4203168.149,3610.03418
385.0793665,259886.91,4203168.127,3610.060547
385.1118889,259886.886,4203168.105,3610.073975
385.1444113,259886.8621,4203168.083,3610.078857
385.1769337,259886.8382,4203168.061,3610.082031
385.2094561,259886.8142,4203168.039,3610.084961
385.2419786,259886.7903,4203168.017,3610.084961
385.274501,259886.7664,4203167.995,3610.088379
385.3070234,259886.7424,4203167.973,3610.091797
385.3395458,259886.7185,4203167.951,3610.095215
385.3720683,259886.6946,4203167.929,3610.100098
385.4045907,259886.6706,4203167.907,3610.112793
385.4371131,259886.6467,4203167.885,3610.132568
385.4696355,259886.6228,4203167.863,3610.151367
385.502158,259886.5988,4203167.841,3610.16333
385.5346804,259886.5749,4203167.819,3610.170898
385.5672028,259886.551,4203167.796,3610.176514
385.5997252,259886.527,4203167.774,3610.181885
385.6322477,259886.5031,4203167.752,3610.186523
385.6647701,259886.4792,4203167.73,3610.186523
385.6972925,259886.4552,4203167.708,3610.188721
385.7298149,259886.4313,4203167.686,3610.189941
385.7623374,259886.4074,4203167.664,3610.19165
385.7948598,259886.3834,4203167.642,3610.194336
385.8273822,259886.3595,4203167.62,3610.203369
385.8599046,259886.3356,4203167.598,3610.220459
385.8924271,259886.3116,4203167.576,3610.244385
385.9249495,259886.2877,4203167.554,3610.271484
385.9574719,259886.2638,4203167.532,3610.305176
385.9899943,259886.2398,4203167.51,3610.330811
386.0225168,259886.2159,4203167.488,3610.344727
386.0550392,259886.1919,4203167.466,3610.352295
386.0875616,259886.168,4203167.444,3610.354004
386.120084,259886.1441,4203167.422,3610.361816
386.1526064,259886.1201,4203167.4,3610.371094
386.1851289,259886.0962,4203167.378,3610.381348
386.2176513,259886.0723,4203167.356,3610.390381
386.2501737,259886.0483,4203167.334,3610.401123
386.2826961,259886.0244,4203167.312,3610.413086
386.3152186,259886.0005,4203167.29,3610.428223
386.347741,259885.9765,4203167.268,3610.445313
386.3802634,259885.9526,4203167.246,3610.463867
386.4127858,259885.9287,4203167.224,3610.479736
386.4453083,259885.9047,4203167.202,3610.493896
386.4778307,259885.8808,4203167.18,3610.503906
386.5103531,259885.8569,4203167.158,3610.506836
386.5428755,259885.8329,4203167.136,3610.512939
386.575398,259885.809,4203167.114,3610.518066
386.6079204,259885.7851,4203167.092,3610.521973
386.6404428,259885.7611,4203167.07,3610.525635
386.6729652,259885.7372,4203167.048,3610.530029
386.7054877,259885.7133,4203167.026,3610.533936
386.7380101,259885.6893,4203167.004,3610.537354
386.7705325,259885.6654,4203166.982,3610.542969
386.8030549,259885.6415,4203166.96,3610.551514
386.8355774,259885.6175,4203166.938,3610.5625
386.8680998,259885.5936,4203166.916,3610.573242
386.9006222,259885.5697,4203166.894,3610.583496
386.9331446,259885.5457,4203166.872,3610.587158
386.9656671,259885.5218,4203166.85,3610.599854
386.9981895,259885.4979,4203166.828,3610.61377
387.0307119,259885.4739,4203166.806,3610.630127
387.0632343,259885.45,4203166.784,3610.643066
387.0957568,259885.4261,4203166.762,3610.649902
387.1282792,259885.4021,4203166.74,3610.654785
387.1608016,259885.3782,4203166.718,3610.662598
387.193324,259885.3542,4203166.696,3610.672852
387.2258464,259885.3303,4203166.674,3610.68335
387.2583689,259885.3064,4203166.651,3610.696289
387.2908913,259885.2824,4203166.629,3610.706787
387.3234137,259885.2585,4203166.607,3610.719971
387.3559361,259885.2346,4203166.585,3610.726074
387.3884586,259885.2106,4203166.563,3610.743408
387.4196066,259885.1868,4203166.543,3610.762207
387.4507546,259885.1629,4203166.523,3610.77832
387.4819026,259885.139,4203166.503,3610.791748
387.5130507,259885.1151,4203166.483,3610.803223
387.5441987,259885.0913,4203166.463,3610.814941
387.5753467,259885.0674,4203166.443,3610.819336
387.6064947,259885.0435,4203166.423,3610.831299
387.6376428,259885.0196,4203166.403,3610.844971
387.6687908,259884.9958,4203166.383,3610.856201
387.6999388,259884.9719,4203166.363,3610.86792
387.7310868,259884.948,4203166.343,3610.87915
387.7622349,259884.9241,4203166.323,3610.882813
387.7933829,259884.9003,4203166.303,3610.893799
387.8245309,259884.8764,4203166.283,3610.906006
387.8556789,259884.8525,4203166.263,3610.924316
387.8868269,259884.8286,4203166.243,3610.946777
387.917975,259884.8048,4203166.223,3610.967285
387.949123,259884.7809,4203166.203,3610.969971
387.980271,259884.757,4203166.183,3610.983887
388.011419,259884.7331,4203166.163,3610.995117
388.0425671,259884.7093,4203166.143,3611.006104
388.0737151,259884.6854,4203166.123,3611.016113
388.1048631,259884.6615,4203166.103,3611.024414
388.1360111,259884.6376,4203166.083,3611.025146
388.1671592,259884.6138,4203166.063,3611.032471
388.1983072,259884.5899,4203166.043,3611.040283
388.2294552,259884.566,4203166.023,3611.048096
388.2606032,259884.5421,4203166.003,3611.055176
388.2917513,259884.5183,4203165.983,3611.063721
388.3228993,259884.4944,4203165.963,3611.072754
388.3540473,259884.4705,4203165.943,3611.073486
388.3851953,259884.4466,4203165.923,3611.080566
388.4163434,259884.4227,4203165.903,3611.086182
388.4474914,259884.3989,4203165.883,3611.091553
388.4786394,259884.375,4203165.863,3611.096924
388.5097874,259884.3511,4203165.843,3611.100586
388.5409354,259884.3272,4203165.823,3611.10083
388.5720835,259884.3034,4203165.803,3611.104736
388.6032315,259884.2795,4203165.783,3611.110596
388.6343795,259884.2556,4203165.763,3611.118896
388.6655275,259884.2317,4203165.743,3611.129883
388.6966756,259884.2079,4203165.723,3611.142578
388.7278236,259884.184,4203165.703,3611.146484
388.7589716,259884.1601,4203165.683,3611.15625
388.7901196,259884.1362,4203165.663,3611.162354
388.8212677,259884.1124,4203165.643,3611.165527
388.8524157,259884.0885,4203165.623,3611.170654
388.8835637,259884.0646,4203165.603,3611.179932
388.9147117,259884.0407,4203165.583,3611.182617
388.9458598,259884.0169,4203165.563,3611.198242
388.9770078,259883.993,4203165.543,3611.223633
389.0081558,259883.9691,4203165.523,3611.248779
389.0393038,259883.9452,4203165.503,3611.268311
389.0704519,259883.9214,4203165.483,3611.283447
389.1015999,259883.8975,4203165.463,3611.286133
389.1327479,259883.8736,4203165.443,3611.293945
389.1638959,259883.8497,4203165.423,3611.298096
389.1950439,259883.8259,4203165.403,3611.30249
389.226192,259883.802,4203165.383,3611.31543
389.25734,259883.7781,4203165.363,3611.33667
389.288488,259883.7542,4203165.343,3611.344971
389.319636,259883.7304,4203165.323,3611.37207
389.3507841,259883.7065,4203165.303,3611.401855
389.3819321,259883.6826,4203165.283,3611.430664
389.4130801,259883.6587,4203165.263,3611.448486
389.4442281,259883.6349,4203165.243,3611.458984
389.4753762,259883.611,4203165.223,3611.465332
389.5065242,259883.5871,4203165.203,3611.466553
389.5376722,259883.5632,4203165.183,3611.471924
389.5688202,259883.5394,4203165.163,3611.479492
389.5999683,259883.5155,4203165.143,3611.486572
389.6311163,259883.4916,4203165.123,3611.495361
389.6622643,259883.4677,4203165.103,3611.503418
389.6934123,259883.4438,4203165.083,3611.502686
389.7245603,259883.42,4203165.063,3611.511963
389.7557084,259883.3961,4203165.043,3611.523682
389.7868564,259883.3722,4203165.023,3611.535156
389.8180044,259883.3483,4203165.003,3611.547852
389.8491524,259883.3245,4203164.983,3611.562012
389.8803005,259883.3006,4203164.963,3611.556396
389.9114485,259883.2767,4203164.943,3611.571777
389.9425965,259883.2528,4203164.923,3611.585693
389.9737445,259883.229,4203164.903,3611.600098
390.0048926,259883.2051,4203164.883,3611.613037
390.0360406,259883.1812,4203164.863,3611.624023
390.0671886,259883.1573,4203164.843,3611.61377
390.0983366,259883.1335,4203164.823,3611.623047
390.1294847,259883.1096,4203164.803,3611.628418
390.1606327,259883.0857,4203164.783,3611.634521
390.1917807,259883.0618,4203164.763,3611.637451
390.2229287,259883.038,4203164.743,3611.637695
390.2540768,259883.0141,4203164.723,3611.620117
390.2852248,259882.9902,4203164.703,3611.616943
390.3163728,259882.9663,4203164.683,3611.610107
390.3475208,259882.9425,4203164.663,3611.605469
390.3786688,259882.9186,4203164.643,3611.597412
390.4098169,259882.8947,4203164.623,3611.588379
390.4409649,259882.8708,4203164.603,3611.574951
390.4721129,259882.847,4203164.583,3611.575195
390.5032609,259882.8231,4203164.563,3611.577637
390.534409,259882.7992,4203164.543,3611.582031
390.565557,259882.7753,4203164.523,3611.585938
390.596705,259882.7515,4203164.503,3611.591553
390.627853,259882.7276,4203164.483,3611.596436
390.6590011,259882.7037,4203164.463,3611.593018
390.6901491,259882.6798,4203164.443,3611.598145
390.7212971,259882.656,4203164.423,3611.604736
390.7524451,259882.6321,4203164.403,3611.61084
390.7835932,259882.6082,4203164.383,3611.616211
390.8147412,259882.5843,4203164.363,3611.621582
390.8458892,259882.5605,4203164.343,3611.622803
390.8770372,259882.5366,4203164.323,3611.628906
390.9081853,259882.5127,4203164.303,3611.633789
390.9393333,259882.4888,4203164.283,3611.639648
390.9704813,259882.4649,4203164.263,3611.645508
391.0016293,259882.4411,4203164.243,3611.652832
391.0327773,259882.4172,4203164.223,3611.655029
391.0639254,259882.3933,4203164.203,3611.66626
391.0950734,259882.3694,4203164.183,3611.680176
391.1262214,259882.3456,4203164.163,3611.695068
391.1573694,259882.3217,4203164.143,3611.711426
391.1885175,259882.2978,4203164.123,3611.727051
391.2196655,259882.2739,4203164.103,3611.732422
391.2508135,259882.2501,4203164.083,3611.745605
391.2819615,259882.2262,4203164.063,3611.756348
391.3131096,259882.2023,4203164.043,3611.764893
391.3442576,259882.1784,4203164.023,3611.773193
391.3754056,259882.1546,4203164.003,3611.78125
391.4065536,259882.1307,4203163.983,3611.783691
391.4377017,259882.1068,4203163.963,3611.790039
391.4688497,259882.0829,4203163.943,3611.796387
391.4999977,259882.0591,4203163.923,3611.802246
391.5311457,259882.0352,4203163.903,3611.806152
391.5622938,259882.0113,4203163.883,3611.808838
391.5934418,259881.9874,4203163.863,3611.812744
391.6245898,259881.9636,4203163.843,3611.813965
391.6557378,259881.9397,4203163.823,3611.820068
391.6868858,259881.9158,4203163.803,3611.825684
391.7180339,259881.8919,4203163.783,3611.830078
391.7491819,259881.8681,4203163.763,3611.837158
391.7803299,259881.8442,4203163.743,3611.8479
391.8114779,259881.8203,4203163.723,3611.856445
391.842626,259881.7964,4203163.703,3611.874512
391.873774,259881.7726,4203163.683,3611.885498
391.904922,259881.7487,4203163.663,3611.894775
391.93607,259881.7248,4203163.643,3611.903809
391.9672181,259881.7009,4203163.623,3611.918213
391.9983661,259881.6771,4203163.603,3611.923584
392.0295141,259881.6532,4203163.583,3611.940674
392.0606621,259881.6293,4203163.563,3611.954834
392.0918102,259881.6054,4203163.543,3611.973389
392.1229582,259881.5816,4203163.523,3611.997314
392.1541062,259881.5577,4203163.503,3612.013916
392.1852542,259881.5338,4203163.483,3612.015869
392.2164022,259881.5099,4203163.463,3612.018066
392.2475503,259881.486,4203163.443,3612.022705
392.2786983,259881.4622,4203163.423,3612.031738
392.3098463,259881.4383,4203163.403,3612.042969
392.3409943,259881.4144,4203163.383,3612.053955
392.3721424,259881.3905,4203163.363,3612.057129
392.4032904,259881.3667,4203163.343,3612.071533
392.4344384,259881.3428,4203163.323,3612.083984
392.4655864,259881.3189,4203163.303,3612.097412
392.4967345,259881.295,4203163.283,3612.109375
392.5278825,259881.2712,4203163.263,3612.122803
392.5590305,259881.2473,4203163.243,3612.126465
392.5901785,259881.2234,4203163.223,3612.142578
392.6213266,259881.1995,4203163.203,3612.164551
392.6524746,259881.1757,4203163.183,3612.188965
392.6836226,259881.1518,4203163.163,3612.205811
392.7147706,259881.1279,4203163.143,3612.219727
392.7459187,259881.104,4203163.123,3612.232422
392.7770667,259881.0802,4203163.103,3612.23584
392.8082147,259881.0563,4203163.083,3612.252441
392.8393627,259881.0324,4203163.063,3612.266357
392.8705107,259881.0085,4203163.043,3612.278564
392.9016588,259880.9847,4203163.023,3612.287842
392.9328068,259880.9608,4203163.003,3612.294922
392.9639548,259880.9369,4203162.983,3612.296387
392.9951028,259880.913,4203162.963,3612.304688
393.0262509,259880.8892,4203162.943,3612.315186
393.0573989,259880.8653,4203162.923,3612.326904
393.0885469,259880.8414,4203162.903,3612.341309
393.1196949,259880.8175,4203162.883,3612.356934
393.150843,259880.7937,4203162.863,3612.364258
393.181991,259880.7698,4203162.843,3612.388428
393.213139,259880.7459,4203162.823,3612.406738
393.244287,259880.722,4203162.803,3612.423584
393.2754351,259880.6982,4203162.783,3612.438721
393.3065831,259880.6743,4203162.763,3612.453369
393.3377311,259880.6504,4203162.743,3612.456787
393.3688791,259880.6265,4203162.723,3612.471191
393.4000272,259880.6027,4203162.703,3612.483154
393.4311752,259880.5788,4203162.683,3612.491455
393.4623232,259880.5549,4203162.663,3612.502441
393.4934712,259880.531,4203162.643,3612.516846
393.5246192,259880.5071,4203162.623,3612.522949
393.5557673,259880.4833,4203162.603,3612.545166
393.5869153,259880.4594,4203162.583,3612.571045
393.6180633,259880.4355,4203162.563,3612.595703
393.6492113,259880.4116,4203162.543,3612.616211
393.6803594,259880.3878,4203162.523,3612.639404
393.7115074,259880.3639,4203162.503,3612.644775
393.7426554,259880.34,4203162.483,3612.666504
393.7738034,259880.3161,4203162.463,3612.681641
393.8049515,259880.2923,4203162.443,3612.698975
393.8360995,259880.2684,4203162.423,3612.71582
393.8672475,259880.2445,4203162.403,3612.727051
393.8983955,259880.2206,4203162.383,3612.737061
393.9295436,259880.1968,4203162.363,3612.739258
393.9606916,259880.1729,4203162.343,3612.750244
393.9918396,259880.149,4203162.323,3612.763184
394.0229876,259880.1251,4203162.303,3612.779785
394.0541356,259880.1013,4203162.283,3612.797363
394.0852837,259880.0774,4203162.263,3612.814209
394.1164317,259880.0535,4203162.243,3612.816895
394.1475797,259880.0296,4203162.223,3612.834961
394.1787277,259880.0058,4203162.203,3612.852295
394.2098758,259879.9819,4203162.183,3612.867188
394.2410238,259879.958,4203162.163,3612.879639
394.2721718,259879.9341,4203162.143,3612.891113
394.3033198,259879.9103,4203162.123,3612.892578
394.3344679,259879.8864,4203162.103,3612.901611
394.3656159,259879.8625,4203162.083,3612.911133
394.3967639,259879.8386,4203162.063,3612.924316
394.4279119,259879.8148,4203162.043,3612.940186
394.45906,259879.7909,4203162.023,3612.957764
394.490208,259879.767,4203162.003,3612.960205
394.521356,259879.7431,4203161.983,3612.978516
394.552504,259879.7193,4203161.963,3612.998291
394.5836521,259879.6954,4203161.943,3613.015381
394.6148001,259879.6715,4203161.923,3613.031494
394.6459481,259879.6476,4203161.903,3613.044189
394.6770961,259879.6238,4203161.882,3613.04541
394.7082441,259879.5999,4203161.862,3613.054932
394.7393922,259879.576,4203161.842,3613.064697
394.7705402,259879.5521,4203161.822,3613.073975
394.8016882,259879.5283,4203161.802,3613.086182
394.8328362,259879.5044,4203161.782,3613.100586
394.8639843,259879.4805,4203161.762,3613.103516
394.8951323,259879.4566,4203161.742,3613.116455
394.9262803,259879.4327,4203161.722,3613.132568
394.9574283,259879.4089,4203161.702,3613.147705
394.9885764,259879.385,4203161.682,3613.161621
395.0197244,259879.3611,4203161.662,3613.172363
395.0508724,259879.3372,4203161.642,3613.181396
395.0820204,259879.3134,4203161.622,3613.182373
395.1131685,259879.2895,4203161.602,3613.189941
395.1443165,259879.2656,4203161.582,3613.195313
395.1754645,259879.2417,4203161.562,3613.198975
395.2066125,259879.2179,4203161.542,3613.204346
395.2377606,259879.194,4203161.522,3613.213623
395.2689086,259879.1701,4203161.502,3613.216553
395.3000566,259879.1462,4203161.482,3613.229248
395.3312046,259879.1224,4203161.462,3613.240479
395.3623526,259879.0985,4203161.442,3613.251221
395.3935007,259879.0746,4203161.422,3613.260742
395.4246487,259879.0507,4203161.402,3613.268555
395.4557967,259879.0269,4203161.382,3613.270752
395.4869447,259879.003,4203161.362,3613.277344
395.5180928,259878.9791,4203161.342,3613.283203
395.5492408,259878.9552,4203161.322,3613.289063
395.5803888,259878.9314,4203161.302,3613.298584
395.6115368,259878.9075,4203161.282,3613.310547
395.6426849,259878.8836,4203161.262,3613.314941
395.6738329,259878.8597,4203161.242,3613.326904
395.7049809,259878.8359,4203161.222,3613.339844
395.7361289,259878.812,4203161.202,3613.352295
395.767277,259878.7881,4203161.182,3613.36377
395.798425,259878.7642,4203161.162,3613.372803
395.829573,259878.7404,4203161.142,3613.375
395.860721,259878.7165,4203161.122,3613.381592
395.891869,259878.6926,4203161.102,3613.387939
395.9230171,259878.6687,4203161.082,3613.394775
395.9541651,259878.6449,4203161.062,3613.401611
395.9853131,259878.621,4203161.042,3613.408447
396.0164611,259878.5971,4203161.022,3613.416748
396.0476092,259878.5732,4203161.002,3613.419434
396.0787572,259878.5494,4203160.982,3613.431396
396.1099052,259878.5255,4203160.962,3613.443604
396.1410532,259878.5016,4203160.942,3613.454834
396.1722013,259878.4777,4203160.922,3613.46582
396.2033493,259878.4538,4203160.902,3613.474609
396.2344973,259878.43,4203160.882,3613.476318
396.2656453,259878.4061,4203160.862,3613.486572
396.2967934,259878.3822,4203160.842,3613.493408
396.3279414,259878.3583,4203160.822,3613.500488
396.3590894,259878.3345,4203160.802,3613.511963
396.3902374,259878.3106,4203160.782,3613.5271
396.4213855,259878.2867,4203160.762,3613.532715
396.4525335,259878.2628,4203160.742,3613.552002
396.4836815,259878.239,4203160.722,3613.570313
396.5148295,259878.2151,4203160.702,3613.587646
396.5459775,259878.1912,4203160.682,3613.605469
396.5771256,259878.1673,4203160.662,3613.622559
396.6082736,259878.1435,4203160.642,3613.627441
396.6394216,259878.1196,4203160.622,3613.642578
396.6705696,259878.0957,4203160.602,3613.659912
396.7017177,259878.0718,4203160.582,3613.678467
396.7328657,259878.048,4203160.562,3613.696533
396.7640137,259878.0241,4203160.542,3613.716309
396.7951617,259878.0002,4203160.522,3613.721924
396.8263098,259877.9763,4203160.502,3613.741455
396.8574578,259877.9525,4203160.482,3613.759033
396.8886058,259877.9286,4203160.462,3613.776611
396.9197538,259877.9047,4203160.442,3613.793945
396.9509019,259877.8808,4203160.422,3613.808838
396.9820499,259877.857,4203160.402,3613.813232
397.0131979,259877.8331,4203160.382,3613.828369
397.0443459,259877.8092,4203160.362,3613.84668
397.075494,259877.7853,4203160.342,3613.865967
397.106642,259877.7615,4203160.322,3613.888428
397.13779,259877.7376,4203160.302,3613.916016
397.168938,259877.7137,4203160.282,3613.942139
397.200086,259877.6898,4203160.262,3613.948975
397.2312341,259877.666,4203160.242,3613.969482
397.2623821,259877.6421,4203160.222,3613.985107
397.2935301,259877.6182,4203160.202,3614.000244
397.3246781,259877.5943,4203160.182,3614.008301
397.3558262,259877.5705,4203160.162,3614.016357
397.3869742,259877.5466,4203160.142,3614.018311
397.4181222,259877.5227,4203160.122,3614.033203
397.4492702,259877.4988,4203160.102,3614.050781
397.4804183,259877.4749,4203160.082,3614.068359
397.5115663,259877.4511,4203160.062,3614.081787
397.5427143,259877.4272,4203160.042,3614.092529
397.5738623,259877.4033,4203160.022,3614.093994
397.6050104,259877.3794,4203160.002,3614.103027
397.6361584,259877.3556,4203159.982,3614.112061
397.6673064,259877.3317,4203159.962,3614.118896
397.6984544,259877.3078,4203159.942,3614.124512
397.7296025,259877.2839,4203159.922,3614.130371
397.7607505,259877.2601,4203159.902,3614.131592
397.7918985,259877.2362,4203159.882,3614.140869
397.8230465,259877.2123,4203159.862,3614.154541
397.8541945,259877.1884,4203159.842,3614.173828
397.8853426,259877.1646,4203159.822,3614.19751
397.9164906,259877.1407,4203159.802,3614.223633
397.9476386,259877.1168,4203159.782,3614.22998
397.9787866,259877.0929,4203159.762,3614.254395
398.0099347,259877.0691,4203159.742,3614.269775
398.0410827,259877.0452,4203159.722,3614.2854
398.0722307,259877.0213,4203159.702,3614.306396
398.1033787,259876.9974,4203159.682,3614.327881
398.1345268,259876.9736,4203159.662,3614.333496
398.1656748,259876.9497,4203159.642,3614.348633
398.1968228,259876.9258,4203159.622,3614.363037
398.2279708,259876.9019,4203159.602,3614.377197
398.2591189,259876.8781,4203159.582,3614.391113
398.2902669,259876.8542,4203159.562,3614.405518
398.3214149,259876.8303,4203159.542,3614.42041
398.3525629,259876.8064,4203159.522,3614.42334
398.3837109,259876.7826,4203159.502,3614.436279
398.414859,259876.7587,4203159.482,3614.446045
398.446007,259876.7348,4203159.462,3614.454346
398.477155,259876.7109,4203159.442,3614.460938
398.508303,259876.6871,4203159.422,3614.46582
398.5394511,259876.6632,4203159.402,3614.467529
398.5705991,259876.6393,4203159.382,3614.474121
398.6017471,259876.6154,4203159.362,3614.482178
398.6328951,259876.5916,4203159.342,3614.490234
398.6640432,259876.5677,4203159.322,3614.5
398.6951912,259876.5438,4203159.302,3614.513428
398.7263392,259876.5199,4203159.282,3614.519531
398.7574872,259876.496,4203159.262,3614.536133
398.7886353,259876.4722,4203159.242,3614.554199
398.8197833,259876.4483,4203159.222,3614.569824
398.8509313,259876.4244,4203159.202,3614.588135
398.8820793,259876.4005,4203159.182,3614.605225
398.9132274,259876.3767,4203159.162,3614.608887
398.9443754,259876.3528,4203159.142,3614.622314
398.9755234,259876.3289,4203159.122,3614.632813
399.0066714,259876.305,4203159.102,3614.641357
399.0378194,259876.2812,4203159.082,3614.65332
399.0689675,259876.2573,4203159.062,3614.664795
399.1001155,259876.2334,4203159.042,3614.668457
399.1312635,259876.2095,4203159.022,3614.68042
399.1624115,259876.1857,4203159.002,3614.69165
399.1935596,259876.1618,4203158.982,3614.701416
399.2247076,259876.1379,4203158.962,3614.710693
399.2558556,259876.114,4203158.942,3614.720459
399.2870036,259876.0902,4203158.922,3614.734619
399.3181517,259876.0663,4203158.902,3614.740723
399.3492997,259876.0424,4203158.882,3614.761719
399.3804477,259876.0185,4203158.862,3614.785645
399.4115957,259875.9947,4203158.842,3614.809082
399.4427438,259875.9708,4203158.822,3614.830078
399.4738918,259875.9469,4203158.802,3614.846924
399.5050398,259875.923,4203158.782,3614.849854
399.5361878,259875.8992,4203158.762,3614.858398
399.5673359,259875.8753,4203158.742,3614.86792
399.5984839,259875.8514,4203158.722,3614.878906
399.6296319,259875.8275,4203158.702,3614.890869
399.6607799,259875.8037,4203158.682,3614.904297
399.6919279,259875.7798,4203158.662,3614.906982
399.723076,259875.7559,4203158.642,3614.920654
399.754224,259875.732,4203158.622,3614.936523
399.785372,259875.7082,4203158.602,3614.950684
399.81652,259875.6843,4203158.582,3614.96167
399.8476681,259875.6604,4203158.562,3614.97168
399.8788161,259875.6365,4203158.542,3614.973145
399.9099641,259875.6127,4203158.522,3614.981934
399.9411121,259875.5888,4203158.502,3614.990967
399.9722602,259875.5649,4203158.482,3615.002441
400.0034082,259875.541,4203158.462,3615.015137
400.0345562,259875.5171,4203158.442,3615.027588
400.0657042,259875.4933,4203158.422,3615.031006
400.0968523,259875.4694,4203158.402,3615.04834
400.1252686,259875.4541,4203158.378,3615.066406
400.1536849,259875.4388,4203158.354,3615.086182
400.1821012,259875.4234,4203158.33,3615.101318
400.2105176,259875.4081,4203158.306,3615.118164
400.2389339,259875.3928,4203158.282,3615.132568
400.2673502,259875.3775,4203158.258,3615.141846
400.2957666,259875.3622,4203158.234,3615.153809
400.3241829,259875.3469,4203158.21,3615.163086
400.3525992,259875.3315,4203158.186,3615.171143
400.3810155,259875.3162,4203158.162,3615.181885
400.4094319,259875.3009,4203158.139,3615.192627
400.4378482,259875.2856,4203158.115,3615.206055
400.4662645,259875.2703,4203158.091,3615.221436
400.4946808,259875.2549,4203158.067,3615.232422
400.5230972,259875.2396,4203158.043,3615.248047
400.5515135,259875.2243,4203158.019,3615.264648
400.5799298,259875.209,4203157.995,3615.275879
400.6083462,259875.1937,4203157.971,3615.292969
400.6367625,259875.1784,4203157.947,3615.302734
400.6651788,259875.163,4203157.923,3615.306641
400.6935951,259875.1477,4203157.899,3615.312012
400.7220115,259875.1324,4203157.875,3615.316162
400.7504278,259875.1171,4203157.851,3615.318848
400.7788441,259875.1018,4203157.827,3615.323486
400.8072605,259875.0865,4203157.803,3615.32666
400.8356768,259875.0711,4203157.78,3615.33252
400.8640931,259875.0558,4203157.756,3615.339355
400.8925094,259875.0405,4203157.732,3615.343994
400.9209258,259875.0252,4203157.708,3615.350342
400.9493421,259875.0099,4203157.684,3615.357178
400.9777584,259874.9945,4203157.66,3615.362061
401.0061748,259874.9792,4203157.636,3615.369629
401.0345911,259874.9639,4203157.612,3615.378662
401.0630074,259874.9486,4203157.588,3615.386719
401.0914237,259874.9333,4203157.564,3615.398926
401.1198401,259874.918,4203157.54,3615.412842
401.1482564,259874.9026,4203157.516,3615.424316
401.1766727,259874.8873,4203157.492,3615.439697
401.2050891,259874.872,4203157.468,3615.451416
401.2335054,259874.8567,4203157.444,3615.463379
401.2619217,259874.8414,4203157.421,3615.473145
401.290338,259874.826,4203157.397,3615.479736
401.3187544,259874.8107,4203157.373,3615.490967
401.3471707,259874.7954,4203157.349,3615.503418
401.375587,259874.7801,4203157.325,3615.512207
401.4040034,259874.7648,4203157.301,3615.523926
401.4324197,259874.7495,4203157.277,3615.535889
401.460836,259874.7341,4203157.253,3615.544189
401.4892523,259874.7188,4203157.229,3615.55542
401.5176687,259874.7035,4203157.205,3615.561035
401.546085,259874.6882,4203157.181,3615.566895
401.5745013,259874.6729,4203157.157,3615.574951
401.6029176,259874.6575,4203157.133,3615.582031
401.631334,259874.6422,4203157.109,3615.592285
401.6597503,259874.6269,4203157.085,3615.60498
401.6881666,259874.6116,4203157.062,3615.61499
401.716583,259874.5963,4203157.038,3615.62793
401.7449993,259874.581,4203157.014,3615.641846
401.7734156,259874.5656,4203156.99,3615.652832
401.8018319,259874.5503,4203156.966,3615.661865
401.8302483,259874.535,4203156.942,3615.670166
401.8586646,259874.5197,4203156.918,3615.676758
401.8870809,259874.5044,4203156.894,3615.683594
401.9154973,259874.4891,4203156.87,3615.688232
401.9439136,259874.4737,4203156.846,3615.691895
401.9723299,259874.4584,4203156.822,3615.697021
402.0007462,259874.4431,4203156.798,3615.702881
402.0291626,259874.4278,4203156.774,3615.710205
402.0575789,259874.4125,4203156.75,3615.719971
402.0859952,259874.3971,4203156.726,3615.731934
402.1144116,259874.3818,4203156.702,3615.745605
402.1428279,259874.3665,4203156.679,3615.756104
402.1712442,259874.3512,4203156.655,3615.763428
402.1996605,259874.3359,4203156.631,3615.771484
402.2280769,259874.3206,4203156.607,3615.778809
402.2564932,259874.3052,4203156.583,3615.784424
402.2849095,259874.2899,4203156.559,3615.790283
402.3133259,259874.2746,4203156.535,3615.797852
402.3417422,259874.2593,4203156.511,3615.813477
402.3701585,259874.244,4203156.487,3615.827148
402.3985748,259874.2286,4203156.463,3615.844727
402.4269912,259874.2133,4203156.439,3615.864014
402.4554075,259874.198,4203156.415,3615.884033
402.4838238,259874.1827,4203156.391,3615.904541
402.5122402,259874.1674,4203156.367,3615.924805
402.5406565,259874.1521,4203156.343,3615.9375
402.5690728,259874.1367,4203156.32,3615.94873
402.5974891,259874.1214,4203156.296,3615.95874
402.6259055,259874.1061,4203156.272,3615.967041
402.6543218,259874.0908,4203156.248,3615.9729
402.6827381,259874.0755,4203156.224,3615.978027
402.7111544,259874.0601,4203156.2,3615.981689
402.7395708,259874.0448,4203156.176,3615.988525
402.7679871,259874.0295,4203156.152,3616.000488
402.7964034,259874.0142,4203156.128,3616.008301
402.8248198,259873.9989,4203156.104,3616.02002
402.8532361,259873.9836,4203156.08,3616.032227
402.8816524,259873.9682,4203156.056,3616.039307
402.9100687,259873.9529,4203156.032,3616.047852
402.9384851,259873.9376,4203156.008,3616.059326
402.9669014,259873.9223,4203155.984,3616.067139
402.9953177,259873.907,4203155.961,3616.081543
403.0237341,259873.8917,4203155.937,3616.097412
403.0521504,259873.8763,4203155.913,3616.10376
403.0805667,259873.861,4203155.889,3616.111084
403.108983,259873.8457,4203155.865,3616.117188
403.1373994,259873.8304,4203155.841,3616.128174
403.1658157,259873.8151,4203155.817,3616.140137
403.194232,259873.7997,4203155.793,3616.147705
403.2226484,259873.7844,4203155.769,3616.158447
403.2510647,259873.7691,4203155.745,3616.165771
403.279481,259873.7538,4203155.721,3616.169678
403.3078973,259873.7385,4203155.697,3616.175049
403.3363137,259873.7232,4203155.673,3616.18042
403.36473,259873.7078,4203155.649,3616.183594
403.3931463,259873.6925,4203155.625,3616.191162
403.4215627,259873.6772,4203155.602,3616.19873
403.449979,259873.6619,4203155.578,3616.211426
403.4783953,259873.6466,4203155.554,3616.220947
403.5068116,259873.6312,4203155.53,3616.227539
403.535228,259873.6159,4203155.506,3616.237793
403.5636443,259873.6006,4203155.482,3616.248779
403.5920606,259873.5853,4203155.458,3616.256348
403.620477,259873.57,4203155.434,3616.266357
403.6488933,259873.5547,4203155.41,3616.275635
403.6773096,259873.5393,4203155.386,3616.281738
403.7057259,259873.524,4203155.362,3616.290527
403.7341423,259873.5087,4203155.338,3616.302002
403.7625586,259873.4934,4203155.314,3616.314453
403.7909749,259873.4781,4203155.29,3616.331543
403.8193912,259873.4628,4203155.266,3616.342773
403.8478076,259873.4474,4203155.243,3616.358887
403.8762239,259873.4321,4203155.219,3616.372314
403.9046402,259873.4168,4203155.195,3616.381348
403.9330566,259873.4015,4203155.171,3616.392822
403.9614729,259873.3862,4203155.147,3616.402832
403.9898892,259873.3708,4203155.123,3616.409668
404.0183055,259873.3555,4203155.099,3616.422363
404.0467219,259873.3402,4203155.075,3616.435303
404.0751382,259873.3249,4203155.051,3616.443359
404.1035545,259873.3096,4203155.027,3616.454102
404.1319709,259873.2943,4203155.003,3616.463379
404.1603872,259873.2789,4203154.979,3616.468994
404.1888035,259873.2636,4203154.955,3616.479004
404.2172198,259873.2483,4203154.931,3616.486084
404.2456362,259873.233,4203154.907,3616.497559
404.2740525,259873.2177,4203154.883,3616.504883
404.3024688,259873.2023,4203154.86,3616.508301
404.3308852,259873.187,4203154.836,3616.511963
404.3593015,259873.1717,4203154.812,3616.514648
404.3877178,259873.1564,4203154.788,3616.516602
404.4161341,259873.1411,4203154.764,3616.520264
404.4445505,259873.1258,4203154.74,3616.52417
404.4729668,259873.1104,4203154.716,3616.527344
404.5013831,259873.0951,4203154.692,3616.532471
404.5297995,259873.0798,4203154.668,3616.537598
404.5582158,259873.0645,4203154.644,3616.541504
404.5866321,259873.0492,4203154.62,3616.545898
404.6150484,259873.0338,4203154.596,3616.54834
404.6434648,259873.0185,4203154.572,3616.550049
404.6718811,259873.0032,4203154.548,3616.552002
404.7002974,259872.9879,4203154.524,3616.554932
404.7287137,259872.9726,4203154.501,3616.557861
404.7571301,259872.9573,4203154.477,3616.560303
404.7855464,259872.9419,4203154.453,3616.56665
404.8139627,259872.9266,4203154.429,3616.570557
404.8423791,259872.9113,4203154.405,3616.572998
404.8707954,259872.896,4203154.381,3616.579346
404.8992117,259872.8807,4203154.357,3616.580322
404.927628,259872.8654,4203154.333,3616.580566
404.9560444,259872.85,4203154.309,3616.584717
404.9844607,259872.8347,4203154.285,3616.584229
405.012877,259872.8194,4203154.261,3616.588867
405.0412934,259872.8041,4203154.237,3616.588135
405.0697097,259872.7888,4203154.213,3616.587646
405.098126,259872.7734,4203154.189,3616.591797
405.1265423,259872.7581,4203154.165,3616.589844
405.1549587,259872.7428,4203154.142,3616.588623
405.183375,259872.7275,4203154.118,3616.593262
405.2117913,259872.7122,4203154.094,3616.590576
405.2402077,259872.6969,4203154.07,3616.588867
405.268624,259872.6815,4203154.046,3616.59375
405.2970403,259872.6662,4203154.022,3616.592529
405.3254566,259872.6509,4203153.998,3616.59668
405.353873,259872.6356,4203153.974,3616.595215
405.3822893,259872.6203,4203153.95,3616.594971
405.4107056,259872.6049,4203153.926,3616.60083
405.439122,259872.5896,4203153.902,3616.601563
405.4675383,259872.5743,4203153.878,3616.604004
405.4959546,259872.559,4203153.854,3616.614502
405.5243709,259872.5437,4203153.83,3616.61792
405.5527873,259872.5284,4203153.806,3616.623779
405.5812036,259872.513,4203153.783,3616.63208
405.6096199,259872.4977,4203153.759,3616.635742
405.6380363,259872.4824,4203153.735,3616.638916
405.6664526,259872.4671,4203153.711,3616.643311
405.6948689,259872.4518,4203153.687,3616.64624
405.7232852,259872.4364,4203153.663,3616.649658
405.7517016,259872.4211,4203153.639,3616.651855
405.7801179,259872.4058,4203153.615,3616.65332
405.8085342,259872.3905,4203153.591,3616.655518
405.8369505,259872.3752,4203153.567,3616.657471
405.8653669,259872.3599,4203153.543,3616.659668
405.8937832,259872.3445,4203153.519,3616.66333
405.9221995,259872.3292,4203153.495,3616.666748
405.9506159,259872.3139,4203153.471,3616.670898
405.9790322,259872.2986,4203153.447,3616.676025
406.0074485,259872.2833,4203153.423,3616.679932
406.0358648,259872.268,4203153.4,3616.683838
406.0642812,259872.2526,4203153.376,3616.690918
406.0926975,259872.2373,4203153.352,3616.697754
406.1211138,259872.222,4203153.328,3616.706055
406.1495302,259872.2067,4203153.304,3616.712158
406.1779465,259872.1914,4203153.28,3616.717773
406.2063628,259872.176,4203153.256,3616.723877
406.2347791,259872.1607,4203153.232,3616.727783
406.2631955,259872.1454,4203153.208,3616.730957
406.2916118,259872.1301,4203153.184,3616.735596
406.3200281,259872.1148,4203153.16,3616.739258
406.3484445,259872.0995,4203153.136,3616.74292
406.3768608,259872.0841,4203153.112,3616.74707
406.4052771,259872.0688,4203153.088,3616.751221
406.4336934,259872.0535,4203153.064,3616.756104
406.4621098,259872.0382,4203153.041,3616.764404
406.4905261,259872.0229,4203153.017,3616.77417
406.5189424,259872.0075,4203152.993,3616.792236
406.5473588,259871.9922,4203152.969,3616.807861
406.5757751,259871.9769,4203152.945,3616.823975
406.6041914,259871.9616,4203152.921,3616.843018
406.6326077,259871.9463,4203152.897,3616.855469
406.6610241,259871.931,4203152.873,3616.863281
406.6894404,259871.9156,4203152.849,3616.869873
406.7178567,259871.9003,4203152.825,3616.876221
406.7462731,259871.885,4203152.801,3616.882568
406.7746894,259871.8697,4203152.777,3616.887451
406.8031057,259871.8544,4203152.753,3616.890869
406.831522,259871.8391,4203152.729,3616.893311
406.8599384,259871.8237,4203152.705,3616.896484
406.8883547,259871.8084,4203152.682,3616.898926
406.916771,259871.7931,4203152.658,3616.901367
406.9451873,259871.7778,4203152.634,3616.903564
406.9736037,259871.7625,4203152.61,3616.906494
407.00202,259871.7471,4203152.586,3616.910645
407.0304363,259871.7318,4203152.562,3616.914307
407.0588527,259871.7165,4203152.538,3616.918213
407.087269,259871.7012,4203152.514,3616.923828
407.1156853,259871.6859,4203152.49,3616.927246
407.1441016,259871.6706,4203152.466,3616.929932
407.172518,259871.6552,4203152.442,3616.933105
407.2009343,259871.6399,4203152.418,3616.934326
407.2293506,259871.6246,4203152.394,3616.936768
407.257767,259871.6093,4203152.37,3616.937988
407.2861833,259871.594,4203152.346,3616.939209
407.3145996,259871.5786,4203152.323,3616.942139
407.3430159,259871.5633,4203152.299,3616.944092
407.3714323,259871.548,4203152.275,3616.946045
407.3998486,259871.5327,4203152.251,3616.950195
407.4282649,259871.5174,4203152.227,3616.952881
407.4566813,259871.5021,4203152.203,3616.956055
407.4850976,259871.4867,4203152.179,3616.961182
407.5135139,259871.4714,4203152.155,3616.966309
407.5419302,259871.4561,4203152.131,3616.973877
407.5703466,259871.4408,4203152.107,3616.984375
407.5987629,259871.4255,4203152.083,3616.996094
407.6271792,259871.4101,4203152.059,3617.01001
407.6555956,259871.3948,4203152.035,3617.021484
407.6840119,259871.3795,4203152.011,3617.031982
407.7124282,259871.3642,4203151.987,3617.040283
407.7408445,259871.3489,4203151.964,3617.048584
407.7692609,259871.3336,4203151.94,3617.056641
407.7976772,259871.3182,4203151.916,3617.062256
407.8260935,259871.3029,4203151.892,3617.065918
407.8545099,259871.2876,4203151.868,3617.068848
407.8829262,259871.2723,4203151.844,3617.070557
407.9113425,259871.257,4203151.82,3617.072754
407.9446545,259871.2331,4203151.797,3617.076172
407.9779666,259871.2092,4203151.773,3617.079834
408.0112786,259871.1853,4203151.75,3617.083496
408.0445906,259871.1615,4203151.727,3617.0896
408.0779027,259871.1376,4203151.704,3617.098145
408.1112147,259871.1137,4203151.681,3617.108643
408.1445267,259871.0898,4203151.657,3617.122559
408.1778388,259871.066,4203151.634,3617.140869
408.2111508,259871.0421,4203151.611,3617.156738
408.2444628,259871.0182,4203151.588,3617.168701
408.2777749,259870.9943,4203151.564,3617.17627
408.3110869,259870.9705,4203151.541,3617.180664
408.3443989,259870.9466,4203151.518,3617.183838
408.377711,259870.9227,4203151.495,3617.186768
408.411023,259870.8988,4203151.471,3617.19043
408.444335,259870.875,4203151.448,3617.194092
408.4776471,259870.8511,4203151.425,3617.199219
408.5109591,259870.8272,4203151.402,3617.206055
408.5442711,259870.8033,4203151.379,3617.217529
408.5775832,259870.7795,4203151.355,3617.220703
408.6108952,259870.7556,4203151.332,3617.234131
408.6442072,259870.7317,4203151.309,3617.248535
408.6775193,259870.7078,4203151.286,3617.263428
408.7108313,259870.684,4203151.262,3617.27832
408.7441433,259870.6601,4203151.239,3617.295898
408.7774554,259870.6362,4203151.216,3617.3125
408.8107674,259870.6123,4203151.193,3617.326904
408.8440794,259870.5885,4203151.169,3617.341797
408.8773915,259870.5646,4203151.146,3617.358643
408.9107035,259870.5407,4203151.123,3617.373291
408.9440155,259870.5168,4203151.1,3617.383545
408.9773276,259870.4929,4203151.077,3617.389893
409.0106396,259870.4691,4203151.053,3617.397461
409.0439516,259870.4452,4203151.03,3617.405273
409.0772637,259870.4213,4203151.007,3617.412598
409.1105757,259870.3974,4203150.984,3617.421387
409.1438877,259870.3736,4203150.96,3617.433105
409.1771998,259870.3497,4203150.937,3617.442871
409.2105118,259870.3258,4203150.914,3617.452148
409.2438238,259870.3019,4203150.891,3617.460693
409.2771359,259870.2781,4203150.867,3617.466064
409.3104479,259870.2542,4203150.844,3617.469971
409.3437599,259870.2303,4203150.821,3617.473633
409.377072,259870.2064,4203150.798,3617.47876
409.410384,259870.1826,4203150.775,3617.484619
409.443696,259870.1587,4203150.751,3617.491943
409.4770081,259870.1348,4203150.728,3617.501465
409.5103201,259870.1109,4203150.705,3617.51709
409.5436321,259870.0871,4203150.682,3617.537842
409.5769442,259870.0632,4203150.658,3617.559814
409.6102562,259870.0393,4203150.635,3617.578369
409.6435682,259870.0154,4203150.612,3617.592529
409.6768803,259869.9916,4203150.589,3617.603271
409.7101923,259869.9677,4203150.565,3617.611572
409.7435043,259869.9438,4203150.542,3617.617432
409.7768164,259869.9199,4203150.519,3617.623291
409.8101284,259869.8961,4203150.496,3617.629639
409.8434404,259869.8722,4203150.473,3617.631104
409.8767525,259869.8483,4203150.449,3617.640625
409.9100645,259869.8244,4203150.426,3617.655762
409.9433765,259869.8006,4203150.403,3617.67749
409.9766886,259869.7767,4203150.38,3617.702393
410.0100006,259869.7528,4203150.356,3617.7229
410.0433126,259869.7289,4203150.333,3617.740479
410.0766247,259869.7051,4203150.31,3617.756104
410.1099367,259869.6812,4203150.287,3617.773682
410.1432487,259869.6573,4203150.263,3617.788818
410.1765608,259869.6334,4203150.24,3617.802979
410.2098728,259869.6096,4203150.217,3617.814209
410.2431848,259869.5857,4203150.194,3617.824707
410.2764969,259869.5618,4203150.171,3617.834717
410.3098089,259869.5379,4203150.147,3617.843018
410.3431209,259869.5141,4203150.124,3617.851318
410.376433,259869.4902,4203150.101,3617.860352
410.409745,259869.4663,4203150.078,3617.870361
410.443057,259869.4424,4203150.054,3617.883301
410.4763691,259869.4185,4203150.031,3617.899902
410.5096811,259869.3947,4203150.008,3617.914795
410.5429931,259869.3708,4203149.985,3617.929199
410.5763052,259869.3469,4203149.961,3617.94165
410.6096172,259869.323,4203149.938,3617.953125
410.6429292,259869.2992,4203149.915,3617.964844
410.6762413,259869.2753,4203149.892,3617.976563
410.7095533,259869.2514,4203149.869,3617.989746
410.7428653,259869.2275,4203149.845,3618.001709
410.7761774,259869.2037,4203149.822,3618.012451
410.8094894,259869.1798,4203149.799,3618.022217
410.8428014,259869.1559,4203149.776,3618.02832
410.8761135,259869.132,4203149.752,3618.032227
410.9094255,259869.1082,4203149.729,3618.0354
410.9427375,259869.0843,4203149.706,3618.037842
410.9760496,259869.0604,4203149.683,3618.04126
411.0093616,259869.0365,4203149.659,3618.045166
411.0426736,259869.0127,4203149.636,3618.050049
411.0759857,259868.9888,4203149.613,3618.052002
411.1092977,259868.9649,4203149.59,3618.058594
411.1426097,259868.941,4203149.567,3618.066895
411.1759218,259868.9172,4203149.543,3618.076172
411.2092338,259868.8933,4203149.52,3618.081787
411.2425458,259868.8694,4203149.497,3618.08667
411.2758579,259868.8455,4203149.474,3618.092285
411.3091699,259868.8217,4203149.45,3618.09668
411.3424819,259868.7978,4203149.427,3618.101563
411.375794,259868.7739,4203149.404,3618.105957
411.409106,259868.75,4203149.381,3618.110596
411.442418,259868.7262,4203149.357,3618.116211
411.4757301,259868.7023,4203149.334,3618.121338
411.5090421,259868.6784,4203149.311,3618.126709
411.5423541,259868.6545,4203149.288,3618.132324
411.5756662,259868.6307,4203149.265,3618.138428
411.6089782,259868.6068,4203149.241,3618.143799
411.6422902,259868.5829,4203149.218,3618.147461
411.6756023,259868.559,4203149.195,3618.150879
411.7089143,259868.5352,4203149.172,3618.153809
411.7422263,259868.5113,4203149.148,3618.15625
411.7755384,259868.4874,4203149.125,3618.159424
411.8088504,259868.4635,4203149.102,3618.163086
411.8421624,259868.4396,4203149.079,3618.16626
411.8754745,259868.4158,4203149.055,3618.170166
411.9087865,259868.3919,4203149.032,3618.174316
411.9420985,259868.368,4203149.009,3618.179688
411.9754106,259868.3441,4203148.986,3618.185303
412.0087226,259868.3203,4203148.963,3618.194092
412.0420346,259868.2964,4203148.939,3618.206299
412.0753467,259868.2725,4203148.916,3618.220459
412.1086587,259868.2486,4203148.893,3618.232178
412.1419707,259868.2248,4203148.87,3618.242188
412.1752828,259868.2009,4203148.846,3618.250244
412.2085948,259868.177,4203148.823,3618.255859
412.2419068,259868.1531,4203148.8,3618.260254
412.2752189,259868.1293,4203148.777,3618.26416
412.3085309,259868.1054,4203148.754,3618.265137
412.3418429,259868.0815,4203148.73,3618.269531
412.375155,259868.0576,4203148.707,3618.275635
412.408467,259868.0338,4203148.684,3618.284668
412.441779,259868.0099,4203148.661,3618.295166
412.4750911,259867.986,4203148.637,3618.30542
412.5084031,259867.9621,4203148.614,3618.312012
412.5417151,259867.9383,4203148.591,3618.314209
412.5750272,259867.9144,4203148.568,3618.31665
412.6083392,259867.8905,4203148.544,3618.320801
412.6416512,259867.8666,4203148.521,3618.326172
412.6749633,259867.8428,4203148.498,3618.331787
412.7082753,259867.8189,4203148.475,3618.338623
412.7415873,259867.795,4203148.452,3618.34668
412.7748994,259867.7711,4203148.428,3618.353271
412.8082114,259867.7473,4203148.405,3618.359131
412.8415234,259867.7234,4203148.382,3618.364746
412.8748355,259867.6995,4203148.359,3618.368896
412.9081475,259867.6756,4203148.335,3618.373291
412.9414595,259867.6518,4203148.312,3618.378174
412.9747716,259867.6279,4203148.289,3618.385498
413.0080836,259867.604,4203148.266,3618.397461
413.0413956,259867.5801,4203148.242,3618.411377
413.0747077,259867.5563,4203148.219,3618.426025
413.1080197,259867.5324,4203148.196,3618.436768
413.1413317,259867.5085,4203148.173,3618.445313
413.1746438,259867.4846,4203148.15,3618.45166
413.2079558,259867.4607,4203148.126,3618.459717
413.2412678,259867.4369,4203148.103,3618.469971
413.2745799,259867.413,4203148.08,3618.479248
413.3078919,259867.3891,4203148.057,3618.488281
413.3412039,259867.3652,4203148.033,3618.496826
413.374516,259867.3414,4203148.01,3618.506104
413.407828,259867.3175,4203147.987,3618.51416
413.44114,259867.2936,4203147.964,3618.521729
413.4744521,259867.2697,4203147.94,3618.528076
413.5077641,259867.2459,4203147.917,3618.533447
413.5410762,259867.222,4203147.894,3618.537598
413.5743882,259867.1981,4203147.871,3618.538086
413.6077002,259867.1742,4203147.848,3618.541016
413.6410123,259867.1504,4203147.824,3618.544434
413.6743243,259867.1265,4203147.801,3618.549072
413.7076363,259867.1026,4203147.778,3618.553711
413.7409484,259867.0787,4203147.755,3618.55835
413.7742604,259867.0549,4203147.731,3618.563477
413.8075724,259867.031,4203147.708,3618.56958
413.8408845,259867.0071,4203147.685,3618.575684
413.8741965,259866.9832,4203147.662,3618.585449
413.9075085,259866.9594,4203147.638,3618.594238
413.9408206,259866.9355,4203147.615,3618.601563
413.9741326,259866.9116,4203147.592,3618.607178
414.0074446,259866.8877,4203147.569,3618.61084
414.0407567,259866.8639,4203147.546,3618.612793
414.0740687,259866.84,4203147.522,3618.614746
414.1073807,259866.8161,4203147.499,3618.616699
414.1406928,259866.7922,4203147.476,3618.618896
414.1740048,259866.7684,4203147.453,3618.62085
414.2073168,259866.7445,4203147.429,3618.622803
414.2406289,259866.7206,4203147.406,3618.625
414.2739409,259866.6967,4203147.383,3618.628174
414.3072529,259866.6729,4203147.36,3618.631592
414.340565,259866.649,4203147.336,3618.635498
414.373877,259866.6251,4203147.313,3618.638184
414.407189,259866.6012,4203147.29,3618.639648
414.4405011,259866.5774,4203147.267,3618.640625
414.4738131,259866.5535,4203147.244,3618.641357
414.5071251,259866.5296,4203147.22,3618.64209
414.5404372,259866.5057,4203147.197,3618.642822
414.5737492,259866.4818,4203147.174,3618.644043
414.6070612,259866.458,4203147.151,3618.64917
414.6403733,259866.4341,4203147.127,3618.654053
414.6736853,259866.4102,4203147.104,3618.658203
414.7069973,259866.3863,4203147.081,3618.661621
414.7403094,259866.3625,4203147.058,3618.663818
414.7736214,259866.3386,4203147.034,3618.665039
414.8069334,259866.3147,4203147.011,3618.666016
414.8402455,259866.2908,4203146.988,3618.666016
414.8735575,259866.267,4203146.965,3618.665771
414.9068695,259866.2431,4203146.942,3618.665527
414.9401816,259866.2192,4203146.918,3618.665039
414.9734936,259866.1953,4203146.895,3618.664795
415.0068056,259866.1715,4203146.872,3618.664551
415.0401177,259866.1476,4203146.849,3618.664307
415.0734297,259866.1237,4203146.825,3618.664063
415.1067417,259866.0998,4203146.802,3618.664063
415.1400538,259866.076,4203146.779,3618.663818
415.1733658,259866.0521,4203146.756,3618.663818
415.2066778,259866.0282,4203146.732,3618.663574
415.2399899,259866.0043,4203146.709,3618.663574
415.2733019,259865.9805,4203146.686,3618.66333
415.3066139,259865.9566,4203146.663,3618.66333
415.339926,259865.9327,4203146.64,3618.663086
415.373238,259865.9088,4203146.616,3618.662842
415.40655,259865.885,4203146.593,3618.662842
415.4398621,259865.8611,4203146.57,3618.663086
415.4731741,259865.8372,4203146.547,3618.66333
415.5064861,259865.8133,4203146.523,3618.663574
415.5397982,259865.7895,4203146.5,3618.663818
415.5731102,259865.7656,4203146.477,3618.664307
415.6064222,259865.7417,4203146.454,3618.664551
415.6397343,259865.7178,4203146.43,3618.664795
415.6730463,259865.694,4203146.407,3618.665039
415.7063583,259865.6701,4203146.384,3618.665283
415.7396704,259865.6462,4203146.361,3618.665771
415.7729824,259865.6223,4203146.338,3618.666504
415.8062944,259865.5985,4203146.314,3618.667236
415.8396065,259865.5746,4203146.291,3618.668701
415.8729185,259865.5507,4203146.268,3618.669678
415.9062305,259865.5268,4203146.245,3618.670166
415.9395426,259865.5029,4203146.221,3618.671143
415.9728546,259865.4791,4203146.198,3618.671631
416.0061666,259865.4552,4203146.175,3618.672119
416.0394787,259865.4313,4203146.152,3618.672119
416.0727907,259865.4074,4203146.128,3618.673096
416.1061027,259865.3836,4203146.105,3618.675049
416.1394148,259865.3597,4203146.082,3618.678223
416.1727268,259865.3358,4203146.059,3618.682129
416.2060388,259865.3119,4203146.036,3618.687012
416.2393509,259865.2881,4203146.012,3618.693359
416.2726629,259865.2642,4203145.989,3618.700195
416.3059749,259865.2403,4203145.966,3618.706055
416.339287,259865.2164,4203145.943,3618.710938
416.372599,259865.1926,4203145.919,3618.714844
416.405911,259865.1687,4203145.896,3618.718506
416.4392231,259865.1448,4203145.873,3618.723145
416.4725351,259865.1209,4203145.85,3618.728027
416.5058471,259865.0971,4203145.826,3618.734619
416.5391592,259865.0732,4203145.803,3618.741943
416.5724712,259865.0493,4203145.78,3618.749023
416.6057832,259865.0254,4203145.757,3618.755371
416.6390953,259865.0016,4203145.734,3618.760742
416.6724073,259864.9777,4203145.71,3618.766113
416.7057193,259864.9538,4203145.687,3618.772461
416.7390314,259864.9299,4203145.664,3618.778076
416.7723434,259864.9061,4203145.641,3618.783203
416.8056554,259864.8822,4203145.617,3618.790527
416.8389675,259864.8583,4203145.594,3618.799072
416.8722795,259864.8344,4203145.571,3618.80957
416.9055915,259864.8106,4203145.548,3618.823242
416.9389036,259864.7867,4203145.524,3618.83252
416.9722156,259864.7628,4203145.501,3618.842773
417.0055276,259864.7389,4203145.478,3618.859863
417.0388397,259864.7151,4203145.455,3618.88208
417.0721517,259864.6912,4203145.432,3618.89917
417.1054637,259864.6673,4203145.408,3618.909424
417.1387758,259864.6434,4203145.385,3618.916504
417.1720878,259864.6196,4203145.362,3618.92334
417.2053998,259864.5957,4203145.339,3618.928711
417.2387119,259864.5718,4203145.315,3618.933594
417.2720239,259864.5479,4203145.292,3618.933838
417.3053359,259864.5241,4203145.269,3618.938232
417.338648,259864.5002,4203145.246,3618.941406
417.37196,259864.4763,4203145.222,3618.945557
417.405272,259864.4524,4203145.199,3618.949707
417.4385841,259864.4285,4203145.176,3618.95459
417.4718961,259864.4047,4203145.153,3618.961182
417.5052081,259864.3808,4203145.13,3618.967773
417.5385202,259864.3569,4203145.106,3618.974854
417.5718322,259864.333,4203145.083,3618.982666
417.6051442,259864.3092,4203145.06,3618.99292
417.6384563,259864.2853,4203145.037,3619.004395
417.6717683,259864.2614,4203145.013,3619.015137
417.7050803,259864.2375,4203144.99,3619.024658
417.7383924,259864.2137,4203144.967,3619.031982
417.7717044,259864.1898,4203144.944,3619.038086
417.8050164,259864.1659,4203144.92,3619.042725
417.8383285,259864.142,4203144.897,3619.048096
417.8716405,259864.1182,4203144.874,3619.053955
417.9049525,259864.0943,4203144.851,3619.05957
417.9382646,259864.0704,4203144.828,3619.064209
417.9715766,259864.0465,4203144.804,3619.069336
418.0048886,259864.0227,4203144.781,3619.072998
418.0382007,259863.9988,4203144.758,3619.075928
418.0715127,259863.9749,4203144.735,3619.078369
418.1048247,259863.951,4203144.711,3619.079102
418.1381368,259863.9272,4203144.688,3619.079102
418.1714488,259863.9033,4203144.665,3619.078857
418.2047608,259863.8794,4203144.642,3619.078125
418.2380729,259863.8555,4203144.619,3619.076172
418.2713849,259863.8317,4203144.595,3619.074951
418.3046969,259863.8078,4203144.572,3619.07373
418.338009,259863.7839,4203144.549,3619.072754
418.371321,259863.76,4203144.526,3619.071777
418.404633,259863.7362,4203144.502,3619.070801
418.4379451,259863.7123,4203144.479,3619.070068
418.4712571,259863.6884,4203144.456,3619.069336
418.5045691,259863.6645,4203144.433,3619.068604
418.5378812,259863.6407,4203144.409,3619.065186
418.5711932,259863.6168,4203144.386,3619.064453
418.6045052,259863.5929,4203144.363,3619.063965
418.6378173,259863.569,4203144.34,3619.062988
418.6711293,259863.5452,4203144.317,3619.0625
418.7044413,259863.5213,4203144.293,3619.062256
418.7377534,259863.4974,4203144.27,3619.062256
418.7710654,259863.4735,4203144.247,3619.062744
418.8043774,259863.4496,4203144.224,3619.063965
418.8376895,259863.4258,4203144.2,3619.06543
418.8710015,259863.4019,4203144.177,3619.066895
418.9043135,259863.378,4203144.154,3619.068604
418.9376256,259863.3541,4203144.131,3619.071289
418.9709376,259863.3303,4203144.107,3619.075928
419.0042496,259863.3064,4203144.084,3619.080811
419.0375617,259863.2825,4203144.061,3619.085693
419.0708737,259863.2586,4203144.038,3619.090576
419.1041857,259863.2348,4203144.015,3619.094971
419.1374978,259863.2109,4203143.991,3619.100098
419.1708098,259863.187,4203143.968,3619.105957
419.2041218,259863.1631,4203143.945,3619.112793
419.2374339,259863.1393,4203143.922,3619.120361
419.2707459,259863.1154,4203143.898,3619.12915
419.3040579,259863.0915,4203143.875,3619.138428
419.33737,259863.0676,4203143.852,3619.146973
419.370682,259863.0438,4203143.829,3619.157227
419.403994,259863.0199,4203143.805,3619.167969
419.4373061,259862.996,4203143.782,3619.178467
419.4706181,259862.9721,4203143.759,3619.189697
419.5039301,259862.9483,4203143.736,3619.199219
419.5372422,259862.9244,4203143.713,3619.207764
419.5705542,259862.9005,4203143.689,3619.215088
419.6038662,259862.8766,4203143.666,3619.221191
419.6371783,259862.8528,4203143.643,3619.226318
419.6704903,259862.8289,4203143.62,3619.231201
419.7038023,259862.805,4203143.596,3619.23584
419.7371144,259862.7811,4203143.573,3619.241455
419.7704264,259862.7573,4203143.55,3619.241699
419.8037384,259862.7334,4203143.527,3619.249023
419.8370505,259862.7095,4203143.503,3619.258545
419.8703625,259862.6856,4203143.48,3619.269531
419.9036745,259862.6618,4203143.457,3619.281006
419.9369866,259862.6379,4203143.434,3619.290283
419.9702986,259862.614,4203143.411,3619.29834
420.0036106,259862.5901,4203143.387,3619.30542
420.0369227,259862.5663,4203143.364,3619.311523
420.0702347,259862.5424,4203143.341,3619.317139
420.1035467,259862.5185,4203143.318,3619.322754
420.1368588,259862.4946,4203143.294,3619.330811
420.1701708,259862.4707,4203143.271,3619.337891
420.2034828,259862.4469,4203143.248,3619.345459
420.2367949,259862.423,4203143.225,3619.355225
420.2701069,259862.3991,4203143.201,3619.368896
420.3034189,259862.3752,4203143.178,3619.387207
420.336731,259862.3514,4203143.155,3619.406982
420.370043,259862.3275,4203143.132,3619.420166
420.403355,259862.3036,4203143.109,3619.430176
420.4366671,259862.2797,4203143.085,3619.436279
420.4699791,259862.2559,4203143.062,3619.441162
420.5032911,259862.232,4203143.039,3619.446289
420.5366032,259862.2081,4203143.016,3619.451904
420.5699152,259862.1842,4203142.992,3619.457275
420.6032272,259862.1604,4203142.969,3619.462891
420.6365393,259862.1365,4203142.946,3619.469727
420.6698513,259862.1126,4203142.923,3619.478271
420.7031633,259862.0887,4203142.899,3619.489746
420.7364754,259862.0649,4203142.876,3619.499512
420.7697874,259862.041,4203142.853,3619.507568
420.8030994,259862.0171,4203142.83,3619.512695
420.8364115,259861.9932,4203142.807,3619.515381
420.8697235,259861.9694,4203142.783,3619.519043
420.9030355,259861.9455,4203142.76,3619.52417
420.9363476,259861.9216,4203142.737,3619.530762
420.9696596,259861.8977,4203142.714,3619.538818
421.0029716,259861.8739,4203142.69,3619.542969
421.0362837,259861.85,4203142.667,3619.553955
421.0695957,259861.8261,4203142.644,3619.564209
421.1029077,259861.8022,4203142.621,3619.575195
421.1362198,259861.7784,4203142.597,3619.592773
421.1695318,259861.7545,4203142.574,3619.609863
421.2028438,259861.7306,4203142.551,3619.618408
421.2361559,259861.7067,4203142.528,3619.626221
421.2694679,259861.6829,4203142.505,3619.633789
421.3027799,259861.659,4203142.481,3619.639404
421.336092,259861.6351,4203142.458,3619.644287
421.369404,259861.6112,4203142.435,3619.651611
421.402716,259861.5874,4203142.412,3619.664063
421.4360281,259861.5635,4203142.388,3619.682129
421.4693401,259861.5396,4203142.365,3619.700928
421.5026521,259861.5157,4203142.342,3619.716797
421.5322725,259861.4982,4203142.318,3619.731445
421.5618928,259861.4807,4203142.294,3619.742432
421.5915132,259861.4632,4203142.27,3619.757813
421.6211336,259861.4457,4203142.246,3619.770752
421.6507539,259861.4281,4203142.223,3619.780518
421.6803743,259861.4106,4203142.199,3619.788086
421.7099946,259861.3931,4203142.175,3619.797607
421.739615,259861.3756,4203142.151,3619.806152
421.7692354,259861.3581,4203142.127,3619.815186
421.7988557,259861.3406,4203142.103,3619.823486
421.8284761,259861.323,4203142.079,3619.83374
421.8580964,259861.3055,4203142.055,3619.845703
421.8877168,259861.288,4203142.031,3619.857666
421.9173372,259861.2705,4203142.008,3619.869141
421.9469575,259861.253,4203141.984,3619.882324
421.9765779,259861.2355,4203141.96,3619.89502
422.0061982,259861.2179,4203141.936,3619.902832
422.0358186,259861.2004,4203141.912,3619.908203
422.065439,259861.1829,4203141.888,3619.914063
422.0950593,259861.1654,4203141.864,3619.924561
422.1246797,259861.1479,4203141.84,3619.936279
422.1543,259861.1304,4203141.816,3619.94873
422.1839204,259861.1128,4203141.793,3619.959717
422.2135408,259861.0953,4203141.769,3619.969971
422.2431611,259861.0778,4203141.745,3619.977783
422.2727815,259861.0603,4203141.721,3619.987061
422.3024018,259861.0428,4203141.697,3620.001465
422.3320222,259861.0253,4203141.673,3620.018066
422.3616426,259861.0077,4203141.649,3620.025879
422.3912629,259860.9902,4203141.625,3620.036865
422.4208833,259860.9727,4203141.601,3620.047607
422.4505036,259860.9552,4203141.578,3620.053223
422.480124,259860.9377,4203141.554,3620.061279
422.5097444,259860.9202,4203141.53,3620.070068
422.5393647,259860.9027,4203141.506,3620.079834
422.5689851,259860.8851,4203141.482,3620.085938
422.5986054,259860.8676,4203141.458,3620.101563
422.6282258,259860.8501,4203141.434,3620.119629
422.6578462,259860.8326,4203141.41,3620.138672
422.6874665,259860.8151,4203141.386,3620.150879
422.7170869,259860.7976,4203141.363,3620.17627
422.7467072,259860.78,4203141.339,3620.19458
422.7763276,259860.7625,4203141.315,3620.203857
422.805948,259860.745,4203141.291,3620.206543
422.8355683,259860.7275,4203141.267,3620.210449
422.8651887,259860.71,4203141.243,3620.216553
422.894809,259860.6925,4203141.219,3620.220703
422.9244294,259860.6749,4203141.195,3620.236816
422.9540498,259860.6574,4203141.172,3620.258301
422.9836701,259860.6399,4203141.148,3620.277344
423.0132905,259860.6224,4203141.124,3620.286865
423.0429108,259860.6049,4203141.1,3620.306152
423.0725312,259860.5874,4203141.076,3620.320068
423.1021516,259860.5698,4203141.052,3620.328613
423.1317719,259860.5523,4203141.028,3620.330811
423.1613923,259860.5348,4203141.004,3620.335693
423.1910126,259860.5173,4203140.98,3620.341064
423.220633,259860.4998,4203140.957,3620.347168
423.2502533,259860.4823,4203140.933,3620.350342
423.2798737,259860.4647,4203140.909,3620.357666
423.3094941,259860.4472,4203140.885,3620.371582
423.3391144,259860.4297,4203140.861,3620.387451
423.3687348,259860.4122,4203140.837,3620.413818
423.3983551,259860.3947,4203140.813,3620.437988
423.4279755,259860.3772,4203140.789,3620.455811
423.4575959,259860.3596,4203140.765,3620.464111
423.4872162,259860.3421,4203140.742,3620.47583
423.5168366,259860.3246,4203140.718,3620.48877
423.5464569,259860.3071,4203140.694,3620.499756
423.5760773,259860.2896,4203140.67,3620.505127
423.6056977,259860.2721,4203140.646,3620.518066
423.635318,259860.2545,4203140.622,3620.538818
423.6649384,259860.237,4203140.598,3620.561523
423.6945587,259860.2195,4203140.574,3620.57251
423.7241791,259860.202,4203140.55,3620.591064
423.7537995,259860.1845,4203140.527,3620.609131
423.7834198,259860.167,4203140.503,3620.618652
423.8130402,259860.1494,4203140.479,3620.632813
423.8426605,259860.1319,4203140.455,3620.647461
423.8722809,259860.1144,4203140.431,3620.660645
423.9019013,259860.0969,4203140.407,3620.667236
423.9315216,259860.0794,4203140.383,3620.679199
423.961142,259860.0619,4203140.359,3620.686768
423.9907623,259860.0443,4203140.336,3620.693359
424.0203827,259860.0268,4203140.312,3620.696289
424.0500031,259860.0093,4203140.288,3620.705566
424.0796234,259859.9918,4203140.264,3620.716553
424.1092438,259859.9743,4203140.24,3620.731201
424.1388641,259859.9568,4203140.216,3620.738525
424.1684845,259859.9392,4203140.192,3620.75708
424.1981049,259859.9217,4203140.168,3620.776123
424.2277252,259859.9042,4203140.144,3620.783936
424.2573456,259859.8867,4203140.121,3620.801758
424.2869659,259859.8692,4203140.097,3620.817383
424.3165863,259859.8517,4203140.073,3620.830078
424.3462067,259859.8342,4203140.049,3620.833984
424.375827,259859.8166,4203140.025,3620.841064
424.4054474,259859.7991,4203140.001,3620.847412
424.4350677,259859.7816,4203139.977,3620.857422
424.4646881,259859.7641,4203139.953,3620.862549
424.4943085,259859.7466,4203139.929,3620.875
424.5239288,259859.7291,4203139.906,3620.885498
424.5535492,259859.7115,4203139.882,3620.896484
424.5831695,259859.694,4203139.858,3620.900391
424.6127899,259859.6765,4203139.834,3620.909912
424.6424103,259859.659,4203139.81,3620.916504
424.6720306,259859.6415,4203139.786,3620.92334
424.701651,259859.624,4203139.762,3620.927246
424.7312713,259859.6064,4203139.738,3620.936035
424.7608917,259859.5889,4203139.714,3620.944824
424.7905121,259859.5714,4203139.691,3620.949951
424.8201324,259859.5539,4203139.667,3620.96167
424.8497528,259859.5364,4203139.643,3620.973389
424.8793731,259859.5189,4203139.619,3620.986816
424.9089935,259859.5013,4203139.595,3620.996094
424.9386138,259859.4838,4203139.571,3621.010742
424.9682342,259859.4663,4203139.547,3621.025879
424.9978546,259859.4488,4203139.523,3621.040283
425.0274749,259859.4313,4203139.499,3621.051758
425.0570953,259859.4138,4203139.476,3621.067139
425.0867156,259859.3962,4203139.452,3621.082031
425.116336,259859.3787,4203139.428,3621.096191
425.1459564,259859.3612,4203139.404,3621.105225
425.1755767,259859.3437,4203139.38,3621.114746
425.2051971,259859.3262,4203139.356,3621.122314
425.2348174,259859.3087,4203139.332,3621.127441
425.2644378,259859.2911,4203139.308,3621.132568
425.2940582,259859.2736,4203139.285,3621.137207
425.3236785,259859.2561,4203139.261,3621.141357
425.3532989,259859.2386,4203139.237,3621.14502
425.3829192,259859.2211,4203139.213,3621.148926
425.4125396,259859.2036,4203139.189,3621.15332
425.44216,259859.186,4203139.165,3621.157471
425.4717803,259859.1685,4203139.141,3621.161133
425.5014007,259859.151,4203139.117,3621.166504
425.531021,259859.1335,4203139.093,3621.174316
425.5606414,259859.116,4203139.07,3621.184814
425.5902618,259859.0985,4203139.046,3621.193604
425.6198821,259859.0809,4203139.022,3621.206543
425.6495025,259859.0634,4203138.998,3621.217041
425.6791228,259859.0459,4203138.974,3621.221924
425.7087432,259859.0284,4203138.95,3621.229248
425.7383636,259859.0109,4203138.926,3621.237061
425.7679839,259858.9934,4203138.902,3621.243408
425.7976043,259858.9758,4203138.878,3621.24707
425.8272246,259858.9583,4203138.855,3621.25293
425.856845,259858.9408,4203138.831,3621.259766
425.8864654,259858.9233,4203138.807,3621.269531
425.9160857,259858.9058,4203138.783,3621.277832
425.9457061,259858.8883,4203138.759,3621.291992
425.9753264,259858.8707,4203138.735,3621.308838
426.0049468,259858.8532,4203138.711,3621.322021
426.0345672,259858.8357,4203138.687,3621.329102
426.0641875,259858.8182,4203138.663,3621.342285
426.0938079,259858.8007,4203138.64,3621.357666
426.1234282,259858.7832,4203138.616,3621.366211
426.1530486,259858.7656,4203138.592,3621.380859
426.182669,259858.7481,4203138.568,3621.392578
426.2122893,259858.7306,4203138.544,3621.401123
426.2419097,259858.7131,4203138.52,3621.404541
426.27153,259858.6956,4203138.496,3621.410645
426.3011504,259858.6781,4203138.472,3621.419922
426.3307708,259858.6606,4203138.449,3621.432129
426.3603911,259858.643,4203138.425,3621.440918
426.3900115,259858.6255,4203138.401,3621.453857
426.4196318,259858.608,4203138.377,3621.466553
426.4492522,259858.5905,4203138.353,3621.483154
426.4788725,259858.573,4203138.329,3621.492676
426.5084929,259858.5555,4203138.305,3621.509521
426.5381133,259858.5379,4203138.281,3621.523682
426.5677336,259858.5204,4203138.257,3621.532227
426.597354,259858.5029,4203138.234,3621.543945
426.6269743,259858.4854,4203138.21,3621.554932
426.6565947,259858.4679,4203138.186,3621.564697
426.6862151,259858.4504,4203138.162,3621.569336
426.7158354,259858.4328,4203138.138,3621.575439
426.7454558,259858.4153,4203138.114,3621.581055
426.7750761,259858.3978,4203138.09,3621.587646
426.8046965,259858.3803,4203138.066,3621.592041
426.8343169,259858.3628,4203138.042,3621.601074
426.8639372,259858.3453,4203138.019,3621.611816
426.8935576,259858.3277,4203137.995,3621.623779
426.9231779,259858.3102,4203137.971,3621.630615
426.9527983,259858.2927,4203137.947,3621.64624
426.9824187,259858.2752,4203137.923,3621.6604
427.012039,259858.2577,4203137.899,3621.666504
427.0416594,259858.2402,4203137.875,3621.674072
427.0712797,259858.2226,4203137.851,3621.68042
427.1009001,259858.2051,4203137.827,3621.689209
427.1305205,259858.1876,4203137.804,3621.696289
427.1601408,259858.1701,4203137.78,3621.712891
427.1897612,259858.1526,4203137.756,3621.728027
427.2193815,259858.1351,4203137.732,3621.73877
427.2490019,259858.1175,4203137.708,3621.744385
427.2786223,259858.1,4203137.684,3621.755127
427.3082426,259858.0825,4203137.66,3621.76416
427.337863,259858.065,4203137.636,3621.770264
427.3674833,259858.0475,4203137.613,3621.773438
427.3971037,259858.03,4203137.589,3621.778809
427.4267241,259858.0124,4203137.565,3621.786621
427.4563444,259857.9949,4203137.541,3621.791748
427.4859648,259857.9774,4203137.517,3621.801514
427.5155851,259857.9599,4203137.493,3621.808594
427.5452055,259857.9424,4203137.469,3621.812256
427.5748259,259857.9249,4203137.445,3621.813232
427.6044462,259857.9073,4203137.421,3621.816162
427.6340666,259857.8898,4203137.398,3621.822754
427.6636869,259857.8723,4203137.374,3621.830811
427.6933073,259857.8548,4203137.35,3621.838379
427.7229277,259857.8373,4203137.326,3621.852295
427.752548,259857.8198,4203137.302,3621.866211
427.7821684,259857.8022,4203137.278,3621.878174
427.8117887,259857.7847,4203137.254,3621.884277
427.8414091,259857.7672,4203137.23,3621.892334
427.8710295,259857.7497,4203137.206,3621.89917
427.9006498,259857.7322,4203137.183,3621.902344
427.9302702,259857.7147,4203137.159,3621.907471
427.9598905,259857.6971,4203137.135,3621.913086
427.9895109,259857.6796,4203137.111,3621.921631
428.0191313,259857.6621,4203137.087,3621.928955
428.0487516,259857.6446,4203137.063,3621.944092
428.078372,259857.6271,4203137.039,3621.960449
428.1079923,259857.6096,4203137.015,3621.979248
428.1376127,259857.5921,4203136.991,3621.989502
428.167233,259857.5745,4203136.968,3622.011963
428.1968534,259857.557,4203136.944,3622.029785
428.2264738,259857.5395,4203136.92,3622.044922
428.2560941,259857.522,4203136.896,3622.051514
428.2857145,259857.5045,4203136.872,3622.063721
428.3153348,259857.487,4203136.848,3622.076416
428.3449552,259857.4694,4203136.824,3622.08374
428.3745756,259857.4519,4203136.8,3622.102295
428.4041959,259857.4344,4203136.776,3622.121826
428.4338163,259857.4169,4203136.753,3622.143066
428.4634366,259857.3994,4203136.729,3622.152344
428.493057,259857.3819,4203136.705,3622.173096
428.5226774,259857.3643,4203136.681,3622.191895
428.5522977,259857.3468,4203136.657,3622.209717
428.5819181,259857.3293,4203136.633,3622.216797
428.6115384,259857.3118,4203136.609,3622.236328
428.6411588,259857.2943,4203136.585,3622.255615
428.6707792,259857.2768,4203136.562,3622.26709
428.7003995,259857.2592,4203136.538,3622.268066
428.7300199,259857.2417,4203136.514,3622.276855
428.7596402,259857.2242,4203136.49,3622.287354
428.7892606,259857.2067,4203136.466,3622.29834
428.818881,259857.1892,4203136.442,3622.297852
428.8485013,259857.1717,4203136.418,3622.308594
428.8781217,259857.1541,4203136.394,3622.313477
428.907742,259857.1366,4203136.37,3622.313721
428.9373624,259857.1191,4203136.347,3622.315918
428.9669828,259857.1016,4203136.323,3622.317871
428.9966031,259857.0841,4203136.299,3622.320801
429.0262235,259857.0666,4203136.275,3622.322021
429.0558438,259857.049,4203136.251,3622.325195
429.0854642,259857.0315,4203136.227,3622.330322
429.1150846,259857.014,4203136.203,3622.335205
429.1447049,259856.9965,4203136.179,3622.338379
429.1743253,259856.979,4203136.155,3622.344238
429.2039456,259856.9615,4203136.132,3622.349609
429.233566,259856.9439,4203136.108,3622.35498
429.2631864,259856.9264,4203136.084,3622.358887
429.2928067,259856.9089,4203136.06,3622.364014
429.3224271,259856.8914,4203136.036,3622.369141
429.3520474,259856.8739,4203136.012,3622.372803
429.3816678,259856.8564,4203135.988,3622.380371
429.4112882,259856.8388,4203135.964,3622.389404
429.4409085,259856.8213,4203135.94,3622.400635
429.4705289,259856.8038,4203135.917,3622.409424
429.5001492,259856.7863,4203135.893,3622.421387
429.5297696,259856.7688,4203135.869,3622.432617
429.55939,259856.7513,4203135.845,3622.444092
429.5890103,259856.7337,4203135.821,3622.451172
429.6186307,259856.7162,4203135.797,3622.459717
429.648251,259856.6987,4203135.773,3622.467773
429.6778714,259856.6812,4203135.749,3622.475098
429.7074917,259856.6637,4203135.726,3622.47998
429.7371121,259856.6462,4203135.702,3622.487549
429.7667325,259856.6286,4203135.678,3622.49707
429.7963528,259856.6111,4203135.654,3622.503418
429.8259732,259856.5936,4203135.63,3622.513184
429.8555935,259856.5761,4203135.606,3622.522217
429.8852139,259856.5586,4203135.582,3622.530273
429.9148343,259856.5411,4203135.558,3622.533447
429.9444546,259856.5235,4203135.534,3622.53833
429.974075,259856.506,4203135.511,3622.545166
430.0036953,259856.4885,4203135.487,3622.553223
430.0333157,259856.471,4203135.463,3622.559814
430.0629361,259856.4535,4203135.439,3622.569336
430.0925564,259856.436,4203135.415,3622.575928
430.1221768,259856.4185,4203135.391,3622.580566
430.1517971,259856.4009,4203135.367,3622.585449
430.1814175,259856.3834,4203135.343,3622.59375
430.2110379,259856.3659,4203135.319,3622.602539
430.2406582,259856.3484,4203135.296,3622.608887
430.2702786,259856.3309,4203135.272,3622.617188
430.2998989,259856.3134,4203135.248,3622.627686
430.3295193,259856.2958,4203135.224,3622.639893
430.3591397,259856.2783,4203135.2,3622.649658
430.38876,259856.2608,4203135.176,3622.666992
430.4183804,259856.2433,4203135.152,3622.679932
430.4480007,259856.2258,4203135.128,3622.692139
430.4776211,259856.2083,4203135.104,3622.695801
430.5072415,259856.1907,4203135.081,3622.700928
430.5368618,259856.1732,4203135.057,3622.705811
430.5664822,259856.1557,4203135.033,3622.710205
430.5961025,259856.1382,4203135.009,3622.712646
430.6257229,259856.1207,4203134.985,3622.717041
430.6553433,259856.1032,4203134.961,3622.721191
430.6849636,259856.0856,4203134.937,3622.723389
430.714584,259856.0681,4203134.913,3622.727051
430.7442043,259856.0506,4203134.89,3622.731934
430.7738247,259856.0331,4203134.866,3622.738037
430.8034451,259856.0156,4203134.842,3622.742432
430.8330654,259855.9981,4203134.818,3622.751709
430.8626858,259855.9805,4203134.794,3622.764404
430.8923061,259855.963,4203134.77,3622.774658
430.9219265,259855.9455,4203134.746,3622.781006
430.9515469,259855.928,4203134.722,3622.787354
430.9811672,259855.9105,4203134.698,3622.79248
431.0107876,259855.893,4203134.675,3622.796387
431.0404079,259855.8754,4203134.651,3622.800049
431.0700283,259855.8579,4203134.627,3622.807129
431.0996487,259855.8404,4203134.603,3622.817139
431.129269,259855.8229,4203134.579,3622.827637
431.1588894,259855.8054,4203134.555,3622.844727
431.1885097,259855.7879,4203134.531,3622.863525
431.2181301,259855.7703,4203134.507,3622.884766
431.2477505,259855.7528,4203134.483,3622.900635
431.2773708,259855.7353,4203134.46,3622.916748
431.3069912,259855.7178,4203134.436,3622.93042
431.3366115,259855.7003,4203134.412,3622.940186
431.3662319,259855.6828,4203134.388,3622.945068
431.3958522,259855.6652,4203134.364,3622.951904
431.4254726,259855.6477,4203134.34,3622.959717
431.455093,259855.6302,4203134.316,3622.967041
431.4847133,259855.6127,4203134.292,3622.972168
431.5143337,259855.5952,4203134.268,3622.97876
431.543954,259855.5777,4203134.245,3622.986084
431.5735744,259855.5601,4203134.221,3622.992188
431.6031948,259855.5426,4203134.197,3623.000244
431.6328151,259855.5251,4203134.173,3623.006348
431.6624355,259855.5076,4203134.149,3623.011963
431.6920558,259855.4901,4203134.125,3623.018799
431.7216762,259855.4726,4203134.101,3623.032227
431.7512966,259855.455,4203134.077,3623.04541
431.7809169,259855.4375,4203134.053,3623.060303
431.8105373,259855.42,4203134.03,3623.071533
431.8401576,259855.4025,4203134.006,3623.08252
431.869778,259855.385,4203133.982,3623.091309
431.8993984,259855.3675,4203133.958,3623.097168
431.9290187,259855.35,4203133.934,3623.101807
431.9586391,259855.3324,4203133.91,3623.108643
431.9882594,259855.3149,4203133.886,3623.118896
432.0178798,259855.2974,4203133.862,3623.126465
432.0475002,259855.2799,4203133.839,3623.139648
432.0771205,259855.2624,4203133.815,3623.158936
432.1067409,259855.2449,4203133.791,3623.179199
432.1363612,259855.2273,4203133.767,3623.193848
432.1659816,259855.2098,4203133.743,3623.210938
432.195602,259855.1923,4203133.719,3623.222412
432.2252223,259855.1748,4203133.695,3623.231445
432.2548427,259855.1573,4203133.671,3623.237549
432.284463,259855.1398,4203133.647,3623.245361
432.3140834,259855.1222,4203133.624,3623.253662
432.3437038,259855.1047,4203133.6,3623.262939
432.3733241,259855.0872,4203133.576,3623.271973
432.4029445,259855.0697,4203133.552,3623.283691
432.4325648,259855.0522,4203133.528,3623.296875
432.4621852,259855.0347,4203133.504,3623.308105
432.4918056,259855.0171,4203133.48,3623.318604
432.5214259,259854.9996,4203133.456,3623.325684
432.5510463,259854.9821,4203133.432,3623.33252
432.5806666,259854.9646,4203133.409,3623.338623
432.610287,259854.9471,4203133.385,3623.347656
432.6399074,259854.9296,4203133.361,3623.355957
432.6695277,259854.912,4203133.337,3623.364746
432.6991481,259854.8945,4203133.313,3623.368408
432.7287684,259854.877,4203133.289,3623.375
432.7583888,259854.8595,4203133.265,3623.387451
432.7880092,259854.842,4203133.241,3623.401611
432.8176295,259854.8245,4203133.217,3623.410156
432.8472499,259854.8069,4203133.194,3623.421143
432.8768702,259854.7894,4203133.17,3623.429688
432.9064906,259854.7719,4203133.146,3623.437012
432.9361109,259854.7544,4203133.122,3623.442139
432.9657313,259854.7369,4203133.098,3623.450439
432.9953517,259854.7194,4203133.074,3623.459473
433.024972,259854.7018,4203133.05,3623.466064
433.0545924,259854.6843,4203133.026,3623.47876
433.0842127,259854.6668,4203133.003,3623.496582
433.1138331,259854.6493,4203132.979,3623.516113
433.1434535,259854.6318,4203132.955,3623.526367
433.1730738,259854.6143,4203132.931,3623.545166
433.2026942,259854.5967,4203132.907,3623.562988
433.2323145,259854.5792,4203132.883,3623.578369
433.2619349,259854.5617,4203132.859,3623.585449
433.2915553,259854.5442,4203132.835,3623.598145
433.3211756,259854.5267,4203132.811,3623.608887
433.350796,259854.5092,4203132.788,3623.618652
433.3804163,259854.4916,4203132.764,3623.625
433.4100367,259854.4741,4203132.74,3623.635986
433.4396571,259854.4566,4203132.716,3623.650635
433.4692774,259854.4391,4203132.692,3623.661865
433.4988978,259854.4216,4203132.668,3623.678955
433.5285181,259854.4041,4203132.644,3623.69165
433.5581385,259854.3865,4203132.62,3623.703613
433.5877589,259854.369,4203132.596,3623.712646
433.6173792,259854.3515,4203132.573,3623.721924
433.6469996,259854.334,4203132.549,3623.729736
433.6766199,259854.3165,4203132.525,3623.737549
433.7062403,259854.299,4203132.501,3623.741455
433.7358607,259854.2814,4203132.477,3623.75
433.765481,259854.2639,4203132.453,3623.76123
433.7951014,259854.2464,4203132.429,3623.774658
433.8247217,259854.2289,4203132.405,3623.783447
433.8543421,259854.2114,4203132.381,3623.79834
433.8839625,259854.1939,4203132.358,3623.814453
433.9135828,259854.1764,4203132.334,3623.824219
433.9432032,259854.1588,4203132.31,3623.839355
433.9728235,259854.1413,4203132.286,3623.850342
434.0024439,259854.1238,4203132.262,3623.862305
434.0320643,259854.1063,4203132.238,3623.868896
434.0616846,259854.0888,4203132.214,3623.881836
434.091305,259854.0713,4203132.19,3623.894043
434.1209253,259854.0537,4203132.166,3623.903076
434.1505457,259854.0362,4203132.143,3623.906982
434.1801661,259854.0187,4203132.119,3623.914063
434.2097864,259854.0012,4203132.095,3623.922607
434.2394068,259853.9837,4203132.071,3623.930908
434.2690271,259853.9662,4203132.047,3623.934814
434.2986475,259853.9486,4203132.023,3623.943604
434.3282679,259853.9311,4203131.999,3623.953857
434.3578882,259853.9136,4203131.975,3623.961182
434.3875086,259853.8961,4203131.952,3623.980469
434.4171289,259853.8786,4203131.928,3623.99707
434.4467493,259853.8611,4203131.904,3624.012451
434.4763697,259853.8435,4203131.88,3624.019287
434.50599,259853.826,4203131.856,3624.031982
434.5356104,259853.8085,4203131.832,3624.041016
434.5652307,259853.791,4203131.808,3624.046631
434.5948511,259853.7735,4203131.784,3624.048828
434.6244714,259853.756,4203131.76,3624.05249
434.6540918,259853.7384,4203131.737,3624.056885
434.6837122,259853.7209,4203131.713,3624.063721
434.7133325,259853.7034,4203131.689,3624.070557
434.7429529,259853.6859,4203131.665,3624.083008
434.7725732,259853.6684,4203131.641,3624.102783
434.8021936,259853.6509,4203131.617,3624.119141
434.831814,259853.6333,4203131.593,3624.143311
434.8614343,259853.6158,4203131.569,3624.169678
434.8910547,259853.5983,4203131.545,3624.193604
434.920675,259853.5808,4203131.522,3624.203369
434.9502954,259853.5633,4203131.498,3624.216553
434.9799158,259853.5458,4203131.474,3624.231445
435.0095361,259853.5282,4203131.45,3624.248779
435.0391565,259853.5107,4203131.426,3624.260742
435.0687768,259853.4932,4203131.402,3624.273926
435.0983972,259853.4757,4203131.378,3624.285645
435.1280176,259853.4582,4203131.354,3624.296387
435.1576379,259853.4407,4203131.33,3624.301758
435.1872583,259853.4231,4203131.307,3624.310547
435.2168786,259853.4056,4203131.283,3624.31958
435.246499,259853.3881,4203131.259,3624.325195
435.2761194,259853.3706,4203131.235,3624.332275
435.3057397,259853.3531,4203131.211,3624.339111
435.3353601,259853.3356,4203131.187,3624.346191
435.3649804,259853.318,4203131.163,3624.349609
435.3946008,259853.3005,4203131.139,3624.359619
435.4242212,259853.283,4203131.116,3624.375244
435.4538415,259853.2655,4203131.092,3624.390869
435.4834619,259853.248,4203131.068,3624.397949
435.5130822,259853.2305,4203131.044,3624.412354
435.5427026,259853.2129,4203131.02,3624.422852
435.572323,259853.1954,4203130.996,3624.432373
435.6019433,259853.1779,4203130.972,3624.437988
435.6315637,259853.1604,4203130.948,3624.447998
435.661184,259853.1429,4203130.924,3624.458252
435.6908044,259853.1254,4203130.901,3624.46582
435.7204248,259853.1079,4203130.877,3624.483154
435.7500451,259853.0903,4203130.853,3624.506104
435.7796655,259853.0728,4203130.829,3624.528809
435.8092858,259853.0553,4203130.805,3624.538818
435.8389062,259853.0378,4203130.781,3624.556641
435.8685266,259853.0203,4203130.757,3624.572266
435.8981469,259853.0028,4203130.733,3624.587158
435.9277673,259852.9852,4203130.709,3624.596191
435.9573876,259852.9677,4203130.686,3624.612061
435.987008,259852.9502,4203130.662,3624.628662
436.0166284,259852.9327,4203130.638,3624.64624
436.0462487,259852.9152,4203130.614,3624.655518
436.0758691,259852.8977,4203130.59,3624.672607
436.1054894,259852.8801,4203130.566,3624.687256
436.1351098,259852.8626,4203130.542,3624.694824
436.1647302,259852.8451,4203130.518,3624.705811
436.1943505,259852.8276,4203130.494,3624.715088
436.2250013,259852.8084,4203130.471,3624.724121
436.2556521,259852.7893,4203130.447,3624.732666
436.2863029,259852.7701,4203130.423,3624.738281
436.3169537,259852.751,4203130.399,3624.751465
436.3476046,259852.7319,4203130.375,3624.769775
436.3782554,259852.7127,4203130.351,3624.793213
436.4089062,259852.6936,4203130.327,3624.81958
436.439557,259852.6744,4203130.303,3624.831543
436.4702078,259852.6553,4203130.279,3624.849121
436.5008586,259852.6361,4203130.255,3624.865479
436.5315094,259852.617,4203130.231,3624.881104
436.5621602,259852.5978,4203130.207,3624.895508
436.592811,259852.5787,4203130.183,3624.907959
436.6234618,259852.5595,4203130.159,3624.926514
436.6541126,259852.5404,4203130.135,3624.939941
436.6847634,259852.5212,4203130.112,3624.950928
436.7154143,259852.5021,4203130.088,3624.966553
436.7460651,259852.4829,4203130.064,3624.978027
436.7767159,259852.4638,4203130.04,3625.006348
436.8073667,259852.4446,4203130.016,3625.034424
436.8380175,259852.4255,4203129.992,3625.061279
436.8686683,259852.4063,4203129.968,3625.087402
436.8993191,259852.3872,4203129.944,3625.100586
436.9299699,259852.3681,4203129.92,3625.119141
436.9606207,259852.3489,4203129.896,3625.132324
436.9912715,259852.3298,4203129.872,3625.143311
437.0219223,259852.3106,4203129.848,3625.158936
437.0525732,259852.2915,4203129.824,3625.163818
437.083224,259852.2723,4203129.8,3625.172852
437.1138748,259852.2532,4203129.776,3625.182617
437.1445256,259852.234,4203129.753,3625.194092
437.1751764,259852.2149,4203129.729,3625.205078
437.2058272,259852.1957,4203129.705,3625.211426
437.236478,259852.1766,4203129.681,3625.228271
437.2671288,259852.1574,4203129.657,3625.246338
437.2977796,259852.1383,4203129.633,3625.261963
437.3284304,259852.1191,4203129.609,3625.273926
437.3590812,259852.1,4203129.585,3625.283691
437.3897321,259852.0808,4203129.561,3625.306641
437.4203829,259852.0617,4203129.537,3625.330078
437.4510337,259852.0425,4203129.513,3625.352051
437.4816845,259852.0234,4203129.489,3625.373779
437.5123353,259852.0042,4203129.465,3625.385254
437.5429861,259851.9851,4203129.441,3625.397949
437.5736369,259851.966,4203129.417,3625.404053
437.6042877,259851.9468,4203129.393,3625.411377
437.6349385,259851.9277,4203129.37,3625.429688
437.6655893,259851.9085,4203129.346,3625.440918
437.6962401,259851.8894,4203129.322,3625.457275
437.7268909,259851.8702,4203129.298,3625.472412
437.7575418,259851.8511,4203129.274,3625.489014
437.7881926,259851.8319,4203129.25,3625.503662
437.8188434,259851.8128,4203129.226,3625.510986
437.8494942,259851.7936,4203129.202,3625.522217
437.880145,259851.7745,4203129.178,3625.5354
437.9107958,259851.7553,4203129.154,3625.548096
437.9414466,259851.7362,4203129.13,3625.562988
437.9720974,259851.717,4203129.106,3625.571777
438.0027482,259851.6979,4203129.082,3625.588867
438.033399,259851.6787,4203129.058,3625.613281
438.0640498,259851.6596,4203129.034,3625.636963
438.0947007,259851.6404,4203129.011,3625.659912
438.1253515,259851.6213,4203128.987,3625.672363
438.1560023,259851.6022,4203128.963,3625.688477
438.1866531,259851.583,4203128.939,3625.700928
438.2173039,259851.5639,4203128.915,3625.711426
438.2479547,259851.5447,4203128.891,3625.721191
438.2786055,259851.5256,4203128.867,3625.733398
438.3092563,259851.5064,4203128.843,3625.740234
438.3399071,259851.4873,4203128.819,3625.754883
438.3705579,259851.4681,4203128.795,3625.772949
438.4012087,259851.449,4203128.771,3625.793457
438.4318595,259851.4298,4203128.747,3625.818359
438.4625104,259851.4107,4203128.723,3625.835938
438.4931612,259851.3915,4203128.699,3625.871094
438.523812,259851.3724,4203128.675,3625.912109
438.5544628,259851.3532,4203128.652,3625.948486
438.5851136,259851.3341,4203128.628,3625.970703
438.6157644,259851.3149,4203128.604,3625.979736
438.6464152,259851.2958,4203128.58,3625.993164
438.677066,259851.2766,4203128.556,3626.005127
438.7077168,259851.2575,4203128.532,3626.015625
438.7383676,259851.2384,4203128.508,3626.028076
438.7690184,259851.2192,4203128.484,3626.036621
438.7996693,259851.2001,4203128.46,3626.053711
438.8303201,259851.1809,4203128.436,3626.071289
438.8609709,259851.1618,4203128.412,3626.092285
438.8916217,259851.1426,4203128.388,3626.113525
438.9222725,259851.1235,4203128.364,3626.121582
438.9529233,259851.1043,4203128.34,3626.133057
438.9835741,259851.0852,4203128.316,3626.142822
439.0142249,259851.066,4203128.293,3626.153564
439.0448757,259851.0469,4203128.269,3626.170166
439.0755265,259851.0277,4203128.245,3626.179688
439.1061773,259851.0086,4203128.221,3626.19751
439.1368282,259850.9894,4203128.197,3626.214355
439.167479,259850.9703,4203128.173,3626.23291
439.1981298,259850.9511,4203128.149,3626.256348
439.2287806,259850.932,4203128.125,3626.267822
439.2594314,259850.9128,4203128.101,3626.287109
439.2900822,259850.8937,4203128.077,3626.299072
439.320733,259850.8746,4203128.053,3626.312988
439.3513838,259850.8554,4203128.029,3626.332031
439.3820346,259850.8363,4203128.005,3626.341553
439.4126854,259850.8171,4203127.981,3626.368652
439.4433362,259850.798,4203127.957,3626.394287
439.473987,259850.7788,4203127.934,3626.415527
439.5046379,259850.7597,4203127.91,3626.433594
439.5352887,259850.7405,4203127.886,3626.440918
439.5659395,259850.7214,4203127.862,3626.456787
439.5965903,259850.7022,4203127.838,3626.468262
439.6272411,259850.6831,4203127.814,3626.477295
439.6578919,259850.6639,4203127.79,3626.485107
439.6885427,259850.6448,4203127.766,3626.48877
439.7191935,259850.6256,4203127.742,3626.497559
439.7498443,259850.6065,4203127.718,3626.508057
439.7804951,259850.5873,4203127.694,3626.519531
439.8111459,259850.5682,4203127.67,3626.531006
439.8417968,259850.549,4203127.646,3626.537842
439.8724476,259850.5299,4203127.622,3626.560547
439.9030984,259850.5108,4203127.598,3626.586914
439.9337492,259850.4916,4203127.574,3626.611084
439.9644,259850.4725,4203127.551,3626.630615
439.9950508,259850.4533,4203127.527,3626.638184
440.0257016,259850.4342,4203127.503,3626.649414
440.0563524,259850.415,4203127.479,3626.661133
440.0870032,259850.3959,4203127.455,3626.676758
440.117654,259850.3767,4203127.431,3626.692383
440.1483048,259850.3576,4203127.407,3626.705566
440.1789556,259850.3384,4203127.383,3626.727783
440.2096065,259850.3193,4203127.359,3626.747803
440.2402573,259850.3001,4203127.335,3626.764404
440.2709081,259850.281,4203127.311,3626.7771
440.3015589,259850.2618,4203127.287,3626.785156
440.3322097,259850.2427,4203127.263,3626.802246
440.3628605,259850.2235,4203127.239,3626.818848
440.3935113,259850.2044,4203127.215,3626.835449
440.4241621,259850.1852,4203127.192,3626.851318
440.4548129,259850.1661,4203127.168,3626.86084
440.4854637,259850.147,4203127.144,3626.874023
440.5161145,259850.1278,4203127.12,3626.886963
440.5467654,259850.1087,4203127.096,3626.901855
440.5774162,259850.0895,4203127.072,3626.919922
440.608067,259850.0704,4203127.048,3626.933105
440.6387178,259850.0512,4203127.024,3626.958252
440.6693686,259850.0321,4203127,3626.987061
440.7000194,259850.0129,4203126.976,3627.014648
440.7306702,259849.9938,4203126.952,3627.039795
440.761321,259849.9746,4203126.928,3627.054688
440.7919718,259849.9555,4203126.904,3627.077148
440.8226226,259849.9363,4203126.88,3627.094971
440.8532734,259849.9172,4203126.856,3627.108643
440.8839243,259849.898,4203126.833,3627.12207
440.9145751,259849.8789,4203126.809,3627.131592
440.9452259,259849.8597,4203126.785,3627.146973
440.9758767,259849.8406,4203126.761,3627.161865
441.0065275,259849.8214,4203126.737,3627.175537
441.0371783,259849.8023,4203126.713,3627.189209
441.0678291,259849.7832,4203126.689,3627.20459
441.0984799,259849.764,4203126.665,3627.215576
441.1291307,259849.7449,4203126.641,3627.232666
441.1597815,259849.7257,4203126.617,3627.249023
441.1904323,259849.7066,4203126.593,3627.26709
441.2210831,259849.6874,4203126.569,3627.288574
441.251734,259849.6683,4203126.545,3627.302246
441.2823848,259849.6491,4203126.521,3627.323242
441.3130356,259849.63,4203126.497,3627.344238
441.3436864,259849.6108,4203126.474,3627.365234
441.3743372,259849.5917,4203126.45,3627.383789
441.404988,259849.5725,4203126.426,3627.393799
441.4356388,259849.5534,4203126.402,3627.408203
441.4662896,259849.5342,4203126.378,3627.418945
441.4969404,259849.5151,4203126.354,3627.42749
441.5275912,259849.4959,4203126.33,3627.435059
441.558242,259849.4768,4203126.306,3627.439209
441.5888929,259849.4576,4203126.282,3627.446289
441.6195437,259849.4385,4203126.258,3627.457031
441.6501945,259849.4193,4203126.234,3627.469727
441.6808453,259849.4002,4203126.21,3627.488037
441.7114961,259849.3811,4203126.186,3627.501709
441.7421469,259849.3619,4203126.162,3627.523438
441.7727977,259849.3428,4203126.138,3627.541992
441.8034485,259849.3236,4203126.115,3627.555664
441.8340993,259849.3045,4203126.091,3627.567139
441.8647501,259849.2853,4203126.067,3627.571533
441.8954009,259849.2662,4203126.043,3627.575928
441.9260517,259849.247,4203126.019,3627.584961
441.9567026,259849.2279,4203125.995,3627.601563
441.9873534,259849.2087,4203125.971,3627.618652
442.0180042,259849.1896,4203125.947,3627.629883
442.048655,259849.1704,4203125.923,3627.650146
442.0793058,259849.1513,4203125.899,3627.667236
442.1099566,259849.1321,4203125.875,3627.678711
442.1406074,259849.113,4203125.851,3627.688965
442.1712582,259849.0938,4203125.827,3627.694092
442.201909,259849.0747,4203125.803,3627.701172
442.2325598,259849.0555,4203125.779,3627.707031
442.2632106,259849.0364,4203125.755,3627.716064
442.2938615,259849.0173,4203125.732,3627.72998
442.3245123,259848.9981,4203125.708,3627.743652
442.3551631,259848.979,4203125.684,3627.764648
442.3858139,259848.9598,4203125.66,3627.789063
442.4164647,259848.9407,4203125.636,3627.811768
442.4471155,259848.9215,4203125.612,3627.826904
442.4777663,259848.9024,4203125.588,3627.835449
442.5084171,259848.8832,4203125.564,3627.842285
442.5390679,259848.8641,4203125.54,3627.846436
442.5697187,259848.8449,4203125.516,3627.850098
442.6003695,259848.8258,4203125.492,3627.855469
442.6310203,259848.8066,4203125.468,3627.864258
442.6616712,259848.7875,4203125.444,3627.875732
442.692322,259848.7683,4203125.42,3627.888184
442.7229728,259848.7492,4203125.396,3627.900391
442.7536236,259848.73,4203125.373,3627.914063
442.7842744,259848.7109,4203125.349,3627.929932
442.8149252,259848.6917,4203125.325,3627.942627
442.845576,259848.6726,4203125.301,3627.953857
442.8762268,259848.6535,4203125.277,3627.963379
442.9068776,259848.6343,4203125.253,3627.969238
442.9375284,259848.6152,4203125.229,3627.974365
442.9681792,259848.596,4203125.205,3627.97998
442.9988301,259848.5769,4203125.181,3627.984863
443.0294809,259848.5577,4203125.157,3627.990234
443.0601317,259848.5386,4203125.133,3627.99707
443.0907825,259848.5194,4203125.109,3628.004395
443.1214333,259848.5003,4203125.085,3628.01416
443.1520841,259848.4811,4203125.061,3628.025879
443.1827349,259848.462,4203125.037,3628.042236
443.2133857,259848.4428,4203125.014,3628.064697
443.2440365,259848.4237,4203124.99,3628.084473
443.2746873,259848.4045,4203124.966,3628.105713
443.3053381,259848.3854,4203124.942,3628.124756
443.335989,259848.3662,4203124.918,3628.141846
443.3666398,259848.3471,4203124.894,3628.15332
443.3972906,259848.3279,4203124.87,3628.159424
443.4279414,259848.3088,4203124.846,3628.166992
443.4585922,259848.2897,4203124.822,3628.179688
443.489243,259848.2705,4203124.798,3628.19458
443.5198938,259848.2514,4203124.774,3628.210205
443.5505446,259848.2322,4203124.75,3628.223633
443.5811954,259848.2131,4203124.726,3628.241455
443.6118462,259848.1939,4203124.702,3628.258301
443.642497,259848.1748,4203124.678,3628.273926
443.6731478,259848.1556,4203124.655,3628.289795
443.7037987,259848.1365,4203124.631,3628.299072
443.7344495,259848.1173,4203124.607,3628.309814
443.7651003,259848.0982,4203124.583,3628.320068
443.7957511,259848.079,4203124.559,3628.329834
443.8264019,259848.0599,4203124.535,3628.342529
443.8570527,259848.0407,4203124.511,3628.352539
443.8877035,259848.0216,4203124.487,3628.369629
443.9183543,259848.0024,4203124.463,3628.389404
443.9490051,259847.9833,4203124.439,3628.412842
443.9796559,259847.9641,4203124.415,3628.437256
444.0103067,259847.945,4203124.391,3628.463135
444.0409576,259847.9259,4203124.367,3628.479004
444.0716084,259847.9067,4203124.343,3628.501465
444.1022592,259847.8876,4203124.319,3628.520996
444.13291,259847.8684,4203124.296,3628.54126
444.1635608,259847.8493,4203124.272,3628.562012
444.1942116,259847.8301,4203124.248,3628.572754
444.2248624,259847.811,4203124.224,3628.593018
444.2555132,259847.7918,4203124.2,3628.612793
444.286164,259847.7727,4203124.176,3628.630371
444.3168148,259847.7535,4203124.152,3628.645752
444.3474656,259847.7344,4203124.128,3628.654297
444.3781164,259847.7152,4203124.104,3628.669434
444.4087673,259847.6961,4203124.08,3628.685791
444.4394181,259847.6769,4203124.056,3628.701904
444.4700689,259847.6578,4203124.032,3628.718506
444.5007197,259847.6386,4203124.008,3628.727051
444.5313705,259847.6195,4203123.984,3628.744141
444.5620213,259847.6003,4203123.96,3628.759766
444.5926721,259847.5812,4203123.936,3628.776611
444.6233229,259847.5621,4203123.913,3628.791016
444.6539737,259847.5429,4203123.889,3628.799072
444.6846245,259847.5238,4203123.865,3628.813965
444.7152753,259847.5046,4203123.841,3628.830322
444.7459262,259847.4855,4203123.817,3628.853271
444.776577,259847.4663,4203123.793,3628.880127
444.8072278,259847.4472,4203123.769,3628.895752
444.8378786,259847.428,4203123.745,3628.92334
444.8685294,259847.4089,4203123.721,3628.946045
444.8991802,259847.3897,4203123.697,3628.96582
444.929831,259847.3706,4203123.673,3628.979004
444.9604818,259847.3514,4203123.649,3628.984131
444.9911326,259847.3323,4203123.625,3628.990479
445.0217834,259847.3131,4203123.601,3628.998291
445.0524342,259847.294,4203123.577,3629.007813
445.0830851,259847.2748,4203123.554,3629.02002
445.1137359,259847.2557,4203123.53,3629.029785
445.1443867,259847.2365,4203123.506,3629.05127
445.1750375,259847.2174,4203123.482,3629.082764
445.2056883,259847.1983,4203123.458,3629.118896
445.2363391,259847.1791,4203123.434,3629.15918
445.2669899,259847.16,4203123.41,3629.174561
445.2976407,259847.1408,4203123.386,3629.192871
445.3282915,259847.1217,4203123.362,3629.204834
445.3589423,259847.1025,4203123.338,3629.214844
445.3895931,259847.0834,4203123.314,3629.222412
445.4202439,259847.0642,4203123.29,3629.226318
445.4508948,259847.0451,4203123.266,3629.236084
445.4815456,259847.0259,4203123.242,3629.249756
445.5121964,259847.0068,4203123.218,3629.265869
445.5428472,259846.9876,4203123.195,3629.280762
445.573498,259846.9685,4203123.171,3629.28833
445.6041488,259846.9493,4203123.147,3629.297852
445.6347996,259846.9302,4203123.123,3629.303955
445.6654504,259846.911,4203123.099,3629.310547
445.6961012,259846.8919,4203123.075,3629.317383
445.726752,259846.8727,4203123.051,3629.32373
445.7574028,259846.8536,4203123.027,3629.342529
445.7880537,259846.8344,4203123.003,3629.369385
445.8187045,259846.8153,4203122.979,3629.404785
445.8493553,259846.7962,4203122.955,3629.443604
445.8800061,259846.777,4203122.931,3629.462158
445.9106569,259846.7579,4203122.907,3629.481934
445.9413077,259846.7387,4203122.883,3629.495117
445.9719585,259846.7196,4203122.859,3629.505127
446.0026093,259846.7004,4203122.836,3629.514404
446.0332601,259846.6813,4203122.812,3629.520264
446.0639109,259846.6621,4203122.788,3629.531006
446.0945617,259846.643,4203122.764,3629.542725
446.1252125,259846.6238,4203122.74,3629.556885
446.1558634,259846.6047,4203122.716,3629.573486
446.1865142,259846.5855,4203122.692,3629.582764
446.217165,259846.5664,4203122.668,3629.601807
446.2478158,259846.5472,4203122.644,3629.622803
446.2784666,259846.5281,4203122.62,3629.64209
446.3091174,259846.5089,4203122.596,3629.655273
446.3409205,259846.488,4203122.572,3629.666748
446.3727236,259846.4671,4203122.548,3629.672607
446.4045267,259846.4461,4203122.524,3629.682373
446.4363297,259846.4252,4203122.5,3629.691406
446.4681328,259846.4042,4203122.476,3629.699463
446.4999359,259846.3833,4203122.453,3629.71167
446.531739,259846.3623,4203122.429,3629.727051
446.5635421,259846.3414,4203122.405,3629.746826
446.5953452,259846.3205,4203122.381,3629.769287
446.6271483,259846.2995,4203122.357,3629.78125
446.6589513,259846.2786,4203122.333,3629.797852
446.6907544,259846.2576,4203122.309,3629.810059
446.7225575,259846.2367,4203122.285,3629.821533
446.7543606,259846.2157,4203122.261,3629.830322
446.7861637,259846.1948,4203122.237,3629.84082
446.8179668,259846.1739,4203122.213,3629.851074
446.8497698,259846.1529,4203122.189,3629.861328
446.8815729,259846.132,4203122.165,3629.871094
446.913376,259846.111,4203122.141,3629.893555
446.9451791,259846.0901,4203122.117,3629.916992
446.9769822,259846.0692,4203122.094,3629.943115
447.0087853,259846.0482,4203122.07,3629.974365
447.0405884,259846.0273,4203122.046,3630.002441
447.0723914,259846.0063,4203122.022,3630.024414
447.1041945,259845.9854,4203121.998,3630.036865
447.1359976,259845.9644,4203121.974,3630.044922
447.1678007,259845.9435,4203121.95,3630.057129
447.1996038,259845.9226,4203121.926,3630.067383
447.2314069,259845.9016,4203121.902,3630.077393
447.2632099,259845.8807,4203121.878,3630.087158
447.295013,259845.8597,4203121.854,3630.096191
447.3268161,259845.8388,4203121.83,3630.105469
447.3586192,259845.8178,4203121.806,3630.114258
447.3904223,259845.7969,4203121.782,3630.121582
447.4222254,259845.776,4203121.758,3630.126465
447.4540285,259845.755,4203121.735,3630.134033
447.4858315,259845.7341,4203121.711,3630.141113
447.5176346,259845.7131,4203121.687,3630.149658
447.5494377,259845.6922,4203121.663,3630.158203
447.5812408,259845.6712,4203121.639,3630.166992
447.6130439,259845.6503,4203121.615,3630.175293
447.644847,259845.6294,4203121.591,3630.183105
447.6766501,259845.6084,4203121.567,3630.187988
447.7084531,259845.5875,4203121.543,3630.194092
447.7402562,259845.5665,4203121.519,3630.202637
447.7720593,259845.5456,4203121.495,3630.216064
447.8038624,259845.5246,4203121.471,3630.231934
447.8356655,259845.5037,4203121.447,3630.246826
447.8674686,259845.4828,4203121.423,3630.262207
447.8992716,259845.4618,4203121.399,3630.276855
447.9310747,259845.4409,4203121.376,3630.284424
447.9628778,259845.4199,4203121.352,3630.294189
447.9946809,259845.399,4203121.328,3630.303223
448.026484,259845.378,4203121.304,3630.312744
448.0582871,259845.3571,4203121.28,3630.324219
448.0900902,259845.3362,4203121.256,3630.336426
448.1218932,259845.3152,4203121.232,3630.349854
448.1536963,259845.2943,4203121.208,3630.366699
448.1854994,259845.2733,4203121.184,3630.37793
448.2173025,259845.2524,4203121.16,3630.397949
448.2491056,259845.2315,4203121.136,3630.416992
448.2809087,259845.2105,4203121.112,3630.437256
448.3127118,259845.1896,4203121.088,3630.45459
448.3445148,259845.1686,4203121.064,3630.470703
448.3763179,259845.1477,4203121.04,3630.486572
448.408121,259845.1267,4203121.017,3630.503906
448.4399241,259845.1058,4203120.993,3630.514404
448.4717272,259845.0849,4203120.969,3630.528809
448.5035303,259845.0639,4203120.945,3630.55249
448.5353333,259845.043,4203120.921,3630.564697
448.5671364,259845.022,4203120.897,3630.576904
448.5989395,259845.0011,4203120.873,3630.587646
448.6307426,259844.9801,4203120.849,3630.599365
448.6625457,259844.9592,4203120.825,3630.612793
448.6943488,259844.9383,4203120.801,3630.621582
448.7261519,259844.9173,4203120.777,3630.636963
448.7579549,259844.8964,4203120.753,3630.650635
448.789758,259844.8754,4203120.729,3630.666016
448.8215611,259844.8545,4203120.705,3630.680176
448.8533642,259844.8335,4203120.681,3630.692627
448.8851673,259844.8126,4203120.657,3630.704102
448.9169704,259844.7917,4203120.634,3630.714355
448.9487735,259844.7707,4203120.61,3630.720703
448.9805765,259844.7498,4203120.586,3630.728027
449.0123796,259844.7288,4203120.562,3630.73584
449.0441827,259844.7079,4203120.538,3630.744385
449.0759858,259844.6869,4203120.514,3630.754883
449.1077889,259844.666,4203120.49,3630.766846
449.139592,259844.6451,4203120.466,3630.780762
449.171395,259844.6241,4203120.442,3630.796143
449.2031981,259844.6032,4203120.418,3630.810303
449.2350012,259844.5822,4203120.394,3630.817627
449.2668043,259844.5613,4203120.37,3630.828857
449.2986074,259844.5404,4203120.346,3630.838623
449.3304105,259844.5194,4203120.322,3630.848633
449.3622136,259844.4985,4203120.298,3630.859863
449.3940166,259844.4775,4203120.275,3630.874512
449.4258197,259844.4566,4203120.251,3630.89209
449.4576228,259844.4356,4203120.227,3630.911377
449.4894259,259844.4147,4203120.203,3630.924805
449.521229,259844.3938,4203120.179,3630.946777
449.5530321,259844.3728,4203120.155,3630.966553
449.5848352,259844.3519,4203120.131,3630.986084
449.6166382,259844.3309,4203120.107,3631.003418
449.6484413,259844.31,4203120.083,3631.02124
449.6802444,259844.289,4203120.059,3631.037354
449.7120475,259844.2681,4203120.035,3631.052002
449.7438506,259844.2472,4203120.011,3631.060547
449.7756537,259844.2262,4203119.987,3631.074463
449.8074567,259844.2053,4203119.963,3631.088135
449.8392598,259844.1843,4203119.939,3631.100098
449.8710629,259844.1634,4203119.916,3631.108887
449.902866,259844.1424,4203119.892,3631.116455
449.9346691,259844.1215,4203119.868,3631.123535
449.9664722,259844.1006,4203119.844,3631.130859
449.9982753,259844.0796,4203119.82,3631.135742
450.0300783,259844.0587,4203119.796,3631.143311
450.0618814,259844.0377,4203119.772,3631.152344
450.0936845,259844.0168,4203119.748,3631.165039
450.1254876,259843.9958,4203119.724,3631.18042
450.1572907,259843.9749,4203119.7,3631.198975
450.1890938,259843.954,4203119.676,3631.21582
450.2208968,259843.933,4203119.652,3631.233154
450.2526999,259843.9121,4203119.628,3631.24585
450.284503,259843.8911,4203119.604,3631.262695
450.3163061,259843.8702,4203119.58,3631.2771
450.3481092,259843.8492,4203119.557,3631.29248
450.3799123,259843.8283,4203119.533,3631.305664
450.4117154,259843.8074,4203119.509,3631.318604
450.4435184,259843.7864,4203119.485,3631.330322
450.4753215,259843.7655,4203119.461,3631.344727
450.5071246,259843.7445,4203119.437,3631.355713
450.5389277,259843.7236,4203119.413,3631.371338
450.5707308,259843.7027,4203119.389,3631.388916
450.6025339,259843.6817,4203119.365,3631.409424
450.634337,259843.6608,4203119.341,3631.428223
450.66614,259843.6398,4203119.317,3631.444336
450.6979431,259843.6189,4203119.293,3631.459473
450.7297462,259843.5979,4203119.269,3631.474121
450.7615493,259843.577,4203119.245,3631.490723
450.7933524,259843.5561,4203119.221,3631.501221
450.8251555,259843.5351,4203119.198,3631.52124
450.8569585,259843.5142,4203119.174,3631.540527
450.8887616,259843.4932,4203119.15,3631.563232
450.9205647,259843.4723,4203119.126,3631.585449
450.9523678,259843.4513,4203119.102,3631.605469
450.9841709,259843.4304,4203119.078,3631.625488
451.015974,259843.4095,4203119.054,3631.64624
451.0477771,259843.3885,4203119.03,3631.656006
451.0795801,259843.3676,4203119.006,3631.668701
451.1113832,259843.3466,4203118.982,3631.679688
451.1431863,259843.3257,4203118.958,3631.690186
451.1749894,259843.3047,4203118.934,3631.699463
451.2067925,259843.2838,4203118.91,3631.708008
451.2385956,259843.2629,4203118.886,3631.717773
451.2703987,259843.2419,4203118.862,3631.729492
451.3022017,259843.221,4203118.838,3631.738525
451.3340048,259843.2,4203118.815,3631.75293
451.3658079,259843.1791,4203118.791,3631.770508
451.397611,259843.1581,4203118.767,3631.789795
451.4294141,259843.1372,4203118.743,3631.80835
451.4612172,259843.1163,4203118.719,3631.826904
451.4930202,259843.0953,4203118.695,3631.842041
451.5248233,259843.0744,4203118.671,3631.857178
451.5566264,259843.0534,4203118.647,3631.865234
451.5884295,259843.0325,4203118.623,3631.881348
451.6202326,259843.0115,4203118.599,3631.897949
451.6520357,259842.9906,4203118.575,3631.915527
451.6838388,259842.9697,4203118.551,3631.929932
451.7156418,259842.9487,4203118.527,3631.945313
451.7474449,259842.9278,4203118.503,3631.964111
451.779248,259842.9068,4203118.479,3631.981201
451.8110511,259842.8859,4203118.456,3631.991211
451.8428542,259842.865,4203118.432,3632.008789
451.8746573,259842.844,4203118.408,3632.027344
451.9064604,259842.8231,4203118.384,3632.044678
451.9382634,259842.8021,4203118.36,3632.06543
451.9700665,259842.7812,4203118.336,3632.084961
452.0018696,259842.7602,4203118.312,3632.102539
452.0336727,259842.7393,4203118.288,3632.119385
452.0654758,259842.7184,4203118.264,3632.128174
452.0972789,259842.6974,4203118.24,3632.149658
452.1290819,259842.6765,4203118.216,3632.169189
452.160885,259842.6555,4203118.192,3632.187988
452.1926881,259842.6346,4203118.168,3632.202881
452.2244912,259842.6136,4203118.144,3632.214355
452.2562943,259842.5927,4203118.12,3632.223877
452.2880974,259842.5718,4203118.097,3632.231201
452.3199005,259842.5508,4203118.073,3632.236084
452.3517035,259842.5299,4203118.049,3632.243408
452.3835066,259842.5089,4203118.025,3632.250488
452.4153097,259842.488,4203118.001,3632.258545
452.4471128,259842.467,4203117.977,3632.268555
452.4789159,259842.4461,4203117.953,3632.281006
452.510719,259842.4252,4203117.929,3632.292236
452.542522,259842.4042,4203117.905,3632.305176
452.5743251,259842.3833,4203117.881,3632.318359
452.6061282,259842.3623,4203117.857,3632.331055
452.6379313,259842.3414,4203117.833,3632.351074
452.6697344,259842.3204,4203117.809,3632.370361
452.7015375,259842.2995,4203117.785,3632.392334
452.7333406,259842.2786,4203117.761,3632.412109
452.7651436,259842.2576,4203117.738,3632.425781
452.7969467,259842.2367,4203117.714,3632.4375
452.8287498,259842.2157,4203117.69,3632.448242
452.8605529,259842.1948,4203117.666,3632.454102
452.892356,259842.1739,4203117.642,3632.465332
452.9241591,259842.1529,4203117.618,3632.477783
452.9559622,259842.132,4203117.594,3632.491455
452.9877652,259842.111,4203117.57,3632.505615
453.0195683,259842.0901,4203117.546,3632.521729
453.0513714,259842.0691,4203117.522,3632.541016
453.0831745,259842.0482,4203117.498,3632.561035
453.1149776,259842.0273,4203117.474,3632.57251
453.1467807,259842.0063,4203117.45,3632.591797
453.1785837,259841.9854,4203117.426,3632.610596
453.2103868,259841.9644,4203117.402,3632.624512
453.2421899,259841.9435,4203117.379,3632.637939
453.273993,259841.9225,4203117.355,3632.651367
453.3057961,259841.9016,4203117.331,3632.664795
453.3375992,259841.8807,4203117.307,3632.680908
453.3694023,259841.8597,4203117.283,3632.689209
453.4012053,259841.8388,4203117.259,3632.70459
453.4330084,259841.8178,4203117.235,3632.720459
453.4648115,259841.7969,4203117.211,3632.740723
453.4966146,259841.7759,4203117.187,3632.762939
453.5284177,259841.755,4203117.163,3632.785156
453.5602208,259841.7341,4203117.139,3632.806641
453.5920239,259841.7131,4203117.115,3632.82959
453.6238269,259841.6922,4203117.091,3632.841797
453.65563,259841.6712,4203117.067,3632.862549
453.6874331,259841.6503,4203117.043,3632.882324
453.7192362,259841.6293,4203117.019,3632.899658
453.7510393,259841.6084,4203116.996,3632.916748
453.7828424,259841.5875,4203116.972,3632.937012
453.8146454,259841.5665,4203116.948,3632.95752
453.8464485,259841.5456,4203116.924,3632.980469
453.8782516,259841.5246,4203116.9,3632.990234
453.9100547,259841.5037,4203116.876,3633.018555
453.9418578,259841.4827,4203116.852,3633.046387
453.9736609,259841.4618,4203116.828,3633.072021
454.005464,259841.4409,4203116.804,3633.093262
454.037267,259841.4199,4203116.78,3633.109619
454.0690701,259841.399,4203116.756,3633.12207
454.1008732,259841.378,4203116.732,3633.133789
454.1326763,259841.3571,4203116.708,3633.147705
454.1644794,259841.3362,4203116.684,3633.157471
454.1962825,259841.3152,4203116.66,3633.178467
454.2280856,259841.2943,4203116.637,3633.19873
454.2598886,259841.2733,4203116.613,3633.215332
454.2916917,259841.2524,4203116.589,3633.231689
454.3234948,259841.2314,4203116.565,3633.250488
454.3552979,259841.2105,4203116.541,3633.27002
454.387101,259841.1896,4203116.517,3633.293945
454.4189041,259841.1686,4203116.493,3633.311035
454.4507071,259841.1477,4203116.469,3633.338623
454.4825102,259841.1267,4203116.445,3633.363281
454.5143133,259841.1058,4203116.421,3633.382568
454.5461164,259841.0848,4203116.397,3633.398926
454.5779195,259841.0639,4203116.373,3633.414551
454.6097226,259841.043,4203116.349,3633.43335
454.6415257,259841.022,4203116.325,3633.452881
454.6733287,259841.0011,4203116.301,3633.471191
454.7051318,259840.9801,4203116.278,3633.49585
454.7369349,259840.9592,4203116.254,3633.517578
454.768738,259840.9382,4203116.23,3633.536865
454.8005411,259840.9173,4203116.206,3633.553223
454.8323442,259840.8964,4203116.182,3633.569336
454.8641473,259840.8754,4203116.158,3633.58374
454.8959503,259840.8545,4203116.134,3633.594727
454.9277534,259840.8335,4203116.11,3633.603027
454.9595565,259840.8126,4203116.086,3633.613525
454.9913596,259840.7916,4203116.062,3633.627686
455.0231627,259840.7707,4203116.038,3633.645996
455.0549658,259840.7498,4203116.014,3633.671631
455.0867688,259840.7288,4203115.99,3633.710205
455.1185719,259840.7079,4203115.966,3633.746338
455.150375,259840.6869,4203115.942,3633.775879
455.1821781,259840.666,4203115.919,3633.791992
455.2139812,259840.645,4203115.895,3633.815918
455.2457843,259840.6241,4203115.871,3633.835205
455.2775874,259840.6032,4203115.847,3633.851807
455.3093904,259840.5822,4203115.823,3633.86792
455.3411935,259840.5613,4203115.799,3633.884033
455.3729966,259840.5403,4203115.775,3633.905762
455.4047997,259840.5194,4203115.751,3633.930908
455.4366028,259840.4985,4203115.727,3633.944824
455.4684059,259840.4775,4203115.703,3633.973145
455.5002089,259840.4566,4203115.679,3633.999512
455.532012,259840.4356,4203115.655,3634.02417
455.5638151,259840.4147,4203115.631,3634.053223
455.5956182,259840.3937,4203115.607,3634.080566
455.6274213,259840.3728,4203115.583,3634.102539
455.6592244,259840.3519,4203115.559,3634.118652
455.6910275,259840.3309,4203115.536,3634.12793
455.7228305,259840.31,4203115.512,3634.146484
455.7546336,259840.289,4203115.488,3634.171143
455.7864367,259840.2681,4203115.464,3634.204346
455.8182398,259840.2471,4203115.44,3634.231689
455.8500429,259840.2262,4203115.416,3634.259277
455.881846,259840.2053,4203115.392,3634.286377
455.9136491,259840.1843,4203115.368,3634.310059
455.9454521,259840.1634,4203115.344,3634.325928
455.9772552,259840.1424,4203115.32,3634.33252
456.0090583,259840.1215,4203115.296,3634.342773
456.0408614,259840.1005,4203115.272,3634.354736
456.0726645,259840.0796,4203115.248,3634.369385
456.1044676,259840.0587,4203115.224,3634.387451
456.1362706,259840.0377,4203115.2,3634.416016
456.1680737,259840.0168,4203115.177,3634.454102
456.1998768,259839.9958,4203115.153,3634.487061
456.2316799,259839.9749,4203115.129,3634.508545
456.263483,259839.9539,4203115.105,3634.5354
456.2952861,259839.933,4203115.081,3634.561035
456.3270892,259839.9121,4203115.057,3634.585449
456.3588922,259839.8911,4203115.033,3634.602051
456.3906953,259839.8702,4203115.009,3634.613037
456.4224984,259839.8492,4203114.985,3634.623291
456.4543015,259839.8283,4203114.961,3634.632324
456.4861046,259839.8074,4203114.937,3634.641113
456.5179077,259839.7864,4203114.913,3634.652832
456.5497108,259839.7655,4203114.889,3634.665527
456.5815138,259839.7445,4203114.865,3634.681396
456.6133169,259839.7236,4203114.841,3634.698975
456.64512,259839.7026,4203114.818,3634.718018
456.6769231,259839.6817,4203114.794,3634.737305
456.7087262,259839.6608,4203114.77,3634.75415
456.7405293,259839.6398,4203114.746,3634.766357
456.7723323,259839.6189,4203114.722,3634.776367
456.8041354,259839.5979,4203114.698,3634.784912
456.8359385,259839.577,4203114.674,3634.791992
456.8677416,259839.556,4203114.65,3634.800537
456.8995447,259839.5351,4203114.626,3634.813965
456.9313478,259839.5142,4203114.602,3634.828369
456.9631509,259839.4932,4203114.578,3634.84668
456.9949539,259839.4723,4203114.554,3634.864746
457.026757,259839.4513,4203114.53,3634.88623
457.0585601,259839.4304,4203114.506,3634.904053
457.0903632,259839.4094,4203114.482,3634.91626
457.1221663,259839.3885,4203114.459,3634.931396
457.1539694,259839.3676,4203114.435,3634.952637
457.1857725,259839.3466,4203114.411,3634.969971
457.2175755,259839.3257,4203114.387,3634.987549
457.2493786,259839.3047,4203114.363,3635.001221
457.2811817,259839.2838,4203114.339,3635.025391
457.3129848,259839.2628,4203114.315,3635.050049
457.3447879,259839.2419,4203114.291,3635.074219
457.376591,259839.221,4203114.267,3635.099854
457.408394,259839.2,4203114.243,3635.128418
457.4401971,259839.1791,4203114.219,3635.149658
457.4720002,259839.1581,4203114.195,3635.169434
457.5038033,259839.1372,4203114.171,3635.188721
457.5369814,259839.1142,4203114.147,3635.202148
457.5701595,259839.0912,4203114.123,3635.218262
457.6033376,259839.0683,4203114.1,3635.233398
457.6365157,259839.0453,4203114.076,3635.249512
457.6696938,259839.0223,4203114.052,3635.267334
457.7028719,259838.9993,4203114.028,3635.284912
457.73605,259838.9764,4203114.004,3635.308105
457.7692281,259838.9534,4203113.98,3635.335938
457.8024062,259838.9304,4203113.956,3635.36377
457.8355843,259838.9074,4203113.932,3635.392334
457.8687624,259838.8844,4203113.908,3635.425049
457.9019405,259838.8615,4203113.884,3635.466309
457.9351186,259838.8385,4203113.86,3635.494873
457.9682967,259838.8155,4203113.836,3635.514404
458.0014748,259838.7925,4203113.812,3635.539551
458.0346529,259838.7696,4203113.788,3635.563232
458.067831,259838.7466,4203113.764,3635.58667
458.1010091,259838.7236,4203113.74,3635.612793
458.1341872,259838.7006,4203113.717,3635.640625
458.1673653,259838.6777,4203113.693,3635.663086
458.2005434,259838.6547,4203113.669,3635.690674
458.2337215,259838.6317,4203113.645,3635.71582
458.2668996,259838.6087,4203113.621,3635.735107
458.3000777,259838.5857,4203113.597,3635.750244
458.3332558,259838.5628,4203113.573,3635.762939
458.3664339,259838.5398,4203113.549,3635.7771
458.399612,259838.5168,4203113.525,3635.786377
458.4327901,259838.4938,4203113.501,3635.80249
458.4659682,259838.4709,4203113.477,3635.81958
458.4991463,259838.4479,4203113.453,3635.838867
458.5323244,259838.4249,4203113.429,3635.861084
458.5655025,259838.4019,4203113.405,3635.883545
458.5986806,259838.379,4203113.381,3635.905029
458.6318587,259838.356,4203113.358,3635.92627
458.6650368,259838.333,4203113.334,3635.955566
458.6982149,259838.31,4203113.31,3635.988037
458.731393,259838.287,4203113.286,3636.024902
458.7645711,259838.2641,4203113.262,3636.060791
458.7977492,259838.2411,4203113.238,3636.081299
458.8309273,259838.2181,4203113.214,3636.091553
458.8641054,259838.1951,4203113.19,3636.095215
458.8972835,259838.1722,4203113.166,3636.10083
458.9304616,259838.1492,4203113.142,3636.112793
458.9636397,259838.1262,4203113.118,3636.135254
458.9968178,259838.1032,4203113.094,3636.158203
459.0299959,259838.0803,4203113.07,3636.184814
459.063174,259838.0573,4203113.046,3636.207764
459.0963521,259838.0343,4203113.022,3636.227295
459.1295302,259838.0113,4203112.999,3636.244141
459.1627083,259837.9883,4203112.975,3636.259766
459.1958864,259837.9654,4203112.951,3636.273682
459.2290645,259837.9424,4203112.927,3636.286133
459.2622426,259837.9194,4203112.903,3636.298828
459.2954207,259837.8964,4203112.879,3636.306641
459.3285988,259837.8735,4203112.855,3636.318115
459.3617769,259837.8505,4203112.831,3636.330811
459.394955,259837.8275,4203112.807,3636.347656
459.4281331,259837.8045,4203112.783,3636.375244
459.4613112,259837.7816,4203112.759,3636.415527
459.4944893,259837.7586,4203112.735,3636.459229
459.5276674,259837.7356,4203112.711,3636.492188
459.5608455,259837.7126,4203112.687,3636.517578
459.5940236,259837.6896,4203112.663,3636.539063
459.6272017,259837.6667,4203112.64,3636.558105
459.6603798,259837.6437,4203112.616,3636.573486
459.6935579,259837.6207,4203112.592,3636.585205
459.726736,259837.5977,4203112.568,3636.593262
459.7599141,259837.5748,4203112.544,3636.603271
459.7930922,259837.5518,4203112.52,3636.619141
459.8262703,259837.5288,4203112.496,3636.637939
459.8594484,259837.5058,4203112.472,3636.654297
459.8926265,259837.4829,4203112.448,3636.66748
459.9258046,259837.4599,4203112.424,3636.676758
459.9589827,259837.4369,4203112.4,3636.686768
459.9921608,259837.4139,4203112.376,3636.694092
460.0253389,259837.3909,4203112.352,3636.701416
460.058517,259837.368,4203112.328,3636.708984
460.0916951,259837.345,4203112.304,3636.717773
460.1248732,259837.322,4203112.281,3636.728271
460.1580513,259837.299,4203112.257,3636.739502
460.1912294,259837.2761,4203112.233,3636.747803
460.2244075,259837.2531,4203112.209,3636.762939
460.2575856,259837.2301,4203112.185,3636.779053
460.2907637,259837.2071,4203112.161,3636.792725
460.3239418,259837.1842,4203112.137,3636.811768
460.3571199,259837.1612,4203112.113,3636.830811
460.390298,259837.1382,4203112.089,3636.851318
460.4234761,259837.1152,4203112.065,3636.892822
460.4566542,259837.0922,4203112.041,3636.922363
460.4898323,259837.0693,4203112.017,3636.949463
460.5230104,259837.0463,4203111.993,3636.979736
460.5561885,259837.0233,4203111.969,3637.00293
460.5893666,259837.0003,4203111.945,3637.018555
460.6225447,259836.9774,4203111.921,3637.031982
460.6557228,259836.9544,4203111.898,3637.047363
460.6889009,259836.9314,4203111.874,3637.068848
460.722079,259836.9084,4203111.85,3637.09375
460.7552571,259836.8855,4203111.826,3637.116943
460.7884352,259836.8625,4203111.802,3637.141846
460.8216133,259836.8395,4203111.778,3637.168701
460.8547914,259836.8165,4203111.754,3637.199951
460.8879695,259836.7935,4203111.73,3637.231201
460.9211476,259836.7706,4203111.706,3637.255371
460.9543257,259836.7476,4203111.682,3637.272949
460.9875038,259836.7246,4203111.658,3637.286621
461.0206819,259836.7016,4203111.634,3637.299805
461.05386,259836.6787,4203111.61,3637.311523
461.0870381,259836.6557,4203111.586,3637.324707
461.1202162,259836.6327,4203111.562,3637.339111
461.1533943,259836.6097,4203111.539,3637.356445
461.1865724,259836.5868,4203111.515,3637.376465
461.2197505,259836.5638,4203111.491,3637.401367
461.2529286,259836.5408,4203111.467,3637.429199
461.2861067,259836.5178,4203111.443,3637.456055
461.3192848,259836.4948,4203111.419,3637.477051
461.3524629,259836.4719,4203111.395,3637.493896
461.385641,259836.4489,4203111.371,3637.508789
461.4188191,259836.4259,4203111.347,3637.520508
461.4519972,259836.4029,4203111.323,3637.531738
461.4851753,259836.38,4203111.299,3637.544189
461.5183534,259836.357,4203111.275,3637.557861
461.5515315,259836.334,4203111.251,3637.573242
461.5847096,259836.311,4203111.227,3637.59082
461.6178877,259836.2881,4203111.203,3637.606445
461.6510658,259836.2651,4203111.18,3637.621826
461.6842439,259836.2421,4203111.156,3637.635498
461.717422,259836.2191,4203111.132,3637.647705
461.7506001,259836.1961,4203111.108,3637.663086
461.7837782,259836.1732,4203111.084,3637.678223
461.8169563,259836.1502,4203111.06,3637.697266
461.8501344,259836.1272,4203111.036,3637.717285
461.8833125,259836.1042,4203111.012,3637.738037
461.9164906,259836.0813,4203110.988,3637.760986
461.9496687,259836.0583,4203110.964,3637.782715
461.9828468,259836.0353,4203110.94,3637.81543
462.0160249,259836.0123,4203110.916,3637.846436
462.049203,259835.9894,4203110.892,3637.869141
462.0823811,259835.9664,4203110.868,3637.887939
462.1155592,259835.9434,4203110.844,3637.907715
462.1487373,259835.9204,4203110.821,3637.927979
462.1819154,259835.8974,4203110.797,3637.947021
462.2150935,259835.8745,4203110.773,3637.965088
462.2482716,259835.8515,4203110.749,3637.983643
462.2814497,259835.8285,4203110.725,3638.000977
462.3146278,259835.8055,4203110.701,3638.019287
462.3478059,259835.7826,4203110.677,3638.032227
462.380984,259835.7596,4203110.653,3638.04834
462.4141621,259835.7366,4203110.629,3638.073242
462.4473402,259835.7136,4203110.605,3638.102295
462.4805183,259835.6907,4203110.581,3638.138916
462.5136964,259835.6677,4203110.557,3638.169189
462.5468745,259835.6447,4203110.533,3638.190674
462.5800526,259835.6217,4203110.509,3638.210693
462.6132307,259835.5988,4203110.485,3638.229248
462.6464088,259835.5758,4203110.461,3638.248047
462.6795869,259835.5528,4203110.438,3638.27124
462.712765,259835.5298,4203110.414,3638.29541
462.7459431,259835.5068,4203110.39,3638.316162
462.7791212,259835.4839,4203110.366,3638.337158
462.8122993,259835.4609,4203110.342,3638.356689
462.8454774,259835.4379,4203110.318,3638.368652
462.8786555,259835.4149,4203110.294,3638.385742
462.9118336,259835.392,4203110.27,3638.405762
462.9450117,259835.369,4203110.246,3638.431885
462.9781898,259835.346,4203110.222,3638.45459
463.0113679,259835.323,4203110.198,3638.473633
463.044546,259835.3001,4203110.174,3638.491943
463.0777241,259835.2771,4203110.15,3638.509277
463.1109022,259835.2541,4203110.126,3638.525146
463.1440803,259835.2311,4203110.102,3638.539795
463.1772584,259835.2081,4203110.079,3638.553955
463.2104365,259835.1852,4203110.055,3638.570068
463.2436146,259835.1622,4203110.031,3638.589111
463.2767927,259835.1392,4203110.007,3638.608887
463.3099708,259835.1162,4203109.983,3638.629639
463.3431489,259835.0933,4203109.959,3638.651367
463.376327,259835.0703,4203109.935,3638.669434
463.4095051,259835.0473,4203109.911,3638.685791
463.4426832,259835.0243,4203109.887,3638.702148
463.4758613,259835.0014,4203109.863,3638.716553
463.5090394,259834.9784,4203109.839,3638.729736
463.5422175,259834.9554,4203109.815,3638.742432
463.5753956,259834.9324,4203109.791,3638.755371
463.6085737,259834.9094,4203109.767,3638.770508
463.6417518,259834.8865,4203109.743,3638.787842
463.6749299,259834.8635,4203109.72,3638.806885
463.708108,259834.8405,4203109.696,3638.827393
463.7412861,259834.8175,4203109.672,3638.839111
463.7744642,259834.7946,4203109.648,3638.859375
463.8076423,259834.7716,4203109.624,3638.877197
463.8408204,259834.7486,4203109.6,3638.892578
463.8739985,259834.7256,4203109.576,3638.906006
463.9071766,259834.7027,4203109.552,3638.915039
463.9403547,259834.6797,4203109.528,3638.925537
463.9735328,259834.6567,4203109.504,3638.941162
464.0067109,259834.6337,4203109.48,3638.962891
464.039889,259834.6107,4203109.456,3638.986816
464.0730671,259834.5878,4203109.432,3639.008545
464.1062452,259834.5648,4203109.408,3639.029541
464.1394233,259834.5418,4203109.384,3639.052734
464.1726014,259834.5188,4203109.361,3639.075195
464.2057795,259834.4959,4203109.337,3639.098633
464.2389576,259834.4729,4203109.313,3639.120361
464.2721357,259834.4499,4203109.289,3639.139648
464.3053138,259834.4269,4203109.265,3639.15625
464.3384919,259834.404,4203109.241,3639.172119
464.37167,259834.381,4203109.217,3639.189697
464.4048481,259834.358,4203109.193,3639.209229
464.4380262,259834.335,4203109.169,3639.231934
464.4712043,259834.312,4203109.145,3639.25293
464.5043824,259834.2891,4203109.121,3639.271729
464.5375605,259834.2661,4203109.097,3639.293213
464.5707386,259834.2431,4203109.073,3639.314941
464.6039167,259834.2201,4203109.049,3639.334961
464.6370948,259834.1972,4203109.025,3639.36377
464.6702729,259834.1742,4203109.002,3639.390137
464.703451,259834.1512,4203108.978,3639.415527
464.7366291,259834.1282,4203108.954,3639.439941
464.7698072,259834.1053,4203108.93,3639.464844
464.8029853,259834.0823,4203108.906,3639.489502
464.8361634,259834.0593,4203108.882,3639.511475
464.8693415,259834.0363,4203108.858,3639.528564
464.9025196,259834.0133,4203108.834,3639.544434
464.9356977,259833.9904,4203108.81,3639.556641
464.9688758,259833.9674,4203108.786,3639.564209
465.0020539,259833.9444,4203108.762,3639.571533
465.035232,259833.9214,4203108.738,3639.580811
465.0684101,259833.8985,4203108.714,3639.590332
465.1015882,259833.8755,4203108.69,3639.60791
465.1347663,259833.8525,4203108.666,3639.633057
465.1679444,259833.8295,4203108.642,3639.657471
465.2011225,259833.8066,4203108.619,3639.678223
465.2343006,259833.7836,4203108.595,3639.694092
465.2674787,259833.7606,4203108.571,3639.705322
465.3006568,259833.7376,4203108.547,3639.721436
465.3338349,259833.7146,4203108.523,3639.741699
465.367013,259833.6917,4203108.499,3639.761475
465.4001911,259833.6687,4203108.475,3639.783447
465.4333692,259833.6457,4203108.451,3639.810303
465.4665473,259833.6227,4203108.427,3639.838379
465.4997254,259833.5998,4203108.403,3639.857178
465.5329035,259833.5768,4203108.379,3639.877197
465.5660816,259833.5538,4203108.355,3639.89502
465.5992597,259833.5308,4203108.331,3639.907227
465.6324378,259833.5079,4203108.307,3639.922119
465.6656159,259833.4849,4203108.283,3639.945068
465.698794,259833.4619,4203108.26,3639.968994
465.7319721,259833.4389,4203108.236,3639.992432
465.7651502,259833.4159,4203108.212,3640.022217
465.7983283,259833.393,4203108.188,3640.051514
465.8315064,259833.37,4203108.164,3640.070557
465.8646845,259833.347,4203108.14,3640.088135
465.8978626,259833.324,4203108.116,3640.106445
465.9310407,259833.3011,4203108.092,3640.125
465.9642188,259833.2781,4203108.068,3640.14502
465.9973969,259833.2551,4203108.044,3640.16626
466.030575,259833.2321,4203108.02,3640.187988
466.0637531,259833.2092,4203107.996,3640.206787
466.0969312,259833.1862,4203107.972,3640.223389
466.1301093,259833.1632,4203107.948,3640.237793
466.1632874,259833.1402,4203107.924,3640.250732
466.1964655,259833.1172,4203107.901,3640.263672
466.2296436,259833.0943,4203107.877,3640.278076
466.2628217,259833.0713,4203107.853,3640.295898
466.2959998,259833.0483,4203107.829,3640.317139
466.3291779,259833.0253,4203107.805,3640.339844
466.362356,259833.0024,4203107.781,3640.362549
466.3955341,259832.9794,4203107.757,3640.372803
466.4287122,259832.9564,4203107.733,3640.393066
466.4618903,259832.9334,4203107.709,3640.412598
466.4950684,259832.9105,4203107.685,3640.428711
466.5282465,259832.8875,4203107.661,3640.443359
466.5614246,259832.8645,4203107.637,3640.460449
466.5946027,259832.8415,4203107.613,3640.481934
466.6277808,259832.8185,4203107.589,3640.511475
466.6539294,259832.7946,4203107.579,3640.520752
466.6800781,259832.7707,4203107.568,3640.54834
466.7062267,259832.7467,4203107.558,3640.554932
466.7323754,259832.7228,4203107.547,3640.580811
466.758524,259832.6989,4203107.537,3640.588623
466.7846727,259832.6749,4203107.526,3640.613281
466.8108214,259832.651,4203107.516,3640.62085
466.83697,259832.6271,4203107.505,3640.645264
466.8631187,259832.6031,4203107.495,3640.654785
466.8892673,259832.5792,4203107.484,3640.664795
466.915416,259832.5553,4203107.474,3640.695068
466.9415647,259832.5313,4203107.463,3640.705566
466.9677133,259832.5074,4203107.452,3640.732178
466.993862,259832.4835,4203107.442,3640.740723
467.0200106,259832.4595,4203107.431,3640.761475
467.0461593,259832.4356,4203107.421,3640.767334
467.072308,259832.4117,4203107.41,3640.789307
467.0984566,259832.3877,4203107.4,3640.796387
467.1246053,259832.3638,4203107.389,3640.803223
467.1507539,259832.3399,4203107.379,3640.830078
467.1769026,259832.3159,4203107.368,3640.840576
467.2030512,259832.292,4203107.358,3640.875977
467.2291999,259832.2681,4203107.347,3640.888916
467.2553486,259832.2441,4203107.337,3640.936035
467.2814972,259832.2202,4203107.326,3640.955078
467.3076459,259832.1963,4203107.316,3640.974854
467.3337945,259832.1723,4203107.305,3641.015869
467.3599432,259832.1484,4203107.295,3641.030273
467.3860919,259832.1245,4203107.284,3641.057617
467.4122405,259832.1005,4203107.273,3641.069336
467.4383892,259832.0766,4203107.263,3641.088867
467.4645378,259832.0527,4203107.252,3641.0979
467.4906865,259832.0287,4203107.242,3641.112793
467.5168352,259832.0048,4203107.231,3641.12085
467.5429838,259831.9808,4203107.221,3641.129395
467.5691325,259831.9569,4203107.21,3641.145508
467.5952811,259831.933,4203107.2,3641.156738
467.6214298,259831.909,4203107.189,3641.175293
467.6475784,259831.8851,4203107.179,3641.189209
467.6737271,259831.8612,4203107.168,3641.208984
467.6998758,259831.8372,4203107.158,3641.2229
467.7260244,259831.8133,4203107.147,3641.240967
467.7521731,259831.7894,4203107.137,3641.25293
467.7783217,259831.7654,4203107.126,3641.262451
467.8044704,259831.7415,4203107.115,3641.275391
467.8306191,259831.7176,4203107.105,3641.283936
467.8567677,259831.6936,4203107.094,3641.297363
467.8829164,259831.6697,4203107.084,3641.309082
467.909065,259831.6458,4203107.073,3641.328125
467.9352137,259831.6218,4203107.063,3641.342529
467.9613624,259831.5979,4203107.052,3641.35791
467.987511,259831.574,4203107.042,3641.365479
468.0136597,259831.55,4203107.031,3641.368652
468.0398083,259831.5261,4203107.021,3641.372803
468.065957,259831.5022,4203107.01,3641.374756
468.0921056,259831.4782,4203107,3641.378418
468.1182543,259831.4543,4203106.989,3641.379639
468.144403,259831.4304,4203106.979,3641.38208
468.1705516,259831.4064,4203106.968,3641.384033
468.1967003,259831.3825,4203106.958,3641.385986
468.2228489,259831.3586,4203106.947,3641.394287
468.2489976,259831.3346,4203106.936,3641.398438
468.2751463,259831.3107,4203106.926,3641.407959
468.3012949,259831.2868,4203106.915,3641.411621
468.3274436,259831.2628,4203106.905,3641.419434
468.3535922,259831.2389,4203106.894,3641.421387
468.3797409,259831.215,4203106.884,3641.431885
468.4058896,259831.191,4203106.873,3641.435303
468.4320382,259831.1671,4203106.863,3641.439697
468.4581869,259831.1431,4203106.852,3641.457764
468.4843355,259831.1192,4203106.842,3641.464844
468.5104842,259831.0953,4203106.831,3641.492432
468.5366328,259831.0713,4203106.821,3641.50293
468.5627815,259831.0474,4203106.81,3641.532715
468.5889302,259831.0235,4203106.8,3641.542725
468.6150788,259830.9995,4203106.789,3641.568848
468.6412275,259830.9756,4203106.778,3641.574463
468.6673761,259830.9517,4203106.768,3641.580566
468.6935248,259830.9277,4203106.757,3641.5979
468.7196735,259830.9038,4203106.747,3641.601318
468.7458221,259830.8799,4203106.736,3641.615723
468.7719708,259830.8559,4203106.726,3641.619873
468.7981194,259830.832,4203106.715,3641.631592