x,E,N,z
0,255240.374,4208517.181,3751.730713
0.031464055,255240.3466,4208517.196,3751.746582
0.062928111,255240.3192,4208517.211,3751.769775
0.094392166,255240.2918,4208517.227,3751.784912
0.125856221,255240.2643,4208517.242,3751.805908
0.157320276,255240.2369,4208517.258,3751.820801
0.188784332,255240.2095,4208517.273,3751.840088
0.220248387,255240.1821,4208517.289,3751.852783
0.251712442,255240.1546,4208517.304,3751.87085
0.283176497,255240.1272,4208517.319,3751.889404
0.314640553,255240.0998,4208517.335,3751.901123
0.346104608,255240.0724,4208517.35,3751.918701
0.377568663,255240.045,4208517.366,3751.930908
0.409032719,255240.0175,4208517.381,3751.949951
0.440496774,255239.9901,4208517.397,3751.962646
0.471960829,255239.9627,4208517.412,3751.98291
0.503424884,255239.9353,4208517.427,3752.001709
0.53488894,255239.9078,4208517.443,3752.012695
0.566352995,255239.8804,4208517.458,3752.031738
0.59781705,255239.853,4208517.474,3752.04248
0.629281105,255239.8256,4208517.489,3752.060059
0.660745161,255239.7981,4208517.505,3752.069824
0.692209216,255239.7707,4208517.52,3752.085205
0.723673271,255239.7433,4208517.535,3752.093506
0.755137327,255239.7159,4208517.551,3752.107422
0.786601382,255239.6885,4208517.566,3752.120117
0.818065437,255239.661,4208517.582,3752.127441
0.849529492,255239.6336,4208517.597,3752.139404
0.880993548,255239.6062,4208517.613,3752.146484
0.912457603,255239.5788,4208517.628,3752.157471
0.943921658,255239.5513,4208517.643,3752.163574
0.975385714,255239.5239,4208517.659,3752.174072
1.006849769,255239.4965,4208517.674,3752.183594
1.038313824,255239.4691,4208517.69,3752.187744
1.069777879,255239.4416,4208517.705,3752.197266
1.101241935,255239.4142,4208517.72,3752.200928
1.13270599,255239.3868,4208517.736,3752.210449
1.164170045,255239.3594,4208517.751,3752.215088
1.1956341,255239.3319,4208517.767,3752.228271
1.227098156,255239.3045,4208517.782,3752.233398
1.258562211,255239.2771,4208517.798,3752.249512
1.290026266,255239.2497,4208517.813,3752.268066
1.321490322,255239.2223,4208517.828,3752.274902
1.352954377,255239.1948,4208517.844,3752.293457
1.384418432,255239.1674,4208517.859,3752.299072
1.415882487,255239.14,4208517.875,3752.316895
1.447346543,255239.1126,4208517.89,3752.321533
1.478810598,255239.0851,4208517.906,3752.334961
1.510274653,255239.0577,4208517.921,3752.344971
1.541738708,255239.0303,4208517.936,3752.346924
1.573202764,255239.0029,4208517.952,3752.353516
1.604666819,255238.9754,4208517.967,3752.35498
1.636130874,255238.948,4208517.983,3752.361572
1.66759493,255238.9206,4208517.998,3752.362061
1.699058985,255238.8932,4208518.014,3752.368408
1.73052304,255238.8658,4208518.029,3752.368652
1.761987095,255238.8383,4208518.044,3752.375
1.793451151,255238.8109,4208518.06,3752.38208
1.824915206,255238.7835,4208518.075,3752.382324
1.856379261,255238.7561,4208518.091,3752.390137
1.887843316,255238.7286,4208518.106,3752.390625
1.919307372,255238.7012,4208518.122,3752.398926
1.950771427,255238.6738,4208518.137,3752.39917
1.982235482,255238.6464,4208518.152,3752.407959
2.013699538,255238.6189,4208518.168,3752.416992
2.045163593,255238.5915,4208518.183,3752.417236
2.076627648,255238.5641,4208518.199,3752.427002
2.108091703,255238.5367,4208518.214,3752.42749
2.139555759,255238.5092,4208518.23,3752.436279
2.171019814,255238.4818,4208518.245,3752.436768
2.202483869,255238.4544,4208518.26,3752.445801
2.233947924,255238.427,4208518.276,3752.454102
2.26541198,255238.3996,4208518.291,3752.454346
2.296876035,255238.3721,4208518.307,3752.462402
2.32834009,255238.3447,4208518.322,3752.462891
2.359804146,255238.3173,4208518.338,3752.471191
2.391268201,255238.2899,4208518.353,3752.471924
2.422732256,255238.2624,4208518.368,3752.481689
2.454196311,255238.235,4208518.384,3752.483398
2.485660367,255238.2076,4208518.399,3752.493652
2.517124422,255238.1802,4208518.415,3752.503906
2.548588477,255238.1527,4208518.43,3752.505371
2.580052533,255238.1253,4208518.445,3752.515137
2.611516588,255238.0979,4208518.461,3752.516357
2.642980643,255238.0705,4208518.476,3752.524658
2.674444698,255238.0431,4208518.492,3752.525146
2.705908754,255238.0156,4208518.507,3752.531494
2.737372809,255237.9882,4208518.523,3752.537109
2.768836864,255237.9608,4208518.538,3752.537598
2.800300919,255237.9334,4208518.553,3752.542969
2.831764975,255237.9059,4208518.569,3752.543457
2.86322903,255237.8785,4208518.584,3752.548584
2.894693085,255237.8511,4208518.6,3752.549316
2.926157141,255237.8237,4208518.615,3752.556152
2.957621196,255237.7962,4208518.631,3752.557373
2.989085251,255237.7688,4208518.646,3752.565918
3.020549306,255237.7414,4208518.661,3752.575195
3.052013362,255237.714,4208518.677,3752.578857
3.083477417,255237.6866,4208518.692,3752.591064
3.114941472,255237.6591,4208518.708,3752.595215
3.146405527,255237.6317,4208518.723,3752.610352
3.177869583,255237.6043,4208518.739,3752.615967
3.209333638,255237.5769,4208518.754,3752.632568
3.240797693,255237.5494,4208518.769,3752.647461
3.272261749,255237.522,4208518.785,3752.653076
3.303725804,255237.4946,4208518.8,3752.666504
3.335189859,255237.4672,4208518.816,3752.670654
3.366653914,255237.4397,4208518.831,3752.681885
3.39811797,255237.4123,4208518.847,3752.685303
3.429582025,255237.3849,4208518.862,3752.695557
3.46104608,255237.3575,4208518.877,3752.69751
3.492510135,255237.33,4208518.893,3752.707275
3.523974191,255237.3026,4208518.908,3752.717041
3.555438246,255237.2752,4208518.924,3752.719482
3.586902301,255237.2478,4208518.939,3752.727783
3.618366357,255237.2204,4208518.955,3752.72876
3.649830412,255237.1929,4208518.97,3752.736572
3.681294467,255237.1655,4208518.985,3752.737793
3.712758522,255237.1381,4208519.001,3752.745361
3.744222578,255237.1107,4208519.016,3752.75293
3.775686633,255237.0832,4208519.032,3752.753906
3.807150688,255237.0558,4208519.047,3752.760986
3.838614743,255237.0284,4208519.063,3752.761719
3.870078799,255237.001,4208519.078,3752.769043
3.901542854,255236.9735,4208519.093,3752.768799
3.933006909,255236.9461,4208519.109,3752.776123
3.964470965,255236.9187,4208519.124,3752.782715
3.99593502,255236.8913,4208519.14,3752.781494
4.027399075,255236.8639,4208519.155,3752.787354
4.05886313,255236.8364,4208519.171,3752.785889
4.090327186,255236.809,4208519.186,3752.790771
4.121791241,255236.7816,4208519.201,3752.788574
4.153255296,255236.7542,4208519.217,3752.793945
4.184719352,255236.7267,4208519.232,3752.790283
4.216183407,255236.6993,4208519.248,3752.794922
4.247647462,255236.6719,4208519.263,3752.798584
4.279111517,255236.6445,4208519.278,3752.794922
4.310575573,255236.617,4208519.294,3752.79834
4.342039628,255236.5896,4208519.309,3752.793701
4.373503683,255236.5622,4208519.325,3752.796143
4.404967738,255236.5348,4208519.34,3752.791016
4.436431794,255236.5073,4208519.356,3752.792236
4.467895849,255236.4799,4208519.371,3752.793457
4.499359904,255236.4525,4208519.386,3752.787598
4.53082396,255236.4251,4208519.402,3752.788574
4.562288015,255236.3977,4208519.417,3752.782471
4.59375207,255236.3702,4208519.433,3752.782715
4.625216125,255236.3428,4208519.448,3752.776611
4.656680181,255236.3154,4208519.464,3752.776611
4.688144236,255236.288,4208519.479,3752.77124
4.719608291,255236.2605,4208519.494,3752.77124
4.751072346,255236.2331,4208519.51,3752.77124
4.782536402,255236.2057,4208519.525,3752.765869
4.814000457,255236.1783,4208519.541,3752.765625
4.845464512,255236.1508,4208519.556,3752.759766
4.876928568,255236.1234,4208519.572,3752.759521
4.908392623,255236.096,4208519.587,3752.753174
4.939856678,255236.0686,4208519.602,3752.752197
4.971320733,255236.0412,4208519.618,3752.751709
5.002784789,255236.0137,4208519.633,3752.745361
5.034248844,255235.9863,4208519.649,3752.744385
5.065712899,255235.9589,4208519.664,3752.737793
5.097176954,255235.9315,4208519.68,3752.736328
5.12864101,255235.904,4208519.695,3752.729736
5.160105065,255235.8766,4208519.71,3752.728027
5.19156912,255235.8492,4208519.726,3752.72168
5.223033176,255235.8218,4208519.741,3752.720459
5.254497231,255235.7943,4208519.757,3752.718994
5.285961286,255235.7669,4208519.772,3752.712402
5.317425341,255235.7395,4208519.788,3752.71167
5.348889397,255235.7121,4208519.803,3752.705811
5.380353452,255235.6846,4208519.818,3752.705322
5.411817507,255235.6572,4208519.834,3752.700439
5.443281563,255235.6298,4208519.849,3752.700684
5.474745618,255235.6024,4208519.865,3752.701172
5.506209673,255235.575,4208519.88,3752.697021
5.537673728,255235.5475,4208519.896,3752.697998
5.569137784,255235.5201,4208519.911,3752.69458
5.600601839,255235.4927,4208519.926,3752.695801
5.632065894,255235.4653,4208519.942,3752.692627
5.663529949,255235.4378,4208519.957,3752.69458
5.694994005,255235.4104,4208519.973,3752.696289
5.72645806,255235.383,4208519.988,3752.692871
5.757922115,255235.3556,4208520.003,3752.694824
5.789386171,255235.3281,4208520.019,3752.69165
5.820850226,255235.3007,4208520.034,3752.693604
5.852314281,255235.2733,4208520.05,3752.689941
5.883778336,255235.2459,4208520.065,3752.69165
5.915242392,255235.2185,4208520.081,3752.687988
5.946706447,255235.191,4208520.096,3752.689941
5.978170502,255235.1636,4208520.111,3752.692383
6.009634557,255235.1362,4208520.127,3752.688721
6.041098613,255235.1088,4208520.142,3752.690674
6.072562668,255235.0813,4208520.158,3752.686279
6.104026723,255235.0539,4208520.173,3752.688965
6.135490779,255235.0265,4208520.189,3752.685059
6.166954834,255234.9991,4208520.204,3752.687256
6.198418889,255234.9716,4208520.219,3752.689697
6.229882944,255234.9442,4208520.235,3752.685547
6.261347,255234.9168,4208520.25,3752.6875
6.292811055,255234.8894,4208520.266,3752.682373
6.32427511,255234.862,4208520.281,3752.68457
6.355739165,255234.8345,4208520.297,3752.679199
6.387203221,255234.8071,4208520.312,3752.680176
6.418667276,255234.7797,4208520.327,3752.674072
6.450131331,255234.7523,4208520.343,3752.676025
6.481595387,255234.7248,4208520.358,3752.677002
6.513059442,255234.6974,4208520.374,3752.670898
6.544523497,255234.67,4208520.389,3752.671387
6.575987552,255234.6426,4208520.405,3752.665527
6.607451608,255234.6151,4208520.42,3752.667236
6.638915663,255234.5877,4208520.435,3752.661621
6.670379718,255234.5603,4208520.451,3752.662109
6.701843773,255234.5329,4208520.466,3752.662109
6.733307829,255234.5054,4208520.482,3752.65625
6.764771884,255234.478,4208520.497,3752.65625
6.796235939,255234.4506,4208520.513,3752.650635
6.827699995,255234.4232,4208520.528,3752.650635
6.85916405,255234.3958,4208520.543,3752.644775
6.890628105,255234.3683,4208520.559,3752.644531
6.92209216,255234.3409,4208520.574,3752.638184
6.953556216,255234.3135,4208520.59,3752.638184
6.985020271,255234.2861,4208520.605,3752.638428
7.016484326,255234.2586,4208520.621,3752.63208
7.047948382,255234.2312,4208520.636,3752.633301
7.079412437,255234.2038,4208520.651,3752.627686
7.110876492,255234.1764,4208520.667,3752.628662
7.142340547,255234.1489,4208520.682,3752.621826
7.173804603,255234.1215,4208520.698,3752.623779
7.205268658,255234.0941,4208520.713,3752.625488
7.236732713,255234.0667,4208520.728,3752.618408
7.268196768,255234.0393,4208520.744,3752.62085
7.299660824,255234.0118,4208520.759,3752.612549
7.331124879,255233.9844,4208520.775,3752.616211
7.362588934,255233.957,4208520.79,3752.607422
7.39405299,255233.9296,4208520.806,3752.609863
7.425517045,255233.9021,4208520.821,3752.613525
7.4569811,255233.8747,4208520.836,3752.604248
7.488445155,255233.8473,4208520.852,3752.608398
7.519909211,255233.8199,4208520.867,3752.596924
7.551373266,255233.7924,4208520.883,3752.602539
7.582837321,255233.765,4208520.898,3752.589111
7.614301376,255233.7376,4208520.914,3752.594482
7.645765432,255233.7102,4208520.929,3752.580811
7.677229487,255233.6827,4208520.944,3752.583984
7.708693542,255233.6553,4208520.96,3752.588135
7.740157598,255233.6279,4208520.975,3752.573242
7.771621653,255233.6005,4208520.991,3752.577393
7.803085708,255233.5731,4208521.006,3752.5625
7.834549763,255233.5456,4208521.022,3752.565674
7.866013819,255233.5182,4208521.037,3752.550781
7.897477874,255233.4908,4208521.052,3752.554688
7.928941929,255233.4634,4208521.068,3752.556885
7.960405984,255233.4359,4208521.083,3752.54541
7.99187004,255233.4085,4208521.099,3752.546631
8.023334095,255233.3811,4208521.114,3752.534912
8.05479815,255233.3537,4208521.13,3752.535645
8.086262206,255233.3262,4208521.145,3752.525879
8.117726261,255233.2988,4208521.16,3752.526367
8.149190316,255233.2714,4208521.176,3752.518066
8.180654371,255233.244,4208521.191,3752.518555
8.212118427,255233.2166,4208521.207,3752.519043
8.243582482,255233.1891,4208521.222,3752.512207
8.275046537,255233.1617,4208521.238,3752.512939
8.306510592,255233.1343,4208521.253,3752.508545
8.337974648,255233.1069,4208521.268,3752.510254
8.369438703,255233.0794,4208521.284,3752.509277
8.400902758,255233.052,4208521.299,3752.512207
8.432366814,255233.0246,4208521.315,3752.515137
8.463830869,255232.9972,4208521.33,3752.515381
8.495294924,255232.9697,4208521.346,3752.519287
8.526758979,255232.9423,4208521.361,3752.519775
8.558223035,255232.9149,4208521.376,3752.524414
8.58968709,255232.8875,4208521.392,3752.525391
8.621151145,255232.86,4208521.407,3752.530029
8.652615201,255232.8326,4208521.423,3752.531494
8.684079256,255232.8052,4208521.438,3752.537354
8.715543311,255232.7778,4208521.453,3752.543945
8.747007366,255232.7504,4208521.469,3752.547119
8.778471422,255232.7229,4208521.484,3752.555664
8.809935477,255232.6955,4208521.5,3752.559326
8.841399532,255232.6681,4208521.515,3752.568359
8.872863587,255232.6407,4208521.531,3752.574463
8.904327643,255232.6132,4208521.546,3752.587158
8.935791698,255232.5858,4208521.561,3752.602051
8.967255753,255232.5584,4208521.577,3752.616943
8.998719809,255232.531,4208521.592,3752.631104
9.030183864,255232.5035,4208521.608,3752.643066
9.061647919,255232.4761,4208521.623,3752.654541
9.093111974,255232.4487,4208521.639,3752.663818
9.12457603,255232.4213,4208521.654,3752.672119
9.156040085,255232.3939,4208521.669,3752.680908
9.18750414,255232.3664,4208521.685,3752.689697
9.218968195,255232.339,4208521.7,3752.699951
9.250432251,255232.3116,4208521.716,3752.709473
9.281896306,255232.2842,4208521.731,3752.721924
9.313360361,255232.2567,4208521.747,3752.733887
9.344824417,255232.2293,4208521.762,3752.748535
9.376288472,255232.2019,4208521.777,3752.762207
9.407752527,255232.1745,4208521.793,3752.778564
9.439216582,255232.147,4208521.808,3752.810303
9.470680638,255232.1196,4208521.824,3752.824707
9.502144693,255232.0922,4208521.839,3752.844727
9.533608748,255232.0648,4208521.855,3752.857422
9.565072803,255232.0374,4208521.87,3752.874512
9.596536859,255232.0099,4208521.885,3752.88501
9.628000914,255231.9825,4208521.901,3752.897949
9.659464969,255231.9551,4208521.916,3752.909424
9.690929025,255231.9277,4208521.932,3752.916016
9.72239308,255231.9002,4208521.947,3752.926025
9.753857135,255231.8728,4208521.963,3752.931885
9.78532119,255231.8454,4208521.978,3752.94165
9.816785246,255231.818,4208521.993,3752.947021
9.848249301,255231.7905,4208522.009,3752.955322
9.879713356,255231.7631,4208522.024,3752.961182
9.911177411,255231.7357,4208522.04,3752.969727
9.942641467,255231.7083,4208522.055,3752.978516
9.974105522,255231.6808,4208522.071,3752.985352
10.00556958,255231.6534,4208522.086,3752.99707
10.03703363,255231.626,4208522.101,3753.007568
10.06849769,255231.5986,4208522.117,3753.023438
10.09996174,255231.5712,4208522.132,3753.036133
10.1314258,255231.5437,4208522.148,3753.052246
10.16288985,255231.5163,4208522.163,3753.067627
10.19435391,255231.4889,4208522.178,3753.078125
10.22581796,255231.4615,4208522.194,3753.09082
10.25728202,255231.434,4208522.209,3753.101074
10.28874607,255231.4066,4208522.225,3753.113525
10.32021013,255231.3792,4208522.24,3753.123291
10.35167419,255231.3518,4208522.256,3753.134521
10.38313824,255231.3243,4208522.271,3753.144287
10.4146023,255231.2969,4208522.286,3753.15332
10.44606635,255231.2695,4208522.302,3753.162842
10.47753041,255231.2421,4208522.317,3753.170898
10.50899446,255231.2147,4208522.333,3753.177979
10.54045852,255231.1872,4208522.348,3753.183838
10.57192257,255231.1598,4208522.364,3753.186768
10.60338663,255231.1324,4208522.379,3753.190186
10.63485068,255231.105,4208522.394,3753.190674
10.66631474,255231.0775,4208522.41,3753.1875
10.69777879,255231.0501,4208522.425,3753.187012
10.72924285,255231.0227,4208522.441,3753.179199
10.7607069,255230.9953,4208522.456,3753.177246
10.79217096,255230.9678,4208522.472,3753.165771
10.82363501,255230.9404,4208522.487,3753.161865
10.85509907,255230.913,4208522.502,3753.14502
10.88656313,255230.8856,4208522.518,3753.127441
10.91802718,255230.8581,4208522.533,3753.119629
10.94949124,255230.8307,4208522.549,3753.102783
10.98095529,255230.8033,4208522.564,3753.097168
11.01241935,255230.7759,4208522.58,3753.083252
11.0438834,255230.7485,4208522.595,3753.077393
11.07534746,255230.721,4208522.61,3753.068115
11.10681151,255230.6936,4208522.626,3753.064941
11.13827557,255230.6662,4208522.641,3753.062256
11.16973962,255230.6388,4208522.657,3753.061523
11.20120368,255230.6113,4208522.672,3753.061035
11.23266773,255230.5839,4208522.688,3753.061035
11.26413179,255230.5565,4208522.703,3753.060791
11.29559584,255230.5291,4208522.718,3753.060791
11.3270599,255230.5016,4208522.734,3753.060547
11.35852395,255230.4742,4208522.749,3753.060791
11.38998801,255230.4468,4208522.765,3753.061523
11.42145206,255230.4194,4208522.78,3753.061523
11.45291612,255230.392,4208522.796,3753.062256
11.48438018,255230.3645,4208522.811,3753.062256
11.51584423,255230.3371,4208522.826,3753.063477
11.54730829,255230.3097,4208522.842,3753.063721
11.57877234,255230.2823,4208522.857,3753.065186
11.6102364,255230.2548,4208522.873,3753.065186
11.64170045,255230.2274,4208522.888,3753.066406
11.67316451,255230.2,4208522.903,3753.067627
11.70462856,255230.1726,4208522.919,3753.067383
11.73609262,255230.1451,4208522.934,3753.068359
11.76755667,255230.1177,4208522.95,3753.067627
11.79902073,255230.0903,4208522.965,3753.068359
11.83048478,255230.0629,4208522.981,3753.067627
11.86194884,255230.0354,4208522.996,3753.067871
11.89341289,255230.008,4208523.011,3753.067871
11.92487695,255229.9806,4208523.027,3753.066406
11.956341,255229.9532,4208523.042,3753.065918
11.98780506,255229.9258,4208523.058,3753.063477
12.01926911,255229.8983,4208523.073,3753.062256
12.05073317,255229.8709,4208523.089,3753.058594
12.08219723,255229.8435,4208523.104,3753.056152
12.11366128,255229.8161,4208523.119,3753.051758
12.14512534,255229.7886,4208523.135,3753.049316
12.17658939,255229.7612,4208523.15,3753.046875
12.20805345,255229.7338,4208523.166,3753.042725
12.2395175,255229.7064,4208523.181,3753.040527
12.27098156,255229.6789,4208523.197,3753.037354
12.30244561,255229.6515,4208523.212,3753.035645
12.33390967,255229.6241,4208523.227,3753.033203
12.36537372,255229.5967,4208523.243,3753.031738
12.39683778,255229.5693,4208523.258,3753.030029
12.42830183,255229.5418,4208523.274,3753.027588
12.45976589,255229.5144,4208523.289,3753.025635
12.49122994,255229.487,4208523.305,3753.023193
12.522694,255229.4596,4208523.32,3753.021484
12.55415805,255229.4321,4208523.335,3753.019287
12.58562211,255229.4047,4208523.351,3753.017822
12.61708617,255229.3773,4208523.366,3753.016357
12.64855022,255229.3499,4208523.382,3753.01416
12.68001428,255229.3224,4208523.397,3753.011963
12.71147833,255229.295,4208523.413,3753.009033
12.74294239,255229.2676,4208523.428,3753.006348
12.77440644,255229.2402,4208523.443,3753.002686
12.8058705,255229.2128,4208523.459,3752.999756
12.83733455,255229.1853,4208523.474,3752.996094
12.86879861,255229.1579,4208523.49,3752.993896
12.90026266,255229.1305,4208523.505,3752.992676
12.93172672,255229.1031,4208523.521,3752.991943
12.96319077,255229.0756,4208523.536,3752.991455
12.99465483,255229.0482,4208523.551,3752.991211
13.02611888,255229.0208,4208523.567,3752.990967
13.05758294,255228.9934,4208523.582,3752.990967
13.08904699,255228.9659,4208523.598,3752.990967
13.12051105,255228.9385,4208523.613,3752.991211
13.1519751,255228.9111,4208523.629,3752.991211
13.18343916,255228.8837,4208523.644,3752.991943
13.21490322,255228.8562,4208523.659,3752.992432
13.24636727,255228.8288,4208523.675,3752.994385
13.27783133,255228.8014,4208523.69,3752.99707
13.30929538,255228.774,4208523.706,3753.000488
13.34075944,255228.7466,4208523.721,3753.004395
13.37222349,255228.7191,4208523.736,3753.008789
13.40368755,255228.6917,4208523.752,3753.013184
13.4351516,255228.6643,4208523.767,3753.017578
13.46661566,255228.6369,4208523.783,3753.020996
13.49807971,255228.6094,4208523.798,3753.024902
13.52954377,255228.582,4208523.814,3753.028809
13.56100782,255228.5546,4208523.829,3753.032715
13.59247188,255228.5272,4208523.844,3753.0354
13.62393593,255228.4997,4208523.86,3753.03833
13.65539999,255228.4723,4208523.875,3753.041504
13.68686404,255228.4449,4208523.891,3753.043701
13.7183281,255228.4175,4208523.906,3753.046631
13.74979215,255228.3901,4208523.922,3753.048096
13.78125621,255228.3626,4208523.937,3753.050781
13.81272027,255228.3352,4208523.952,3753.052246
13.84418432,255228.3078,4208523.968,3753.054443
13.87564838,255228.2804,4208523.983,3753.055908
13.90711243,255228.2529,4208523.999,3753.057373
13.93857649,255228.2255,4208524.014,3753.058838
13.97004054,255228.1981,4208524.03,3753.060547
14.0015046,255228.1707,4208524.045,3753.062256
14.03296865,255228.1432,4208524.06,3753.063965
14.06443271,255228.1158,4208524.076,3753.066406
14.09589676,255228.0884,4208524.091,3753.068848
14.12736082,255228.061,4208524.107,3753.071045
14.15882487,255228.0335,4208524.122,3753.073242
14.19028893,255228.0061,4208524.138,3753.075684
14.22175298,255227.9787,4208524.153,3753.077881
14.25321704,255227.9513,4208524.168,3753.080322
14.28468109,255227.9239,4208524.184,3753.08252
14.31614515,255227.8964,4208524.199,3753.085205
14.34760921,255227.869,4208524.215,3753.088135
14.37907326,255227.8416,4208524.23,3753.090576
14.41053732,255227.8142,4208524.246,3753.093018
14.44200137,255227.7867,4208524.261,3753.095215
14.47346543,255227.7593,4208524.276,3753.096924
14.50492948,255227.7319,4208524.292,3753.098389
14.53639354,255227.7045,4208524.307,3753.099365
14.56785759,255227.677,4208524.323,3753.099609
14.59932165,255227.6496,4208524.338,3753.099854
14.6307857,255227.6222,4208524.354,3753.099854
14.66224976,255227.5948,4208524.369,3753.100098
14.69371381,255227.5674,4208524.384,3753.100098
14.72517787,255227.5399,4208524.4,3753.100098
14.75664192,255227.5125,4208524.415,3753.100098
14.78810598,255227.4851,4208524.431,3753.100098
14.81957003,255227.4577,4208524.446,3753.100098
14.85103409,255227.4302,4208524.461,3753.099854
14.88249814,255227.4028,4208524.477,3753.099854
14.9139622,255227.3754,4208524.492,3753.099609
14.94733536,255227.348,4208524.511,3753.099365
14.98070851,255227.3206,4208524.53,3753.098389
15.01408167,255227.2932,4208524.549,3753.096436
15.04745482,255227.2658,4208524.569,3753.094482
15.08082798,255227.2384,4208524.588,3753.092285
15.11420114,255227.211,4208524.607,3753.0896
15.14757429,255227.1835,4208524.626,3753.087158
15.18094745,255227.1561,4208524.645,3753.084961
15.2143206,255227.1287,4208524.664,3753.082275
15.24769376,255227.1013,4208524.683,3753.07959
15.28106692,255227.0739,4208524.702,3753.076904
15.31444007,255227.0465,4208524.721,3753.07373
15.34781323,255227.0191,4208524.74,3753.069824
15.38118638,255226.9917,4208524.759,3753.065918
15.41455954,255226.9643,4208524.778,3753.061768
15.4479327,255226.9369,4208524.797,3753.057617
15.48130585,255226.9095,4208524.816,3753.05249
15.51467901,255226.8821,4208524.835,3753.047852
15.54805216,255226.8547,4208524.854,3753.043701
15.58142532,255226.8273,4208524.873,3753.040283
15.61479848,255226.7999,4208524.892,3753.035889
15.64817163,255226.7725,4208524.911,3753.032715
15.68154479,255226.7451,4208524.93,3753.029541
15.71491794,255226.7177,4208524.949,3753.025635
15.7482911,255226.6902,4208524.968,3753.022217
15.78166426,255226.6628,4208524.987,3753.019043
15.81503741,255226.6354,4208525.007,3753.015869
15.84841057,255226.608,4208525.026,3753.013428
15.88178372,255226.5806,4208525.045,3753.01123
15.91515688,255226.5532,4208525.064,3753.009277
15.94853004,255226.5258,4208525.083,3753.006348
15.98190319,255226.4984,4208525.102,3753.00293
16.01527635,255226.471,4208525.121,3752.998291
16.0486495,255226.4436,4208525.14,3752.994629
16.08202266,255226.4162,4208525.159,3752.990234
16.11539582,255226.3888,4208525.178,3752.986816
16.14876897,255226.3614,4208525.197,3752.984375
16.18214213,255226.334,4208525.216,3752.982178
16.21551528,255226.3066,4208525.235,3752.980713
16.24888844,255226.2792,4208525.254,3752.979248
16.2822616,255226.2518,4208525.273,3752.978516
16.31563475,255226.2244,4208525.292,3752.978027
16.34900791,255226.1969,4208525.311,3752.977783
16.38238106,255226.1695,4208525.33,3752.977051
16.41575422,255226.1421,4208525.349,3752.977051
16.44912738,255226.1147,4208525.368,3752.977539
16.48250053,255226.0873,4208525.387,3752.977783
16.51587369,255226.0599,4208525.406,3752.979736
16.54924684,255226.0325,4208525.426,3752.982178
16.58262,255226.0051,4208525.445,3752.982666
16.61599315,255225.9777,4208525.464,3752.985107
16.64936631,255225.9503,4208525.483,3752.986572
16.68273947,255225.9229,4208525.502,3752.988281
16.71611262,255225.8955,4208525.521,3752.98877
16.74948578,255225.8681,4208525.54,3752.98999
16.78285893,255225.8407,4208525.559,3752.991699
16.81623209,255225.8133,4208525.578,3752.992432
16.84960525,255225.7859,4208525.597,3752.994141
16.8829784,255225.7585,4208525.616,3752.996338
16.91635156,255225.731,4208525.635,3752.99707
16.94972471,255225.7036,4208525.654,3753
16.98309787,255225.6762,4208525.673,3753.00293
17.01647103,255225.6488,4208525.692,3753.00415
17.04984418,255225.6214,4208525.711,3753.007813
17.08321734,255225.594,4208525.73,3753.011475
17.11659049,255225.5666,4208525.749,3753.016113
17.14996365,255225.5392,4208525.768,3753.017578
17.18333681,255225.5118,4208525.787,3753.021729
17.21670996,255225.4844,4208525.806,3753.025879
17.25008312,255225.457,4208525.825,3753.028076
17.28345627,255225.4296,4208525.845,3753.031982
17.31682943,255225.4022,4208525.864,3753.0354
17.35020259,255225.3748,4208525.883,3753.036865
17.38357574,255225.3474,4208525.902,3753.039307
17.4169489,255225.32,4208525.921,3753.040771
17.45032205,255225.2926,4208525.94,3753.041992
17.48369521,255225.2652,4208525.959,3753.042725
17.51706837,255225.2377,4208525.978,3753.044434
17.55044152,255225.2103,4208525.997,3753.046143
17.58381468,255225.1829,4208526.016,3753.048828
17.61718783,255225.1555,4208526.035,3753.051514
17.65056099,255225.1281,4208526.054,3753.055908
17.68393415,255225.1007,4208526.073,3753.063965
17.7173073,255225.0733,4208526.092,3753.070557
17.75068046,255225.0459,4208526.111,3753.077881
17.78405361,255225.0185,4208526.13,3753.09082
17.81742677,255224.9911,4208526.149,3753.100098
17.85079993,255224.9637,4208526.168,3753.110352
17.88417308,255224.9363,4208526.187,3753.120361
17.91754624,255224.9089,4208526.206,3753.136719
17.95091939,255224.8815,4208526.225,3753.14624
17.98429255,255224.8541,4208526.244,3753.154785
18.01766571,255224.8267,4208526.263,3753.170898
18.05103886,255224.7993,4208526.283,3753.178467
18.08441202,255224.7719,4208526.302,3753.186279
18.11778517,255224.7444,4208526.321,3753.201416
18.15115833,255224.717,4208526.34,3753.208008
18.18453149,255224.6896,4208526.359,3753.2146
18.21790464,255224.6622,4208526.378,3753.222412
18.2512778,255224.6348,4208526.397,3753.238037
18.28465095,255224.6074,4208526.416,3753.24585
18.31802411,255224.58,4208526.435,3753.253906
18.35139727,255224.5526,4208526.454,3753.269775
18.38477042,255224.5252,4208526.473,3753.277832
18.41814358,255224.4978,4208526.492,3753.286133
18.45151673,255224.4704,4208526.511,3753.303223
18.48488989,255224.443,4208526.53,3753.311279
18.51826305,255224.4156,4208526.549,3753.319824
18.5516362,255224.3882,4208526.568,3753.337158
18.58500936,255224.3608,4208526.587,3753.345459
18.61838251,255224.3334,4208526.606,3753.355225
18.65175567,255224.306,4208526.625,3753.364502
18.68512883,255224.2785,4208526.644,3753.382324
18.71850198,255224.2511,4208526.663,3753.390381
18.75187514,255224.2237,4208526.682,3753.39624
18.78524829,255224.1963,4208526.702,3753.411377
18.81862145,255224.1689,4208526.721,3753.416016
18.85199461,255224.1415,4208526.74,3753.419922
18.88536776,255224.1141,4208526.759,3753.434082
18.91874092,255224.0867,4208526.778,3753.436279
18.95211407,255224.0593,4208526.797,3753.438721
18.98548723,255224.0319,4208526.816,3753.441895
19.01886039,255224.0045,4208526.835,3753.452881
19.05223354,255223.9771,4208526.854,3753.45459
19.0856067,255223.9497,4208526.873,3753.456055
19.11897985,255223.9223,4208526.892,3753.467529
19.15235301,255223.8949,4208526.911,3753.469238
19.18572616,255223.8675,4208526.93,3753.469727
19.21909932,255223.8401,4208526.949,3753.481201
19.25247248,255223.8127,4208526.968,3753.483154
19.28584563,255223.7852,4208526.987,3753.483887
19.31921879,255223.7578,4208527.006,3753.496582
19.35259194,255223.7304,4208527.025,3753.498047
19.3859651,255223.703,4208527.044,3753.5
19.41933826,255223.6756,4208527.063,3753.501709
19.45271141,255223.6482,4208527.082,3753.516846
19.48608457,255223.6208,4208527.101,3753.520752
19.51945772,255223.5934,4208527.12,3753.524658
19.55283088,255223.566,4208527.14,3753.539063
19.58620404,255223.5386,4208527.159,3753.541992
19.61957719,255223.5112,4208527.178,3753.545166
19.65295035,255223.4838,4208527.197,3753.560303
19.6863235,255223.4564,4208527.216,3753.564209
19.71969666,255223.429,4208527.235,3753.567627
19.75306982,255223.4016,4208527.254,3753.572754
19.78644297,255223.3742,4208527.273,3753.588135
19.81981613,255223.3468,4208527.292,3753.592285
19.85318928,255223.3194,4208527.311,3753.598633
19.88656244,255223.2919,4208527.33,3753.614258
19.9199356,255223.2645,4208527.349,3753.621826
19.95330875,255223.2371,4208527.368,3753.629395
19.98668191,255223.2097,4208527.387,3753.646484
20.02005506,255223.1823,4208527.406,3753.655029
20.05342822,255223.1549,4208527.425,3753.664063
20.08680138,255223.1275,4208527.444,3753.682373
20.12017453,255223.1001,4208527.463,3753.690918
20.15354769,255223.0727,4208527.482,3753.698975
20.18692084,255223.0453,4208527.501,3753.707275
20.220294,255223.0179,4208527.52,3753.724121
20.25366716,255222.9905,4208527.539,3753.731934
20.28704031,255222.9631,4208527.559,3753.741943
20.32041347,255222.9357,4208527.578,3753.760986
20.35378662,255222.9083,4208527.597,3753.77124
20.38715978,255222.8809,4208527.616,3753.779541
20.42053294,255222.8535,4208527.635,3753.795654
20.45390609,255222.826,4208527.654,3753.80249
20.48727925,255222.7986,4208527.673,3753.807861
20.5206524,255222.7712,4208527.692,3753.811279
20.55402556,255222.7438,4208527.711,3753.822754
20.58739872,255222.7164,4208527.73,3753.825439
20.62077187,255222.689,4208527.749,3753.826904
20.65414503,255222.6616,4208527.768,3753.83667
20.68751818,255222.6342,4208527.787,3753.838623
20.72089134,255222.6068,4208527.806,3753.839355
20.7542645,255222.5794,4208527.825,3753.848633
20.78763765,255222.552,4208527.844,3753.849609
20.82101081,255222.5246,4208527.863,3753.849854
20.85438396,255222.4972,4208527.882,3753.849854
20.88775712,255222.4698,4208527.901,3753.857666
20.92113028,255222.4424,4208527.92,3753.856934
20.95450343,255222.415,4208527.939,3753.855225
20.98787659,255222.3876,4208527.958,3753.862793
21.02124974,255222.3602,4208527.978,3753.861816
21.0546229,255222.3327,4208527.997,3753.86084
21.08799606,255222.3053,4208528.016,3753.86792
21.12136921,255222.2779,4208528.035,3753.865479
21.15474237,255222.2505,4208528.054,3753.864746
21.18811552,255222.2231,4208528.073,3753.873291
21.22148868,255222.1957,4208528.092,3753.872803
21.25486184,255222.1683,4208528.111,3753.872314
21.28823499,255222.1409,4208528.13,3753.871582
21.32160815,255222.1135,4208528.149,3753.879883
21.3549813,255222.0861,4208528.168,3753.878174
21.38835446,255222.0587,4208528.187,3753.876465
21.42172762,255222.0313,4208528.206,3753.884521
21.45510077,255222.0039,4208528.225,3753.882568
21.48847393,255221.9765,4208528.244,3753.880859
21.52184708,255221.9491,4208528.263,3753.888916
21.55522024,255221.9217,4208528.282,3753.887695
21.5885934,255221.8943,4208528.301,3753.88623
21.62196655,255221.8669,4208528.32,3753.885742
21.65533971,255221.8394,4208528.339,3753.894775
21.68871286,255221.812,4208528.358,3753.894775
21.72208602,255221.7846,4208528.377,3753.894531
21.75545918,255221.7572,4208528.396,3753.90332
21.78883233,255221.7298,4208528.416,3753.903076
21.82220549,255221.7024,4208528.435,3753.902588
21.85557864,255221.675,4208528.454,3753.911865
21.8889518,255221.6476,4208528.473,3753.911377
21.92232495,255221.6202,4208528.492,3753.910889
21.95569811,255221.5928,4208528.511,3753.92041
21.98907127,255221.5654,4208528.53,3753.92041
22.02244442,255221.538,4208528.549,3753.920898
22.05581758,255221.5106,4208528.568,3753.921875
22.08919073,255221.4832,4208528.587,3753.931641
22.12256389,255221.4558,4208528.606,3753.932617
22.15593705,255221.4284,4208528.625,3753.933105
22.1893102,255221.401,4208528.644,3753.944336
22.22268336,255221.3735,4208528.663,3753.945801
22.25605651,255221.3461,4208528.682,3753.947754
22.28942967,255221.3187,4208528.701,3753.959717
22.32280283,255221.2913,4208528.72,3753.960449
22.35617598,255221.2639,4208528.739,3753.960693
22.38954914,255221.2365,4208528.758,3753.960693
22.42292229,255221.2091,4208528.777,3753.970947
22.45629545,255221.1817,4208528.796,3753.970947
22.48966861,255221.1543,4208528.815,3753.970947
22.52304176,255221.1269,4208528.835,3753.981934
22.55641492,255221.0995,4208528.854,3753.982422
22.58978807,255221.0721,4208528.873,3753.982666
22.62316123,255221.0447,4208528.892,3753.99585
22.65653439,255221.0173,4208528.911,3753.996582
22.68990754,255220.9899,4208528.93,3753.997314
22.7232807,255220.9625,4208528.949,3754.009521
22.75665385,255220.9351,4208528.968,3754.010498
22.79002701,255220.9077,4208528.987,3754.011719
22.82340017,255220.8802,4208529.006,3754.012695
22.85677332,255220.8528,4208529.025,3754.028076
22.89014648,255220.8254,4208529.044,3754.030029
22.92351963,255220.798,4208529.063,3754.031494
22.95689279,255220.7706,4208529.082,3754.047607
22.99026595,255220.7432,4208529.101,3754.050537
23.0236391,255220.7158,4208529.12,3754.05249
23.05701226,255220.6884,4208529.139,3754.068115
23.09038541,255220.661,4208529.158,3754.070557
23.12375857,255220.6336,4208529.177,3754.072754
23.15713173,255220.6062,4208529.196,3754.074219
23.19050488,255220.5788,4208529.215,3754.087646
23.22387804,255220.5514,4208529.234,3754.088867
23.25725119,255220.524,4208529.253,3754.0896
23.29062435,255220.4966,4208529.273,3754.102051
23.32399751,255220.4692,4208529.292,3754.103271
23.35737066,255220.4418,4208529.311,3754.106689
23.39074382,255220.4144,4208529.33,3754.120361
23.42411697,255220.3869,4208529.349,3754.121338
23.45749013,255220.3595,4208529.368,3754.122314
23.49086329,255220.3321,4208529.387,3754.13623
23.52423644,255220.3047,4208529.406,3754.136963
23.5576096,255220.2773,4208529.425,3754.137939
23.59098275,255220.2499,4208529.444,3754.137939
23.62435591,255220.2225,4208529.463,3754.151123
23.65772907,255220.1951,4208529.482,3754.150879
23.69110222,255220.1677,4208529.501,3754.150879
23.72447538,255220.1403,4208529.52,3754.165283
23.75784853,255220.1129,4208529.539,3754.165039
23.79122169,255220.0855,4208529.558,3754.163574
23.82459485,255220.0581,4208529.577,3754.174805
23.857968,255220.0307,4208529.596,3754.172852
23.89134116,255220.0033,4208529.615,3754.171875
23.92471431,255219.9759,4208529.634,3754.170898
23.95808747,255219.9485,4208529.653,3754.18335
23.99146063,255219.921,4208529.672,3754.182129
24.02483378,255219.8936,4208529.692,3754.181152
24.05820694,255219.8662,4208529.711,3754.192871
24.09158009,255219.8388,4208529.73,3754.189697
24.12495325,255219.8114,4208529.749,3754.186523
24.15832641,255219.784,4208529.768,3754.197021
24.19169956,255219.7566,4208529.787,3754.195557
24.22507272,255219.7292,4208529.806,3754.193359
24.25844587,255219.7018,4208529.825,3754.203125
24.29181903,255219.6744,4208529.844,3754.19873
24.32519219,255219.647,4208529.863,3754.196533
24.35856534,255219.6196,4208529.882,3754.193115
24.3919385,255219.5922,4208529.901,3754.202393
24.42531165,255219.5648,4208529.92,3754.197998
24.45868481,255219.5374,4208529.939,3754.193848
24.49205796,255219.51,4208529.958,3754.203369
24.52543112,255219.4826,4208529.977,3754.199707
24.55880428,255219.4552,4208529.996,3754.196533
24.59217743,255219.4277,4208530.015,3754.205566
24.62555059,255219.4003,4208530.034,3754.203369
24.65892374,255219.3729,4208530.053,3754.200684
24.6922969,255219.3455,4208530.072,3754.197998
24.72567006,255219.3181,4208530.091,3754.207764
24.75904321,255219.2907,4208530.11,3754.205566
24.79241637,255219.2633,4208530.13,3754.204102
24.82578952,255219.2359,4208530.149,3754.215332
24.85916268,255219.2085,4208530.168,3754.212891
24.89253584,255219.1811,4208530.187,3754.21167
24.92590899,255219.1537,4208530.206,3754.220703
24.95928215,255219.1263,4208530.225,3754.220459
24.9926553,255219.0989,4208530.244,3754.220459
25.02602846,255219.0715,4208530.263,3754.229736
25.05940162,255219.0441,4208530.282,3754.229736
25.09277477,255219.0167,4208530.301,3754.229736
25.12614793,255218.9893,4208530.32,3754.22998
25.15952108,255218.9619,4208530.339,3754.239502
25.19289424,255218.9344,4208530.358,3754.239746
25.2262674,255218.907,4208530.377,3754.239746
25.25964055,255218.8796,4208530.396,3754.249512
25.29301371,255218.8522,4208530.415,3754.249268
25.32638686,255218.8248,4208530.434,3754.249268
25.35976002,255218.7974,4208530.453,3754.26001
25.39313318,255218.77,4208530.472,3754.26001
25.42650633,255218.7426,4208530.491,3754.26001
25.45987949,255218.7152,4208530.51,3754.26001
25.49325264,255218.6878,4208530.529,3754.27124
25.5266258,255218.6604,4208530.549,3754.271484
25.55999896,255218.633,4208530.568,3754.271729
25.59337211,255218.6056,4208530.587,3754.283203
25.62674527,255218.5782,4208530.606,3754.283691
25.66011842,255218.5508,4208530.625,3754.284424
25.69349158,255218.5234,4208530.644,3754.296875
25.72686474,255218.496,4208530.663,3754.297119
25.76023789,255218.4685,4208530.682,3754.297852
25.79361105,255218.4411,4208530.701,3754.310059
25.8269842,255218.4137,4208530.72,3754.310059
25.86035736,255218.3863,4208530.739,3754.310059
25.89373052,255218.3589,4208530.758,3754.310059
25.92710367,255218.3315,4208530.777,3754.322021
25.96047683,255218.3041,4208530.796,3754.322021
25.99384998,255218.2767,4208530.815,3754.323242
26.02722314,255218.2493,4208530.834,3754.33667
26.0605963,255218.2219,4208530.853,3754.338135
26.09396945,255218.1945,4208530.872,3754.339111
26.12734261,255218.1671,4208530.891,3754.351318
26.16071576,255218.1397,4208530.91,3754.353271
26.19408892,255218.1123,4208530.929,3754.356689
26.22746208,255218.0849,4208530.948,3754.359619
26.26083523,255218.0575,4208530.968,3754.371582
26.29420839,255218.0301,4208530.987,3754.373291
26.32758154,255218.0027,4208531.006,3754.376953
26.3609547,255217.9752,4208531.025,3754.389893
26.39432786,255217.9478,4208531.044,3754.391846
26.42770101,255217.9204,4208531.063,3754.39502
26.46107417,255217.893,4208531.082,3754.408203
26.49444732,255217.8656,4208531.101,3754.412109
26.52782048,255217.8382,4208531.12,3754.416992
26.56119364,255217.8108,4208531.139,3754.429932
26.59456679,255217.7834,4208531.158,3754.434082
26.62793995,255217.756,4208531.177,3754.438477
26.6613131,255217.7286,4208531.196,3754.444336
26.69468626,255217.7012,4208531.215,3754.45752
26.72805942,255217.6738,4208531.234,3754.460205
26.76143257,255217.6464,4208531.253,3754.465332
26.79480573,255217.619,4208531.272,3754.47876
26.82817888,255217.5916,4208531.291,3754.482422
26.86155204,255217.5642,4208531.31,3754.486084
26.8949252,255217.5368,4208531.329,3754.499023
26.92829835,255217.5094,4208531.348,3754.502197
26.96167151,255217.4819,4208531.367,3754.504883
26.99504466,255217.4545,4208531.386,3754.508057
27.02841782,255217.4271,4208531.406,3754.52124
27.06179098,255217.3997,4208531.425,3754.524414
27.09516413,255217.3723,4208531.444,3754.526611
27.12853729,255217.3449,4208531.463,3754.539795
27.16191044,255217.3175,4208531.482,3754.541748
27.1952836,255217.2901,4208531.501,3754.543945
27.22865675,255217.2627,4208531.52,3754.556885
27.26202991,255217.2353,4208531.539,3754.560791
27.29540307,255217.2079,4208531.558,3754.564453
27.32877622,255217.1805,4208531.577,3754.577393
27.36214938,255217.1531,4208531.596,3754.57959
27.39552253,255217.1257,4208531.615,3754.582764
27.42889569,255217.0983,4208531.634,3754.586426
27.46226885,255217.0709,4208531.653,3754.598389
27.495642,255217.0435,4208531.672,3754.599854
27.52901516,255217.016,4208531.691,3754.601074
27.56238831,255216.9886,4208531.71,3754.612305
27.59576147,255216.9612,4208531.729,3754.614746
27.62913463,255216.9338,4208531.748,3754.616211
27.66250778,255216.9064,4208531.767,3754.627197
27.69588094,255216.879,4208531.786,3754.628906
27.72925409,255216.8516,4208531.805,3754.630615
27.76262725,255216.8242,4208531.825,3754.632324
27.79600041,255216.7968,4208531.844,3754.643799
27.82937356,255216.7694,4208531.863,3754.645752
27.86274672,255216.742,4208531.882,3754.646729
27.89611987,255216.7146,4208531.901,3754.658936
27.92949303,255216.6872,4208531.92,3754.659912
27.96286619,255216.6598,4208531.939,3754.6604
27.99623934,255216.6324,4208531.958,3754.671631
28.0296125,255216.605,4208531.977,3754.671875
28.06298565,255216.5776,4208531.996,3754.671875
28.09635881,255216.5502,4208532.015,3754.682861
28.12973197,255216.5227,4208532.034,3754.682861
28.16310512,255216.4953,4208532.053,3754.682861
28.19647828,255216.4679,4208532.072,3754.682861
28.22985143,255216.4405,4208532.091,3754.693604
28.26322459,255216.4131,4208532.11,3754.692627
28.29659775,255216.3857,4208532.129,3754.690674
28.3299709,255216.3583,4208532.148,3754.699951
28.36334406,255216.3309,4208532.167,3754.697998
28.39671721,255216.3035,4208532.186,3754.696289
28.43009037,255216.2761,4208532.205,3754.708008
28.46346353,255216.2487,4208532.224,3754.707031
28.49683668,255216.2213,4208532.243,3754.706299
28.53020984,255216.1939,4208532.263,3754.705322
28.56358299,255216.1665,4208532.282,3754.716064
28.59695615,255216.1391,4208532.301,3754.715332
28.63032931,255216.1117,4208532.32,3754.714844
28.66370246,255216.0843,4208532.339,3754.727783
28.69707562,255216.0569,4208532.358,3754.727539
28.73044877,255216.0294,4208532.377,3754.727783
28.76382193,255216.002,4208532.396,3754.741699
28.79719509,255215.9746,4208532.415,3754.741455
28.83056824,255215.9472,4208532.434,3754.741455
28.8639414,255215.9198,4208532.453,3754.754883
28.89731455,255215.8924,4208532.472,3754.755859
28.93068771,255215.865,4208532.491,3754.756104
28.96406087,255215.8376,4208532.51,3754.756104
28.99743402,255215.8102,4208532.529,3754.769775
29.03080718,255215.7828,4208532.548,3754.770264
29.06418033,255215.7554,4208532.567,3754.771484
29.09755349,255215.728,4208532.586,3754.784424
29.13092665,255215.7006,4208532.605,3754.7854
29.1642998,255215.6732,4208532.624,3754.786377
29.19767296,255215.6458,4208532.643,3754.798096
29.23104611,255215.6184,4208532.662,3754.799561
29.26441927,255215.591,4208532.682,3754.80249
29.29779243,255215.5635,4208532.701,3754.804443
29.33116558,255215.5361,4208532.72,3754.816895
29.36453874,255215.5087,4208532.739,3754.818359
29.39791189,255215.4813,4208532.758,3754.822998
29.43128505,255215.4539,4208532.777,3754.836914
29.46465821,255215.4265,4208532.796,3754.841064
29.49803136,255215.3991,4208532.815,3754.845703
29.53140452,255215.3717,4208532.834,3754.860352
29.56477767,255215.3443,4208532.853,3754.865967
29.59815083,255215.3169,4208532.872,3754.871094
29.63152399,255215.2895,4208532.891,3754.875488
29.66489714,255215.2621,4208532.91,3754.890381
29.6982703,255215.2347,4208532.929,3754.894531
29.73164345,255215.2073,4208532.948,3754.900146
29.76501661,255215.1799,4208532.967,3754.91333
29.79838977,255215.1525,4208532.986,3754.91748
29.83176292,255215.1251,4208533.005,3754.920898
29.86513608,255215.0977,4208533.024,3754.933838
29.89850923,255215.0702,4208533.043,3754.937012
29.93188239,255215.0428,4208533.062,3754.939941
29.96525554,255215.0154,4208533.081,3754.951172
29.9986287,255214.988,4208533.101,3754.952881
30.03200186,255214.9606,4208533.12,3754.955322
30.06537501,255214.9332,4208533.139,3754.957764
30.09874817,255214.9058,4208533.158,3754.968994
30.13212132,255214.8784,4208533.177,3754.969971
30.16549448,255214.851,4208533.196,3754.970947
30.19886764,255214.8236,4208533.215,3754.982178
30.23224079,255214.7962,4208533.234,3754.984131
30.26561395,255214.7688,4208533.253,3754.986328
30.2989871,255214.7414,4208533.272,3754.998047
30.33236026,255214.714,4208533.291,3755
30.36573342,255214.6866,4208533.31,3755.001953
30.39910657,255214.6592,4208533.329,3755.004639
30.43247973,255214.6318,4208533.348,3755.016846
30.46585288,255214.6044,4208533.367,3755.020752
30.49922604,255214.5769,4208533.386,3755.022705
30.5325992,255214.5495,4208533.405,3755.034424
30.56597235,255214.5221,4208533.424,3755.035645
30.59934551,255214.4947,4208533.443,3755.038086
30.63271866,255214.4673,4208533.462,3755.050049
30.66609182,255214.4399,4208533.481,3755.051758
30.69946498,255214.4125,4208533.5,3755.053955
30.73283813,255214.3851,4208533.519,3755.064453
30.76621129,255214.3577,4208533.539,3755.066895
30.79958444,255214.3303,4208533.558,3755.069092
30.8329576,255214.3029,4208533.577,3755.071777
30.86633076,255214.2755,4208533.596,3755.081787
30.89970391,255214.2481,4208533.615,3755.084229
30.93307707,255214.2207,4208533.634,3755.087646
30.96645022,255214.1933,4208533.653,3755.099365
30.99982338,255214.1659,4208533.672,3755.103516
31.03319654,255214.1385,4208533.691,3755.107422
31.06656969,255214.111,4208533.71,3755.120361
31.09994285,255214.0836,4208533.729,3755.124756
31.133316,255214.0562,4208533.748,3755.128174
31.16668916,255214.0288,4208533.767,3755.131836
31.20006232,255214.0014,4208533.786,3755.143066
31.23343547,255213.974,4208533.805,3755.145508
31.26680863,255213.9466,4208533.824,3755.148193
31.30018178,255213.9192,4208533.843,3755.157471
31.33355494,255213.8918,4208533.862,3755.159668
31.3669281,255213.8644,4208533.881,3755.161865
31.40030125,255213.837,4208533.9,3755.17041
31.43367441,255213.8096,4208533.919,3755.172119
31.46704756,255213.7822,4208533.938,3755.173828
31.50042072,255213.7548,4208533.958,3755.182373
31.53379388,255213.7274,4208533.977,3755.185303
31.56716703,255213.7,4208533.996,3755.186523
31.60054019,255213.6726,4208534.015,3755.187988
31.63391334,255213.6452,4208534.034,3755.197021
31.6672865,255213.6177,4208534.053,3755.199707
31.70065966,255213.5903,4208534.072,3755.202393
31.73403281,255213.5629,4208534.091,3755.211182
31.76740597,255213.5355,4208534.11,3755.213623
31.80077912,255213.5081,4208534.129,3755.216309
31.83415228,255213.4807,4208534.148,3755.238281
31.86752544,255213.4533,4208534.167,3755.242432
31.90089859,255213.4259,4208534.186,3755.246094
31.93427175,255213.3985,4208534.205,3755.250732
31.9676449,255213.3711,4208534.224,3755.261963
32.00101806,255213.3437,4208534.243,3755.264893
32.03439122,255213.3163,4208534.262,3755.26709
32.06776437,255213.2889,4208534.281,3755.275146
32.10113753,255213.2615,4208534.3,3755.276611
32.13451068,255213.2341,4208534.319,3755.2771
32.16788384,255213.2067,4208534.338,3755.283936
32.201257,255213.1793,4208534.357,3755.283936
32.23463015,255213.1519,4208534.376,3755.283691
32.26800331,255213.1244,4208534.396,3755.289307
32.30137646,255213.097,4208534.415,3755.28833
32.33474962,255213.0696,4208534.434,3755.287109
32.36812278,255213.0422,4208534.453,3755.285156
32.40149593,255213.0148,4208534.472,3755.290527
32.43486909,255212.9874,4208534.491,3755.289063
32.46824224,255212.96,4208534.51,3755.287598
32.5016154,255212.9326,4208534.529,3755.29248
32.53498855,255212.9052,4208534.548,3755.290527
32.56836171,255212.8778,4208534.567,3755.289063
32.60173487,255212.8504,4208534.586,3755.295166
32.63510802,255212.823,4208534.605,3755.293457
32.66848118,255212.7956,4208534.624,3755.292236
32.70185433,255212.7682,4208534.643,3755.29126
32.73522749,255212.7408,4208534.662,3755.298584
32.76860065,255212.7134,4208534.681,3755.299072
32.8019738,255212.686,4208534.7,3755.299805
32.83534696,255212.6585,4208534.719,3755.309326
32.86872011,255212.6311,4208534.738,3755.312256
32.90209327,255212.6037,4208534.757,3755.315674
32.93546643,255212.5763,4208534.776,3755.327393
32.96883958,255212.5489,4208534.795,3755.332764
33.00221274,255212.5215,4208534.815,3755.339844
33.03558589,255212.4941,4208534.834,3755.351563
33.06895905,255212.4667,4208534.853,3755.358643
33.10233221,255212.4393,4208534.872,3755.366699
33.13570536,255212.4119,4208534.891,3755.373535
33.16907852,255212.3845,4208534.91,3755.384033
33.20245167,255212.3571,4208534.929,3755.390381
33.23582483,255212.3297,4208534.948,3755.397217
33.26919799,255212.3023,4208534.967,3755.404541
33.30257114,255212.2749,4208534.986,3755.409668
33.3359443,255212.2475,4208535.005,3755.413818
33.36931745,255212.2201,4208535.024,3755.418945
33.40269061,255212.1927,4208535.043,3755.421875
33.43606377,255212.1652,4208535.062,3755.424316
33.46943692,255212.1378,4208535.081,3755.426514
33.50281008,255212.1104,4208535.1,3755.430176
33.53618323,255212.083,4208535.119,3755.431396
33.56955639,255212.0556,4208535.138,3755.432129
33.60292955,255212.0282,4208535.157,3755.435059
33.6363027,255212.0008,4208535.176,3755.435059
33.66967586,255211.9734,4208535.195,3755.435303
33.70304901,255211.946,4208535.214,3755.437256
33.73642217,255211.9186,4208535.233,3755.437256
33.76979533,255211.8912,4208535.253,3755.437012
33.80316848,255211.8638,4208535.272,3755.439209
33.83654164,255211.8364,4208535.291,3755.438965
33.86991479,255211.809,4208535.31,3755.438232
33.90328795,255211.7816,4208535.329,3755.4375
33.93666111,255211.7542,4208535.348,3755.439941
33.97003426,255211.7268,4208535.367,3755.438965
34.00340742,255211.6994,4208535.386,3755.437744
34.03678057,255211.6719,4208535.405,3755.440674
34.07015373,255211.6445,4208535.424,3755.440186
34.10352689,255211.6171,4208535.443,3755.439941
34.13690004,255211.5897,4208535.462,3755.443848
34.1702732,255211.5623,4208535.481,3755.444824
34.20364635,255211.5349,4208535.5,3755.44751
34.23701951,255211.5075,4208535.519,3755.451172
34.27039267,255211.4801,4208535.538,3755.459473
34.30376582,255211.4527,4208535.557,3755.467285
34.33713898,255211.4253,4208535.576,3755.477295
34.37051213,255211.3979,4208535.595,3755.488281
34.40868172,255211.3704,4208535.622,3755.498291
34.44685131,255211.343,4208535.648,3755.509033
34.4850209,255211.3155,4208535.675,3755.518311
34.52319049,255211.2881,4208535.701,3755.525391
34.56136008,255211.2606,4208535.728,3755.531494
34.59952967,255211.2331,4208535.754,3755.535889
34.63769926,255211.2057,4208535.781,3755.539063
34.67586884,255211.1782,4208535.807,3755.541016
34.71403843,255211.1508,4208535.834,3755.542236
34.75220802,255211.1233,4208535.86,3755.543213
34.79037761,255211.0958,4208535.887,3755.543457
34.8285472,255211.0684,4208535.913,3755.54248
34.86671679,255211.0409,4208535.94,3755.54126
34.90488638,255211.0135,4208535.967,3755.539551
34.94305597,255210.986,4208535.993,3755.537598
34.98122556,255210.9585,4208536.02,3755.534912
35.01939514,255210.9311,4208536.046,3755.532715
35.05756473,255210.9036,4208536.073,3755.530518
35.09573432,255210.8762,4208536.099,3755.528076
35.13390391,255210.8487,4208536.126,3755.526123
35.1720735,255210.8212,4208536.152,3755.524414
35.21024309,255210.7938,4208536.179,3755.522949
35.24841268,255210.7663,4208536.205,3755.52124
35.28658227,255210.7389,4208536.232,3755.520264
35.32475186,255210.7114,4208536.258,3755.519531
35.36292144,255210.6839,4208536.285,3755.526123
35.40109103,255210.6565,4208536.311,3755.526123
35.43926062,255210.629,4208536.338,3755.526367
35.47743021,255210.6016,4208536.364,3755.527832
35.5155998,255210.5741,4208536.391,3755.530029
35.55376939,255210.5467,4208536.417,3755.532471
35.59193898,255210.5192,4208536.444,3755.536377
35.63010857,255210.4917,4208536.47,3755.540527
35.66827816,255210.4643,4208536.497,3755.545166
35.70644774,255210.4368,4208536.523,3755.550781
35.74461733,255210.4094,4208536.55,3755.556152
35.78278692,255210.3819,4208536.576,3755.561523
35.82095651,255210.3544,4208536.603,3755.56665
35.8591261,255210.327,4208536.629,3755.572998
35.89729569,255210.2995,4208536.656,3755.579346
35.93546528,255210.2721,4208536.682,3755.586182
35.97363487,255210.2446,4208536.709,3755.595703
36.01180446,255210.2171,4208536.735,3755.604248
36.04997404,255210.1897,4208536.762,3755.614014
36.08814363,255210.1622,4208536.788,3755.624268
36.12631322,255210.1348,4208536.815,3755.635986
36.16448281,255210.1073,4208536.841,3755.648682
36.2026524,255210.0798,4208536.868,3755.661377
36.24082199,255210.0524,4208536.894,3755.675293
36.27899158,255210.0249,4208536.921,3755.689453
36.31716117,255209.9975,4208536.947,3755.702393
36.35533076,255209.97,4208536.974,3755.716797
36.39350034,255209.9425,4208537.001,3755.731689
36.43166993,255209.9151,4208537.027,3755.743896
36.46983952,255209.8876,4208537.054,3755.756592
36.50800911,255209.8602,4208537.08,3755.771484
36.5461787,255209.8327,4208537.107,3755.78418
36.58434829,255209.8053,4208537.133,3755.802734
36.62251788,255209.7778,4208537.16,3755.810059
36.66068747,255209.7503,4208537.186,3755.816162
36.69885706,255209.7229,4208537.213,3755.821777
36.73702665,255209.6954,4208537.239,3755.824219
36.77519623,255209.668,4208537.266,3755.825439
36.81336582,255209.6405,4208537.292,3755.824951
36.85153541,255209.613,4208537.319,3755.823486
36.889705,255209.5856,4208537.345,3755.821533
36.92787459,255209.5581,4208537.372,3755.815674
36.96604418,255209.5307,4208537.398,3755.811035
37.00421377,255209.5032,4208537.425,3755.803955
37.04238336,255209.4757,4208537.451,3755.79541
37.08055295,255209.4483,4208537.478,3755.786377
37.11872253,255209.4208,4208537.504,3755.777344
37.15689212,255209.3934,4208537.531,3755.767578
37.19506171,255209.3659,4208537.557,3755.758301
37.2332313,255209.3384,4208537.584,3755.749756
37.27140089,255209.311,4208537.61,3755.741699
37.30957048,255209.2835,4208537.637,3755.734619
37.34774007,255209.2561,4208537.663,3755.727295
37.38590966,255209.2286,4208537.69,3755.722168
37.42407925,255209.2011,4208537.716,3755.716553
37.46224883,255209.1737,4208537.743,3755.711914
37.50041842,255209.1462,4208537.769,3755.709229
37.53858801,255209.1188,4208537.796,3755.704346
37.5767576,255209.0913,4208537.822,3755.701172
37.61492719,255209.0639,4208537.849,3755.699463
37.65309678,255209.0364,4208537.875,3755.697021
37.69126637,255209.0089,4208537.902,3755.693848
37.72943596,255208.9815,4208537.928,3755.690918
37.76760555,255208.954,4208537.955,3755.688965
37.80577513,255208.9266,4208537.981,3755.700195
37.84394472,255208.8991,4208538.008,3755.698975
37.88211431,255208.8716,4208538.034,3755.697021
37.9202839,255208.8442,4208538.061,3755.693848
37.95845349,255208.8167,4208538.088,3755.69043
37.99662308,255208.7893,4208538.114,3755.689209
38.03479267,255208.7618,4208538.141,3755.688477
38.07296226,255208.7343,4208538.167,3755.6875
38.11113185,255208.7069,4208538.194,3755.686523
38.14930143,255208.6794,4208538.22,3755.684326
38.18747102,255208.652,4208538.247,3755.681641
38.22564061,255208.6245,4208538.273,3755.68042
38.2638102,255208.597,4208538.3,3755.679688
38.30197979,255208.5696,4208538.326,3755.678955
38.34014938,255208.5421,4208538.353,3755.678467
38.37831897,255208.5147,4208538.379,3755.677734
38.41648856,255208.4872,4208538.406,3755.67749
38.45465815,255208.4597,4208538.432,3755.67749
38.49282773,255208.4323,4208538.459,3755.676758
38.53099732,255208.4048,4208538.485,3755.675781
38.56916691,255208.3774,4208538.512,3755.675537
38.6073365,255208.3499,4208538.538,3755.675293
38.64550609,255208.3225,4208538.565,3755.674805
38.68367568,255208.295,4208538.591,3755.674316
38.72184527,255208.2675,4208538.618,3755.673584
38.76001486,255208.2401,4208538.644,3755.67334
38.79818445,255208.2126,4208538.671,3755.67334
38.83635403,255208.1852,4208538.697,3755.67334
38.87452362,255208.1577,4208538.724,3755.67334
38.91269321,255208.1302,4208538.75,3755.673584
38.9508628,255208.1028,4208538.777,3755.673584
38.98903239,255208.0753,4208538.803,3755.673828
39.02720198,255208.0479,4208538.83,3755.689697
39.06537157,255208.0204,4208538.856,3755.689697
39.10354116,255207.9929,4208538.883,3755.689453
39.14171075,255207.9655,4208538.909,3755.688721
39.17988033,255207.938,4208538.936,3755.688232
39.21804992,255207.9106,4208538.962,3755.687012
39.25621951,255207.8831,4208538.989,3755.686523
39.2943891,255207.8556,4208539.015,3755.686035
39.33255869,255207.8282,4208539.042,3755.685547
39.37072828,255207.8007,4208539.068,3755.685303
39.40889787,255207.7733,4208539.095,3755.684814
39.44706746,255207.7458,4208539.121,3755.684326
39.48523705,255207.7183,4208539.148,3755.681641
39.52340663,255207.6909,4208539.175,3755.679932
39.56157622,255207.6634,4208539.201,3755.677734
39.59974581,255207.636,4208539.228,3755.675537
39.6379154,255207.6085,4208539.254,3755.672852
39.67608499,255207.5811,4208539.281,3755.670898
39.71425458,255207.5536,4208539.307,3755.669189
39.75242417,255207.5261,4208539.334,3755.667725
39.79059376,255207.4987,4208539.36,3755.665283
39.82876335,255207.4712,4208539.387,3755.662842
39.86693293,255207.4438,4208539.413,3755.660156
39.90510252,255207.4163,4208539.44,3755.657227
39.94327211,255207.3888,4208539.466,3755.655518
39.9814417,255207.3614,4208539.493,3755.654297
40.01961129,255207.3339,4208539.519,3755.653076
40.05778088,255207.3065,4208539.546,3755.651123
40.09595047,255207.279,4208539.572,3755.64917
40.13412006,255207.2515,4208539.599,3755.647461
40.17228965,255207.2241,4208539.625,3755.645996
40.21045923,255207.1966,4208539.652,3755.645752
40.24862882,255207.1692,4208539.678,3755.656738
40.28679841,255207.1417,4208539.705,3755.656738
40.324968,255207.1142,4208539.731,3755.656982
40.36313759,255207.0868,4208539.758,3755.657227
40.40130718,255207.0593,4208539.784,3755.657227
40.43947677,255207.0319,4208539.811,3755.658447
40.47764636,255207.0044,4208539.837,3755.659668
40.51581595,255206.9769,4208539.864,3755.660156
40.55398553,255206.9495,4208539.89,3755.661133
40.59215512,255206.922,4208539.917,3755.66333
40.63032471,255206.8946,4208539.943,3755.665039
40.6684943,255206.8671,4208539.97,3755.666748
40.70666389,255206.8397,4208539.996,3755.667236
40.74483348,255206.8122,4208540.023,3755.667725
40.78300307,255206.7847,4208540.049,3755.669922
40.82117266,255206.7573,4208540.076,3755.672363
40.85934225,255206.7298,4208540.102,3755.674561
40.89751183,255206.7024,4208540.129,3755.676758
40.93568142,255206.6749,4208540.155,3755.677979
40.97385101,255206.6474,4208540.182,3755.678223
41.0120206,255206.62,4208540.209,3755.678711
41.05019019,255206.5925,4208540.235,3755.678955
41.08835978,255206.5651,4208540.262,3755.68042
41.12652937,255206.5376,4208540.288,3755.682129
41.16469896,255206.5101,4208540.315,3755.683105
41.20286855,255206.4827,4208540.341,3755.683838
41.24103813,255206.4552,4208540.368,3755.684326
41.27920772,255206.4278,4208540.394,3755.685059
41.31737731,255206.4003,4208540.421,3755.685547
41.3555469,255206.3728,4208540.447,3755.686523
41.39371649,255206.3454,4208540.474,3755.688721
41.43188608,255206.3179,4208540.5,3755.690918
41.47005567,255206.2905,4208540.527,3755.701172
41.50822526,255206.263,4208540.553,3755.702881
41.54639485,255206.2355,4208540.58,3755.703369
41.58456443,255206.2081,4208540.606,3755.704346
41.62273402,255206.1806,4208540.633,3755.705078
41.66090361,255206.1532,4208540.659,3755.706299
41.6990732,255206.1257,4208540.686,3755.70874
41.73724279,255206.0983,4208540.712,3755.710449
41.77541238,255206.0708,4208540.739,3755.71167
41.81358197,255206.0433,4208540.765,3755.712646
41.85175156,255206.0159,4208540.792,3755.713623
41.88992115,255205.9884,4208540.818,3755.714844
41.92809073,255205.961,4208540.845,3755.716553
41.96626032,255205.9335,4208540.871,3755.718262
42.00442991,255205.906,4208540.898,3755.719482
42.0425995,255205.8786,4208540.924,3755.720703
42.08076909,255205.8511,4208540.951,3755.722412
42.11893868,255205.8237,4208540.977,3755.724121
42.15710827,255205.7962,4208541.004,3755.725586
42.19527786,255205.7687,4208541.03,3755.728027
42.23344745,255205.7413,4208541.057,3755.729492
42.27161703,255205.7138,4208541.083,3755.731445
42.30978662,255205.6864,4208541.11,3755.733887
42.34795621,255205.6589,4208541.136,3755.737793
42.3861258,255205.6314,4208541.163,3755.741211
42.42429539,255205.604,4208541.189,3755.74585
42.46246498,255205.5765,4208541.216,3755.75
42.50063457,255205.5491,4208541.242,3755.753906
42.53880416,255205.5216,4208541.269,3755.759033
42.57697375,255205.4941,4208541.296,3755.76416
42.61514333,255205.4667,4208541.322,3755.767334
42.65331292,255205.4392,4208541.349,3755.770508
42.69148251,255205.4118,4208541.375,3755.787109
42.7296521,255205.3843,4208541.402,3755.790771
42.76782169,255205.3569,4208541.428,3755.795166
42.80599128,255205.3294,4208541.455,3755.798828
42.84416087,255205.3019,4208541.481,3755.801758
42.88233046,255205.2745,4208541.508,3755.803467
42.92050005,255205.247,4208541.534,3755.806152
42.95866963,255205.2196,4208541.561,3755.809326
42.99683922,255205.1921,4208541.587,3755.811279
43.03500881,255205.1646,4208541.614,3755.811768
43.0731784,255205.1372,4208541.64,3755.811768
43.11134799,255205.1097,4208541.667,3755.811768
43.14951758,255205.0823,4208541.693,3755.810059
43.18768717,255205.0548,4208541.72,3755.809082
43.22585676,255205.0273,4208541.746,3755.807373
43.26402635,255204.9999,4208541.773,3755.805664
43.30219593,255204.9724,4208541.799,3755.804199
43.34036552,255204.945,4208541.826,3755.802979
43.37853511,255204.9175,4208541.852,3755.802246
43.4167047,255204.89,4208541.879,3755.80127
43.45487429,255204.8626,4208541.905,3755.800049
43.49304388,255204.8351,4208541.932,3755.798584
43.53121347,255204.8077,4208541.958,3755.797363
43.56938306,255204.7802,4208541.985,3755.796631
43.60755265,255204.7527,4208542.011,3755.796143
43.64572223,255204.7253,4208542.038,3755.795654
43.68389182,255204.6978,4208542.064,3755.794922
43.72206141,255204.6704,4208542.091,3755.794434
43.760231,255204.6429,4208542.117,3755.794434
43.79840059,255204.6155,4208542.144,3755.794434
43.83657018,255204.588,4208542.17,3755.794678
43.87473977,255204.5605,4208542.197,3755.795654
43.91290936,255204.5331,4208542.223,3755.806641
43.95107895,255204.5056,4208542.25,3755.807373
43.98924853,255204.4782,4208542.276,3755.809326
44.02741812,255204.4507,4208542.303,3755.812012
44.06558771,255204.4232,4208542.329,3755.813477
44.1037573,255204.3958,4208542.356,3755.814209
44.14192689,255204.3683,4208542.383,3755.814697
44.18009648,255204.3409,4208542.409,3755.814941
44.21826607,255204.3134,4208542.436,3755.816162
44.25643566,255204.2859,4208542.462,3755.816895
44.29460525,255204.2585,4208542.489,3755.817139
44.33277483,255204.231,4208542.515,3755.817871
44.37094442,255204.2036,4208542.542,3755.818848
44.40911401,255204.1761,4208542.568,3755.820557
44.4472836,255204.1486,4208542.595,3755.821045
44.48545319,255204.1212,4208542.621,3755.821777
44.52362278,255204.0937,4208542.648,3755.822021
44.56179237,255204.0663,4208542.674,3755.822021
44.59996196,255204.0388,4208542.701,3755.822021
44.63813155,255204.0113,4208542.727,3755.822021
44.67630113,255203.9839,4208542.754,3755.822266
44.71447072,255203.9564,4208542.78,3755.822998
44.75264031,255203.929,4208542.807,3755.82373
44.7908099,255203.9015,4208542.833,3755.824463
44.82897949,255203.8741,4208542.86,3755.826172
44.86714908,255203.8466,4208542.886,3755.828613
44.90531867,255203.8191,4208542.913,3755.831299
44.94348826,255203.7917,4208542.939,3755.848633
44.98165785,255203.7642,4208542.966,3755.851807
45.01982744,255203.7368,4208542.992,3755.854492
45.05799702,255203.7093,4208543.019,3755.857666
45.09616661,255203.6818,4208543.045,3755.861572
45.1343362,255203.6544,4208543.072,3755.874756
45.17250579,255203.6269,4208543.098,3755.878418
45.21067538,255203.5995,4208543.125,3755.881836
45.24884497,255203.572,4208543.151,3755.884521
45.28701456,255203.5445,4208543.178,3755.887695
45.32349761,255203.5205,4208543.205,3755.87915
45.35998067,255203.4964,4208543.233,3755.881592
45.39646373,255203.4723,4208543.26,3755.883789
45.43294679,255203.4483,4208543.288,3755.885986
45.46942984,255203.4242,4208543.315,3755.888184
45.5059129,255203.4001,4208543.342,3755.891357
45.54239596,255203.376,4208543.37,3755.894043
45.57887902,255203.352,4208543.397,3755.896484
45.61536207,255203.3279,4208543.425,3755.888428
45.65184513,255203.3038,4208543.452,3755.890869
45.68832819,255203.2798,4208543.479,3755.893555
45.72481125,255203.2557,4208543.507,3755.895264
45.7612943,255203.2316,4208543.534,3755.897461
45.79777736,255203.2075,4208543.562,3755.898926
45.83426042,255203.1835,4208543.589,3755.900146
45.87074348,255203.1594,4208543.617,3755.901611
45.90722653,255203.1353,4208543.644,3755.892822
45.94370959,255203.1113,4208543.671,3755.894043
45.98019265,255203.0872,4208543.699,3755.894775
46.01667571,255203.0631,4208543.726,3755.89624
46.05315876,255203.039,4208543.754,3755.897949
46.08964182,255203.015,4208543.781,3755.899414
46.12612488,255202.9909,4208543.808,3755.900146
46.16260794,255202.9668,4208543.836,3755.900879
46.19909099,255202.9428,4208543.863,3755.901855
46.23557405,255202.9187,4208543.891,3755.887939
46.27205711,255202.8946,4208543.918,3755.888428
46.30854017,255202.8705,4208543.946,3755.890381
46.34502322,255202.8465,4208543.973,3755.891113
46.38150628,255202.8224,4208544,3755.891602
46.41798934,255202.7983,4208544.028,3755.89209
46.4544724,255202.7743,4208544.055,3755.893311
46.49095545,255202.7502,4208544.083,3755.89502
46.52743851,255202.7261,4208544.11,3755.882568
46.56392157,255202.702,4208544.137,3755.886963
46.60040463,255202.678,4208544.165,3755.890381
46.63688768,255202.6539,4208544.192,3755.893311
46.67337074,255202.6298,4208544.22,3755.89624
46.7098538,255202.6057,4208544.247,3755.900146
46.74633685,255202.5817,4208544.274,3755.904297
46.78281991,255202.5576,4208544.302,3755.906494
46.81930297,255202.5335,4208544.329,3755.894287
46.85578603,255202.5095,4208544.357,3755.89624
46.89226908,255202.4854,4208544.384,3755.900146
46.92875214,255202.4613,4208544.412,3755.904053
46.9652352,255202.4372,4208544.439,3755.90625
47.00171826,255202.4132,4208544.466,3755.907227
47.03820131,255202.3891,4208544.494,3755.908691
47.07468437,255202.365,4208544.521,3755.911621
47.11116743,255202.341,4208544.549,3755.91748
47.14765049,255202.3169,4208544.576,3755.906738
47.18413354,255202.2928,4208544.603,3755.909668
47.2206166,255202.2687,4208544.631,3755.916504
47.25709966,255202.2447,4208544.658,3755.921387
47.29358272,255202.2206,4208544.686,3755.927979
47.33006577,255202.1965,4208544.713,3755.935303
47.36654883,255202.1725,4208544.741,3755.943359
47.40303189,255202.1484,4208544.768,3755.950928
47.43951495,255202.1243,4208544.795,3755.940674
47.475998,255202.1002,4208544.823,3755.950195
47.51248106,255202.0762,4208544.85,3755.958984
47.54896412,255202.0521,4208544.878,3755.968018
47.58544718,255202.028,4208544.905,3755.977539
47.62193023,255202.004,4208544.932,3755.986328
47.65841329,255201.9799,4208544.96,3755.994629
47.69489635,255201.9558,4208544.987,3756.003418
47.73137941,255201.9317,4208545.015,3755.994385
47.76786246,255201.9077,4208545.042,3756.001709
47.80434552,255201.8836,4208545.07,3756.009033
47.84082858,255201.8595,4208545.097,3756.014404
47.87731164,255201.8355,4208545.124,3756.021973
47.91379469,255201.8114,4208545.152,3756.025146
47.95027775,255201.7873,4208545.179,3756.02832
47.98676081,255201.7632,4208545.207,3756.032959
48.02324387,255201.7392,4208545.234,3756.020508
48.05972692,255201.7151,4208545.261,3756.022705
48.09620998,255201.691,4208545.289,3756.023438
48.13269304,255201.667,4208545.316,3756.022949
48.1691761,255201.6429,4208545.344,3756.021729
48.20565915,255201.6188,4208545.371,3756.020996
48.24214221,255201.5947,4208545.398,3756.020752
48.27862527,255201.5707,4208545.426,3756.02002
48.31510833,255201.5466,4208545.453,3756.019043
48.35159138,255201.5225,4208545.481,3756.004395
48.38807444,255201.4985,4208545.508,3756.003174
48.4245575,255201.4744,4208545.536,3756.002197
48.46104055,255201.4503,4208545.563,3756.001221
48.49752361,255201.4262,4208545.59,3756.000488
48.53400667,255201.4022,4208545.618,3756.000244
48.57048973,255201.3781,4208545.645,3756.000488
48.60697278,255201.354,4208545.673,3756.001221
48.64345584,255201.33,4208545.7,3755.986816
48.6799389,255201.3059,4208545.727,3755.976074
48.71642196,255201.2818,4208545.755,3755.979492
48.75290501,255201.2577,4208545.782,3755.985352
48.78938807,255201.2337,4208545.81,3755.989258
48.82587113,255201.2096,4208545.837,3755.996826
48.86235419,255201.1855,4208545.865,3756.00293
48.89883724,255201.1615,4208545.892,3756.010742
48.9353203,255201.1374,4208545.919,3755.999268
48.97180336,255201.1133,4208545.947,3756.007324
49.00828642,255201.0892,4208545.974,3756.015625
49.04476947,255201.0652,4208546.002,3756.024658
49.08125253,255201.0411,4208546.029,3756.033691
49.11773559,255201.017,4208546.056,3756.043701
49.15421865,255200.993,4208546.084,3756.053467
49.1907017,255200.9689,4208546.111,3756.062988
49.22718476,255200.9448,4208546.139,3756.071777
49.26366782,255200.9207,4208546.166,3756.061768
49.30015088,255200.8967,4208546.194,3756.070313
49.33663393,255200.8726,4208546.221,3756.078857
49.37311699,255200.8485,4208546.248,3756.087402
49.40960005,255200.8245,4208546.276,3756.095947
49.44608311,255200.8004,4208546.303,3756.102783
49.48256616,255200.7763,4208546.331,3756.109131
49.51904922,255200.7522,4208546.358,3756.114746
49.55553228,255200.7282,4208546.385,3756.104248
49.59201534,255200.7041,4208546.413,3756.109863
49.62849839,255200.68,4208546.44,3756.11499
49.66498145,255200.656,4208546.468,3756.119629
49.70146451,255200.6319,4208546.495,3756.123535
49.73794757,255200.6078,4208546.522,3756.127197
49.77443062,255200.5837,4208546.55,3756.131104
49.81091368,255200.5597,4208546.577,3756.134766
49.84739674,255200.5356,4208546.605,3756.125732
49.8838798,255200.5115,4208546.632,3756.130371
49.92036285,255200.4875,4208546.66,3756.134277
49.95684591,255200.4634,4208546.687,3756.138428
49.99332897,255200.4393,4208546.714,3756.143555
50.02981202,255200.4152,4208546.742,3756.147949
50.06629508,255200.3912,4208546.769,3756.153564
50.10277814,255200.3671,4208546.797,3756.159912
50.1392612,255200.343,4208546.824,3756.166504
50.17574425,255200.319,4208546.851,3756.158203
50.21222731,255200.2949,4208546.879,3756.165283
50.24871037,255200.2708,4208546.906,3756.171875
50.28519343,255200.2467,4208546.934,3756.179932
50.32167648,255200.2227,4208546.961,3756.186035
50.35815954,255200.1986,4208546.989,3756.193115
50.3946426,255200.1745,4208547.016,3756.200195
50.43112566,255200.1505,4208547.043,3756.207031
50.46760871,255200.1264,4208547.071,3756.198242
50.50409177,255200.1023,4208547.098,3756.205811
50.54057483,255200.0782,4208547.126,3756.213379
50.57705789,255200.0542,4208547.153,3756.220947
50.61354094,255200.0301,4208547.18,3756.228516
50.650024,255200.006,4208547.208,3756.23584
50.68650706,255199.9819,4208547.235,3756.243164
50.72299012,255199.9579,4208547.263,3756.250732
50.75947317,255199.9338,4208547.29,3756.241455
50.79595623,255199.9097,4208547.318,3756.249023
50.83243929,255199.8857,4208547.345,3756.256348
50.86892235,255199.8616,4208547.372,3756.264893
50.9054054,255199.8375,4208547.4,3756.273193
50.94188846,255199.8134,4208547.427,3756.282715
50.97837152,255199.7894,4208547.455,3756.293213
51.01485458,255199.7653,4208547.482,3756.305176
51.05133763,255199.7412,4208547.509,3756.293701
51.08782069,255199.7172,4208547.537,3756.306396
51.12430375,255199.6931,4208547.564,3756.319336
51.16078681,255199.669,4208547.592,3756.33374
51.19726986,255199.6449,4208547.619,3756.348877
51.23375292,255199.6209,4208547.647,3756.364746
51.27023598,255199.5968,4208547.674,3756.382324
51.30671904,255199.5727,4208547.701,3756.398682
51.34320209,255199.5487,4208547.729,3756.416016
51.37968515,255199.5246,4208547.756,3756.407715
51.41616821,255199.5005,4208547.784,3756.424072
51.45265127,255199.4764,4208547.811,3756.440918
51.48913432,255199.4524,4208547.838,3756.45459
51.52561738,255199.4283,4208547.866,3756.468506
51.56210044,255199.4042,4208547.893,3756.479736
51.59858349,255199.3802,4208547.921,3756.490234
51.63506655,255199.3561,4208547.948,3756.499756
51.67154961,255199.332,4208547.975,3756.494629
51.70803267,255199.3079,4208548.003,3756.50415
51.74451572,255199.2839,4208548.03,3756.512939
51.78099878,255199.2598,4208548.058,3756.523438
51.81748184,255199.2357,4208548.085,3756.532959
51.8539649,255199.2117,4208548.113,3756.544922
51.89044795,255199.1876,4208548.14,3756.558594
51.92693101,255199.1635,4208548.167,3756.572998
51.96341407,255199.1394,4208548.195,3756.567383
51.99989713,255199.1154,4208548.222,3756.584229
52.03638018,255199.0913,4208548.25,3756.601318
52.07286324,255199.0672,4208548.277,3756.62085
52.1093463,255199.0432,4208548.304,3756.639893
52.14582936,255199.0191,4208548.332,3756.657471
52.18231241,255198.995,4208548.359,3756.673828
52.21879547,255198.9709,4208548.387,3756.687988
52.25527853,255198.9469,4208548.414,3756.701904
52.29176159,255198.9228,4208548.442,3756.698242
52.32824464,255198.8987,4208548.469,3756.71167
52.3647277,255198.8747,4208548.496,3756.723877
52.40121076,255198.8506,4208548.524,3756.734131
52.43769382,255198.8265,4208548.551,3756.747314
52.47417687,255198.8024,4208548.579,3756.760986
52.51065993,255198.7784,4208548.606,3756.774414
52.54714299,255198.7543,4208548.633,3756.787354
52.58362605,255198.7302,4208548.661,3756.787354
52.6201091,255198.7062,4208548.688,3756.801025
52.65659216,255198.6821,4208548.716,3756.814453
52.69307522,255198.658,4208548.743,3756.827393
52.72955828,255198.6339,4208548.771,3756.841064
52.76604133,255198.6099,4208548.798,3756.853516
52.80252439,255198.5858,4208548.825,3756.866211
52.83900745,255198.5617,4208548.853,3756.87793
52.87549051,255198.5377,4208548.88,3756.879639
52.91197356,255198.5136,4208548.908,3756.889893
52.94845662,255198.4895,4208548.935,3756.899414
52.98493968,255198.4654,4208548.962,3756.908447
53.02142274,255198.4414,4208548.99,3756.916992
53.05790579,255198.4173,4208549.017,3756.925049
53.09438885,255198.3932,4208549.045,3756.931152
53.13087191,255198.3692,4208549.072,3756.935791
53.16735496,255198.3451,4208549.099,3756.941162
53.20383802,255198.321,4208549.127,3756.939697
53.24032108,255198.2969,4208549.154,3756.943848
53.27680414,255198.2729,4208549.182,3756.948975
53.31328719,255198.2488,4208549.209,3756.95459
53.34977025,255198.2247,4208549.237,3756.960938
53.38625331,255198.2007,4208549.264,3756.967285
53.42273637,255198.1766,4208549.291,3756.973877
53.45921942,255198.1525,4208549.319,3756.981445
53.49570248,255198.1284,4208549.346,3756.978027
53.53218554,255198.1044,4208549.374,3756.984131
53.5686686,255198.0803,4208549.401,3756.990234
53.60515165,255198.0562,4208549.428,3756.996338
53.64163471,255198.0322,4208549.456,3757.001465
53.67811777,255198.0081,4208549.483,3757.006836
53.71460083,255197.984,4208549.511,3757.012207
53.75108388,255197.9599,4208549.538,3757.017334
53.78756694,255197.9359,4208549.566,3757.013184
53.82405,255197.9118,4208549.593,3757.017578
53.86053306,255197.8877,4208549.62,3757.022461
53.89701611,255197.8637,4208549.648,3757.026611
53.93349917,255197.8396,4208549.675,3757.030518
53.96998223,255197.8155,4208549.703,3757.03418
54.00646529,255197.7914,4208549.73,3757.037354
54.04294834,255197.7674,4208549.757,3757.040771
54.0794314,255197.7433,4208549.785,3757.036621
54.11591446,255197.7192,4208549.812,3757.040283
54.15239752,255197.6952,4208549.84,3757.043701
54.18888057,255197.6711,4208549.867,3757.047363
54.22536363,255197.647,4208549.895,3757.050781
54.26184669,255197.6229,4208549.922,3757.054932
54.29832975,255197.5989,4208549.949,3757.059326
54.3348128,255197.5748,4208549.977,3757.063965
54.37129586,255197.5507,4208550.004,3757.068848
54.40777892,255197.5266,4208550.032,3757.06665
54.44426198,255197.5026,4208550.059,3757.071777
54.48074503,255197.4785,4208550.086,3757.077881
54.51722809,255197.4544,4208550.114,3757.083984
54.55371115,255197.4304,4208550.141,3757.091553
54.59019421,255197.4063,4208550.169,3757.100342
54.62667726,255197.3822,4208550.196,3757.109863
54.66316032,255197.3581,4208550.224,3757.118896
54.69964338,255197.3341,4208550.251,3757.117188
54.73612643,255197.31,4208550.278,3757.126221
54.77260949,255197.2859,4208550.306,3757.134766
54.80909255,255197.2619,4208550.333,3757.143311
54.84557561,255197.2378,4208550.361,3757.151123
54.88205866,255197.2137,4208550.388,3757.158447
54.91854172,255197.1896,4208550.415,3757.165283
54.95502478,255197.1656,4208550.443,3757.171631
54.99150784,255197.1415,4208550.47,3757.170898
55.02799089,255197.1174,4208550.498,3757.177734
55.06447395,255197.0934,4208550.525,3757.184082
55.10095701,255197.0693,4208550.552,3757.190186
55.13744007,255197.0452,4208550.58,3757.196045
55.17392312,255197.0211,4208550.607,3757.202148
55.21040618,255196.9971,4208550.635,3757.207275
55.24688924,255196.973,4208550.662,3757.211426
55.2833723,255196.9489,4208550.69,3757.214111
55.31985535,255196.9249,4208550.717,3757.212891
55.35633841,255196.9008,4208550.744,3757.21582
55.39282147,255196.8767,4208550.772,3757.218506
55.42930453,255196.8526,4208550.799,3757.220947
55.46578758,255196.8286,4208550.827,3757.223145
55.50227064,255196.8045,4208550.854,3757.224854
55.5387537,255196.7804,4208550.881,3757.226318
55.57523676,255196.7564,4208550.909,3757.227295
55.61171981,255196.7323,4208550.936,3757.224854
55.64820287,255196.7082,4208550.964,3757.225342
55.68468593,255196.6841,4208550.991,3757.22583
55.72116899,255196.6601,4208551.019,3757.225342
55.75765204,255196.636,4208551.046,3757.224609
55.7941351,255196.6119,4208551.073,3757.223877
55.83061816,255196.5879,4208551.101,3757.222656
55.86710122,255196.5638,4208551.128,3757.220947
55.90358427,255196.5397,4208551.156,3757.217773
55.94006733,255196.5156,4208551.183,3757.21582
55.97655039,255196.4916,4208551.21,3757.213623
56.01303345,255196.4675,4208551.238,3757.210693
56.0495165,255196.4434,4208551.265,3757.207764
56.08599956,255196.4194,4208551.293,3757.20459
56.12248262,255196.3953,4208551.32,3757.200439
56.15896568,255196.3712,4208551.348,3757.195801
56.19544873,255196.3471,4208551.375,3757.190918
56.23193179,255196.3231,4208551.402,3757.186035
56.26841485,255196.299,4208551.43,3757.18042
56.3048979,255196.2749,4208551.457,3757.174316
56.34138096,255196.2509,4208551.485,3757.167725
56.37786402,255196.2268,4208551.512,3757.160156
56.41434708,255196.2027,4208551.539,3757.151611
56.45083013,255196.1786,4208551.567,3757.143066
56.48731319,255196.1546,4208551.594,3757.134766
56.52379625,255196.1305,4208551.622,3757.129639
56.56027931,255196.1064,4208551.649,3757.122559
56.59676236,255196.0824,4208551.676,3757.115967
56.63324542,255196.0583,4208551.704,3757.110107
56.66972848,255196.0342,4208551.731,3757.105469
56.70621154,255196.0101,4208551.759,3757.102783
56.74269459,255195.9861,4208551.786,3757.101074
56.77917765,255195.962,4208551.814,3757.099854
56.81566071,255195.9379,4208551.841,3757.098633
56.85214377,255195.9139,4208551.868,3757.097656
56.88862682,255195.8898,4208551.896,3757.096436
56.92510988,255195.8657,4208551.923,3757.095215
56.96159294,255195.8416,4208551.951,3757.093994
56.998076,255195.8176,4208551.978,3757.092773
57.03455905,255195.7935,4208552.005,3757.091064
57.07104211,255195.7694,4208552.033,3757.089844
57.10752517,255195.7454,4208552.06,3757.086914
57.14400823,255195.7213,4208552.088,3757.085205
57.18049128,255195.6972,4208552.115,3757.083252
57.21697434,255195.6731,4208552.143,3757.081299
57.2534574,255195.6491,4208552.17,3757.078857
57.28994046,255195.625,4208552.197,3757.077148
57.32642351,255195.6009,4208552.225,3757.074951
57.36290657,255195.5769,4208552.252,3757.073975
57.39938963,255195.5528,4208552.28,3757.073242
57.43587269,255195.5287,4208552.307,3757.072266
57.47235574,255195.5046,4208552.334,3757.071777
57.5088388,255195.4806,4208552.362,3757.071533
57.54532186,255195.4565,4208552.389,3757.071533
57.58180492,255195.4324,4208552.417,3757.071289
57.61828797,255195.4084,4208552.444,3757.071289
57.65477103,255195.3843,4208552.472,3757.071289
57.69125409,255195.3602,4208552.499,3757.071533
57.72773715,255195.3361,4208552.526,3757.071533
57.7642202,255195.3121,4208552.554,3757.071533
57.80070326,255195.288,4208552.581,3757.071533
57.83718632,255195.2639,4208552.609,3757.071777
57.87366937,255195.2399,4208552.636,3757.072021
57.91015243,255195.2158,4208552.663,3757.072266
57.94663549,255195.1917,4208552.691,3757.07251
57.98311855,255195.1676,4208552.718,3757.072998
58.0196016,255195.1436,4208552.746,3757.073486
58.05608466,255195.1195,4208552.773,3757.074219
58.09256772,255195.0954,4208552.8,3757.076172
58.12905078,255195.0714,4208552.828,3757.079834
58.16553383,255195.0473,4208552.855,3757.085938
58.20201689,255195.0232,4208552.883,3757.09375
58.23849995,255194.9991,4208552.91,3757.102539
58.27498301,255194.9751,4208552.938,3757.112793
58.31146606,255194.951,4208552.965,3757.124268
58.34794912,255194.9269,4208552.992,3757.132813
58.38443218,255194.9028,4208553.02,3757.14502
58.42091524,255194.8788,4208553.047,3757.156494
58.45739829,255194.8547,4208553.075,3757.168457
58.49388135,255194.8306,4208553.102,3757.18042
58.53036441,255194.8066,4208553.129,3757.191406
58.56684747,255194.7825,4208553.157,3757.202881
58.60333052,255194.7584,4208553.184,3757.211914
58.63981358,255194.7343,4208553.212,3757.217041
58.67629664,255194.7103,4208553.239,3757.22168
58.7127797,255194.6862,4208553.267,3757.224365
58.74926275,255194.6621,4208553.294,3757.226807
58.78574581,255194.6381,4208553.321,3757.228271
58.82222887,255194.614,4208553.349,3757.229736
58.85871193,255194.5899,4208553.376,3757.230225
58.89519498,255194.5658,4208553.404,3757.230713
58.93167804,255194.5418,4208553.431,3757.231445
58.9681611,255194.5177,4208553.458,3757.230469
59.00464416,255194.4936,4208553.486,3757.228027
59.04112721,255194.4696,4208553.513,3757.223633
59.07761027,255194.4455,4208553.541,3757.217041
59.11409333,255194.4214,4208553.568,3757.208984
59.15057639,255194.3973,4208553.596,3757.200439
59.18705944,255194.3733,4208553.623,3757.192139
59.2235425,255194.3492,4208553.65,3757.194824
59.26002556,255194.3251,4208553.678,3757.1875
59.29650862,255194.3011,4208553.705,3757.181396
59.33299167,255194.277,4208553.733,3757.176758
59.36947473,255194.2529,4208553.76,3757.173096
59.40595779,255194.2288,4208553.787,3757.170166
59.44244084,255194.2048,4208553.815,3757.168701
59.4789239,255194.1807,4208553.842,3757.167969
59.51540696,255194.1566,4208553.87,3757.167969
59.55189002,255194.1326,4208553.897,3757.175537
59.58837307,255194.1085,4208553.925,3757.176514
59.62485613,255194.0844,4208553.952,3757.177979
59.66133919,255194.0603,4208553.979,3757.180908
59.69782225,255194.0363,4208554.007,3757.183105
59.7343053,255194.0122,4208554.034,3757.186035
59.77078836,255193.9881,4208554.062,3757.189453
59.80727142,255193.9641,4208554.089,3757.192139
59.84375448,255193.94,4208554.116,3757.198242
59.88023753,255193.9159,4208554.144,3757.200439
59.91672059,255193.8918,4208554.171,3757.202881
59.95320365,255193.8678,4208554.199,3757.205078
59.98968671,255193.8437,4208554.226,3757.207275
60.02616976,255193.8196,4208554.253,3757.209229
60.06265282,255193.7956,4208554.281,3757.211182
60.09567124,255193.7772,4208554.308,3757.215088
60.12868965,255193.7589,4208554.336,3757.216064
60.16170806,255193.7406,4208554.363,3757.216553
60.19472648,255193.7223,4208554.391,3757.219238
60.22774489,255193.704,4208554.418,3757.219238
60.2607633,255193.6857,4208554.446,3757.218994
60.29378172,255193.6673,4208554.473,3757.220703
60.32680013,255193.649,4208554.501,3757.219971
60.35981854,255193.6307,4208554.528,3757.218994
60.39283696,255193.6124,4208554.556,3757.219971
60.42585537,255193.5941,4208554.583,3757.218994
60.45887378,255193.5758,4208554.611,3757.217773
60.4918922,255193.5575,4208554.638,3757.218506
60.52491061,255193.5391,4208554.666,3757.217529
60.55792903,255193.5208,4208554.693,3757.216553
60.59094744,255193.5025,4208554.72,3757.217041
60.62396585,255193.4842,4208554.748,3757.216064
60.65698427,255193.4659,4208554.775,3757.215332
60.69000268,255193.4476,4208554.803,3757.215576
60.72302109,255193.4293,4208554.83,3757.214844
60.75603951,255193.4109,4208554.858,3757.2146
60.78905792,255193.3926,4208554.885,3757.214844
60.82207633,255193.3743,4208554.913,3757.2146
60.85509475,255193.356,4208554.94,3757.214355
60.88811316,255193.3377,4208554.968,3757.214844
60.92113158,255193.3194,4208554.995,3757.2146
60.95414999,255193.301,4208555.023,3757.2146
60.9871684,255193.2827,4208555.05,3757.215332
61.02018682,255193.2644,4208555.078,3757.215332
61.05320523,255193.2461,4208555.105,3757.215576
61.08622364,255193.2278,4208555.133,3757.216309
61.11924206,255193.2095,4208555.16,3757.216797
61.15226047,255193.1912,4208555.188,3757.217529
61.18527888,255193.1728,4208555.215,3757.218994
61.2182973,255193.1545,4208555.242,3757.219727
61.25131571,255193.1362,4208555.27,3757.220947
61.28433413,255193.1179,4208555.297,3757.222168
61.31735254,255193.0996,4208555.325,3757.223389
61.35037095,255193.0813,4208555.352,3757.224365
61.38338937,255193.0629,4208555.38,3757.225586
61.41640778,255193.0446,4208555.407,3757.226563
61.44942619,255193.0263,4208555.435,3757.227295
61.48244461,255193.008,4208555.462,3757.228271
61.51546302,255192.9897,4208555.49,3757.229248
61.54848143,255192.9714,4208555.517,3757.22998
61.58149985,255192.9531,4208555.545,3757.230957
61.61451826,255192.9347,4208555.572,3757.232422
61.64753667,255192.9164,4208555.6,3757.234131
61.68055509,255192.8981,4208555.627,3757.236572
61.7135735,255192.8798,4208555.655,3757.239502
61.74659192,255192.8615,4208555.682,3757.242676
61.77961033,255192.8432,4208555.709,3757.24707
61.81262874,255192.8248,4208555.737,3757.251465
61.84564716,255192.8065,4208555.764,3757.256348
61.87866557,255192.7882,4208555.792,3757.260986
61.91168398,255192.7699,4208555.819,3757.264648
61.9447024,255192.7516,4208555.847,3757.268799
61.97772081,255192.7333,4208555.874,3757.271729
62.01073922,255192.715,4208555.902,3757.273193
62.04375764,255192.6966,4208555.929,3757.273682
62.07677605,255192.6783,4208555.957,3757.273926
62.10979447,255192.66,4208555.984,3757.274658
62.14281288,255192.6417,4208556.012,3757.274658
62.17583129,255192.6234,4208556.039,3757.274414
62.20884971,255192.6051,4208556.067,3757.274902
62.24186812,255192.5867,4208556.094,3757.27417
62.27488653,255192.5684,4208556.122,3757.272705
62.30790495,255192.5501,4208556.149,3757.272949
62.34092336,255192.5318,4208556.177,3757.270752
62.37394177,255192.5135,4208556.204,3757.268555
62.40696019,255192.4952,4208556.231,3757.268555
62.4399786,255192.4769,4208556.259,3757.26709
62.47299702,255192.4585,4208556.286,3757.266113
62.50601543,255192.4402,4208556.314,3757.266357
62.53903384,255192.4219,4208556.341,3757.265625
62.57205226,255192.4036,4208556.369,3757.265137
62.60507067,255192.3853,4208556.396,3757.266113
62.63808908,255192.367,4208556.424,3757.265625
62.6711075,255192.3486,4208556.451,3757.266113
62.70412591,255192.3303,4208556.479,3757.267578
62.73714432,255192.312,4208556.506,3757.27002
62.77016274,255192.2937,4208556.534,3757.273682
62.80318115,255192.2754,4208556.561,3757.277588
62.83619957,255192.2571,4208556.589,3757.282227
62.86921798,255192.2388,4208556.616,3757.286621
62.90223639,255192.2204,4208556.644,3757.290527
62.93525481,255192.2021,4208556.671,3757.293945
62.96827322,255192.1838,4208556.699,3757.297119
63.00129163,255192.1655,4208556.726,3757.299316
63.03431005,255192.1472,4208556.753,3757.301514
63.06732846,255192.1289,4208556.781,3757.303467
63.10034687,255192.1105,4208556.808,3757.304688
63.13336529,255192.0922,4208556.836,3757.307373
63.1663837,255192.0739,4208556.863,3757.312012
63.19940211,255192.0556,4208556.891,3757.313965
63.23242053,255192.0373,4208556.918,3757.31958
63.26543894,255192.019,4208556.946,3757.325439
63.29845736,255192.0007,4208556.973,3757.327393
63.33147577,255191.9823,4208557.001,3757.332764
63.36449418,255191.964,4208557.028,3757.337646
63.3975126,255191.9457,4208557.056,3757.339355
63.43053101,255191.9274,4208557.083,3757.34375
63.46354942,255191.9091,4208557.111,3757.347656
63.49656784,255191.8908,4208557.138,3757.348633
63.52958625,255191.8724,4208557.166,3757.351318
63.56260466,255191.8541,4208557.193,3757.352783
63.59562308,255191.8358,4208557.221,3757.352539
63.62864149,255191.8175,4208557.248,3757.353027
63.66165991,255191.7992,4208557.275,3757.353516
63.69467832,255191.7809,4208557.303,3757.353271
63.72769673,255191.7626,4208557.33,3757.353516
63.76071515,255191.7442,4208557.358,3757.354004
63.79373356,255191.7259,4208557.385,3757.353516
63.82675197,255191.7076,4208557.413,3757.35376
63.85977039,255191.6893,4208557.44,3757.354248
63.8927888,255191.671,4208557.468,3757.35376
63.92580721,255191.6527,4208557.495,3757.35376
63.95882563,255191.6343,4208557.523,3757.354248
63.99184404,255191.616,4208557.55,3757.35376
64.02486246,255191.5977,4208557.578,3757.354248
64.05788087,255191.5794,4208557.605,3757.355225
64.09089928,255191.5611,4208557.633,3757.35498
64.1239177,255191.5428,4208557.66,3757.355713
64.15693611,255191.5245,4208557.688,3757.356689
64.18995452,255191.5061,4208557.715,3757.356934
64.22297294,255191.4878,4208557.742,3757.358643
64.25599135,255191.4695,4208557.77,3757.361084
64.28900976,255191.4512,4208557.797,3757.362061
64.32202818,255191.4329,4208557.825,3757.364746
64.35504659,255191.4146,4208557.852,3757.368896
64.388065,255191.3963,4208557.88,3757.370117
64.42108342,255191.3779,4208557.907,3757.372803
64.45410183,255191.3596,4208557.935,3757.374756
64.48712025,255191.3413,4208557.962,3757.375244
64.52013866,255191.323,4208557.99,3757.376221
64.55315707,255191.3047,4208558.017,3757.377441
64.58617549,255191.2864,4208558.045,3757.37793
64.6191939,255191.268,4208558.072,3757.37915
64.65221231,255191.2497,4208558.1,3757.380371
64.68523073,255191.2314,4208558.127,3757.381348
64.71824914,255191.2131,4208558.155,3757.382813
64.75126755,255191.1948,4208558.182,3757.384521
64.78428597,255191.1765,4208558.21,3757.387207
64.81730438,255191.1582,4208558.237,3757.389648
64.8503228,255191.1398,4208558.264,3757.392334
64.88334121,255191.1215,4208558.292,3757.397217
64.91635962,255191.1032,4208558.319,3757.400146
64.94937804,255191.0849,4208558.347,3757.402344
64.98239645,255191.0666,4208558.374,3757.40625
65.01541486,255191.0483,4208558.402,3757.407471
65.04843328,255191.0299,4208558.429,3757.408447
65.08145169,255191.0116,4208558.457,3757.409424
65.1144701,255190.9933,4208558.484,3757.409912
65.14748852,255190.975,4208558.512,3757.410156
65.18050693,255190.9567,4208558.539,3757.410889
65.21352535,255190.9384,4208558.567,3757.410889
65.24654376,255190.9201,4208558.594,3757.411133
65.27956217,255190.9017,4208558.622,3757.411377
65.31258059,255190.8834,4208558.649,3757.411377
65.345599,255190.8651,4208558.677,3757.411133
65.37861741,255190.8468,4208558.704,3757.410889
65.41163583,255190.8285,4208558.732,3757.409424
65.44465424,255190.8102,4208558.759,3757.407715
65.47767265,255190.7918,4208558.786,3757.406738
65.51069107,255190.7735,4208558.814,3757.404541
65.54370948,255190.7552,4208558.841,3757.401855
65.5767279,255190.7369,4208558.869,3757.400391
65.60974631,255190.7186,4208558.896,3757.396729
65.64276472,255190.7003,4208558.924,3757.392822
65.67578314,255190.682,4208558.951,3757.390137
65.70880155,255190.6636,4208558.979,3757.384521
65.74181996,255190.6453,4208559.006,3757.377686
65.77483838,255190.627,4208559.034,3757.372314
65.80785679,255190.6087,4208559.061,3757.36377
65.8408752,255190.5904,4208559.089,3757.354492
65.87389362,255190.5721,4208559.116,3757.348145
65.90691203,255190.5537,4208559.144,3757.340088
65.93993044,255190.5354,4208559.171,3757.333984
65.97294886,255190.5171,4208559.199,3757.329102
66.00596727,255190.4988,4208559.226,3757.327148
66.03898569,255190.4805,4208559.254,3757.325684
66.0720041,255190.4622,4208559.281,3757.324951
66.10502251,255190.4439,4208559.308,3757.324707
66.13804093,255190.4255,4208559.336,3757.324219
66.17105934,255190.4072,4208559.363,3757.323975
66.20407775,255190.3889,4208559.391,3757.32373
66.23709617,255190.3706,4208559.418,3757.323486
66.27011458,255190.3523,4208559.446,3757.322998
66.30313299,255190.334,4208559.473,3757.322998
66.33615141,255190.3156,4208559.501,3757.322754
66.36916982,255190.2973,4208559.528,3757.32251
66.40218824,255190.279,4208559.556,3757.322998
66.43520665,255190.2607,4208559.583,3757.322754
66.46822506,255190.2424,4208559.611,3757.322266
66.50124348,255190.2241,4208559.638,3757.323242
66.53426189,255190.2058,4208559.666,3757.323486
66.5672803,255190.1874,4208559.693,3757.32373
66.60029872,255190.1691,4208559.721,3757.325684
66.63331713,255190.1508,4208559.748,3757.326904
66.66633554,255190.1325,4208559.775,3757.328369
66.69935396,255190.1142,4208559.803,3757.332031
66.73237237,255190.0959,4208559.83,3757.334473
66.76539079,255190.0775,4208559.858,3757.338135
66.7984092,255190.0592,4208559.885,3757.343018
66.83142761,255190.0409,4208559.913,3757.348145
66.86444603,255190.0226,4208559.94,3757.354492
66.89746444,255190.0043,4208559.968,3757.363281
66.93410405,255189.9769,4208559.992,3757.37207
66.97074366,255189.9495,4208560.016,3757.382324
67.00738327,255189.9221,4208560.041,3757.380615
67.04402287,255189.8947,4208560.065,3757.389648
67.08066248,255189.8674,4208560.09,3757.39624
67.11730209,255189.84,4208560.114,3757.399658
67.1539417,255189.8126,4208560.138,3757.401611
67.19058131,255189.7852,4208560.163,3757.401611
67.22722092,255189.7578,4208560.187,3757.400879
67.26386053,255189.7304,4208560.211,3757.39917
67.30050014,255189.7031,4208560.236,3757.396729
67.33713974,255189.6757,4208560.26,3757.39209
67.37377935,255189.6483,4208560.284,3757.390137
67.41041896,255189.6209,4208560.309,3757.387939
67.44705857,255189.5935,4208560.333,3757.385742
67.48369818,255189.5661,4208560.357,3757.383545
67.52033779,255189.5387,4208560.382,3757.381592
67.5569774,255189.5114,4208560.406,3757.379395
67.59361701,255189.484,4208560.43,3757.376953
67.63025661,255189.4566,4208560.455,3757.374756
67.66689622,255189.4292,4208560.479,3757.371582
67.70353583,255189.4018,4208560.503,3757.369385
67.74017544,255189.3744,4208560.528,3757.366943
67.77681505,255189.3471,4208560.552,3757.365234
67.81345466,255189.3197,4208560.576,3757.363281
67.85009427,255189.2923,4208560.601,3757.361816
67.88673388,255189.2649,4208560.625,3757.360596
67.92337348,255189.2375,4208560.649,3757.359131
67.96001309,255189.2101,4208560.674,3757.358398
67.9966527,255189.1827,4208560.698,3757.354736
68.03329231,255189.1554,4208560.722,3757.354248
68.06993192,255189.128,4208560.747,3757.35376
68.10657153,255189.1006,4208560.771,3757.35376
68.14321114,255189.0732,4208560.795,3757.354248
68.17985075,255189.0458,4208560.82,3757.355469
68.21649035,255189.0184,4208560.844,3757.357178
68.25312996,255188.991,4208560.868,3757.359619
68.28976957,255188.9637,4208560.893,3757.361816
68.32640918,255188.9363,4208560.917,3757.358154
68.36304879,255188.9089,4208560.941,3757.360352
68.3996884,255188.8815,4208560.966,3757.362793
68.43632801,255188.8541,4208560.99,3757.364502
68.47296762,255188.8267,4208561.015,3757.366699
68.50960722,255188.7994,4208561.039,3757.368408
68.54624683,255188.772,4208561.063,3757.370361
68.58288644,255188.7446,4208561.088,3757.371338
68.61952605,255188.7172,4208561.112,3757.372559
68.65616566,255188.6898,4208561.136,3757.368164
68.69280527,255188.6624,4208561.161,3757.368896
68.72944488,255188.635,4208561.185,3757.369141
68.76608449,255188.6077,4208561.209,3757.369385
68.80272409,255188.5803,4208561.234,3757.369385
68.8393637,255188.5529,4208561.258,3757.369141
68.87600331,255188.5255,4208561.282,3757.368896
68.91264292,255188.4981,4208561.307,3757.368652
68.94928253,255188.4707,4208561.331,3757.368652
68.98592214,255188.4434,4208561.355,3757.366455
69.02256175,255188.416,4208561.38,3757.367188
69.05920136,255188.3886,4208561.404,3757.368164
69.09584096,255188.3612,4208561.428,3757.368896
69.13248057,255188.3338,4208561.453,3757.369873
69.16912018,255188.3064,4208561.477,3757.37085
69.20575979,255188.279,4208561.501,3757.371582
69.2423994,255188.2517,4208561.526,3757.373291
69.27903901,255188.2243,4208561.55,3757.374512
69.31567862,255188.1969,4208561.574,3757.374512
69.35231823,255188.1695,4208561.599,3757.376221
69.38895783,255188.1421,4208561.623,3757.378418
69.42559744,255188.1147,4208561.647,3757.380371
69.46223705,255188.0874,4208561.672,3757.382568
69.49887666,255188.06,4208561.696,3757.384521
69.53551627,255188.0326,4208561.72,3757.386963
69.57215588,255188.0052,4208561.745,3757.388916
69.60879549,255187.9778,4208561.769,3757.390869
69.6454351,255187.9504,4208561.793,3757.39209
69.6820747,255187.923,4208561.818,3757.394531
69.71871431,255187.8957,4208561.842,3757.396973
69.75535392,255187.8683,4208561.866,3757.400146
69.79199353,255187.8409,4208561.891,3757.402832
69.82863314,255187.8135,4208561.915,3757.405518
69.86527275,255187.7861,4208561.94,3757.408203
69.90191236,255187.7587,4208561.964,3757.411377
69.93855197,255187.7313,4208561.988,3757.414307
69.97519157,255187.704,4208562.013,3757.418701
70.01183118,255187.6766,4208562.037,3757.423584
70.04847079,255187.6492,4208562.061,3757.428467
70.0851104,255187.6218,4208562.086,3757.434326
70.12175001,255187.5944,4208562.11,3757.439697
70.15838962,255187.567,4208562.134,3757.444824
70.19502923,255187.5397,4208562.159,3757.449219
70.23166883,255187.5123,4208562.183,3757.454102
70.26830844,255187.4849,4208562.207,3757.458496
70.30494805,255187.4575,4208562.232,3757.462646
70.34158766,255187.4301,4208562.256,3757.474121
70.37822727,255187.4027,4208562.28,3757.479004
70.41486688,255187.3753,4208562.305,3757.483887
70.45150649,255187.348,4208562.329,3757.489502
70.4881461,255187.3206,4208562.353,3757.494629
70.5247857,255187.2932,4208562.378,3757.499268
70.56142531,255187.2658,4208562.402,3757.505371
70.59806492,255187.2384,4208562.426,3757.511719
70.63470453,255187.211,4208562.451,3757.518311
70.67134414,255187.1837,4208562.475,3757.535156
70.70798375,255187.1563,4208562.499,3757.540527
70.74462336,255187.1289,4208562.524,3757.547119
70.78126297,255187.1015,4208562.548,3757.553467
70.81790257,255187.0741,4208562.572,3757.557861
70.85454218,255187.0467,4208562.597,3757.564941
70.89118179,255187.0193,4208562.621,3757.570801
70.9278214,255186.992,4208562.645,3757.576172
70.96446101,255186.9646,4208562.67,3757.582764
71.00110062,255186.9372,4208562.694,3757.599854
71.03774023,255186.9098,4208562.718,3757.605225
71.07437984,255186.8824,4208562.743,3757.612061
71.11101944,255186.855,4208562.767,3757.61792
71.14765905,255186.8277,4208562.791,3757.624756
71.18429866,255186.8003,4208562.816,3757.631836
71.22093827,255186.7729,4208562.84,3757.639648
71.25757788,255186.7455,4208562.865,3757.648438
71.29421749,255186.7181,4208562.889,3757.658203
71.3308571,255186.6907,4208562.913,3757.676758
71.36749671,255186.6633,4208562.938,3757.687744
71.40413631,255186.636,4208562.962,3757.699707
71.44077592,255186.6086,4208562.986,3757.711426
71.47741553,255186.5812,4208563.011,3757.723389
71.51405514,255186.5538,4208563.035,3757.736816
71.55069475,255186.5264,4208563.059,3757.75
71.58733436,255186.499,4208563.084,3757.763184
71.62397397,255186.4716,4208563.108,3757.775879
71.66061358,255186.4443,4208563.132,3757.797363
71.69725318,255186.4169,4208563.157,3757.809326
71.73389279,255186.3895,4208563.181,3757.822021
71.7705324,255186.3621,4208563.205,3757.834473
71.80717201,255186.3347,4208563.23,3757.845947
71.84381162,255186.3073,4208563.254,3757.856934
71.88045123,255186.28,4208563.278,3757.865479
71.91709084,255186.2526,4208563.303,3757.872559
71.95373045,255186.2252,4208563.327,3757.879883
71.99037005,255186.1978,4208563.351,3757.896973
72.02700966,255186.1704,4208563.376,3757.902588
72.06364927,255186.143,4208563.4,3757.907471
72.10028888,255186.1156,4208563.424,3757.912109
72.13692849,255186.0883,4208563.449,3757.916016
72.1735681,255186.0609,4208563.473,3757.919678
72.21020771,255186.0335,4208563.497,3757.922607
72.24684732,255186.0061,4208563.522,3757.92627
72.28348692,255185.9787,4208563.546,3757.929932
72.32012653,255185.9513,4208563.57,3757.942139
72.35676614,255185.924,4208563.595,3757.945801
72.39340575,255185.8966,4208563.619,3757.949951
72.43004536,255185.8692,4208563.643,3757.954102
72.46668497,255185.8418,4208563.668,3757.958496
72.50332458,255185.8144,4208563.692,3757.963135
72.53996419,255185.787,4208563.716,3757.968506
72.57660379,255185.7596,4208563.741,3757.973877
72.6132434,255185.7323,4208563.765,3757.980469
72.64988301,255185.7049,4208563.79,3757.995605
72.68652262,255185.6775,4208563.814,3758.003906
72.72316223,255185.6501,4208563.838,3758.012939
72.75980184,255185.6227,4208563.863,3758.02124
72.79644145,255185.5953,4208563.887,3758.030273
72.83308106,255185.568,4208563.911,3758.040039
72.86972066,255185.5406,4208563.936,3758.049805
72.90636027,255185.5132,4208563.96,3758.058838
72.94299988,255185.4858,4208563.984,3758.067871
72.97963949,255185.4584,4208564.009,3758.085693
73.0162791,255185.431,4208564.033,3758.095215
73.05291871,255185.4036,4208564.057,3758.104736
73.08955832,255185.3763,4208564.082,3758.114502
73.12619793,255185.3489,4208564.106,3758.125977
73.16283753,255185.3215,4208564.13,3758.134766
73.19947714,255185.2941,4208564.155,3758.143555
73.23611675,255185.2667,4208564.179,3758.151855
73.27275636,255185.2393,4208564.203,3758.159668
73.30939597,255185.2119,4208564.228,3758.174561
73.34603558,255185.1846,4208564.252,3758.182373
73.38267519,255185.1572,4208564.276,3758.189697
73.4193148,255185.1298,4208564.301,3758.196777
73.4559544,255185.1024,4208564.325,3758.204102
73.49259401,255185.075,4208564.349,3758.211914
73.52923362,255185.0476,4208564.374,3758.218994
73.56587323,255185.0203,4208564.398,3758.226318
73.60251284,255184.9929,4208564.422,3758.233887
73.63915245,255184.9655,4208564.447,3758.249268
73.67579206,255184.9381,4208564.471,3758.25708
73.71243167,255184.9107,4208564.495,3758.263428
73.74907127,255184.8833,4208564.52,3758.270264
73.78571088,255184.8559,4208564.544,3758.273682
73.82235049,255184.8286,4208564.568,3758.279053
73.8589901,255184.8012,4208564.593,3758.284424
73.89562971,255184.7738,4208564.617,3758.288086
73.93226932,255184.7464,4208564.641,3758.292236
73.96890893,255184.719,4208564.666,3758.305176
74.00554854,255184.6916,4208564.69,3758.309082
74.04218814,255184.6643,4208564.714,3758.312744
74.07882775,255184.6369,4208564.739,3758.317627
74.11546736,255184.6095,4208564.763,3758.322021
74.15210697,255184.5821,4208564.788,3758.32666
74.18874658,255184.5547,4208564.812,3758.332275
74.22538619,255184.5273,4208564.836,3758.337402
74.2620258,255184.4999,4208564.861,3758.344482
74.2986654,255184.4726,4208564.885,3758.360596
74.33530501,255184.4452,4208564.909,3758.367432
74.37194462,255184.4178,4208564.934,3758.374268
74.40858423,255184.3904,4208564.958,3758.380371
74.44522384,255184.363,4208564.982,3758.387451
74.48186345,255184.3356,4208565.007,3758.394531
74.51850306,255184.3083,4208565.031,3758.401611
74.55514267,255184.2809,4208565.055,3758.407959
74.59178227,255184.2535,4208565.08,3758.412354
74.62842188,255184.2261,4208565.104,3758.425781
74.66506149,255184.1987,4208565.128,3758.431641
74.7017011,255184.1713,4208565.153,3758.4375
74.73834071,255184.1439,4208565.177,3758.443848
74.77498032,255184.1166,4208565.201,3758.450195
74.81161993,255184.0892,4208565.226,3758.457031
74.84825954,255184.0618,4208565.25,3758.464111
74.88489914,255184.0344,4208565.274,3758.470459
74.92153875,255184.007,4208565.299,3758.477051
74.95817836,255183.9796,4208565.323,3758.490967
74.99481797,255183.9522,4208565.347,3758.49585
75.03145758,255183.9249,4208565.372,3758.502197
75.06809719,255183.8975,4208565.396,3758.507813
75.1047368,255183.8701,4208565.42,3758.511475
75.14137641,255183.8427,4208565.445,3758.516846
75.17801601,255183.8153,4208565.469,3758.520508
75.21465562,255183.7879,4208565.493,3758.525146
75.25129523,255183.7606,4208565.518,3758.530273
75.28793484,255183.7332,4208565.542,3758.543457
75.32457445,255183.7058,4208565.566,3758.549561
75.36121406,255183.6784,4208565.591,3758.555176
75.39785367,255183.651,4208565.615,3758.562012
75.43449328,255183.6236,4208565.639,3758.570557
75.47113288,255183.5962,4208565.664,3758.579834
75.50777249,255183.5689,4208565.688,3758.5896
75.5444121,255183.5415,4208565.713,3758.599609
75.58105171,255183.5141,4208565.737,3758.61084
75.61769132,255183.4867,4208565.761,3758.632568
75.65433093,255183.4593,4208565.786,3758.64209
75.69097054,255183.4319,4208565.81,3758.6521
75.72761015,255183.4046,4208565.834,3758.661377
75.76424975,255183.3772,4208565.859,3758.669678
75.80088936,255183.3498,4208565.883,3758.677246
75.83752897,255183.3224,4208565.907,3758.683838
75.87416858,255183.295,4208565.932,3758.690918
75.91080819,255183.2676,4208565.956,3758.69458
75.9474478,255183.2402,4208565.98,3758.712158
75.98408741,255183.2129,4208566.005,3758.716309
76.02072702,255183.1855,4208566.029,3758.719971
76.05736662,255183.1581,4208566.053,3758.723145
76.09400623,255183.1307,4208566.078,3758.726074
76.13064584,255183.1033,4208566.102,3758.729492
76.16728545,255183.0759,4208566.126,3758.732422
76.20392506,255183.0486,4208566.151,3758.73584
76.24056467,255183.0212,4208566.175,3758.740234
76.27720428,255182.9938,4208566.199,3758.751709
76.31384389,255182.9664,4208566.224,3758.756836
76.35048349,255182.939,4208566.248,3758.760498
76.3871231,255182.9116,4208566.272,3758.765869
76.42376271,255182.8842,4208566.297,3758.770508
76.46040232,255182.8569,4208566.321,3758.776123
76.49704193,255182.8295,4208566.345,3758.782959
76.53368154,255182.8021,4208566.37,3758.789795
76.57032115,255182.7747,4208566.394,3758.797119
76.60696076,255182.7473,4208566.418,3758.810547
76.64360036,255182.7199,4208566.443,3758.818848
76.68023997,255182.6925,4208566.467,3758.827393
76.71687958,255182.6652,4208566.491,3758.835938
76.75351919,255182.6378,4208566.516,3758.844727
76.7901588,255182.6104,4208566.54,3758.853271
76.82679841,255182.583,4208566.564,3758.861816
76.86343802,255182.5556,4208566.589,3758.870361
76.90007763,255182.5282,4208566.613,3758.878418
76.93671723,255182.5009,4208566.638,3758.891846
76.97335684,255182.4735,4208566.662,3758.899414
77.00999645,255182.4461,4208566.686,3758.907227
77.04663606,255182.4187,4208566.711,3758.914795
77.08327567,255182.3913,4208566.735,3758.921875
77.11991528,255182.3639,4208566.759,3758.928955
77.15655489,255182.3365,4208566.784,3758.935547
77.1931945,255182.3092,4208566.808,3758.942383
77.2298341,255182.2818,4208566.832,3758.94751
77.26647371,255182.2544,4208566.857,3758.959229
77.30311332,255182.227,4208566.881,3758.962158
77.33975293,255182.1996,4208566.905,3758.963867
77.37639254,255182.1722,4208566.93,3758.965332
77.41303215,255182.1449,4208566.954,3758.965576
77.44967176,255182.1175,4208566.978,3758.964355
77.48631137,255182.0901,4208567.003,3758.962891
77.52295097,255182.0627,4208567.027,3758.961426
77.55959058,255182.0353,4208567.051,3758.959229
77.59623019,255182.0079,4208567.076,3758.966064
77.6328698,255181.9805,4208567.1,3758.962646
77.66950941,255181.9532,4208567.124,3758.95874
77.70614902,255181.9258,4208567.149,3758.954102
77.74278863,255181.8984,4208567.173,3758.950439
77.77942824,255181.871,4208567.197,3758.945557
77.81606784,255181.8436,4208567.222,3758.940674
77.85270745,255181.8162,4208567.246,3758.935059
77.88934706,255181.7889,4208567.27,3758.928467
77.92598667,255181.7615,4208567.295,3758.93335
77.96262628,255181.7341,4208567.319,3758.92627
77.99926589,255181.7067,4208567.343,3758.918701
78.0359055,255181.6793,4208567.368,3758.911133
78.07254511,255181.6519,4208567.392,3758.9021
78.10918471,255181.6245,4208567.416,3758.893555
78.14582432,255181.5972,4208567.441,3758.884521
78.18246393,255181.5698,4208567.465,3758.876221
78.21910354,255181.5424,4208567.489,3758.868408
78.25574315,255181.515,4208567.514,3758.877197
78.29238276,255181.4876,4208567.538,3758.871094
78.32902237,255181.4602,4208567.563,3758.864502
78.36566197,255181.4328,4208567.587,3758.858887
78.40230158,255181.4055,4208567.611,3758.854492
78.43894119,255181.3781,4208567.636,3758.848633
78.4755808,255181.3507,4208567.66,3758.844971
78.51222041,255181.3233,4208567.684,3758.839111
78.54886002,255181.2959,4208567.709,3758.834961
78.58549963,255181.2685,4208567.733,3758.843994
78.62213924,255181.2412,4208567.757,3758.838379
78.65877884,255181.2138,4208567.782,3758.833496
78.69541845,255181.1864,4208567.806,3758.828613
78.73205806,255181.159,4208567.83,3758.824707
78.76869767,255181.1316,4208567.855,3758.820557
78.80533728,255181.1042,4208567.879,3758.816406
78.84197689,255181.0768,4208567.903,3758.812988
78.8786165,255181.0495,4208567.928,3758.810303
78.91525611,255181.0221,4208567.952,3758.808594
78.95189571,255180.9947,4208567.976,3758.815186
78.98853532,255180.9673,4208568.001,3758.812988
79.02517493,255180.9399,4208568.025,3758.811523
79.06181454,255180.9125,4208568.049,3758.811035
79.09845415,255180.8852,4208568.074,3758.810059
79.13509376,255180.8578,4208568.098,3758.80957
79.17173337,255180.8304,4208568.122,3758.80957
79.20837298,255180.803,4208568.147,3758.809814
79.24501258,255180.7756,4208568.171,3758.810547
79.28165219,255180.7482,4208568.195,3758.81543
79.3182918,255180.7208,4208568.22,3758.816162
79.35493141,255180.6935,4208568.244,3758.816895
79.39157102,255180.6661,4208568.268,3758.818115
79.42821063,255180.6387,4208568.293,3758.819336
79.46485024,255180.6113,4208568.317,3758.820801
79.50148985,255180.5839,4208568.341,3758.821777
79.53812945,255180.5565,4208568.366,3758.823242
79.57476906,255180.5292,4208568.39,3758.824219
79.61140867,255180.5018,4208568.414,3758.828125
79.64804828,255180.4744,4208568.439,3758.82959
79.68468789,255180.447,4208568.463,3758.830811
79.7213275,255180.4196,4208568.488,3758.832031
79.75796711,255180.3922,4208568.512,3758.83374
79.79460672,255180.3648,4208568.536,3758.835449
79.83124632,255180.3375,4208568.561,3758.837402
79.86788593,255180.3101,4208568.585,3758.839844
79.90452554,255180.2827,4208568.609,3758.842285
79.94116515,255180.2553,4208568.634,3758.8479
79.97780476,255180.2279,4208568.658,3758.85083
80.01444437,255180.2005,4208568.682,3758.854492
80.05108398,255180.1731,4208568.707,3758.858887
80.08772359,255180.1458,4208568.731,3758.863525
80.12436319,255180.1184,4208568.755,3758.868652
80.1610028,255180.091,4208568.78,3758.874023
80.19764241,255180.0636,4208568.804,3758.879395
80.23428202,255180.0362,4208568.828,3758.884766
80.27092163,255180.0088,4208568.853,3758.894775
80.30756124,255179.9815,4208568.877,3758.898926
80.34420085,255179.9541,4208568.901,3758.902832
80.38084046,255179.9267,4208568.926,3758.90625
80.41748006,255179.8993,4208568.95,3758.908936
80.45411967,255179.8719,4208568.974,3758.910645
80.49075928,255179.8445,4208568.999,3758.912842
80.52739889,255179.8171,4208569.023,3758.914795
80.5640385,255179.7898,4208569.047,3758.91626
80.60067811,255179.7624,4208569.072,3758.924072
80.63731772,255179.735,4208569.096,3758.924561
80.67395733,255179.7076,4208569.12,3758.925781
80.71059693,255179.6802,4208569.145,3758.927734
80.74723654,255179.6528,4208569.169,3758.929443
80.78387615,255179.6255,4208569.193,3758.930664
80.82051576,255179.5981,4208569.218,3758.931885
80.85715537,255179.5707,4208569.242,3758.93335
80.89379498,255179.5433,4208569.266,3758.935791
80.93043459,255179.5159,4208569.291,3758.942871
80.9670742,255179.4885,4208569.315,3758.944824
81.0037138,255179.4611,4208569.339,3758.946777
81.04035341,255179.4338,4208569.364,3758.949219
81.07699302,255179.4064,4208569.388,3758.951904
81.11363263,255179.379,4208569.413,3758.954834
81.15027224,255179.3516,4208569.437,3758.957764
81.18691185,255179.3242,4208569.461,3758.960449
81.22355146,255179.2968,4208569.486,3758.963623
81.26019107,255179.2695,4208569.51,3758.970215
81.29683067,255179.2421,4208569.534,3758.973389
81.33347028,255179.2147,4208569.559,3758.977051
81.37010989,255179.1873,4208569.583,3758.980469
81.4067495,255179.1599,4208569.607,3758.983887
81.44338911,255179.1325,4208569.632,3758.987549
81.48002872,255179.1051,4208569.656,3758.991211
81.51666833,255179.0778,4208569.68,3758.994873
81.55330794,255179.0504,4208569.705,3758.999512
81.58994754,255179.023,4208569.729,3759.006348
81.62658715,255178.9956,4208569.753,3759.011963
81.66322676,255178.9682,4208569.778,3759.017578
81.69986637,255178.9408,4208569.802,3759.024658
81.73650598,255178.9134,4208569.826,3759.032227
81.77314559,255178.8861,4208569.851,3759.040283
81.8097852,255178.8587,4208569.875,3759.048828
81.84642481,255178.8313,4208569.899,3759.057129
81.88306441,255178.8039,4208569.924,3759.064453
81.91970402,255178.7765,4208569.948,3759.070068
81.95634363,255178.7491,4208569.972,3759.077148
81.99298324,255178.7218,4208569.997,3759.083984
82.02962285,255178.6944,4208570.021,3759.091064
82.06626246,255178.667,4208570.045,3759.098389
82.10290207,255178.6396,4208570.07,3759.113281
82.13954168,255178.6122,4208570.094,3759.135742
82.17618128,255178.5848,4208570.118,3759.164063
82.21282089,255178.5574,4208570.143,3759.197021
82.2494605,255178.5301,4208570.167,3759.205322
82.28610011,255178.5027,4208570.191,3759.243408
82.32273972,255178.4753,4208570.216,3759.2854
82.35937933,255178.4479,4208570.24,3759.330811
82.39601894,255178.4205,4208570.264,3759.380859
82.43265854,255178.3931,4208570.289,3759.439209
82.46929815,255178.3658,4208570.313,3759.494385
82.50593776,255178.3384,4208570.338,3759.550781
82.54257737,255178.311,4208570.362,3759.614014
82.57921698,255178.2836,4208570.386,3759.630859
82.61585659,255178.2562,4208570.411,3759.691162
82.6524962,255178.2288,4208570.435,3759.744629
82.68913581,255178.2014,4208570.459,3759.790039
82.72577541,255178.1741,4208570.484,3759.833008
82.76241502,255178.1467,4208570.508,3759.875
82.79905463,255178.1193,4208570.532,3759.914063
82.83569424,255178.0919,4208570.557,3759.951172
82.87233385,255178.0645,4208570.581,3759.98291
82.90897346,255178.0371,4208570.605,3759.990723
82.94561307,255178.0097,4208570.63,3760.016846
82.98225268,255177.9824,4208570.654,3760.041016
83.01889228,255177.955,4208570.678,3760.063232
83.05553189,255177.9276,4208570.703,3760.084717
83.0921715,255177.9002,4208570.727,3760.105469
83.12881111,255177.8728,4208570.751,3760.123291
83.16545072,255177.8454,4208570.776,3760.140137
83.20209033,255177.8181,4208570.8,3760.151855
83.23872994,255177.7907,4208570.824,3760.151611
83.27536955,255177.7633,4208570.849,3760.158936
83.31200915,255177.7359,4208570.873,3760.164307
83.34864876,255177.7085,4208570.897,3760.167236
83.38528837,255177.6811,4208570.922,3760.166992
83.42192798,255177.6537,4208570.946,3760.161377
83.45856759,255177.6264,4208570.97,3760.1521
83.4952072,255177.599,4208570.995,3760.132324
83.53184681,255177.5716,4208571.019,3760.033936
83.56848642,255177.5442,4208571.043,3759.888428
83.60512602,255177.5168,4208571.068,3759.769287
83.64176563,255177.4894,4208571.092,3759.615479
83.67840524,255177.4621,4208571.116,3759.541748
83.71504485,255177.4347,4208571.141,3759.501953
83.75168446,255177.4073,4208571.165,3759.450928
83.78832407,255177.3799,4208571.189,3759.40918
83.82496368,255177.3525,4208571.214,3759.367676
83.86160329,255177.3251,4208571.238,3759.331543
83.89824289,255177.2977,4208571.263,3759.323242
83.9348825,255177.2704,4208571.287,3759.308838
83.97152211,255177.243,4208571.311,3759.301025
84.00816172,255177.2156,4208571.336,3759.294922
84.04480133,255177.1882,4208571.36,3759.290283
84.08144094,255177.1608,4208571.384,3759.286865
84.11808055,255177.1334,4208571.409,3759.284668
84.15472016,255177.1061,4208571.433,3759.282959
84.19135976,255177.0787,4208571.457,3759.281494
84.22799937,255177.0513,4208571.482,3759.284668
84.26463898,255177.0239,4208571.506,3759.28418
84.30127859,255176.9965,4208571.53,3759.283936
84.3379182,255176.9691,4208571.555,3759.287842
84.37455781,255176.9417,4208571.579,3759.288818
84.41119742,255176.9144,4208571.603,3759.290039
84.44783703,255176.887,4208571.628,3759.291748
84.48447663,255176.8596,4208571.652,3759.294434
84.52111624,255176.8322,4208571.676,3759.297119
84.55775585,255176.8048,4208571.701,3759.304932
84.59439546,255176.7774,4208571.725,3759.308594
84.63103507,255176.75,4208571.749,3759.311768
84.66767468,255176.7227,4208571.774,3759.314941
84.70431429,255176.6953,4208571.798,3759.317383
84.7409539,255176.6679,4208571.822,3759.320313
84.7775935,255176.6405,4208571.847,3759.32251
84.81423311,255176.6131,4208571.871,3759.324463
84.85087272,255176.5857,4208571.895,3759.326416
84.88751233,255176.5584,4208571.92,3759.33667
84.92415194,255176.531,4208571.944,3759.338135
84.96079155,255176.5036,4208571.968,3759.339355
84.99743116,255176.4762,4208571.993,3759.34082
85.03407077,255176.4488,4208572.017,3759.343506
85.07071037,255176.4214,4208572.041,3759.344727
85.10734998,255176.394,4208572.066,3759.345459
85.14398959,255176.3667,4208572.09,3759.3479
85.1806292,255176.3393,4208572.114,3759.349365
85.21726881,255176.3119,4208572.139,3759.358643
85.25390842,255176.2845,4208572.163,3759.361084
85.29054803,255176.2571,4208572.188,3759.364502
85.32718764,255176.2297,4208572.212,3759.36792
85.36382724,255176.2024,4208572.236,3759.372559
85.40046685,255176.175,4208572.261,3759.377441
85.43710646,255176.1476,4208572.285,3759.382324
85.47374607,255176.1202,4208572.309,3759.388184
85.51038568,255176.0928,4208572.334,3759.394043
85.54702529,255176.0654,4208572.358,3759.405518
85.5836649,255176.038,4208572.382,3759.412354
85.62030451,255176.0107,4208572.407,3759.419678
85.65694411,255175.9833,4208572.431,3759.427246
85.69358372,255175.9559,4208572.455,3759.433838
85.73022333,255175.9285,4208572.48,3759.440186
85.76686294,255175.9011,4208572.504,3759.446533
85.80350255,255175.8737,4208572.528,3759.452393
85.84014216,255175.8464,4208572.553,3759.45752
85.87678177,255175.819,4208572.577,3759.469727
85.91342138,255175.7916,4208572.601,3759.475342
85.95006098,255175.7642,4208572.626,3759.479492
85.98670059,255175.7368,4208572.65,3759.484619
86.0233402,255175.7094,4208572.674,3759.487793
86.05997981,255175.682,4208572.699,3759.490479
86.09661942,255175.6547,4208572.723,3759.494629
86.13325903,255175.6273,4208572.747,3759.497559
86.16989864,255175.5999,4208572.772,3759.499268
86.20653824,255175.5725,4208572.796,3759.510498
86.24317785,255175.5451,4208572.82,3759.513184
86.27981746,255175.5177,4208572.845,3759.515137
86.31645707,255175.4903,4208572.869,3759.516357
86.35309668,255175.463,4208572.893,3759.517578
86.38973629,255175.4356,4208572.918,3759.517822
86.4263759,255175.4082,4208572.942,3759.518066
86.46301551,255175.3808,4208572.966,3759.518555
86.49965511,255175.3534,4208572.991,3759.519043
86.53629472,255175.326,4208573.015,3759.529297
86.57293433,255175.2987,4208573.039,3759.529541
86.60957394,255175.2713,4208573.064,3759.529297
86.64621355,255175.2439,4208573.088,3759.529053
86.68285316,255175.2165,4208573.113,3759.528809
86.71949277,255175.1891,4208573.137,3759.52832
86.75613238,255175.1617,4208573.161,3759.527344
86.79277198,255175.1343,4208573.186,3759.526367
86.82941159,255175.107,4208573.21,3759.525391
86.8660512,255175.0796,4208573.234,3759.533691
86.90269081,255175.0522,4208573.259,3759.531982
86.93933042,255175.0248,4208573.283,3759.531494
86.97597003,255174.9974,4208573.307,3759.530273
87.01260964,255174.97,4208573.332,3759.528564
87.04924925,255174.9427,4208573.356,3759.526611
87.08588885,255174.9153,4208573.38,3759.524902
87.12252846,255174.8879,4208573.405,3759.523682
87.15916807,255174.8605,4208573.429,3759.522949
87.19580768,255174.8331,4208573.453,3759.521973
87.23244729,255174.8057,4208573.478,3759.528564
87.2690869,255174.7783,4208573.502,3759.527588
87.30572651,255174.751,4208573.526,3759.526367
87.34236612,255174.7236,4208573.551,3759.525635
87.37900572,255174.6962,4208573.575,3759.525391
87.41564533,255174.6688,4208573.599,3759.524902
87.45228494,255174.6414,4208573.624,3759.524658
87.48892455,255174.614,4208573.648,3759.524658
87.52556416,255174.5867,4208573.672,3759.524658
87.56220377,255174.5593,4208573.697,3759.531006
87.59884338,255174.5319,4208573.721,3759.531006
87.63548299,255174.5045,4208573.745,3759.531006
87.67212259,255174.4771,4208573.77,3759.53125
87.7087622,255174.4497,4208573.794,3759.531494
87.74540181,255174.4223,4208573.818,3759.531738
87.78204142,255174.395,4208573.843,3759.531738
87.81868103,255174.3676,4208573.867,3759.531006
87.85532064,255174.3402,4208573.891,3759.530029
87.89196025,255174.3128,4208573.916,3759.537354
87.92859986,255174.2854,4208573.94,3759.536377
87.96523946,255174.258,4208573.964,3759.533936
88.00187907,255174.2306,4208573.989,3759.53125
88.03851868,255174.2033,4208574.013,3759.528809
88.07515829,255174.1759,4208574.037,3759.526611
88.1117979,255174.1485,4208574.062,3759.523682
88.14843751,255174.1211,4208574.086,3759.52124
88.18507712,255174.0937,4208574.111,3759.519043
88.22171673,255174.0663,4208574.135,3759.523438
88.25835633,255174.039,4208574.159,3759.520752
88.29499594,255174.0116,4208574.184,3759.518311
88.33163555,255173.9842,4208574.208,3759.515869
88.36827516,255173.9568,4208574.232,3759.513184
88.40491477,255173.9294,4208574.257,3759.510742
88.44155438,255173.902,4208574.281,3759.508545
88.47819399,255173.8746,4208574.305,3759.506348
88.5148336,255173.8473,4208574.33,3759.504395
88.5514732,255173.8199,4208574.354,3759.508301
88.58811281,255173.7925,4208574.378,3759.506592
88.62475242,255173.7651,4208574.403,3759.504395
88.66139203,255173.7377,4208574.427,3759.502197
88.69803164,255173.7103,4208574.451,3759.500488
88.73467125,255173.683,4208574.476,3759.498779
88.77131086,255173.6556,4208574.5,3759.496826
88.80795047,255173.6282,4208574.524,3759.495605
88.84459007,255173.6008,4208574.549,3759.493896
88.88122968,255173.5734,4208574.573,3759.497803
88.91786929,255173.546,4208574.597,3759.496338
88.9545089,255173.5186,4208574.622,3759.495361
88.99114851,255173.4913,4208574.646,3759.493896
89.02778812,255173.4639,4208574.67,3759.493164
89.06442773,255173.4365,4208574.695,3759.49292
89.10106734,255173.4091,4208574.719,3759.49292
89.13770694,255173.3817,4208574.743,3759.493164
89.17434655,255173.3543,4208574.768,3759.493896
89.21098616,255173.327,4208574.792,3759.497803
89.24762577,255173.2996,4208574.816,3759.499268
89.28426538,255173.2722,4208574.841,3759.500977
89.32090499,255173.2448,4208574.865,3759.502441
89.3575446,255173.2174,4208574.889,3759.504395
89.39418421,255173.19,4208574.914,3759.506348
89.43082381,255173.1626,4208574.938,3759.508301
89.46746342,255173.1353,4208574.962,3759.510498
89.50410303,255173.1079,4208574.987,3759.512695
89.54074264,255173.0805,4208575.011,3759.515137
89.57738225,255173.0531,4208575.036,3759.51709
89.61402186,255173.0257,4208575.06,3759.519287
89.65066147,255172.9983,4208575.084,3759.521729
89.68730108,255172.9709,4208575.109,3759.523926
89.72394068,255172.9436,4208575.133,3759.526611
89.75784342,255172.9161,4208575.153,3759.529785
89.79174617,255172.8886,4208575.173,3759.533203
89.82564891,255172.8612,4208575.193,3759.537354
89.85955165,255172.8337,4208575.212,3759.54248
89.89345439,255172.8063,4208575.232,3759.54834
89.92735713,255172.7788,4208575.252,3759.553223
89.96125987,255172.7513,4208575.272,3759.560059
89.99516261,255172.7239,4208575.292,3759.567139
90.02906535,255172.6964,4208575.312,3759.572266
90.06296809,255172.669,4208575.332,3759.579102
90.09687084,255172.6415,4208575.352,3759.585205
90.13077358,255172.6141,4208575.372,3759.590332
90.16467632,255172.5866,4208575.391,3759.59375
90.19857906,255172.5591,4208575.411,3759.597168
90.2324818,255172.5317,4208575.431,3759.599854
90.26638454,255172.5042,4208575.451,3759.601807
90.30028728,255172.4768,4208575.471,3759.603516
90.33419002,255172.4493,4208575.491,3759.60498
90.36809276,255172.4218,4208575.511,3759.606201
90.4019955,255172.3944,4208575.531,3759.606934
90.43589825,255172.3669,4208575.55,3759.608154
90.46980099,255172.3395,4208575.57,3759.610107
90.50370373,255172.312,4208575.59,3759.612549
90.53760647,255172.2845,4208575.61,3759.615967
90.57150921,255172.2571,4208575.63,3759.619873
90.60541195,255172.2296,4208575.65,3759.625
90.63931469,255172.2022,4208575.67,3759.630615
90.67321743,255172.1747,4208575.69,3759.636475
90.70712017,255172.1472,4208575.71,3759.642578
90.74102292,255172.1198,4208575.729,3759.647705
90.77492566,255172.0923,4208575.749,3759.652832
90.8088284,255172.0649,4208575.769,3759.656494
90.84273114,255172.0374,4208575.789,3759.658691
90.87663388,255172.0099,4208575.809,3759.661377
90.91053662,255171.9825,4208575.829,3759.664063
90.94443936,255171.955,4208575.849,3759.665527
90.9783421,255171.9276,4208575.869,3759.666748
91.01224484,255171.9001,4208575.888,3759.669189
91.04614758,255171.8727,4208575.908,3759.669922
91.08005033,255171.8452,4208575.928,3759.670654
91.11395307,255171.8177,4208575.948,3759.671387
91.14785581,255171.7903,4208575.968,3759.673584
91.18175855,255171.7628,4208575.988,3759.674072
91.21566129,255171.7354,4208576.008,3759.674561
91.24956403,255171.7079,4208576.028,3759.675293
91.28346677,255171.6804,4208576.048,3759.677734
91.31736951,255171.653,4208576.067,3759.678223
91.35127225,255171.6255,4208576.087,3759.678955
91.38517499,255171.5981,4208576.107,3759.681885
91.41907774,255171.5706,4208576.127,3759.682861
91.45298048,255171.5431,4208576.147,3759.684082
91.48688322,255171.5157,4208576.167,3759.685059
91.52078596,255171.4882,4208576.187,3759.688721
91.5546887,255171.4608,4208576.207,3759.688965
91.58859144,255171.4333,4208576.227,3759.688477
91.62249418,255171.4058,4208576.246,3759.6875
91.65639692,255171.3784,4208576.266,3759.689453
91.69029966,255171.3509,4208576.286,3759.687744
91.72420241,255171.3235,4208576.306,3759.685547
91.75810515,255171.296,4208576.326,3759.686768
91.79200789,255171.2685,4208576.346,3759.683594
91.82591063,255171.2411,4208576.366,3759.680176
91.85981337,255171.2136,4208576.386,3759.677246
91.89371611,255171.1862,4208576.405,3759.67749
91.92761885,255171.1587,4208576.425,3759.674561
91.96152159,255171.1313,4208576.445,3759.672119
91.99542433,255171.1038,4208576.465,3759.669678
92.02932707,255171.0763,4208576.485,3759.669922
92.06322982,255171.0489,4208576.505,3759.668457
92.09713256,255171.0214,4208576.525,3759.667236
92.1310353,255170.994,4208576.545,3759.66748
92.16493804,255170.9665,4208576.565,3759.666504
92.19884078,255170.939,4208576.584,3759.665527
92.23274352,255170.9116,4208576.604,3759.664551
92.26664626,255170.8841,4208576.624,3759.665039
92.300549,255170.8567,4208576.644,3759.664307
92.33445174,255170.8292,4208576.664,3759.66333
92.36835448,255170.8017,4208576.684,3759.662598
92.40225723,255170.7743,4208576.704,3759.663818
92.43615997,255170.7468,4208576.724,3759.66333
92.47006271,255170.7194,4208576.744,3759.663574
92.50396545,255170.6919,4208576.763,3759.665283
92.53786819,255170.6644,4208576.783,3759.666016
92.57177093,255170.637,4208576.803,3759.66748
92.60567367,255170.6095,4208576.823,3759.669434
92.63957641,255170.5821,4208576.843,3759.673096
92.67347915,255170.5546,4208576.863,3759.676758
92.7073819,255170.5272,4208576.883,3759.681885
92.74128464,255170.4997,4208576.903,3759.688232
92.77518738,255170.4722,4208576.922,3759.69458
92.80909012,255170.4448,4208576.942,3759.702881
92.84299286,255170.4173,4208576.962,3759.711914
92.8768956,255170.3899,4208576.982,3759.718262
92.91079834,255170.3624,4208577.002,3759.725098
92.94470108,255170.3349,4208577.022,3759.72998
92.97860382,255170.3075,4208577.042,3759.734131
93.01250656,255170.28,4208577.062,3759.738281
93.04640931,255170.2526,4208577.082,3759.742432
93.08031205,255170.2251,4208577.101,3759.746094
93.11421479,255170.1976,4208577.121,3759.749268
93.14811753,255170.1702,4208577.141,3759.753174
93.18202027,255170.1427,4208577.161,3759.755859
93.21592301,255170.1153,4208577.181,3759.757568
93.24982575,255170.0878,4208577.201,3759.760986
93.28372849,255170.0603,4208577.221,3759.761719
93.31763123,255170.0329,4208577.241,3759.761719
93.35153397,255170.0054,4208577.261,3759.760498
93.38543672,255169.978,4208577.28,3759.762695
93.41933946,255169.9505,4208577.3,3759.759033
93.4532422,255169.923,4208577.32,3759.754395
93.48714494,255169.8956,4208577.34,3759.748291
93.52104768,255169.8681,4208577.36,3759.748047
93.55495042,255169.8407,4208577.38,3759.741211
93.58885316,255169.8132,4208577.4,3759.734375
93.6227559,255169.7858,4208577.42,3759.734619
93.65665864,255169.7583,4208577.439,3759.729492
93.69056139,255169.7308,4208577.459,3759.724609
93.72446413,255169.7034,4208577.479,3759.719971
93.75836687,255169.6759,4208577.499,3759.720947
93.79226961,255169.6485,4208577.519,3759.717041
93.82617235,255169.621,4208577.539,3759.713623
93.86007509,255169.5935,4208577.559,3759.710449
93.89397783,255169.5661,4208577.579,3759.711914
93.92788057,255169.5386,4208577.599,3759.709229
93.96178331,255169.5112,4208577.618,3759.706787
93.99568605,255169.4837,4208577.638,3759.708252
94.0295888,255169.4562,4208577.658,3759.706543
94.06349154,255169.4288,4208577.678,3759.705078
94.09739428,255169.4013,4208577.698,3759.703857
94.13129702,255169.3739,4208577.718,3759.705566
94.16519976,255169.3464,4208577.738,3759.70459
94.1991025,255169.3189,4208577.758,3759.703857
94.23300524,255169.2915,4208577.777,3759.705566
94.26690798,255169.264,4208577.797,3759.705078
94.30081072,255169.2366,4208577.817,3759.704834
94.33471346,255169.2091,4208577.837,3759.704834
94.36861621,255169.1816,4208577.857,3759.707031
94.40251895,255169.1542,4208577.877,3759.707275
94.43642169,255169.1267,4208577.897,3759.707764
94.47032443,255169.0993,4208577.917,3759.708984
94.50422717,255169.0718,4208577.937,3759.711914
94.53812991,255169.0444,4208577.956,3759.713867
94.57203265,255169.0169,4208577.976,3759.716064
94.60593539,255168.9894,4208577.996,3759.719482
94.63983813,255168.962,4208578.016,3759.722168
94.67374088,255168.9345,4208578.036,3759.724365
94.70764362,255168.9071,4208578.056,3759.726807
94.74154636,255168.8796,4208578.076,3759.729004
94.7754491,255168.8521,4208578.096,3759.731689
94.80935184,255168.8247,4208578.116,3759.733887
94.84325458,255168.7972,4208578.135,3759.736328
94.87715732,255168.7698,4208578.155,3759.738037
94.91106006,255168.7423,4208578.175,3759.739502
94.9449628,255168.7148,4208578.195,3759.741211
94.97886554,255168.6874,4208578.215,3759.742188
95.01276829,255168.6599,4208578.235,3759.744141
95.04667103,255168.6325,4208578.255,3759.746338
95.08057377,255168.605,4208578.275,3759.749512
95.11447651,255168.5775,4208578.294,3759.750244
95.14837925,255168.5501,4208578.314,3759.75415
95.18228199,255168.5226,4208578.334,3759.759033
95.21618473,255168.4952,4208578.354,3759.763672
95.25008747,255168.4677,4208578.374,3759.76416
95.28399021,255168.4402,4208578.394,3759.768555
95.31789296,255168.4128,4208578.414,3759.772705
95.3517957,255168.3853,4208578.434,3759.772949
95.38569844,255168.3579,4208578.454,3759.776367
95.41960118,255168.3304,4208578.473,3759.778809
95.45350392,255168.303,4208578.493,3759.78125
95.48740666,255168.2755,4208578.513,3759.78125
95.5213094,255168.248,4208578.533,3759.783691
95.55521214,255168.2206,4208578.553,3759.7854
95.58911488,255168.1931,4208578.573,3759.786377
95.62301762,255168.1657,4208578.593,3759.785889
95.65692037,255168.1382,4208578.613,3759.786865
95.69082311,255168.1107,4208578.633,3759.787109
95.72472585,255168.0833,4208578.652,3759.785645
95.75862859,255168.0558,4208578.672,3759.785156
95.79253133,255168.0284,4208578.692,3759.78418
95.82643407,255168.0009,4208578.712,3759.782715
95.86033681,255167.9734,4208578.732,3759.780762
95.89423955,255167.946,4208578.752,3759.779541
95.92814229,255167.9185,4208578.772,3759.77832
95.96204503,255167.8911,4208578.792,3759.777344
95.99594778,255167.8636,4208578.811,3759.776367
96.02985052,255167.8361,4208578.831,3759.773682
96.06375326,255167.8087,4208578.851,3759.769287
96.097656,255167.7812,4208578.871,3759.767822
96.13155874,255167.7538,4208578.891,3759.763184
96.16546148,255167.7263,4208578.911,3759.757813
96.19936422,255167.6988,4208578.931,3759.751953
96.23326696,255167.6714,4208578.951,3759.75
96.2671697,255167.6439,4208578.971,3759.743164
96.30107245,255167.6165,4208578.99,3759.73584
96.33497519,255167.589,4208579.01,3759.727783
96.36887793,255167.5616,4208579.03,3759.726074
96.40278067,255167.5341,4208579.05,3759.718262
96.43668341,255167.5066,4208579.07,3759.710205
96.47058615,255167.4792,4208579.09,3759.709229
96.50448889,255167.4517,4208579.11,3759.703369
96.53839163,255167.4243,4208579.13,3759.698486
96.57229437,255167.3968,4208579.15,3759.694824
96.60619711,255167.3693,4208579.169,3759.696045
96.64009986,255167.3419,4208579.189,3759.693115
96.6740026,255167.3144,4208579.209,3759.690918
96.70790534,255167.287,4208579.229,3759.688965
96.74180808,255167.2595,4208579.249,3759.69043
96.77571082,255167.232,4208579.269,3759.688965
96.80961356,255167.2046,4208579.289,3759.687988
96.8435163,255167.1771,4208579.309,3759.690186
96.87741904,255167.1497,4208579.328,3759.689453
96.91132178,255167.1222,4208579.348,3759.688965
96.94522452,255167.0947,4208579.368,3759.688721
96.97912727,255167.0673,4208579.388,3759.692871
97.01303001,255167.0398,4208579.408,3759.693604
97.04693275,255167.0124,4208579.428,3759.695557
97.08083549,255166.9849,4208579.448,3759.697998
97.11473823,255166.9574,4208579.468,3759.708008
97.14864097,255166.93,4208579.488,3759.7146
97.18254371,255166.9025,4208579.507,3759.722168
97.21644645,255166.8751,4208579.527,3759.738281
97.25034919,255166.8476,4208579.547,3759.74707
97.28425194,255166.8202,4208579.567,3759.755615
97.31815468,255166.7927,4208579.587,3759.762695
97.35205742,255166.7652,4208579.607,3759.779297
97.38596016,255166.7378,4208579.627,3759.785645
97.4198629,255166.7103,4208579.647,3759.790527
97.45376564,255166.6829,4208579.667,3759.794922
97.48766838,255166.6554,4208579.686,3759.810059
97.52157112,255166.6279,4208579.706,3759.812256
97.55547386,255166.6005,4208579.726,3759.812744
97.5893766,255166.573,4208579.746,3759.825928
97.62327935,255166.5456,4208579.766,3759.825195
97.65718209,255166.5181,4208579.786,3759.822998
97.69108483,255166.4906,4208579.806,3759.820801
97.72498757,255166.4632,4208579.826,3759.831543
97.75889031,255166.4357,4208579.845,3759.827881
97.79279305,255166.4083,4208579.865,3759.823486
97.82669579,255166.3808,4208579.885,3759.818359
97.86059853,255166.3533,4208579.905,3759.828857
97.89450127,255166.3259,4208579.925,3759.823242
97.92840401,255166.2984,4208579.945,3759.81665
97.96230676,255166.271,4208579.965,3759.827148
97.9962095,255166.2435,4208579.985,3759.821533
98.03011224,255166.216,4208580.005,3759.814209
98.06401498,255166.1886,4208580.024,3759.806641
98.09791772,255166.1611,4208580.044,3759.815186
98.13182046,255166.1337,4208580.064,3759.807373
98.1657232,255166.1062,4208580.084,3759.798096
98.19962594,255166.0788,4208580.104,3759.804932
98.23352868,255166.0513,4208580.124,3759.793213
98.26743143,255166.0238,4208580.144,3759.781006
98.30133417,255165.9964,4208580.164,3759.766357
98.33523691,255165.9689,4208580.183,3759.770996
98.36913965,255165.9415,4208580.203,3759.754639
98.40304239,255165.914,4208580.223,3759.735107
98.43694513,255165.8865,4208580.243,3759.714355
98.47084787,255165.8591,4208580.263,3759.715088
98.50475061,255165.8316,4208580.283,3759.688232
98.53865335,255165.8042,4208580.303,3759.662109
98.57255609,255165.7767,4208580.323,3759.660645
98.60645884,255165.7492,4208580.343,3759.63623
98.64036158,255165.7218,4208580.362,3759.614258
98.67426432,255165.6943,4208580.382,3759.593506
98.70816706,255165.6669,4208580.402,3759.592773
98.7420698,255165.6394,4208580.422,3759.576904
98.77597254,255165.6119,4208580.442,3759.564697
98.80987528,255165.5845,4208580.462,3759.554199
98.84377802,255165.557,4208580.482,3759.554932
98.87768076,255165.5296,4208580.502,3759.547119
98.91158351,255165.5021,4208580.522,3759.540771
98.94548625,255165.4746,4208580.541,3759.54248
98.97938899,255165.4472,4208580.561,3759.535889
99.01329173,255165.4197,4208580.581,3759.529053
99.04719447,255165.3923,4208580.601,3759.522217
99.08109721,255165.3648,4208580.621,3759.52417
99.11499995,255165.3374,4208580.641,3759.517334
99.14890269,255165.3099,4208580.661,3759.510498
99.18280543,255165.2824,4208580.681,3759.502441
99.21670817,255165.255,4208580.7,3759.503662
99.25061092,255165.2275,4208580.72,3759.494385
99.28451366,255165.2001,4208580.74,3759.483643
99.3184164,255165.1726,4208580.76,3759.486084
99.35231914,255165.1451,4208580.78,3759.47583
99.38622188,255165.1177,4208580.8,3759.466553
99.42012462,255165.0902,4208580.82,3759.458496
99.45562381,255165.0676,4208580.847,3759.449463
99.491123,255165.0451,4208580.875,3759.442627
99.52662218,255165.0225,4208580.902,3759.435791
99.56212137,255164.9999,4208580.929,3759.428955
99.59762056,255164.9774,4208580.957,3759.422607
99.63311975,255164.9548,4208580.984,3759.41626
99.66861894,255164.9322,4208581.012,3759.409912
99.70411813,255164.9097,4208581.039,3759.403564
99.73961731,255164.8871,4208581.066,3759.398438
99.7751165,255164.8645,4208581.094,3759.394043
99.81061569,255164.842,4208581.121,3759.391113
99.84611488,255164.8194,4208581.149,3759.387695
99.88161407,255164.7968,4208581.176,3759.385986
99.91711325,255164.7743,4208581.203,3759.384766
99.95261244,255164.7517,4208581.231,3759.383789
99.98811163,255164.7291,4208581.258,3759.383057
100.0236108,255164.7066,4208581.286,3759.382324
100.05911,255164.684,4208581.313,3759.380127
100.0946092,255164.6614,4208581.34,3759.379639
100.1301084,255164.6389,4208581.368,3759.378906
100.1656076,255164.6163,4208581.395,3759.378174
100.2011068,255164.5937,4208581.423,3759.377441
100.2366059,255164.5712,4208581.45,3759.375
100.2721051,255164.5486,4208581.477,3759.374023
100.3076043,255164.526,4208581.505,3759.372803
100.3431035,255164.5035,4208581.532,3759.371582
100.3786027,255164.4809,4208581.56,3759.369629
100.4141019,255164.4583,4208581.587,3759.367676
100.4496011,255164.4358,4208581.614,3759.363037
100.4851003,255164.4132,4208581.642,3759.36084
100.5205995,255164.3906,4208581.669,3759.359131
100.5560986,255164.3681,4208581.697,3759.357178
100.5915978,255164.3455,4208581.724,3759.355469
100.627097,255164.3229,4208581.751,3759.35376
100.6625962,255164.3004,4208581.779,3759.349609
100.6980954,255164.2778,4208581.806,3759.347656
100.7335946,255164.2552,4208581.834,3759.346191
100.7690938,255164.2327,4208581.861,3759.344238
100.804593,255164.2101,4208581.889,3759.342285
100.8400921,255164.1875,4208581.916,3759.337646
100.8755913,255164.165,4208581.943,3759.334961
100.9110905,255164.1424,4208581.971,3759.332275
100.9465897,255164.1198,4208581.998,3759.329102
100.9820889,255164.0973,4208582.026,3759.325439
101.0175881,255164.0747,4208582.053,3759.320801
101.0530873,255164.0521,4208582.08,3759.3125
101.0885865,255164.0296,4208582.108,3759.306641
101.1240856,255164.007,4208582.135,3759.301025
101.1595848,255163.9844,4208582.163,3759.29541
101.195084,255163.9619,4208582.19,3759.290039
101.2305832,255163.9393,4208582.217,3759.284424
101.2660824,255163.9167,4208582.245,3759.273193
101.3015816,255163.8942,4208582.272,3759.26709
101.3370808,255163.8716,4208582.3,3759.260986
101.37258,255163.849,4208582.327,3759.254639
101.4080792,255163.8265,4208582.354,3759.247803
101.4435783,255163.8039,4208582.382,3759.241699
101.4790775,255163.7813,4208582.409,3759.22876
101.5145767,255163.7588,4208582.437,3759.222168
101.5500759,255163.7362,4208582.464,3759.215332
101.5855751,255163.7136,4208582.491,3759.209961
101.6210743,255163.6911,4208582.519,3759.203369
101.6565735,255163.6685,4208582.546,3759.188477
101.6920727,255163.6459,4208582.574,3759.182861
101.7275718,255163.6234,4208582.601,3759.17627
101.763071,255163.6008,4208582.628,3759.169922
101.7985702,255163.5782,4208582.656,3759.16333
101.8340694,255163.5557,4208582.683,3759.157227
101.8695686,255163.5331,4208582.711,3759.140625
101.9050678,255163.5105,4208582.738,3759.134766
101.940567,255163.488,4208582.765,3759.128906
101.9760662,255163.4654,4208582.793,3759.121826
102.0115654,255163.4428,4208582.82,3759.115479
102.0470645,255163.4203,4208582.848,3759.110352
102.0825637,255163.3977,4208582.875,3759.093018
102.1180629,255163.3751,4208582.902,3759.086426
102.1535621,255163.3526,4208582.93,3759.080078
102.1890613,255163.33,4208582.957,3759.072998
102.2245605,255163.3074,4208582.985,3759.06543
102.2600597,255163.2848,4208583.012,3759.047607
102.2955589,255163.2623,4208583.039,3759.039551
102.331058,255163.2397,4208583.067,3759.030762
102.3665572,255163.2171,4208583.094,3759.020996
102.4020564,255163.1946,4208583.122,3759.010986
102.4375556,255163.172,4208583.149,3759.000488
102.4730548,255163.1494,4208583.176,3758.980469
102.508554,255163.1269,4208583.204,3758.970703
102.5440532,255163.1043,4208583.231,3758.959961
102.5795524,255163.0817,4208583.259,3758.950439
102.6150515,255163.0592,4208583.286,3758.942139
102.6505507,255163.0366,4208583.313,3758.933838
102.6860499,255163.014,4208583.341,3758.915527
102.7215491,255162.9915,4208583.368,3758.906738
102.7570483,255162.9689,4208583.396,3758.897949
102.7925475,255162.9463,4208583.423,3758.890625
102.8280467,255162.9238,4208583.45,3758.882568
102.8635459,255162.9012,4208583.478,3758.862061
102.8990451,255162.8786,4208583.505,3758.854004
102.9345442,255162.8561,4208583.533,3758.848389
102.9700434,255162.8335,4208583.56,3758.841553
103.0055426,255162.8109,4208583.587,3758.835938
103.0410418,255162.7884,4208583.615,3758.830811
103.076541,255162.7658,4208583.642,3758.813477
103.1120402,255162.7432,4208583.67,3758.810303
103.1475394,255162.7207,4208583.697,3758.806396
103.1830386,255162.6981,4208583.725,3758.802979
103.2185377,255162.6755,4208583.752,3758.800537
103.2540369,255162.653,4208583.779,3758.79834
103.2895361,255162.6304,4208583.807,3758.792969
103.3250353,255162.6078,4208583.834,3758.795654
103.3605345,255162.5853,4208583.862,3758.798096
103.3960337,255162.5627,4208583.889,3758.800049
103.4315329,255162.5401,4208583.916,3758.802002
103.4670321,255162.5176,4208583.944,3758.803955
103.5025313,255162.495,4208583.971,3758.802979
103.5380304,255162.4724,4208583.999,3758.805176
103.5735296,255162.4499,4208584.026,3758.807129
103.6090288,255162.4273,4208584.053,3758.809082
103.644528,255162.4047,4208584.081,3758.810791
103.6800272,255162.3822,4208584.108,3758.810303
103.7155264,255162.3596,4208584.136,3758.811523
103.7510256,255162.337,4208584.163,3758.812988
103.7865248,255162.3145,4208584.19,3758.813965
103.8220239,255162.2919,4208584.218,3758.813477
103.8575231,255162.2693,4208584.245,3758.812256
103.8930223,255162.2468,4208584.273,3758.812256
103.9285215,255162.2242,4208584.3,3758.811035
103.9640207,255162.2016,4208584.327,3758.809326
103.9995199,255162.1791,4208584.355,3758.806641
104.0350191,255162.1565,4208584.382,3758.803467
104.0705183,255162.1339,4208584.41,3758.801025
104.1060174,255162.1114,4208584.437,3758.802246
104.1415166,255162.0888,4208584.464,3758.80127
104.1770158,255162.0662,4208584.492,3758.80249
104.212515,255162.0437,4208584.519,3758.805664
104.2480142,255162.0211,4208584.547,3758.809814
104.2835134,255161.9985,4208584.574,3758.813477
104.3190126,255161.976,4208584.601,3758.820801
104.3545118,255161.9534,4208584.629,3758.829834
104.390011,255161.9308,4208584.656,3758.840576
104.4255101,255161.9083,4208584.684,3758.853516
104.4610093,255161.8857,4208584.711,3758.86792
104.4965085,255161.8631,4208584.738,3758.882813
104.5320077,255161.8406,4208584.766,3758.903076
104.5675069,255161.818,4208584.793,3758.922852
104.6030061,255161.7954,4208584.821,3758.942627
104.6385053,255161.7729,4208584.848,3758.961426
104.6740045,255161.7503,4208584.875,3758.980957
104.7095036,255161.7277,4208584.903,3758.993896
104.7450028,255161.7052,4208584.93,3759.008301
104.780502,255161.6826,4208584.958,3759.02002
104.8160012,255161.66,4208584.985,3759.030029
104.8515004,255161.6375,4208585.012,3759.034668
104.8869996,255161.6149,4208585.04,3759.036133
104.9224988,255161.5923,4208585.067,3759.037598
104.957998,255161.5698,4208585.095,3759.038818
104.9934972,255161.5472,4208585.122,3759.039551
105.0289963,255161.5246,4208585.149,3759.040527
105.0644955,255161.502,4208585.177,3759.041748
105.0999947,255161.4795,4208585.204,3759.041748
105.1354939,255161.4569,4208585.232,3759.043213
105.1709931,255161.4343,4208585.259,3759.045166
105.2064923,255161.4118,4208585.286,3759.047363
105.2419915,255161.3892,4208585.314,3759.050049
105.2774907,255161.3666,4208585.341,3759.051758
105.3129898,255161.3441,4208585.369,3759.051514
105.348489,255161.3215,4208585.396,3759.05249
105.3839882,255161.2989,4208585.423,3759.052734
105.4136717,255161.2715,4208585.435,3759.052979
105.4433553,255161.2441,4208585.446,3759.052979
105.4730388,255161.2167,4208585.458,3759.053223
105.5027223,255161.1893,4208585.469,3759.052979
105.5324059,255161.1619,4208585.481,3759.053223
105.5620894,255161.1345,4208585.492,3759.053223
105.5917729,255161.1071,4208585.503,3759.052979
105.6214564,255161.0797,4208585.515,3759.052979
105.65114,255161.0523,4208585.526,3759.052734
105.6808235,255161.0249,4208585.538,3759.052734
105.710507,255160.9975,4208585.549,3759.052734
105.7401905,255160.9701,4208585.56,3759.052734
105.7698741,255160.9427,4208585.572,3759.052734
105.7995576,255160.9153,4208585.583,3759.05249
105.8292411,255160.8879,4208585.595,3759.052246
105.8589246,255160.8605,4208585.606,3759.052002
105.8886082,255160.8331,4208585.618,3759.052002
105.9182917,255160.8057,4208585.629,3759.051758
105.9479752,255160.7783,4208585.64,3759.051514
105.9776588,255160.7509,4208585.652,3759.051514
106.0073423,255160.7235,4208585.663,3759.052002
106.0370258,255160.6961,4208585.675,3759.052246
106.0667093,255160.6687,4208585.686,3759.052734
106.0963929,255160.6413,4208585.697,3759.053467
106.1260764,255160.6139,4208585.709,3759.054443
106.1557599,255160.5865,4208585.72,3759.057617
106.1854434,255160.5591,4208585.732,3759.05957
106.215127,255160.5317,4208585.743,3759.066895
106.2448105,255160.5043,4208585.755,3759.06958
106.274494,255160.4769,4208585.766,3759.07251
106.3041775,255160.4495,4208585.777,3759.08252
106.3338611,255160.4221,4208585.789,3759.086426
106.3635446,255160.3947,4208585.8,3759.098877
106.3932281,255160.3673,4208585.812,3759.103516
106.4229117,255160.3399,4208585.823,3759.108643
106.4525952,255160.3125,4208585.834,3759.125488
106.4822787,255160.2851,4208585.846,3759.131104
106.5119622,255160.2577,4208585.857,3759.147949
106.5416458,255160.2303,4208585.869,3759.154785
106.5713293,255160.2029,4208585.88,3759.16748
106.6010128,255160.1755,4208585.892,3759.171143
106.6306963,255160.1481,4208585.903,3759.174072
106.6603799,255160.1207,4208585.914,3759.176758
106.6900634,255160.0933,4208585.926,3759.178711
106.7197469,255160.0659,4208585.937,3759.180176
106.7494304,255160.0385,4208585.949,3759.181396
106.779114,255160.0111,4208585.96,3759.182861
106.8087975,255159.9837,4208585.971,3759.183594
106.838481,255159.9563,4208585.983,3759.185059
106.8681645,255159.9289,4208585.994,3759.185791
106.8978481,255159.9015,4208586.006,3759.187256
106.9275316,255159.8741,4208586.017,3759.187744
106.9572151,255159.8467,4208586.029,3759.189209
106.9868987,255159.8193,4208586.04,3759.190674
107.0165822,255159.7919,4208586.051,3759.190674
107.0462657,255159.7645,4208586.063,3759.192139
107.0759492,255159.7371,4208586.074,3759.191895
107.1056328,255159.7097,4208586.086,3759.193604
107.1353163,255159.6823,4208586.097,3759.195557
107.1649998,255159.6549,4208586.108,3759.196289
107.1946833,255159.6275,4208586.12,3759.200195
107.2243669,255159.6001,4208586.131,3759.20166
107.2540504,255159.5727,4208586.143,3759.206543
107.2837339,255159.5453,4208586.154,3759.208252
107.3134174,255159.5179,4208586.166,3759.214111
107.343101,255159.4905,4208586.177,3759.219971
107.3727845,255159.4631,4208586.188,3759.222656
107.402468,255159.4357,4208586.2,3759.22876
107.4321516,255159.4083,4208586.211,3759.231201
107.4618351,255159.3809,4208586.223,3759.237305
107.4915186,255159.3535,4208586.234,3759.243408
107.5212021,255159.3261,4208586.245,3759.246094
107.5508857,255159.2987,4208586.257,3759.25293
107.5805692,255159.2713,4208586.268,3759.256592
107.6102527,255159.2439,4208586.28,3759.264404
107.6399362,255159.2165,4208586.291,3759.269531
107.6696198,255159.1891,4208586.303,3759.279297
107.6993033,255159.1617,4208586.314,3759.289551
107.7289868,255159.1343,4208586.325,3759.295898
107.7586703,255159.1069,4208586.337,3759.307129
107.7883539,255159.0795,4208586.348,3759.311768
107.8180374,255159.0521,4208586.36,3759.320313
107.8477209,255159.0247,4208586.371,3759.327393
107.8774045,255158.9973,4208586.382,3759.328613
107.907088,255158.9699,4208586.394,3759.333252
107.9367715,255158.9425,4208586.405,3759.332764
107.966455,255158.9151,4208586.417,3759.335693
107.9961386,255158.8877,4208586.428,3759.334229
108.0258221,255158.8603,4208586.44,3759.33667
108.0555056,255158.8329,4208586.451,3759.338379
108.0851891,255158.8055,4208586.462,3759.334961
108.1148727,255158.7781,4208586.474,3759.33667
108.1445562,255158.7507,4208586.485,3759.333008
108.1742397,255158.7233,4208586.497,3759.334229
108.2039232,255158.6959,4208586.508,3759.334961
108.2336068,255158.6685,4208586.519,3759.331543
108.2632903,255158.6411,4208586.531,3759.332764
108.2929738,255158.6137,4208586.542,3759.328369
108.3226574,255158.5863,4208586.554,3759.329834
108.3523409,255158.5589,4208586.565,3759.326416
108.3820244,255158.5315,4208586.577,3759.327393
108.4117079,255158.5041,4208586.588,3759.328369
108.4413915,255158.4767,4208586.599,3759.325195
108.471075,255158.4493,4208586.611,3759.327148
108.5007585,255158.4219,4208586.622,3759.323242
108.530442,255158.3945,4208586.634,3759.325928
108.5601256,255158.3671,4208586.645,3759.327881
108.5898091,255158.3397,4208586.656,3759.325439
108.6194926,255158.3123,4208586.668,3759.327881
108.6491761,255158.2849,4208586.679,3759.326172
108.6788597,255158.2575,4208586.691,3759.329102
108.7085432,255158.2301,4208586.702,3759.327148
108.7382267,255158.2027,4208586.714,3759.330811
108.7679102,255158.1753,4208586.725,3759.334229
108.7975938,255158.1479,4208586.736,3759.332764
108.8272773,255158.1205,4208586.748,3759.336182
108.8569608,255158.0931,4208586.759,3759.334473
108.8866444,255158.0657,4208586.771,3759.338379
108.9163279,255158.0383,4208586.782,3759.341797
108.9460114,255158.0109,4208586.793,3759.34082
108.9756949,255157.9835,4208586.805,3759.344482
109.0053785,255157.9561,4208586.816,3759.343018
109.035062,255157.9287,4208586.828,3759.347412
109.0647455,255157.9013,4208586.839,3759.346436
109.094429,255157.8739,4208586.851,3759.351563
109.1241126,255157.8465,4208586.862,3759.356934
109.1537961,255157.8191,4208586.873,3759.356445
109.1834796,255157.7917,4208586.885,3759.362793
109.2131631,255157.7643,4208586.896,3759.362549
109.2428467,255157.7369,4208586.908,3759.371094
109.2725302,255157.7095,4208586.919,3759.381348
109.3022137,255157.6821,4208586.93,3759.381836
109.3318973,255157.6547,4208586.942,3759.394043
109.3615808,255157.6273,4208586.953,3759.394043
109.3912643,255157.5999,4208586.965,3759.40625
109.4209478,255157.5725,4208586.976,3759.405762
109.4506314,255157.5451,4208586.988,3759.418945
109.4803149,255157.5177,4208586.999,3759.431152
109.5099984,255157.4903,4208587.01,3759.428711
109.5396819,255157.4629,4208587.022,3759.438965
109.5693655,255157.4355,4208587.033,3759.434326
109.599049,255157.4081,4208587.045,3759.443848
109.6287325,255157.3807,4208587.056,3759.453125
109.658416,255157.3533,4208587.067,3759.44458
109.6880996,255157.3259,4208587.079,3759.453125
109.7177831,255157.2985,4208587.09,3759.443604
109.7474666,255157.2711,4208587.102,3759.449707
109.7771502,255157.2437,4208587.113,3759.439941
109.8068337,255157.2163,4208587.125,3759.446289
109.8365172,255157.1889,4208587.136,3759.451904
109.8662007,255157.1615,4208587.147,3759.44165
109.8958843,255157.1341,4208587.159,3759.446777
109.9255678,255157.1067,4208587.17,3759.437012
109.9552513,255157.0793,4208587.182,3759.441406
109.9849348,255157.0519,4208587.193,3759.432617
110.0146184,255157.0245,4208587.204,3759.436279
110.0443019,255156.9971,4208587.216,3759.44043
110.0739854,255156.9697,4208587.227,3759.431885
110.1036689,255156.9423,4208587.239,3759.435059
110.1333525,255156.9149,4208587.25,3759.426758
110.163036,255156.8875,4208587.262,3759.430664
110.1927195,255156.8601,4208587.273,3759.433838
110.2224031,255156.8327,4208587.284,3759.426514
110.2520866,255156.8053,4208587.296,3759.429932
110.2817701,255156.7779,4208587.307,3759.423584
110.3114536,255156.7505,4208587.319,3759.427002
110.3411372,255156.7231,4208587.33,3759.421875
110.3708207,255156.6957,4208587.341,3759.426025
110.4005042,255156.6683,4208587.353,3759.430176
110.4301877,255156.6409,4208587.364,3759.426025
110.4598713,255156.6135,4208587.376,3759.430176
110.4895548,255156.5861,4208587.387,3759.427002
110.5192383,255156.5587,4208587.399,3759.431641
110.5489218,255156.5313,4208587.41,3759.436523
110.5786054,255156.5039,4208587.421,3759.434082
110.6082889,255156.4765,4208587.433,3759.438965
110.6379724,255156.4491,4208587.444,3759.436768
110.6676559,255156.4217,4208587.456,3759.442383
110.6973395,255156.3943,4208587.467,3759.441162
110.727023,255156.3669,4208587.478,3759.44751
110.7567065,255156.3395,4208587.49,3759.453369
110.7863901,255156.3121,4208587.501,3759.451904
110.8160736,255156.2847,4208587.513,3759.458008
110.8457571,255156.2573,4208587.524,3759.457031
110.8754406,255156.2299,4208587.536,3759.463135
110.9051242,255156.2025,4208587.547,3759.468994
110.9348077,255156.1751,4208587.558,3759.467773
110.9644912,255156.1477,4208587.57,3759.473145
110.9941747,255156.1203,4208587.581,3759.471191
111.0238583,255156.0929,4208587.593,3759.476807
111.0535418,255156.0655,4208587.604,3759.475342
111.0832253,255156.0381,4208587.615,3759.480713
111.1129088,255156.0107,4208587.627,3759.486084
111.1425924,255155.9833,4208587.638,3759.483398
111.1722759,255155.9559,4208587.65,3759.489014
111.2019594,255155.9285,4208587.661,3759.487305
111.231643,255155.9011,4208587.673,3759.49292
111.2613265,255155.8737,4208587.684,3759.498779
111.29101,255155.8463,4208587.695,3759.496338
111.3206935,255155.8189,4208587.707,3759.501709
111.3503771,255155.7915,4208587.718,3759.499268
111.3800606,255155.7641,4208587.73,3759.505371
111.4097441,255155.7367,4208587.741,3759.500977
111.4394276,255155.7093,4208587.752,3759.50708
111.4691112,255155.6819,4208587.764,3759.512939
111.4987947,255155.6545,4208587.775,3759.507813
111.5284782,255155.6271,4208587.787,3759.514893
111.5581617,255155.5997,4208587.798,3759.508057
111.5878453,255155.5723,4208587.81,3759.515137
111.6175288,255155.5449,4208587.821,3759.522705
111.6472123,255155.5175,4208587.832,3759.515869
111.6768959,255155.4901,4208587.844,3759.523438
111.7065794,255155.4627,4208587.855,3759.516846
111.7362629,255155.4353,4208587.867,3759.524902
111.7659464,255155.4079,4208587.878,3759.517822
111.79563,255155.3805,4208587.889,3759.526611
111.8253135,255155.3531,4208587.901,3759.534668
111.854997,255155.3257,4208587.912,3759.527588
111.8846805,255155.2983,4208587.924,3759.536133
111.9143641,255155.2709,4208587.935,3759.52832
111.9440476,255155.2435,4208587.947,3759.537354
111.9737311,255155.2161,4208587.958,3759.546875
112.0034146,255155.1887,4208587.969,3759.540283
112.0330982,255155.1613,4208587.981,3759.55127
112.0627817,255155.1339,4208587.992,3759.546143
112.0924652,255155.1065,4208588.004,3759.557129
112.1221488,255155.0791,4208588.015,3759.552979
112.1518323,255155.0517,4208588.026,3759.565186
112.1815158,255155.0243,4208588.038,3759.578125
112.2111993,255154.9969,4208588.049,3759.573242
112.2408829,255154.9695,4208588.061,3759.585693
112.2705664,255154.9421,4208588.072,3759.583008
112.3002499,255154.9147,4208588.084,3759.595459
112.3299334,255154.8873,4208588.095,3759.606689
112.359617,255154.8599,4208588.106,3759.601807
112.3893005,255154.8325,4208588.118,3759.612549
112.418984,255154.8051,4208588.129,3759.60791
112.4486675,255154.7777,4208588.141,3759.617432
112.4783511,255154.7503,4208588.152,3759.612793
112.5080346,255154.7229,4208588.164,3759.622559
112.5377181,255154.6955,4208588.175,3759.631104
112.5674016,255154.6681,4208588.186,3759.627197
112.5970852,255154.6407,4208588.198,3759.636475
112.6267687,255154.6133,4208588.209,3759.633301
112.6564522,255154.5859,4208588.221,3759.642578
112.6861358,255154.5585,4208588.232,3759.651855
112.7158193,255154.5311,4208588.243,3759.648438
112.7455028,255154.5037,4208588.255,3759.656738
112.7751863,255154.4763,4208588.266,3759.653809
112.8048699,255154.4489,4208588.278,3759.662598
112.8345534,255154.4215,4208588.289,3759.658936
112.8642369,255154.3941,4208588.301,3759.667236
112.8939204,255154.3667,4208588.312,3759.675781
112.923604,255154.3393,4208588.323,3759.671875
112.9532875,255154.3119,4208588.335,3759.679688
112.982971,255154.2845,4208588.346,3759.675049
113.0126545,255154.2571,4208588.358,3759.682617
113.0423381,255154.2297,4208588.369,3759.69043
113.0720216,255154.2023,4208588.38,3759.68457
113.1017051,255154.1749,4208588.392,3759.693359
113.1313887,255154.1475,4208588.403,3759.68457
113.1610722,255154.1201,4208588.415,3759.693359
113.1907557,255154.0927,4208588.426,3759.682617
113.2204392,255154.0653,4208588.438,3759.690186
113.2501228,255154.0379,4208588.449,3759.697998
113.2798063,255154.0105,4208588.46,3759.686279
113.3094898,255153.9831,4208588.472,3759.693115
113.3391733,255153.9557,4208588.483,3759.680176
113.3688569,255153.9283,4208588.495,3759.685791
113.3985404,255153.9009,4208588.506,3759.692627
113.4282239,255153.8735,4208588.517,3759.679199
113.4579074,255153.8461,4208588.529,3759.683838
113.487591,255153.8187,4208588.54,3759.669678
113.5172745,255153.7913,4208588.552,3759.676025
113.546958,255153.7639,4208588.563,3759.661377
113.5766416,255153.7365,4208588.575,3759.667969
113.6063251,255153.7091,4208588.586,3759.675049
113.6360086,255153.6817,4208588.597,3759.662354
113.6656921,255153.6543,4208588.609,3759.669434
113.6953757,255153.6269,4208588.62,3759.659668
113.7250592,255153.5995,4208588.632,3759.667236
113.7547427,255153.5721,4208588.643,3759.675537
113.7844262,255153.5447,4208588.654,3759.66748
113.8141098,255153.5173,4208588.666,3759.675781
113.8437933,255153.4899,4208588.677,3759.668701
113.8734768,255153.4625,4208588.689,3759.676758
113.9031603,255153.4351,4208588.7,3759.671143
113.9328439,255153.4077,4208588.712,3759.679443
113.9625274,255153.3803,4208588.723,3759.687744
113.9922109,255153.3529,4208588.734,3759.682129
114.0218945,255153.3255,4208588.746,3759.690186
114.051578,255153.2981,4208588.757,3759.684814
114.0812615,255153.2707,4208588.769,3759.693359
114.110945,255153.2433,4208588.78,3759.70166
114.1406286,255153.2159,4208588.791,3759.696289
114.1703121,255153.1885,4208588.803,3759.704834
114.1999956,255153.1611,4208588.814,3759.69873
114.2296791,255153.1337,4208588.826,3759.706787
114.2593627,255153.1063,4208588.837,3759.699951
114.2890462,255153.0789,4208588.849,3759.707764
114.3187297,255153.0515,4208588.86,3759.71582
114.3484132,255153.0241,4208588.871,3759.706787
114.3780968,255152.9967,4208588.883,3759.713867
114.4077803,255152.9693,4208588.894,3759.703125
114.4374638,255152.9419,4208588.906,3759.709473
114.4671473,255152.9145,4208588.917,3759.715576
114.4968309,255152.8871,4208588.928,3759.701904
114.5265144,255152.8597,4208588.94,3759.706055
114.5561979,255152.8323,4208588.951,3759.692139
114.5858815,255152.8049,4208588.963,3759.696777
114.615565,255152.7775,4208588.974,3759.679443
114.6452485,255152.7501,4208588.986,3759.683838
114.674932,255152.7227,4208588.997,3759.686523
114.7046156,255152.6953,4208589.008,3759.668701
114.7342991,255152.6679,4208589.02,3759.670166
114.7639826,255152.6405,4208589.031,3759.651855
114.7936661,255152.6131,4208589.043,3759.653564
114.8233497,255152.5857,4208589.054,3759.655273
114.8530332,255152.5583,4208589.065,3759.641113
114.8827167,255152.5309,4208589.077,3759.64502
114.9124002,255152.5035,4208589.088,3759.629883
114.9420838,255152.4761,4208589.1,3759.63208
114.9717673,255152.4487,4208589.111,3759.622559
115.0014508,255152.4213,4208589.123,3759.625732
115.0311344,255152.3939,4208589.134,3759.628418
115.0608179,255152.3665,4208589.145,3759.619385
115.0905014,255152.3391,4208589.157,3759.62207
115.1201849,255152.3117,4208589.168,3759.614258
115.1498685,255152.2843,4208589.18,3759.617432
115.179552,255152.2569,4208589.191,3759.620361
115.2092355,255152.2295,4208589.202,3759.612549
115.238919,255152.2021,4208589.214,3759.615234
115.2686026,255152.1747,4208589.225,3759.60791
115.2982861,255152.1473,4208589.237,3759.611328
115.3279696,255152.1199,4208589.248,3759.602783
115.3576531,255152.0925,4208589.26,3759.604736
115.3873367,255152.0651,4208589.271,3759.608154
115.4170202,255152.0377,4208589.282,3759.600098
115.4467037,255152.0103,4208589.294,3759.601807
115.4763873,255151.9829,4208589.305,3759.592529
115.5060708,255151.9555,4208589.317,3759.594482
115.5357543,255151.9281,4208589.328,3759.585938
115.5654378,255151.9007,4208589.339,3759.588135
115.5951214,255151.8733,4208589.351,3759.590332
115.6248049,255151.8459,4208589.362,3759.580322
115.6544884,255151.8185,4208589.374,3759.581299
115.6841719,255151.7911,4208589.385,3759.571045
115.7138555,255151.7637,4208589.397,3759.572266
115.743539,255151.7363,4208589.408,3759.574219
115.7732225,255151.7089,4208589.419,3759.565918
115.802906,255151.6815,4208589.431,3759.567871
115.8325896,255151.6541,4208589.442,3759.558105
115.8622731,255151.6267,4208589.454,3759.559082
115.8919566,255151.5993,4208589.465,3759.549316
115.9216401,255151.5719,4208589.476,3759.550293
115.9513237,255151.5445,4208589.488,3759.551514
115.9810072,255151.5171,4208589.499,3759.541748
116.0106907,255151.4897,4208589.511,3759.543945
116.0403743,255151.4623,4208589.522,3759.5354
116.0700578,255151.4349,4208589.534,3759.536621
116.0997413,255151.4075,4208589.545,3759.538086
116.1294248,255151.3801,4208589.556,3759.52832
116.1591084,255151.3527,4208589.568,3759.529541
116.1887919,255151.3253,4208589.579,3759.520264
116.2184754,255151.2979,4208589.591,3759.522217
116.2481589,255151.2705,4208589.602,3759.513916
116.2778425,255151.2431,4208589.613,3759.516113
116.307526,255151.2157,4208589.625,3759.518066
116.3372095,255151.1883,4208589.636,3759.512207
116.366893,255151.1609,4208589.648,3759.515137
116.3965766,255151.1335,4208589.659,3759.513428
116.4262601,255151.1061,4208589.671,3759.517578
116.4559436,255151.0787,4208589.682,3759.521973
116.4856272,255151.0513,4208589.693,3759.522705
116.5153107,255151.0239,4208589.705,3759.527588
116.5449942,255150.9965,4208589.716,3759.529541
116.5746777,255150.9691,4208589.728,3759.534912
116.6043613,255150.9417,4208589.739,3759.539307
116.6340448,255150.9143,4208589.75,3759.546143
116.6637283,255150.8869,4208589.762,3759.552979
116.6934118,255150.8595,4208589.773,3759.558105
116.7230954,255150.8321,4208589.785,3759.565674
116.7527789,255150.8047,4208589.796,3759.573486
116.7824624,255150.7773,4208589.808,3759.583252
116.8121459,255150.7499,4208589.819,3759.594238
116.8418295,255150.7225,4208589.83,3759.606201
116.871513,255150.6951,4208589.842,3759.618652
116.9011965,255150.6677,4208589.853,3759.632324
116.9308801,255150.6403,4208589.865,3759.644287
116.9605636,255150.6129,4208589.876,3759.660156
116.9902471,255150.5855,4208589.887,3759.672119
117.0199306,255150.5581,4208589.899,3759.680176
117.0496142,255150.5307,4208589.91,3759.693115
117.0792977,255150.5033,4208589.922,3759.697754
117.1089812,255150.4759,4208589.933,3759.709473
117.1386647,255150.4485,4208589.945,3759.71167
117.1683483,255150.4211,4208589.956,3759.712891
117.1980318,255150.3937,4208589.967,3759.722168
117.2277153,255150.3663,4208589.979,3759.722168
117.2573988,255150.3389,4208589.99,3759.729248
117.2870824,255150.3115,4208590.002,3759.727051
117.3167659,255150.2841,4208590.013,3759.730225
117.3464494,255150.2567,4208590.024,3759.726807
117.376133,255150.2293,4208590.036,3759.719238
117.4058165,255150.2019,4208590.047,3759.710205
117.4355,255150.1745,4208590.059,3759.692871
117.4651835,255150.1471,4208590.07,3759.68042
117.4948671,255150.1197,4208590.082,3759.666016
117.5245506,255150.0923,4208590.093,3759.653564
117.5542341,255150.0649,4208590.104,3759.647461
117.5839176,255150.0375,4208590.116,3759.638428
117.6136012,255150.0101,4208590.127,3759.635742
117.6432847,255149.9827,4208590.139,3759.628418
117.6729682,255149.9553,4208590.15,3759.62793
117.7026517,255149.9279,4208590.161,3759.621094
117.7323353,255149.9005,4208590.173,3759.614746
117.7620188,255149.8731,4208590.184,3759.616943
117.7917023,255149.8457,4208590.196,3759.611816
117.8213858,255149.8183,4208590.207,3759.614502
117.8510694,255149.7909,4208590.219,3759.61084
117.8807529,255149.7635,4208590.23,3759.606689
117.9104364,255149.7361,4208590.241,3759.611084
117.94012,255149.7087,4208590.253,3759.607422
117.9698035,255149.6813,4208590.264,3759.612549
117.999487,255149.6539,4208590.276,3759.607422
118.0291705,255149.6265,4208590.287,3759.612793
118.0588541,255149.5991,4208590.298,3759.610596
118.0885376,255149.5717,4208590.31,3759.608887
118.1182211,255149.5443,4208590.321,3759.61377
118.1479046,255149.5169,4208590.333,3759.612549
118.1775882,255149.4895,4208590.344,3759.617432
118.2072717,255149.4621,4208590.356,3759.616455
118.2369552,255149.4347,4208590.367,3759.615723
118.2666387,255149.4073,4208590.378,3759.619629
118.2963223,255149.3799,4208590.39,3759.618896
118.3260058,255149.3525,4208590.401,3759.622559
118.3556893,255149.3251,4208590.413,3759.621338
118.3853729,255149.2977,4208590.424,3759.625244
118.4150564,255149.2703,4208590.435,3759.624512
118.4447399,255149.2429,4208590.447,3759.624268
118.4744234,255149.2155,4208590.458,3759.62793
118.504107,255149.1881,4208590.47,3759.627686
118.5337905,255149.1607,4208590.481,3759.631104
118.563474,255149.1333,4208590.493,3759.630859
118.5931575,255149.1059,4208590.504,3759.630615
118.6228411,255149.0785,4208590.515,3759.63501
118.6525246,255149.0511,4208590.527,3759.635254
118.6822081,255149.0237,4208590.538,3759.641357
118.7118916,255148.9963,4208590.55,3759.641846
118.7415752,255148.9689,4208590.561,3759.648926
118.7712587,255148.9415,4208590.572,3759.649658
118.8009422,255148.9141,4208590.584,3759.650391
118.8306258,255148.8867,4208590.595,3759.658691
118.8603093,255148.8593,4208590.607,3759.658936
118.8899928,255148.8319,4208590.618,3759.666992
118.9196763,255148.8045,4208590.63,3759.667236
118.9493599,255148.7771,4208590.641,3759.66748
118.9790434,255148.7497,4208590.652,3759.675049
119.0087269,255148.7223,4208590.664,3759.675537
119.0384104,255148.6949,4208590.675,3759.682129
119.068094,255148.6675,4208590.687,3759.682373
119.0977775,255148.6401,4208590.698,3759.689209
119.127461,255148.6127,4208590.709,3759.689209
119.1571445,255148.5853,4208590.721,3759.689209
119.1868281,255148.5579,4208590.732,3759.696533
119.2165116,255148.5305,4208590.744,3759.696289
119.2461951,255148.5031,4208590.755,3759.70459
119.2758787,255148.4757,4208590.767,3759.70459
119.3055622,255148.4483,4208590.778,3759.704346
119.3352457,255148.4209,4208590.789,3759.710938
119.3649292,255148.3935,4208590.801,3759.710205
119.3946128,255148.3661,4208590.812,3759.715088
119.4242963,255148.3387,4208590.824,3759.713623
119.4539798,255148.3113,4208590.835,3759.717529
119.4836633,255148.2839,4208590.846,3759.71582
119.5133469,255148.2565,4208590.858,3759.713135
119.5430304,255148.2291,4208590.869,3759.715088
119.5727139,255148.2017,4208590.881,3759.712646
119.6023974,255148.1743,4208590.892,3759.713379
119.632081,255148.1469,4208590.904,3759.709961
119.6617645,255148.1195,4208590.915,3759.706787
119.691448,255148.0921,4208590.926,3759.706543
119.7211315,255148.0647,4208590.938,3759.702881
119.7508151,255148.0373,4208590.949,3759.701904
119.7804986,255148.0099,4208590.961,3759.698242
119.8101821,255147.9825,4208590.972,3759.697021
119.8398657,255147.9551,4208590.983,3759.693604
119.8695492,255147.9277,4208590.995,3759.69043
119.8992327,255147.9003,4208591.006,3759.690186
119.9289162,255147.8729,4208591.018,3759.688965
119.9585998,255147.8455,4208591.029,3759.689453
119.9882833,255147.8181,4208591.041,3759.688965
120.0179668,255147.7907,4208591.052,3759.688477
120.0476503,255147.7633,4208591.063,3759.689453
120.0773339,255147.7359,4208591.075,3759.689209
120.1070174,255147.7085,4208591.086,3759.690186
120.1367009,255147.6811,4208591.098,3759.690674
120.1663844,255147.6537,4208591.109,3759.692383
120.196068,255147.6263,4208591.12,3759.692871
120.2257515,255147.5989,4208591.132,3759.693604
120.255435,255147.5715,4208591.143,3759.696289
120.2851186,255147.5441,4208591.155,3759.700195
120.3148021,255147.5167,4208591.166,3759.707764
120.3444856,255147.4893,4208591.178,3759.715576
120.3741691,255147.4619,4208591.189,3759.725098
120.4038527,255147.4345,4208591.2,3759.734863
120.4335362,255147.4071,4208591.212,3759.743164
120.4632197,255147.3797,4208591.223,3759.750732
120.4929032,255147.3523,4208591.235,3759.759277
120.5225868,255147.3249,4208591.246,3759.766113
120.5522703,255147.2975,4208591.257,3759.77417
120.5819538,255147.2701,4208591.269,3759.781006
120.6116373,255147.2427,4208591.28,3759.784424
120.6413209,255147.2153,4208591.292,3759.789063
120.6710044,255147.1879,4208591.303,3759.789795
120.7006879,255147.1605,4208591.315,3759.791748
120.7303715,255147.1331,4208591.326,3759.791016
120.760055,255147.1057,4208591.337,3759.791504
120.7897385,255147.0783,4208591.349,3759.791992
120.819422,255147.0509,4208591.36,3759.791504
120.8491056,255147.0235,4208591.372,3759.791748
120.8787891,255146.9961,4208591.383,3759.791504
120.9084726,255146.9687,4208591.394,3759.791504
120.9381561,255146.9413,4208591.406,3759.791504
120.9678397,255146.9139,4208591.417,3759.79126
120.9975232,255146.8865,4208591.429,3759.79126
121.0272067,255146.8591,4208591.44,3759.790771
121.0568902,255146.8317,4208591.452,3759.790527
121.0865738,255146.8043,4208591.463,3759.790527
121.1162573,255146.7769,4208591.474,3759.790283
121.1459408,255146.7495,4208591.486,3759.790039
121.1756244,255146.7221,4208591.497,3759.790039
121.2053079,255146.6947,4208591.509,3759.789795
121.2349914,255146.6673,4208591.52,3759.790039
121.2646749,255146.6399,4208591.531,3759.789307
121.2943585,255146.6124,4208591.543,3759.788574
121.324042,255146.585,4208591.554,3759.789551
121.3537255,255146.5576,4208591.566,3759.788574
121.383409,255146.5302,4208591.577,3759.790039
121.4130926,255146.5028,4208591.589,3759.789795
121.4427761,255146.4754,4208591.6,3759.792725
121.4724596,255146.448,4208591.611,3759.792725
121.5021431,255146.4206,4208591.623,3759.792969
121.5318267,255146.3932,4208591.634,3759.796875
121.5615102,255146.3658,4208591.646,3759.797119
121.5911937,255146.3384,4208591.657,3759.801025
121.6208772,255146.311,4208591.668,3759.801758
121.6505608,255146.2836,4208591.68,3759.802246
121.6802443,255146.2562,4208591.691,3759.805908
121.7099278,255146.2288,4208591.703,3759.806885
121.7396114,255146.2014,4208591.714,3759.810791
121.7692949,255146.174,4208591.726,3759.811768
121.7989784,255146.1466,4208591.737,3759.81665
121.8286619,255146.1192,4208591.748,3759.817871
121.8583455,255146.0918,4208591.76,3759.819336
121.888029,255146.0644,4208591.771,3759.824951
121.9177125,255146.037,4208591.783,3759.825928
121.947396,255146.0096,4208591.794,3759.830811
121.9770796,255145.9822,4208591.805,3759.832275
122.0067631,255145.9548,4208591.817,3759.833496
122.0364466,255145.9274,4208591.828,3759.838623
122.0661301,255145.9,4208591.84,3759.8396
122.0958137,255145.8726,4208591.851,3759.845215
122.1254972,255145.8452,4208591.863,3759.84668
122.1551807,255145.8178,4208591.874,3759.852051
122.1848643,255145.7904,4208591.885,3759.853271
122.2145478,255145.763,4208591.897,3759.854492
122.2442313,255145.7356,4208591.908,3759.859619
122.2739148,255145.7082,4208591.92,3759.86084
122.3035984,255145.6808,4208591.931,3759.865234
122.3332819,255145.6534,4208591.942,3759.866455
122.3629654,255145.626,4208591.954,3759.868164
122.3926489,255145.5986,4208591.965,3759.87207
122.4223325,255145.5712,4208591.977,3759.873535
122.452016,255145.5438,4208591.988,3759.878174
122.4816995,255145.5164,4208592,3759.881104
122.511383,255145.489,4208592.011,3759.887451
122.5410666,255145.4616,4208592.022,3759.891357
122.5707501,255145.4342,4208592.034,3759.895508
122.6004336,255145.4068,4208592.045,3759.90332
122.6301172,255145.3794,4208592.057,3759.907715
122.6598007,255145.352,4208592.068,3759.916748
122.6894842,255145.3246,4208592.079,3759.922607
122.7191677,255145.2972,4208592.091,3759.928711
122.7488513,255145.2698,4208592.102,3759.939697
122.7785348,255145.2424,4208592.114,3759.945557
122.8082183,255145.215,4208592.125,3759.956543
122.8379018,255145.1876,4208592.137,3759.963135
122.8675854,255145.1602,4208592.148,3759.973389
122.8972689,255145.1328,4208592.159,3759.97876
122.9269524,255145.1054,4208592.171,3759.984131
122.9566359,255145.078,4208592.182,3759.993408
122.9863195,255145.0506,4208592.194,3759.998291
123.015708,255145.0232,4208592.204,3760.006836
123.0450965,255144.9958,4208592.215,3760.011475
123.074485,255144.9684,4208592.225,3760.016602
123.1038735,255144.941,4208592.236,3760.026123
123.133262,255144.9136,4208592.247,3760.032227
123.1626505,255144.8861,4208592.257,3760.043701
123.192039,255144.8587,4208592.268,3760.050537
123.2214275,255144.8313,4208592.278,3760.057861
123.250816,255144.8039,4208592.289,3760.06958
123.2802045,255144.7765,4208592.299,3760.076172
123.309593,255144.7491,4208592.31,3760.08252
123.3389815,255144.7216,4208592.321,3760.091797
123.36837,255144.6942,4208592.331,3760.09668
123.3977585,255144.6668,4208592.342,3760.10376
123.427147,255144.6394,4208592.352,3760.10791
123.4565355,255144.612,4208592.363,3760.111816
123.485924,255144.5845,4208592.374,3760.116943
123.5153125,255144.5571,4208592.384,3760.121338
123.544701,255144.5297,4208592.395,3760.128174
123.5740895,255144.5023,4208592.405,3760.134521
123.603478,255144.4749,4208592.416,3760.142334
123.6328665,255144.4475,4208592.426,3760.154297
123.662255,255144.42,4208592.437,3760.163086
123.6916435,255144.3926,4208592.448,3760.171631
123.721032,255144.3652,4208592.458,3760.182129
123.7504205,255144.3378,4208592.469,3760.19043
123.779809,255144.3104,4208592.479,3760.199219
123.8091975,255144.283,4208592.49,3760.20752
123.838586,255144.2555,4208592.5,3760.216064
123.8679745,255144.2281,4208592.511,3760.224609
123.897363,255144.2007,4208592.522,3760.233887
123.9267515,255144.1733,4208592.532,3760.244873
123.95614,255144.1459,4208592.543,3760.258057
123.9855285,255144.1185,4208592.553,3760.273438
124.014917,255144.091,4208592.564,3760.290771
124.0443055,255144.0636,4208592.575,3760.309326
124.073694,255144.0362,4208592.585,3760.327148
124.1030825,255144.0088,4208592.596,3760.345215
124.132471,255143.9814,4208592.606,3760.361328
124.1618595,255143.954,4208592.617,3760.372803
124.191248,255143.9265,4208592.627,3760.384033
124.2206365,255143.8991,4208592.638,3760.394775
124.250025,255143.8717,4208592.649,3760.401367
124.2794135,255143.8443,4208592.659,3760.411133
124.308802,255143.8169,4208592.67,3760.418457
124.3381905,255143.7894,4208592.68,3760.429199
124.367579,255143.762,4208592.691,3760.440674
124.3969675,255143.7346,4208592.702,3760.447998
124.426356,255143.7072,4208592.712,3760.460938
124.4557445,255143.6798,4208592.723,3760.468018
124.485133,255143.6524,4208592.733,3760.481689
124.5145215,255143.6249,4208592.744,3760.49585
124.54391,255143.5975,4208592.754,3760.502197
124.5732985,255143.5701,4208592.765,3760.512695
124.602687,255143.5427,4208592.776,3760.520508
124.6320755,255143.5153,4208592.786,3760.521973
124.661464,255143.4879,4208592.797,3760.527588
124.6908525,255143.4604,4208592.807,3760.524902
124.720241,255143.433,4208592.818,3760.529785
124.7496295,255143.4056,4208592.829,3760.533203
124.779018,255143.3782,4208592.839,3760.527832
124.8084065,255143.3508,4208592.85,3760.529297
124.837795,255143.3234,4208592.86,3760.521729
124.8671835,255143.2959,4208592.871,3760.521484
124.896572,255143.2685,4208592.881,3760.52002
124.9259605,255143.2411,4208592.892,3760.510498
124.955349,255143.2137,4208592.903,3760.508301
124.9847375,255143.1863,4208592.913,3760.504883
125.014126,255143.1589,4208592.924,3760.49292
125.0435145,255143.1314,4208592.934,3760.486572
125.072903,255143.104,4208592.945,3760.470703
125.1022915,255143.0766,4208592.956,3760.460449
125.13168,255143.0492,4208592.966,3760.447998
125.1610685,255143.0218,4208592.977,3760.425537
125.190457,255142.9943,4208592.987,3760.408691
125.2198455,255142.9669,4208592.998,3760.379395
125.249234,255142.9395,4208593.008,3760.357422
125.2786225,255142.9121,4208593.019,3760.334473
125.308011,255142.8847,4208593.03,3760.303955
125.3373995,255142.8573,4208593.04,3760.286133
125.366788,255142.8298,4208593.051,3760.266113
125.3961765,255142.8024,4208593.061,3760.26123
125.425565,255142.775,4208593.072,3760.259521
125.4549535,255142.7476,4208593.083,3760.254395
125.484342,255142.7202,4208593.093,3760.253418
125.5137305,255142.6928,4208593.104,3760.252686
125.543119,255142.6653,4208593.114,3760.24707
125.5725075,255142.6379,4208593.125,3760.247314
125.601896,255142.6105,4208593.135,3760.241943
125.6312845,255142.5831,4208593.146,3760.24292
125.6606731,255142.5557,4208593.157,3760.244385
125.6900616,255142.5283,4208593.167,3760.240234
125.7194501,255142.5008,4208593.178,3760.242676
125.7488386,255142.4734,4208593.188,3760.240234
125.7782271,255142.446,4208593.199,3760.244873
125.8076156,255142.4186,4208593.209,3760.251953
125.8370041,255142.3912,4208593.22,3760.256592
125.8663926,255142.3638,4208593.231,3760.267822
125.8957811,255142.3363,4208593.241,3760.279053
125.9251696,255142.3089,4208593.252,3760.283936
125.9545581,255142.2815,4208593.262,3760.293701
125.9839466,255142.2541,4208593.273,3760.296631
126.0133351,255142.2267,4208593.284,3760.303955
126.0427236,255142.1992,4208593.294,3760.30957
126.0721121,255142.1718,4208593.305,3760.309326
126.1015006,255142.1444,4208593.315,3760.313721
126.1308891,255142.117,4208593.326,3760.311768
126.1602776,255142.0896,4208593.336,3760.314941
126.1896661,255142.0622,4208593.347,3760.317871
126.2190546,255142.0347,4208593.358,3760.314453
126.2484431,255142.0073,4208593.368,3760.31665
126.2778316,255141.9799,4208593.379,3760.312256
126.3072201,255141.9525,4208593.389,3760.313477
126.3366086,255141.9251,4208593.4,3760.314697
126.3659971,255141.8977,4208593.411,3760.308838
126.3953856,255141.8702,4208593.421,3760.309082
126.4247741,255141.8428,4208593.432,3760.309082
126.4541626,255141.8154,4208593.442,3760.301025
126.4835511,255141.788,4208593.453,3760.299561
126.5129396,255141.7606,4208593.463,3760.28833
126.5423281,255141.7332,4208593.474,3760.284424
126.5717166,255141.7057,4208593.485,3760.280518
126.6011051,255141.6783,4208593.495,3760.261719
126.6304936,255141.6509,4208593.506,3760.255615
126.6598821,255141.6235,4208593.516,3760.234375
126.6892706,255141.5961,4208593.527,3760.228516
126.7186591,255141.5687,4208593.538,3760.223877
126.7480476,255141.5412,4208593.548,3760.204102
126.7774361,255141.5138,4208593.559,3760.200928
126.8068246,255141.4864,4208593.569,3760.19873
126.8362131,255141.459,4208593.58,3760.178955
126.8656016,255141.4316,4208593.59,3760.178223
126.8949901,255141.4042,4208593.601,3760.162354
126.9243786,255141.3767,4208593.612,3760.164551
126.9537671,255141.3493,4208593.622,3760.16748
126.9831556,255141.3219,4208593.633,3760.154297
127.0125441,255141.2945,4208593.643,3760.157959
127.0419326,255141.2671,4208593.654,3760.148438
127.0713211,255141.2396,4208593.665,3760.15332
127.1007096,255141.2122,4208593.675,3760.158203
127.1300981,255141.1848,4208593.686,3760.150879
127.1594866,255141.1574,4208593.696,3760.15625
127.1888751,255141.13,4208593.707,3760.162354
127.2182636,255141.1026,4208593.717,3760.156738
127.2476521,255141.0751,4208593.728,3760.163574
127.2770406,255141.0477,4208593.739,3760.158447
127.3064291,255141.0203,4208593.749,3760.165527
127.3358176,255140.9929,4208593.76,3760.172363
127.3652061,255140.9655,4208593.77,3760.169678
127.3945946,255140.9381,4208593.781,3760.17627
127.4239831,255140.9106,4208593.792,3760.173584
127.4533716,255140.8832,4208593.802,3760.18042
127.4827601,255140.8558,4208593.813,3760.186523
127.5121486,255140.8284,4208593.823,3760.18457
127.5415371,255140.801,4208593.834,3760.190918
127.5709256,255140.7736,4208593.844,3760.189209
127.6003141,255140.7461,4208593.855,3760.195313
127.6297026,255140.7187,4208593.866,3760.20166
127.6590911,255140.6913,4208593.876,3760.198975
127.6884796,255140.6639,4208593.887,3760.204834
127.7178681,255140.6365,4208593.897,3760.210938
127.7472566,255140.6091,4208593.908,3760.208008
127.7766451,255140.5816,4208593.918,3760.213623
127.8060336,255140.5542,4208593.929,3760.209473
127.8354221,255140.5268,4208593.94,3760.215088
127.8648106,255140.4994,4208593.95,3760.220947
127.8941991,255140.472,4208593.961,3760.216309
127.9235876,255140.4445,4208593.971,3760.222168
127.9529761,255140.4171,4208593.982,3760.217041
127.9823646,255140.3897,4208593.993,3760.222656
128.0117531,255140.3623,4208594.003,3760.22876
128.0411416,255140.3349,4208594.014,3760.223633
128.0705301,255140.3075,4208594.024,3760.229736
128.0999186,255140.28,4208594.035,3760.236328
128.1293071,255140.2526,4208594.045,3760.230469
128.1586956,255140.2252,4208594.056,3760.236816
128.1880841,255140.1978,4208594.067,3760.230957
128.2174726,255140.1704,4208594.077,3760.236816
128.2468611,255140.143,4208594.088,3760.243164
128.2762496,255140.1155,4208594.098,3760.23584
128.3056381,255140.0881,4208594.109,3760.241943
128.3350266,255140.0607,4208594.12,3760.234863
128.3644151,255140.0333,4208594.13,3760.240723
128.3938036,255140.0059,4208594.141,3760.246582
128.4231921,255139.9785,4208594.151,3760.239746
128.4525806,255139.951,4208594.162,3760.24585
128.4819691,255139.9236,4208594.172,3760.239014
128.5113576,255139.8962,4208594.183,3760.245117
128.5407461,255139.8688,4208594.194,3760.250977
128.5701346,255139.8414,4208594.204,3760.243896
128.5995231,255139.814,4208594.215,3760.25
128.6289116,255139.7865,4208594.225,3760.255371
128.6583001,255139.7591,4208594.236,3760.247803
128.6876886,255139.7317,4208594.247,3760.253174
128.7170771,255139.7043,4208594.257,3760.245605
128.7464656,255139.6769,4208594.268,3760.250488
128.7758541,255139.6494,4208594.278,3760.255371
128.8052426,255139.622,4208594.289,3760.24707
128.8346311,255139.5946,4208594.299,3760.251221
128.8640196,255139.5672,4208594.31,3760.243652
128.8934081,255139.5398,4208594.321,3760.247314
128.9227966,255139.5124,4208594.331,3760.251953
128.9521851,255139.4849,4208594.342,3760.244385
128.9815736,255139.4575,4208594.352,3760.249023
129.0109621,255139.4301,4208594.363,3760.253662
129.0403507,255139.4027,4208594.374,3760.245117
129.0697392,255139.3753,4208594.384,3760.25
129.0991277,255139.3479,4208594.395,3760.241211
129.1285162,255139.3204,4208594.405,3760.24585
129.1579047,255139.293,4208594.416,3760.250732
129.1872932,255139.2656,4208594.426,3760.242188
129.2166817,255139.2382,4208594.437,3760.24707
129.2460702,255139.2108,4208594.448,3760.238037
129.2754587,255139.1834,4208594.458,3760.24292
129.3048472,255139.1559,4208594.469,3760.247803
129.3342357,255139.1285,4208594.479,3760.239258
129.3636242,255139.1011,4208594.49,3760.244385
129.3930127,255139.0737,4208594.501,3760.249756
129.4224012,255139.0463,4208594.511,3760.241455
129.4517897,255139.0189,4208594.522,3760.24707
129.4811782,255138.9914,4208594.532,3760.239746
129.5105667,255138.964,4208594.543,3760.245361
129.5399552,255138.9366,4208594.553,3760.251221
129.5693437,255138.9092,4208594.564,3760.244385
129.5987322,255138.8818,4208594.575,3760.25
129.6281207,255138.8543,4208594.585,3760.243896
129.6575092,255138.8269,4208594.596,3760.249512
129.6868977,255138.7995,4208594.606,3760.255371
129.7162862,255138.7721,4208594.617,3760.249512
129.7456747,255138.7447,4208594.627,3760.255127
129.7750632,255138.7173,4208594.638,3760.249512
129.8044517,255138.6898,4208594.649,3760.255127
129.8338402,255138.6624,4208594.659,3760.260986
129.8632287,255138.635,4208594.67,3760.255127
129.8926172,255138.6076,4208594.68,3760.260742
129.9220057,255138.5802,4208594.691,3760.266602
129.9513942,255138.5528,4208594.702,3760.26001
129.9807827,255138.5253,4208594.712,3760.265137
130.0101712,255138.4979,4208594.723,3760.259277
130.0395597,255138.4705,4208594.733,3760.26416
130.0689482,255138.4431,4208594.744,3760.268311
130.0983367,255138.4157,4208594.754,3760.26123
130.1277252,255138.3883,4208594.765,3760.265869
130.1571137,255138.3608,4208594.776,3760.259033
130.1865022,255138.3334,4208594.786,3760.262939
130.2158907,255138.306,4208594.797,3760.26709
130.2452792,255138.2786,4208594.807,3760.259766
130.2746677,255138.2512,4208594.818,3760.262695
130.3040562,255138.2238,4208594.829,3760.266357
130.3334447,255138.1963,4208594.839,3760.258789
130.3628332,255138.1689,4208594.85,3760.261963
130.3922217,255138.1415,4208594.86,3760.25415
130.4216102,255138.1141,4208594.871,3760.25708
130.4509987,255138.0867,4208594.881,3760.259766
130.4803872,255138.0593,4208594.892,3760.251709
130.5097757,255138.0318,4208594.903,3760.25415
130.5391642,255138.0044,4208594.913,3760.247314
130.5685527,255137.977,4208594.924,3760.249756
130.5979412,255137.9496,4208594.934,3760.251709
130.6273297,255137.9222,4208594.945,3760.244629
130.6567182,255137.8947,4208594.956,3760.24707
130.6861067,255137.8673,4208594.966,3760.239746
130.7154952,255137.8399,4208594.977,3760.242432
130.7448837,255137.8125,4208594.987,3760.244629
130.7742722,255137.7851,4208594.998,3760.236572
130.8036607,255137.7577,4208595.008,3760.239502
130.8330492,255137.7302,4208595.019,3760.242188
130.8624377,255137.7028,4208595.03,3760.232422
130.8918262,255137.6754,4208595.04,3760.235596
130.9212147,255137.648,4208595.051,3760.224854
130.9506032,255137.6206,4208595.061,3760.227295
130.9799917,255137.5932,4208595.072,3760.230957
131.0093802,255137.5657,4208595.083,3760.218506
131.0387687,255137.5383,4208595.093,3760.222168
131.0681572,255137.5109,4208595.104,3760.209473
131.0975457,255137.4835,4208595.114,3760.212891
131.1269342,255137.4561,4208595.125,3760.216064
131.1563227,255137.4287,4208595.135,3760.203857
131.1857112,255137.4012,4208595.146,3760.206787
131.2150997,255137.3738,4208595.157,3760.209717
131.2444882,255137.3464,4208595.167,3760.198242
131.2738767,255137.319,4208595.178,3760.200928
131.3032652,255137.2916,4208595.188,3760.190674
131.3326537,255137.2642,4208595.199,3760.192871
131.3620422,255137.2367,4208595.21,3760.19458
131.3914307,255137.2093,4208595.22,3760.186523
131.4208192,255137.1819,4208595.231,3760.188477
131.4502077,255137.1545,4208595.241,3760.181885
131.4795962,255137.1271,4208595.252,3760.184326
131.5089847,255137.0996,4208595.262,3760.186523
131.5383732,255137.0722,4208595.273,3760.180664
131.5677617,255137.0448,4208595.284,3760.18335
131.5971502,255137.0174,4208595.294,3760.185791
131.6265387,255136.99,4208595.305,3760.18042
131.6559272,255136.9626,4208595.315,3760.183105
131.6853157,255136.9351,4208595.326,3760.178223
131.7147042,255136.9077,4208595.336,3760.181152
131.7440927,255136.8803,4208595.347,3760.184082
131.7734812,255136.8529,4208595.358,3760.180664
131.8028697,255136.8255,4208595.368,3760.184082
131.8322582,255136.7981,4208595.379,3760.181396
131.8616467,255136.7706,4208595.389,3760.185791
131.8910352,255136.7432,4208595.4,3760.189941
131.9204237,255136.7158,4208595.411,3760.188477
131.9498122,255136.6884,4208595.421,3760.193359
131.9792007,255136.661,4208595.432,3760.192871
132.0085892,255136.6336,4208595.442,3760.198486
132.0379777,255136.6061,4208595.453,3760.204102
132.0673662,255136.5787,4208595.463,3760.20459
132.0967547,255136.5513,4208595.474,3760.210449
132.1261432,255136.5239,4208595.485,3760.21582
132.1555317,255136.4965,4208595.495,3760.216309
132.1849202,255136.4691,4208595.506,3760.221191
132.2143087,255136.4416,4208595.516,3760.22168
132.2436972,255136.4142,4208595.527,3760.226318
132.2730857,255136.3868,4208595.538,3760.230469
132.3024742,255136.3594,4208595.548,3760.230469
132.3318627,255136.332,4208595.559,3760.234619
132.3612512,255136.3045,4208595.569,3760.233887
132.3906398,255136.2771,4208595.58,3760.237305
132.4200283,255136.2497,4208595.59,3760.240479
132.4494168,255136.2223,4208595.601,3760.23877
132.4788053,255136.1949,4208595.612,3760.241699
132.5081938,255136.1675,4208595.622,3760.244385
132.5375823,255136.14,4208595.633,3760.241455
132.5669708,255136.1126,4208595.643,3760.243652
132.5963593,255136.0852,4208595.654,3760.240234
132.6257478,255136.0578,4208595.665,3760.242432
132.6551363,255136.0304,4208595.675,3760.244141
132.6845248,255136.003,4208595.686,3760.240234
132.7139133,255135.9755,4208595.696,3760.242188
132.7433018,255135.9481,4208595.707,3760.237549
132.7726903,255135.9207,4208595.717,3760.23877
132.8020788,255135.8933,4208595.728,3760.240234
132.8314673,255135.8659,4208595.739,3760.235596
132.8608558,255135.8385,4208595.749,3760.236328
132.8902443,255135.811,4208595.76,3760.237061
132.9196328,255135.7836,4208595.77,3760.231445
132.9490213,255135.7562,4208595.781,3760.231934
132.9784098,255135.7288,4208595.792,3760.226563
133.0077983,255135.7014,4208595.802,3760.227295
133.0371868,255135.674,4208595.813,3760.228027
133.0665753,255135.6465,4208595.823,3760.223145
133.0959638,255135.6191,4208595.834,3760.224121
133.1253523,255135.5917,4208595.844,3760.220459
133.1547408,255135.5643,4208595.855,3760.22168
133.1841293,255135.5369,4208595.866,3760.222412
133.2135178,255135.5094,4208595.876,3760.219482
133.2429063,255135.482,4208595.887,3760.220459
133.2722948,255135.4546,4208595.897,3760.218018
133.3016833,255135.4272,4208595.908,3760.218994
133.3310718,255135.3998,4208595.919,3760.219727
133.3604603,255135.3724,4208595.929,3760.217285
133.3898488,255135.3449,4208595.94,3760.218262
133.4192373,255135.3175,4208595.95,3760.219238
133.4486258,255135.2901,4208595.961,3760.217285
133.4780143,255135.2627,4208595.971,3760.218018
133.5074028,255135.2353,4208595.982,3760.216309
133.5367913,255135.2079,4208595.993,3760.217285
133.5661798,255135.1804,4208596.003,3760.218262
133.5955683,255135.153,4208596.014,3760.217285
133.6249568,255135.1256,4208596.024,3760.218994
133.6543453,255135.0982,4208596.035,3760.218994
133.6837338,255135.0708,4208596.045,3760.220703
133.7131223,255135.0434,4208596.056,3760.222656
133.7425108,255135.0159,4208596.067,3760.223389
133.7718993,255134.9885,4208596.077,3760.225586
133.8012878,255134.9611,4208596.088,3760.227783
133.8306763,255134.9337,4208596.098,3760.229248
133.8600648,255134.9063,4208596.109,3760.231934
133.8894533,255134.8789,4208596.12,3760.233643
133.9188418,255134.8514,4208596.13,3760.236328
133.9482303,255134.824,4208596.141,3760.239014
133.9776188,255134.7966,4208596.151,3760.240967
134.0070073,255134.7692,4208596.162,3760.244141
134.0363958,255134.7418,4208596.172,3760.246582
134.0657843,255134.7144,4208596.183,3760.250244
134.0951728,255134.6869,4208596.194,3760.25415
134.1245613,255134.6595,4208596.204,3760.257568
134.1539498,255134.6321,4208596.215,3760.262451
134.1833383,255134.6047,4208596.225,3760.266846
134.2127268,255134.5773,4208596.236,3760.272217
134.2421153,255134.5498,4208596.247,3760.277344
134.2715038,255134.5224,4208596.257,3760.280029
134.3008923,255134.495,4208596.268,3760.281982
134.3302808,255134.4676,4208596.278,3760.283203
134.3596693,255134.4402,4208596.289,3760.282959
134.3890578,255134.4128,4208596.299,3760.283447
134.4184463,255134.3853,4208596.31,3760.282959
134.4478348,255134.3579,4208596.321,3760.283203
134.4772233,255134.3305,4208596.331,3760.283447
134.5066118,255134.3031,4208596.342,3760.282471
134.5360003,255134.2757,4208596.352,3760.282227
134.5653888,255134.2483,4208596.363,3760.280273
134.5947773,255134.2208,4208596.374,3760.279297
134.6241658,255134.1934,4208596.384,3760.277832
134.6535543,255134.166,4208596.395,3760.272949
134.6829428,255134.1386,4208596.405,3760.266846
134.7123313,255134.1112,4208596.416,3760.259766
134.7417198,255134.0838,4208596.426,3760.248779
134.7711083,255134.0563,4208596.437,3760.241699
134.8004968,255134.0289,4208596.448,3760.233154
134.8298853,255134.0015,4208596.458,3760.227783
134.8592738,255133.9741,4208596.469,3760.223145
134.8886623,255133.9467,4208596.479,3760.217773
134.9180508,255133.9193,4208596.49,3760.215088
134.9474393,255133.8918,4208596.501,3760.211914
134.9768278,255133.8644,4208596.511,3760.209961
135.0062163,255133.837,4208596.522,3760.208496
135.0356048,255133.8096,4208596.532,3760.206299
135.0649933,255133.7822,4208596.543,3760.204834
135.0943818,255133.7547,4208596.553,3760.203857
135.1237703,255133.7273,4208596.564,3760.202148
135.1531588,255133.6999,4208596.575,3760.201172
135.1825473,255133.6725,4208596.585,3760.199463
135.2119358,255133.6451,4208596.596,3760.198486
135.2413243,255133.6177,4208596.606,3760.197754
135.2707128,255133.5902,4208596.617,3760.196289
135.3001013,255133.5628,4208596.628,3760.195313
135.3294898,255133.5354,4208596.638,3760.19458
135.3588783,255133.508,4208596.649,3760.193359
135.3882668,255133.4806,4208596.659,3760.192627
135.4176553,255133.4532,4208596.67,3760.191895
135.4470438,255133.4257,4208596.68,3760.191162
135.4764323,255133.3983,4208596.691,3760.190674
135.5058208,255133.3709,4208596.702,3760.189941
135.5352093,255133.3435,4208596.712,3760.189209
135.5645978,255133.3161,4208596.723,3760.188965
135.5939863,255133.2887,4208596.733,3760.188232
135.6233748,255133.2612,4208596.744,3760.187744
135.6527633,255133.2338,4208596.754,3760.187744
135.6821518,255133.2064,4208596.765,3760.187012
135.7115403,255133.179,4208596.776,3760.187988
135.7409288,255133.1516,4208596.786,3760.1875
135.7703174,255133.1242,4208596.797,3760.187012
135.7997059,255133.0967,4208596.807,3760.188965
135.8290944,255133.0693,4208596.818,3760.188965
135.8584829,255133.0419,4208596.829,3760.19165
135.8878714,255133.0145,4208596.839,3760.191406
135.9172599,255132.9871,4208596.85,3760.191162
135.9466484,255132.9596,4208596.86,3760.194092
135.9760369,255132.9322,4208596.871,3760.193604
136.0054254,255132.9048,4208596.881,3760.193359
136.0348139,255132.8774,4208596.892,3760.196045
136.0642024,255132.85,4208596.903,3760.195068
136.0935909,255132.8226,4208596.913,3760.197021
136.1229794,255132.7951,4208596.924,3760.196045
136.1523679,255132.7677,4208596.934,3760.19458
136.1817564,255132.7403,4208596.945,3760.195557
136.2111449,255132.7129,4208596.956,3760.193604
136.2405334,255132.6855,4208596.966,3760.194336
136.2699219,255132.6581,4208596.977,3760.192139
136.2993104,255132.6306,4208596.987,3760.189941
136.3286989,255132.6032,4208596.998,3760.190186
136.3580874,255132.5758,4208597.008,3760.187988
136.3874759,255132.5484,4208597.019,3760.187988
136.4168644,255132.521,4208597.03,3760.185547
136.4462529,255132.4936,4208597.04,3760.183105
136.4756414,255132.4661,4208597.051,3760.18335
136.5050299,255132.4387,4208597.061,3760.180908
136.5344184,255132.4113,4208597.072,3760.178223
136.5638069,255132.3839,4208597.083,3760.178467
136.5931954,255132.3565,4208597.093,3760.175781
136.6225839,255132.3291,4208597.104,3760.176025
136.6519724,255132.3016,4208597.114,3760.17334
136.6813609,255132.2742,4208597.125,3760.170898
136.7107494,255132.2468,4208597.135,3760.171387
136.7401379,255132.2194,4208597.146,3760.168945
136.7695264,255132.192,4208597.157,3760.169678
136.7989149,255132.1646,4208597.167,3760.167969
136.8283034,255132.1371,4208597.178,3760.166016
136.8576919,255132.1097,4208597.188,3760.167236
136.8870804,255132.0823,4208597.199,3760.164551
136.9164689,255132.0549,4208597.21,3760.16333
136.9458574,255132.0275,4208597.22,3760.165527
136.9752459,255132,4208597.231,3760.164551
137.0046344,255131.9726,4208597.241,3760.166992
137.0340229,255131.9452,4208597.252,3760.16626
137.0634114,255131.9178,4208597.262,3760.165527
137.0927999,255131.8904,4208597.273,3760.169434
137.1221884,255131.863,4208597.284,3760.169434
137.1515769,255131.8355,4208597.294,3760.173828
137.1809654,255131.8081,4208597.305,3760.174316
137.2103539,255131.7807,4208597.315,3760.175049
137.2397424,255131.7533,4208597.326,3760.18042
137.2691309,255131.7259,4208597.337,3760.182617
137.2985194,255131.6985,4208597.347,3760.18457
137.3279079,255131.671,4208597.358,3760.19165
137.3572964,255131.6436,4208597.368,3760.194092
137.3866849,255131.6162,4208597.379,3760.201416
137.4160734,255131.5888,4208597.389,3760.204346
137.4454619,255131.5614,4208597.4,3760.207764
137.4748504,255131.534,4208597.411,3760.216064
137.5042389,255131.5065,4208597.421,3760.220703
137.5336274,255131.4791,4208597.432,3760.229492
137.5630159,255131.4517,4208597.442,3760.233643
137.5924044,255131.4243,4208597.453,3760.237549
137.6217929,255131.3969,4208597.463,3760.244873
137.6511814,255131.3695,4208597.474,3760.248047
137.6805699,255131.342,4208597.485,3760.254639
137.7099584,255131.3146,4208597.495,3760.257324
137.7393469,255131.2872,4208597.506,3760.259521
137.7687354,255131.2598,4208597.516,3760.265381
137.7981239,255131.2324,4208597.527,3760.267334
137.8275124,255131.2049,4208597.538,3760.269043
137.8569009,255131.1775,4208597.548,3760.274658
137.8862894,255131.1501,4208597.559,3760.276367
137.9156779,255131.1227,4208597.569,3760.282959
137.9450664,255131.0953,4208597.58,3760.284668
137.9744549,255131.0679,4208597.59,3760.286133
138.0038434,255131.0404,4208597.601,3760.293701
138.0332319,255131.013,4208597.612,3760.29541
138.0626204,255130.9856,4208597.622,3760.302979
138.0920089,255130.9582,4208597.633,3760.304199
138.1213974,255130.9308,4208597.643,3760.305908
138.1507859,255130.9034,4208597.654,3760.312744
138.1801744,255130.8759,4208597.665,3760.314453
138.2095629,255130.8485,4208597.675,3760.31543
138.2389514,255130.8211,4208597.686,3760.320313
138.2683399,255130.7937,4208597.696,3760.321289
138.2977284,255130.7663,4208597.707,3760.325439
138.3271169,255130.7389,4208597.717,3760.326416
138.3565054,255130.7114,4208597.728,3760.327393
138.3858939,255130.684,4208597.739,3760.330078
138.4152824,255130.6566,4208597.749,3760.331055
138.4446709,255130.6292,4208597.76,3760.333496
138.4740594,255130.6018,4208597.77,3760.334229
138.5034479,255130.5744,4208597.781,3760.334717
138.5328364,255130.5469,4208597.792,3760.336426
138.5622249,255130.5195,4208597.802,3760.337158
138.5916134,255130.4921,4208597.813,3760.338623
138.6210019,255130.4647,4208597.823,3760.339111
138.6503904,255130.4373,4208597.834,3760.339355
138.6797789,255130.4098,4208597.844,3760.339355
138.7091674,255130.3824,4208597.855,3760.339355
138.7385559,255130.355,4208597.866,3760.339355
138.7679444,255130.3276,4208597.876,3760.339111
138.7973329,255130.3002,4208597.887,3760.339111
138.8267214,255130.2728,4208597.897,3760.338867
138.8561099,255130.2453,4208597.908,3760.338623
138.8854984,255130.2179,4208597.919,3760.338379
138.9148869,255130.1905,4208597.929,3760.338135
138.9442754,255130.1631,4208597.94,3760.337891
138.9736639,255130.1357,4208597.95,3760.337402
139.0030524,255130.1083,4208597.961,3760.337402
139.0324409,255130.0808,4208597.971,3760.337158
139.0618294,255130.0534,4208597.982,3760.336914
139.0912179,255130.026,4208597.993,3760.33667
139.1206065,255129.9986,4208598.003,3760.33667
139.149995,255129.9712,4208598.014,3760.336182
139.1793835,255129.9438,4208598.024,3760.336182
139.208772,255129.9163,4208598.035,3760.335938
139.2381605,255129.8889,4208598.046,3760.335938
139.267549,255129.8615,4208598.056,3760.335938
139.2969375,255129.8341,4208598.067,3760.335449
139.326326,255129.8067,4208598.077,3760.335449
139.3557145,255129.7793,4208598.088,3760.335205
139.385103,255129.7518,4208598.098,3760.335205
139.4144915,255129.7244,4208598.109,3760.335205
139.44388,255129.697,4208598.12,3760.334717
139.4732685,255129.6696,4208598.13,3760.334473
139.502657,255129.6422,4208598.141,3760.334473
139.5320455,255129.6147,4208598.151,3760.333984
139.5597896,255129.5874,4208598.156,3760.33374
139.5875338,255129.56,4208598.16,3760.333496
139.6152779,255129.5326,4208598.164,3760.332764
139.643022,255129.5052,4208598.169,3760.330811
139.6707662,255129.4778,4208598.173,3760.32959
139.6985103,255129.4504,4208598.178,3760.328125
139.7262545,255129.423,4208598.182,3760.326416
139.7539986,255129.3956,4208598.186,3760.324707
139.7817428,255129.3682,4208598.191,3760.322754
139.8094869,255129.3408,4208598.195,3760.321045
139.8372311,255129.3134,4208598.199,3760.317383
139.8649752,255129.286,4208598.204,3760.316406
139.8927193,255129.2586,4208598.208,3760.315674
139.9204635,255129.2312,4208598.212,3760.31543
139.9482076,255129.2038,4208598.217,3760.314941
139.9759518,255129.1764,4208598.221,3760.314453
140.0036959,255129.149,4208598.226,3760.312256
140.0314401,255129.1216,4208598.23,3760.312012
140.0591842,255129.0942,4208598.234,3760.311768
140.0869284,255129.0668,4208598.239,3760.311768
140.1146725,255129.0394,4208598.243,3760.311768
140.1424167,255129.012,4208598.247,3760.312012
140.1701608,255128.9846,4208598.252,3760.309814
140.1979049,255128.9572,4208598.256,3760.310059
140.2256491,255128.9298,4208598.261,3760.310791
140.2533932,255128.9024,4208598.265,3760.311768
140.2811374,255128.875,4208598.269,3760.313232
140.3088815,255128.8476,4208598.274,3760.314941
140.3366257,255128.8202,4208598.278,3760.312744
140.3643698,255128.7928,4208598.282,3760.314697
140.392114,255128.7654,4208598.287,3760.31665
140.4198581,255128.738,4208598.291,3760.319336
140.4476022,255128.7106,4208598.295,3760.321777
140.4753464,255128.6832,4208598.3,3760.323486
140.5030905,255128.6558,4208598.304,3760.325684
140.5308347,255128.6284,4208598.309,3760.321045
140.5585788,255128.601,4208598.313,3760.322266
140.586323,255128.5736,4208598.317,3760.323486
140.6140671,255128.5462,4208598.322,3760.324707
140.6418113,255128.5188,4208598.326,3760.325439
140.6695554,255128.4914,4208598.33,3760.326172
140.6972996,255128.464,4208598.335,3760.32251
140.7250437,255128.4366,4208598.339,3760.324219
140.7527878,255128.4092,4208598.344,3760.325684
140.780532,255128.3818,4208598.348,3760.327637
140.8082761,255128.3544,4208598.352,3760.329834
140.8360203,255128.327,4208598.357,3760.331787
140.8637644,255128.2996,4208598.361,3760.332275
140.8915086,255128.2722,4208598.365,3760.33374
140.9192527,255128.2448,4208598.37,3760.334961
140.9469969,255128.2174,4208598.374,3760.33667
140.974741,255128.19,4208598.378,3760.338135
141.0024851,255128.1626,4208598.383,3760.339844
141.0302293,255128.1352,4208598.387,3760.341309
141.0579734,255128.1079,4208598.392,3760.341797
141.0857176,255128.0805,4208598.396,3760.343262
141.1134617,255128.0531,4208598.4,3760.344238
141.1412059,255128.0257,4208598.405,3760.345459
141.16895,255127.9983,4208598.409,3760.346924
141.1966942,255127.9709,4208598.413,3760.349121
141.2244383,255127.9435,4208598.418,3760.354492
141.2521825,255127.9161,4208598.422,3760.359131
141.2799266,255127.8887,4208598.426,3760.364502
141.3076707,255127.8613,4208598.431,3760.370605
141.3354149,255127.8339,4208598.435,3760.376953
141.363159,255127.8065,4208598.44,3760.383301
141.3909032,255127.7791,4208598.444,3760.394287
141.4186473,255127.7517,4208598.448,3760.401611
141.4463915,255127.7243,4208598.453,3760.408203
141.4741356,255127.6969,4208598.457,3760.414795
141.5018798,255127.6695,4208598.461,3760.421387
141.5296239,255127.6421,4208598.466,3760.42749
141.557368,255127.6147,4208598.47,3760.436768
141.5851122,255127.5873,4208598.475,3760.442139
141.6128563,255127.5599,4208598.479,3760.447266
141.6406005,255127.5325,4208598.483,3760.451904
141.6683446,255127.5051,4208598.488,3760.456787
141.6960888,255127.4777,4208598.492,3760.461426
141.7238329,255127.4503,4208598.496,3760.466064
141.7515771,255127.4229,4208598.501,3760.471924
141.7793212,255127.3955,4208598.505,3760.475098
141.8070654,255127.3681,4208598.509,3760.477783
141.8348095,255127.3407,4208598.514,3760.479492
141.8625536,255127.3133,4208598.518,3760.480469
141.8902978,255127.2859,4208598.523,3760.481445
141.9180419,255127.2585,4208598.527,3760.483154
141.9457861,255127.2311,4208598.531,3760.484863
141.9735302,255127.2037,4208598.536,3760.486816
142.0012744,255127.1763,4208598.54,3760.489502
142.0290185,255127.1489,4208598.544,3760.493652
142.0567627,255127.1215,4208598.549,3760.498535
142.0845068,255127.0941,4208598.553,3760.500977
142.1122509,255127.0667,4208598.558,3760.506592
142.1399951,255127.0393,4208598.562,3760.511963
142.1677392,255127.0119,4208598.566,3760.517334
142.1954834,255126.9845,4208598.571,3760.522949
142.2232275,255126.9571,4208598.575,3760.52832
142.2509717,255126.9297,4208598.579,3760.530762
142.2787158,255126.9023,4208598.584,3760.535889
142.30646,255126.8749,4208598.588,3760.540527
142.3342041,255126.8475,4208598.592,3760.544922
142.3619483,255126.8201,4208598.597,3760.548584
142.3896924,255126.7927,4208598.601,3760.551758
142.4174365,255126.7653,4208598.606,3760.554688
142.4451807,255126.7379,4208598.61,3760.557617
142.4729248,255126.7105,4208598.614,3760.561035
142.500669,255126.6831,4208598.619,3760.564697
142.5284131,255126.6557,4208598.623,3760.568359
142.5561573,255126.6283,4208598.627,3760.57251
142.5839014,255126.601,4208598.632,3760.57666
142.6116456,255126.5736,4208598.636,3760.580322
142.6393897,255126.5462,4208598.641,3760.583984
142.6671338,255126.5188,4208598.645,3760.586914
142.694878,255126.4914,4208598.649,3760.589111
142.7226221,255126.464,4208598.654,3760.590088
142.7503663,255126.4366,4208598.658,3760.590576
142.7781104,255126.4092,4208598.662,3760.59082
142.8058546,255126.3818,4208598.667,3760.591064
142.8335987,255126.3544,4208598.671,3760.591309
142.8613429,255126.327,4208598.675,3760.591797
142.889087,255126.2996,4208598.68,3760.592041
142.9168312,255126.2722,4208598.684,3760.592285
142.9445753,255126.2448,4208598.689,3760.592529
142.9723194,255126.2174,4208598.693,3760.593018
143.0000636,255126.19,4208598.697,3760.593506
143.0278077,255126.1626,4208598.702,3760.593994
143.0555519,255126.1352,4208598.706,3760.594727
143.083296,255126.1078,4208598.71,3760.595459
143.1110402,255126.0804,4208598.715,3760.596191
143.1387843,255126.053,4208598.719,3760.596436
143.1665285,255126.0256,4208598.724,3760.597656
143.1942726,255125.9982,4208598.728,3760.599365
143.2220167,255125.9708,4208598.732,3760.601563
143.2497609,255125.9434,4208598.737,3760.604492
143.277505,255125.916,4208598.741,3760.60791
143.3052492,255125.8886,4208598.745,3760.611328
143.3329933,255125.8612,4208598.75,3760.615723
143.3607375,255125.8338,4208598.754,3760.621094
143.3884816,255125.8064,4208598.758,3760.627197
143.4162258,255125.779,4208598.763,3760.633545
143.4439699,255125.7516,4208598.767,3760.639893
143.4717141,255125.7242,4208598.772,3760.646973
143.4994582,255125.6968,4208598.776,3760.653564
143.5272023,255125.6694,4208598.78,3760.659912
143.5549465,255125.642,4208598.785,3760.666016
143.5826906,255125.6146,4208598.789,3760.672119
143.6104348,255125.5872,4208598.793,3760.677734
143.6381789,255125.5598,4208598.798,3760.683838
143.6659231,255125.5324,4208598.802,3760.689941
143.6936672,255125.505,4208598.806,3760.695068
143.7214114,255125.4776,4208598.811,3760.700195
143.7491555,255125.4502,4208598.815,3760.705078
143.7768996,255125.4228,4208598.82,3760.710693
143.8046438,255125.3954,4208598.824,3760.717285
143.8323879,255125.368,4208598.828,3760.7229
143.8601321,255125.3406,4208598.833,3760.72876
143.8878762,255125.3132,4208598.837,3760.733398
143.9156204,255125.2858,4208598.841,3760.736816
143.9433645,255125.2584,4208598.846,3760.738037
143.9711087,255125.231,4208598.85,3760.738281
143.9988528,255125.2036,4208598.855,3760.738525
144.026597,255125.1762,4208598.859,3760.738525
144.0543411,255125.1488,4208598.863,3760.738525
144.0820852,255125.1214,4208598.868,3760.738525
144.1098294,255125.0941,4208598.872,3760.738525
144.1375735,255125.0667,4208598.876,3760.738525
144.1653177,255125.0393,4208598.881,3760.738281
144.1930618,255125.0119,4208598.885,3760.737549
144.220806,255124.9845,4208598.889,3760.736572
144.2485501,255124.9571,4208598.894,3760.735596
144.2762943,255124.9297,4208598.898,3760.734131
144.3040384,255124.9023,4208598.903,3760.731934
144.3317825,255124.8749,4208598.907,3760.728516
144.3595267,255124.8475,4208598.911,3760.727295
144.3872708,255124.8201,4208598.916,3760.724609
144.415015,255124.7927,4208598.92,3760.722656
144.4427591,255124.7653,4208598.924,3760.720947
144.4705033,255124.7379,4208598.929,3760.719238
144.4982474,255124.7105,4208598.933,3760.718262
144.5259916,255124.6831,4208598.938,3760.719727
144.5537357,255124.6557,4208598.942,3760.71875
144.5814799,255124.6283,4208598.946,3760.718262
144.609224,255124.6009,4208598.951,3760.717773
144.6369681,255124.5735,4208598.955,3760.717773
144.6647123,255124.5461,4208598.959,3760.718018
144.6924564,255124.5187,4208598.964,3760.721436
144.7202006,255124.4913,4208598.968,3760.723145
144.7479447,255124.4639,4208598.972,3760.726074
144.7756889,255124.4365,4208598.977,3760.729492
144.803433,255124.4091,4208598.981,3760.733154
144.8311772,255124.3817,4208598.986,3760.737549
144.8589213,255124.3543,4208598.99,3760.744629
144.8866654,255124.3269,4208598.994,3760.749268
144.9144096,255124.2995,4208598.999,3760.753906
144.9421537,255124.2721,4208599.003,3760.758301
144.9698979,255124.2447,4208599.007,3760.762939
144.997642,255124.2173,4208599.012,3760.767334
145.0253862,255124.1899,4208599.016,3760.771973
145.0531303,255124.1625,4208599.021,3760.77832
145.0808745,255124.1351,4208599.025,3760.782959
145.1086186,255124.1077,4208599.029,3760.787354
145.1363628,255124.0803,4208599.034,3760.792236
145.1641069,255124.0529,4208599.038,3760.797363
145.191851,255124.0255,4208599.042,3760.802246
145.2195952,255123.9981,4208599.047,3760.810547
145.2473393,255123.9707,4208599.051,3760.815918
145.2750835,255123.9433,4208599.055,3760.821045
145.3028276,255123.9159,4208599.06,3760.82666
145.3305718,255123.8885,4208599.064,3760.83252
145.3583159,255123.8611,4208599.069,3760.838135
145.3860601,255123.8337,4208599.073,3760.852783
145.4138042,255123.8063,4208599.077,3760.860107
145.4415484,255123.7789,4208599.082,3760.868164
145.4692925,255123.7515,4208599.086,3760.876221
145.4970366,255123.7241,4208599.09,3760.883301
145.5247808,255123.6967,4208599.095,3760.891113
145.5525249,255123.6693,4208599.099,3760.914795
145.5802691,255123.6419,4208599.104,3760.922119
145.6080132,255123.6146,4208599.108,3760.928223
145.6357574,255123.5872,4208599.112,3760.932861
145.6635015,255123.5598,4208599.117,3760.937256
145.6912457,255123.5324,4208599.121,3760.940186
145.7189898,255123.505,4208599.125,3760.941406
145.7467339,255123.4776,4208599.13,3760.963623
145.7744781,255123.4502,4208599.134,3760.963623
145.8022222,255123.4228,4208599.138,3760.962891
145.8299664,255123.3954,4208599.143,3760.960938
145.8577105,255123.368,4208599.147,3760.959473
145.8854547,255123.3406,4208599.152,3760.956787
145.9131988,255123.3132,4208599.156,3760.972168
145.940943,255123.2858,4208599.16,3760.968994
145.9686871,255123.2584,4208599.165,3760.966553
145.9964313,255123.231,4208599.169,3760.963867
146.0241754,255123.2036,4208599.173,3760.960449
146.0519195,255123.1762,4208599.178,3760.957275
146.0796637,255123.1488,4208599.182,3760.970459
146.1074078,255123.1214,4208599.186,3760.966553
146.135152,255123.094,4208599.191,3760.962158
146.1628961,255123.0666,4208599.195,3760.958252
146.1906403,255123.0392,4208599.2,3760.954102
146.2183844,255123.0118,4208599.204,3760.950195
146.2461286,255122.9844,4208599.208,3760.945801
146.2738727,255122.957,4208599.213,3760.949951
146.3016168,255122.9296,4208599.217,3760.944092
146.329361,255122.9022,4208599.221,3760.939453
146.3571051,255122.8748,4208599.226,3760.934814
146.3848493,255122.8474,4208599.23,3760.930176
146.4125934,255122.82,4208599.235,3760.926025
146.4403376,255122.7926,4208599.239,3760.925537
146.4680817,255122.7652,4208599.243,3760.920898
146.4958259,255122.7378,4208599.248,3760.916992
146.52357,255122.7104,4208599.252,3760.91333
146.5513142,255122.683,4208599.256,3760.909912
146.5790583,255122.6556,4208599.261,3760.906738
146.6068024,255122.6282,4208599.265,3760.905518
146.6345466,255122.6008,4208599.269,3760.902344
146.6622907,255122.5734,4208599.274,3760.899902
146.6900349,255122.546,4208599.278,3760.897461
146.717779,255122.5186,4208599.283,3760.894531
146.7455232,255122.4912,4208599.287,3760.889648
146.7732673,255122.4638,4208599.291,3760.879883
146.8010115,255122.4364,4208599.296,3760.873779
146.8287556,255122.409,4208599.3,3760.86792
146.8564997,255122.3816,4208599.304,3760.862061
146.8842439,255122.3542,4208599.309,3760.856689
146.911988,255122.3268,4208599.313,3760.852051
146.9397322,255122.2994,4208599.318,3760.848145
146.9674763,255122.272,4208599.322,3760.838867
146.9952205,255122.2446,4208599.326,3760.835693
147.0229646,255122.2172,4208599.331,3760.833008
147.0507088,255122.1898,4208599.335,3760.830811
147.0784529,255122.1624,4208599.339,3760.829834
147.1061971,255122.135,4208599.344,3760.82959
147.1339412,255122.1077,4208599.348,3760.824707
147.1616853,255122.0803,4208599.352,3760.825439
147.1894295,255122.0529,4208599.357,3760.82666
147.2171736,255122.0255,4208599.361,3760.828613
147.2449178,255121.9981,4208599.366,3760.830078
147.2726619,255121.9707,4208599.37,3760.832275
147.3004061,255121.9433,4208599.374,3760.831787
147.3281502,255121.9159,4208599.379,3760.834473
147.3558944,255121.8885,4208599.383,3760.837646
147.3836385,255121.8611,4208599.387,3760.840576
147.4113826,255121.8337,4208599.392,3760.843994
147.4391268,255121.8063,4208599.396,3760.847656
147.4668709,255121.7789,4208599.401,3760.849121
147.4946151,255121.7515,4208599.405,3760.852539
147.5223592,255121.7241,4208599.409,3760.856445
147.5501034,255121.6967,4208599.414,3760.860352
147.5778475,255121.6693,4208599.418,3760.864746
147.6055917,255121.6419,4208599.422,3760.869629
147.6333358,255121.6145,4208599.427,3760.874756
147.66108,255121.5871,4208599.431,3760.877686
147.6888241,255121.5597,4208599.435,3760.883789
147.7165682,255121.5323,4208599.44,3760.890137
147.7443124,255121.5049,4208599.444,3760.896729
147.7720565,255121.4775,4208599.449,3760.903809
147.7998007,255121.4501,4208599.453,3760.910156
147.8275448,255121.4227,4208599.457,3760.914063
147.855289,255121.3953,4208599.462,3760.919678
147.8830331,255121.3679,4208599.466,3760.925049
147.9107773,255121.3405,4208599.47,3760.928955
147.9385214,255121.3131,4208599.475,3760.931885
147.9662655,255121.2857,4208599.479,3760.936279
147.9940097,255121.2583,4208599.484,3760.943115
148.0217538,255121.2309,4208599.488,3760.949707
148.049498,255121.2035,4208599.492,3760.956299
148.0772421,255121.1761,4208599.497,3760.962158
148.1049863,255121.1487,4208599.501,3760.968262
148.1327304,255121.1213,4208599.505,3760.974609
148.1604746,255121.0939,4208599.51,3760.983154
148.1882187,255121.0665,4208599.514,3760.989746
148.2159629,255121.0391,4208599.518,3760.996338
148.243707,255121.0117,4208599.523,3761.00293
148.2714511,255120.9843,4208599.527,3761.009766
148.2991953,255120.9569,4208599.532,3761.016602
148.3269394,255120.9295,4208599.536,3761.023193
148.3546836,255120.9021,4208599.54,3761.035645
148.3824277,255120.8747,4208599.545,3761.041992
148.4101719,255120.8473,4208599.549,3761.04834
148.437916,255120.8199,4208599.553,3761.054932
148.4656602,255120.7925,4208599.558,3761.062988
148.4934043,255120.7651,4208599.562,3761.070313
148.5211484,255120.7377,4208599.566,3761.096191
148.5488926,255120.7103,4208599.571,3761.107666
148.5766367,255120.6829,4208599.575,3761.119141
148.6043809,255120.6555,4208599.58,3761.130127
148.632125,255120.6281,4208599.584,3761.141602
148.6598692,255120.6008,4208599.588,3761.154053
148.6876133,255120.5734,4208599.593,3761.19165
148.7153575,255120.546,4208599.597,3761.203613
148.7431016,255120.5186,4208599.601,3761.215576
148.7708458,255120.4912,4208599.606,3761.227539
148.7985899,255120.4638,4208599.61,3761.238281
148.826334,255120.4364,4208599.615,3761.248047
148.8540782,255120.409,4208599.619,3761.258057
148.8818223,255120.3816,4208599.623,3761.285889
148.9095665,255120.3542,4208599.628,3761.295166
148.9373106,255120.3268,4208599.632,3761.303955
148.9650548,255120.2994,4208599.636,3761.312012
148.9927989,255120.272,4208599.641,3761.319092
149.0205431,255120.2446,4208599.645,3761.324951
149.0482872,255120.2172,4208599.649,3761.342529
149.0760313,255120.1898,4208599.654,3761.348389
149.1037755,255120.1624,4208599.658,3761.353271
149.1315196,255120.135,4208599.663,3761.358398
149.1592638,255120.1076,4208599.667,3761.363037
149.1870079,255120.0802,4208599.671,3761.366943
149.2147521,255120.0528,4208599.676,3761.37793
149.2424962,255120.0254,4208599.68,3761.381348
149.2702404,255119.998,4208599.684,3761.384521
149.2979845,255119.9706,4208599.689,3761.386963
149.3257287,255119.9432,4208599.693,3761.388916
149.3534728,255119.9158,4208599.698,3761.390137
149.3812169,255119.8884,4208599.702,3761.397705
149.4089611,255119.861,4208599.706,3761.395996
149.4367052,255119.8336,4208599.711,3761.392822
149.4644494,255119.8062,4208599.715,3761.38623
149.4921935,255119.7788,4208599.719,3761.379395
149.5199377,255119.7514,4208599.724,3761.37207
149.5476818,255119.724,4208599.728,3761.364014
149.575426,255119.6966,4208599.732,3761.364502
149.6031701,255119.6692,4208599.737,3761.355469
149.6309142,255119.6418,4208599.741,3761.346436
149.6586584,255119.6144,4208599.746,3761.33667
149.6864025,255119.587,4208599.75,3761.327148
149.7141467,255119.5596,4208599.754,3761.318115
149.7418908,255119.5322,4208599.759,3761.316162
149.769635,255119.5048,4208599.763,3761.311279
149.7973791,255119.4774,4208599.767,3761.308838
149.8251233,255119.45,4208599.772,3761.307617
149.8528674,255119.4226,4208599.776,3761.306885
149.8806116,255119.3952,4208599.781,3761.306152
149.9083557,255119.3678,4208599.785,3761.307129
149.9360998,255119.3404,4208599.789,3761.307129
149.963844,255119.313,4208599.794,3761.307129
149.9915881,255119.2856,4208599.798,3761.307129
150.0193323,255119.2582,4208599.802,3761.307617
150.0470764,255119.2308,4208599.807,3761.30835
150.0748206,255119.2034,4208599.811,3761.310303
150.1025647,255119.176,4208599.815,3761.311523
150.1303089,255119.1486,4208599.82,3761.313477
150.158053,255119.1213,4208599.824,3761.315674
150.1857971,255119.0939,4208599.829,3761.318848
150.2135413,255119.0665,4208599.833,3761.322754
150.2412854,255119.0391,4208599.837,3761.326904
150.2690296,255119.0117,4208599.842,3761.329346
150.2967737,255118.9843,4208599.846,3761.332031
150.3245179,255118.9569,4208599.85,3761.334229
150.352262,255118.9295,4208599.855,3761.335938
150.3800062,255118.9021,4208599.859,3761.337402
150.4077503,255118.8747,4208599.864,3761.338623
150.4354945,255118.8473,4208599.868,3761.338623
150.4632386,255118.8199,4208599.872,3761.3396
150.4909827,255118.7925,4208599.877,3761.340576
150.5187269,255118.7651,4208599.881,3761.341309
150.546471,255118.7377,4208599.885,3761.342041
150.5742152,255118.7103,4208599.89,3761.342773
150.6019593,255118.6829,4208599.894,3761.341064
150.6297035,255118.6555,4208599.898,3761.34082
150.6574476,255118.6281,4208599.903,3761.340088
150.6851918,255118.6007,4208599.907,3761.339355
150.7129359,255118.5733,4208599.912,3761.338379
150.74068,255118.5459,4208599.916,3761.336914
150.7684242,255118.5185,4208599.92,3761.333252
150.7961683,255118.4911,4208599.925,3761.332275
150.8239125,255118.4637,4208599.929,3761.331055
150.8516566,255118.4363,4208599.933,3761.329834
150.8794008,255118.4089,4208599.938,3761.328857
150.9071449,255118.3815,4208599.942,3761.327881
150.9348891,255118.3541,4208599.946,3761.326904
150.9626332,255118.3267,4208599.951,3761.323975
150.9903774,255118.2993,4208599.955,3761.323242
151.0181215,255118.2719,4208599.96,3761.322754
151.0458656,255118.2445,4208599.964,3761.322266
151.0736098,255118.2171,4208599.968,3761.321777
151.1013539,255118.1897,4208599.973,3761.321533
151.1290981,255118.1623,4208599.977,3761.318848
151.1568422,255118.1349,4208599.981,3761.318848
151.1845864,255118.1075,4208599.986,3761.318848
151.2123305,255118.0801,4208599.99,3761.319336
151.2400747,255118.0527,4208599.995,3761.31958
151.2678188,255118.0253,4208599.999,3761.320068
151.2955629,255117.9979,4208600.003,3761.318848
151.3233071,255117.9705,4208600.008,3761.31958
151.3510512,255117.9431,4208600.012,3761.320557
151.3787954,255117.9157,4208600.016,3761.321777
151.4065395,255117.8883,4208600.021,3761.323242
151.4342837,255117.8609,4208600.025,3761.324707
151.4620278,255117.8335,4208600.029,3761.326416
151.489772,255117.8061,4208600.034,3761.326416
151.5175161,255117.7787,4208600.038,3761.328369
151.5452603,255117.7513,4208600.043,3761.330566
151.5730044,255117.7239,4208600.047,3761.332764
151.6007485,255117.6965,4208600.051,3761.335205
151.6284927,255117.6691,4208600.056,3761.338135
151.6562368,255117.6417,4208600.06,3761.339111
151.683981,255117.6144,4208600.064,3761.342041
151.7117251,255117.587,4208600.069,3761.345459
151.7394693,255117.5596,4208600.073,3761.349121
151.7672134,255117.5322,4208600.078,3761.353027
151.7949576,255117.5048,4208600.082,3761.356934
151.8227017,255117.4774,4208600.086,3761.359375
151.8504458,255117.45,4208600.091,3761.36377
151.87819,255117.4226,4208600.095,3761.368652
151.9059341,255117.3952,4208600.099,3761.373779
151.9336783,255117.3678,4208600.104,3761.37915
151.9614224,255117.3404,4208600.108,3761.384766
151.9891666,255117.313,4208600.112,3761.387939
152.0169107,255117.2856,4208600.117,3761.393799
152.0446549,255117.2582,4208600.121,3761.399658
152.072399,255117.2308,4208600.126,3761.405762
152.1001432,255117.2034,4208600.13,3761.412354
152.1278873,255117.176,4208600.134,3761.418945
152.1556314,255117.1486,4208600.139,3761.425049
152.1833756,255117.1212,4208600.143,3761.42627
152.2111197,255117.0938,4208600.147,3761.431152
152.2388639,255117.0664,4208600.152,3761.436279
152.266608,255117.039,4208600.156,3761.441162
152.2943522,255117.0116,4208600.161,3761.445313
152.3220963,255116.9842,4208600.165,3761.449219
152.3498405,255116.9568,4208600.169,3761.448975
152.3775846,255116.9294,4208600.174,3761.452881
152.4053287,255116.902,4208600.178,3761.456543
152.4330729,255116.8746,4208600.182,3761.460205
152.460817,255116.8472,4208600.187,3761.463867
152.4885612,255116.8198,4208600.191,3761.467529
152.5163053,255116.7924,4208600.195,3761.467285
152.5440495,255116.765,4208600.2,3761.470947
152.5717936,255116.7376,4208600.204,3761.474854
152.5995378,255116.7102,4208600.209,3761.479004
152.6272819,255116.6828,4208600.213,3761.48291
152.6550261,255116.6554,4208600.217,3761.487061
152.6827702,255116.628,4208600.222,3761.488037
152.7105143,255116.6006,4208600.226,3761.492432
152.7382585,255116.5732,4208600.23,3761.496826
152.7660026,255116.5458,4208600.235,3761.501221
152.7937468,255116.5184,4208600.239,3761.506104
152.8214909,255116.491,4208600.244,3761.511475
152.8492351,255116.4636,4208600.248,3761.51709
152.8769792,255116.4362,4208600.252,3761.518555
152.9047234,255116.4088,4208600.257,3761.525146
152.9324675,255116.3814,4208600.261,3761.532227
152.9602116,255116.354,4208600.265,3761.539307
152.9879558,255116.3266,4208600.27,3761.546631
153.0156999,255116.2992,4208600.274,3761.553467
153.0434441,255116.2718,4208600.278,3761.557617
153.0711882,255116.2444,4208600.283,3761.563721
153.0989324,255116.217,4208600.287,3761.569336
153.1266765,255116.1896,4208600.292,3761.574219
153.1544207,255116.1622,4208600.296,3761.579346
153.1821648,255116.1348,4208600.3,3761.583984
153.209909,255116.1075,4208600.305,3761.58667
153.2376531,255116.0801,4208600.309,3761.591309
153.2653972,255116.0527,4208600.313,3761.596924
153.2931414,255116.0253,4208600.318,3761.603027
153.3208855,255115.9979,4208600.322,3761.610352
153.3486297,255115.9705,4208600.326,3761.618408
153.3763738,255115.9431,4208600.331,3761.623291
153.404118,255115.9157,4208600.335,3761.633301
153.4318621,255115.8883,4208600.34,3761.644287
153.4596063,255115.8609,4208600.344,3761.657471
153.4873504,255115.8335,4208600.348,3761.671143
153.5150945,255115.8061,4208600.353,3761.684326
153.5428387,255115.7787,4208600.357,3761.697266
153.5705828,255115.7513,4208600.361,3761.702637
153.598327,255115.7239,4208600.366,3761.7146
153.6260711,255115.6965,4208600.37,3761.726074
153.6538153,255115.6691,4208600.375,3761.73584
153.6815594,255115.6417,4208600.379,3761.744629
153.7093036,255115.6143,4208600.383,3761.753174
153.7370477,255115.5869,4208600.388,3761.754395
153.7647919,255115.5595,4208600.392,3761.761719
153.792536,255115.5321,4208600.396,3761.768066
153.8202801,255115.5047,4208600.401,3761.774902
153.8480243,255115.4773,4208600.405,3761.781738
153.8757684,255115.4499,4208600.409,3761.78833
153.9035126,255115.4225,4208600.414,3761.786621
153.9312567,255115.3951,4208600.418,3761.792236
153.9590009,255115.3677,4208600.423,3761.799072
153.986745,255115.3403,4208600.427,3761.805664
154.0144892,255115.3129,4208600.431,3761.810791
154.0422333,255115.2855,4208600.436,3761.816406
154.0699774,255115.2581,4208600.44,3761.822754
154.0977216,255115.2307,4208600.444,3761.81543
154.1254657,255115.2033,4208600.449,3761.821533
154.1532099,255115.1759,4208600.453,3761.826416
154.180954,255115.1485,4208600.458,3761.830811
154.2086982,255115.1211,4208600.462,3761.835205
154.2364423,255115.0937,4208600.466,3761.840088
154.2641865,255115.0663,4208600.471,3761.825195
154.2919306,255115.0389,4208600.475,3761.827393
154.3196748,255115.0115,4208600.479,3761.828369
154.3474189,255114.9841,4208600.484,3761.827637
154.375163,255114.9567,4208600.488,3761.825195
154.4029072,255114.9293,4208600.492,3761.821533
154.4306513,255114.9019,4208600.497,3761.795166
154.4583955,255114.8745,4208600.501,3761.790039
154.4861396,255114.8471,4208600.506,3761.783936
154.5138838,255114.8197,4208600.51,3761.774414
154.5416279,255114.7923,4208600.514,3761.766602
154.5693721,255114.7649,4208600.519,3761.756836
154.5971162,255114.7375,4208600.523,3761.733398
154.6248603,255114.7101,4208600.527,3761.726074
154.6526045,255114.6827,4208600.532,3761.719238
154.6803486,255114.6553,4208600.536,3761.713135
154.7080928,255114.628,4208600.541,3761.708496
154.7358369,255114.6006,4208600.545,3761.704346
154.7635811,255114.5732,4208600.549,3761.700928
154.7913252,255114.5458,4208600.554,3761.689697
154.8190694,255114.5184,4208600.558,3761.688232
154.8468135,255114.491,4208600.562,3761.687012
154.8745577,255114.4636,4208600.567,3761.685791
154.9023018,255114.4362,4208600.571,3761.685059
154.9300459,255114.4088,4208600.575,3761.68457
154.9577901,255114.3814,4208600.58,3761.679199
154.9855342,255114.354,4208600.584,3761.679932
155.0132784,255114.3266,4208600.589,3761.680664
155.0410225,255114.2992,4208600.593,3761.681641
155.0687667,255114.2718,4208600.597,3761.682617
155.0965108,255114.2444,4208600.602,3761.684082
155.124255,255114.217,4208600.606,3761.681641
155.1519991,255114.1896,4208600.61,3761.68335
155.1797432,255114.1622,4208600.615,3761.685791
155.2074874,255114.1348,4208600.619,3761.688232
155.2352315,255114.1074,4208600.624,3761.69043
155.2629757,255114.08,4208600.628,3761.693604
155.2907198,255114.0526,4208600.632,3761.692383
155.318464,255114.0252,4208600.637,3761.694824
155.3462081,255113.9978,4208600.641,3761.697998
155.3739523,255113.9704,4208600.645,3761.701416
155.4016964,255113.943,4208600.65,3761.704834
155.4294406,255113.9156,4208600.654,3761.708008
155.4571847,255113.8882,4208600.658,3761.710693
155.4849288,255113.8608,4208600.663,3761.709473
155.512673,255113.8334,4208600.667,3761.712646
155.5404171,255113.806,4208600.672,3761.715576
155.5681613,255113.7786,4208600.676,3761.71875
155.5959054,255113.7512,4208600.68,3761.721924
155.6236496,255113.7238,4208600.685,3761.724854
155.6513937,255113.6964,4208600.689,3761.723145
155.6791379,255113.669,4208600.693,3761.726563
155.706882,255113.6416,4208600.698,3761.729736
155.7346261,255113.6142,4208600.702,3761.733398
155.7623703,255113.5868,4208600.706,3761.737305
155.7901144,255113.5594,4208600.711,3761.741455
155.8178586,255113.532,4208600.715,3761.739746
155.8456027,255113.5046,4208600.72,3761.744141
155.8733469,255113.4772,4208600.724,3761.748535
155.901091,255113.4498,4208600.728,3761.753174
155.9288352,255113.4224,4208600.733,3761.757813
155.9565793,255113.395,4208600.737,3761.762939
155.9843235,255113.3676,4208600.741,3761.761475
156.0120676,255113.3402,4208600.746,3761.766602
156.0398117,255113.3128,4208600.75,3761.771729
156.0675559,255113.2854,4208600.755,3761.776611
156.0953,255113.258,4208600.759,3761.78125
156.1230442,255113.2306,4208600.763,3761.786377
156.1507883,255113.2032,4208600.768,3761.791016
156.1785325,255113.1758,4208600.772,3761.789307
156.2062766,255113.1484,4208600.776,3761.793457
156.2340208,255113.1211,4208600.781,3761.798096
156.2617649,255113.0937,4208600.785,3761.802979
156.289509,255113.0663,4208600.789,3761.807861
156.3172532,255113.0389,4208600.794,3761.812744
156.3449973,255113.0115,4208600.798,3761.809082
156.3727415,255112.9841,4208600.803,3761.814209
156.4004856,255112.9567,4208600.807,3761.81958
156.4282298,255112.9293,4208600.811,3761.824951
156.4559739,255112.9019,4208600.816,3761.830322
156.4837181,255112.8745,4208600.82,3761.835449
156.5114622,255112.8471,4208600.824,3761.830322
156.5392064,255112.8197,4208600.829,3761.834717
156.5669505,255112.7923,4208600.833,3761.839355
156.5946946,255112.7649,4208600.838,3761.843262
156.6224388,255112.7375,4208600.842,3761.8479
156.6501829,255112.7101,4208600.846,3761.852051
156.6779271,255112.6827,4208600.851,3761.842041
156.7056712,255112.6553,4208600.855,3761.845947
156.7334154,255112.6279,4208600.859,3761.849121
156.7611595,255112.6005,4208600.864,3761.852295
156.7889037,255112.5731,4208600.868,3761.854248
156.8166478,255112.5457,4208600.872,3761.856445
156.8443919,255112.5183,4208600.877,3761.858887
156.8721361,255112.4909,4208600.881,3761.84668
156.8998802,255112.4635,4208600.886,3761.847656
156.9276244,255112.4361,4208600.89,3761.848389
156.9553685,255112.4087,4208600.894,3761.848389
156.9831127,255112.3813,4208600.899,3761.847656
157.0108568,255112.3539,4208600.903,3761.845947
157.038601,255112.3265,4208600.907,3761.828125
157.0663451,255112.2991,4208600.912,3761.825439
157.0940893,255112.2717,4208600.916,3761.821533
157.1218334,255112.2443,4208600.921,3761.816406
157.1495775,255112.2169,4208600.925,3761.811523
157.1773217,255112.1895,4208600.929,3761.805908
157.2050658,255112.1621,4208600.934,3761.784668
157.23281,255112.1347,4208600.938,3761.778809
157.2605541,255112.1073,4208600.942,3761.772705
157.2882983,255112.0799,4208600.947,3761.766357
157.3160424,255112.0525,4208600.951,3761.759766
157.3437866,255112.0251,4208600.955,3761.754395
157.3715307,255111.9977,4208600.96,3761.749756
157.3992749,255111.9703,4208600.964,3761.735107
157.427019,255111.9429,4208600.969,3761.731934
157.4547631,255111.9155,4208600.973,3761.729004
157.4825073,255111.8881,4208600.977,3761.726563
157.5102514,255111.8607,4208600.982,3761.724365
157.5379956,255111.8333,4208600.986,3761.722168
157.5657397,255111.8059,4208600.99,3761.714111
157.5934839,255111.7785,4208600.995,3761.712891
157.621228,255111.7511,4208600.999,3761.712158
157.6489722,255111.7237,4208601.004,3761.710938
157.6767163,255111.6963,4208601.008,3761.709961
157.7044604,255111.6689,4208601.012,3761.709229
157.7322046,255111.6416,4208601.017,3761.703857
157.7599487,255111.6142,4208601.021,3761.704102
157.7876929,255111.5868,4208601.025,3761.704102
157.815437,255111.5594,4208601.03,3761.70459
157.8431812,255111.532,4208601.034,3761.70459
157.8709253,255111.5046,4208601.038,3761.704834
157.8986695,255111.4772,4208601.043,3761.702148
157.9264136,255111.4498,4208601.047,3761.702393
157.9541578,255111.4224,4208601.052,3761.702393
157.9819019,255111.395,4208601.056,3761.702393
158.009646,255111.3676,4208601.06,3761.702393
158.0373902,255111.3402,4208601.065,3761.702148
158.0651343,255111.3128,4208601.069,3761.702148
158.0928785,255111.2854,4208601.073,3761.699707
158.1206226,255111.258,4208601.078,3761.698975
158.1483668,255111.2306,4208601.082,3761.698486
158.1761109,255111.2032,4208601.087,3761.697754
158.2038551,255111.1758,4208601.091,3761.696777
158.2315992,255111.1484,4208601.095,3761.696289
158.2593433,255111.121,4208601.1,3761.693604
158.2870875,255111.0936,4208601.104,3761.691162
158.3148316,255111.0662,4208601.108,3761.688232
158.3425758,255111.0388,4208601.113,3761.685303
158.3703199,255111.0114,4208601.117,3761.682373
158.3980641,255110.984,4208601.121,3761.680176
158.4258082,255110.9566,4208601.126,3761.67334
158.4535524,255110.9292,4208601.13,3761.671387
158.4878315,255110.9018,4208601.11,3761.675049
158.5221106,255110.8744,4208601.089,3761.678467
158.5563897,255110.8469,4208601.068,3761.685791
158.5906689,255110.8195,4208601.048,3761.686279
158.624948,255110.7921,4208601.027,3761.696289
158.6592271,255110.7647,4208601.007,3761.707764
158.6935062,255110.7372,4208600.986,3761.719727
158.7277854,255110.7098,4208600.966,3761.721191
158.7620645,255110.6824,4208600.945,3761.734131
158.7963436,255110.655,4208600.925,3761.749756
158.8306227,255110.6275,4208600.904,3761.764404
158.8649019,255110.6001,4208600.883,3761.765381
158.899181,255110.5727,4208600.863,3761.780762
158.9334601,255110.5453,4208600.842,3761.795166
158.9677393,255110.5178,4208600.822,3761.80835
159.0020184,255110.4904,4208600.801,3761.80835
159.0362975,255110.463,4208600.781,3761.81958
159.0705766,255110.4356,4208600.76,3761.830322
159.1048558,255110.4082,4208600.739,3761.84082
159.1391349,255110.3807,4208600.719,3761.8396
159.173414,255110.3533,4208600.698,3761.848389
159.2076931,255110.3259,4208600.678,3761.855469
159.2419723,255110.2985,4208600.657,3761.863281
159.2762514,255110.271,4208600.637,3761.86084
159.3105305,255110.2436,4208600.616,3761.867188
159.3448096,255110.2162,4208600.595,3761.873779
159.3790888,255110.1888,4208600.575,3761.880615
159.4133679,255110.1613,4208600.554,3761.877441
159.447647,255110.1339,4208600.534,3761.884521
159.4819261,255110.1065,4208600.513,3761.89209
159.5162053,255110.0791,4208600.493,3761.899414
159.5504844,255110.0517,4208600.472,3761.895508
159.5847635,255110.0242,4208600.451,3761.902344
159.6190426,255109.9968,4208600.431,3761.909668
159.6533218,255109.9694,4208600.41,3761.915771
159.6876009,255109.942,4208600.39,3761.911377
159.72188,255109.9145,4208600.369,3761.916504
159.7561592,255109.8871,4208600.349,3761.920898
159.7904383,255109.8597,4208600.328,3761.925049
159.8247174,255109.8323,4208600.307,3761.919678
159.8589965,255109.8048,4208600.287,3761.92334
159.8932757,255109.7774,4208600.266,3761.927002
159.9275548,255109.75,4208600.246,3761.930176
159.9618339,255109.7226,4208600.225,3761.925537
159.996113,255109.6951,4208600.205,3761.928223
160.0303922,255109.6677,4208600.184,3761.931641
160.0646713,255109.6403,4208600.164,3761.934082
160.0989504,255109.6129,4208600.143,3761.929688
160.1332295,255109.5855,4208600.122,3761.932617
160.1675087,255109.558,4208600.102,3761.935059
160.2017878,255109.5306,4208600.081,3761.937744
160.2360669,255109.5032,4208600.061,3761.933594
160.270346,255109.4758,4208600.04,3761.935791
160.3046252,255109.4483,4208600.02,3761.938477
160.3389043,255109.4209,4208599.999,3761.940674
160.3731834,255109.3935,4208599.978,3761.936523
160.4074625,255109.3661,4208599.958,3761.939697
160.4417417,255109.3386,4208599.937,3761.941895
160.4760208,255109.3112,4208599.917,3761.945068
160.5102999,255109.2838,4208599.896,3761.940674
160.5445791,255109.2564,4208599.876,3761.943359
160.5788582,255109.229,4208599.855,3761.946777
160.6131373,255109.2015,4208599.834,3761.949707
160.6474164,255109.1741,4208599.814,3761.945801
160.6816956,255109.1467,4208599.793,3761.949219
160.7159747,255109.1193,4208599.773,3761.952881
160.7502538,255109.0918,4208599.752,3761.956543
160.7845329,255109.0644,4208599.732,3761.952637
160.8188121,255109.037,4208599.711,3761.956055
160.8530912,255109.0096,4208599.69,3761.959473
160.8873703,255108.9821,4208599.67,3761.962646
160.9216494,255108.9547,4208599.649,3761.959473
160.9559286,255108.9273,4208599.629,3761.960449
160.9902077,255108.8999,4208599.608,3761.963867
161.0244868,255108.8725,4208599.588,3761.967773
161.0587659,255108.845,4208599.567,3761.966797
161.0930451,255108.8176,4208599.546,3761.970459
161.1273242,255108.7902,4208599.526,3761.973633
161.1616033,255108.7628,4208599.505,3761.976563
161.1958824,255108.7353,4208599.485,3761.976318
161.2301616,255108.7079,4208599.464,3761.979004
161.2644407,255108.6805,4208599.444,3761.981445
161.2987198,255108.6531,4208599.423,3761.983154
161.332999,255108.6256,4208599.403,3761.983398
161.3672781,255108.5982,4208599.382,3761.985107
161.4015572,255108.5708,4208599.361,3761.986816
161.4358363,255108.5434,4208599.341,3761.988525
161.4701155,255108.5159,4208599.32,3761.98877
161.5043946,255108.4885,4208599.3,3761.989502
161.5386737,255108.4611,4208599.279,3761.990234
161.5729528,255108.4337,4208599.259,3761.990967
161.607232,255108.4063,4208599.238,3761.991455
161.6415111,255108.3788,4208599.217,3761.992432
161.6757902,255108.3514,4208599.197,3761.993164
161.7100693,255108.324,4208599.176,3761.994385
161.7443485,255108.2966,4208599.156,3761.995117
161.7786276,255108.2691,4208599.135,3761.996582
161.8129067,255108.2417,4208599.115,3761.998047
161.8471858,255108.2143,4208599.094,3761.999756
161.881465,255108.1869,4208599.073,3762.001465
161.9157441,255108.1594,4208599.053,3762.002197
161.9500232,255108.132,4208599.032,3762.002686
161.9843023,255108.1046,4208599.012,3762.00293
162.0185815,255108.0772,4208598.991,3762.003418
162.0528606,255108.0498,4208598.971,3762.003174
162.0871397,255108.0223,4208598.95,3762.002441
162.1214189,255107.9949,4208598.929,3762.001709
162.155698,255107.9675,4208598.909,3762.001709
162.1899771,255107.9401,4208598.888,3762.000732
162.2242562,255107.9126,4208598.868,3761.999512
162.2585354,255107.8852,4208598.847,3761.998047
162.2928145,255107.8578,4208598.827,3761.99707
162.3270936,255107.8304,4208598.806,3761.995117
162.3613727,255107.8029,4208598.785,3761.992432
162.3956519,255107.7755,4208598.765,3761.989258
162.429931,255107.7481,4208598.744,3761.987305
162.4642101,255107.7207,4208598.724,3761.984375
162.4984892,255107.6932,4208598.703,3761.981445
162.5327684,255107.6658,4208598.683,3761.979492
162.5670475,255107.6384,4208598.662,3761.979004
162.6013266,255107.611,4208598.642,3761.978271
162.6356057,255107.5836,4208598.621,3761.977783
162.6698849,255107.5561,4208598.6,3761.977051
162.704164,255107.5287,4208598.58,3761.977295
162.7384431,255107.5013,4208598.559,3761.976807
162.7727222,255107.4739,4208598.539,3761.976318
162.8070014,255107.4464,4208598.518,3761.975586
162.8412805,255107.419,4208598.498,3761.976074
162.8755596,255107.3916,4208598.477,3761.975342
162.9098388,255107.3642,4208598.456,3761.974609
162.9441179,255107.3367,4208598.436,3761.973877
162.978397,255107.3093,4208598.415,3761.975098
163.0126761,255107.2819,4208598.395,3761.974609
163.0469553,255107.2545,4208598.374,3761.974365
163.0812344,255107.2271,4208598.354,3761.974121
163.1155135,255107.1996,4208598.333,3761.976563
163.1497926,255107.1722,4208598.312,3761.976563
163.1840718,255107.1448,4208598.292,3761.976074
163.2183509,255107.1174,4208598.271,3761.975342
163.25263,255107.0899,4208598.251,3761.978027
163.2869091,255107.0625,4208598.23,3761.976318
163.3211883,255107.0351,4208598.21,3761.974121
163.3554674,255107.0077,4208598.189,3761.97168
163.3897465,255106.9802,4208598.168,3761.972412
163.4240256,255106.9528,4208598.148,3761.968506
163.4583048,255106.9254,4208598.127,3761.965088
163.4925839,255106.898,4208598.107,3761.962158
163.526863,255106.8705,4208598.086,3761.959229
163.5611421,255106.8431,4208598.066,3761.95752
163.5954213,255106.8157,4208598.045,3761.952881
163.6297004,255106.7883,4208598.024,3761.946777
163.6639795,255106.7609,4208598.004,3761.940186
163.6982587,255106.7334,4208597.983,3761.936523
163.7325378,255106.706,4208597.963,3761.929199
163.7668169,255106.6786,4208597.942,3761.922119
163.801096,255106.6512,4208597.922,3761.915527
163.8353752,255106.6237,4208597.901,3761.911377
163.8696543,255106.5963,4208597.881,3761.905518
163.9039334,255106.5689,4208597.86,3761.900146
163.9382125,255106.5415,4208597.839,3761.894043
163.9724917,255106.514,4208597.819,3761.888428
164.0067708,255106.4866,4208597.798,3761.88208
164.0410499,255106.4592,4208597.778,3761.875732
164.075329,255106.4318,4208597.757,3761.871094
164.1096082,255106.4044,4208597.737,3761.865723
164.1438873,255106.3769,4208597.716,3761.862061
164.1781664,255106.3495,4208597.695,3761.858398
164.2124455,255106.3221,4208597.675,3761.855469
164.2467247,255106.2947,4208597.654,3761.85083
164.2810038,255106.2672,4208597.634,3761.848633
164.3152829,255106.2398,4208597.613,3761.846924
164.349562,255106.2124,4208597.593,3761.846191
164.3838412,255106.185,4208597.572,3761.843018
164.4181203,255106.1575,4208597.551,3761.843018
164.4523994,255106.1301,4208597.531,3761.843262
164.4866786,255106.1027,4208597.51,3761.844482
164.5209577,255106.0753,4208597.49,3761.842285
164.5552368,255106.0479,4208597.469,3761.843506
164.5895159,255106.0204,4208597.449,3761.845947
164.6237951,255105.993,4208597.428,3761.848633
164.6580742,255105.9656,4208597.407,3761.847412
164.6923533,255105.9382,4208597.387,3761.851318
164.7266324,255105.9107,4208597.366,3761.85498
164.7609116,255105.8833,4208597.346,3761.858398
164.7951907,255105.8559,4208597.325,3761.858154
164.8294698,255105.8285,4208597.305,3761.861572
164.8637489,255105.801,4208597.284,3761.863525
164.8980281,255105.7736,4208597.263,3761.864746
164.9323072,255105.7462,4208597.243,3761.864502
164.9665863,255105.7188,4208597.222,3761.865234
165.0008654,255105.6913,4208597.202,3761.865723
165.0351446,255105.6639,4208597.181,3761.866211
165.0694237,255105.6365,4208597.161,3761.866211
165.1037028,255105.6091,4208597.14,3761.866943
165.1379819,255105.5817,4208597.12,3761.867676
165.1722611,255105.5542,4208597.099,3761.868164
165.2065402,255105.5268,4208597.078,3761.868164
165.2408193,255105.4994,4208597.058,3761.869141
165.2750985,255105.472,4208597.037,3761.869629
165.3093776,255105.4445,4208597.017,3761.870117
165.3436567,255105.4171,4208596.996,3761.870117
165.3779358,255105.3897,4208596.976,3761.871094
165.412215,255105.3623,4208596.955,3761.872314
165.4464941,255105.3348,4208596.934,3761.874756
165.4807732,255105.3074,4208596.914,3761.876221
165.5150523,255105.28,4208596.893,3761.881104
165.5493315,255105.2526,4208596.873,3761.885986
165.5836106,255105.2252,4208596.852,3761.890869
165.6178897,255105.1977,4208596.832,3761.893311
165.6521688,255105.1703,4208596.811,3761.898438
165.686448,255105.1429,4208596.79,3761.903076
165.7207271,255105.1155,4208596.77,3761.907959
165.7550062,255105.088,4208596.749,3761.911377
165.7892853,255105.0606,4208596.729,3761.916992
165.8235645,255105.0332,4208596.708,3761.92334
165.8578436,255105.0058,4208596.688,3761.93042
165.8921227,255104.9783,4208596.667,3761.937012
165.9264018,255104.9509,4208596.646,3761.946045
165.960681,255104.9235,4208596.626,3761.955322
165.9949601,255104.8961,4208596.605,3761.964844
166.0292392,255104.8686,4208596.585,3761.972656
166.0635184,255104.8412,4208596.564,3761.980957
166.0977975,255104.8138,4208596.544,3761.98877
166.1320766,255104.7864,4208596.523,3761.995361
166.1663557,255104.759,4208596.502,3761.999023
166.2006349,255104.7315,4208596.482,3762.003662
166.234914,255104.7041,4208596.461,3762.006836
166.2691931,255104.6767,4208596.441,3762.008545
166.3034722,255104.6493,4208596.42,3762.009277
166.3377514,255104.6218,4208596.4,3762.011719
166.3720305,255104.5944,4208596.379,3762.014648
166.4063096,255104.567,4208596.359,3762.019531
166.4405887,255104.5396,4208596.338,3762.020752
166.4748679,255104.5121,4208596.317,3762.026367
166.509147,255104.4847,4208596.297,3762.033447
166.5434261,255104.4573,4208596.276,3762.041016
166.5777052,255104.4299,4208596.256,3762.041748
166.6119844,255104.4025,4208596.235,3762.048828
166.6462635,255104.375,4208596.215,3762.056152
166.6805426,255104.3476,4208596.194,3762.063477
166.7148217,255104.3202,4208596.173,3762.062256
166.7491009,255104.2928,4208596.153,3762.068604
166.78338,255104.2653,4208596.132,3762.074707
166.8176591,255104.2379,4208596.112,3762.081299
166.8519383,255104.2105,4208596.091,3762.078613
166.8862174,255104.1831,4208596.071,3762.083252
166.9204965,255104.1556,4208596.05,3762.087646
166.9547756,255104.1282,4208596.029,3762.091064
166.9890548,255104.1008,4208596.009,3762.085938
167.0233339,255104.0734,4208595.988,3762.088135
167.057613,255104.0459,4208595.968,3762.090088
167.0918921,255104.0185,4208595.947,3762.09082
167.1261713,255103.9911,4208595.927,3762.084961
167.1604504,255103.9637,4208595.906,3762.084961
167.1947295,255103.9363,4208595.885,3762.084473
167.2290086,255103.9088,4208595.865,3762.083496
167.2632878,255103.8814,4208595.844,3762.076172
167.2975669,255103.854,4208595.824,3762.074463
167.331846,255103.8266,4208595.803,3762.072998
167.3661251,255103.7991,4208595.783,3762.070313
167.4004043,255103.7717,4208595.762,3762.0625
167.4346834,255103.7443,4208595.741,3762.060059
167.4689625,255103.7169,4208595.721,3762.057373
167.5032416,255103.6894,4208595.7,3762.054199
167.5375208,255103.662,4208595.68,3762.046875
167.5717999,255103.6346,4208595.659,3762.043213
167.606079,255103.6072,4208595.639,3762.039063
167.6403582,255103.5798,4208595.618,3762.034424
167.6746373,255103.5523,4208595.598,3762.026611
167.7089164,255103.5249,4208595.577,3762.021973
167.7431955,255103.4975,4208595.556,3762.017334
167.7774747,255103.4701,4208595.536,3762.013916
167.8117538,255103.4426,4208595.515,3762.009033
167.8460329,255103.4152,4208595.495,3762.00708
167.880312,255103.3878,4208595.474,3762.005859
167.9145912,255103.3604,4208595.454,3762.005127
167.9488703,255103.3329,4208595.433,3762.002441
167.9831494,255103.3055,4208595.412,3762.001953
168.0174285,255103.2781,4208595.392,3762.001953
168.0517077,255103.2507,4208595.371,3762.001953
168.0859868,255103.2233,4208595.351,3762
168.1202659,255103.1958,4208595.33,3762.000488
168.154545,255103.1684,4208595.31,3762.001465
168.1888242,255103.141,4208595.289,3762.002197
168.2231033,255103.1136,4208595.268,3762.000488
168.2573824,255103.0861,4208595.248,3762.002197
168.2916616,255103.0587,4208595.227,3762.004395
168.3259407,255103.0313,4208595.207,3762.00708
168.3602198,255103.0039,4208595.186,3762.006348
168.3944989,255102.9764,4208595.166,3762.010742
168.4287781,255102.949,4208595.145,3762.015381
168.4630572,255102.9216,4208595.124,3762.021729
168.4973363,255102.8942,4208595.104,3762.021729
168.5316154,255102.8667,4208595.083,3762.029053
168.5658946,255102.8393,4208595.063,3762.037109
168.6001737,255102.8119,4208595.042,3762.044434
168.6344528,255102.7845,4208595.022,3762.044678
168.6687319,255102.7571,4208595.001,3762.051758
168.7030111,255102.7296,4208594.981,3762.05835
168.7372902,255102.7022,4208594.96,3762.064941
168.7715693,255102.6748,4208594.939,3762.064697
168.8058484,255102.6474,4208594.919,3762.070557
168.8401276,255102.6199,4208594.898,3762.07666
168.8744067,255102.5925,4208594.878,3762.082764
168.9086858,255102.5651,4208594.857,3762.082275
168.9429649,255102.5377,4208594.837,3762.088623
168.9772441,255102.5102,4208594.816,3762.095215
169.0115232,255102.4828,4208594.795,3762.102051
169.0458023,255102.4554,4208594.775,3762.102295
169.0800815,255102.428,4208594.754,3762.108887
169.1143606,255102.4006,4208594.734,3762.115234
169.1486397,255102.3731,4208594.713,3762.121338
169.1829188,255102.3457,4208594.693,3762.122314
169.217198,255102.3183,4208594.672,3762.127441
169.2514771,255102.2909,4208594.651,3762.131592
169.2857562,255102.2634,4208594.631,3762.133789
169.3200353,255102.236,4208594.61,3762.134277
169.3543145,255102.2086,4208594.59,3762.13623
169.3885936,255102.1812,4208594.569,3762.137207
169.4228727,255102.1537,4208594.549,3762.138184
169.4571518,255102.1263,4208594.528,3762.138916
169.491431,255102.0989,4208594.507,3762.139893
169.5257101,255102.0715,4208594.487,3762.141602
169.5599892,255102.044,4208594.466,3762.144043
169.5942683,255102.0166,4208594.446,3762.146729
169.6285475,255101.9892,4208594.425,3762.148926
169.6628266,255101.9618,4208594.405,3762.152588
169.6971057,255101.9344,4208594.384,3762.156006
169.7313848,255101.9069,4208594.363,3762.15918
169.765664,255101.8795,4208594.343,3762.162109
169.7999431,255101.8521,4208594.322,3762.165527
169.8342222,255101.8247,4208594.302,3762.168457
169.8685014,255101.7972,4208594.281,3762.170898
169.9027805,255101.7698,4208594.261,3762.173828
169.9370596,255101.7424,4208594.24,3762.176758
169.9713387,255101.715,4208594.22,3762.179199
170.0056179,255101.6875,4208594.199,3762.181152
170.039897,255101.6601,4208594.178,3762.183838
170.0741761,255101.6327,4208594.158,3762.185791
170.1084552,255101.6053,4208594.137,3762.187256
170.1427344,255101.5779,4208594.117,3762.188232
170.1770135,255101.5504,4208594.096,3762.190918
170.2112926,255101.523,4208594.076,3762.19165
170.2455717,255101.4956,4208594.055,3762.192139
170.2798509,255101.4682,4208594.034,3762.192383
170.31413,255101.4407,4208594.014,3762.194824
170.3484091,255101.4133,4208593.993,3762.195313
170.3826882,255101.3859,4208593.973,3762.195557
170.4169674,255101.3585,4208593.952,3762.195801
170.4512465,255101.331,4208593.932,3762.197266
170.4855256,255101.3036,4208593.911,3762.197754
170.5198047,255101.2762,4208593.89,3762.19873
170.5540839,255101.2488,4208593.87,3762.199463
170.588363,255101.2213,4208593.849,3762.200439
170.6226421,255101.1939,4208593.829,3762.201172
170.6569213,255101.1665,4208593.808,3762.202881
170.6912004,255101.1391,4208593.788,3762.207031
170.7254795,255101.1117,4208593.767,3762.210449
170.7597586,255101.0842,4208593.746,3762.218018
170.7940378,255101.0568,4208593.726,3762.227295
170.8283169,255101.0294,4208593.705,3762.239258
170.862596,255101.002,4208593.685,3762.247314
170.8968751,255100.9745,4208593.664,3762.266113
170.9311543,255100.9471,4208593.644,3762.289551
170.9654334,255100.9197,4208593.623,3762.316406
170.9997125,255100.8923,4208593.602,3762.332275
171.0339916,255100.8648,4208593.582,3762.360107
171.0682708,255100.8374,4208593.561,3762.38501
171.1025499,255100.81,4208593.541,3762.406494
171.136829,255100.7826,4208593.52,3762.41626
171.1711081,255100.7552,4208593.5,3762.432129
171.2053873,255100.7277,4208593.479,3762.445801
171.2396664,255100.7003,4208593.459,3762.456299
171.2739455,255100.6729,4208593.438,3762.459961
171.3082246,255100.6455,4208593.417,3762.466309
171.3425038,255100.618,4208593.397,3762.471436
171.3767829,255100.5906,4208593.376,3762.475586
171.411062,255100.5632,4208593.356,3762.476318
171.4453412,255100.5358,4208593.335,3762.479736
171.4796203,255100.5083,4208593.315,3762.483154
171.5138994,255100.4809,4208593.294,3762.486572
171.5481785,255100.4535,4208593.273,3762.486328
171.5824577,255100.4261,4208593.253,3762.489014
171.6167368,255100.3987,4208593.232,3762.492188
171.6510159,255100.3712,4208593.212,3762.494873
171.685295,255100.3438,4208593.191,3762.494141
171.7195742,255100.3164,4208593.171,3762.496826
171.7538533,255100.289,4208593.15,3762.499512
171.7881324,255100.2615,4208593.129,3762.501953
171.8224115,255100.2341,4208593.109,3762.500732
171.8566907,255100.2067,4208593.088,3762.50293
171.8909698,255100.1793,4208593.068,3762.504883
171.9252489,255100.1518,4208593.047,3762.505859
171.959528,255100.1244,4208593.027,3762.503906
171.9938072,255100.097,4208593.006,3762.504639
172.0239033,255100.0696,4208592.994,3762.504883
172.0539994,255100.0422,4208592.981,3762.501953
172.0840956,255100.0149,4208592.969,3762.498779
172.1141917,255099.9875,4208592.956,3762.498291
172.1442879,255099.9601,4208592.944,3762.494141
172.174384,255099.9327,4208592.931,3762.492432
172.2044801,255099.9053,4208592.919,3762.486572
172.2345763,255099.878,4208592.906,3762.48291
172.2646724,255099.8506,4208592.894,3762.473633
172.2947686,255099.8232,4208592.881,3762.465576
172.3248647,255099.7958,4208592.869,3762.452637
172.3549608,255099.7685,4208592.856,3762.440674
172.385057,255099.7411,4208592.844,3762.425781
172.4151531,255099.7137,4208592.831,3762.411377
172.4452493,255099.6863,4208592.819,3762.395508
172.4753454,255099.6589,4208592.806,3762.382813
172.5054416,255099.6316,4208592.794,3762.375488
172.5355377,255099.6042,4208592.781,3762.368896
172.5656338,255099.5768,4208592.769,3762.36792
172.59573,255099.5494,4208592.756,3762.365723
172.6258261,255099.5221,4208592.744,3762.366943
172.6559223,255099.4947,4208592.731,3762.365723
172.6860184,255099.4673,4208592.719,3762.367676
172.7161145,255099.4399,4208592.706,3762.367188
172.7462107,255099.4125,4208592.694,3762.369873
172.7763068,255099.3852,4208592.681,3762.370117
172.806403,255099.3578,4208592.669,3762.370361
172.8364991,255099.3304,4208592.656,3762.374023
172.8665952,255099.303,4208592.644,3762.375488
172.8966914,255099.2757,4208592.631,3762.381348
172.9267875,255099.2483,4208592.619,3762.385986
172.9568837,255099.2209,4208592.606,3762.394775
172.9869798,255099.1935,4208592.594,3762.400146
173.0170759,255099.1661,4208592.581,3762.408447
173.0471721,255099.1388,4208592.569,3762.413818
173.0772682,255099.1114,4208592.556,3762.421875
173.1073644,255099.084,4208592.544,3762.42749
173.1374605,255099.0566,4208592.531,3762.432861
173.1675566,255099.0292,4208592.519,3762.440674
173.1976528,255099.0019,4208592.506,3762.445557
173.2277489,255098.9745,4208592.494,3762.452393
173.2578451,255098.9471,4208592.481,3762.456543
173.2879412,255098.9197,4208592.469,3762.461914
173.3180373,255098.8924,4208592.456,3762.466553
173.3481335,255098.865,4208592.444,3762.472412
173.3782296,255098.8376,4208592.431,3762.477051
173.4083258,255098.8102,4208592.419,3762.483887
173.4384219,255098.7828,4208592.406,3762.489014
173.468518,255098.7555,4208592.394,3762.494141
173.4986142,255098.7281,4208592.381,3762.500732
173.5287103,255098.7007,4208592.369,3762.505615
173.5588065,255098.6733,4208592.356,3762.511963
173.5889026,255098.646,4208592.344,3762.51709
173.6189987,255098.6186,4208592.331,3762.523193
173.6490949,255098.5912,4208592.319,3762.528076
173.679191,255098.5638,4208592.306,3762.53418
173.7092872,255098.5364,4208592.294,3762.539307
173.7393833,255098.5091,4208592.281,3762.546143
173.7694794,255098.4817,4208592.269,3762.551025
173.7995756,255098.4543,4208592.256,3762.55835
173.8296717,255098.4269,4208592.244,3762.563477
173.8597679,255098.3996,4208592.231,3762.568604
173.889864,255098.3722,4208592.219,3762.578613
173.9199601,255098.3448,4208592.206,3762.583984
173.9500563,255098.3174,4208592.194,3762.593262
173.9801524,255098.29,4208592.181,3762.598389
174.0102486,255098.2627,4208592.169,3762.607666
174.0403447,255098.2353,4208592.156,3762.612549
174.0704408,255098.2079,4208592.144,3762.62207
174.100537,255098.1805,4208592.131,3762.627441
174.1306331,255098.1531,4208592.119,3762.638916
174.1607293,255098.1258,4208592.106,3762.645264
174.1908254,255098.0984,4208592.094,3762.651855
174.2209215,255098.071,4208592.081,3762.666016
174.2510177,255098.0436,4208592.069,3762.675049
174.2811138,255098.0163,4208592.056,3762.691895
174.31121,255097.9889,4208592.044,3762.701172
174.3413061,255097.9615,4208592.031,3762.716309
174.3714022,255097.9341,4208592.019,3762.724854
174.4014984,255097.9067,4208592.006,3762.737549
174.4315945,255097.8794,4208591.994,3762.743164
174.4616907,255097.852,4208591.981,3762.751465
174.4917868,255097.8246,4208591.969,3762.754883
174.5218829,255097.7972,4208591.956,3762.757568
174.5519791,255097.7699,4208591.944,3762.760742
174.5820752,255097.7425,4208591.931,3762.761719
174.6121714,255097.7151,4208591.919,3762.76416
174.6422675,255097.6877,4208591.906,3762.765381
174.6723636,255097.6603,4208591.894,3762.769775
174.7024598,255097.633,4208591.881,3762.77124
174.7325559,255097.6056,4208591.869,3762.776367
174.7626521,255097.5782,4208591.856,3762.777588
174.7927482,255097.5508,4208591.844,3762.782715
174.8228443,255097.5235,4208591.831,3762.784424
174.8529405,255097.4961,4208591.819,3762.786133
174.8830366,255097.4687,4208591.806,3762.791504
174.9131328,255097.4413,4208591.794,3762.792725
174.9432289,255097.4139,4208591.781,3762.797852
174.973325,255097.3866,4208591.769,3762.798828
175.0034212,255097.3592,4208591.756,3762.803223
175.0335173,255097.3318,4208591.744,3762.804199
175.0636135,255097.3044,4208591.731,3762.808105
175.0937096,255097.277,4208591.719,3762.808838
175.1238057,255097.2497,4208591.706,3762.8125
175.1539019,255097.2223,4208591.694,3762.813477
175.183998,255097.1949,4208591.681,3762.817627
175.2140942,255097.1675,4208591.669,3762.818604
175.2441903,255097.1402,4208591.656,3762.81958
175.2742864,255097.1128,4208591.644,3762.824707
175.3043826,255097.0854,4208591.631,3762.825684
175.3344787,255097.058,4208591.619,3762.831055
175.3645749,255097.0306,4208591.606,3762.832275
175.394671,255097.0033,4208591.594,3762.838623
175.4247671,255096.9759,4208591.581,3762.840576
175.4548633,255096.9485,4208591.569,3762.8479
175.4849594,255096.9211,4208591.556,3762.850586
175.5150556,255096.8938,4208591.544,3762.859375
175.5451517,255096.8664,4208591.531,3762.863525
175.5752478,255096.839,4208591.519,3762.867676
175.605344,255096.8116,4208591.506,3762.87793
175.6354401,255096.7842,4208591.494,3762.881836
175.6655363,255096.7569,4208591.481,3762.891846
175.6956324,255096.7295,4208591.469,3762.895996
175.7257285,255096.7021,4208591.456,3762.905762
175.7558247,255096.6747,4208591.444,3762.909668
175.7859208,255096.6474,4208591.431,3762.919189
175.816017,255096.62,4208591.419,3762.922607
175.8461131,255096.5926,4208591.406,3762.931885
175.8762092,255096.5652,4208591.394,3762.934082
175.9063054,255096.5378,4208591.381,3762.936279
175.9364015,255096.5105,4208591.369,3762.941895
175.9664977,255096.4831,4208591.356,3762.942627
175.9965938,255096.4557,4208591.344,3762.946045
176.0266899,255096.4283,4208591.331,3762.946045
176.0567861,255096.401,4208591.319,3762.948242
176.0868822,255096.3736,4208591.306,3762.947998
176.1169784,255096.3462,4208591.294,3762.949707
176.1470745,255096.3188,4208591.281,3762.948975
176.1771706,255096.2914,4208591.269,3762.950195
176.2072668,255096.2641,4208591.256,3762.949219
176.2373629,255096.2367,4208591.244,3762.949707
176.2674591,255096.2093,4208591.231,3762.948486
176.2975552,255096.1819,4208591.219,3762.94751
176.3276513,255096.1545,4208591.206,3762.94751
176.3577475,255096.1272,4208591.194,3762.946045
176.3878436,255096.0998,4208591.181,3762.945801
176.4179398,255096.0724,4208591.169,3762.944336
176.4480359,255096.045,4208591.156,3762.943848
176.478132,255096.0177,4208591.144,3762.942139
176.5082282,255095.9903,4208591.131,3762.941895
176.5383243,255095.9629,4208591.119,3762.94043
176.5684205,255095.9355,4208591.106,3762.939941
176.5985166,255095.9081,4208591.094,3762.938965
176.6286127,255095.8808,4208591.081,3762.938232
176.6587089,255095.8534,4208591.069,3762.938477
176.688805,255095.826,4208591.056,3762.937988
176.7189012,255095.7986,4208591.044,3762.938721
176.7489973,255095.7713,4208591.031,3762.938721
176.7790934,255095.7439,4208591.019,3762.939453
176.8091896,255095.7165,4208591.006,3762.939697
176.8392857,255095.6891,4208590.994,3762.941162
176.8693819,255095.6617,4208590.981,3762.941406
176.899478,255095.6344,4208590.969,3762.942871
176.9295741,255095.607,4208590.956,3762.943604
176.9596703,255095.5796,4208590.944,3762.944824
176.9897664,255095.5522,4208590.931,3762.94873
177.0198626,255095.5249,4208590.919,3762.952148
177.0499587,255095.4975,4208590.906,3762.958008
177.0800548,255095.4701,4208590.894,3762.962646
177.110151,255095.4427,4208590.881,3762.969971
177.1402471,255095.4153,4208590.869,3762.975586
177.1703433,255095.388,4208590.856,3762.984131
177.2004394,255095.3606,4208590.844,3762.990234
177.2305355,255095.3332,4208590.831,3762.999023
177.2606317,255095.3058,4208590.819,3763.005859
177.2907278,255095.2784,4208590.806,3763.012451
177.320824,255095.2511,4208590.794,3763.02124
177.3509201,255095.2237,4208590.781,3763.0271
177.3810163,255095.1963,4208590.769,3763.033936
177.4111124,255095.1689,4208590.756,3763.038086
177.4412085,255095.1416,4208590.744,3763.041016
177.4713047,255095.1142,4208590.731,3763.042236
177.5014008,255095.0868,4208590.719,3763.043457
177.531497,255095.0594,4208590.706,3763.043945
177.5615931,255095.032,4208590.694,3763.045166
177.5916892,255095.0047,4208590.681,3763.045898
177.6217854,255094.9773,4208590.669,3763.04834
177.6518815,255094.9499,4208590.656,3763.049561
177.6819777,255094.9225,4208590.644,3763.050781
177.7120738,255094.8952,4208590.631,3763.056641
177.7421699,255094.8678,4208590.619,3763.058594
177.7722661,255094.8404,4208590.606,3763.06543
177.8023622,255094.813,4208590.594,3763.068115
177.8324584,255094.7856,4208590.581,3763.076172
177.8625545,255094.7583,4208590.569,3763.07959
177.8926506,255094.7309,4208590.556,3763.089111
177.9227468,255094.7035,4208590.544,3763.092773
177.9528429,255094.6761,4208590.531,3763.101807
177.9829391,255094.6488,4208590.519,3763.105225
178.0130352,255094.6214,4208590.506,3763.109131
178.0431313,255094.594,4208590.494,3763.11792
178.0732275,255094.5666,4208590.481,3763.121338
178.1033236,255094.5392,4208590.469,3763.131348
178.1334198,255094.5119,4208590.456,3763.135254
178.1635159,255094.4845,4208590.444,3763.145996
178.193612,255094.4571,4208590.431,3763.150635
178.2237082,255094.4297,4208590.419,3763.161865
178.2538043,255094.4023,4208590.406,3763.166748
178.2839005,255094.375,4208590.394,3763.178223
178.3139966,255094.3476,4208590.381,3763.18335
178.3440927,255094.3202,4208590.369,3763.188721
178.3741889,255094.2928,4208590.356,3763.198486
178.404285,255094.2655,4208590.344,3763.203125
178.4343812,255094.2381,4208590.331,3763.211182
178.4644773,255094.2107,4208590.319,3763.215576
178.4945734,255094.1833,4208590.306,3763.2229
178.5246696,255094.1559,4208590.294,3763.227539
178.5547657,255094.1286,4208590.281,3763.235107
178.5848619,255094.1012,4208590.269,3763.239746
178.614958,255094.0738,4208590.256,3763.246338
178.6450541,255094.0464,4208590.244,3763.250977
178.6751503,255094.0191,4208590.231,3763.255371
178.7052464,255093.9917,4208590.219,3763.262451
178.7353426,255093.9643,4208590.206,3763.266602
178.7654387,255093.9369,4208590.194,3763.272705
178.7955348,255093.9095,4208590.181,3763.276367
178.825631,255093.8822,4208590.169,3763.281982
178.8557271,255093.8548,4208590.156,3763.285156
178.8858233,255093.8274,4208590.144,3763.290039
178.9159194,255093.8,4208590.131,3763.292969
178.9460155,255093.7727,4208590.119,3763.296387
178.9761117,255093.7453,4208590.106,3763.298828
179.0062078,255093.7179,4208590.094,3763.302246
179.036304,255093.6905,4208590.081,3763.304199
179.0664001,255093.6631,4208590.069,3763.305664
179.0964962,255093.6358,4208590.056,3763.308594
179.1265924,255093.6084,4208590.044,3763.310059
179.1566885,255093.581,4208590.031,3763.312744
179.1867847,255093.5536,4208590.019,3763.314209
179.2168808,255093.5263,4208590.006,3763.316895
179.2469769,255093.4989,4208589.994,3763.318115
179.2770731,255093.4715,4208589.981,3763.321289
179.3071692,255093.4441,4208589.969,3763.32251
179.3372654,255093.4167,4208589.956,3763.326416
179.3673615,255093.3894,4208589.944,3763.327881
179.3974576,255093.362,4208589.931,3763.32959
179.4275538,255093.3346,4208589.919,3763.334229
179.4576499,255093.3072,4208589.906,3763.335693
179.4877461,255093.2798,4208589.894,3763.341064
179.5178422,255093.2525,4208589.881,3763.343018
179.5479383,255093.2251,4208589.869,3763.348633
179.5780345,255093.1977,4208589.856,3763.350586
179.6081306,255093.1703,4208589.844,3763.355957
179.6382268,255093.143,4208589.831,3763.357178
179.6683229,255093.1156,4208589.819,3763.362061
179.698419,255093.0882,4208589.806,3763.363037
179.7285152,255093.0608,4208589.794,3763.364258
179.7586113,255093.0334,4208589.781,3763.369385
179.7887075,255093.0061,4208589.769,3763.370361
179.8188036,255092.9787,4208589.756,3763.375977
179.8488997,255092.9513,4208589.744,3763.377686
179.8789959,255092.9239,4208589.731,3763.384033
179.909092,255092.8966,4208589.719,3763.38501
179.9391882,255092.8692,4208589.706,3763.391357
179.9692843,255092.8418,4208589.694,3763.393066
179.9993804,255092.8144,4208589.681,3763.399414
180.0294766,255092.787,4208589.669,3763.400879
180.0595727,255092.7597,4208589.656,3763.401855
180.0896689,255092.7323,4208589.644,3763.407471
180.119765,255092.7049,4208589.631,3763.408936
180.1498611,255092.6775,4208589.619,3763.413574
180.1799573,255092.6502,4208589.606,3763.414795
180.2100534,255092.6228,4208589.594,3763.418945
180.2401496,255092.5954,4208589.581,3763.420166
180.2702457,255092.568,4208589.569,3763.424316
180.3003418,255092.5406,4208589.556,3763.425537
180.330438,255092.5133,4208589.544,3763.430176
180.3605341,255092.4859,4208589.531,3763.431885
180.3906303,255092.4585,4208589.519,3763.4375
180.4207264,255092.4311,4208589.506,3763.439453
180.4508225,255092.4037,4208589.494,3763.442139
180.4809187,255092.3764,4208589.481,3763.449707
180.5110148,255092.349,4208589.469,3763.453857
180.541111,255092.3216,4208589.456,3763.464355
180.5712071,255092.2942,4208589.444,3763.469971
180.6013032,255092.2669,4208589.431,3763.483643
180.6313994,255092.2395,4208589.419,3763.491211
180.6614955,255092.2121,4208589.406,3763.507813
180.6915917,255092.1847,4208589.394,3763.515381
180.7216878,255092.1573,4208589.381,3763.536133
180.7517839,255092.13,4208589.369,3763.546143
180.7818801,255092.1026,4208589.356,3763.555908
180.8119762,255092.0752,4208589.344,3763.577881
180.8420724,255092.0478,4208589.331,3763.587158
180.8721685,255092.0205,4208589.319,3763.608643
180.9022646,255091.9931,4208589.306,3763.617188
180.9323608,255091.9657,4208589.294,3763.634277
180.9624569,255091.9383,4208589.281,3763.641113
180.9925531,255091.9109,4208589.269,3763.654053
181.0226492,255091.8836,4208589.256,3763.657471
181.0527453,255091.8562,4208589.244,3763.666504
181.0828415,255091.8288,4208589.231,3763.667725
181.1129376,255091.8014,4208589.219,3763.668945
181.1430338,255091.7741,4208589.206,3763.676514
181.1731299,255091.7467,4208589.194,3763.67749
181.203226,255091.7193,4208589.181,3763.685303
181.2333222,255091.6919,4208589.169,3763.686523
181.2634183,255091.6645,4208589.156,3763.694336
181.2935145,255091.6372,4208589.144,3763.695068
181.3236106,255091.6098,4208589.131,3763.701904
181.3537067,255091.5824,4208589.119,3763.702637
181.3838029,255091.555,4208589.106,3763.70874
181.413899,255091.5276,4208589.094,3763.709473
181.4439952,255091.5003,4208589.081,3763.714844
181.4740913,255091.4729,4208589.069,3763.715088
181.5041874,255091.4455,4208589.056,3763.715576
181.5342836,255091.4181,4208589.044,3763.722168
181.5643797,255091.3908,4208589.031,3763.7229
181.5944759,255091.3634,4208589.019,3763.729736
181.624572,255091.336,4208589.006,3763.731445
181.6546681,255091.3086,4208588.994,3763.73999
181.6847643,255091.2812,4208588.981,3763.742188
181.7148604,255091.2539,4208588.969,3763.751953
181.7449566,255091.2265,4208588.956,3763.755127
181.7750527,255091.1991,4208588.944,3763.765869
181.8051488,255091.1717,4208588.931,3763.769043
181.835245,255091.1444,4208588.919,3763.772461
181.8653411,255091.117,4208588.906,3763.782715
181.8954373,255091.0896,4208588.894,3763.786133
181.9255334,255091.0622,4208588.881,3763.79541
181.9556295,255091.0348,4208588.869,3763.798828
181.9857257,255091.0075,4208588.856,3763.807373
182.0158218,255090.9801,4208588.844,3763.810791
182.045918,255090.9527,4208588.831,3763.81958
182.0760141,255090.9253,4208588.819,3763.823486
182.1061102,255090.898,4208588.806,3763.83252
182.1362064,255090.8706,4208588.794,3763.836914
182.1663025,255090.8432,4208588.781,3763.841309
182.1963987,255090.8158,4208588.769,3763.85083
182.2264948,255090.7884,4208588.756,3763.85498
182.256591,255090.7611,4208588.744,3763.863525
182.2866871,255090.7337,4208588.731,3763.866699
182.3167832,255090.7063,4208588.719,3763.875488
182.3468794,255090.6789,4208588.706,3763.878174
182.3769755,255090.6516,4208588.694,3763.887451
182.4070717,255090.6242,4208588.681,3763.889893
182.4371678,255090.5968,4208588.669,3763.89917
182.4672639,255090.5694,4208588.656,3763.901611
182.4973601,255090.542,4208588.644,3763.904785
182.5274562,255090.5147,4208588.631,3763.915283
182.5575524,255090.4873,4208588.619,3763.918457
182.5876485,255090.4599,4208588.606,3763.928955
182.6177446,255090.4325,4208588.594,3763.932129
182.6478408,255090.4051,4208588.581,3763.942627
182.6779369,255090.3778,4208588.569,3763.945313
182.7080331,255090.3504,4208588.556,3763.955566
182.7381292,255090.323,4208588.544,3763.958496
182.7682253,255090.2956,4208588.531,3763.967529
182.7983215,255090.2683,4208588.519,3763.969482
182.8284176,255090.2409,4208588.506,3763.978027
182.8585138,255090.2135,4208588.494,3763.979736
182.8886099,255090.1861,4208588.481,3763.981201
182.918706,255090.1587,4208588.469,3763.989258
182.9488022,255090.1314,4208588.457,3763.991455
182.9788983,255090.104,4208588.444,3764.000244
183.0089945,255090.0766,4208588.432,3764.001465
183.0390906,255090.0492,4208588.419,3764.009277
183.0691867,255090.0219,4208588.407,3764.010254
183.0992829,255089.9945,4208588.394,3764.02124
183.129379,255089.9671,4208588.382,3764.022705
183.1594752,255089.9397,4208588.369,3764.033447
183.1895713,255089.9123,4208588.357,3764.033691
183.2196674,255089.885,4208588.344,3764.033691
183.2497636,255089.8576,4208588.332,3764.043457
183.2798597,255089.8302,4208588.319,3764.043457
183.3099559,255089.8028,4208588.307,3764.053955
183.340052,255089.7755,4208588.294,3764.053955
183.3701481,255089.7481,4208588.282,3764.064941
183.4002443,255089.7207,4208588.269,3764.064697
183.4303404,255089.6933,4208588.257,3764.075439
183.4604366,255089.6659,4208588.244,3764.075195
183.4905327,255089.6386,4208588.232,3764.085205
183.5206288,255089.6112,4208588.219,3764.084961
183.550725,255089.5838,4208588.207,3764.084473
183.5808211,255089.5564,4208588.194,3764.094482
183.6109173,255089.529,4208588.182,3764.093262
183.6410134,255089.5017,4208588.169,3764.103027
183.6711095,255089.4743,4208588.157,3764.101318
183.7012057,255089.4469,4208588.144,3764.112061
183.7313018,255089.4195,4208588.132,3764.110352
183.761398,255089.3922,4208588.119,3764.121582
183.7914941,255089.3648,4208588.107,3764.121094
183.8215902,255089.3374,4208588.094,3764.131104
183.8516864,255089.31,4208588.082,3764.130615
183.8817825,255089.2826,4208588.069,3764.130859
183.9118787,255089.2553,4208588.057,3764.140625
183.9419748,255089.2279,4208588.044,3764.141602
183.9720709,255089.2005,4208588.032,3764.151611
184.0021671,255089.1731,4208588.019,3764.152832
184.0322632,255089.1458,4208588.007,3764.162354
184.0623594,255089.1184,4208587.994,3764.164307
184.0924555,255089.091,4208587.982,3764.174072
184.1225516,255089.0636,4208587.969,3764.175781
184.1526478,255089.0362,4208587.957,3764.185059
184.1827439,255089.0089,4208587.944,3764.187744
184.2128401,255088.9815,4208587.932,3764.198486
184.2429362,255088.9541,4208587.919,3764.20166
184.2730323,255088.9267,4208587.907,3764.205078
184.3031285,255088.8994,4208587.894,3764.218018
184.3332246,255088.872,4208587.882,3764.22168
184.3633208,255088.8446,4208587.869,3764.235352
184.3934169,255088.8172,4208587.857,3764.239014
184.423513,255088.7898,4208587.844,3764.253906
184.4536092,255088.7625,4208587.832,3764.258301
184.4837053,255088.7351,4208587.819,3764.273438
184.5138015,255088.7077,4208587.807,3764.276123
184.5438976,255088.6803,4208587.794,3764.292969
184.5739937,255088.6529,4208587.782,3764.297119
184.6040899,255088.6256,4208587.769,3764.299316
184.634186,255088.5982,4208587.757,3764.315674
184.6642822,255088.5708,4208587.744,3764.317383
184.6943783,255088.5434,4208587.732,3764.332764
184.7244744,255088.5161,4208587.719,3764.334473
184.7545706,255088.4887,4208587.707,3764.350098
184.7846667,255088.4613,4208587.694,3764.351563
184.8147629,255088.4339,4208587.682,3764.366455
184.844859,255088.4065,4208587.669,3764.368896
184.8749551,255088.3792,4208587.657,3764.385498
184.9050513,255088.3518,4208587.644,3764.388428
184.9351474,255088.3244,4208587.632,3764.391357
184.9652436,255088.297,4208587.619,3764.412109
184.9953397,255088.2697,4208587.607,3764.41626
185.0254358,255088.2423,4208587.594,3764.441162
185.055532,255088.2149,4208587.582,3764.445313
185.0856281,255088.1875,4208587.569,3764.473633
185.1157243,255088.1601,4208587.557,3764.476563
185.1458204,255088.1328,4208587.544,3764.506104
185.1759165,255088.1054,4208587.532,3764.508545
185.2060127,255088.078,4208587.519,3764.539307
185.2361088,255088.0506,4208587.507,3764.540039
185.266205,255088.0233,4208587.494,3764.540771
185.2963011,255087.9959,4208587.482,3764.570801
185.3263972,255087.9685,4208587.469,3764.570801
185.3564934,255087.9411,4208587.457,3764.601318
185.3865895,255087.9137,4208587.444,3764.599609
185.4166857,255087.8864,4208587.432,3764.628174
185.4467818,255087.859,4208587.419,3764.625244
185.4768779,255087.8316,4208587.407,3764.647461
185.5069741,255087.8042,4208587.394,3764.643066
185.5370702,255087.7768,4208587.382,3764.661621
185.5671664,255087.7495,4208587.369,3764.655518
185.5972625,255087.7221,4208587.357,3764.67041
185.6273586,255087.6947,4208587.344,3764.665039
185.6574548,255087.6673,4208587.332,3764.659424
185.6875509,255087.64,4208587.319,3764.672119
185.7262633,255087.6126,4208587.292,3764.683594
185.7649757,255087.5852,4208587.264,3764.693848
185.8036881,255087.5578,4208587.237,3764.702637
185.8424005,255087.5305,4208587.21,3764.711182
185.8811129,255087.5031,4208587.182,3764.718506
185.9198253,255087.4757,4208587.155,3764.725586
185.9585377,255087.4483,4208587.128,3764.731934
185.9972501,255087.421,4208587.1,3764.738281
186.0359625,255087.3936,4208587.073,3764.743408
186.0746749,255087.3662,4208587.045,3764.749023
186.1133873,255087.3388,4208587.018,3764.755127
186.1520997,255087.3115,4208586.991,3764.76123
186.1908121,255087.2841,4208586.963,3764.767822
186.2295245,255087.2567,4208586.936,3764.774414
186.2682369,255087.2294,4208586.909,3764.781494
186.3069493,255087.202,4208586.881,3764.788818
186.3456617,255087.1746,4208586.854,3764.796875
186.3843741,255087.1472,4208586.826,3764.805908
186.4230865,255087.1199,4208586.799,3764.814453
186.4617989,255087.0925,4208586.772,3764.822998
186.5005113,255087.0651,4208586.744,3764.831055
186.5392237,255087.0377,4208586.717,3764.839111
186.5779361,255087.0104,4208586.69,3764.848145
186.6166485,255086.983,4208586.662,3764.858154
186.6553609,255086.9556,4208586.635,3764.868164
186.6940733,255086.9282,4208586.607,3764.878174
186.7327857,255086.9009,4208586.58,3764.887695
186.7714981,255086.8735,4208586.553,3764.897217
186.8102105,255086.8461,4208586.525,3764.906006
186.8489229,255086.8187,4208586.498,3764.915039
186.8876353,255086.7914,4208586.471,3764.924805
186.9263477,255086.764,4208586.443,3764.935547
186.9650601,255086.7366,4208586.416,3764.948486
187.0037725,255086.7093,4208586.388,3764.963379
187.0424849,255086.6819,4208586.361,3764.97998
187.0811973,255086.6545,4208586.334,3764.997803
187.1199097,255086.6271,4208586.306,3765.013672
187.1586221,255086.5998,4208586.279,3765.027588
187.1973345,255086.5724,4208586.252,3765.040527
187.2360469,255086.545,4208586.224,3765.052734
187.2747593,255086.5176,4208586.197,3765.064209
187.3134717,255086.4903,4208586.169,3765.076172
187.3521841,255086.4629,4208586.142,3765.088623
187.3908965,255086.4355,4208586.115,3765.099854
187.4296089,255086.4081,4208586.087,3765.110596
187.4683213,255086.3808,4208586.06,3765.121094
187.5070337,255086.3534,4208586.033,3765.132813
187.5457461,255086.326,4208586.005,3765.143799
187.5844585,255086.2986,4208585.978,3765.155762
187.6231709,255086.2713,4208585.95,3765.170898
187.6618833,255086.2439,4208585.923,3765.184814
187.7005957,255086.2165,4208585.896,3765.197754
187.7393081,255086.1891,4208585.868,3765.214355
187.7780205,255086.1618,4208585.841,3765.229492
187.8167329,255086.1344,4208585.814,3765.242676
187.8554453,255086.107,4208585.786,3765.255615
187.8941577,255086.0797,4208585.759,3765.265869
187.9328701,255086.0523,4208585.731,3765.276611
187.9715825,255086.0249,4208585.704,3765.285889
188.0102949,255085.9975,4208585.677,3765.293701
188.0490073,255085.9702,4208585.649,3765.303223
188.0877197,255085.9428,4208585.622,3765.312012
188.1264321,255085.9154,4208585.595,3765.321289
188.1651445,255085.888,4208585.567,3765.332031
188.2038569,255085.8607,4208585.54,3765.343506
188.2425693,255085.8333,4208585.512,3765.356201
188.2812817,255085.8059,4208585.485,3765.370605
188.3199941,255085.7785,4208585.458,3765.385742
188.3587065,255085.7512,4208585.43,3765.397461
188.3974189,255085.7238,4208585.403,3765.407959
188.4361313,255085.6964,4208585.376,3765.41748
188.4748437,255085.669,4208585.348,3765.425049
188.5135561,255085.6417,4208585.321,3765.430908
188.5522685,255085.6143,4208585.293,3765.435791
188.5909809,255085.5869,4208585.266,3765.440186
188.6296933,255085.5596,4208585.239,3765.443848
188.6684057,255085.5322,4208585.211,3765.447754
188.7071181,255085.5048,4208585.184,3765.451172
188.7458305,255085.4774,4208585.157,3765.454346
188.7845429,255085.4501,4208585.129,3765.457275
188.8232553,255085.4227,4208585.102,3765.461426
188.8619677,255085.3953,4208585.074,3765.466797
188.9006801,255085.3679,4208585.047,3765.4729
188.9393925,255085.3406,4208585.02,3765.47876
188.9781049,255085.3132,4208584.992,3765.485596
189.0168173,255085.2858,4208584.965,3765.493408
189.0555297,255085.2584,4208584.938,3765.502197
189.0942421,255085.2311,4208584.91,3765.51123
189.1329545,255085.2037,4208584.883,3765.52002
189.1716669,255085.1763,4208584.855,3765.528076
189.2103793,255085.1489,4208584.828,3765.534668
189.2490917,255085.1216,4208584.801,3765.540771
189.2878041,255085.0942,4208584.773,3765.545898
189.3265165,255085.0668,4208584.746,3765.550293
189.3652289,255085.0394,4208584.719,3765.554688
189.4039413,255085.0121,4208584.691,3765.559082
189.4426537,255084.9847,4208584.664,3765.563477
189.4813661,255084.9573,4208584.636,3765.568359
189.5200785,255084.93,4208584.609,3765.573242
189.5587909,255084.9026,4208584.582,3765.578613
189.5975033,255084.8752,4208584.554,3765.58374
189.6362157,255084.8478,4208584.527,3765.588623
189.6749281,255084.8205,4208584.5,3765.593262
189.7136405,255084.7931,4208584.472,3765.5979
189.7523529,255084.7657,4208584.445,3765.603516
189.7910653,255084.7383,4208584.417,3765.609863
189.8297777,255084.711,4208584.39,3765.616699
189.8684901,255084.6836,4208584.363,3765.623047
189.9072025,255084.6562,4208584.335,3765.629639
189.9459149,255084.6288,4208584.308,3765.63501
189.9846273,255084.6015,4208584.281,3765.640137
190.0233397,255084.5741,4208584.253,3765.644775
190.0620521,255084.5467,4208584.226,3765.648926
190.1007645,255084.5193,4208584.199,3765.65332
190.1394769,255084.492,4208584.171,3765.657959
190.1781893,255084.4646,4208584.144,3765.662842
190.2169017,255084.4372,4208584.116,3765.667725
190.2556141,255084.4099,4208584.089,3765.672852
190.2943265,255084.3825,4208584.062,3765.678223
190.3330389,255084.3551,4208584.034,3765.68457
190.3717513,255084.3277,4208584.007,3765.691406
190.4104637,255084.3004,4208583.98,3765.698486
190.4491761,255084.273,4208583.952,3765.706299
190.4878885,255084.2456,4208583.925,3765.713867
190.5266009,255084.2182,4208583.897,3765.72168
190.5653133,255084.1909,4208583.87,3765.729736
190.6040257,255084.1635,4208583.843,3765.737549
190.6427381,255084.1361,4208583.815,3765.744873
190.6814505,255084.1087,4208583.788,3765.751709
190.7201629,255084.0814,4208583.761,3765.757813
190.7588753,255084.054,4208583.733,3765.763428
190.7975877,255084.0266,4208583.706,3765.768066
190.8363001,255083.9992,4208583.678,3765.771729
190.8750125,255083.9719,4208583.651,3765.774658
190.9137249,255083.9445,4208583.624,3765.777344
190.9524373,255083.9171,4208583.596,3765.780029
190.9911497,255083.8897,4208583.569,3765.782227
191.0298621,255083.8624,4208583.542,3765.784424
191.0685745,255083.835,4208583.514,3765.786133
191.1072869,255083.8076,4208583.487,3765.78833
191.1459993,255083.7803,4208583.459,3765.790039
191.1847117,255083.7529,4208583.432,3765.79248
191.2234241,255083.7255,4208583.405,3765.794922
191.2621365,255083.6981,4208583.377,3765.797852
191.3008489,255083.6708,4208583.35,3765.800537
191.3395613,255083.6434,4208583.323,3765.803467
191.3782737,255083.616,4208583.295,3765.806396
191.4169861,255083.5886,4208583.268,3765.809326
191.4556985,255083.5613,4208583.24,3765.812744
191.4944109,255083.5339,4208583.213,3765.81665
191.5331233,255083.5065,4208583.186,3765.820313
191.5718357,255083.4791,4208583.158,3765.824219
191.6105481,255083.4518,4208583.131,3765.827881
191.6492605,255083.4244,4208583.104,3765.831543
191.6879729,255083.397,4208583.076,3765.835449
191.7266853,255083.3696,4208583.049,3765.8396
191.7653977,255083.3423,4208583.021,3765.843994
191.8041101,255083.3149,4208582.994,3765.8479
191.8428225,255083.2875,4208582.967,3765.851318
191.8815349,255083.2602,4208582.939,3765.854736
191.9202473,255083.2328,4208582.912,3765.858643
191.9589597,255083.2054,4208582.885,3765.863037
191.9976721,255083.178,4208582.857,3765.868652
192.0363845,255083.1507,4208582.83,3765.875244
192.0750969,255083.1233,4208582.802,3765.882568
192.1138093,255083.0959,4208582.775,3765.890625
192.1525217,255083.0685,4208582.748,3765.899658
192.1912341,255083.0412,4208582.72,3765.908691
192.2299465,255083.0138,4208582.693,3765.918213
192.2686589,255082.9864,4208582.666,3765.928223
192.3073713,255082.959,4208582.638,3765.9375
192.3460837,255082.9317,4208582.611,3765.947266
192.3847961,255082.9043,4208582.583,3765.957275
192.4235085,255082.8769,4208582.556,3765.967285
192.4622209,255082.8495,4208582.529,3765.976074
192.5009333,255082.8222,4208582.501,3765.983887
192.5396457,255082.7948,4208582.474,3765.990723
192.5783581,255082.7674,4208582.447,3765.996826
192.6170705,255082.74,4208582.419,3766.002686
192.6557829,255082.7127,4208582.392,3766.008057
192.6944953,255082.6853,4208582.364,3766.012939
192.7332077,255082.6579,4208582.337,3766.018066
192.7719201,255082.6306,4208582.31,3766.022461
192.8106325,255082.6032,4208582.282,3766.026611
192.8493449,255082.5758,4208582.255,3766.030762
192.8880573,255082.5484,4208582.228,3766.034668
192.9267697,255082.5211,4208582.2,3766.03833
192.9654821,255082.4937,4208582.173,3766.04248
193.0041945,255082.4663,4208582.145,3766.047607
193.0429069,255082.4389,4208582.118,3766.053711
193.0816193,255082.4116,4208582.091,3766.060791
193.1203317,255082.3842,4208582.063,3766.067871
193.1590441,255082.3568,4208582.036,3766.075439
193.1977565,255082.3294,4208582.009,3766.08374
193.2364689,255082.3021,4208581.981,3766.09082
193.2751813,255082.2747,4208581.954,3766.096924
193.3138937,255082.2473,4208581.926,3766.102539
193.3526061,255082.2199,4208581.899,3766.107666
193.3913185,255082.1926,4208581.872,3766.112305
193.4300309,255082.1652,4208581.844,3766.116211
193.4687433,255082.1378,4208581.817,3766.119385
193.5074557,255082.1105,4208581.79,3766.121582
193.5461681,255082.0831,4208581.762,3766.123291
193.5848805,255082.0557,4208581.735,3766.125
193.6235929,255082.0283,4208581.707,3766.126221
193.6623053,255082.001,4208581.68,3766.127197
193.7010177,255081.9736,4208581.653,3766.128174
193.7397301,255081.9462,4208581.625,3766.129395
193.7784425,255081.9188,4208581.598,3766.130615
193.8171549,255081.8915,4208581.571,3766.132324
193.8558673,255081.8641,4208581.543,3766.133789
193.8945797,255081.8367,4208581.516,3766.135986
193.9332921,255081.8093,4208581.488,3766.138672
193.9720045,255081.782,4208581.461,3766.14209
194.0107169,255081.7546,4208581.434,3766.146729
194.0494293,255081.7272,4208581.406,3766.151855
194.0881417,255081.6998,4208581.379,3766.158691
194.1268541,255081.6725,4208581.352,3766.166992
194.1655665,255081.6451,4208581.324,3766.176758
194.2042789,255081.6177,4208581.297,3766.186523
194.2429913,255081.5903,4208581.27,3766.195068
194.2817037,255081.563,4208581.242,3766.202637
194.3204161,255081.5356,4208581.215,3766.208984
194.3591285,255081.5082,4208581.187,3766.213379
194.3978409,255081.4809,4208581.16,3766.216797
194.4365533,255081.4535,4208581.133,3766.219727
194.4752657,255081.4261,4208581.105,3766.222656
194.5139781,255081.3987,4208581.078,3766.22583
194.5526905,255081.3714,4208581.051,3766.229004
194.5914029,255081.344,4208581.023,3766.232422
194.6301153,255081.3166,4208580.996,3766.23584
194.6688277,255081.2892,4208580.968,3766.239502
194.7075401,255081.2619,4208580.941,3766.243652
194.7462525,255081.2345,4208580.914,3766.247559
194.7849649,255081.2071,4208580.886,3766.251465
194.8236773,255081.1797,4208580.859,3766.255371
194.8623896,255081.1524,4208580.832,3766.259521
194.901102,255081.125,4208580.804,3766.262939
194.9398144,255081.0976,4208580.777,3766.266602
194.9785268,255081.0702,4208580.749,3766.270264
195.0172392,255081.0429,4208580.722,3766.273926
195.0559516,255081.0155,4208580.695,3766.278076
195.094664,255080.9881,4208580.667,3766.281982
195.1333764,255080.9608,4208580.64,3766.285889
195.1720888,255080.9334,4208580.613,3766.290527
195.2108012,255080.906,4208580.585,3766.29541
195.2495136,255080.8786,4208580.558,3766.299805
195.288226,255080.8513,4208580.53,3766.303223
195.3269384,255080.8239,4208580.503,3766.306641
195.3656508,255080.7965,4208580.476,3766.310303
195.4043632,255080.7691,4208580.448,3766.314209
195.4430756,255080.7418,4208580.421,3766.316895
195.481788,255080.7144,4208580.394,3766.320557
195.5205004,255080.687,4208580.366,3766.32373
195.5592128,255080.6596,4208580.339,3766.327148
195.5979252,255080.6323,4208580.311,3766.328857
195.6366376,255080.6049,4208580.284,3766.330566
195.67535,255080.5775,4208580.257,3766.332764
195.7140624,255080.5501,4208580.229,3766.335449
195.7527748,255080.5228,4208580.202,3766.33667
195.7914872,255080.4954,4208580.175,3766.338379
195.8301996,255080.468,4208580.147,3766.3396
195.868912,255080.4406,4208580.12,3766.34082
195.9076244,255080.4133,4208580.092,3766.341797
195.9463368,255080.3859,4208580.065,3766.342773
195.9850492,255080.3585,4208580.038,3766.34375
196.0237616,255080.3312,4208580.01,3766.344238
196.062474,255080.3038,4208579.983,3766.344238
196.1011864,255080.2764,4208579.956,3766.343994
196.1398988,255080.249,4208579.928,3766.342773
196.1786112,255080.2217,4208579.901,3766.339844
196.2173236,255080.1943,4208579.873,3766.336426
196.256036,255080.1669,4208579.846,3766.33252
196.2947484,255080.1395,4208579.819,3766.326416
196.3334608,255080.1122,4208579.791,3766.31958
196.3721732,255080.0848,4208579.764,3766.312012
196.4108856,255080.0574,4208579.737,3766.304199
196.4108856,255080.0574,4208579.737,3766.304199