x,E,N,z
0,255071.691,4208575.413,3767.812256
0.029548443,255071.7184,4208575.424,3767.801758
0.059096886,255071.7458,4208575.435,3767.791504
0.088645329,255071.7732,4208575.446,3767.781494
0.118193772,255071.8005,4208575.457,3767.772461
0.147742215,255071.8279,4208575.468,3767.763672
0.177290659,255071.8553,4208575.479,3767.756592
0.206839102,255071.8827,4208575.49,3767.748535
0.236387545,255071.91,4208575.502,3767.741455
0.265935988,255071.9374,4208575.513,3767.735596
0.295484431,255071.9648,4208575.524,3767.729004
0.325032874,255071.9922,4208575.535,3767.722656
0.354581317,255072.0195,4208575.546,3767.7146
0.38412976,255072.0469,4208575.557,3767.706055
0.413678203,255072.0743,4208575.568,3767.698242
0.443226646,255072.1017,4208575.579,3767.690186
0.472775089,255072.129,4208575.591,3767.682373
0.502323532,255072.1564,4208575.602,3767.674072
0.531871976,255072.1838,4208575.613,3767.666016
0.561420419,255072.2112,4208575.624,3767.659668
0.590968862,255072.2385,4208575.635,3767.653076
0.620517305,255072.2659,4208575.646,3767.647949
0.650065748,255072.2933,4208575.657,3767.641357
0.679614191,255072.3207,4208575.668,3767.634766
0.709162634,255072.3481,4208575.679,3767.629883
0.738711077,255072.3754,4208575.691,3767.623535
0.76825952,255072.4028,4208575.702,3767.61792
0.797807963,255072.4302,4208575.713,3767.61084
0.827356406,255072.4576,4208575.724,3767.603516
0.856904849,255072.4849,4208575.735,3767.597656
0.886453293,255072.5123,4208575.746,3767.5896
0.916001736,255072.5397,4208575.757,3767.582275
0.945550179,255072.5671,4208575.768,3767.57373
0.975098622,255072.5944,4208575.78,3767.565186
1.004647065,255072.6218,4208575.791,3767.559082
1.034195508,255072.6492,4208575.802,3767.550049
1.063743951,255072.6766,4208575.813,3767.544189
1.093292394,255072.7039,4208575.824,3767.536133
1.122840837,255072.7313,4208575.835,3767.530762
1.15238928,255072.7587,4208575.846,3767.523682
1.181937723,255072.7861,4208575.857,3767.517578
1.211486166,255072.8134,4208575.869,3767.51416
1.24103461,255072.8408,4208575.88,3767.508789
1.270583053,255072.8682,4208575.891,3767.506104
1.300131496,255072.8956,4208575.902,3767.500977
1.329679939,255072.9229,4208575.913,3767.495605
1.359228382,255072.9503,4208575.924,3767.493652
1.388776825,255072.9777,4208575.935,3767.488037
1.418325268,255073.0051,4208575.946,3767.48584
1.447873711,255073.0324,4208575.958,3767.479492
1.477422154,255073.0598,4208575.969,3767.472656
1.506970597,255073.0872,4208575.98,3767.470215
1.53651904,255073.1146,4208575.991,3767.463379
1.566067483,255073.1419,4208576.002,3767.460693
1.595615927,255073.1693,4208576.013,3767.453369
1.62516437,255073.1967,4208576.024,3767.445801
1.654712813,255073.2241,4208576.035,3767.443115
1.684261256,255073.2514,4208576.046,3767.436035
1.713809699,255073.2788,4208576.058,3767.43335
1.743358142,255073.3062,4208576.069,3767.427246
1.772906585,255073.3336,4208576.08,3767.421631
1.802455028,255073.361,4208576.091,3767.418945
1.832003471,255073.3883,4208576.102,3767.413574
1.861551914,255073.4157,4208576.113,3767.410645
1.891100357,255073.4431,4208576.124,3767.405029
1.9206488,255073.4705,4208576.135,3767.399902
1.950197244,255073.4978,4208576.147,3767.396484
1.979745687,255073.5252,4208576.158,3767.391602
2.00929413,255073.5526,4208576.169,3767.387939
2.038842573,255073.58,4208576.18,3767.383057
2.068391016,255073.6073,4208576.191,3767.378418
2.097939459,255073.6347,4208576.202,3767.37207
2.127487902,255073.6621,4208576.213,3767.362793
2.157036345,255073.6895,4208576.224,3767.352539
2.186584788,255073.7168,4208576.236,3767.342041
2.216133231,255073.7442,4208576.247,3767.33252
2.245681674,255073.7716,4208576.258,3767.323486
2.275230117,255073.799,4208576.269,3767.315186
2.304778561,255073.8263,4208576.28,3767.30957
2.334327004,255073.8537,4208576.291,3767.302979
2.363875447,255073.8811,4208576.302,3767.298828
2.39342389,255073.9085,4208576.313,3767.292969
2.422972333,255073.9358,4208576.325,3767.287842
2.452520776,255073.9632,4208576.336,3767.285156
2.482069219,255073.9906,4208576.347,3767.280762
2.511617662,255074.018,4208576.358,3767.27832
2.541166105,255074.0453,4208576.369,3767.27417
2.570714548,255074.0727,4208576.38,3767.269775
2.600262991,255074.1001,4208576.391,3767.267334
2.629811434,255074.1275,4208576.402,3767.262939
2.659359878,255074.1548,4208576.413,3767.260254
2.688908321,255074.1822,4208576.425,3767.255127
2.718456764,255074.2096,4208576.436,3767.249756
2.748005207,255074.237,4208576.447,3767.246582
2.77755365,255074.2643,4208576.458,3767.240967
2.807102093,255074.2917,4208576.469,3767.237305
2.836650536,255074.3191,4208576.48,3767.230713
2.866198979,255074.3465,4208576.491,3767.226807
2.895747422,255074.3739,4208576.502,3767.219238
2.925295865,255074.4012,4208576.514,3767.210693
2.954844308,255074.4286,4208576.525,3767.205566
2.984392751,255074.456,4208576.536,3767.197021
3.013941195,255074.4834,4208576.547,3767.191406
3.043489638,255074.5107,4208576.558,3767.182861
3.073038081,255074.5381,4208576.569,3767.174316
3.102586524,255074.5655,4208576.58,3767.170898
3.132134967,255074.5929,4208576.591,3767.163086
3.16168341,255074.6202,4208576.603,3767.161133
3.191231853,255074.6476,4208576.614,3767.154541
3.220780296,255074.675,4208576.625,3767.148682
3.250328739,255074.7024,4208576.636,3767.147949
3.279877182,255074.7297,4208576.647,3767.143066
3.309425625,255074.7571,4208576.658,3767.143066
3.338974068,255074.7845,4208576.669,3767.138672
3.368522512,255074.8119,4208576.68,3767.134766
3.398070955,255074.8392,4208576.692,3767.134766
3.427619398,255074.8666,4208576.703,3767.131104
3.457167841,255074.894,4208576.714,3767.131592
3.486716284,255074.9214,4208576.725,3767.128174
3.516264727,255074.9487,4208576.736,3767.124268
3.54581317,255074.9761,4208576.747,3767.124756
3.575361613,255075.0035,4208576.758,3767.120605
3.604910056,255075.0309,4208576.769,3767.121582
3.634458499,255075.0582,4208576.781,3767.116943
3.664006942,255075.0856,4208576.792,3767.112305
3.693555385,255075.113,4208576.803,3767.112793
3.723103829,255075.1404,4208576.814,3767.10791
3.752652272,255075.1677,4208576.825,3767.108887
3.782200715,255075.1951,4208576.836,3767.102783
3.811749158,255075.2225,4208576.847,3767.103516
3.841297601,255075.2499,4208576.858,3767.097656
3.870846044,255075.2772,4208576.869,3767.091797
3.900394487,255075.3046,4208576.881,3767.092041
3.92994293,255075.332,4208576.892,3767.085449
3.959491373,255075.3594,4208576.903,3767.084961
3.989039816,255075.3867,4208576.914,3767.078369
4.018588259,255075.4141,4208576.925,3767.071289
4.048136702,255075.4415,4208576.936,3767.070313
4.077685146,255075.4689,4208576.947,3767.063721
4.107233589,255075.4963,4208576.958,3767.061523
4.136782032,255075.5236,4208576.97,3767.053711
4.166330475,255075.551,4208576.981,3767.046631
4.195878918,255075.5784,4208576.992,3767.044678
4.225427361,255075.6058,4208577.003,3767.037354
4.254975804,255075.6331,4208577.014,3767.035156
4.284524247,255075.6605,4208577.025,3767.027588
4.31407269,255075.6879,4208577.036,3767.020508
4.343621133,255075.7153,4208577.047,3767.017822
4.373169576,255075.7426,4208577.059,3767.01123
4.402718019,255075.77,4208577.07,3767.009033
4.432266463,255075.7974,4208577.081,3767.002686
4.461814906,255075.8248,4208577.092,3766.99707
4.491363349,255075.8521,4208577.103,3766.994873
4.520911792,255075.8795,4208577.114,3766.989502
4.550460235,255075.9069,4208577.125,3766.987549
4.580008678,255075.9343,4208577.136,3766.982666
4.609557121,255075.9616,4208577.148,3766.978027
4.639105564,255075.989,4208577.159,3766.976074
4.668654007,255076.0164,4208577.17,3766.971191
4.69820245,255076.0438,4208577.181,3766.968994
4.727750893,255076.0711,4208577.192,3766.963867
4.757299336,255076.0985,4208577.203,3766.962158
4.78684778,255076.1259,4208577.214,3766.956543
4.816396223,255076.1533,4208577.225,3766.950439
4.845944666,255076.1806,4208577.236,3766.947754
4.875493109,255076.208,4208577.248,3766.941895
4.905041552,255076.2354,4208577.259,3766.939697
4.934589995,255076.2628,4208577.27,3766.933838
4.964138438,255076.2901,4208577.281,3766.928467
4.993686881,255076.3175,4208577.292,3766.92627
5.023235324,255076.3449,4208577.303,3766.921387
5.052783767,255076.3723,4208577.314,3766.919189
5.08233221,255076.3996,4208577.325,3766.915771
5.111880653,255076.427,4208577.337,3766.913818
5.141429097,255076.4544,4208577.348,3766.913818
5.17097754,255076.4818,4208577.359,3766.912842
5.200525983,255076.5092,4208577.37,3766.913086
5.230074426,255076.5365,4208577.381,3766.912354
5.259622869,255076.5639,4208577.392,3766.911865
5.289171312,255076.5913,4208577.403,3766.912109
5.318719755,255076.6187,4208577.414,3766.911865
5.348268198,255076.646,4208577.426,3766.912109
5.377816641,255076.6734,4208577.437,3766.911621
5.407365084,255076.7008,4208577.448,3766.911377
5.436913527,255076.7282,4208577.459,3766.911377
5.46646197,255076.7555,4208577.47,3766.911133
5.496010414,255076.7829,4208577.481,3766.911133
5.525558857,255076.8103,4208577.492,3766.910889
5.5551073,255076.8377,4208577.503,3766.9104
5.584655743,255076.865,4208577.515,3766.909668
5.614204186,255076.8924,4208577.526,3766.90918
5.643752629,255076.9198,4208577.537,3766.908447
5.673301072,255076.9472,4208577.548,3766.907715
5.702849515,255076.9745,4208577.559,3766.905518
5.732397958,255077.0019,4208577.57,3766.904541
5.761946401,255077.0293,4208577.581,3766.903809
5.791494844,255077.0567,4208577.592,3766.902588
5.821043288,255077.084,4208577.603,3766.9021
5.850591731,255077.1114,4208577.615,3766.901367
5.880140174,255077.1388,4208577.626,3766.900879
5.909688617,255077.1662,4208577.637,3766.900635
5.93923706,255077.1935,4208577.648,3766.900391
5.968785503,255077.2209,4208577.659,3766.899658
5.998333946,255077.2483,4208577.67,3766.89917
6.027882389,255077.2757,4208577.681,3766.897705
6.057430832,255077.303,4208577.692,3766.89502
6.086979275,255077.3304,4208577.704,3766.893799
6.116527718,255077.3578,4208577.715,3766.890381
6.146076161,255077.3852,4208577.726,3766.888916
6.175624605,255077.4125,4208577.737,3766.885254
6.205173048,255077.4399,4208577.748,3766.881592
6.234721491,255077.4673,4208577.759,3766.879639
6.264269934,255077.4947,4208577.77,3766.875488
6.293818377,255077.522,4208577.781,3766.873047
6.32336682,255077.5494,4208577.793,3766.868164
6.352915263,255077.5768,4208577.804,3766.863281
6.382463706,255077.6042,4208577.815,3766.859131
6.412012149,255077.6316,4208577.826,3766.853516
6.441560592,255077.6589,4208577.837,3766.848877
6.471109035,255077.6863,4208577.848,3766.844238
6.500657478,255077.7137,4208577.859,3766.840088
6.530205922,255077.7411,4208577.87,3766.835205
6.559754365,255077.7684,4208577.882,3766.830566
6.589302808,255077.7958,4208577.893,3766.822998
6.618851251,255077.8232,4208577.904,3766.815674
6.648399694,255077.8506,4208577.915,3766.805664
6.677948137,255077.8779,4208577.926,3766.79834
6.70749658,255077.9053,4208577.937,3766.790283
6.737045023,255077.9327,4208577.948,3766.779297
6.766593466,255077.9601,4208577.959,3766.771484
6.796141909,255077.9874,4208577.97,3766.760498
6.825690352,255078.0148,4208577.982,3766.752686
6.855238795,255078.0422,4208577.993,3766.744629
6.884787239,255078.0696,4208578.004,3766.736816
6.914335682,255078.0969,4208578.015,3766.729248
6.943884125,255078.1243,4208578.026,3766.721924
6.973432568,255078.1517,4208578.037,3766.714355
7.002981011,255078.1791,4208578.048,3766.706543
7.032529454,255078.2064,4208578.059,3766.700439
7.062077897,255078.2338,4208578.071,3766.693115
7.09162634,255078.2612,4208578.082,3766.6875
7.121174783,255078.2886,4208578.093,3766.680176
7.150723226,255078.3159,4208578.104,3766.672852
7.180271669,255078.3433,4208578.115,3766.66748
7.209820112,255078.3707,4208578.126,3766.659424
7.239368556,255078.3981,4208578.137,3766.654541
7.268916999,255078.4254,4208578.148,3766.64624
7.298465442,255078.4528,4208578.16,3766.638184
7.328013885,255078.4802,4208578.171,3766.633301
7.357562328,255078.5076,4208578.182,3766.626221
7.387110771,255078.5349,4208578.193,3766.621094
7.416659214,255078.5623,4208578.204,3766.614258
7.446207657,255078.5897,4208578.215,3766.608154
7.4757561,255078.6171,4208578.226,3766.603271
7.505304543,255078.6445,4208578.237,3766.5979
7.534852986,255078.6718,4208578.249,3766.593506
7.564401429,255078.6992,4208578.26,3766.589355
7.593949873,255078.7266,4208578.271,3766.585693
7.623498316,255078.754,4208578.282,3766.582764
7.653046759,255078.7813,4208578.293,3766.580078
7.682595202,255078.8087,4208578.304,3766.577881
7.712143645,255078.8361,4208578.315,3766.575928
7.741692088,255078.8635,4208578.326,3766.574219
7.771240531,255078.8908,4208578.337,3766.57251
7.800788974,255078.9182,4208578.349,3766.571045
7.830337417,255078.9456,4208578.36,3766.56958
7.85988586,255078.973,4208578.371,3766.567627
7.889434303,255079.0003,4208578.382,3766.56543
7.918982746,255079.0277,4208578.393,3766.562744
7.94853119,255079.0551,4208578.404,3766.560059
7.978079633,255079.0825,4208578.415,3766.555908
8.007628076,255079.1098,4208578.426,3766.55127
8.037176519,255079.1372,4208578.438,3766.544678
8.066724962,255079.1646,4208578.449,3766.538086
8.096273405,255079.192,4208578.46,3766.531006
8.125821848,255079.2193,4208578.471,3766.521484
8.155370291,255079.2467,4208578.482,3766.513672
8.184918734,255079.2741,4208578.493,3766.503906
8.214467177,255079.3015,4208578.504,3766.49707
8.24401562,255079.3288,4208578.515,3766.490723
8.273564063,255079.3562,4208578.527,3766.482666
8.303112507,255079.3836,4208578.538,3766.477051
8.33266095,255079.411,4208578.549,3766.469971
8.362209393,255079.4383,4208578.56,3766.465332
8.391757836,255079.4657,4208578.571,3766.46167
8.421306279,255079.4931,4208578.582,3766.455566
8.450854722,255079.5205,4208578.593,3766.452637
8.480403165,255079.5478,4208578.604,3766.447266
8.509951608,255079.5752,4208578.616,3766.44458
8.539500051,255079.6026,4208578.627,3766.439453
8.569048494,255079.63,4208578.638,3766.436768
8.598596937,255079.6573,4208578.649,3766.434082
8.62814538,255079.6847,4208578.66,3766.428467
8.657693824,255079.7121,4208578.671,3766.425781
8.687242267,255079.7395,4208578.682,3766.419922
8.71679071,255079.7669,4208578.693,3766.416992
8.746339153,255079.7942,4208578.704,3766.414307
8.775887596,255079.8216,4208578.716,3766.407471
8.805436039,255079.849,4208578.727,3766.404541
8.834984482,255079.8764,4208578.738,3766.397705
8.864532925,255079.9037,4208578.749,3766.394775
8.894081368,255079.9311,4208578.76,3766.39209
8.923629811,255079.9585,4208578.771,3766.384033
8.953178254,255079.9859,4208578.782,3766.381348
8.982726697,255080.0132,4208578.793,3766.373291
9.012275141,255080.0406,4208578.805,3766.371094
9.041823584,255080.068,4208578.816,3766.368652
9.071372027,255080.0954,4208578.827,3766.358643
9.10092047,255080.1227,4208578.838,3766.356689
9.130468913,255080.1501,4208578.849,3766.343994
9.160017356,255080.1775,4208578.86,3766.340576
9.189565799,255080.2049,4208578.871,3766.337646
9.219114242,255080.2322,4208578.882,3766.323486
9.248662685,255080.2596,4208578.894,3766.320557
9.278211128,255080.287,4208578.905,3766.306885
9.307759571,255080.3144,4208578.916,3766.303711
9.337308014,255080.3417,4208578.927,3766.301025
9.366856458,255080.3691,4208578.938,3766.288818
9.396404901,255080.3965,4208578.949,3766.285889
9.425953344,255080.4239,4208578.96,3766.274658
9.455501787,255080.4512,4208578.971,3766.272217
9.48505023,255080.4786,4208578.983,3766.263184
9.514598673,255080.506,4208578.994,3766.260742
9.544147116,255080.5334,4208579.005,3766.258301
9.573695559,255080.5607,4208579.016,3766.25
9.603244002,255080.5881,4208579.027,3766.247559
9.632792445,255080.6155,4208579.038,3766.23877
9.662340888,255080.6429,4208579.049,3766.235596
9.691889331,255080.6702,4208579.06,3766.232178
9.721437775,255080.6976,4208579.072,3766.222168
9.750986218,255080.725,4208579.083,3766.218262
9.780534661,255080.7524,4208579.094,3766.208496
9.810083104,255080.7798,4208579.105,3766.20459
9.839631547,255080.8071,4208579.116,3766.200684
9.86917999,255080.8345,4208579.127,3766.190918
9.898728433,255080.8619,4208579.138,3766.186523
9.928276876,255080.8893,4208579.149,3766.177002
9.957825319,255080.9166,4208579.16,3766.172607
9.987373762,255080.944,4208579.172,3766.168457
10.01692221,255080.9714,4208579.183,3766.160156
10.04647065,255080.9988,4208579.194,3766.15625
10.07601909,255081.0261,4208579.205,3766.150391
10.10556753,255081.0535,4208579.216,3766.147461
10.13511598,255081.0809,4208579.227,3766.144775
10.16466442,255081.1083,4208579.238,3766.141113
10.19421286,255081.1356,4208579.249,3766.13916
10.22376131,255081.163,4208579.261,3766.136475
10.25330975,255081.1904,4208579.272,3766.135254
10.28285819,255081.2178,4208579.283,3766.133789
10.31240664,255081.2451,4208579.294,3766.131104
10.34195508,255081.2725,4208579.305,3766.129395
10.37150352,255081.2999,4208579.316,3766.125732
10.40105197,255081.3273,4208579.327,3766.122559
10.43060041,255081.3546,4208579.338,3766.115479
10.46014885,255081.382,4208579.35,3766.11084
10.48969729,255081.4094,4208579.361,3766.105957
10.51924574,255081.4368,4208579.372,3766.096924
10.54879418,255081.4641,4208579.383,3766.09082
10.57834262,255081.4915,4208579.394,3766.080811
10.60789107,255081.5189,4208579.405,3766.074219
10.63743951,255081.5463,4208579.416,3766.067871
10.66698795,255081.5736,4208579.427,3766.05835
10.6965364,255081.601,4208579.439,3766.052002
10.72608484,255081.6284,4208579.45,3766.041748
10.75563328,255081.6558,4208579.461,3766.034912
10.78518173,255081.6831,4208579.472,3766.028564
10.81473017,255081.7105,4208579.483,3766.019043
10.84427861,255081.7379,4208579.494,3766.012695
10.87382705,255081.7653,4208579.505,3766.005859
10.9033755,255081.7927,4208579.516,3766.000977
10.93292394,255081.82,4208579.527,3765.99585
10.96247238,255081.8474,4208579.539,3765.989502
10.99202083,255081.8748,4208579.55,3765.983887
11.02156927,255081.9022,4208579.561,3765.977539
11.05111771,255081.9295,4208579.572,3765.9729
11.08066616,255081.9569,4208579.583,3765.968506
11.1102146,255081.9843,4208579.594,3765.964111
11.13976304,255082.0117,4208579.605,3765.961182
11.16931149,255082.039,4208579.616,3765.958252
11.19885993,255082.0664,4208579.628,3765.956543
11.22840837,255082.0938,4208579.639,3765.955078
11.25795681,255082.1212,4208579.65,3765.952637
11.28750526,255082.1485,4208579.661,3765.950928
11.3170537,255082.1759,4208579.672,3765.948242
11.34660214,255082.2033,4208579.683,3765.946045
11.37615059,255082.2307,4208579.694,3765.942627
11.40569903,255082.258,4208579.705,3765.94043
11.43524747,255082.2854,4208579.717,3765.938232
11.46479592,255082.3128,4208579.728,3765.933594
11.49434436,255082.3402,4208579.739,3765.930664
11.5238928,255082.3675,4208579.75,3765.925049
11.55344125,255082.3949,4208579.761,3765.922363
11.58298969,255082.4223,4208579.772,3765.919434
11.61253813,255082.4497,4208579.783,3765.91333
11.64208658,255082.477,4208579.794,3765.9104
11.67163502,255082.5044,4208579.806,3765.904541
11.70118346,255082.5318,4208579.817,3765.901855
11.7307319,255082.5592,4208579.828,3765.899414
11.76028035,255082.5865,4208579.839,3765.89502
11.78982879,255082.6139,4208579.85,3765.892822
11.81937723,255082.6413,4208579.861,3765.889404
11.84892568,255082.6687,4208579.872,3765.887695
11.87847412,255082.696,4208579.883,3765.885742
11.90802256,255082.7234,4208579.894,3765.883057
11.93757101,255082.7508,4208579.906,3765.880615
11.96711945,255082.7782,4208579.917,3765.876953
11.99666789,255082.8055,4208579.928,3765.873535
12.02621634,255082.8329,4208579.939,3765.869141
12.05576478,255082.8603,4208579.95,3765.863037
12.08531322,255082.8877,4208579.961,3765.857178
12.11486166,255082.9151,4208579.972,3765.849854
12.14441011,255082.9424,4208579.983,3765.84375
12.17395855,255082.9698,4208579.995,3765.83667
12.20350699,255082.9972,4208580.006,3765.827881
12.23305544,255083.0246,4208580.017,3765.819824
12.26260388,255083.0519,4208580.028,3765.810303
12.29215232,255083.0793,4208580.039,3765.800293
12.32170077,255083.1067,4208580.05,3765.789063
12.35124921,255083.1341,4208580.061,3765.777588
12.38079765,255083.1614,4208580.072,3765.765381
12.4103461,255083.1888,4208580.084,3765.752197
12.43989454,255083.2162,4208580.095,3765.738037
12.46944298,255083.2436,4208580.106,3765.724854
12.49899142,255083.2709,4208580.117,3765.710938
12.52853987,255083.2983,4208580.128,3765.698242
12.55808831,255083.3257,4208580.139,3765.688477
12.58763675,255083.3531,4208580.15,3765.678711
12.6171852,255083.3804,4208580.161,3765.671387
12.64673364,255083.4078,4208580.173,3765.663086
12.67628208,255083.4352,4208580.184,3765.65625
12.70583053,255083.4626,4208580.195,3765.650635
12.73537897,255083.4899,4208580.206,3765.646729
12.76492741,255083.5173,4208580.217,3765.644287
12.79447586,255083.5447,4208580.228,3765.643066
12.8240243,255083.5721,4208580.239,3765.64209
12.85357274,255083.5994,4208580.25,3765.640625
12.88312118,255083.6268,4208580.261,3765.639893
12.91266963,255083.6542,4208580.273,3765.638916
12.94221807,255083.6816,4208580.284,3765.638428
12.97176651,255083.7089,4208580.295,3765.637939
13.00131496,255083.7363,4208580.306,3765.636963
13.0308634,255083.7637,4208580.317,3765.636475
13.06041184,255083.7911,4208580.328,3765.635254
13.08996029,255083.8184,4208580.339,3765.634521
13.11950873,255083.8458,4208580.35,3765.633789
13.14905717,255083.8732,4208580.362,3765.630859
13.17860562,255083.9006,4208580.373,3765.628906
13.20815406,255083.928,4208580.384,3765.624756
13.2377025,255083.9553,4208580.395,3765.623047
13.26725094,255083.9827,4208580.406,3765.620605
13.29679939,255084.0101,4208580.417,3765.618652
13.32634783,255084.0375,4208580.428,3765.616455
13.35589627,255084.0648,4208580.439,3765.61377
13.38544472,255084.0922,4208580.451,3765.610352
13.41499316,255084.1196,4208580.462,3765.606689
13.4445416,255084.147,4208580.473,3765.602539
13.47409005,255084.1743,4208580.484,3765.5979
13.50363849,255084.2017,4208580.495,3765.592529
13.53318693,255084.2291,4208580.506,3765.587158
13.56273538,255084.2565,4208580.517,3765.581055
13.59228382,255084.2838,4208580.528,3765.574707
13.62183226,255084.3112,4208580.54,3765.568115
13.6513807,255084.3386,4208580.551,3765.560547
13.68092915,255084.366,4208580.562,3765.552734
13.71047759,255084.3933,4208580.573,3765.543945
13.74002603,255084.4207,4208580.584,3765.536133
13.76957448,255084.4481,4208580.595,3765.529785
13.79912292,255084.4755,4208580.606,3765.521729
13.82867136,255084.5028,4208580.617,3765.516113
13.85821981,255084.5302,4208580.628,3765.508789
13.88776825,255084.5576,4208580.64,3765.503662
13.91731669,255084.585,4208580.651,3765.498047
13.94686514,255084.6123,4208580.662,3765.489502
13.97641358,255084.6397,4208580.673,3765.483154
14.00596202,255084.6671,4208580.684,3765.472412
14.03551046,255084.6945,4208580.695,3765.466064
14.06505891,255084.7218,4208580.706,3765.45459
14.09460735,255084.7492,4208580.717,3765.448242
14.12415579,255084.7766,4208580.729,3765.441895
14.15370424,255084.804,4208580.74,3765.430664
14.18325268,255084.8313,4208580.751,3765.425537
14.21280112,255084.8587,4208580.762,3765.415039
14.24234957,255084.8861,4208580.773,3765.409912
14.27189801,255084.9135,4208580.784,3765.404785
14.30144645,255084.9408,4208580.795,3765.395264
14.3309949,255084.9682,4208580.806,3765.391113
14.36054334,255084.9956,4208580.818,3765.382813
14.39009178,255085.023,4208580.829,3765.378906
14.41964022,255085.0504,4208580.84,3765.374756
14.44918867,255085.0777,4208580.851,3765.367676
14.47873711,255085.1051,4208580.862,3765.364014
14.50828555,255085.1325,4208580.873,3765.356934
14.537834,255085.1599,4208580.884,3765.352783
14.56738244,255085.1872,4208580.895,3765.348633
14.59693088,255085.2146,4208580.907,3765.34082
14.62647933,255085.242,4208580.918,3765.336914
14.65602777,255085.2694,4208580.929,3765.329346
14.68557621,255085.2967,4208580.94,3765.325928
14.71496601,255085.3242,4208580.95,3765.322266
14.74435581,255085.3516,4208580.961,3765.315674
14.7737456,255085.379,4208580.972,3765.312256
14.8031354,255085.4065,4208580.982,3765.305908
14.8325252,255085.4339,4208580.993,3765.302734
14.86191499,255085.4613,4208581.003,3765.299805
14.89130479,255085.4887,4208581.014,3765.294678
14.92069459,255085.5162,4208581.024,3765.29248
14.95008438,255085.5436,4208581.035,3765.288574
14.97947418,255085.571,4208581.045,3765.286621
15.00886398,255085.5985,4208581.056,3765.284912
15.03825377,255085.6259,4208581.066,3765.28125
15.06764357,255085.6533,4208581.077,3765.280029
15.09703337,255085.6808,4208581.088,3765.278809
15.12642317,255085.7082,4208581.098,3765.275146
15.15581296,255085.7356,4208581.109,3765.274414
15.18520276,255085.7631,4208581.119,3765.270264
15.21459256,255085.7905,4208581.13,3765.269531
15.24398235,255085.8179,4208581.14,3765.269043
15.27337215,255085.8453,4208581.151,3765.264648
15.30276195,255085.8728,4208581.161,3765.264648
15.33215174,255085.9002,4208581.172,3765.259766
15.36154154,255085.9276,4208581.183,3765.259277
15.39093134,255085.9551,4208581.193,3765.259277
15.42032113,255085.9825,4208581.204,3765.25415
15.44971093,255086.0099,4208581.214,3765.253906
15.47910073,255086.0374,4208581.225,3765.253906
15.50849052,255086.0648,4208581.235,3765.248291
15.53788032,255086.0922,4208581.246,3765.248047
15.56727012,255086.1197,4208581.256,3765.242432
15.59665991,255086.1471,4208581.267,3765.242188
15.62604971,255086.1745,4208581.278,3765.242188
15.65543951,255086.202,4208581.288,3765.236328
15.68482931,255086.2294,4208581.299,3765.235596
15.7142191,255086.2568,4208581.309,3765.229248
15.7436089,255086.2842,4208581.32,3765.228516
15.7729987,255086.3117,4208581.33,3765.227783
15.80238849,255086.3391,4208581.341,3765.220459
15.83177829,255086.3665,4208581.351,3765.219727
15.86116809,255086.394,4208581.362,3765.219238
15.89055788,255086.4214,4208581.372,3765.211914
15.91994768,255086.4488,4208581.383,3765.211426
15.94933748,255086.4763,4208581.394,3765.203857
15.97872727,255086.5037,4208581.404,3765.203369
16.00811707,255086.5311,4208581.415,3765.203125
16.03750687,255086.5586,4208581.425,3765.196045
16.06689666,255086.586,4208581.436,3765.195313
16.09628646,255086.6134,4208581.446,3765.188721
16.12567626,255086.6408,4208581.457,3765.188232
16.15506606,255086.6683,4208581.467,3765.187256
16.18445585,255086.6957,4208581.478,3765.180908
16.21384565,255086.7231,4208581.489,3765.180176
16.24323545,255086.7506,4208581.499,3765.179443
16.27262524,255086.778,4208581.51,3765.172852
16.30201504,255086.8054,4208581.52,3765.171875
16.33140484,255086.8329,4208581.531,3765.166016
16.36079463,255086.8603,4208581.541,3765.165283
16.39018443,255086.8877,4208581.552,3765.164307
16.41957423,255086.9152,4208581.562,3765.159424
16.44896402,255086.9426,4208581.573,3765.15918
16.47835382,255086.97,4208581.583,3765.154541
16.50774362,255086.9974,4208581.594,3765.154541
16.53713341,255087.0249,4208581.605,3765.155029
16.56652321,255087.0523,4208581.615,3765.151611
16.59591301,255087.0797,4208581.626,3765.152588
16.6253028,255087.1072,4208581.636,3765.153564
16.6546926,255087.1346,4208581.647,3765.150879
16.6840824,255087.162,4208581.657,3765.152832
16.7134722,255087.1895,4208581.668,3765.150635
16.74286199,255087.2169,4208581.678,3765.153076
16.77225179,255087.2443,4208581.689,3765.155518
16.80164159,255087.2718,4208581.7,3765.154297
16.83103138,255087.2992,4208581.71,3765.157471
16.86042118,255087.3266,4208581.721,3765.157227
16.88981098,255087.354,4208581.731,3765.161133
16.91920077,255087.3815,4208581.742,3765.165039
16.94859057,255087.4089,4208581.752,3765.165039
16.97798037,255087.4363,4208581.763,3765.169189
17.00737016,255087.4638,4208581.773,3765.173828
17.03675996,255087.4912,4208581.784,3765.173584
17.06614976,255087.5186,4208581.794,3765.177246
17.09553955,255087.5461,4208581.805,3765.175781
17.12492935,255087.5735,4208581.816,3765.178955
17.15431915,255087.6009,4208581.826,3765.181396
17.18370894,255087.6284,4208581.837,3765.179199
17.21309874,255087.6558,4208581.847,3765.181152
17.24248854,255087.6832,4208581.858,3765.178711
17.27187834,255087.7106,4208581.868,3765.179932
17.30126813,255087.7381,4208581.879,3765.181152
17.33065793,255087.7655,4208581.889,3765.177979
17.36004773,255087.7929,4208581.9,3765.178711
17.38943752,255087.8204,4208581.911,3765.178955
17.41882732,255087.8478,4208581.921,3765.174561
17.44821712,255087.8752,4208581.932,3765.174316
17.47760691,255087.9027,4208581.942,3765.168701
17.50699671,255087.9301,4208581.953,3765.16748
17.53638651,255087.9575,4208581.963,3765.165771
17.5657763,255087.985,4208581.974,3765.159424
17.5951661,255088.0124,4208581.984,3765.156982
17.6245559,255088.0398,4208581.995,3765.150391
17.65394569,255088.0672,4208582.005,3765.146973
17.68333549,255088.0947,4208582.016,3765.143066
17.71272529,255088.1221,4208582.027,3765.133789
17.74211508,255088.1495,4208582.037,3765.128174
17.77150488,255088.177,4208582.048,3765.117676
17.80089468,255088.2044,4208582.058,3765.111572
17.83028448,255088.2318,4208582.069,3765.105957
17.85967427,255088.2593,4208582.079,3765.096436
17.88906407,255088.2867,4208582.09,3765.092529
17.91845387,255088.3141,4208582.1,3765.090088
17.94784366,255088.3416,4208582.111,3765.08252
17.97723346,255088.369,4208582.122,3765.079834
18.00662326,255088.3964,4208582.132,3765.07251
18.03601305,255088.4238,4208582.143,3765.069824
18.06540285,255088.4513,4208582.153,3765.067871
18.09479265,255088.4787,4208582.164,3765.060303
18.12418244,255088.5061,4208582.174,3765.058594
18.15357224,255088.5336,4208582.185,3765.050781
18.18296204,255088.561,4208582.195,3765.050049
18.21235183,255088.5884,4208582.206,3765.049316
18.24174163,255088.6159,4208582.216,3765.042236
18.27113143,255088.6433,4208582.227,3765.042236
18.30052123,255088.6707,4208582.238,3765.041992
18.32991102,255088.6982,4208582.248,3765.0354
18.35930082,255088.7256,4208582.259,3765.0354
18.38869062,255088.753,4208582.269,3765.028076
18.41808041,255088.7804,4208582.28,3765.02832
18.44747021,255088.8079,4208582.29,3765.028809
18.47686001,255088.8353,4208582.301,3765.022461
18.5062498,255088.8627,4208582.311,3765.022949
18.5356396,255088.8902,4208582.322,3765.016113
18.5650294,255088.9176,4208582.333,3765.016846
18.59441919,255088.945,4208582.343,3765.017334
18.62380899,255088.9725,4208582.354,3765.01001
18.65319879,255088.9999,4208582.364,3765.010986
18.68258858,255089.0273,4208582.375,3765.011963
18.71197838,255089.0548,4208582.385,3765.003906
18.74136818,255089.0822,4208582.396,3765.003906
18.77075797,255089.1096,4208582.406,3764.997803
18.80014777,255089.137,4208582.417,3764.997803
18.82953757,255089.1645,4208582.427,3764.997559
18.85892737,255089.1919,4208582.438,3764.995605
18.88831716,255089.2193,4208582.449,3764.995605
18.91770696,255089.2468,4208582.459,3764.994141
18.94709676,255089.2742,4208582.47,3764.993896
18.97648655,255089.3016,4208582.48,3764.993652
19.00587635,255089.3291,4208582.491,3764.992432
19.03526615,255089.3565,4208582.501,3764.992188
19.06465594,255089.3839,4208582.512,3764.991943
19.09404574,255089.4114,4208582.522,3764.990479
19.12343554,255089.4388,4208582.533,3764.98999
19.15282533,255089.4662,4208582.544,3764.988525
19.18221513,255089.4937,4208582.554,3764.988037
19.21160493,255089.5211,4208582.565,3764.987793
19.24099472,255089.5485,4208582.575,3764.987061
19.27038452,255089.5759,4208582.586,3764.986816
19.29977432,255089.6034,4208582.596,3764.98584
19.32916411,255089.6308,4208582.607,3764.985596
19.35855391,255089.6582,4208582.617,3764.985352
19.38794371,255089.6857,4208582.628,3764.984863
19.41733351,255089.7131,4208582.638,3764.984619
19.4467233,255089.7405,4208582.649,3764.984619
19.4761131,255089.768,4208582.66,3764.984131
19.5055029,255089.7954,4208582.67,3764.984375
19.53489269,255089.8228,4208582.681,3764.983887
19.56428249,255089.8503,4208582.691,3764.984131
19.59367229,255089.8777,4208582.702,3764.984375
19.62306208,255089.9051,4208582.712,3764.983887
19.65245188,255089.9325,4208582.723,3764.984375
19.68184168,255089.96,4208582.733,3764.983643
19.71123147,255089.9874,4208582.744,3764.983887
19.74062127,255090.0148,4208582.755,3764.984131
19.77001107,255090.0423,4208582.765,3764.983643
19.79940086,255090.0697,4208582.776,3764.983887
19.82879066,255090.0971,4208582.786,3764.984131
19.85818046,255090.1246,4208582.797,3764.983154
19.88757025,255090.152,4208582.807,3764.983398
19.91696005,255090.1794,4208582.818,3764.981934
19.94634985,255090.2069,4208582.828,3764.981934
19.97573965,255090.2343,4208582.839,3764.981934
20.00512944,255090.2617,4208582.849,3764.980713
20.03451924,255090.2891,4208582.86,3764.980469
20.06390904,255090.3166,4208582.871,3764.978027
20.09329883,255090.344,4208582.881,3764.976563
20.12268863,255090.3714,4208582.892,3764.974121
20.15207843,255090.3989,4208582.902,3764.966309
20.18146822,255090.4263,4208582.913,3764.962646
20.21085802,255090.4537,4208582.923,3764.953613
20.24024782,255090.4812,4208582.934,3764.948975
20.26963761,255090.5086,4208582.944,3764.944092
20.29902741,255090.536,4208582.955,3764.93335
20.32841721,255090.5635,4208582.966,3764.929443
20.357807,255090.5909,4208582.976,3764.925537
20.3871968,255090.6183,4208582.987,3764.916016
20.4165866,255090.6457,4208582.997,3764.913086
20.44597639,255090.6732,4208583.008,3764.904053
20.47536619,255090.7006,4208583.018,3764.901611
20.50475599,255090.728,4208583.029,3764.899902
20.53414579,255090.7555,4208583.039,3764.893066
20.56353558,255090.7829,4208583.05,3764.892822
20.59292538,255090.8103,4208583.061,3764.888184
20.62231518,255090.8378,4208583.071,3764.888672
20.65170497,255090.8652,4208583.082,3764.889648
20.68109477,255090.8926,4208583.092,3764.888184
20.71048457,255090.9201,4208583.103,3764.889648
20.73987436,255090.9475,4208583.113,3764.891357
20.76926416,255090.9749,4208583.124,3764.890625
20.79865396,255091.0023,4208583.134,3764.892822
20.82804375,255091.0298,4208583.145,3764.892822
20.85743355,255091.0572,4208583.155,3764.89502
20.88682335,255091.0846,4208583.166,3764.896729
20.91621314,255091.1121,4208583.177,3764.896729
20.94560294,255091.1395,4208583.187,3764.897705
20.97499274,255091.1669,4208583.198,3764.897461
21.00438254,255091.1944,4208583.208,3764.897949
21.03377233,255091.2218,4208583.219,3764.898193
21.06316213,255091.2492,4208583.229,3764.898193
21.09255193,255091.2767,4208583.24,3764.898193
21.12194172,255091.3041,4208583.25,3764.898193
21.15133152,255091.3315,4208583.261,3764.898193
21.18072132,255091.3589,4208583.272,3764.897949
21.21011111,255091.3864,4208583.282,3764.897949
21.23950091,255091.4138,4208583.293,3764.897461
21.26889071,255091.4412,4208583.303,3764.896484
21.2982805,255091.4687,4208583.314,3764.895996
21.3276703,255091.4961,4208583.324,3764.894531
21.3570601,255091.5235,4208583.335,3764.89209
21.38644989,255091.551,4208583.345,3764.886475
21.41583969,255091.5784,4208583.356,3764.880127
21.44522949,255091.6058,4208583.366,3764.874512
21.47461928,255091.6333,4208583.377,3764.86792
21.50400908,255091.6607,4208583.388,3764.860596
21.53339888,255091.6881,4208583.398,3764.853516
21.56278868,255091.7155,4208583.409,3764.845703
21.59217847,255091.743,4208583.419,3764.838623
21.62156827,255091.7704,4208583.43,3764.831055
21.65095807,255091.7978,4208583.44,3764.822998
21.68034786,255091.8253,4208583.451,3764.814941
21.70973766,255091.8527,4208583.461,3764.806152
21.73912746,255091.8801,4208583.472,3764.797119
21.76851725,255091.9076,4208583.483,3764.789795
21.79790705,255091.935,4208583.493,3764.783691
21.82729685,255091.9624,4208583.504,3764.776611
21.85668664,255091.9899,4208583.514,3764.771973
21.88607644,255092.0173,4208583.525,3764.768555
21.91546624,255092.0447,4208583.535,3764.762939
21.94485603,255092.0721,4208583.546,3764.760498
21.97424583,255092.0996,4208583.556,3764.757813
22.00363563,255092.127,4208583.567,3764.75708
22.03302542,255092.1544,4208583.577,3764.756348
22.06241522,255092.1819,4208583.588,3764.755859
22.09180502,255092.2093,4208583.599,3764.755615
22.12119482,255092.2367,4208583.609,3764.754883
22.15058461,255092.2642,4208583.62,3764.754395
22.17997441,255092.2916,4208583.63,3764.753906
22.20936421,255092.319,4208583.641,3764.753174
22.238754,255092.3465,4208583.651,3764.752441
22.2681438,255092.3739,4208583.662,3764.751709
22.2975336,255092.4013,4208583.672,3764.751221
22.32692339,255092.4288,4208583.683,3764.750244
22.35631319,255092.4562,4208583.694,3764.750244
22.38570299,255092.4836,4208583.704,3764.749023
22.41509278,255092.511,4208583.715,3764.748047
22.44448258,255092.5385,4208583.725,3764.747314
22.47387238,255092.5659,4208583.736,3764.746338
22.50326217,255092.5933,4208583.746,3764.744873
22.53265197,255092.6208,4208583.757,3764.740967
22.56204177,255092.6482,4208583.767,3764.736084
22.59143156,255092.6756,4208583.778,3764.730713
22.62082136,255092.7031,4208583.788,3764.723633
22.65021116,255092.7305,4208583.799,3764.716553
22.67960096,255092.7579,4208583.81,3764.709229
22.70899075,255092.7854,4208583.82,3764.700439
22.73838055,255092.8128,4208583.831,3764.691406
22.76777035,255092.8402,4208583.841,3764.681152
22.79716014,255092.8676,4208583.852,3764.671875
22.82654994,255092.8951,4208583.862,3764.663086
22.85593974,255092.9225,4208583.873,3764.654053
22.88532953,255092.9499,4208583.883,3764.64624
22.91471933,255092.9774,4208583.894,3764.639404
22.94410913,255093.0048,4208583.905,3764.633057
22.97349892,255093.0322,4208583.915,3764.625732
23.00288872,255093.0597,4208583.926,3764.619629
23.03227852,255093.0871,4208583.936,3764.610107
23.06166831,255093.1145,4208583.947,3764.602295
23.09105811,255093.142,4208583.957,3764.594238
23.12044791,255093.1694,4208583.968,3764.582275
23.14983771,255093.1968,4208583.978,3764.57373
23.1792275,255093.2242,4208583.989,3764.565186
23.2086173,255093.2517,4208583.999,3764.553223
23.2380071,255093.2791,4208584.01,3764.54541
23.26739689,255093.3065,4208584.021,3764.534912
23.29678669,255093.334,4208584.031,3764.52832
23.32617649,255093.3614,4208584.042,3764.521973
23.35556628,255093.3888,4208584.052,3764.512939
23.38495608,255093.4163,4208584.063,3764.507324
23.41434588,255093.4437,4208584.073,3764.498779
23.44373567,255093.4711,4208584.084,3764.493408
23.47312547,255093.4986,4208584.094,3764.487793
23.50251527,255093.526,4208584.105,3764.479004
23.53190506,255093.5534,4208584.116,3764.473633
23.56129486,255093.5808,4208584.126,3764.46875
23.59068466,255093.6083,4208584.137,3764.462158
23.62007445,255093.6357,4208584.147,3764.45752
23.64946425,255093.6631,4208584.158,3764.453613
23.67885405,255093.6906,4208584.168,3764.450195
23.70824385,255093.718,4208584.179,3764.446533
23.73763364,255093.7454,4208584.189,3764.443359
23.76702344,255093.7729,4208584.2,3764.439453
23.79641324,255093.8003,4208584.21,3764.435547
23.82580303,255093.8277,4208584.221,3764.431396
23.85519283,255093.8552,4208584.232,3764.426758
23.88458263,255093.8826,4208584.242,3764.422607
23.91397242,255093.91,4208584.253,3764.416504
23.94336222,255093.9374,4208584.263,3764.410156
23.97275202,255093.9649,4208584.274,3764.405029
24.00214181,255093.9923,4208584.284,3764.397461
24.03153161,255094.0197,4208584.295,3764.391357
24.06092141,255094.0472,4208584.305,3764.383301
24.0903112,255094.0746,4208584.316,3764.375
24.119701,255094.102,4208584.327,3764.368652
24.1490908,255094.1295,4208584.337,3764.361084
24.17848059,255094.1569,4208584.348,3764.356445
24.20787039,255094.1843,4208584.358,3764.349854
24.23726019,255094.2118,4208584.369,3764.343994
24.26664999,255094.2392,4208584.379,3764.339844
24.29603978,255094.2666,4208584.39,3764.334717
24.32542958,255094.294,4208584.4,3764.330566
24.35481938,255094.3215,4208584.411,3764.327881
24.38420917,255094.3489,4208584.421,3764.324463
24.41359897,255094.3763,4208584.432,3764.322021
24.44298877,255094.4038,4208584.443,3764.318848
24.47237856,255094.4312,4208584.453,3764.315674
24.50176836,255094.4586,4208584.464,3764.313965
24.53115816,255094.4861,4208584.474,3764.311035
24.56054795,255094.5135,4208584.485,3764.309326
24.58993775,255094.5409,4208584.495,3764.306641
24.61932755,255094.5684,4208584.506,3764.303467
24.64871734,255094.5958,4208584.516,3764.301514
24.67810714,255094.6232,4208584.527,3764.29834
24.70749694,255094.6506,4208584.538,3764.295166
24.73688673,255094.6781,4208584.548,3764.292969
24.76627653,255094.7055,4208584.559,3764.289795
24.79566633,255094.7329,4208584.569,3764.288086
24.82505613,255094.7604,4208584.58,3764.286377
24.85444592,255094.7878,4208584.59,3764.284424
24.88383572,255094.8152,4208584.601,3764.283447
24.91322552,255094.8427,4208584.611,3764.281982
24.94261531,255094.8701,4208584.622,3764.28125
24.97200511,255094.8975,4208584.633,3764.280273
25.00139491,255094.925,4208584.643,3764.279541
25.0307847,255094.9524,4208584.654,3764.27832
25.0601745,255094.9798,4208584.664,3764.277588
25.0895643,255095.0072,4208584.675,3764.276611
25.11895409,255095.0347,4208584.685,3764.275146
25.14834389,255095.0621,4208584.696,3764.27417
25.17773369,255095.0895,4208584.706,3764.272217
25.20712348,255095.117,4208584.717,3764.27124
25.23651328,255095.1444,4208584.727,3764.270264
25.26590308,255095.1718,4208584.738,3764.268311
25.29529287,255095.1993,4208584.749,3764.267334
25.32468267,255095.2267,4208584.759,3764.26416
25.35407247,255095.2541,4208584.77,3764.262207
25.38346227,255095.2816,4208584.78,3764.260254
25.41285206,255095.309,4208584.791,3764.255615
25.44224186,255095.3364,4208584.801,3764.253174
25.47163166,255095.3639,4208584.812,3764.248047
25.50102145,255095.3913,4208584.822,3764.245361
25.53041125,255095.4187,4208584.833,3764.242676
25.55980105,255095.4461,4208584.844,3764.237793
25.58919084,255095.4736,4208584.854,3764.235107
25.61858064,255095.501,4208584.865,3764.231934
25.64797044,255095.5284,4208584.875,3764.227295
25.67736023,255095.5559,4208584.886,3764.224609
25.70675003,255095.5833,4208584.896,3764.220703
25.73613983,255095.6107,4208584.907,3764.218506
25.76552962,255095.6382,4208584.917,3764.216064
25.79491942,255095.6656,4208584.928,3764.212646
25.82430922,255095.693,4208584.938,3764.210938
25.85369902,255095.7205,4208584.949,3764.208252
25.88308881,255095.7479,4208584.96,3764.206787
25.91247861,255095.7753,4208584.97,3764.205566
25.94186841,255095.8027,4208584.981,3764.203613
25.9712582,255095.8302,4208584.991,3764.203125
26.000648,255095.8576,4208585.002,3764.202637
26.0300378,255095.885,4208585.012,3764.200928
26.05942759,255095.9125,4208585.023,3764.200684
26.08881739,255095.9399,4208585.033,3764.199219
26.11820719,255095.9673,4208585.044,3764.198975
26.14759698,255095.9948,4208585.055,3764.198975
26.17698678,255096.0222,4208585.065,3764.197998
26.20637658,255096.0496,4208585.076,3764.197998
26.23576637,255096.0771,4208585.086,3764.197266
26.26515617,255096.1045,4208585.097,3764.197266
26.29454597,255096.1319,4208585.107,3764.197266
26.32393576,255096.1593,4208585.118,3764.196533
26.35332556,255096.1868,4208585.128,3764.196533
26.38271536,255096.2142,4208585.139,3764.196533
26.41210516,255096.2416,4208585.149,3764.196045
26.44149495,255096.2691,4208585.16,3764.196045
26.47088475,255096.2965,4208585.171,3764.195801
26.50027455,255096.3239,4208585.181,3764.195557
26.52966434,255096.3514,4208585.192,3764.195313
26.55751767,255096.3788,4208585.197,3764.193604
26.585371,255096.4062,4208585.202,3764.192383
26.61322432,255096.4336,4208585.207,3764.190918
26.64107765,255096.461,4208585.212,3764.189453
26.66893098,255096.4884,4208585.217,3764.187988
26.6967843,255096.5158,4208585.222,3764.186523
26.72463763,255096.5432,4208585.227,3764.181152
26.75249095,255096.5706,4208585.232,3764.179443
26.78034428,255096.598,4208585.237,3764.17749
26.80819761,255096.6254,4208585.241,3764.175537
26.83605093,255096.6528,4208585.246,3764.173828
26.86390426,255096.6802,4208585.251,3764.168701
26.89175759,255096.7076,4208585.256,3764.167725
26.91961091,255096.735,4208585.261,3764.166748
26.94746424,255096.7624,4208585.266,3764.166016
26.97531757,255096.7898,4208585.271,3764.165039
27.00317089,255096.8172,4208585.276,3764.164063
27.03102422,255096.8446,4208585.281,3764.161865
27.05887755,255096.872,4208585.286,3764.161133
27.08673087,255096.8994,4208585.291,3764.1604
27.1145842,255096.9268,4208585.296,3764.159668
27.14243753,255096.9542,4208585.301,3764.15918
27.17029085,255096.9817,4208585.306,3764.157471
27.19814418,255097.0091,4208585.311,3764.15625
27.2259975,255097.0365,4208585.316,3764.154541
27.25385083,255097.0639,4208585.321,3764.152344
27.28170416,255097.0913,4208585.326,3764.148438
27.30955748,255097.1187,4208585.331,3764.142822
27.33741081,255097.1461,4208585.336,3764.135498
27.36526414,255097.1735,4208585.341,3764.129639
27.39311746,255097.2009,4208585.346,3764.124023
27.42097079,255097.2283,4208585.351,3764.119141
27.44882412,255097.2557,4208585.356,3764.114258
27.47667744,255097.2831,4208585.361,3764.107666
27.50453077,255097.3105,4208585.366,3764.104004
27.5323841,255097.3379,4208585.371,3764.10083
27.56023742,255097.3653,4208585.376,3764.0979
27.58809075,255097.3927,4208585.381,3764.095215
27.61594408,255097.4201,4208585.386,3764.093018
27.6437974,255097.4475,4208585.391,3764.088135
27.67165073,255097.4749,4208585.396,3764.085938
27.69950406,255097.5023,4208585.401,3764.084229
27.72735738,255097.5297,4208585.406,3764.082764
27.75521071,255097.5571,4208585.411,3764.081055
27.78306403,255097.5845,4208585.416,3764.07666
27.81091736,255097.6119,4208585.421,3764.074951
27.83877069,255097.6394,4208585.426,3764.073486
27.86662401,255097.6668,4208585.431,3764.07251
27.89447734,255097.6942,4208585.436,3764.071533
27.92233067,255097.7216,4208585.441,3764.070557
27.95018399,255097.749,4208585.446,3764.066162
27.97803732,255097.7764,4208585.451,3764.06543
28.00589065,255097.8038,4208585.456,3764.064697
28.03374397,255097.8312,4208585.461,3764.064209
28.0615973,255097.8586,4208585.466,3764.063477
28.08945063,255097.886,4208585.471,3764.057129
28.11730395,255097.9134,4208585.476,3764.056152
28.14515728,255097.9408,4208585.481,3764.055176
28.17301061,255097.9682,4208585.486,3764.053955
28.20086393,255097.9956,4208585.491,3764.052002
28.22871726,255098.023,4208585.496,3764.049316
28.25657058,255098.0504,4208585.501,3764.035889
28.28442391,255098.0778,4208585.506,3764.032227
28.31227724,255098.1052,4208585.511,3764.028809
28.34013056,255098.1326,4208585.516,3764.025635
28.36798389,255098.16,4208585.521,3764.022217
28.39583722,255098.1874,4208585.526,3764.006104
28.42369054,255098.2148,4208585.53,3764.00293
28.45154387,255098.2422,4208585.535,3763.999512
28.4793972,255098.2696,4208585.54,3763.996582
28.50725052,255098.297,4208585.545,3763.994385
28.53510385,255098.3245,4208585.55,3763.992188
28.56295718,255098.3519,4208585.555,3763.977051
28.5908105,255098.3793,4208585.56,3763.975586
28.61866383,255098.4067,4208585.565,3763.973633
28.64651716,255098.4341,4208585.57,3763.971924
28.67437048,255098.4615,4208585.575,3763.971191
28.70222381,255098.4889,4208585.58,3763.958252
28.73007714,255098.5163,4208585.585,3763.958008
28.75793046,255098.5437,4208585.59,3763.957764
28.78578379,255098.5711,4208585.595,3763.957764
28.81363711,255098.5985,4208585.6,3763.958008
28.84149044,255098.6259,4208585.605,3763.958252
28.86934377,255098.6533,4208585.61,3763.945801
28.89719709,255098.6807,4208585.615,3763.945801
28.92505042,255098.7081,4208585.62,3763.945801
28.95290375,255098.7355,4208585.625,3763.946045
28.98075707,255098.7629,4208585.63,3763.946045
29.0086104,255098.7903,4208585.635,3763.933105
29.03646373,255098.8177,4208585.64,3763.932373
29.06431705,255098.8451,4208585.645,3763.930664
29.09217038,255098.8725,4208585.65,3763.929199
29.12002371,255098.8999,4208585.655,3763.927734
29.14787703,255098.9273,4208585.66,3763.925537
29.17573036,255098.9547,4208585.665,3763.911377
29.20358369,255098.9821,4208585.67,3763.909424
29.23143701,255099.0096,4208585.675,3763.906982
29.25929034,255099.037,4208585.68,3763.904053
29.28714366,255099.0644,4208585.685,3763.901855
29.31499699,255099.0918,4208585.69,3763.891113
29.34285032,255099.1192,4208585.695,3763.889648
29.37070364,255099.1466,4208585.7,3763.887451
29.39855697,255099.174,4208585.705,3763.885254
29.4264103,255099.2014,4208585.71,3763.883545
29.45426362,255099.2288,4208585.715,3763.882324
29.48211695,255099.2562,4208585.72,3763.873047
29.50997028,255099.2836,4208585.725,3763.871826
29.5378236,255099.311,4208585.73,3763.870117
29.56567693,255099.3384,4208585.735,3763.868652
29.59353026,255099.3658,4208585.74,3763.867188
29.62138358,255099.3932,4208585.745,3763.857422
29.64923691,255099.4206,4208585.75,3763.855713
29.67709024,255099.448,4208585.755,3763.854736
29.70494356,255099.4754,4208585.76,3763.85376
29.73279689,255099.5028,4208585.765,3763.853271
29.76065022,255099.5302,4208585.77,3763.852783
29.78850354,255099.5576,4208585.775,3763.843994
29.81635687,255099.585,4208585.78,3763.84375
29.84421019,255099.6124,4208585.785,3763.843506
29.87206352,255099.6398,4208585.79,3763.843506
29.89991685,255099.6673,4208585.795,3763.84375
29.92777017,255099.6947,4208585.8,3763.837402
29.9556235,255099.7221,4208585.805,3763.837891
29.98347683,255099.7495,4208585.81,3763.838623
30.01133015,255099.7769,4208585.814,3763.8396
30.03918348,255099.8043,4208585.819,3763.84082
30.06703681,255099.8317,4208585.824,3763.842285
30.09489013,255099.8591,4208585.829,3763.838135
30.12274346,255099.8865,4208585.834,3763.8396
30.15059679,255099.9139,4208585.839,3763.84082
30.17845011,255099.9413,4208585.844,3763.842529
30.20630344,255099.9687,4208585.849,3763.84375
30.23415677,255099.9961,4208585.854,3763.841064
30.26201009,255100.0235,4208585.859,3763.842529
30.28986342,255100.0509,4208585.864,3763.84375
30.31771674,255100.0783,4208585.869,3763.845215
30.34557007,255100.1057,4208585.874,3763.847168
30.3734234,255100.1331,4208585.879,3763.844482
30.40127672,255100.1605,4208585.884,3763.846436
30.42913005,255100.1879,4208585.889,3763.848389
30.45698338,255100.2153,4208585.894,3763.85083
30.4848367,255100.2427,4208585.899,3763.853516
30.51269003,255100.2701,4208585.904,3763.856934
30.54054336,255100.2975,4208585.909,3763.854736
30.56839668,255100.3249,4208585.914,3763.858887
30.59625001,255100.3524,4208585.919,3763.864258
30.62410334,255100.3798,4208585.924,3763.870117
30.65195666,255100.4072,4208585.929,3763.877197
30.67980999,255100.4346,4208585.934,3763.874512
30.70766332,255100.462,4208585.939,3763.88208
30.73551664,255100.4894,4208585.944,3763.889648
30.76336997,255100.5168,4208585.949,3763.896973
30.7912233,255100.5442,4208585.954,3763.904541
30.81907662,255100.5716,4208585.959,3763.9104
30.84692995,255100.599,4208585.964,3763.906982
30.87478327,255100.6264,4208585.969,3763.912109
30.9026366,255100.6538,4208585.974,3763.915771
30.93048993,255100.6812,4208585.979,3763.918457
30.95834325,255100.7086,4208585.984,3763.920654
30.98619658,255100.736,4208585.989,3763.915283
31.01404991,255100.7634,4208585.994,3763.915771
31.04190323,255100.7908,4208585.999,3763.915771
31.06975656,255100.8182,4208586.004,3763.915527
31.09760989,255100.8456,4208586.009,3763.915039
31.12546321,255100.873,4208586.014,3763.913818
31.15331654,255100.9004,4208586.019,3763.908203
31.18116987,255100.9278,4208586.024,3763.906494
31.20902319,255100.9552,4208586.029,3763.904785
31.23687652,255100.9826,4208586.034,3763.902832
31.26472985,255101.01,4208586.039,3763.901367
31.29258317,255101.0375,4208586.044,3763.897461
31.3204365,255101.0649,4208586.049,3763.895996
31.34828983,255101.0923,4208586.054,3763.894531
31.37614315,255101.1197,4208586.059,3763.893311
31.40399648,255101.1471,4208586.064,3763.891602
31.4318498,255101.1745,4208586.069,3763.889893
31.45970313,255101.2019,4208586.074,3763.886475
31.48755646,255101.2293,4208586.079,3763.883789
31.51540978,255101.2567,4208586.084,3763.880859
31.54326311,255101.2841,4208586.089,3763.878174
31.57111644,255101.3115,4208586.094,3763.875732
31.59896976,255101.3389,4208586.098,3763.871582
31.62682309,255101.3663,4208586.103,3763.868408
31.65467642,255101.3937,4208586.108,3763.865479
31.68252974,255101.4211,4208586.113,3763.862549
31.71038307,255101.4485,4208586.118,3763.859375
31.7382364,255101.4759,4208586.123,3763.855957
31.76608972,255101.5033,4208586.128,3763.848877
31.79394305,255101.5307,4208586.133,3763.844727
31.82179638,255101.5581,4208586.138,3763.840332
31.8496497,255101.5855,4208586.143,3763.835205
31.87750303,255101.6129,4208586.148,3763.828369
31.90535635,255101.6403,4208586.153,3763.813477
31.93320968,255101.6677,4208586.158,3763.804443
31.96106301,255101.6951,4208586.163,3763.794678
31.98891633,255101.7226,4208586.168,3763.784912
32.01676966,255101.75,4208586.173,3763.774902
32.04462299,255101.7774,4208586.178,3763.763916
32.07247631,255101.8048,4208586.183,3763.742188
32.10032964,255101.8322,4208586.188,3763.734131
32.12818297,255101.8596,4208586.193,3763.726318
32.15603629,255101.887,4208586.198,3763.719971
32.18388962,255101.9144,4208586.203,3763.7146
32.21174295,255101.9418,4208586.208,3763.701904
32.23959627,255101.9692,4208586.213,3763.698486
32.2674496,255101.9966,4208586.218,3763.695068
32.29530293,255102.024,4208586.223,3763.692139
32.32315625,255102.0514,4208586.228,3763.689697
32.35100958,255102.0788,4208586.233,3763.687744
32.37886291,255102.1062,4208586.238,3763.678711
32.40671623,255102.1336,4208586.243,3763.677002
32.43456956,255102.161,4208586.248,3763.675537
32.46242288,255102.1884,4208586.253,3763.674072
32.49027621,255102.2158,4208586.258,3763.67334
32.51812954,255102.2432,4208586.263,3763.664551
32.54598286,255102.2706,4208586.268,3763.664307
32.57383619,255102.298,4208586.273,3763.664307
32.60168952,255102.3254,4208586.278,3763.664307
32.62954284,255102.3528,4208586.283,3763.664795
32.65739617,255102.3803,4208586.288,3763.665283
32.6852495,255102.4077,4208586.293,3763.657227
32.71310282,255102.4351,4208586.298,3763.657959
32.74095615,255102.4625,4208586.303,3763.658936
32.76880948,255102.4899,4208586.308,3763.6604
32.7966628,255102.5173,4208586.313,3763.661133
32.82451613,255102.5447,4208586.318,3763.653076
32.85236946,255102.5721,4208586.323,3763.654785
32.88022278,255102.5995,4208586.328,3763.655762
32.90807611,255102.6269,4208586.333,3763.656738
32.93592943,255102.6543,4208586.338,3763.658691
32.96378276,255102.6817,4208586.343,3763.659912
32.99163609,255102.7091,4208586.348,3763.651123
33.01948941,255102.7365,4208586.353,3763.651611
33.04734274,255102.7639,4208586.358,3763.652344
33.07519607,255102.7913,4208586.363,3763.653809
33.10304939,255102.8187,4208586.368,3763.655518
33.13090272,255102.8461,4208586.373,3763.645752
33.15875605,255102.8735,4208586.378,3763.64624
33.18660937,255102.9009,4208586.383,3763.646973
33.2144627,255102.9283,4208586.387,3763.647705
33.24231603,255102.9557,4208586.392,3763.647705
33.27016935,255102.9831,4208586.397,3763.647705
33.29802268,255103.0105,4208586.402,3763.635986
33.32587601,255103.0379,4208586.407,3763.635986
33.35372933,255103.0654,4208586.412,3763.635742
33.38158266,255103.0928,4208586.417,3763.635254
33.40943599,255103.1202,4208586.422,3763.634277
33.43728931,255103.1476,4208586.427,3763.622559
33.46514264,255103.175,4208586.432,3763.62207
33.49299596,255103.2024,4208586.437,3763.621582
33.52084929,255103.2298,4208586.442,3763.62085
33.54870262,255103.2572,4208586.447,3763.619629
33.57655594,255103.2846,4208586.452,3763.618652
33.60440927,255103.312,4208586.457,3763.605713
33.6322626,255103.3394,4208586.462,3763.605469
33.66011592,255103.3668,4208586.467,3763.605469
33.68796925,255103.3942,4208586.472,3763.605713
33.71582258,255103.4216,4208586.477,3763.606201
33.7436759,255103.449,4208586.482,3763.592285
33.77152923,255103.4764,4208586.487,3763.593262
33.79938256,255103.5038,4208586.492,3763.594727
33.82723588,255103.5312,4208586.497,3763.597412
33.85508921,255103.5586,4208586.502,3763.601074
33.88294254,255103.586,4208586.507,3763.604736
33.91079586,255103.6134,4208586.512,3763.592041
33.93864919,255103.6408,4208586.517,3763.594727
33.96650251,255103.6682,4208586.522,3763.598389
33.99435584,255103.6956,4208586.527,3763.603027
34.02220917,255103.723,4208586.532,3763.60791
34.05006249,255103.7505,4208586.537,3763.59668
34.07791582,255103.7779,4208586.542,3763.601318
34.10576915,255103.8053,4208586.547,3763.606201
34.13362247,255103.8327,4208586.552,3763.611572
34.1614758,255103.8601,4208586.557,3763.616699
34.18932913,255103.8875,4208586.562,3763.621826
34.21718245,255103.9149,4208586.567,3763.611816
34.24503578,255103.9423,4208586.572,3763.617432
34.27288911,255103.9697,4208586.577,3763.623535
34.30074243,255103.9971,4208586.582,3763.629883
34.32859576,255104.0245,4208586.587,3763.636475
34.35644909,255104.0519,4208586.592,3763.625732
34.38430241,255104.0793,4208586.597,3763.631348
34.41215574,255104.1067,4208586.602,3763.637451
34.44000907,255104.1341,4208586.607,3763.643066
34.46786239,255104.1615,4208586.612,3763.648193
34.49571572,255104.1889,4208586.617,3763.652832
34.52356904,255104.2163,4208586.622,3763.64209
34.55142237,255104.2437,4208586.627,3763.64624
34.5792757,255104.2711,4208586.632,3763.64917
34.60712902,255104.2985,4208586.637,3763.652588
34.63498235,255104.3259,4208586.642,3763.655029
34.66283568,255104.3533,4208586.647,3763.644287
34.690689,255104.3807,4208586.652,3763.646484
34.71854233,255104.4082,4208586.657,3763.648193
34.74639566,255104.4356,4208586.662,3763.649414
34.77424898,255104.463,4208586.667,3763.651123
34.80210231,255104.4904,4208586.671,3763.652344
34.82995564,255104.5178,4208586.676,3763.641602
34.85780896,255104.5452,4208586.681,3763.641846
34.88566229,255104.5726,4208586.686,3763.641846
34.91351562,255104.6,4208586.691,3763.641602
34.94136894,255104.6274,4208586.696,3763.641113
34.96922227,255104.6548,4208586.701,3763.630615
34.99707559,255104.6822,4208586.706,3763.629639
35.02492892,255104.7096,4208586.711,3763.62793
35.05278225,255104.737,4208586.716,3763.625732
35.08063557,255104.7644,4208586.721,3763.623779
35.1084889,255104.7918,4208586.726,3763.621826
35.13634223,255104.8192,4208586.731,3763.611572
35.16419555,255104.8466,4208586.736,3763.609375
35.19204888,255104.874,4208586.741,3763.607178
35.21990221,255104.9014,4208586.746,3763.604492
35.24775553,255104.9288,4208586.751,3763.601563
35.27560886,255104.9562,4208586.756,3763.591309
35.30346219,255104.9836,4208586.761,3763.587646
35.33131551,255105.011,4208586.766,3763.583008
35.35916884,255105.0384,4208586.771,3763.577393
35.38702217,255105.0658,4208586.776,3763.572021
35.41487549,255105.0933,4208586.781,3763.565674
35.44272882,255105.1207,4208586.786,3763.54834
35.47058215,255105.1481,4208586.791,3763.541016
35.49843547,255105.1755,4208586.796,3763.533447
35.5262888,255105.2029,4208586.801,3763.526123
35.55414212,255105.2303,4208586.806,3763.519775
35.58199545,255105.2577,4208586.811,3763.501709
35.60984878,255105.2851,4208586.816,3763.495117
35.6377021,255105.3125,4208586.821,3763.48877
35.66555543,255105.3399,4208586.826,3763.482422
35.69340876,255105.3673,4208586.831,3763.476807
35.72126208,255105.3947,4208586.836,3763.47168
35.74911541,255105.4221,4208586.841,3763.454834
35.77696874,255105.4495,4208586.846,3763.448486
35.80482206,255105.4769,4208586.851,3763.442627
35.83267539,255105.5043,4208586.856,3763.437256
35.86052872,255105.5317,4208586.861,3763.431885
35.88838204,255105.5591,4208586.866,3763.412354
35.91623537,255105.5865,4208586.871,3763.406738
35.9440887,255105.6139,4208586.876,3763.400635
35.97194202,255105.6413,4208586.881,3763.394287
35.99979535,255105.6687,4208586.886,3763.388672
36.02764868,255105.6961,4208586.891,3763.385254
36.055502,255105.7235,4208586.896,3763.365479
36.08335533,255105.7509,4208586.901,3763.362549
36.11120865,255105.7784,4208586.906,3763.360596
36.13906198,255105.8058,4208586.911,3763.358887
36.16691531,255105.8332,4208586.916,3763.358398
36.19476863,255105.8606,4208586.921,3763.34375
36.22262196,255105.888,4208586.926,3763.345459
36.25047529,255105.9154,4208586.931,3763.347656
36.27832861,255105.9428,4208586.936,3763.351074
36.30618194,255105.9702,4208586.941,3763.354492
36.33403527,255105.9976,4208586.946,3763.357422
36.36188859,255106.025,4208586.951,3763.351074
36.38974192,255106.0524,4208586.955,3763.353516
36.41759525,255106.0798,4208586.96,3763.356201
36.44544857,255106.1072,4208586.965,3763.358643
36.4733019,255106.1346,4208586.97,3763.360596
36.50115523,255106.162,4208586.975,3763.354492
36.52900855,255106.1894,4208586.98,3763.355469
36.55686188,255106.2168,4208586.985,3763.356689
36.5847152,255106.2442,4208586.99,3763.357422
36.61256853,255106.2716,4208586.995,3763.358398
36.64042186,255106.299,4208587,3763.358887
36.66827518,255106.3264,4208587.005,3763.352051
36.69612851,255106.3538,4208587.01,3763.352051
36.72398184,255106.3812,4208587.015,3763.351563
36.75183516,255106.4086,4208587.02,3763.350586
36.77968849,255106.4361,4208587.025,3763.350098
36.80754182,255106.4635,4208587.03,3763.345703
36.83539514,255106.4909,4208587.035,3763.344482
36.86324847,255106.5183,4208587.04,3763.343506
36.8911018,255106.5457,4208587.045,3763.342285
36.91895512,255106.5731,4208587.05,3763.340576
36.94680845,255106.6005,4208587.055,3763.339355
36.97466178,255106.6279,4208587.06,3763.337646
37.0025151,255106.6553,4208587.065,3763.337158
37.03036843,255106.6827,4208587.07,3763.335693
37.05822176,255106.7101,4208587.075,3763.33374
37.08607508,255106.7375,4208587.08,3763.33252
37.11392841,255106.7649,4208587.085,3763.330078
37.14178173,255106.7923,4208587.09,3763.328613
37.16963506,255106.8197,4208587.095,3763.327148
37.19748839,255106.8471,4208587.1,3763.325928
37.22534171,255106.8745,4208587.105,3763.323975
37.25319504,255106.9019,4208587.11,3763.322266
37.28104837,255106.9293,4208587.115,3763.317383
37.30890169,255106.9567,4208587.12,3763.315674
37.33675502,255106.9841,4208587.125,3763.313721
37.36460835,255107.0115,4208587.13,3763.311523
37.39246167,255107.0389,4208587.135,3763.309326
37.420315,255107.0663,4208587.14,3763.305908
37.44816833,255107.0937,4208587.145,3763.303711
37.47602165,255107.1212,4208587.15,3763.300781
37.50387498,255107.1486,4208587.155,3763.297852
37.53172831,255107.176,4208587.16,3763.295166
37.55958163,255107.2034,4208587.165,3763.29248
37.58743496,255107.2308,4208587.17,3763.286621
37.61528828,255107.2582,4208587.175,3763.282959
37.64314161,255107.2856,4208587.18,3763.279297
37.67099494,255107.313,4208587.185,3763.275879
37.69884826,255107.3404,4208587.19,3763.272217
37.72670159,255107.3678,4208587.195,3763.26416
37.75455492,255107.3952,4208587.2,3763.260498
37.78240824,255107.4226,4208587.205,3763.257324
37.81026157,255107.45,4208587.21,3763.253662
37.8381149,255107.4774,4208587.215,3763.249756
37.86596822,255107.5048,4208587.22,3763.246582
37.89382155,255107.5322,4208587.225,3763.240723
37.92167488,255107.5596,4208587.23,3763.237793
37.9495282,255107.587,4208587.235,3763.235107
37.97738153,255107.6144,4208587.239,3763.232422
38.00523486,255107.6418,4208587.244,3763.229736
38.03308818,255107.6692,4208587.249,3763.223633
38.06094151,255107.6966,4208587.254,3763.220947
38.08879484,255107.724,4208587.259,3763.218262
38.11664816,255107.7514,4208587.264,3763.21582
38.14450149,255107.7788,4208587.269,3763.213623
38.17235481,255107.8063,4208587.274,3763.211914
38.20020814,255107.8337,4208587.279,3763.204834
38.22806147,255107.8611,4208587.284,3763.204102
38.25591479,255107.8885,4208587.289,3763.20459
38.28376812,255107.9159,4208587.294,3763.206543
38.31162145,255107.9433,4208587.299,3763.211426
38.33947477,255107.9707,4208587.304,3763.202393
38.3673281,255107.9981,4208587.309,3763.20874
38.39518143,255108.0255,4208587.314,3763.217529
38.42303475,255108.0529,4208587.319,3763.229248
38.45088808,255108.0803,4208587.324,3763.242188
38.47874141,255108.1077,4208587.329,3763.256592
38.50659473,255108.1351,4208587.334,3763.247559
38.53444806,255108.1625,4208587.339,3763.263428
38.56230139,255108.1899,4208587.344,3763.280029
38.59015471,255108.2173,4208587.349,3763.295654
38.61800804,255108.2447,4208587.354,3763.310059
38.64586136,255108.2721,4208587.359,3763.298828
38.67371469,255108.2995,4208587.364,3763.311523
38.70156802,255108.3269,4208587.369,3763.32373
38.72942134,255108.3543,4208587.374,3763.334229
38.75727467,255108.3817,4208587.379,3763.343262
38.785128,255108.4091,4208587.384,3763.351074
38.81298132,255108.4365,4208587.389,3763.33667
38.84083465,255108.464,4208587.394,3763.342773
38.86868798,255108.4914,4208587.399,3763.34668
38.8965413,255108.5188,4208587.404,3763.349365
38.92439463,255108.5462,4208587.409,3763.351807
38.95224796,255108.5736,4208587.414,3763.331787
38.98010128,255108.601,4208587.419,3763.330811
39.00795461,255108.6284,4208587.424,3763.32959
39.03580794,255108.6558,4208587.429,3763.327148
39.06366126,255108.6832,4208587.434,3763.32251
39.09151459,255108.7106,4208587.439,3763.314697
39.11936792,255108.738,4208587.444,3763.288086
39.14722124,255108.7654,4208587.449,3763.280029
39.17507457,255108.7928,4208587.454,3763.269287
39.20292789,255108.8202,4208587.459,3763.256836
39.23078122,255108.8476,4208587.464,3763.241943
39.25863455,255108.875,4208587.469,3763.201904
39.28648787,255108.9024,4208587.474,3763.181885
39.3143412,255108.9298,4208587.479,3763.161621
39.34219453,255108.9572,4208587.484,3763.141357
39.37004785,255108.9846,4208587.489,3763.120117
39.39790118,255109.012,4208587.494,3763.098389
39.42575451,255109.0394,4208587.499,3763.064941
39.45360783,255109.0668,4208587.504,3763.047119
39.48146116,255109.0942,4208587.509,3763.030518
39.50931449,255109.1216,4208587.514,3763.015625
39.53716781,255109.1491,4208587.519,3763.002441
39.56502114,255109.1765,4208587.524,3762.980713
39.59287447,255109.2039,4208587.528,3762.968994
39.62072779,255109.2313,4208587.533,3762.958008
39.64858112,255109.2587,4208587.538,3762.947021
39.67643444,255109.2861,4208587.543,3762.937988
39.70428777,255109.3135,4208587.548,3762.929932
39.7321411,255109.3409,4208587.553,3762.914307
39.75999442,255109.3683,4208587.558,3762.907227
39.78784775,255109.3957,4208587.563,3762.900879
39.81570108,255109.4231,4208587.568,3762.894043
39.8435544,255109.4505,4208587.573,3762.888184
39.87140773,255109.4779,4208587.578,3762.874756
39.89926106,255109.5053,4208587.583,3762.869629
39.92711438,255109.5327,4208587.588,3762.864502
39.95496771,255109.5601,4208587.593,3762.859131
39.98282104,255109.5875,4208587.598,3762.854248
40.01067436,255109.6149,4208587.603,3762.849854
40.03852769,255109.6423,4208587.608,3762.838623
40.06638102,255109.6697,4208587.613,3762.834717
40.09423434,255109.6971,4208587.618,3762.831055
40.12208767,255109.7245,4208587.623,3762.827881
40.149941,255109.7519,4208587.628,3762.825195
40.17779432,255109.7793,4208587.633,3762.816162
40.20564765,255109.8067,4208587.638,3762.813477
40.23350097,255109.8342,4208587.643,3762.810303
40.2613543,255109.8616,4208587.648,3762.807373
40.28920763,255109.889,4208587.653,3762.804688
40.31706095,255109.9164,4208587.658,3762.802246
40.34491428,255109.9438,4208587.663,3762.793945
40.37276761,255109.9712,4208587.668,3762.791504
40.40062093,255109.9986,4208587.673,3762.789551
40.42847426,255110.026,4208587.678,3762.787354
40.45632759,255110.0534,4208587.683,3762.784668
40.48418091,255110.0808,4208587.688,3762.779053
40.51203424,255110.1082,4208587.693,3762.776855
40.53988757,255110.1356,4208587.698,3762.774658
40.56774089,255110.163,4208587.703,3762.772705
40.59559422,255110.1904,4208587.708,3762.770508
40.62344755,255110.2178,4208587.713,3762.768311
40.65130087,255110.2452,4208587.718,3762.763916
40.6791542,255110.2726,4208587.723,3762.762207
40.70700753,255110.3,4208587.728,3762.760498
40.73486085,255110.3274,4208587.733,3762.758301
40.76271418,255110.3548,4208587.738,3762.756348
40.7905675,255110.3822,4208587.743,3762.753906
40.81799834,255110.4097,4208587.743,3762.752441
40.84542918,255110.4371,4208587.743,3762.751465
40.87286002,255110.4645,4208587.743,3762.75
40.90029086,255110.492,4208587.743,3762.747559
40.92772169,255110.5194,4208587.743,3762.744141
40.95515253,255110.5468,4208587.743,3762.739746
40.98258337,255110.5742,4208587.743,3762.735107
41.01001421,255110.6017,4208587.743,3762.72998
41.03744504,255110.6291,4208587.743,3762.724121
41.06487588,255110.6565,4208587.743,3762.718506
41.09230672,255110.684,4208587.743,3762.712891
41.11973756,255110.7114,4208587.743,3762.707764
41.1471684,255110.7388,4208587.743,3762.702637
41.17459923,255110.7663,4208587.743,3762.69751
41.20203007,255110.7937,4208587.743,3762.692627
41.22946091,255110.8211,4208587.743,3762.688232
41.25689175,255110.8486,4208587.743,3762.68457
41.28432258,255110.876,4208587.743,3762.681641
41.31175342,255110.9034,4208587.743,3762.679199
41.33918426,255110.9309,4208587.743,3762.676758
41.3666151,255110.9583,4208587.743,3762.674805
41.39404594,255110.9857,4208587.743,3762.672852
41.42147677,255111.0131,4208587.743,3762.670898
41.44890761,255111.0406,4208587.743,3762.669434
41.47633845,255111.068,4208587.743,3762.668701
41.50376929,255111.0954,4208587.743,3762.668701
41.53120012,255111.1229,4208587.743,3762.670654
41.55863096,255111.1503,4208587.743,3762.676025
41.5860618,255111.1777,4208587.743,3762.681885
41.61349264,255111.2052,4208587.743,3762.687988
41.64092347,255111.2326,4208587.743,3762.694336
41.66835431,255111.26,4208587.743,3762.700684
41.69578515,255111.2875,4208587.743,3762.707275
41.72321599,255111.3149,4208587.743,3762.713379
41.75064683,255111.3423,4208587.743,3762.719482
41.77807766,255111.3697,4208587.743,3762.724854
41.8055085,255111.3972,4208587.743,3762.72998
41.83293934,255111.4246,4208587.743,3762.734863
41.86037018,255111.452,4208587.743,3762.739258
41.88780101,255111.4795,4208587.743,3762.742676
41.91523185,255111.5069,4208587.743,3762.746826
41.94266269,255111.5343,4208587.743,3762.750488
41.97009353,255111.5618,4208587.743,3762.753906
41.99752437,255111.5892,4208587.743,3762.756104
42.0249552,255111.6166,4208587.743,3762.758545
42.05238604,255111.6441,4208587.743,3762.760498
42.07981688,255111.6715,4208587.743,3762.761475
42.10724772,255111.6989,4208587.743,3762.762451
42.13467855,255111.7263,4208587.743,3762.762939
42.16210939,255111.7538,4208587.743,3762.762695
42.18954023,255111.7812,4208587.743,3762.761719
42.21697107,255111.8086,4208587.743,3762.760254
42.24440191,255111.8361,4208587.743,3762.757568
42.27183274,255111.8635,4208587.743,3762.755371
42.29926358,255111.8909,4208587.743,3762.752686
42.32669442,255111.9184,4208587.743,3762.749756
42.35412526,255111.9458,4208587.743,3762.746826
42.38155609,255111.9732,4208587.743,3762.744141
42.40898693,255112.0007,4208587.743,3762.740723
42.43641777,255112.0281,4208587.743,3762.738037
42.46384861,255112.0555,4208587.743,3762.73584
42.49127945,255112.0829,4208587.743,3762.734131
42.51871028,255112.1104,4208587.743,3762.732422
42.54614112,255112.1378,4208587.743,3762.731201
42.57357196,255112.1652,4208587.743,3762.730469
42.6010028,255112.1927,4208587.743,3762.730225
42.62843363,255112.2201,4208587.743,3762.730469
42.65586447,255112.2475,4208587.743,3762.731445
42.68329531,255112.275,4208587.743,3762.732666
42.71072615,255112.3024,4208587.743,3762.734619
42.73815699,255112.3298,4208587.743,3762.736084
42.76558782,255112.3573,4208587.743,3762.738037
42.79301866,255112.3847,4208587.743,3762.740723
42.8204495,255112.4121,4208587.743,3762.744385
42.84788034,255112.4395,4208587.743,3762.747803
42.87531117,255112.467,4208587.743,3762.752197
42.90274201,255112.4944,4208587.743,3762.75708
42.93017285,255112.5218,4208587.743,3762.762207
42.95760369,255112.5493,4208587.743,3762.768066
42.98503452,255112.5767,4208587.743,3762.77417
43.01246536,255112.6041,4208587.743,3762.780518
43.0398962,255112.6316,4208587.743,3762.787598
43.06732704,255112.659,4208587.743,3762.795166
43.09475788,255112.6864,4208587.743,3762.802979
43.12218871,255112.7139,4208587.743,3762.810547
43.14961955,255112.7413,4208587.743,3762.817627
43.17705039,255112.7687,4208587.743,3762.824707
43.20448123,255112.7961,4208587.743,3762.832764
43.23191206,255112.8236,4208587.743,3762.839355
43.2593429,255112.851,4208587.743,3762.845947
43.28677374,255112.8784,4208587.743,3762.853271
43.31420458,255112.9059,4208587.743,3762.859131
43.34163542,255112.9333,4208587.743,3762.863525
43.36906625,255112.9607,4208587.743,3762.866943
43.39649709,255112.9882,4208587.743,3762.869385
43.42392793,255113.0156,4208587.743,3762.871094
43.45135877,255113.043,4208587.743,3762.871582
43.4787896,255113.0705,4208587.743,3762.871094
43.50622044,255113.0979,4208587.743,3762.869629
43.53365128,255113.1253,4208587.743,3762.867188
43.56108212,255113.1527,4208587.743,3762.86377
43.58851296,255113.1802,4208587.743,3762.859375
43.61594379,255113.2076,4208587.743,3762.852539
43.64337463,255113.235,4208587.743,3762.844971
43.67080547,255113.2625,4208587.743,3762.836426
43.69823631,255113.2899,4208587.743,3762.82666
43.72566714,255113.3173,4208587.743,3762.815918
43.75309798,255113.3448,4208587.743,3762.803955
43.78052882,255113.3722,4208587.743,3762.791016
43.80795966,255113.3996,4208587.743,3762.777344
43.8353905,255113.4271,4208587.743,3762.763672
43.86282133,255113.4545,4208587.743,3762.749756
43.89025217,255113.4819,4208587.743,3762.736328
43.91768301,255113.5093,4208587.743,3762.721924
43.94511385,255113.5368,4208587.743,3762.709961
43.97254468,255113.5642,4208587.743,3762.696777
43.99997552,255113.5916,4208587.743,3762.685059
44.02740636,255113.6191,4208587.743,3762.674316
44.0548372,255113.6465,4208587.743,3762.664795
44.08226804,255113.6739,4208587.743,3762.655273
44.10969887,255113.7014,4208587.743,3762.64624
44.13712971,255113.7288,4208587.743,3762.637451
44.16456055,255113.7562,4208587.743,3762.630127
44.19199139,255113.7837,4208587.743,3762.624023
44.21942222,255113.8111,4208587.743,3762.618652
44.24685306,255113.8385,4208587.743,3762.614258
44.2742839,255113.866,4208587.743,3762.609619
44.30171474,255113.8934,4208587.743,3762.606445
44.32914557,255113.9208,4208587.743,3762.60376
44.35657641,255113.9482,4208587.743,3762.601807
44.38400725,255113.9757,4208587.743,3762.599609
44.41143809,255114.0031,4208587.743,3762.597656
44.43886893,255114.0305,4208587.743,3762.596924
44.46629976,255114.058,4208587.743,3762.596191
44.4937306,255114.0854,4208587.743,3762.595459
44.52116144,255114.1128,4208587.743,3762.594727
44.54859228,255114.1403,4208587.743,3762.594482
44.57602311,255114.1677,4208587.743,3762.594482
44.60345395,255114.1951,4208587.743,3762.594971
44.63088479,255114.2226,4208587.743,3762.595215
44.65831563,255114.25,4208587.743,3762.595459
44.68574647,255114.2774,4208587.743,3762.595947
44.7131773,255114.3048,4208587.743,3762.596191
44.74060814,255114.3323,4208587.743,3762.596191
44.76803898,255114.3597,4208587.743,3762.596436
44.79546982,255114.3871,4208587.743,3762.596436
44.82290065,255114.4146,4208587.743,3762.596436
44.85033149,255114.442,4208587.743,3762.59668
44.87776233,255114.4694,4208587.743,3762.59668
44.90519317,255114.4969,4208587.743,3762.59668
44.93262401,255114.5243,4208587.743,3762.59668
44.96005484,255114.5517,4208587.743,3762.596436
44.98748568,255114.5792,4208587.743,3762.596436
45.01491652,255114.6066,4208587.743,3762.596436
45.04234736,255114.634,4208587.743,3762.596436
45.06977819,255114.6614,4208587.743,3762.596191
45.09720903,255114.6889,4208587.743,3762.596191
45.12463987,255114.7163,4208587.743,3762.596191
45.15207071,255114.7437,4208587.743,3762.595947
45.17950155,255114.7712,4208587.743,3762.595459
45.20693238,255114.7986,4208587.743,3762.595215
45.23436322,255114.826,4208587.743,3762.594971
45.26179406,255114.8535,4208587.743,3762.594727
45.2892249,255114.8809,4208587.743,3762.593994
45.31665573,255114.9083,4208587.743,3762.593262
45.34408657,255114.9358,4208587.743,3762.592041
45.37151741,255114.9632,4208587.743,3762.59082
45.39894825,255114.9906,4208587.743,3762.5896
45.42637909,255115.018,4208587.743,3762.588379
45.45380992,255115.0455,4208587.743,3762.586914
45.48124076,255115.0729,4208587.743,3762.586182
45.5086716,255115.1003,4208587.743,3762.585693
45.53610244,255115.1278,4208587.743,3762.585693
45.56353327,255115.1552,4208587.743,3762.585938
45.59096411,255115.1826,4208587.743,3762.587158
45.61839495,255115.2101,4208587.743,3762.5896
45.64582579,255115.2375,4208587.743,3762.592285
45.67325662,255115.2649,4208587.743,3762.594727
45.70068746,255115.2924,4208587.743,3762.5979
45.7281183,255115.3198,4208587.743,3762.602295
45.75554914,255115.3472,4208587.743,3762.606201
45.78297998,255115.3746,4208587.743,3762.609375
45.81041081,255115.4021,4208587.743,3762.612793
45.83784165,255115.4295,4208587.743,3762.616211
45.86527249,255115.4569,4208587.743,3762.618896
45.89270333,255115.4844,4208587.743,3762.621582
45.92013416,255115.5118,4208587.743,3762.623291
45.947565,255115.5392,4208587.743,3762.624268
45.97499584,255115.5667,4208587.743,3762.624512
46.00242668,255115.5941,4208587.743,3762.624268
46.02985752,255115.6215,4208587.743,3762.623047
46.05728835,255115.649,4208587.743,3762.621094
46.08471919,255115.6764,4208587.743,3762.618896
46.11215003,255115.7038,4208587.743,3762.616699
46.13958087,255115.7312,4208587.743,3762.614258
46.1670117,255115.7587,4208587.743,3762.61084
46.19444254,255115.7861,4208587.743,3762.607666
46.22187338,255115.8135,4208587.743,3762.604736
46.24930422,255115.841,4208587.743,3762.600586
46.27673506,255115.8684,4208587.743,3762.59668
46.30416589,255115.8958,4208587.743,3762.593262
46.33159673,255115.9233,4208587.743,3762.589844
46.35902757,255115.9507,4208587.743,3762.586914
46.38645841,255115.9781,4208587.743,3762.58374
46.41388924,255116.0056,4208587.743,3762.580566
46.44132008,255116.033,4208587.743,3762.577393
46.46875092,255116.0604,4208587.743,3762.574707
46.49618176,255116.0878,4208587.743,3762.57251
46.5236126,255116.1153,4208587.743,3762.571045
46.55104343,255116.1427,4208587.743,3762.569824
46.57847427,255116.1701,4208587.743,3762.568848
46.60590511,255116.1976,4208587.743,3762.568359
46.63333595,255116.225,4208587.743,3762.568115
46.66076678,255116.2524,4208587.743,3762.568359
46.68819762,255116.2799,4208587.743,3762.568848
46.71562846,255116.3073,4208587.743,3762.570313
46.7430593,255116.3347,4208587.743,3762.571777
46.77049014,255116.3622,4208587.743,3762.57373
46.79792097,255116.3896,4208587.743,3762.574951
46.82535181,255116.417,4208587.743,3762.575928
46.85278265,255116.4444,4208587.743,3762.57666
46.88021349,255116.4719,4208587.743,3762.577637
46.90764432,255116.4993,4208587.743,3762.578857
46.93507516,255116.5267,4208587.743,3762.579834
46.962506,255116.5542,4208587.743,3762.581299
46.98993684,255116.5816,4208587.743,3762.583008
47.01736768,255116.609,4208587.743,3762.584473
47.04479851,255116.6365,4208587.743,3762.58667
47.07222935,255116.6639,4208587.743,3762.588623
47.09966019,255116.6913,4208587.743,3762.59082
47.12709103,255116.7188,4208587.743,3762.593018
47.15452186,255116.7462,4208587.743,3762.594238
47.1819527,255116.7736,4208587.743,3762.596436
47.20938354,255116.801,4208587.743,3762.597656
47.23681438,255116.8285,4208587.743,3762.598389
47.26424521,255116.8559,4208587.743,3762.598633
47.29167605,255116.8833,4208587.743,3762.598633
47.31910689,255116.9108,4208587.743,3762.598145
47.34653773,255116.9382,4208587.743,3762.59668
47.37396857,255116.9656,4208587.743,3762.593994
47.4013994,255116.9931,4208587.743,3762.591064
47.42883024,255117.0205,4208587.743,3762.587402
47.45626108,255117.0479,4208587.743,3762.582764
47.48369192,255117.0754,4208587.743,3762.577148
47.51112275,255117.1028,4208587.743,3762.572021
47.53855359,255117.1302,4208587.743,3762.566406
47.56598443,255117.1577,4208587.743,3762.560791
47.59341527,255117.1851,4208587.743,3762.554199
47.62084611,255117.2125,4208587.743,3762.548096
47.64827694,255117.2399,4208587.743,3762.542236
47.67570778,255117.2674,4208587.743,3762.535889
47.70313862,255117.2948,4208587.743,3762.530762
47.73056946,255117.3222,4208587.743,3762.525146
47.75800029,255117.3497,4208587.743,3762.520508
47.78543113,255117.3771,4208587.743,3762.516602
47.81286197,255117.4045,4208587.743,3762.513428
47.84029281,255117.432,4208587.743,3762.51123
47.86772365,255117.4594,4208587.743,3762.509277
47.89515448,255117.4868,4208587.743,3762.508301
47.92258532,255117.5143,4208587.743,3762.507813
47.95001616,255117.5417,4208587.743,3762.508057
47.977447,255117.5691,4208587.743,3762.508789
48.00487783,255117.5965,4208587.743,3762.509521
48.03230867,255117.624,4208587.743,3762.510254
48.05973951,255117.6514,4208587.743,3762.510986
48.08717035,255117.6788,4208587.743,3762.512207
48.11460119,255117.7063,4208587.743,3762.512939
48.14203202,255117.7337,4208587.743,3762.513428
48.16946286,255117.7611,4208587.743,3762.514404
48.1968937,255117.7886,4208587.743,3762.515137
48.22432454,255117.816,4208587.743,3762.515625
48.25175537,255117.8434,4208587.743,3762.516357
48.27918621,255117.8709,4208587.743,3762.516846
48.30661705,255117.8983,4208587.743,3762.517334
48.33404789,255117.9257,4208587.743,3762.517822
48.36147873,255117.9531,4208587.743,3762.518555
48.38890956,255117.9806,4208587.743,3762.519043
48.4163404,255118.008,4208587.743,3762.519531
48.44377124,255118.0354,4208587.743,3762.52002
48.47120208,255118.0629,4208587.743,3762.520508
48.49863291,255118.0903,4208587.743,3762.520752
48.52606375,255118.1177,4208587.743,3762.520996
48.55349459,255118.1452,4208587.743,3762.520996
48.58092543,255118.1726,4208587.743,3762.52124
48.60835626,255118.2,4208587.743,3762.521484
48.6357871,255118.2275,4208587.743,3762.521484
48.66321794,255118.2549,4208587.743,3762.52124
48.69064878,255118.2823,4208587.743,3762.520996
48.71807962,255118.3097,4208587.743,3762.520752
48.74551045,255118.3372,4208587.743,3762.520508
48.77294129,255118.3646,4208587.743,3762.520264
48.80037213,255118.392,4208587.743,3762.519775
48.82780297,255118.4195,4208587.743,3762.519287
48.8552338,255118.4469,4208587.743,3762.518799
48.88266464,255118.4743,4208587.743,3762.518555
48.91009548,255118.5018,4208587.743,3762.518555
48.93752632,255118.5292,4208587.743,3762.518555
48.96495716,255118.5566,4208587.743,3762.518799
48.99238799,255118.5841,4208587.743,3762.519287
49.01981883,255118.6115,4208587.743,3762.520264
49.04724967,255118.6389,4208587.743,3762.520996
49.07468051,255118.6663,4208587.743,3762.522705
49.10211134,255118.6938,4208587.743,3762.524658
49.12954218,255118.7212,4208587.743,3762.5271
49.15697302,255118.7486,4208587.743,3762.529785
49.18440386,255118.7761,4208587.743,3762.532959
49.2118347,255118.8035,4208587.743,3762.536621
49.23926553,255118.8309,4208587.743,3762.540771
49.26669637,255118.8584,4208587.743,3762.545166
49.29412721,255118.8858,4208587.743,3762.549561
49.32155805,255118.9132,4208587.743,3762.554688
49.34898888,255118.9407,4208587.743,3762.560059
49.37641972,255118.9681,4208587.743,3762.564697
49.40385056,255118.9955,4208587.743,3762.569336
49.4312814,255119.0229,4208587.743,3762.574219
49.45871224,255119.0504,4208587.743,3762.579102
49.48614307,255119.0778,4208587.743,3762.584229
49.51357391,255119.1052,4208587.743,3762.589111
49.54100475,255119.1327,4208587.743,3762.594482
49.56843559,255119.1601,4208587.743,3762.599854
49.59586642,255119.1875,4208587.743,3762.605469
49.62329726,255119.215,4208587.743,3762.611328
49.6507281,255119.2424,4208587.743,3762.617188
49.67815894,255119.2698,4208587.743,3762.623535
49.70558978,255119.2973,4208587.743,3762.630859
49.73302061,255119.3247,4208587.743,3762.638916
49.76045145,255119.3521,4208587.743,3762.647461
49.78788229,255119.3795,4208587.743,3762.656738
49.81531313,255119.407,4208587.743,3762.665283
49.84274396,255119.4344,4208587.743,3762.67334
49.8701748,255119.4618,4208587.743,3762.681152
49.89760564,255119.4893,4208587.743,3762.687988
49.92503648,255119.5167,4208587.743,3762.694336
49.95246731,255119.5441,4208587.743,3762.699951
49.97989815,255119.5716,4208587.743,3762.705566
50.00732899,255119.599,4208587.743,3762.710938
50.03475983,255119.6264,4208587.743,3762.71582
50.06219067,255119.6539,4208587.743,3762.720703
50.0896215,255119.6813,4208587.743,3762.725098
50.11705234,255119.7087,4208587.743,3762.729736
50.14448318,255119.7361,4208587.743,3762.733643
50.17191402,255119.7636,4208587.743,3762.738281
50.19934485,255119.791,4208587.743,3762.742188
50.22677569,255119.8184,4208587.743,3762.746582
50.25420653,255119.8459,4208587.743,3762.750732
50.28163737,255119.8733,4208587.743,3762.754639
50.30906821,255119.9007,4208587.743,3762.757568
50.33649904,255119.9282,4208587.743,3762.760498
50.36392988,255119.9556,4208587.743,3762.762451
50.39136072,255119.983,4208587.743,3762.764648
50.41879156,255120.0105,4208587.743,3762.766846
50.44622239,255120.0379,4208587.743,3762.768799
50.47365323,255120.0653,4208587.743,3762.769531
50.50108407,255120.0928,4208587.743,3762.769775
50.52851491,255120.1202,4208587.743,3762.77002
50.55594575,255120.1476,4208587.743,3762.77002
50.58337658,255120.175,4208587.743,3762.77002
50.61080742,255120.2025,4208587.743,3762.769531
50.63823826,255120.2299,4208587.743,3762.769531
50.6656691,255120.2573,4208587.743,3762.769287
50.69309993,255120.2848,4208587.743,3762.768799
50.72053077,255120.3122,4208587.743,3762.767822
50.74796161,255120.3396,4208587.743,3762.767578
50.77539245,255120.3671,4208587.743,3762.767334
50.80282329,255120.3945,4208587.743,3762.766846
50.83025412,255120.4219,4208587.743,3762.766357
50.85768496,255120.4494,4208587.743,3762.765869
50.8851158,255120.4768,4208587.743,3762.765869
50.91254664,255120.5042,4208587.743,3762.765869
50.93997747,255120.5316,4208587.743,3762.765869
50.96740831,255120.5591,4208587.743,3762.766602
50.99483915,255120.5865,4208587.743,3762.767578
51.02229027,255120.6139,4208587.742,3762.768066
51.04974139,255120.6414,4208587.741,3762.768555
51.07719251,255120.6688,4208587.74,3762.782471
51.10464363,255120.6962,4208587.739,3762.783691
51.13209475,255120.7237,4208587.737,3762.784668
51.15954587,255120.7511,4208587.736,3762.785889
51.18699698,255120.7785,4208587.735,3762.786621
51.2144481,255120.806,4208587.734,3762.786621
51.24189922,255120.8334,4208587.733,3762.786133
51.26935034,255120.8608,4208587.732,3762.784912
51.29680146,255120.8882,4208587.731,3762.783691
51.32425258,255120.9157,4208587.73,3762.781494
51.3517037,255120.9431,4208587.729,3762.779785
51.37915482,255120.9705,4208587.728,3762.778076
51.40660594,255120.998,4208587.727,3762.776123
51.43405706,255121.0254,4208587.726,3762.773193
51.46150818,255121.0528,4208587.725,3762.769043
51.4889593,255121.0803,4208587.724,3762.765381
51.51641042,255121.1077,4208587.723,3762.760986
51.54386154,255121.1351,4208587.722,3762.758057
51.57131266,255121.1626,4208587.721,3762.753906
51.59876378,255121.19,4208587.72,3762.749512
51.62621489,255121.2174,4208587.718,3762.744385
51.65366601,255121.2448,4208587.717,3762.739014
51.68111713,255121.2723,4208587.716,3762.733154
51.70856825,255121.2997,4208587.715,3762.727295
51.73601937,255121.3271,4208587.714,3762.721191
51.76347049,255121.3546,4208587.713,3762.714844
51.79092161,255121.382,4208587.712,3762.717529
51.81837273,255121.4094,4208587.711,3762.710938
51.84582385,255121.4369,4208587.71,3762.705078
51.87327497,255121.4643,4208587.709,3762.698486
51.90072609,255121.4917,4208587.708,3762.692627
51.92817721,255121.5192,4208587.707,3762.686768
51.95562833,255121.5466,4208587.706,3762.680664
51.98307945,255121.574,4208587.705,3762.673584
52.01053057,255121.6014,4208587.704,3762.666748
52.03798168,255121.6289,4208587.703,3762.65918
52.0654328,255121.6563,4208587.702,3762.651855
52.09288392,255121.6837,4208587.701,3762.645264
52.12033504,255121.7112,4208587.699,3762.638672
52.14778616,255121.7386,4208587.698,3762.633057
52.17523728,255121.766,4208587.697,3762.628418
52.2026884,255121.7935,4208587.696,3762.624023
52.23013952,255121.8209,4208587.695,3762.619873
52.25759064,255121.8483,4208587.694,3762.615723
52.28504176,255121.8758,4208587.693,3762.611816
52.31249288,255121.9032,4208587.692,3762.608643
52.339944,255121.9306,4208587.691,3762.605469
52.36739512,255121.958,4208587.69,3762.602295
52.39484624,255121.9855,4208587.689,3762.599365
52.42229736,255122.0129,4208587.688,3762.596924
52.44974847,255122.0403,4208587.687,3762.594238
52.47719959,255122.0678,4208587.686,3762.592041
52.50465071,255122.0952,4208587.685,3762.594727
52.53210183,255122.1226,4208587.684,3762.592529
52.55955295,255122.1501,4208587.683,3762.590576
52.58700407,255122.1775,4208587.682,3762.588623
52.61445519,255122.2049,4208587.68,3762.58667
52.64190631,255122.2324,4208587.679,3762.584473
52.66935743,255122.2598,4208587.678,3762.582275
52.69680855,255122.2872,4208587.677,3762.580078
52.72425967,255122.3146,4208587.676,3762.578125
52.75171079,255122.3421,4208587.675,3762.575928
52.77916191,255122.3695,4208587.674,3762.573486
52.80661303,255122.3969,4208587.673,3762.571045
52.83406415,255122.4244,4208587.672,3762.568359
52.86151526,255122.4518,4208587.671,3762.56543
52.88896638,255122.4792,4208587.67,3762.561768
52.9164175,255122.5067,4208587.669,3762.55835
52.94386862,255122.5341,4208587.668,3762.554443
52.97131974,255122.5615,4208587.667,3762.550537
52.99877086,255122.589,4208587.666,3762.546387
53.02622198,255122.6164,4208587.665,3762.541992
53.0536731,255122.6438,4208587.664,3762.537598
53.08112422,255122.6712,4208587.663,3762.533203
53.10857534,255122.6987,4208587.662,3762.528809
53.13602646,255122.7261,4208587.66,3762.524902
53.16347758,255122.7535,4208587.659,3762.520264
53.1909287,255122.781,4208587.658,3762.51709
53.21837982,255122.8084,4208587.657,3762.524902
53.24583094,255122.8358,4208587.656,3762.520508
53.27328205,255122.8633,4208587.655,3762.518066
53.30073317,255122.8907,4208587.654,3762.516846
53.32818429,255122.9181,4208587.653,3762.515625
53.35563541,255122.9456,4208587.652,3762.513672
53.38308653,255122.973,4208587.651,3762.511719
53.41053765,255123.0004,4208587.65,3762.510498
53.43798877,255123.0278,4208587.649,3762.509766
53.46543989,255123.0553,4208587.648,3762.508789
53.49289101,255123.0827,4208587.647,3762.507813
53.52034213,255123.1101,4208587.646,3762.507324
53.54779325,255123.1376,4208587.645,3762.506836
53.57524437,255123.165,4208587.644,3762.506592
53.60269549,255123.1924,4208587.643,3762.506104
53.63014661,255123.2199,4208587.641,3762.505615
53.65759773,255123.2473,4208587.64,3762.505127
53.68504884,255123.2747,4208587.639,3762.504883
53.71249996,255123.3022,4208587.638,3762.504883
53.73995108,255123.3296,4208587.637,3762.504395
53.7674022,255123.357,4208587.636,3762.503906
53.79485332,255123.3845,4208587.635,3762.503662
53.82230444,255123.4119,4208587.634,3762.503662
53.84975556,255123.4393,4208587.633,3762.503174
53.87720668,255123.4667,4208587.632,3762.502686
53.9046578,255123.4942,4208587.631,3762.517822
53.93210892,255123.5216,4208587.63,3762.517822
53.95956004,255123.549,4208587.629,3762.518066
53.98701116,255123.5765,4208587.628,3762.518066
54.01446228,255123.6039,4208587.627,3762.518066
54.0419134,255123.6313,4208587.626,3762.518555
54.06936452,255123.6588,4208587.625,3762.520264
54.09681563,255123.6862,4208587.624,3762.520752
54.12426675,255123.7136,4208587.622,3762.52124
54.15171787,255123.7411,4208587.621,3762.521484
54.17916899,255123.7685,4208587.62,3762.522217
54.20662011,255123.7959,4208587.619,3762.524414
54.23407123,255123.8233,4208587.618,3762.527344
54.26152235,255123.8508,4208587.617,3762.53125
54.28897347,255123.8782,4208587.616,3762.536377
54.31642459,255123.9056,4208587.615,3762.540527
54.34387571,255123.9331,4208587.614,3762.544434
54.37132683,255123.9605,4208587.613,3762.551758
54.39877795,255123.9879,4208587.612,3762.558838
54.42622907,255124.0154,4208587.611,3762.564941
54.45368019,255124.0428,4208587.61,3762.573486
54.48113131,255124.0702,4208587.609,3762.581055
54.50858242,255124.0977,4208587.608,3762.588379
54.53603354,255124.1251,4208587.607,3762.596924
54.56348466,255124.1525,4208587.606,3762.604004
54.59093578,255124.1799,4208587.605,3762.610352
54.6183869,255124.2074,4208587.603,3762.640625
54.64583802,255124.2348,4208587.602,3762.646484
54.67328914,255124.2622,4208587.601,3762.6521
54.70074026,255124.2897,4208587.6,3762.656982
54.72819138,255124.3171,4208587.599,3762.661621
54.7556425,255124.3445,4208587.598,3762.666016
54.78309362,255124.372,4208587.597,3762.671387
54.81054474,255124.3994,4208587.596,3762.675293
54.83799586,255124.4268,4208587.595,3762.678955
54.86544698,255124.4543,4208587.594,3762.683105
54.8928981,255124.4817,4208587.593,3762.687256
54.92034922,255124.5091,4208587.592,3762.691406
54.94780033,255124.5365,4208587.591,3762.695313
54.97525145,255124.564,4208587.59,3762.69873
55.00270257,255124.5914,4208587.589,3762.701904
55.03015369,255124.6188,4208587.588,3762.705566
55.05760481,255124.6463,4208587.587,3762.709473
55.08505593,255124.6737,4208587.586,3762.713135
55.11250705,255124.7011,4208587.584,3762.716553
55.13995817,255124.7286,4208587.583,3762.719238
55.16740929,255124.756,4208587.582,3762.72168
55.19486041,255124.7834,4208587.581,3762.723877
55.22231153,255124.8109,4208587.58,3762.726074
55.24976265,255124.8383,4208587.579,3762.728027
55.27721377,255124.8657,4208587.578,3762.729736
55.30466489,255124.8931,4208587.577,3762.731445
55.33211601,255124.9206,4208587.576,3762.740967
55.35956712,255124.948,4208587.575,3762.741943
55.38701824,255124.9754,4208587.574,3762.74292
55.41446936,255125.0029,4208587.573,3762.743652
55.44192048,255125.0303,4208587.572,3762.744629
55.4693716,255125.0577,4208587.571,3762.745361
55.49682272,255125.0852,4208587.57,3762.74585
55.52427384,255125.1126,4208587.569,3762.746582
55.55172496,255125.14,4208587.568,3762.747559
55.57917608,255125.1675,4208587.567,3762.748291
55.6066272,255125.1949,4208587.565,3762.749023
55.63407832,255125.2223,4208587.564,3762.749756
55.66152944,255125.2497,4208587.563,3762.750488
55.68898056,255125.2772,4208587.562,3762.751465
55.71643168,255125.3046,4208587.561,3762.751953
55.7438828,255125.332,4208587.56,3762.75293
55.77133391,255125.3595,4208587.559,3762.75415
55.79878503,255125.3869,4208587.558,3762.755371
55.82623615,255125.4143,4208587.557,3762.756348
55.85368727,255125.4418,4208587.556,3762.757813
55.88113839,255125.4692,4208587.555,3762.759277
55.90858951,255125.4966,4208587.554,3762.760498
55.93604063,255125.5241,4208587.553,3762.761963
55.96349175,255125.5515,4208587.552,3762.763184
55.99094287,255125.5789,4208587.551,3762.763916
56.01839399,255125.6063,4208587.55,3762.764648
56.04584511,255125.6338,4208587.549,3762.773926
56.07329623,255125.6612,4208587.548,3762.775146
56.10074735,255125.6886,4208587.547,3762.775879
56.12819847,255125.7161,4208587.545,3762.776367
56.15564959,255125.7435,4208587.544,3762.776855
56.1831007,255125.7709,4208587.543,3762.7771
56.21055182,255125.7984,4208587.542,3762.777344
56.23800294,255125.8258,4208587.541,3762.777344
56.26545406,255125.8532,4208587.54,3762.777344
56.29290518,255125.8807,4208587.539,3762.7771
56.3203563,255125.9081,4208587.538,3762.776855
56.34780742,255125.9355,4208587.537,3762.775879
56.37525854,255125.9629,4208587.536,3762.774902
56.40270966,255125.9904,4208587.535,3762.773682
56.43016078,255126.0178,4208587.534,3762.771973
56.4576119,255126.0452,4208587.533,3762.770752
56.48506302,255126.0727,4208587.532,3762.769043
56.51251414,255126.1001,4208587.531,3762.766357
56.53996526,255126.1275,4208587.53,3762.763672
56.56741638,255126.155,4208587.529,3762.760498
56.59486749,255126.1824,4208587.528,3762.75708
56.62231861,255126.2098,4208587.526,3762.753418
56.64976973,255126.2373,4208587.525,3762.748779
56.67722085,255126.2647,4208587.524,3762.743652
56.70467197,255126.2921,4208587.523,3762.738281
56.73212309,255126.3196,4208587.522,3762.732178
56.75957421,255126.347,4208587.521,3762.737305
56.78702533,255126.3744,4208587.52,3762.730225
56.81447645,255126.4018,4208587.519,3762.723389
56.84192757,255126.4293,4208587.518,3762.716309
56.86937869,255126.4567,4208587.517,3762.709473
56.89682981,255126.4841,4208587.516,3762.701904
56.92428093,255126.5116,4208587.515,3762.695068
56.95173205,255126.539,4208587.514,3762.688477
56.97918317,255126.5664,4208587.513,3762.682129
57.00663428,255126.5939,4208587.512,3762.675537
57.0340854,255126.6213,4208587.511,3762.668945
57.06153652,255126.6487,4208587.51,3762.66333
57.08898764,255126.6762,4208587.509,3762.657227
57.11643876,255126.7036,4208587.507,3762.651367
57.14388988,255126.731,4208587.506,3762.645752
57.171341,255126.7584,4208587.505,3762.639893
57.19879212,255126.7859,4208587.504,3762.633789
57.22624324,255126.8133,4208587.503,3762.627441
57.25369436,255126.8407,4208587.502,3762.621338
57.28114548,255126.8682,4208587.501,3762.61499
57.3085966,255126.8956,4208587.5,3762.608398
57.33604772,255126.923,4208587.499,3762.601807
57.36349884,255126.9505,4208587.498,3762.595215
57.39094996,255126.9779,4208587.497,3762.588623
57.41840107,255127.0053,4208587.496,3762.581787
57.44585219,255127.0328,4208587.495,3762.574951
57.47330331,255127.0602,4208587.494,3762.578125
57.50075443,255127.0876,4208587.493,3762.571777
57.52820555,255127.115,4208587.492,3762.565918
57.55565667,255127.1425,4208587.491,3762.55957
57.58310779,255127.1699,4208587.49,3762.552979
57.61055891,255127.1973,4208587.488,3762.546631
57.63801003,255127.2248,4208587.487,3762.540283
57.66546115,255127.2522,4208587.486,3762.53418
57.69291227,255127.2796,4208587.485,3762.528076
57.72036339,255127.3071,4208587.484,3762.522217
57.74781451,255127.3345,4208587.483,3762.516602
57.77526563,255127.3619,4208587.482,3762.511963
57.80271675,255127.3894,4208587.481,3762.507568
57.83016786,255127.4168,4208587.48,3762.503662
57.85761898,255127.4442,4208587.479,3762.5
57.8850701,255127.4716,4208587.478,3762.496338
57.91252122,255127.4991,4208587.477,3762.49292
57.93997234,255127.5265,4208587.476,3762.489258
57.96742346,255127.5539,4208587.475,3762.485352
57.99487458,255127.5814,4208587.474,3762.481689
58.0223257,255127.6088,4208587.473,3762.477783
58.04977682,255127.6362,4208587.472,3762.474121
58.07722794,255127.6637,4208587.471,3762.470703
58.10467906,255127.6911,4208587.469,3762.466797
58.13213018,255127.7185,4208587.468,3762.462891
58.1595813,255127.746,4208587.467,3762.458496
58.18703242,255127.7734,4208587.466,3762.467285
58.21448354,255127.8008,4208587.465,3762.462891
58.24193465,255127.8282,4208587.464,3762.458252
58.26938577,255127.8557,4208587.463,3762.453369
58.29683689,255127.8831,4208587.462,3762.448486
58.32428801,255127.9105,4208587.461,3762.443115
58.35173913,255127.938,4208587.46,3762.437012
58.37919025,255127.9654,4208587.459,3762.431396
58.40664137,255127.9928,4208587.458,3762.425781
58.43409249,255128.0203,4208587.457,3762.419434
58.46154361,255128.0477,4208587.456,3762.412354
58.48899473,255128.0751,4208587.455,3762.405273
58.51644585,255128.1026,4208587.454,3762.397949
58.54389697,255128.13,4208587.453,3762.391602
58.57134809,255128.1574,4208587.452,3762.385986
58.59879921,255128.1848,4208587.45,3762.379639
58.62625033,255128.2123,4208587.449,3762.373291
58.65370145,255128.2397,4208587.448,3762.367188
58.68115256,255128.2671,4208587.447,3762.362305
58.70860368,255128.2946,4208587.446,3762.357178
58.7360548,255128.322,4208587.445,3762.351807
58.76350592,255128.3494,4208587.444,3762.347656
58.79095704,255128.3769,4208587.443,3762.343262
58.81840816,255128.4043,4208587.442,3762.339111
58.84585928,255128.4317,4208587.441,3762.335205
58.8733104,255128.4592,4208587.44,3762.331787
58.90076152,255128.4866,4208587.439,3762.341309
58.92821264,255128.514,4208587.438,3762.337646
58.95566376,255128.5414,4208587.437,3762.333984
58.98311488,255128.5689,4208587.436,3762.330566
59.010566,255128.5963,4208587.435,3762.326904
59.03801712,255128.6237,4208587.434,3762.323975
59.06546824,255128.6512,4208587.433,3762.320557
59.09291935,255128.6786,4208587.432,3762.316895
59.12037047,255128.706,4208587.43,3762.313477
59.14782159,255128.7335,4208587.429,3762.310059
59.17527271,255128.7609,4208587.428,3762.306152
59.20272383,255128.7883,4208587.427,3762.302734
59.23017495,255128.8158,4208587.426,3762.299316
59.25762607,255128.8432,4208587.425,3762.295898
59.28507719,255128.8706,4208587.424,3762.292725
59.31252831,255128.898,4208587.423,3762.289551
59.33997943,255128.9255,4208587.422,3762.287354
59.36743055,255128.9529,4208587.421,3762.284668
59.39488167,255128.9803,4208587.42,3762.281982
59.42233279,255129.0078,4208587.419,3762.279785
59.44978391,255129.0352,4208587.418,3762.278076
59.47723503,255129.0626,4208587.417,3762.276855
59.50468614,255129.0901,4208587.416,3762.276123
59.53213726,255129.1175,4208587.415,3762.275879
59.55958838,255129.1449,4208587.414,3762.276123
59.5870395,255129.1724,4208587.413,3762.2771
59.61449062,255129.1998,4208587.411,3762.286133
59.64194174,255129.2272,4208587.41,3762.287598
59.66939286,255129.2547,4208587.409,3762.289551
59.69684398,255129.2821,4208587.408,3762.291992
59.7242951,255129.3095,4208587.407,3762.294678
59.75174622,255129.3369,4208587.406,3762.297363
59.77919734,255129.3644,4208587.405,3762.299561
59.80664846,255129.3918,4208587.404,3762.30249
59.83409958,255129.4192,4208587.403,3762.305664
59.8615507,255129.4467,4208587.402,3762.308838
59.88900182,255129.4741,4208587.401,3762.311768
59.91645293,255129.5015,4208587.4,3762.31543
59.94390405,255129.529,4208587.399,3762.319092
59.97135517,255129.5564,4208587.398,3762.322266
59.99880629,255129.5838,4208587.397,3762.325195
60.02625741,255129.6113,4208587.396,3762.327881
60.05370853,255129.6387,4208587.395,3762.329346
60.08115965,255129.6661,4208587.394,3762.330322
60.10861077,255129.6935,4208587.392,3762.331055
60.13606189,255129.721,4208587.391,3762.331543
60.16351301,255129.7484,4208587.39,3762.331787
60.19096413,255129.7758,4208587.389,3762.332031
60.21841525,255129.8033,4208587.388,3762.332031
60.24586637,255129.8307,4208587.387,3762.332031
60.27331749,255129.8581,4208587.386,3762.332031
60.30076861,255129.8856,4208587.385,3762.332031
60.32821972,255129.913,4208587.384,3762.331787
60.35567084,255129.9404,4208587.383,3762.331543
60.38312196,255129.9679,4208587.382,3762.331055
60.41057308,255129.9953,4208587.381,3762.330322
60.4380242,255130.0227,4208587.38,3762.32959
60.46547532,255130.0501,4208587.379,3762.328613
60.49292644,255130.0776,4208587.378,3762.32666
60.52037756,255130.105,4208587.377,3762.323975
60.54782868,255130.1324,4208587.376,3762.319824
60.5752798,255130.1599,4208587.375,3762.314453
60.60273092,255130.1873,4208587.373,3762.307617
60.63018204,255130.2147,4208587.372,3762.299316
60.65763316,255130.2422,4208587.371,3762.29126
60.68508428,255130.2696,4208587.37,3762.283203
60.7125354,255130.297,4208587.369,3762.274902
60.73998651,255130.3245,4208587.368,3762.266602
60.76743763,255130.3519,4208587.367,3762.259033
60.79488875,255130.3793,4208587.366,3762.251709
60.82233987,255130.4067,4208587.365,3762.244873
60.84979099,255130.4342,4208587.364,3762.238281
60.87724211,255130.4616,4208587.363,3762.232178
60.90469323,255130.489,4208587.362,3762.226318
60.93214435,255130.5165,4208587.361,3762.221436
60.95959547,255130.5439,4208587.36,3762.217041
60.98704659,255130.5713,4208587.359,3762.213135
61.01449771,255130.5988,4208587.358,3762.210449
61.04194883,255130.6262,4208587.357,3762.201172
61.06939995,255130.6536,4208587.356,3762.199463
61.09685107,255130.6811,4208587.354,3762.197998
61.12430219,255130.7085,4208587.353,3762.197754
61.1517533,255130.7359,4208587.352,3762.198975
61.17920442,255130.7633,4208587.351,3762.201172
61.20665554,255130.7908,4208587.35,3762.205566
61.23410666,255130.8182,4208587.349,3762.209961
61.26155778,255130.8456,4208587.348,3762.2146
61.2890089,255130.8731,4208587.347,3762.221436
61.31646002,255130.9005,4208587.346,3762.229004
61.34391114,255130.9279,4208587.345,3762.237305
61.37136226,255130.9554,4208587.344,3762.246582
61.39881338,255130.9828,4208587.343,3762.256104
61.4262645,255131.0102,4208587.342,3762.265625
61.45371562,255131.0377,4208587.341,3762.275391
61.48116674,255131.0651,4208587.34,3762.284424
61.50861786,255131.0925,4208587.339,3762.291748
61.53606898,255131.1199,4208587.338,3762.299316
61.56352009,255131.1474,4208587.337,3762.304932
61.59097121,255131.1748,4208587.335,3762.310059
61.61842233,255131.2022,4208587.334,3762.313965
61.64587345,255131.2297,4208587.333,3762.317383
61.67332457,255131.2571,4208587.332,3762.320557
61.70077569,255131.2845,4208587.331,3762.323486
61.72822681,255131.312,4208587.33,3762.325928
61.75567793,255131.3394,4208587.329,3762.315918
61.78312905,255131.3668,4208587.328,3762.318359
61.81058017,255131.3943,4208587.327,3762.321045
61.83803129,255131.4217,4208587.326,3762.322998
61.86548241,255131.4491,4208587.325,3762.325195
61.89293353,255131.4765,4208587.324,3762.32666
61.92038465,255131.504,4208587.323,3762.328125
61.94783577,255131.5314,4208587.322,3762.32959
61.97528689,255131.5588,4208587.321,3762.331299
62.002738,255131.5863,4208587.32,3762.333984
62.03018912,255131.6137,4208587.319,3762.336182
62.05764024,255131.6411,4208587.318,3762.337646
62.08611251,255131.6685,4208587.31,3762.338623
62.11458478,255131.6959,4208587.302,3762.32666
62.14305705,255131.7233,4208587.294,3762.327881
62.17152932,255131.7506,4208587.286,3762.329102
62.20000159,255131.778,4208587.278,3762.330811
62.22847386,255131.8054,4208587.271,3762.319824
62.25694613,255131.8328,4208587.263,3762.321289
62.2854184,255131.8601,4208587.255,3762.323242
62.31389067,255131.8875,4208587.247,3762.312744
62.34236294,255131.9149,4208587.239,3762.313477
62.37083521,255131.9423,4208587.232,3762.314453
62.39930748,255131.9697,4208587.224,3762.315674
62.42777975,255131.997,4208587.216,3762.310059
62.45625202,255132.0244,4208587.208,3762.311523
62.48472429,255132.0518,4208587.2,3762.3125
62.51319656,255132.0792,4208587.192,3762.30835
62.54166883,255132.1065,4208587.185,3762.308838
62.5701411,255132.1339,4208587.177,3762.30957
62.59861337,255132.1613,4208587.169,3762.310059
62.62708564,255132.1887,4208587.161,3762.307617
62.65555791,255132.216,4208587.153,3762.307617
62.68403017,255132.2434,4208587.145,3762.307373
62.71250244,255132.2708,4208587.138,3762.303467
62.74097471,255132.2982,4208587.13,3762.302979
62.76944698,255132.3256,4208587.122,3762.302002
62.79791925,255132.3529,4208587.114,3762.300781
62.82639152,255132.3803,4208587.106,3762.298096
62.85486379,255132.4077,4208587.099,3762.296143
62.88333606,255132.4351,4208587.091,3762.293213
62.91180833,255132.4624,4208587.083,3762.286377
62.9402806,255132.4898,4208587.075,3762.282959
62.96875287,255132.5172,4208587.067,3762.280273
62.99722514,255132.5446,4208587.059,3762.276855
63.02569741,255132.5719,4208587.052,3762.27002
63.05416968,255132.5993,4208587.044,3762.26709
63.08264195,255132.6267,4208587.036,3762.264404
63.11111422,255132.6541,4208587.028,3762.258301
63.13958649,255132.6815,4208587.02,3762.255615
63.16805876,255132.7088,4208587.013,3762.253662
63.19653103,255132.7362,4208587.005,3762.252197
63.2250033,255132.7636,4208586.997,3762.247314
63.25347557,255132.791,4208586.989,3762.246338
63.28194784,255132.8183,4208586.981,3762.246338
63.31042011,255132.8457,4208586.973,3762.240723
63.33889238,255132.8731,4208586.966,3762.241699
63.36736465,255132.9005,4208586.958,3762.243164
63.39583692,255132.9278,4208586.95,3762.245117
63.42430919,255132.9552,4208586.942,3762.238281
63.45278145,255132.9826,4208586.934,3762.23999
63.48125372,255133.01,4208586.926,3762.241699
63.50972599,255133.0373,4208586.919,3762.233887
63.53819826,255133.0647,4208586.911,3762.235596
63.56667053,255133.0921,4208586.903,3762.237305
63.5951428,255133.1195,4208586.895,3762.238525
63.62361507,255133.1469,4208586.887,3762.227295
63.65208734,255133.1742,4208586.88,3762.228516
63.68055961,255133.2016,4208586.872,3762.229492
63.70903188,255133.229,4208586.864,3762.220459
63.73750415,255133.2564,4208586.856,3762.221191
63.76597642,255133.2837,4208586.848,3762.22168
63.79444869,255133.3111,4208586.84,3762.221924
63.82292096,255133.3385,4208586.833,3762.209717
63.85139323,255133.3659,4208586.825,3762.209473
63.8798655,255133.3932,4208586.817,3762.208984
63.90833777,255133.4206,4208586.809,3762.197754
63.93681004,255133.448,4208586.801,3762.197021
63.96528231,255133.4754,4208586.793,3762.196289
63.99375458,255133.5028,4208586.786,3762.195313
64.02222685,255133.5301,4208586.778,3762.18042
64.05069912,255133.5575,4208586.77,3762.179443
64.07917139,255133.5849,4208586.762,3762.178711
64.10764366,255133.6123,4208586.754,3762.162598
64.13611593,255133.6396,4208586.747,3762.162109
64.1645882,255133.667,4208586.739,3762.161377
64.19306046,255133.6944,4208586.731,3762.160889
64.22153273,255133.7218,4208586.723,3762.142334
64.250005,255133.7491,4208586.715,3762.142334
64.27847727,255133.7765,4208586.707,3762.142578
64.30694954,255133.8039,4208586.7,3762.125
64.33542181,255133.8313,4208586.692,3762.125244
64.36389408,255133.8587,4208586.684,3762.126465
64.39236635,255133.886,4208586.676,3762.128174
64.42083862,255133.9134,4208586.668,3762.109375
64.44931089,255133.9408,4208586.661,3762.109863
64.47778316,255133.9682,4208586.653,3762.110352
64.50625543,255133.9955,4208586.645,3762.089844
64.5347277,255134.0229,4208586.637,3762.089844
64.56319997,255134.0503,4208586.629,3762.090088
64.59167224,255134.0777,4208586.621,3762.090576
64.62014451,255134.105,4208586.614,3762.073242
64.64861678,255134.1324,4208586.606,3762.07373
64.67708905,255134.1598,4208586.598,3762.073975
64.70556132,255134.1872,4208586.59,3762.054199
64.73403359,255134.2145,4208586.582,3762.053711
64.76250586,255134.2419,4208586.574,3762.053467
64.79097813,255134.2693,4208586.567,3762.053223
64.8194504,255134.2967,4208586.559,3762.032471
64.84792267,255134.3241,4208586.551,3762.032227
64.87639494,255134.3514,4208586.543,3762.03125
64.90486721,255134.3788,4208586.535,3762.008057
64.93333948,255134.4062,4208586.528,3762.006104
64.96181174,255134.4336,4208586.52,3762.003906
64.99028401,255134.4609,4208586.512,3762.002441
65.01875628,255134.4883,4208586.504,3761.974365
65.04722855,255134.5157,4208586.496,3761.973389
65.07570082,255134.5431,4208586.488,3761.97168
65.10417309,255134.5704,4208586.481,3761.942139
65.13264536,255134.5978,4208586.473,3761.939697
65.16111763,255134.6252,4208586.465,3761.937744
65.1895899,255134.6526,4208586.457,3761.936035
65.21806217,255134.68,4208586.449,3761.904297
65.24653444,255134.7073,4208586.442,3761.902832
65.27500671,255134.7347,4208586.434,3761.901611
65.30347898,255134.7621,4208586.426,3761.87085
65.33195125,255134.7895,4208586.418,3761.869629
65.36042352,255134.8168,4208586.41,3761.868652
65.38889579,255134.8442,4208586.402,3761.868408
65.41736806,255134.8716,4208586.395,3761.841553
65.44584033,255134.899,4208586.387,3761.841797
65.4743126,255134.9263,4208586.379,3761.842773
65.50278487,255134.9537,4208586.371,3761.819824
65.53125714,255134.9811,4208586.363,3761.820557
65.55972941,255135.0085,4208586.355,3761.821777
65.58820168,255135.0359,4208586.348,3761.82373
65.61667395,255135.0632,4208586.34,3761.800537
65.64514622,255135.0906,4208586.332,3761.801025
65.67361849,255135.118,4208586.324,3761.80127
65.70209075,255135.1454,4208586.316,3761.781494
65.73056302,255135.1727,4208586.309,3761.780762
65.75903529,255135.2001,4208586.301,3761.779541
65.78750756,255135.2275,4208586.293,3761.777588
65.81597983,255135.2549,4208586.285,3761.755615
65.8444521,255135.2822,4208586.277,3761.751953
65.87292437,255135.3096,4208586.269,3761.748535
65.90139664,255135.337,4208586.262,3761.728516
65.92986891,255135.3644,4208586.254,3761.722412
65.95834118,255135.3918,4208586.246,3761.716309
65.98681345,255135.4191,4208586.238,3761.708984
66.01528572,255135.4465,4208586.23,3761.679688
66.04375799,255135.4739,4208586.222,3761.672363
66.07223026,255135.5013,4208586.215,3761.665039
66.10070253,255135.5286,4208586.207,3761.637695
66.1291748,255135.556,4208586.199,3761.631348
66.15764707,255135.5834,4208586.191,3761.625
66.18611934,255135.6108,4208586.183,3761.619385
66.21459161,255135.6381,4208586.176,3761.600098
66.24306388,255135.6655,4208586.168,3761.596436
66.27153615,255135.6929,4208586.16,3761.59375
66.30000842,255135.7203,4208586.152,3761.584473
66.32848069,255135.7476,4208586.144,3761.582764
66.35695296,255135.775,4208586.136,3761.581543
66.38542523,255135.8024,4208586.129,3761.580078
66.4138975,255135.8298,4208586.121,3761.574463
66.44236977,255135.8572,4208586.113,3761.572998
66.47084203,255135.8845,4208586.105,3761.571777
66.4993143,255135.9119,4208586.097,3761.568359
66.52778657,255135.9393,4208586.09,3761.567383
66.55625884,255135.9667,4208586.082,3761.566162
66.58473111,255135.994,4208586.074,3761.564697
66.61320338,255136.0214,4208586.066,3761.560303
66.64167565,255136.0488,4208586.058,3761.559326
66.67014792,255136.0762,4208586.05,3761.558105
66.69862019,255136.1035,4208586.043,3761.555176
66.72709246,255136.1309,4208586.035,3761.554199
66.75556473,255136.1583,4208586.027,3761.553223
66.784037,255136.1857,4208586.019,3761.552002
66.81250927,255136.2131,4208586.011,3761.548828
66.84098154,255136.2404,4208586.003,3761.548096
66.86945381,255136.2678,4208585.996,3761.547119
66.89792608,255136.2952,4208585.988,3761.542969
66.92639835,255136.3226,4208585.98,3761.542236
66.95487062,255136.3499,4208585.972,3761.541748
66.98334289,255136.3773,4208585.964,3761.54126
67.01181516,255136.4047,4208585.957,3761.536865
67.04028743,255136.4321,4208585.949,3761.536865
67.0687597,255136.4594,4208585.941,3761.537354
67.09723197,255136.4868,4208585.933,3761.532471
67.12570424,255136.5142,4208585.925,3761.53418
67.15417651,255136.5416,4208585.917,3761.537842
67.18264878,255136.569,4208585.91,3761.541504
67.21112105,255136.5963,4208585.902,3761.5354
67.23959331,255136.6237,4208585.894,3761.539307
67.26806558,255136.6511,4208585.886,3761.543457
67.29653785,255136.6785,4208585.878,3761.536133
67.32501012,255136.7058,4208585.871,3761.540527
67.35348239,255136.7332,4208585.863,3761.544922
67.38195466,255136.7606,4208585.855,3761.549561
67.41042693,255136.788,4208585.847,3761.539307
67.4388992,255136.8153,4208585.839,3761.543701
67.46737147,255136.8427,4208585.831,3761.547852
67.49584374,255136.8701,4208585.824,3761.53418
67.52431601,255136.8975,4208585.816,3761.539063
67.55278828,255136.9248,4208585.808,3761.543701
67.58126055,255136.9522,4208585.8,3761.548096
67.60973282,255136.9796,4208585.792,3761.530762
67.63820509,255137.007,4208585.784,3761.535889
67.66667736,255137.0344,4208585.777,3761.541016
67.69514963,255137.0617,4208585.769,3761.523682
67.7236219,255137.0891,4208585.761,3761.5271
67.75209417,255137.1165,4208585.753,3761.530518
67.78056644,255137.1439,4208585.745,3761.535645
67.80903871,255137.1712,4208585.738,3761.515625
67.83751098,255137.1986,4208585.73,3761.522949
67.86598325,255137.226,4208585.722,3761.527588
67.89445552,255137.2534,4208585.714,3761.506592
67.92292779,255137.2807,4208585.706,3761.513184
67.95140006,255137.3081,4208585.698,3761.520508
67.97987232,255137.3355,4208585.691,3761.526855
68.00834459,255137.3629,4208585.683,3761.509766
68.03681686,255137.3903,4208585.675,3761.516357
68.06528913,255137.4176,4208585.667,3761.522949
68.0937614,255137.445,4208585.659,3761.508789
68.12223367,255137.4724,4208585.651,3761.514893
68.15070594,255137.4998,4208585.644,3761.520264
68.17917821,255137.5271,4208585.636,3761.525391
68.20765048,255137.5545,4208585.628,3761.512207
68.23612275,255137.5819,4208585.62,3761.517334
68.26459502,255137.6093,4208585.612,3761.522461
68.29306729,255137.6366,4208585.605,3761.509033
68.32153956,255137.664,4208585.597,3761.512207
68.35001183,255137.6914,4208585.589,3761.515625
68.3784841,255137.7188,4208585.581,3761.519775
68.40695637,255137.7462,4208585.573,3761.507324
68.43542864,255137.7735,4208585.565,3761.509766
68.46390091,255137.8009,4208585.558,3761.51123
68.49237318,255137.8283,4208585.55,3761.496582
68.52084545,255137.8557,4208585.542,3761.498535
68.54931772,255137.883,4208585.534,3761.501709
68.57778999,255137.9104,4208585.526,3761.505127
68.60626226,255137.9378,4208585.519,3761.490967
68.63473453,255137.9652,4208585.511,3761.492432
68.6632068,255137.9925,4208585.503,3761.493408
68.69167907,255138.0199,4208585.495,3761.478516
68.72015134,255138.0473,4208585.487,3761.478271
68.7486236,255138.0747,4208585.479,3761.478271
68.77709587,255138.1021,4208585.472,3761.478027
68.80556814,255138.1294,4208585.464,3761.463135
68.83404041,255138.1568,4208585.456,3761.462646
68.86251268,255138.1842,4208585.448,3761.461914
68.89098495,255138.2116,4208585.44,3761.450195
68.91945722,255138.2389,4208585.432,3761.449219
68.94792949,255138.2663,4208585.425,3761.448486
68.97640176,255138.2937,4208585.417,3761.447754
69.00487403,255138.3211,4208585.409,3761.441162
69.0333463,255138.3484,4208585.401,3761.439941
69.06181857,255138.3758,4208585.393,3761.438965
69.09029084,255138.4032,4208585.386,3761.437012
69.11876311,255138.4306,4208585.378,3761.435303
69.14723538,255138.4579,4208585.37,3761.43335
69.17570765,255138.4853,4208585.362,3761.431152
69.20417992,255138.5127,4208585.354,3761.427734
69.23265219,255138.5401,4208585.346,3761.425781
69.26112446,255138.5675,4208585.339,3761.423584
69.28959673,255138.5948,4208585.331,3761.421143
69.318069,255138.6222,4208585.323,3761.419189
69.34654127,255138.6496,4208585.315,3761.416992
69.37501354,255138.677,4208585.307,3761.414551
69.40348581,255138.7043,4208585.3,3761.412842
69.43195808,255138.7317,4208585.292,3761.410889
69.46043035,255138.7591,4208585.284,3761.408691
69.48890261,255138.7865,4208585.276,3761.407227
69.51737488,255138.8138,4208585.268,3761.405029
69.54584715,255138.8412,4208585.26,3761.4021
69.57431942,255138.8686,4208585.253,3761.399414
69.60279169,255138.896,4208585.245,3761.397705
69.63126396,255138.9234,4208585.237,3761.395264
69.65973623,255138.9507,4208585.229,3761.392822
69.6882085,255138.9781,4208585.221,3761.391113
69.71668077,255139.0055,4208585.213,3761.388916
69.74515304,255139.0329,4208585.206,3761.38623
69.77362531,255139.0602,4208585.198,3761.383789
69.80209758,255139.0876,4208585.19,3761.381836
69.83056985,255139.115,4208585.182,3761.378906
69.85904212,255139.1424,4208585.174,3761.375732
69.88751439,255139.1697,4208585.167,3761.373779
69.91598666,255139.1971,4208585.159,3761.370117
69.94445893,255139.2245,4208585.151,3761.366211
69.9729312,255139.2519,4208585.143,3761.362305
70.00140347,255139.2793,4208585.135,3761.361084
70.02987574,255139.3066,4208585.127,3761.357422
70.05834801,255139.334,4208585.12,3761.354248
70.08682028,255139.3614,4208585.112,3761.35498
70.11529255,255139.3888,4208585.104,3761.351807
70.14376482,255139.4161,4208585.096,3761.349121
70.17223709,255139.4435,4208585.088,3761.34668
70.20070936,255139.4709,4208585.08,3761.350586
70.22918163,255139.4983,4208585.073,3761.349121
70.25765389,255139.5256,4208585.065,3761.347412
70.28612616,255139.553,4208585.057,3761.354736
70.31459843,255139.5804,4208585.049,3761.35376
70.3430707,255139.6078,4208585.041,3761.353027
70.37154297,255139.6351,4208585.034,3761.352051
70.40001524,255139.6625,4208585.026,3761.361084
70.42848751,255139.6899,4208585.018,3761.360596
70.45695978,255139.7173,4208585.01,3761.360352
70.48543205,255139.7447,4208585.002,3761.37207
70.51390432,255139.772,4208584.994,3761.372559
70.54237659,255139.7994,4208584.987,3761.372803
70.57084886,255139.8268,4208584.979,3761.372803
70.59932113,255139.8542,4208584.971,3761.388672
70.6277934,255139.8815,4208584.963,3761.388916
70.65626567,255139.9089,4208584.955,3761.388916
70.68473794,255139.9363,4208584.948,3761.403564
70.71321021,255139.9637,4208584.94,3761.403076
70.74168248,255139.991,4208584.932,3761.4021
70.77015475,255140.0184,4208584.924,3761.400635
70.79862702,255140.0458,4208584.916,3761.413818
70.82709929,255140.0732,4208584.908,3761.411133
70.85557156,255140.1006,4208584.901,3761.408447
70.88404383,255140.1279,4208584.893,3761.420166
70.9125161,255140.1553,4208584.885,3761.417725
70.94098837,255140.1827,4208584.877,3761.414795
70.96946064,255140.2101,4208584.869,3761.410889
70.99793291,255140.2374,4208584.861,3761.42041
71.02640517,255140.2648,4208584.854,3761.416992
71.05487744,255140.2922,4208584.846,3761.41333
71.08334971,255140.3196,4208584.838,3761.421387
71.11182198,255140.3469,4208584.83,3761.417725
71.14029425,255140.3743,4208584.822,3761.414063
71.16876652,255140.4017,4208584.815,3761.409424
71.19723879,255140.4291,4208584.807,3761.418213
71.22571106,255140.4565,4208584.799,3761.414063
71.25418333,255140.4838,4208584.791,3761.409668
71.2826556,255140.5112,4208584.783,3761.418213
71.31112787,255140.5386,4208584.775,3761.414307
71.33960014,255140.566,4208584.768,3761.410645
71.36807241,255140.5933,4208584.76,3761.406006
71.39654468,255140.6207,4208584.752,3761.414307
71.42501695,255140.6481,4208584.744,3761.4104
71.45348922,255140.6755,4208584.736,3761.406006
71.48196149,255140.7028,4208584.728,3761.41333
71.51043376,255140.7302,4208584.721,3761.408936
71.53890603,255140.7576,4208584.713,3761.405029
71.5673783,255140.785,4208584.705,3761.400391
71.59585057,255140.8124,4208584.697,3761.407959
71.62432284,255140.8397,4208584.689,3761.403809
71.65279511,255140.8671,4208584.682,3761.399414
71.68126738,255140.8945,4208584.674,3761.406982
71.70973965,255140.9219,4208584.666,3761.403564
71.73821192,255140.9492,4208584.658,3761.399414
71.76668418,255140.9766,4208584.65,3761.395752
71.79515645,255141.004,4208584.642,3761.404541
71.82362872,255141.0314,4208584.635,3761.401123
71.85210099,255141.0587,4208584.627,3761.397949
71.88057326,255141.0861,4208584.619,3761.406738
71.90904553,255141.1135,4208584.611,3761.404785
71.9375178,255141.1409,4208584.603,3761.402588
71.96599007,255141.1682,4208584.596,3761.399902
71.99446234,255141.1956,4208584.588,3761.40918
72.02293461,255141.223,4208584.58,3761.407715
72.05140688,255141.2504,4208584.572,3761.406738
72.07987915,255141.2778,4208584.564,3761.417236
72.10835142,255141.3051,4208584.556,3761.416992
72.13682369,255141.3325,4208584.549,3761.416748
72.16529596,255141.3599,4208584.541,3761.416748
72.19376823,255141.3873,4208584.533,3761.428955
72.2222405,255141.4146,4208584.525,3761.429932
72.25071277,255141.442,4208584.517,3761.431641
72.27918504,255141.4694,4208584.509,3761.447266
72.30765731,255141.4968,4208584.502,3761.44873
72.33612958,255141.5241,4208584.494,3761.449951
72.36460185,255141.5515,4208584.486,3761.450928
72.39307412,255141.5789,4208584.478,3761.467773
72.42154639,255141.6063,4208584.47,3761.469238
72.45001866,255141.6337,4208584.463,3761.47168
72.47849093,255141.661,4208584.455,3761.489014
72.5069632,255141.6884,4208584.447,3761.491211
72.53543546,255141.7158,4208584.439,3761.494141
72.56390773,255141.7432,4208584.431,3761.496338
72.59238,255141.7705,4208584.423,3761.515137
72.62085227,255141.7979,4208584.416,3761.51709
72.64932454,255141.8253,4208584.408,3761.518066
72.67779681,255141.8527,4208584.4,3761.534424
72.70626908,255141.88,4208584.392,3761.533691
72.73474135,255141.9074,4208584.384,3761.531738
72.76321362,255141.9348,4208584.377,3761.527344
72.79168589,255141.9622,4208584.369,3761.538818
72.82015816,255141.9896,4208584.361,3761.535645
72.84863043,255142.0169,4208584.353,3761.530518
72.8771027,255142.0443,4208584.345,3761.536865
72.90557497,255142.0717,4208584.337,3761.529785
72.93404724,255142.0991,4208584.33,3761.520752
72.96251951,255142.1264,4208584.322,3761.510986
72.99099178,255142.1538,4208584.314,3761.516357
73.01946405,255142.1812,4208584.306,3761.505371
73.04793632,255142.2086,4208584.298,3761.49292
73.07640859,255142.2359,4208584.29,3761.495117
73.10488086,255142.2633,4208584.283,3761.482666
73.13335313,255142.2907,4208584.275,3761.469482
73.1618254,255142.3181,4208584.267,3761.454346
73.19029767,255142.3454,4208584.259,3761.455811
73.21876994,255142.3728,4208584.251,3761.443359
73.24724221,255142.4002,4208584.244,3761.429443
73.27571448,255142.4276,4208584.236,3761.429688
73.30418674,255142.455,4208584.228,3761.414795
73.33265901,255142.4823,4208584.22,3761.400879
73.36113128,255142.5097,4208584.212,3761.387451
73.38960355,255142.5371,4208584.204,3761.387451
73.41807582,255142.5645,4208584.197,3761.375
73.44654809,255142.5918,4208584.189,3761.364502
73.47502036,255142.6192,4208584.181,3761.364746
73.50349263,255142.6466,4208584.173,3761.356445
73.5319649,255142.674,4208584.165,3761.350098
73.56043717,255142.7013,4208584.157,3761.344482
73.58890944,255142.7287,4208584.15,3761.347412
73.61738171,255142.7561,4208584.142,3761.342773
73.64585398,255142.7835,4208584.134,3761.338379
73.67432625,255142.8109,4208584.126,3761.341064
73.70279852,255142.8382,4208584.118,3761.336914
73.73127079,255142.8656,4208584.111,3761.333496
73.75974306,255142.893,4208584.103,3761.329346
73.78821533,255142.9204,4208584.095,3761.333008
73.8166876,255142.9477,4208584.087,3761.329102
73.84515987,255142.9751,4208584.079,3761.325439
73.87363214,255143.0025,4208584.071,3761.329102
73.90210441,255143.0299,4208584.064,3761.325684
73.93057668,255143.0572,4208584.056,3761.322021
73.95904895,255143.0846,4208584.048,3761.318848
73.98752122,255143.112,4208584.04,3761.324707
74.01599349,255143.1394,4208584.032,3761.321533
74.04446575,255143.1668,4208584.025,3761.318359
74.07293802,255143.1941,4208584.017,3761.324951
74.10141029,255143.2215,4208584.009,3761.322021
74.12988256,255143.2489,4208584.001,3761.319336
74.15835483,255143.2763,4208583.993,3761.315918
74.1868271,255143.3036,4208583.985,3761.32251
74.21529937,255143.331,4208583.978,3761.31958
74.24377164,255143.3584,4208583.97,3761.315918
74.27224391,255143.3858,4208583.962,3761.322754
74.30071618,255143.4131,4208583.954,3761.318604
74.32918845,255143.4405,4208583.946,3761.31543
74.35766072,255143.4679,4208583.938,3761.311279
74.38613299,255143.4953,4208583.931,3761.318604
74.41460526,255143.5227,4208583.923,3761.315186
74.44307753,255143.55,4208583.915,3761.311523
74.4715498,255143.5774,4208583.907,3761.31958
74.50002207,255143.6048,4208583.899,3761.315674
74.52849434,255143.6322,4208583.892,3761.311523
74.55696661,255143.6595,4208583.884,3761.307129
74.58543888,255143.6869,4208583.876,3761.314697
74.61391115,255143.7143,4208583.868,3761.30957
74.64238342,255143.7417,4208583.86,3761.303955
74.67085569,255143.769,4208583.852,3761.30957
74.69932796,255143.7964,4208583.845,3761.301025
74.72780023,255143.8238,4208583.837,3761.292969
74.7562725,255143.8512,4208583.829,3761.283447
74.78474477,255143.8785,4208583.821,3761.28418
74.81321703,255143.9059,4208583.813,3761.27417
74.8416893,255143.9333,4208583.806,3761.263428
74.87016157,255143.9607,4208583.798,3761.262695
74.89863384,255143.9881,4208583.79,3761.251465
74.92710611,255144.0154,4208583.782,3761.239746
74.95557838,255144.0428,4208583.774,3761.227783
74.98405065,255144.0702,4208583.766,3761.224854
75.01252292,255144.0976,4208583.759,3761.214355
75.04099519,255144.1249,4208583.751,3761.203857
75.06946746,255144.1523,4208583.743,3761.200439
75.09793973,255144.1797,4208583.735,3761.191895
75.126412,255144.2071,4208583.727,3761.184326
75.15488427,255144.2344,4208583.719,3761.17749
75.18335654,255144.2618,4208583.712,3761.174561
75.21182881,255144.2892,4208583.704,3761.168213
75.24030108,255144.3166,4208583.696,3761.162109
75.26877335,255144.344,4208583.688,3761.160156
75.29724562,255144.3713,4208583.68,3761.154053
75.32571789,255144.3987,4208583.673,3761.148438
75.35419016,255144.4261,4208583.665,3761.142578
75.38266243,255144.4535,4208583.657,3761.140137
75.4111347,255144.4808,4208583.649,3761.134766
75.43960697,255144.5082,4208583.641,3761.129883
75.46807924,255144.5356,4208583.633,3761.128662
75.49655151,255144.563,4208583.626,3761.124268
75.52502378,255144.5903,4208583.618,3761.120605
75.55349604,255144.6177,4208583.61,3761.117432
75.58196831,255144.6451,4208583.602,3761.117188
75.61044058,255144.6725,4208583.594,3761.114502
75.63891285,255144.6999,4208583.586,3761.112061
75.66738512,255144.7272,4208583.579,3761.112549
75.69585739,255144.7546,4208583.571,3761.110596
75.72432966,255144.782,4208583.563,3761.108643
75.75280193,255144.8094,4208583.555,3761.106445
75.7812742,255144.8367,4208583.547,3761.107178
75.80974647,255144.8641,4208583.54,3761.105469
75.83821874,255144.8915,4208583.532,3761.10376
75.86669101,255144.9189,4208583.524,3761.104736
75.89516328,255144.9462,4208583.516,3761.101563
75.92363555,255144.9736,4208583.508,3761.099854
75.95210782,255145.001,4208583.5,3761.098145
75.98058009,255145.0284,4208583.493,3761.100098
76.00905236,255145.0557,4208583.485,3761.098389
76.03752463,255145.0831,4208583.477,3761.09668
76.0659969,255145.1105,4208583.469,3761.099365
76.09446917,255145.1379,4208583.461,3761.0979
76.12294144,255145.1653,4208583.454,3761.096191
76.15141371,255145.1926,4208583.446,3761.093994
76.17988598,255145.22,4208583.438,3761.096924
76.20835825,255145.2474,4208583.43,3761.094482
76.23683052,255145.2748,4208583.422,3761.092285
76.26530279,255145.3021,4208583.414,3761.095459
76.29377506,255145.3295,4208583.407,3761.092529
76.32224732,255145.3569,4208583.399,3761.089844
76.35071959,255145.3843,4208583.391,3761.08667
76.37919186,255145.4116,4208583.383,3761.089844
76.40766413,255145.439,4208583.375,3761.086426
76.4361364,255145.4664,4208583.367,3761.082275
76.46460867,255145.4938,4208583.36,3761.085938
76.49308094,255145.5212,4208583.352,3761.081787
76.52155321,255145.5485,4208583.344,3761.077148
76.55002548,255145.5759,4208583.336,3761.072021
76.57849775,255145.6033,4208583.328,3761.075195
76.60697002,255145.6307,4208583.321,3761.069092
76.63544229,255145.658,4208583.313,3761.062744
76.66391456,255145.6854,4208583.305,3761.064941
76.69238683,255145.7128,4208583.297,3761.057617
76.7208591,255145.7402,4208583.289,3761.050049
76.74933137,255145.7675,4208583.281,3761.04126
76.77780364,255145.7949,4208583.274,3761.042236
76.80627591,255145.8223,4208583.266,3761.031982
76.83474818,255145.8497,4208583.258,3761.021973
76.86322045,255145.8771,4208583.25,3761.020996
76.89169272,255145.9044,4208583.242,3761.010254
76.92016499,255145.9318,4208583.235,3760.998291
76.94863726,255145.9592,4208583.227,3760.98584
76.97710953,255145.9866,4208583.219,3760.980957
77.0055818,255146.0139,4208583.211,3760.967041
77.03405407,255146.0413,4208583.203,3760.95166
77.06252634,255146.0687,4208583.195,3760.944092
77.0909986,255146.0961,4208583.188,3760.929443
77.11947087,255146.1234,4208583.18,3760.914795
77.14794314,255146.1508,4208583.172,3760.902588
77.17641541,255146.1782,4208583.164,3760.895508
77.20488768,255146.2056,4208583.156,3760.883789
77.23335995,255146.233,4208583.148,3760.873047
77.26183222,255146.2603,4208583.141,3760.866211
77.29030449,255146.2877,4208583.133,3760.857178
77.31877676,255146.3151,4208583.125,3760.849609
77.34724903,255146.3425,4208583.117,3760.843018
77.3757213,255146.3698,4208583.109,3760.839355
77.40419357,255146.3972,4208583.102,3760.835205
77.43266584,255146.4246,4208583.094,3760.831787
77.46113811,255146.452,4208583.086,3760.82959
77.48961038,255146.4793,4208583.078,3760.827148
77.51808265,255146.5067,4208583.07,3760.825439
77.54655492,255146.5341,4208583.062,3760.82373
77.57502719,255146.5615,4208583.055,3760.822266
77.60349946,255146.5888,4208583.047,3760.820801
77.63197173,255146.6162,4208583.039,3760.819092
77.660444,255146.6436,4208583.031,3760.817871
77.68891627,255146.671,4208583.023,3760.816406
77.71738854,255146.6984,4208583.015,3760.815186
77.74586081,255146.7257,4208583.008,3760.813477
77.77433308,255146.7531,4208583,3760.811523
77.80280535,255146.7805,4208582.992,3760.809326
77.83127761,255146.8079,4208582.984,3760.806885
77.85974988,255146.8352,4208582.976,3760.803955
77.88822215,255146.8626,4208582.969,3760.80127
77.91669442,255146.89,4208582.961,3760.79834
77.94516669,255146.9174,4208582.953,3760.79541
77.97363896,255146.9447,4208582.945,3760.792236
78.00211123,255146.9721,4208582.937,3760.789551
78.0305835,255146.9995,4208582.929,3760.786865
78.05905577,255147.0269,4208582.922,3760.78418
78.08752804,255147.0543,4208582.914,3760.781738
78.11600031,255147.0816,4208582.906,3760.779785
78.14447258,255147.109,4208582.898,3760.778076
78.17294485,255147.1364,4208582.89,3760.777588
78.20141712,255147.1638,4208582.883,3760.774902
78.22988939,255147.1911,4208582.875,3760.772217
78.25836166,255147.2185,4208582.867,3760.772217
78.28683393,255147.2459,4208582.859,3760.769531
78.3153062,255147.2733,4208582.851,3760.766846
78.34377847,255147.3006,4208582.843,3760.764648
78.37225074,255147.328,4208582.836,3760.765625
78.40072301,255147.3554,4208582.828,3760.763672
78.42919528,255147.3828,4208582.82,3760.761475
78.45766755,255147.4102,4208582.812,3760.763184
78.48613982,255147.4375,4208582.804,3760.761719
78.51461209,255147.4649,4208582.796,3760.760254
78.54308436,255147.4923,4208582.789,3760.759277
78.57155663,255147.5197,4208582.781,3760.762451
78.60002889,255147.547,4208582.773,3760.761963
78.62850116,255147.5744,4208582.765,3760.761963
78.65697343,255147.6018,4208582.757,3760.770752
78.6854457,255147.6292,4208582.75,3760.771973
78.71391797,255147.6565,4208582.742,3760.772949
78.74239024,255147.6839,4208582.734,3760.77417
78.77086251,255147.7113,4208582.726,3760.789551
78.79933478,255147.7387,4208582.718,3760.791016
78.82780705,255147.766,4208582.71,3760.792236
78.85627932,255147.7934,4208582.703,3760.80957
78.88475159,255147.8208,4208582.695,3760.810547
78.91322386,255147.8482,4208582.687,3760.809814
78.94169613,255147.8756,4208582.679,3760.808594
78.9701684,255147.9029,4208582.671,3760.818848
78.99864067,255147.9303,4208582.664,3760.814697
79.02711294,255147.9577,4208582.656,3760.809082
79.05558521,255147.9851,4208582.648,3760.811768
79.08405748,255148.0124,4208582.64,3760.804688
79.11252975,255148.0398,4208582.632,3760.797119
79.14100202,255148.0672,4208582.624,3760.789307
79.16947429,255148.0946,4208582.617,3760.787598
79.19794656,255148.1219,4208582.609,3760.778076
79.22641883,255148.1493,4208582.601,3760.769043
79.2548911,255148.1767,4208582.593,3760.764404
79.28336337,255148.2041,4208582.585,3760.756348
79.31183564,255148.2315,4208582.577,3760.748047
79.3403079,255148.2588,4208582.57,3760.740479
79.36878017,255148.2862,4208582.562,3760.734619
79.39725244,255148.3136,4208582.554,3760.727539
79.42572471,255148.341,4208582.546,3760.721191
79.45419698,255148.3683,4208582.538,3760.716309
79.48266925,255148.3957,4208582.531,3760.711426
79.51114152,255148.4231,4208582.523,3760.707031
79.53961379,255148.4505,4208582.515,3760.702881
79.56808606,255148.4778,4208582.507,3760.698975
79.59655833,255148.5052,4208582.499,3760.695068
79.6250306,255148.5326,4208582.491,3760.691895
79.65350287,255148.56,4208582.484,3760.688232
79.68197514,255148.5874,4208582.476,3760.685303
79.71044741,255148.6147,4208582.468,3760.682373
79.73891968,255148.6421,4208582.46,3760.679199
79.76739195,255148.6695,4208582.452,3760.674072
79.79586422,255148.6969,4208582.444,3760.669434
79.82433649,255148.7242,4208582.437,3760.664063
79.85280876,255148.7516,4208582.429,3760.65625
79.88128103,255148.779,4208582.421,3760.650635
79.9097533,255148.8064,4208582.413,3760.645264
79.93822557,255148.8337,4208582.405,3760.639648
79.96669784,255148.8611,4208582.398,3760.632568
79.99517011,255148.8885,4208582.39,3760.627686
80.02364238,255148.9159,4208582.382,3760.623535
80.05211465,255148.9433,4208582.374,3760.618652
80.08058692,255148.9706,4208582.366,3760.615234
80.10905918,255148.998,4208582.358,3760.612793
80.13753145,255149.0254,4208582.351,3760.611084
80.16600372,255149.0528,4208582.343,3760.610107
80.19447599,255149.0801,4208582.335,3760.609375
80.22294826,255149.1075,4208582.327,3760.608643
80.25142053,255149.1349,4208582.319,3760.608643
80.2798928,255149.1623,4208582.312,3760.608398
80.30836507,255149.1896,4208582.304,3760.608154
80.33683734,255149.217,4208582.296,3760.608154
80.36530961,255149.2444,4208582.288,3760.609131
80.39378188,255149.2718,4208582.28,3760.609131
80.42225415,255149.2991,4208582.272,3760.609131
80.45072642,255149.3265,4208582.265,3760.610596
80.47919869,255149.3539,4208582.257,3760.611328
80.50767096,255149.3813,4208582.249,3760.613037
80.53614323,255149.4087,4208582.241,3760.615723
80.5646155,255149.436,4208582.233,3760.624512
80.59308777,255149.4634,4208582.225,3760.628418
80.62156004,255149.4908,4208582.218,3760.632813
80.65003231,255149.5182,4208582.21,3760.644287
80.67850458,255149.5455,4208582.202,3760.649414
80.70697685,255149.5729,4208582.194,3760.654785
80.73544912,255149.6003,4208582.186,3760.661133
80.76392139,255149.6277,4208582.179,3760.679688
80.79239366,255149.655,4208582.171,3760.687988
80.82086593,255149.6824,4208582.163,3760.696289
80.8493382,255149.7098,4208582.155,3760.716064
80.87781046,255149.7372,4208582.147,3760.727051
80.90628273,255149.7646,4208582.139,3760.737061
80.934755,255149.7919,4208582.132,3760.746826
80.96322727,255149.8193,4208582.124,3760.75708
80.99169954,255149.8467,4208582.116,3760.761475
81.02017181,255149.8741,4208582.108,3760.764404
81.04864408,255149.9014,4208582.1,3760.766357
81.07711635,255149.9288,4208582.093,3760.766846
81.10558862,255149.9562,4208582.085,3760.766602
81.13406089,255149.9836,4208582.077,3760.765137
81.16253316,255150.0109,4208582.069,3760.763184
81.19100543,255150.0383,4208582.061,3760.760254
81.2194777,255150.0657,4208582.053,3760.756104
81.24794997,255150.0931,4208582.046,3760.750732
81.27642224,255150.1205,4208582.038,3760.74292
81.30489451,255150.1478,4208582.03,3760.735352
81.33336678,255150.1752,4208582.022,3760.728271
81.36183905,255150.2026,4208582.014,3760.718018
81.39031132,255150.23,4208582.006,3760.710205
81.41878359,255150.2573,4208581.999,3760.700928
81.44725586,255150.2847,4208581.991,3760.687744
81.47572813,255150.3121,4208581.983,3760.678223
81.5042004,255150.3395,4208581.975,3760.668457
81.53267267,255150.3668,4208581.967,3760.65918
81.56114494,255150.3942,4208581.96,3760.643066
81.58961721,255150.4216,4208581.952,3760.632568
81.61808947,255150.449,4208581.944,3760.620605
81.64656174,255150.4764,4208581.936,3760.599609
81.67503401,255150.5037,4208581.928,3760.58667
81.70350628,255150.5311,4208581.92,3760.573242
81.73197855,255150.5585,4208581.913,3760.560303
81.76045082,255150.5859,4208581.905,3760.538574
81.78892309,255150.6132,4208581.897,3760.526123
81.81739536,255150.6406,4208581.889,3760.513672
81.84586763,255150.668,4208581.881,3760.49585
81.8743399,255150.6954,4208581.873,3760.486328
81.90281217,255150.7227,4208581.866,3760.478027
81.93128444,255150.7501,4208581.858,3760.469727
81.95975671,255150.7775,4208581.85,3760.462158
81.98822898,255150.8049,4208581.842,3760.45752
82.01670125,255150.8322,4208581.834,3760.455322
82.04517352,255150.8596,4208581.827,3760.453369
82.07364579,255150.887,4208581.819,3760.451904
82.10211806,255150.9144,4208581.811,3760.450439
82.13059033,255150.9418,4208581.803,3760.448486
82.1590626,255150.9691,4208581.795,3760.446533
82.18753487,255150.9965,4208581.787,3760.444824
82.21600714,255151.0239,4208581.78,3760.443115
82.24447941,255151.0513,4208581.772,3760.441162
82.27295168,255151.0786,4208581.764,3760.438965
82.30142395,255151.106,4208581.756,3760.437012
82.32989622,255151.1334,4208581.748,3760.435059
82.35836849,255151.1608,4208581.741,3760.43335
82.38684075,255151.1881,4208581.733,3760.431152
82.41531302,255151.2155,4208581.725,3760.428711
82.44378529,255151.2429,4208581.717,3760.427002
82.47225756,255151.2703,4208581.709,3760.424072
82.50072983,255151.2977,4208581.701,3760.420654
82.5292021,255151.325,4208581.694,3760.417236
82.55767437,255151.3524,4208581.686,3760.415771
82.58614664,255151.3798,4208581.678,3760.412598
82.61461891,255151.4072,4208581.67,3760.409424
82.64309118,255151.4345,4208581.662,3760.408691
82.67156345,255151.4619,4208581.654,3760.40625
82.70003572,255151.4893,4208581.647,3760.405029
82.72850799,255151.5167,4208581.639,3760.404053
82.75698026,255151.544,4208581.631,3760.405518
82.78545253,255151.5714,4208581.623,3760.405273
82.8139248,255151.5988,4208581.615,3760.405029
82.84239707,255151.6262,4208581.608,3760.406738
82.87086934,255151.6536,4208581.6,3760.406738
82.89934161,255151.6809,4208581.592,3760.406982
82.92781388,255151.7083,4208581.584,3760.407227
82.95628615,255151.7357,4208581.576,3760.408203
82.98475842,255151.7631,4208581.568,3760.408447
83.01323069,255151.7904,4208581.561,3760.40918
83.04170296,255151.8178,4208581.553,3760.411377
83.07017523,255151.8452,4208581.545,3760.41626
83.0986475,255151.8726,4208581.537,3760.426025
83.12711976,255151.8999,4208581.529,3760.438232
83.15559203,255151.9273,4208581.522,3760.451416
83.1840643,255151.9547,4208581.514,3760.465576
83.21253657,255151.9821,4208581.506,3760.479736
83.24100884,255152.0094,4208581.498,3760.490723
83.26948111,255152.0368,4208581.49,3760.50415
83.29795338,255152.0642,4208581.482,3760.515381
83.32642565,255152.0916,4208581.475,3760.523438
83.35489792,255152.119,4208581.467,3760.526855
83.38337019,255152.1463,4208581.459,3760.527588
83.41184246,255152.1737,4208581.451,3760.527832
83.44031473,255152.2011,4208581.443,3760.527344
83.468787,255152.2285,4208581.435,3760.527344
83.49725927,255152.2558,4208581.428,3760.5271
83.52573154,255152.2832,4208581.42,3760.526855
83.55420381,255152.3106,4208581.412,3760.52417
83.58267608,255152.338,4208581.404,3760.522461
83.61114835,255152.3653,4208581.396,3760.520264
83.63962062,255152.3927,4208581.389,3760.514648
83.66809289,255152.4201,4208581.381,3760.510742
83.69656516,255152.4475,4208581.373,3760.507568
83.72503743,255152.4749,4208581.365,3760.503418
83.75695836,255152.5022,4208581.349,3760.49707
83.78887929,255152.5296,4208581.332,3760.489502
83.82080022,255152.557,4208581.316,3760.482178
83.85272115,255152.5843,4208581.299,3760.47168
83.88464209,255152.6117,4208581.283,3760.458984
83.91656302,255152.6391,4208581.267,3760.446533
83.94848395,255152.6665,4208581.25,3760.431885
83.98040488,255152.6938,4208581.234,3760.415283
84.01232581,255152.7212,4208581.217,3760.398682
84.04424675,255152.7486,4208581.201,3760.381348
84.07616768,255152.7759,4208581.184,3760.362549
84.10808861,255152.8033,4208581.168,3760.342529
84.14000954,255152.8307,4208581.152,3760.325439
84.17193047,255152.8581,4208581.135,3760.307617
84.20385141,255152.8854,4208581.119,3760.291992
84.23577234,255152.9128,4208581.102,3760.273682
84.26769327,255152.9402,4208581.086,3760.258057
84.2996142,255152.9675,4208581.069,3760.249023
84.33153513,255152.9949,4208581.053,3760.23999
84.36345607,255153.0223,4208581.037,3760.236328
84.395377,255153.0497,4208581.02,3760.228027
84.42729793,255153.077,4208581.004,3760.219971
84.45921886,255153.1044,4208580.987,3760.217041
84.49113979,255153.1318,4208580.971,3760.210938
84.52306072,255153.1592,4208580.954,3760.20874
84.55498166,255153.1865,4208580.938,3760.203857
84.58690259,255153.2139,4208580.922,3760.198975
84.61882352,255153.2413,4208580.905,3760.197754
84.65074445,255153.2686,4208580.889,3760.192627
84.68266538,255153.296,4208580.872,3760.191895
84.71458632,255153.3234,4208580.856,3760.186523
84.74650725,255153.3508,4208580.84,3760.180908
84.77842818,255153.3781,4208580.823,3760.180176
84.81034911,255153.4055,4208580.807,3760.174072
84.84227004,255153.4329,4208580.79,3760.173584
84.87419098,255153.4602,4208580.774,3760.167969
84.90611191,255153.4876,4208580.757,3760.162842
84.93803284,255153.515,4208580.741,3760.163574
84.96995377,255153.5424,4208580.725,3760.15918
85.0018747,255153.5697,4208580.708,3760.160156
85.03379564,255153.5971,4208580.692,3760.155762
85.06571657,255153.6245,4208580.675,3760.151123
85.0976375,255153.6518,4208580.659,3760.152588
85.12955843,255153.6792,4208580.642,3760.148926
85.16147936,255153.7066,4208580.626,3760.150635
85.1934003,255153.734,4208580.61,3760.146973
85.22532123,255153.7613,4208580.593,3760.143555
85.25724216,255153.7887,4208580.577,3760.145752
85.28916309,255153.8161,4208580.56,3760.142822
85.32108402,255153.8435,4208580.544,3760.145508
85.35300495,255153.8708,4208580.527,3760.14209
85.38492589,255153.8982,4208580.511,3760.139404
85.41684682,255153.9256,4208580.495,3760.14209
85.44876775,255153.9529,4208580.478,3760.139404
85.48068868,255153.9803,4208580.462,3760.14209
85.51260961,255154.0077,4208580.445,3760.139404
85.54453055,255154.0351,4208580.429,3760.137207
85.57645148,255154.0624,4208580.413,3760.139893
85.60837241,255154.0898,4208580.396,3760.137207
85.64029334,255154.1172,4208580.38,3760.139648
85.67221427,255154.1445,4208580.363,3760.136475
85.70413521,255154.1719,4208580.347,3760.133301
85.73605614,255154.1993,4208580.33,3760.135254
85.76797707,255154.2267,4208580.314,3760.131104
85.799898,255154.254,4208580.298,3760.133301
85.83181893,255154.2814,4208580.281,3760.128906
85.86373987,255154.3088,4208580.265,3760.124023
85.8956608,255154.3361,4208580.248,3760.126221
85.92758173,255154.3635,4208580.232,3760.121582
85.95950266,255154.3909,4208580.215,3760.122803
85.99142359,255154.4183,4208580.199,3760.117676
86.02334452,255154.4456,4208580.183,3760.112305
86.05526546,255154.473,4208580.166,3760.113525
86.08718639,255154.5004,4208580.15,3760.106689
86.11910732,255154.5278,4208580.133,3760.108154
86.15102825,255154.5551,4208580.117,3760.101563
86.18294918,255154.5825,4208580.1,3760.093018
86.21487012,255154.6099,4208580.084,3760.093994
86.24679105,255154.6372,4208580.068,3760.084961
86.27871198,255154.6646,4208580.051,3760.085938
86.31063291,255154.692,4208580.035,3760.077637
86.34255384,255154.7194,4208580.018,3760.06958
86.37447478,255154.7467,4208580.002,3760.070313
86.40639571,255154.7741,4208579.986,3760.061035
86.43831664,255154.8015,4208579.969,3760.062012
86.47023757,255154.8288,4208579.953,3760.05249
86.5021585,255154.8562,4208579.936,3760.043701
86.53407944,255154.8836,4208579.92,3760.04541
86.56600037,255154.911,4208579.903,3760.036865
86.5979213,255154.9383,4208579.887,3760.037842
86.62984223,255154.9657,4208579.871,3760.028809
86.66176316,255154.9931,4208579.854,3760.02124
86.69368409,255155.0204,4208579.838,3760.023438
86.72560503,255155.0478,4208579.821,3760.015625
86.75752596,255155.0752,4208579.805,3760.018311
86.78944689,255155.1026,4208579.788,3760.012451
86.82136782,255155.1299,4208579.772,3760.005615
86.85328875,255155.1573,4208579.756,3760.009521
86.88520969,255155.1847,4208579.739,3760.003418
86.91713062,255155.2121,4208579.723,3760.007324
86.94905155,255155.2394,4208579.706,3760.001953
86.98097248,255155.2668,4208579.69,3759.996582
87.01289341,255155.2942,4208579.673,3760.000977
87.04481435,255155.3215,4208579.657,3759.996094
87.07673528,255155.3489,4208579.641,3760.000977
87.10865621,255155.3763,4208579.624,3759.996338
87.14057714,255155.4037,4208579.608,3759.991943
87.17249807,255155.431,4208579.591,3759.99707
87.20441901,255155.4584,4208579.575,3759.993164
87.23633994,255155.4858,4208579.559,3759.998047
87.26826087,255155.5131,4208579.542,3759.994141
87.3001818,255155.5405,4208579.526,3759.990234
87.33210273,255155.5679,4208579.509,3759.994873
87.36402367,255155.5953,4208579.493,3759.991455
87.3959446,255155.6226,4208579.476,3759.995605
87.42786553,255155.65,4208579.46,3759.991699
87.45978646,255155.6774,4208579.444,3759.987793
87.49170739,255155.7047,4208579.427,3759.991699
87.52362832,255155.7321,4208579.411,3759.987549
87.55554926,255155.7595,4208579.394,3759.990479
87.58747019,255155.7869,4208579.378,3759.986328
87.61939112,255155.8142,4208579.361,3759.981934
87.65131205,255155.8416,4208579.345,3759.983887
87.68323298,255155.869,4208579.329,3759.979492
87.71515392,255155.8964,4208579.312,3759.981201
87.74707485,255155.9237,4208579.296,3759.976074
87.77899578,255155.9511,4208579.279,3759.971191
87.81091671,255155.9785,4208579.263,3759.972412
87.84283764,255156.0058,4208579.246,3759.967285
87.87475858,255156.0332,4208579.23,3759.967285
87.90667951,255156.0606,4208579.214,3759.961426
87.93860044,255156.088,4208579.197,3759.955322
87.97052137,255156.1153,4208579.181,3759.955078
88.0024423,255156.1427,4208579.164,3759.948486
88.03436324,255156.1701,4208579.148,3759.947998
88.06628417,255156.1974,4208579.132,3759.94165
88.0982051,255156.2248,4208579.115,3759.935059
88.13012603,255156.2522,4208579.099,3759.93457
88.16204696,255156.2796,4208579.082,3759.926514
88.19396789,255156.3069,4208579.066,3759.926025
88.22588883,255156.3343,4208579.049,3759.916992
88.25780976,255156.3617,4208579.033,3759.906494
88.28973069,255156.389,4208579.017,3759.90625
88.32165162,255156.4164,4208579,3759.89624
88.35357255,255156.4438,4208578.984,3759.89624
88.38549349,255156.4712,4208578.967,3759.885498
88.41741442,255156.4985,4208578.951,3759.873047
88.44933535,255156.5259,4208578.934,3759.873291
88.48125628,255156.5533,4208578.918,3759.860596
88.51317721,255156.5807,4208578.902,3759.86084
88.54509815,255156.608,4208578.885,3759.849609
88.57701908,255156.6354,4208578.869,3759.839355
88.60894001,255156.6628,4208578.852,3759.841064
88.64086094,255156.6901,4208578.836,3759.831055
88.67278187,255156.7175,4208578.819,3759.832764
88.70470281,255156.7449,4208578.803,3759.822754
88.73662374,255156.7723,4208578.787,3759.813965
88.76854467,255156.7996,4208578.77,3759.816406
88.8004656,255156.827,4208578.754,3759.807861
88.83238653,255156.8544,4208578.737,3759.8125
88.86430746,255156.8817,4208578.721,3759.804199
88.8962284,255156.9091,4208578.705,3759.797363
88.92814933,255156.9365,4208578.688,3759.801758
88.96007026,255156.9639,4208578.672,3759.793457
88.99199119,255156.9912,4208578.655,3759.799072
89.02391212,255157.0186,4208578.639,3759.792969
89.05583306,255157.046,4208578.622,3759.786377
89.08775399,255157.0733,4208578.606,3759.792725
89.11967492,255157.1007,4208578.59,3759.786377
89.15159585,255157.1281,4208578.573,3759.792236
89.18351678,255157.1555,4208578.557,3759.786377
89.21543772,255157.1828,4208578.54,3759.780029
89.24735865,255157.2102,4208578.524,3759.785156
89.27927958,255157.2376,4208578.507,3759.778076
89.31120051,255157.2649,4208578.491,3759.781982
89.34312144,255157.2923,4208578.475,3759.773926
89.37504238,255157.3197,4208578.458,3759.766357
89.40696331,255157.3471,4208578.442,3759.769775
89.43888424,255157.3744,4208578.425,3759.759277
89.47080517,255157.4018,4208578.409,3759.762207
89.5027261,255157.4292,4208578.392,3759.752686
89.53464704,255157.4566,4208578.376,3759.740967
89.56656797,255157.4839,4208578.36,3759.743652
89.5984889,255157.5113,4208578.343,3759.730713
89.63040983,255157.5387,4208578.327,3759.733887
89.66233076,255157.566,4208578.31,3759.720947
89.69425169,255157.5934,4208578.294,3759.709473
89.72617263,255157.6208,4208578.278,3759.712646
89.75809356,255157.6482,4208578.261,3759.70166
89.79001449,255157.6755,4208578.245,3759.702637
89.82193542,255157.7029,4208578.228,3759.690918
89.85385635,255157.7303,4208578.212,3759.680908
89.88577729,255157.7576,4208578.195,3759.682617
89.91769822,255157.785,4208578.179,3759.674805
89.94961915,255157.8124,4208578.163,3759.676758
89.98154008,255157.8398,4208578.146,3759.669678
90.01346101,255157.8671,4208578.13,3759.66333
90.04538195,255157.8945,4208578.113,3759.665527
90.07730288,255157.9219,4208578.097,3759.659668
90.10922381,255157.9492,4208578.08,3759.661621
90.14114474,255157.9766,4208578.064,3759.656494
90.17306567,255158.004,4208578.048,3759.650879
90.20498661,255158.0314,4208578.031,3759.653076
90.23690754,255158.0587,4208578.015,3759.647461
90.26882847,255158.0861,4208577.998,3759.649902
90.3007494,255158.1135,4208577.982,3759.644043
90.33267033,255158.1409,4208577.965,3759.637695
90.36459126,255158.1682,4208577.949,3759.640381
90.3965122,255158.1956,4208577.933,3759.633545
90.42843313,255158.223,4208577.916,3759.63623
90.46035406,255158.2503,4208577.9,3759.62793
90.49227499,255158.2777,4208577.883,3759.619629
90.52419592,255158.3051,4208577.867,3759.623047
90.55611686,255158.3325,4208577.851,3759.613525
90.58803779,255158.3598,4208577.834,3759.617188
90.61995872,255158.3872,4208577.818,3759.607666
90.65187965,255158.4146,4208577.801,3759.597412
90.68380058,255158.4419,4208577.785,3759.601807
90.71572152,255158.4693,4208577.768,3759.591064
90.74764245,255158.4967,4208577.752,3759.595215
90.77956338,255158.5241,4208577.736,3759.584961
90.81148431,255158.5514,4208577.719,3759.573975
90.84340524,255158.5788,4208577.703,3759.577637
90.87532618,255158.6062,4208577.686,3759.567139
90.90724711,255158.6335,4208577.67,3759.570801
90.93916804,255158.6609,4208577.653,3759.561279
90.97108897,255158.6883,4208577.637,3759.552002
91.0030099,255158.7157,4208577.621,3759.556152
91.03493083,255158.743,4208577.604,3759.547119
91.06685177,255158.7704,4208577.588,3759.551025
91.0987727,255158.7978,4208577.571,3759.543457
91.13069363,255158.8252,4208577.555,3759.535645
91.16261456,255158.8525,4208577.538,3759.539795
91.19453549,255158.8799,4208577.522,3759.532471
91.22645643,255158.9073,4208577.506,3759.536621
91.25837736,255158.9346,4208577.489,3759.530762
91.29029829,255158.962,4208577.473,3759.525146
91.32221922,255158.9894,4208577.456,3759.529541
91.35414015,255159.0168,4208577.44,3759.524902
91.38606109,255159.0441,4208577.424,3759.529297
91.41798202,255159.0715,4208577.407,3759.525391
91.44990295,255159.0989,4208577.391,3759.521729
91.48182388,255159.1262,4208577.374,3759.525391
91.51374481,255159.1536,4208577.358,3759.522217
91.54566575,255159.181,4208577.341,3759.525635
91.57758668,255159.2084,4208577.325,3759.522705
91.60950761,255159.2357,4208577.309,3759.520264
91.64142854,255159.2631,4208577.292,3759.523682
91.67334947,255159.2905,4208577.276,3759.521484
91.7052704,255159.3178,4208577.259,3759.524902
91.73719134,255159.3452,4208577.243,3759.522461
91.76911227,255159.3726,4208577.226,3759.520508
91.8010332,255159.4,4208577.21,3759.523682
91.83295413,255159.4273,4208577.194,3759.521973
91.86487506,255159.4547,4208577.177,3759.525391
91.896796,255159.4821,4208577.161,3759.523926
91.92871693,255159.5095,4208577.144,3759.522705
91.96063786,255159.5368,4208577.128,3759.525879
91.99255879,255159.5642,4208577.111,3759.524414
92.02447972,255159.5916,4208577.095,3759.527344
92.05640066,255159.6189,4208577.079,3759.526367
92.08832159,255159.6463,4208577.062,3759.524902
92.12024252,255159.6737,4208577.046,3759.5271
92.15216345,255159.7011,4208577.029,3759.525391
92.18408438,255159.7284,4208577.013,3759.527344
92.21600532,255159.7558,4208576.997,3759.525391
92.24792625,255159.7832,4208576.98,3759.522705
92.27984718,255159.8105,4208576.964,3759.52417
92.31176811,255159.8379,4208576.947,3759.52124
92.34368904,255159.8653,4208576.931,3759.522461
92.37560998,255159.8927,4208576.914,3759.519531
92.40753091,255159.92,4208576.898,3759.516357
92.43945184,255159.9474,4208576.882,3759.516357
92.47137277,255159.9748,4208576.865,3759.512695
92.5032937,255160.0021,4208576.849,3759.512695
92.53521463,255160.0295,4208576.832,3759.507813
92.56713557,255160.0569,4208576.816,3759.50293
92.5990565,255160.0843,4208576.799,3759.502197
92.63097743,255160.1116,4208576.783,3759.497559
92.66289836,255160.139,4208576.767,3759.496826
92.69481929,255160.1664,4208576.75,3759.492188
92.72674023,255160.1938,4208576.734,3759.487549
92.75866116,255160.2211,4208576.717,3759.486572
92.79058209,255160.2485,4208576.701,3759.481201
92.82250302,255160.2759,4208576.684,3759.479736
92.85442395,255160.3032,4208576.668,3759.472168
92.88634489,255160.3306,4208576.652,3759.463379
92.91826582,255160.358,4208576.635,3759.461182
92.95018675,255160.3854,4208576.619,3759.450684
92.98210768,255160.4127,4208576.602,3759.448486
93.01402861,255160.4401,4208576.586,3759.436768
93.04594955,255160.4675,4208576.569,3759.426025
93.07787048,255160.4948,4208576.553,3759.424316
93.10979141,255160.5222,4208576.537,3759.414795
93.14171234,255160.5496,4208576.52,3759.414063
93.17363327,255160.577,4208576.504,3759.405029
93.2055542,255160.6043,4208576.487,3759.397461
93.23747514,255160.6317,4208576.471,3759.397705
93.26939607,255160.6591,4208576.455,3759.389404
93.301317,255160.6864,4208576.438,3759.390381
93.33323793,255160.7138,4208576.422,3759.384033
93.36515886,255160.7412,4208576.405,3759.377441
93.3970798,255160.7686,4208576.389,3759.378906
93.42900073,255160.7959,4208576.372,3759.371826
93.46092166,255160.8233,4208576.356,3759.375488
93.49284259,255160.8507,4208576.34,3759.369629
93.52476352,255160.8781,4208576.323,3759.36377
93.55668446,255160.9054,4208576.307,3759.367188
93.58860539,255160.9328,4208576.29,3759.361816
93.62052632,255160.9602,4208576.274,3759.365723
93.65244725,255160.9875,4208576.257,3759.361084
93.68436818,255161.0149,4208576.241,3759.356934
93.71628912,255161.0423,4208576.225,3759.362305
93.74821005,255161.0697,4208576.208,3759.358643
93.78013098,255161.097,4208576.192,3759.364502
93.81205191,255161.1244,4208576.175,3759.362061
93.84397284,255161.1518,4208576.159,3759.359863
93.87589377,255161.1791,4208576.142,3759.365967
93.90781471,255161.2065,4208576.126,3759.364746
93.93973564,255161.2339,4208576.11,3759.371094
93.97165657,255161.2613,4208576.093,3759.370361
94.0035775,255161.2886,4208576.077,3759.369629
94.03549843,255161.316,4208576.06,3759.376709
94.06741937,255161.3434,4208576.044,3759.376709
94.0993403,255161.3707,4208576.028,3759.384277
94.13126123,255161.3981,4208576.011,3759.38501
94.16318216,255161.4255,4208575.995,3759.385986
94.19510309,255161.4529,4208575.978,3759.39502
94.22702403,255161.4802,4208575.962,3759.396973
94.25894496,255161.5076,4208575.945,3759.407959
94.29086589,255161.535,4208575.929,3759.413086
94.32278682,255161.5623,4208575.913,3759.42041
94.35470775,255161.5897,4208575.896,3759.437744
94.38662869,255161.6171,4208575.88,3759.447998
94.41854962,255161.6445,4208575.863,3759.47168
94.45047055,255161.6718,4208575.847,3759.485352
94.48239148,255161.6992,4208575.83,3759.493652
94.51431241,255161.7266,4208575.814,3759.516113
94.54623335,255161.754,4208575.798,3759.522705
94.57815428,255161.7813,4208575.781,3759.542236
94.61007521,255161.8087,4208575.765,3759.543945
94.64199614,255161.8361,4208575.748,3759.543213
94.67391707,255161.8634,4208575.732,3759.556396
94.705838,255161.8908,4208575.715,3759.551514
94.73775894,255161.9182,4208575.699,3759.5625
94.76967987,255161.9456,4208575.683,3759.552979
94.8016008,255161.9729,4208575.666,3759.542725
94.83352173,255162.0003,4208575.65,3759.548828
94.86544266,255162.0277,4208575.633,3759.534424
94.8973636,255162.055,4208575.617,3759.539063
94.92928453,255162.0824,4208575.601,3759.524658
94.96120546,255162.1098,4208575.584,3759.51123
94.99312639,255162.1372,4208575.568,3759.51416
95.02504732,255162.1645,4208575.551,3759.5
95.05696826,255162.1919,4208575.535,3759.501465
95.08888919,255162.2193,4208575.518,3759.489258
95.12081012,255162.2466,4208575.502,3759.479492
95.15273105,255162.274,4208575.486,3759.481445
95.18465198,255162.3014,4208575.469,3759.474609
95.21657292,255162.3288,4208575.453,3759.476074
95.24849385,255162.3561,4208575.436,3759.472656
95.28041478,255162.3835,4208575.42,3759.470459
95.31233571,255162.4109,4208575.403,3759.4729
95.34425664,255162.4383,4208575.387,3759.47168
95.37617757,255162.4656,4208575.371,3759.473633
95.40809851,255162.493,4208575.354,3759.473389
95.44001944,255162.5204,4208575.338,3759.473633
95.47194037,255162.5477,4208575.321,3759.475342
95.5038613,255162.5751,4208575.305,3759.47583
95.53578223,255162.6025,4208575.288,3759.477783
95.56770317,255162.6299,4208575.272,3759.478516
95.5996241,255162.6572,4208575.256,3759.47998
95.63154503,255162.6846,4208575.239,3759.481445
95.66346596,255162.712,4208575.223,3759.482422
95.69538689,255162.7393,4208575.206,3759.484131
95.72730783,255162.7667,4208575.19,3759.485352
95.75922876,255162.7941,4208575.174,3759.486816
95.79114969,255162.8215,4208575.157,3759.48999
95.82307062,255162.8488,4208575.141,3759.491943
95.85499155,255162.8762,4208575.124,3759.496338
95.88691249,255162.9036,4208575.108,3759.499023
95.91883342,255162.9309,4208575.091,3759.501953
95.95075435,255162.9583,4208575.075,3759.508301
95.98267528,255162.9857,4208575.059,3759.511475
96.01459621,255163.0131,4208575.042,3759.518799
96.04651714,255163.0404,4208575.026,3759.521973
96.07843808,255163.0678,4208575.009,3759.524658
96.11035901,255163.0952,4208574.993,3759.532227
96.14227994,255163.1226,4208574.976,3759.534912
96.17420087,255163.1499,4208574.96,3759.541748
96.2061218,255163.1773,4208574.944,3759.542969
96.23804274,255163.2047,4208574.927,3759.544922
96.26996367,255163.232,4208574.911,3759.551514
96.3018846,255163.2594,4208574.894,3759.55249
96.33380553,255163.2868,4208574.878,3759.558105
96.36572646,255163.3142,4208574.861,3759.558838
96.3976474,255163.3415,4208574.845,3759.559326
96.42956833,255163.3689,4208574.829,3759.564941
96.46148926,255163.3963,4208574.812,3759.56543
96.49341019,255163.4236,4208574.796,3759.571289
96.52533112,255163.451,4208574.779,3759.571289
96.55725206,255163.4784,4208574.763,3759.571045
96.58917299,255163.5058,4208574.747,3759.576416
96.62109392,255163.5331,4208574.73,3759.575928
96.65301485,255163.5605,4208574.714,3759.581787
96.68493578,255163.5879,4208574.697,3759.581055
96.71685672,255163.6152,4208574.681,3759.579102
96.74877765,255163.6426,4208574.664,3759.584229
96.78069858,255163.67,4208574.648,3759.582764
96.81261951,255163.6974,4208574.632,3759.588867
96.84454044,255163.7247,4208574.615,3759.586426
96.87646137,255163.7521,4208574.599,3759.583252
96.90838231,255163.7795,4208574.582,3759.5896
96.94030324,255163.8069,4208574.566,3759.586182
96.97222417,255163.8342,4208574.549,3759.591064
97.0041451,255163.8616,4208574.533,3759.588135
97.03606603,255163.889,4208574.517,3759.583496
97.06798697,255163.9163,4208574.5,3759.588379
97.0999079,255163.9437,4208574.484,3759.583984
97.13182883,255163.9711,4208574.467,3759.588623
97.16374976,255163.9985,4208574.451,3759.583008
97.19567069,255164.0258,4208574.434,3759.577881
97.22759163,255164.0532,4208574.418,3759.582275
97.25951256,255164.0806,4208574.402,3759.57666
97.29143349,255164.1079,4208574.385,3759.581055
97.32335442,255164.1353,4208574.369,3759.575684
97.35527535,255164.1627,4208574.352,3759.570557
97.38719629,255164.1901,4208574.336,3759.575439
97.41911722,255164.2174,4208574.32,3759.570557
97.45103815,255164.2448,4208574.303,3759.575684
97.48295908,255164.2722,4208574.287,3759.570801
97.51488001,255164.2995,4208574.27,3759.565918
97.54680094,255164.3269,4208574.254,3759.572266
97.57872188,255164.3543,4208574.237,3759.568604
97.61064281,255164.3817,4208574.221,3759.574707
97.64256374,255164.409,4208574.205,3759.571289
97.67448467,255164.4364,4208574.188,3759.568359
97.7064056,255164.4638,4208574.172,3759.575195
97.73832654,255164.4912,4208574.155,3759.57251
97.77024747,255164.5185,4208574.139,3759.580322
97.8021684,255164.5459,4208574.122,3759.57959
97.83408933,255164.5733,4208574.106,3759.577881
97.86601026,255164.6006,4208574.09,3759.584961
97.8979312,255164.628,4208574.073,3759.583496
97.92985213,255164.6554,4208574.057,3759.5896
97.96177306,255164.6828,4208574.04,3759.588623
97.99369399,255164.7101,4208574.024,3759.587402
98.02561492,255164.7375,4208574.007,3759.591309
98.05753586,255164.7649,4208573.991,3759.588867
98.08945679,255164.7922,4208573.975,3759.592773
98.12137772,255164.8196,4208573.958,3759.5896
98.15329865,255164.847,4208573.942,3759.586182
98.18521958,255164.8744,4208573.925,3759.589111
98.21714051,255164.9017,4208573.909,3759.584961
98.24906145,255164.9291,4208573.893,3759.587891
98.28098238,255164.9565,4208573.876,3759.58252
98.31290331,255164.9838,4208573.86,3759.57666
98.34482424,255165.0112,4208573.843,3759.579102
98.37674517,255165.0386,4208573.827,3759.570801
98.40866611,255165.066,4208573.81,3759.572998
98.44058704,255165.0933,4208573.794,3759.563721
98.47250797,255165.1207,4208573.778,3759.550293
98.5044289,255165.1481,4208573.761,3759.550293
98.53634983,255165.1754,4208573.745,3759.534912
98.56827077,255165.2028,4208573.728,3759.533203
98.6001917,255165.2302,4208573.712,3759.515381
98.6001917,255165.2302,4208573.712,3759.515381