x,E,N,z
0,255159.6741,4208598.964,3758.714111
0.035824,255159.6467,4208598.941,3758.720703
0.071648,255159.6194,4208598.918,3758.729492
0.107472,255159.592,4208598.894,3758.740967
0.143296,255159.5646,4208598.871,3758.754395
0.17912,255159.5372,4208598.848,3758.768799
0.214944,255159.5098,4208598.825,3758.784424
0.250768,255159.4825,4208598.802,3758.789551
0.286592,255159.4551,4208598.779,3758.803467
0.322416,255159.4277,4208598.756,3758.814941
0.35824,255159.4003,4208598.733,3758.824463
0.394064,255159.3729,4208598.71,3758.833252
0.429888,255159.3456,4208598.687,3758.841797
0.465712,255159.3182,4208598.663,3758.844727
0.501536,255159.2908,4208598.64,3758.853271
0.53736,255159.2634,4208598.617,3758.861084
0.573184,255159.236,4208598.594,3758.869385
0.609008,255159.2087,4208598.571,3758.878174
0.644832,255159.1813,4208598.548,3758.886719
0.680656001,255159.1539,4208598.525,3758.889893
0.716480001,255159.1265,4208598.502,3758.897705
0.752304001,255159.0991,4208598.479,3758.904785
0.788128001,255159.0718,4208598.455,3758.911377
0.823952001,255159.0444,4208598.432,3758.916992
0.859776001,255159.017,4208598.409,3758.921387
0.895600001,255158.9896,4208598.386,3758.925781
0.931424001,255158.9622,4208598.363,3758.928223
0.967248001,255158.9349,4208598.34,3758.932861
1.003072001,255158.9075,4208598.317,3758.937012
1.038896001,255158.8801,4208598.294,3758.94043
1.074720001,255158.8527,4208598.271,3758.943359
1.110544001,255158.8253,4208598.248,3758.946045
1.146368001,255158.798,4208598.224,3758.947998
1.182192001,255158.7706,4208598.201,3758.949707
1.218016001,255158.7432,4208598.178,3758.951172
1.253840001,255158.7158,4208598.155,3758.952393
1.289664001,255158.6884,4208598.132,3758.953613
1.325488001,255158.6611,4208598.109,3758.954346
1.361312001,255158.6337,4208598.086,3758.955322
1.397136001,255158.6063,4208598.063,3758.956543
1.432960001,255158.5789,4208598.04,3758.957031
1.468784001,255158.5515,4208598.017,3758.957275
1.504608001,255158.5242,4208597.993,3758.956787
1.540432001,255158.4968,4208597.97,3758.955322
1.576256001,255158.4694,4208597.947,3758.952637
1.612080001,255158.442,4208597.924,3758.954102
1.647904001,255158.4146,4208597.901,3758.950684
1.683728001,255158.3873,4208597.878,3758.946777
1.719552001,255158.3599,4208597.855,3758.942139
1.755376001,255158.3325,4208597.832,3758.9375
1.791200001,255158.3051,4208597.809,3758.934326
1.827024001,255158.2777,4208597.786,3758.936279
1.862848001,255158.2504,4208597.762,3758.934082
1.898672001,255158.223,4208597.739,3758.932129
1.934496001,255158.1956,4208597.716,3758.930664
1.970320001,255158.1682,4208597.693,3758.929932
2.006144002,255158.1408,4208597.67,3758.929199
2.041968002,255158.1135,4208597.647,3758.928711
2.077792002,255158.0861,4208597.624,3758.931152
2.113616002,255158.0587,4208597.601,3758.93042
2.149440002,255158.0313,4208597.578,3758.929932
2.185264002,255158.0039,4208597.555,3758.929443
2.221088002,255157.9766,4208597.531,3758.928955
2.256912002,255157.9492,4208597.508,3758.928223
2.292736002,255157.9218,4208597.485,3758.93042
2.328560002,255157.8944,4208597.462,3758.929932
2.364384002,255157.867,4208597.439,3758.928955
2.400208002,255157.8397,4208597.416,3758.927979
2.436032002,255157.8123,4208597.393,3758.926758
2.471856002,255157.7849,4208597.37,3758.924805
2.507680002,255157.7575,4208597.347,3758.921387
2.543504002,255157.7301,4208597.324,3758.922363
2.579328002,255157.7028,4208597.3,3758.917969
2.615152002,255157.6754,4208597.277,3758.911621
2.650976002,255157.648,4208597.254,3758.903809
2.686800002,255157.6206,4208597.231,3758.895264
2.722624002,255157.5932,4208597.208,3758.887695
2.758448002,255157.5659,4208597.185,3758.887451
2.794272002,255157.5385,4208597.162,3758.87915
2.830096002,255157.5111,4208597.139,3758.870117
2.865920002,255157.4837,4208597.116,3758.861328
2.901744002,255157.4563,4208597.092,3758.852539
2.937568002,255157.429,4208597.069,3758.845703
2.973392002,255157.4016,4208597.046,3758.845215
3.009216002,255157.3742,4208597.023,3758.836914
3.045040002,255157.3468,4208597,3758.826416
3.080864002,255157.3194,4208596.977,3758.816406
3.116688002,255157.2921,4208596.954,3758.804932
3.152512002,255157.2647,4208596.931,3758.792725
3.188336002,255157.2373,4208596.908,3758.779785
3.224160002,255157.2099,4208596.885,3758.779785
3.259984002,255157.1825,4208596.861,3758.766602
3.295808002,255157.1552,4208596.838,3758.753906
3.331632003,255157.1278,4208596.815,3758.741455
3.367456003,255157.1004,4208596.792,3758.72998
3.403280003,255157.073,4208596.769,3758.719971
3.439104003,255157.0456,4208596.746,3758.723633
3.474928003,255157.0183,4208596.723,3758.714355
3.510752003,255156.9909,4208596.7,3758.70752
3.546576003,255156.9635,4208596.677,3758.701416
3.582400003,255156.9361,4208596.654,3758.696777
3.618224003,255156.9087,4208596.63,3758.69165
3.654048003,255156.8814,4208596.607,3758.688721
3.689872003,255156.854,4208596.584,3758.696045
3.725696003,255156.8266,4208596.561,3758.693604
3.761520003,255156.7992,4208596.538,3758.692871
3.797344003,255156.7718,4208596.515,3758.692871
3.833168003,255156.7445,4208596.492,3758.693604
3.868992003,255156.7171,4208596.469,3758.695068
3.904816003,255156.6897,4208596.446,3758.70459
3.940640003,255156.6623,4208596.423,3758.70752
3.976464003,255156.6349,4208596.399,3758.710449
4.012288003,255156.6076,4208596.376,3758.714111
4.048112003,255156.5802,4208596.353,3758.718018
4.083936003,255156.5528,4208596.33,3758.722168
4.119760003,255156.5254,4208596.307,3758.725342
4.155584003,255156.498,4208596.284,3758.734619
4.191408003,255156.4707,4208596.261,3758.736816
4.227232003,255156.4433,4208596.238,3758.738281
4.263056003,255156.4159,4208596.215,3758.739258
4.298880003,255156.3885,4208596.192,3758.739258
4.334704003,255156.3611,4208596.168,3758.739014
4.370528003,255156.3338,4208596.145,3758.74292
4.406352003,255156.3064,4208596.122,3758.741455
4.442176003,255156.279,4208596.099,3758.739502
4.478000003,255156.2516,4208596.076,3758.737549
4.513824003,255156.2242,4208596.053,3758.735596
4.549648003,255156.1969,4208596.03,3758.733643
4.585472003,255156.1695,4208596.007,3758.734863
4.621296003,255156.1421,4208595.984,3758.732422
4.657120004,255156.1147,4208595.96,3758.72998
4.692944004,255156.0873,4208595.937,3758.727539
4.728768004,255156.06,4208595.914,3758.724854
4.764592004,255156.0326,4208595.891,3758.722168
4.800416004,255156.0052,4208595.868,3758.719727
4.836240004,255155.9778,4208595.845,3758.719482
4.872064004,255155.9504,4208595.822,3758.716309
4.907888004,255155.9231,4208595.799,3758.712402
4.943712004,255155.8957,4208595.776,3758.707275
4.979536004,255155.8683,4208595.753,3758.700684
5.015360004,255155.8409,4208595.729,3758.691895
5.051184004,255155.8135,4208595.706,3758.688721
5.087008004,255155.7862,4208595.683,3758.677734
5.122832004,255155.7588,4208595.66,3758.665283
5.158656004,255155.7314,4208595.637,3758.652832
5.194480004,255155.704,4208595.614,3758.641846
5.230304004,255155.6766,4208595.591,3758.63208
5.266128004,255155.6493,4208595.568,3758.623047
5.301952004,255155.6219,4208595.545,3758.621582
5.337776004,255155.5945,4208595.522,3758.613281
5.373600004,255155.5671,4208595.498,3758.606445
5.409424004,255155.5397,4208595.475,3758.600586
5.445248004,255155.5124,4208595.452,3758.597168
5.481072004,255155.485,4208595.429,3758.595947
5.516896004,255155.4576,4208595.406,3758.597656
5.552720004,255155.4302,4208595.383,3758.597656
5.588544004,255155.4028,4208595.36,3758.598145
5.624368004,255155.3755,4208595.337,3758.599121
5.660192004,255155.3481,4208595.314,3758.60083
5.696016004,255155.3207,4208595.291,3758.602783
5.731840004,255155.2933,4208595.267,3758.606201
5.767664004,255155.2659,4208595.244,3758.609375
5.803488004,255155.2386,4208595.221,3758.613525
5.839312004,255155.2112,4208595.198,3758.619873
5.875136004,255155.1838,4208595.175,3758.627197
5.910960004,255155.1564,4208595.152,3758.63623
5.946784004,255155.129,4208595.129,3758.646484
5.982608005,255155.1017,4208595.106,3758.652344
6.018432005,255155.0743,4208595.083,3758.663574
6.054256005,255155.0469,4208595.06,3758.676758
6.090080005,255155.0195,4208595.036,3758.690918
6.125904005,255154.9921,4208595.013,3758.706299
6.161728005,255154.9648,4208594.99,3758.722656
6.197552005,255154.9374,4208594.967,3758.727051
6.233376005,255154.91,4208594.944,3758.743164
6.269200005,255154.8826,4208594.921,3758.758789
6.305024005,255154.8552,4208594.898,3758.774414
6.340848005,255154.8279,4208594.875,3758.78833
6.376672005,255154.8005,4208594.852,3758.800049
6.412496005,255154.7731,4208594.829,3758.810059
6.448320005,255154.7457,4208594.805,3758.812988
6.484144005,255154.7183,4208594.782,3758.822021
6.519968005,255154.691,4208594.759,3758.830322
6.555792005,255154.6636,4208594.736,3758.837646
6.591616005,255154.6362,4208594.713,3758.843994
6.627440005,255154.6088,4208594.69,3758.849609
6.663264005,255154.5814,4208594.667,3758.851563
6.699088005,255154.5541,4208594.644,3758.856934
6.734912005,255154.5267,4208594.621,3758.861816
6.770736005,255154.4993,4208594.597,3758.866211
6.806560005,255154.4719,4208594.574,3758.868896
6.842384005,255154.4445,4208594.551,3758.870605
6.878208005,255154.4172,4208594.528,3758.872314
6.914032005,255154.3898,4208594.505,3758.875
6.949856005,255154.3624,4208594.482,3758.87793
6.985680005,255154.335,4208594.459,3758.881104
7.021504005,255154.3076,4208594.436,3758.884277
7.057328005,255154.2803,4208594.413,3758.887451
7.093152005,255154.2529,4208594.39,3758.890137
7.128976005,255154.2255,4208594.366,3758.894043
7.164800005,255154.1981,4208594.343,3758.896973
7.200624005,255154.1707,4208594.32,3758.899414
7.236448005,255154.1434,4208594.297,3758.900879
7.272272005,255154.116,4208594.274,3758.902588
7.308096006,255154.0886,4208594.251,3758.903564
7.343920006,255154.0612,4208594.228,3758.906494
7.379744006,255154.0338,4208594.205,3758.906982
7.415568006,255154.0065,4208594.182,3758.907227
7.451392006,255153.9791,4208594.159,3758.906494
7.487216006,255153.9517,4208594.135,3758.905518
7.523040006,255153.9243,4208594.112,3758.903564
7.558864006,255153.8969,4208594.089,3758.901123
7.594688006,255153.8696,4208594.066,3758.903564
7.630512006,255153.8422,4208594.043,3758.900391
7.666336006,255153.8148,4208594.02,3758.896729
7.702160006,255153.7874,4208593.997,3758.892822
7.737984006,255153.76,4208593.974,3758.888428
7.773808006,255153.7327,4208593.951,3758.882813
7.809632006,255153.7053,4208593.928,3758.884277
7.845456006,255153.6779,4208593.904,3758.878174
7.881280006,255153.6505,4208593.881,3758.87207
7.917104006,255153.6231,4208593.858,3758.865234
7.952928006,255153.5958,4208593.835,3758.862061
7.988752006,255153.5684,4208593.812,3758.861816
8.024576006,255153.541,4208593.789,3758.863037
8.060400006,255153.5136,4208593.766,3758.865967
8.096224006,255153.4862,4208593.743,3758.868164
8.132048006,255153.4589,4208593.72,3758.87085
8.167872006,255153.4315,4208593.697,3758.873779
8.203696006,255153.4041,4208593.673,3758.877686
8.239520006,255153.3767,4208593.65,3758.882324
8.275344006,255153.3493,4208593.627,3758.886963
8.311168006,255153.322,4208593.604,3758.892822
8.346992006,255153.2946,4208593.581,3758.900146
8.382816006,255153.2672,4208593.558,3758.912109
8.418640006,255153.2398,4208593.535,3758.928711
8.454464006,255153.2124,4208593.512,3758.947998
8.490288006,255153.1851,4208593.489,3758.956299
8.526112006,255153.1577,4208593.465,3758.975586
8.561936006,255153.1303,4208593.442,3758.993652
8.597760006,255153.1029,4208593.419,3759.012207
8.633584007,255153.0755,4208593.396,3759.030762
8.669408007,255153.0482,4208593.373,3759.048584
8.705232007,255153.0208,4208593.35,3759.068848
8.741056007,255152.9934,4208593.327,3759.076904
8.776880007,255152.966,4208593.304,3759.098877
8.812704007,255152.9386,4208593.281,3759.12085
8.848528007,255152.9113,4208593.258,3759.14209
8.884352007,255152.8839,4208593.234,3759.162354
8.920176007,255152.8565,4208593.211,3759.180664
8.956000007,255152.8291,4208593.188,3759.187988
8.991824007,255152.8017,4208593.165,3759.204346
9.027648007,255152.7744,4208593.142,3759.218994
9.063472007,255152.747,4208593.119,3759.23291
9.099296007,255152.7196,4208593.096,3759.24707
9.135120007,255152.6922,4208593.073,3759.260742
9.170944007,255152.6648,4208593.05,3759.274902
9.206768007,255152.6375,4208593.027,3759.277832
9.242592007,255152.6101,4208593.003,3759.290771
9.278416007,255152.5827,4208592.98,3759.303467
9.314240007,255152.5553,4208592.957,3759.314941
9.350064007,255152.5279,4208592.934,3759.325684
9.385888007,255152.5006,4208592.911,3759.336426
9.421712007,255152.4732,4208592.888,3759.338135
9.457536007,255152.4458,4208592.865,3759.348145
9.493360007,255152.4184,4208592.842,3759.358154
9.529184007,255152.391,4208592.819,3759.368164
9.565008007,255152.3637,4208592.796,3759.378906
9.600832007,255152.3363,4208592.772,3759.390381
9.636656007,255152.3089,4208592.749,3759.392578
9.672480007,255152.2815,4208592.726,3759.404053
9.708304007,255152.2541,4208592.703,3759.415527
9.744128007,255152.2268,4208592.68,3759.426758
9.779952007,255152.1994,4208592.657,3759.4375
9.815776007,255152.172,4208592.634,3759.447754
9.851600007,255152.1446,4208592.611,3759.457275
9.887424007,255152.1172,4208592.588,3759.460205
9.923248007,255152.0899,4208592.565,3759.469727
9.959072008,255152.0625,4208592.541,3759.47876
9.994896008,255152.0351,4208592.518,3759.487305
10.03072001,255152.0077,4208592.495,3759.49585
10.06654401,255151.9803,4208592.472,3759.503906
10.10236801,255151.953,4208592.449,3759.505371
10.13819201,255151.9256,4208592.426,3759.515869
10.17401601,255151.8982,4208592.403,3759.525391
10.20984001,255151.8708,4208592.38,3759.534912
10.24566401,255151.8434,4208592.357,3759.544189
10.28148801,255151.8161,4208592.334,3759.553955
10.31731201,255151.7887,4208592.31,3759.563232
10.35313601,255151.7613,4208592.287,3759.564697
10.38896001,255151.7339,4208592.264,3759.573242
10.42478401,255151.7065,4208592.241,3759.580811
10.46060801,255151.6792,4208592.218,3759.587646
10.49643201,255151.6518,4208592.195,3759.59375
10.53225601,255151.6244,4208592.172,3759.598877
10.56808001,255151.597,4208592.149,3759.600342
10.60390401,255151.5696,4208592.126,3759.604248
10.63972801,255151.5423,4208592.102,3759.607422
10.67555201,255151.5149,4208592.079,3759.610352
10.71137601,255151.4875,4208592.056,3759.613281
10.74720001,255151.4601,4208592.033,3759.615967
10.78302401,255151.4327,4208592.01,3759.618652
10.81884801,255151.4054,4208591.987,3759.620361
10.85467201,255151.378,4208591.964,3759.623535
10.89049601,255151.3506,4208591.941,3759.626709
10.92632001,255151.3232,4208591.918,3759.630127
10.96214401,255151.2958,4208591.895,3759.633301
10.99796801,255151.2685,4208591.871,3759.63623
11.03379201,255151.2411,4208591.848,3759.638672
11.06961601,255151.2137,4208591.825,3759.641602
11.10544001,255151.1863,4208591.802,3759.643555
11.14126401,255151.1589,4208591.779,3759.64502
11.17708801,255151.1316,4208591.756,3759.645264
11.21291201,255151.1042,4208591.733,3759.645264
11.24873601,255151.0768,4208591.71,3759.645508
11.28456001,255151.0494,4208591.687,3759.645264
11.32038401,255151.022,4208591.664,3759.644043
11.35620801,255150.9947,4208591.64,3759.640869
11.39203201,255150.9673,4208591.617,3759.637939
11.42785601,255150.9399,4208591.594,3759.635742
11.46368001,255150.9125,4208591.571,3759.634766
11.49950401,255150.8851,4208591.548,3759.634766
11.53532801,255150.8578,4208591.525,3759.634277
11.57115201,255150.8304,4208591.502,3759.633789
11.60697601,255150.803,4208591.479,3759.633545
11.64280001,255150.7756,4208591.456,3759.633545
11.67862401,255150.7482,4208591.433,3759.633545
11.71444801,255150.7209,4208591.409,3759.633789
11.75027201,255150.6935,4208591.386,3759.634277
11.78609601,255150.6661,4208591.363,3759.634766
11.82192001,255150.6387,4208591.34,3759.635254
11.85774401,255150.6113,4208591.317,3759.635986
11.89356801,255150.584,4208591.294,3759.636963
11.92939201,255150.5566,4208591.271,3759.638428
11.96521601,255150.5292,4208591.248,3759.63916
12.00104001,255150.5018,4208591.225,3759.640625
12.03686401,255150.4744,4208591.202,3759.641602
12.07268801,255150.4471,4208591.178,3759.642334
12.10851201,255150.4197,4208591.155,3759.643311
12.14433601,255150.3923,4208591.132,3759.643799
12.18016001,255150.3649,4208591.109,3759.644043
12.21598401,255150.3375,4208591.086,3759.644531
12.25180801,255150.3102,4208591.063,3759.645264
12.28763201,255150.2828,4208591.04,3759.64624
12.32345601,255150.2554,4208591.017,3759.647461
12.35928001,255150.228,4208590.994,3759.648438
12.39510401,255150.2006,4208590.97,3759.648682
12.43092801,255150.1733,4208590.947,3759.649902
12.46675201,255150.1459,4208590.924,3759.651123
12.50257601,255150.1185,4208590.901,3759.652344
12.53840001,255150.0911,4208590.878,3759.653564
12.57422401,255150.0637,4208590.855,3759.654297
12.61004801,255150.0364,4208590.832,3759.654297
12.64587201,255150.009,4208590.809,3759.654297
12.68169601,255149.9816,4208590.786,3759.654297
12.71752001,255149.9542,4208590.763,3759.654541
12.75334401,255149.9268,4208590.739,3759.654541
12.78916801,255149.8995,4208590.716,3759.654541
12.82499201,255149.8721,4208590.693,3759.654297
12.86081601,255149.8447,4208590.67,3759.654297
12.89664001,255149.8173,4208590.647,3759.654053
12.93246401,255149.7899,4208590.624,3759.653564
12.96828801,255149.7626,4208590.601,3759.652832
13.00411201,255149.7352,4208590.578,3759.651123
13.03993601,255149.7078,4208590.555,3759.648682
13.07576001,255149.6804,4208590.532,3759.645752
13.11158401,255149.653,4208590.508,3759.64502
13.14740801,255149.6257,4208590.485,3759.641846
13.18323201,255149.5983,4208590.462,3759.638184
13.21905601,255149.5709,4208590.439,3759.634033
13.25488001,255149.5435,4208590.416,3759.62915
13.29070401,255149.5161,4208590.393,3759.624023
13.32652801,255149.4888,4208590.37,3759.622803
13.36235201,255149.4614,4208590.347,3759.616455
13.39817601,255149.434,4208590.324,3759.609863
13.43400001,255149.4066,4208590.301,3759.60376
13.46982401,255149.3792,4208590.277,3759.5979
13.50564801,255149.3519,4208590.254,3759.593018
13.54147201,255149.3245,4208590.231,3759.594727
13.57729601,255149.2971,4208590.208,3759.591797
13.61312001,255149.2697,4208590.185,3759.589844
13.64894401,255149.2423,4208590.162,3759.589111
13.68476801,255149.215,4208590.139,3759.589844
13.72059201,255149.1876,4208590.116,3759.591553
13.75641601,255149.1602,4208590.093,3759.593994
13.79224001,255149.1328,4208590.07,3759.598145
13.82806401,255149.1054,4208590.046,3759.602051
13.86388801,255149.0781,4208590.023,3759.606445
13.89971201,255149.0507,4208590,3759.612305
13.93553601,255149.0233,4208589.977,3759.619385
13.97136001,255148.9959,4208589.954,3759.627441
14.00718401,255148.9685,4208589.931,3759.631348
14.04300801,255148.9412,4208589.908,3759.639648
14.07883201,255148.9138,4208589.885,3759.647461
14.11465601,255148.8864,4208589.862,3759.655273
14.15048001,255148.859,4208589.839,3759.663574
14.18630401,255148.8316,4208589.815,3759.674561
14.22212801,255148.8043,4208589.792,3759.687744
14.25795201,255148.7769,4208589.769,3759.693359
14.29377601,255148.7495,4208589.746,3759.711182
14.32960001,255148.7221,4208589.723,3759.731934
14.36542401,255148.6947,4208589.7,3759.752197
14.40124801,255148.6674,4208589.677,3759.772461
14.43707201,255148.64,4208589.654,3759.789307
14.47289601,255148.6126,4208589.631,3759.793945
14.50872001,255148.5852,4208589.607,3759.811523
14.54454401,255148.5578,4208589.584,3759.831299
14.58036801,255148.5305,4208589.561,3759.85376
14.61619201,255148.5031,4208589.538,3759.880859
14.65201601,255148.4757,4208589.515,3759.910156
14.68784001,255148.4483,4208589.492,3759.94165
14.72366401,255148.4209,4208589.469,3759.946045
14.75948801,255148.3936,4208589.446,3759.97876
14.79531201,255148.3662,4208589.423,3760.010986
14.83113601,255148.3388,4208589.4,3760.041016
14.86696001,255148.3114,4208589.376,3760.069092
14.90278401,255148.284,4208589.353,3760.095215
14.93860801,255148.2567,4208589.33,3760.097168
14.97443201,255148.2293,4208589.307,3760.120605
15.01025601,255148.2019,4208589.284,3760.143311
15.04608001,255148.1745,4208589.261,3760.166016
15.08190401,255148.1471,4208589.238,3760.187256
15.11772801,255148.1198,4208589.215,3760.20874
15.15355201,255148.0924,4208589.192,3760.20874
15.18937601,255148.065,4208589.169,3760.229248
15.22520001,255148.0376,4208589.145,3760.250244
15.26102401,255148.0102,4208589.122,3760.269531
15.29684801,255147.9829,4208589.099,3760.28833
15.33267201,255147.9555,4208589.076,3760.305176
15.36849601,255147.9281,4208589.053,3760.321045
15.40432001,255147.9007,4208589.03,3760.323242
15.44014401,255147.8733,4208589.007,3760.338623
15.47596801,255147.846,4208588.984,3760.351807
15.51179201,255147.8186,4208588.961,3760.365479
15.54761601,255147.7912,4208588.938,3760.37915
15.58344001,255147.7638,4208588.914,3760.395996
15.61926401,255147.7364,4208588.891,3760.402832
15.65508801,255147.7091,4208588.868,3760.422363
15.69091201,255147.6817,4208588.845,3760.441406
15.72673601,255147.6543,4208588.822,3760.458008
15.76256001,255147.6269,4208588.799,3760.473633
15.79838401,255147.5995,4208588.776,3760.488281
15.83420801,255147.5722,4208588.753,3760.503418
15.87003201,255147.5448,4208588.73,3760.51123
15.90585601,255147.5174,4208588.707,3760.523438
15.94168001,255147.49,4208588.683,3760.532715
15.97750401,255147.4626,4208588.66,3760.539551
16.01332801,255147.4353,4208588.637,3760.544678
16.04915201,255147.4079,4208588.614,3760.548828
16.08497601,255147.3805,4208588.591,3760.553223
16.12080001,255147.3531,4208588.568,3760.556396
16.15662401,255147.3257,4208588.545,3760.55957
16.19244801,255147.2984,4208588.522,3760.561523
16.22827201,255147.271,4208588.499,3760.5625
16.26409601,255147.2436,4208588.475,3760.562744
16.29992001,255147.2162,4208588.452,3760.566895
16.33574401,255147.1888,4208588.429,3760.566406
16.37156801,255147.1615,4208588.406,3760.565186
16.40739201,255147.1341,4208588.383,3760.563232
16.44321601,255147.1067,4208588.36,3760.561279
16.47904001,255147.0793,4208588.337,3760.558838
16.51486401,255147.0519,4208588.314,3760.557129
16.55068801,255147.0246,4208588.291,3760.559814
16.58651201,255146.9972,4208588.268,3760.557617
16.62233601,255146.9698,4208588.244,3760.555176
16.65816001,255146.9424,4208588.221,3760.552734
16.69398401,255146.915,4208588.198,3760.550537
16.72980801,255146.8877,4208588.175,3760.548096
16.76563201,255146.8603,4208588.152,3760.550537
16.80145601,255146.8329,4208588.129,3760.54834
16.83728001,255146.8055,4208588.106,3760.546875
16.87310401,255146.7781,4208588.083,3760.546631
16.90892801,255146.7508,4208588.06,3760.547119
16.94475201,255146.7234,4208588.037,3760.547852
16.98057601,255146.696,4208588.013,3760.548584
17.01640001,255146.6686,4208587.99,3760.550293
17.05222401,255146.6412,4208587.967,3760.55127
17.08804801,255146.6139,4208587.944,3760.552734
17.12387201,255146.5865,4208587.921,3760.554199
17.15969601,255146.5591,4208587.898,3760.555664
17.19552001,255146.5317,4208587.875,3760.557373
17.23134401,255146.5043,4208587.852,3760.558838
17.26716801,255146.477,4208587.829,3760.561035
17.30299201,255146.4496,4208587.806,3760.562988
17.33881601,255146.4222,4208587.782,3760.565674
17.37464001,255146.3948,4208587.759,3760.569824
17.41046401,255146.3674,4208587.736,3760.577393
17.44628801,255146.3401,4208587.713,3760.578613
17.48211201,255146.3127,4208587.69,3760.592529
17.51793601,255146.2853,4208587.667,3760.609375
17.55376001,255146.2579,4208587.644,3760.630615
17.58958401,255146.2305,4208587.621,3760.653076
17.62540801,255146.2032,4208587.598,3760.677734
17.66123201,255146.1758,4208587.575,3760.703857
17.69705601,255146.1484,4208587.551,3760.70752
17.73288001,255146.121,4208587.528,3760.734619
17.76870401,255146.0936,4208587.505,3760.761963
17.80452801,255146.0663,4208587.482,3760.79248
17.84035201,255146.0389,4208587.459,3760.823486
17.87617601,255146.0115,4208587.436,3760.85498
17.91200001,255145.9841,4208587.413,3760.863281
17.94782401,255145.9567,4208587.39,3760.895508
17.98364801,255145.9294,4208587.367,3760.931885
18.01947201,255145.902,4208587.344,3760.96582
18.05529601,255145.8746,4208587.32,3760.998047
18.09112001,255145.8472,4208587.297,3761.029541
18.12694401,255145.8198,4208587.274,3761.057617
18.16276801,255145.7925,4208587.251,3761.068604
18.19859201,255145.7651,4208587.228,3761.092773
18.23441601,255145.7377,4208587.205,3761.116211
18.27024001,255145.7103,4208587.182,3761.139893
18.30606401,255145.6829,4208587.159,3761.1604
18.34188801,255145.6556,4208587.136,3761.180908
18.37771201,255145.6282,4208587.112,3761.188965
18.41353601,255145.6008,4208587.089,3761.208496
18.44936001,255145.5734,4208587.066,3761.225098
18.48518401,255145.546,4208587.043,3761.240967
18.52100801,255145.5187,4208587.02,3761.255127
18.55683201,255145.4913,4208586.997,3761.267578
18.59265601,255145.4639,4208586.974,3761.279541
18.62848001,255145.4365,4208586.951,3761.28418
18.66430401,255145.4091,4208586.928,3761.293701
18.70012801,255145.3818,4208586.905,3761.301758
18.73595201,255145.3544,4208586.881,3761.308594
18.77177601,255145.327,4208586.858,3761.3125
18.80760001,255145.2996,4208586.835,3761.314209
18.84342401,255145.2722,4208586.812,3761.314697
18.87924801,255145.2449,4208586.789,3761.314697
18.91507201,255145.2175,4208586.766,3761.314697
18.95089601,255145.1901,4208586.743,3761.314209
18.98672001,255145.1627,4208586.72,3761.314209
19.02254401,255145.1353,4208586.697,3761.314209
19.05836801,255145.108,4208586.674,3761.313965
19.09419201,255145.0806,4208586.65,3761.313965
19.13001601,255145.0532,4208586.627,3761.313721
19.16584001,255145.0258,4208586.604,3761.312988
19.20166401,255144.9984,4208586.581,3761.312012
19.23748801,255144.9711,4208586.558,3761.311279
19.27331201,255144.9437,4208586.535,3761.311035
19.30913601,255144.9163,4208586.512,3761.311035
19.34496001,255144.8889,4208586.489,3761.310791
19.38078401,255144.8615,4208586.466,3761.311035
19.41660801,255144.8342,4208586.443,3761.311279
19.45243201,255144.8068,4208586.419,3761.311768
19.48825601,255144.7794,4208586.396,3761.312744
19.52408001,255144.752,4208586.373,3761.313477
19.55990401,255144.7246,4208586.35,3761.314697
19.59572801,255144.6973,4208586.327,3761.317139
19.63155201,255144.6699,4208586.304,3761.321045
19.66737601,255144.6425,4208586.281,3761.325195
19.70320001,255144.6151,4208586.258,3761.329102
19.73902401,255144.5877,4208586.235,3761.333008
19.77484801,255144.5604,4208586.212,3761.334717
19.81067201,255144.533,4208586.188,3761.337891
19.84649601,255144.5056,4208586.165,3761.340576
19.88232002,255144.4782,4208586.142,3761.343018
19.91814402,255144.4508,4208586.119,3761.344971
19.95396802,255144.4235,4208586.096,3761.346924
19.98979202,255144.3961,4208586.073,3761.348145
20.02561602,255144.3687,4208586.05,3761.349854
20.06144002,255144.3413,4208586.027,3761.351074
20.09726402,255144.3139,4208586.004,3761.352051
20.13308802,255144.2866,4208585.98,3761.352295
20.16891202,255144.2592,4208585.957,3761.352539
20.20473602,255144.2318,4208585.934,3761.353516
20.24056002,255144.2044,4208585.911,3761.353516
20.27638402,255144.177,4208585.888,3761.353027
20.31220802,255144.1497,4208585.865,3761.352051
20.34803202,255144.1223,4208585.842,3761.349854
20.38385602,255144.0949,4208585.819,3761.34668
20.41968002,255144.0675,4208585.796,3761.343018
20.45550402,255144.0401,4208585.773,3761.344727
20.49132802,255144.0128,4208585.749,3761.340332
20.52715202,255143.9854,4208585.726,3761.334961
20.56297602,255143.958,4208585.703,3761.329346
20.59880002,255143.9306,4208585.68,3761.321777
20.63462402,255143.9032,4208585.657,3761.312012
20.67044802,255143.8759,4208585.634,3761.314209
20.70627202,255143.8485,4208585.611,3761.304199
20.74209602,255143.8211,4208585.588,3761.29248
20.77792002,255143.7937,4208585.565,3761.280273
20.81374402,255143.7663,4208585.542,3761.268066
20.84956802,255143.739,4208585.518,3761.255859
20.88539202,255143.7116,4208585.495,3761.243896
20.92121602,255143.6842,4208585.472,3761.243896
20.95704002,255143.6568,4208585.449,3761.233154
20.99286402,255143.6294,4208585.426,3761.223145
21.02868802,255143.6021,4208585.403,3761.215088
21.06451202,255143.5747,4208585.38,3761.207031
21.10033602,255143.5473,4208585.357,3761.199951
21.13616002,255143.5199,4208585.334,3761.199707
21.17198402,255143.4925,4208585.311,3761.193359
21.20780802,255143.4652,4208585.287,3761.1875
21.24363202,255143.4378,4208585.264,3761.181885
21.27945602,255143.4104,4208585.241,3761.17749
21.31528002,255143.383,4208585.218,3761.172852
21.35110402,255143.3556,4208585.195,3761.172852
21.38692802,255143.3283,4208585.172,3761.168457
21.42275202,255143.3009,4208585.149,3761.164551
21.45857602,255143.2735,4208585.126,3761.160889
21.49440002,255143.2461,4208585.103,3761.157471
21.53022402,255143.2187,4208585.08,3761.154541
21.56604802,255143.1914,4208585.056,3761.151611
21.60187202,255143.164,4208585.033,3761.152344
21.63769602,255143.1366,4208585.01,3761.149414
21.67352002,255143.1092,4208584.987,3761.147461
21.70934402,255143.0818,4208584.964,3761.146484
21.74516802,255143.0545,4208584.941,3761.145996
21.78099202,255143.0271,4208584.918,3761.145996
21.81681602,255142.9997,4208584.895,3761.147461
21.85264002,255142.9723,4208584.872,3761.147705
21.88846402,255142.9449,4208584.849,3761.148438
21.92428802,255142.9176,4208584.825,3761.149414
21.96011202,255142.8902,4208584.802,3761.150635
21.99593602,255142.8628,4208584.779,3761.152832
22.03176002,255142.8354,4208584.756,3761.15625
22.06758402,255142.808,4208584.733,3761.160156
22.10340802,255142.7807,4208584.71,3761.166016
22.13923202,255142.7533,4208584.687,3761.17627
22.17505602,255142.7259,4208584.664,3761.189209
22.21088002,255142.6985,4208584.641,3761.203613
22.24670402,255142.6711,4208584.617,3761.219727
22.28252802,255142.6438,4208584.594,3761.228271
22.31835202,255142.6164,4208584.571,3761.243164
22.35417602,255142.589,4208584.548,3761.257568
22.39000002,255142.5616,4208584.525,3761.270508
22.42582402,255142.5342,4208584.502,3761.282959
22.46164802,255142.5069,4208584.479,3761.294189
22.49747202,255142.4795,4208584.456,3761.306396
22.53329602,255142.4521,4208584.433,3761.312012
22.56912002,255142.4247,4208584.41,3761.329102
22.60494402,255142.3973,4208584.386,3761.350586
22.64076802,255142.37,4208584.363,3761.375977
22.67659202,255142.3426,4208584.34,3761.40625
22.71470733,255142.3161,4208584.313,3761.438232
22.75282265,255142.2896,4208584.285,3761.469482
22.79093797,255142.2631,4208584.258,3761.495361
22.82905329,255142.2366,4208584.231,3761.517822
22.8671686,255142.2101,4208584.203,3761.525635
22.90528392,255142.1836,4208584.176,3761.54248
22.94339924,255142.157,4208584.149,3761.559082
22.98151456,255142.1305,4208584.121,3761.572754
23.01962987,255142.104,4208584.094,3761.583984
23.05774519,255142.0775,4208584.066,3761.59375
23.09586051,255142.051,4208584.039,3761.602051
23.13397583,255142.0245,4208584.012,3761.608643
23.17209114,255141.998,4208583.984,3761.614258
23.21020646,255141.9715,4208583.957,3761.618896
23.24832178,255141.945,4208583.929,3761.62207
23.2864371,255141.9185,4208583.902,3761.625488
23.32455241,255141.892,4208583.875,3761.627686
23.36266773,255141.8655,4208583.847,3761.629883
23.40078305,255141.839,4208583.82,3761.631592
23.43889836,255141.8125,4208583.792,3761.632813
23.47701368,255141.786,4208583.765,3761.633301
23.515129,255141.7595,4208583.738,3761.634033
23.55324432,255141.7329,4208583.71,3761.634521
23.59135963,255141.7064,4208583.683,3761.634033
23.62947495,255141.6799,4208583.656,3761.633301
23.66759027,255141.6534,4208583.628,3761.63208
23.70570559,255141.6269,4208583.601,3761.630371
23.7438209,255141.6004,4208583.573,3761.628174
23.78193622,255141.5739,4208583.546,3761.626221
23.82005154,255141.5474,4208583.519,3761.623779
23.85816686,255141.5209,4208583.491,3761.621582
23.89628217,255141.4944,4208583.464,3761.619629
23.93439749,255141.4679,4208583.436,3761.617676
23.97251281,255141.4414,4208583.409,3761.615723
24.01062813,255141.4149,4208583.382,3761.614258
24.04874344,255141.3884,4208583.354,3761.612549
24.08685876,255141.3619,4208583.327,3761.611328
24.12497408,255141.3354,4208583.299,3761.610352
24.1630894,255141.3088,4208583.272,3761.609131
24.20120471,255141.2823,4208583.245,3761.60791
24.23932003,255141.2558,4208583.217,3761.606689
24.27743535,255141.2293,4208583.19,3761.605469
24.31555067,255141.2028,4208583.163,3761.604004
24.35366598,255141.1763,4208583.135,3761.602783
24.3917813,255141.1498,4208583.108,3761.601563
24.42989662,255141.1233,4208583.08,3761.600586
24.46801193,255141.0968,4208583.053,3761.599854
24.50612725,255141.0703,4208583.026,3761.599854
24.54424257,255141.0438,4208582.998,3761.599854
24.58235789,255141.0173,4208582.971,3761.599854
24.6204732,255140.9908,4208582.943,3761.600098
24.65858852,255140.9643,4208582.916,3761.600342
24.69670384,255140.9378,4208582.889,3761.601318
24.73481916,255140.9113,4208582.861,3761.602783
24.77293447,255140.8847,4208582.834,3761.604736
24.81104979,255140.8582,4208582.806,3761.607666
24.84916511,255140.8317,4208582.779,3761.610596
24.88728043,255140.8052,4208582.752,3761.612793
24.92539574,255140.7787,4208582.724,3761.61377
24.96351106,255140.7522,4208582.697,3761.614746
25.00162638,255140.7257,4208582.669,3761.615234
25.0397417,255140.6992,4208582.642,3761.616211
25.07785701,255140.6727,4208582.615,3761.616699
25.11597233,255140.6462,4208582.587,3761.617188
25.15408765,255140.6197,4208582.56,3761.617432
25.19220297,255140.5932,4208582.533,3761.617676
25.23031828,255140.5667,4208582.505,3761.61792
25.2684336,255140.5402,4208582.478,3761.618652
25.30654892,255140.5137,4208582.45,3761.619385
25.34466423,255140.4872,4208582.423,3761.619873
25.38277955,255140.4606,4208582.396,3761.620361
25.42089487,255140.4341,4208582.368,3761.621582
25.45901019,255140.4076,4208582.341,3761.623291
25.4971255,255140.3811,4208582.313,3761.625977
25.53524082,255140.3546,4208582.286,3761.628418
25.57335614,255140.3281,4208582.259,3761.631592
25.61147146,255140.3016,4208582.231,3761.635254
25.64958677,255140.2751,4208582.204,3761.638916
25.68770209,255140.2486,4208582.176,3761.643555
25.72581741,255140.2221,4208582.149,3761.647949
25.76393273,255140.1956,4208582.122,3761.651855
25.80204804,255140.1691,4208582.094,3761.653809
25.84016336,255140.1426,4208582.067,3761.655029
25.87827868,255140.1161,4208582.04,3761.656006
25.916394,255140.0896,4208582.012,3761.656738
25.95450931,255140.0631,4208581.985,3761.657227
25.99262463,255140.0365,4208581.957,3761.657715
26.03073995,255140.01,4208581.93,3761.658691
26.06885527,255139.9835,4208581.903,3761.659424
26.10697058,255139.957,4208581.875,3761.660156
26.1450859,255139.9305,4208581.848,3761.6604
26.18320122,255139.904,4208581.82,3761.659912
26.22131653,255139.8775,4208581.793,3761.658203
26.25943185,255139.851,4208581.766,3761.655029
26.29754717,255139.8245,4208581.738,3761.649902
26.33566249,255139.798,4208581.711,3761.643311
26.3737778,255139.7715,4208581.683,3761.633545
26.41189312,255139.745,4208581.656,3761.622314
26.45000844,255139.7185,4208581.629,3761.610352
26.48812376,255139.692,4208581.601,3761.600342
26.52623907,255139.6655,4208581.574,3761.589844
26.56435439,255139.639,4208581.547,3761.582764
26.60246971,255139.6124,4208581.519,3761.578369
26.64058503,255139.5859,4208581.492,3761.575195
26.67870034,255139.5594,4208581.464,3761.572021
26.71681566,255139.5329,4208581.437,3761.569824
26.75493098,255139.5064,4208581.41,3761.568604
26.7930463,255139.4799,4208581.382,3761.567871
26.83116161,255139.4534,4208581.355,3761.567383
26.86927693,255139.4269,4208581.327,3761.567139
26.90739225,255139.4004,4208581.3,3761.566895
26.94550757,255139.3739,4208581.273,3761.566406
26.98362288,255139.3474,4208581.245,3761.566162
27.0217382,255139.3209,4208581.218,3761.566162
27.05985352,255139.2944,4208581.19,3761.566406
27.09796883,255139.2679,4208581.163,3761.566406
27.13608415,255139.2414,4208581.136,3761.566162
27.17419947,255139.2149,4208581.108,3761.565918
27.21231479,255139.1884,4208581.081,3761.56543
27.2504301,255139.1618,4208581.053,3761.56543
27.28854542,255139.1353,4208581.026,3761.565186
27.32666074,255139.1088,4208580.999,3761.564941
27.36477606,255139.0823,4208580.971,3761.565186
27.40289137,255139.0558,4208580.944,3761.56543
27.44100669,255139.0293,4208580.917,3761.565918
27.47912201,255139.0028,4208580.889,3761.568115
27.51723733,255138.9763,4208580.862,3761.570801
27.55535264,255138.9498,4208580.834,3761.574951
27.59346796,255138.9233,4208580.807,3761.579834
27.63158328,255138.8968,4208580.78,3761.586182
27.6696986,255138.8703,4208580.752,3761.586426
27.70781391,255138.8438,4208580.725,3761.595703
27.74592923,255138.8173,4208580.697,3761.606445
27.78404455,255138.7908,4208580.67,3761.620117
27.82215987,255138.7643,4208580.643,3761.636475
27.86027518,255138.7377,4208580.615,3761.654541
27.8983905,255138.7112,4208580.588,3761.671631
27.93650582,255138.6847,4208580.56,3761.687012
27.97462113,255138.6582,4208580.533,3761.699951
28.01273645,255138.6317,4208580.506,3761.711182
28.05085177,255138.6052,4208580.478,3761.721191
28.08896709,255138.5787,4208580.451,3761.731201
28.1270824,255138.5522,4208580.424,3761.740723
28.16519772,255138.5257,4208580.396,3761.75
28.20331304,255138.4992,4208580.369,3761.759766
28.24142836,255138.4727,4208580.341,3761.77002
28.27954367,255138.4462,4208580.314,3761.781006
28.31765899,255138.4197,4208580.287,3761.791504
28.35577431,255138.3932,4208580.259,3761.802002
28.39388963,255138.3667,4208580.232,3761.812256
28.43200494,255138.3402,4208580.204,3761.824219
28.47012026,255138.3136,4208580.177,3761.837891
28.50823558,255138.2871,4208580.15,3761.851318
28.5463509,255138.2606,4208580.122,3761.864746
28.58446621,255138.2341,4208580.095,3761.877197
28.62258153,255138.2076,4208580.067,3761.888916
28.66069685,255138.1811,4208580.04,3761.899658
28.69881217,255138.1546,4208580.013,3761.910156
28.73692748,255138.1281,4208579.985,3761.921631
28.7750428,255138.1016,4208579.958,3761.935547
28.81315812,255138.0751,4208579.931,3761.951416
28.85127343,255138.0486,4208579.903,3761.970459
28.88938875,255138.0221,4208579.876,3761.984375
28.92750407,255137.9956,4208579.848,3762.008545
28.96561939,255137.9691,4208579.821,3762.033936
29.0037347,255137.9426,4208579.794,3762.05835
29.04185002,255137.9161,4208579.766,3762.080811
29.07996534,255137.8895,4208579.739,3762.102783
29.11808066,255137.863,4208579.711,3762.122559
29.15619597,255137.8365,4208579.684,3762.141357
29.19431129,255137.81,4208579.657,3762.156738
29.23242661,255137.7835,4208579.629,3762.172852
29.27054193,255137.757,4208579.602,3762.190186
29.30865724,255137.7305,4208579.574,3762.208008
29.34677256,255137.704,4208579.547,3762.226563
29.38488788,255137.6775,4208579.52,3762.246338
29.4230032,255137.651,4208579.492,3762.26709
29.46111851,255137.6245,4208579.465,3762.290283
29.49923383,255137.598,4208579.437,3762.313232
29.53734915,255137.5715,4208579.41,3762.336426
29.57546447,255137.545,4208579.383,3762.361572
29.61357978,255137.5185,4208579.355,3762.384521
29.6516951,255137.492,4208579.328,3762.407227
29.68981042,255137.4654,4208579.301,3762.427734
29.72792573,255137.4389,4208579.273,3762.445313
29.76604105,255137.4124,4208579.246,3762.460449
29.80415637,255137.3859,4208579.218,3762.473145
29.84227169,255137.3594,4208579.191,3762.484375
29.880387,255137.3329,4208579.164,3762.494141
29.91850232,255137.3064,4208579.136,3762.502441
29.95661764,255137.2799,4208579.109,3762.51123
29.99473296,255137.2534,4208579.081,3762.519531
30.03284827,255137.2269,4208579.054,3762.528564
30.07096359,255137.2004,4208579.027,3762.539063
30.10907891,255137.1739,4208578.999,3762.544678
30.14719423,255137.1474,4208578.972,3762.557373
30.18530954,255137.1209,4208578.944,3762.572266
30.22342486,255137.0944,4208578.917,3762.58667
30.26154018,255137.0679,4208578.89,3762.601318
30.2996555,255137.0413,4208578.862,3762.614746
30.33777081,255137.0148,4208578.835,3762.625977
30.37588613,255136.9883,4208578.808,3762.637207
30.41400145,255136.9618,4208578.78,3762.648193
30.45211677,255136.9353,4208578.753,3762.658691
30.49023208,255136.9088,4208578.725,3762.667725
30.5283474,255136.8823,4208578.698,3762.675537
30.56646272,255136.8558,4208578.671,3762.681152
30.60457804,255136.8293,4208578.643,3762.685059
30.64269335,255136.8028,4208578.616,3762.6875
30.68080867,255136.7763,4208578.588,3762.688721
30.71892399,255136.7498,4208578.561,3762.689697
30.7570393,255136.7233,4208578.534,3762.690674
30.79515462,255136.6968,4208578.506,3762.691162
30.83326994,255136.6703,4208578.479,3762.69165
30.87138526,255136.6438,4208578.451,3762.691895
30.90950057,255136.6172,4208578.424,3762.692383
30.94761589,255136.5907,4208578.397,3762.692383
30.98573121,255136.5642,4208578.369,3762.692383
31.02384653,255136.5377,4208578.342,3762.692139
31.06196184,255136.5112,4208578.315,3762.69165
31.10007716,255136.4847,4208578.287,3762.690918
31.13819248,255136.4582,4208578.26,3762.688477
31.1763078,255136.4317,4208578.232,3762.684814
31.21442311,255136.4052,4208578.205,3762.679932
31.25253843,255136.3787,4208578.178,3762.674072
31.29065375,255136.3522,4208578.15,3762.66626
31.32876907,255136.3257,4208578.123,3762.65918
31.36688438,255136.2992,4208578.095,3762.6521
31.4049997,255136.2727,4208578.068,3762.645752
31.44311502,255136.2462,4208578.041,3762.640381
31.48123034,255136.2197,4208578.013,3762.635498
31.51934565,255136.1931,4208577.986,3762.631104
31.55746097,255136.1666,4208577.958,3762.627686
31.59557629,255136.1401,4208577.931,3762.626221
31.6336916,255136.1136,4208577.904,3762.624756
31.67180692,255136.0871,4208577.876,3762.624512
31.70992224,255136.0606,4208577.849,3762.625244
31.74803756,255136.0341,4208577.822,3762.626953
31.78615287,255136.0076,4208577.794,3762.629395
31.82426819,255135.9811,4208577.767,3762.633789
31.86238351,255135.9546,4208577.739,3762.638672
31.90049883,255135.9281,4208577.712,3762.644287
31.93861414,255135.9016,4208577.685,3762.651611
31.97672946,255135.8751,4208577.657,3762.659668
32.01484478,255135.8486,4208577.63,3762.669434
32.0529601,255135.8221,4208577.602,3762.679932
32.09107541,255135.7956,4208577.575,3762.691162
32.12919073,255135.769,4208577.548,3762.703369
32.16730605,255135.7425,4208577.52,3762.718506
32.20542137,255135.716,4208577.493,3762.734619
32.24353668,255135.6895,4208577.465,3762.751709
32.281652,255135.663,4208577.438,3762.769287
32.31976732,255135.6365,4208577.411,3762.786377
32.35788264,255135.61,4208577.383,3762.800781
32.39599795,255135.5835,4208577.356,3762.813477
32.43411327,255135.557,4208577.328,3762.824951
32.47222859,255135.5305,4208577.301,3762.835693
32.5103439,255135.504,4208577.274,3762.841309
32.54845922,255135.4775,4208577.246,3762.851074
32.58657454,255135.451,4208577.219,3762.861328
32.62468986,255135.4245,4208577.192,3762.871338
32.66280517,255135.398,4208577.164,3762.880859
32.70092049,255135.3715,4208577.137,3762.891602
32.73903581,255135.3449,4208577.109,3762.902588
32.77715113,255135.3184,4208577.082,3762.914063
32.81526644,255135.2919,4208577.055,3762.924561
32.85338176,255135.2654,4208577.027,3762.935303
32.89149708,255135.2389,4208577,3762.946777
32.9296124,255135.2124,4208576.972,3762.959473
32.96772771,255135.1859,4208576.945,3762.973145
33.00584303,255135.1594,4208576.918,3762.98877
33.04395835,255135.1329,4208576.89,3763.005371
33.08207367,255135.1064,4208576.863,3763.023438
33.12018898,255135.0799,4208576.835,3763.04248
33.1583043,255135.0534,4208576.808,3763.063232
33.19641962,255135.0269,4208576.781,3763.082275
33.23453494,255135.0004,4208576.753,3763.101074
33.27265025,255134.9739,4208576.726,3763.118896
33.31076557,255134.9474,4208576.699,3763.135986
33.34888089,255134.9209,4208576.671,3763.152588
33.3869962,255134.8943,4208576.644,3763.168213
33.42511152,255134.8678,4208576.616,3763.18042
33.46322684,255134.8413,4208576.589,3763.190674
33.50134216,255134.8148,4208576.562,3763.197998
33.53945747,255134.7883,4208576.534,3763.203369
33.57757279,255134.7618,4208576.507,3763.207764
33.61568811,255134.7353,4208576.479,3763.210938
33.65380343,255134.7088,4208576.452,3763.212891
33.69191874,255134.6823,4208576.425,3763.214355
33.73003406,255134.6558,4208576.397,3763.221436
33.76814938,255134.6293,4208576.37,3763.22168
33.8062647,255134.6028,4208576.342,3763.22168
33.84438001,255134.5763,4208576.315,3763.22168
33.88249533,255134.5498,4208576.288,3763.221436
33.92061065,255134.5233,4208576.26,3763.22168
33.95872597,255134.4968,4208576.233,3763.222168
33.99684128,255134.4702,4208576.206,3763.223389
34.0349566,255134.4437,4208576.178,3763.224365
34.07307192,255134.4172,4208576.151,3763.226563
34.11118724,255134.3907,4208576.123,3763.228516
34.14930255,255134.3642,4208576.096,3763.231201
34.18741787,255134.3377,4208576.069,3763.234131
34.22553319,255134.3112,4208576.041,3763.237549
34.2636485,255134.2847,4208576.014,3763.241211
34.30176382,255134.2582,4208575.986,3763.245605
34.33987914,255134.2317,4208575.959,3763.251221
34.37799446,255134.2052,4208575.932,3763.257324
34.41610977,255134.1787,4208575.904,3763.264648
34.45422509,255134.1522,4208575.877,3763.272217
34.49234041,255134.1257,4208575.849,3763.281982
34.53045573,255134.0992,4208575.822,3763.293457
34.56857104,255134.0727,4208575.795,3763.307129
34.60668636,255134.0461,4208575.767,3763.322998
34.64480168,255134.0196,4208575.74,3763.340332
34.682917,255133.9931,4208575.712,3763.358154
34.72103231,255133.9666,4208575.685,3763.374023
34.75914763,255133.9401,4208575.658,3763.391602
34.79726295,255133.9136,4208575.63,3763.406494
34.83537827,255133.8871,4208575.603,3763.418701
34.87349358,255133.8606,4208575.576,3763.432129
34.9116089,255133.8341,4208575.548,3763.448486
34.94972422,255133.8076,4208575.521,3763.457764
34.98783954,255133.7811,4208575.493,3763.467285
35.02595485,255133.7546,4208575.466,3763.476074
35.06407017,255133.7281,4208575.439,3763.483887
35.10218549,255133.7016,4208575.411,3763.490967
35.1403008,255133.6751,4208575.384,3763.49707
35.17841612,255133.6486,4208575.356,3763.50293
35.21653144,255133.622,4208575.329,3763.508301
35.25464676,255133.5955,4208575.302,3763.513428
35.29276207,255133.569,4208575.274,3763.518555
35.33087739,255133.5425,4208575.247,3763.522949
35.36899271,255133.516,4208575.219,3763.527832
35.40710803,255133.4895,4208575.192,3763.531982
35.44522334,255133.463,4208575.165,3763.536865
35.48333866,255133.4365,4208575.137,3763.541992
35.52145398,255133.41,4208575.11,3763.546875
35.5595693,255133.3835,4208575.083,3763.552979
35.59768461,255133.357,4208575.055,3763.560059
35.63579993,255133.3305,4208575.028,3763.569336
35.67391525,255133.304,4208575,3763.579346
35.71203057,255133.2775,4208574.973,3763.591797
35.75014588,255133.251,4208574.946,3763.605225
35.7882612,255133.2245,4208574.918,3763.620361
35.82637652,255133.1979,4208574.891,3763.634521
35.86449184,255133.1714,4208574.863,3763.648438
35.90260715,255133.1449,4208574.836,3763.660645
35.94072247,255133.1184,4208574.809,3763.671631
35.97883779,255133.0919,4208574.781,3763.681152
36.0169531,255133.0654,4208574.754,3763.688965
36.05506842,255133.0389,4208574.726,3763.696045
36.09318374,255133.0124,4208574.699,3763.702393
36.13129906,255132.9859,4208574.672,3763.708008
36.16941437,255132.9594,4208574.644,3763.7146
36.20752969,255132.9329,4208574.617,3763.720947
36.24564501,255132.9064,4208574.59,3763.727051
36.28376033,255132.8799,4208574.562,3763.733154
36.32187564,255132.8534,4208574.535,3763.741455
36.35999096,255132.8269,4208574.507,3763.750732
36.39810628,255132.8004,4208574.48,3763.76001
36.4362216,255132.7738,4208574.453,3763.768799
36.47433691,255132.7473,4208574.425,3763.776123
36.51245223,255132.7208,4208574.398,3763.784424
36.55056755,255132.6943,4208574.37,3763.792236
36.58868287,255132.6678,4208574.343,3763.797363
36.62679818,255132.6413,4208574.316,3763.800049
36.6649135,255132.6148,4208574.288,3763.801758
36.70302882,255132.5883,4208574.261,3763.80127
36.74114414,255132.5618,4208574.233,3763.799072
36.77925945,255132.5353,4208574.206,3763.796143
36.81737477,255132.5088,4208574.179,3763.791016
36.85549009,255132.4823,4208574.151,3763.785156
36.89360541,255132.4558,4208574.124,3763.778076
36.93172072,255132.4293,4208574.096,3763.770752
36.96983604,255132.4028,4208574.069,3763.764648
37.00795136,255132.3763,4208574.042,3763.760498
37.04606667,255132.3497,4208574.014,3763.758545
37.08418199,255132.3232,4208573.987,3763.756348
37.12229731,255132.2967,4208573.96,3763.753418
37.16041263,255132.2702,4208573.932,3763.748779
37.19852794,255132.2437,4208573.905,3763.741699
37.23664326,255132.2172,4208573.877,3763.734863
37.27475858,255132.1907,4208573.85,3763.728516
37.3128739,255132.1642,4208573.823,3763.7229
37.35098921,255132.1377,4208573.795,3763.715088
37.38910453,255132.1112,4208573.768,3763.710449
37.42721985,255132.0847,4208573.74,3763.708008
37.46533517,255132.0582,4208573.713,3763.705811
37.50345048,255132.0317,4208573.686,3763.704346
37.5415658,255132.0052,4208573.658,3763.704102
37.57968112,255131.9787,4208573.631,3763.705322
37.61779644,255131.9522,4208573.603,3763.707764
37.65591175,255131.9256,4208573.576,3763.710938
37.69402707,255131.8991,4208573.549,3763.717773
37.73214239,255131.8726,4208573.521,3763.72583
37.77025771,255131.8461,4208573.494,3763.734863
37.80837302,255131.8196,4208573.467,3763.744141
37.84648834,255131.7931,4208573.439,3763.754639
37.88460366,255131.7666,4208573.412,3763.765137
37.92271897,255131.7401,4208573.384,3763.776367
37.96083429,255131.7136,4208573.357,3763.789551
37.99894961,255131.6871,4208573.33,3763.807617
38.03706493,255131.6606,4208573.302,3763.828125
38.07518024,255131.6341,4208573.275,3763.85083
38.11329556,255131.6076,4208573.247,3763.875977
38.15141088,255131.5811,4208573.22,3763.902832
38.1895262,255131.5546,4208573.193,3763.928467
38.22764151,255131.5281,4208573.165,3763.952881
38.26575683,255131.5015,4208573.138,3763.975342
38.30387215,255131.475,4208573.11,3763.993164
38.34198747,255131.4485,4208573.083,3764.008301
38.38010278,255131.422,4208573.056,3764.02124
38.4182181,255131.3955,4208573.028,3764.030029
38.45633342,255131.369,4208573.001,3764.037109
38.49444874,255131.3425,4208572.974,3764.041992
38.53256405,255131.316,4208572.946,3764.043945
38.57067937,255131.2895,4208572.919,3764.046387
38.60879469,255131.263,4208572.891,3764.047607
38.64691001,255131.2365,4208572.864,3764.049805
38.68502532,255131.21,4208572.837,3764.051758
38.72314064,255131.1835,4208572.809,3764.054199
38.76125596,255131.157,4208572.782,3764.056641
38.79937127,255131.1305,4208572.754,3764.05957
38.83748659,255131.104,4208572.727,3764.062988
38.87560191,255131.0775,4208572.7,3764.067627
38.91371723,255131.0509,4208572.672,3764.072266
38.95183254,255131.0244,4208572.645,3764.077148
38.98994786,255130.9979,4208572.617,3764.081299
39.02806318,255130.9714,4208572.59,3764.084229
39.0661785,255130.9449,4208572.563,3764.086182
39.10429381,255130.9184,4208572.535,3764.087402
39.14240913,255130.8919,4208572.508,3764.088379
39.18052445,255130.8654,4208572.481,3764.089355
39.21863977,255130.8389,4208572.453,3764.089844
39.25675508,255130.8124,4208572.426,3764.090332
39.2948704,255130.7859,4208572.398,3764.090576
39.33298572,255130.7594,4208572.371,3764.090576
39.37110104,255130.7329,4208572.344,3764.090576
39.40921635,255130.7064,4208572.316,3764.09082
39.44733167,255130.6799,4208572.289,3764.091309
39.48544699,255130.6534,4208572.261,3764.091797
39.52356231,255130.6268,4208572.234,3764.092773
39.56167762,255130.6003,4208572.207,3764.093994
39.59979294,255130.5738,4208572.179,3764.095947
39.63790826,255130.5473,4208572.152,3764.098389
39.67602357,255130.5208,4208572.124,3764.101807
39.71413889,255130.4943,4208572.097,3764.105469
39.75225421,255130.4678,4208572.07,3764.108154
39.79036953,255130.4413,4208572.042,3764.108887
39.82848484,255130.4148,4208572.015,3764.108887
39.86660016,255130.3883,4208571.987,3764.108643
39.90471548,255130.3618,4208571.96,3764.10791
39.9428308,255130.3353,4208571.933,3764.107178
39.98094611,255130.3088,4208571.905,3764.105713
40.01906143,255130.2823,4208571.878,3764.104004
40.05717675,255130.2558,4208571.851,3764.101563
40.09529207,255130.2293,4208571.823,3764.098145
40.13340738,255130.2027,4208571.796,3764.091064
40.1715227,255130.1762,4208571.768,3764.079834
40.20963802,255130.1497,4208571.741,3764.06665
40.24775334,255130.1232,4208571.714,3764.052979
40.28586865,255130.0967,4208571.686,3764.039063
40.32398397,255130.0702,4208571.659,3764.0271
40.36209929,255130.0437,4208571.631,3764.016113
40.40021461,255130.0172,4208571.604,3764.006348
40.43832992,255129.9907,4208571.577,3763.997314
40.47644524,255129.9642,4208571.549,3763.987549
40.51456056,255129.9377,4208571.522,3763.976563
40.55267587,255129.9112,4208571.494,3763.962402
40.59079119,255129.8847,4208571.467,3763.945068
40.62890651,255129.8582,4208571.44,3763.926025
40.66702183,255129.8317,4208571.412,3763.906006
40.70513714,255129.8052,4208571.385,3763.884766
40.74325246,255129.7786,4208571.358,3763.863525
40.78136778,255129.7521,4208571.33,3763.843262
40.8194831,255129.7256,4208571.303,3763.823975
40.85759841,255129.6991,4208571.275,3763.807617
40.89571373,255129.6726,4208571.248,3763.793457
40.93382905,255129.6461,4208571.221,3763.780762
40.97194437,255129.6196,4208571.193,3763.768555
41.01005968,255129.5931,4208571.166,3763.75708
41.048175,255129.5666,4208571.138,3763.746826
41.08629032,255129.5401,4208571.111,3763.73877
41.12440564,255129.5136,4208571.084,3763.731689
41.16252095,255129.4871,4208571.056,3763.724609
41.20063627,255129.4606,4208571.029,3763.720459
41.23875159,255129.4341,4208571.001,3763.716797
41.27686691,255129.4076,4208570.974,3763.713867
41.31498222,255129.3811,4208570.947,3763.711426
41.35309754,255129.3545,4208570.919,3763.709473
41.39121286,255129.328,4208570.892,3763.708008
41.42932817,255129.3015,4208570.865,3763.707275
41.46744349,255129.275,4208570.837,3763.707275
41.50555881,255129.2485,4208570.81,3763.70752
41.54367413,255129.222,4208570.782,3763.708496
41.58178944,255129.1955,4208570.755,3763.709717
41.61990476,255129.169,4208570.728,3763.711426
41.65802008,255129.1425,4208570.7,3763.714111
41.6961354,255129.116,4208570.673,3763.717285
41.73425071,255129.0895,4208570.645,3763.721191
41.77236603,255129.063,4208570.618,3763.726318
41.81048135,255129.0365,4208570.591,3763.73291
41.84859667,255129.01,4208570.563,3763.740479
41.88671198,255128.9835,4208570.536,3763.749268
41.9248273,255128.957,4208570.508,3763.758789
41.96294262,255128.9304,4208570.481,3763.769043
42.00105794,255128.9039,4208570.454,3763.779785
42.03917325,255128.8774,4208570.426,3763.791504
42.07728857,255128.8509,4208570.399,3763.805664
42.11540389,255128.8244,4208570.371,3763.822754
42.15351921,255128.7979,4208570.344,3763.843994
42.19163452,255128.7714,4208570.317,3763.859375
42.22974984,255128.7449,4208570.289,3763.885742
42.26786516,255128.7184,4208570.262,3763.910645
42.30598047,255128.6919,4208570.235,3763.937256
42.34409579,255128.6654,4208570.207,3763.962158
42.38221111,255128.6389,4208570.18,3763.986328
42.42032643,255128.6124,4208570.152,3764.01001
42.45844174,255128.5859,4208570.125,3764.033691
42.49655706,255128.5594,4208570.098,3764.058594
42.53467238,255128.5329,4208570.07,3764.082031
42.5727877,255128.5063,4208570.043,3764.104492
42.61090301,255128.4798,4208570.015,3764.126709
42.64901833,255128.4533,4208569.988,3764.151367
42.68713365,255128.4268,4208569.961,3764.176514
42.72524897,255128.4003,4208569.933,3764.201172
42.76336428,255128.3738,4208569.906,3764.224609
42.8014796,255128.3473,4208569.878,3764.248535
42.83959492,255128.3208,4208569.851,3764.270996
42.87771024,255128.2943,4208569.824,3764.291016
42.91582555,255128.2678,4208569.796,3764.310059
42.95394087,255128.2413,4208569.769,3764.329834
42.99205619,255128.2148,4208569.742,3764.346436
43.03017151,255128.1883,4208569.714,3764.362549
43.06828682,255128.1618,4208569.687,3764.377441
43.10640214,255128.1353,4208569.659,3764.391113
43.14451746,255128.1088,4208569.632,3764.404297
43.18263278,255128.0822,4208569.605,3764.41748
43.22074809,255128.0557,4208569.577,3764.43042
43.25886341,255128.0292,4208569.55,3764.444336
43.29697873,255128.0027,4208569.522,3764.459473
43.33509404,255127.9762,4208569.495,3764.474609
43.37320936,255127.9497,4208569.468,3764.486816
43.41132468,255127.9232,4208569.44,3764.503418
43.44944,255127.8967,4208569.413,3764.520996
43.48755531,255127.8702,4208569.385,3764.540039
43.52567063,255127.8437,4208569.358,3764.559082
43.56378595,255127.8172,4208569.331,3764.578613
43.60190127,255127.7907,4208569.303,3764.597412
43.64001658,255127.7642,4208569.276,3764.615234
43.6781319,255127.7377,4208569.249,3764.631348
43.71624722,255127.7112,4208569.221,3764.646484
43.75436254,255127.6847,4208569.194,3764.662842
43.79247785,255127.6581,4208569.166,3764.679688
43.83059317,255127.6316,4208569.139,3764.695801
43.86870849,255127.6051,4208569.112,3764.711182
43.90682381,255127.5786,4208569.084,3764.727539
43.94493912,255127.5521,4208569.057,3764.743408
43.98305444,255127.5256,4208569.029,3764.759033
44.02116976,255127.4991,4208569.002,3764.774658
44.05928508,255127.4726,4208568.975,3764.791992
44.09740039,255127.4461,4208568.947,3764.807129
44.13551571,255127.4196,4208568.92,3764.821533
44.17363103,255127.3931,4208568.892,3764.834961
44.21174634,255127.3666,4208568.865,3764.847412
44.24986166,255127.3401,4208568.838,3764.859375
44.28797698,255127.3136,4208568.81,3764.872803
44.3260923,255127.2871,4208568.783,3764.886475
44.36420761,255127.2606,4208568.755,3764.899902
44.40232293,255127.2341,4208568.728,3764.912842
44.44043825,255127.2075,4208568.701,3764.925537
44.47855357,255127.181,4208568.673,3764.935059
44.51666888,255127.1545,4208568.646,3764.942139
44.5547842,255127.128,4208568.619,3764.947754
44.59289952,255127.1015,4208568.591,3764.94873
44.63101484,255127.075,4208568.564,3764.954102
44.66913015,255127.0485,4208568.536,3764.959717
44.70724547,255127.022,4208568.509,3764.965576
44.74536079,255126.9955,4208568.482,3764.970703
44.78347611,255126.969,4208568.454,3764.97583
44.82159142,255126.9425,4208568.427,3764.979736
44.85970674,255126.916,4208568.399,3764.983643
44.89782206,255126.8895,4208568.372,3764.986572
44.93593738,255126.863,4208568.345,3764.98877
44.97405269,255126.8365,4208568.317,3764.990967
45.01216801,255126.81,4208568.29,3764.992188
45.05028333,255126.7834,4208568.262,3764.99292
45.08839864,255126.7569,4208568.235,3764.99292
45.12651396,255126.7304,4208568.208,3764.992188
45.16462928,255126.7039,4208568.18,3764.990967
45.2027446,255126.6774,4208568.153,3764.989502
45.24085991,255126.6509,4208568.126,3764.987061
45.27897523,255126.6244,4208568.098,3764.984375
45.31709055,255126.5979,4208568.071,3764.981445
45.35520587,255126.5714,4208568.043,3764.97876
45.39332118,255126.5449,4208568.016,3764.976074
45.4314365,255126.5184,4208567.989,3764.973633
45.46955182,255126.4919,4208567.961,3764.971191
45.50766714,255126.4654,4208567.934,3764.96875
45.54578245,255126.4389,4208567.906,3764.966309
45.58389777,255126.4124,4208567.879,3764.963867
45.62201309,255126.3859,4208567.852,3764.960938
45.66012841,255126.3593,4208567.824,3764.958252
45.69824372,255126.3328,4208567.797,3764.95459
45.73635904,255126.3063,4208567.769,3764.950928
45.77447436,255126.2798,4208567.742,3764.945801
45.81258968,255126.2533,4208567.715,3764.939209
45.85070499,255126.2268,4208567.687,3764.931885
45.88882031,255126.2003,4208567.66,3764.921143
45.92693563,255126.1738,4208567.633,3764.906738
45.96505094,255126.1473,4208567.605,3764.88916
46.00316626,255126.1208,4208567.578,3764.871094
46.04128158,255126.0943,4208567.55,3764.852783
46.07292362,255126.0668,4208567.535,3764.837891
46.10456565,255126.0393,4208567.519,3764.839844
46.13620769,255126.0119,4208567.503,3764.831787
46.16784972,255125.9844,4208567.488,3764.834717
46.19949176,255125.9569,4208567.472,3764.833008
46.2311338,255125.9294,4208567.456,3764.833496
46.26277583,255125.902,4208567.44,3764.835938
46.29441787,255125.8745,4208567.425,3764.836914
46.3260599,255125.847,4208567.409,3764.838623
46.35770194,255125.8196,4208567.393,3764.8396
46.38934398,255125.7921,4208567.378,3764.841064
46.42098601,255125.7646,4208567.362,3764.842285
46.45262805,255125.7371,4208567.346,3764.84375
46.48427008,255125.7097,4208567.331,3764.845459
46.51591212,255125.6822,4208567.315,3764.847656
46.54755416,255125.6547,4208567.299,3764.849609
46.57919619,255125.6272,4208567.283,3764.851807
46.61083823,255125.5998,4208567.268,3764.853516
46.64248026,255125.5723,4208567.252,3764.857422
46.6741223,255125.5448,4208567.236,3764.864014
46.70576434,255125.5174,4208567.221,3764.86792
46.73740637,255125.4899,4208567.205,3764.885498
46.76904841,255125.4624,4208567.189,3764.892822
46.80069044,255125.4349,4208567.174,3764.916504
46.83233248,255125.4075,4208567.158,3764.941162
46.86397452,255125.38,4208567.142,3764.949951
46.89561655,255125.3525,4208567.126,3764.972656
46.92725859,255125.325,4208567.111,3764.97998
46.95890062,255125.2976,4208567.095,3764.998535
46.99054266,255125.2701,4208567.079,3765.00415
47.0221847,255125.2426,4208567.064,3765.019287
47.05382673,255125.2151,4208567.048,3765.032471
47.08546877,255125.1877,4208567.032,3765.036377
47.1171108,255125.1602,4208567.017,3765.046387
47.14875284,255125.1327,4208567.001,3765.048828
47.18039488,255125.1053,4208566.985,3765.057373
47.21203691,255125.0778,4208566.969,3765.059326
47.24367895,255125.0503,4208566.954,3765.067871
47.27532098,255125.0228,4208566.938,3765.075684
47.30696302,255124.9954,4208566.922,3765.077148
47.33860506,255124.9679,4208566.907,3765.084229
47.37024709,255124.9404,4208566.891,3765.085205
47.40188913,255124.9129,4208566.875,3765.092529
47.43353116,255124.8855,4208566.86,3765.094238
47.4651732,255124.858,4208566.844,3765.100586
47.49681524,255124.8305,4208566.828,3765.106689
47.52845727,255124.8031,4208566.813,3765.107178
47.56009931,255124.7756,4208566.797,3765.113281
47.59174134,255124.7481,4208566.781,3765.114258
47.62338338,255124.7206,4208566.765,3765.119873
47.65502542,255124.6932,4208566.75,3765.12085
47.68666745,255124.6657,4208566.734,3765.125977
47.71830949,255124.6382,4208566.718,3765.130371
47.74995152,255124.6107,4208566.703,3765.131104
47.78159356,255124.5833,4208566.687,3765.13501
47.8132356,255124.5558,4208566.671,3765.135986
47.84487763,255124.5283,4208566.656,3765.138916
47.87651967,255124.5009,4208566.64,3765.139893
47.9081617,255124.4734,4208566.624,3765.143311
47.93980374,255124.4459,4208566.608,3765.145508
47.97144578,255124.4184,4208566.593,3765.145996
48.00308781,255124.391,4208566.577,3765.147217
48.03472985,255124.3635,4208566.561,3765.147461
48.06637188,255124.336,4208566.546,3765.147949
48.09801392,255124.3085,4208566.53,3765.148193
48.12965596,255124.2811,4208566.514,3765.148682
48.16129799,255124.2536,4208566.499,3765.14917
48.19294003,255124.2261,4208566.483,3765.149658
48.22458206,255124.1986,4208566.467,3765.150146
48.2562241,255124.1712,4208566.451,3765.150391
48.28786614,255124.1437,4208566.436,3765.150635
48.31950817,255124.1162,4208566.42,3765.151367
48.35115021,255124.0888,4208566.404,3765.151855
48.38279224,255124.0613,4208566.389,3765.1521
48.41443428,255124.0338,4208566.373,3765.153809
48.44607632,255124.0063,4208566.357,3765.155029
48.47771835,255123.9789,4208566.342,3765.157715
48.50936039,255123.9514,4208566.326,3765.159912
48.54100242,255123.9239,4208566.31,3765.164307
48.57264446,255123.8964,4208566.294,3765.167725
48.6042865,255123.869,4208566.279,3765.172363
48.63592853,255123.8415,4208566.263,3765.179688
48.66757057,255123.814,4208566.247,3765.185303
48.6992126,255123.7866,4208566.232,3765.193359
48.73085464,255123.7591,4208566.216,3765.199463
48.76249668,255123.7316,4208566.2,3765.206299
48.79413871,255123.7041,4208566.185,3765.210938
48.82578075,255123.6767,4208566.169,3765.213867
48.85742278,255123.6492,4208566.153,3765.21582
48.88906482,255123.6217,4208566.137,3765.217041
48.92070686,255123.5942,4208566.122,3765.218262
48.95234889,255123.5668,4208566.106,3765.218994
48.98399093,255123.5393,4208566.09,3765.219727
49.01563296,255123.5118,4208566.075,3765.220215
49.047275,255123.4843,4208566.059,3765.220703
49.07891704,255123.4569,4208566.043,3765.220947
49.11055907,255123.4294,4208566.028,3765.222168
49.14220111,255123.4019,4208566.012,3765.222412
49.17384314,255123.3745,4208565.996,3765.223389
49.20548518,255123.347,4208565.98,3765.225098
49.23712722,255123.3195,4208565.965,3765.225586
49.26876925,255123.292,4208565.949,3765.229492
49.30041129,255123.2646,4208565.933,3765.230713
49.33205332,255123.2371,4208565.918,3765.237793
49.36369536,255123.2096,4208565.902,3765.239502
49.3953374,255123.1821,4208565.886,3765.249268
49.42697943,255123.1547,4208565.871,3765.260254
49.45862147,255123.1272,4208565.855,3765.262939
49.4902635,255123.0997,4208565.839,3765.275391
49.52190554,255123.0723,4208565.823,3765.279541
49.55354758,255123.0448,4208565.808,3765.294189
49.58518961,255123.0173,4208565.792,3765.299072
49.61683165,255122.9898,4208565.776,3765.317627
49.64847368,255122.9624,4208565.761,3765.339355
49.68011572,255122.9349,4208565.745,3765.347656
49.71175776,255122.9074,4208565.729,3765.373779
49.74339979,255122.8799,4208565.714,3765.383057
49.77504183,255122.8525,4208565.698,3765.409912
49.80668386,255122.825,4208565.682,3765.419189
49.8383259,255122.7975,4208565.666,3765.444824
49.86996794,255122.7701,4208565.651,3765.469482
49.90160997,255122.7426,4208565.635,3765.477539
49.93325201,255122.7151,4208565.619,3765.499023
49.96489404,255122.6876,4208565.604,3765.505127
49.99653608,255122.6602,4208565.588,3765.524658
50.02817812,255122.6327,4208565.572,3765.529785
50.05982015,255122.6052,4208565.557,3765.546387
50.09146219,255122.5777,4208565.541,3765.562988
50.12310422,255122.5503,4208565.525,3765.567383
50.15474626,255122.5228,4208565.509,3765.58252
50.1863883,255122.4953,4208565.494,3765.587158
50.21803033,255122.4678,4208565.478,3765.601807
50.24967237,255122.4404,4208565.462,3765.606934
50.2813144,255122.4129,4208565.447,3765.621094
50.31295644,255122.3854,4208565.431,3765.635986
50.34459848,255122.358,4208565.415,3765.641602
50.37624051,255122.3305,4208565.4,3765.656494
50.40788255,255122.303,4208565.384,3765.661865
50.43614984,255122.2756,4208565.377,3765.676514
50.46441713,255122.2482,4208565.37,3765.682373
50.49268442,255122.2207,4208565.363,3765.688232
50.52095172,255122.1933,4208565.356,3765.69458
50.54921901,255122.1659,4208565.35,3765.70752
50.5774863,255122.1385,4208565.343,3765.712891
50.60575359,255122.111,4208565.336,3765.71875
50.63402088,255122.0836,4208565.329,3765.725586
50.66228817,255122.0562,4208565.322,3765.737793
50.69055546,255122.0288,4208565.315,3765.74585
50.71882276,255122.0014,4208565.308,3765.753174
50.74709005,255121.9739,4208565.302,3765.760742
50.77535734,255121.9465,4208565.295,3765.772705
50.80362463,255121.9191,4208565.288,3765.780518
50.83189192,255121.8917,4208565.281,3765.787842
50.86015921,255121.8642,4208565.274,3765.79541
50.8884265,255121.8368,4208565.267,3765.804932
50.9166938,255121.8094,4208565.261,3765.811523
50.94496109,255121.782,4208565.254,3765.817139
50.97322838,255121.7545,4208565.247,3765.821533
51.00149567,255121.7271,4208565.24,3765.826904
51.02976296,255121.6997,4208565.233,3765.830811
51.05803025,255121.6723,4208565.226,3765.834229
51.08629755,255121.6449,4208565.219,3765.83667
51.11456484,255121.6174,4208565.213,3765.838379
51.14283213,255121.59,4208565.206,3765.840576
51.17109942,255121.5626,4208565.199,3765.842285
51.19936671,255121.5352,4208565.192,3765.843506
51.227634,255121.5077,4208565.185,3765.844482
51.25590129,255121.4803,4208565.178,3765.845459
51.28416859,255121.4529,4208565.171,3765.845947
51.31243588,255121.4255,4208565.165,3765.84668
51.34070317,255121.398,4208565.158,3765.847168
51.36897046,255121.3706,4208565.151,3765.847412
51.39723775,255121.3432,4208565.144,3765.847656
51.42550504,255121.3158,4208565.137,3765.847656
51.45377234,255121.2883,4208565.13,3765.847656
51.48203963,255121.2609,4208565.123,3765.847656
51.51030692,255121.2335,4208565.117,3765.847412
51.53857421,255121.2061,4208565.11,3765.847412
51.5668415,255121.1787,4208565.103,3765.84668
51.59510879,255121.1512,4208565.096,3765.846191
51.62337608,255121.1238,4208565.089,3765.845703
51.65164338,255121.0964,4208565.082,3765.845459
51.67991067,255121.069,4208565.075,3765.843994
51.70817796,255121.0415,4208565.069,3765.843262
51.73644525,255121.0141,4208565.062,3765.842529
51.76471254,255120.9867,4208565.055,3765.841553
51.79297983,255120.9593,4208565.048,3765.839111
51.82124713,255120.9318,4208565.041,3765.838135
51.84951442,255120.9044,4208565.034,3765.837158
51.87778171,255120.877,4208565.027,3765.835938
51.906049,255120.8496,4208565.021,3765.832275
51.93431629,255120.8222,4208565.014,3765.830322
51.96258358,255120.7947,4208565.007,3765.827881
51.99085087,255120.7673,4208565,3765.825439
52.01911817,255120.7399,4208564.993,3765.81958
52.04738546,255120.7125,4208564.986,3765.81665
52.07565275,255120.685,4208564.979,3765.813721
52.10392004,255120.6576,4208564.973,3765.810303
52.13218733,255120.6302,4208564.966,3765.80249
52.16045462,255120.6028,4208564.959,3765.798584
52.18872192,255120.5753,4208564.952,3765.794434
52.21698921,255120.5479,4208564.945,3765.790039
52.2452565,255120.5205,4208564.938,3765.780762
52.27352379,255120.4931,4208564.931,3765.775635
52.30179108,255120.4657,4208564.925,3765.769775
52.33005837,255120.4382,4208564.918,3765.762939
52.35832566,255120.4108,4208564.911,3765.747314
52.38659296,255120.3834,4208564.904,3765.739258
52.41486025,255120.356,4208564.897,3765.730225
52.44312754,255120.3285,4208564.89,3765.720459
52.47139483,255120.3011,4208564.883,3765.705078
52.49966212,255120.2737,4208564.877,3765.696533
52.52792941,255120.2463,4208564.87,3765.688477
52.55619671,255120.2188,4208564.863,3765.680908
52.584464,255120.1914,4208564.856,3765.669434
52.61273129,255120.164,4208564.849,3765.664063
52.64099858,255120.1366,4208564.842,3765.660156
52.66926587,255120.1091,4208564.835,3765.657471
52.69753316,255120.0817,4208564.829,3765.655273
52.72580045,255120.0543,4208564.822,3765.653076
52.75406775,255120.0269,4208564.815,3765.651611
52.78233504,255119.9995,4208564.808,3765.649902
52.81060233,255119.972,4208564.801,3765.648926
52.83886962,255119.9446,4208564.794,3765.647949
52.86713691,255119.9172,4208564.787,3765.646973
52.8954042,255119.8898,4208564.781,3765.645996
52.92367149,255119.8623,4208564.774,3765.645996
52.95193879,255119.8349,4208564.767,3765.645264
52.98020608,255119.8075,4208564.76,3765.644775
53.00847337,255119.7801,4208564.753,3765.644531
53.03674066,255119.7526,4208564.746,3765.647217
53.06500795,255119.7252,4208564.739,3765.649658
53.09327524,255119.6978,4208564.733,3765.652832
53.12154254,255119.6704,4208564.726,3765.655762
53.14980983,255119.643,4208564.719,3765.664795
53.17807712,255119.6155,4208564.712,3765.668213
53.20634441,255119.5881,4208564.705,3765.671631
53.2346117,255119.5607,4208564.698,3765.674805
53.26287899,255119.5333,4208564.691,3765.68335
53.29114628,255119.5058,4208564.685,3765.686035
53.31941358,255119.4784,4208564.678,3765.688477
53.34768087,255119.451,4208564.671,3765.690674
53.37594816,255119.4236,4208564.664,3765.69873
53.40421545,255119.3961,4208564.657,3765.700928
53.43248274,255119.3687,4208564.65,3765.703369
53.46075003,255119.3413,4208564.643,3765.704834
53.48901733,255119.3139,4208564.637,3765.712402
53.51728462,255119.2864,4208564.63,3765.713867
53.54555191,255119.259,4208564.623,3765.715088
53.5738192,255119.2316,4208564.616,3765.71582
53.60208649,255119.2042,4208564.609,3765.724121
53.63035378,255119.1768,4208564.602,3765.724365
53.65862107,255119.1493,4208564.595,3765.724121
53.68688837,255119.1219,4208564.589,3765.723389
53.71515566,255119.0945,4208564.582,3765.72998
53.74342295,255119.0671,4208564.575,3765.728516
53.77169024,255119.0396,4208564.568,3765.726563
53.79995753,255119.0122,4208564.561,3765.723877
53.82822482,255118.9848,4208564.554,3765.72998
53.85649212,255118.9574,4208564.547,3765.726807
53.88475941,255118.9299,4208564.541,3765.723633
53.9130267,255118.9025,4208564.534,3765.719971
53.94129399,255118.8751,4208564.527,3765.726074
53.96956128,255118.8477,4208564.52,3765.722412
53.99782857,255118.8203,4208564.513,3765.718506
54.02609586,255118.7928,4208564.506,3765.714844
54.05436316,255118.7654,4208564.5,3765.720703
54.08263045,255118.738,4208564.493,3765.717529
54.11089774,255118.7106,4208564.486,3765.713623
54.13916503,255118.6831,4208564.479,3765.710205
54.16743232,255118.6557,4208564.472,3765.716064
54.19569961,255118.6283,4208564.465,3765.712891
54.22396691,255118.6009,4208564.458,3765.709961
54.2522342,255118.5734,4208564.452,3765.707764
54.28050149,255118.546,4208564.445,3765.714355
54.30876878,255118.5186,4208564.438,3765.711914
54.33703607,255118.4912,4208564.431,3765.709717
54.36530336,255118.4637,4208564.424,3765.708496
54.39357065,255118.4363,4208564.417,3765.715088
54.42183795,255118.4089,4208564.41,3765.714111
54.45010524,255118.3815,4208564.404,3765.713135
54.47837253,255118.3541,4208564.397,3765.712158
54.50663982,255118.3266,4208564.39,3765.718018
54.53490711,255118.2992,4208564.383,3765.717285
54.5631744,255118.2718,4208564.376,3765.716309
54.5914417,255118.2444,4208564.369,3765.71582
54.61970899,255118.2169,4208564.362,3765.720459
54.64797628,255118.1895,4208564.356,3765.719971
54.67624357,255118.1621,4208564.349,3765.719238
54.70451086,255118.1347,4208564.342,3765.718262
54.73277815,255118.1072,4208564.335,3765.721436
54.76104544,255118.0798,4208564.328,3765.720703
54.78931274,255118.0524,4208564.321,3765.720215
54.81758003,255118.025,4208564.314,3765.719727
54.84584732,255117.9976,4208564.308,3765.722168
54.87411461,255117.9701,4208564.301,3765.721436
54.9023819,255117.9427,4208564.294,3765.721191
54.93064919,255117.9153,4208564.287,3765.720703
54.95891649,255117.8879,4208564.28,3765.723145
54.98718378,255117.8604,4208564.273,3765.722656
55.01545107,255117.833,4208564.266,3765.721924
55.04371836,255117.8056,4208564.26,3765.721191
55.07198565,255117.7782,4208564.253,3765.723145
55.10025294,255117.7507,4208564.246,3765.722656
55.12852023,255117.7233,4208564.239,3765.721924
55.15678753,255117.6959,4208564.232,3765.721191
55.18505482,255117.6685,4208564.225,3765.7229
55.21332211,255117.6411,4208564.218,3765.721924
55.2415894,255117.6136,4208564.212,3765.721191
55.26985669,255117.5862,4208564.205,3765.720459
55.29812398,255117.5588,4208564.198,3765.721924
55.32639127,255117.5314,4208564.191,3765.720947
55.35465857,255117.5039,4208564.184,3765.719971
55.38292586,255117.4765,4208564.177,3765.718994
55.41119315,255117.4491,4208564.17,3765.720947
55.43946044,255117.4217,4208564.164,3765.719482
55.46772773,255117.3942,4208564.157,3765.718262
55.49599502,255117.3668,4208564.15,3765.716797
55.52426232,255117.3394,4208564.143,3765.71875
55.55252961,255117.312,4208564.136,3765.716553
55.5807969,255117.2845,4208564.129,3765.714111
55.60906419,255117.2571,4208564.122,3765.71167
55.63733148,255117.2297,4208564.116,3765.712158
55.66559877,255117.2023,4208564.109,3765.70874
55.69386606,255117.1749,4208564.102,3765.705566
55.72213336,255117.1474,4208564.095,3765.701904
55.75040065,255117.12,4208564.088,3765.700928
55.77866794,255117.0926,4208564.081,3765.69751
55.80693523,255117.0652,4208564.074,3765.693848
55.83520252,255117.0377,4208564.068,3765.690674
55.86346981,255117.0103,4208564.061,3765.688721
55.89173711,255116.9829,4208564.054,3765.685059
55.9200044,255116.9555,4208564.047,3765.681152
55.94827169,255116.928,4208564.04,3765.677734
55.97653898,255116.9006,4208564.033,3765.674561
56.00480627,255116.8732,4208564.026,3765.669922
56.03307356,255116.8458,4208564.02,3765.664551
56.06134085,255116.8184,4208564.013,3765.658936
56.08960815,255116.7909,4208564.006,3765.645996
56.11787544,255116.7635,4208563.999,3765.636475
56.14614273,255116.7361,4208563.992,3765.625977
56.17441002,255116.7087,4208563.985,3765.613525
56.20267731,255116.6812,4208563.978,3765.585938
56.2309446,255116.6538,4208563.972,3765.567871
56.2592119,255116.6264,4208563.965,3765.549072
56.28747919,255116.599,4208563.958,3765.529785
56.31574648,255116.5715,4208563.951,3765.495361
56.34401377,255116.5441,4208563.944,3765.478027
56.37228106,255116.5167,4208563.937,3765.463135
56.40054835,255116.4893,4208563.93,3765.450928
56.42881564,255116.4618,4208563.924,3765.434814
56.45708294,255116.4344,4208563.917,3765.428955
56.48535023,255116.407,4208563.91,3765.424561
56.51361752,255116.3796,4208563.903,3765.420898
56.54188481,255116.3522,4208563.896,3765.414795
56.5701521,255116.3247,4208563.889,3765.412598
56.59841939,255116.2973,4208563.882,3765.4104
56.62668669,255116.2699,4208563.876,3765.408203
56.65495398,255116.2425,4208563.869,3765.404297
56.68322127,255116.215,4208563.862,3765.4021
56.71148856,255116.1876,4208563.855,3765.399902
56.73975585,255116.1602,4208563.848,3765.397705
56.76802314,255116.1328,4208563.841,3765.392334
56.79629043,255116.1053,4208563.834,3765.389404
56.82455773,255116.0779,4208563.828,3765.38623
56.85282502,255116.0505,4208563.821,3765.383057
56.88109231,255116.0231,4208563.814,3765.373047
56.9093596,255115.9957,4208563.807,3765.369141
56.93762689,255115.9682,4208563.8,3765.365723
56.96589418,255115.9408,4208563.793,3765.362549
56.99416148,255115.9134,4208563.786,3765.348389
57.02242877,255115.886,4208563.78,3765.345215
57.05069606,255115.8585,4208563.773,3765.342041
57.07896335,255115.8311,4208563.766,3765.339111
57.10723064,255115.8037,4208563.759,3765.32251
57.13783548,255115.79,4208563.732,3765.300293
57.16844032,255115.7763,4208563.704,3765.280029
57.19904516,255115.7626,4208563.677,3765.254639
57.22965,255115.7489,4208563.65,3765.234131
57.26025484,255115.7353,4208563.622,3765.21167
57.29085968,255115.7216,4208563.595,3765.195068
57.32146452,255115.7079,4208563.567,3765.178467
57.35206935,255115.6942,4208563.54,3765.166748
57.38267419,255115.6805,4208563.513,3765.1521
57.41327903,255115.6668,4208563.485,3765.141357
57.44388387,255115.6531,4208563.458,3765.128906
57.47448871,255115.6394,4208563.431,3765.118652
57.50509355,255115.6258,4208563.403,3765.105469
57.53569839,255115.6121,4208563.376,3765.095703
57.56630323,255115.5984,4208563.348,3765.082275
57.59690807,255115.5847,4208563.321,3765.071045
57.62751291,255115.571,4208563.294,3765.056152
57.65811775,255115.5573,4208563.266,3765.043945
57.68872259,255115.5436,4208563.239,3765.029297
57.71932742,255115.53,4208563.212,3765.018555
57.74993226,255115.5163,4208563.184,3765.00708
57.7805371,255115.5026,4208563.157,3765.000977
57.81114194,255115.4889,4208563.129,3764.998291
57.84174678,255115.4752,4208563.102,3764.996094
57.87235162,255115.4615,4208563.075,3764.99585
57.90295646,255115.4478,4208563.047,3764.994141
57.9335613,255115.4341,4208563.02,3764.994629
57.96416614,255115.4205,4208562.993,3764.993408
57.99477098,255115.4068,4208562.965,3764.994873
58.02537582,255115.3931,4208562.938,3764.994141
58.05598066,255115.3794,4208562.91,3764.996094
58.08658549,255115.3657,4208562.883,3764.996094
58.11719033,255115.352,4208562.856,3765.000244
58.14779517,255115.3383,4208562.828,3765.003174
58.17840001,255115.3246,4208562.801,3765.015625
58.20900485,255115.311,4208562.774,3765.023193
58.23960969,255115.2973,4208562.746,3765.039551
58.27021453,255115.2836,4208562.719,3765.049805
58.30081937,255115.2699,4208562.691,3765.070068
58.33142421,255115.2562,4208562.664,3765.082031
58.36202905,255115.2425,4208562.637,3765.106934
58.39263389,255115.2288,4208562.609,3765.121338
58.42323873,255115.2152,4208562.582,3765.146973
58.45384356,255115.2015,4208562.555,3765.163086
58.4844484,255115.1878,4208562.527,3765.189941
58.51505324,255115.1741,4208562.5,3765.205078
58.54565808,255115.1604,4208562.473,3765.22998
58.57626292,255115.1467,4208562.445,3765.243652
58.60686776,255115.133,4208562.418,3765.268066
58.6374726,255115.1193,4208562.39,3765.282227
58.66807744,255115.1057,4208562.363,3765.306641
58.69868228,255115.092,4208562.336,3765.319336
58.72928712,255115.0783,4208562.308,3765.344971
58.75989196,255115.0646,4208562.281,3765.35791
58.7904968,255115.0509,4208562.254,3765.383789
58.82110163,255115.0372,4208562.226,3765.396729
58.85170647,255115.0235,4208562.199,3765.422363
58.88231131,255115.0098,4208562.171,3765.434814
58.91291615,255114.9962,4208562.144,3765.460693
58.94352099,255114.9825,4208562.117,3765.474854
58.97412583,255114.9688,4208562.089,3765.503906
59.00473067,255114.9551,4208562.062,3765.519043
59.03533551,255114.9414,4208562.035,3765.548096
59.06594035,255114.9277,4208562.007,3765.564209
59.09654519,255114.914,4208561.98,3765.591553
59.12715003,255114.9004,4208561.952,3765.606445
59.15775487,255114.8867,4208561.925,3765.629883
59.18835971,255114.873,4208561.898,3765.643555
59.21896454,255114.8593,4208561.87,3765.665527
59.24956938,255114.8456,4208561.843,3765.680664
59.28017422,255114.8319,4208561.816,3765.704834
59.31077906,255114.8182,4208561.788,3765.722412
59.3413839,255114.8045,4208561.761,3765.749268
59.37198874,255114.7909,4208561.733,3765.76709
59.40259358,255114.7772,4208561.706,3765.793701
59.43319842,255114.7635,4208561.679,3765.809814
59.46380326,255114.7498,4208561.651,3765.835449
59.4944081,255114.7361,4208561.624,3765.850342
59.52501294,255114.7224,4208561.597,3765.872314
59.55561778,255114.7087,4208561.569,3765.884521
59.58622261,255114.6951,4208561.542,3765.908691
59.61682745,255114.6814,4208561.514,3765.921387
59.64743229,255114.6677,4208561.487,3765.943604
59.67803713,255114.654,4208561.46,3765.956787
59.70864197,255114.6403,4208561.432,3765.979736
59.73924681,255114.6266,4208561.405,3765.992188
59.76985165,255114.6129,4208561.378,3766.012695
59.80045649,255114.5992,4208561.35,3766.022461
59.83106133,255114.5856,4208561.323,3766.039307
59.86166617,255114.5719,4208561.295,3766.046387
59.89227101,255114.5582,4208561.268,3766.057861
59.92287585,255114.5445,4208561.241,3766.063721
59.95348068,255114.5308,4208561.213,3766.075684
59.98408552,255114.5171,4208561.186,3766.081299
60.01469036,255114.5034,4208561.159,3766.091064
60.0452952,255114.4897,4208561.131,3766.095947
60.07590004,255114.4761,4208561.104,3766.104736
60.10650488,255114.4624,4208561.076,3766.109619
60.13710972,255114.4487,4208561.049,3766.118652
60.16771456,255114.435,4208561.022,3766.123535
60.1983194,255114.4213,4208560.994,3766.131592
60.22892424,255114.4076,4208560.967,3766.135986
60.25952908,255114.3939,4208560.94,3766.143555
60.29013392,255114.3803,4208560.912,3766.147217
60.32073875,255114.3666,4208560.885,3766.153564
60.35134359,255114.3529,4208560.857,3766.156738
60.38194843,255114.3392,4208560.83,3766.163086
60.41255327,255114.3255,4208560.803,3766.166504
60.44315811,255114.3118,4208560.775,3766.17334
60.47376295,255114.2981,4208560.748,3766.177979
60.50436779,255114.2844,4208560.721,3766.1875
60.53497263,255114.2708,4208560.693,3766.193604
60.56557747,255114.2571,4208560.666,3766.205811
60.59618231,255114.2434,4208560.638,3766.212646
60.62678715,255114.2297,4208560.611,3766.226074
60.65739199,255114.216,4208560.584,3766.233643
60.68799682,255114.2023,4208560.556,3766.24585
60.71860166,255114.1886,4208560.529,3766.252441
60.7492065,255114.1749,4208560.502,3766.263428
60.77981134,255114.1613,4208560.474,3766.269531
60.81041618,255114.1476,4208560.447,3766.280762
60.84102102,255114.1339,4208560.419,3766.287842
60.87162586,255114.1202,4208560.392,3766.300537
60.9022307,255114.1065,4208560.365,3766.310059
60.93283554,255114.0928,4208560.337,3766.325928
60.96344038,255114.0791,4208560.31,3766.336914
60.99404522,255114.0655,4208560.283,3766.352783
61.02465006,255114.0518,4208560.255,3766.362305
61.05525489,255114.0381,4208560.228,3766.372803
61.08585973,255114.0244,4208560.2,3766.378174
61.11646457,255114.0107,4208560.173,3766.383301
61.14706941,255113.997,4208560.146,3766.386719
61.17767425,255113.9833,4208560.118,3766.38916
61.20827909,255113.9696,4208560.091,3766.390625
61.23888393,255113.956,4208560.064,3766.39209
61.26948877,255113.9423,4208560.036,3766.393066
61.30009361,255113.9286,4208560.009,3766.394531
61.33069845,255113.9149,4208559.981,3766.395264
61.36130329,255113.9012,4208559.954,3766.39624
61.39190813,255113.8875,4208559.927,3766.39624
61.42251296,255113.8738,4208559.899,3766.396484
61.4531178,255113.8601,4208559.872,3766.39624
61.48372264,255113.8465,4208559.845,3766.396484
61.51432748,255113.8328,4208559.817,3766.395752
61.54493232,255113.8191,4208559.79,3766.395508
61.57553716,255113.8054,4208559.763,3766.394287
61.606142,255113.7917,4208559.735,3766.393555
61.63674684,255113.778,4208559.708,3766.391357
61.66735168,255113.7643,4208559.68,3766.389404
61.69795652,255113.7507,4208559.653,3766.384766
61.72856136,255113.737,4208559.626,3766.379395
61.7591662,255113.7233,4208559.598,3766.37085
61.78977103,255113.7096,4208559.571,3766.364258
61.82037587,255113.6959,4208559.544,3766.354736
61.85098071,255113.6822,4208559.516,3766.346436
61.88158555,255113.6685,4208559.489,3766.336914
61.91219039,255113.6548,4208559.461,3766.327148
61.94279523,255113.6412,4208559.434,3766.317139
61.97340007,255113.6275,4208559.407,3766.303955
62.00400491,255113.6138,4208559.379,3766.28833
62.03460975,255113.6001,4208559.352,3766.266602
62.06521459,255113.5864,4208559.325,3766.245605
62.09581943,255113.5727,4208559.297,3766.216064
62.12642427,255113.559,4208559.27,3766.193115
62.1570291,255113.5454,4208559.242,3766.1604
62.18763394,255113.5317,4208559.215,3766.13623
62.21823878,255113.518,4208559.188,3766.102051
62.24884362,255113.5043,4208559.16,3766.075195
62.27944846,255113.4906,4208559.133,3766.03833
62.3100533,255113.4769,4208559.106,3766.009521
62.34065814,255113.4632,4208559.078,3765.969482
62.37126298,255113.4495,4208559.051,3765.940674
62.40186782,255113.4359,4208559.023,3765.905273
62.43247266,255113.4222,4208558.996,3765.880371
62.4630775,255113.4085,4208558.969,3765.849609
62.49368234,255113.3948,4208558.941,3765.827637
62.52428717,255113.3811,4208558.914,3765.80249
62.55489201,255113.3674,4208558.887,3765.782471
62.58549685,255113.3537,4208558.859,3765.759277
62.61610169,255113.34,4208558.832,3765.741943
62.64670653,255113.3264,4208558.804,3765.721436
62.67731137,255113.3127,4208558.777,3765.704102
62.70791621,255113.299,4208558.75,3765.684082
62.73852105,255113.2853,4208558.722,3765.668945
62.76912589,255113.2716,4208558.695,3765.663086
62.79973073,255113.2579,4208558.668,3765.6604
62.83033557,255113.2442,4208558.64,3765.661133
62.86094041,255113.2306,4208558.613,3765.659424
62.89154525,255113.2169,4208558.585,3765.661133
62.92215008,255113.2032,4208558.558,3765.660156
62.95275492,255113.1895,4208558.531,3765.662109
62.98335976,255113.1758,4208558.503,3765.661865
63.0139646,255113.1621,4208558.476,3765.665771
63.04456944,255113.1484,4208558.449,3765.66626
63.07517428,255113.1347,4208558.421,3765.673828
63.10577912,255113.1211,4208558.394,3765.68042
63.13638396,255113.1074,4208558.366,3765.69751
63.1669888,255113.0937,4208558.339,3765.710938
63.19759364,255113.08,4208558.312,3765.733398
63.22819848,255113.0663,4208558.284,3765.748291
63.25880332,255113.0526,4208558.257,3765.770264
63.28940815,255113.0389,4208558.23,3765.785156
63.32001299,255113.0252,4208558.202,3765.807617
63.35061783,255113.0116,4208558.175,3765.822021
63.38122267,255112.9979,4208558.147,3765.842285
63.41182751,255112.9842,4208558.12,3765.854492
63.44243235,255112.9705,4208558.093,3765.87085
63.47303719,255112.9568,4208558.065,3765.882568
63.50364203,255112.9431,4208558.038,3765.898438
63.53424687,255112.9294,4208558.011,3765.908691
63.56485171,255112.9158,4208557.983,3765.924316
63.59545655,255112.9021,4208557.956,3765.935547
63.62606139,255112.8884,4208557.928,3765.953857
63.65666622,255112.8747,4208557.901,3765.966797
63.68727106,255112.861,4208557.874,3765.988281
63.7178759,255112.8473,4208557.846,3766.00293
63.74848074,255112.8336,4208557.819,3766.026367
63.77908558,255112.8199,4208557.792,3766.041748
63.80969042,255112.8063,4208557.764,3766.063477
63.84029526,255112.7926,4208557.737,3766.078857
63.8709001,255112.7789,4208557.709,3766.10083
63.90150494,255112.7652,4208557.682,3766.116455
63.93210978,255112.7515,4208557.655,3766.135986
63.96271462,255112.7378,4208557.627,3766.147949
63.99331946,255112.7241,4208557.6,3766.164551
64.02392429,255112.7104,4208557.573,3766.177002
64.05452913,255112.6968,4208557.545,3766.196045
64.08513397,255112.6831,4208557.518,3766.210938
64.11573881,255112.6694,4208557.49,3766.233154
64.14634365,255112.6557,4208557.463,3766.249023
64.17694849,255112.642,4208557.436,3766.272217
64.20755333,255112.6283,4208557.408,3766.289551
64.23815817,255112.6146,4208557.381,3766.314697
64.26876301,255112.601,4208557.354,3766.33252
64.29936785,255112.5873,4208557.326,3766.356445
64.32997269,255112.5736,4208557.299,3766.370605
64.36057753,255112.5599,4208557.271,3766.390625
64.39118236,255112.5462,4208557.244,3766.404297
64.4217872,255112.5325,4208557.217,3766.42334
64.45239204,255112.5188,4208557.189,3766.43457
64.48299688,255112.5051,4208557.162,3766.452148
64.51360172,255112.4915,4208557.135,3766.461426
64.54420656,255112.4778,4208557.107,3766.478271
64.5748114,255112.4641,4208557.08,3766.486816
64.60541624,255112.4504,4208557.052,3766.500732
64.63602108,255112.4367,4208557.025,3766.508057
64.66662592,255112.423,4208556.998,3766.520996
64.69723076,255112.4093,4208556.97,3766.52832
64.7278356,255112.3957,4208556.943,3766.538574
64.75844043,255112.382,4208556.916,3766.544189
64.78904527,255112.3683,4208556.888,3766.552979
64.81965011,255112.3546,4208556.861,3766.557373
64.85025495,255112.3409,4208556.834,3766.564209
64.88085979,255112.3272,4208556.806,3766.568115
64.91146463,255112.3135,4208556.779,3766.574707
64.94206947,255112.2998,4208556.751,3766.579834
64.97267431,255112.2862,4208556.724,3766.587646
65.00327915,255112.2725,4208556.697,3766.594482
65.03388399,255112.2588,4208556.669,3766.604248
65.06448883,255112.2451,4208556.642,3766.612549
65.09509367,255112.2314,4208556.615,3766.625244
65.1256985,255112.2177,4208556.587,3766.635498
65.15630334,255112.204,4208556.56,3766.6521
65.18690818,255112.1903,4208556.532,3766.663818
65.21751302,255112.1767,4208556.505,3766.681885
65.24811786,255112.163,4208556.478,3766.694092
65.2787227,255112.1493,4208556.45,3766.711182
65.30932754,255112.1356,4208556.423,3766.721191
65.33993238,255112.1219,4208556.396,3766.734375
65.37053722,255112.1082,4208556.368,3766.742676
65.40114206,255112.0945,4208556.341,3766.753662
65.4317469,255112.0809,4208556.313,3766.759766
65.46235174,255112.0672,4208556.286,3766.767334
65.49295657,255112.0535,4208556.259,3766.771484
65.52356141,255112.0398,4208556.231,3766.776611
65.55416625,255112.0261,4208556.204,3766.779053
65.58477109,255112.0124,4208556.177,3766.782715
65.61537593,255111.9987,4208556.149,3766.783936
65.64598077,255111.985,4208556.122,3766.786865
65.67658561,255111.9714,4208556.094,3766.787842
65.70719045,255111.9577,4208556.067,3766.789551
65.73779529,255111.944,4208556.04,3766.790527
65.76840013,255111.9303,4208556.012,3766.792236
65.79900497,255111.9166,4208555.985,3766.793213
65.82960981,255111.9029,4208555.958,3766.794678
65.86021464,255111.8892,4208555.93,3766.79541
65.89081948,255111.8755,4208555.903,3766.797119
65.92142432,255111.8619,4208555.875,3766.797852
65.95202916,255111.8482,4208555.848,3766.799561
65.982634,255111.8345,4208555.821,3766.800293
66.01323884,255111.8208,4208555.793,3766.802002
66.04384368,255111.8071,4208555.766,3766.802246
66.07444852,255111.7934,4208555.739,3766.802979
66.10505336,255111.7797,4208555.711,3766.803467
66.1356582,255111.7661,4208555.684,3766.804443
66.16626304,255111.7524,4208555.656,3766.804932
66.19686788,255111.7387,4208555.629,3766.806152
66.22747271,255111.725,4208555.602,3766.807129
66.25807755,255111.7113,4208555.574,3766.808838
66.28868239,255111.6976,4208555.547,3766.812988
66.31928723,255111.6839,4208555.52,3766.817627
66.34989207,255111.6702,4208555.492,3766.824219
66.38049691,255111.6566,4208555.465,3766.831055
66.41110175,255111.6429,4208555.437,3766.84082
66.44170659,255111.6292,4208555.41,3766.848633
66.47231143,255111.6155,4208555.383,3766.862793
66.50291627,255111.6018,4208555.355,3766.87085
66.53352111,255111.5881,4208555.328,3766.886475
66.56412595,255111.5744,4208555.301,3766.894287
66.59473079,255111.5608,4208555.273,3766.908691
66.62533562,255111.5471,4208555.246,3766.912598
66.65594046,255111.5334,4208555.218,3766.922363
66.6865453,255111.5197,4208555.191,3766.923828
66.71715014,255111.506,4208555.164,3766.929932
66.74775498,255111.4923,4208555.136,3766.926025
66.77835982,255111.4786,4208555.109,3766.926758
66.80896466,255111.4649,4208555.082,3766.918457
66.8395695,255111.4513,4208555.054,3766.916016
66.87017434,255111.4376,4208555.027,3766.905762
66.90077918,255111.4239,4208554.999,3766.901855
66.93138402,255111.4102,4208554.972,3766.890381
66.96198886,255111.3965,4208554.945,3766.885742
66.99259369,255111.3828,4208554.917,3766.873047
67.02319853,255111.3691,4208554.89,3766.865967
67.05380337,255111.3554,4208554.863,3766.851563
67.08440821,255111.3418,4208554.835,3766.843506
67.11501305,255111.3281,4208554.808,3766.830078
67.14561789,255111.3144,4208554.78,3766.821289
67.17622273,255111.3007,4208554.753,3766.806641
67.20682757,255111.287,4208554.726,3766.795654
67.23743241,255111.2733,4208554.698,3766.779785
67.26803725,255111.2596,4208554.671,3766.766602
67.29864209,255111.246,4208554.644,3766.750244
67.32924693,255111.2323,4208554.616,3766.736084
67.35985176,255111.2186,4208554.589,3766.715088
67.3904566,255111.2049,4208554.561,3766.694824
67.42106144,255111.1912,4208554.534,3766.669678
67.45166628,255111.1775,4208554.507,3766.645996
67.48227112,255111.1638,4208554.479,3766.616455
67.51287596,255111.1501,4208554.452,3766.591064
67.5434808,255111.1365,4208554.425,3766.562988
67.57408564,255111.1228,4208554.397,3766.531494
67.60469048,255111.1091,4208554.37,3766.503418
67.63529532,255111.0954,4208554.342,3766.475342
67.66590016,255111.0817,4208554.315,3766.446289
67.696505,255111.068,4208554.288,3766.417236
67.72710983,255111.0543,4208554.26,3766.395752
67.75771467,255111.0406,4208554.233,3766.375244
67.78831951,255111.027,4208554.206,3766.360352
67.81892435,255111.0133,4208554.178,3766.34375
67.84952919,255110.9996,4208554.151,3766.331543
67.88013403,255110.9859,4208554.123,3766.31665
67.91073887,255110.9722,4208554.096,3766.305908
67.94134371,255110.9585,4208554.069,3766.291016
67.97194855,255110.9448,4208554.041,3766.279053
68.00255339,255110.9312,4208554.014,3766.261963
68.03315823,255110.9175,4208553.987,3766.244873
68.06376307,255110.9038,4208553.959,3766.221436
68.0943679,255110.8901,4208553.932,3766.19873
68.12497274,255110.8764,4208553.905,3766.171875
68.15557758,255110.8627,4208553.877,3766.147461
68.18618242,255110.849,4208553.85,3766.118164
68.21678726,255110.8353,4208553.822,3766.092529
68.2473921,255110.8217,4208553.795,3766.06543
68.27799694,255110.808,4208553.768,3766.041016
68.30860178,255110.7943,4208553.74,3766.017578
68.33920662,255110.7806,4208553.713,3765.987793
68.36981146,255110.7669,4208553.686,3765.960205
68.4004163,255110.7532,4208553.658,3765.93042
68.43102114,255110.7395,4208553.631,3765.906494
68.46162597,255110.7258,4208553.603,3765.877441
68.49223081,255110.7122,4208553.576,3765.854004
68.52283565,255110.6985,4208553.549,3765.824463
68.55344049,255110.6848,4208553.521,3765.800049
68.58404533,255110.6711,4208553.494,3765.769287
68.61465017,255110.6574,4208553.467,3765.741699
68.64525501,255110.6437,4208553.439,3765.708496
68.67585985,255110.63,4208553.412,3765.680664
68.70646469,255110.6164,4208553.384,3765.651123
68.73706953,255110.6027,4208553.357,3765.62915
68.76767437,255110.589,4208553.33,3765.608887
68.79827921,255110.5753,4208553.302,3765.593018
68.82888404,255110.5616,4208553.275,3765.577393
68.85948888,255110.5479,4208553.248,3765.565674
68.89009372,255110.5342,4208553.22,3765.552734
68.92069856,255110.5205,4208553.193,3765.540771
68.9513034,255110.5069,4208553.165,3765.528076
68.98190824,255110.4932,4208553.138,3765.516113
69.01251308,255110.4795,4208553.111,3765.501953
69.04311792,255110.4658,4208553.083,3765.492676
69.07372276,255110.4521,4208553.056,3765.488037
69.1043276,255110.4384,4208553.029,3765.485352
69.13493244,255110.4247,4208553.001,3765.485107
69.16553728,255110.4111,4208552.974,3765.48291
69.19614211,255110.3974,4208552.946,3765.484863
69.22674695,255110.3837,4208552.919,3765.483154
69.25735179,255110.37,4208552.892,3765.48584
69.28795663,255110.3563,4208552.864,3765.485596
69.31856147,255110.3426,4208552.837,3765.489014
69.34916631,255110.3289,4208552.81,3765.490479
69.37977115,255110.3152,4208552.782,3765.499756
69.41037599,255110.3016,4208552.755,3765.509521
69.44098083,255110.2879,4208552.727,3765.534424
69.47158567,255110.2742,4208552.7,3765.552979
69.50219051,255110.2605,4208552.673,3765.5896
69.53279535,255110.2468,4208552.645,3765.615479
69.56340018,255110.2331,4208552.618,3765.659424
69.59400502,255110.2194,4208552.591,3765.686279
69.62460986,255110.2057,4208552.563,3765.72998
69.6552147,255110.1921,4208552.536,3765.756104
69.68581954,255110.1784,4208552.508,3765.797363
69.71642438,255110.1647,4208552.481,3765.821045
69.74702922,255110.151,4208552.454,3765.858643
69.77763406,255110.1373,4208552.426,3765.884521
69.8082389,255110.1236,4208552.399,3765.927734
69.83884374,255110.1099,4208552.372,3765.95874
69.86944858,255110.0963,4208552.344,3766.003418
69.90005342,255110.0826,4208552.317,3766.032471
69.93065826,255110.0689,4208552.289,3766.074951
69.96126309,255110.0552,4208552.262,3766.101563
69.99186793,255110.0415,4208552.235,3766.137695
70.02247277,255110.0278,4208552.207,3766.158936
70.05307761,255110.0141,4208552.18,3766.192383
70.08368245,255110.0004,4208552.153,3766.212158
70.11428729,255109.9868,4208552.125,3766.242676
70.14489213,255109.9731,4208552.098,3766.265869
70.17549697,255109.9594,4208552.07,3766.30542
70.20610181,255109.9457,4208552.043,3766.334717
70.23670665,255109.932,4208552.016,3766.376953
70.26731149,255109.9183,4208551.988,3766.404297
70.29791633,255109.9046,4208551.961,3766.444336
70.32852116,255109.8909,4208551.934,3766.466553
70.359126,255109.8773,4208551.906,3766.495361
70.38973084,255109.8636,4208551.879,3766.51123
70.42033568,255109.8499,4208551.851,3766.532715
70.45094052,255109.8362,4208551.824,3766.546631
70.48154536,255109.8225,4208551.797,3766.567139
70.5121502,255109.8088,4208551.769,3766.581055
70.54275504,255109.7951,4208551.742,3766.604248
70.57335988,255109.7815,4208551.715,3766.621338
70.60396472,255109.7678,4208551.687,3766.648438
70.63456956,255109.7541,4208551.66,3766.667725
70.6651744,255109.7404,4208551.632,3766.697266
70.69577923,255109.7267,4208551.605,3766.716797
70.72638407,255109.713,4208551.578,3766.744385
70.75698891,255109.6993,4208551.55,3766.760742
70.78759375,255109.6856,4208551.523,3766.786133
70.81819859,255109.672,4208551.496,3766.800293
70.84880343,255109.6583,4208551.468,3766.824219
70.87940827,255109.6446,4208551.441,3766.837891
70.91001311,255109.6309,4208551.413,3766.858154
70.94061795,255109.6172,4208551.386,3766.869629
70.97122279,255109.6035,4208551.359,3766.888428
71.00182763,255109.5898,4208551.331,3766.902832
71.03243247,255109.5761,4208551.304,3766.929199
71.0630373,255109.5625,4208551.277,3766.951904
71.09364214,255109.5488,4208551.249,3766.991699
71.12424698,255109.5351,4208551.222,3767.022949
71.15485182,255109.5214,4208551.195,3767.077393
71.18545666,255109.5077,4208551.167,3767.116943
71.2160615,255109.494,4208551.14,3767.179199
71.24666634,255109.4803,4208551.112,3767.223389
71.27727118,255109.4667,4208551.085,3767.283203
71.30787602,255109.453,4208551.058,3767.317627
71.33848086,255109.4393,4208551.03,3767.372559
71.3690857,255109.4256,4208551.003,3767.412842
71.39969054,255109.4119,4208550.976,3767.471436
71.43029537,255109.3982,4208550.948,3767.513672
71.46090021,255109.3845,4208550.921,3767.577148
71.49150505,255109.3708,4208550.893,3767.625977
71.52210989,255109.3572,4208550.866,3767.694092
71.55271473,255109.3435,4208550.839,3767.73584
71.58331957,255109.3298,4208550.811,3767.791504
71.61392441,255109.3161,4208550.784,3767.82666
71.64452925,255109.3024,4208550.757,3767.87085
71.67513409,255109.2887,4208550.729,3767.897949
71.70573893,255109.275,4208550.702,3767.937256
71.73634377,255109.2614,4208550.674,3767.960693
71.76694861,255109.2477,4208550.647,3767.998779
71.79755344,255109.234,4208550.62,3768.019287
71.82815828,255109.2203,4208550.592,3768.056152
71.85876312,255109.2066,4208550.565,3768.07373
71.88936796,255109.1929,4208550.538,3768.103516
71.9199728,255109.1792,4208550.51,3768.114014
71.95057764,255109.1655,4208550.483,3768.13623
71.98118248,255109.1519,4208550.455,3768.142822
72.01178732,255109.1382,4208550.428,3768.161133
72.04239216,255109.1245,4208550.401,3768.163086
72.072997,255109.1108,4208550.373,3768.17627
72.10360184,255109.0971,4208550.346,3768.176025
72.13420668,255109.0834,4208550.319,3768.184082
72.16481151,255109.0697,4208550.291,3768.181152
72.19541635,255109.056,4208550.264,3768.185791
72.22602119,255109.0424,4208550.236,3768.181396
72.25662603,255109.0287,4208550.209,3768.183105
72.28723087,255109.015,4208550.182,3768.177734
72.31783571,255109.0013,4208550.154,3768.176758
72.34844055,255108.9876,4208550.127,3768.170166
72.37904539,255108.9739,4208550.1,3768.168457
72.40965023,255108.9602,4208550.072,3768.162842
72.44025507,255108.9466,4208550.045,3768.161621
72.47085991,255108.9329,4208550.017,3768.156982
72.50146475,255108.9192,4208549.99,3768.156494
72.53206958,255108.9055,4208549.963,3768.1521
72.56267442,255108.8918,4208549.935,3768.151855
72.59327926,255108.8781,4208549.908,3768.147949
72.6238841,255108.8644,4208549.881,3768.148193
72.65448894,255108.8507,4208549.853,3768.144775
72.68509378,255108.8371,4208549.826,3768.145508
72.71569862,255108.8234,4208549.798,3768.142334
72.74630346,255108.8097,4208549.771,3768.143311
72.7769083,255108.796,4208549.744,3768.140381
72.80751314,255108.7823,4208549.716,3768.141113
72.83811798,255108.7686,4208549.689,3768.138184
72.86872282,255108.7549,4208549.662,3768.139404
72.89932765,255108.7412,4208549.634,3768.136963
72.92993249,255108.7276,4208549.607,3768.137939
72.96053733,255108.7139,4208549.579,3768.135742
72.99114217,255108.7002,4208549.552,3768.137207
73.02174701,255108.6865,4208549.525,3768.134766
73.05235185,255108.6728,4208549.497,3768.135742
73.08295669,255108.6591,4208549.47,3768.133301
73.11356153,255108.6454,4208549.443,3768.134277
73.14416637,255108.6318,4208549.415,3768.131104
73.17477121,255108.6181,4208549.388,3768.131348
73.20537605,255108.6044,4208549.36,3768.128174
73.23598089,255108.5907,4208549.333,3768.128174
73.26658572,255108.577,4208549.306,3768.124756
73.29719056,255108.5633,4208549.278,3768.124756
73.3277954,255108.5496,4208549.251,3768.121094
73.35840024,255108.5359,4208549.224,3768.119629
73.38900508,255108.5223,4208549.196,3768.115967
73.41960992,255108.5086,4208549.169,3768.115234
73.45021476,255108.4949,4208549.141,3768.111816
73.4808196,255108.4812,4208549.114,3768.110596
73.51142444,255108.4675,4208549.087,3768.107422
73.54202928,255108.4538,4208549.059,3768.106445
73.57263412,255108.4401,4208549.032,3768.103271
73.60323896,255108.4265,4208549.005,3768.101563
73.6338438,255108.4128,4208548.977,3768.098145
73.66444863,255108.3991,4208548.95,3768.095703
73.69505347,255108.3854,4208548.922,3768.092285
73.72565831,255108.3717,4208548.895,3768.0896
73.75626315,255108.358,4208548.868,3768.086182
73.78686799,255108.3443,4208548.84,3768.083252
73.81747283,255108.3306,4208548.813,3768.07959
73.84807767,255108.317,4208548.786,3768.076416
73.87868251,255108.3033,4208548.758,3768.072754
73.90928735,255108.2896,4208548.731,3768.069824
73.93989219,255108.2759,4208548.703,3768.065918
73.97049703,255108.2622,4208548.676,3768.0625
74.00110187,255108.2485,4208548.649,3768.05835
74.0317067,255108.2348,4208548.621,3768.053711
74.06231154,255108.2211,4208548.594,3768.048096
74.09882271,255108.1937,4208548.57,3768.042236
74.13533387,255108.1663,4208548.546,3768.035645
74.17184503,255108.1389,4208548.522,3768.036133
74.20835619,255108.1115,4208548.498,3768.028564
74.24486735,255108.0841,4208548.473,3768.020264
74.28137851,255108.0567,4208548.449,3768.011719
74.31788968,255108.0293,4208548.425,3768.003662
74.35440084,255108.0019,4208548.401,3767.995605
74.390912,255107.9745,4208548.377,3767.988281
74.42742316,255107.9471,4208548.353,3767.981689
74.46393432,255107.9196,4208548.329,3767.983154
74.50044549,255107.8922,4208548.305,3767.977539
74.53695665,255107.8648,4208548.28,3767.972168
74.57346781,255107.8374,4208548.256,3767.966797
74.60997897,255107.81,4208548.232,3767.963135
74.64649013,255107.7826,4208548.208,3767.960693
74.68300129,255107.7552,4208548.184,3767.959717
74.71951246,255107.7278,4208548.16,3767.959717
74.75602362,255107.7004,4208548.136,3767.960449
74.79253478,255107.673,4208548.112,3767.964844
74.82904594,255107.6455,4208548.087,3767.966309
74.8655571,255107.6181,4208548.063,3767.968506
74.90206827,255107.5907,4208548.039,3767.970703
74.93857943,255107.5633,4208548.015,3767.973877
74.97509059,255107.5359,4208547.991,3767.977539
75.01160175,255107.5085,4208547.967,3767.982178
75.04811291,255107.4811,4208547.943,3767.987549
75.08462407,255107.4537,4208547.919,3767.993408
75.12113524,255107.4263,4208547.895,3767.999268
75.1576464,255107.3989,4208547.87,3768.004639
75.19415756,255107.3715,4208547.846,3768.01001
75.23066872,255107.344,4208547.822,3768.015137
75.26717988,255107.3166,4208547.798,3768.02002
75.30369104,255107.2892,4208547.774,3768.024902
75.34020221,255107.2618,4208547.75,3768.030029
75.37671337,255107.2344,4208547.726,3768.03418
75.41322453,255107.207,4208547.702,3768.040527
75.44973569,255107.1796,4208547.677,3768.04834
75.48624685,255107.1522,4208547.653,3768.057617
75.52275802,255107.1248,4208547.629,3768.069336
75.55926918,255107.0974,4208547.605,3768.083496
75.59578034,255107.07,4208547.581,3768.098389
75.6322915,255107.0425,4208547.557,3768.11499
75.66880266,255107.0151,4208547.533,3768.133545
75.70531382,255106.9877,4208547.509,3768.143311
75.74182499,255106.9603,4208547.484,3768.163574
75.77833615,255106.9329,4208547.46,3768.18335
75.81484731,255106.9055,4208547.436,3768.204346
75.85135847,255106.8781,4208547.412,3768.227051
75.88786963,255106.8507,4208547.388,3768.250244
75.9243808,255106.8233,4208547.364,3768.274658
75.96089196,255106.7959,4208547.34,3768.301514
75.99740312,255106.7684,4208547.316,3768.318115
76.03391428,255106.741,4208547.291,3768.348633
76.07042544,255106.7136,4208547.267,3768.378662
76.1069366,255106.6862,4208547.243,3768.407959
76.14344777,255106.6588,4208547.219,3768.434326
76.17995893,255106.6314,4208547.195,3768.458008
76.21647009,255106.604,4208547.171,3768.48291
76.25298125,255106.5766,4208547.147,3768.507568
76.28949241,255106.5492,4208547.123,3768.528809
76.32600358,255106.5218,4208547.099,3768.538086
76.36251474,255106.4944,4208547.074,3768.559082
76.3990259,255106.4669,4208547.05,3768.578613
76.43553706,255106.4395,4208547.026,3768.59668
76.47204822,255106.4121,4208547.002,3768.614746
76.50855938,255106.3847,4208546.978,3768.63208
76.54507055,255106.3573,4208546.954,3768.647949
76.58158171,255106.3299,4208546.93,3768.662598
76.61809287,255106.3025,4208546.906,3768.668945
76.65460403,255106.2751,4208546.881,3768.682129
76.69111519,255106.2477,4208546.857,3768.69458
76.72762636,255106.2203,4208546.833,3768.706787
76.76413752,255106.1928,4208546.809,3768.719482
76.80064868,255106.1654,4208546.785,3768.73291
76.83715984,255106.138,4208546.761,3768.74707
76.873671,255106.1106,4208546.737,3768.762207
76.91018216,255106.0832,4208546.713,3768.779053
76.94669333,255106.0558,4208546.688,3768.787109
76.98320449,255106.0284,4208546.664,3768.803467
77.01971565,255106.001,4208546.64,3768.819092
77.05622681,255105.9736,4208546.616,3768.833984
77.09273797,255105.9462,4208546.592,3768.842285
77.12924914,255105.9188,4208546.568,3768.843994
77.1657603,255105.8913,4208546.544,3768.844482
77.20227146,255105.8639,4208546.52,3768.844238
77.23878262,255105.8365,4208546.496,3768.842773
77.27529378,255105.8091,4208546.471,3768.841797
77.31180494,255105.7817,4208546.447,3768.840088
77.34831611,255105.7543,4208546.423,3768.837402
77.38482727,255105.7269,4208546.399,3768.828613
77.42133843,255105.6995,4208546.375,3768.804932
77.45784959,255105.6721,4208546.351,3768.769287
77.49436075,255105.6447,4208546.327,3768.732178
77.53087192,255105.6173,4208546.303,3768.715332
77.56738308,255105.5898,4208546.278,3768.686523
77.60389424,255105.5624,4208546.254,3768.665039
77.6404054,255105.535,4208546.23,3768.650635
77.67691656,255105.5076,4208546.206,3768.636719
77.71342772,255105.4802,4208546.182,3768.624756
77.74993889,255105.4528,4208546.158,3768.614258
77.78645005,255105.4254,4208546.134,3768.605225
77.82296121,255105.398,4208546.11,3768.597168
77.85947237,255105.3706,4208546.085,3768.596436
77.89598353,255105.3432,4208546.061,3768.590332
77.9324947,255105.3157,4208546.037,3768.583984
77.96900586,255105.2883,4208546.013,3768.578369
78.00551702,255105.2609,4208545.989,3768.573486
78.04202818,255105.2335,4208545.965,3768.568604
78.07853934,255105.2061,4208545.941,3768.564209
78.1150505,255105.1787,4208545.917,3768.560791
78.15156167,255105.1513,4208545.893,3768.561279
78.18807283,255105.1239,4208545.868,3768.558105
78.22458399,255105.0965,4208545.844,3768.55542
78.26109515,255105.0691,4208545.82,3768.553711
78.29760631,255105.0417,4208545.796,3768.552246
78.33411747,255105.0142,4208545.772,3768.551025
78.37062864,255104.9868,4208545.748,3768.550049
78.4071398,255104.9594,4208545.724,3768.549072
78.44365096,255104.932,4208545.7,3768.548096
78.48016212,255104.9046,4208545.675,3768.548584
78.51667328,255104.8772,4208545.651,3768.547607
78.55318445,255104.8498,4208545.627,3768.546387
78.58969561,255104.8224,4208545.603,3768.544922
78.62620677,255104.795,4208545.579,3768.542969
78.66271793,255104.7676,4208545.555,3768.539551
78.69922909,255104.7402,4208545.531,3768.533203
78.73574025,255104.7127,4208545.507,3768.524902
78.77225142,255104.6853,4208545.482,3768.522705
78.80876258,255104.6579,4208545.458,3768.508789
78.84527374,255104.6305,4208545.434,3768.495605
78.8817849,255104.6031,4208545.41,3768.480957
78.91829606,255104.5757,4208545.386,3768.465576
78.95480723,255104.5483,4208545.362,3768.449951
78.99131839,255104.5209,4208545.338,3768.436035
79.02782955,255104.4935,4208545.314,3768.421387
79.06434071,255104.4661,4208545.29,3768.406982
79.10085187,255104.4386,4208545.265,3768.401123
79.13736303,255104.4112,4208545.241,3768.37793
79.1738742,255104.3838,4208545.217,3768.359619
79.21038536,255104.3564,4208545.193,3768.344482
79.24689652,255104.329,4208545.169,3768.330322
79.28340768,255104.3016,4208545.145,3768.317139
79.31991884,255104.2742,4208545.121,3768.303467
79.35643001,255104.2468,4208545.097,3768.288818
79.39294117,255104.2194,4208545.072,3768.284912
79.42945233,255104.192,4208545.048,3768.270264
79.46596349,255104.1646,4208545.024,3768.256104
79.50247465,255104.1371,4208545,3768.242676
79.53898581,255104.1097,4208544.976,3768.22876
79.57549698,255104.0823,4208544.952,3768.215088
79.61200814,255104.0549,4208544.928,3768.202393
79.6485193,255104.0275,4208544.904,3768.188721
79.68503046,255104.0001,4208544.879,3768.185791
79.72154162,255103.9727,4208544.855,3768.170166
79.75805279,255103.9453,4208544.831,3768.150391
79.79456395,255103.9179,4208544.807,3768.128174
79.83107511,255103.8905,4208544.783,3768.101318
79.86758627,255103.863,4208544.759,3768.067383
79.90409743,255103.8356,4208544.735,3768.030762
79.94060859,255103.8082,4208544.711,3767.996094
79.97711976,255103.7808,4208544.687,3767.95874
80.01363092,255103.7534,4208544.662,3767.955811
80.05014208,255103.726,4208544.638,3767.921875
80.08665324,255103.6986,4208544.614,3767.892822
80.1231644,255103.6712,4208544.59,3767.869873
80.15967557,255103.6438,4208544.566,3767.852051
80.19618673,255103.6164,4208544.542,3767.837891
80.23269789,255103.589,4208544.518,3767.827637
80.26920905,255103.5615,4208544.494,3767.81958
80.30572021,255103.5341,4208544.469,3767.822998
80.34223137,255103.5067,4208544.445,3767.81665
80.37874254,255103.4793,4208544.421,3767.811035
80.4152537,255103.4519,4208544.397,3767.806885
80.45176486,255103.4245,4208544.373,3767.803223
80.48827602,255103.3971,4208544.349,3767.799805
80.52478718,255103.3697,4208544.325,3767.797119
80.56129835,255103.3423,4208544.301,3767.794678
80.59780951,255103.3149,4208544.276,3767.79248
80.63432067,255103.2875,4208544.252,3767.794678
80.67083183,255103.26,4208544.228,3767.792969
80.70734299,255103.2326,4208544.204,3767.79126
80.74385415,255103.2052,4208544.18,3767.789795
80.78036532,255103.1778,4208544.156,3767.788574
80.81687648,255103.1504,4208544.132,3767.787598
80.85338764,255103.123,4208544.108,3767.786621
80.8898988,255103.0956,4208544.083,3767.785645
80.92640996,255103.0682,4208544.059,3767.787598
80.96292113,255103.0408,4208544.035,3767.786865
80.99943229,255103.0134,4208544.011,3767.785645
81.03594345,255102.9859,4208543.987,3767.784424
81.07245461,255102.9585,4208543.963,3767.783203
81.10896577,255102.9311,4208543.939,3767.781982
81.14547693,255102.9037,4208543.915,3767.780273
81.1819881,255102.8763,4208543.891,3767.77832
81.21849926,255102.8489,4208543.866,3767.780518
81.25501042,255102.8215,4208543.842,3767.77832
81.29152158,255102.7941,4208543.818,3767.775879
81.32803274,255102.7667,4208543.794,3767.772949
81.3645439,255102.7393,4208543.77,3767.768799
81.40105507,255102.7119,4208543.746,3767.764404
81.43756623,255102.6844,4208543.722,3767.759277
81.47407739,255102.657,4208543.698,3767.752686
81.51058855,255102.6296,4208543.673,3767.746094
81.54709971,255102.6022,4208543.649,3767.74707
81.58361088,255102.5748,4208543.625,3767.738037
81.62012204,255102.5474,4208543.601,3767.72876
81.6566332,255102.52,4208543.577,3767.720459
81.69314436,255102.4926,4208543.553,3767.710938
81.72965552,255102.4652,4208543.529,3767.700439
81.76616668,255102.4378,4208543.505,3767.69043
81.80267785,255102.4103,4208543.48,3767.681152
81.83918901,255102.3829,4208543.456,3767.681152
81.87570017,255102.3555,4208543.432,3767.67041
81.91221133,255102.3281,4208543.408,3767.658203
81.94872249,255102.3007,4208543.384,3767.643311
81.98523366,255102.2733,4208543.36,3767.625244
82.02174482,255102.2459,4208543.336,3767.604736
82.05825598,255102.2185,4208543.312,3767.578613
82.09476714,255102.1911,4208543.288,3767.550537
82.1312783,255102.1637,4208543.263,3767.52124
82.16778946,255102.1363,4208543.239,3767.513916
82.20430063,255102.1088,4208543.215,3767.48584
82.24081179,255102.0814,4208543.191,3767.458984
82.27732295,255102.054,4208543.167,3767.432861
82.31383411,255102.0266,4208543.143,3767.408936
82.35034527,255101.9992,4208543.119,3767.385986
82.38685644,255101.9718,4208543.095,3767.362793
82.4233676,255101.9444,4208543.07,3767.339355
82.45987876,255101.917,4208543.046,3767.332275
82.49638992,255101.8896,4208543.022,3767.307861
82.53290108,255101.8622,4208542.998,3767.284424
82.56941224,255101.8348,4208542.974,3767.26001
82.60592341,255101.8073,4208542.95,3767.23584
82.64243457,255101.7799,4208542.926,3767.210205
82.67894573,255101.7525,4208542.902,3767.184814
82.71545689,255101.7251,4208542.877,3767.157715
82.75196805,255101.6977,4208542.853,3767.131836
82.78847922,255101.6703,4208542.829,3767.124023
82.82499038,255101.6429,4208542.805,3767.098633
82.86150154,255101.6155,4208542.781,3767.074951
82.8980127,255101.5881,4208542.757,3767.055908
82.93452386,255101.5607,4208542.733,3767.048584
82.97103502,255101.5332,4208542.709,3767.046875
83.00754619,255101.5058,4208542.685,3767.046387
83.04405735,255101.4784,4208542.66,3767.046631
83.08056851,255101.451,4208542.636,3767.050049
83.11707967,255101.4236,4208542.612,3767.051758
83.15359083,255101.3962,4208542.588,3767.053955
83.190102,255101.3688,4208542.564,3767.056152
83.22661316,255101.3414,4208542.54,3767.059326
83.26312432,255101.314,4208542.516,3767.065186
83.29963548,255101.2866,4208542.492,3767.080811
83.33614664,255101.2592,4208542.467,3767.101074
83.3726578,255101.2317,4208542.443,3767.113037
83.40916897,255101.2043,4208542.419,3767.137695
83.44568013,255101.1769,4208542.395,3767.165527
83.48219129,255101.1495,4208542.371,3767.194824
83.51870245,255101.1221,4208542.347,3767.224609
83.55521361,255101.0947,4208542.323,3767.256592
83.59172478,255101.0673,4208542.299,3767.291992
83.62823594,255101.0399,4208542.274,3767.327881
83.6647471,255101.0125,4208542.25,3767.364746
83.70125826,255100.9851,4208542.226,3767.384521
83.73776942,255100.9576,4208542.202,3767.419189
83.77428058,255100.9302,4208542.178,3767.453369
83.81079175,255100.9028,4208542.154,3767.488037
83.84730291,255100.8754,4208542.13,3767.522949
83.88381407,255100.848,4208542.106,3767.557617
83.92032523,255100.8206,4208542.082,3767.592773
83.95683639,255100.7932,4208542.057,3767.630859
83.99334756,255100.7658,4208542.033,3767.652588
84.02985872,255100.7384,4208542.009,3767.689697
84.06636988,255100.711,4208541.985,3767.725342
84.10288104,255100.6836,4208541.961,3767.759521
84.1393922,255100.6561,4208541.937,3767.791992
84.17590336,255100.6287,4208541.913,3767.820313
84.21241453,255100.6013,4208541.889,3767.849121
84.24892569,255100.5739,4208541.864,3767.880127
84.28543685,255100.5465,4208541.84,3767.910156
84.32194801,255100.5191,4208541.816,3767.926514
84.35845917,255100.4917,4208541.792,3767.954102
84.39497033,255100.4643,4208541.768,3767.98291
84.4314815,255100.4369,4208541.744,3768.01123
84.46799266,255100.4095,4208541.72,3768.035645
84.50450382,255100.3821,4208541.696,3768.062012
84.54101498,255100.3546,4208541.671,3768.09082
84.57752614,255100.3272,4208541.647,3768.121826
84.61403731,255100.2998,4208541.623,3768.138672
84.65054847,255100.2724,4208541.599,3768.170166
84.68705963,255100.245,4208541.575,3768.200684
84.72357079,255100.2176,4208541.551,3768.229736
84.76008195,255100.1902,4208541.527,3768.25708
84.79659311,255100.1628,4208541.503,3768.281738
84.83310428,255100.1354,4208541.479,3768.304443
84.86961544,255100.108,4208541.454,3768.328613
84.9061266,255100.0805,4208541.43,3768.355469
84.94263776,255100.0531,4208541.406,3768.37085
84.97914892,255100.0257,4208541.382,3768.399902
85.01566009,255099.9983,4208541.358,3768.429932
85.05217125,255099.9709,4208541.334,3768.462646
85.08868241,255099.9435,4208541.31,3768.493652
85.12519357,255099.9161,4208541.286,3768.521973
85.16170473,255099.8887,4208541.261,3768.548828
85.19821589,255099.8613,4208541.237,3768.575439
85.23472706,255099.8339,4208541.213,3768.588379
85.27123822,255099.8065,4208541.189,3768.61499
85.30774938,255099.779,4208541.165,3768.641357
85.34426054,255099.7516,4208541.141,3768.669922
85.3807717,255099.7242,4208541.117,3768.700439
85.41728287,255099.6968,4208541.093,3768.734131
85.45379403,255099.6694,4208541.068,3768.772461
85.49030519,255099.642,4208541.044,3768.80957
85.52681635,255099.6146,4208541.02,3768.827148
85.56332751,255099.5872,4208540.996,3768.866943
85.59983867,255099.5598,4208540.972,3768.908203
85.63634984,255099.5324,4208540.948,3768.946777
85.672861,255099.505,4208540.924,3768.984863
85.70937216,255099.4775,4208540.9,3769.021973
85.74588332,255099.4501,4208540.875,3769.059082
85.78239448,255099.4227,4208540.851,3769.094971
85.81890565,255099.3953,4208540.827,3769.12793
85.85541681,255099.3679,4208540.803,3769.140869
85.89192797,255099.3405,4208540.779,3769.172363
85.92843913,255099.3131,4208540.755,3769.203369
85.96495029,255099.2857,4208540.731,3769.234863
86.00146145,255099.2583,4208540.707,3769.265625
86.03797262,255099.2309,4208540.683,3769.298584
86.07448378,255099.2034,4208540.658,3769.334229
86.11099494,255099.176,4208540.634,3769.366699
86.1475061,255099.1486,4208540.61,3769.381104
86.18401726,255099.1212,4208540.586,3769.406982
86.22052843,255099.0938,4208540.562,3769.428467
86.25703959,255099.0664,4208540.538,3769.451416
86.29355075,255099.039,4208540.514,3769.471191
86.33006191,255099.0116,4208540.49,3769.489258
86.36657307,255098.9842,4208540.465,3769.505615
86.40308423,255098.9568,4208540.441,3769.522949
86.4395954,255098.9294,4208540.417,3769.54248
86.47610656,255098.9019,4208540.393,3769.553223
86.51261772,255098.8745,4208540.369,3769.57666
86.54912888,255098.8471,4208540.345,3769.596436
86.58564004,255098.8197,4208540.321,3769.615234
86.62215121,255098.7923,4208540.297,3769.631348
86.65866237,255098.7649,4208540.272,3769.644531
86.69517353,255098.7375,4208540.248,3769.655273
86.73168469,255098.7101,4208540.224,3769.665283
86.76819585,255098.6827,4208540.2,3769.670166
86.80470701,255098.6553,4208540.176,3769.680176
86.84121818,255098.6278,4208540.152,3769.69043
86.87772934,255098.6004,4208540.128,3769.70166
86.9142405,255098.573,4208540.104,3769.712402
86.95075166,255098.5456,4208540.08,3769.722656
86.98726282,255098.5182,4208540.055,3769.732666
87.02377399,255098.4908,4208540.031,3769.741699
87.06028515,255098.4634,4208540.007,3769.744141
87.09679631,255098.436,4208539.983,3769.752686
87.13330747,255098.4086,4208539.959,3769.760498
87.16981863,255098.3812,4208539.935,3769.768066
87.20632979,255098.3538,4208539.911,3769.775635
87.24284096,255098.3263,4208539.887,3769.782227
87.27935212,255098.2989,4208539.862,3769.788818
87.31586328,255098.2715,4208539.838,3769.794678
87.35237444,255098.2441,4208539.814,3769.800293
87.3888856,255098.2167,4208539.79,3769.80249
87.42539676,255098.1893,4208539.766,3769.807861
87.46190793,255098.1619,4208539.742,3769.812744
87.49841909,255098.1345,4208539.718,3769.817627
87.53493025,255098.1071,4208539.694,3769.82251
87.57144141,255098.0797,4208539.669,3769.827393
87.60795257,255098.0523,4208539.645,3769.831543
87.64446374,255098.0248,4208539.621,3769.836182
87.6809749,255097.9974,4208539.597,3769.838623
87.71748606,255097.97,4208539.573,3769.844727
87.75399722,255097.9426,4208539.549,3769.852051
87.79050838,255097.9152,4208539.525,3769.859863
87.82701954,255097.8878,4208539.501,3769.86792
87.86353071,255097.8604,4208539.477,3769.876465
87.90004187,255097.833,4208539.452,3769.885498
87.93655303,255097.8056,4208539.428,3769.895264
87.97306419,255097.7782,4208539.404,3769.90625
88.00957535,255097.7507,4208539.38,3769.912842
88.04608652,255097.7233,4208539.356,3769.927002
88.08259768,255097.6959,4208539.332,3769.943359
88.11910884,255097.6685,4208539.308,3769.961426
88.15562,255097.6411,4208539.284,3769.979492
88.19213116,255097.6137,4208539.259,3769.995117
88.22864232,255097.5863,4208539.235,3770.008789
88.26515349,255097.5589,4208539.211,3770.020264
88.30166465,255097.5315,4208539.187,3770.025879
88.33817581,255097.5041,4208539.163,3770.036377
88.37468697,255097.4767,4208539.139,3770.047119
88.41119813,255097.4492,4208539.115,3770.058594
88.4477093,255097.4218,4208539.091,3770.071289
88.48422046,255097.3944,4208539.066,3770.085205
88.52073162,255097.367,4208539.042,3770.098389
88.55724278,255097.3396,4208539.018,3770.11084
88.59375394,255097.3122,4208538.994,3770.123535
88.6302651,255097.2848,4208538.97,3770.130127
88.66677627,255097.2574,4208538.946,3770.140869
88.70328743,255097.23,4208538.922,3770.151611
88.73979859,255097.2026,4208538.898,3770.162598
88.77630975,255097.1751,4208538.874,3770.174805
88.81282091,255097.1477,4208538.849,3770.187744
88.84933208,255097.1203,4208538.825,3770.203369
88.88584324,255097.0929,4208538.801,3770.219482
88.9223544,255097.0655,4208538.777,3770.228027
88.95886556,255097.0381,4208538.753,3770.243408
88.99537672,255097.0107,4208538.729,3770.256104
89.03188788,255096.9833,4208538.705,3770.267822
89.06839905,255096.9559,4208538.681,3770.277344
89.10491021,255096.9285,4208538.656,3770.286621
89.14142137,255096.9011,4208538.632,3770.296875
89.17793253,255096.8736,4208538.608,3770.306885
89.21444369,255096.8462,4208538.584,3770.313232
89.25095486,255096.8188,4208538.56,3770.325439
89.28746602,255096.7914,4208538.536,3770.339844
89.32397718,255096.764,4208538.512,3770.353516
89.36048834,255096.7366,4208538.488,3770.368408
89.3969995,255096.7092,4208538.463,3770.380615
89.43351066,255096.6818,4208538.439,3770.39209
89.47002183,255096.6544,4208538.415,3770.399414
89.50653299,255096.627,4208538.391,3770.405762
89.54304415,255096.5996,4208538.367,3770.408447
89.57955531,255096.5721,4208538.343,3770.413086
89.61606647,255096.5447,4208538.319,3770.417236
89.65257764,255096.5173,4208538.295,3770.421143
89.6890888,255096.4899,4208538.271,3770.424316
89.72559996,255096.4625,4208538.246,3770.427246
89.76211112,255096.4351,4208538.222,3770.429932
89.79862228,255096.4077,4208538.198,3770.432373
89.83513344,255096.3803,4208538.174,3770.43335
89.87164461,255096.3529,4208538.15,3770.435547
89.90815577,255096.3255,4208538.126,3770.4375
89.94466693,255096.298,4208538.102,3770.439697
89.98117809,255096.2706,4208538.078,3770.441895
90.01768925,255096.2432,4208538.053,3770.443848
90.05420042,255096.2158,4208538.029,3770.446289
90.09071158,255096.1884,4208538.005,3770.448975
90.12722274,255096.161,4208537.981,3770.451416
90.1637339,255096.1336,4208537.957,3770.453369
90.20024506,255096.1062,4208537.933,3770.456299
90.23675622,255096.0788,4208537.909,3770.459229
90.27326739,255096.0514,4208537.885,3770.462646
90.30977855,255096.024,4208537.86,3770.466309
90.34628971,255095.9965,4208537.836,3770.469482
90.38280087,255095.9691,4208537.812,3770.472168
90.41931203,255095.9417,4208537.788,3770.473877
90.45582319,255095.9143,4208537.764,3770.474854
90.49233436,255095.8869,4208537.74,3770.476807
90.52884552,255095.8595,4208537.716,3770.47876
90.56535668,255095.8321,4208537.692,3770.481201
90.60186784,255095.8047,4208537.667,3770.484375
90.638379,255095.7773,4208537.643,3770.489014
90.67489017,255095.7499,4208537.619,3770.494629
90.71140133,255095.7224,4208537.595,3770.501465
90.74791249,255095.695,4208537.571,3770.508057
90.78442365,255095.6676,4208537.547,3770.510254
90.82093481,255095.6402,4208537.523,3770.516357
90.85744597,255095.6128,4208537.499,3770.522949
90.89395714,255095.5854,4208537.475,3770.529053
90.9304683,255095.558,4208537.45,3770.534912
90.96697946,255095.5306,4208537.426,3770.540283
91.00349062,255095.5032,4208537.402,3770.54541
91.04000178,255095.4758,4208537.378,3770.550049
91.07651295,255095.4484,4208537.354,3770.552246
91.11302411,255095.4209,4208537.33,3770.556885
91.14953527,255095.3935,4208537.306,3770.560303
91.18604643,255095.3661,4208537.282,3770.562012
91.22255759,255095.3387,4208537.257,3770.562988
91.25906875,255095.3113,4208537.233,3770.564209
91.29557992,255095.2839,4208537.209,3770.565186
91.33209108,255095.2565,4208537.185,3770.565674
91.36860224,255095.2291,4208537.161,3770.56665
91.4051134,255095.2017,4208537.137,3770.567139
91.44162456,255095.1743,4208537.113,3770.566895
91.47813573,255095.1469,4208537.089,3770.565918
91.51464689,255095.1194,4208537.064,3770.564697
91.55115805,255095.092,4208537.04,3770.563232
91.58766921,255095.0646,4208537.016,3770.560303
91.62418037,255095.0372,4208536.992,3770.552734
91.66069153,255095.0098,4208536.968,3770.542236
91.6972027,255094.9824,4208536.944,3770.539795
91.73371386,255094.955,4208536.92,3770.52832
91.77022502,255094.9276,4208536.896,3770.516113
91.80673618,255094.9002,4208536.872,3770.503662
91.84324734,255094.8728,4208536.847,3770.493652
91.87975851,255094.8453,4208536.823,3770.483643
91.91626967,255094.8179,4208536.799,3770.474854
91.95278083,255094.7905,4208536.775,3770.46582
91.98929199,255094.7631,4208536.751,3770.462891
92.02580315,255094.7357,4208536.727,3770.453125
92.06231431,255094.7083,4208536.703,3770.44165
92.09882548,255094.6809,4208536.679,3770.428955
92.13351821,255094.6535,4208536.657,3770.413574
92.16821094,255094.6261,4208536.636,3770.396973
92.20290367,255094.5987,4208536.615,3770.389404
92.2375964,255094.5714,4208536.593,3770.369629
92.27228914,255094.544,4208536.572,3770.349365
92.30698187,255094.5166,4208536.551,3770.330322
92.3416746,255094.4892,4208536.529,3770.314697
92.37636733,255094.4618,4208536.508,3770.30957
92.41106007,255094.4344,4208536.487,3770.304443
92.4457528,255094.407,4208536.466,3770.302246
92.48044553,255094.3797,4208536.444,3770.300537
92.51513826,255094.3523,4208536.423,3770.299561
92.54983099,255094.3249,4208536.402,3770.299316
92.58452373,255094.2975,4208536.38,3770.299805
92.61921646,255094.2701,4208536.359,3770.300781
92.65390919,255094.2427,4208536.338,3770.303223
92.68860192,255094.2154,4208536.316,3770.304688
92.72329465,255094.188,4208536.295,3770.313721
92.75798739,255094.1606,4208536.274,3770.329834
92.79268012,255094.1332,4208536.253,3770.348633
92.82737285,255094.1058,4208536.231,3770.359131
92.86206558,255094.0784,4208536.21,3770.383057
92.89675831,255094.051,4208536.189,3770.408691
92.93145105,255094.0237,4208536.167,3770.43335
92.96614378,255093.9963,4208536.146,3770.459961
93.00083651,255093.9689,4208536.125,3770.471924
93.03552924,255093.9415,4208536.103,3770.495605
93.07022197,255093.9141,4208536.082,3770.517334
93.10491471,255093.8867,4208536.061,3770.538086
93.13960744,255093.8593,4208536.04,3770.549072
93.17430017,255093.832,4208536.018,3770.572266
93.2089929,255093.8046,4208535.997,3770.599121
93.24368564,255093.7772,4208535.976,3770.629395
93.27837837,255093.7498,4208535.954,3770.660889
93.3130711,255093.7224,4208535.933,3770.678223
93.34776383,255093.695,4208535.912,3770.711914
93.38245656,255093.6677,4208535.89,3770.737549
93.4171493,255093.6403,4208535.869,3770.760986
93.45184203,255093.6129,4208535.848,3770.772217
93.48653476,255093.5855,4208535.827,3770.788086
93.52122749,255093.5581,4208535.805,3770.80127
93.55592022,255093.5307,4208535.784,3770.814453
93.59061296,255093.5033,4208535.763,3770.829834
93.62530569,255093.476,4208535.741,3770.842041
93.65999842,255093.4486,4208535.72,3770.857178
93.69469115,255093.4212,4208535.699,3770.871582
93.72938388,255093.3938,4208535.677,3770.88501
93.76407662,255093.3664,4208535.656,3770.894775
93.79876935,255093.339,4208535.635,3770.904785
93.83346208,255093.3117,4208535.614,3770.914551
93.86815481,255093.2843,4208535.592,3770.923584
93.90284755,255093.2569,4208535.571,3770.931885
93.93754028,255093.2295,4208535.55,3770.941162
93.97223301,255093.2021,4208535.528,3770.949707
94.00692574,255093.1747,4208535.507,3770.957764
94.04161847,255093.1473,4208535.486,3770.964111
94.07631121,255093.12,4208535.465,3770.972656
94.11100394,255093.0926,4208535.443,3770.977295
94.14569667,255093.0652,4208535.422,3770.981201
94.1803894,255093.0378,4208535.401,3770.984131
94.21508213,255093.0104,4208535.379,3770.98584
94.24977487,255092.983,4208535.358,3770.992188
94.2844676,255092.9557,4208535.337,3770.992676
94.31916033,255092.9283,4208535.315,3770.99292
94.35385306,255092.9009,4208535.294,3770.993164
94.38854579,255092.8735,4208535.273,3770.997559
94.42323853,255092.8461,4208535.252,3770.99707
94.45793126,255092.8187,4208535.23,3770.996826
94.49262399,255092.7913,4208535.209,3770.996826
94.52731672,255092.764,4208535.188,3770.99707
94.56200945,255092.7366,4208535.166,3771.000732
94.59670219,255092.7092,4208535.145,3771.001465
94.63139492,255092.6818,4208535.124,3771.00293
94.66608765,255092.6544,4208535.102,3771.004395
94.70078038,255092.627,4208535.081,3771.007813
94.73547312,255092.5996,4208535.06,3771.01001
94.77016585,255092.5723,4208535.039,3771.012695
94.80485858,255092.5449,4208535.017,3771.016113
94.83955131,255092.5175,4208534.996,3771.020752
94.87424404,255092.4901,4208534.975,3771.026855
94.90893678,255092.4627,4208534.953,3771.036621
94.94362951,255092.4353,4208534.932,3771.051514
94.97832224,255092.408,4208534.911,3771.071533
95.01301497,255092.3806,4208534.889,3771.085693
95.0477077,255092.3532,4208534.868,3771.108643
95.08240044,255092.3258,4208534.847,3771.130127
95.11709317,255092.2984,4208534.826,3771.153564
95.1517859,255092.271,4208534.804,3771.17749
95.18647863,255092.2436,4208534.783,3771.190674
95.22117136,255092.2163,4208534.762,3771.21582
95.2558641,255092.1889,4208534.74,3771.244141
95.29055683,255092.1615,4208534.719,3771.275635
95.32524956,255092.1341,4208534.698,3771.290527
95.35994229,255092.1067,4208534.676,3771.322021
95.39463503,255092.0793,4208534.655,3771.350586
95.42932776,255092.052,4208534.634,3771.374023
95.46402049,255092.0246,4208534.613,3771.395996
95.49871322,255091.9972,4208534.591,3771.405029
95.53340595,255091.9698,4208534.57,3771.421875
95.56809869,255091.9424,4208534.549,3771.437256
95.60279142,255091.915,4208534.527,3771.452881
95.63748415,255091.8876,4208534.506,3771.463135
95.67217688,255091.8603,4208534.485,3771.480469
95.70686961,255091.8329,4208534.463,3771.499268
95.74156235,255091.8055,4208534.442,3771.519531
95.77625508,255091.7781,4208534.421,3771.54248
95.81094781,255091.7507,4208534.4,3771.556885
95.84564054,255091.7233,4208534.378,3771.582031
95.88033327,255091.696,4208534.357,3771.606934
95.91502601,255091.6686,4208534.336,3771.630127
95.94971874,255091.6412,4208534.314,3771.641357
95.98441147,255091.6138,4208534.293,3771.661865
96.0191042,255091.5864,4208534.272,3771.679688
96.05379693,255091.559,4208534.25,3771.696289
96.08848967,255091.5316,4208534.229,3771.71167
96.1231824,255091.5043,4208534.208,3771.719238
96.15787513,255091.4769,4208534.187,3771.733154
96.19256786,255091.4495,4208534.165,3771.746826
96.2272606,255091.4221,4208534.144,3771.760498
96.26195333,255091.3947,4208534.123,3771.766846
96.29664606,255091.3673,4208534.101,3771.777832
96.33133879,255091.3399,4208534.08,3771.787598
96.36603152,255091.3126,4208534.059,3771.792969
96.40072426,255091.2852,4208534.037,3771.795166
96.43541699,255091.2578,4208534.016,3771.796875
96.47010972,255091.2304,4208533.995,3771.798096
96.50480245,255091.203,4208533.974,3771.799561
96.53949518,255091.1756,4208533.952,3771.800537
96.57418792,255091.1483,4208533.931,3771.801514
96.60888065,255091.1209,4208533.91,3771.802979
96.64357338,255091.0935,4208533.888,3771.804199
96.67826611,255091.0661,4208533.867,3771.805176
96.71295884,255091.0387,4208533.846,3771.805664
96.74765158,255091.0113,4208533.824,3771.807129
96.78234431,255090.9839,4208533.803,3771.807861
96.81703704,255090.9566,4208533.782,3771.807861
96.85172977,255090.9292,4208533.761,3771.806885
96.88642251,255090.9018,4208533.739,3771.804932
96.92111524,255090.8744,4208533.718,3771.807373
96.95580797,255090.847,4208533.697,3771.80542
96.9905007,255090.8196,4208533.675,3771.803223
97.02519343,255090.7923,4208533.654,3771.801025
97.05988617,255090.7649,4208533.633,3771.803711
97.0945789,255090.7375,4208533.611,3771.801025
97.12927163,255090.7101,4208533.59,3771.79834
97.16396436,255090.6827,4208533.569,3771.79541
97.19865709,255090.6553,4208533.548,3771.791748
97.23334983,255090.6279,4208533.526,3771.794434
97.26804256,255090.6006,4208533.505,3771.790771
97.30273529,255090.5732,4208533.484,3771.786377
97.33742802,255090.5458,4208533.462,3771.781982
97.37212075,255090.5184,4208533.441,3771.783447
97.40681349,255090.491,4208533.42,3771.777588
97.44150622,255090.4636,4208533.398,3771.772461
97.47619895,255090.4363,4208533.377,3771.765625
97.51089168,255090.4089,4208533.356,3771.756836
97.54558441,255090.3815,4208533.335,3771.757324
97.58027715,255090.3541,4208533.313,3771.746826
97.61496988,255090.3267,4208533.292,3771.735596
97.64966261,255090.2993,4208533.271,3771.723633
97.68435534,255090.2719,4208533.249,3771.723145
97.71904808,255090.2446,4208533.228,3771.711426
97.75374081,255090.2172,4208533.207,3771.700684
97.78843354,255090.1898,4208533.185,3771.692627
97.82312627,255090.1624,4208533.164,3771.6875
97.857819,255090.135,4208533.143,3771.688721
97.89251174,255090.1076,4208533.122,3771.6875
97.92720447,255090.0802,4208533.1,3771.687012
97.9618972,255090.0529,4208533.079,3771.687012
97.99658993,255090.0255,4208533.058,3771.689453
98.03128266,255089.9981,4208533.036,3771.690186
98.0659754,255089.9707,4208533.015,3771.691406
98.10066813,255089.9433,4208532.994,3771.693115
98.13536086,255089.9159,4208532.972,3771.695068
98.17005359,255089.8886,4208532.951,3771.697998
98.20474632,255089.8612,4208532.93,3771.701416
98.23943906,255089.8338,4208532.909,3771.70874
98.27413179,255089.8064,4208532.887,3771.722656
98.30882452,255089.779,4208532.866,3771.732666
98.34351725,255089.7516,4208532.845,3771.751709
98.37820999,255089.7242,4208532.823,3771.771973
98.41290272,255089.6969,4208532.802,3771.793213
98.44759545,255089.6695,4208532.781,3771.813477
98.48228818,255089.6421,4208532.759,3771.823975
98.51698091,255089.6147,4208532.738,3771.842285
98.55167365,255089.5873,4208532.717,3771.858643
98.58636638,255089.5599,4208532.696,3771.872803
98.62105911,255089.5326,4208532.674,3771.879395
98.65575184,255089.5052,4208532.653,3771.891357
98.69044457,255089.4778,4208532.632,3771.902588
98.72513731,255089.4504,4208532.61,3771.913574
98.75983004,255089.423,4208532.589,3771.923828
98.79452277,255089.3956,4208532.568,3771.929199
98.8292155,255089.3682,4208532.547,3771.937744
98.86390823,255089.3409,4208532.525,3771.946289
98.89860097,255089.3135,4208532.504,3771.953369
98.9332937,255089.2861,4208532.483,3771.956543
98.96798643,255089.2587,4208532.461,3771.962158
99.00267916,255089.2313,4208532.44,3771.968018
99.03737189,255089.2039,4208532.419,3771.974365
99.07206463,255089.1766,4208532.397,3771.980957
99.10675736,255089.1492,4208532.376,3771.984131
99.14145009,255089.1218,4208532.355,3771.990479
99.17614282,255089.0944,4208532.334,3771.996582
99.21083556,255089.067,4208532.312,3772.001221
99.24552829,255089.0396,4208532.291,3772.002441
99.28022102,255089.0122,4208532.27,3772.004883
99.31491375,255088.9849,4208532.248,3772.006592
99.34960648,255088.9575,4208532.227,3772.007568
99.38429922,255088.9301,4208532.206,3772.008789
99.41899195,255088.9027,4208532.184,3772.008301
99.45368468,255088.8753,4208532.163,3772.008789
99.48837741,255088.8479,4208532.142,3772.008789
99.52307014,255088.8205,4208532.121,3772.009033
99.55776288,255088.7932,4208532.099,3772.008301
99.59245561,255088.7658,4208532.078,3772.007813
99.62714834,255088.7384,4208532.057,3772.00708
99.66184107,255088.711,4208532.035,3772.005371
99.6965338,255088.6836,4208532.014,3772.000488
99.73122654,255088.6562,4208531.993,3771.992432
99.76591927,255088.6289,4208531.971,3771.983887
99.800612,255088.6015,4208531.95,3771.973633
99.83530473,255088.5741,4208531.929,3771.962402
99.86999746,255088.5467,4208531.908,3771.951172
99.9046902,255088.5193,4208531.886,3771.938721
99.93938293,255088.4919,4208531.865,3771.927246
99.97407566,255088.4645,4208531.844,3771.917236
100.0087684,255088.4372,4208531.822,3771.909912
100.0434611,255088.4098,4208531.801,3771.903564
100.0781539,255088.3824,4208531.78,3771.9021
100.1128466,255088.355,4208531.758,3771.902344
100.1475393,255088.3276,4208531.737,3771.903564
100.1822321,255088.3002,4208531.716,3771.900391
100.2169248,255088.2729,4208531.695,3771.902832
100.2516175,255088.2455,4208531.673,3771.90625
100.2863103,255088.2181,4208531.652,3771.910156
100.321003,255088.1907,4208531.631,3771.913818
100.3556957,255088.1633,4208531.609,3771.913574
100.3903884,255088.1359,4208531.588,3771.917725
100.4250812,255088.1085,4208531.567,3771.922363
100.4597739,255088.0812,4208531.545,3771.932129
100.4944666,255088.0538,4208531.524,3771.939453
100.5291594,255088.0264,4208531.503,3771.956543
100.5638521,255087.999,4208531.482,3771.975586
100.5985448,255087.9716,4208531.46,3771.996826
100.6332376,255087.9442,4208531.439,3772.019531
100.6679303,255087.9169,4208531.418,3772.030762
100.702623,255087.8895,4208531.396,3772.051025
100.7373158,255087.8621,4208531.375,3772.072021
100.7720085,255087.8347,4208531.354,3772.092041
100.8067012,255087.8073,4208531.332,3772.101318
100.841394,255087.7799,4208531.311,3772.122559
100.8760867,255087.7525,4208531.29,3772.148682
100.9107794,255087.7252,4208531.269,3772.178955
100.9454722,255087.6978,4208531.247,3772.213867
100.9801649,255087.6704,4208531.226,3772.231689
101.0148576,255087.643,4208531.205,3772.266846
101.0495504,255087.6156,4208531.183,3772.303223
101.0842431,255087.5882,4208531.162,3772.338623
101.1189358,255087.5608,4208531.141,3772.361084
101.1536286,255087.5335,4208531.119,3772.396973
101.1883213,255087.5061,4208531.098,3772.43457
101.223014,255087.4787,4208531.077,3772.472656
101.2577067,255087.4513,4208531.056,3772.51001
101.2923995,255087.4239,4208531.034,3772.534668
101.3270922,255087.3965,4208531.013,3772.570313
101.3617849,255087.3692,4208530.992,3772.606934
101.3964777,255087.3418,4208530.97,3772.641357
101.4311704,255087.3144,4208530.949,3772.662109
101.4658631,255087.287,4208530.928,3772.692871
101.5005559,255087.2596,4208530.906,3772.723389
101.5352486,255087.2322,4208530.885,3772.751221
101.5699413,255087.2048,4208530.864,3772.778076
101.6046341,255087.1775,4208530.843,3772.794922
101.6393268,255087.1501,4208530.821,3772.822754
101.6740195,255087.1227,4208530.8,3772.854736
101.7087123,255087.0953,4208530.779,3772.890137
101.743405,255087.0679,4208530.757,3772.912109
101.7780977,255087.0405,4208530.736,3772.955078
101.8127905,255087.0132,4208530.715,3773.001709
101.8474832,255086.9858,4208530.693,3773.043457
101.8821759,255086.9584,4208530.672,3773.081055
101.9168687,255086.931,4208530.651,3773.0979
101.9515614,255086.9036,4208530.63,3773.126953
101.9862541,255086.8762,4208530.608,3773.149414
102.0209469,255086.8488,4208530.587,3773.169189
102.0556396,255086.8215,4208530.566,3773.177979
102.0903323,255086.7941,4208530.544,3773.195557
102.1250251,255086.7667,4208530.523,3773.211914
102.1597178,255086.7393,4208530.502,3773.227783
102.1944105,255086.7119,4208530.48,3773.24292
102.2291032,255086.6845,4208530.459,3773.25
102.263796,255086.6571,4208530.438,3773.264404
102.2984887,255086.6298,4208530.417,3773.276123
102.3331814,255086.6024,4208530.395,3773.286377
102.3678742,255086.575,4208530.374,3773.292236
102.4025669,255086.5476,4208530.353,3773.302734
102.4372596,255086.5202,4208530.331,3773.313232
102.4719524,255086.4928,4208530.31,3773.323975
102.5066451,255086.4655,4208530.289,3773.335205
102.5413378,255086.4381,4208530.267,3773.342773
102.5760306,255086.4107,4208530.246,3773.356201
102.6107233,255086.3833,4208530.225,3773.37085
102.645416,255086.3559,4208530.204,3773.386963
102.6801088,255086.3285,4208530.182,3773.400635
102.7148015,255086.3011,4208530.161,3773.42041
102.7494942,255086.2738,4208530.14,3773.439941
102.784187,255086.2464,4208530.118,3773.458496
102.8188797,255086.219,4208530.097,3773.473389
102.8535724,255086.1916,4208530.076,3773.487305
102.8882652,255086.1642,4208530.054,3773.497803
102.9229579,255086.1368,4208530.033,3773.504883
102.9576506,255086.1095,4208530.012,3773.509277
102.9923434,255086.0821,4208529.991,3773.51709
103.0270361,255086.0547,4208529.969,3773.517334
103.0617288,255086.0273,4208529.948,3773.515381
103.0964215,255085.9999,4208529.927,3773.512695
103.1311143,255085.9725,4208529.905,3773.509521
103.165807,255085.9451,4208529.884,3773.51123
103.2004997,255085.9178,4208529.863,3773.506104
103.2351925,255085.8904,4208529.841,3773.501709
103.2698852,255085.863,4208529.82,3773.498291
103.3045779,255085.8356,4208529.799,3773.498047
103.3392707,255085.8082,4208529.778,3773.494629
103.3739634,255085.7808,4208529.756,3773.491455
103.4086561,255085.7535,4208529.735,3773.488037
103.4433489,255085.7261,4208529.714,3773.484863
103.4780416,255085.6987,4208529.692,3773.483887
103.5127343,255085.6713,4208529.671,3773.480469
103.5474271,255085.6439,4208529.65,3773.476318
103.5821198,255085.6165,4208529.629,3773.471924
103.6168125,255085.5891,4208529.607,3773.469238
103.6515053,255085.5618,4208529.586,3773.465332
103.686198,255085.5344,4208529.565,3773.461426
103.7208907,255085.507,4208529.543,3773.458008
103.7555835,255085.4796,4208529.522,3773.455078
103.7902762,255085.4522,4208529.501,3773.452881
103.8249689,255085.4248,4208529.479,3773.450928
103.8596617,255085.3974,4208529.458,3773.449463
103.8943544,255085.3701,4208529.437,3773.448486
103.9290471,255085.3427,4208529.416,3773.44751
103.9637399,255085.3153,4208529.394,3773.447021
103.9984326,255085.2879,4208529.373,3773.447021
104.0331253,255085.2605,4208529.352,3773.447021
104.067818,255085.2331,4208529.33,3773.447754
104.1025108,255085.2058,4208529.309,3773.447754
104.1372035,255085.1784,4208529.288,3773.449219
104.1718962,255085.151,4208529.266,3773.45166
104.206589,255085.1236,4208529.245,3773.455078
104.2412817,255085.0962,4208529.224,3773.456299
104.2759744,255085.0688,4208529.203,3773.460205
104.3106672,255085.0414,4208529.181,3773.464844
104.3453599,255085.0141,4208529.16,3773.469971
104.3800526,255084.9867,4208529.139,3773.47583
104.4147454,255084.9593,4208529.117,3773.478027
104.4494381,255084.9319,4208529.096,3773.484131
104.4772885,255084.9268,4208529.069,3773.487549
104.5051389,255084.9218,4208529.041,3773.493408
104.5329893,255084.9167,4208529.014,3773.49707
104.5608397,255084.9116,4208528.986,3773.500488
104.58869,255084.9066,4208528.959,3773.503906
104.6165404,255084.9015,4208528.932,3773.507568
104.6443908,255084.8964,4208528.904,3773.512939
104.6722412,255084.8913,4208528.877,3773.516113
104.7000916,255084.8863,4208528.85,3773.519287
104.727942,255084.8812,4208528.822,3773.522705
104.7557924,255084.8761,4208528.795,3773.526367
104.7836428,255084.8711,4208528.767,3773.531982
104.8114931,255084.866,4208528.74,3773.538818
104.8393435,255084.8609,4208528.713,3773.547607
104.8671939,255084.8558,4208528.685,3773.557861
104.8950443,255084.8508,4208528.658,3773.568848
104.9228947,255084.8457,4208528.63,3773.580322
104.9507451,255084.8406,4208528.603,3773.590088
104.9785955,255084.8356,4208528.576,3773.600586
105.0064459,255084.8305,4208528.548,3773.612061
105.0342962,255084.8254,4208528.521,3773.626465
105.0621466,255084.8203,4208528.494,3773.641602
105.089997,255084.8153,4208528.466,3773.656494
105.1178474,255084.8102,4208528.439,3773.667236
105.1456978,255084.8051,4208528.411,3773.679443
105.1735482,255084.8001,4208528.384,3773.689697
105.2013986,255084.795,4208528.357,3773.693359
105.229249,255084.7899,4208528.329,3773.693848
105.2570993,255084.7848,4208528.302,3773.693115
105.2849497,255084.7798,4208528.274,3773.693115
105.3128001,255084.7747,4208528.247,3773.693115
105.3406505,255084.7696,4208528.22,3773.692871
105.3685009,255084.7646,4208528.192,3773.692627
105.3963513,255084.7595,4208528.165,3773.689941
105.4242017,255084.7544,4208528.138,3773.688721
105.4520521,255084.7493,4208528.11,3773.687256
105.4799024,255084.7443,4208528.083,3773.684814
105.5077528,255084.7392,4208528.055,3773.681396
105.5356032,255084.7341,4208528.028,3773.67749
105.5634536,255084.7291,4208528.001,3773.672607
105.591304,255084.724,4208527.973,3773.669678
105.6191544,255084.7189,4208527.946,3773.66626
105.6470048,255084.7138,4208527.918,3773.662598
105.6748552,255084.7088,4208527.891,3773.658203
105.7027055,255084.7037,4208527.864,3773.655029
105.7305559,255084.6986,4208527.836,3773.650146
105.7584063,255084.6936,4208527.809,3773.64502
105.7862567,255084.6885,4208527.782,3773.638672
105.8141071,255084.6834,4208527.754,3773.63208
105.8419575,255084.6783,4208527.727,3773.625488
105.8698079,255084.6733,4208527.699,3773.620361
105.8976583,255084.6682,4208527.672,3773.614014
105.9255086,255084.6631,4208527.645,3773.608887
105.953359,255084.6581,4208527.617,3773.605469
105.9812094,255084.653,4208527.59,3773.603027
106.0090598,255084.6479,4208527.562,3773.600586
106.0369102,255084.6428,4208527.535,3773.599121
106.0647606,255084.6378,4208527.508,3773.5979
106.092611,255084.6327,4208527.48,3773.596924
106.1204614,255084.6276,4208527.453,3773.595947
106.1483117,255084.6226,4208527.426,3773.592529
106.1761621,255084.6175,4208527.398,3773.591064
106.2040125,255084.6124,4208527.371,3773.589355
106.2318629,255084.6073,4208527.343,3773.587891
106.2597133,255084.6023,4208527.316,3773.586426
106.2875637,255084.5972,4208527.289,3773.584961
106.3154141,255084.5921,4208527.261,3773.580078
106.3432645,255084.5871,4208527.234,3773.579102
106.3711148,255084.582,4208527.206,3773.578369
106.3989652,255084.5769,4208527.179,3773.577393
106.4268156,255084.5718,4208527.152,3773.57666
106.454666,255084.5668,4208527.124,3773.571777
106.4825164,255084.5617,4208527.097,3773.571533
106.5103668,255084.5566,4208527.07,3773.571533
106.5382172,255084.5516,4208527.042,3773.571777
106.5660676,255084.5465,4208527.015,3773.572754
106.5939179,255084.5414,4208526.987,3773.574707
106.6217683,255084.5364,4208526.96,3773.568604
106.6496187,255084.5313,4208526.933,3773.569336
106.6774691,255084.5262,4208526.905,3773.56958
106.7053195,255084.5211,4208526.878,3773.56958
106.7331699,255084.5161,4208526.85,3773.569092
106.7610203,255084.511,4208526.823,3773.560059
106.7888707,255084.5059,4208526.796,3773.558594
106.8167211,255084.5009,4208526.768,3773.557129
106.8445714,255084.4958,4208526.741,3773.554688
106.8724218,255084.4907,4208526.714,3773.552734
106.9002722,255084.4856,4208526.686,3773.547119
106.9281226,255084.4806,4208526.659,3773.54541
106.955973,255084.4755,4208526.631,3773.543457
106.9838234,255084.4704,4208526.604,3773.541992
107.0116738,255084.4654,4208526.577,3773.541016
107.0395242,255084.4603,4208526.549,3773.539795
107.0673745,255084.4552,4208526.522,3773.539063
107.0952249,255084.4501,4208526.494,3773.538574
107.1230753,255084.4451,4208526.467,3773.537109
107.1509257,255084.44,4208526.44,3773.535156
107.1787761,255084.4349,4208526.412,3773.532471
107.2066265,255084.4299,4208526.385,3773.529785
107.2344769,255084.4248,4208526.358,3773.526855
107.2623273,255084.4197,4208526.33,3773.523682
107.2901776,255084.4146,4208526.303,3773.520508
107.318028,255084.4096,4208526.275,3773.516846
107.3458784,255084.4045,4208526.248,3773.512939
107.3737288,255084.3994,4208526.221,3773.510498
107.4015792,255084.3944,4208526.193,3773.506836
107.4294296,255084.3893,4208526.166,3773.503418
107.45728,255084.3842,4208526.138,3773.5
107.4851304,255084.3791,4208526.111,3773.495605
107.5129807,255084.3741,4208526.084,3773.493652
107.5408311,255084.369,4208526.056,3773.489258
107.5686815,255084.3639,4208526.029,3773.485107
107.5965319,255084.3589,4208526.002,3773.480469
107.6243823,255084.3538,4208525.974,3773.476318
107.6522327,255084.3487,4208525.947,3773.474609
107.6800831,255084.3436,4208525.919,3773.470215
107.7079335,255084.3386,4208525.892,3773.465576
107.7357838,255084.3335,4208525.865,3773.461182
107.7636342,255084.3284,4208525.837,3773.456787
107.7914846,255084.3234,4208525.81,3773.452637
107.819335,255084.3183,4208525.782,3773.450684
107.8471854,255084.3132,4208525.755,3773.445557
107.8750358,255084.3081,4208525.728,3773.440186
107.9028862,255084.3031,4208525.7,3773.43457
107.9307366,255084.298,4208525.673,3773.428467
107.9585869,255084.2929,4208525.646,3773.424561
107.9864373,255084.2879,4208525.618,3773.417969
108.0142877,255084.2828,4208525.591,3773.411621
108.0421381,255084.2777,4208525.563,3773.404785
108.0699885,255084.2726,4208525.536,3773.397461
108.0978389,255084.2676,4208525.509,3773.390137
108.1256893,255084.2625,4208525.481,3773.385254
108.1535397,255084.2574,4208525.454,3773.377197
108.18139,255084.2524,4208525.426,3773.368652
108.2092404,255084.2473,4208525.399,3773.359619
108.2370908,255084.2422,4208525.372,3773.350342
108.2649412,255084.2371,4208525.344,3773.343262
108.2927916,255084.2321,4208525.317,3773.33252
108.320642,255084.227,4208525.29,3773.321777
108.3484924,255084.2219,4208525.262,3773.312012
108.3763428,255084.2169,4208525.235,3773.303223
108.4041931,255084.2118,4208525.207,3773.297363
108.4320435,255084.2067,4208525.18,3773.290039
108.4598939,255084.2016,4208525.153,3773.283691
108.4877443,255084.1966,4208525.125,3773.278076
108.5155947,255084.1915,4208525.098,3773.272461
108.5434451,255084.1864,4208525.07,3773.266357
108.5712955,255084.1814,4208525.043,3773.26123
108.5991459,255084.1763,4208525.016,3773.255859
108.6269962,255084.1712,4208524.988,3773.250488
108.6548466,255084.1661,4208524.961,3773.244385
108.682697,255084.1611,4208524.934,3773.238281
108.7105474,255084.156,4208524.906,3773.231689
108.7383978,255084.1509,4208524.879,3773.225342
108.7662482,255084.1459,4208524.851,3773.217773
108.7940986,255084.1408,4208524.824,3773.209961
108.821949,255084.1357,4208524.797,3773.202148
108.8497993,255084.1306,4208524.769,3773.19458
108.8776497,255084.1256,4208524.742,3773.183105
108.9055001,255084.1205,4208524.714,3773.174072
108.9333505,255084.1154,4208524.687,3773.163574
108.9612009,255084.1104,4208524.66,3773.152344
108.9890513,255084.1053,4208524.632,3773.140625
109.0169017,255084.1002,4208524.605,3773.123779
109.0447521,255084.0952,4208524.578,3773.111572
109.0726025,255084.0901,4208524.55,3773.100342
109.1004528,255084.085,4208524.523,3773.0896
109.1283032,255084.0799,4208524.495,3773.080078
109.1561536,255084.0749,4208524.468,3773.064941
109.184004,255084.0698,4208524.441,3773.056885
109.2118544,255084.0647,4208524.413,3773.049805
109.2397048,255084.0597,4208524.386,3773.043457
109.2675552,255084.0546,4208524.358,3773.037354
109.2954056,255084.0495,4208524.331,3773.031982
109.3232559,255084.0444,4208524.304,3773.022705
109.3511063,255084.0394,4208524.276,3773.018066
109.3789567,255084.0343,4208524.249,3773.01416
109.4068071,255084.0292,4208524.222,3773.010742
109.4346575,255084.0242,4208524.194,3773.007568
109.4625079,255084.0191,4208524.167,3773.002441
109.4903583,255084.014,4208524.139,3772.999512
109.5182087,255084.0089,4208524.112,3772.996338
109.546059,255084.0039,4208524.085,3772.992188
109.5739094,255083.9988,4208524.057,3772.987305
109.6017598,255083.9937,4208524.03,3772.981445
109.6296102,255083.9887,4208524.002,3772.971436
109.6574606,255083.9836,4208523.975,3772.962646
109.685311,255083.9785,4208523.948,3772.952393
109.7131614,255083.9734,4208523.92,3772.940674
109.7410118,255083.9684,4208523.893,3772.927979
109.7688621,255083.9633,4208523.866,3772.909912
109.7967125,255083.9582,4208523.838,3772.897217
109.8245629,255083.9532,4208523.811,3772.885254
109.8524133,255083.9481,4208523.783,3772.873779
109.8802637,255083.943,4208523.756,3772.862305
109.9081141,255083.9379,4208523.729,3772.843506
109.9359645,255083.9329,4208523.701,3772.831055
109.9638149,255083.9278,4208523.674,3772.818359
109.9916652,255083.9227,4208523.646,3772.805664
110.0195156,255083.9177,4208523.619,3772.791992
110.047366,255083.9126,4208523.592,3772.778564
110.0752164,255083.9075,4208523.564,3772.751709
110.1030668,255083.9024,4208523.537,3772.737793
110.1309172,255083.8974,4208523.51,3772.726318
110.1587676,255083.8923,4208523.482,3772.714844
110.186618,255083.8872,4208523.455,3772.703613
110.2144683,255083.8822,4208523.427,3772.685303
110.2423187,255083.8771,4208523.4,3772.67749
110.2701691,255083.872,4208523.373,3772.669922
110.2980195,255083.8669,4208523.345,3772.66333
110.3258699,255083.8619,4208523.318,3772.656982
110.3537203,255083.8568,4208523.29,3772.650879
110.3815707,255083.8517,4208523.263,3772.638672
110.4094211,255083.8467,4208523.236,3772.632568
110.4372714,255083.8416,4208523.208,3772.627441
110.4651218,255083.8365,4208523.181,3772.622559
110.4929722,255083.8314,4208523.154,3772.617676
110.5208226,255083.8264,4208523.126,3772.608887
110.548673,255083.8213,4208523.099,3772.605469
110.5765234,255083.8162,4208523.071,3772.602539
110.6043738,255083.8112,4208523.044,3772.599854
110.6322242,255083.8061,4208523.017,3772.597412
110.6600745,255083.801,4208522.989,3772.592285
110.6879249,255083.7959,4208522.962,3772.5896
110.7157753,255083.7909,4208522.934,3772.586182
110.7436257,255083.7858,4208522.907,3772.580811
110.7714761,255083.7807,4208522.88,3772.57373
110.7993265,255083.7757,4208522.852,3772.56543
110.8271769,255083.7706,4208522.825,3772.552734
110.8550273,255083.7655,4208522.798,3772.543457
110.8828776,255083.7604,4208522.77,3772.533936
110.910728,255083.7554,4208522.743,3772.523926
110.9385784,255083.7503,4208522.715,3772.513428
110.9664288,255083.7452,4208522.688,3772.499268
110.9942792,255083.7402,4208522.661,3772.489014
111.0221296,255083.7351,4208522.633,3772.479004
111.04998,255083.73,4208522.606,3772.468994
111.0778304,255083.7249,4208522.578,3772.459961
111.1056807,255083.7199,4208522.551,3772.451416
111.1335311,255083.7148,4208522.524,3772.440186
111.1613815,255083.7097,4208522.496,3772.433594
111.1892319,255083.7047,4208522.469,3772.428711
111.2170823,255083.6996,4208522.442,3772.425537
111.2449327,255083.6945,4208522.414,3772.423828
111.2727831,255083.6895,4208522.387,3772.421631
111.3006335,255083.6844,4208522.359,3772.421143
111.3284838,255083.6793,4208522.332,3772.420898
111.3563342,255083.6742,4208522.305,3772.420898
111.3841846,255083.6692,4208522.277,3772.420898
111.412035,255083.6641,4208522.25,3772.419189
111.4398854,255083.659,4208522.222,3772.419434
111.4677358,255083.654,4208522.195,3772.419922
111.4955862,255083.6489,4208522.168,3772.420898
111.5234366,255083.6438,4208522.14,3772.42334
111.551287,255083.6387,4208522.113,3772.427246
111.5791373,255083.6337,4208522.086,3772.429688
111.6069877,255083.6286,4208522.058,3772.43335
111.6348381,255083.6235,4208522.031,3772.436523
111.6626885,255083.6185,4208522.003,3772.438232
111.6905389,255083.6134,4208521.976,3772.438965
111.7183893,255083.6083,4208521.949,3772.439453
111.7462397,255083.6032,4208521.921,3772.439697
111.7740901,255083.5982,4208521.894,3772.439941
111.8019404,255083.5931,4208521.866,3772.440186
111.8297908,255083.588,4208521.839,3772.440186
111.8576412,255083.583,4208521.812,3772.440186
111.8854916,255083.5779,4208521.784,3772.440674
111.913342,255083.5728,4208521.757,3772.44043
111.9411924,255083.5677,4208521.73,3772.439697
111.9690428,255083.5627,4208521.702,3772.438965
111.9968932,255083.5576,4208521.675,3772.437256
112.0247435,255083.5525,4208521.647,3772.435547
112.0525939,255083.5475,4208521.62,3772.431152
112.0804443,255083.5424,4208521.593,3772.426514
112.1082947,255083.5373,4208521.565,3772.422119
112.1361451,255083.5322,4208521.538,3772.417725
112.1639955,255083.5272,4208521.51,3772.414551
112.1918459,255083.5221,4208521.483,3772.409668
112.2196963,255083.517,4208521.456,3772.404785
112.2475466,255083.512,4208521.428,3772.400146
112.275397,255083.5069,4208521.401,3772.39502
112.3032474,255083.5018,4208521.374,3772.389893
112.3310978,255083.4967,4208521.346,3772.38623
112.3589482,255083.4917,4208521.319,3772.381348
112.3867986,255083.4866,4208521.291,3772.376709
112.414649,255083.4815,4208521.264,3772.371826
112.4424994,255083.4765,4208521.237,3772.368164
112.4703497,255083.4714,4208521.209,3772.365234
112.4982001,255083.4663,4208521.182,3772.362793
112.5260505,255083.4612,4208521.154,3772.361084
112.5539009,255083.4562,4208521.127,3772.359863
112.5817513,255083.4511,4208521.1,3772.35791
112.6096017,255083.446,4208521.072,3772.355957
112.6374521,255083.441,4208521.045,3772.351563
112.6653025,255083.4359,4208521.018,3772.348633
112.6931528,255083.4308,4208520.99,3772.345459
112.7210032,255083.4257,4208520.963,3772.342041
112.7488536,255083.4207,4208520.935,3772.337891
112.776704,255083.4156,4208520.908,3772.330322
112.8045544,255083.4105,4208520.881,3772.324463
112.8324048,255083.4055,4208520.853,3772.318359
112.8602552,255083.4004,4208520.826,3772.312012
112.8881056,255083.3953,4208520.798,3772.30542
112.9159559,255083.3902,4208520.771,3772.294678
112.9438063,255083.3852,4208520.744,3772.287598
112.9716567,255083.3801,4208520.716,3772.28125
112.9995071,255083.375,4208520.689,3772.275391
113.0273575,255083.37,4208520.662,3772.270508
113.0552079,255083.3649,4208520.634,3772.265625
113.0830583,255083.3598,4208520.607,3772.259766
113.1109087,255083.3547,4208520.579,3772.255127
113.138759,255083.3497,4208520.552,3772.25
113.1666094,255083.3446,4208520.525,3772.243652
113.1944598,255083.3395,4208520.497,3772.237061
113.2223102,255083.3345,4208520.47,3772.229492
113.2501606,255083.3294,4208520.442,3772.221436
113.278011,255083.3243,4208520.415,3772.213135
113.3058614,255083.3192,4208520.388,3772.204834
113.3337118,255083.3142,4208520.36,3772.197021
113.3615621,255083.3091,4208520.333,3772.189453
113.3894125,255083.304,4208520.306,3772.182129
113.4172629,255083.299,4208520.278,3772.175293
113.4451133,255083.2939,4208520.251,3772.168457
113.4729637,255083.2888,4208520.223,3772.162109
113.5008141,255083.2838,4208520.196,3772.15625
113.5286645,255083.2787,4208520.169,3772.150635
113.5565149,255083.2736,4208520.141,3772.145508
113.5843652,255083.2685,4208520.114,3772.140381
113.6122156,255083.2635,4208520.086,3772.135498
113.640066,255083.2584,4208520.059,3772.130859
113.6679164,255083.2533,4208520.032,3772.125244
113.6957668,255083.2483,4208520.004,3772.120605
113.7236172,255083.2432,4208519.977,3772.115967
113.7514676,255083.2381,4208519.95,3772.111084
113.779318,255083.233,4208519.922,3772.105957
113.8071684,255083.228,4208519.895,3772.10083
113.8350187,255083.2229,4208519.867,3772.094482
113.8628691,255083.2178,4208519.84,3772.0896
113.8907195,255083.2128,4208519.813,3772.084717
113.9185699,255083.2077,4208519.785,3772.080566
113.9464203,255083.2026,4208519.758,3772.076904
113.9742707,255083.1975,4208519.73,3772.072021
114.0021211,255083.1925,4208519.703,3772.068604
114.0299715,255083.1874,4208519.676,3772.06543
114.0578218,255083.1823,4208519.648,3772.062012
114.0856722,255083.1773,4208519.621,3772.057861
114.1135226,255083.1722,4208519.594,3772.052734
114.141373,255083.1671,4208519.566,3772.045166
114.1692234,255083.162,4208519.539,3772.03833
114.1970738,255083.157,4208519.511,3772.031494
114.2249242,255083.1519,4208519.484,3772.024414
114.2527746,255083.1468,4208519.457,3772.017822
114.2806249,255083.1418,4208519.429,3772.009766
114.3084753,255083.1367,4208519.402,3772.005371
114.3363257,255083.1316,4208519.374,3772.001709
114.3641761,255083.1265,4208519.347,3771.998779
114.3920265,255083.1215,4208519.32,3771.996094
114.4198769,255083.1164,4208519.292,3771.990234
114.4477273,255083.1113,4208519.265,3771.986572
114.4755777,255083.1063,4208519.238,3771.98291
114.503428,255083.1012,4208519.21,3771.979004
114.5312784,255083.0961,4208519.183,3771.974854
114.5591288,255083.091,4208519.155,3771.970703
114.5869792,255083.086,4208519.128,3771.962646
114.6148296,255083.0809,4208519.101,3771.958252
114.64268,255083.0758,4208519.073,3771.954102
114.6705304,255083.0708,4208519.046,3771.950195
114.6983808,255083.0657,4208519.018,3771.946045
114.7262311,255083.0606,4208518.991,3771.939697
114.7540815,255083.0555,4208518.964,3771.936279
114.7819319,255083.0505,4208518.936,3771.932373
114.8097823,255083.0454,4208518.909,3771.928467
114.8376327,255083.0403,4208518.881,3771.923828
114.8654831,255083.0353,4208518.854,3771.916016
114.8933335,255083.0302,4208518.827,3771.9104
114.9211839,255083.0251,4208518.799,3771.904297
114.9490342,255083.02,4208518.772,3771.897705
114.9768846,255083.015,4208518.745,3771.891113
115.004735,255083.0099,4208518.717,3771.884521
115.0325854,255083.0048,4208518.69,3771.876953
115.0604358,255082.9998,4208518.662,3771.871094
115.0882862,255082.9947,4208518.635,3771.865479
115.1161366,255082.9896,4208518.608,3771.861084
115.143987,255082.9845,4208518.58,3771.857178
115.1718373,255082.9795,4208518.553,3771.855225
115.1996877,255082.9744,4208518.525,3771.851563
115.2275381,255082.9693,4208518.498,3771.848145
115.2553885,255082.9643,4208518.471,3771.844971
115.2832389,255082.9592,4208518.443,3771.841309
115.3110893,255082.9541,4208518.416,3771.837402
115.3389397,255082.949,4208518.389,3771.837158
115.3667901,255082.944,4208518.361,3771.833252
115.3946404,255082.9389,4208518.334,3771.829102
115.4224908,255082.9338,4208518.306,3771.824463
115.4503412,255082.9288,4208518.279,3771.818848
115.4781916,255082.9237,4208518.252,3771.820313
115.506042,255082.9186,4208518.224,3771.814697
115.5338924,255082.9135,4208518.197,3771.807617
115.5617428,255082.9085,4208518.169,3771.800293
115.5895932,255082.9034,4208518.142,3771.792236
115.6174435,255082.8983,4208518.115,3771.798096
115.6452939,255082.8933,4208518.087,3771.791016
115.6731443,255082.8882,4208518.06,3771.783203
115.7009947,255082.8831,4208518.033,3771.775635
115.7288451,255082.878,4208518.005,3771.767578
115.7566955,255082.873,4208517.978,3771.758545
115.7845459,255082.8679,4208517.95,3771.769531
115.8123963,255082.8628,4208517.923,3771.762695
115.8402466,255082.8578,4208517.896,3771.756348
115.868097,255082.8527,4208517.868,3771.749512
115.8959474,255082.8476,4208517.841,3771.744873
115.9237978,255082.8426,4208517.813,3771.759277
115.9516482,255082.8375,4208517.786,3771.756104
115.9794986,255082.8324,4208517.759,3771.752686
116.007349,255082.8273,4208517.731,3771.751221
116.0351994,255082.8223,4208517.704,3771.751465
116.0630497,255082.8172,4208517.677,3771.75293
116.0909001,255082.8121,4208517.649,3771.769775
116.1187505,255082.8071,4208517.622,3771.772949
116.1466009,255082.802,4208517.594,3771.775879
116.1744513,255082.7969,4208517.567,3771.778809
116.2023017,255082.7918,4208517.54,3771.783936
116.2301521,255082.7868,4208517.512,3771.804443
116.2580025,255082.7817,4208517.485,3771.808594
116.2858529,255082.7766,4208517.457,3771.813965
116.3137032,255082.7716,4208517.43,3771.81958
116.3415536,255082.7665,4208517.403,3771.824707
116.369404,255082.7614,4208517.375,3771.84375
116.3972544,255082.7563,4208517.348,3771.8479
116.4251048,255082.7513,4208517.321,3771.852051
116.4529552,255082.7462,4208517.293,3771.856201
116.4808056,255082.7411,4208517.266,3771.86084
116.508656,255082.7361,4208517.238,3771.865723
116.5365063,255082.731,4208517.211,3771.882568
116.5643567,255082.7259,4208517.184,3771.88623
116.5922071,255082.7208,4208517.156,3771.889893
116.6200575,255082.7158,4208517.129,3771.894287
116.6479079,255082.7107,4208517.101,3771.897705
116.6757583,255082.7056,4208517.074,3771.911377
116.7036087,255082.7006,4208517.047,3771.914795
116.7314591,255082.6955,4208517.019,3771.916992
116.7593094,255082.6904,4208516.992,3771.920654
116.7871598,255082.6853,4208516.965,3771.922852
116.8150102,255082.6803,4208516.937,3771.924072
116.8428606,255082.6752,4208516.91,3771.933594
116.870711,255082.6701,4208516.882,3771.935059
116.8985614,255082.6651,4208516.855,3771.937012
116.9264118,255082.66,4208516.828,3771.938721
116.9542622,255082.6549,4208516.8,3771.939697
116.9821125,255082.6498,4208516.773,3771.947266
117.0099629,255082.6448,4208516.745,3771.947266
117.0378133,255082.6397,4208516.718,3771.946777
117.0656637,255082.6346,4208516.691,3771.945557
117.0935141,255082.6296,4208516.663,3771.944824
117.1213645,255082.6245,4208516.636,3771.953125
117.1492149,255082.6194,4208516.609,3771.951416
117.1770653,255082.6143,4208516.581,3771.948486
117.2049156,255082.6093,4208516.554,3771.945313
117.232766,255082.6042,4208516.526,3771.943115
117.2606164,255082.5991,4208516.499,3771.938965
117.2884668,255082.5941,4208516.472,3771.945313
117.3163172,255082.589,4208516.444,3771.942383
117.3441676,255082.5839,4208516.417,3771.9375
117.372018,255082.5788,4208516.389,3771.933594
117.3998684,255082.5738,4208516.362,3771.929932
117.4277187,255082.5687,4208516.335,3771.935791
117.4555691,255082.5636,4208516.307,3771.932129
117.4834195,255082.5586,4208516.28,3771.928711
117.5112699,255082.5535,4208516.253,3771.924561
117.5391203,255082.5484,4208516.225,3771.921387
117.5669707,255082.5433,4208516.198,3771.918213
117.5948211,255082.5383,4208516.17,3771.924561
117.6226715,255082.5332,4208516.143,3771.922119
117.6505218,255082.5281,4208516.116,3771.919922
117.6783722,255082.5231,4208516.088,3771.91748
117.7062226,255082.518,4208516.061,3771.916016
117.734073,255082.5129,4208516.033,3771.924561
117.7619234,255082.5078,4208516.006,3771.924072
117.7897738,255082.5028,4208515.979,3771.924316
117.8176242,255082.4977,4208515.951,3771.926025
117.8454746,255082.4926,4208515.924,3771.928223
117.8733249,255082.4876,4208515.897,3771.942383
117.9011753,255082.4825,4208515.869,3771.945801
117.9290257,255082.4774,4208515.842,3771.95166
117.9568761,255082.4723,4208515.814,3771.956543
117.9847265,255082.4673,4208515.787,3771.965088
118.0125769,255082.4622,4208515.76,3771.973389
118.0404273,255082.4571,4208515.732,3772.004395
118.0682777,255082.4521,4208515.705,3772.016357
118.096128,255082.447,4208515.677,3772.031006
118.1239784,255082.4419,4208515.65,3772.047607
118.1518288,255082.4369,4208515.623,3772.0625
118.1796792,255082.4318,4208515.595,3772.100098
118.2075296,255082.4267,4208515.568,3772.11499
118.23538,255082.4216,4208515.541,3772.12793
118.2632304,255082.4166,4208515.513,3772.138916
118.2910808,255082.4115,4208515.486,3772.149414
118.3189311,255082.4064,4208515.458,3772.159912
118.3467815,255082.4014,4208515.431,3772.187012
118.3746319,255082.3963,4208515.404,3772.196045
118.4024823,255082.3912,4208515.376,3772.20459
118.4303327,255082.3861,4208515.349,3772.210693
118.4581831,255082.3811,4208515.321,3772.218262
118.4860335,255082.376,4208515.294,3772.241211
118.5138839,255082.3709,4208515.267,3772.24585
118.5417343,255082.3659,4208515.239,3772.251465
118.5695846,255082.3608,4208515.212,3772.256348
118.597435,255082.3557,4208515.185,3772.261719
118.6252854,255082.3506,4208515.157,3772.282227
118.6531358,255082.3456,4208515.13,3772.287354
118.6809862,255082.3405,4208515.102,3772.292725
118.7088366,255082.3354,4208515.075,3772.29834
118.736687,255082.3304,4208515.048,3772.304443
118.7645374,255082.3253,4208515.02,3772.311279
118.7923877,255082.3202,4208514.993,3772.336426
118.8202381,255082.3151,4208514.965,3772.344727
118.8480885,255082.3101,4208514.938,3772.35376
118.8759389,255082.305,4208514.911,3772.363525
118.9037893,255082.2999,4208514.883,3772.373535
118.9316397,255082.2949,4208514.856,3772.40332
118.9594901,255082.2898,4208514.829,3772.415771
118.9873405,255082.2847,4208514.801,3772.428711
119.0151908,255082.2796,4208514.774,3772.441895
119.0430412,255082.2746,4208514.746,3772.456543
119.0708916,255082.2695,4208514.719,3772.471924
119.098742,255082.2644,4208514.692,3772.50708
119.1265924,255082.2594,4208514.664,3772.522217
119.1544428,255082.2543,4208514.637,3772.536621
119.1822932,255082.2492,4208514.609,3772.550049
119.2101436,255082.2441,4208514.582,3772.5625
119.2379939,255082.2391,4208514.555,3772.587891
119.2658443,255082.234,4208514.527,3772.597412
119.2936947,255082.2289,4208514.5,3772.607178
119.3215451,255082.2239,4208514.473,3772.616211
119.3498353,255082.1965,4208514.48,3772.626709
119.3781254,255082.1691,4208514.487,3772.635742
119.4064156,255082.1417,4208514.494,3772.645264
119.4347057,255082.1143,4208514.501,3772.647217
119.4629959,255082.0869,4208514.508,3772.65625
119.4912861,255082.0595,4208514.515,3772.666504
119.5195762,255082.0322,4208514.522,3772.677002
119.5478664,255082.0048,4208514.529,3772.681885
119.5761565,255081.9774,4208514.536,3772.695557
119.6044467,255081.95,4208514.544,3772.709473
119.6327368,255081.9226,4208514.551,3772.726318
119.661027,255081.8952,4208514.558,3772.738281
119.6893172,255081.8679,4208514.565,3772.759766
119.7176073,255081.8405,4208514.572,3772.782959
119.7458975,255081.8131,4208514.579,3772.804932
119.7741876,255081.7857,4208514.586,3772.820557
119.8024778,255081.7583,4208514.593,3772.841553
119.8307679,255081.7309,4208514.6,3772.863037
119.8590581,255081.7035,4208514.607,3772.883301
119.8873483,255081.6762,4208514.615,3772.89502
119.9156384,255081.6488,4208514.622,3772.91333
119.9439286,255081.6214,4208514.629,3772.930176
119.9722187,255081.594,4208514.636,3772.938721
120.0005089,255081.5666,4208514.643,3772.952881
120.028799,255081.5392,4208514.65,3772.96582
120.0570892,255081.5119,4208514.657,3772.978271
120.0853794,255081.4845,4208514.664,3772.984863
120.1136695,255081.4571,4208514.671,3772.996826
120.1419597,255081.4297,4208514.678,3773.008057
120.1702498,255081.4023,4208514.686,3773.019531
120.19854,255081.3749,4208514.693,3773.026367
120.2268302,255081.3475,4208514.7,3773.039795
120.2551203,255081.3202,4208514.707,3773.052734
120.2834105,255081.2928,4208514.714,3773.065918
120.3117006,255081.2654,4208514.721,3773.075195
120.3399908,255081.238,4208514.728,3773.090088
120.3682809,255081.2106,4208514.735,3773.105469
120.3965711,255081.1832,4208514.742,3773.120361
120.4248613,255081.1559,4208514.749,3773.132568
120.4531514,255081.1285,4208514.757,3773.148193
120.4814416,255081.1011,4208514.764,3773.16333
120.5097317,255081.0737,4208514.771,3773.178955
120.5380219,255081.0463,4208514.778,3773.191406
120.566312,255081.0189,4208514.785,3773.205811
120.5946022,255080.9915,4208514.792,3773.220947
120.6228924,255080.9642,4208514.799,3773.234863
120.6511825,255080.9368,4208514.806,3773.24707
120.6794727,255080.9094,4208514.813,3773.260254
120.7077628,255080.882,4208514.82,3773.272217
120.736053,255080.8546,4208514.828,3773.283447
120.7643432,255080.8272,4208514.835,3773.295898
120.7926333,255080.7998,4208514.842,3773.308594
120.8209235,255080.7725,4208514.849,3773.320557
120.8492136,255080.7451,4208514.856,3773.333984
120.8775038,255080.7177,4208514.863,3773.348389
120.9057939,255080.6903,4208514.87,3773.363525
120.9340841,255080.6629,4208514.877,3773.37793
120.9623743,255080.6355,4208514.884,3773.39209
120.9906644,255080.6082,4208514.891,3773.407715
121.0189546,255080.5808,4208514.899,3773.421143
121.0472447,255080.5534,4208514.906,3773.433838
121.0755349,255080.526,4208514.913,3773.447021
121.103825,255080.4986,4208514.92,3773.458252
121.1321152,255080.4712,4208514.927,3773.46875
121.1604054,255080.4438,4208514.934,3773.47876
121.1886955,255080.4165,4208514.941,3773.490723
121.2169857,255080.3891,4208514.948,3773.500977
121.2452758,255080.3617,4208514.955,3773.51001
121.273566,255080.3343,4208514.962,3773.519531
121.3018562,255080.3069,4208514.97,3773.531982
121.3301463,255080.2795,4208514.977,3773.542969
121.3584365,255080.2522,4208514.984,3773.553955
121.3867266,255080.2248,4208514.991,3773.56543
121.4150168,255080.1974,4208514.998,3773.578125
121.4433069,255080.17,4208515.005,3773.587646
121.4715971,255080.1426,4208515.012,3773.5979
121.4998873,255080.1152,4208515.019,3773.608398
121.5281774,255080.0878,4208515.026,3773.617676
121.5564676,255080.0605,4208515.033,3773.626709
121.5847577,255080.0331,4208515.041,3773.634766
121.6130479,255080.0057,4208515.048,3773.642334
121.641338,255079.9783,4208515.055,3773.648438
121.6696282,255079.9509,4208515.062,3773.653564
121.6979184,255079.9235,4208515.069,3773.657471
121.7262085,255079.8962,4208515.076,3773.662842
121.7544987,255079.8688,4208515.083,3773.666016
121.7827888,255079.8414,4208515.09,3773.668945
121.811079,255079.814,4208515.097,3773.671875
121.8393691,255079.7866,4208515.104,3773.677246
121.8676593,255079.7592,4208515.112,3773.68042
121.8959495,255079.7318,4208515.119,3773.684082
121.9242396,255079.7045,4208515.126,3773.687744
121.9525298,255079.6771,4208515.133,3773.69458
121.9808199,255079.6497,4208515.14,3773.69873
122.0091101,255079.6223,4208515.147,3773.702881
122.0374003,255079.5949,4208515.154,3773.706543
122.0656904,255079.5675,4208515.161,3773.715332
122.0939806,255079.5401,4208515.168,3773.719971
122.1222707,255079.5128,4208515.175,3773.724365
122.1505609,255079.4854,4208515.183,3773.729004
122.178851,255079.458,4208515.19,3773.73999
122.2071412,255079.4306,4208515.197,3773.744385
122.2354314,255079.4032,4208515.204,3773.749756
122.2637215,255079.3758,4208515.211,3773.762207
122.2920117,255079.3485,4208515.218,3773.768066
122.3203018,255079.3211,4208515.225,3773.773926
122.348592,255079.2937,4208515.232,3773.779053
122.3768821,255079.2663,4208515.239,3773.793457
122.4051723,255079.2389,4208515.246,3773.799561
122.4334625,255079.2115,4208515.254,3773.80542
122.4617526,255079.1841,4208515.261,3773.810547
122.4900428,255079.1568,4208515.268,3773.828369
122.5183329,255079.1294,4208515.275,3773.834473
122.5466231,255079.102,4208515.282,3773.839111
122.5749133,255079.0746,4208515.289,3773.843994
122.6032034,255079.0472,4208515.296,3773.860596
122.6314936,255079.0198,4208515.303,3773.863525
122.6597837,255078.9925,4208515.31,3773.866943
122.6880739,255078.9651,4208515.317,3773.870117
122.716364,255078.9377,4208515.325,3773.884277
122.7446542,255078.9103,4208515.332,3773.88501
122.7729444,255078.8829,4208515.339,3773.88501
122.8012345,255078.8555,4208515.346,3773.88501
122.8295247,255078.8281,4208515.353,3773.897217
122.8578148,255078.8008,4208515.36,3773.897217
122.886105,255078.7734,4208515.367,3773.896973
122.9143951,255078.746,4208515.374,3773.908447
122.9426853,255078.7186,4208515.381,3773.908447
122.9709755,255078.6912,4208515.388,3773.908447
122.9992656,255078.6638,4208515.396,3773.908203
123.0275558,255078.6365,4208515.403,3773.921143
123.0558459,255078.6091,4208515.41,3773.921143
123.0841361,255078.5817,4208515.417,3773.921143
123.1124262,255078.5543,4208515.424,3773.921143
123.1407164,255078.5269,4208515.431,3773.935303
123.1690066,255078.4995,4208515.438,3773.935303
123.1972967,255078.4721,4208515.445,3773.935059
123.2255869,255078.4448,4208515.452,3773.935059
123.253877,255078.4174,4208515.459,3773.94873
123.2821672,255078.39,4208515.467,3773.948486
123.3104574,255078.3626,4208515.474,3773.94751
123.3387475,255078.3352,4208515.481,3773.946045
123.3670377,255078.3078,4208515.488,3773.955322
123.3953278,255078.2804,4208515.495,3773.954834
123.423618,255078.2531,4208515.502,3773.95459
123.4519081,255078.2257,4208515.509,3773.954102
123.4801983,255078.1983,4208515.516,3773.9646
123.5084885,255078.1709,4208515.523,3773.964355
123.5367786,255078.1435,4208515.53,3773.9646
123.5650688,255078.1161,4208515.538,3773.9646
123.5933589,255078.0888,4208515.545,3773.973145
123.6216491,255078.0614,4208515.552,3773.973145
123.6499392,255078.034,4208515.559,3773.973145
123.6782294,255078.0066,4208515.566,3773.981445
123.7065196,255077.9792,4208515.573,3773.981445
123.7348097,255077.9518,4208515.58,3773.981445
123.7630999,255077.9244,4208515.587,3773.981445
123.79139,255077.8971,4208515.594,3773.989746
123.8196802,255077.8697,4208515.601,3773.98999
123.8479704,255077.8423,4208515.609,3773.990479
123.8762605,255077.8149,4208515.616,3773.991211
123.9045507,255077.7875,4208515.623,3774
123.9328408,255077.7601,4208515.63,3774.000488
123.961131,255077.7328,4208515.637,3774.001465
123.9894211,255077.7054,4208515.644,3774.002441
124.0177113,255077.678,4208515.651,3774.013428
124.0460015,255077.6506,4208515.658,3774.015869
124.0742916,255077.6232,4208515.665,3774.019531
124.1025818,255077.5958,4208515.672,3774.021729
124.1308719,255077.5684,4208515.68,3774.036377
124.1591621,255077.5411,4208515.687,3774.040527
124.1874522,255077.5137,4208515.694,3774.044678
124.2157424,255077.4863,4208515.701,3774.049072
124.2440326,255077.4589,4208515.708,3774.06543
124.2723227,255077.4315,4208515.715,3774.068848
124.3006129,255077.4041,4208515.722,3774.07251
124.328903,255077.3768,4208515.729,3774.075928
124.3571932,255077.3494,4208515.736,3774.091553
124.3854834,255077.322,4208515.743,3774.095215
124.4137735,255077.2946,4208515.751,3774.099121
124.4420637,255077.2672,4208515.758,3774.113525
124.4703538,255077.2398,4208515.765,3774.116455
124.498644,255077.2124,4208515.772,3774.119385
124.5269341,255077.1851,4208515.779,3774.122559
124.5552243,255077.1577,4208515.786,3774.135986
124.5835145,255077.1303,4208515.793,3774.138672
124.6118046,255077.1029,4208515.8,3774.14209
124.6400948,255077.0755,4208515.807,3774.145508
124.6683849,255077.0481,4208515.814,3774.157959
124.6966751,255077.0207,4208515.822,3774.161377
124.7249652,255076.9934,4208515.829,3774.165039
124.7532554,255076.966,4208515.836,3774.168457
124.7815456,255076.9386,4208515.843,3774.180664
124.8098357,255076.9112,4208515.85,3774.18457
124.8381259,255076.8838,4208515.857,3774.187988
124.866416,255076.8564,4208515.864,3774.19165
124.8947062,255076.8291,4208515.871,3774.202637
124.9229963,255076.8017,4208515.878,3774.206299
124.9512865,255076.7743,4208515.885,3774.209961
124.9795767,255076.7469,4208515.892,3774.213623
125.0078668,255076.7195,4208515.9,3774.225098
125.036157,255076.6921,4208515.907,3774.228516
125.0644471,255076.6647,4208515.914,3774.232178
125.0927373,255076.6374,4208515.921,3774.23584
125.1210275,255076.61,4208515.928,3774.247314
125.1493176,255076.5826,4208515.935,3774.250977
125.1776078,255076.5552,4208515.942,3774.255127
125.2058979,255076.5278,4208515.949,3774.267334
125.2341881,255076.5004,4208515.956,3774.271729
125.2624782,255076.4731,4208515.963,3774.275879
125.2907684,255076.4457,4208515.971,3774.280518
125.3190586,255076.4183,4208515.978,3774.295898
125.3473487,255076.3909,4208515.985,3774.30127
125.3756389,255076.3635,4208515.992,3774.307373
125.403929,255076.3361,4208515.999,3774.313721
125.4322192,255076.3087,4208516.006,3774.330566
125.4605093,255076.2814,4208516.013,3774.336914
125.4887995,255076.254,4208516.02,3774.343506
125.5170897,255076.2266,4208516.027,3774.351074
125.5453798,255076.1992,4208516.034,3774.370117
125.57367,255076.1718,4208516.042,3774.376221
125.6019601,255076.1444,4208516.049,3774.382813
125.6302503,255076.1171,4208516.056,3774.388916
125.6585405,255076.0897,4208516.063,3774.405762
125.6868306,255076.0623,4208516.07,3774.411133
125.7151208,255076.0349,4208516.077,3774.416992
125.7434109,255076.0075,4208516.084,3774.42334
125.7717011,255075.9801,4208516.091,3774.440186
125.7999912,255075.9527,4208516.098,3774.446289
125.8282814,255075.9254,4208516.105,3774.452637
125.8565716,255075.898,4208516.113,3774.458984
125.8848617,255075.8706,4208516.12,3774.477539
125.9131519,255075.8432,4208516.127,3774.483398
125.941442,255075.8158,4208516.134,3774.489502
125.9697322,255075.7884,4208516.141,3774.505371
125.9980223,255075.761,4208516.148,3774.510254
126.0263125,255075.7337,4208516.155,3774.51416
126.0546027,255075.7063,4208516.162,3774.518311
126.0828928,255075.6789,4208516.169,3774.530029
126.111183,255075.6515,4208516.176,3774.533447
126.1394731,255075.6241,4208516.184,3774.535889
126.1677633,255075.5967,4208516.191,3774.539063
126.1960535,255075.5694,4208516.198,3774.549072
126.2243436,255075.542,4208516.205,3774.552246
126.2526338,255075.5146,4208516.212,3774.554688
126.2809239,255075.4872,4208516.219,3774.558105
126.3092141,255075.4598,4208516.226,3774.567383
126.3375042,255075.4324,4208516.233,3774.570557
126.3657944,255075.405,4208516.24,3774.574463
126.3940846,255075.3777,4208516.247,3774.578125
126.4223747,255075.3503,4208516.255,3774.5896
126.4506649,255075.3229,4208516.262,3774.595459
126.478955,255075.2955,4208516.269,3774.602783
126.5072452,255075.2681,4208516.276,3774.612061
126.5355353,255075.2407,4208516.283,3774.62915
126.5638255,255075.2134,4208516.29,3774.640869
126.5921157,255075.186,4208516.297,3774.654541
126.6204058,255075.1586,4208516.304,3774.668213
126.648696,255075.1312,4208516.311,3774.691895
126.6769861,255075.1038,4208516.318,3774.707031
126.7052763,255075.0764,4208516.326,3774.722168
126.7335664,255075.049,4208516.333,3774.751221
126.7618566,255075.0217,4208516.34,3774.768311
126.7901468,255074.9943,4208516.347,3774.786377
126.8184369,255074.9669,4208516.354,3774.804199
126.8467271,255074.9395,4208516.361,3774.833252
126.8750172,255074.9121,4208516.368,3774.848145
126.9033074,255074.8847,4208516.375,3774.862793
126.9315976,255074.8574,4208516.382,3774.876953
126.9598877,255074.83,4208516.389,3774.902344
126.9881779,255074.8026,4208516.397,3774.913574
127.016468,255074.7752,4208516.404,3774.922852
127.0447582,255074.7478,4208516.411,3774.931152
127.0730483,255074.7204,4208516.418,3774.948486
127.1013385,255074.693,4208516.425,3774.954346
127.1296287,255074.6657,4208516.432,3774.960449
127.1579188,255074.6383,4208516.439,3774.967041
127.186209,255074.6109,4208516.446,3774.981445
127.2144991,255074.5835,4208516.453,3774.986328
127.2427893,255074.5561,4208516.46,3774.990967
127.2710794,255074.5287,4208516.468,3774.994873
127.2993696,255074.5013,4208516.475,3775.003906
127.3276598,255074.474,4208516.482,3775.006348
127.3559499,255074.4466,4208516.489,3775.008545
127.3842401,255074.4192,4208516.496,3775.010498
127.4125302,255074.3918,4208516.503,3775.015137
127.4408204,255074.3644,4208516.51,3775.016357
127.4691106,255074.337,4208516.517,3775.017334
127.4974007,255074.3097,4208516.524,3775.020264
127.5256909,255074.2823,4208516.531,3775.02124
127.553981,255074.2549,4208516.539,3775.022217
127.5822712,255074.2275,4208516.546,3775.023438
127.6105613,255074.2001,4208516.553,3775.026611
127.6388515,255074.1727,4208516.56,3775.02832
127.6671417,255074.1453,4208516.567,3775.030273
127.6954318,255074.118,4208516.574,3775.032715
127.723722,255074.0906,4208516.581,3775.038574
127.7520121,255074.0632,4208516.588,3775.04248
127.7803023,255074.0358,4208516.595,3775.047607
127.8085924,255074.0084,4208516.602,3775.054688
127.8368826,255073.981,4208516.61,3775.066162
127.8651728,255073.9537,4208516.617,3775.075439
127.8934629,255073.9263,4208516.624,3775.085205
127.9217531,255073.8989,4208516.631,3775.094727
127.9500432,255073.8715,4208516.638,3775.107422
127.9783334,255073.8441,4208516.645,3775.117188
128.0066236,255073.8167,4208516.652,3775.126709
128.0349137,255073.7893,4208516.659,3775.13623
128.0632039,255073.762,4208516.666,3775.149902
128.091494,255073.7346,4208516.673,3775.159668
128.1197842,255073.7072,4208516.681,3775.168945
128.1480743,255073.6798,4208516.688,3775.177979
128.1763645,255073.6524,4208516.695,3775.191406
128.2046547,255073.625,4208516.702,3775.198975
128.2329448,255073.5977,4208516.709,3775.205078
128.261235,255073.5703,4208516.716,3775.215088
128.2895251,255073.5429,4208516.723,3775.218994
128.3178153,255073.5155,4208516.73,3775.222168
128.3461054,255073.4881,4208516.737,3775.224854
128.3743956,255073.4607,4208516.744,3775.22998
128.4026858,255073.4333,4208516.752,3775.231689
128.4309759,255073.406,4208516.759,3775.233398
128.4592661,255073.3786,4208516.766,3775.234619
128.4875562,255073.3512,4208516.773,3775.237549
128.5158464,255073.3238,4208516.78,3775.238525
128.5441365,255073.2964,4208516.787,3775.239258
128.5724267,255073.269,4208516.794,3775.23999
128.6007169,255073.2416,4208516.801,3775.242188
128.629007,255073.2143,4208516.808,3775.24292
128.6572972,255073.1869,4208516.815,3775.243896
128.6855873,255073.1595,4208516.823,3775.244873
128.7138775,255073.1321,4208516.83,3775.248047
128.7421677,255073.1047,4208516.837,3775.249268
128.7704578,255073.0773,4208516.844,3775.250488
128.798748,255073.05,4208516.851,3775.251465
128.8270381,255073.0226,4208516.858,3775.256348
128.8553283,255072.9952,4208516.865,3775.257813
128.8836184,255072.9678,4208516.872,3775.259277
128.9119086,255072.9404,4208516.879,3775.260498
128.9401988,255072.913,4208516.886,3775.26709
128.9684889,255072.8856,4208516.894,3775.268555
128.9967791,255072.8583,4208516.901,3775.270508
129.0250692,255072.8309,4208516.908,3775.2771
129.0533594,255072.8035,4208516.915,3775.279297
129.0816495,255072.7761,4208516.922,3775.28125
129.1099397,255072.7487,4208516.929,3775.282959
129.1382299,255072.7213,4208516.936,3775.290527
129.16652,255072.694,4208516.943,3775.292969
129.1948102,255072.6666,4208516.95,3775.29541
129.2231003,255072.6392,4208516.957,3775.298096
129.2513905,255072.6118,4208516.965,3775.307129
129.2796807,255072.5844,4208516.972,3775.310791
129.3079708,255072.557,4208516.979,3775.314941
129.336261,255072.5296,4208516.986,3775.318848
129.3645511,255072.5023,4208516.993,3775.328125
129.3928413,255072.4749,4208517,3775.332031
129.4211314,255072.4475,4208517.007,3775.335938
129.4494216,255072.4201,4208517.014,3775.340332
129.4777118,255072.3927,4208517.021,3775.345215
129.5060019,255072.3653,4208517.028,3775.349121
129.5342921,255072.338,4208517.036,3775.353271
129.5625822,255072.3106,4208517.043,3775.357422
129.5908724,255072.2832,4208517.05,3775.361084
129.6191625,255072.2558,4208517.057,3775.365723
129.6474527,255072.2284,4208517.064,3775.370361
129.6757429,255072.201,4208517.071,3775.375244
129.704033,255072.1736,4208517.078,3775.377441
129.7323232,255072.1463,4208517.085,3775.381836
129.7606133,255072.1189,4208517.092,3775.385986
129.7889035,255072.0915,4208517.099,3775.38623
129.8171936,255072.0641,4208517.107,3775.389648
129.8454838,255072.0367,4208517.114,3775.393311
129.873774,255072.0093,4208517.121,3775.396484
129.9020641,255071.9819,4208517.128,3775.394043
129.9303543,255071.9546,4208517.135,3775.396484
129.9586444,255071.9272,4208517.142,3775.397949
129.9869346,255071.8998,4208517.149,3775.39917
130.0152248,255071.8724,4208517.156,3775.389648
130.0435149,255071.845,4208517.163,3775.388672
130.0718051,255071.8176,4208517.17,3775.387695
130.1000952,255071.7903,4208517.178,3775.386475
130.1283854,255071.7629,4208517.185,3775.374023
130.1566755,255071.7355,4208517.192,3775.372314
130.1849657,255071.7081,4208517.199,3775.370605
130.2132559,255071.6807,4208517.206,3775.369141
130.241546,255071.6533,4208517.213,3775.358154
130.2698362,255071.6259,4208517.22,3775.356934
130.2981263,255071.5986,4208517.227,3775.355957
130.3264165,255071.5712,4208517.234,3775.355713
130.3547066,255071.5438,4208517.241,3775.348389
130.3829968,255071.5164,4208517.249,3775.348877
130.411287,255071.489,4208517.256,3775.350098
130.4395771,255071.4616,4208517.263,3775.345215
130.4678673,255071.4343,4208517.27,3775.348145
130.4961574,255071.4069,4208517.277,3775.351563
130.5244476,255071.3795,4208517.284,3775.355957
130.5527378,255071.3521,4208517.291,3775.353271
130.5810279,255071.3247,4208517.298,3775.358887
130.6093181,255071.2973,4208517.305,3775.366699
130.6376082,255071.2699,4208517.312,3775.376709
130.6658984,255071.2426,4208517.32,3775.378174
130.6941885,255071.2152,4208517.327,3775.390137
130.7224787,255071.1878,4208517.334,3775.401611
130.7507689,255071.1604,4208517.341,3775.412598
130.779059,255071.133,4208517.348,3775.415283
130.8073492,255071.1056,4208517.355,3775.42627
130.8356393,255071.0783,4208517.362,3775.4375
130.8639295,255071.0509,4208517.369,3775.447754
130.8922196,255071.0235,4208517.376,3775.451172
130.9205098,255070.9961,4208517.383,3775.460693
130.9488,255070.9687,4208517.391,3775.468994
130.9770901,255070.9413,4208517.398,3775.476563
131.0053803,255070.9139,4208517.405,3775.480469
131.0336704,255070.8866,4208517.412,3775.48877
131.0619606,255070.8592,4208517.419,3775.49707
131.0902508,255070.8318,4208517.426,3775.504639
131.1185409,255070.8044,4208517.433,3775.51001
131.1468311,255070.777,4208517.44,3775.518066
131.1751212,255070.7496,4208517.447,3775.5271
131.2034114,255070.7222,4208517.454,3775.533203
131.2317015,255070.6949,4208517.462,3775.541748
131.2599917,255070.6675,4208517.469,3775.550537
131.2882819,255070.6401,4208517.476,3775.559326
131.316572,255070.6127,4208517.483,3775.564697
131.3448622,255070.5853,4208517.49,3775.57251
131.3731523,255070.5579,4208517.497,3775.580078
131.4014425,255070.5306,4208517.504,3775.587646
131.4297326,255070.5032,4208517.511,3775.591064
131.4580228,255070.4758,4208517.518,3775.597412
131.486313,255070.4484,4208517.525,3775.604004
131.5146031,255070.421,4208517.533,3775.610596
131.5428933,255070.3936,4208517.54,3775.613525
131.5711834,255070.3662,4208517.547,3775.619873
131.5994736,255070.3389,4208517.554,3775.626709
131.6277637,255070.3115,4208517.561,3775.633789
131.6560539,255070.2841,4208517.568,3775.636963
131.6843441,255070.2567,4208517.575,3775.64502
131.7126342,255070.2293,4208517.582,3775.654785
131.7409244,255070.2019,4208517.589,3775.665527
131.7692145,255070.1746,4208517.596,3775.67041
131.7975047,255070.1472,4208517.604,3775.681396
131.8257949,255070.1198,4208517.611,3775.692627
131.854085,255070.0924,4208517.618,3775.705322
131.8823752,255070.065,4208517.625,3775.709961
131.9106653,255070.0376,4208517.632,3775.721191
131.9389555,255070.0102,4208517.639,3775.731934
131.9672456,255069.9829,4208517.646,3775.734131
131.9955358,255069.9555,4208517.653,3775.743652
132.023826,255069.9281,4208517.66,3775.753174
132.0521161,255069.9007,4208517.667,3775.762939
132.0804063,255069.8733,4208517.675,3775.76416
132.1086964,255069.8459,4208517.682,3775.772461
132.1369866,255069.8185,4208517.689,3775.780029
132.1652767,255069.7912,4208517.696,3775.78833
132.1935669,255069.7638,4208517.703,3775.789063
132.2218571,255069.7364,4208517.71,3775.796875
132.2501472,255069.709,4208517.717,3775.804688
132.2784374,255069.6816,4208517.724,3775.812256
132.3067275,255069.6542,4208517.731,3775.812988
132.3350177,255069.6269,4208517.738,3775.819092
132.3633079,255069.5995,4208517.746,3775.824707
132.391598,255069.5721,4208517.753,3775.829834
132.4198882,255069.5447,4208517.76,3775.829834
132.4481783,255069.5173,4208517.767,3775.834961
132.4764685,255069.4899,4208517.774,3775.840088
132.5047586,255069.4625,4208517.781,3775.845215
132.5330488,255069.4352,4208517.788,3775.845215
132.561339,255069.4078,4208517.795,3775.850342
132.5896291,255069.3804,4208517.802,3775.855713
132.6179193,255069.353,4208517.809,3775.86084
132.6462094,255069.3256,4208517.817,3775.862061
132.6744996,255069.2982,4208517.824,3775.867432
132.7027897,255069.2709,4208517.831,3775.873535
132.7310799,255069.2435,4208517.838,3775.875732
132.7593701,255069.2161,4208517.845,3775.883301
132.7876602,255069.1887,4208517.852,3775.891846
132.8159504,255069.1613,4208517.859,3775.901611
132.8442405,255069.1339,4208517.866,3775.905762
132.8725307,255069.1065,4208517.873,3775.916748
132.9008209,255069.0792,4208517.88,3775.927246
132.929111,255069.0518,4208517.888,3775.936523
132.9574012,255069.0244,4208517.895,3775.94165
132.9856913,255068.997,4208517.902,3775.950195
133.0139815,255068.9696,4208517.909,3775.958252
133.0422716,255068.9422,4208517.916,3775.966064
133.0705618,255068.9149,4208517.923,3775.971191
133.098852,255068.8875,4208517.93,3775.977783
133.1271421,255068.8601,4208517.937,3775.983887
133.1554323,255068.8327,4208517.944,3775.989258
133.1837224,255068.8053,4208517.951,3775.992188
133.2120126,255068.7779,4208517.959,3775.99585
133.2403027,255068.7505,4208517.966,3775.999023
133.2685929,255068.7232,4208517.973,3776.002197
133.2968831,255068.6958,4208517.98,3776.003662
133.3251732,255068.6684,4208517.987,3776.006104
133.3534634,255068.641,4208517.994,3776.008545
133.3817535,255068.6136,4208518.001,3776.010986
133.4100437,255068.5862,4208518.008,3776.011963
133.4383338,255068.5588,4208518.015,3776.014404
133.466624,255068.5315,4208518.022,3776.016846
133.4949142,255068.5041,4208518.03,3776.018311
133.5232043,255068.4767,4208518.037,3776.020996
133.5514945,255068.4493,4208518.044,3776.023682
133.5797846,255068.4219,4208518.051,3776.026611
133.6080748,255068.3945,4208518.058,3776.028564
133.636365,255068.3672,4208518.065,3776.031738
133.6646551,255068.3398,4208518.072,3776.034912
133.6929453,255068.3124,4208518.079,3776.03833
133.7212354,255068.285,4208518.086,3776.040771
133.7495256,255068.2576,4208518.093,3776.044678
133.7778157,255068.2302,4208518.101,3776.048584
133.8061059,255068.2028,4208518.108,3776.052979
133.8343961,255068.1755,4208518.115,3776.057373
133.8626862,255068.1481,4208518.122,3776.062256
133.8909764,255068.1207,4208518.129,3776.068359
133.9192665,255068.0933,4208518.136,3776.074707
133.9475567,255068.0659,4208518.143,3776.07959
133.9758468,255068.0385,4208518.15,3776.085693
134.004137,255068.0112,4208518.157,3776.091309
134.0324272,255067.9838,4208518.164,3776.097168
134.0607173,255067.9564,4208518.172,3776.101318
134.0890075,255067.929,4208518.179,3776.106934
134.1172976,255067.9016,4208518.186,3776.112305
134.1455878,255067.8742,4208518.193,3776.117188
134.173878,255067.8468,4208518.2,3776.119873
134.2021681,255067.8195,4208518.207,3776.124756
134.2304583,255067.7921,4208518.214,3776.129639
134.2587484,255067.7647,4208518.221,3776.131592
134.2870386,255067.7373,4208518.228,3776.136475
134.3153287,255067.7099,4208518.235,3776.141357
134.3436189,255067.6825,4208518.243,3776.145996
134.3719091,255067.6552,4208518.25,3776.147217
134.4001992,255067.6278,4208518.257,3776.151367
134.4284894,255067.6004,4208518.264,3776.155029
134.4606579,255067.5835,4208518.236,3776.158447
134.4928265,255067.5667,4208518.209,3776.159424
134.5249951,255067.5498,4208518.182,3776.159912
134.5571636,255067.5329,4208518.154,3776.160156
134.5893322,255067.5161,4208518.127,3776.160156
134.6215008,255067.4992,4208518.099,3776.1604
134.6536693,255067.4824,4208518.072,3776.1604
134.6858379,255067.4655,4208518.045,3776.1604
134.7180064,255067.4486,4208518.017,3776.159668
134.750175,255067.4318,4208517.99,3776.157715
134.7823436,255067.4149,4208517.962,3776.155273
134.8145121,255067.3981,4208517.935,3776.147705
134.8466807,255067.3812,4208517.908,3776.142334
134.8788493,255067.3643,4208517.88,3776.129639
134.9110178,255067.3475,4208517.853,3776.11499
134.9431864,255067.3306,4208517.825,3776.106201
134.9753549,255067.3138,4208517.798,3776.090332
135.0075235,255067.2969,4208517.771,3776.077148
135.0396921,255067.2801,4208517.743,3776.070801
135.0718606,255067.2632,4208517.716,3776.060303
135.1040292,255067.2463,4208517.688,3776.056396
135.1361978,255067.2295,4208517.661,3776.04834
135.1683663,255067.2126,4208517.634,3776.04126
135.2005349,255067.1958,4208517.606,3776.038574
135.2327035,255067.1789,4208517.579,3776.03125
135.264872,255067.162,4208517.552,3776.028564
135.2970406,255067.1452,4208517.524,3776.02002
135.3292091,255067.1283,4208517.497,3776.009277
135.3613777,255067.1115,4208517.469,3776.004639
135.3935463,255067.0946,4208517.442,3775.991211
135.4257148,255067.0777,4208517.415,3775.975586
135.4578834,255067.0609,4208517.387,3775.968994
135.490052,255067.044,4208517.36,3775.951172
135.5222205,255067.0272,4208517.332,3775.943604
135.5543891,255067.0103,4208517.305,3775.927979
135.5865577,255066.9934,4208517.278,3775.913574
135.6187262,255066.9766,4208517.25,3775.907227
135.6508948,255066.9597,4208517.223,3775.894287
135.6830633,255066.9429,4208517.195,3775.888916
135.7152319,255066.926,4208517.168,3775.875977
135.7474005,255066.9091,4208517.141,3775.863525
135.779569,255066.8923,4208517.113,3775.85791
135.8117376,255066.8754,4208517.086,3775.842285
135.8439062,255066.8586,4208517.058,3775.823486
135.8760747,255066.8417,4208517.031,3775.815674
135.9082433,255066.8248,4208517.004,3775.79541
135.9404118,255066.808,4208516.976,3775.787354
135.9725804,255066.7911,4208516.949,3775.763916
136.004749,255066.7743,4208516.921,3775.73999
136.0369175,255066.7574,4208516.894,3775.72998
136.0690861,255066.7405,4208516.867,3775.707764
136.1012547,255066.7237,4208516.839,3775.69873
136.1334232,255066.7068,4208516.812,3775.678467
136.1655918,255066.69,4208516.784,3775.659668
136.1977604,255066.6731,4208516.757,3775.652344
136.2299289,255066.6563,4208516.73,3775.638428
136.2620975,255066.6394,4208516.702,3775.631348
136.294266,255066.6225,4208516.675,3775.630859
136.3264346,255066.6057,4208516.647,3775.62793
136.3586032,255066.5888,4208516.62,3775.628418
136.3907717,255066.572,4208516.593,3775.626709
136.4229403,255066.5551,4208516.565,3775.626221
136.4551089,255066.5382,4208516.538,3775.62793
136.4872774,255066.5214,4208516.51,3775.628906
136.519446,255066.5045,4208516.483,3775.631348
136.5516146,255066.4877,4208516.456,3775.634277
136.5837831,255066.4708,4208516.428,3775.642822
136.6159517,255066.4539,4208516.401,3775.656006
136.6481202,255066.4371,4208516.373,3775.689697
136.6802888,255066.4202,4208516.346,3775.731445
136.7124574,255066.4034,4208516.319,3775.759033
136.7446259,255066.3865,4208516.291,3775.799072
136.7767945,255066.3696,4208516.264,3775.818848
136.8089631,255066.3528,4208516.236,3775.85083
136.8411316,255066.3359,4208516.209,3775.873291
136.8733002,255066.3191,4208516.182,3775.882568
136.9054687,255066.3022,4208516.154,3775.895752
136.9376373,255066.2853,4208516.127,3775.900635
136.9698059,255066.2685,4208516.099,3775.907471
137.0019744,255066.2516,4208516.072,3775.912109
137.034143,255066.2348,4208516.045,3775.914307
137.0663116,255066.2179,4208516.017,3775.916748
137.0984801,255066.201,4208515.99,3775.916992
137.1306487,255066.1842,4208515.963,3775.916992
137.1628173,255066.1673,4208515.935,3775.916992
137.1949858,255066.1505,4208515.908,3775.916748
137.2271544,255066.1336,4208515.88,3775.913818
137.2593229,255066.1167,4208515.853,3775.908936
137.2914915,255066.0999,4208515.826,3775.904785
137.3236601,255066.083,4208515.798,3775.896484
137.3558286,255066.0662,4208515.771,3775.890625
137.3879972,255066.0493,4208515.743,3775.880127
137.4201658,255066.0325,4208515.716,3775.869141
137.4523343,255066.0156,4208515.689,3775.858398
137.4845029,255065.9987,4208515.661,3775.843018
137.5166715,255065.9819,4208515.634,3775.825684
137.54884,255065.965,4208515.606,3775.80957
137.5810086,255065.9482,4208515.579,3775.79248
137.6131771,255065.9313,4208515.552,3775.775391
137.6453457,255065.9144,4208515.524,3775.756836
137.6775143,255065.8976,4208515.497,3775.737793
137.7096828,255065.8807,4208515.469,3775.718018
137.7418514,255065.8639,4208515.442,3775.69751
137.77402,255065.847,4208515.415,3775.676514
137.8061885,255065.8301,4208515.387,3775.656738
137.8383571,255065.8133,4208515.36,3775.63501
137.8705257,255065.7964,4208515.332,3775.614746
137.9026942,255065.7796,4208515.305,3775.595703
137.9348628,255065.7627,4208515.278,3775.577148
137.9670313,255065.7458,4208515.25,3775.561279
137.9991999,255065.729,4208515.223,3775.545898
138.0313685,255065.7121,4208515.195,3775.530518
138.063537,255065.6953,4208515.168,3775.516602
138.0957056,255065.6784,4208515.141,3775.501709
138.1278742,255065.6615,4208515.113,3775.489258
138.1600427,255065.6447,4208515.086,3775.472656
138.1922113,255065.6278,4208515.058,3775.455078
138.2243798,255065.611,4208515.031,3775.443115
138.2565484,255065.5941,4208515.004,3775.42749
138.288717,255065.5772,4208514.976,3775.417725
138.3208855,255065.5604,4208514.949,3775.402832
138.3530541,255065.5435,4208514.921,3775.385986
138.3852227,255065.5267,4208514.894,3775.375732
138.4173912,255065.5098,4208514.867,3775.352295
138.4495598,255065.4929,4208514.839,3775.340088
138.4817284,255065.4761,4208514.812,3775.312988
138.5138969,255065.4592,4208514.784,3775.285889
138.5460655,255065.4424,4208514.757,3775.273438
138.578234,255065.4255,4208514.73,3775.246338
138.6104026,255065.4087,4208514.702,3775.221191
138.6425712,255065.3918,4208514.675,3775.211426
138.6747397,255065.3749,4208514.647,3775.19165
138.7069083,255065.3581,4208514.62,3775.183105
138.7390769,255065.3412,4208514.593,3775.165283
138.7712454,255065.3244,4208514.565,3775.149414
138.803414,255065.3075,4208514.538,3775.143066
138.8355826,255065.2906,4208514.51,3775.128418
138.8677511,255065.2738,4208514.483,3775.122314
138.8999197,255065.2569,4208514.456,3775.110352
138.9320882,255065.2401,4208514.428,3775.099854
138.9642568,255065.2232,4208514.401,3775.094727
138.9964254,255065.2063,4208514.373,3775.085205
139.0285939,255065.1895,4208514.346,3775.075684
139.0607625,255065.1726,4208514.319,3775.070557
139.0929311,255065.1558,4208514.291,3775.059326
139.1250996,255065.1389,4208514.264,3775.052246
139.1572682,255065.122,4208514.237,3775.038086
139.1894367,255065.1052,4208514.209,3775.020508
139.2216053,255065.0883,4208514.182,3775.008301
139.2537739,255065.0715,4208514.154,3774.984131
139.2859424,255065.0546,4208514.127,3774.970215
139.318111,255065.0377,4208514.1,3774.944824
139.3502796,255065.0209,4208514.072,3774.92041
139.3824481,255065.004,4208514.045,3774.90625
139.4146167,255064.9872,4208514.017,3774.884521
139.4467853,255064.9703,4208513.99,3774.865479
139.4789538,255064.9534,4208513.963,3774.85498
139.5111224,255064.9366,4208513.935,3774.835449
139.5432909,255064.9197,4208513.908,3774.824219
139.5754595,255064.9029,4208513.88,3774.803467
139.6076281,255064.886,4208513.853,3774.779297
139.6397966,255064.8691,4208513.826,3774.765869
139.6719652,255064.8523,4208513.798,3774.739014
139.7041338,255064.8354,4208513.771,3774.724365
139.7363023,255064.8186,4208513.743,3774.694336
139.7684709,255064.8017,4208513.716,3774.666992
139.8006395,255064.7849,4208513.689,3774.651611
139.832808,255064.768,4208513.661,3774.627197
139.8649766,255064.7511,4208513.634,3774.604248
139.8971451,255064.7343,4208513.606,3774.591553
139.9293137,255064.7174,4208513.579,3774.572266
139.9614823,255064.7006,4208513.552,3774.561279
139.9936508,255064.6837,4208513.524,3774.545654
140.0258194,255064.6668,4208513.497,3774.530762
140.057988,255064.65,4208513.469,3774.522949
140.0901565,255064.6331,4208513.442,3774.516113
140.1223251,255064.6163,4208513.415,3774.51001
140.1544936,255064.5994,4208513.387,3774.502686
140.1866622,255064.5825,4208513.36,3774.496338
140.2188308,255064.5657,4208513.332,3774.487793
140.2509993,255064.5488,4208513.305,3774.481445
140.2831679,255064.532,4208513.278,3774.476563
140.3153365,255064.5151,4208513.25,3774.467529
140.347505,255064.4982,4208513.223,3774.463623
140.3796736,255064.4814,4208513.195,3774.455078
140.4118422,255064.4645,4208513.168,3774.452148
140.4440107,255064.4477,4208513.141,3774.450928
140.4761793,255064.4308,4208513.113,3774.442871
140.5083478,255064.4139,4208513.086,3774.443115
140.5405164,255064.3971,4208513.058,3774.435303
140.572685,255064.3802,4208513.031,3774.436279
140.6048535,255064.3634,4208513.004,3774.438965
140.6370221,255064.3465,4208512.976,3774.429932
140.6691907,255064.3296,4208512.949,3774.430664
140.7013592,255064.3128,4208512.921,3774.430176
140.7335278,255064.2959,4208512.894,3774.419678
140.7656964,255064.2791,4208512.867,3774.41626
140.7978649,255064.2622,4208512.839,3774.404785
140.8300335,255064.2453,4208512.812,3774.400635
140.862202,255064.2285,4208512.784,3774.393799
140.8943706,255064.2116,4208512.757,3774.380127
140.9265392,255064.1948,4208512.73,3774.369141
140.9587077,255064.1779,4208512.702,3774.349365
140.9908763,255064.1611,4208512.675,3774.32959
141.0230449,255064.1442,4208512.648,3774.308105
141.0552134,255064.1273,4208512.62,3774.27832
141.087382,255064.1105,4208512.593,3774.244629
141.1195505,255064.0936,4208512.565,3774.217529
141.1517191,255064.0768,4208512.538,3774.188965
141.1838877,255064.0599,4208512.511,3774.177734
141.2160562,255064.043,4208512.483,3774.157227
141.2482248,255064.0262,4208512.456,3774.152588
141.2803934,255064.0093,4208512.428,3774.150391
141.3125619,255063.9925,4208512.401,3774.135254
141.3447305,255063.9756,4208512.374,3774.137451
141.3768991,255063.9587,4208512.346,3774.126465
141.4090676,255063.9419,4208512.319,3774.133057
141.4412362,255063.925,4208512.291,3774.140869
141.4734047,255063.9082,4208512.264,3774.134766
141.5055733,255063.8913,4208512.237,3774.148193
141.5377419,255063.8744,4208512.209,3774.164551
141.5699104,255063.8576,4208512.182,3774.16333
141.602079,255063.8407,4208512.154,3774.193115
141.6342476,255063.8239,4208512.127,3774.200928
141.6664161,255063.807,4208512.1,3774.240479
141.6985847,255063.7901,4208512.072,3774.278076
141.7307533,255063.7733,4208512.045,3774.284668
141.7629218,255063.7564,4208512.017,3774.315674
141.7950904,255063.7396,4208511.99,3774.319824
141.8272589,255063.7227,4208511.963,3774.344238
141.8594275,255063.7058,4208511.935,3774.365723
141.8915961,255063.689,4208511.908,3774.366943
141.9237646,255063.6721,4208511.88,3774.385986
141.9559332,255063.6553,4208511.853,3774.405273
141.9881018,255063.6384,4208511.826,3774.409668
142.0202703,255063.6215,4208511.798,3774.42749
142.0524389,255063.6047,4208511.771,3774.430664
142.0846074,255063.5878,4208511.743,3774.449707
142.116776,255063.571,4208511.716,3774.468262
142.1489446,255063.5541,4208511.689,3774.473145
142.1811131,255063.5373,4208511.661,3774.491943
142.2132817,255063.5204,4208511.634,3774.510986
142.2454503,255063.5035,4208511.606,3774.516113
142.2776188,255063.4867,4208511.579,3774.534668
142.3097874,255063.4698,4208511.552,3774.540771
142.341956,255063.453,4208511.524,3774.5625
142.3741245,255063.4361,4208511.497,3774.587891
142.4062931,255063.4192,4208511.469,3774.596436
142.4384616,255063.4024,4208511.442,3774.623535
142.4706302,255063.3855,4208511.415,3774.634521
142.5027988,255063.3687,4208511.387,3774.665283
142.5349673,255063.3518,4208511.36,3774.695313
142.5671359,255063.3349,4208511.332,3774.707275
142.5993045,255063.3181,4208511.305,3774.737793
142.631473,255063.3012,4208511.278,3774.765381
142.6636416,255063.2844,4208511.25,3774.774902
142.6958102,255063.2675,4208511.223,3774.797852
142.7248285,255063.2401,4208511.232,3774.812012
142.7538468,255063.2127,4208511.242,3774.820557
142.7828651,255063.1853,4208511.252,3774.836182
142.8118834,255063.1579,4208511.261,3774.851318
142.8409018,255063.1305,4208511.271,3774.860596
142.8699201,255063.1031,4208511.28,3774.875488
142.8989384,255063.0757,4208511.29,3774.88916
142.9279567,255063.0483,4208511.299,3774.896973
142.956975,255063.0209,4208511.309,3774.908203
142.9859934,255062.9935,4208511.318,3774.918701
143.0150117,255062.9661,4208511.328,3774.924072
143.04403,255062.9387,4208511.338,3774.932617
143.0730483,255062.9113,4208511.347,3774.940674
143.1020666,255062.8839,4208511.357,3774.946533
143.131085,255062.8565,4208511.366,3774.955078
143.1601033,255062.8291,4208511.376,3774.963867
143.1891216,255062.8017,4208511.385,3774.970215
143.2181399,255062.7743,4208511.395,3774.980225
143.2471582,255062.7469,4208511.404,3774.990723
143.2761766,255062.7195,4208511.414,3774.998535
143.3051949,255062.6921,4208511.424,3775.009277
143.3342132,255062.6647,4208511.433,3775.018066
143.3632315,255062.6373,4208511.443,3775.029053
143.3922499,255062.6099,4208511.452,3775.039795
143.4212682,255062.5825,4208511.462,3775.049561
143.4502865,255062.5551,4208511.471,3775.061035
143.4793048,255062.5277,4208511.481,3775.071533
143.5083231,255062.5003,4208511.491,3775.081787
143.5373415,255062.4729,4208511.5,3775.094482
143.5663598,255062.4455,4208511.51,3775.105713
143.5953781,255062.4181,4208511.519,3775.119873
143.6243964,255062.3907,4208511.529,3775.134277
143.6534147,255062.3633,4208511.538,3775.149414
143.6824331,255062.3359,4208511.548,3775.165039
143.7114514,255062.3085,4208511.557,3775.178467
143.7404697,255062.2811,4208511.567,3775.190674
143.769488,255062.2537,4208511.577,3775.204346
143.7985063,255062.2263,4208511.586,3775.21582
143.8275247,255062.1989,4208511.596,3775.225342
143.856543,255062.1715,4208511.605,3775.234863
143.8855613,255062.1441,4208511.615,3775.243652
143.9145796,255062.1167,4208511.624,3775.252197
143.943598,255062.0893,4208511.634,3775.260986
143.9726163,255062.0619,4208511.643,3775.269043
144.0016346,255062.0345,4208511.653,3775.277344
144.0306529,255062.0071,4208511.663,3775.2854
144.0596712,255061.9797,4208511.672,3775.293457
144.0886896,255061.9523,4208511.682,3775.301758
144.1177079,255061.9249,4208511.691,3775.309326
144.1467262,255061.8975,4208511.701,3775.31665
144.1757445,255061.8701,4208511.71,3775.325195
144.2047628,255061.8427,4208511.72,3775.331299
144.2337812,255061.8153,4208511.729,3775.338379
144.2627995,255061.7879,4208511.739,3775.34668
144.2918178,255061.7606,4208511.749,3775.354004
144.3208361,255061.7332,4208511.758,3775.361816
144.3498544,255061.7058,4208511.768,3775.374268
144.3788728,255061.6784,4208511.777,3775.385742
144.4078911,255061.651,4208511.787,3775.397705
144.4369094,255061.6236,4208511.796,3775.415527
144.4659277,255061.5962,4208511.806,3775.428711
144.494946,255061.5688,4208511.815,3775.440918
144.5239644,255061.5414,4208511.825,3775.462158
144.5529827,255061.514,4208511.835,3775.47583
144.582001,255061.4866,4208511.844,3775.496094
144.6110193,255061.4592,4208511.854,3775.508789
144.6400377,255061.4318,4208511.863,3775.521729
144.669056,255061.4044,4208511.873,3775.540039
144.6980743,255061.377,4208511.882,3775.551758
144.7270926,255061.3496,4208511.892,3775.562988
144.7561109,255061.3222,4208511.901,3775.580566
144.7851293,255061.2948,4208511.911,3775.591797
144.8141476,255061.2674,4208511.921,3775.602539
144.8431659,255061.24,4208511.93,3775.623047
144.8721842,255061.2126,4208511.94,3775.635498
144.9012025,255061.1852,4208511.949,3775.647461
144.9302209,255061.1578,4208511.959,3775.671387
144.9592392,255061.1304,4208511.968,3775.683594
144.9882575,255061.103,4208511.978,3775.695068
145.0172758,255061.0756,4208511.988,3775.717773
145.0462941,255061.0482,4208511.997,3775.727295
145.0753125,255061.0208,4208512.007,3775.73584
145.1043308,255060.9934,4208512.016,3775.756104
145.1333491,255060.966,4208512.026,3775.763428
145.1623674,255060.9386,4208512.035,3775.784912
145.1913857,255060.9112,4208512.045,3775.792236
145.2204041,255060.8838,4208512.054,3775.799805
145.2494224,255060.8564,4208512.064,3775.821289
145.2784407,255060.829,4208512.074,3775.828125
145.307459,255060.8016,4208512.083,3775.83374
145.3364774,255060.7742,4208512.093,3775.855225
145.3654957,255060.7468,4208512.102,3775.859863
145.394514,255060.7194,4208512.112,3775.865479
145.4235323,255060.692,4208512.121,3775.88623
145.4525506,255060.6646,4208512.131,3775.892822
145.481569,255060.6372,4208512.14,3775.898682
145.5105873,255060.6098,4208512.15,3775.918701
145.5396056,255060.5824,4208512.16,3775.924316
145.5686239,255060.555,4208512.169,3775.930908
145.5976422,255060.5276,4208512.179,3775.950439
145.6266606,255060.5002,4208512.188,3775.956543
145.6556789,255060.4728,4208512.198,3775.962891
145.6846972,255060.4454,4208512.207,3775.979248
145.7137155,255060.418,4208512.217,3775.984619
145.7427338,255060.3906,4208512.226,3775.990479
145.7717522,255060.3632,4208512.236,3776.004883
145.8007705,255060.3358,4208512.246,3776.009766
145.8297888,255060.3084,4208512.255,3776.022949
145.8588071,255060.281,4208512.265,3776.030518
145.8878255,255060.2536,4208512.274,3776.037598
145.9168438,255060.2262,4208512.284,3776.052979
145.9458621,255060.1988,4208512.293,3776.060547
145.9748804,255060.1714,4208512.303,3776.068115
146.0038987,255060.144,4208512.312,3776.083008
146.0329171,255060.1166,4208512.322,3776.09082
146.0619354,255060.0892,4208512.332,3776.098633
146.0909537,255060.0618,4208512.341,3776.112549
146.119972,255060.0344,4208512.351,3776.119141
146.1489903,255060.007,4208512.36,3776.125732
146.1780087,255059.9796,4208512.37,3776.139404
146.207027,255059.9522,4208512.379,3776.14624
146.2360453,255059.9248,4208512.389,3776.152832
146.2650636,255059.8974,4208512.398,3776.165283
146.2940819,255059.87,4208512.408,3776.171387
146.3231003,255059.8426,4208512.418,3776.17749
146.3521186,255059.8152,4208512.427,3776.19043
146.3811369,255059.7878,4208512.437,3776.196289
146.4101552,255059.7604,4208512.446,3776.209961
146.4391735,255059.733,4208512.456,3776.21582
146.4681919,255059.7056,4208512.465,3776.220947
146.4972102,255059.6782,4208512.475,3776.235352
146.5262285,255059.6508,4208512.485,3776.240479
146.5552468,255059.6234,4208512.494,3776.245605
146.5842652,255059.596,4208512.504,3776.258545
146.6132835,255059.5686,4208512.513,3776.262939
146.6423018,255059.5412,4208512.523,3776.267334
146.6713201,255059.5138,4208512.532,3776.279541
146.7003384,255059.4864,4208512.542,3776.283203
146.7293568,255059.459,4208512.551,3776.287109
146.7583751,255059.4316,4208512.561,3776.297852
146.7873934,255059.4042,4208512.571,3776.301025
146.8164117,255059.3768,4208512.58,3776.304688
146.84543,255059.3494,4208512.59,3776.314209
146.8744484,255059.322,4208512.599,3776.318115
146.9034667,255059.2946,4208512.609,3776.322021
146.932485,255059.2672,4208512.618,3776.333252
146.9615033,255059.2398,4208512.628,3776.338379
146.9905216,255059.2124,4208512.637,3776.351807
147.01954,255059.185,4208512.647,3776.357422
147.0485583,255059.1576,4208512.657,3776.364014
147.0775766,255059.1302,4208512.666,3776.380127
147.1065949,255059.1028,4208512.676,3776.387451
147.1356132,255059.0754,4208512.685,3776.394775
147.1646316,255059.048,4208512.695,3776.414551
147.1936499,255059.0206,4208512.704,3776.422607
147.2226682,255058.9932,4208512.714,3776.43042
147.2516865,255058.9658,4208512.723,3776.448975
147.2807049,255058.9384,4208512.733,3776.45752
147.3097232,255058.911,4208512.743,3776.466064
147.3387415,255058.8836,4208512.752,3776.485107
147.3677598,255058.8562,4208512.762,3776.492676
147.3967781,255058.8288,4208512.771,3776.499756
147.4257965,255058.8014,4208512.781,3776.516113
147.4548148,255058.774,4208512.79,3776.522705
147.4838331,255058.7466,4208512.8,3776.529053
147.5128514,255058.7192,4208512.809,3776.543701
147.5418697,255058.6919,4208512.819,3776.549316
147.5708881,255058.6645,4208512.829,3776.554932
147.5999064,255058.6371,4208512.838,3776.565918
147.6289247,255058.6097,4208512.848,3776.570068
147.657943,255058.5823,4208512.857,3776.579834
147.6869613,255058.5549,4208512.867,3776.583008
147.7159797,255058.5275,4208512.876,3776.586426
147.744998,255058.5001,4208512.886,3776.594727
147.7740163,255058.4727,4208512.896,3776.597656
147.8030346,255058.4453,4208512.905,3776.601074
147.8320529,255058.4179,4208512.915,3776.609619
147.8610713,255058.3905,4208512.924,3776.613525
147.8900896,255058.3631,4208512.934,3776.617188
147.9191079,255058.3357,4208512.943,3776.626465
147.9481262,255058.3083,4208512.953,3776.631104
147.9771446,255058.2809,4208512.962,3776.635742
148.0061629,255058.2535,4208512.972,3776.644775
148.0351812,255058.2261,4208512.982,3776.648926
148.0641995,255058.1987,4208512.991,3776.65332
148.0932178,255058.1713,4208513.001,3776.662109
148.1222362,255058.1439,4208513.01,3776.666016
148.1512545,255058.1165,4208513.02,3776.669922
148.1802728,255058.0891,4208513.029,3776.678223
148.2092911,255058.0617,4208513.039,3776.681641
148.2383094,255058.0343,4208513.048,3776.689941
148.2673278,255058.0069,4208513.058,3776.693115
148.2963461,255057.9795,4208513.068,3776.696289
148.3253644,255057.9521,4208513.077,3776.70459
148.3543827,255057.9247,4208513.087,3776.707275
148.383401,255057.8973,4208513.096,3776.709961
148.4124194,255057.8699,4208513.106,3776.71875
148.4414377,255057.8425,4208513.115,3776.72168
148.470456,255057.8151,4208513.125,3776.725098
148.4994743,255057.7877,4208513.134,3776.734863
148.5284927,255057.7603,4208513.144,3776.737793
148.557511,255057.7329,4208513.154,3776.741211
148.5865293,255057.7055,4208513.163,3776.752441
148.6155476,255057.6781,4208513.173,3776.755859
148.6445659,255057.6507,4208513.182,3776.758545
148.6735843,255057.6233,4208513.192,3776.770508
148.7026026,255057.5959,4208513.201,3776.773682
148.7316209,255057.5685,4208513.211,3776.776367
148.7606392,255057.5411,4208513.22,3776.788086
148.7896575,255057.5137,4208513.23,3776.791016
148.8186759,255057.4863,4208513.24,3776.803711
148.8476942,255057.4589,4208513.249,3776.807129
148.8767125,255057.4315,4208513.259,3776.811279
148.9057308,255057.4041,4208513.268,3776.825684
148.9347491,255057.3767,4208513.278,3776.830078
148.9637675,255057.3493,4208513.287,3776.834717
148.9927858,255057.3219,4208513.297,3776.849121
149.0218041,255057.2945,4208513.306,3776.852783
149.0508224,255057.2671,4208513.316,3776.856201
149.0798407,255057.2397,4208513.326,3776.866943
149.1088591,255057.2123,4208513.335,3776.869385
149.1378774,255057.1849,4208513.345,3776.871582
149.1668957,255057.1575,4208513.354,3776.881836
149.195914,255057.1301,4208513.364,3776.883301
149.2249324,255057.1027,4208513.373,3776.884521
149.2539507,255057.0753,4208513.383,3776.893311
149.282969,255057.0479,4208513.393,3776.89502
149.3119873,255057.0205,4208513.402,3776.896729
149.3410056,255056.9931,4208513.412,3776.906006
149.370024,255056.9657,4208513.421,3776.907227
149.3990423,255056.9383,4208513.431,3776.908936
149.4280606,255056.9109,4208513.44,3776.919189
149.4570789,255056.8835,4208513.45,3776.921143
149.4860972,255056.8561,4208513.459,3776.931885
149.5151156,255056.8287,4208513.469,3776.933594
149.5441339,255056.8013,4208513.479,3776.935059
149.5731522,255056.7739,4208513.488,3776.944824
149.6021705,255056.7465,4208513.498,3776.946289
149.6311888,255056.7191,4208513.507,3776.948242
149.6602072,255056.6917,4208513.517,3776.957275
149.6892255,255056.6643,4208513.526,3776.958252
149.7182438,255056.6369,4208513.536,3776.958984
149.7472621,255056.6095,4208513.545,3776.967285
149.7762804,255056.5821,4208513.555,3776.969238
149.8052988,255056.5547,4208513.565,3776.970703
149.8343171,255056.5273,4208513.574,3776.979492
149.8633354,255056.4999,4208513.584,3776.980469
149.8923537,255056.4725,4208513.593,3776.981445
149.9213721,255056.4451,4208513.603,3776.990479
149.9503904,255056.4177,4208513.612,3776.992432
149.9794087,255056.3903,4208513.622,3776.994873
150.008427,255056.3629,4208513.631,3777.004883
150.0374453,255056.3355,4208513.641,3777.007568
150.0664637,255056.3081,4208513.651,3777.018066
150.095482,255056.2807,4208513.66,3777.020752
150.1245003,255056.2533,4208513.67,3777.023438
150.1535186,255056.2259,4208513.679,3777.033691
150.1825369,255056.1985,4208513.689,3777.035889
150.2115553,255056.1711,4208513.698,3777.03833
150.2405736,255056.1437,4208513.708,3777.047607
150.2695919,255056.1163,4208513.717,3777.050049
150.2986102,255056.0889,4208513.727,3777.052979
150.3276285,255056.0615,4208513.737,3777.0625
150.3566469,255056.0341,4208513.746,3777.065186
150.3856652,255056.0067,4208513.756,3777.068359
150.4146835,255055.9793,4208513.765,3777.077881
150.4437018,255055.9519,4208513.775,3777.081787
150.4727202,255055.9245,4208513.784,3777.085205
150.5017385,255055.8971,4208513.794,3777.095703
150.5307568,255055.8697,4208513.803,3777.10083
150.5597751,255055.8423,4208513.813,3777.105713
150.5887934,255055.8149,4208513.823,3777.117676
150.6178118,255055.7875,4208513.832,3777.123047
150.6468301,255055.7601,4208513.842,3777.133789
150.6758484,255055.7327,4208513.851,3777.139648
150.7048667,255055.7053,4208513.861,3777.145996
150.733885,255055.6779,4208513.87,3777.158203
150.7629034,255055.6505,4208513.88,3777.164795
150.7919217,255055.6232,4208513.89,3777.172607
150.82094,255055.5958,4208513.899,3777.184814
150.8499583,255055.5684,4208513.909,3777.192627
150.8789766,255055.541,4208513.918,3777.200195
150.907995,255055.5136,4208513.928,3777.212158
150.9370133,255055.4862,4208513.937,3777.220215
150.9660316,255055.4588,4208513.947,3777.229004
150.9950499,255055.4314,4208513.956,3777.241211
151.0240682,255055.404,4208513.966,3777.25
151.0530866,255055.3766,4208513.976,3777.259033
151.0821049,255055.3492,4208513.985,3777.270264
151.1111232,255055.3218,4208513.995,3777.278564
151.1401415,255055.2944,4208514.004,3777.286865
151.1691599,255055.267,4208514.014,3777.296631
151.1981782,255055.2396,4208514.023,3777.304932
151.2271965,255055.2122,4208514.033,3777.312744
151.2562148,255055.1848,4208514.042,3777.320313
151.2852331,255055.1574,4208514.052,3777.327393
151.3142515,255055.13,4208514.062,3777.334229
151.3432698,255055.1026,4208514.071,3777.339355
151.3722881,255055.0752,4208514.081,3777.344482
151.4013064,255055.0478,4208514.09,3777.351563
151.4303247,255055.0204,4208514.1,3777.358154
151.4593431,255054.993,4208514.109,3777.365234
151.4883614,255054.9656,4208514.119,3777.373291
151.5173797,255054.9382,4208514.128,3777.380859
151.546398,255054.9108,4208514.138,3777.388916
151.5754163,255054.8834,4208514.148,3777.396973
151.6044347,255054.856,4208514.157,3777.405762
151.633453,255054.8286,4208514.167,3777.413818
151.6624713,255054.8012,4208514.176,3777.420654
151.6914896,255054.7738,4208514.186,3777.428467
151.7205079,255054.7464,4208514.195,3777.435791
151.7495263,255054.719,4208514.205,3777.442139
151.7785446,255054.6916,4208514.214,3777.449707
151.8075629,255054.6642,4208514.224,3777.457275
151.8365812,255054.6368,4208514.234,3777.462402
151.8655996,255054.6094,4208514.243,3777.469727
151.8946179,255054.582,4208514.253,3777.474121
151.9236362,255054.5546,4208514.262,3777.480713
151.9526545,255054.5272,4208514.272,3777.488037
151.9816728,255054.4998,4208514.281,3777.491943
152.0106912,255054.4724,4208514.291,3777.499023
152.0397095,255054.445,4208514.301,3777.506836
152.0687278,255054.4176,4208514.31,3777.51123
152.0977461,255054.3902,4208514.32,3777.52002
152.1267644,255054.3628,4208514.329,3777.529541
152.1557828,255054.3354,4208514.339,3777.535645
152.1848011,255054.308,4208514.348,3777.545166
152.2138194,255054.2806,4208514.358,3777.556152
152.2428377,255054.2532,4208514.367,3777.562988
152.271856,255054.2258,4208514.377,3777.574707
152.3008744,255054.1984,4208514.387,3777.58667
152.3298927,255054.171,4208514.396,3777.596191
152.358911,255054.1436,4208514.406,3777.609863
152.3879293,255054.1162,4208514.415,3777.623779
152.4169476,255054.0888,4208514.425,3777.638672
152.445966,255054.0614,4208514.434,3777.65332
152.4749843,255054.034,4208514.444,3777.66626
152.5040026,255054.0066,4208514.453,3777.679688
152.5330209,255053.9792,4208514.463,3777.692871
152.5620393,255053.9518,4208514.473,3777.706299
152.5910576,255053.9244,4208514.482,3777.717041
152.6200759,255053.897,4208514.492,3777.726074
152.6490942,255053.8696,4208514.501,3777.735107
152.6781125,255053.8422,4208514.511,3777.742676
152.7071309,255053.8148,4208514.52,3777.748291
152.7361492,255053.7874,4208514.53,3777.753418
152.7651675,255053.76,4208514.539,3777.759277
152.7941858,255053.7326,4208514.549,3777.765381
152.8232041,255053.7052,4208514.559,3777.769531
152.8522225,255053.6778,4208514.568,3777.775391
152.8812408,255053.6504,4208514.578,3777.781006
152.9102591,255053.623,4208514.587,3777.784424
152.9392774,255053.5956,4208514.597,3777.790039
152.9682957,255053.5682,4208514.606,3777.794922
152.9973141,255053.5408,4208514.616,3777.797852
153.0263324,255053.5134,4208514.625,3777.803223
153.0553507,255053.486,4208514.635,3777.808594
153.084369,255053.4586,4208514.645,3777.812256
153.1133874,255053.4312,4208514.654,3777.819336
153.1424057,255053.4038,4208514.664,3777.823242
153.171424,255053.3764,4208514.673,3777.830811
153.2004423,255053.349,4208514.683,3777.839844
153.2294606,255053.3216,4208514.692,3777.845947
153.258479,255053.2942,4208514.702,3777.854004
153.2874973,255053.2668,4208514.711,3777.862061
153.3165156,255053.2394,4208514.721,3777.86792
153.3455339,255053.212,4208514.731,3777.875
153.3745522,255053.1846,4208514.74,3777.881592
153.4035706,255053.1572,4208514.75,3777.88623
153.4325889,255053.1298,4208514.759,3777.893066
153.4616072,255053.1024,4208514.769,3777.900391
153.4906255,255053.075,4208514.778,3777.905762
153.5196438,255053.0476,4208514.788,3777.914307
153.5486622,255053.0202,4208514.798,3777.923584
153.5776805,255052.9928,4208514.807,3777.928711
153.6066988,255052.9654,4208514.817,3777.938477
153.6357171,255052.938,4208514.826,3777.948486
153.6647354,255052.9106,4208514.836,3777.954346
153.6937538,255052.8832,4208514.845,3777.963379
153.7227721,255052.8558,4208514.855,3777.968262
153.7517904,255052.8284,4208514.864,3777.976807
153.7808087,255052.801,4208514.874,3777.984619
153.8098271,255052.7736,4208514.884,3777.987793
153.8388454,255052.7462,4208514.893,3777.994385
153.8678637,255052.7188,4208514.903,3778.001221
153.896882,255052.6914,4208514.912,3778.00293
153.9259003,255052.664,4208514.922,3778.009521
153.9549187,255052.6366,4208514.931,3778.016357
153.983937,255052.6092,4208514.941,3778.01709
154.0129553,255052.5819,4208514.95,3778.02417
154.0419736,255052.5545,4208514.96,3778.031006
154.0709919,255052.5271,4208514.97,3778.031982
154.1000103,255052.4997,4208514.979,3778.039063
154.1290286,255052.4723,4208514.989,3778.04541
154.1580469,255052.4449,4208514.998,3778.04541
154.1870652,255052.4175,4208515.008,3778.051758
154.2160835,255052.3901,4208515.017,3778.058105
154.2451019,255052.3627,4208515.027,3778.057373
154.2741202,255052.3353,4208515.036,3778.063477
154.3031385,255052.3079,4208515.046,3778.060791
154.3321568,255052.2805,4208515.056,3778.067139
154.3611751,255052.2531,4208515.065,3778.072754
154.3901935,255052.2257,4208515.075,3778.069092
154.4192118,255052.1983,4208515.084,3778.075195
154.4482301,255052.1709,4208515.094,3778.081299
154.4772484,255052.1435,4208515.103,3778.076904
154.5062668,255052.1161,4208515.113,3778.084229
154.5352851,255052.0887,4208515.122,3778.092285
154.5643034,255052.0613,4208515.132,3778.088867
154.5933217,255052.0339,4208515.142,3778.097168
154.62234,255052.0065,4208515.151,3778.105713
154.6513584,255051.9791,4208515.161,3778.103516
154.6803767,255051.9517,4208515.17,3778.111084
154.709395,255051.9243,4208515.18,3778.119385
154.7384133,255051.8969,4208515.189,3778.117432
154.7674316,255051.8695,4208515.199,3778.126221
154.79645,255051.8421,4208515.209,3778.134766
154.8254683,255051.8147,4208515.218,3778.134521
154.8544866,255051.7873,4208515.228,3778.142822
154.8835049,255051.7599,4208515.237,3778.151611
154.9125232,255051.7325,4208515.247,3778.153564
154.9415416,255051.7051,4208515.256,3778.164063
154.9705599,255051.6777,4208515.266,3778.167236
154.9995782,255051.6503,4208515.275,3778.182373
155.0285965,255051.6229,4208515.285,3778.202148
155.0576149,255051.5955,4208515.295,3778.214111
155.0866332,255051.5681,4208515.304,3778.242676
155.1156515,255051.5407,4208515.314,3778.273682
155.1446698,255051.5133,4208515.323,3778.297119
155.1736881,255051.4859,4208515.333,3778.333008
155.2027065,255051.4585,4208515.342,3778.375244
155.2317248,255051.4311,4208515.352,3778.424316
155.2607431,255051.4037,4208515.361,3778.470459
155.2897614,255051.3763,4208515.371,3778.509521
155.3187797,255051.3489,4208515.381,3778.543701
155.3477981,255051.3215,4208515.39,3778.566162
155.3768164,255051.2941,4208515.4,3778.582031
155.4058347,255051.2667,4208515.409,3778.588867
155.434853,255051.2393,4208515.419,3778.589844
155.4638713,255051.2119,4208515.428,3778.590088
155.4928897,255051.1845,4208515.438,3778.590088
155.521908,255051.1571,4208515.447,3778.590088
155.5509263,255051.1297,4208515.457,3778.590088
155.5799446,255051.1023,4208515.467,3778.590088
155.6089629,255051.0749,4208515.476,3778.5896
155.6379813,255051.0475,4208515.486,3778.587891
155.6669996,255051.0201,4208515.495,3778.586426
155.6960179,255050.9927,4208515.505,3778.584229
155.7250362,255050.9653,4208515.514,3778.580811
155.7540546,255050.9379,4208515.524,3778.579346
155.7830729,255050.9105,4208515.533,3778.578369
155.8120912,255050.8831,4208515.543,3778.574707
155.8411095,255050.8557,4208515.553,3778.574463
155.8701278,255050.8283,4208515.562,3778.573975
155.8991462,255050.8009,4208515.572,3778.571045
155.9281645,255050.7735,4208515.581,3778.571045
155.9571828,255050.7461,4208515.591,3778.571045
155.9862011,255050.7187,4208515.6,3778.568604
156.0152194,255050.6913,4208515.61,3778.569092
156.0442378,255050.6639,4208515.619,3778.569824
156.0732561,255050.6365,4208515.629,3778.568115
156.1022744,255050.6091,4208515.639,3778.568848
156.1312927,255050.5817,4208515.648,3778.567871
156.160311,255050.5543,4208515.658,3778.56958
156.1893294,255050.5269,4208515.667,3778.57251
156.2183477,255050.4995,4208515.677,3778.575195
156.247366,255050.4721,4208515.686,3778.582031
156.2763843,255050.4447,4208515.696,3778.589355
156.3054026,255050.4173,4208515.706,3778.594482
156.334421,255050.3899,4208515.715,3778.602295
156.3634393,255050.3625,4208515.725,3778.610596
156.3924576,255050.3351,4208515.734,3778.616943
156.4214759,255050.3077,4208515.744,3778.624756
156.4504943,255050.2803,4208515.753,3778.633545
156.4795126,255050.2529,4208515.763,3778.640137
156.5085309,255050.2255,4208515.772,3778.648926
156.5375492,255050.1981,4208515.782,3778.656738
156.5665675,255050.1707,4208515.792,3778.663574
156.5955859,255050.1433,4208515.801,3778.670654
156.6246042,255050.1159,4208515.811,3778.677246
156.6536225,255050.0885,4208515.82,3778.682617
156.6826408,255050.0611,4208515.83,3778.689941
156.7116591,255050.0337,4208515.839,3778.697266
156.7406775,255050.0063,4208515.849,3778.703613
156.7696958,255049.9789,4208515.858,3778.710938
156.7987141,255049.9515,4208515.868,3778.717773
156.8277324,255049.9241,4208515.878,3778.725586
156.8567507,255049.8967,4208515.887,3778.734375
156.8857691,255049.8693,4208515.897,3778.742188
156.9147874,255049.8419,4208515.906,3778.751221
156.9438057,255049.8145,4208515.916,3778.760498
156.972824,255049.7871,4208515.925,3778.767578
157.0018423,255049.7597,4208515.935,3778.776855
157.0308607,255049.7323,4208515.944,3778.786377
157.059879,255049.7049,4208515.954,3778.794678
157.0888973,255049.6775,4208515.964,3778.80542
157.1179156,255049.6501,4208515.973,3778.816406
157.146934,255049.6227,4208515.983,3778.825928
157.1759523,255049.5953,4208515.992,3778.83667
157.2049706,255049.5679,4208516.002,3778.847168
157.2339889,255049.5405,4208516.011,3778.856201
157.2630072,255049.5132,4208516.021,3778.866211
157.2920256,255049.4858,4208516.03,3778.875244
157.3210439,255049.4584,4208516.04,3778.882568
157.3500622,255049.431,4208516.05,3778.891602
157.3790805,255049.4036,4208516.059,3778.896973
157.4080988,255049.3762,4208516.069,3778.905273
157.4371172,255049.3488,4208516.078,3778.913818
157.4661355,255049.3214,4208516.088,3778.917725
157.4951538,255049.294,4208516.097,3778.926514
157.5241721,255049.2666,4208516.107,3778.935303
157.5531904,255049.2392,4208516.116,3778.937988
157.5822088,255049.2118,4208516.126,3778.946777
157.6112271,255049.1844,4208516.136,3778.956055
157.6402454,255049.157,4208516.145,3778.958252
157.6692637,255049.1296,4208516.155,3778.966797
157.6982821,255049.1022,4208516.164,3778.976074
157.7273004,255049.0748,4208516.174,3778.977295
157.7563187,255049.0474,4208516.183,3778.986572
157.785337,255049.02,4208516.193,3778.995605
157.8143553,255048.9926,4208516.203,3778.994629
157.8433737,255048.9652,4208516.212,3779.002441
157.872392,255048.9378,4208516.222,3779.009033
157.9014103,255048.9104,4208516.231,3779.007324
157.9304286,255048.883,4208516.241,3779.014404
157.9594469,255048.8556,4208516.25,3779.013916
157.9884653,255048.8282,4208516.26,3779.020752
158.0174836,255048.8008,4208516.269,3779.025635
158.0465019,255048.7734,4208516.279,3779.023193
158.0755202,255048.746,4208516.289,3779.029053
158.1045385,255048.7186,4208516.298,3779.033936
158.1335569,255048.6912,4208516.308,3779.031494
158.1625752,255048.6638,4208516.317,3779.035889
158.1915935,255048.6364,4208516.327,3779.039551
158.2206118,255048.609,4208516.336,3779.037109
158.2496301,255048.5816,4208516.346,3779.040527
158.2786485,255048.5542,4208516.355,3779.043701
158.3076668,255048.5268,4208516.365,3779.04126
158.3366851,255048.4994,4208516.375,3779.044434
158.3657034,255048.472,4208516.384,3779.047852
158.3947218,255048.4446,4208516.394,3779.04541
158.4237401,255048.4172,4208516.403,3779.049072
158.4527584,255048.3898,4208516.413,3779.052734
158.4817767,255048.3624,4208516.422,3779.050537
158.510795,255048.335,4208516.432,3779.054688
158.5398134,255048.3076,4208516.441,3779.058594
158.5688317,255048.2802,4208516.451,3779.057373
158.59785,255048.2528,4208516.461,3779.061768
158.6268683,255048.2254,4208516.47,3779.061279
158.6558866,255048.198,4208516.48,3779.065918
158.684905,255048.1706,4208516.489,3779.070313
158.7139233,255048.1432,4208516.499,3779.070801
158.7429416,255048.1158,4208516.508,3779.075439
158.7719599,255048.0884,4208516.518,3779.080322
158.8009782,255048.061,4208516.527,3779.081787
158.8299966,255048.0336,4208516.537,3779.087158
158.8590149,255048.0062,4208516.547,3779.092285
158.8880332,255047.9788,4208516.556,3779.09375
158.9170515,255047.9514,4208516.566,3779.098633
158.9460698,255047.924,4208516.575,3779.103271
158.9750882,255047.8966,4208516.585,3779.10498
159.0041065,255047.8692,4208516.594,3779.110596
159.0331248,255047.8418,4208516.604,3779.115723
159.0621431,255047.8144,4208516.614,3779.117432
159.0911615,255047.787,4208516.623,3779.123291
159.1201798,255047.7596,4208516.633,3779.129883
159.1491981,255047.7322,4208516.642,3779.133057
159.1782164,255047.7048,4208516.652,3779.140137
159.2072347,255047.6774,4208516.661,3779.143311
159.2362531,255047.65,4208516.671,3779.150391
159.2652714,255047.6226,4208516.68,3779.157715
159.2942897,255047.5952,4208516.69,3779.159668
159.323308,255047.5678,4208516.7,3779.166992
159.3523263,255047.5404,4208516.709,3779.174561
159.3813447,255047.513,4208516.719,3779.17627
159.410363,255047.4856,4208516.728,3779.184082
159.4393813,255047.4582,4208516.738,3779.191895
159.4683996,255047.4308,4208516.747,3779.194092
159.4974179,255047.4034,4208516.757,3779.201416
159.5264363,255047.376,4208516.766,3779.20874
159.5554546,255047.3486,4208516.776,3779.210693
159.5844729,255047.3212,4208516.786,3779.218506
159.6134912,255047.2938,4208516.795,3779.226318
159.6425096,255047.2664,4208516.805,3779.228271
159.6715279,255047.239,4208516.814,3779.236816
159.7005462,255047.2116,4208516.824,3779.244629
159.7295645,255047.1842,4208516.833,3779.246826
159.7585828,255047.1568,4208516.843,3779.255371
159.7876012,255047.1294,4208516.852,3779.257324
159.8166195,255047.102,4208516.862,3779.266113
159.8456378,255047.0746,4208516.872,3779.275146
159.8746561,255047.0472,4208516.881,3779.276123
159.9036744,255047.0198,4208516.891,3779.285645
159.9326928,255046.9924,4208516.9,3779.295166
159.9617111,255046.965,4208516.91,3779.294678
159.9907294,255046.9376,4208516.919,3779.303223
160.0197477,255046.9102,4208516.929,3779.310547
160.048766,255046.8828,4208516.938,3779.308594
160.0777844,255046.8554,4208516.948,3779.31543
160.1068027,255046.828,4208516.958,3779.320801
160.135821,255046.8006,4208516.967,3779.318115
160.1648393,255046.7732,4208516.977,3779.323486
160.1938576,255046.7458,4208516.986,3779.328369
160.222876,255046.7184,4208516.996,3779.325439
160.2518943,255046.691,4208517.005,3779.330078
160.2809126,255046.6636,4208517.015,3779.334717
160.3099309,255046.6362,4208517.024,3779.332764
160.3389493,255046.6088,4208517.034,3779.336914
160.3679676,255046.5814,4208517.044,3779.341064
160.3969859,255046.554,4208517.053,3779.3396
160.4260042,255046.5266,4208517.063,3779.343262
160.4550225,255046.4992,4208517.072,3779.342529
160.4840409,255046.4719,4208517.082,3779.347168
160.5130592,255046.4445,4208517.091,3779.351563
160.5420775,255046.4171,4208517.101,3779.351807
160.5710958,255046.3897,4208517.111,3779.357422
160.6001141,255046.3623,4208517.12,3779.363281
160.6291325,255046.3349,4208517.13,3779.364014
160.6581508,255046.3075,4208517.139,3779.370117
160.6871691,255046.2801,4208517.149,3779.376709
160.7161874,255046.2527,4208517.158,3779.378662
160.7452057,255046.2253,4208517.168,3779.385498
160.7742241,255046.1979,4208517.177,3779.392822
160.8032424,255046.1705,4208517.187,3779.395996
160.8322607,255046.1431,4208517.197,3779.40332
160.861279,255046.1157,4208517.206,3779.409912
160.8902973,255046.0883,4208517.216,3779.414307
160.9193157,255046.0609,4208517.225,3779.42041
160.948334,255046.0335,4208517.235,3779.425781
160.9773523,255046.0061,4208517.244,3779.429443
161.0063706,255045.9787,4208517.254,3779.434814
161.035389,255045.9513,4208517.263,3779.438232
161.0644073,255045.9239,4208517.273,3779.442383
161.0934256,255045.8965,4208517.283,3779.447021
161.1224439,255045.8691,4208517.292,3779.451416
161.1514622,255045.8417,4208517.302,3779.456055
161.1804806,255045.8143,4208517.311,3779.460693
161.2094989,255045.7869,4208517.321,3779.46582
161.2385172,255045.7595,4208517.33,3779.471191
161.2675355,255045.7321,4208517.34,3779.476318
161.2965538,255045.7047,4208517.349,3779.483887
161.3255722,255045.6773,4208517.359,3779.491211
161.3545905,255045.6499,4208517.369,3779.499023
161.3836088,255045.6225,4208517.378,3779.510498
161.4126271,255045.5951,4208517.388,3779.519043
161.4416454,255045.5677,4208517.397,3779.527344
161.4706638,255045.5403,4208517.407,3779.539063
161.4996821,255045.5129,4208517.416,3779.546875
161.5287004,255045.4855,4208517.426,3779.553955
161.5577187,255045.4581,4208517.435,3779.564941
161.586737,255045.4307,4208517.445,3779.571533
161.6157554,255045.4033,4208517.455,3779.580566
161.6447737,255045.3759,4208517.464,3779.584717
161.673792,255045.3485,4208517.474,3779.587891
161.7028103,255045.3211,4208517.483,3779.5896
161.7318287,255045.2937,4208517.493,3779.592041
161.760847,255045.2663,4208517.502,3779.594727
161.7898653,255045.2389,4208517.512,3779.59668
161.8188836,255045.2115,4208517.521,3779.599365
161.8479019,255045.1841,4208517.531,3779.602539
161.8769203,255045.1567,4208517.541,3779.604736
161.9059386,255045.1293,4208517.55,3779.60791
161.9349569,255045.1019,4208517.56,3779.611328
161.9639752,255045.0745,4208517.569,3779.61377
161.9929935,255045.0471,4208517.579,3779.617188
162.0220119,255045.0197,4208517.588,3779.620605
162.0510302,255044.9923,4208517.598,3779.623291
162.0800485,255044.9649,4208517.608,3779.627441
162.1090668,255044.9375,4208517.617,3779.632324
162.1380851,255044.9101,4208517.627,3779.635498
162.1671035,255044.8827,4208517.636,3779.640625
162.1961218,255044.8553,4208517.646,3779.646484
162.2251401,255044.8279,4208517.655,3779.651123
162.2541584,255044.8005,4208517.665,3779.658447
162.2831768,255044.7731,4208517.674,3779.664551
162.3121951,255044.7457,4208517.684,3779.673584
162.3412134,255044.7183,4208517.694,3779.684082
162.3702317,255044.6909,4208517.703,3779.692871
162.39925,255044.6635,4208517.713,3779.705811
162.4282684,255044.6361,4208517.722,3779.719727
162.4572867,255044.6087,4208517.732,3779.730225
162.486305,255044.5813,4208517.741,3779.743164
162.5153233,255044.5539,4208517.751,3779.754639
162.5443416,255044.5265,4208517.76,3779.762695
162.57336,255044.4991,4208517.77,3779.770752
162.6023783,255044.4717,4208517.78,3779.777344
162.6313966,255044.4443,4208517.789,3779.782227
162.6604149,255044.4169,4208517.799,3779.787842
162.6894332,255044.3895,4208517.808,3779.792725
162.7184516,255044.3621,4208517.818,3779.795898
162.7474699,255044.3347,4208517.827,3779.800293
162.7764882,255044.3073,4208517.837,3779.804688
162.8055065,255044.2799,4208517.846,3779.806885
162.8345248,255044.2525,4208517.856,3779.811035
162.8635432,255044.2251,4208517.866,3779.813232
162.8925615,255044.1977,4208517.875,3779.817383
162.9215798,255044.1703,4208517.885,3779.821777
162.9505981,255044.1429,4208517.894,3779.823486
162.9796165,255044.1155,4208517.904,3779.827881
163.0086348,255044.0881,4208517.913,3779.832275
163.0376531,255044.0607,4208517.923,3779.833984
163.0666714,255044.0333,4208517.932,3779.838623
163.0956897,255044.0059,4208517.942,3779.843506
163.1247081,255043.9785,4208517.952,3779.844971
163.1537264,255043.9511,4208517.961,3779.850342
163.1827447,255043.9237,4208517.971,3779.856201
163.211763,255043.8963,4208517.98,3779.856934
163.2407813,255043.8689,4208517.99,3779.862549
163.2697997,255043.8415,4208517.999,3779.868408
163.298818,255043.8141,4208518.009,3779.869873
163.3278363,255043.7867,4208518.019,3779.876465
163.3568546,255043.7593,4208518.028,3779.887451
163.3858729,255043.7319,4208518.038,3779.88916
163.4148913,255043.7045,4208518.047,3779.894287
163.4439096,255043.6771,4208518.057,3779.895996
163.4729279,255043.6497,4208518.066,3779.901123
163.5019462,255043.6223,4208518.076,3779.90625
163.5309645,255043.5949,4208518.085,3779.908203
163.5599829,255043.5675,4208518.095,3779.914063
163.5890012,255043.5401,4208518.105,3779.919434
163.6180195,255043.5127,4208518.114,3779.922363
163.6470378,255043.4853,4208518.124,3779.927734
163.6760562,255043.4579,4208518.133,3779.932861
163.7050745,255043.4305,4208518.143,3779.936279
163.7340928,255043.4032,4208518.152,3779.940674
163.7631111,255043.3758,4208518.162,3779.944336
163.7921294,255043.3484,4208518.171,3779.946289
163.8211478,255043.321,4208518.181,3779.948975
163.8501661,255043.2936,4208518.191,3779.95166
163.8791844,255043.2662,4208518.2,3779.952637
163.9082027,255043.2388,4208518.21,3779.954834
163.937221,255043.2114,4208518.219,3779.956543
163.9662394,255043.184,4208518.229,3779.95752
163.9952577,255043.1566,4208518.238,3779.959229
164.024276,255043.1292,4208518.248,3779.960938
164.0532943,255043.1018,4208518.257,3779.96167
164.0823126,255043.0744,4208518.267,3779.963623
164.111331,255043.047,4208518.277,3779.964844
164.1403493,255043.0196,4208518.286,3779.967041
164.1693676,255042.9922,4208518.296,3779.969727
164.1983859,255042.9648,4208518.305,3779.972656
164.2274043,255042.9374,4208518.315,3779.976807
164.2564226,255042.91,4208518.324,3779.981934
164.2854409,255042.8826,4208518.334,3779.987549
164.3144592,255042.8552,4208518.343,3779.995605
164.3434775,255042.8278,4208518.353,3780.003906
164.3724959,255042.8004,4208518.363,3780.013184
164.4015142,255042.773,4208518.372,3780.024658
164.4305325,255042.7456,4208518.382,3780.035645
164.4595508,255042.7182,4208518.391,3780.049072
164.4885691,255042.6908,4208518.401,3780.060791
164.5175875,255042.6634,4208518.41,3780.071533
164.5466058,255042.636,4208518.42,3780.083984
164.5756241,255042.6086,4208518.429,3780.091797
164.6046424,255042.5812,4208518.439,3780.098145
164.6336607,255042.5538,4208518.449,3780.108887
164.6626791,255042.5264,4208518.458,3780.115234
164.6916974,255042.499,4208518.468,3780.127441
164.7207157,255042.4716,4208518.477,3780.134033
164.749734,255042.4442,4208518.487,3780.139893
164.7787523,255042.4168,4208518.496,3780.151855
164.8077707,255042.3894,4208518.506,3780.157715
164.836789,255042.362,4208518.516,3780.161865
164.8658073,255042.3346,4208518.525,3780.171875
164.8948256,255042.3072,4208518.535,3780.174316
164.923844,255042.2798,4208518.544,3780.175781
164.9528623,255042.2524,4208518.554,3780.180664
164.9818806,255042.225,4208518.563,3780.18042
165.0108989,255042.1976,4208518.573,3780.179443
165.0399172,255042.1702,4208518.582,3780.182617
165.0689356,255042.1428,4208518.592,3780.180664
165.0979539,255042.1154,4208518.602,3780.177734
165.1269722,255042.088,4208518.611,3780.177979
165.1559905,255042.0606,4208518.621,3780.173584
165.1850088,255042.0332,4208518.63,3780.169434
165.2140272,255042.0058,4208518.64,3780.168213
165.2430455,255041.9784,4208518.649,3780.16626
165.2720638,255041.951,4208518.659,3780.165771
165.3010821,255041.9236,4208518.668,3780.165039
165.3301004,255041.8962,4208518.678,3780.164063
165.3591188,255041.8688,4208518.688,3780.163818
165.3881371,255041.8414,4208518.697,3780.163574
165.4171554,255041.814,4208518.707,3780.16333
165.4461737,255041.7866,4208518.716,3780.163086
165.475192,255041.7592,4208518.726,3780.163086
165.5042104,255041.7318,4208518.735,3780.16333
165.5332287,255041.7044,4208518.745,3780.163574
165.562247,255041.677,4208518.754,3780.163818
165.5912653,255041.6496,4208518.764,3780.164795
165.6202837,255041.6222,4208518.774,3780.165527
165.649302,255041.5948,4208518.783,3780.167236
165.6783203,255041.5674,4208518.793,3780.17041
165.7073386,255041.54,4208518.802,3780.174072
165.7363569,255041.5126,4208518.812,3780.177979
165.7653753,255041.4852,4208518.821,3780.182373
165.7943936,255041.4578,4208518.831,3780.1875
165.8234119,255041.4304,4208518.84,3780.192627
165.8524302,255041.403,4208518.85,3780.197998
165.8814485,255041.3756,4208518.86,3780.203613
165.9104669,255041.3482,4208518.869,3780.208984
165.9394852,255041.3208,4208518.879,3780.215088
165.9685035,255041.2934,4208518.888,3780.220215
165.9975218,255041.266,4208518.898,3780.224854
166.0265401,255041.2386,4208518.907,3780.231201
166.0555585,255041.2112,4208518.917,3780.237305
166.0845768,255041.1838,4208518.926,3780.243652
166.1135951,255041.1564,4208518.936,3780.251465
166.1426134,255041.129,4208518.946,3780.259521
166.1716317,255041.1016,4208518.955,3780.267822
166.2006501,255041.0742,4208518.965,3780.2771
166.2296684,255041.0468,4208518.974,3780.285645
166.2586867,255041.0194,4208518.984,3780.293457
166.287705,255040.992,4208518.993,3780.30127
166.3167234,255040.9646,4208519.003,3780.308105
166.3457417,255040.9372,4208519.013,3780.314209
166.37476,255040.9098,4208519.022,3780.319824
166.4037783,255040.8824,4208519.032,3780.325439
166.4327966,255040.855,4208519.041,3780.330811
166.461815,255040.8276,4208519.051,3780.338135
166.4908333,255040.8002,4208519.06,3780.344482
166.5198516,255040.7728,4208519.07,3780.351807
166.5488699,255040.7454,4208519.079,3780.358398
166.5778882,255040.718,4208519.089,3780.365479
166.6069066,255040.6906,4208519.099,3780.373779
166.6359249,255040.6632,4208519.108,3780.380859
166.6649432,255040.6358,4208519.118,3780.388184
166.6939615,255040.6084,4208519.127,3780.395996
166.7229798,255040.581,4208519.137,3780.402344
166.7519982,255040.5536,4208519.146,3780.409668
166.7810165,255040.5262,4208519.156,3780.417725
166.8100348,255040.4988,4208519.165,3780.425049
166.8390531,255040.4714,4208519.175,3780.431885
166.8680715,255040.444,4208519.185,3780.437256
166.8970898,255040.4166,4208519.194,3780.443115
166.9261081,255040.3892,4208519.204,3780.447754
166.9551264,255040.3618,4208519.213,3780.450439
166.9841447,255040.3345,4208519.223,3780.454834
167.0131631,255040.3071,4208519.232,3780.459473
167.0421814,255040.2797,4208519.242,3780.462891
167.0711997,255040.2523,4208519.251,3780.468262
167.100218,255040.2249,4208519.261,3780.471436
167.1292363,255040.1975,4208519.271,3780.477783
167.1582547,255040.1701,4208519.28,3780.483643
167.187273,255040.1427,4208519.29,3780.487061
167.2162913,255040.1153,4208519.299,3780.49292
167.2453096,255040.0879,4208519.309,3780.498535
167.2743279,255040.0605,4208519.318,3780.502197
167.3033463,255040.0331,4208519.328,3780.507813
167.3323646,255040.0057,4208519.337,3780.512939
167.3613829,255039.9783,4208519.347,3780.516602
167.3888264,255039.9509,4208519.345,3780.521484
167.41627,255039.9235,4208519.343,3780.526855
167.4437135,255039.8961,4208519.341,3780.53418
167.4711571,255039.8688,4208519.339,3780.540771
167.4986006,255039.8414,4208519.337,3780.548584
167.5260442,255039.814,4208519.335,3780.557129
167.5534877,255039.7866,4208519.333,3780.566895
167.5809312,255039.7593,4208519.331,3780.577393
167.6083748,255039.7319,4208519.329,3780.588623
167.6358183,255039.7045,4208519.327,3780.598877
167.6632619,255039.6772,4208519.326,3780.608643
167.6907054,255039.6498,4208519.324,3780.618408
167.718149,255039.6224,4208519.322,3780.627686
167.7455925,255039.595,4208519.32,3780.63623
167.773036,255039.5677,4208519.318,3780.644775
167.8004796,255039.5403,4208519.316,3780.652832
167.8279231,255039.5129,4208519.314,3780.66626
167.8553667,255039.4855,4208519.312,3780.674072
167.8828102,255039.4582,4208519.31,3780.681885
167.9102538,255039.4308,4208519.308,3780.690186
167.9376973,255039.4034,4208519.306,3780.698242
167.9651408,255039.376,4208519.304,3780.706055
167.9925844,255039.3487,4208519.302,3780.713867
168.0200279,255039.3213,4208519.3,3780.721191
168.0474715,255039.2939,4208519.298,3780.727295
168.074915,255039.2665,4208519.296,3780.733398
168.1023586,255039.2392,4208519.294,3780.739502
168.1298021,255039.2118,4208519.292,3780.745605
168.1572456,255039.1844,4208519.29,3780.751709
168.1846892,255039.157,4208519.288,3780.758301
168.2121327,255039.1297,4208519.286,3780.767334
168.2395763,255039.1023,4208519.284,3780.773926
168.2670198,255039.0749,4208519.283,3780.780518
168.2944634,255039.0476,4208519.281,3780.787598
168.3219069,255039.0202,4208519.279,3780.795654
168.3493504,255038.9928,4208519.277,3780.803711
168.376794,255038.9654,4208519.275,3780.811768
168.4042375,255038.9381,4208519.273,3780.81958
168.4316811,255038.9107,4208519.271,3780.827637
168.4591246,255038.8833,4208519.269,3780.835449
168.4865682,255038.8559,4208519.267,3780.842773
168.5140117,255038.8286,4208519.265,3780.849854
168.5414552,255038.8012,4208519.263,3780.856689
168.5688988,255038.7738,4208519.261,3780.863281
168.5963423,255038.7464,4208519.259,3780.87085
168.6237859,255038.7191,4208519.257,3780.876465
168.6512294,255038.6917,4208519.255,3780.881592
168.678673,255038.6643,4208519.253,3780.88623
168.7061165,255038.6369,4208519.251,3780.891113
168.73356,255038.6096,4208519.249,3780.895752
168.7610036,255038.5822,4208519.247,3780.900879
168.7884471,255038.5548,4208519.245,3780.905518
168.8158907,255038.5275,4208519.243,3780.909668
168.8433342,255038.5001,4208519.241,3780.914307
168.8707777,255038.4727,4208519.239,3780.917969
168.8982213,255038.4453,4208519.238,3780.922119
168.9256648,255038.418,4208519.236,3780.92627
168.9531084,255038.3906,4208519.234,3780.930664
168.9805519,255038.3632,4208519.232,3780.936279
169.0079955,255038.3358,4208519.23,3780.941406
169.035439,255038.3085,4208519.228,3780.946045
169.0628825,255038.2811,4208519.226,3780.950928
169.0903261,255038.2537,4208519.224,3780.956787
169.1177696,255038.2263,4208519.222,3780.963623
169.1452132,255038.199,4208519.22,3780.971191
169.1726567,255038.1716,4208519.218,3780.981201
169.2001003,255038.1442,4208519.216,3780.993652
169.2275438,255038.1168,4208519.214,3781.007324
169.2549873,255038.0895,4208519.212,3781.020996
169.2824309,255038.0621,4208519.21,3781.03418
169.3098744,255038.0347,4208519.208,3781.045654
169.337318,255038.0073,4208519.206,3781.057373
169.3647615,255037.98,4208519.204,3781.072021
169.3922051,255037.9526,4208519.202,3781.08252
169.4196486,255037.9252,4208519.2,3781.09375
169.4470921,255037.8979,4208519.198,3781.106934
169.4745357,255037.8705,4208519.196,3781.121582
169.5019792,255037.8431,4208519.195,3781.138184
169.5294228,255037.8157,4208519.193,3781.156982
169.5568663,255037.7884,4208519.191,3781.178467
169.5843099,255037.761,4208519.189,3781.202393
169.6117534,255037.7336,4208519.187,3781.228516
169.6391969,255037.7062,4208519.185,3781.256592
169.6666405,255037.6789,4208519.183,3781.28418
169.694084,255037.6515,4208519.181,3781.311279
169.7215276,255037.6241,4208519.179,3781.331543
169.7489711,255037.5967,4208519.177,3781.352539
169.7764147,255037.5694,4208519.175,3781.354248
169.8038582,255037.542,4208519.173,3781.354492
169.8313017,255037.5146,4208519.171,3781.354492
169.8587453,255037.4872,4208519.169,3781.354248
169.8861888,255037.4599,4208519.167,3781.353271
169.9136324,255037.4325,4208519.165,3781.351318
169.9410759,255037.4051,4208519.163,3781.348877
169.9685195,255037.3778,4208519.161,3781.345459
169.995963,255037.3504,4208519.159,3781.339844
170.0234065,255037.323,4208519.157,3781.328613
170.0508501,255037.2956,4208519.155,3781.312256
170.0782936,255037.2683,4208519.153,3781.288574
170.1057372,255037.2409,4208519.152,3781.264648
170.1331807,255037.2135,4208519.15,3781.243164
170.1606243,255037.1861,4208519.148,3781.222412
170.1880678,255037.1588,4208519.146,3781.204834
170.2155113,255037.1314,4208519.144,3781.189697
170.2429549,255037.104,4208519.142,3781.176758
170.2703984,255037.0766,4208519.14,3781.165283
170.297842,255037.0493,4208519.138,3781.155273
170.3252855,255037.0219,4208519.136,3781.148193
170.3527291,255036.9945,4208519.134,3781.144531
170.3801726,255036.9671,4208519.132,3781.143066
170.4076161,255036.9398,4208519.13,3781.142334
170.4350597,255036.9124,4208519.128,3781.141846
170.4625032,255036.885,4208519.126,3781.141846
170.4899468,255036.8576,4208519.124,3781.141846
170.5173903,255036.8303,4208519.122,3781.141846
170.5448338,255036.8029,4208519.12,3781.14209
170.5722774,255036.7755,4208519.118,3781.143066
170.5997209,255036.7482,4208519.116,3781.144287
170.6271645,255036.7208,4208519.114,3781.14624
170.654608,255036.6934,4208519.112,3781.148682
170.6820516,255036.666,4208519.11,3781.1521
170.7094951,255036.6387,4208519.108,3781.158203
170.7369386,255036.6113,4208519.107,3781.167969
170.7643822,255036.5839,4208519.105,3781.180176
170.7918257,255036.5565,4208519.103,3781.193604
170.8192693,255036.5292,4208519.101,3781.207275
170.8467128,255036.5018,4208519.099,3781.220947
170.8741564,255036.4744,4208519.097,3781.234619
170.9015999,255036.447,4208519.095,3781.241211
170.9290434,255036.4197,4208519.093,3781.253418
170.956487,255036.3923,4208519.091,3781.264404
170.9839305,255036.3649,4208519.089,3781.274658
171.0113741,255036.3375,4208519.087,3781.284424
171.0388176,255036.3102,4208519.085,3781.294678
171.0662612,255036.2828,4208519.083,3781.304688
171.0937047,255036.2554,4208519.081,3781.316162
171.1211482,255036.2281,4208519.079,3781.328125
171.1485918,255036.2007,4208519.077,3781.339844
171.1760353,255036.1733,4208519.075,3781.352539
171.2034789,255036.1459,4208519.073,3781.366455
171.2309224,255036.1186,4208519.071,3781.382813
171.258366,255036.0912,4208519.069,3781.399658
171.2858095,255036.0638,4208519.067,3781.400146
171.313253,255036.0364,4208519.065,3781.417236
171.3406966,255036.0091,4208519.064,3781.43335
171.3681401,255035.9817,4208519.062,3781.448242
171.3955837,255035.9543,4208519.06,3781.461182
171.4230272,255035.9269,4208519.058,3781.47168
171.4504708,255035.8996,4208519.056,3781.480713
171.4779143,255035.8722,4208519.054,3781.488525
171.5053578,255035.8448,4208519.052,3781.494629
171.5328014,255035.8174,4208519.05,3781.499268
171.5602449,255035.7901,4208519.048,3781.503418
171.5876885,255035.7627,4208519.046,3781.507568
171.615132,255035.7353,4208519.044,3781.51001
171.6425756,255035.7079,4208519.042,3781.512207
171.6700191,255035.6806,4208519.04,3781.506348
171.6974626,255035.6532,4208519.038,3781.508057
171.7249062,255035.6258,4208519.036,3781.509033
171.7523497,255035.5985,4208519.034,3781.510254
171.7797933,255035.5711,4208519.032,3781.511475
171.8072368,255035.5437,4208519.03,3781.512939
171.8346804,255035.5163,4208519.028,3781.514404
171.8621239,255035.489,4208519.026,3781.515137
171.8895674,255035.4616,4208519.024,3781.516357
171.917011,255035.4342,4208519.022,3781.518066
171.9444545,255035.4068,4208519.021,3781.520264
171.9718981,255035.3795,4208519.019,3781.522217
171.9993416,255035.3521,4208519.017,3781.524414
172.0267852,255035.3247,4208519.015,3781.526855
172.0542287,255035.2973,4208519.013,3781.523682
172.0816722,255035.27,4208519.011,3781.5271
172.1091158,255035.2426,4208519.009,3781.530762
172.1365593,255035.2152,4208519.007,3781.535156
172.1640029,255035.1878,4208519.005,3781.540527
172.1914464,255035.1605,4208519.003,3781.545654
172.2188899,255035.1331,4208519.001,3781.550293
172.2463335,255035.1057,4208518.999,3781.554932
172.273777,255035.0784,4208518.997,3781.559326
172.3012206,255035.051,4208518.995,3781.563232
172.3286641,255035.0236,4208518.993,3781.56665
172.3561077,255034.9962,4208518.991,3781.56958
172.3835512,255034.9689,4208518.989,3781.571777
172.4109947,255034.9415,4208518.987,3781.57373
172.4384383,255034.9141,4208518.985,3781.572266
172.4658818,255034.8867,4208518.983,3781.57373
172.4933254,255034.8594,4208518.981,3781.575439
172.5207689,255034.832,4208518.979,3781.576904
172.5482125,255034.8046,4208518.977,3781.578613
172.575656,255034.7772,4208518.976,3781.580078
172.6030995,255034.7499,4208518.974,3781.581787
172.6305431,255034.7225,4208518.972,3781.583496
172.6579866,255034.6951,4208518.97,3781.585205
172.6854302,255034.6677,4208518.968,3781.586914
172.7128737,255034.6404,4208518.966,3781.588623
172.7403173,255034.613,4208518.964,3781.59082
172.7677608,255034.5856,4208518.962,3781.593018
172.7952043,255034.5583,4208518.96,3781.595215
172.8226479,255034.5309,4208518.958,3781.594238
172.8500914,255034.5035,4208518.956,3781.597168
172.877535,255034.4761,4208518.954,3781.600586
172.9049785,255034.4488,4208518.952,3781.604492
172.9324221,255034.4214,4208518.95,3781.608398
172.9598656,255034.394,4208518.948,3781.613037
172.9873091,255034.3666,4208518.946,3781.618408
173.0147527,255034.3393,4208518.944,3781.624023
173.0421962,255034.3119,4208518.942,3781.630371
173.0696398,255034.2845,4208518.94,3781.636719
173.0970833,255034.2571,4208518.938,3781.643799
173.1245269,255034.2298,4208518.936,3781.651611
173.1519704,255034.2024,4208518.934,3781.658936
173.1794139,255034.175,4208518.933,3781.66626
173.2068575,255034.1476,4208518.931,3781.670654
173.234301,255034.1203,4208518.929,3781.678223
173.2617446,255034.0929,4208518.927,3781.685791
173.2891881,255034.0655,4208518.925,3781.693359
173.3166317,255034.0381,4208518.923,3781.700928
173.3440752,255034.0108,4208518.921,3781.708252
173.3715187,255033.9834,4208518.919,3781.715088
173.3989623,255033.956,4208518.917,3781.721191
173.4264058,255033.9287,4208518.915,3781.726318
173.4538494,255033.9013,4208518.913,3781.731201
173.4812929,255033.8739,4208518.911,3781.735596
173.5087365,255033.8465,4208518.909,3781.740723
173.53618,255033.8192,4208518.907,3781.745361
173.5636235,255033.7918,4208518.905,3781.75
173.5910671,255033.7644,4208518.903,3781.754639
173.6185106,255033.737,4208518.901,3781.759277
173.6459542,255033.7097,4208518.899,3781.762451
173.6733977,255033.6823,4208518.897,3781.764648
173.7008412,255033.6549,4208518.895,3781.766357
173.7282848,255033.6275,4208518.893,3781.768066
173.7557283,255033.6002,4208518.891,3781.769775
173.7831719,255033.5728,4208518.89,3781.771484
173.8106154,255033.5454,4208518.888,3781.773193
173.838059,255033.518,4208518.886,3781.775146
173.8655025,255033.4907,4208518.884,3781.776855
173.892946,255033.4633,4208518.882,3781.778809
173.9203896,255033.4359,4208518.88,3781.780518
173.9478331,255033.4086,4208518.878,3781.782227
173.9752767,255033.3812,4208518.876,3781.78125
174.0027202,255033.3538,4208518.874,3781.782959
174.0301638,255033.3264,4208518.872,3781.784424
174.0576073,255033.2991,4208518.87,3781.785645
174.0850508,255033.2717,4208518.868,3781.786621
174.1124944,255033.2443,4208518.866,3781.787598
174.1399379,255033.2169,4208518.864,3781.78833
174.1673815,255033.1896,4208518.862,3781.789063
174.194825,255033.1622,4208518.86,3781.789551
174.2222686,255033.1348,4208518.858,3781.790039
174.2497121,255033.1074,4208518.856,3781.790283
174.2771556,255033.0801,4208518.854,3781.790283
174.3045992,255033.0527,4208518.852,3781.790283
174.3320427,255033.0253,4208518.85,3781.789795
174.3594863,255032.9979,4208518.848,3781.785645
174.3869298,255032.9706,4208518.846,3781.784912
174.4143734,255032.9432,4208518.845,3781.78418
174.4418169,255032.9158,4208518.843,3781.783691
174.4692604,255032.8884,4208518.841,3781.782471
174.496704,255032.8611,4208518.839,3781.781494
174.5241475,255032.8337,4208518.837,3781.780518
174.5515911,255032.8063,4208518.835,3781.779785
174.5790346,255032.779,4208518.833,3781.77832
174.6064782,255032.7516,4208518.831,3781.777344
174.6339217,255032.7242,4208518.829,3781.776123
174.6613652,255032.6968,4208518.827,3781.774902
174.6888088,255032.6695,4208518.825,3781.773438
174.7162523,255032.6421,4208518.823,3781.771729
174.7436959,255032.6147,4208518.821,3781.767578
174.7711394,255032.5873,4208518.819,3781.765137
174.798583,255032.56,4208518.817,3781.761963
174.8260265,255032.5326,4208518.815,3781.758301
174.85347,255032.5052,4208518.813,3781.753906
174.8809136,255032.4778,4208518.811,3781.749268
174.9083571,255032.4505,4208518.809,3781.745117
174.9358007,255032.4231,4208518.807,3781.740723
174.9632442,255032.3957,4208518.805,3781.736816
174.9906878,255032.3683,4208518.803,3781.732422
175.0181313,255032.341,4208518.802,3781.728027
175.0455748,255032.3136,4208518.8,3781.723877
175.0730184,255032.2862,4208518.798,3781.719727
175.1004619,255032.2589,4208518.796,3781.715576
175.1279055,255032.2315,4208518.794,3781.70752
175.155349,255032.2041,4208518.792,3781.701416
175.1827926,255032.1767,4208518.79,3781.69458
175.2102361,255032.1494,4208518.788,3781.687744
175.2376796,255032.122,4208518.786,3781.680176
175.2651232,255032.0946,4208518.784,3781.672852
175.2925667,255032.0672,4208518.782,3781.665039
175.3200103,255032.0399,4208518.78,3781.657715
175.3474538,255032.0125,4208518.778,3781.650391
175.3748973,255031.9851,4208518.776,3781.642822
175.4023409,255031.9577,4208518.774,3781.636719
175.4297844,255031.9304,4208518.772,3781.630615
175.457228,255031.903,4208518.77,3781.624268
175.4846715,255031.8756,4208518.768,3781.618652
175.5121151,255031.8482,4208518.766,3781.607422
175.5395586,255031.8209,4208518.764,3781.600586
175.5670021,255031.7935,4208518.762,3781.593262
175.5944457,255031.7661,4208518.76,3781.585449
175.6218892,255031.7387,4208518.759,3781.577881
175.6493328,255031.7114,4208518.757,3781.570313
175.6767763,255031.684,4208518.755,3781.5625
175.7042199,255031.6566,4208518.753,3781.554688
175.7316634,255031.6293,4208518.751,3781.547363
175.7591069,255031.6019,4208518.749,3781.540527
175.7865505,255031.5745,4208518.747,3781.53418
175.813994,255031.5471,4208518.745,3781.528076
175.8414376,255031.5198,4208518.743,3781.521484
175.8688811,255031.4924,4208518.741,3781.514893
175.8963247,255031.465,4208518.739,3781.501221
175.9237682,255031.4376,4208518.737,3781.493652
175.9512117,255031.4103,4208518.735,3781.485107
175.9786553,255031.3829,4208518.733,3781.475586
176.0060988,255031.3555,4208518.731,3781.4646
176.0335424,255031.3281,4208518.729,3781.452148
176.0609859,255031.3008,4208518.727,3781.438965
176.0884295,255031.2734,4208518.725,3781.426514
176.115873,255031.246,4208518.723,3781.415527
176.1433165,255031.2186,4208518.721,3781.406006
176.1707601,255031.1913,4208518.719,3781.397217
176.1982036,255031.1639,4208518.717,3781.388428
176.2256472,255031.1365,4208518.715,3781.381104
176.2530907,255031.1092,4208518.714,3781.374023
176.2805343,255031.0818,4208518.712,3781.35791
176.3079778,255031.0544,4208518.71,3781.352539
176.3354213,255031.027,4208518.708,3781.347168
176.3628649,255030.9997,4208518.706,3781.342285
176.3903084,255030.9723,4208518.704,3781.337891
176.417752,255030.9449,4208518.702,3781.333984
176.4451955,255030.9175,4208518.7,3781.330811
176.4726391,255030.8902,4208518.698,3781.328369
176.5000826,255030.8628,4208518.696,3781.32666
176.5275261,255030.8354,4208518.694,3781.325439
176.5549697,255030.808,4208518.692,3781.324707
176.5824132,255030.7807,4208518.69,3781.324219
176.6098568,255030.7533,4208518.688,3781.324219
176.6373003,255030.7259,4208518.686,3781.324219
176.6647439,255030.6985,4208518.684,3781.321777
176.6921874,255030.6712,4208518.682,3781.322021
176.7196309,255030.6438,4208518.68,3781.322266
176.7470745,255030.6164,4208518.678,3781.322754
176.774518,255030.589,4208518.676,3781.32373
176.8019616,255030.5617,4208518.674,3781.324463
176.8294051,255030.5343,4208518.672,3781.325439
176.8568486,255030.5069,4208518.671,3781.326416
176.8842922,255030.4796,4208518.669,3781.327637
176.9117357,255030.4522,4208518.667,3781.328857
176.9391793,255030.4248,4208518.665,3781.330322
176.9666228,255030.3974,4208518.663,3781.331787
176.9940664,255030.3701,4208518.661,3781.333496
177.0215099,255030.3427,4208518.659,3781.335205
177.0489534,255030.3153,4208518.657,3781.335205
177.076397,255030.2879,4208518.655,3781.337158
177.1038405,255030.2606,4208518.653,3781.3396
177.1312841,255030.2332,4208518.651,3781.341797
177.1587276,255030.2058,4208518.649,3781.343994
177.1861712,255030.1784,4208518.647,3781.345947
177.2136147,255030.1511,4208518.645,3781.3479
177.2410582,255030.1237,4208518.643,3781.349854
177.2685018,255030.0963,4208518.641,3781.351563
177.2959453,255030.0689,4208518.639,3781.353271
177.3233889,255030.0416,4208518.637,3781.35498
177.3508324,255030.0142,4208518.635,3781.356689
177.378276,255029.9868,4208518.633,3781.359131
177.4057195,255029.9595,4208518.631,3781.361328
177.433163,255029.9321,4208518.629,3781.361328
177.4606066,255029.9047,4208518.627,3781.364014
177.4880501,255029.8773,4208518.626,3781.366699
177.5154937,255029.85,4208518.624,3781.369873
177.5429372,255029.8226,4208518.622,3781.373535
177.5703808,255029.7952,4208518.62,3781.377686
177.5978243,255029.7678,4208518.618,3781.381592
177.6252678,255029.7405,4208518.616,3781.38623
177.6527114,255029.7131,4208518.614,3781.391113
177.6801549,255029.6857,4208518.612,3781.395508
177.7075985,255029.6583,4208518.61,3781.400391
177.735042,255029.631,4208518.608,3781.404541
177.7624856,255029.6036,4208518.606,3781.40918
177.7899291,255029.5762,4208518.604,3781.414063
177.8173726,255029.5488,4208518.602,3781.415283
177.8448162,255029.5215,4208518.6,3781.42041
177.8722597,255029.4941,4208518.598,3781.425293
177.8997033,255029.4667,4208518.596,3781.430664
177.9271468,255029.4393,4208518.594,3781.436035
177.9545904,255029.412,4208518.592,3781.44165
177.9820339,255029.3846,4208518.59,3781.44751
178.0094774,255029.3572,4208518.588,3781.453369
178.036921,255029.3299,4208518.586,3781.459717
178.0643645,255029.3025,4208518.584,3781.466064
178.0918081,255029.2751,4208518.583,3781.472168
178.1192516,255029.2477,4208518.581,3781.478516
178.1466952,255029.2204,4208518.579,3781.485107
178.1741387,255029.193,4208518.577,3781.492188
178.2015822,255029.1656,4208518.575,3781.497314
178.2290258,255029.1382,4208518.573,3781.504639
178.2564693,255029.1109,4208518.571,3781.511475
178.2839129,255029.0835,4208518.569,3781.517822
178.3113564,255029.0561,4208518.567,3781.523438
178.3388,255029.0287,4208518.565,3781.528076
178.3662435,255029.0014,4208518.563,3781.532715
178.393687,255028.974,4208518.561,3781.536865
178.4211306,255028.9466,4208518.559,3781.540283
178.4485741,255028.9192,4208518.557,3781.544189
178.4760177,255028.8919,4208518.555,3781.547852
178.5034612,255028.8645,4208518.553,3781.55127
178.5309047,255028.8371,4208518.551,3781.554688
178.5583483,255028.8098,4208518.549,3781.558594
178.5857918,255028.7824,4208518.547,3781.562988
178.6132354,255028.755,4208518.545,3781.567139
178.6406789,255028.7276,4208518.543,3781.572266
178.6681225,255028.7003,4208518.541,3781.577881
178.695566,255028.6729,4208518.54,3781.583984
178.7230095,255028.6455,4208518.538,3781.59082
178.7504531,255028.6181,4208518.536,3781.598145
178.7778966,255028.5908,4208518.534,3781.605469
178.8053402,255028.5634,4208518.532,3781.612305
178.8327837,255028.536,4208518.53,3781.619873
178.8602273,255028.5086,4208518.528,3781.626221
178.8876708,255028.4813,4208518.526,3781.631592
178.9151143,255028.4539,4208518.524,3781.636719
178.9425579,255028.4265,4208518.522,3781.641113
178.9700014,255028.3991,4208518.52,3781.646484
178.997445,255028.3718,4208518.518,3781.650146
179.0248885,255028.3444,4208518.516,3781.65332
179.0523321,255028.317,4208518.514,3781.656494
179.0797756,255028.2896,4208518.512,3781.659424
179.1072191,255028.2623,4208518.51,3781.662598
179.1346627,255028.2349,4208518.508,3781.665771
179.1621062,255028.2075,4208518.506,3781.668945
179.1895498,255028.1802,4208518.504,3781.672119
179.2169933,255028.1528,4208518.502,3781.675537
179.2444369,255028.1254,4208518.5,3781.679443
179.2718804,255028.098,4208518.498,3781.683105
179.2993239,255028.0707,4208518.496,3781.687256
179.3267675,255028.0433,4208518.495,3781.692139
179.354211,255028.0159,4208518.493,3781.704346
179.3816546,255027.9885,4208518.491,3781.710449
179.4090981,255027.9612,4208518.489,3781.716797
179.4365417,255027.9338,4208518.487,3781.723633
179.4639852,255027.9064,4208518.485,3781.731689
179.4914287,255027.879,4208518.483,3781.73877
179.5188723,255027.8517,4208518.481,3781.746094
179.5463158,255027.8243,4208518.479,3781.752686
179.5737594,255027.7969,4208518.477,3781.758789
179.6012029,255027.7695,4208518.475,3781.764893
179.6286465,255027.7422,4208518.473,3781.770996
179.65609,255027.7148,4208518.471,3781.7771
179.6835335,255027.6874,4208518.469,3781.782715
179.7109771,255027.6601,4208518.467,3781.78833
179.7384206,255027.6327,4208518.465,3781.800781
179.7658642,255027.6053,4208518.463,3781.806641
179.7933077,255027.5779,4208518.461,3781.812988
179.8207513,255027.5506,4208518.459,3781.819824
179.8481948,255027.5232,4208518.457,3781.825928
179.8756383,255027.4958,4208518.455,3781.832764
179.9030819,255027.4684,4208518.453,3781.8396
179.9305254,255027.4411,4208518.452,3781.846924
179.957969,255027.4137,4208518.45,3781.854492
179.9854125,255027.3863,4208518.448,3781.861572
180.0128561,255027.3589,4208518.446,3781.868652
180.0402996,255027.3316,4208518.444,3781.875244
180.0677431,255027.3042,4208518.442,3781.881348
180.0951867,255027.2768,4208518.44,3781.886719
180.1226302,255027.2494,4208518.438,3781.895752
180.1500738,255027.2221,4208518.436,3781.900146
180.1775173,255027.1947,4208518.434,3781.904297
180.2049608,255027.1673,4208518.432,3781.907959
180.2324044,255027.14,4208518.43,3781.911133
180.2598479,255027.1126,4208518.428,3781.914063
180.2872915,255027.0852,4208518.426,3781.916748
180.314735,255027.0578,4208518.424,3781.918945
180.3421786,255027.0305,4208518.422,3781.920654
180.3696221,255027.0031,4208518.42,3781.922363
180.3970656,255026.9757,4208518.418,3781.923828
180.4245092,255026.9483,4208518.416,3781.925049
180.4519527,255026.921,4208518.414,3781.92627
180.4793963,255026.8936,4208518.412,3781.92749
180.5068398,255026.8662,4208518.41,3781.93042
180.5342834,255026.8388,4208518.409,3781.931641
180.5617269,255026.8115,4208518.407,3781.932861
180.5891704,255026.7841,4208518.405,3781.934082
180.616614,255026.7567,4208518.403,3781.935059
180.6440575,255026.7293,4208518.401,3781.936279
180.6715011,255026.702,4208518.399,3781.9375
180.6989446,255026.6746,4208518.397,3781.938721
180.7263882,255026.6472,4208518.395,3781.939941
180.7538317,255026.6198,4208518.393,3781.941162
180.7812752,255026.5925,4208518.391,3781.942627
180.8087188,255026.5651,4208518.389,3781.944092
180.8361623,255026.5377,4208518.387,3781.945313
180.8636059,255026.5104,4208518.385,3781.947021
180.8910494,255026.483,4208518.383,3781.952393
180.918493,255026.4556,4208518.381,3781.954346
180.9459365,255026.4282,4208518.379,3781.956543
180.97338,255026.4009,4208518.377,3781.95874
181.0008236,255026.3735,4208518.375,3781.961426
181.0282671,255026.3461,4208518.373,3781.964111
181.0557107,255026.3187,4208518.371,3781.967285
181.0831542,255026.2914,4208518.369,3781.970947
181.1105978,255026.264,4208518.367,3781.975098
181.1380413,255026.2366,4208518.365,3781.979736
181.1654848,255026.2092,4208518.364,3781.984375
181.1929284,255026.1819,4208518.362,3781.989014
181.2203719,255026.1545,4208518.36,3781.993896
181.2478155,255026.1271,4208518.358,3781.999023
181.275259,255026.0997,4208518.356,3782.010254
181.3027026,255026.0724,4208518.354,3782.015869
181.3301461,255026.045,4208518.352,3782.02124
181.3575896,255026.0176,4208518.35,3782.026367
181.3850332,255025.9903,4208518.348,3782.031738
181.4124767,255025.9629,4208518.346,3782.036865
181.4399203,255025.9355,4208518.344,3782.041504
181.4673638,255025.9081,4208518.342,3782.046143
181.4948074,255025.8808,4208518.34,3782.050781
181.5222509,255025.8534,4208518.338,3782.05542
181.5496944,255025.826,4208518.336,3782.060059
181.577138,255025.7986,4208518.334,3782.064697
181.6045815,255025.7713,4208518.332,3782.069092
181.6320251,255025.7439,4208518.33,3782.073486
181.6594686,255025.7165,4208518.328,3782.080811
181.6869121,255025.6891,4208518.326,3782.084717
181.7143557,255025.6618,4208518.324,3782.088867
181.7417992,255025.6344,4208518.322,3782.093018
181.7692428,255025.607,4208518.321,3782.097168
181.7966863,255025.5796,4208518.319,3782.101074
181.8241299,255025.5523,4208518.317,3782.105225
181.8515734,255025.5249,4208518.315,3782.109863
181.8790169,255025.4975,4208518.313,3782.11499
181.9064605,255025.4701,4208518.311,3782.120605
181.933904,255025.4428,4208518.309,3782.126953
181.9613476,255025.4154,4208518.307,3782.133789
181.9887911,255025.388,4208518.305,3782.140381
182.0162347,255025.3607,4208518.303,3782.146484
182.0436782,255025.3333,4208518.301,3782.152588
182.0711217,255025.3059,4208518.299,3782.157959
182.0985653,255025.2785,4208518.297,3782.16333
182.1260088,255025.2512,4208518.295,3782.167969
182.1534524,255025.2238,4208518.293,3782.172363
182.1808959,255025.1964,4208518.291,3782.176025
182.2083395,255025.169,4208518.289,3782.178955
182.235783,255025.1417,4208518.287,3782.181641
182.2632265,255025.1143,4208518.285,3782.183838
182.2906701,255025.0869,4208518.283,3782.186035
182.3181136,255025.0595,4208518.281,3782.187988
182.3455572,255025.0322,4208518.279,3782.189453
182.3730007,255025.0048,4208518.278,3782.191162
182.4004443,255024.9774,4208518.276,3782.192627
182.4278878,255024.95,4208518.274,3782.195068
182.4553313,255024.9227,4208518.272,3782.197266
182.4827749,255024.8953,4208518.27,3782.199951
182.5102184,255024.8679,4208518.268,3782.203369
182.537662,255024.8406,4208518.266,3782.20752
182.5651055,255024.8132,4208518.264,3782.213135
182.5931486,255024.7857,4208518.258,3782.219482
182.6211917,255024.7583,4208518.252,3782.227295
182.6492349,255024.7309,4208518.246,3782.237305
182.677278,255024.7034,4208518.241,3782.246826
182.7053211,255024.676,4208518.235,3782.256592
182.7333642,255024.6485,4208518.229,3782.265625
182.7614073,255024.6211,4208518.223,3782.274414
182.7894504,255024.5936,4208518.218,3782.284424
182.8174935,255024.5662,4208518.212,3782.291992
182.8455367,255024.5388,4208518.206,3782.299316
182.8735798,255024.5113,4208518.2,3782.307129
182.9016229,255024.4839,4208518.194,3782.31543
182.929666,255024.4564,4208518.189,3782.322998
182.9577091,255024.429,4208518.183,3782.330811
182.9857522,255024.4016,4208518.177,3782.338867
183.0137953,255024.3741,4208518.171,3782.34668
183.0418384,255024.3467,4208518.166,3782.352295
183.0698816,255024.3192,4208518.16,3782.359375
183.0979247,255024.2918,4208518.154,3782.365723
183.1259678,255024.2643,4208518.148,3782.371094
183.1540109,255024.2369,4208518.142,3782.375488
183.182054,255024.2095,4208518.137,3782.379883
183.2100971,255024.182,4208518.131,3782.383789
183.2381402,255024.1546,4208518.125,3782.386719
183.2661834,255024.1271,4208518.119,3782.390137
183.2942265,255024.0997,4208518.114,3782.393066
183.3222696,255024.0723,4208518.108,3782.395752
183.3503127,255024.0448,4208518.102,3782.398193
183.3783558,255024.0174,4208518.096,3782.400391
183.4063989,255023.9899,4208518.091,3782.402344
183.434442,255023.9625,4208518.085,3782.404297
183.4624852,255023.935,4208518.079,3782.406006
183.4905283,255023.9076,4208518.073,3782.407471
183.5185714,255023.8802,4208518.067,3782.40918
183.5466145,255023.8527,4208518.062,3782.410889
183.5746576,255023.8253,4208518.056,3782.412354
183.6027007,255023.7978,4208518.05,3782.413574
183.6307438,255023.7704,4208518.044,3782.414795
183.658787,255023.743,4208518.039,3782.41626
183.6868301,255023.7155,4208518.033,3782.418213
183.7148732,255023.6881,4208518.027,3782.420898
183.7429163,255023.6606,4208518.021,3782.423828
183.7709594,255023.6332,4208518.015,3782.42749
183.7990025,255023.6057,4208518.01,3782.432129
183.8270456,255023.5783,4208518.004,3782.437256
183.8550888,255023.5509,4208517.998,3782.443359
183.8831319,255023.5234,4208517.992,3782.449219
183.911175,255023.496,4208517.987,3782.455322
183.9392181,255023.4685,4208517.981,3782.462158
183.9672612,255023.4411,4208517.975,3782.468994
183.9953043,255023.4137,4208517.969,3782.47583
184.0233474,255023.3862,4208517.963,3782.482178
184.0513906,255023.3588,4208517.958,3782.488525
184.0794337,255023.3313,4208517.952,3782.494629
184.1074768,255023.3039,4208517.946,3782.500488
184.1355199,255023.2764,4208517.94,3782.506592
184.163563,255023.249,4208517.935,3782.512695
184.1916061,255023.2216,4208517.929,3782.518799
184.2196492,255023.1941,4208517.923,3782.524902
184.2476923,255023.1667,4208517.917,3782.530518
184.2757355,255023.1392,4208517.911,3782.535889
184.3037786,255023.1118,4208517.906,3782.540771
184.3318217,255023.0844,4208517.9,3782.54541
184.3598648,255023.0569,4208517.894,3782.550049
184.3879079,255023.0295,4208517.888,3782.553955
184.415951,255023.002,4208517.883,3782.557617
184.4439941,255022.9746,4208517.877,3782.561279
184.4720373,255022.9471,4208517.871,3782.564941
184.5000804,255022.9197,4208517.865,3782.568848
184.5281235,255022.8923,4208517.859,3782.572021
184.5561666,255022.8648,4208517.854,3782.576904
184.5842097,255022.8374,4208517.848,3782.582275
184.6122528,255022.8099,4208517.842,3782.587646
184.6402959,255022.7825,4208517.836,3782.591553
184.6683391,255022.7551,4208517.831,3782.596436
184.6963822,255022.7276,4208517.825,3782.601318
184.7244253,255022.7002,4208517.819,3782.605957
184.7524684,255022.6727,4208517.813,3782.610352
184.7805115,255022.6453,4208517.807,3782.613037
184.8085546,255022.6179,4208517.802,3782.616699
184.8365977,255022.5904,4208517.796,3782.619873
184.8646409,255022.563,4208517.79,3782.622803
184.892684,255022.5355,4208517.784,3782.625732
184.9207271,255022.5081,4208517.779,3782.627441
184.9487702,255022.4806,4208517.773,3782.630371
184.9768133,255022.4532,4208517.767,3782.633057
185.0048564,255022.4258,4208517.761,3782.63623
185.0328995,255022.3983,4208517.755,3782.639893
185.0609427,255022.3709,4208517.75,3782.642334
185.0889858,255022.3434,4208517.744,3782.645996
185.1170289,255022.316,4208517.738,3782.649414
185.145072,255022.2886,4208517.732,3782.652832
185.1731151,255022.2611,4208517.727,3782.655029
185.2011582,255022.2337,4208517.721,3782.657715
185.2292013,255022.2062,4208517.715,3782.660156
185.2572444,255022.1788,4208517.709,3782.662354
185.2852876,255022.1513,4208517.703,3782.664307
185.3133307,255022.1239,4208517.698,3782.665283
185.3413738,255022.0965,4208517.692,3782.666992
185.3694169,255022.069,4208517.686,3782.668701
185.39746,255022.0416,4208517.68,3782.670166
185.4255031,255022.0141,4208517.675,3782.671631
185.4535462,255021.9867,4208517.669,3782.671875
185.4815894,255021.9593,4208517.663,3782.673096
185.5096325,255021.9318,4208517.657,3782.674316
185.5376756,255021.9044,4208517.651,3782.675781
185.5657187,255021.8769,4208517.646,3782.675537
185.5937618,255021.8495,4208517.64,3782.676758
185.6218049,255021.822,4208517.634,3782.677979
185.649848,255021.7946,4208517.628,3782.679199
185.6778912,255021.7672,4208517.623,3782.680664
185.7059343,255021.7397,4208517.617,3782.680176
185.7339774,255021.7123,4208517.611,3782.681641
185.7620205,255021.6848,4208517.605,3782.68335
185.7900636,255021.6574,4208517.599,3782.685059
185.8181067,255021.63,4208517.594,3782.687256
185.8461498,255021.6025,4208517.588,3782.686279
185.874193,255021.5751,4208517.582,3782.688477
185.9022361,255021.5476,4208517.576,3782.691406
185.9302792,255021.5202,4208517.571,3782.69458
185.9583223,255021.4927,4208517.565,3782.69751
185.9863654,255021.4653,4208517.559,3782.696533
186.0144085,255021.4379,4208517.553,3782.700439
186.0424516,255021.4104,4208517.547,3782.704346
186.0704948,255021.383,4208517.542,3782.708252
186.0985379,255021.3555,4208517.536,3782.707031
186.126581,255021.3281,4208517.53,3782.71167
186.1546241,255021.3007,4208517.524,3782.716797
186.1826672,255021.2732,4208517.519,3782.72168
186.2107103,255021.2458,4208517.513,3782.727295
186.2387534,255021.2183,4208517.507,3782.726318
186.2667965,255021.1909,4208517.501,3782.73291
186.2948397,255021.1634,4208517.495,3782.740234
186.3228828,255021.136,4208517.49,3782.748535
186.3509259,255021.1086,4208517.484,3782.757813
186.378969,255021.0811,4208517.478,3782.753174
186.4070121,255021.0537,4208517.472,3782.761963
186.4350552,255021.0262,4208517.467,3782.770264
186.4630983,255020.9988,4208517.461,3782.779297
186.4911415,255020.9714,4208517.455,3782.78833
186.5191846,255020.9439,4208517.449,3782.776123
186.5472277,255020.9165,4208517.443,3782.782227
186.5752708,255020.889,4208517.438,3782.787354
186.6033139,255020.8616,4208517.432,3782.790039
186.631357,255020.8341,4208517.426,3782.771484
186.6594001,255020.8067,4208517.42,3782.773438
186.6874433,255020.7793,4208517.415,3782.774658
186.7154864,255020.7518,4208517.409,3782.774414
186.7435295,255020.7244,4208517.403,3782.773438
186.7715726,255020.6969,4208517.397,3782.756104
186.7996157,255020.6695,4208517.391,3782.755371
186.8276588,255020.6421,4208517.386,3782.753418
186.8557019,255020.6146,4208517.38,3782.751953
186.8837451,255020.5872,4208517.374,3782.750977
186.9117882,255020.5597,4208517.368,3782.738037
186.9398313,255020.5323,4208517.363,3782.738281
186.9678744,255020.5048,4208517.357,3782.73877
186.9959175,255020.4774,4208517.351,3782.739502
187.0239606,255020.45,4208517.345,3782.741211
187.0520037,255020.4225,4208517.339,3782.732666
187.0800469,255020.3951,4208517.334,3782.735352
187.10809,255020.3676,4208517.328,3782.737549
187.1361331,255020.3402,4208517.322,3782.740234
187.1641762,255020.3128,4208517.316,3782.735107
187.1922193,255020.2853,4208517.311,3782.73877
187.2202624,255020.2579,4208517.305,3782.743164
187.2483055,255020.2304,4208517.299,3782.74707
187.2763486,255020.203,4208517.293,3782.750732
187.3043918,255020.1755,4208517.287,3782.748047
187.3324349,255020.1481,4208517.282,3782.752197
187.360478,255020.1207,4208517.276,3782.757324
187.3885211,255020.0932,4208517.27,3782.762451
187.4165642,255020.0658,4208517.264,3782.76709
187.4446073,255020.0383,4208517.259,3782.766602
187.4726504,255020.0109,4208517.253,3782.771729
187.5006936,255019.9835,4208517.247,3782.7771
187.5287367,255019.956,4208517.241,3782.782227
187.5567798,255019.9286,4208517.235,3782.786865
187.5848229,255019.9011,4208517.23,3782.787109
187.612866,255019.8737,4208517.224,3782.791748
187.6409091,255019.8463,4208517.218,3782.796143
187.6689522,255019.8188,4208517.212,3782.800781
187.6969954,255019.7914,4208517.207,3782.800537
187.7250385,255019.7639,4208517.201,3782.804688
187.7530816,255019.7365,4208517.195,3782.808594
187.7811247,255019.709,4208517.189,3782.812012
187.8091678,255019.6816,4208517.183,3782.815186
187.8372109,255019.6542,4208517.178,3782.813965
187.865254,255019.6267,4208517.172,3782.816895
187.8932972,255019.5993,4208517.166,3782.81958
187.9213403,255019.5718,4208517.16,3782.821777
187.9493834,255019.5444,4208517.155,3782.823975
187.9774265,255019.517,4208517.149,3782.822021
188.0054696,255019.4895,4208517.143,3782.823975
188.0335127,255019.4621,4208517.137,3782.825684
188.0615558,255019.4346,4208517.131,3782.827148
188.089599,255019.4072,4208517.126,3782.824463
188.1176421,255019.3797,4208517.12,3782.825684
188.1456852,255019.3523,4208517.114,3782.826416
188.1737283,255019.3249,4208517.108,3782.826904
188.2017714,255019.2974,4208517.103,3782.828125
188.2298145,255019.27,4208517.097,3782.82373
188.2578576,255019.2425,4208517.091,3782.824463
188.2859007,255019.2151,4208517.085,3782.824707
188.3139439,255019.1877,4208517.079,3782.824951
188.341987,255019.1602,4208517.074,3782.824951
188.3700301,255019.1328,4208517.068,3782.818848
188.3980732,255019.1053,4208517.062,3782.819336
188.4261163,255019.0779,4208517.056,3782.819824
188.4541594,255019.0504,4208517.051,3782.820068
188.4822025,255019.023,4208517.045,3782.820557
188.5102457,255018.9956,4208517.039,3782.815186
188.5382888,255018.9681,4208517.033,3782.816162
188.5663319,255018.9407,4208517.028,3782.817139
188.594375,255018.9132,4208517.022,3782.817871
188.6224181,255018.8858,4208517.016,3782.811523
188.6504612,255018.8584,4208517.01,3782.812744
188.6785043,255018.8309,4208517.004,3782.814209
188.7065475,255018.8035,4208516.999,3782.816406
188.7345906,255018.776,4208516.993,3782.817871
188.7626337,255018.7486,4208516.987,3782.812012
188.7906768,255018.7211,4208516.981,3782.814209
188.8187199,255018.6937,4208516.976,3782.816895
188.846763,255018.6663,4208516.97,3782.819336
188.8748061,255018.6388,4208516.964,3782.822998
188.9028493,255018.6114,4208516.958,3782.817871
188.9308924,255018.5839,4208516.952,3782.821777
188.9589355,255018.5565,4208516.947,3782.826172
188.9869786,255018.5291,4208516.941,3782.830811
189.0150217,255018.5016,4208516.935,3782.835205
189.0430648,255018.4742,4208516.929,3782.831543
189.0711079,255018.4467,4208516.924,3782.836182
189.0991511,255018.4193,4208516.918,3782.840576
189.1271942,255018.3918,4208516.912,3782.844971
189.1552373,255018.3644,4208516.906,3782.841309
189.1832804,255018.337,4208516.9,3782.84668
189.2113235,255018.3095,4208516.895,3782.851563
189.2393666,255018.2821,4208516.889,3782.856689
189.2674097,255018.2546,4208516.883,3782.862061
189.2954528,255018.2272,4208516.877,3782.859863
189.323496,255018.1998,4208516.872,3782.865479
189.3515391,255018.1723,4208516.866,3782.871338
189.3795822,255018.1449,4208516.86,3782.875977
189.4076253,255018.1174,4208516.854,3782.881104
189.4356684,255018.09,4208516.848,3782.878418
189.4637115,255018.0625,4208516.843,3782.883301
189.4917546,255018.0351,4208516.837,3782.887939
189.5197978,255018.0077,4208516.831,3782.89209
189.5478409,255017.9802,4208516.825,3782.896729
189.575884,255017.9528,4208516.82,3782.892334
189.6039271,255017.9253,4208516.814,3782.896729
189.6319702,255017.8979,4208516.808,3782.900879
189.6600133,255017.8705,4208516.802,3782.904785
189.6880564,255017.843,4208516.796,3782.899902
189.7160996,255017.8156,4208516.791,3782.904053
189.7441427,255017.7881,4208516.785,3782.907715
189.7721858,255017.7607,4208516.779,3782.911621
189.8002289,255017.7332,4208516.773,3782.915771
189.828272,255017.7058,4208516.768,3782.9104
189.8563151,255017.6784,4208516.762,3782.914307
189.8843582,255017.6509,4208516.756,3782.918213
189.9124014,255017.6235,4208516.75,3782.922119
189.9404445,255017.596,4208516.744,3782.92627
189.9684876,255017.5686,4208516.739,3782.920166
189.9965307,255017.5412,4208516.733,3782.923584
190.0245738,255017.5137,4208516.727,3782.927246
190.0526169,255017.4863,4208516.721,3782.930908
190.08066,255017.4588,4208516.716,3782.93457
190.1087032,255017.4314,4208516.71,3782.928223
190.1367463,255017.4039,4208516.704,3782.931885
190.1647894,255017.3765,4208516.698,3782.935059
190.1928325,255017.3491,4208516.692,3782.938721
190.2208756,255017.3216,4208516.687,3782.932373
190.2489187,255017.2942,4208516.681,3782.935791
190.2769618,255017.2667,4208516.675,3782.939453
190.3050049,255017.2393,4208516.669,3782.943115
190.3330481,255017.2119,4208516.664,3782.947021
190.3610912,255017.1844,4208516.658,3782.940674
190.3891343,255017.157,4208516.652,3782.94458
190.4171774,255017.1295,4208516.646,3782.947754
190.4452205,255017.1021,4208516.64,3782.951172
190.4732636,255017.0747,4208516.635,3782.954834
190.5013067,255017.0472,4208516.629,3782.948242
190.5293499,255017.0198,4208516.623,3782.951416
190.557393,255016.9923,4208516.617,3782.954834
190.5854361,255016.9649,4208516.612,3782.958496
190.6134792,255016.9374,4208516.606,3782.952393
190.6415223,255016.91,4208516.6,3782.956299
190.6695654,255016.8826,4208516.594,3782.960205
190.6976085,255016.8551,4208516.588,3782.964111
190.7256517,255016.8277,4208516.583,3782.968018
190.7536948,255016.8002,4208516.577,3782.96167
190.7817379,255016.7728,4208516.571,3782.96582
190.809781,255016.7454,4208516.565,3782.970215
190.8378241,255016.7179,4208516.56,3782.974365
190.8658672,255016.6905,4208516.554,3782.978516
190.8939103,255016.663,4208516.548,3782.97583
190.9219535,255016.6356,4208516.542,3782.97998
190.9499966,255016.6081,4208516.536,3782.984131
190.9780397,255016.5807,4208516.531,3782.989014
191.0060828,255016.5533,4208516.525,3782.993896
191.0341259,255016.5258,4208516.519,3782.986572
191.062169,255016.4984,4208516.513,3782.990967
191.0902121,255016.4709,4208516.508,3782.995605
191.1182553,255016.4435,4208516.502,3783.000244
191.1462984,255016.4161,4208516.496,3782.99292
191.1743415,255016.3886,4208516.49,3782.998291
191.2023846,255016.3612,4208516.484,3783.002686
191.2304277,255016.3337,4208516.479,3783.008301
191.2584708,255016.3063,4208516.473,3783.013916
191.2865139,255016.2788,4208516.467,3783.006836
191.3145571,255016.2514,4208516.461,3783.012451
191.3426002,255016.224,4208516.456,3783.018555
191.3706433,255016.1965,4208516.45,3783.024658
191.3986864,255016.1691,4208516.444,3783.029785
191.4267295,255016.1416,4208516.438,3783.023926
191.4547726,255016.1142,4208516.432,3783.029785
191.4828157,255016.0868,4208516.427,3783.035889
191.5108588,255016.0593,4208516.421,3783.041992
191.538902,255016.0319,4208516.415,3783.047607
191.5669451,255016.0044,4208516.409,3783.042236
191.5949882,255015.977,4208516.404,3783.047852
191.6230313,255015.9495,4208516.398,3783.053467
191.6510744,255015.9221,4208516.392,3783.05835
191.6791175,255015.8947,4208516.386,3783.052734
191.7071606,255015.8672,4208516.38,3783.057861
191.7352038,255015.8398,4208516.375,3783.062012
191.7632469,255015.8123,4208516.369,3783.066895
191.79129,255015.7849,4208516.363,3783.072266
191.8193331,255015.7575,4208516.357,3783.064453
191.8473762,255015.73,4208516.352,3783.069092
191.8754193,255015.7026,4208516.346,3783.073486
191.9034624,255015.6751,4208516.34,3783.077393
191.9315056,255015.6477,4208516.334,3783.081543
191.9595487,255015.6202,4208516.328,3783.072266
191.9875918,255015.5928,4208516.323,3783.075928
192.0156349,255015.5654,4208516.317,3783.079102
192.043678,255015.5379,4208516.311,3783.082031
192.0717211,255015.5105,4208516.305,3783.085693
192.0997642,255015.483,4208516.3,3783.073975
192.1278074,255015.4556,4208516.294,3783.07666
192.1558505,255015.4282,4208516.288,3783.079102
192.1838936,255015.4007,4208516.282,3783.082031
192.2119367,255015.3733,4208516.276,3783.069336
192.2399798,255015.3458,4208516.271,3783.07251
192.2680229,255015.3184,4208516.265,3783.075928
192.296066,255015.2909,4208516.259,3783.07959
192.3241092,255015.2635,4208516.253,3783.083984
192.3521523,255015.2361,4208516.248,3783.070801
192.3801954,255015.2086,4208516.242,3783.075684
192.4082385,255015.1812,4208516.236,3783.081055
192.4362816,255015.1537,4208516.23,3783.087158
192.4643247,255015.1263,4208516.224,3783.093018
192.4923678,255015.0989,4208516.219,3783.07959
192.5204109,255015.0714,4208516.213,3783.086426
192.5484541,255015.044,4208516.207,3783.093262
192.5764972,255015.0165,4208516.201,3783.101074
192.6045403,255014.9891,4208516.196,3783.108643
192.6325834,255014.9616,4208516.19,3783.096924
192.6606265,255014.9342,4208516.184,3783.104492
192.6886696,255014.9068,4208516.178,3783.113037
192.7167127,255014.8793,4208516.172,3783.122314
192.7447559,255014.8519,4208516.167,3783.113037
192.772799,255014.8244,4208516.161,3783.121338
192.8008421,255014.797,4208516.155,3783.128418
192.8288852,255014.7696,4208516.149,3783.134766
192.8569283,255014.7421,4208516.144,3783.140137
192.8849714,255014.7147,4208516.138,3783.133057
192.9130145,255014.6872,4208516.132,3783.137207
192.9410577,255014.6598,4208516.126,3783.141846
192.9691008,255014.6323,4208516.12,3783.145752
192.9971439,255014.6049,4208516.115,3783.148682
193.025187,255014.5775,4208516.109,3783.141846
193.0532301,255014.55,4208516.103,3783.144531
193.0812732,255014.5226,4208516.097,3783.147217
193.1143716,255014.5042,4208516.07,3783.136963
193.1474699,255014.4859,4208516.042,3783.130371
193.1805683,255014.4675,4208516.015,3783.123047
193.2136667,255014.4491,4208515.987,3783.113525
193.246765,255014.4308,4208515.96,3783.108154
193.2798634,255014.4124,4208515.932,3783.103271
193.3129618,255014.3941,4208515.905,3783.095459
193.3460601,255014.3757,4208515.877,3783.091553
193.3791585,255014.3573,4208515.85,3783.087402
193.4122568,255014.339,4208515.822,3783.080322
193.4453552,255014.3206,4208515.794,3783.076904
193.4784536,255014.3023,4208515.767,3783.073242
193.5115519,255014.2839,4208515.739,3783.06665
193.5446503,255014.2655,4208515.712,3783.063477
193.5777486,255014.2472,4208515.684,3783.060059
193.610847,255014.2288,4208515.657,3783.053467
193.6439454,255014.2105,4208515.629,3783.049316
193.6770437,255014.1921,4208515.602,3783.044678
193.7101421,255014.1737,4208515.574,3783.037354
193.7432405,255014.1554,4208515.547,3783.032227
193.7763388,255014.137,4208515.519,3783.025635
193.8094372,255014.1187,4208515.492,3783.017334
193.8425355,255014.1003,4208515.464,3783.009521
193.8756339,255014.082,4208515.436,3783.000977
193.9087323,255014.0636,4208515.409,3782.991455
193.9418306,255014.0452,4208515.381,3782.981934
193.974929,255014.0269,4208515.354,3782.969727
194.0080273,255014.0085,4208515.326,3782.959717
194.0411257,255013.9902,4208515.299,3782.942383
194.0742241,255013.9718,4208515.271,3782.91748
194.1073224,255013.9534,4208515.244,3782.896484
194.1404208,255013.9351,4208515.216,3782.850098
194.1735192,255013.9167,4208515.189,3782.792725
194.2066175,255013.8984,4208515.161,3782.742432
194.2397159,255013.88,4208515.133,3782.715576
194.2728142,255013.8616,4208515.106,3782.683838
194.3059126,255013.8433,4208515.078,3782.673096
194.339011,255013.8249,4208515.051,3782.669189
194.3721093,255013.8066,4208515.023,3782.66626
194.4052077,255013.7882,4208514.996,3782.665527
194.438306,255013.7698,4208514.968,3782.663818
194.4714044,255013.7515,4208514.941,3782.664063
194.5045028,255013.7331,4208514.913,3782.665283
194.5376011,255013.7148,4208514.886,3782.664795
194.5706995,255013.6964,4208514.858,3782.66748
194.6037978,255013.678,4208514.831,3782.673828
194.6368962,255013.6597,4208514.803,3782.680176
194.6699946,255013.6413,4208514.775,3782.699707
194.7030929,255013.623,4208514.748,3782.725342
194.7361913,255013.6046,4208514.72,3782.741455
194.7692897,255013.5862,4208514.693,3782.768311
194.802388,255013.5679,4208514.665,3782.79248
194.8354864,255013.5495,4208514.638,3782.807861
194.8685847,255013.5312,4208514.61,3782.831787
194.9016831,255013.5128,4208514.583,3782.854004
194.9347815,255013.4944,4208514.555,3782.868408
194.9678798,255013.4761,4208514.528,3782.889648
195.0009782,255013.4577,4208514.5,3782.910889
195.0340765,255013.4394,4208514.473,3782.926025
195.0340765,255013.4394,4208514.473,3782.926025