x,E,N,z
0,259960.1161,4203340.502,3558.911865
0.027910619,259960.14,4203340.488,3558.888672
0.055821239,259960.1638,4203340.474,3558.867432
0.083731858,259960.1877,4203340.459,3558.847412
0.111642477,259960.2116,4203340.445,3558.830078
0.139553097,259960.2355,4203340.43,3558.816406
0.167463716,259960.2593,4203340.416,3558.809326
0.195374335,259960.2832,4203340.401,3558.80542
0.223284954,259960.3071,4203340.387,3558.798828
0.251195574,259960.331,4203340.372,3558.795654
0.279106193,259960.3549,4203340.358,3558.786621
0.307016812,259960.3787,4203340.344,3558.782227
0.334927432,259960.4026,4203340.329,3558.77832
0.362838051,259960.4265,4203340.315,3558.766846
0.39074867,259960.4504,4203340.3,3558.763184
0.41865929,259960.4742,4203340.286,3558.760986
0.446569909,259960.4981,4203340.271,3558.748535
0.474480528,259960.522,4203340.257,3558.744385
0.502391147,259960.5459,4203340.242,3558.731201
0.530301767,259960.5697,4203340.228,3558.729736
0.558212386,259960.5936,4203340.213,3558.72876
0.586123005,259960.6175,4203340.199,3558.717529
0.614033625,259960.6414,4203340.185,3558.717041
0.641944244,259960.6653,4203340.17,3558.706543
0.669854863,259960.6891,4203340.156,3558.707031
0.697765483,259960.713,4203340.141,3558.708252
0.725676102,259960.7369,4203340.127,3558.69873
0.753586721,259960.7608,4203340.112,3558.700195
0.781497341,259960.7846,4203340.098,3558.692139
0.80940796,259960.8085,4203340.083,3558.693604
0.837318579,259960.8324,4203340.069,3558.693604
0.865229198,259960.8563,4203340.054,3558.684082
0.893139818,259960.8802,4203340.04,3558.682861
0.921050437,259960.904,4203340.026,3558.67334
0.948961056,259960.9279,4203340.011,3558.671387
0.976871676,259960.9518,4203339.997,3558.669922
1.004782295,259960.9757,4203339.982,3558.662842
1.032692914,259960.9995,4203339.968,3558.662354
1.060603534,259961.0234,4203339.953,3558.656738
1.088514153,259961.0473,4203339.939,3558.656982
1.116424772,259961.0712,4203339.924,3558.657715
1.144335391,259961.0951,4203339.91,3558.653076
1.172246011,259961.1189,4203339.895,3558.653809
1.20015663,259961.1428,4203339.881,3558.648682
1.228067249,259961.1667,4203339.867,3558.64917
1.255977869,259961.1906,4203339.852,3558.649658
1.283888488,259961.2144,4203339.838,3558.644531
1.311799107,259961.2383,4203339.823,3558.644287
1.339709727,259961.2622,4203339.809,3558.644287
1.367620346,259961.2861,4203339.794,3558.639404
1.395530965,259961.31,4203339.78,3558.639404
1.423441584,259961.3338,4203339.765,3558.634521
1.451352204,259961.3577,4203339.751,3558.634766
1.479262823,259961.3816,4203339.737,3558.635254
1.507173442,259961.4055,4203339.722,3558.630615
1.535084062,259961.4293,4203339.708,3558.631592
1.562994681,259961.4532,4203339.693,3558.62793
1.5909053,259961.4771,4203339.679,3558.628662
1.61881592,259961.501,4203339.664,3558.629395
1.646726539,259961.5249,4203339.65,3558.624268
1.674637158,259961.5487,4203339.635,3558.625244
1.702547778,259961.5726,4203339.621,3558.618652
1.730458397,259961.5965,4203339.606,3558.619873
1.758369016,259961.6204,4203339.592,3558.621094
1.786279635,259961.6442,4203339.578,3558.614014
1.814190255,259961.6681,4203339.563,3558.616455
1.842100874,259961.692,4203339.549,3558.609619
1.870011493,259961.7159,4203339.534,3558.614258
1.897922113,259961.7397,4203339.52,3558.619385
1.925832732,259961.7636,4203339.505,3558.614746
1.953743351,259961.7875,4203339.491,3558.621338
1.981653971,259961.8114,4203339.476,3558.617188
2.00956459,259961.8353,4203339.462,3558.626709
2.037475209,259961.8591,4203339.447,3558.633789
2.065385828,259961.883,4203339.433,3558.631836
2.093296448,259961.9069,4203339.419,3558.640137
2.121207067,259961.9308,4203339.404,3558.638428
2.149117686,259961.9546,4203339.39,3558.645752
2.177028306,259961.9785,4203339.375,3558.652832
2.204938925,259962.0024,4203339.361,3558.649658
2.232849544,259962.0263,4203339.346,3558.653809
2.260760164,259962.0502,4203339.332,3558.650146
2.288670783,259962.074,4203339.317,3558.652588
2.316581402,259962.0979,4203339.303,3558.65332
2.344492022,259962.1218,4203339.288,3558.648438
2.372402641,259962.1457,4203339.274,3558.648193
2.40031326,259962.1695,4203339.26,3558.646484
2.428223879,259962.1934,4203339.245,3558.639893
2.456134499,259962.2173,4203339.231,3558.637939
2.484045118,259962.2412,4203339.216,3558.630371
2.511955737,259962.2651,4203339.202,3558.627441
2.539866357,259962.2889,4203339.187,3558.624023
2.567776976,259962.3128,4203339.173,3558.617676
2.595687595,259962.3367,4203339.158,3558.614746
2.623598215,259962.3606,4203339.144,3558.608154
2.651508834,259962.3844,4203339.13,3558.60498
2.679419453,259962.4083,4203339.115,3558.602539
2.707330072,259962.4322,4203339.101,3558.595215
2.735240692,259962.4561,4203339.086,3558.592773
2.763151311,259962.48,4203339.072,3558.58667
2.79106193,259962.5038,4203339.057,3558.585205
2.81897255,259962.5277,4203339.043,3558.58374
2.846883169,259962.5516,4203339.028,3558.579102
2.874793788,259962.5755,4203339.014,3558.579102
2.902704408,259962.5993,4203338.999,3558.575195
2.930615027,259962.6232,4203338.985,3558.575684
2.958525646,259962.6471,4203338.971,3558.577148
2.986436265,259962.671,4203338.956,3558.573975
3.014346885,259962.6949,4203338.942,3558.576172
3.042257504,259962.7187,4203338.927,3558.573486
3.070168123,259962.7426,4203338.913,3558.576416
3.098078743,259962.7665,4203338.898,3558.582031
3.125989362,259962.7904,4203338.884,3558.579346
3.153899981,259962.8142,4203338.869,3558.591553
3.181810601,259962.8381,4203338.855,3558.591797
3.20972122,259962.862,4203338.84,3558.612305
3.237631839,259962.8859,4203338.826,3558.635742
3.265542459,259962.9097,4203338.812,3558.637939
3.293453078,259962.9336,4203338.797,3558.654053
3.321363697,259962.9575,4203338.783,3558.655518
3.349274316,259962.9814,4203338.768,3558.668457
3.377184936,259963.0053,4203338.754,3558.682373
3.405095555,259963.0291,4203338.739,3558.683105
3.433006174,259963.053,4203338.725,3558.692871
3.460916794,259963.0769,4203338.71,3558.701172
3.488827413,259963.1008,4203338.696,3558.701416
3.516738032,259963.1246,4203338.682,3558.710205
3.544648652,259963.1485,4203338.667,3558.710449
3.572559271,259963.1724,4203338.653,3558.718994
3.60046989,259963.1963,4203338.638,3558.723145
3.628380509,259963.2202,4203338.624,3558.722412
3.656291129,259963.244,4203338.609,3558.723877
3.684201748,259963.2679,4203338.595,3558.723145
3.712112367,259963.2918,4203338.58,3558.724121
3.740022987,259963.3157,4203338.566,3558.725098
3.767933606,259963.3395,4203338.551,3558.723633
3.795844225,259963.3634,4203338.537,3558.724121
3.823754845,259963.3873,4203338.523,3558.723145
3.851665464,259963.4112,4203338.508,3558.723145
3.879576083,259963.4351,4203338.494,3558.7229
3.907486703,259963.4589,4203338.479,3558.722168
3.935397322,259963.4828,4203338.465,3558.72168
3.963307941,259963.5067,4203338.45,3558.719971
3.99121856,259963.5306,4203338.436,3558.718506
4.01912918,259963.5544,4203338.421,3558.716553
4.047039799,259963.5783,4203338.407,3558.711914
4.074950418,259963.6022,4203338.392,3558.703125
4.102861038,259963.6261,4203338.378,3558.689697
4.130771657,259963.65,4203338.364,3558.673096
4.158682276,259963.6738,4203338.349,3558.657959
4.186592896,259963.6977,4203338.335,3558.645996
4.214503515,259963.7216,4203338.32,3558.634277
4.242414134,259963.7455,4203338.306,3558.623047
4.270324753,259963.7693,4203338.291,3558.611328
4.298235373,259963.7932,4203338.277,3558.602539
4.326145992,259963.8171,4203338.262,3558.596191
4.354056611,259963.841,4203338.248,3558.590088
4.381967231,259963.8648,4203338.233,3558.584961
4.40987785,259963.8887,4203338.219,3558.581787
4.437788469,259963.9126,4203338.205,3558.579834
4.465699089,259963.9365,4203338.19,3558.577881
4.493609708,259963.9604,4203338.176,3558.577393
4.521520327,259963.9842,4203338.161,3558.577637
4.549430946,259964.0081,4203338.147,3558.577393
4.577341566,259964.032,4203338.132,3558.578857
4.605252185,259964.0559,4203338.118,3558.579346
4.633162804,259964.0797,4203338.103,3558.581787
4.661073424,259964.1036,4203338.089,3558.584229
4.688984043,259964.1275,4203338.075,3558.584961
4.716894662,259964.1514,4203338.06,3558.588135
4.744805282,259964.1753,4203338.046,3558.588867
4.772715901,259964.1991,4203338.031,3558.591309
4.80062652,259964.223,4203338.017,3558.594482
4.82853714,259964.2469,4203338.002,3558.594971
4.856447759,259964.2708,4203337.988,3558.598389
4.884358378,259964.2946,4203337.973,3558.598389
4.912268997,259964.3185,4203337.959,3558.602539
4.940179617,259964.3424,4203337.944,3558.606934
4.968090236,259964.3663,4203337.93,3558.606445
4.996000855,259964.3902,4203337.916,3558.610596
5.023911475,259964.414,4203337.901,3558.610352
5.051822094,259964.4379,4203337.887,3558.614014
5.079732713,259964.4618,4203337.872,3558.617188
5.107643333,259964.4857,4203337.858,3558.616943
5.135553952,259964.5095,4203337.843,3558.62085
5.163464571,259964.5334,4203337.829,3558.620361
5.19137519,259964.5573,4203337.814,3558.624756
5.21928581,259964.5812,4203337.8,3558.63208
5.247196429,259964.6051,4203337.785,3558.631348
5.275107048,259964.6289,4203337.771,3558.637207
5.303017668,259964.6528,4203337.757,3558.635742
5.330928287,259964.6767,4203337.742,3558.642334
5.358838906,259964.7006,4203337.728,3558.650391
5.386749526,259964.7244,4203337.713,3558.64917
5.414660145,259964.7483,4203337.699,3558.657471
5.442570764,259964.7722,4203337.684,3558.665771
5.470481384,259964.7961,4203337.67,3558.664551
5.498392003,259964.82,4203337.655,3558.675537
5.526302622,259964.8438,4203337.641,3558.674072
5.554213241,259964.8677,4203337.626,3558.683838
5.582123861,259964.8916,4203337.612,3558.693115
5.61003448,259964.9155,4203337.598,3558.690674
5.637945099,259964.9393,4203337.583,3558.700684
5.665855719,259964.9632,4203337.569,3558.698975
5.693766338,259964.9871,4203337.554,3558.709229
5.721676957,259965.011,4203337.54,3558.718994
5.749587577,259965.0348,4203337.525,3558.716064
5.777498196,259965.0587,4203337.511,3558.726318
5.805408815,259965.0826,4203337.496,3558.725586
5.833319434,259965.1065,4203337.482,3558.737549
5.861230054,259965.1304,4203337.468,3558.748535
5.889140673,259965.1542,4203337.453,3558.748291
5.917051292,259965.1781,4203337.439,3558.760986
5.944961912,259965.202,4203337.424,3558.760986
5.972872531,259965.2259,4203337.41,3558.775146
6.00078315,259965.2497,4203337.395,3558.790039
6.02869377,259965.2736,4203337.381,3558.789551
6.056604389,259965.2975,4203337.366,3558.803711
6.084515008,259965.3214,4203337.352,3558.803467
6.112425627,259965.3453,4203337.337,3558.817139
6.140336247,259965.3691,4203337.323,3558.830811
6.168246866,259965.393,4203337.309,3558.831543
6.196157485,259965.4169,4203337.294,3558.844482
6.224068105,259965.4408,4203337.28,3558.845215
6.251978724,259965.4646,4203337.265,3558.856689
6.279889343,259965.4885,4203337.251,3558.867188
6.307799963,259965.5124,4203337.236,3558.866943
6.335710582,259965.5363,4203337.222,3558.874023
6.363621201,259965.5602,4203337.207,3558.873291
6.391531821,259965.584,4203337.193,3558.881104
6.41944244,259965.6079,4203337.178,3558.887451
6.447353059,259965.6318,4203337.164,3558.886719
6.475263678,259965.6557,4203337.15,3558.893555
6.503174298,259965.6795,4203337.135,3558.902588
6.531084917,259965.7034,4203337.121,3558.901855
6.558995536,259965.7273,4203337.106,3558.911621
6.586906156,259965.7512,4203337.092,3558.911377
6.614816775,259965.7751,4203337.077,3558.919434
6.642727394,259965.7989,4203337.063,3558.925049
6.670638014,259965.8228,4203337.048,3558.924316
6.698548633,259965.8467,4203337.034,3558.928467
6.726459252,259965.8706,4203337.02,3558.927979
6.754369871,259965.8944,4203337.005,3558.931152
6.782280491,259965.9183,4203336.991,3558.933838
6.81019111,259965.9422,4203336.976,3558.933594
6.838101729,259965.9661,4203336.962,3558.936035
6.866012349,259965.99,4203336.947,3558.935791
6.893922968,259966.0138,4203336.933,3558.938232
6.921833587,259966.0377,4203336.918,3558.940918
6.949744207,259966.0616,4203336.904,3558.940918
6.977654826,259966.0855,4203336.889,3558.945801
7.005565445,259966.1093,4203336.875,3558.947266
7.033476065,259966.1332,4203336.861,3558.954834
7.061386684,259966.1571,4203336.846,3558.961914
7.089297303,259966.181,4203336.832,3558.9646
7.117207922,259966.2048,4203336.817,3558.976563
7.145118542,259966.2287,4203336.803,3558.982666
7.173029161,259966.2526,4203336.788,3559
7.20093978,259966.2765,4203336.774,3559.019043
7.2288504,259966.3004,4203336.759,3559.025635
7.256761019,259966.3242,4203336.745,3559.039795
7.284671638,259966.3481,4203336.73,3559.044922
7.312582258,259966.372,4203336.716,3559.055908
7.340492877,259966.3959,4203336.702,3559.062988
7.368403496,259966.4197,4203336.687,3559.064941
7.396314115,259966.4436,4203336.673,3559.071777
7.424224735,259966.4675,4203336.658,3559.073486
7.452135354,259966.4914,4203336.644,3559.079346
7.480045973,259966.5153,4203336.629,3559.084717
7.507956593,259966.5391,4203336.615,3559.085449
7.535867212,259966.563,4203336.6,3559.09082
7.563777831,259966.5869,4203336.586,3559.097412
7.591688451,259966.6108,4203336.571,3559.097168
7.61959907,259966.6346,4203336.557,3559.105713
7.647509689,259966.6585,4203336.543,3559.103516
7.675420308,259966.6824,4203336.528,3559.11084
7.703330928,259966.7063,4203336.514,3559.114014
7.731241547,259966.7302,4203336.499,3559.105469
7.759152166,259966.754,4203336.485,3559.106201
7.787062786,259966.7779,4203336.47,3559.096924
7.814973405,259966.8018,4203336.456,3559.097168
7.842884024,259966.8257,4203336.441,3559.097656
7.870794644,259966.8495,4203336.427,3559.092285
7.898705263,259966.8734,4203336.413,3559.093994
7.926615882,259966.8973,4203336.398,3559.090576
7.954526502,259966.9212,4203336.384,3559.092285
7.982437121,259966.9451,4203336.369,3559.094727
8.01034774,259966.9689,4203336.355,3559.092285
8.038258359,259966.9928,4203336.34,3559.094727
8.066168979,259967.0167,4203336.326,3559.093018
8.094079598,259967.0406,4203336.311,3559.095215
8.121990217,259967.0644,4203336.297,3559.097168
8.149900837,259967.0883,4203336.282,3559.095459
8.177811456,259967.1122,4203336.268,3559.097656
8.205722075,259967.1361,4203336.254,3559.095947
8.233632695,259967.1599,4203336.239,3559.0979
8.261543314,259967.1838,4203336.225,3559.100098
8.289453933,259967.2077,4203336.21,3559.098877
8.317364552,259967.2316,4203336.196,3559.101074
8.345275172,259967.2555,4203336.181,3559.100098
8.373185791,259967.2793,4203336.167,3559.102051
8.40109641,259967.3032,4203336.152,3559.104248
8.42900703,259967.3271,4203336.138,3559.103027
8.456917649,259967.351,4203336.123,3559.10498
8.483555162,259967.3749,4203336.112,3559.10376
8.510192675,259967.3988,4203336.1,3559.105713
8.536830189,259967.4227,4203336.088,3559.105225
8.563467702,259967.4467,4203336.077,3559.107178
8.590105215,259967.4706,4203336.065,3559.106445
8.616742728,259967.4945,4203336.053,3559.108643
8.643380242,259967.5185,4203336.042,3559.10791
8.670017755,259967.5424,4203336.03,3559.110107
8.696655268,259967.5663,4203336.018,3559.108887
8.723292781,259967.5902,4203336.006,3559.111084
8.749930295,259967.6142,4203335.995,3559.109863
8.776567808,259967.6381,4203335.983,3559.111816
8.803205321,259967.662,4203335.971,3559.110107
8.829842834,259967.6859,4203335.96,3559.112305
8.856480348,259967.7099,4203335.948,3559.110107
8.883117861,259967.7338,4203335.936,3559.112549
8.909755374,259967.7577,4203335.924,3559.110352
8.936392887,259967.7816,4203335.913,3559.113281
8.963030401,259967.8056,4203335.901,3559.11084
8.989667914,259967.8295,4203335.889,3559.114746
9.016305427,259967.8534,4203335.878,3559.111816
9.04294294,259967.8773,4203335.866,3559.116455
9.069580454,259967.9013,4203335.854,3559.112793
9.096217967,259967.9252,4203335.842,3559.118164
9.12285548,259967.9491,4203335.831,3559.114502
9.149492993,259967.9731,4203335.819,3559.120361
9.176130507,259967.997,4203335.807,3559.11499
9.20276802,259968.0209,4203335.796,3559.121094
9.229405533,259968.0448,4203335.784,3559.115234
9.256043046,259968.0688,4203335.772,3559.122559
9.28268056,259968.0927,4203335.76,3559.116455
9.309318073,259968.1166,4203335.749,3559.124023
9.335955586,259968.1405,4203335.737,3559.11792
9.362593099,259968.1645,4203335.725,3559.125732
9.389230612,259968.1884,4203335.714,3559.121094
9.415868126,259968.2123,4203335.702,3559.128662
9.442505639,259968.2362,4203335.69,3559.124023
9.469143152,259968.2602,4203335.679,3559.131104
9.495780665,259968.2841,4203335.667,3559.125977
9.522418179,259968.308,4203335.655,3559.131348
9.549055692,259968.3319,4203335.643,3559.126221
9.575693205,259968.3559,4203335.632,3559.120361
9.602330718,259968.3798,4203335.62,3559.125732
9.628968232,259968.4037,4203335.608,3559.119141
9.655605745,259968.4277,4203335.597,3559.124268
9.682243258,259968.4516,4203335.585,3559.117676
9.708880771,259968.4755,4203335.573,3559.123047
9.735518285,259968.4994,4203335.561,3559.116211
9.762155798,259968.5234,4203335.55,3559.119873
9.788793311,259968.5473,4203335.538,3559.112549
9.815430824,259968.5712,4203335.526,3559.116455
9.842068338,259968.5951,4203335.515,3559.108887
9.868705851,259968.6191,4203335.503,3559.112061
9.895343364,259968.643,4203335.491,3559.104492
9.921980877,259968.6669,4203335.479,3559.106934
9.948618391,259968.6908,4203335.468,3559.099609
9.975255904,259968.7148,4203335.456,3559.101318
10.00189342,259968.7387,4203335.444,3559.094727
10.02853093,259968.7626,4203335.433,3559.09668
10.05516844,259968.7865,4203335.421,3559.090576
10.08180596,259968.8105,4203335.409,3559.092285
10.10844347,259968.8344,4203335.398,3559.087646
10.13508098,259968.8583,4203335.386,3559.0896
10.1617185,259968.8823,4203335.374,3559.085205
10.18835601,259968.9062,4203335.362,3559.088623
10.21499352,259968.9301,4203335.351,3559.085205
10.24163104,259968.954,4203335.339,3559.089111
10.26826855,259968.978,4203335.327,3559.084717
10.29490606,259969.0019,4203335.316,3559.087646
10.32154358,259969.0258,4203335.304,3559.082764
10.34818109,259969.0497,4203335.292,3559.084229
10.3748186,259969.0737,4203335.28,3559.077393
10.40145612,259969.0976,4203335.269,3559.078369
10.42809363,259969.1215,4203335.257,3559.072021
10.45473114,259969.1454,4203335.245,3559.072266
10.48136866,259969.1694,4203335.234,3559.066162
10.50800617,259969.1933,4203335.222,3559.066406
10.53464368,259969.2172,4203335.21,3559.061768
10.5612812,259969.2411,4203335.198,3559.0625
10.58791871,259969.2651,4203335.187,3559.05835
10.61455622,259969.289,4203335.175,3559.059814
10.64119373,259969.3129,4203335.163,3559.055908
10.66783125,259969.3368,4203335.152,3559.057617
10.69446876,259969.3608,4203335.14,3559.054199
10.72110627,259969.3847,4203335.128,3559.055664
10.74774379,259969.4086,4203335.117,3559.052979
10.7743813,259969.4326,4203335.105,3559.054443
10.80101881,259969.4565,4203335.093,3559.052246
10.82765633,259969.4804,4203335.081,3559.053711
10.85429384,259969.5043,4203335.07,3559.051758
10.88093135,259969.5283,4203335.058,3559.053223
10.90756887,259969.5522,4203335.046,3559.051758
10.93420638,259969.5761,4203335.035,3559.053223
10.96084389,259969.6,4203335.023,3559.051514
10.98748141,259969.624,4203335.011,3559.049561
11.01411892,259969.6479,4203334.999,3559.05127
11.04075643,259969.6718,4203334.988,3559.049072
11.06739395,259969.6957,4203334.976,3559.051758
11.09403146,259969.7197,4203334.964,3559.048828
11.12066897,259969.7436,4203334.953,3559.051758
11.14730649,259969.7675,4203334.941,3559.04834
11.173944,259969.7914,4203334.929,3559.052246
11.20058151,259969.8154,4203334.917,3559.048584
11.22721903,259969.8393,4203334.906,3559.052734
11.25385654,259969.8632,4203334.894,3559.049316
11.28049405,259969.8872,4203334.882,3559.053223
11.30713157,259969.9111,4203334.871,3559.049805
11.33376908,259969.935,4203334.859,3559.053467
11.36040659,259969.9589,4203334.847,3559.050293
11.38704411,259969.9829,4203334.836,3559.054199
11.41368162,259970.0068,4203334.824,3559.051025
11.44031913,259970.0307,4203334.812,3559.055176
11.46695665,259970.0546,4203334.8,3559.05249
11.49359416,259970.0786,4203334.789,3559.057129
11.52023167,259970.1025,4203334.777,3559.053955
11.54686919,259970.1264,4203334.765,3559.05957
11.5735067,259970.1503,4203334.754,3559.057861
11.60014421,259970.1743,4203334.742,3559.063477
11.62678172,259970.1982,4203334.73,3559.061523
11.65341924,259970.2221,4203334.718,3559.068359
11.68005675,259970.246,4203334.707,3559.066895
11.70669426,259970.27,4203334.695,3559.07373
11.73333178,259970.2939,4203334.683,3559.071777
11.75996929,259970.3178,4203334.672,3559.077881
11.7866068,259970.3418,4203334.66,3559.076904
11.81324432,259970.3657,4203334.648,3559.082031
11.83988183,259970.3896,4203334.636,3559.081055
11.86651934,259970.4135,4203334.625,3559.085205
11.89315686,259970.4375,4203334.613,3559.084229
11.91979437,259970.4614,4203334.601,3559.088135
11.94643188,259970.4853,4203334.59,3559.086914
11.9730694,259970.5092,4203334.578,3559.090332
11.99970691,259970.5332,4203334.566,3559.089355
12.02634442,259970.5571,4203334.555,3559.093262
12.05298194,259970.581,4203334.543,3559.091797
12.07961945,259970.6049,4203334.531,3559.097656
12.10625696,259970.6289,4203334.519,3559.096924
12.13289448,259970.6528,4203334.508,3559.103027
12.15953199,259970.6767,4203334.496,3559.102295
12.1861695,259970.7006,4203334.484,3559.108643
12.21280702,259970.7246,4203334.473,3559.108398
12.23944453,259970.7485,4203334.461,3559.116943
12.26608204,259970.7724,4203334.449,3559.116943
12.29271956,259970.7964,4203334.437,3559.126465
12.31935707,259970.8203,4203334.426,3559.127686
12.34599458,259970.8442,4203334.414,3559.139648
12.3726321,259970.8681,4203334.402,3559.141602
12.39926961,259970.8921,4203334.391,3559.144287
12.42590712,259970.916,4203334.379,3559.15625
12.45254464,259970.9399,4203334.367,3559.15918
12.47918215,259970.9638,4203334.355,3559.170654
12.50581966,259970.9878,4203334.344,3559.17334
12.53245718,259971.0117,4203334.332,3559.180664
12.55909469,259971.0356,4203334.32,3559.182861
12.5857322,259971.0595,4203334.309,3559.189453
12.61236971,259971.0835,4203334.297,3559.193848
12.63900723,259971.1074,4203334.285,3559.204834
12.66564474,259971.1313,4203334.274,3559.207764
12.69228225,259971.1552,4203334.262,3559.214111
12.71891977,259971.1792,4203334.25,3559.214111
12.74555728,259971.2031,4203334.238,3559.218018
12.77219479,259971.227,4203334.227,3559.216797
12.79883231,259971.251,4203334.215,3559.219482
12.82546982,259971.2749,4203334.203,3559.217773
12.85210733,259971.2988,4203334.192,3559.219238
12.87874485,259971.3227,4203334.18,3559.216797
12.90538236,259971.3467,4203334.168,3559.217285
12.93201987,259971.3706,4203334.156,3559.215088
12.95865739,259971.3945,4203334.145,3559.214355
12.9852949,259971.4184,4203334.133,3559.209229
13.01193241,259971.4424,4203334.121,3559.200928
13.03856993,259971.4663,4203334.11,3559.189941
13.06520744,259971.4902,4203334.098,3559.177979
13.09184495,259971.5141,4203334.086,3559.167725
13.11848247,259971.5381,4203334.074,3559.160645
13.14511998,259971.562,4203334.063,3559.152344
13.17175749,259971.5859,4203334.051,3559.148193
13.19839501,259971.6098,4203334.039,3559.141602
13.22503252,259971.6338,4203334.028,3559.13916
13.25167003,259971.6577,4203334.016,3559.134766
13.27830755,259971.6816,4203334.004,3559.131348
13.30494506,259971.7055,4203333.993,3559.126709
13.33158257,259971.7295,4203333.981,3559.124512
13.35822009,259971.7534,4203333.969,3559.12207
13.3848576,259971.7773,4203333.957,3559.121582
13.41149511,259971.8013,4203333.946,3559.119873
13.43813263,259971.8252,4203333.934,3559.119629
13.46477014,259971.8491,4203333.922,3559.118164
13.49140765,259971.873,4203333.911,3559.119385
13.51804517,259971.897,4203333.899,3559.118652
13.54468268,259971.9209,4203333.887,3559.121826
13.57132019,259971.9448,4203333.875,3559.121094
13.5979577,259971.9687,4203333.864,3559.124512
13.62459522,259971.9927,4203333.852,3559.124023
13.65123273,259972.0166,4203333.84,3559.132324
13.67787024,259972.0405,4203333.829,3559.131348
13.70450776,259972.0644,4203333.817,3559.141357
13.73114527,259972.0884,4203333.805,3559.140869
13.75778278,259972.1123,4203333.793,3559.153564
13.7844203,259972.1362,4203333.782,3559.153076
13.81105781,259972.1601,4203333.77,3559.152832
13.83769532,259972.1841,4203333.758,3559.168457
13.86433284,259972.208,4203333.747,3559.170654
13.89097035,259972.2319,4203333.735,3559.188477
13.91760786,259972.2559,4203333.723,3559.191895
13.94424538,259972.2798,4203333.711,3559.203369
13.97088289,259972.3037,4203333.7,3559.205078
13.9975204,259972.3276,4203333.688,3559.215332
14.02415792,259972.3516,4203333.676,3559.216553
14.05079543,259972.3755,4203333.665,3559.225342
14.07743294,259972.3994,4203333.653,3559.226563
14.10407046,259972.4233,4203333.641,3559.23584
14.13070797,259972.4473,4203333.63,3559.237793
14.15734548,259972.4712,4203333.618,3559.247314
14.183983,259972.4951,4203333.606,3559.248291
14.21062051,259972.519,4203333.594,3559.258057
14.23725802,259972.543,4203333.583,3559.259766
14.26389554,259972.5669,4203333.571,3559.269775
14.29053305,259972.5908,4203333.559,3559.27124
14.31717056,259972.6147,4203333.548,3559.279297
14.34380808,259972.6387,4203333.536,3559.280762
14.37044559,259972.6626,4203333.524,3559.286865
14.3970831,259972.6865,4203333.512,3559.287842
14.42372062,259972.7105,4203333.501,3559.292236
14.45035813,259972.7344,4203333.489,3559.292969
14.47699564,259972.7583,4203333.477,3559.300537
14.50363316,259972.7822,4203333.466,3559.301758
14.53027067,259972.8062,4203333.454,3559.310791
14.55690818,259972.8301,4203333.442,3559.311768
14.58354569,259972.854,4203333.43,3559.320068
14.61018321,259972.8779,4203333.419,3559.320557
14.63682072,259972.9019,4203333.407,3559.326904
14.66345823,259972.9258,4203333.395,3559.32666
14.69009575,259972.9497,4203333.384,3559.329834
14.71673326,259972.9736,4203333.372,3559.328857
14.74337077,259972.9976,4203333.36,3559.331299
14.77000829,259973.0215,4203333.349,3559.330322
14.7966458,259973.0454,4203333.337,3559.332031
14.82328331,259973.0693,4203333.325,3559.330322
14.84992083,259973.0933,4203333.313,3559.331787
14.87655834,259973.1172,4203333.302,3559.329346
14.90319585,259973.1411,4203333.29,3559.329834
14.92983337,259973.1651,4203333.278,3559.326904
14.95647088,259973.189,4203333.267,3559.327148
14.98310839,259973.2129,4203333.255,3559.32373
15.00974591,259973.2368,4203333.243,3559.32373
15.03638342,259973.2608,4203333.231,3559.319336
15.06302093,259973.2847,4203333.22,3559.319336
15.08965845,259973.3086,4203333.208,3559.314941
15.11629596,259973.3325,4203333.196,3559.314941
15.14293347,259973.3565,4203333.185,3559.310059
15.16957099,259973.3804,4203333.173,3559.310791
15.1962085,259973.4043,4203333.161,3559.306641
15.22284601,259973.4282,4203333.149,3559.302734
15.24948353,259973.4522,4203333.138,3559.304688
15.27612104,259973.4761,4203333.126,3559.301514
15.30275855,259973.5,4203333.114,3559.303467
15.32939607,259973.5239,4203333.103,3559.301025
15.35603358,259973.5479,4203333.091,3559.303955
15.38267109,259973.5718,4203333.079,3559.301758
15.40930861,259973.5957,4203333.068,3559.307617
15.43594612,259973.6197,4203333.056,3559.306641
15.46258363,259973.6436,4203333.044,3559.314209
15.48922115,259973.6675,4203333.032,3559.313721
15.51585866,259973.6914,4203333.021,3559.323242
15.54249617,259973.7154,4203333.009,3559.323975
15.56913368,259973.7393,4203332.997,3559.334473
15.5957712,259973.7632,4203332.986,3559.335938
15.62240871,259973.7871,4203332.974,3559.348633
15.64904622,259973.8111,4203332.962,3559.35083
15.67568374,259973.835,4203332.95,3559.363037
15.70232125,259973.8589,4203332.939,3559.364746
15.72895876,259973.8828,4203332.927,3559.376709
15.75559628,259973.9068,4203332.915,3559.377686
15.78223379,259973.9307,4203332.904,3559.385742
15.8088713,259973.9546,4203332.892,3559.386475
15.83550882,259973.9785,4203332.88,3559.39502
15.86214633,259974.0025,4203332.868,3559.395264
15.88878384,259974.0264,4203332.857,3559.404053
15.91542136,259974.0503,4203332.845,3559.404053
15.94205887,259974.0742,4203332.833,3559.41333
15.96869638,259974.0982,4203332.822,3559.413574
15.9953339,259974.1221,4203332.81,3559.424805
16.02197141,259974.146,4203332.798,3559.425293
16.04860892,259974.17,4203332.787,3559.431396
16.07524644,259974.1939,4203332.775,3559.430176
16.10188395,259974.2178,4203332.763,3559.432617
16.12852146,259974.2417,4203332.751,3559.430908
16.15515898,259974.2657,4203332.74,3559.432861
16.18179649,259974.2896,4203332.728,3559.430664
16.208434,259974.3135,4203332.716,3559.432129
16.23507152,259974.3374,4203332.705,3559.429932
16.26170903,259974.3614,4203332.693,3559.431152
16.28834654,259974.3853,4203332.681,3559.427979
16.31498406,259974.4092,4203332.669,3559.428711
16.34162157,259974.4331,4203332.658,3559.425537
16.36825908,259974.4571,4203332.646,3559.425781
16.3948966,259974.481,4203332.634,3559.423584
16.42153411,259974.5049,4203332.623,3559.423828
16.44817162,259974.5288,4203332.611,3559.422119
16.47480913,259974.5528,4203332.599,3559.421143
16.50144665,259974.5767,4203332.587,3559.417969
16.52808416,259974.6006,4203332.576,3559.416992
16.55472167,259974.6246,4203332.564,3559.412354
16.58135919,259974.6485,4203332.552,3559.407715
16.6079967,259974.6724,4203332.541,3559.407715
16.63463421,259974.6963,4203332.529,3559.403564
16.66127173,259974.7203,4203332.517,3559.404297
16.68790924,259974.7442,4203332.506,3559.400391
16.71454675,259974.7681,4203332.494,3559.402344
16.74118427,259974.792,4203332.482,3559.398682
16.76782178,259974.816,4203332.47,3559.400879
16.79445929,259974.8399,4203332.459,3559.396973
16.82109681,259974.8638,4203332.447,3559.399658
16.84773432,259974.8877,4203332.435,3559.395264
16.87437183,259974.9117,4203332.424,3559.396973
16.90100935,259974.9356,4203332.412,3559.392578
16.92764686,259974.9595,4203332.4,3559.395264
16.95428437,259974.9834,4203332.388,3559.391113
16.98092189,259975.0074,4203332.377,3559.394531
17.0075594,259975.0313,4203332.365,3559.390869
17.03419691,259975.0552,4203332.353,3559.395508
17.06083443,259975.0792,4203332.342,3559.391602
17.08747194,259975.1031,4203332.33,3559.396729
17.11410945,259975.127,4203332.318,3559.392578
17.14074697,259975.1509,4203332.306,3559.397461
17.16738448,259975.1749,4203332.295,3559.393066
17.19402199,259975.1988,4203332.283,3559.396484
17.22065951,259975.2227,4203332.271,3559.390625
17.24729702,259975.2466,4203332.26,3559.392822
17.27393453,259975.2706,4203332.248,3559.38623
17.30057205,259975.2945,4203332.236,3559.388428
17.32720956,259975.3184,4203332.225,3559.381348
17.35384707,259975.3423,4203332.213,3559.383301
17.38048459,259975.3663,4203332.201,3559.376953
17.4071221,259975.3902,4203332.189,3559.378906
17.43375961,259975.4141,4203332.178,3559.374756
17.46039712,259975.438,4203332.166,3559.377441
17.48703464,259975.462,4203332.154,3559.373779
17.51367215,259975.4859,4203332.143,3559.377441
17.54030966,259975.5098,4203332.131,3559.374023
17.56694718,259975.5338,4203332.119,3559.377686
17.59358469,259975.5577,4203332.107,3559.373779
17.6202222,259975.5816,4203332.096,3559.376465
17.64685972,259975.6055,4203332.084,3559.371826
17.67349723,259975.6295,4203332.072,3559.373779
17.70013474,259975.6534,4203332.061,3559.369141
17.72677226,259975.6773,4203332.049,3559.369629
17.75340977,259975.7012,4203332.037,3559.36499
17.78004728,259975.7252,4203332.025,3559.36499
17.8066848,259975.7491,4203332.014,3559.361328
17.83332231,259975.773,4203332.002,3559.361328
17.85995982,259975.7969,4203331.99,3559.358154
17.88659734,259975.8209,4203331.979,3559.357666
17.91323485,259975.8448,4203331.967,3559.355713
17.93987236,259975.8687,4203331.955,3559.35498
17.96650988,259975.8926,4203331.943,3559.353516
17.99314739,259975.9166,4203331.932,3559.351807
18.0197849,259975.9405,4203331.92,3559.349609
18.04642242,259975.9644,4203331.908,3559.346191
18.07305993,259975.9884,4203331.897,3559.342529
18.09969744,259976.0123,4203331.885,3559.3396
18.12633496,259976.0362,4203331.873,3559.336426
18.15297247,259976.0601,4203331.862,3559.332764
18.17960998,259976.0841,4203331.85,3559.329346
18.2062475,259976.108,4203331.838,3559.326172
18.23288501,259976.1319,4203331.826,3559.32373
18.25952252,259976.1558,4203331.815,3559.321045
18.28616004,259976.1798,4203331.803,3559.319824
18.31279755,259976.2037,4203331.791,3559.317139
18.33943506,259976.2276,4203331.78,3559.316895
18.36607258,259976.2515,4203331.768,3559.313477
18.39271009,259976.2755,4203331.756,3559.313477
18.4193476,259976.2994,4203331.744,3559.310059
18.44526483,259976.3233,4203331.734,3559.311035
18.47118206,259976.3472,4203331.725,3559.308105
18.49709928,259976.3712,4203331.715,3559.310303
18.52301651,259976.3951,4203331.705,3559.308105
18.54893374,259976.419,4203331.695,3559.306641
18.57485097,259976.4429,4203331.685,3559.3125
18.60076819,259976.4669,4203331.675,3559.312744
18.62668542,259976.4908,4203331.665,3559.32251
18.65260265,259976.5147,4203331.655,3559.32373
18.67851988,259976.5386,4203331.645,3559.33374
18.7044371,259976.5626,4203331.635,3559.335205
18.73035433,259976.5865,4203331.625,3559.335938
18.75627156,259976.6104,4203331.615,3559.343994
18.78218879,259976.6343,4203331.605,3559.343506
18.80810601,259976.6582,4203331.595,3559.348145
18.83402324,259976.6822,4203331.585,3559.34668
18.85994047,259976.7061,4203331.575,3559.344482
18.8858577,259976.73,4203331.565,3559.346924
18.91177492,259976.7539,4203331.555,3559.344482
18.93769215,259976.7779,4203331.545,3559.346191
18.96360938,259976.8018,4203331.535,3559.343018
18.9895266,259976.8257,4203331.525,3559.343994
19.01544383,259976.8496,4203331.515,3559.339844
19.04136106,259976.8736,4203331.505,3559.335938
19.06727829,259976.8975,4203331.495,3559.33667
19.09319551,259976.9214,4203331.485,3559.332275
19.11911274,259976.9453,4203331.475,3559.332275
19.14502997,259976.9693,4203331.465,3559.327148
19.1709472,259976.9932,4203331.455,3559.321777
19.19686442,259977.0171,4203331.445,3559.320801
19.22278165,259977.041,4203331.435,3559.313965
19.24869888,259977.0649,4203331.425,3559.312256
19.27461611,259977.0889,4203331.416,3559.306152
19.30053333,259977.1128,4203331.406,3559.30542
19.32645056,259977.1367,4203331.396,3559.300537
19.35236779,259977.1606,4203331.386,3559.295898
19.37828502,259977.1846,4203331.376,3559.296387
19.40420224,259977.2085,4203331.366,3559.293213
19.43011947,259977.2324,4203331.356,3559.293457
19.4560367,259977.2563,4203331.346,3559.290527
19.48195393,259977.2803,4203331.336,3559.288086
19.50787115,259977.3042,4203331.326,3559.288818
19.53378838,259977.3281,4203331.316,3559.286621
19.55970561,259977.352,4203331.306,3559.287354
19.58562284,259977.376,4203331.296,3559.284912
19.61154006,259977.3999,4203331.286,3559.286133
19.63745729,259977.4238,4203331.276,3559.283691
19.66337452,259977.4477,4203331.266,3559.281006
19.68929175,259977.4716,4203331.256,3559.283447
19.71520897,259977.4956,4203331.246,3559.280762
19.7411262,259977.5195,4203331.236,3559.284424
19.76704343,259977.5434,4203331.226,3559.280762
19.79296066,259977.5673,4203331.216,3559.274902
19.81887788,259977.5913,4203331.206,3559.280273
19.84479511,259977.6152,4203331.196,3559.273926
19.87071234,259977.6391,4203331.186,3559.280762
19.89662956,259977.663,4203331.176,3559.273193
19.92254679,259977.687,4203331.166,3559.281738
19.94846402,259977.7109,4203331.156,3559.272705
19.97438125,259977.7348,4203331.146,3559.263916
20.00029847,259977.7587,4203331.136,3559.270264
20.0262157,259977.7827,4203331.126,3559.26001
20.05213293,259977.8066,4203331.116,3559.265625
20.07805016,259977.8305,4203331.106,3559.256348
20.10396738,259977.8544,4203331.097,3559.248291
20.12988461,259977.8783,4203331.087,3559.252441
20.15580184,259977.9023,4203331.077,3559.244385
20.18171907,259977.9262,4203331.067,3559.248535
20.20763629,259977.9501,4203331.057,3559.241211
20.23355352,259977.974,4203331.047,3559.245361
20.25947075,259977.998,4203331.037,3559.239258
20.28538798,259978.0219,4203331.027,3559.234375
20.3113052,259978.0458,4203331.017,3559.238037
20.33722243,259978.0697,4203331.007,3559.23291
20.36313966,259978.0937,4203330.997,3559.236816
20.38905689,259978.1176,4203330.987,3559.231445
20.41497411,259978.1415,4203330.977,3559.228027
20.44089134,259978.1654,4203330.967,3559.229736
20.46680857,259978.1894,4203330.957,3559.225586
20.4927258,259978.2133,4203330.947,3559.226074
20.51864302,259978.2372,4203330.937,3559.221924
20.54456025,259978.2611,4203330.927,3559.221436
20.57047748,259978.285,4203330.917,3559.217529
20.59639471,259978.309,4203330.907,3559.214844
20.62231193,259978.3329,4203330.897,3559.214355
20.64822916,259978.3568,4203330.887,3559.212158
20.67414639,259978.3807,4203330.877,3559.211182
20.70006361,259978.4047,4203330.867,3559.209473
20.72598084,259978.4286,4203330.857,3559.208252
20.75189807,259978.4525,4203330.847,3559.205566
20.7778153,259978.4764,4203330.837,3559.203125
20.80373252,259978.5004,4203330.827,3559.201172
20.82964975,259978.5243,4203330.817,3559.197998
20.85556698,259978.5482,4203330.807,3559.195313
20.88148421,259978.5721,4203330.797,3559.194092
20.90740143,259978.5961,4203330.788,3559.193115
20.93331866,259978.62,4203330.778,3559.192627
20.95923589,259978.6439,4203330.768,3559.190918
20.98515312,259978.6678,4203330.758,3559.189941
21.01107034,259978.6918,4203330.748,3559.187744
21.03698757,259978.7157,4203330.738,3559.186279
21.0629048,259978.7396,4203330.728,3559.182373
21.08882203,259978.7635,4203330.718,3559.178223
21.11473925,259978.7874,4203330.708,3559.17627
21.14065648,259978.8114,4203330.698,3559.172119
21.16657371,259978.8353,4203330.688,3559.169922
21.19249094,259978.8592,4203330.678,3559.165039
21.21840816,259978.8831,4203330.668,3559.161133
21.24432539,259978.9071,4203330.658,3559.159424
21.27024262,259978.931,4203330.648,3559.15625
21.29615985,259978.9549,4203330.638,3559.155029
21.32207707,259978.9788,4203330.628,3559.1521
21.3479943,259979.0028,4203330.618,3559.151367
21.37391153,259979.0267,4203330.608,3559.149414
21.39982876,259979.0506,4203330.598,3559.147461
21.42574598,259979.0745,4203330.588,3559.147461
21.45166321,259979.0985,4203330.578,3559.145508
21.47758044,259979.1224,4203330.568,3559.145264
21.50349766,259979.1463,4203330.558,3559.142822
21.52941489,259979.1702,4203330.548,3559.140137
21.55533212,259979.1941,4203330.538,3559.139648
21.58124935,259979.2181,4203330.528,3559.13623
21.60716657,259979.242,4203330.518,3559.135742
21.6330838,259979.2659,4203330.508,3559.131836
21.65900103,259979.2898,4203330.498,3559.130859
21.68491826,259979.3138,4203330.488,3559.126953
21.71083548,259979.3377,4203330.478,3559.123535
21.73675271,259979.3616,4203330.469,3559.12207
21.76266994,259979.3855,4203330.459,3559.118164
21.78858717,259979.4095,4203330.449,3559.116455
21.81450439,259979.4334,4203330.439,3559.112549
21.84042162,259979.4573,4203330.429,3559.108398
21.86633885,259979.4812,4203330.419,3559.106201
21.89225608,259979.5052,4203330.409,3559.102295
21.9181733,259979.5291,4203330.399,3559.101074
21.94409053,259979.553,4203330.389,3559.098633
21.97000776,259979.5769,4203330.379,3559.098145
21.99592499,259979.6008,4203330.369,3559.096436
22.02184221,259979.6248,4203330.359,3559.095215
22.04775944,259979.6487,4203330.349,3559.095215
22.07367667,259979.6726,4203330.339,3559.093994
22.0995939,259979.6965,4203330.329,3559.094482
22.12551112,259979.7205,4203330.319,3559.093018
22.15142835,259979.7444,4203330.309,3559.092285
22.17734558,259979.7683,4203330.299,3559.092773
22.20326281,259979.7922,4203330.289,3559.091797
22.22918003,259979.8162,4203330.279,3559.093018
22.25509726,259979.8401,4203330.269,3559.091797
22.28101449,259979.864,4203330.259,3559.093506
22.30693171,259979.8879,4203330.249,3559.092529
22.33284894,259979.9119,4203330.239,3559.091064
22.35876617,259979.9358,4203330.229,3559.092529
22.3846834,259979.9597,4203330.219,3559.091064
22.41060062,259979.9836,4203330.209,3559.092529
22.43651785,259980.0075,4203330.199,3559.09082
22.46243508,259980.0315,4203330.189,3559.087891
22.48835231,259980.0554,4203330.179,3559.089111
22.51426953,259980.0793,4203330.169,3559.086426
22.54018676,259980.1032,4203330.16,3559.088135
22.56610399,259980.1272,4203330.15,3559.085205
22.59202122,259980.1511,4203330.14,3559.087891
22.61793844,259980.175,4203330.13,3559.084473
22.64385567,259980.1989,4203330.12,3559.080566
22.6697729,259980.2229,4203330.11,3559.082764
22.69569013,259980.2468,4203330.1,3559.078857
22.72160735,259980.2707,4203330.09,3559.080566
22.74752458,259980.2946,4203330.08,3559.075439
22.77344181,259980.3186,4203330.07,3559.078125
22.79935904,259980.3425,4203330.06,3559.07251
22.82527626,259980.3664,4203330.05,3559.067871
22.85119349,259980.3903,4203330.04,3559.069092
22.87711072,259980.4142,4203330.03,3559.065918
22.90302795,259980.4382,4203330.02,3559.067139
22.92894517,259980.4621,4203330.01,3559.064209
22.9548624,259980.486,4203330,3559.062012
22.98077963,259980.5099,4203329.99,3559.063965
23.00669686,259980.5339,4203329.98,3559.062012
23.03261408,259980.5578,4203329.97,3559.064209
23.05853131,259980.5817,4203329.96,3559.0625
23.08444854,259980.6056,4203329.95,3559.064941
23.11036577,259980.6296,4203329.94,3559.063232
23.13628299,259980.6535,4203329.93,3559.061768
23.16220022,259980.6774,4203329.92,3559.064209
23.18811745,259980.7013,4203329.91,3559.062744
23.21403467,259980.7253,4203329.9,3559.06543
23.2399519,259980.7492,4203329.89,3559.063477
23.26586913,259980.7731,4203329.88,3559.062256
23.29178636,259980.797,4203329.87,3559.067139
23.31770358,259980.821,4203329.86,3559.065186
23.34362081,259980.8449,4203329.85,3559.070313
23.36953804,259980.8688,4203329.841,3559.069336
23.39545527,259980.8927,4203329.831,3559.074219
23.42137249,259980.9166,4203329.821,3559.073242
23.44728972,259980.9406,4203329.811,3559.072266
23.47320695,259980.9645,4203329.801,3559.076904
23.49912418,259980.9884,4203329.791,3559.075928
23.5250414,259981.0123,4203329.781,3559.080322
23.55095863,259981.0363,4203329.771,3559.078857
23.57687586,259981.0602,4203329.761,3559.077637
23.60279309,259981.0841,4203329.751,3559.082031
23.62871031,259981.108,4203329.741,3559.081543
23.65462754,259981.132,4203329.731,3559.084961
23.68054477,259981.1559,4203329.721,3559.084473
23.706462,259981.1798,4203329.711,3559.089355
23.73237922,259981.2037,4203329.701,3559.089355
23.75829645,259981.2277,4203329.691,3559.089111
23.78421368,259981.2516,4203329.681,3559.093018
23.81013091,259981.2755,4203329.671,3559.092773
23.83604813,259981.2994,4203329.661,3559.095459
23.86196536,259981.3233,4203329.651,3559.095215
23.88788259,259981.3473,4203329.641,3559.094971
23.91379982,259981.3712,4203329.631,3559.09668
23.93971704,259981.3951,4203329.621,3559.09668
23.96563427,259981.419,4203329.611,3559.098633
23.9915515,259981.443,4203329.601,3559.098877
24.01746872,259981.4669,4203329.591,3559.10376
24.04338595,259981.4908,4203329.581,3559.104492
24.06930318,259981.5147,4203329.571,3559.105469
24.09522041,259981.5387,4203329.561,3559.107666
24.12113763,259981.5626,4203329.551,3559.108398
24.14705486,259981.5865,4203329.541,3559.111572
24.17297209,259981.6104,4203329.532,3559.112305
24.19888932,259981.6344,4203329.522,3559.11377
24.22480654,259981.6583,4203329.512,3559.120117
24.25072377,259981.6822,4203329.502,3559.121094
24.276641,259981.7061,4203329.492,3559.12915
24.30255823,259981.73,4203329.482,3559.130127
24.32847545,259981.754,4203329.472,3559.140137
24.35439268,259981.7779,4203329.462,3559.141602
24.38030991,259981.8018,4203329.452,3559.143311
24.40622714,259981.8257,4203329.442,3559.153564
24.43214436,259981.8497,4203329.432,3559.154297
24.45806159,259981.8736,4203329.422,3559.160889
24.48397882,259981.8975,4203329.412,3559.161621
24.50989605,259981.9214,4203329.402,3559.161865
24.53581327,259981.9454,4203329.392,3559.166504
24.5617305,259981.9693,4203329.382,3559.166992
24.58764773,259981.9932,4203329.372,3559.170898
24.61356496,259982.0171,4203329.362,3559.171387
24.63948218,259982.0411,4203329.352,3559.174316
24.66539941,259982.065,4203329.342,3559.174561
24.69131664,259982.0889,4203329.332,3559.175049
24.71723387,259982.1128,4203329.322,3559.178711
24.74315109,259982.1367,4203329.312,3559.179688
24.76906832,259982.1607,4203329.302,3559.184814
24.79498555,259982.1846,4203329.292,3559.186768
24.82090277,259982.2085,4203329.282,3559.188477
24.84682,259982.2324,4203329.272,3559.196045
24.87273723,259982.2564,4203329.262,3559.197021
24.89865446,259982.2803,4203329.252,3559.199219
24.92457168,259982.3042,4203329.242,3559.198242
24.95048891,259982.3281,4203329.232,3559.19873
24.97640614,259982.3521,4203329.223,3559.19751
25.00232337,259982.376,4203329.213,3559.196045
25.02824059,259982.3999,4203329.203,3559.196045
25.05415782,259982.4238,4203329.193,3559.194092
25.08007505,259982.4478,4203329.183,3559.192871
25.10599228,259982.4717,4203329.173,3559.190186
25.1319095,259982.4956,4203329.163,3559.1875
25.15782673,259982.5195,4203329.153,3559.183838
25.18374396,259982.5434,4203329.143,3559.180176
25.20966119,259982.5674,4203329.133,3559.177246
25.23557841,259982.5913,4203329.123,3559.174072
25.26149564,259982.6152,4203329.113,3559.172119
25.28741287,259982.6391,4203329.103,3559.170654
25.3133301,259982.6631,4203329.093,3559.169189
25.33924732,259982.687,4203329.083,3559.168457
25.36516455,259982.7109,4203329.073,3559.167236
25.39108178,259982.7348,4203329.063,3559.166992
25.41699901,259982.7588,4203329.053,3559.164551
25.44291623,259982.7827,4203329.043,3559.165039
25.46883346,259982.8066,4203329.033,3559.161377
25.49475069,259982.8305,4203329.023,3559.156738
25.52066792,259982.8545,4203329.013,3559.158936
25.54658514,259982.8784,4203329.003,3559.154541
25.57250237,259982.9023,4203328.993,3559.157959
25.5984196,259982.9262,4203328.983,3559.153809
25.62433682,259982.9502,4203328.973,3559.14917
25.65025405,259982.9741,4203328.963,3559.155029
25.67617128,259982.998,4203328.953,3559.151855
25.70208851,259983.0219,4203328.943,3559.15918
25.72800573,259983.0458,4203328.933,3559.157227
25.75392296,259983.0698,4203328.923,3559.166992
25.77984019,259983.0937,4203328.913,3559.165527
25.80575742,259983.1176,4203328.904,3559.164307
25.83167464,259983.1415,4203328.894,3559.176514
25.85759187,259983.1655,4203328.884,3559.174805
25.8835091,259983.1894,4203328.874,3559.1875
25.90942633,259983.2133,4203328.864,3559.187012
25.93534355,259983.2372,4203328.854,3559.185547
25.96126078,259983.2612,4203328.844,3559.19873
25.98717801,259983.2851,4203328.834,3559.196777
26.01309524,259983.309,4203328.824,3559.209229
26.03901246,259983.3329,4203328.814,3559.207031
26.06492969,259983.3569,4203328.804,3559.217529
26.09084692,259983.3808,4203328.794,3559.213379
26.11676415,259983.4047,4203328.784,3559.205322
26.14268137,259983.4286,4203328.774,3559.211426
26.1685986,259983.4525,4203328.764,3559.196289
26.19451583,259983.4765,4203328.754,3559.199707
26.22043306,259983.5004,4203328.744,3559.182617
26.24635028,259983.5243,4203328.734,3559.167725
26.27226751,259983.5482,4203328.724,3559.169189
26.29818474,259983.5722,4203328.714,3559.156494
26.32410197,259983.5961,4203328.704,3559.1604
26.35001919,259983.62,4203328.694,3559.149658
26.37593642,259983.6439,4203328.684,3559.154541
26.40185365,259983.6679,4203328.674,3559.144775
26.42777088,259983.6918,4203328.664,3559.136963
26.4536881,259983.7157,4203328.654,3559.14209
26.47960533,259983.7396,4203328.644,3559.134766
26.50552256,259983.7636,4203328.634,3559.13916
26.53143978,259983.7875,4203328.624,3559.132813
26.55735701,259983.8114,4203328.614,3559.126953
26.58327424,259983.8353,4203328.604,3559.132813
26.60919147,259983.8592,4203328.595,3559.128174
26.63510869,259983.8832,4203328.585,3559.13501
26.66102592,259983.9071,4203328.575,3559.130859
26.68694315,259983.931,4203328.565,3559.139404
26.71286038,259983.9549,4203328.555,3559.136719
26.7387776,259983.9789,4203328.545,3559.133545
26.76469483,259984.0028,4203328.535,3559.14502
26.79061206,259984.0267,4203328.525,3559.143799
26.81652929,259984.0506,4203328.515,3559.159424
26.84244651,259984.0746,4203328.505,3559.157959
26.86836374,259984.0985,4203328.495,3559.156006
26.89428097,259984.1224,4203328.485,3559.174072
26.9201982,259984.1463,4203328.475,3559.168945
26.94611542,259984.1703,4203328.465,3559.184814
26.97203265,259984.1942,4203328.455,3559.179688
26.99794988,259984.2181,4203328.445,3559.192383
27.02386711,259984.242,4203328.435,3559.184082
27.04978433,259984.2659,4203328.425,3559.175049
27.07570156,259984.2899,4203328.415,3559.184082
27.10161879,259984.3138,4203328.405,3559.173584
27.12753602,259984.3377,4203328.395,3559.180176
27.15345324,259984.3616,4203328.385,3559.167236
27.17937047,259984.3856,4203328.375,3559.154541
27.2052877,259984.4095,4203328.365,3559.156982
27.23120493,259984.4334,4203328.355,3559.145996
27.25712215,259984.4573,4203328.345,3559.14624
27.28303938,259984.4813,4203328.335,3559.140137
27.30895661,259984.5052,4203328.325,3559.140869
27.33487383,259984.5291,4203328.315,3559.136963
27.36079106,259984.553,4203328.305,3559.134277
27.38670829,259984.577,4203328.295,3559.134766
27.41262552,259984.6009,4203328.285,3559.132568
27.43854274,259984.6248,4203328.276,3559.132813
27.46445997,259984.6487,4203328.266,3559.130615
27.4903772,259984.6726,4203328.256,3559.13208
27.51629443,259984.6966,4203328.246,3559.131348
27.54221165,259984.7205,4203328.236,3559.131104
27.56812888,259984.7444,4203328.226,3559.132813
27.59404611,259984.7683,4203328.216,3559.132568
27.61996334,259984.7923,4203328.206,3559.135742
27.64588056,259984.8162,4203328.196,3559.135498
27.67179779,259984.8401,4203328.186,3559.135498
27.69771502,259984.864,4203328.176,3559.139648
27.72363225,259984.888,4203328.166,3559.140381
27.74954947,259984.9119,4203328.156,3559.146973
27.7754667,259984.9358,4203328.146,3559.148438
27.80138393,259984.9597,4203328.136,3559.155762
27.82730116,259984.9837,4203328.126,3559.156738
27.85321838,259985.0076,4203328.116,3559.156982
27.87913561,259985.0315,4203328.106,3559.161621
27.90505284,259985.0554,4203328.096,3559.161133
27.93097007,259985.0794,4203328.086,3559.163818
27.95688729,259985.1033,4203328.076,3559.163086
27.98280452,259985.1272,4203328.066,3559.162354
28.00872175,259985.1511,4203328.056,3559.164795
28.03463898,259985.175,4203328.046,3559.164063
28.0605562,259985.199,4203328.036,3559.165771
28.08647343,259985.2229,4203328.026,3559.165039
28.11239066,259985.2468,4203328.016,3559.16626
28.13830788,259985.2707,4203328.006,3559.165283
28.16422511,259985.2947,4203327.996,3559.163574
28.19014234,259985.3186,4203327.986,3559.164795
28.21605957,259985.3425,4203327.976,3559.160889
28.24197679,259985.3664,4203327.967,3559.162109
28.26789402,259985.3904,4203327.957,3559.154785
28.29381125,259985.4143,4203327.947,3559.14624
28.31972848,259985.4382,4203327.937,3559.147949
28.34604967,259985.4621,4203327.926,3559.141113
28.37237086,259985.486,4203327.915,3559.145264
28.39869205,259985.5099,4203327.903,3559.141846
28.42501324,259985.5338,4203327.892,3559.146973
28.45133444,259985.5576,4203327.881,3559.145508
28.47765563,259985.5815,4203327.87,3559.151855
28.50397682,259985.6054,4203327.859,3559.151123
28.53029801,259985.6293,4203327.848,3559.159424
28.5566192,259985.6532,4203327.837,3559.159668
28.5829404,259985.6771,4203327.826,3559.1604
28.60926159,259985.701,4203327.815,3559.169189
28.63558278,259985.7249,4203327.804,3559.169678
28.66190397,259985.7488,4203327.793,3559.179688
28.68822516,259985.7726,4203327.782,3559.180664
28.71454636,259985.7965,4203327.771,3559.194092
28.74086755,259985.8204,4203327.76,3559.196289
28.76718874,259985.8443,4203327.749,3559.20752
28.79350993,259985.8682,4203327.738,3559.208984
28.81983112,259985.8921,4203327.727,3559.216553
28.84615232,259985.916,4203327.716,3559.217773
28.87247351,259985.9399,4203327.705,3559.223877
28.8987947,259985.9637,4203327.693,3559.225098
28.92511589,259985.9876,4203327.682,3559.230225
28.95143708,259986.0115,4203327.671,3559.231934
28.97775828,259986.0354,4203327.66,3559.233887
29.00407947,259986.0593,4203327.649,3559.241943
29.03040066,259986.0832,4203327.638,3559.248535
29.05672185,259986.1071,4203327.627,3559.261963
29.08304304,259986.131,4203327.616,3559.270508
29.10936424,259986.1548,4203327.605,3559.282227
29.13568543,259986.1787,4203327.594,3559.290283
29.16200662,259986.2026,4203327.583,3559.302979
29.18832781,259986.2265,4203327.572,3559.310303
29.214649,259986.2504,4203327.561,3559.320557
29.2409702,259986.2743,4203327.55,3559.325928
29.26729139,259986.2982,4203327.539,3559.334473
29.29361258,259986.3221,4203327.528,3559.339355
29.31993377,259986.346,4203327.517,3559.343018
29.34625496,259986.3698,4203327.506,3559.348633
29.37257616,259986.3937,4203327.495,3559.35083
29.39889735,259986.4176,4203327.483,3559.354492
29.42521854,259986.4415,4203327.472,3559.356201
29.45153973,259986.4654,4203327.461,3559.360352
29.47786092,259986.4893,4203327.45,3559.362061
29.50418212,259986.5132,4203327.439,3559.366455
29.53050331,259986.5371,4203327.428,3559.368408
29.5568245,259986.5609,4203327.417,3559.374756
29.58314569,259986.5848,4203327.406,3559.377197
29.60946688,259986.6087,4203327.395,3559.385498
29.63578808,259986.6326,4203327.384,3559.388672
29.66210927,259986.6565,4203327.373,3559.391602
29.68843046,259986.6804,4203327.362,3559.402832
29.71475165,259986.7043,4203327.351,3559.404053
29.74107284,259986.7282,4203327.34,3559.412109
29.76739404,259986.7521,4203327.329,3559.411133
29.79371523,259986.7759,4203327.318,3559.415283
29.82003642,259986.7998,4203327.307,3559.413574
29.84635761,259986.8237,4203327.296,3559.415771
29.8726788,259986.8476,4203327.285,3559.413818
29.899,259986.8715,4203327.273,3559.415283
29.92532119,259986.8954,4203327.262,3559.413574
29.95164238,259986.9193,4203327.251,3559.415283
29.97796357,259986.9432,4203327.24,3559.41333
30.00428476,259986.967,4203327.229,3559.414551
30.03060596,259986.9909,4203327.218,3559.412598
30.05692715,259987.0148,4203327.207,3559.410889
30.08324834,259987.0387,4203327.196,3559.412598
30.10956953,259987.0626,4203327.185,3559.411377
30.13589072,259987.0865,4203327.174,3559.413574
30.16221192,259987.1104,4203327.163,3559.412354
30.18853311,259987.1343,4203327.152,3559.414795
30.2148543,259987.1581,4203327.141,3559.414307
30.24117549,259987.182,4203327.13,3559.417969
30.26749668,259987.2059,4203327.119,3559.418213
30.29381788,259987.2298,4203327.108,3559.423096
30.32013907,259987.2537,4203327.097,3559.424805
30.34646026,259987.2776,4203327.086,3559.431641
30.37278145,259987.3015,4203327.074,3559.434082
30.39910264,259987.3254,4203327.063,3559.437012
30.42542384,259987.3493,4203327.052,3559.445068
30.45174503,259987.3731,4203327.041,3559.448242
30.47806622,259987.397,4203327.03,3559.455566
30.50438741,259987.4209,4203327.019,3559.458496
30.5307086,259987.4448,4203327.008,3559.468018
30.5570298,259987.4687,4203326.997,3559.472656
30.58335099,259987.4926,4203326.986,3559.484375
30.60967218,259987.5165,4203326.975,3559.490234
30.63599337,259987.5404,4203326.964,3559.505371
30.66231456,259987.5642,4203326.953,3559.511963
30.68863576,259987.5881,4203326.942,3559.518799
30.71495695,259987.612,4203326.931,3559.519775
30.74127814,259987.6359,4203326.92,3559.520264
30.76759933,259987.6598,4203326.909,3559.520996
30.79392052,259987.6837,4203326.898,3559.520996
30.82024172,259987.7076,4203326.887,3559.52124
30.84656291,259987.7315,4203326.876,3559.521484
30.8728841,259987.7554,4203326.864,3559.521484
30.89920529,259987.7792,4203326.853,3559.521729
30.92552648,259987.8031,4203326.842,3559.521729
30.95184768,259987.827,4203326.831,3559.521729
30.97816887,259987.8509,4203326.82,3559.521973
31.00449006,259987.8748,4203326.809,3559.522461
31.03081125,259987.8987,4203326.798,3559.522949
31.05713244,259987.9226,4203326.787,3559.523682
31.08345364,259987.9465,4203326.776,3559.524414
31.10977483,259987.9703,4203326.765,3559.524414
31.13609602,259987.9942,4203326.754,3559.525146
31.16241721,259988.0181,4203326.743,3559.525391
31.1887384,259988.042,4203326.732,3559.526367
31.2150596,259988.0659,4203326.721,3559.5271
31.24138079,259988.0898,4203326.71,3559.52832
31.26770198,259988.1137,4203326.699,3559.529053
31.29402317,259988.1376,4203326.688,3559.530273
31.32034436,259988.1615,4203326.677,3559.532227
31.34666556,259988.1853,4203326.666,3559.53418
31.37298675,259988.2092,4203326.654,3559.53833
31.39930794,259988.2331,4203326.643,3559.541992
31.42562913,259988.257,4203326.632,3559.549316
31.45195032,259988.2809,4203326.621,3559.554688
31.47827152,259988.3048,4203326.61,3559.561035
31.50459271,259988.3287,4203326.599,3559.569092
31.5309139,259988.3526,4203326.588,3559.575195
31.55723509,259988.3764,4203326.577,3559.580322
31.58355628,259988.4003,4203326.566,3559.584961
31.60987748,259988.4242,4203326.555,3559.589844
31.63619867,259988.4481,4203326.544,3559.594482
31.66251986,259988.472,4203326.533,3559.598633
31.68884105,259988.4959,4203326.522,3559.603516
31.71516224,259988.5198,4203326.511,3559.608154
31.74148344,259988.5437,4203326.5,3559.612305
31.76780463,259988.5675,4203326.489,3559.615723
31.79412582,259988.5914,4203326.478,3559.620117
31.82044701,259988.6153,4203326.467,3559.624268
31.8467682,259988.6392,4203326.456,3559.629395
31.8730894,259988.6631,4203326.444,3559.633301
31.89941059,259988.687,4203326.433,3559.638428
31.92573178,259988.7109,4203326.422,3559.642578
31.95205297,259988.7348,4203326.411,3559.648438
31.97837416,259988.7587,4203326.4,3559.652832
32.00469536,259988.7825,4203326.389,3559.657227
32.03101655,259988.8064,4203326.378,3559.659424
32.05733774,259988.8303,4203326.367,3559.661133
32.08365893,259988.8542,4203326.356,3559.661621
32.10998012,259988.8781,4203326.345,3559.662354
32.13630132,259988.902,4203326.334,3559.662354
32.16262251,259988.9259,4203326.323,3559.662598
32.1889437,259988.9498,4203326.312,3559.662842
32.21526489,259988.9736,4203326.301,3559.663086
32.24158608,259988.9975,4203326.29,3559.66333
32.26790728,259989.0214,4203326.279,3559.66333
32.29422847,259989.0453,4203326.268,3559.663574
32.32054966,259989.0692,4203326.257,3559.663574
32.34687085,259989.0931,4203326.246,3559.664063
32.37319204,259989.117,4203326.234,3559.663818
32.39951324,259989.1409,4203326.223,3559.664551
32.42583443,259989.1648,4203326.212,3559.664307
32.45215562,259989.1886,4203326.201,3559.667236
32.47847681,259989.2125,4203326.19,3559.66748
32.504798,259989.2364,4203326.179,3559.66748
32.5311192,259989.2603,4203326.168,3559.676025
32.55744039,259989.2842,4203326.157,3559.676514
32.58376158,259989.3081,4203326.146,3559.691406
32.61008277,259989.332,4203326.135,3559.693115
32.63640396,259989.3559,4203326.124,3559.705566
32.66272516,259989.3797,4203326.113,3559.705566
32.68904635,259989.4036,4203326.102,3559.714111
32.71536754,259989.4275,4203326.091,3559.713135
32.74168873,259989.4514,4203326.08,3559.718018
32.76800992,259989.4753,4203326.069,3559.717773
32.79433112,259989.4992,4203326.058,3559.720703
32.82065231,259989.5231,4203326.047,3559.720703
32.8469735,259989.547,4203326.036,3559.724121
32.87329469,259989.5709,4203326.024,3559.723877
32.89961588,259989.5947,4203326.013,3559.723633
32.92593708,259989.6186,4203326.002,3559.727539
32.95225827,259989.6425,4203325.991,3559.727539
32.97857946,259989.6664,4203325.98,3559.731934
33.00490065,259989.6903,4203325.969,3559.731934
33.03122184,259989.7142,4203325.958,3559.736572
33.05754304,259989.7381,4203325.947,3559.736572
33.08386423,259989.762,4203325.936,3559.740723
33.11018542,259989.7858,4203325.925,3559.740967
33.13650661,259989.8097,4203325.914,3559.743408
33.1628278,259989.8336,4203325.903,3559.743896
33.189149,259989.8575,4203325.892,3559.746338
33.21547019,259989.8814,4203325.881,3559.74707
33.24179138,259989.9053,4203325.87,3559.747803
33.26811257,259989.9292,4203325.859,3559.751465
33.29443376,259989.9531,4203325.848,3559.751953
33.32075496,259989.9769,4203325.837,3559.756592
33.34707615,259990.0008,4203325.826,3559.757568
33.37339734,259990.0247,4203325.814,3559.761963
33.39971853,259990.0486,4203325.803,3559.762695
33.42603972,259990.0725,4203325.792,3559.767578
33.45236092,259990.0964,4203325.781,3559.768066
33.47868211,259990.1203,4203325.77,3559.771729
33.5050033,259990.1442,4203325.759,3559.771484
33.53132449,259990.1681,4203325.748,3559.773193
33.55764568,259990.1919,4203325.737,3559.772217
33.58396688,259990.2158,4203325.726,3559.771729
33.61028807,259990.2397,4203325.715,3559.772949
33.63660926,259990.2636,4203325.704,3559.772217
33.66293045,259990.2875,4203325.693,3559.773438
33.68925164,259990.3114,4203325.682,3559.772705
33.71557284,259990.3353,4203325.671,3559.773926
33.74189403,259990.3592,4203325.66,3559.773193
33.76821522,259990.383,4203325.649,3559.77417
33.79453641,259990.4069,4203325.638,3559.773438
33.8208576,259990.4308,4203325.627,3559.774414
33.8471788,259990.4547,4203325.616,3559.773438
33.87349999,259990.4786,4203325.604,3559.77417
33.89982118,259990.5025,4203325.593,3559.772705
33.92614237,259990.5264,4203325.582,3559.77124
33.95246356,259990.5503,4203325.571,3559.77124
33.97878476,259990.5742,4203325.56,3559.769531
34.00510595,259990.598,4203325.549,3559.769287
34.03142714,259990.6219,4203325.538,3559.767578
34.05774833,259990.6458,4203325.527,3559.767578
34.08406952,259990.6697,4203325.516,3559.765869
34.11039072,259990.6936,4203325.505,3559.766357
34.13671191,259990.7175,4203325.494,3559.764893
34.1630331,259990.7414,4203325.483,3559.766113
34.18935429,259990.7653,4203325.472,3559.764893
34.21567548,259990.7891,4203325.461,3559.767822
34.24199668,259990.813,4203325.45,3559.766357
34.26831787,259990.8369,4203325.439,3559.770264
34.29463906,259990.8608,4203325.428,3559.768799
34.32096025,259990.8847,4203325.417,3559.767578
34.34728144,259990.9086,4203325.406,3559.771973
34.37360264,259990.9325,4203325.394,3559.770264
34.39992383,259990.9564,4203325.383,3559.774414
34.42624502,259990.9803,4203325.372,3559.773438
34.45256621,259991.0041,4203325.361,3559.778564
34.4788874,259991.028,4203325.35,3559.777832
34.5052086,259991.0519,4203325.339,3559.783936
34.53152979,259991.0758,4203325.328,3559.783203
34.55785098,259991.0997,4203325.317,3559.788818
34.58417217,259991.1236,4203325.306,3559.787598
34.61049336,259991.1475,4203325.295,3559.791504
34.63681456,259991.1714,4203325.284,3559.790283
34.66313575,259991.1952,4203325.273,3559.788574
34.68945694,259991.2191,4203325.262,3559.791016
34.71577813,259991.243,4203325.251,3559.789063
34.74209932,259991.2669,4203325.24,3559.790771
34.76842052,259991.2908,4203325.229,3559.788818
34.79474171,259991.3147,4203325.218,3559.791016
34.8210629,259991.3386,4203325.207,3559.789063
34.84738409,259991.3625,4203325.196,3559.791016
34.87370528,259991.3863,4203325.184,3559.789307
34.90002648,259991.4102,4203325.173,3559.791504
34.92634767,259991.4341,4203325.162,3559.790039
34.95266886,259991.458,4203325.151,3559.792725
34.97899005,259991.4819,4203325.14,3559.790771
35.00531124,259991.5058,4203325.129,3559.789063
35.03163244,259991.5297,4203325.118,3559.791992
35.05795363,259991.5536,4203325.107,3559.789551
35.08427482,259991.5775,4203325.096,3559.79248
35.11059601,259991.6013,4203325.085,3559.789307
35.1369172,259991.6252,4203325.074,3559.79126
35.1632384,259991.6491,4203325.063,3559.787354
35.18955959,259991.673,4203325.052,3559.790039
35.21588078,259991.6969,4203325.041,3559.7854
35.24220197,259991.7208,4203325.03,3559.788818
35.26852316,259991.7447,4203325.019,3559.783691
35.29484436,259991.7686,4203325.008,3559.788574
35.32116555,259991.7924,4203324.997,3559.782959
35.34748674,259991.8163,4203324.986,3559.777588
35.37380793,259991.8402,4203324.974,3559.781982
35.40012912,259991.8641,4203324.963,3559.7771
35.42645032,259991.888,4203324.952,3559.782227
35.45277151,259991.9119,4203324.941,3559.77832
35.4790927,259991.9358,4203324.93,3559.785156
35.50541389,259991.9597,4203324.919,3559.780762
35.53173508,259991.9836,4203324.908,3559.789063
35.55805627,259992.0074,4203324.897,3559.784668
35.58437747,259992.0313,4203324.886,3559.792969
35.61069866,259992.0552,4203324.875,3559.789063
35.63701985,259992.0791,4203324.864,3559.796875
35.66334104,259992.103,4203324.853,3559.794189
35.68966223,259992.1269,4203324.842,3559.801758
35.71598343,259992.1508,4203324.831,3559.799805
35.74230462,259992.1747,4203324.82,3559.797852
35.76862581,259992.1985,4203324.809,3559.802734
35.794947,259992.2224,4203324.798,3559.80127
35.82126819,259992.2463,4203324.787,3559.807617
35.84758939,259992.2702,4203324.776,3559.806152
35.87391058,259992.2941,4203324.764,3559.812744
35.90023177,259992.318,4203324.753,3559.811035
35.92655296,259992.3419,4203324.742,3559.81958
35.95287415,259992.3658,4203324.731,3559.817627
35.97919535,259992.3896,4203324.72,3559.824463
36.00551654,259992.4135,4203324.709,3559.822021
36.03183773,259992.4374,4203324.698,3559.828857
36.05815892,259992.4613,4203324.687,3559.825439
36.08448011,259992.4852,4203324.676,3559.822021
36.11080131,259992.5091,4203324.665,3559.824951
36.1371225,259992.533,4203324.654,3559.821777
36.16344369,259992.5569,4203324.643,3559.823242
36.18976488,259992.5808,4203324.632,3559.820313
36.21608607,259992.6046,4203324.621,3559.821777
36.24240727,259992.6285,4203324.61,3559.818604
36.26872846,259992.6524,4203324.599,3559.820068
36.29504965,259992.6763,4203324.588,3559.816406
36.32137084,259992.7002,4203324.577,3559.817871
36.34769203,259992.7241,4203324.566,3559.813721
36.37401323,259992.748,4203324.554,3559.814697
36.40033442,259992.7719,4203324.543,3559.808594
36.42665561,259992.7957,4203324.532,3559.802246
36.4529768,259992.8196,4203324.521,3559.803223
36.47929799,259992.8435,4203324.51,3559.797119
36.50561919,259992.8674,4203324.499,3559.798828
36.53194038,259992.8913,4203324.488,3559.79248
36.55826157,259992.9152,4203324.477,3559.793701
36.58458276,259992.9391,4203324.466,3559.785889
36.61090395,259992.963,4203324.455,3559.789063
36.63722515,259992.9869,4203324.444,3559.782471
36.66354634,259993.0107,4203324.433,3559.784424
36.68986753,259993.0346,4203324.422,3559.7771
36.71618872,259993.0585,4203324.411,3559.779297
36.74250991,259993.0824,4203324.4,3559.773682
36.76883111,259993.1063,4203324.389,3559.776855
36.7951523,259993.1302,4203324.378,3559.773193
36.82147349,259993.1541,4203324.367,3559.771484
36.84779468,259993.178,4203324.356,3559.774414
36.87411587,259993.2018,4203324.344,3559.773682
36.90043707,259993.2257,4203324.333,3559.776855
36.92675826,259993.2496,4203324.322,3559.7771
36.95307945,259993.2735,4203324.311,3559.780273
36.97940064,259993.2974,4203324.3,3559.78125
37.00572183,259993.3213,4203324.289,3559.7854
37.03204303,259993.3452,4203324.278,3559.786865
37.05836422,259993.3691,4203324.267,3559.791992
37.08468541,259993.393,4203324.256,3559.793457
37.1110066,259993.4168,4203324.245,3559.79834
37.13732779,259993.4407,4203324.234,3559.799805
37.16364899,259993.4646,4203324.223,3559.80127
37.18997018,259993.4885,4203324.212,3559.804199
37.21629137,259993.5124,4203324.201,3559.805664
37.24261256,259993.5363,4203324.19,3559.810059
37.26893375,259993.5602,4203324.179,3559.814209
37.29525495,259993.5841,4203324.168,3559.821045
37.32157614,259993.6079,4203324.157,3559.823242
37.34789733,259993.6318,4203324.146,3559.824707
37.37421852,259993.6557,4203324.134,3559.825684
37.40053971,259993.6796,4203324.123,3559.828125
37.42686091,259993.7035,4203324.112,3559.829834
37.4531821,259993.7274,4203324.101,3559.833008
37.47950329,259993.7513,4203324.09,3559.834717
37.50582448,259993.7752,4203324.079,3559.836914
37.53214567,259993.799,4203324.068,3559.841064
37.55846687,259993.8229,4203324.057,3559.84375
37.58478806,259993.8468,4203324.046,3559.847168
37.61110925,259993.8707,4203324.035,3559.848389
37.63743044,259993.8946,4203324.024,3559.850586
37.66375163,259993.9185,4203324.013,3559.851563
37.69007283,259993.9424,4203324.002,3559.856934
37.71639402,259993.9663,4203323.991,3559.859863
37.74271521,259993.9902,4203323.98,3559.871338
37.7690364,259994.014,4203323.969,3559.874023
37.79535759,259994.0379,4203323.958,3559.882813
37.82167879,259994.0618,4203323.947,3559.885742
37.84799998,259994.0857,4203323.936,3559.887695
37.87432117,259994.1096,4203323.924,3559.89502
37.90064236,259994.1335,4203323.913,3559.896973
37.92696355,259994.1574,4203323.902,3559.901123
37.95328475,259994.1813,4203323.891,3559.9021
37.97960594,259994.2051,4203323.88,3559.905273
38.00592713,259994.229,4203323.869,3559.905762
38.03224832,259994.2529,4203323.858,3559.908936
38.05856951,259994.2768,4203323.847,3559.910645
38.08489071,259994.3007,4203323.836,3559.916992
38.1112119,259994.3246,4203323.825,3559.919678
38.13753309,259994.3485,4203323.814,3559.930908
38.16385428,259994.3724,4203323.803,3559.936035
38.19017547,259994.3963,4203323.792,3559.952393
38.21649667,259994.4201,4203323.781,3559.95752
38.24281786,259994.444,4203323.77,3559.961182
38.26913905,259994.4679,4203323.759,3559.970215
38.29546024,259994.4918,4203323.748,3559.97168
38.32178143,259994.5157,4203323.737,3559.974609
38.34810263,259994.5396,4203323.726,3559.973633
38.37442382,259994.5635,4203323.714,3559.975586
38.40074501,259994.5874,4203323.703,3559.974365
38.4270662,259994.6112,4203323.692,3559.975342
38.45338739,259994.6351,4203323.681,3559.973145
38.47970859,259994.659,4203323.67,3559.972656
38.50602978,259994.6829,4203323.659,3559.969238
38.53235097,259994.7068,4203323.648,3559.967773
38.55867216,259994.7307,4203323.637,3559.960693
38.58499335,259994.7546,4203323.626,3559.950928
38.61131455,259994.7785,4203323.615,3559.94751
38.63763574,259994.8024,4203323.604,3559.940186
38.66395693,259994.8262,4203323.593,3559.9375
38.69027812,259994.8501,4203323.582,3559.930664
38.71659931,259994.874,4203323.571,3559.929199
38.74292051,259994.8979,4203323.56,3559.92041
38.7692417,259994.9218,4203323.549,3559.918945
38.79556289,259994.9457,4203323.538,3559.909424
38.82188408,259994.9696,4203323.527,3559.908691
38.84820527,259994.9935,4203323.516,3559.900391
38.87452647,259995.0173,4203323.504,3559.900879
38.90084766,259995.0412,4203323.493,3559.894531
38.92716885,259995.0651,4203323.482,3559.889648
38.95349004,259995.089,4203323.471,3559.893066
38.97981123,259995.1129,4203323.46,3559.888428
39.00613243,259995.1368,4203323.449,3559.893311
39.03245362,259995.1607,4203323.438,3559.888428
39.05877481,259995.1846,4203323.427,3559.895264
39.085096,259995.2084,4203323.416,3559.890137
39.11141719,259995.2323,4203323.405,3559.897949
39.13773839,259995.2562,4203323.394,3559.892822
39.16405958,259995.2801,4203323.383,3559.899902
39.19038077,259995.304,4203323.372,3559.895508
39.21670196,259995.3279,4203323.361,3559.901123
39.24302315,259995.3518,4203323.35,3559.897217
39.26934435,259995.3757,4203323.339,3559.891846
39.29566554,259995.3996,4203323.328,3559.897461
39.32198673,259995.4234,4203323.317,3559.892578
39.34830792,259995.4473,4203323.306,3559.897705
39.37462911,259995.4712,4203323.294,3559.893799
39.40095031,259995.4951,4203323.283,3559.898193
39.4272715,259995.519,4203323.272,3559.894287
39.45359269,259995.5429,4203323.261,3559.898193
39.47991388,259995.5668,4203323.25,3559.893555
39.50623507,259995.5907,4203323.239,3559.89624
39.53255627,259995.6145,4203323.228,3559.890381
39.55887746,259995.6384,4203323.217,3559.89209
39.58519865,259995.6623,4203323.206,3559.886475
39.61151984,259995.6862,4203323.195,3559.888672
39.63784103,259995.7101,4203323.184,3559.883057
39.66416223,259995.734,4203323.173,3559.878174
39.69048342,259995.7579,4203323.162,3559.881104
39.71680461,259995.7818,4203323.151,3559.876465
39.7431258,259995.8057,4203323.14,3559.880127
39.76944699,259995.8295,4203323.129,3559.875977
39.79576819,259995.8534,4203323.118,3559.879883
39.82208938,259995.8773,4203323.107,3559.875977
39.84841057,259995.9012,4203323.096,3559.880127
39.87473176,259995.9251,4203323.084,3559.875732
39.90105295,259995.949,4203323.073,3559.879395
39.92737415,259995.9729,4203323.062,3559.874512
39.95369534,259995.9968,4203323.051,3559.877686
39.98001653,259996.0206,4203323.04,3559.873047
40.00633772,259996.0445,4203323.029,3559.867432
40.03265891,259996.0684,4203323.018,3559.869629
40.05898011,259996.0923,4203323.007,3559.86377
40.0853013,259996.1162,4203322.996,3559.867432
40.11162249,259996.1401,4203322.985,3559.861084
40.13794368,259996.164,4203322.974,3559.865234
40.16426487,259996.1879,4203322.963,3559.859375
40.19058607,259996.2117,4203322.952,3559.862793
40.21690726,259996.2356,4203322.941,3559.856934
40.24322845,259996.2595,4203322.93,3559.859619
40.26954964,259996.2834,4203322.919,3559.852539
40.29587083,259996.3073,4203322.908,3559.854248
40.32219203,259996.3312,4203322.897,3559.845215
40.34851322,259996.3551,4203322.886,3559.835938
40.37483441,259996.379,4203322.874,3559.835693
40.4011556,259996.4029,4203322.863,3559.825195
40.42747679,259996.4267,4203322.852,3559.826416
40.45379799,259996.4506,4203322.841,3559.816895
40.48011918,259996.4745,4203322.83,3559.819092
40.50644037,259996.4984,4203322.819,3559.808838
40.53276156,259996.5223,4203322.808,3559.815674
40.55908275,259996.5462,4203322.797,3559.806396
40.58540395,259996.5701,4203322.786,3559.814209
40.61172514,259996.594,4203322.775,3559.805908
40.63804633,259996.6178,4203322.764,3559.814697
40.66436752,259996.6417,4203322.753,3559.807129
40.69068871,259996.6656,4203322.742,3559.800049
40.71700991,259996.6895,4203322.731,3559.811035
40.7433311,259996.7134,4203322.72,3559.802002
40.76965229,259996.7373,4203322.709,3559.811523
40.79597348,259996.7612,4203322.698,3559.802246
40.82229467,259996.7851,4203322.687,3559.811279
40.84861587,259996.809,4203322.676,3559.801758
40.87493706,259996.8328,4203322.664,3559.808594
40.90125825,259996.8567,4203322.653,3559.798096
40.92757944,259996.8806,4203322.642,3559.803223
40.95390063,259996.9045,4203322.631,3559.790771
40.98022183,259996.9284,4203322.62,3559.792725
41.00654302,259996.9523,4203322.609,3559.781006
41.03286421,259996.9762,4203322.598,3559.781494
41.0591854,259997.0001,4203322.587,3559.769287
41.08550659,259997.0239,4203322.576,3559.757568
41.11182779,259997.0478,4203322.565,3559.756592
41.13814898,259997.0717,4203322.554,3559.748047
41.16447017,259997.0956,4203322.543,3559.747803
41.19079136,259997.1195,4203322.532,3559.740723
41.21711255,259997.1434,4203322.521,3559.740723
41.24343375,259997.1673,4203322.51,3559.735107
41.26975494,259997.1912,4203322.499,3559.735107
41.29607613,259997.2151,4203322.488,3559.730713
41.32239732,259997.2389,4203322.477,3559.731445
41.34871851,259997.2628,4203322.466,3559.728027
41.37503971,259997.2867,4203322.454,3559.729492
41.4013609,259997.3106,4203322.443,3559.727295
41.42768209,259997.3345,4203322.432,3559.725342
41.45400328,259997.3584,4203322.421,3559.727539
41.48032447,259997.3823,4203322.41,3559.726074
41.50664567,259997.4062,4203322.399,3559.72876
41.53296686,259997.43,4203322.388,3559.727783
41.55928805,259997.4539,4203322.377,3559.731689
41.58560924,259997.4778,4203322.366,3559.731445
41.61193043,259997.5017,4203322.355,3559.736084
41.63825163,259997.5256,4203322.344,3559.736084
41.66457282,259997.5495,4203322.333,3559.740723
41.69089401,259997.5734,4203322.322,3559.741211
41.7172152,259997.5973,4203322.311,3559.746094
41.74353639,259997.6211,4203322.3,3559.74707
41.76985759,259997.645,4203322.289,3559.747803
41.79617878,259997.6689,4203322.278,3559.752441
41.82249997,259997.6928,4203322.267,3559.753174
41.84882116,259997.7167,4203322.256,3559.758057
41.87514235,259997.7406,4203322.244,3559.759033
41.90146355,259997.7645,4203322.233,3559.763672
41.92778474,259997.7884,4203322.222,3559.764893
41.95410593,259997.8123,4203322.211,3559.770996
41.98042712,259997.8361,4203322.2,3559.772705
42.00674831,259997.86,4203322.189,3559.779053
42.03306951,259997.8839,4203322.178,3559.779785
42.0593907,259997.9078,4203322.167,3559.782959
42.08571189,259997.9317,4203322.156,3559.782715
42.11203308,259997.9556,4203322.145,3559.785156
42.13835427,259997.9795,4203322.134,3559.784668
42.16467547,259998.0034,4203322.123,3559.78418
42.19099666,259998.0272,4203322.112,3559.785645
42.21731785,259998.0511,4203322.101,3559.784668
42.24363904,259998.075,4203322.09,3559.786133
42.26996023,259998.0989,4203322.079,3559.784912
42.29628143,259998.1228,4203322.068,3559.785889
42.32260262,259998.1467,4203322.057,3559.784668
42.34892381,259998.1706,4203322.046,3559.7854
42.375245,259998.1945,4203322.034,3559.783691
42.40177324,259998.2184,4203322.023,3559.78418
42.42830149,259998.2423,4203322.012,3559.781006
42.45482973,259998.2662,4203322,3559.779541
42.48135797,259998.2902,4203321.989,3559.77417
42.50788622,259998.3141,4203321.977,3559.771729
42.53441446,259998.338,4203321.966,3559.765869
42.5609427,259998.3619,4203321.954,3559.760254
42.58747094,259998.3859,4203321.943,3559.76123
42.61399919,259998.4098,4203321.931,3559.75708
42.64052743,259998.4337,4203321.92,3559.758789
42.66705567,259998.4576,4203321.908,3559.755127
42.69358391,259998.4815,4203321.897,3559.758057
42.72011216,259998.5055,4203321.885,3559.754883
42.7466404,259998.5294,4203321.874,3559.758545
42.77316864,259998.5533,4203321.863,3559.755371
42.79969689,259998.5772,4203321.851,3559.76001
42.82622513,259998.6012,4203321.84,3559.757813
42.85275337,259998.6251,4203321.828,3559.764893
42.87928161,259998.649,4203321.817,3559.761719
42.90580986,259998.6729,4203321.805,3559.770752
42.9323381,259998.6969,4203321.794,3559.767578
42.95886634,259998.7208,4203321.782,3559.777588
42.98539459,259998.7447,4203321.771,3559.773926
43.01192283,259998.7686,4203321.759,3559.784668
43.03845107,259998.7926,4203321.748,3559.779541
43.06497931,259998.8165,4203321.736,3559.7854
43.09150756,259998.8404,4203321.725,3559.77832
43.1180358,259998.8643,4203321.713,3559.780518
43.14456404,259998.8882,4203321.702,3559.771973
43.17109228,259998.9122,4203321.691,3559.772461
43.19762053,259998.9361,4203321.679,3559.762207
43.22414877,259998.96,4203321.668,3559.749512
43.25067701,259998.9839,4203321.656,3559.747314
43.27720526,259999.0079,4203321.645,3559.730957
43.3037335,259999.0318,4203321.633,3559.728516
43.33026174,259999.0557,4203321.622,3559.711914
43.35678998,259999.0796,4203321.61,3559.709229
43.38331823,259999.1036,4203321.599,3559.690674
43.40984647,259999.1275,4203321.587,3559.687988
43.43637471,259999.1514,4203321.576,3559.67334
43.46290295,259999.1753,4203321.564,3559.672363
43.4894312,259999.1993,4203321.553,3559.658936
43.51595944,259999.2232,4203321.542,3559.657959
43.54248768,259999.2471,4203321.53,3559.646973
43.56901593,259999.271,4203321.519,3559.647705
43.59554417,259999.2949,4203321.507,3559.638672
43.62207241,259999.3189,4203321.496,3559.641113
43.64860065,259999.3428,4203321.484,3559.634521
43.6751289,259999.3667,4203321.473,3559.637939
43.70165714,259999.3906,4203321.461,3559.631836
43.72818538,259999.4146,4203321.45,3559.636963
43.75471363,259999.4385,4203321.438,3559.631836
43.78124187,259999.4624,4203321.427,3559.636719
43.80777011,259999.4863,4203321.415,3559.631836
43.83429835,259999.5103,4203321.404,3559.635254
43.8608266,259999.5342,4203321.393,3559.630859
43.88735484,259999.5581,4203321.381,3559.631836
43.91388308,259999.582,4203321.37,3559.627197
43.94041132,259999.606,4203321.358,3559.623291
43.96693957,259999.6299,4203321.347,3559.624023
43.99346781,259999.6538,4203321.335,3559.62085
44.01999605,259999.6777,4203321.324,3559.621094
44.0465243,259999.7017,4203321.312,3559.618408
44.07305254,259999.7256,4203321.301,3559.618164
44.09958078,259999.7495,4203321.289,3559.615723
44.12610902,259999.7734,4203321.278,3559.615234
44.15263727,259999.7973,4203321.266,3559.613525
44.17916551,259999.8213,4203321.255,3559.612793
44.20569375,259999.8452,4203321.243,3559.609863
44.232222,259999.8691,4203321.232,3559.608154
44.25875024,259999.893,4203321.221,3559.604004
44.28527848,259999.917,4203321.209,3559.600586
44.31180672,259999.9409,4203321.198,3559.594971
44.33833497,259999.9648,4203321.186,3559.588867
44.36486321,259999.9887,4203321.175,3559.580566
44.39139145,260000.0127,4203321.163,3559.570801
44.41791969,260000.0366,4203321.152,3559.555176
44.44444794,260000.0605,4203321.14,3559.538574
44.47097618,260000.0844,4203321.129,3559.52124
44.49750442,260000.1084,4203321.117,3559.506348
44.52403267,260000.1323,4203321.106,3559.492676
44.55056091,260000.1562,4203321.094,3559.484375
44.57708915,260000.1801,4203321.083,3559.47583
44.60361739,260000.204,4203321.072,3559.468262
44.63014564,260000.228,4203321.06,3559.463867
44.65667388,260000.2519,4203321.049,3559.453613
44.68320212,260000.2758,4203321.037,3559.449951
44.70973037,260000.2997,4203321.026,3559.438232
44.73625861,260000.3237,4203321.014,3559.435791
44.76278685,260000.3476,4203321.003,3559.427002
44.78931509,260000.3715,4203320.991,3559.427246
44.81584334,260000.3954,4203320.98,3559.420166
44.84237158,260000.4194,4203320.968,3559.422363
44.86889982,260000.4433,4203320.957,3559.415771
44.89542806,260000.4672,4203320.945,3559.418457
44.92195631,260000.4911,4203320.934,3559.413086
44.94848455,260000.5151,4203320.923,3559.41626
44.97501279,260000.539,4203320.911,3559.411377
45.00154104,260000.5629,4203320.9,3559.416016
45.02806928,260000.5868,4203320.888,3559.411621
45.05459752,260000.6107,4203320.877,3559.417236
45.08112576,260000.6347,4203320.865,3559.413818
45.10765401,260000.6586,4203320.854,3559.420898
45.13418225,260000.6825,4203320.842,3559.418213
45.16071049,260000.7064,4203320.831,3559.427002
45.18723873,260000.7304,4203320.819,3559.424561
45.21376698,260000.7543,4203320.808,3559.434814
45.24029522,260000.7782,4203320.796,3559.433594
45.26682346,260000.8021,4203320.785,3559.432617
45.29335171,260000.8261,4203320.773,3559.446777
45.31987995,260000.85,4203320.762,3559.446777
45.34640819,260000.8739,4203320.751,3559.462402
45.37293643,260000.8978,4203320.739,3559.463135
45.39946468,260000.9218,4203320.728,3559.478516
45.42599292,260000.9457,4203320.716,3559.47876
45.45252116,260000.9696,4203320.705,3559.491943
45.47904941,260000.9935,4203320.693,3559.491943
45.50557765,260001.0174,4203320.682,3559.506104
45.53210589,260001.0414,4203320.67,3559.505859
45.55863413,260001.0653,4203320.659,3559.517578
45.58516238,260001.0892,4203320.647,3559.516602
45.61169062,260001.1131,4203320.636,3559.523926
45.63821886,260001.1371,4203320.624,3559.522461
45.6647471,260001.161,4203320.613,3559.528564
45.69127535,260001.1849,4203320.602,3559.527344
45.71780359,260001.2088,4203320.59,3559.531006
45.74433183,260001.2328,4203320.579,3559.529785
45.77086008,260001.2567,4203320.567,3559.533203
45.79738832,260001.2806,4203320.556,3559.531494
45.82391656,260001.3045,4203320.544,3559.534668
45.8504448,260001.3285,4203320.533,3559.532471
45.87697305,260001.3524,4203320.521,3559.535156
45.90350129,260001.3763,4203320.51,3559.532715
45.93002953,260001.4002,4203320.498,3559.528076
45.95655778,260001.4241,4203320.487,3559.530029
45.98308602,260001.4481,4203320.475,3559.521729
46.00961426,260001.472,4203320.464,3559.522217
46.0361425,260001.4959,4203320.453,3559.508301
46.06267075,260001.5198,4203320.441,3559.50708
46.08919899,260001.5438,4203320.43,3559.490967
46.11572723,260001.5677,4203320.418,3559.490479
46.14225547,260001.5916,4203320.407,3559.476563
46.16878372,260001.6155,4203320.395,3559.477539
46.19531196,260001.6395,4203320.384,3559.466797
46.2218402,260001.6634,4203320.372,3559.469727
46.24836845,260001.6873,4203320.361,3559.46167
46.27489669,260001.7112,4203320.349,3559.4646
46.30142493,260001.7352,4203320.338,3559.458252
46.32795317,260001.7591,4203320.326,3559.461914
46.35448142,260001.783,4203320.315,3559.456787
46.38100966,260001.8069,4203320.303,3559.460938
46.4075379,260001.8309,4203320.292,3559.456543
46.43406615,260001.8548,4203320.281,3559.460938
46.46059439,260001.8787,4203320.269,3559.456787
46.48712263,260001.9026,4203320.258,3559.461182
46.51365087,260001.9265,4203320.246,3559.457031
46.54017912,260001.9505,4203320.235,3559.461914
46.56670736,260001.9744,4203320.223,3559.458252
46.5932356,260001.9983,4203320.212,3559.45459
46.61976384,260002.0222,4203320.2,3559.459961
46.64629209,260002.0462,4203320.189,3559.455811
46.67282033,260002.0701,4203320.177,3559.4646
46.69934857,260002.094,4203320.166,3559.459717
46.72587682,260002.1179,4203320.154,3559.470459
46.75240506,260002.1419,4203320.143,3559.467041
46.7789333,260002.1658,4203320.132,3559.476318
46.80546154,260002.1897,4203320.12,3559.472168
46.83198979,260002.2136,4203320.109,3559.483887
46.85851803,260002.2376,4203320.097,3559.478516
46.88504627,260002.2615,4203320.086,3559.48877
46.91157452,260002.2854,4203320.074,3559.485107
46.93810276,260002.3093,4203320.063,3559.49292
46.964631,260002.3332,4203320.051,3559.488525
46.99115924,260002.3572,4203320.04,3559.499512
47.01768749,260002.3811,4203320.028,3559.493164
47.04421573,260002.405,4203320.017,3559.505615
47.07074397,260002.4289,4203320.005,3559.50293
47.09727221,260002.4529,4203319.994,3559.515869
47.12380046,260002.4768,4203319.983,3559.513672
47.1503287,260002.5007,4203319.971,3559.529297
47.17685694,260002.5246,4203319.96,3559.52832
47.20338519,260002.5486,4203319.948,3559.546143
47.22991343,260002.5725,4203319.937,3559.546631
47.25644167,260002.5964,4203319.925,3559.547852
47.28296991,260002.6203,4203319.914,3559.566162
47.30949816,260002.6443,4203319.902,3559.567383
47.3360264,260002.6682,4203319.891,3559.589844
47.36255464,260002.6921,4203319.879,3559.591797
47.38908288,260002.716,4203319.868,3559.61499
47.41561113,260002.7399,4203319.856,3559.618408
47.44213937,260002.7639,4203319.845,3559.646484
47.46866761,260002.7878,4203319.833,3559.648926
47.49519586,260002.8117,4203319.822,3559.665527
47.5217241,260002.8356,4203319.811,3559.666016
47.54825234,260002.8596,4203319.799,3559.677246
47.57478058,260002.8835,4203319.788,3559.67749
47.60130883,260002.9074,4203319.776,3559.684814
47.62783707,260002.9313,4203319.765,3559.684814
47.65436531,260002.9553,4203319.753,3559.688232
47.68089356,260002.9792,4203319.742,3559.687988
47.7074218,260003.0031,4203319.73,3559.691162
47.73395004,260003.027,4203319.719,3559.69043
47.76047828,260003.051,4203319.707,3559.693604
47.78700653,260003.0749,4203319.696,3559.692871
47.81353477,260003.0988,4203319.684,3559.700195
47.84006301,260003.1227,4203319.673,3559.698975
47.86659125,260003.1466,4203319.662,3559.707031
47.8931195,260003.1706,4203319.65,3559.70459
47.91964774,260003.1945,4203319.639,3559.711182
47.94617598,260003.2184,4203319.627,3559.707764
47.97270423,260003.2423,4203319.616,3559.703125
47.99923247,260003.2663,4203319.604,3559.705566
48.02576071,260003.2902,4203319.593,3559.696533
48.05228895,260003.3141,4203319.581,3559.694336
48.0788172,260003.338,4203319.57,3559.679199
48.10534544,260003.362,4203319.558,3559.671631
48.13187368,260003.3859,4203319.547,3559.654541
48.15840193,260003.4098,4203319.535,3559.645264
48.18493017,260003.4337,4203319.524,3559.633301
48.21145841,260003.4577,4203319.513,3559.627197
48.23798665,260003.4816,4203319.501,3559.619873
48.2645149,260003.5055,4203319.49,3559.615479
48.29104314,260003.5294,4203319.478,3559.610352
48.31757138,260003.5533,4203319.467,3559.607666
48.34409962,260003.5773,4203319.455,3559.605225
48.37062787,260003.6012,4203319.444,3559.604736
48.39715611,260003.6251,4203319.432,3559.602783
48.42368435,260003.649,4203319.421,3559.600586
48.4502126,260003.673,4203319.409,3559.593994
48.47674084,260003.6969,4203319.398,3559.588379
48.50326908,260003.7208,4203319.386,3559.57959
48.52979732,260003.7447,4203319.375,3559.562744
48.55632557,260003.7687,4203319.363,3559.55127
48.58285381,260003.7926,4203319.352,3559.533691
48.60938205,260003.8165,4203319.341,3559.52124
48.6359103,260003.8404,4203319.329,3559.512207
48.66243854,260003.8644,4203319.318,3559.507813
48.68896678,260003.8883,4203319.306,3559.501221
48.71549502,260003.9122,4203319.295,3559.49585
48.74202327,260003.9361,4203319.283,3559.489746
48.76855151,260003.9601,4203319.272,3559.484863
48.79507975,260003.984,4203319.26,3559.476318
48.82160799,260004.0079,4203319.249,3559.470459
48.84813624,260004.0318,4203319.237,3559.461182
48.87466448,260004.0557,4203319.226,3559.45459
48.90119272,260004.0797,4203319.214,3559.442871
48.92772097,260004.1036,4203319.203,3559.437012
48.95424921,260004.1275,4203319.192,3559.42749
48.98077745,260004.1514,4203319.18,3559.426025
49.00730569,260004.1754,4203319.169,3559.418213
49.03383394,260004.1993,4203319.157,3559.418701
49.06036218,260004.2232,4203319.146,3559.411377
49.08689042,260004.2471,4203319.134,3559.413818
49.11341867,260004.2711,4203319.123,3559.406494
49.13994691,260004.295,4203319.111,3559.409668
49.16647515,260004.3189,4203319.1,3559.404053
49.19300339,260004.3428,4203319.088,3559.407471
49.21953164,260004.3668,4203319.077,3559.403564
49.24605988,260004.3907,4203319.065,3559.4104
49.27258812,260004.4146,4203319.054,3559.406738
49.29911636,260004.4385,4203319.043,3559.405518
49.32564461,260004.4624,4203319.031,3559.422363
49.35217285,260004.4864,4203319.02,3559.422119
49.37870109,260004.5103,4203319.008,3559.44043
49.40522934,260004.5342,4203318.997,3559.438965
49.43175758,260004.5581,4203318.985,3559.453369
49.45828582,260004.5821,4203318.974,3559.452148
49.48481406,260004.606,4203318.962,3559.462891
49.51134231,260004.6299,4203318.951,3559.460938
49.53787055,260004.6538,4203318.939,3559.469727
49.56439879,260004.6778,4203318.928,3559.468018
49.59092703,260004.7017,4203318.916,3559.475098
49.61745528,260004.7256,4203318.905,3559.472168
49.64398352,260004.7495,4203318.893,3559.477783
49.67051176,260004.7735,4203318.882,3559.474609
49.69704001,260004.7974,4203318.871,3559.47998
49.72356825,260004.8213,4203318.859,3559.476318
49.75009649,260004.8452,4203318.848,3559.480713
49.77662473,260004.8691,4203318.836,3559.477051
49.80315298,260004.8931,4203318.825,3559.480225
49.82968122,260004.917,4203318.813,3559.476318
49.85620946,260004.9409,4203318.802,3559.479004
49.88273771,260004.9648,4203318.79,3559.474609
49.90926595,260004.9888,4203318.779,3559.476563
49.93579419,260005.0127,4203318.767,3559.471436
49.96232243,260005.0366,4203318.756,3559.46582
49.98885068,260005.0605,4203318.744,3559.46875
50.01537892,260005.0845,4203318.733,3559.463379
50.04190716,260005.1084,4203318.722,3559.465576
50.0684354,260005.1323,4203318.71,3559.460449
50.09496365,260005.1562,4203318.699,3559.464111
50.12149189,260005.1802,4203318.687,3559.459473
50.14802013,260005.2041,4203318.676,3559.463623
50.17454838,260005.228,4203318.664,3559.459229
50.20107662,260005.2519,4203318.653,3559.463623
50.22760486,260005.2758,4203318.641,3559.459717
50.2541331,260005.2998,4203318.63,3559.464111
50.28066135,260005.3237,4203318.618,3559.459717
50.30718959,260005.3476,4203318.607,3559.464844
50.33371783,260005.3715,4203318.595,3559.460938
50.36024608,260005.3955,4203318.584,3559.467041
50.38677432,260005.4194,4203318.573,3559.463867
50.41330256,260005.4433,4203318.561,3559.470947
50.4398308,260005.4672,4203318.55,3559.467773
50.46635905,260005.4912,4203318.538,3559.477539
50.49288729,260005.5151,4203318.527,3559.475098
50.51941553,260005.539,4203318.515,3559.487061
50.54594377,260005.5629,4203318.504,3559.482666
50.57247202,260005.5869,4203318.492,3559.493408
50.59900026,260005.6108,4203318.481,3559.487793
50.6255285,260005.6347,4203318.469,3559.481445
50.65205675,260005.6586,4203318.458,3559.488037
50.67858499,260005.6825,4203318.446,3559.480469
50.70511323,260005.7065,4203318.435,3559.485107
50.73164147,260005.7304,4203318.423,3559.477295
50.75816972,260005.7543,4203318.412,3559.479492
50.78469796,260005.7782,4203318.401,3559.470215
50.8112262,260005.8022,4203318.389,3559.470703
50.83775445,260005.8261,4203318.378,3559.460693
50.86428269,260005.85,4203318.366,3559.459473
50.89081093,260005.8739,4203318.355,3559.449951
50.91733917,260005.8979,4203318.343,3559.448975
50.94386742,260005.9218,4203318.332,3559.438965
50.97039566,260005.9457,4203318.32,3559.436279
50.9969239,260005.9696,4203318.309,3559.426758
51.02345214,260005.9936,4203318.297,3559.424561
51.04998039,260006.0175,4203318.286,3559.415771
51.07650863,260006.0414,4203318.274,3559.414063
51.10303687,260006.0653,4203318.263,3559.405762
51.12956512,260006.0893,4203318.252,3559.404541
51.15609336,260006.1132,4203318.24,3559.396973
51.1826216,260006.1371,4203318.229,3559.395996
51.20914984,260006.161,4203318.217,3559.389893
51.23567809,260006.1849,4203318.206,3559.389648
51.26220633,260006.2089,4203318.194,3559.383789
51.28873457,260006.2328,4203318.183,3559.378418
51.31526282,260006.2567,4203318.171,3559.378418
51.34179106,260006.2806,4203318.16,3559.373779
51.3683193,260006.3046,4203318.148,3559.373535
51.39484754,260006.3285,4203318.137,3559.368652
51.42137579,260006.3524,4203318.125,3559.36792
51.44790403,260006.3763,4203318.114,3559.363525
51.47443227,260006.4003,4203318.103,3559.362305
51.50096051,260006.4242,4203318.091,3559.357422
51.52748876,260006.4481,4203318.08,3559.355225
51.554017,260006.472,4203318.068,3559.349121
51.58054524,260006.496,4203318.057,3559.344971
51.60707349,260006.5199,4203318.045,3559.334473
51.63360173,260006.5438,4203318.034,3559.327637
51.66012997,260006.5677,4203318.022,3559.311523
51.68665821,260006.5916,4203318.011,3559.299805
51.71318646,260006.6156,4203317.999,3559.282227
51.7397147,260006.6395,4203317.988,3559.270752
51.76624294,260006.6634,4203317.976,3559.253906
51.79277118,260006.6873,4203317.965,3559.243652
51.81929943,260006.7113,4203317.953,3559.232178
51.84582767,260006.7352,4203317.942,3559.227051
51.87235591,260006.7591,4203317.931,3559.220947
51.89888416,260006.783,4203317.919,3559.217773
51.9254124,260006.807,4203317.908,3559.21167
51.95194064,260006.8309,4203317.896,3559.206787
51.97846888,260006.8548,4203317.885,3559.204102
52.00499713,260006.8787,4203317.873,3559.199219
52.03152537,260006.9027,4203317.862,3559.196533
52.05805361,260006.9266,4203317.85,3559.19043
52.08458186,260006.9505,4203317.839,3559.188232
52.1111101,260006.9744,4203317.827,3559.18042
52.13763834,260006.9983,4203317.816,3559.176758
52.16416658,260007.0223,4203317.804,3559.16748
52.19069483,260007.0462,4203317.793,3559.160645
52.21722307,260007.0701,4203317.782,3559.146484
52.24375131,260007.094,4203317.77,3559.136963
52.27027955,260007.118,4203317.759,3559.125977
52.2968078,260007.1419,4203317.747,3559.118896
52.32333604,260007.1658,4203317.736,3559.111084
52.34986428,260007.1897,4203317.724,3559.104492
52.37639253,260007.2137,4203317.713,3559.097656
52.40292077,260007.2376,4203317.701,3559.094727
52.42944901,260007.2615,4203317.69,3559.090088
52.45597725,260007.2854,4203317.678,3559.088623
52.4825055,260007.3094,4203317.667,3559.084229
52.50903374,260007.3333,4203317.655,3559.083496
52.53557052,260007.3572,4203317.644,3559.078613
52.56210731,260007.3811,4203317.632,3559.077393
52.58864409,260007.405,4203317.621,3559.070801
52.61518087,260007.4289,4203317.609,3559.069336
52.64171765,260007.4528,4203317.598,3559.059814
52.66825444,260007.4767,4203317.586,3559.046631
52.69479122,260007.5006,4203317.575,3559.04126
52.721328,260007.5246,4203317.563,3559.025146
52.74786478,260007.5485,4203317.552,3559.021729
52.77440157,260007.5724,4203317.54,3559.005859
52.80093835,260007.5963,4203317.529,3559.004395
52.82747513,260007.6202,4203317.517,3558.990234
52.85401191,260007.6441,4203317.506,3558.992676
52.8805487,260007.668,4203317.494,3558.980713
52.90708548,260007.6919,4203317.483,3558.985596
52.93362226,260007.7158,4203317.471,3558.975586
52.96015904,260007.7397,4203317.46,3558.984863
52.98669583,260007.7637,4203317.448,3558.978516
53.01323261,260007.7876,4203317.437,3558.988281
53.03976939,260007.8115,4203317.425,3558.983887
53.06630618,260007.8354,4203317.414,3558.996338
53.09284296,260007.8593,4203317.402,3558.994141
53.11937974,260007.8832,4203317.391,3559.004883
53.14591652,260007.9071,4203317.379,3559.00415
53.17245331,260007.931,4203317.368,3559.013428
53.19899009,260007.9549,4203317.356,3559.013672
53.22552687,260007.9788,4203317.345,3559.024658
53.25206365,260008.0027,4203317.333,3559.025391
53.27860044,260008.0267,4203317.322,3559.036133
53.30513722,260008.0506,4203317.31,3559.037598
53.331674,260008.0745,4203317.299,3559.052246
53.35821078,260008.0984,4203317.287,3559.055176
53.38474757,260008.1223,4203317.276,3559.057617
53.41128435,260008.1462,4203317.264,3559.071045
53.43782113,260008.1701,4203317.253,3559.074463
53.46435792,260008.194,4203317.241,3559.091797
53.4908947,260008.2179,4203317.229,3559.094971
53.51743148,260008.2418,4203317.218,3559.118164
53.54396826,260008.2658,4203317.206,3559.123291
53.57050505,260008.2897,4203317.195,3559.147217
53.59704183,260008.3136,4203317.183,3559.150146
53.62357861,260008.3375,4203317.172,3559.174072
53.65011539,260008.3614,4203317.16,3559.177734
53.67665218,260008.3853,4203317.149,3559.193359
53.70318896,260008.4092,4203317.137,3559.197021
53.72972574,260008.4331,4203317.126,3559.206787
53.75626252,260008.457,4203317.114,3559.20874
53.78279931,260008.4809,4203317.103,3559.214844
53.80933609,260008.5049,4203317.091,3559.216309
53.83587287,260008.5288,4203317.08,3559.220703
53.86240965,260008.5527,4203317.068,3559.221924
53.88894644,260008.5766,4203317.057,3559.225342
53.91548322,260008.6005,4203317.045,3559.226563
53.94202,260008.6244,4203317.034,3559.229736
53.96855679,260008.6483,4203317.022,3559.231689
53.99509357,260008.6722,4203317.011,3559.23584
54.02163035,260008.6961,4203316.999,3559.238281
54.04816713,260008.72,4203316.988,3559.242188
54.07470392,260008.7439,4203316.976,3559.243652
54.1012407,260008.7679,4203316.965,3559.246582
54.12777748,260008.7918,4203316.953,3559.24707
54.15431426,260008.8157,4203316.942,3559.247559
54.18085105,260008.8396,4203316.93,3559.249756
54.20738783,260008.8635,4203316.919,3559.25
54.23392461,260008.8874,4203316.907,3559.251953
54.26046139,260008.9113,4203316.896,3559.251953
54.28699818,260008.9352,4203316.884,3559.25415
54.31353496,260008.9591,4203316.873,3559.253662
54.34007174,260008.983,4203316.861,3559.255859
54.36660853,260009.007,4203316.85,3559.255127
54.39314531,260009.0309,4203316.838,3559.256836
54.41968209,260009.0548,4203316.827,3559.255615
54.44621887,260009.0787,4203316.815,3559.25708
54.47275566,260009.1026,4203316.804,3559.253174
54.49929244,260009.1265,4203316.792,3559.253174
54.52582922,260009.1504,4203316.781,3559.248779
54.552366,260009.1743,4203316.769,3559.248779
54.57890279,260009.1982,4203316.758,3559.244873
54.60543957,260009.2221,4203316.746,3559.245361
54.63197635,260009.2461,4203316.734,3559.242188
54.65851313,260009.27,4203316.723,3559.243652
54.68504992,260009.2939,4203316.711,3559.241455
54.7115867,260009.3178,4203316.7,3559.243164
54.73812348,260009.3417,4203316.688,3559.240967
54.76466026,260009.3656,4203316.677,3559.243652
54.79119705,260009.3895,4203316.665,3559.241699
54.81773383,260009.4134,4203316.654,3559.245361
54.84427061,260009.4373,4203316.642,3559.242676
54.8708074,260009.4612,4203316.631,3559.246582
54.89734418,260009.4851,4203316.619,3559.244385
54.92388096,260009.5091,4203316.608,3559.242188
54.95041774,260009.533,4203316.596,3559.246094
54.97695453,260009.5569,4203316.585,3559.24292
55.00349131,260009.5808,4203316.573,3559.247803
55.03002809,260009.6047,4203316.562,3559.244629
55.05656487,260009.6286,4203316.55,3559.249756
55.08310166,260009.6525,4203316.539,3559.24707
55.10963844,260009.6764,4203316.527,3559.252686
55.13617522,260009.7003,4203316.516,3559.249268
55.162712,260009.7242,4203316.504,3559.257568
55.18924879,260009.7482,4203316.493,3559.253418
55.21578557,260009.7721,4203316.481,3559.262939
55.24232235,260009.796,4203316.47,3559.259033
55.26885914,260009.8199,4203316.458,3559.268555
55.29539592,260009.8438,4203316.447,3559.263428
55.3219327,260009.8677,4203316.435,3559.270996
55.34846948,260009.8916,4203316.424,3559.266113
55.37500627,260009.9155,4203316.412,3559.272217
55.40154305,260009.9394,4203316.401,3559.266602
55.42807983,260009.9633,4203316.389,3559.271484
55.45461661,260009.9873,4203316.378,3559.265381
55.4811534,260010.0112,4203316.366,3559.269775
55.50769018,260010.0351,4203316.355,3559.263184
55.53422696,260010.059,4203316.343,3559.268066
55.56076374,260010.0829,4203316.332,3559.260498
55.58730053,260010.1068,4203316.32,3559.263672
55.61383731,260010.1307,4203316.309,3559.256104
55.64037409,260010.1546,4203316.297,3559.248779
55.66691087,260010.1785,4203316.286,3559.251953
55.69344766,260010.2024,4203316.274,3559.244385
55.71998444,260010.2263,4203316.262,3559.248535
55.74652122,260010.2503,4203316.251,3559.241211
55.77305801,260010.2742,4203316.239,3559.244141
55.79959479,260010.2981,4203316.228,3559.238037
55.82613157,260010.322,4203316.216,3559.240234
55.85266835,260010.3459,4203316.205,3559.234619
55.87920514,260010.3698,4203316.193,3559.235352
55.90574192,260010.3937,4203316.182,3559.230469
55.9322787,260010.4176,4203316.17,3559.230469
55.95881548,260010.4415,4203316.159,3559.225098
55.98535227,260010.4654,4203316.147,3559.224365
56.01188905,260010.4894,4203316.136,3559.219238
56.03842583,260010.5133,4203316.124,3559.218018
56.06496261,260010.5372,4203316.113,3559.214111
56.0914994,260010.5611,4203316.101,3559.214355
56.11803618,260010.585,4203316.09,3559.212158
56.14457296,260010.6089,4203316.078,3559.213135
56.17110975,260010.6328,4203316.067,3559.21167
56.19764653,260010.6567,4203316.055,3559.213135
56.22418331,260010.6806,4203316.044,3559.212158
56.25072009,260010.7045,4203316.032,3559.213623
56.27725688,260010.7285,4203316.021,3559.212402
56.30379366,260010.7524,4203316.009,3559.213623
56.33033044,260010.7763,4203315.998,3559.212402
56.35686722,260010.8002,4203315.986,3559.214111
56.38340401,260010.8241,4203315.975,3559.212891
56.40994079,260010.848,4203315.963,3559.21167
56.43647757,260010.8719,4203315.952,3559.212891
56.46301435,260010.8958,4203315.94,3559.21167
56.48955114,260010.9197,4203315.929,3559.212891
56.51608792,260010.9436,4203315.917,3559.211426
56.5426247,260010.9675,4203315.906,3559.212646
56.56916148,260010.9915,4203315.894,3559.210938
56.59569827,260011.0154,4203315.883,3559.212158
56.62223505,260011.0393,4203315.871,3559.209717
56.64877183,260011.0632,4203315.86,3559.210938
56.67530862,260011.0871,4203315.848,3559.205811
56.7018454,260011.111,4203315.837,3559.206787
56.72838218,260011.1349,4203315.825,3559.198486
56.75491896,260011.1588,4203315.814,3559.199219
56.78145575,260011.1827,4203315.802,3559.186768
56.80799253,260011.2066,4203315.79,3559.187988
56.83452931,260011.2306,4203315.779,3559.175537
56.86106609,260011.2545,4203315.767,3559.178955
56.88760288,260011.2784,4203315.756,3559.169678
56.91413966,260011.3023,4203315.744,3559.173584
56.94067644,260011.3262,4203315.733,3559.167969
56.96721322,260011.3501,4203315.721,3559.173828
56.99375001,260011.374,4203315.71,3559.170654
57.02028679,260011.3979,4203315.698,3559.179199
57.04682357,260011.4218,4203315.687,3559.177734
57.07336036,260011.4457,4203315.675,3559.188232
57.09989714,260011.4697,4203315.664,3559.187744
57.12643392,260011.4936,4203315.652,3559.200195
57.1529707,260011.5175,4203315.641,3559.200684
57.17950749,260011.5414,4203315.629,3559.201904
57.20604427,260011.5653,4203315.618,3559.218262
57.23258105,260011.5892,4203315.606,3559.219971
57.25911783,260011.6131,4203315.595,3559.234863
57.28565462,260011.637,4203315.583,3559.237061
57.3121914,260011.6609,4203315.572,3559.246338
57.33872818,260011.6848,4203315.56,3559.247314
57.36526496,260011.7088,4203315.549,3559.25293
57.39180175,260011.7327,4203315.537,3559.25293
57.41833853,260011.7566,4203315.526,3559.256104
57.44487531,260011.7805,4203315.514,3559.255127
57.4714121,260011.8044,4203315.503,3559.257813
57.49794888,260011.8283,4203315.491,3559.256104
57.52448566,260011.8522,4203315.48,3559.26001
57.55102244,260011.8761,4203315.468,3559.258057
57.57755923,260011.9,4203315.457,3559.263916
57.60409601,260011.9239,4203315.445,3559.261475
57.63063279,260011.9478,4203315.434,3559.272949
57.65716957,260011.9718,4203315.422,3559.268799
57.68370636,260011.9957,4203315.411,3559.282715
57.71024314,260012.0196,4203315.399,3559.278809
57.73677992,260012.0435,4203315.388,3559.292969
57.7633167,260012.0674,4203315.376,3559.290283
57.78985349,260012.0913,4203315.365,3559.306152
57.81639027,260012.1152,4203315.353,3559.304199
57.84292705,260012.1391,4203315.342,3559.32373
57.86946383,260012.163,4203315.33,3559.320313
57.89600062,260012.1869,4203315.318,3559.316895
57.9225374,260012.2109,4203315.307,3559.335205
57.94907418,260012.2348,4203315.295,3559.331787
57.97561097,260012.2587,4203315.284,3559.343994
58.00214775,260012.2826,4203315.272,3559.342529
58.02868453,260012.3065,4203315.261,3559.346924
58.05522131,260012.3304,4203315.249,3559.34668
58.0817581,260012.3543,4203315.238,3559.348145
58.10829488,260012.3782,4203315.226,3559.348389
58.13483166,260012.4021,4203315.215,3559.351563
58.16136844,260012.426,4203315.203,3559.352783
58.18790523,260012.45,4203315.192,3559.358398
58.21444201,260012.4739,4203315.18,3559.360107
58.24097879,260012.4978,4203315.169,3559.368652
58.26751557,260012.5217,4203315.157,3559.37207
58.29405236,260012.5456,4203315.146,3559.38501
58.32058914,260012.5695,4203315.134,3559.389648
58.34712592,260012.5934,4203315.123,3559.404053
58.37366271,260012.6173,4203315.111,3559.407959
58.40019949,260012.6412,4203315.1,3559.415527
58.42673627,260012.6651,4203315.088,3559.41626
58.45327305,260012.689,4203315.077,3559.418213
58.47980984,260012.713,4203315.065,3559.418457
58.50634662,260012.7369,4203315.054,3559.419922
58.5328834,260012.7608,4203315.042,3559.419922
58.55942018,260012.7847,4203315.031,3559.421875
58.58595697,260012.8086,4203315.019,3559.421875
58.61249375,260012.8325,4203315.008,3559.423828
58.63903053,260012.8564,4203314.996,3559.423584
58.66556731,260012.8803,4203314.985,3559.423096
58.6921041,260012.9042,4203314.973,3559.425049
58.71864088,260012.9281,4203314.962,3559.424561
58.74517766,260012.9521,4203314.95,3559.426514
58.77171444,260012.976,4203314.939,3559.426025
58.79825123,260012.9999,4203314.927,3559.427979
58.82478801,260013.0238,4203314.916,3559.427002
58.85132479,260013.0477,4203314.904,3559.429443
58.87786158,260013.0716,4203314.893,3559.428467
58.90439836,260013.0955,4203314.881,3559.431396
58.93093514,260013.1194,4203314.87,3559.430176
58.95747192,260013.1433,4203314.858,3559.434082
58.98400871,260013.1672,4203314.847,3559.432861
59.01054549,260013.1912,4203314.835,3559.437256
59.03708227,260013.2151,4203314.823,3559.435791
59.06361905,260013.239,4203314.812,3559.440918
59.09015584,260013.2629,4203314.8,3559.440186
59.11669262,260013.2868,4203314.789,3559.446777
59.1432294,260013.3107,4203314.777,3559.445313
59.16976618,260013.3346,4203314.766,3559.45166
59.19630297,260013.3585,4203314.754,3559.450439
59.22283975,260013.3824,4203314.743,3559.45752
59.24937653,260013.4063,4203314.731,3559.455566
59.27591332,260013.4302,4203314.72,3559.46167
59.3024501,260013.4542,4203314.708,3559.460693
59.32898688,260013.4781,4203314.697,3559.46582
59.35552366,260013.502,4203314.685,3559.464844
59.38206045,260013.5259,4203314.674,3559.462891
59.40859723,260013.5498,4203314.662,3559.467285
59.43513401,260013.5737,4203314.651,3559.46582
59.46167079,260013.5976,4203314.639,3559.468506
59.48820758,260013.6215,4203314.628,3559.467041
59.51474436,260013.6454,4203314.616,3559.468994
59.54128114,260013.6693,4203314.605,3559.466797
59.56781792,260013.6933,4203314.593,3559.468262
59.59435471,260013.7172,4203314.582,3559.465576
59.62089149,260013.7411,4203314.57,3559.467041
59.64742827,260013.765,4203314.559,3559.463379
59.67396505,260013.7889,4203314.547,3559.465332
59.70050184,260013.8128,4203314.536,3559.461426
59.72703862,260013.8367,4203314.524,3559.462646
59.7535754,260013.8606,4203314.513,3559.458008
59.78011219,260013.8845,4203314.501,3559.459473
59.80664897,260013.9084,4203314.49,3559.453369
59.83318575,260013.9324,4203314.478,3559.454102
59.85972253,260013.9563,4203314.467,3559.44751
59.88625932,260013.9802,4203314.455,3559.448975
59.9127961,260014.0041,4203314.444,3559.442871
59.93933288,260014.028,4203314.432,3559.443848
59.96586966,260014.0519,4203314.421,3559.437744
59.99240645,260014.0758,4203314.409,3559.438477
60.01894323,260014.0997,4203314.398,3559.433105
60.04548001,260014.1236,4203314.386,3559.434082
60.07201679,260014.1475,4203314.375,3559.430908
60.09855358,260014.1714,4203314.363,3559.432617
60.12509036,260014.1954,4203314.351,3559.429688
60.15162714,260014.2193,4203314.34,3559.427002
60.17816393,260014.2432,4203314.328,3559.429932
60.20470071,260014.2671,4203314.317,3559.427002
60.23123749,260014.291,4203314.305,3559.431152
60.25777427,260014.3149,4203314.294,3559.427734
60.28431106,260014.3388,4203314.282,3559.433105
60.31084784,260014.3627,4203314.271,3559.429688
60.33738462,260014.3866,4203314.259,3559.435547
60.3639214,260014.4105,4203314.248,3559.432373
60.39045819,260014.4345,4203314.236,3559.438965
60.41699497,260014.4584,4203314.225,3559.435791
60.44353175,260014.4823,4203314.213,3559.443359
60.47006853,260014.5062,4203314.202,3559.439941
60.49660532,260014.5301,4203314.19,3559.448242
60.5231421,260014.554,4203314.179,3559.445557
60.54967888,260014.5779,4203314.167,3559.450195
60.57621566,260014.6018,4203314.156,3559.44751
60.60275245,260014.6257,4203314.144,3559.451416
60.62928923,260014.6496,4203314.133,3559.448975
60.65582601,260014.6736,4203314.121,3559.451904
60.6823628,260014.6975,4203314.11,3559.44873
60.70889958,260014.7214,4203314.098,3559.451416
60.73543636,260014.7453,4203314.087,3559.44751
60.76197314,260014.7692,4203314.075,3559.449219
60.78850993,260014.7931,4203314.064,3559.443848
60.81504671,260014.817,4203314.052,3559.445801
60.84158349,260014.8409,4203314.041,3559.440674
60.86812027,260014.8648,4203314.029,3559.442627
60.89465706,260014.8887,4203314.018,3559.438232
60.92119384,260014.9126,4203314.006,3559.434814
60.94773062,260014.9366,4203313.995,3559.437012
60.9742674,260014.9605,4203313.983,3559.434326
61.00080419,260014.9844,4203313.972,3559.436523
61.02734097,260015.0083,4203313.96,3559.433838
61.05387775,260015.0322,4203313.949,3559.435303
61.08041454,260015.0561,4203313.937,3559.430908
61.10695132,260015.08,4203313.926,3559.432861
61.1334881,260015.1039,4203313.914,3559.427979
61.16002488,260015.1278,4203313.903,3559.429932
61.18656167,260015.1517,4203313.891,3559.424072
61.21309845,260015.1757,4203313.879,3559.427246
61.23963523,260015.1996,4203313.868,3559.418945
61.26617201,260015.2235,4203313.856,3559.420898
61.2927088,260015.2474,4203313.845,3559.413086
61.31924558,260015.2713,4203313.833,3559.414063
61.34578236,260015.2952,4203313.822,3559.40332
61.37231914,260015.3191,4203313.81,3559.402344
61.39885593,260015.343,4203313.799,3559.390869
61.42539271,260015.3669,4203313.787,3559.388916
61.45192949,260015.3908,4203313.776,3559.380615
61.47846628,260015.4148,4203313.764,3559.380615
61.50500306,260015.4387,4203313.753,3559.376709
61.53153984,260015.4626,4203313.741,3559.376465
61.55807662,260015.4865,4203313.73,3559.37207
61.58461341,260015.5104,4203313.718,3559.371582
61.61115019,260015.5343,4203313.707,3559.365479
61.63768697,260015.5582,4203313.695,3559.357666
61.66422375,260015.5821,4203313.684,3559.355713
61.69076054,260015.606,4203313.672,3559.349609
61.71729732,260015.6299,4203313.661,3559.348145
61.7438341,260015.6538,4203313.649,3559.344971
61.77037088,260015.6778,4203313.638,3559.344482
61.79690767,260015.7017,4203313.626,3559.343262
61.82344445,260015.7256,4203313.615,3559.343018
61.84998123,260015.7495,4203313.603,3559.342529
61.87651801,260015.7734,4203313.592,3559.342285
61.9030548,260015.7973,4203313.58,3559.341553
61.92959158,260015.8212,4203313.569,3559.341064
61.95612836,260015.8451,4203313.557,3559.340332
61.98266515,260015.869,4203313.546,3559.338867
62.00920193,260015.8929,4203313.534,3559.337158
62.03573871,260015.9169,4203313.523,3559.331543
62.06227549,260015.9408,4203313.511,3559.329102
62.08881228,260015.9647,4203313.5,3559.324463
62.11534906,260015.9886,4203313.488,3559.322754
62.14188584,260016.0125,4203313.477,3559.320557
62.16842262,260016.0364,4203313.465,3559.318604
62.19495941,260016.0603,4203313.454,3559.31665
62.22149619,260016.0842,4203313.442,3559.316162
62.24803297,260016.1081,4203313.431,3559.315918
62.27456975,260016.132,4203313.419,3559.315674
62.30110654,260016.156,4203313.407,3559.31543
62.32764332,260016.1799,4203313.396,3559.315674
62.3541801,260016.2038,4203313.384,3559.315918
62.38071689,260016.2277,4203313.373,3559.316406
62.40725367,260016.2516,4203313.361,3559.317383
62.43379045,260016.2755,4203313.35,3559.318359
62.46032723,260016.2994,4203313.338,3559.31958
62.48686402,260016.3233,4203313.327,3559.320801
62.5134008,260016.3472,4203313.315,3559.321533
62.53993758,260016.3711,4203313.304,3559.322266
62.56647436,260016.395,4203313.292,3559.32251
62.59301115,260016.419,4203313.281,3559.322754
62.61954793,260016.4429,4203313.269,3559.322754
62.64608471,260016.4668,4203313.258,3559.32373
62.67262149,260016.4907,4203313.246,3559.323486
62.69915828,260016.5146,4203313.235,3559.326904
62.72569506,260016.5385,4203313.223,3559.327637
62.75223184,260016.5624,4203313.212,3559.338379
62.77876862,260016.5863,4203313.2,3559.340576
62.80530541,260016.6102,4203313.189,3559.354248
62.83184219,260016.6341,4203313.177,3559.355469
62.85837897,260016.6581,4203313.166,3559.37085
62.88491576,260016.682,4203313.154,3559.371338
62.91145254,260016.7059,4203313.143,3559.381592
62.93798932,260016.7298,4203313.131,3559.381348
62.9645261,260016.7537,4203313.12,3559.387939
62.99106289,260016.7776,4203313.108,3559.387207
63.01759967,260016.8015,4203313.097,3559.391113
63.04413645,260016.8254,4203313.085,3559.390381
63.07067323,260016.8493,4203313.074,3559.394043
63.09721002,260016.8732,4203313.062,3559.39209
63.1237468,260016.8972,4203313.051,3559.391113
63.15028358,260016.9211,4203313.039,3559.393555
63.17682036,260016.945,4203313.028,3559.392578
63.20335715,260016.9689,4203313.016,3559.394775
63.22989393,260016.9928,4203313.005,3559.392822
63.25643071,260017.0167,4203312.993,3559.394775
63.2829675,260017.0406,4203312.982,3559.39209
63.30950428,260017.0645,4203312.97,3559.392578
63.33604106,260017.0884,4203312.959,3559.387939
63.36257784,260017.1123,4203312.947,3559.387207
63.38911463,260017.1362,4203312.935,3559.380859
63.41565141,260017.1602,4203312.924,3559.379395
63.44218819,260017.1841,4203312.912,3559.371826
63.46872497,260017.208,4203312.901,3559.368896
63.49526176,260017.2319,4203312.889,3559.361572
63.52179854,260017.2558,4203312.878,3559.359863
63.54833532,260017.2797,4203312.866,3559.354492
63.5748721,260017.3036,4203312.855,3559.353516
63.60140889,260017.3275,4203312.843,3559.350098
63.62794567,260017.3514,4203312.832,3559.349121
63.65448245,260017.3753,4203312.82,3559.345459
63.68101923,260017.3993,4203312.809,3559.343994
63.70755602,260017.4232,4203312.797,3559.341064
63.7340928,260017.4471,4203312.786,3559.3396
63.76062958,260017.471,4203312.774,3559.336426
63.78716637,260017.4949,4203312.763,3559.335205
63.81370315,260017.5188,4203312.751,3559.331787
63.84023993,260017.5427,4203312.74,3559.328613
63.86677671,260017.5666,4203312.728,3559.319824
63.8933135,260017.5905,4203312.717,3559.309082
63.91985028,260017.6144,4203312.705,3559.301514
63.94611192,260017.6383,4203312.694,3559.290039
63.97237356,260017.6622,4203312.683,3559.287109
63.99863521,260017.6861,4203312.673,3559.282471
64.02489685,260017.71,4203312.662,3559.281494
64.05115849,260017.7339,4203312.651,3559.278076
64.07742013,260017.7577,4203312.64,3559.277832
64.10368178,260017.7816,4203312.629,3559.275879
64.12994342,260017.8055,4203312.618,3559.276123
64.15620506,260017.8294,4203312.607,3559.274414
64.1824667,260017.8533,4203312.596,3559.274902
64.20872835,260017.8772,4203312.585,3559.273438
64.23498999,260017.9011,4203312.574,3559.27124
64.26125163,260017.9249,4203312.563,3559.273193
64.28751327,260017.9488,4203312.552,3559.271484
64.31377492,260017.9727,4203312.541,3559.27417
64.34003656,260017.9966,4203312.531,3559.272949
64.3662982,260018.0205,4203312.52,3559.276123
64.39255984,260018.0444,4203312.509,3559.275146
64.41882149,260018.0682,4203312.498,3559.280518
64.44508313,260018.0921,4203312.487,3559.279297
64.47134477,260018.116,4203312.476,3559.287842
64.49760641,260018.1399,4203312.465,3559.287598
64.52386806,260018.1638,4203312.454,3559.286621
64.5501297,260018.1877,4203312.443,3559.295166
64.57639134,260018.2115,4203312.432,3559.293945
64.60265298,260018.2354,4203312.421,3559.300537
64.62891463,260018.2593,4203312.41,3559.299316
64.65517627,260018.2832,4203312.4,3559.303223
64.68143791,260018.3071,4203312.389,3559.302246
64.70769955,260018.331,4203312.378,3559.305176
64.7339612,260018.3549,4203312.367,3559.304199
64.76022284,260018.3787,4203312.356,3559.306152
64.78648448,260018.4026,4203312.345,3559.304932
64.81274612,260018.4265,4203312.334,3559.306396
64.83900777,260018.4504,4203312.323,3559.305176
64.86526941,260018.4743,4203312.312,3559.303223
64.89153105,260018.4982,4203312.301,3559.304688
64.91779269,260018.522,4203312.29,3559.30249
64.94405434,260018.5459,4203312.279,3559.303467
64.97031598,260018.5698,4203312.269,3559.300293
64.99657762,260018.5937,4203312.258,3559.30127
65.02283926,260018.6176,4203312.247,3559.297607
65.04910091,260018.6415,4203312.236,3559.297852
65.07536255,260018.6654,4203312.225,3559.293213
65.10162419,260018.6892,4203312.214,3559.292725
65.12788583,260018.7131,4203312.203,3559.287354
65.15414748,260018.737,4203312.192,3559.281738
65.18040912,260018.7609,4203312.181,3559.281494
65.20667076,260018.7848,4203312.17,3559.275635
65.2329324,260018.8087,4203312.159,3559.275635
65.25919405,260018.8325,4203312.148,3559.270752
65.28545569,260018.8564,4203312.137,3559.270996
65.31171733,260018.8803,4203312.127,3559.26709
65.33797897,260018.9042,4203312.116,3559.267822
65.36424062,260018.9281,4203312.105,3559.264893
65.39050226,260018.952,4203312.094,3559.266113
65.4167639,260018.9758,4203312.083,3559.263672
65.44302554,260018.9997,4203312.072,3559.262207
65.46928719,260019.0236,4203312.061,3559.264893
65.49554883,260019.0475,4203312.05,3559.263428
65.52181047,260019.0714,4203312.039,3559.266357
65.54807211,260019.0953,4203312.028,3559.265381
65.57433376,260019.1192,4203312.017,3559.269043
65.6005954,260019.143,4203312.006,3559.268066
65.62685704,260019.1669,4203311.996,3559.27417
65.65311868,260019.1908,4203311.985,3559.273438
65.67938033,260019.2147,4203311.974,3559.280273
65.70564197,260019.2386,4203311.963,3559.279541
65.73190361,260019.2625,4203311.952,3559.284912
65.75816525,260019.2863,4203311.941,3559.28418
65.7844269,260019.3102,4203311.93,3559.283203
65.81068854,260019.3341,4203311.919,3559.288086
65.83695018,260019.358,4203311.908,3559.287109
65.86321182,260019.3819,4203311.897,3559.29126
65.88947347,260019.4058,4203311.886,3559.290039
65.91573511,260019.4296,4203311.875,3559.295166
65.94199675,260019.4535,4203311.865,3559.293701
65.96825839,260019.4774,4203311.854,3559.299316
65.99452004,260019.5013,4203311.843,3559.297852
66.02078168,260019.5252,4203311.832,3559.303223
66.04704332,260019.5491,4203311.821,3559.301758
66.07330496,260019.573,4203311.81,3559.300293
66.09956661,260019.5968,4203311.799,3559.306152
66.12582825,260019.6207,4203311.788,3559.304688
66.15208989,260019.6446,4203311.777,3559.311523
66.17835153,260019.6685,4203311.766,3559.310303
66.20461318,260019.6924,4203311.755,3559.318848
66.23087482,260019.7163,4203311.744,3559.317383
66.25713646,260019.7401,4203311.734,3559.325928
66.2833981,260019.764,4203311.723,3559.324951
66.30965975,260019.7879,4203311.712,3559.333008
66.33592139,260019.8118,4203311.701,3559.331543
66.36218303,260019.8357,4203311.69,3559.339111
66.38844467,260019.8596,4203311.679,3559.337402
66.41470632,260019.8835,4203311.668,3559.335693
66.44096796,260019.9073,4203311.657,3559.343018
66.4672296,260019.9312,4203311.646,3559.341064
66.49349124,260019.9551,4203311.635,3559.347168
66.51975289,260019.979,4203311.624,3559.344238
66.54601453,260020.0029,4203311.613,3559.349121
66.57227617,260020.0268,4203311.602,3559.345947
66.59853781,260020.0506,4203311.592,3559.349365
66.62479946,260020.0745,4203311.581,3559.346191
66.6510611,260020.0984,4203311.57,3559.348389
66.67732274,260020.1223,4203311.559,3559.345703
66.70358438,260020.1462,4203311.548,3559.342773
66.72984603,260020.1701,4203311.537,3559.344971
66.75610767,260020.1939,4203311.526,3559.342285
66.78236931,260020.2178,4203311.515,3559.344238
66.80863095,260020.2417,4203311.504,3559.341797
66.8348926,260020.2656,4203311.493,3559.34375
66.86115424,260020.2895,4203311.482,3559.341553
66.88741588,260020.3134,4203311.471,3559.343506
66.91367752,260020.3373,4203311.461,3559.341309
66.93993917,260020.3611,4203311.45,3559.343262
66.96620081,260020.385,4203311.439,3559.341064
66.99246245,260020.4089,4203311.428,3559.338867
67.01872409,260020.4328,4203311.417,3559.341064
67.04498574,260020.4567,4203311.406,3559.338623
67.07124738,260020.4806,4203311.395,3559.340088
67.09750902,260020.5044,4203311.384,3559.337646
67.12377066,260020.5283,4203311.373,3559.339111
67.15003231,260020.5522,4203311.362,3559.336426
67.17629395,260020.5761,4203311.351,3559.337646
67.20255559,260020.6,4203311.34,3559.333984
67.22881723,260020.6239,4203311.33,3559.335205
67.25507888,260020.6477,4203311.319,3559.331055
67.28134052,260020.6716,4203311.308,3559.332764
67.30760216,260020.6955,4203311.297,3559.327393
67.3338638,260020.7194,4203311.286,3559.322021
67.36012545,260020.7433,4203311.275,3559.325195
67.38638709,260020.7672,4203311.264,3559.320313
67.41264873,260020.7911,4203311.253,3559.324463
67.43891037,260020.8149,4203311.242,3559.320068
67.46517202,260020.8388,4203311.231,3559.323486
67.49143366,260020.8627,4203311.22,3559.319336
67.5176953,260020.8866,4203311.209,3559.322754
67.54395694,260020.9105,4203311.198,3559.319092
67.57021859,260020.9344,4203311.188,3559.321045
67.59648023,260020.9582,4203311.177,3559.317139
67.62274187,260020.9821,4203311.166,3559.312744
67.64900351,260021.006,4203311.155,3559.312744
67.67526516,260021.0299,4203311.144,3559.30835
67.7015268,260021.0538,4203311.133,3559.30835
67.72778844,260021.0777,4203311.122,3559.303711
67.75405008,260021.1015,4203311.111,3559.303711
67.78031173,260021.1254,4203311.1,3559.298584
67.80657337,260021.1493,4203311.089,3559.29834
67.83283501,260021.1732,4203311.078,3559.292969
67.85909665,260021.1971,4203311.067,3559.29248
67.8853583,260021.221,4203311.057,3559.287109
67.91161994,260021.2449,4203311.046,3559.28125
67.93788158,260021.2687,4203311.035,3559.279297
67.96414322,260021.2926,4203311.024,3559.271729
67.99040487,260021.3165,4203311.013,3559.266602
68.01666651,260021.3404,4203311.002,3559.25708
68.04292815,260021.3643,4203310.991,3559.251709
68.06918979,260021.3882,4203310.98,3559.243408
68.09545144,260021.412,4203310.969,3559.239258
68.12171308,260021.4359,4203310.958,3559.233643
68.14797472,260021.4598,4203310.947,3559.230713
68.17423636,260021.4837,4203310.936,3559.225586
68.20049801,260021.5076,4203310.926,3559.223633
68.22675965,260021.5315,4203310.915,3559.218018
68.25302129,260021.5554,4203310.904,3559.213135
68.27928293,260021.5792,4203310.893,3559.212402
68.30554458,260021.6031,4203310.882,3559.208984
68.33180622,260021.627,4203310.871,3559.208984
68.35806786,260021.6509,4203310.86,3559.205811
68.3843295,260021.6748,4203310.849,3559.206055
68.41059115,260021.6987,4203310.838,3559.202393
68.43685279,260021.7225,4203310.827,3559.203125
68.46311443,260021.7464,4203310.816,3559.199463
68.48937607,260021.7703,4203310.805,3559.200928
68.51563772,260021.7942,4203310.795,3559.197266
68.54189936,260021.8181,4203310.784,3559.193359
68.568161,260021.842,4203310.773,3559.197021
68.59442264,260021.8658,4203310.762,3559.193359
68.62068429,260021.8897,4203310.751,3559.197754
68.64694593,260021.9136,4203310.74,3559.19458
68.67320757,260021.9375,4203310.729,3559.198975
68.69946921,260021.9614,4203310.718,3559.195313
68.72573086,260021.9853,4203310.707,3559.200195
68.7519925,260022.0092,4203310.696,3559.19751
68.77825414,260022.033,4203310.685,3559.202148
68.80451578,260022.0569,4203310.674,3559.199463
68.83077743,260022.0808,4203310.663,3559.206299
68.85703907,260022.1047,4203310.653,3559.205078
68.88330071,260022.1286,4203310.642,3559.203857
68.90956235,260022.1525,4203310.631,3559.210938
68.935824,260022.1763,4203310.62,3559.209961
68.96208564,260022.2002,4203310.609,3559.215576
68.98834728,260022.2241,4203310.598,3559.213135
69.01460892,260022.248,4203310.587,3559.215332
69.04087057,260022.2719,4203310.576,3559.211914
69.06713221,260022.2958,4203310.565,3559.213379
69.09339385,260022.3196,4203310.554,3559.210205
69.11965549,260022.3435,4203310.543,3559.210449
69.14591714,260022.3674,4203310.532,3559.207031
69.17217878,260022.3913,4203310.522,3559.203369
69.19844042,260022.4152,4203310.511,3559.202393
69.22470206,260022.4391,4203310.5,3559.197754
69.25096371,260022.463,4203310.489,3559.196045
69.27722535,260022.4868,4203310.478,3559.190674
69.30348699,260022.5107,4203310.467,3559.188721
69.32974863,260022.5346,4203310.456,3559.183105
69.35601028,260022.5585,4203310.445,3559.179443
69.38227192,260022.5824,4203310.434,3559.171387
69.40853356,260022.6063,4203310.423,3559.165527
69.4347952,260022.6301,4203310.412,3559.156982
69.46105685,260022.654,4203310.401,3559.147461
69.48731849,260022.6779,4203310.391,3559.141602
69.51358013,260022.7018,4203310.38,3559.130859
69.53984177,260022.7257,4203310.369,3559.125488
69.56610342,260022.7496,4203310.358,3559.113281
69.59236506,260022.7734,4203310.347,3559.108398
69.6186267,260022.7973,4203310.336,3559.095215
69.64488834,260022.8212,4203310.325,3559.090332
69.67114999,260022.8451,4203310.314,3559.078369
69.69741163,260022.869,4203310.303,3559.076172
69.72367327,260022.8929,4203310.292,3559.066162
69.74993491,260022.9168,4203310.281,3559.062988
69.77619656,260022.9406,4203310.27,3559.05249
69.8024582,260022.9645,4203310.26,3559.042725
69.82871984,260022.9884,4203310.249,3559.039795
69.85498148,260023.0123,4203310.238,3559.029785
69.88124313,260023.0362,4203310.227,3559.028076
69.90750477,260023.0601,4203310.216,3559.018311
69.93376641,260023.0839,4203310.205,3559.01709
69.96002805,260023.1078,4203310.194,3559.008057
69.9862897,260023.1317,4203310.183,3559.006836
70.01255134,260023.1556,4203310.172,3558.997559
70.03881298,260023.1795,4203310.161,3558.996338
70.06507462,260023.2034,4203310.15,3558.985596
70.09133627,260023.2273,4203310.139,3558.973389
70.11759791,260023.2511,4203310.128,3558.971436
70.14385955,260023.275,4203310.118,3558.957275
70.17012119,260023.2989,4203310.107,3558.953369
70.19638284,260023.3228,4203310.096,3558.937988
70.22264448,260023.3467,4203310.085,3558.935059
70.24890612,260023.3706,4203310.074,3558.921631
70.27516776,260023.3944,4203310.063,3558.918213
70.30142941,260023.4183,4203310.052,3558.904541
70.32769105,260023.4422,4203310.041,3558.901611
70.35395269,260023.4661,4203310.03,3558.888184
70.38021433,260023.49,4203310.019,3558.875488
70.40647598,260023.5139,4203310.008,3558.871826
70.43273762,260023.5377,4203309.997,3558.858154
70.45899926,260023.5616,4203309.987,3558.853271
70.4852609,260023.5855,4203309.976,3558.838379
70.51152255,260023.6094,4203309.965,3558.833008
70.53778419,260023.6333,4203309.954,3558.819092
70.56404583,260023.6572,4203309.943,3558.814697
70.59030747,260023.6811,4203309.932,3558.802002
70.61656912,260023.7049,4203309.921,3558.799805
70.64283076,260023.7288,4203309.91,3558.78833
70.6690924,260023.7527,4203309.899,3558.786865
70.69535404,260023.7766,4203309.888,3558.776367
70.72161569,260023.8005,4203309.877,3558.76709
70.74787733,260023.8244,4203309.866,3558.766846
70.77413897,260023.8482,4203309.856,3558.758301
70.80040061,260023.8721,4203309.845,3558.759277
70.82666226,260023.896,4203309.834,3558.750488
70.8529239,260023.9199,4203309.823,3558.751953
70.87918554,260023.9438,4203309.812,3558.746338
70.90544718,260023.9677,4203309.801,3558.748535
70.93170883,260023.9915,4203309.79,3558.744385
70.95797047,260024.0154,4203309.779,3558.747314
70.98423211,260024.0393,4203309.768,3558.743652
71.01049375,260024.0632,4203309.757,3558.73999
71.0367554,260024.0871,4203309.746,3558.743164
71.06301704,260024.111,4203309.735,3558.739502
71.08927868,260024.1349,4203309.724,3558.741943
71.11554032,260024.1587,4203309.714,3558.738037
71.14180197,260024.1826,4203309.703,3558.740479
71.16806361,260024.2065,4203309.692,3558.736572
71.19432525,260024.2304,4203309.681,3558.738281
71.22058689,260024.2543,4203309.67,3558.734863
71.24684854,260024.2782,4203309.659,3558.737305
71.27261594,260024.302,4203309.649,3558.733398
71.29838335,260024.3259,4203309.64,3558.729736
71.32415075,260024.3498,4203309.63,3558.731201
71.34991816,260024.3737,4203309.62,3558.727783
71.37568557,260024.3976,4203309.611,3558.730469
71.40145297,260024.4214,4203309.601,3558.728271
71.42722038,260024.4453,4203309.591,3558.726807
71.45298778,260024.4692,4203309.582,3558.730225
71.47875519,260024.4931,4203309.572,3558.729248
71.5045226,260024.517,4203309.562,3558.732422
71.53029,260024.5408,4203309.552,3558.731689
71.55605741,260024.5647,4203309.543,3558.731445
71.58182481,260024.5886,4203309.533,3558.735352
71.60759222,260024.6125,4203309.523,3558.735596
71.63335963,260024.6364,4203309.514,3558.739746
71.65912703,260024.6602,4203309.504,3558.740479
71.68489444,260024.6841,4203309.494,3558.741211
71.71066184,260024.708,4203309.485,3558.744385
71.73642925,260024.7319,4203309.475,3558.744873
71.76219666,260024.7558,4203309.465,3558.746826
71.78796406,260024.7796,4203309.456,3558.747559
71.81373147,260024.8035,4203309.446,3558.750732
71.83949887,260024.8274,4203309.436,3558.751953
71.86526628,260024.8513,4203309.427,3558.753174
71.89103369,260024.8752,4203309.417,3558.758545
71.91680109,260024.899,4203309.407,3558.76001
71.9425685,260024.9229,4203309.398,3558.766113
71.96833591,260024.9468,4203309.388,3558.767578
71.99410331,260024.9707,4203309.378,3558.768555
72.01987072,260024.9946,4203309.369,3558.773682
72.04563812,260025.0184,4203309.359,3558.774658
72.07140553,260025.0423,4203309.349,3558.781006
72.09717294,260025.0662,4203309.34,3558.782471
72.12294034,260025.0901,4203309.33,3558.783936
72.14870775,260025.1139,4203309.32,3558.793213
72.17447515,260025.1378,4203309.31,3558.794434
72.20024256,260025.1617,4203309.301,3558.80542
72.22600997,260025.1856,4203309.291,3558.807373
72.25177737,260025.2095,4203309.281,3558.809326
72.27754478,260025.2333,4203309.272,3558.821777
72.30331218,260025.2572,4203309.262,3558.824951
72.32907959,260025.2811,4203309.252,3558.837891
72.354847,260025.305,4203309.243,3558.840576
72.3806144,260025.3289,4203309.233,3558.842529
72.40638181,260025.3527,4203309.223,3558.848877
72.43214921,260025.3766,4203309.214,3558.849121
72.45791662,260025.4005,4203309.204,3558.852051
72.48368403,260025.4244,4203309.194,3558.852051
72.50945143,260025.4483,4203309.185,3558.851807
72.53521884,260025.4721,4203309.175,3558.854248
72.56098624,260025.496,4203309.165,3558.85376
72.58675365,260025.5199,4203309.156,3558.855469
72.61252106,260025.5438,4203309.146,3558.855225
72.63828846,260025.5677,4203309.136,3558.854492
72.66405587,260025.5915,4203309.127,3558.855713
72.68982327,260025.6154,4203309.117,3558.854736
72.71559068,260025.6393,4203309.107,3558.855713
72.74135809,260025.6632,4203309.097,3558.854248
72.76712549,260025.6871,4203309.088,3558.854736
72.7928929,260025.7109,4203309.078,3558.852783
72.81866031,260025.7348,4203309.068,3558.851074
72.84442771,260025.7587,4203309.059,3558.850586
72.87019512,260025.7826,4203309.049,3558.848633
72.89596252,260025.8065,4203309.039,3558.848145
72.92172993,260025.8303,4203309.03,3558.845703
72.94749734,260025.8542,4203309.02,3558.841797
72.97326474,260025.8781,4203309.01,3558.839844
72.99903215,260025.902,4203309.001,3558.83252
73.02479955,260025.9259,4203308.991,3558.830322
73.05056696,260025.9497,4203308.981,3558.821777
73.07633437,260025.9736,4203308.972,3558.8125
73.10210177,260025.9975,4203308.962,3558.809814
73.12786918,260026.0214,4203308.952,3558.803223
73.15363658,260026.0453,4203308.943,3558.801758
73.17940399,260026.0691,4203308.933,3558.796143
73.2051714,260026.093,4203308.923,3558.791504
73.2309388,260026.1169,4203308.914,3558.791992
73.25670621,260026.1408,4203308.904,3558.78833
73.28247361,260026.1647,4203308.894,3558.789551
73.30824102,260026.1885,4203308.885,3558.785889
73.33400843,260026.2124,4203308.875,3558.782471
73.35977583,260026.2363,4203308.865,3558.784912
73.38554324,260026.2602,4203308.855,3558.781738
73.41131064,260026.2841,4203308.846,3558.784424
73.43707805,260026.3079,4203308.836,3558.78125
73.46284546,260026.3318,4203308.826,3558.777588
73.48861286,260026.3557,4203308.817,3558.78125
73.51438027,260026.3796,4203308.807,3558.777344
73.54014768,260026.4035,4203308.797,3558.781006
73.56591508,260026.4273,4203308.788,3558.776611
73.59168249,260026.4512,4203308.778,3558.770752
73.61744989,260026.4751,4203308.768,3558.775146
73.6432173,260026.499,4203308.759,3558.767578
73.66898471,260026.5228,4203308.749,3558.77124
73.69475211,260026.5467,4203308.739,3558.763184
73.72051952,260026.5706,4203308.73,3558.767578
73.74628692,260026.5945,4203308.72,3558.758301
73.77205433,260026.6184,4203308.71,3558.748779
73.79782174,260026.6422,4203308.701,3558.754395
73.82358914,260026.6661,4203308.691,3558.745361
73.84935655,260026.69,4203308.681,3558.749023
73.87512395,260026.7139,4203308.672,3558.740479
73.90089136,260026.7378,4203308.662,3558.732422
73.92665877,260026.7616,4203308.652,3558.736816
73.95242617,260026.7855,4203308.642,3558.729736
73.97819358,260026.8094,4203308.633,3558.734375
74.00396098,260026.8333,4203308.623,3558.727295
74.02972839,260026.8572,4203308.613,3558.721191
74.0554958,260026.881,4203308.604,3558.726074
74.0812632,260026.9049,4203308.594,3558.720703
74.10703061,260026.9288,4203308.584,3558.72583
74.13279801,260026.9527,4203308.575,3558.720703
74.15856542,260026.9766,4203308.565,3558.715576
74.18433283,260027.0004,4203308.555,3558.721436
74.21010023,260027.0243,4203308.546,3558.71582
74.23586764,260027.0482,4203308.536,3558.720947
74.26163504,260027.0721,4203308.526,3558.715576
74.28740245,260027.096,4203308.517,3558.710693
74.31316986,260027.1198,4203308.507,3558.715332
74.33893726,260027.1437,4203308.497,3558.710938
74.36470467,260027.1676,4203308.488,3558.715332
74.39047208,260027.1915,4203308.478,3558.711426
74.41623948,260027.2154,4203308.468,3558.70874
74.44200689,260027.2392,4203308.459,3558.713623
74.46777429,260027.2631,4203308.449,3558.710938
74.4935417,260027.287,4203308.439,3558.715332
74.51930911,260027.3109,4203308.43,3558.712646
74.54507651,260027.3348,4203308.42,3558.710449
74.57084392,260027.3586,4203308.41,3558.714111
74.59661132,260027.3825,4203308.4,3558.711914
74.62237873,260027.4064,4203308.391,3558.715088
74.64814614,260027.4303,4203308.381,3558.712891
74.67391354,260027.4542,4203308.371,3558.715576
74.69968095,260027.478,4203308.362,3558.713867
74.72544835,260027.5019,4203308.352,3558.71167
74.75121576,260027.5258,4203308.342,3558.714111
74.77698317,260027.5497,4203308.333,3558.712158
74.80275057,260027.5736,4203308.323,3558.713867
74.82851798,260027.5974,4203308.313,3558.712158
74.85428538,260027.6213,4203308.304,3558.710693
74.88005279,260027.6452,4203308.294,3558.712891
74.9058202,260027.6691,4203308.284,3558.710938
74.9315876,260027.693,4203308.275,3558.713379
74.95735501,260027.7168,4203308.265,3558.711426
74.98312241,260027.7407,4203308.255,3558.708984
75.00888982,260027.7646,4203308.246,3558.710938
75.03465723,260027.7885,4203308.236,3558.708008
75.06042463,260027.8124,4203308.226,3558.710693
75.08619204,260027.8362,4203308.217,3558.70752
75.11195944,260027.8601,4203308.207,3558.702881
75.13772685,260027.884,4203308.197,3558.708252
75.16349426,260027.9079,4203308.187,3558.70459
75.18926166,260027.9317,4203308.178,3558.710449
75.21502907,260027.9556,4203308.168,3558.707275
75.24079648,260027.9795,4203308.158,3558.702881
75.26656388,260028.0034,4203308.149,3558.711182
75.29233129,260028.0273,4203308.139,3558.708252
75.31809869,260028.0511,4203308.129,3558.718994
75.3438661,260028.075,4203308.12,3558.716553
75.36963351,260028.0989,4203308.11,3558.713623
75.39540091,260028.1228,4203308.1,3558.736328
75.42116832,260028.1467,4203308.091,3558.733154
75.44693572,260028.1705,4203308.081,3558.763184
75.47270313,260028.1944,4203308.071,3558.760742
75.49847054,260028.2183,4203308.062,3558.790283
75.52423794,260028.2422,4203308.052,3558.785889
75.55000535,260028.2661,4203308.042,3558.782715
75.57577275,260028.2899,4203308.033,3558.820313
75.60154016,260028.3138,4203308.023,3558.817627
75.62730757,260028.3377,4203308.013,3558.859375
75.65307497,260028.3616,4203308.004,3558.857178
75.67884238,260028.3855,4203307.994,3558.848633
75.70460978,260028.4093,4203307.984,3558.883301
75.73037719,260028.4332,4203307.975,3558.866943
75.7561446,260028.4571,4203307.965,3558.892578
75.781912,260028.481,4203307.955,3558.875732
75.80767941,260028.5049,4203307.945,3558.858398
75.83344681,260028.5287,4203307.936,3558.879639
75.85921422,260028.5526,4203307.926,3558.854492
75.88498163,260028.5765,4203307.916,3558.877686
75.91074903,260028.6004,4203307.907,3558.849609
75.93651644,260028.6243,4203307.897,3558.819824
75.96228384,260028.6481,4203307.887,3558.838135
75.98805125,260028.672,4203307.878,3558.800781
76.01381866,260028.6959,4203307.868,3558.804443
76.03958606,260028.7198,4203307.858,3558.769531
76.06535347,260028.7437,4203307.849,3558.740479
76.09112088,260028.7675,4203307.839,3558.743652
76.11688828,260028.7914,4203307.829,3558.723877
76.14265569,260028.8153,4203307.82,3558.726563
76.16842309,260028.8392,4203307.81,3558.711182
76.1941905,260028.8631,4203307.8,3558.696289
76.21995791,260028.8869,4203307.791,3558.701416
76.24572531,260028.9108,4203307.781,3558.687744
76.27149272,260028.9347,4203307.771,3558.692871
76.29726012,260028.9586,4203307.762,3558.680664
76.32302753,260028.9825,4203307.752,3558.67041
76.34879494,260029.0063,4203307.742,3558.676758
76.37456234,260029.0302,4203307.732,3558.667236
76.40032975,260029.0541,4203307.723,3558.673096
76.42609715,260029.078,4203307.713,3558.666748
76.45186456,260029.1019,4203307.703,3558.673584
76.47763197,260029.1257,4203307.694,3558.669189
76.50339937,260029.1496,4203307.684,3558.665283
76.52916678,260029.1735,4203307.674,3558.673096
76.55493418,260029.1974,4203307.665,3558.670166
76.58070159,260029.2213,4203307.655,3558.678955
76.606469,260029.2451,4203307.645,3558.677246
76.6322364,260029.269,4203307.636,3558.675293
76.65800381,260029.2929,4203307.626,3558.687256
76.68377121,260029.3168,4203307.616,3558.686279
76.70953862,260029.3406,4203307.607,3558.698486
76.73530603,260029.3645,4203307.597,3558.696533
76.76107343,260029.3884,4203307.587,3558.695313
76.78684084,260029.4123,4203307.578,3558.713379
76.81260825,260029.4362,4203307.568,3558.712158
76.83837565,260029.46,4203307.558,3558.733643
76.86414306,260029.4839,4203307.549,3558.733887
76.88991046,260029.5078,4203307.539,3558.733887
76.91567787,260029.5317,4203307.529,3558.756836
76.94144528,260029.5556,4203307.519,3558.756836
76.96721268,260029.5794,4203307.51,3558.777344
76.99298009,260029.6033,4203307.5,3558.776611
77.01874749,260029.6272,4203307.49,3558.775391
77.0445149,260029.6511,4203307.481,3558.792969
77.07028231,260029.675,4203307.471,3558.789063
77.09604971,260029.6988,4203307.461,3558.80542
77.12181712,260029.7227,4203307.452,3558.799561
77.14758452,260029.7466,4203307.442,3558.794189
77.17335193,260029.7705,4203307.432,3558.807617
77.19911934,260029.7944,4203307.423,3558.799561
77.22488674,260029.8182,4203307.413,3558.811035
77.25065415,260029.8421,4203307.403,3558.801514
77.27642155,260029.866,4203307.394,3558.793457
77.30218896,260029.8899,4203307.384,3558.803467
77.32795637,260029.9138,4203307.374,3558.797119
77.35372377,260029.9376,4203307.365,3558.807129
77.37949118,260029.9615,4203307.355,3558.802734
77.40525858,260029.9854,4203307.345,3558.811768
77.43102599,260030.0093,4203307.336,3558.809082
77.4567934,260030.0332,4203307.326,3558.806885
77.4825608,260030.057,4203307.316,3558.812744
77.50832821,260030.0809,4203307.307,3558.809326
77.53409561,260030.1048,4203307.297,3558.812744
77.55986302,260030.1287,4203307.287,3558.809082
77.58563043,260030.1526,4203307.277,3558.804443
77.61139783,260030.1764,4203307.268,3558.807129
77.63716524,260030.2003,4203307.258,3558.803223
77.66293265,260030.2242,4203307.248,3558.804932
77.68870005,260030.2481,4203307.239,3558.801514
77.71446746,260030.272,4203307.229,3558.797363
77.74023486,260030.2958,4203307.219,3558.799805
77.76600227,260030.3197,4203307.21,3558.796631
77.79176968,260030.3436,4203307.2,3558.799316
77.81753708,260030.3675,4203307.19,3558.796875
77.84330449,260030.3914,4203307.181,3558.793701
77.86907189,260030.4152,4203307.171,3558.797607
77.8948393,260030.4391,4203307.161,3558.79541
77.92060671,260030.463,4203307.152,3558.798096
77.94637411,260030.4869,4203307.142,3558.79541
77.97214152,260030.5108,4203307.132,3558.791748
77.99790892,260030.5346,4203307.123,3558.793457
78.02367633,260030.5585,4203307.113,3558.790527
78.04944374,260030.5824,4203307.103,3558.79248
78.07521114,260030.6063,4203307.094,3558.790039
78.10097855,260030.6302,4203307.084,3558.787109
78.12674595,260030.654,4203307.074,3558.791016
78.15251336,260030.6779,4203307.064,3558.789063
78.17828077,260030.7018,4203307.055,3558.797852
78.20404817,260030.7257,4203307.045,3558.796875
78.22981558,260030.7496,4203307.035,3558.79541
78.25558298,260030.7734,4203307.026,3558.805664
78.28135039,260030.7973,4203307.016,3558.803223
78.3071178,260030.8212,4203307.006,3558.814697
78.3328852,260030.8451,4203306.997,3558.809326
78.35865261,260030.8689,4203306.987,3558.818848
78.38442001,260030.8928,4203306.977,3558.8125
78.41018742,260030.9167,4203306.968,3558.803955
78.43595483,260030.9406,4203306.958,3558.809326
78.46172223,260030.9645,4203306.948,3558.798584
78.48748964,260030.9883,4203306.939,3558.800537
78.51325705,260031.0122,4203306.929,3558.787842
78.53902445,260031.0361,4203306.919,3558.774414
78.56479186,260031.06,4203306.91,3558.774414
78.59055926,260031.0839,4203306.9,3558.758301
78.61632667,260031.1077,4203306.89,3558.756836
78.64209408,260031.1316,4203306.881,3558.738525
78.66786148,260031.1555,4203306.871,3558.72168
78.69362889,260031.1794,4203306.861,3558.715088
78.71939629,260031.2033,4203306.852,3558.696045
78.7451637,260031.2271,4203306.842,3558.687988
78.77093111,260031.251,4203306.832,3558.666992
78.79669851,260031.2749,4203306.822,3558.644775
78.82246592,260031.2988,4203306.813,3558.636963
78.84823332,260031.3227,4203306.803,3558.618896
78.87859419,260031.3466,4203306.784,3558.612061
78.90895506,260031.3706,4203306.766,3558.604736
78.93931593,260031.3946,4203306.747,3558.598633
78.9696768,260031.4185,4203306.729,3558.582275
79.00003767,260031.4425,4203306.71,3558.576904
79.03039854,260031.4665,4203306.691,3558.572266
79.0607594,260031.4904,4203306.673,3558.567627
79.09112027,260031.5144,4203306.654,3558.556152
79.12148114,260031.5384,4203306.635,3558.551514
79.15184201,260031.5623,4203306.617,3558.548096
79.18220288,260031.5863,4203306.598,3558.543701
79.21256375,260031.6102,4203306.579,3558.538086
79.24292462,260031.6342,4203306.561,3558.524414
79.27328549,260031.6582,4203306.542,3558.520752
79.30364635,260031.6821,4203306.524,3558.517334
79.33400722,260031.7061,4203306.505,3558.513672
79.36436809,260031.7301,4203306.486,3558.51001
79.39472896,260031.754,4203306.468,3558.498047
79.42508983,260031.778,4203306.449,3558.492188
79.4554507,260031.802,4203306.43,3558.487549
79.48581157,260031.8259,4203306.412,3558.482422
79.51617243,260031.8499,4203306.393,3558.476318
79.5465333,260031.8739,4203306.374,3558.474609
79.57689417,260031.8978,4203306.356,3558.473389
79.60725504,260031.9218,4203306.337,3558.472412
79.63761591,260031.9458,4203306.318,3558.472168
79.66797678,260031.9697,4203306.3,3558.471436
79.69833765,260031.9937,4203306.281,3558.471924
79.72869852,260032.0177,4203306.263,3558.4729
79.75905938,260032.0416,4203306.244,3558.474365
79.78942025,260032.0656,4203306.225,3558.474121
79.81978112,260032.0896,4203306.207,3558.476563
79.85014199,260032.1135,4203306.188,3558.479492
79.88050286,260032.1375,4203306.169,3558.484131
79.91086373,260032.1615,4203306.151,3558.490967
79.9412246,260032.1854,4203306.132,3558.492676
79.97158547,260032.2094,4203306.113,3558.501221
80.00194633,260032.2333,4203306.095,3558.51123
80.0323072,260032.2573,4203306.076,3558.523438
80.06266807,260032.2813,4203306.058,3558.53125
80.09302894,260032.3052,4203306.039,3558.556396
80.12338981,260032.3292,4203306.02,3558.585205
80.15375068,260032.3532,4203306.002,3558.617188
80.18411155,260032.3771,4203305.983,3558.643311
80.21447241,260032.4011,4203305.964,3558.6521
80.24483328,260032.4251,4203305.946,3558.664795
80.27519415,260032.449,4203305.927,3558.678711
80.30555502,260032.473,4203305.908,3558.688965
80.33591589,260032.497,4203305.89,3558.692139
80.36627676,260032.5209,4203305.871,3558.699463
80.39663763,260032.5449,4203305.852,3558.710205
80.4269985,260032.5689,4203305.834,3558.723145
80.45735936,260032.5928,4203305.815,3558.737061
80.48772023,260032.6168,4203305.797,3558.741211
80.5180811,260032.6408,4203305.778,3558.756836
80.54844197,260032.6647,4203305.759,3558.767822
80.57880284,260032.6887,4203305.741,3558.784668
80.60916371,260032.7127,4203305.722,3558.80249
80.63952458,260032.7366,4203305.703,3558.809326
80.66988544,260032.7606,4203305.685,3558.822754
80.70024631,260032.7846,4203305.666,3558.831787
80.73060718,260032.8085,4203305.647,3558.843506
80.76096805,260032.8325,4203305.629,3558.84668
80.79132892,260032.8564,4203305.61,3558.854492
80.82168979,260032.8804,4203305.592,3558.862061
80.85205066,260032.9044,4203305.573,3558.870605
80.88241153,260032.9283,4203305.554,3558.881104
80.91277239,260032.9523,4203305.536,3558.883301
80.94313326,260032.9763,4203305.517,3558.892334
80.97349413,260033.0002,4203305.498,3558.900146
81.003855,260033.0242,4203305.48,3558.90918
81.03421587,260033.0482,4203305.461,3558.909912
81.06457674,260033.0721,4203305.442,3558.919434
81.09493761,260033.0961,4203305.424,3558.929932
81.12529847,260033.1201,4203305.405,3558.938721
81.15565934,260033.144,4203305.386,3558.945801
81.18602021,260033.168,4203305.368,3558.946777
81.21638108,260033.192,4203305.349,3558.95459
81.24674195,260033.2159,4203305.331,3558.965088
81.27710282,260033.2399,4203305.312,3558.977051
81.30746369,260033.2639,4203305.293,3558.9729
81.33782456,260033.2878,4203305.275,3558.980469
81.36818542,260033.3118,4203305.256,3558.983398
81.39854629,260033.3358,4203305.237,3558.983154
81.42890716,260033.3597,4203305.219,3558.980713
81.45926803,260033.3837,4203305.2,3558.968018
81.4896289,260033.4077,4203305.181,3558.961914
81.51998977,260033.4316,4203305.163,3558.955566
81.55035064,260033.4556,4203305.144,3558.949463
81.5807115,260033.4795,4203305.126,3558.943848
81.61107237,260033.5035,4203305.107,3558.934326
81.64143324,260033.5275,4203305.088,3558.929688
81.67179411,260033.5514,4203305.07,3558.927734
81.70215498,260033.5754,4203305.051,3558.92627
81.73251585,260033.5994,4203305.032,3558.921143
81.76287672,260033.6233,4203305.014,3558.92041
81.79323759,260033.6473,4203304.995,3558.919922
81.82359845,260033.6713,4203304.976,3558.919434
81.85395932,260033.6952,4203304.958,3558.918945
81.88432019,260033.7192,4203304.939,3558.913818
81.91468106,260033.7432,4203304.92,3558.912842
81.94504193,260033.7671,4203304.902,3558.912109
81.9754028,260033.7911,4203304.883,3558.910156
82.00576367,260033.8151,4203304.865,3558.904053
82.03612454,260033.839,4203304.846,3558.904053
82.0664854,260033.863,4203304.827,3558.904785
82.09684627,260033.887,4203304.809,3558.906982
82.12720714,260033.9109,4203304.79,3558.910645
82.15756801,260033.9349,4203304.771,3558.907227
82.18792888,260033.9589,4203304.753,3558.915771
82.21828975,260033.9828,4203304.734,3558.925293
82.24865062,260034.0068,4203304.715,3558.935059
82.27901148,260034.0308,4203304.697,3558.933838
82.30937235,260034.0547,4203304.678,3558.945313
82.33973322,260034.0787,4203304.66,3558.953613
82.37009409,260034.1027,4203304.641,3558.963135
82.40045496,260034.1266,4203304.622,3558.971191
82.43081583,260034.1506,4203304.604,3558.971436
82.4611767,260034.1745,4203304.585,3558.978027
82.49153757,260034.1985,4203304.566,3558.983887
82.52189843,260034.2225,4203304.548,3558.986572
82.5522593,260034.2464,4203304.529,3558.987549
82.58262017,260034.2704,4203304.51,3558.991211
82.61298104,260034.2944,4203304.492,3558.996582
82.64334191,260034.3183,4203304.473,3559.002441
82.67370278,260034.3423,4203304.454,3559.009277
82.70406365,260034.3663,4203304.436,3559.016357
82.73442451,260034.3902,4203304.417,3559.025635
82.76478538,260034.4142,4203304.399,3559.031738
82.79514625,260034.4382,4203304.38,3559.035889
82.82550712,260034.4621,4203304.361,3559.037842
82.85586799,260034.4861,4203304.343,3559.039795
82.88622886,260034.5101,4203304.324,3559.037354
82.91658973,260034.534,4203304.305,3559.031738
82.9469506,260034.558,4203304.287,3559.026367
82.97731146,260034.582,4203304.268,3559.02417
83.00767233,260034.6059,4203304.249,3559.018066
83.0380332,260034.6299,4203304.231,3559.01416
83.06839407,260034.6539,4203304.212,3559.012207
83.09875494,260034.6778,4203304.194,3559.008789
83.12911581,260034.7018,4203304.175,3559.005127
83.15947668,260034.7258,4203304.156,3558.993408
83.18983754,260034.7497,4203304.138,3558.974609
83.21512071,260034.7736,4203304.129,3558.959717
83.24040387,260034.7975,4203304.121,3558.944336
83.26568703,260034.8214,4203304.113,3558.936035
83.29097019,260034.8453,4203304.105,3558.930176
83.31625336,260034.8692,4203304.096,3558.923584
83.34153652,260034.8931,4203304.088,3558.913086
83.36681968,260034.917,4203304.08,3558.897217
83.39210284,260034.9409,4203304.072,3558.878418
83.417386,260034.9648,4203304.063,3558.851074
83.44266917,260034.9887,4203304.055,3558.828613
83.46795233,260035.0126,4203304.047,3558.814453
83.49323549,260035.0365,4203304.039,3558.80249
83.51851865,260035.0604,4203304.03,3558.79541
83.54380182,260035.0843,4203304.022,3558.792969
83.56908498,260035.1082,4203304.014,3558.788818
83.59436814,260035.1321,4203304.006,3558.7854
83.6196513,260035.1561,4203303.998,3558.784668
83.64493446,260035.18,4203303.989,3558.781738
83.67021763,260035.2039,4203303.981,3558.778809
83.69550079,260035.2278,4203303.973,3558.77832
83.72078395,260035.2517,4203303.965,3558.775146
83.74606711,260035.2756,4203303.956,3558.770996
83.77135028,260035.2995,4203303.948,3558.770752
83.79663344,260035.3234,4203303.94,3558.766113
83.8219166,260035.3473,4203303.932,3558.765625
83.84719976,260035.3712,4203303.923,3558.760254
83.87248292,260035.3951,4203303.915,3558.753662
83.89776609,260035.419,4203303.907,3558.753418
83.92304925,260035.4429,4203303.899,3558.74585
83.94833241,260035.4668,4203303.89,3558.738281
83.97361557,260035.4907,4203303.882,3558.737793
83.99889873,260035.5146,4203303.874,3558.731934
84.0241819,260035.5385,4203303.866,3558.727295
84.04946506,260035.5624,4203303.857,3558.727051
84.07474822,260035.5863,4203303.849,3558.722656
84.10003138,260035.6102,4203303.841,3558.718506
84.12531455,260035.6341,4203303.833,3558.718262
84.15059771,260035.658,4203303.824,3558.713867
84.17588087,260035.6819,4203303.816,3558.709229
84.20116403,260035.7058,4203303.808,3558.70874
84.22644719,260035.7297,4203303.8,3558.704102
84.25173036,260035.7536,4203303.791,3558.699707
84.27701352,260035.7775,4203303.783,3558.698242
84.30229668,260035.8014,4203303.775,3558.692627
84.32757984,260035.8253,4203303.767,3558.686523
84.35286301,260035.8492,4203303.758,3558.684326
84.37814617,260035.8731,4203303.75,3558.678223
84.40342933,260035.897,4203303.742,3558.672607
84.42871249,260035.9209,4203303.734,3558.669434
84.45399565,260035.9448,4203303.726,3558.66333
84.47927882,260035.9687,4203303.717,3558.657715
84.50456198,260035.9926,4203303.709,3558.648682
84.52984514,260036.0165,4203303.701,3558.639893
84.5551283,260036.0404,4203303.693,3558.631592
84.58041147,260036.0643,4203303.684,3558.620361
84.60569463,260036.0882,4203303.676,3558.606934
84.63097779,260036.1121,4203303.668,3558.598389
84.65626095,260036.136,4203303.66,3558.588867
84.68154411,260036.1599,4203303.651,3558.581787
84.70682728,260036.1838,4203303.643,3558.574219
84.73211044,260036.2077,4203303.635,3558.567383
84.7573936,260036.2316,4203303.627,3558.560303
84.78267676,260036.2555,4203303.618,3558.552979
84.80795993,260036.2794,4203303.61,3558.546143
84.83324309,260036.3033,4203303.602,3558.538574
84.85852625,260036.3273,4203303.594,3558.530762
84.88380941,260036.3512,4203303.585,3558.506104
84.90909257,260036.3751,4203303.577,3558.492676
84.93437574,260036.399,4203303.569,3558.481445
84.9596589,260036.4229,4203303.561,3558.469482
84.98494206,260036.4468,4203303.552,3558.460205
85.01022522,260036.4707,4203303.544,3558.454346
85.03550839,260036.4946,4203303.536,3558.446777
85.06079155,260036.5185,4203303.528,3558.44043
85.08607471,260036.5424,4203303.519,3558.435059
85.11135787,260036.5663,4203303.511,3558.429932
85.13664103,260036.5902,4203303.503,3558.426025
85.1619242,260036.6141,4203303.495,3558.422119
85.18720736,260036.638,4203303.486,3558.416016
85.21249052,260036.6619,4203303.478,3558.4104
85.23777368,260036.6858,4203303.47,3558.403809
85.26305684,260036.7097,4203303.462,3558.398682
85.28834001,260036.7336,4203303.454,3558.396484
85.31362317,260036.7575,4203303.445,3558.392578
85.33890633,260036.7814,4203303.437,3558.387939
85.36418949,260036.8053,4203303.429,3558.387939
85.38947266,260036.8292,4203303.421,3558.383545
85.41475582,260036.8531,4203303.412,3558.378906
85.44003898,260036.877,4203303.404,3558.380371
85.46532214,260036.9009,4203303.396,3558.376221
85.4906053,260036.9248,4203303.388,3558.371582
85.51588847,260036.9487,4203303.379,3558.375244
85.54117163,260036.9726,4203303.371,3558.371338
85.56645479,260036.9965,4203303.363,3558.367188
85.59173795,260037.0204,4203303.355,3558.373291
85.61702112,260037.0443,4203303.346,3558.369141
85.64230428,260037.0682,4203303.338,3558.364502
85.66758744,260037.0921,4203303.33,3558.371338
85.6928706,260037.116,4203303.322,3558.366699
85.71815376,260037.1399,4203303.313,3558.362061
85.74343693,260037.1638,4203303.305,3558.369141
85.76872009,260037.1877,4203303.297,3558.36377
85.79400325,260037.2116,4203303.289,3558.357178
85.81928641,260037.2355,4203303.28,3558.36377
85.84456958,260037.2594,4203303.272,3558.356201
85.86985274,260037.2833,4203303.264,3558.348877
85.8951359,260037.3072,4203303.256,3558.35498
85.92041906,260037.3311,4203303.247,3558.348389
85.94570222,260037.355,4203303.239,3558.352539
85.97098539,260037.3789,4203303.231,3558.349121
85.99626855,260037.4028,4203303.223,3558.347168
86.02155171,260037.4267,4203303.215,3558.349854
86.04683487,260037.4506,4203303.206,3558.348877
86.07211804,260037.4745,4203303.198,3558.348389
86.0974012,260037.4984,4203303.19,3558.350098
86.12268436,260037.5224,4203303.182,3558.349609
86.14796752,260037.5463,4203303.173,3558.349365
86.17325068,260037.5702,4203303.165,3558.350586
86.19853385,260037.5941,4203303.157,3558.35083
86.22381701,260037.618,4203303.149,3558.351563
86.24910017,260037.6419,4203303.14,3558.353027
86.27438333,260037.6658,4203303.132,3558.35376
86.29966649,260037.6897,4203303.124,3558.354492
86.32494966,260037.7136,4203303.116,3558.355957
86.35023282,260037.7375,4203303.107,3558.35791
86.37551598,260037.7614,4203303.099,3558.359863
86.40079914,260037.7853,4203303.091,3558.362793
86.42608231,260037.8092,4203303.083,3558.365967
86.45136547,260037.8331,4203303.074,3558.368652
86.47664863,260037.857,4203303.066,3558.370605
86.50193179,260037.8809,4203303.058,3558.371826
86.52721495,260037.9048,4203303.05,3558.373047
86.55249812,260037.9287,4203303.041,3558.374023
86.57778128,260037.9526,4203303.033,3558.374023
86.60306444,260037.9765,4203303.025,3558.374023
86.6283476,260038.0004,4203303.017,3558.374023
86.65363077,260038.0243,4203303.008,3558.373535
86.67891393,260038.0482,4203303,3558.370117
86.70419709,260038.0721,4203302.992,3558.366211
86.72948025,260038.096,4203302.984,3558.362793
86.75476341,260038.1199,4203302.975,3558.356445
86.78004658,260038.1438,4203302.967,3558.353271
86.80532974,260038.1677,4203302.959,3558.350342
86.8306129,260038.1916,4203302.951,3558.345947
86.85589606,260038.2155,4203302.943,3558.343018
86.88117923,260038.2394,4203302.934,3558.339844
86.90646239,260038.2633,4203302.926,3558.333496
86.93174555,260038.2872,4203302.918,3558.32959
86.95702871,260038.3111,4203302.91,3558.325195
86.98231187,260038.335,4203302.901,3558.316895
87.00759504,260038.3589,4203302.893,3558.310791
87.0328782,260038.3828,4203302.885,3558.303223
87.05816136,260038.4067,4203302.877,3558.291504
87.08344452,260038.4306,4203302.868,3558.280029
87.10872769,260038.4545,4203302.86,3558.266602
87.13401085,260038.4784,4203302.852,3558.244873
87.15929401,260038.5023,4203302.844,3558.224609
87.18457717,260038.5262,4203302.835,3558.203369
87.20986033,260038.5501,4203302.827,3558.178223
87.2351435,260038.574,4203302.819,3558.164551
87.26042666,260038.5979,4203302.811,3558.15332
87.28570982,260038.6218,4203302.802,3558.137451
87.31099298,260038.6457,4203302.794,3558.128418
87.33627614,260038.6696,4203302.786,3558.116455
87.36155931,260038.6935,4203302.778,3558.109131
87.38684247,260038.7175,4203302.769,3558.102539
87.41212563,260038.7414,4203302.761,3558.092285
87.43740879,260038.7653,4203302.753,3558.084717
87.46269196,260038.7892,4203302.745,3558.07666
87.48797512,260038.8131,4203302.736,3558.064697
87.51325828,260038.837,4203302.728,3558.056641
87.53854144,260038.8609,4203302.72,3558.049561
87.5638246,260038.8848,4203302.712,3558.039307
87.58910777,260038.9087,4203302.703,3558.032959
87.61439093,260038.9326,4203302.695,3558.029297
87.63967409,260038.9565,4203302.687,3558.027344
87.66495725,260038.9804,4203302.679,3558.026855
87.69024042,260039.0043,4203302.671,3558.026367
87.71552358,260039.0282,4203302.662,3558.026123
87.74080674,260039.0521,4203302.654,3558.026123
87.7660899,260039.076,4203302.646,3558.026123
87.79137306,260039.0999,4203302.638,3558.026367
87.81665623,260039.1238,4203302.629,3558.026367
87.84193939,260039.1477,4203302.621,3558.026611
87.86722255,260039.1716,4203302.613,3558.026855
87.89250571,260039.1955,4203302.605,3558.0271
87.91778888,260039.2194,4203302.596,3558.027344
87.94307204,260039.2433,4203302.588,3558.029541
87.9683552,260039.2672,4203302.58,3558.030273
87.99363836,260039.2911,4203302.572,3558.03125
88.01892152,260039.315,4203302.563,3558.03418
88.04420469,260039.3389,4203302.555,3558.034912
88.06948785,260039.3628,4203302.547,3558.03833
88.09477101,260039.3867,4203302.539,3558.039307
88.12005417,260039.4106,4203302.53,3558.040283
88.14533734,260039.4345,4203302.522,3558.043213
88.1706205,260039.4584,4203302.514,3558.043945
88.19590366,260039.4823,4203302.506,3558.044678
88.22118682,260039.5062,4203302.497,3558.047607
88.24646998,260039.5301,4203302.489,3558.049316
88.27175315,260039.554,4203302.481,3558.05127
88.29703631,260039.5779,4203302.473,3558.058594
88.32231947,260039.6018,4203302.464,3558.062012
88.34760263,260039.6257,4203302.456,3558.06665
88.37288579,260039.6496,4203302.448,3558.083496
88.39816896,260039.6735,4203302.44,3558.090576
88.42345212,260039.6974,4203302.432,3558.098633
88.44873528,260039.7213,4203302.423,3558.114258
88.47401844,260039.7452,4203302.415,3558.119629
88.49930161,260039.7691,4203302.407,3558.124756
88.52458477,260039.793,4203302.399,3558.133545
88.54986793,260039.8169,4203302.39,3558.136475
88.57515109,260039.8408,4203302.382,3558.139648
88.60043425,260039.8647,4203302.374,3558.148926
88.62571742,260039.8887,4203302.366,3558.1521
88.65100058,260039.9126,4203302.357,3558.155029
88.67628374,260039.9365,4203302.349,3558.163086
88.7015669,260039.9604,4203302.341,3558.165771
88.72685007,260039.9843,4203302.333,3558.171631
88.75213323,260040.0082,4203302.324,3558.173096
88.77741639,260040.0321,4203302.316,3558.174561
88.80269955,260040.056,4203302.308,3558.179688
88.82798271,260040.0799,4203302.3,3558.180908
88.85326588,260040.1038,4203302.291,3558.182373
88.87854904,260040.1277,4203302.283,3558.186279
88.9038322,260040.1516,4203302.275,3558.186523
88.92911536,260040.1755,4203302.267,3558.186768
88.95439853,260040.1994,4203302.258,3558.189209
88.97968169,260040.2233,4203302.25,3558.188965
89.00496485,260040.2472,4203302.242,3558.188477
89.03024801,260040.2711,4203302.234,3558.189453
89.06234981,260040.295,4203302.212,3558.189941
89.09445161,260040.3189,4203302.191,3558.188965
89.12655341,260040.3428,4203302.169,3558.188965
89.15865521,260040.3667,4203302.148,3558.188965
89.19075701,260040.3906,4203302.127,3558.188965
89.22285881,260040.4145,4203302.105,3558.188477
89.2549606,260040.4384,4203302.084,3558.187012
89.2870624,260040.4623,4203302.062,3558.182861
89.3191642,260040.4862,4203302.041,3558.177734
89.351266,260040.5101,4203302.019,3558.17334
89.3833678,260040.534,4203301.998,3558.169189
89.4154696,260040.5579,4203301.977,3558.165039
89.4475714,260040.5818,4203301.955,3558.161621
89.4796732,260040.6057,4203301.934,3558.158936
89.511775,260040.6296,4203301.912,3558.156982
89.54387679,260040.6535,4203301.891,3558.155518
89.57597859,260040.6774,4203301.869,3558.154541
89.60808039,260040.7013,4203301.848,3558.154297
89.64018219,260040.7252,4203301.827,3558.155518
89.67228399,260040.7491,4203301.805,3558.159912
89.70438579,260040.773,4203301.784,3558.16626
89.73648759,260040.7969,4203301.762,3558.164307
89.76858939,260040.8208,4203301.741,3558.171631
89.80069118,260040.8447,4203301.719,3558.179443
89.83279298,260040.8686,4203301.698,3558.187256
89.86489478,260040.8925,4203301.677,3558.195068
89.89699658,260040.9164,4203301.655,3558.202148
89.92909838,260040.9403,4203301.634,3558.210205
89.96120018,260040.9642,4203301.612,3558.219482
89.99330198,260040.9881,4203301.591,3558.22998
90.02540378,260041.012,4203301.569,3558.227539
90.05750558,260041.0359,4203301.548,3558.233643
90.08960737,260041.0598,4203301.527,3558.236328
90.12170917,260041.0838,4203301.505,3558.238281
90.15381097,260041.1077,4203301.484,3558.23877
90.18591277,260041.1316,4203301.462,3558.238525
90.21801457,260041.1555,4203301.441,3558.238037
90.25011637,260041.1794,4203301.419,3558.236328
90.28221817,260041.2033,4203301.398,3558.234131
90.31431997,260041.2272,4203301.377,3558.232178
90.34642177,260041.2511,4203301.355,3558.226563
90.37852356,260041.275,4203301.334,3558.222656
90.41062536,260041.2989,4203301.312,3558.21582
90.44272716,260041.3228,4203301.291,3558.20459
90.47482896,260041.3467,4203301.269,3558.192627
90.50693076,260041.3706,4203301.248,3558.180664
90.53903256,260041.3945,4203301.227,3558.169922
90.57113436,260041.4184,4203301.205,3558.156494
90.60323616,260041.4423,4203301.184,3558.140869
90.63533796,260041.4662,4203301.162,3558.125244
90.66743975,260041.4901,4203301.141,3558.106689
90.69954155,260041.514,4203301.119,3558.091309
90.73164335,260041.5379,4203301.098,3558.080566
90.76374515,260041.5618,4203301.077,3558.073242
90.79584695,260041.5857,4203301.055,3558.067383
90.82794875,260041.6096,4203301.034,3558.062256
90.86005055,260041.6335,4203301.012,3558.057373
90.89215235,260041.6574,4203300.991,3558.052002
90.92425415,260041.6813,4203300.969,3558.047607
90.95635594,260041.7052,4203300.948,3558.04248
90.98845774,260041.7291,4203300.927,3558.036133
91.02055954,260041.753,4203300.905,3558.03125
91.05266134,260041.7769,4203300.884,3558.026367
91.08476314,260041.8008,4203300.862,3558.019775
91.11686494,260041.8247,4203300.841,3558.013672
91.14896674,260041.8486,4203300.819,3558.008057
91.18106854,260041.8725,4203300.798,3558.003418
91.21317034,260041.8964,4203300.777,3558
91.24527213,260041.9203,4203300.755,3557.997559
91.27737393,260041.9442,4203300.734,3557.990967
91.30947573,260041.9681,4203300.712,3557.98877
91.34157753,260041.992,4203300.691,3557.987549
91.37367933,260042.0159,4203300.669,3557.987061
91.40578113,260042.0398,4203300.648,3557.986816
91.43788293,260042.0637,4203300.626,3557.987061
91.46998473,260042.0876,4203300.605,3557.987549
91.50208653,260042.1115,4203300.584,3557.988525
91.53418832,260042.1354,4203300.562,3557.990479
91.56629012,260042.1593,4203300.541,3557.993408
91.59839192,260042.1832,4203300.519,3557.988281
91.63049372,260042.2071,4203300.498,3557.991455
91.66259552,260042.231,4203300.476,3557.995117
91.69469732,260042.255,4203300.455,3557.999512
91.72679912,260042.2789,4203300.434,3558.003906
91.75890092,260042.3028,4203300.412,3558.008545
91.79100272,260042.3267,4203300.391,3558.014648
91.82310451,260042.3506,4203300.369,3558.01709
91.85520631,260042.3745,4203300.348,3558.016846
91.88730811,260042.3984,4203300.326,3558.015137
91.91940991,260042.4223,4203300.305,3558.000244
91.95151171,260042.4462,4203300.284,3557.995361
91.98361351,260042.4701,4203300.262,3557.990234
92.01571531,260042.494,4203300.241,3557.981201
92.04781711,260042.5179,4203300.219,3557.972168
92.0799189,260042.5418,4203300.198,3557.959961
92.1120207,260042.5657,4203300.176,3557.94751
92.1441225,260042.5896,4203300.155,3557.934814
92.1762243,260042.6135,4203300.134,3557.923584
92.2083261,260042.6374,4203300.112,3557.915771
92.2404279,260042.6613,4203300.091,3557.908936
92.2725297,260042.6852,4203300.069,3557.905518
92.3046315,260042.7091,4203300.048,3557.902588
92.3367333,260042.733,4203300.026,3557.900635
92.36883509,260042.7569,4203300.005,3557.898438
92.40093689,260042.7808,4203299.984,3557.895508
92.43303869,260042.8047,4203299.962,3557.891357
92.46514049,260042.8286,4203299.941,3557.887207
92.49724229,260042.8525,4203299.919,3557.88208
92.52934409,260042.8764,4203299.898,3557.876221
92.56144589,260042.9003,4203299.876,3557.866455
92.59354769,260042.9242,4203299.855,3557.856445
92.62564949,260042.9481,4203299.834,3557.848877
92.65775128,260042.972,4203299.812,3557.842529
92.68985308,260042.9959,4203299.791,3557.838623
92.72195488,260043.0198,4203299.769,3557.835449
92.75405668,260043.0437,4203299.748,3557.833496
92.78615848,260043.0676,4203299.726,3557.832031
92.81826028,260043.0915,4203299.705,3557.830566
92.85036208,260043.1154,4203299.684,3557.827881
92.88246388,260043.1393,4203299.662,3557.82666
92.91456568,260043.1632,4203299.641,3557.826172
92.94666747,260043.1871,4203299.619,3557.825684
92.97876927,260043.211,4203299.598,3557.825439
93.01087107,260043.2349,4203299.576,3557.825195
93.04297287,260043.2588,4203299.555,3557.825195
93.07507467,260043.2827,4203299.534,3557.824707
93.10717647,260043.3066,4203299.512,3557.824219
93.13927827,260043.3305,4203299.491,3557.82373
93.17138007,260043.3544,4203299.469,3557.817627
93.20348187,260043.3783,4203299.448,3557.816406
93.23558366,260043.4022,4203299.426,3557.814453
93.26768546,260043.4261,4203299.405,3557.812988
93.29978726,260043.4501,4203299.384,3557.811768
93.33188906,260043.474,4203299.362,3557.810791
93.36399086,260043.4979,4203299.341,3557.811035
93.39609266,260043.5218,4203299.319,3557.811523
93.42819446,260043.5457,4203299.298,3557.811279
93.46029626,260043.5696,4203299.276,3557.810547
93.49239806,260043.5935,4203299.255,3557.80249
93.52449985,260043.6174,4203299.234,3557.800537
93.55660165,260043.6413,4203299.212,3557.799561
93.58870345,260043.6652,4203299.191,3557.799805
93.62080525,260043.6891,4203299.169,3557.801025
93.65290705,260043.713,4203299.148,3557.80249
93.68500885,260043.7369,4203299.126,3557.803955
93.71711065,260043.7608,4203299.105,3557.805664
93.74921245,260043.7847,4203299.084,3557.806885
93.78131425,260043.8086,4203299.062,3557.809082
93.81341604,260043.8325,4203299.041,3557.803955
93.84551784,260043.8564,4203299.019,3557.806152
93.87761964,260043.8803,4203298.998,3557.809082
93.90972144,260043.9042,4203298.976,3557.812744
93.94182324,260043.9281,4203298.955,3557.813232
93.97392504,260043.952,4203298.934,3557.812012
94.00602684,260043.9759,4203298.912,3557.808838
94.03812864,260043.9998,4203298.891,3557.804688
94.07023044,260044.0237,4203298.869,3557.799805
94.10233223,260044.0476,4203298.848,3557.794189
94.13443403,260044.0715,4203298.826,3557.78418
94.16653583,260044.0954,4203298.805,3557.770996
94.19863763,260044.1193,4203298.784,3557.748535
94.23073943,260044.1432,4203298.762,3557.724854
94.26284123,260044.1671,4203298.741,3557.697266
94.29494303,260044.191,4203298.719,3557.675293
94.32704483,260044.2149,4203298.698,3557.66333
94.35914662,260044.2388,4203298.676,3557.658447
94.39124842,260044.2627,4203298.655,3557.654297
94.42335022,260044.2866,4203298.634,3557.651367
94.45545202,260044.3105,4203298.612,3557.646484
94.48755382,260044.3344,4203298.591,3557.641357
94.51965562,260044.3583,4203298.569,3557.635742
94.55175742,260044.3822,4203298.548,3557.630371
94.58385922,260044.4061,4203298.526,3557.62207
94.61596102,260044.43,4203298.505,3557.609375
94.64806281,260044.4539,4203298.484,3557.596191
94.68016461,260044.4778,4203298.462,3557.580322
94.71226641,260044.5017,4203298.441,3557.563965
94.74436821,260044.5256,4203298.419,3557.548584
94.77647001,260044.5495,4203298.398,3557.531982
94.80857181,260044.5734,4203298.376,3557.516846
94.84067361,260044.5973,4203298.355,3557.503906
94.87277541,260044.6213,4203298.334,3557.493896
94.90487721,260044.6452,4203298.312,3557.487061
94.936979,260044.6691,4203298.291,3557.482178
94.9690808,260044.693,4203298.269,3557.479004
95.0011826,260044.7169,4203298.248,3557.476563
95.0332844,260044.7408,4203298.226,3557.474121
95.0653862,260044.7647,4203298.205,3557.471436
95.097488,260044.7886,4203298.184,3557.469482
95.1295898,260044.8125,4203298.162,3557.467285
95.1616916,260044.8364,4203298.141,3557.463867
95.1937934,260044.8603,4203298.119,3557.459229
95.22589519,260044.8842,4203298.098,3557.452393
95.25799699,260044.9081,4203298.076,3557.446289
95.29009879,260044.932,4203298.055,3557.439453
95.32220059,260044.9559,4203298.034,3557.431396
95.35430239,260044.9798,4203298.012,3557.423096
95.38640419,260045.0037,4203297.991,3557.40918
95.41850599,260045.0276,4203297.969,3557.399414
95.45060779,260045.0515,4203297.948,3557.390137
95.48270959,260045.0754,4203297.926,3557.380127
95.51481138,260045.0993,4203297.905,3557.371826
95.54691318,260045.1232,4203297.884,3557.36377
95.57901498,260045.1471,4203297.862,3557.356445
95.61111678,260045.171,4203297.841,3557.352051
95.64321858,260045.1949,4203297.819,3557.348633
95.67532038,260045.2188,4203297.798,3557.343994
95.70742218,260045.2427,4203297.776,3557.341553
95.73952398,260045.2666,4203297.755,3557.337891
95.77162578,260045.2905,4203297.734,3557.333008
95.80372757,260045.3144,4203297.712,3557.328613
95.83582937,260045.3383,4203297.691,3557.32373
95.86793117,260045.3622,4203297.669,3557.319336
95.90003297,260045.3861,4203297.648,3557.314209
95.93213477,260045.41,4203297.626,3557.308838
95.96423657,260045.4339,4203297.605,3557.303955
95.99633837,260045.4578,4203297.584,3557.294434
96.02844017,260045.4817,4203297.562,3557.28833
96.06054197,260045.5056,4203297.541,3557.282959
96.09264376,260045.5295,4203297.519,3557.277588
96.12474556,260045.5534,4203297.498,3557.272949
96.15684736,260045.5773,4203297.476,3557.269287
96.18894916,260045.6012,4203297.455,3557.266357
96.22105096,260045.6251,4203297.434,3557.262207
96.25315276,260045.649,4203297.412,3557.257813
96.28525456,260045.6729,4203297.391,3557.253418
96.31735636,260045.6968,4203297.369,3557.240234
96.34945816,260045.7207,4203297.348,3557.233887
96.38155995,260045.7446,4203297.326,3557.227783
96.41366175,260045.7685,4203297.305,3557.22168
96.44576355,260045.7924,4203297.284,3557.215576
96.44576355,260045.7924,4203297.284,3557.215576