x,E,N,z
0.00E+00,255025.2566,4208462.163,3780.751465
3.76E-02,255025.2292,4208462.137,3780.781006
7.51E-02,255025.2018,4208462.111,3780.80542
1.13E-01,255025.1744,4208462.086,3780.81543
1.50E-01,255025.1469,4208462.06,3780.833008
1.88E-01,255025.1195,4208462.034,3780.848389
2.25E-01,255025.0921,4208462.008,3780.862061
2.63E-01,255025.0647,4208461.983,3780.877441
3.01E-01,255025.0373,4208461.957,3780.891846
3.38E-01,255025.0099,4208461.931,3780.908691
3.76E-01,255024.9825,4208461.906,3780.925781
4.13E-01,255024.9551,4208461.88,3780.945068
4.51E-01,255024.9277,4208461.854,3780.963135
4.88E-01,255024.9003,4208461.829,3780.980225
5.26E-01,255024.8729,4208461.803,3780.994141
5.64E-01,255024.8455,4208461.777,3781.006592
6.01E-01,255024.818,4208461.751,3781.020752
6.39E-01,255024.7906,4208461.726,3781.034424
6.76E-01,255024.7632,4208461.7,3781.049072
7.14E-01,255024.7358,4208461.674,3781.057129
7.51E-01,255024.7084,4208461.649,3781.073486
7.89E-01,255024.681,4208461.623,3781.088623
8.27E-01,255024.6536,4208461.597,3781.106201
8.64E-01,255024.6262,4208461.572,3781.121094
9.02E-01,255024.5988,4208461.546,3781.136475
9.39E-01,255024.5714,4208461.52,3781.151611
9.77E-01,255024.544,4208461.495,3781.166504
1.01E+00,255024.5166,4208461.469,3781.178955
1.05E+00,255024.4891,4208461.443,3781.191406
1.09E+00,255024.4617,4208461.417,3781.20459
1.13E+00,255024.4343,4208461.392,3781.219482
1.16E+00,255024.4069,4208461.366,3781.233154
1.20E+00,255024.3795,4208461.34,3781.248535
1.24E+00,255024.3521,4208461.315,3781.265137
1.28E+00,255024.3247,4208461.289,3781.28125
1.31E+00,255024.2973,4208461.263,3781.297119
1.35E+00,255024.2699,4208461.238,3781.304443
1.39E+00,255024.2425,4208461.212,3781.320068
1.43E+00,255024.2151,4208461.186,3781.334717
1.47E+00,255024.1877,4208461.16,3781.348877
1.50E+00,255024.1603,4208461.135,3781.362793
1.54E+00,255024.1328,4208461.109,3781.379639
1.58E+00,255024.1054,4208461.083,3781.396973
1.62E+00,255024.078,4208461.058,3781.4104
1.65E+00,255024.0506,4208461.032,3781.428467
1.69E+00,255024.0232,4208461.006,3781.446045
1.73E+00,255023.9958,4208460.981,3781.458008
1.77E+00,255023.9684,4208460.955,3781.468506
1.80E+00,255023.941,4208460.929,3781.477051
1.84E+00,255023.9136,4208460.904,3781.483398
1.88E+00,255023.8862,4208460.878,3781.48999
1.92E+00,255023.8588,4208460.852,3781.496338
1.95E+00,255023.8314,4208460.826,3781.498047
1.99E+00,255023.8039,4208460.801,3781.505859
2.03E+00,255023.7765,4208460.775,3781.513672
2.07E+00,255023.7491,4208460.749,3781.520264
2.10E+00,255023.7217,4208460.724,3781.526611
2.14E+00,255023.6943,4208460.698,3781.53125
2.18E+00,255023.6669,4208460.672,3781.536377
2.22E+00,255023.6395,4208460.647,3781.541748
2.25E+00,255023.6121,4208460.621,3781.546143
2.29E+00,255023.5847,4208460.595,3781.549805
2.33E+00,255023.5573,4208460.57,3781.55249
2.37E+00,255023.5299,4208460.544,3781.55542
2.40E+00,255023.5025,4208460.518,3781.558105
2.44E+00,255023.475,4208460.492,3781.560059
2.48E+00,255023.4476,4208460.467,3781.562988
2.52E+00,255023.4202,4208460.441,3781.564697
2.55E+00,255023.3928,4208460.415,3781.562988
2.59E+00,255023.3654,4208460.39,3781.565186
2.63E+00,255023.338,4208460.364,3781.56665
2.67E+00,255023.3106,4208460.338,3781.568115
2.70E+00,255023.2832,4208460.313,3781.570313
2.74E+00,255023.2558,4208460.287,3781.572266
2.78E+00,255023.2284,4208460.261,3781.574219
2.82E+00,255023.201,4208460.235,3781.57666
2.86E+00,255023.1736,4208460.21,3781.579834
2.89E+00,255023.1462,4208460.184,3781.582764
2.93E+00,255023.1187,4208460.158,3781.587158
2.97E+00,255023.0913,4208460.133,3781.59082
3.01E+00,255023.0639,4208460.107,3781.594727
3.04E+00,255023.0365,4208460.081,3781.599609
3.08E+00,255023.0091,4208460.056,3781.605469
3.12E+00,255022.9817,4208460.03,3781.61084
3.16E+00,255022.9543,4208460.004,3781.616455
3.19E+00,255022.9269,4208459.979,3781.617676
3.23E+00,255022.8995,4208459.953,3781.625977
3.27E+00,255022.8721,4208459.927,3781.635254
3.31E+00,255022.8447,4208459.901,3781.647217
3.34E+00,255022.8173,4208459.876,3781.659668
3.38E+00,255022.7898,4208459.85,3781.673828
3.42E+00,255022.7624,4208459.824,3781.687744
3.46E+00,255022.735,4208459.799,3781.702148
3.49E+00,255022.7076,4208459.773,3781.717041
3.53E+00,255022.6802,4208459.747,3781.73291
3.57E+00,255022.6528,4208459.722,3781.749268
3.61E+00,255022.6254,4208459.696,3781.764893
3.64E+00,255022.598,4208459.67,3781.780029
3.68E+00,255022.5706,4208459.644,3781.795898
3.72E+00,255022.5432,4208459.619,3781.813477
3.76E+00,255022.5158,4208459.593,3781.830811
3.79E+00,255022.4884,4208459.567,3781.840088
3.83E+00,255022.4609,4208459.542,3781.85791
3.87E+00,255022.4335,4208459.516,3781.880859
3.91E+00,255022.4061,4208459.49,3781.901855
3.94E+00,255022.3787,4208459.465,3781.921387
3.98E+00,255022.3513,4208459.439,3781.94043
4.02E+00,255022.3239,4208459.413,3781.95752
4.06E+00,255022.2965,4208459.388,3781.974365
4.10E+00,255022.2691,4208459.362,3781.990234
4.13E+00,255022.2417,4208459.336,3782.005615
4.17E+00,255022.2143,4208459.31,3782.018311
4.21E+00,255022.1869,4208459.285,3782.031982
4.25E+00,255022.1595,4208459.259,3782.04541
4.28E+00,255022.1321,4208459.233,3782.061035
4.32E+00,255022.1046,4208459.208,3782.076416
4.36E+00,255022.0772,4208459.182,3782.089111
4.40E+00,255022.0498,4208459.156,3782.097168
4.43E+00,255022.0224,4208459.131,3782.109375
4.47E+00,255021.995,4208459.105,3782.120361
4.51E+00,255021.9676,4208459.079,3782.12915
4.55E+00,255021.9402,4208459.053,3782.137451
4.58E+00,255021.9128,4208459.028,3782.144775
4.62E+00,255021.8854,4208459.002,3782.153076
4.66E+00,255021.858,4208458.976,3782.161865
4.70E+00,255021.8306,4208458.951,3782.17041
4.73E+00,255021.8032,4208458.925,3782.179199
4.77E+00,255021.7757,4208458.899,3782.189453
4.81E+00,255021.7483,4208458.874,3782.198975
4.85E+00,255021.7209,4208458.848,3782.209229
4.88E+00,255021.6935,4208458.822,3782.218994
4.92E+00,255021.6661,4208458.797,3782.228271
4.96E+00,255021.6387,4208458.771,3782.239258
5.00E+00,255021.6113,4208458.745,3782.25
5.03E+00,255021.5839,4208458.719,3782.257324
5.07E+00,255021.5565,4208458.694,3782.267578
5.11E+00,255021.5291,4208458.668,3782.276855
5.15E+00,255021.5017,4208458.642,3782.2854
5.18E+00,255021.4743,4208458.617,3782.294189
5.22E+00,255021.4468,4208458.591,3782.302979
5.26E+00,255021.4194,4208458.565,3782.311768
5.30E+00,255021.392,4208458.54,3782.32251
5.33E+00,255021.3646,4208458.514,3782.335205
5.37E+00,255021.3372,4208458.488,3782.348877
5.41E+00,255021.3098,4208458.463,3782.364746
5.45E+00,255021.2824,4208458.437,3782.382568
5.49E+00,255021.255,4208458.411,3782.401855
5.52E+00,255021.2276,4208458.385,3782.419922
5.56E+00,255021.2002,4208458.36,3782.44043
5.60E+00,255021.1728,4208458.334,3782.456543
5.64E+00,255021.1454,4208458.308,3782.467529
5.67E+00,255021.1179,4208458.283,3782.485596
5.71E+00,255021.0905,4208458.257,3782.500732
5.75E+00,255021.0631,4208458.231,3782.515137
5.79E+00,255021.0357,4208458.206,3782.529297
5.82E+00,255021.0083,4208458.18,3782.544189
5.86E+00,255020.9809,4208458.154,3782.558838
5.90E+00,255020.9535,4208458.128,3782.575928
5.94E+00,255020.9261,4208458.103,3782.593018
5.97E+00,255020.8987,4208458.077,3782.61084
6.01E+00,255020.8713,4208458.051,3782.629639
6.05E+00,255020.8439,4208458.026,3782.64624
6.09E+00,255020.8165,4208458,3782.662109
6.12E+00,255020.7891,4208457.974,3782.67627
6.16E+00,255020.7616,4208457.949,3782.691895
6.20E+00,255020.7342,4208457.923,3782.705078
6.24E+00,255020.7068,4208457.897,3782.70874
6.27E+00,255020.6794,4208457.872,3782.72168
6.31E+00,255020.652,4208457.846,3782.73291
6.35E+00,255020.6246,4208457.82,3782.744141
6.39E+00,255020.5972,4208457.794,3782.754883
6.42E+00,255020.5698,4208457.769,3782.765381
6.46E+00,255020.5424,4208457.743,3782.775879
6.50E+00,255020.515,4208457.717,3782.787109
6.54E+00,255020.4876,4208457.692,3782.797852
6.57E+00,255020.4602,4208457.666,3782.806885
6.61E+00,255020.4327,4208457.64,3782.815186
6.65E+00,255020.4053,4208457.615,3782.823975
6.69E+00,255020.3779,4208457.589,3782.833008
6.72E+00,255020.3505,4208457.563,3782.841553
6.76E+00,255020.3231,4208457.537,3782.849854
6.80E+00,255020.2957,4208457.512,3782.858643
6.84E+00,255020.2683,4208457.486,3782.867188
6.88E+00,255020.2409,4208457.46,3782.869385
6.91E+00,255020.2135,4208457.435,3782.878906
6.95E+00,255020.1861,4208457.409,3782.887207
6.99E+00,255020.1587,4208457.383,3782.895996
7.03E+00,255020.1313,4208457.358,3782.903809
7.06E+00,255020.1038,4208457.332,3782.91333
7.10E+00,255020.0764,4208457.306,3782.921631
7.14E+00,255020.049,4208457.281,3782.93042
7.18E+00,255020.0216,4208457.255,3782.939697
7.21E+00,255019.9942,4208457.229,3782.949219
7.25E+00,255019.9668,4208457.203,3782.959229
7.29E+00,255019.9394,4208457.178,3782.96875
7.32E+00,255019.9119,4208457.166,3782.973389
7.35E+00,255019.8845,4208457.155,3782.983398
7.38E+00,255019.857,4208457.143,3782.988281
7.41E+00,255019.8296,4208457.132,3782.99292
7.44E+00,255019.8021,4208457.12,3783.002686
7.47E+00,255019.7747,4208457.108,3783.006836
7.50E+00,255019.7472,4208457.097,3783.015869
7.53E+00,255019.7198,4208457.085,3783.019775
7.56E+00,255019.6923,4208457.074,3783.028564
7.59E+00,255019.6649,4208457.062,3783.031738
7.62E+00,255019.6374,4208457.051,3783.0354
7.65E+00,255019.61,4208457.039,3783.044434
7.68E+00,255019.5825,4208457.027,3783.048096
7.71E+00,255019.5551,4208457.016,3783.057129
7.74E+00,255019.5276,4208457.004,3783.060303
7.77E+00,255019.5002,4208456.993,3783.070557
7.79E+00,255019.4727,4208456.981,3783.074951
7.82E+00,255019.4452,4208456.97,3783.079346
7.85E+00,255019.4178,4208456.958,3783.089844
7.88E+00,255019.3903,4208456.947,3783.093994
7.91E+00,255019.3629,4208456.935,3783.104736
7.94E+00,255019.3354,4208456.923,3783.110107
7.97E+00,255019.308,4208456.912,3783.114502
8.00E+00,255019.2805,4208456.9,3783.123291
8.03E+00,255019.2531,4208456.889,3783.127686
8.06E+00,255019.2256,4208456.877,3783.13623
8.09E+00,255019.1982,4208456.866,3783.139648
8.12E+00,255019.1707,4208456.854,3783.147949
8.15E+00,255019.1433,4208456.843,3783.151855
8.18E+00,255019.1158,4208456.831,3783.155762
8.21E+00,255019.0884,4208456.819,3783.162598
8.24E+00,255019.0609,4208456.808,3783.165771
8.27E+00,255019.0335,4208456.796,3783.171875
8.30E+00,255019.006,4208456.785,3783.174316
8.33E+00,255018.9786,4208456.773,3783.179443
8.36E+00,255018.9511,4208456.762,3783.182129
8.39E+00,255018.9236,4208456.75,3783.184814
8.42E+00,255018.8962,4208456.739,3783.19165
8.45E+00,255018.8687,4208456.727,3783.195313
8.48E+00,255018.8413,4208456.715,3783.203369
8.51E+00,255018.8138,4208456.704,3783.207031
8.54E+00,255018.7864,4208456.692,3783.217041
8.57E+00,255018.7589,4208456.681,3783.221436
8.60E+00,255018.7315,4208456.669,3783.226318
8.63E+00,255018.704,4208456.658,3783.237549
8.66E+00,255018.6766,4208456.646,3783.242432
8.69E+00,255018.6491,4208456.634,3783.253418
8.72E+00,255018.6217,4208456.623,3783.258057
8.75E+00,255018.5942,4208456.611,3783.263916
8.78E+00,255018.5668,4208456.6,3783.273926
8.81E+00,255018.5393,4208456.588,3783.278564
8.84E+00,255018.5119,4208456.577,3783.287109
8.87E+00,255018.4844,4208456.565,3783.290771
8.90E+00,255018.4569,4208456.554,3783.298096
8.93E+00,255018.4295,4208456.542,3783.301758
8.96E+00,255018.402,4208456.53,3783.30542
8.99E+00,255018.3746,4208456.519,3783.311279
9.02E+00,255018.3471,4208456.507,3783.314697
9.05E+00,255018.3197,4208456.496,3783.31958
9.08E+00,255018.2922,4208456.484,3783.32251
9.11E+00,255018.2648,4208456.473,3783.32666
9.14E+00,255018.2373,4208456.461,3783.327393
9.17E+00,255018.2099,4208456.45,3783.328125
9.19E+00,255018.1824,4208456.438,3783.329834
9.22E+00,255018.155,4208456.426,3783.330322
9.25E+00,255018.1275,4208456.415,3783.331787
9.28E+00,255018.1001,4208456.403,3783.332275
9.31E+00,255018.0726,4208456.392,3783.333496
9.34E+00,255018.0452,4208456.38,3783.33374
9.37E+00,255018.0177,4208456.369,3783.333496
9.40E+00,255017.9902,4208456.357,3783.334717
9.43E+00,255017.9628,4208456.345,3783.334473
9.46E+00,255017.9353,4208456.334,3783.335693
9.49E+00,255017.9079,4208456.322,3783.334961
9.52E+00,255017.8804,4208456.311,3783.334473
9.55E+00,255017.853,4208456.299,3783.334473
9.58E+00,255017.8255,4208456.288,3783.332275
9.61E+00,255017.7981,4208456.276,3783.332275
9.64E+00,255017.7706,4208456.265,3783.329834
9.67E+00,255017.7432,4208456.253,3783.330078
9.70E+00,255017.7157,4208456.241,3783.327881
9.73E+00,255017.6883,4208456.23,3783.325439
9.76E+00,255017.6608,4208456.218,3783.325928
9.79E+00,255017.6334,4208456.207,3783.324219
9.82E+00,255017.6059,4208456.195,3783.325195
9.85E+00,255017.5785,4208456.184,3783.323242
9.88E+00,255017.551,4208456.172,3783.325195
9.91E+00,255017.5236,4208456.161,3783.323486
9.94E+00,255017.4961,4208456.149,3783.322021
9.97E+00,255017.4686,4208456.137,3783.324463
1.00E+01,255017.4412,4208456.126,3783.323242
1.00E+01,255017.4137,4208456.114,3783.32666
1.01E+01,255017.3863,4208456.103,3783.325684
1.01E+01,255017.3588,4208456.091,3783.325195
1.01E+01,255017.3314,4208456.08,3783.329102
1.01E+01,255017.3039,4208456.068,3783.329102
1.02E+01,255017.2765,4208456.057,3783.334473
1.02E+01,255017.249,4208456.045,3783.334473
1.02E+01,255017.2216,4208456.033,3783.341797
1.03E+01,255017.1941,4208456.022,3783.343506
1.03E+01,255017.1667,4208456.01,3783.343994
1.03E+01,255017.1392,4208455.999,3783.35376
1.04E+01,255017.1118,4208455.987,3783.354736
1.04E+01,255017.0843,4208455.976,3783.365967
1.04E+01,255017.0569,4208455.964,3783.367188
1.04E+01,255017.0294,4208455.952,3783.378418
1.05E+01,255017.0019,4208455.941,3783.380371
1.05E+01,255016.9745,4208455.929,3783.38208
1.05E+01,255016.947,4208455.918,3783.391113
1.06E+01,255016.9196,4208455.906,3783.394531
1.06E+01,255016.8921,4208455.895,3783.405273
1.06E+01,255016.8647,4208455.883,3783.40625
1.07E+01,255016.8372,4208455.872,3783.414551
1.07E+01,255016.8098,4208455.86,3783.416504
1.07E+01,255016.7823,4208455.848,3783.420166
1.07E+01,255016.7549,4208455.837,3783.427979
1.08E+01,255016.7274,4208455.825,3783.43042
1.08E+01,255016.7,4208455.814,3783.439941
1.08E+01,255016.6725,4208455.802,3783.442139
10.86287284,255016.6451,4208455.791,3783.445068
10.89265991,255016.6176,4208455.779,3783.45459
10.92244698,255016.5902,4208455.768,3783.457764
10.95223404,255016.5627,4208455.756,3783.466553
10.98202111,255016.5353,4208455.744,3783.469971
11.01180818,255016.5078,4208455.733,3783.476563
11.04159525,255016.4803,4208455.721,3783.480225
11.07138232,255016.4529,4208455.71,3783.482666
11.10116938,255016.4254,4208455.698,3783.489746
11.13095645,255016.398,4208455.687,3783.493408
11.16074352,255016.3705,4208455.675,3783.502441
11.19053059,255016.3431,4208455.664,3783.508545
11.22031766,255016.3156,4208455.652,3783.519043
11.25010473,255016.2882,4208455.64,3783.525391
11.27989179,255016.2607,4208455.629,3783.531738
11.30967886,255016.2333,4208455.617,3783.543701
11.33946593,255016.2058,4208455.606,3783.551758
11.369253,255016.1784,4208455.594,3783.564941
11.39904007,255016.1509,4208455.583,3783.573486
11.42882713,255016.1235,4208455.571,3783.580811
11.4586142,255016.096,4208455.559,3783.593262
11.48840127,255016.0686,4208455.548,3783.602295
11.51818834,255016.0411,4208455.536,3783.615234
11.54797541,255016.0136,4208455.525,3783.624268
11.57776248,255015.9862,4208455.513,3783.634766
11.60754954,255015.9587,4208455.502,3783.643066
11.63733661,255015.9313,4208455.49,3783.649658
11.66712368,255015.9038,4208455.479,3783.657959
11.69691075,255015.8764,4208455.467,3783.664551
11.72669782,255015.8489,4208455.455,3783.673096
11.75648488,255015.8215,4208455.444,3783.680176
11.78627195,255015.794,4208455.432,3783.688965
11.81605902,255015.7666,4208455.421,3783.696289
11.84584609,255015.7391,4208455.409,3783.703125
11.87563316,255015.7117,4208455.398,3783.712891
11.90542023,255015.6842,4208455.386,3783.721191
11.93520729,255015.6568,4208455.375,3783.732422
11.96499436,255015.6293,4208455.363,3783.73999
11.99478143,255015.6019,4208455.351,3783.751221
12.0245685,255015.5744,4208455.34,3783.759033
12.05435557,255015.5469,4208455.328,3783.766602
12.08414263,255015.5195,4208455.317,3783.776855
12.1139297,255015.492,4208455.305,3783.784424
12.14371677,255015.4646,4208455.294,3783.797119
12.17350384,255015.4371,4208455.282,3783.804688
12.20329091,255015.4097,4208455.27,3783.813721
12.23307798,255015.3822,4208455.259,3783.827881
12.26286504,255015.3548,4208455.247,3783.837891
12.29265211,255015.3273,4208455.236,3783.853027
12.32243918,255015.2999,4208455.224,3783.863281
12.35222625,255015.2724,4208455.213,3783.881592
12.38201332,255015.245,4208455.201,3783.892578
12.41180038,255015.2175,4208455.19,3783.902588
12.44158745,255015.1901,4208455.178,3783.92041
12.47137452,255015.1626,4208455.166,3783.930908
12.50116159,255015.1352,4208455.155,3783.948975
12.53094866,255015.1077,4208455.143,3783.956543
12.56073573,255015.0803,4208455.132,3783.973145
12.59052279,255015.0528,4208455.12,3783.981201
12.62030986,255015.0253,4208455.109,3783.98584
12.65009693,255014.9979,4208455.097,3784
12.679884,255014.9704,4208455.086,3784.004395
12.70967107,255014.943,4208455.074,3784.016846
12.73945813,255014.9155,4208455.062,3784.02002
12.7692452,255014.8881,4208455.051,3784.022217
12.79903227,255014.8606,4208455.039,3784.032715
12.82881934,255014.8332,4208455.028,3784.034668
12.85860641,255014.8057,4208455.016,3784.04248
12.88839348,255014.7783,4208455.005,3784.044189
12.91818054,255014.7508,4208454.993,3784.050781
12.94796761,255014.7234,4208454.982,3784.051514
12.97775468,255014.6959,4208454.97,3784.052734
13.00754175,255014.6685,4208454.958,3784.059082
13.03732882,255014.641,4208454.947,3784.059082
13.06711588,255014.6136,4208454.935,3784.063965
13.09690295,255014.5861,4208454.924,3784.063232
13.12669002,255014.5586,4208454.912,3784.067627
13.15647709,255014.5312,4208454.901,3784.067139
13.18626416,255014.5037,4208454.889,3784.067139
13.21605123,255014.4763,4208454.877,3784.070557
13.24583829,255014.4488,4208454.866,3784.070313
13.27562536,255014.4214,4208454.854,3784.07373
13.30541243,255014.3939,4208454.843,3784.073486
13.3351995,255014.3665,4208454.831,3784.077148
13.36498657,255014.339,4208454.82,3784.076904
13.39477363,255014.3116,4208454.808,3784.076904
13.4245607,255014.2841,4208454.797,3784.07959
13.45434777,255014.2567,4208454.785,3784.079346
13.48413484,255014.2292,4208454.773,3784.081787
13.51392191,255014.2018,4208454.762,3784.081787
13.54370898,255014.1743,4208454.75,3784.081787
13.57349604,255014.1469,4208454.739,3784.084229
13.60328311,255014.1194,4208454.727,3784.084229
13.63307018,255014.092,4208454.716,3784.086426
13.66285725,255014.0645,4208454.704,3784.086914
13.69264432,255014.037,4208454.693,3784.089355
13.72243138,255014.0096,4208454.681,3784.090088
13.75221845,255013.9821,4208454.669,3784.091064
13.78200552,255013.9547,4208454.658,3784.097656
13.81179259,255013.9272,4208454.646,3784.099121
13.84157966,255013.8998,4208454.635,3784.10791
13.87136673,255013.8723,4208454.623,3784.111572
13.90115379,255013.8449,4208454.612,3784.124023
13.93094086,255013.8174,4208454.6,3784.128174
13.96072793,255013.79,4208454.589,3784.132324
13.990515,255013.7625,4208454.577,3784.14624
14.02030207,255013.7351,4208454.565,3784.147705
14.05008913,255013.7076,4208454.554,3784.159424
14.0798762,255013.6802,4208454.542,3784.161621
14.10966327,255013.6527,4208454.531,3784.162354
14.13945034,255013.6253,4208454.519,3784.170166
14.16705208,255013.5978,4208454.516,3784.169189
14.19465382,255013.5703,4208454.514,3784.168945
14.22225556,255013.5429,4208454.511,3784.167969
14.2498573,255013.5154,4208454.508,3784.167725
14.27745904,255013.4879,4208454.505,3784.167725
14.30506077,255013.4605,4208454.503,3784.17334
14.33266251,255013.433,4208454.5,3784.17334
14.36026425,255013.4055,4208454.497,3784.172852
14.38786599,255013.3781,4208454.494,3784.172852
14.41546773,255013.3506,4208454.492,3784.173096
14.44306947,255013.3231,4208454.489,3784.17334
14.47067121,255013.2957,4208454.486,3784.173584
14.49827295,255013.2682,4208454.483,3784.174072
14.52587469,255013.2407,4208454.481,3784.175781
14.55347643,255013.2133,4208454.478,3784.176758
14.58107817,255013.1858,4208454.475,3784.18335
14.6086799,255013.1584,4208454.472,3784.185547
14.63628164,255013.1309,4208454.47,3784.188721
14.66388338,255013.1034,4208454.467,3784.193115
14.69148512,255013.076,4208454.464,3784.197998
14.71908686,255013.0485,4208454.461,3784.204102
14.7466886,255013.021,4208454.459,3784.210449
14.77429034,255012.9936,4208454.456,3784.216553
14.80189208,255012.9661,4208454.453,3784.2229
14.82949382,255012.9386,4208454.45,3784.230713
14.85709556,255012.9112,4208454.448,3784.243652
14.8846973,255012.8837,4208454.445,3784.248779
14.91229904,255012.8562,4208454.442,3784.254395
14.93990077,255012.8288,4208454.44,3784.259033
14.96750251,255012.8013,4208454.437,3784.262939
14.99510425,255012.7738,4208454.434,3784.266602
15.02270599,255012.7464,4208454.431,3784.271729
15.05030773,255012.7189,4208454.429,3784.275391
15.07790947,255012.6915,4208454.426,3784.279541
15.10551121,255012.664,4208454.423,3784.283691
15.13311295,255012.6365,4208454.42,3784.294922
15.16071469,255012.6091,4208454.418,3784.300293
15.18831643,255012.5816,4208454.415,3784.305908
15.21591817,255012.5541,4208454.412,3784.3125
15.24351991,255012.5267,4208454.409,3784.320313
15.27112164,255012.4992,4208454.407,3784.328369
15.29872338,255012.4717,4208454.404,3784.336914
15.32632512,255012.4443,4208454.401,3784.345459
15.35392686,255012.4168,4208454.398,3784.354736
15.3815286,255012.3893,4208454.396,3784.364014
15.40913034,255012.3619,4208454.393,3784.378906
15.43673208,255012.3344,4208454.39,3784.387451
15.46433382,255012.3069,4208454.387,3784.39502
15.49193556,255012.2795,4208454.385,3784.403076
15.5195373,255012.252,4208454.382,3784.4104
15.54713904,255012.2245,4208454.379,3784.418213
15.57474077,255012.1971,4208454.376,3784.424805
15.60234251,255012.1696,4208454.374,3784.432129
15.62994425,255012.1422,4208454.371,3784.439453
15.65754599,255012.1147,4208454.368,3784.446533
15.68514773,255012.0872,4208454.365,3784.458252
15.71274947,255012.0598,4208454.363,3784.465332
15.74035121,255012.0323,4208454.36,3784.472168
15.76795295,255012.0048,4208454.357,3784.47876
15.79555469,255011.9774,4208454.354,3784.486816
15.82315643,255011.9499,4208454.352,3784.494141
15.85075817,255011.9224,4208454.349,3784.499756
15.87835991,255011.895,4208454.346,3784.506836
15.90596164,255011.8675,4208454.343,3784.511475
15.93356338,255011.84,4208454.341,3784.517334
15.96116512,255011.8126,4208454.338,3784.526611
15.98876686,255011.7851,4208454.335,3784.531982
16.0163686,255011.7576,4208454.332,3784.536621
16.04397034,255011.7302,4208454.33,3784.540771
16.07157208,255011.7027,4208454.327,3784.544434
16.09917382,255011.6753,4208454.324,3784.548584
16.12677556,255011.6478,4208454.321,3784.552979
16.1543773,255011.6203,4208454.319,3784.556396
16.18197904,255011.5929,4208454.316,3784.560547
16.20958077,255011.5654,4208454.313,3784.564453
16.23718251,255011.5379,4208454.31,3784.571533
16.26478425,255011.5105,4208454.308,3784.575684
16.29238599,255011.483,4208454.305,3784.580322
16.31998773,255011.4555,4208454.302,3784.584717
16.34758947,255011.4281,4208454.299,3784.588623
16.37519121,255011.4006,4208454.297,3784.592529
16.40279295,255011.3731,4208454.294,3784.596436
16.43039469,255011.3457,4208454.291,3784.600098
16.45799643,255011.3182,4208454.288,3784.604248
16.48559817,255011.2907,4208454.286,3784.608643
16.51319991,255011.2633,4208454.283,3784.61792
16.54080164,255011.2358,4208454.28,3784.622559
16.56840338,255011.2084,4208454.277,3784.628174
16.59600512,255011.1809,4208454.275,3784.63501
16.62360686,255011.1534,4208454.272,3784.641602
16.6512086,255011.126,4208454.269,3784.648926
16.67881034,255011.0985,4208454.266,3784.65625
16.70641208,255011.071,4208454.264,3784.66333
16.73401382,255011.0436,4208454.261,3784.67041
16.76161556,255011.0161,4208454.258,3784.67749
16.7892173,255010.9886,4208454.255,3784.693604
16.81681904,255010.9612,4208454.253,3784.69873
16.84442078,255010.9337,4208454.25,3784.706055
16.87202251,255010.9062,4208454.247,3784.710938
16.89962425,255010.8788,4208454.245,3784.716797
16.92722599,255010.8513,4208454.242,3784.721924
16.95482773,255010.8238,4208454.239,3784.727295
16.98242947,255010.7964,4208454.236,3784.731201
17.01003121,255010.7689,4208454.234,3784.734863
17.03763295,255010.7415,4208454.231,3784.739258
17.06523469,255010.714,4208454.228,3784.749756
17.09283643,255010.6865,4208454.225,3784.75293
17.12043817,255010.6591,4208454.223,3784.755615
17.14803991,255010.6316,4208454.22,3784.758057
17.17564164,255010.6041,4208454.217,3784.760498
17.20324338,255010.5767,4208454.214,3784.762451
17.23084512,255010.5492,4208454.212,3784.764893
17.25844686,255010.5217,4208454.209,3784.76709
17.2860486,255010.4943,4208454.206,3784.769043
17.31365034,255010.4668,4208454.203,3784.77124
17.34125208,255010.4393,4208454.201,3784.7771
17.36885382,255010.4119,4208454.198,3784.777832
17.39645556,255010.3844,4208454.195,3784.779297
17.4240573,255010.3569,4208454.192,3784.779541
17.45165904,255010.3295,4208454.19,3784.779297
17.47926078,255010.302,4208454.187,3784.778564
17.50686251,255010.2746,4208454.184,3784.777588
17.53446425,255010.2471,4208454.181,3784.7771
17.56206599,255010.2196,4208454.179,3784.775879
17.58966773,255010.1922,4208454.176,3784.77417
17.61726947,255010.1647,4208454.173,3784.774658
17.64487121,255010.1372,4208454.17,3784.773438
17.67247295,255010.1098,4208454.168,3784.771973
17.70007469,255010.0823,4208454.165,3784.769531
17.72767643,255010.0548,4208454.162,3784.766846
17.75527817,255010.0274,4208454.159,3784.764648
17.78287991,255009.9999,4208454.157,3784.760986
17.81048165,255009.9724,4208454.154,3784.757813
17.83808338,255009.945,4208454.151,3784.75293
17.86568512,255009.9175,4208454.148,3784.748047
17.89328686,255009.89,4208454.146,3784.744141
17.9208886,255009.8626,4208454.143,3784.739014
17.94849034,255009.8351,4208454.14,3784.732422
17.97609208,255009.8077,4208454.137,3784.727295
18.00369382,255009.7802,4208454.135,3784.722656
18.03129556,255009.7527,4208454.132,3784.717041
18.0588973,255009.7253,4208454.129,3784.711426
18.08649904,255009.6978,4208454.126,3784.704346
18.11410078,255009.6703,4208454.124,3784.698486
18.14170251,255009.6429,4208454.121,3784.691406
18.16930425,255009.6154,4208454.118,3784.684082
18.19690599,255009.5879,4208454.115,3784.675537
18.22450773,255009.5605,4208454.113,3784.665771
18.25210947,255009.533,4208454.11,3784.656982
18.27971121,255009.5055,4208454.107,3784.647217
18.30731295,255009.4781,4208454.104,3784.63916
18.33491469,255009.4506,4208454.102,3784.633057
18.36251643,255009.4231,4208454.099,3784.626221
18.39011817,255009.3957,4208454.096,3784.620361
18.41771991,255009.3682,4208454.093,3784.615234
18.44532165,255009.3408,4208454.091,3784.611572
18.47292338,255009.3133,4208454.088,3784.605957
18.50052512,255009.2858,4208454.085,3784.599365
18.52812686,255009.2584,4208454.082,3784.593262
18.5557286,255009.2309,4208454.08,3784.587402
18.58333034,255009.2034,4208454.077,3784.580811
18.61093208,255009.176,4208454.074,3784.573975
18.63853382,255009.1485,4208454.071,3784.567627
18.66613556,255009.121,4208454.069,3784.560791
18.6937373,255009.0936,4208454.066,3784.554688
18.72133904,255009.0661,4208454.063,3784.550293
18.74894078,255009.0386,4208454.06,3784.543701
18.77654251,255009.0112,4208454.058,3784.539063
18.80414425,255008.9837,4208454.055,3784.533936
18.83174599,255008.9562,4208454.052,3784.528564
18.85934773,255008.9288,4208454.05,3784.522461
18.88694947,255008.9013,4208454.047,3784.514893
18.91455121,255008.8738,4208454.044,3784.507568
18.94215295,255008.8464,4208454.041,3784.497803
18.96975469,255008.8189,4208454.039,3784.487793
18.99735643,255008.7915,4208454.036,3784.478027
19.02495817,255008.764,4208454.033,3784.467041
19.05255991,255008.7365,4208454.03,3784.456055
19.08016165,255008.7091,4208454.028,3784.445068
19.10776338,255008.6816,4208454.025,3784.436279
19.13536512,255008.6541,4208454.022,3784.427246
19.16296686,255008.6267,4208454.019,3784.419922
19.1905686,255008.5992,4208454.017,3784.412598
19.21817034,255008.5717,4208454.014,3784.406006
19.24577208,255008.5443,4208454.011,3784.399658
19.27337382,255008.5168,4208454.008,3784.392334
19.30097556,255008.4893,4208454.006,3784.386963
19.3285773,255008.4619,4208454.003,3784.381104
19.35617904,255008.4344,4208454,3784.375
19.38378078,255008.4069,4208453.997,3784.369385
19.41138252,255008.3795,4208453.995,3784.36377
19.43898425,255008.352,4208453.992,3784.358154
19.46658599,255008.3246,4208453.989,3784.352539
19.49418773,255008.2971,4208453.986,3784.348877
19.52178947,255008.2696,4208453.984,3784.344238
19.54939121,255008.2422,4208453.981,3784.339844
19.57699295,255008.2147,4208453.978,3784.335938
19.60459469,255008.1872,4208453.975,3784.333496
19.63219643,255008.1598,4208453.973,3784.331055
19.65979817,255008.1323,4208453.97,3784.329346
19.68739991,255008.1048,4208453.967,3784.327637
19.71500165,255008.0774,4208453.964,3784.326172
19.74260338,255008.0499,4208453.962,3784.324219
19.77020512,255008.0224,4208453.959,3784.32251
19.79780686,255007.995,4208453.956,3784.321289
19.8254086,255007.9675,4208453.953,3784.317871
19.85301034,255007.94,4208453.951,3784.316406
19.88061208,255007.9126,4208453.948,3784.314697
19.90821382,255007.8851,4208453.945,3784.313232
19.93581556,255007.8577,4208453.942,3784.311768
19.9634173,255007.8302,4208453.94,3784.310059
19.99101904,255007.8027,4208453.937,3784.308105
20.01862078,255007.7753,4208453.934,3784.306396
20.04622252,255007.7478,4208453.931,3784.304443
20.07382425,255007.7203,4208453.929,3784.302734
20.10142599,255007.6929,4208453.926,3784.29834
20.12902773,255007.6654,4208453.923,3784.296387
20.15662947,255007.6379,4208453.92,3784.294434
20.18423121,255007.6105,4208453.918,3784.291992
20.21183295,255007.583,4208453.915,3784.290039
20.23943469,255007.5555,4208453.912,3784.288086
20.26703643,255007.5281,4208453.909,3784.287354
20.29463817,255007.5006,4208453.907,3784.286865
20.32223991,255007.4731,4208453.904,3784.286377
20.34984165,255007.4457,4208453.901,3784.286133
20.37744339,255007.4182,4208453.898,3784.2854
20.40504512,255007.3908,4208453.896,3784.2854
20.43264686,255007.3633,4208453.893,3784.2854
20.4602486,255007.3358,4208453.89,3784.285645
20.48785034,255007.3084,4208453.887,3784.285645
20.51545208,255007.2809,4208453.885,3784.286133
20.54305382,255007.2534,4208453.882,3784.286133
20.57065556,255007.226,4208453.879,3784.286621
20.5982573,255007.1985,4208453.876,3784.287354
20.62585904,255007.171,4208453.874,3784.287842
20.65346078,255007.1436,4208453.871,3784.289551
20.68106252,255007.1161,4208453.868,3784.290771
20.70866425,255007.0886,4208453.865,3784.291992
20.73626599,255007.0612,4208453.863,3784.294922
20.76386773,255007.0337,4208453.86,3784.297852
20.79146947,255007.0062,4208453.857,3784.300537
20.81907121,255006.9788,4208453.855,3784.303223
20.84648195,255006.9514,4208453.853,3784.306396
20.87389269,255006.924,4208453.852,3784.30957
20.90130343,255006.8966,4208453.851,3784.311768
20.92871417,255006.8693,4208453.85,3784.314697
20.9561249,255006.8419,4208453.848,3784.316406
20.98353564,255006.8145,4208453.847,3784.319092
21.01094638,255006.7871,4208453.846,3784.325439
21.03835712,255006.7597,4208453.845,3784.327148
21.06576786,255006.7323,4208453.843,3784.328857
21.0931786,255006.705,4208453.842,3784.32959
21.12058934,255006.6776,4208453.841,3784.330566
21.14800007,255006.6502,4208453.84,3784.331787
21.17541081,255006.6228,4208453.838,3784.332764
21.20282155,255006.5954,4208453.837,3784.333252
21.23023229,255006.568,4208453.836,3784.333496
21.25764303,255006.5407,4208453.835,3784.333496
21.28505377,255006.5133,4208453.833,3784.33374
21.31246451,255006.4859,4208453.832,3784.33374
21.33987525,255006.4585,4208453.831,3784.333496
21.36728598,255006.4311,4208453.83,3784.333496
21.39469672,255006.4037,4208453.828,3784.333008
21.42210746,255006.3764,4208453.827,3784.332764
21.4495182,255006.349,4208453.826,3784.332275
21.47692894,255006.3216,4208453.825,3784.332275
21.50433968,255006.2942,4208453.823,3784.332031
21.53175042,255006.2668,4208453.822,3784.331055
21.55916115,255006.2395,4208453.821,3784.329834
21.58657189,255006.2121,4208453.82,3784.32959
21.61398263,255006.1847,4208453.818,3784.333252
21.64139337,255006.1573,4208453.817,3784.332764
21.66880411,255006.1299,4208453.816,3784.332764
21.69621485,255006.1025,4208453.815,3784.33252
21.72362559,255006.0752,4208453.813,3784.332275
21.75103632,255006.0478,4208453.812,3784.332275
21.77844706,255006.0204,4208453.811,3784.332031
21.8058578,255005.993,4208453.81,3784.332031
21.83326854,255005.9656,4208453.808,3784.332031
21.86067928,255005.9382,4208453.807,3784.332031
21.88809002,255005.9109,4208453.806,3784.332275
21.91550076,255005.8835,4208453.805,3784.33252
21.94291149,255005.8561,4208453.803,3784.332764
21.97032223,255005.8287,4208453.802,3784.333008
21.99773297,255005.8013,4208453.801,3784.333496
22.02514371,255005.774,4208453.8,3784.335205
22.05255445,255005.7466,4208453.799,3784.336182
22.07996519,255005.7192,4208453.797,3784.337158
22.10737593,255005.6918,4208453.796,3784.337646
22.13478667,255005.6644,4208453.795,3784.338623
22.1621974,255005.637,4208453.794,3784.340576
22.18960814,255005.6097,4208453.792,3784.341309
22.21701888,255005.5823,4208453.791,3784.3479
22.24442962,255005.5549,4208453.79,3784.349365
22.27184036,255005.5275,4208453.789,3784.351318
22.2992511,255005.5001,4208453.787,3784.352783
22.32666184,255005.4727,4208453.786,3784.354248
22.35407257,255005.4454,4208453.785,3784.355225
22.38148331,255005.418,4208453.784,3784.356689
22.40889405,255005.3906,4208453.782,3784.358887
22.43630479,255005.3632,4208453.781,3784.359619
22.46371553,255005.3358,4208453.78,3784.360352
22.49112627,255005.3085,4208453.779,3784.361572
22.51853701,255005.2811,4208453.777,3784.361816
22.54594774,255005.2537,4208453.776,3784.362549
22.57335848,255005.2263,4208453.775,3784.362793
22.60076922,255005.1989,4208453.774,3784.362793
22.62817996,255005.1715,4208453.772,3784.362549
22.6555907,255005.1442,4208453.771,3784.362305
22.68300144,255005.1168,4208453.77,3784.361816
22.71041218,255005.0894,4208453.769,3784.361816
22.73782292,255005.062,4208453.767,3784.361572
22.76523365,255005.0346,4208453.766,3784.361084
22.79264439,255005.0072,4208453.765,3784.360352
22.82005513,255004.9799,4208453.764,3784.368164
22.84746587,255004.9525,4208453.762,3784.36792
22.87487661,255004.9251,4208453.761,3784.366699
22.90228735,255004.8977,4208453.76,3784.365479
22.92969809,255004.8703,4208453.759,3784.363525
22.95710882,255004.8429,4208453.757,3784.362061
22.98451956,255004.8156,4208453.756,3784.360352
23.0119303,255004.7882,4208453.755,3784.358887
23.03934104,255004.7608,4208453.754,3784.35791
23.06675178,255004.7334,4208453.752,3784.355713
23.09416252,255004.706,4208453.751,3784.354248
23.12157326,255004.6787,4208453.75,3784.352539
23.14898399,255004.6513,4208453.749,3784.350098
23.17639473,255004.6239,4208453.747,3784.348877
23.20380547,255004.5965,4208453.746,3784.346924
23.23121621,255004.5691,4208453.745,3784.345459
23.25862695,255004.5417,4208453.744,3784.343262
23.28603769,255004.5144,4208453.742,3784.341064
23.31344843,255004.487,4208453.741,3784.3396
23.34085916,255004.4596,4208453.74,3784.338379
23.3682699,255004.4322,4208453.739,3784.337158
23.39568064,255004.4048,4208453.738,3784.334717
23.42309138,255004.3774,4208453.736,3784.340332
23.45050212,255004.3501,4208453.735,3784.339111
23.47791286,255004.3227,4208453.734,3784.337402
23.5053236,255004.2953,4208453.733,3784.335205
23.53273434,255004.2679,4208453.731,3784.333252
23.56014507,255004.2405,4208453.73,3784.332275
23.58755581,255004.2132,4208453.729,3784.331299
23.61496655,255004.1858,4208453.728,3784.32959
23.64237729,255004.1584,4208453.726,3784.327637
23.66978803,255004.131,4208453.725,3784.32666
23.69719877,255004.1036,4208453.724,3784.325439
23.72460951,255004.0762,4208453.723,3784.324707
23.75202024,255004.0489,4208453.721,3784.324219
23.77943098,255004.0215,4208453.72,3784.323242
23.80684172,255003.9941,4208453.719,3784.321289
23.83425246,255003.9667,4208453.718,3784.320801
23.8616632,255003.9393,4208453.716,3784.320557
23.88907394,255003.9119,4208453.715,3784.320313
23.91648468,255003.8846,4208453.714,3784.320068
23.94389541,255003.8572,4208453.713,3784.320068
23.97130615,255003.8298,4208453.711,3784.320068
23.99871689,255003.8024,4208453.71,3784.320068
24.02612763,255003.775,4208453.709,3784.328613
24.05353837,255003.7477,4208453.708,3784.328613
24.08094911,255003.7203,4208453.706,3784.329346
24.10835985,255003.6929,4208453.705,3784.329346
24.13577059,255003.6655,4208453.704,3784.329346
24.16318132,255003.6381,4208453.703,3784.329346
24.19059206,255003.6107,4208453.701,3784.328613
24.2180028,255003.5834,4208453.7,3784.328125
24.24541354,255003.556,4208453.699,3784.327637
24.27282428,255003.5286,4208453.698,3784.326904
24.30023502,255003.5012,4208453.696,3784.324463
24.32764576,255003.4738,4208453.695,3784.322754
24.35505649,255003.4464,4208453.694,3784.320801
24.38246723,255003.4191,4208453.693,3784.31958
24.40987797,255003.3917,4208453.691,3784.318115
24.43728871,255003.3643,4208453.69,3784.314941
24.46469945,255003.3369,4208453.689,3784.311768
24.49211019,255003.3095,4208453.688,3784.310547
24.51952093,255003.2821,4208453.686,3784.306396
24.54693166,255003.2548,4208453.685,3784.303223
24.5743424,255003.2274,4208453.684,3784.300537
24.60175314,255003.2,4208453.683,3784.296143
24.62916388,255003.1726,4208453.682,3784.300293
24.65657462,255003.1452,4208453.68,3784.29541
24.68398536,255003.1179,4208453.679,3784.29126
24.7113961,255003.0905,4208453.678,3784.28833
24.73880683,255003.0631,4208453.677,3784.286377
24.76621757,255003.0357,4208453.675,3784.284912
24.79362831,255003.0083,4208453.674,3784.283447
24.82103905,255002.9809,4208453.673,3784.282471
24.84844979,255002.9536,4208453.672,3784.282471
24.87586053,255002.9262,4208453.67,3784.282227
24.90327127,255002.8988,4208453.669,3784.282227
24.93068201,255002.8714,4208453.668,3784.282471
24.95809274,255002.844,4208453.667,3784.282471
24.98550348,255002.8166,4208453.665,3784.283691
25.01291422,255002.7893,4208453.664,3784.284912
25.04032496,255002.7619,4208453.663,3784.286377
25.0677357,255002.7345,4208453.662,3784.286865
25.09514644,255002.7071,4208453.66,3784.28833
25.12255718,255002.6797,4208453.659,3784.290771
25.14996791,255002.6524,4208453.658,3784.293701
25.17737865,255002.625,4208453.657,3784.296631
25.20478939,255002.5976,4208453.655,3784.299805
25.23220013,255002.5702,4208453.654,3784.307129
25.25961087,255002.5428,4208453.653,3784.309326
25.28702161,255002.5154,4208453.652,3784.312744
25.31443235,255002.4881,4208453.65,3784.316162
25.34184308,255002.4607,4208453.649,3784.320068
25.36925382,255002.4333,4208453.648,3784.324463
25.39666456,255002.4059,4208453.647,3784.329102
25.4240753,255002.3785,4208453.645,3784.335205
25.45148604,255002.3511,4208453.644,3784.341309
25.47889678,255002.3238,4208453.643,3784.348145
25.50630752,255002.2964,4208453.642,3784.354736
25.53371825,255002.269,4208453.64,3784.361816
25.56112899,255002.2416,4208453.639,3784.36792
25.58853973,255002.2142,4208453.638,3784.375488
25.61595047,255002.1868,4208453.637,3784.381592
25.64336121,255002.1595,4208453.635,3784.387451
25.67077195,255002.1321,4208453.634,3784.393066
25.69818269,255002.1047,4208453.633,3784.398438
25.72559343,255002.0773,4208453.632,3784.403076
25.75300416,255002.0499,4208453.63,3784.407471
25.7804149,255002.0226,4208453.629,3784.411865
25.80782564,255001.9952,4208453.628,3784.415771
25.83523638,255001.9678,4208453.627,3784.421631
25.86264712,255001.9404,4208453.625,3784.425293
25.89005786,255001.913,4208453.624,3784.427979
25.9174686,255001.8856,4208453.623,3784.429688
25.94487933,255001.8583,4208453.622,3784.43042
25.97229007,255001.8309,4208453.621,3784.431396
25.99970081,255001.8035,4208453.619,3784.431396
26.02711155,255001.7761,4208453.618,3784.431396
26.05452229,255001.7487,4208453.617,3784.431396
26.08193303,255001.7213,4208453.616,3784.431152
26.10934377,255001.694,4208453.614,3784.430908
26.1367545,255001.6666,4208453.613,3784.429932
26.16416524,255001.6392,4208453.612,3784.427979
26.19157598,255001.6118,4208453.611,3784.424561
26.21898672,255001.5844,4208453.609,3784.419434
26.24639746,255001.5571,4208453.608,3784.415039
26.2738082,255001.5297,4208453.607,3784.408691
26.30121894,255001.5023,4208453.606,3784.400635
26.32862968,255001.4749,4208453.604,3784.39209
26.35604041,255001.4475,4208453.603,3784.383301
26.38345115,255001.4201,4208453.602,3784.374268
26.41086189,255001.3928,4208453.601,3784.364746
26.43827263,255001.3654,4208453.599,3784.360352
26.46568337,255001.338,4208453.598,3784.352295
26.49309411,255001.3106,4208453.597,3784.342773
26.52050485,255001.2832,4208453.596,3784.332764
26.54791558,255001.2558,4208453.594,3784.324219
26.57532632,255001.2285,4208453.593,3784.31665
26.60273706,255001.2011,4208453.592,3784.308105
26.6301478,255001.1737,4208453.591,3784.303223
26.65755854,255001.1463,4208453.589,3784.296143
26.68496928,255001.1189,4208453.588,3784.291504
26.71238002,255001.0916,4208453.587,3784.287598
26.73979075,255001.0642,4208453.586,3784.283203
26.76720149,255001.0368,4208453.584,3784.279053
26.79461223,255001.0094,4208453.583,3784.274414
26.82202297,255000.982,4208453.582,3784.270996
26.84943371,255000.9546,4208453.581,3784.269775
26.87684445,255000.9273,4208453.579,3784.265381
26.90425519,255000.8999,4208453.578,3784.262939
26.93166592,255000.8725,4208453.577,3784.259033
26.95907666,255000.8451,4208453.576,3784.257324
26.9864874,255000.8177,4208453.574,3784.254883
27.01389814,255000.7903,4208453.573,3784.251221
27.04130888,255000.763,4208453.572,3784.259033
27.06871962,255000.7356,4208453.571,3784.258545
27.09613036,255000.7082,4208453.569,3784.256836
27.1235411,255000.6808,4208453.568,3784.254883
27.15095183,255000.6534,4208453.567,3784.251465
27.17836257,255000.626,4208453.566,3784.249756
27.20577331,255000.5987,4208453.565,3784.246826
27.23318405,255000.5713,4208453.563,3784.244873
27.26059479,255000.5439,4208453.562,3784.241699
27.28800553,255000.5165,4208453.561,3784.237793
27.31541627,255000.4891,4208453.56,3784.235352
27.342827,255000.4618,4208453.558,3784.231445
27.37023774,255000.4344,4208453.557,3784.228516
27.39764848,255000.407,4208453.556,3784.224365
27.42505922,255000.3796,4208453.555,3784.223389
27.45246996,255000.3522,4208453.553,3784.222168
27.4798807,255000.3248,4208453.552,3784.216064
27.50729144,255000.2975,4208453.551,3784.213379
27.53470217,255000.2701,4208453.55,3784.210449
27.56211291,255000.2427,4208453.548,3784.208984
27.58952365,255000.2153,4208453.547,3784.207031
27.61693439,255000.1879,4208453.546,3784.204102
27.64434513,255000.1605,4208453.545,3784.222656
27.67175587,255000.1332,4208453.543,3784.220703
27.69916661,255000.1058,4208453.542,3784.220459
27.72657735,255000.0784,4208453.541,3784.219727
27.75398808,255000.051,4208453.54,3784.217285
27.78139882,255000.0236,4208453.538,3784.217285
27.80880956,254999.9963,4208453.537,3784.217285
27.8362203,254999.9689,4208453.536,3784.217285
27.86363104,254999.9415,4208453.535,3784.217285
27.89104178,254999.9141,4208453.533,3784.217285
27.91845252,254999.8867,4208453.532,3784.217285
27.94586325,254999.8593,4208453.531,3784.219727
27.97327399,254999.832,4208453.53,3784.220459
28.00068473,254999.8046,4208453.528,3784.220703
28.02809547,254999.7772,4208453.527,3784.220703
28.05550621,254999.7498,4208453.526,3784.221191
28.08291695,254999.7224,4208453.525,3784.221436
28.11032769,254999.695,4208453.523,3784.221436
28.13773842,254999.6677,4208453.522,3784.221436
28.16835295,254999.6403,4208453.536,3784.221924
28.19896748,254999.6129,4208453.55,3784.207031
28.22958201,254999.5855,4208453.563,3784.210205
28.26019653,254999.5581,4208453.577,3784.200684
28.29081106,254999.5308,4208453.591,3784.202637
28.32142559,254999.5034,4208453.604,3784.190918
28.35204011,254999.476,4208453.618,3784.193604
28.38265464,254999.4486,4208453.632,3784.186768
28.41326917,254999.4212,4208453.645,3784.189941
28.4438837,254999.3938,4208453.659,3784.181885
28.47449822,254999.3665,4208453.673,3784.187988
28.50511275,254999.3391,4208453.686,3784.179688
28.53572728,254999.3117,4208453.7,3784.184814
28.56634181,254999.2843,4208453.714,3784.179688
28.59695633,254999.2569,4208453.728,3784.184814
28.62757086,254999.2295,4208453.741,3784.180664
28.65818539,254999.2022,4208453.755,3784.187988
28.68879991,254999.1748,4208453.769,3784.185059
28.71941444,254999.1474,4208453.782,3784.192627
28.75002897,254999.12,4208453.796,3784.192139
28.7806435,254999.0926,4208453.81,3784.199219
28.81125802,254999.0652,4208453.823,3784.199219
28.84187255,254999.0379,4208453.837,3784.206543
28.87248708,254999.0105,4208453.851,3784.206787
28.9031016,254998.9831,4208453.864,3784.214111
28.93371613,254998.9557,4208453.878,3784.216797
28.96433066,254998.9283,4208453.892,3784.222656
28.99494519,254998.901,4208453.906,3784.226318
29.02555971,254998.8736,4208453.919,3784.23291
29.05617424,254998.8462,4208453.933,3784.236328
29.08678877,254998.8188,4208453.947,3784.244385
29.11740329,254998.7914,4208453.96,3784.248047
29.14801782,254998.764,4208453.974,3784.254639
29.17863235,254998.7367,4208453.988,3784.260498
29.20924688,254998.7093,4208454.001,3784.268555
29.2398614,254998.6819,4208454.015,3784.274658
29.27047593,254998.6545,4208454.029,3784.281982
29.30109046,254998.6271,4208454.042,3784.290283
29.33170498,254998.5997,4208454.056,3784.298828
29.36231951,254998.5724,4208454.07,3784.311523
29.39293404,254998.545,4208454.084,3784.321777
29.42354857,254998.5176,4208454.097,3784.334717
29.45416309,254998.4902,4208454.111,3784.34375
29.48477762,254998.4628,4208454.125,3784.355713
29.51539215,254998.4355,4208454.138,3784.364014
29.54600667,254998.4081,4208454.152,3784.374756
29.5766212,254998.3807,4208454.166,3784.383057
29.60723573,254998.3533,4208454.179,3784.394531
29.63785026,254998.3259,4208454.193,3784.402832
29.66846478,254998.2985,4208454.207,3784.415771
29.69907931,254998.2712,4208454.22,3784.425049
29.72969384,254998.2438,4208454.234,3784.44043
29.76030837,254998.2164,4208454.248,3784.450439
29.79092289,254998.189,4208454.262,3784.463379
29.82153742,254998.1616,4208454.275,3784.473633
29.85215195,254998.1342,4208454.289,3784.487061
29.88276647,254998.1069,4208454.303,3784.494629
29.913381,254998.0795,4208454.316,3784.50415
29.94399553,254998.0521,4208454.33,3784.510742
29.97461006,254998.0247,4208454.344,3784.518555
30.00522458,254997.9973,4208454.357,3784.524902
30.03583911,254997.9699,4208454.371,3784.532227
30.06645364,254997.9426,4208454.385,3784.53833
30.09706816,254997.9152,4208454.398,3784.546387
30.12768269,254997.8878,4208454.412,3784.553955
30.15829722,254997.8604,4208454.426,3784.5625
30.18891175,254997.833,4208454.44,3784.571045
30.21952627,254997.8057,4208454.453,3784.579834
30.2501408,254997.7783,4208454.467,3784.587158
30.28075533,254997.7509,4208454.481,3784.596436
30.31136985,254997.7235,4208454.494,3784.605713
30.34198438,254997.6961,4208454.508,3784.614746
30.37259891,254997.6687,4208454.522,3784.623535
30.40321344,254997.6414,4208454.535,3784.633301
30.43382796,254997.614,4208454.549,3784.640869
30.46444249,254997.5866,4208454.563,3784.648193
30.49505702,254997.5592,4208454.576,3784.656982
30.52567154,254997.5318,4208454.59,3784.662598
30.55628607,254997.5044,4208454.604,3784.669678
30.5869006,254997.4771,4208454.617,3784.675293
30.61751513,254997.4497,4208454.631,3784.680908
30.64812965,254997.4223,4208454.645,3784.68457
30.67874418,254997.3949,4208454.659,3784.689453
30.70935871,254997.3675,4208454.672,3784.693115
30.73997323,254997.3402,4208454.686,3784.697754
30.77058776,254997.3128,4208454.7,3784.700195
30.80120229,254997.2854,4208454.713,3784.705078
30.83181682,254997.258,4208454.727,3784.707764
30.86243134,254997.2306,4208454.741,3784.712646
30.89304587,254997.2032,4208454.754,3784.714844
30.9236604,254997.1759,4208454.768,3784.719482
30.95427493,254997.1485,4208454.782,3784.721924
30.98488945,254997.1211,4208454.795,3784.727295
31.01550398,254997.0937,4208454.809,3784.729736
31.04611851,254997.0663,4208454.823,3784.735352
31.07673303,254997.0389,4208454.837,3784.738281
31.10734756,254997.0116,4208454.85,3784.744141
31.13796209,254996.9842,4208454.864,3784.748779
31.16857662,254996.9568,4208454.878,3784.753662
31.19919114,254996.9294,4208454.891,3784.758301
31.22980567,254996.902,4208454.905,3784.763916
31.2604202,254996.8747,4208454.919,3784.769775
31.29103472,254996.8473,4208454.932,3784.776123
31.32164925,254996.8199,4208454.946,3784.781738
31.35226378,254996.7925,4208454.96,3784.787842
31.38287831,254996.7651,4208454.973,3784.793945
31.41349283,254996.7377,4208454.987,3784.80127
31.44410736,254996.7104,4208455.001,3784.806885
31.47472189,254996.683,4208455.015,3784.813721
31.50533641,254996.6556,4208455.028,3784.820068
31.53595094,254996.6282,4208455.042,3784.83252
31.56656547,254996.6008,4208455.056,3784.838135
31.59718,254996.5734,4208455.069,3784.84375
31.62779452,254996.5461,4208455.083,3784.847656
31.65840905,254996.5187,4208455.097,3784.852051
31.68902358,254996.4913,4208455.11,3784.856689
31.7196381,254996.4639,4208455.124,3784.861084
31.75025263,254996.4365,4208455.138,3784.86499
31.78086716,254996.4091,4208455.151,3784.869141
31.81148169,254996.3818,4208455.165,3784.873047
31.84209621,254996.3544,4208455.179,3784.876709
31.87271074,254996.327,4208455.193,3784.881104
31.90332527,254996.2996,4208455.206,3784.885498
31.93393979,254996.2722,4208455.22,3784.890381
31.96455432,254996.2449,4208455.234,3784.894531
31.99516885,254996.2175,4208455.247,3784.901611
32.02578338,254996.1901,4208455.261,3784.908447
32.0563979,254996.1627,4208455.275,3784.917725
32.08701243,254996.1353,4208455.288,3784.925049
32.11762696,254996.1079,4208455.302,3784.936768
32.14824149,254996.0806,4208455.316,3784.943359
32.17885601,254996.0532,4208455.329,3784.956055
32.20947054,254996.0258,4208455.343,3784.962646
32.24008507,254995.9984,4208455.357,3784.976563
32.27069959,254995.971,4208455.371,3784.982666
32.30131412,254995.9436,4208455.384,3784.996826
32.33192865,254995.9163,4208455.398,3785.003418
32.36254318,254995.8889,4208455.412,3785.016602
32.3931577,254995.8615,4208455.425,3785.021729
32.42377223,254995.8341,4208455.439,3785.033936
32.45438676,254995.8067,4208455.453,3785.039063
32.48500128,254995.7794,4208455.466,3785.050293
32.51561581,254995.752,4208455.48,3785.053955
32.54623034,254995.7246,4208455.494,3785.064209
32.57684487,254995.6972,4208455.507,3785.067383
32.60745939,254995.6698,4208455.521,3785.074951
32.63807392,254995.6424,4208455.535,3785.078369
32.66868845,254995.6151,4208455.548,3785.085938
32.69930297,254995.5877,4208455.562,3785.089111
32.7299175,254995.5603,4208455.576,3785.096191
32.76053203,254995.5329,4208455.59,3785.098877
32.79114656,254995.5055,4208455.603,3785.10498
32.82176108,254995.4781,4208455.617,3785.107178
32.85237561,254995.4508,4208455.631,3785.113525
32.88299014,254995.4234,4208455.644,3785.115967
32.91360466,254995.396,4208455.658,3785.121826
32.94421919,254995.3686,4208455.672,3785.124512
32.97483372,254995.3412,4208455.685,3785.130371
33.00544825,254995.3139,4208455.699,3785.133301
33.03606277,254995.2865,4208455.713,3785.138916
33.0666773,254995.2591,4208455.726,3785.142334
33.09729183,254995.2317,4208455.74,3785.148193
33.12790636,254995.2043,4208455.754,3785.1521
33.15852088,254995.1769,4208455.768,3785.158447
33.18913541,254995.1496,4208455.781,3785.16333
33.21974994,254995.1222,4208455.795,3785.170166
33.25036446,254995.0948,4208455.809,3785.176025
33.28097899,254995.0674,4208455.822,3785.185303
33.31159352,254995.04,4208455.836,3785.190674
33.34220805,254995.0126,4208455.85,3785.200195
33.37282257,254994.9853,4208455.863,3785.206543
33.4034371,254994.9579,4208455.877,3785.215332
33.43405163,254994.9305,4208455.891,3785.220947
33.46466615,254994.9031,4208455.904,3785.229248
33.49528068,254994.8757,4208455.918,3785.234131
33.52589521,254994.8483,4208455.932,3785.24292
33.55650974,254994.821,4208455.946,3785.248047
33.58712426,254994.7936,4208455.959,3785.255127
33.61773879,254994.7662,4208455.973,3785.26123
33.64835332,254994.7388,4208455.987,3785.268311
33.67896784,254994.7114,4208456,3785.273682
33.70958237,254994.6841,4208456.014,3785.280762
33.7401969,254994.6567,4208456.028,3785.285156
33.77081143,254994.6293,4208456.041,3785.292236
33.80142595,254994.6019,4208456.055,3785.297119
33.83204048,254994.5745,4208456.069,3785.302734
33.86265501,254994.5471,4208456.082,3785.306396
33.89326953,254994.5198,4208456.096,3785.310303
33.92388406,254994.4924,4208456.11,3785.313721
33.95449859,254994.465,4208456.124,3785.31665
33.98511312,254994.4376,4208456.137,3785.320313
34.01572764,254994.4102,4208456.151,3785.324463
34.04634217,254994.3828,4208456.165,3785.327637
34.0769567,254994.3555,4208456.178,3785.332275
34.10757122,254994.3281,4208456.192,3785.335938
34.13818575,254994.3007,4208456.206,3785.340088
34.16880028,254994.2733,4208456.219,3785.343994
34.19941481,254994.2459,4208456.233,3785.3479
34.23002933,254994.2186,4208456.247,3785.352051
34.26064386,254994.1912,4208456.26,3785.356445
34.29125839,254994.1638,4208456.274,3785.359619
34.32187292,254994.1364,4208456.288,3785.36377
34.35248744,254994.109,4208456.302,3785.367188
34.38310197,254994.0816,4208456.315,3785.37085
34.4137165,254994.0543,4208456.329,3785.373535
34.44433102,254994.0269,4208456.343,3785.377197
34.47494555,254993.9995,4208456.356,3785.379395
34.50556008,254993.9721,4208456.37,3785.382568
34.53617461,254993.9447,4208456.384,3785.384521
34.56678913,254993.9173,4208456.397,3785.386963
34.59740366,254993.89,4208456.411,3785.388428
34.62801819,254993.8626,4208456.425,3785.390381
34.65863271,254993.8352,4208456.438,3785.391602
34.68924724,254993.8078,4208456.452,3785.393066
34.71986177,254993.7804,4208456.466,3785.393311
34.7504763,254993.7531,4208456.479,3785.393799
34.78109082,254993.7257,4208456.493,3785.393799
34.81170535,254993.6983,4208456.507,3785.393799
34.84231988,254993.6709,4208456.521,3785.394043
34.8729344,254993.6435,4208456.534,3785.394043
34.90354893,254993.6161,4208456.548,3785.394043
34.93416346,254993.5888,4208456.562,3785.394043
34.96477799,254993.5614,4208456.575,3785.393799
34.99539251,254993.534,4208456.589,3785.394043
35.02600704,254993.5066,4208456.603,3785.394043
35.05662157,254993.4792,4208456.616,3785.394287
35.08723609,254993.4518,4208456.63,3785.394287
35.11785062,254993.4245,4208456.644,3785.394531
35.14846515,254993.3971,4208456.657,3785.394531
35.17907968,254993.3697,4208456.671,3785.394775
35.2096942,254993.3423,4208456.685,3785.394775
35.24030873,254993.3149,4208456.699,3785.394775
35.27092326,254993.2875,4208456.712,3785.39502
35.30153778,254993.2602,4208456.726,3785.396484
35.33215231,254993.2328,4208456.74,3785.398438
35.36276684,254993.2054,4208456.753,3785.401855
35.39338137,254993.178,4208456.767,3785.404053
35.42399589,254993.1506,4208456.781,3785.407959
35.45461042,254993.1233,4208456.794,3785.411133
35.48522495,254993.0959,4208456.808,3785.415527
35.51583948,254993.0685,4208456.822,3785.418701
35.546454,254993.0411,4208456.835,3785.424561
35.57706853,254993.0137,4208456.849,3785.427002
35.60768306,254992.9863,4208456.863,3785.433105
35.63829758,254992.959,4208456.877,3785.436279
35.66891211,254992.9316,4208456.89,3785.44165
35.69952664,254992.9042,4208456.904,3785.445313
35.73014117,254992.8768,4208456.918,3785.449951
35.76075569,254992.8494,4208456.931,3785.452148
35.79137022,254992.822,4208456.945,3785.453369
35.82198475,254992.7947,4208456.959,3785.453857
35.85259927,254992.7673,4208456.972,3785.454102
35.8832138,254992.7399,4208456.986,3785.454346
35.91382833,254992.7125,4208457,3785.454102
35.94444286,254992.6851,4208457.013,3785.453857
35.97505738,254992.6578,4208457.027,3785.453369
36.00567191,254992.6304,4208457.041,3785.453369
36.03628644,254992.603,4208457.055,3785.452393
36.06690096,254992.5756,4208457.068,3785.451416
36.09751549,254992.5482,4208457.082,3785.449463
36.12813002,254992.5208,4208457.096,3785.448242
36.15874455,254992.4935,4208457.109,3785.443848
36.18935907,254992.4661,4208457.123,3785.440186
36.2199736,254992.4387,4208457.137,3785.43457
36.25058813,254992.4113,4208457.15,3785.430908
36.28120265,254992.3839,4208457.164,3785.425049
36.31181718,254992.3565,4208457.178,3785.420654
36.34397486,254992.3291,4208457.161,3785.416748
36.37613253,254992.3017,4208457.144,3785.413574
36.40829021,254992.2742,4208457.127,3785.410645
36.44044788,254992.2468,4208457.111,3785.408203
36.47260556,254992.2193,4208457.094,3785.40625
36.50476323,254992.1919,4208457.077,3785.404541
36.53692091,254992.1645,4208457.06,3785.403564
36.56907858,254992.137,4208457.044,3785.403564
36.60123626,254992.1096,4208457.027,3785.402588
36.63339393,254992.0821,4208457.01,3785.402588
36.66555161,254992.0547,4208456.993,3785.403076
36.69770928,254992.0273,4208456.977,3785.402588
36.72986696,254991.9998,4208456.96,3785.403809
36.76202463,254991.9724,4208456.943,3785.403564
36.79418231,254991.945,4208456.926,3785.405518
36.82633998,254991.9175,4208456.909,3785.407715
36.85849766,254991.8901,4208456.893,3785.408447
36.89065533,254991.8626,4208456.876,3785.411621
36.92281301,254991.8352,4208456.859,3785.412598
36.95497068,254991.8078,4208456.842,3785.417725
36.98712836,254991.7803,4208456.826,3785.424805
37.01928603,254991.7529,4208456.809,3785.428467
37.05144371,254991.7254,4208456.792,3785.437744
37.08360138,254991.698,4208456.775,3785.443115
37.11575906,254991.6706,4208456.759,3785.455078
37.14791673,254991.6431,4208456.742,3785.470215
37.18007441,254991.6157,4208456.725,3785.478027
37.21223208,254991.5882,4208456.708,3785.497314
37.24438976,254991.5608,4208456.691,3785.51709
37.27654743,254991.5334,4208456.675,3785.527588
37.30870511,254991.5059,4208456.658,3785.550293
37.34086278,254991.4785,4208456.641,3785.561523
37.37302046,254991.451,4208456.624,3785.58374
37.40517813,254991.4236,4208456.608,3785.606689
37.43733581,254991.3962,4208456.591,3785.616455
37.46949348,254991.3687,4208456.574,3785.636475
37.50165116,254991.3413,4208456.557,3785.644775
37.53380883,254991.3138,4208456.541,3785.661133
37.56596651,254991.2864,4208456.524,3785.677979
37.59812418,254991.259,4208456.507,3785.685059
37.63028186,254991.2315,4208456.49,3785.698975
37.66243953,254991.2041,4208456.473,3785.714111
37.69459721,254991.1766,4208456.457,3785.720459
37.72675488,254991.1492,4208456.44,3785.734131
37.75891256,254991.1218,4208456.423,3785.740234
37.79107023,254991.0943,4208456.406,3785.75293
37.82322791,254991.0669,4208456.39,3785.765625
37.85538558,254991.0394,4208456.373,3785.772217
37.88754326,254991.012,4208456.356,3785.787354
37.91970093,254990.9846,4208456.339,3785.793945
37.95185861,254990.9571,4208456.323,3785.808838
37.98401628,254990.9297,4208456.306,3785.825928
38.01617396,254990.9022,4208456.289,3785.83374
38.04833163,254990.8748,4208456.272,3785.850586
38.08048931,254990.8474,4208456.255,3785.858154
38.11264698,254990.8199,4208456.239,3785.873535
38.14480466,254990.7925,4208456.222,3785.886475
38.17696233,254990.765,4208456.205,3785.891602
38.20912001,254990.7376,4208456.188,3785.90332
38.24127768,254990.7102,4208456.172,3785.914063
38.27343536,254990.6827,4208456.155,3785.919434
38.30559304,254990.6553,4208456.138,3785.930176
38.33775071,254990.6279,4208456.121,3785.936035
38.36990839,254990.6004,4208456.105,3785.948242
38.40206606,254990.573,4208456.088,3785.961426
38.43422374,254990.5455,4208456.071,3785.970459
38.46638141,254990.5181,4208456.054,3785.984863
38.49853909,254990.4907,4208456.037,3785.992432
38.53069676,254990.4632,4208456.021,3786.007324
38.56285444,254990.4358,4208456.004,3786.020752
38.59501211,254990.4083,4208455.987,3786.028076
38.62716979,254990.3809,4208455.97,3786.039307
38.65932746,254990.3535,4208455.954,3786.05127
38.69148514,254990.326,4208455.937,3786.05835
38.72364281,254990.2986,4208455.92,3786.068604
38.75580049,254990.2711,4208455.903,3786.075195
38.78795816,254990.2437,4208455.887,3786.08374
38.82011584,254990.2163,4208455.87,3786.091064
38.85227351,254990.1888,4208455.853,3786.095947
38.88443119,254990.1614,4208455.836,3786.103271
38.91658886,254990.1339,4208455.819,3786.109619
38.94874654,254990.1065,4208455.803,3786.115967
38.98090421,254990.0791,4208455.786,3786.124023
39.01306189,254990.0516,4208455.769,3786.130615
39.04521956,254990.0242,4208455.752,3786.13916
39.07737724,254989.9967,4208455.736,3786.146973
39.10953491,254989.9693,4208455.719,3786.157959
39.14169259,254989.9419,4208455.702,3786.167236
39.17385026,254989.9144,4208455.685,3786.175537
39.20600794,254989.887,4208455.669,3786.183838
39.23816561,254989.8595,4208455.652,3786.192139
39.27032329,254989.8321,4208455.635,3786.198975
39.30248096,254989.8047,4208455.618,3786.205811
39.33463864,254989.7772,4208455.601,3786.211914
39.36679631,254989.7498,4208455.585,3786.216797
39.39895399,254989.7223,4208455.568,3786.221924
39.43111166,254989.6949,4208455.551,3786.226318
39.46326934,254989.6675,4208455.534,3786.232178
39.49542701,254989.64,4208455.518,3786.237793
39.52758469,254989.6126,4208455.501,3786.244141
39.55974236,254989.5851,4208455.484,3786.252686
39.59190004,254989.5577,4208455.467,3786.259766
39.62405771,254989.5303,4208455.451,3786.268799
39.65621539,254989.5028,4208455.434,3786.276855
39.68837306,254989.4754,4208455.417,3786.283936
39.72053074,254989.448,4208455.4,3786.291992
39.75268841,254989.4205,4208455.384,3786.298828
39.78484609,254989.3931,4208455.367,3786.305908
39.81700376,254989.3656,4208455.35,3786.312012
39.84916144,254989.3382,4208455.333,3786.317627
39.88131911,254989.3108,4208455.316,3786.323975
39.91347679,254989.2833,4208455.3,3786.329346
39.94563446,254989.2559,4208455.283,3786.334961
39.97779214,254989.2284,4208455.266,3786.340088
40.00994981,254989.201,4208455.249,3786.345215
40.04210749,254989.1736,4208455.233,3786.351074
40.07426516,254989.1461,4208455.216,3786.356445
40.10642284,254989.1187,4208455.199,3786.362305
40.13858051,254989.0912,4208455.182,3786.367188
40.17073819,254989.0638,4208455.166,3786.372559
40.20289586,254989.0364,4208455.149,3786.37793
40.23505354,254989.0089,4208455.132,3786.383057
40.26721121,254988.9815,4208455.115,3786.387695
40.29936889,254988.954,4208455.098,3786.393311
40.33152656,254988.9266,4208455.082,3786.397949
40.36368424,254988.8992,4208455.065,3786.404053
40.39584191,254988.8717,4208455.048,3786.408936
40.42799959,254988.8443,4208455.031,3786.413086
40.46015726,254988.8168,4208455.015,3786.416992
40.49231494,254988.7894,4208454.998,3786.420166
40.52447261,254988.762,4208454.981,3786.423096
40.55663029,254988.7345,4208454.964,3786.425049
40.58878796,254988.7071,4208454.948,3786.426025
40.62094564,254988.6796,4208454.931,3786.42749
40.65310331,254988.6522,4208454.914,3786.427979
40.68526099,254988.6248,4208454.897,3786.429199
40.71741866,254988.5973,4208454.88,3786.43042
40.74957634,254988.5699,4208454.864,3786.431152
40.78173401,254988.5424,4208454.847,3786.432617
40.81389169,254988.515,4208454.83,3786.434082
40.84604936,254988.4876,4208454.813,3786.43457
40.87820704,254988.4601,4208454.797,3786.435791
40.91036471,254988.4327,4208454.78,3786.436279
40.94252239,254988.4052,4208454.763,3786.4375
40.97468006,254988.3778,4208454.746,3786.438721
41.00683774,254988.3504,4208454.73,3786.439209
41.03899541,254988.3229,4208454.713,3786.441162
41.07115309,254988.2955,4208454.696,3786.44165
41.10331076,254988.268,4208454.679,3786.444092
41.13546844,254988.2406,4208454.662,3786.447266
41.16762611,254988.2132,4208454.646,3786.448242
41.19978379,254988.1857,4208454.629,3786.452637
41.23194146,254988.1583,4208454.612,3786.456787
41.26409914,254988.1309,4208454.595,3786.456787
41.29625681,254988.1034,4208454.579,3786.461182
41.32841449,254988.076,4208454.562,3786.46167
41.36057216,254988.0485,4208454.545,3786.466309
41.39272984,254988.0211,4208454.528,3786.470459
41.42488751,254987.9937,4208454.512,3786.471436
41.45704519,254987.9662,4208454.495,3786.475586
41.48920286,254987.9388,4208454.478,3786.476563
41.52136054,254987.9113,4208454.461,3786.480957
41.55351821,254987.8839,4208454.444,3786.485596
41.58567589,254987.8565,4208454.428,3786.487061
41.61783357,254987.829,4208454.411,3786.491455
41.64999124,254987.8016,4208454.394,3786.493164
41.68214892,254987.7741,4208454.377,3786.49707
41.71430659,254987.7467,4208454.361,3786.500977
41.74646427,254987.7193,4208454.344,3786.501953
41.77862194,254987.6918,4208454.327,3786.505371
41.81077962,254987.6644,4208454.31,3786.507813
41.84293729,254987.6369,4208454.294,3786.509277
41.87509497,254987.6095,4208454.277,3786.511475
41.90725264,254987.5821,4208454.26,3786.512451
41.93941032,254987.5546,4208454.243,3786.515137
41.97156799,254987.5272,4208454.226,3786.517822
42.00372567,254987.4997,4208454.21,3786.519043
42.03588334,254987.4723,4208454.193,3786.522461
42.06804102,254987.4449,4208454.176,3786.524902
42.10019869,254987.4174,4208454.159,3786.530273
42.13235637,254987.39,4208454.143,3786.537109
42.16451404,254987.3625,4208454.126,3786.541504
42.19667172,254987.3351,4208454.109,3786.54834
42.22882939,254987.3077,4208454.092,3786.555176
42.26098707,254987.2802,4208454.076,3786.55835
42.29314474,254987.2528,4208454.059,3786.563477
42.32530242,254987.2253,4208454.042,3786.566162
42.35746009,254987.1979,4208454.025,3786.569336
42.38961777,254987.1705,4208454.008,3786.57251
42.42177544,254987.143,4208453.992,3786.574707
42.45393312,254987.1156,4208453.975,3786.578125
42.48609079,254987.0881,4208453.958,3786.581055
42.51824847,254987.0607,4208453.941,3786.583984
42.55040614,254987.0333,4208453.925,3786.588135
42.58256382,254987.0058,4208453.908,3786.592041
42.61472149,254986.9784,4208453.891,3786.597168
42.64687917,254986.951,4208453.874,3786.602295
42.67903684,254986.9235,4208453.858,3786.608643
42.71119452,254986.8961,4208453.841,3786.616455
42.74335219,254986.8686,4208453.824,3786.622559
42.77550987,254986.8412,4208453.807,3786.631104
42.80766754,254986.8138,4208453.79,3786.639648
42.83982522,254986.7863,4208453.774,3786.647217
42.87198289,254986.7589,4208453.757,3786.656006
42.90414057,254986.7314,4208453.74,3786.662598
42.93629824,254986.704,4208453.723,3786.670654
42.96845592,254986.6766,4208453.707,3786.678711
43.00061359,254986.6491,4208453.69,3786.684814
43.03277127,254986.6217,4208453.673,3786.693604
43.06492894,254986.5942,4208453.656,3786.699707
43.09708662,254986.5668,4208453.64,3786.707031
43.12924429,254986.5394,4208453.623,3786.715088
43.16140197,254986.5119,4208453.606,3786.720947
43.19355964,254986.4845,4208453.589,3786.727783
43.22571732,254986.457,4208453.572,3786.734619
43.25787499,254986.4296,4208453.556,3786.740234
43.29003267,254986.4022,4208453.539,3786.74585
43.32219034,254986.3747,4208453.522,3786.751221
43.35574298,254986.3473,4208453.503,3786.758301
43.38929561,254986.3198,4208453.484,3786.765137
43.42284825,254986.2924,4208453.464,3786.772949
43.45640088,254986.265,4208453.445,3786.780029
43.48995352,254986.2375,4208453.426,3786.788086
43.52350615,254986.2101,4208453.406,3786.795166
43.55705878,254986.1826,4208453.387,3786.801758
43.59061142,254986.1552,4208453.368,3786.807617
43.62416405,254986.1278,4208453.348,3786.814209
43.65771669,254986.1003,4208453.329,3786.818359
43.69126932,254986.0729,4208453.31,3786.822266
43.72482196,254986.0454,4208453.29,3786.825684
43.75837459,254986.018,4208453.271,3786.82959
43.79192723,254985.9906,4208453.252,3786.832275
43.82547986,254985.9631,4208453.233,3786.836182
43.8590325,254985.9357,4208453.213,3786.842285
43.89258513,254985.9082,4208453.194,3786.846924
43.92613776,254985.8808,4208453.175,3786.854492
43.9596904,254985.8534,4208453.155,3786.86377
43.99324303,254985.8259,4208453.136,3786.87085
44.02679567,254985.7985,4208453.117,3786.881348
44.0603483,254985.771,4208453.097,3786.890869
44.09390094,254985.7436,4208453.078,3786.900146
44.12745357,254985.7162,4208453.059,3786.905029
44.16100621,254985.6887,4208453.039,3786.911621
44.19455884,254985.6613,4208453.02,3786.91626
44.22811148,254985.6339,4208453.001,3786.918701
44.26166411,254985.6064,4208452.982,3786.921143
44.29521675,254985.579,4208452.962,3786.923096
44.32876938,254985.5515,4208452.943,3786.924316
44.36232201,254985.5241,4208452.924,3786.925293
44.39587465,254985.4967,4208452.904,3786.926758
44.42942728,254985.4692,4208452.885,3786.928467
44.46297992,254985.4418,4208452.866,3786.929688
44.49653255,254985.4143,4208452.846,3786.931396
44.53008519,254985.3869,4208452.827,3786.934082
44.56363782,254985.3595,4208452.808,3786.935303
44.59719046,254985.332,4208452.788,3786.939453
44.63074309,254985.3046,4208452.769,3786.94458
44.66429573,254985.2771,4208452.75,3786.949707
44.69784836,254985.2497,4208452.731,3786.953369
44.73140099,254985.2223,4208452.711,3786.959473
44.76495363,254985.1948,4208452.692,3786.965332
44.79850626,254985.1674,4208452.673,3786.969727
44.8320589,254985.1399,4208452.653,3786.976807
44.86561153,254985.1125,4208452.634,3786.984375
44.89916417,254985.0851,4208452.615,3786.992432
44.9327168,254985.0576,4208452.595,3786.999268
44.96626944,254985.0302,4208452.576,3787.008057
44.99982207,254985.0027,4208452.557,3787.018311
45.03337471,254984.9753,4208452.537,3787.025146
45.06692734,254984.9479,4208452.518,3787.03418
45.10047997,254984.9204,4208452.499,3787.04248
45.13403261,254984.893,4208452.479,3787.046143
45.16758524,254984.8655,4208452.46,3787.052734
45.20113788,254984.8381,4208452.441,3787.058105
45.23469051,254984.8107,4208452.422,3787.063965
45.26824315,254984.7832,4208452.402,3787.067383
45.30179578,254984.7558,4208452.383,3787.07251
45.33534842,254984.7283,4208452.364,3787.078613
45.36890105,254984.7009,4208452.344,3787.08252
45.40245369,254984.6735,4208452.325,3787.092041
45.43600632,254984.646,4208452.306,3787.102783
45.46955896,254984.6186,4208452.286,3787.110596
45.50311159,254984.5911,4208452.267,3787.123779
45.53666422,254984.5637,4208452.248,3787.137207
45.57021686,254984.5363,4208452.228,3787.148193
45.60376949,254984.5088,4208452.209,3787.154053
45.63732213,254984.4814,4208452.19,3787.162109
45.67087476,254984.454,4208452.171,3787.168701
45.7044274,254984.4265,4208452.151,3787.17334
45.73798003,254984.3991,4208452.132,3787.18042
45.77153267,254984.3716,4208452.113,3787.185791
45.8050853,254984.3442,4208452.093,3787.192627
45.83863794,254984.3168,4208452.074,3787.195557
45.87219057,254984.2893,4208452.055,3787.203369
45.9057432,254984.2619,4208452.035,3787.213623
45.93929584,254984.2344,4208452.016,3787.219727
45.97284847,254984.207,4208451.997,3787.232178
46.00640111,254984.1796,4208451.977,3787.244141
46.03995374,254984.1521,4208451.958,3787.248779
46.07350638,254984.1247,4208451.939,3787.258789
46.10705901,254984.0972,4208451.92,3787.269775
46.14061165,254984.0698,4208451.9,3787.279053
46.17416428,254984.0424,4208451.881,3787.283691
46.20771692,254984.0149,4208451.862,3787.294434
46.24126955,254983.9875,4208451.842,3787.306152
46.27482218,254983.96,4208451.823,3787.313232
46.30837482,254983.9326,4208451.804,3787.327148
46.34192745,254983.9052,4208451.784,3787.34375
46.37548009,254983.8777,4208451.765,3787.362061
46.40903272,254983.8503,4208451.746,3787.372559
46.44258536,254983.8228,4208451.726,3787.390137
46.47613799,254983.7954,4208451.707,3787.40625
46.50969063,254983.768,4208451.688,3787.416016
46.54324326,254983.7405,4208451.668,3787.428223
46.5767959,254983.7131,4208451.649,3787.440186
46.61034853,254983.6856,4208451.63,3787.446533
46.64390116,254983.6582,4208451.611,3787.456543
46.6774538,254983.6308,4208451.591,3787.465088
46.71100643,254983.6033,4208451.572,3787.473877
46.74455907,254983.5759,4208451.553,3787.479004
46.7781117,254983.5484,4208451.533,3787.488037
46.81166434,254983.521,4208451.514,3787.496338
46.84521697,254983.4936,4208451.495,3787.501709
46.87876961,254983.4661,4208451.475,3787.511719
46.91232224,254983.4387,4208451.456,3787.523193
46.94587488,254983.4112,4208451.437,3787.534668
46.97942751,254983.3838,4208451.417,3787.541748
47.01298015,254983.3564,4208451.398,3787.554932
47.04653278,254983.3289,4208451.379,3787.567627
47.08008541,254983.3015,4208451.36,3787.574951
47.11363805,254983.2741,4208451.34,3787.589355
47.14719068,254983.2466,4208451.321,3787.602539
47.18074332,254983.2192,4208451.302,3787.609863
47.21429595,254983.1917,4208451.282,3787.624268
47.24784859,254983.1643,4208451.263,3787.639648
47.28140122,254983.1369,4208451.244,3787.654053
47.31495386,254983.1094,4208451.224,3787.662109
47.34850649,254983.082,4208451.205,3787.678955
47.38205913,254983.0545,4208451.186,3787.696045
47.41561176,254983.0271,4208451.166,3787.705566
47.44916439,254982.9997,4208451.147,3787.722168
47.48271703,254982.9722,4208451.128,3787.740479
47.51626966,254982.9448,4208451.109,3787.758301
47.5498223,254982.9173,4208451.089,3787.769043
47.58337493,254982.8899,4208451.07,3787.788574
47.61692757,254982.8625,4208451.051,3787.805908
47.6504802,254982.835,4208451.031,3787.814697
47.68403284,254982.8076,4208451.012,3787.828857
47.71758547,254982.7801,4208450.993,3787.842041
47.75113811,254982.7527,4208450.973,3787.848633
47.78469074,254982.7253,4208450.954,3787.860107
47.81824337,254982.6978,4208450.935,3787.869873
47.85179601,254982.6704,4208450.915,3787.878418
47.88534864,254982.6429,4208450.896,3787.882324
47.91890128,254982.6155,4208450.877,3787.88916
47.95245391,254982.5881,4208450.858,3787.895752
47.98600655,254982.5606,4208450.838,3787.898682
48.01955918,254982.5332,4208450.819,3787.905273
48.05311182,254982.5057,4208450.8,3787.911377
48.08666445,254982.4783,4208450.78,3787.918457
48.12021709,254982.4509,4208450.761,3787.922119
48.15376972,254982.4234,4208450.742,3787.929932
48.18732236,254982.396,4208450.722,3787.938965
48.22087499,254982.3685,4208450.703,3787.94458
48.25442762,254982.3411,4208450.684,3787.957275
48.28798026,254982.3137,4208450.664,3787.980225
48.32153289,254982.2862,4208450.645,3787.988037
48.35508553,254982.2588,4208450.626,3788.002197
48.38863816,254982.2313,4208450.606,3788.015137
48.4221908,254982.2039,4208450.587,3788.027588
48.45574343,254982.1765,4208450.568,3788.033447
48.48929607,254982.149,4208450.549,3788.044922
48.5228487,254982.1216,4208450.529,3788.057617
48.55640134,254982.0941,4208450.51,3788.061279
48.58995397,254982.0667,4208450.491,3788.074219
48.6235066,254982.0393,4208450.471,3788.087646
48.65705924,254982.0118,4208450.452,3788.099365
48.69061187,254981.9844,4208450.433,3788.105713
48.72416451,254981.957,4208450.413,3788.119873
48.75771714,254981.9295,4208450.394,3788.133789
48.79126978,254981.9021,4208450.375,3788.140137
48.82482241,254981.8746,4208450.355,3788.151367
48.85837505,254981.8472,4208450.336,3788.164795
48.89192768,254981.8198,4208450.317,3788.171387
48.92548032,254981.7923,4208450.298,3788.187256
48.95903295,254981.7649,4208450.278,3788.205811
48.99258558,254981.7374,4208450.259,3788.223389
49.02613822,254981.71,4208450.24,3788.233887
49.05969085,254981.6826,4208450.22,3788.252197
49.09324349,254981.6551,4208450.201,3788.270752
49.12679612,254981.6277,4208450.182,3788.277344
49.16034876,254981.6002,4208450.162,3788.289307
49.19390139,254981.5728,4208450.143,3788.300537
49.22745403,254981.5454,4208450.124,3788.309326
49.26100666,254981.5179,4208450.104,3788.314209
49.2945593,254981.4905,4208450.085,3788.322998
49.32811193,254981.463,4208450.066,3788.331055
49.36166456,254981.4356,4208450.047,3788.335938
49.3952172,254981.4082,4208450.027,3788.345703
49.42876983,254981.3807,4208450.008,3788.356689
49.46232247,254981.3533,4208449.989,3788.362305
49.4958751,254981.3258,4208449.969,3788.372803
49.52942774,254981.2984,4208449.95,3788.383301
49.56298037,254981.271,4208449.931,3788.393066
49.59653301,254981.2435,4208449.911,3788.398926
49.63008564,254981.2161,4208449.892,3788.407715
49.66363828,254981.1886,4208449.873,3788.415771
49.69719091,254981.1612,4208449.853,3788.419922
49.73074355,254981.1338,4208449.834,3788.42749
49.76429618,254981.1063,4208449.815,3788.435059
49.79784881,254981.0789,4208449.795,3788.443359
49.83140145,254981.0514,4208449.776,3788.44751
49.86495408,254981.024,4208449.757,3788.456055
49.89850672,254980.9966,4208449.738,3788.464844
49.93205935,254980.9691,4208449.718,3788.470459
49.96561199,254980.9417,4208449.699,3788.479492
49.99916462,254980.9142,4208449.68,3788.488525
50.03271726,254980.8868,4208449.66,3788.494141
50.06626989,254980.8594,4208449.641,3788.504883
50.09982253,254980.8319,4208449.622,3788.514893
50.13337516,254980.8045,4208449.602,3788.524658
50.16692779,254980.7771,4208449.583,3788.53125
50.20048043,254980.7496,4208449.564,3788.540283
50.23403306,254980.7222,4208449.544,3788.54834
50.2675857,254980.6947,4208449.525,3788.552979
50.30113833,254980.6673,4208449.506,3788.561768
50.33469097,254980.6399,4208449.487,3788.570313
50.3682436,254980.6124,4208449.467,3788.575195
50.40179624,254980.585,4208449.448,3788.585205
50.43534887,254980.5575,4208449.429,3788.595947
50.46890151,254980.5301,4208449.409,3788.60791
50.50245414,254980.5027,4208449.39,3788.615723
50.53600677,254980.4752,4208449.371,3788.629395
50.56955941,254980.4478,4208449.351,3788.640869
50.60311204,254980.4203,4208449.332,3788.647461
50.63666468,254980.3929,4208449.313,3788.657959
50.67021731,254980.3655,4208449.293,3788.66748
50.70376995,254980.338,4208449.274,3788.67627
50.73732258,254980.3106,4208449.255,3788.680176
50.77087522,254980.2831,4208449.236,3788.688965
50.80442785,254980.2557,4208449.216,3788.697266
50.83798049,254980.2283,4208449.197,3788.701172
50.87153312,254980.2008,4208449.178,3788.710205
50.90508576,254980.1734,4208449.158,3788.719727
50.93863839,254980.1459,4208449.139,3788.723633
50.97219102,254980.1185,4208449.12,3788.731689
51.00574366,254980.0911,4208449.1,3788.739746
51.03929629,254980.0636,4208449.081,3788.74707
51.07284893,254980.0362,4208449.062,3788.749512
51.10640156,254980.0087,4208449.042,3788.756348
51.1399542,254979.9813,4208449.023,3788.762451
51.17350683,254979.9539,4208449.004,3788.764404
51.20705947,254979.9264,4208448.984,3788.77124
51.2406121,254979.899,4208448.965,3788.778076
51.27416474,254979.8715,4208448.946,3788.784668
51.30771737,254979.8441,4208448.927,3788.787598
51.34127,254979.8167,4208448.907,3788.795654
51.37482264,254979.7892,4208448.888,3788.804932
51.40837527,254979.7618,4208448.869,3788.80835
51.44192791,254979.7343,4208448.849,3788.820557
51.47548054,254979.7069,4208448.83,3788.833496
51.50903318,254979.6795,4208448.811,3788.837646
51.54258581,254979.652,4208448.791,3788.849365
51.57613845,254979.6246,4208448.772,3788.862305
51.60969108,254979.5971,4208448.753,3788.873535
51.64324372,254979.5697,4208448.733,3788.877197
51.67679635,254979.5423,4208448.714,3788.887695
51.71034898,254979.5148,4208448.695,3788.897705
51.74390162,254979.4874,4208448.676,3788.901367
51.77745425,254979.46,4208448.656,3788.912598
51.81100689,254979.4325,4208448.637,3788.923828
51.84455952,254979.4051,4208448.618,3788.936768
51.87811216,254979.3776,4208448.598,3788.940918
51.91166479,254979.3502,4208448.579,3788.952637
51.94521743,254979.3228,4208448.56,3788.964355
51.97877006,254979.2953,4208448.54,3788.969482
52.0123227,254979.2679,4208448.521,3788.980469
52.04587533,254979.2404,4208448.502,3788.992676
52.07942796,254979.213,4208448.482,3788.996338
52.1129806,254979.1856,4208448.463,3789.006836
52.14653323,254979.1581,4208448.444,3789.017578
52.18008587,254979.1307,4208448.425,3789.027588
52.2136385,254979.1032,4208448.405,3789.030273
52.24719114,254979.0758,4208448.386,3789.039795
52.28074377,254979.0484,4208448.367,3789.048828
52.31429641,254979.0209,4208448.347,3789.052246
52.34784904,254978.9935,4208448.328,3789.061768
52.38140168,254978.966,4208448.309,3789.072266
52.41495431,254978.9386,4208448.289,3789.083496
52.44850695,254978.9112,4208448.27,3789.08667
52.48205958,254978.8837,4208448.251,3789.098389
52.51561221,254978.8563,4208448.231,3789.108643
52.54916485,254978.8288,4208448.212,3789.111328
52.58271748,254978.8014,4208448.193,3789.121338
52.61627012,254978.774,4208448.174,3789.128662
52.64982275,254978.7465,4208448.154,3789.131836
52.68337539,254978.7191,4208448.135,3789.140625
52.71692802,254978.6916,4208448.116,3789.147461
52.75048066,254978.6642,4208448.096,3789.156494
52.78403329,254978.6368,4208448.077,3789.159912
52.81758593,254978.6093,4208448.058,3789.168945
52.85113856,254978.5819,4208448.038,3789.176758
52.88469119,254978.5544,4208448.019,3789.179199
52.91824383,254978.527,4208448,3789.185547
52.95179646,254978.4996,4208447.98,3789.190186
52.9853491,254978.4721,4208447.961,3789.194092
53.01890173,254978.4447,4208447.942,3789.196289
53.05245437,254978.4172,4208447.922,3789.199707
53.086007,254978.3898,4208447.903,3789.203857
53.11955964,254978.3624,4208447.884,3789.206299
53.15311227,254978.3349,4208447.865,3789.210449
53.18666491,254978.3075,4208447.845,3789.215332
53.22021754,254978.2801,4208447.826,3789.218506
53.25377017,254978.2526,4208447.807,3789.223877
53.28732281,254978.2252,4208447.787,3789.229004
53.32087544,254978.1977,4208447.768,3789.234131
53.35442808,254978.1703,4208447.749,3789.238037
53.38798071,254978.1429,4208447.729,3789.243896
53.42153335,254978.1154,4208447.71,3789.249023
53.45508598,254978.088,4208447.691,3789.253662
53.48863862,254978.0605,4208447.671,3789.258789
53.52219125,254978.0331,4208447.652,3789.264404
53.55574389,254978.0057,4208447.633,3789.270264
53.58929652,254977.9782,4208447.614,3789.274658
53.62284916,254977.9508,4208447.594,3789.280762
53.65640179,254977.9233,4208447.575,3789.28833
53.68995442,254977.8959,4208447.556,3789.292236
53.72350706,254977.8685,4208447.536,3789.301025
53.75705969,254977.841,4208447.517,3789.308594
53.79061233,254977.8136,4208447.498,3789.313721
53.82416496,254977.7861,4208447.478,3789.322021
53.8577176,254977.7587,4208447.459,3789.329102
53.89127023,254977.7313,4208447.44,3789.335449
53.92482287,254977.7038,4208447.42,3789.337646
53.9583755,254977.6764,4208447.401,3789.343018
53.99192814,254977.6489,4208447.382,3789.3479
54.02548077,254977.6215,4208447.363,3789.349854
54.0590334,254977.5941,4208447.343,3789.35498
54.09258604,254977.5666,4208447.324,3789.36084
54.12613867,254977.5392,4208447.305,3789.365967
54.15969131,254977.5117,4208447.285,3789.369385
54.19324394,254977.4843,4208447.266,3789.377686
54.22679658,254977.4569,4208447.247,3789.386475
54.26034921,254977.4294,4208447.227,3789.391846
54.29390185,254977.402,4208447.208,3789.405762
54.326456,254977.3746,4208447.19,3789.419678
54.35901016,254977.3471,4208447.173,3789.427246
54.39156432,254977.3197,4208447.155,3789.442383
54.42411848,254977.2923,4208447.138,3789.456299
54.45667263,254977.2649,4208447.12,3789.462646
54.48922679,254977.2375,4208447.103,3789.473389
54.52178095,254977.21,4208447.085,3789.484619
54.5543351,254977.1826,4208447.068,3789.488525
54.58688926,254977.1552,4208447.05,3789.49707
54.61944342,254977.1278,4208447.033,3789.501221
54.65199758,254977.1004,4208447.015,3789.510498
54.68455173,254977.073,4208446.997,3789.519775
54.71710589,254977.0455,4208446.98,3789.522705
54.74966005,254977.0181,4208446.962,3789.532715
54.7822142,254976.9907,4208446.945,3789.542236
54.81476836,254976.9633,4208446.927,3789.546875
54.84732252,254976.9359,4208446.91,3789.557373
54.87987668,254976.9084,4208446.892,3789.568848
54.91243083,254976.881,4208446.875,3789.575195
54.94498499,254976.8536,4208446.857,3789.588867
54.97753915,254976.8262,4208446.84,3789.602051
55.0100933,254976.7988,4208446.822,3789.610352
55.04264746,254976.7713,4208446.804,3789.624268
55.07520162,254976.7439,4208446.787,3789.63208
55.10775578,254976.7165,4208446.769,3789.646973
55.14030993,254976.6891,4208446.752,3789.662354
55.17286409,254976.6617,4208446.734,3789.671631
55.20541825,254976.6342,4208446.717,3789.687256
55.23797241,254976.6068,4208446.699,3789.703369
55.27052656,254976.5794,4208446.682,3789.711914
55.30308072,254976.552,4208446.664,3789.728271
55.33563488,254976.5246,4208446.646,3789.743896
55.36818903,254976.4971,4208446.629,3789.75415
55.40074319,254976.4697,4208446.611,3789.769043
55.43329735,254976.4423,4208446.594,3789.77832
55.46585151,254976.4149,4208446.576,3789.794922
55.49840566,254976.3875,4208446.559,3789.811523
55.53095982,254976.36,4208446.541,3789.821289
55.56351398,254976.3326,4208446.524,3789.837646
55.59606813,254976.3052,4208446.506,3789.854004
55.62862229,254976.2778,4208446.489,3789.86377
55.66117645,254976.2504,4208446.471,3789.878418
55.69373061,254976.2229,4208446.453,3789.892822
55.72628476,254976.1955,4208446.436,3789.901123
55.75883892,254976.1681,4208446.418,3789.916016
55.79139308,254976.1407,4208446.401,3789.93042
55.82394723,254976.1133,4208446.383,3789.939209
55.85650139,254976.0859,4208446.366,3789.952881
55.88905555,254976.0584,4208446.348,3789.960693
55.92160971,254976.031,4208446.331,3789.974609
55.95416386,254976.0036,4208446.313,3789.986816
55.98671802,254975.9762,4208446.296,3789.99292
56.01927218,254975.9488,4208446.278,3790.005371
56.05182633,254975.9213,4208446.26,3790.017334
56.08438049,254975.8939,4208446.243,3790.023438
56.11693465,254975.8665,4208446.225,3790.036133
56.14948881,254975.8391,4208446.208,3790.049805
56.18204296,254975.8117,4208446.19,3790.05957
56.21459712,254975.7842,4208446.173,3790.073486
56.24715128,254975.7568,4208446.155,3790.087891
56.27970544,254975.7294,4208446.138,3790.097168
56.31225959,254975.702,4208446.12,3790.111084
56.34481375,254975.6746,4208446.102,3790.119385
56.37736791,254975.6471,4208446.085,3790.134033
56.40992206,254975.6197,4208446.067,3790.146484
56.44247622,254975.5923,4208446.05,3790.155029
56.47503038,254975.5649,4208446.032,3790.167236
56.50758454,254975.5375,4208446.015,3790.179443
56.54013869,254975.51,4208445.997,3790.188477
56.57269285,254975.4826,4208445.98,3790.201172
56.60524701,254975.4552,4208445.962,3790.212646
56.63780116,254975.4278,4208445.945,3790.222412
56.67035532,254975.4004,4208445.927,3790.232178
56.70290948,254975.3729,4208445.909,3790.241943
56.73546364,254975.3455,4208445.892,3790.253418
56.76801779,254975.3181,4208445.874,3790.261719
56.80057195,254975.2907,4208445.857,3790.272461
56.83312611,254975.2633,4208445.839,3790.280029
56.86568026,254975.2358,4208445.822,3790.287598
56.89823442,254975.2084,4208445.804,3790.296143
56.93078858,254975.181,4208445.787,3790.306641
56.96334274,254975.1536,4208445.769,3790.31665
56.99589689,254975.1262,4208445.752,3790.328369
57.02845105,254975.0988,4208445.734,3790.3396
57.06100521,254975.0713,4208445.716,3790.350586
57.09355937,254975.0439,4208445.699,3790.363525
57.12611352,254975.0165,4208445.681,3790.377441
57.15866768,254974.9891,4208445.664,3790.388916
57.19122184,254974.9617,4208445.646,3790.398682
57.22377599,254974.9342,4208445.629,3790.40918
57.25633015,254974.9068,4208445.611,3790.418457
57.28888431,254974.8794,4208445.594,3790.428711
57.32143847,254974.852,4208445.576,3790.438965
57.35399262,254974.8246,4208445.558,3790.445801
57.38654678,254974.7971,4208445.541,3790.453369
57.41910094,254974.7697,4208445.523,3790.459961
57.45165509,254974.7423,4208445.506,3790.463867
57.48420925,254974.7149,4208445.488,3790.469238
57.51676341,254974.6875,4208445.471,3790.476318
57.54931757,254974.66,4208445.453,3790.482666
57.58187172,254974.6326,4208445.436,3790.495605
57.61442588,254974.6052,4208445.418,3790.502686
57.64698004,254974.5778,4208445.401,3790.517334
57.67953419,254974.5504,4208445.383,3790.536133
57.71208835,254974.5229,4208445.365,3790.543945
57.74464251,254974.4955,4208445.348,3790.561035
57.77719667,254974.4681,4208445.33,3790.579102
57.80975082,254974.4407,4208445.313,3790.588623
57.84230498,254974.4133,4208445.295,3790.609131
57.87485914,254974.3858,4208445.278,3790.633057
57.9074133,254974.3584,4208445.26,3790.647949
57.93996745,254974.331,4208445.243,3790.67627
57.97252161,254974.3036,4208445.225,3790.695557
58.00507577,254974.2762,4208445.208,3790.731201
58.03762992,254974.2487,4208445.19,3790.763916
58.07018408,254974.2213,4208445.172,3790.785156
58.10273824,254974.1939,4208445.155,3790.814453
58.1352924,254974.1665,4208445.137,3790.844238
58.16784655,254974.1391,4208445.12,3790.862305
58.20040071,254974.1117,4208445.102,3790.884766
58.23295487,254974.0842,4208445.085,3790.908936
58.26550902,254974.0568,4208445.067,3790.92627
58.29806318,254974.0294,4208445.05,3790.948486
58.33061734,254974.002,4208445.032,3790.975586
58.3631715,254973.9746,4208445.014,3790.995361
58.39572565,254973.9471,4208444.997,3791.021484
58.42827981,254973.9197,4208444.979,3791.041016
58.46083397,254973.8923,4208444.962,3791.067383
58.49338812,254973.8649,4208444.944,3791.091309
58.52594228,254973.8375,4208444.927,3791.108887
58.55849644,254973.81,4208444.909,3791.126953
58.5910506,254973.7826,4208444.892,3791.144775
58.62360475,254973.7552,4208444.874,3791.157959
58.65615891,254973.7278,4208444.857,3791.170654
58.68871307,254973.7004,4208444.839,3791.185059
58.72126722,254973.6729,4208444.821,3791.195068
58.75382138,254973.6455,4208444.804,3791.209229
58.78637554,254973.6181,4208444.786,3791.222656
58.8189297,254973.5907,4208444.769,3791.233398
58.85148385,254973.5633,4208444.751,3791.245361
58.88403801,254973.5358,4208444.734,3791.256104
58.91659217,254973.5084,4208444.716,3791.26709
58.94914633,254973.481,4208444.699,3791.27832
58.98170048,254973.4536,4208444.681,3791.287598
59.01425464,254973.4262,4208444.664,3791.300049
59.0468088,254973.3987,4208444.646,3791.313965
59.07936295,254973.3713,4208444.628,3791.32373
59.11191711,254973.3439,4208444.611,3791.339111
59.14447127,254973.3165,4208444.593,3791.353516
59.17702543,254973.2891,4208444.576,3791.365723
59.20957958,254973.2616,4208444.558,3791.381104
59.24213374,254973.2342,4208444.541,3791.394043
59.2746879,254973.2068,4208444.523,3791.411377
59.30724205,254973.1794,4208444.506,3791.428467
59.33979621,254973.152,4208444.488,3791.443115
59.37235037,254973.1246,4208444.47,3791.462891
59.40490453,254973.0971,4208444.453,3791.48291
59.43745868,254973.0697,4208444.435,3791.497559
59.47001284,254973.0423,4208444.418,3791.517822
59.502567,254973.0149,4208444.4,3791.539063
59.53512115,254972.9875,4208444.383,3791.555908
59.56767531,254972.96,4208444.365,3791.580322
59.60022947,254972.9326,4208444.348,3791.603516
59.63278363,254972.9052,4208444.33,3791.62085
59.66533778,254972.8778,4208444.313,3791.642822
59.69789194,254972.8504,4208444.295,3791.657227
59.7304461,254972.8229,4208444.277,3791.678223
59.76300026,254972.7955,4208444.26,3791.697754
59.79555441,254972.7681,4208444.242,3791.709473
59.82810857,254972.7407,4208444.225,3791.727295
59.86066273,254972.7133,4208444.207,3791.743896
59.89321688,254972.6858,4208444.19,3791.753906
59.92577104,254972.6584,4208444.172,3791.769043
59.9583252,254972.631,4208444.155,3791.782715
59.99087936,254972.6036,4208444.137,3791.793213
60.02343351,254972.5762,4208444.12,3791.809082
60.05598767,254972.5487,4208444.102,3791.825928
60.08854183,254972.5213,4208444.084,3791.84082
60.12109598,254972.4939,4208444.067,3791.858398
60.15365014,254972.4665,4208444.049,3791.871582
60.1862043,254972.4391,4208444.032,3791.887451
60.21875846,254972.4116,4208444.014,3791.906006
60.25131261,254972.3842,4208443.997,3791.919678
60.28386677,254972.3568,4208443.979,3791.938477
60.31642093,254972.3294,4208443.962,3791.957764
60.34897508,254972.302,4208443.944,3791.970459
60.38152924,254972.2745,4208443.926,3791.990723
60.4140834,254972.2471,4208443.909,3792.010742
60.44663756,254972.2197,4208443.891,3792.025879
60.47919171,254972.1923,4208443.874,3792.045898
60.51174587,254972.1649,4208443.856,3792.068848
60.54430003,254972.1375,4208443.839,3792.08374
60.57685418,254972.11,4208443.821,3792.105957
60.60940834,254972.0826,4208443.804,3792.120117
60.6419625,254972.0552,4208443.786,3792.138916
60.67451666,254972.0278,4208443.769,3792.153564
60.70707081,254972.0004,4208443.751,3792.161377
60.73962497,254971.9729,4208443.733,3792.172607
60.77217913,254971.9455,4208443.716,3792.183594
60.80473329,254971.9181,4208443.698,3792.190186
60.83728744,254971.8907,4208443.681,3792.200195
60.8698416,254971.8633,4208443.663,3792.210449
60.90239576,254971.8358,4208443.646,3792.216309
60.93494991,254971.8084,4208443.628,3792.228271
60.96750407,254971.781,4208443.611,3792.233887
61.00005823,254971.7536,4208443.593,3792.243408
61.03261239,254971.7262,4208443.576,3792.253174
61.06516654,254971.6987,4208443.558,3792.259277
61.0977207,254971.6713,4208443.54,3792.268799
61.13027486,254971.6439,4208443.523,3792.277832
61.16282901,254971.6165,4208443.505,3792.283691
61.19538317,254971.5891,4208443.488,3792.295654
61.22793733,254971.5616,4208443.47,3792.309082
61.26049149,254971.5342,4208443.453,3792.31665
61.29304564,254971.5068,4208443.435,3792.332275
61.3255998,254971.4794,4208443.418,3792.349609
61.35815396,254971.452,4208443.4,3792.357422
61.39070811,254971.4245,4208443.382,3792.375732
61.42326227,254971.3971,4208443.365,3792.38208
61.45581643,254971.3697,4208443.347,3792.395752
61.48837059,254971.3423,4208443.33,3792.410645
61.52092474,254971.3149,4208443.312,3792.414795
61.5534789,254971.2875,4208443.295,3792.427734
61.58603306,254971.26,4208443.277,3792.443604
61.61858722,254971.2326,4208443.26,3792.448486
61.65114137,254971.2052,4208443.242,3792.465576
61.68369553,254971.1778,4208443.225,3792.485352
61.71624969,254971.1504,4208443.207,3792.490967
61.74880384,254971.1229,4208443.189,3792.512695
61.781358,254971.0955,4208443.172,3792.538818
61.81391216,254971.0681,4208443.154,3792.547363
61.84646632,254971.0407,4208443.137,3792.571777
61.87902047,254971.0133,4208443.119,3792.582764
61.91157463,254970.9858,4208443.102,3792.609863
61.94412879,254970.9584,4208443.084,3792.637207
61.97668294,254970.931,4208443.067,3792.645996
62.0092371,254970.9036,4208443.049,3792.674805
62.04179126,254970.8762,4208443.032,3792.706055
62.07434542,254970.8487,4208443.014,3792.717041
62.10689957,254970.8213,4208442.996,3792.746338
62.13945373,254970.7939,4208442.979,3792.774902
62.17200789,254970.7665,4208442.961,3792.78833
62.20456204,254970.7391,4208442.944,3792.815186
62.2371162,254970.7116,4208442.926,3792.828369
62.26967036,254970.6842,4208442.909,3792.854736
62.30222452,254970.6568,4208442.891,3792.88208
62.33477867,254970.6294,4208442.874,3792.891846
62.36733283,254970.602,4208442.856,3792.916504
62.39988699,254970.5745,4208442.838,3792.939941
62.43244115,254970.5471,4208442.821,3792.952393
62.4649953,254970.5197,4208442.803,3792.981201
62.49754946,254970.4923,4208442.786,3793.007568
62.53010362,254970.4649,4208442.768,3793.019775
62.56265777,254970.4374,4208442.751,3793.047119
62.59521193,254970.41,4208442.733,3793.073242
62.62776609,254970.3826,4208442.716,3793.08667
62.66032025,254970.3552,4208442.698,3793.11084
62.6928744,254970.3278,4208442.681,3793.122559
62.72542856,254970.3004,4208442.663,3793.144531
62.75798272,254970.2729,4208442.645,3793.166748
62.79053687,254970.2455,4208442.628,3793.177734
62.82309103,254970.2181,4208442.61,3793.202637
62.85564519,254970.1907,4208442.593,3793.225586
62.88819935,254970.1633,4208442.575,3793.238525
62.9207535,254970.1358,4208442.558,3793.264404
62.95330766,254970.1084,4208442.54,3793.286377
62.98586182,254970.081,4208442.523,3793.298828
63.01841597,254970.0536,4208442.505,3793.31958
63.05097013,254970.0262,4208442.488,3793.338379
63.08352429,254969.9987,4208442.47,3793.347168
63.11607845,254969.9713,4208442.452,3793.363525
63.1486326,254969.9439,4208442.435,3793.371094
63.18118676,254969.9165,4208442.417,3793.38623
63.21374092,254969.8891,4208442.4,3793.400635
63.24629507,254969.8616,4208442.382,3793.407959
63.27884923,254969.8342,4208442.365,3793.422607
63.31140339,254969.8068,4208442.347,3793.437988
63.34395755,254969.7794,4208442.33,3793.445557
63.3765117,254969.752,4208442.312,3793.45752
63.40906586,254969.7245,4208442.294,3793.468994
63.44162002,254969.6971,4208442.277,3793.475586
63.47417418,254969.6697,4208442.259,3793.484619
63.50672833,254969.6423,4208442.242,3793.491455
63.53928249,254969.6149,4208442.224,3793.501221
63.57183665,254969.5874,4208442.207,3793.510498
63.6043908,254969.56,4208442.189,3793.51709
63.63694496,254969.5326,4208442.172,3793.526123
63.66949912,254969.5052,4208442.154,3793.534424
63.70205328,254969.4778,4208442.137,3793.540527
63.73460743,254969.4503,4208442.119,3793.549561
63.76716159,254969.4229,4208442.101,3793.55835
63.79971575,254969.3955,4208442.084,3793.563232
63.8322699,254969.3681,4208442.066,3793.572021
63.86482406,254969.3407,4208442.049,3793.580078
63.89737822,254969.3133,4208442.031,3793.584473
63.92993238,254969.2858,4208442.014,3793.592773
63.96248653,254969.2584,4208441.996,3793.597656
63.99504069,254969.231,4208441.979,3793.605469
64.02759485,254969.2036,4208441.961,3793.614258
64.060149,254969.1762,4208441.944,3793.621094
64.09270316,254969.1487,4208441.926,3793.631104
64.12525732,254969.1213,4208441.908,3793.652344
64.15781148,254969.0939,4208441.891,3793.663086
64.1952198,254969.0665,4208441.865,3793.679199
64.23262813,254969.0391,4208441.84,3793.695313
64.27003646,254969.0118,4208441.814,3793.711182
64.30744479,254968.9844,4208441.789,3793.726318
64.34485311,254968.957,4208441.763,3793.740479
64.38226144,254968.9296,4208441.738,3793.753418
64.41966977,254968.9022,4208441.712,3793.764648
64.4570781,254968.8749,4208441.687,3793.776367
64.49448643,254968.8475,4208441.661,3793.786133
64.53189475,254968.8201,4208441.636,3793.794434
64.56930308,254968.7927,4208441.61,3793.802734
64.60671141,254968.7653,4208441.585,3793.808594
64.64411974,254968.738,4208441.559,3793.816406
64.68152806,254968.7106,4208441.534,3793.82373
64.71893639,254968.6832,4208441.509,3793.831543
64.75634472,254968.6558,4208441.483,3793.8396
64.79375305,254968.6285,4208441.458,3793.849365
64.83116137,254968.6011,4208441.432,3793.860596
64.8685697,254968.5737,4208441.407,3793.873047
64.90597803,254968.5463,4208441.381,3793.887939
64.94338636,254968.5189,4208441.356,3793.90332
64.98079468,254968.4916,4208441.33,3793.92041
65.01820301,254968.4642,4208441.305,3793.939209
65.05561134,254968.4368,4208441.279,3793.958496
65.09301967,254968.4094,4208441.254,3793.976563
65.13042799,254968.382,4208441.228,3793.999512
65.16783632,254968.3547,4208441.203,3794.01001
65.20524465,254968.3273,4208441.177,3794.029297
65.24265298,254968.2999,4208441.152,3794.051514
65.28006131,254968.2725,4208441.126,3794.072266
65.31746963,254968.2451,4208441.101,3794.090088
65.35487796,254968.2178,4208441.075,3794.109131
65.39228629,254968.1904,4208441.05,3794.125732
65.42969462,254968.163,4208441.024,3794.142822
65.46710294,254968.1356,4208440.999,3794.157959
65.50451127,254968.1083,4208440.973,3794.176514
65.5419196,254968.0809,4208440.948,3794.19458
65.57932793,254968.0535,4208440.922,3794.213379
65.61673625,254968.0261,4208440.897,3794.233154
65.65414458,254967.9987,4208440.871,3794.249756
65.69155291,254967.9714,4208440.846,3794.256836
65.72896124,254967.944,4208440.82,3794.275391
65.76636956,254967.9166,4208440.795,3794.293457
65.80377789,254967.8892,4208440.769,3794.313232
65.84118622,254967.8618,4208440.744,3794.330322
65.87859455,254967.8345,4208440.718,3794.354004
65.91600288,254967.8071,4208440.693,3794.378662
65.9534112,254967.7797,4208440.667,3794.406006
65.99081953,254967.7523,4208440.642,3794.434814
66.02822786,254967.7249,4208440.616,3794.46582
66.06563619,254967.6976,4208440.591,3794.497559
66.10304451,254967.6702,4208440.565,3794.529541
66.14045284,254967.6428,4208440.54,3794.555664
66.17786117,254967.6154,4208440.514,3794.578613
66.2152695,254967.5881,4208440.489,3794.598389
66.25267782,254967.5607,4208440.463,3794.605713
66.29008615,254967.5333,4208440.438,3794.626465
66.32749448,254967.5059,4208440.412,3794.647461
66.36490281,254967.4785,4208440.387,3794.669922
66.40231113,254967.4512,4208440.361,3794.696533
66.43971946,254967.4238,4208440.336,3794.727783
66.47712779,254967.3964,4208440.31,3794.758545
66.51453612,254967.369,4208440.285,3794.787598
66.55194445,254967.3416,4208440.259,3794.812744
66.58935277,254967.3143,4208440.234,3794.834717
66.6267611,254967.2869,4208440.208,3794.85376
66.66416943,254967.2595,4208440.183,3794.87207
66.70157776,254967.2321,4208440.157,3794.887451
66.73898608,254967.2047,4208440.132,3794.905273
66.77639441,254967.1774,4208440.107,3794.925293
66.81380274,254967.15,4208440.081,3794.934814
66.85121107,254967.1226,4208440.056,3794.956787
66.88861939,254967.0952,4208440.03,3794.982422
66.92602772,254967.0679,4208440.005,3795.00708
66.96343605,254967.0405,4208439.979,3795.031982
67.00084438,254967.0131,4208439.954,3795.054443
67.0382527,254966.9857,4208439.928,3795.07251
67.07566103,254966.9583,4208439.903,3795.092773
67.11306936,254966.931,4208439.877,3795.114014
67.15047769,254966.9036,4208439.852,3795.133057
67.18788602,254966.8762,4208439.826,3795.155273
67.22529434,254966.8488,4208439.801,3795.175537
67.26270267,254966.8214,4208439.775,3795.195068
67.300111,254966.7941,4208439.75,3795.213867
67.33751933,254966.7667,4208439.724,3795.222412
67.37492765,254966.7393,4208439.699,3795.240967
67.41233598,254966.7119,4208439.673,3795.26001
67.44974431,254966.6845,4208439.648,3795.281738
67.48715264,254966.6572,4208439.622,3795.304199
67.52456096,254966.6298,4208439.597,3795.329346
67.56196929,254966.6024,4208439.571,3795.354492
67.59937762,254966.575,4208439.546,3795.381348
67.63678595,254966.5477,4208439.52,3795.407227
67.67419427,254966.5203,4208439.495,3795.429932
67.7116026,254966.4929,4208439.469,3795.447998
67.74901093,254966.4655,4208439.444,3795.462402
67.78641926,254966.4381,4208439.418,3795.474121
67.82382758,254966.4108,4208439.393,3795.486572
67.86123591,254966.3834,4208439.367,3795.49707
67.89864424,254966.356,4208439.342,3795.503174
67.93605257,254966.3286,4208439.316,3795.512939
67.9734609,254966.3012,4208439.291,3795.52124
68.01086922,254966.2739,4208439.265,3795.529541
68.04827755,254966.2465,4208439.24,3795.538086
68.08568588,254966.2191,4208439.214,3795.546875
68.12309421,254966.1917,4208439.189,3795.555908
68.16050253,254966.1643,4208439.163,3795.564941
68.19791086,254966.137,4208439.138,3795.573486
68.23531919,254966.1096,4208439.112,3795.582031
68.27272752,254966.0822,4208439.087,3795.589111
68.31013584,254966.0548,4208439.061,3795.596436
68.34754417,254966.0275,4208439.036,3795.604736
68.3849525,254966.0001,4208439.01,3795.612793
68.42236083,254965.9727,4208438.985,3795.61792
68.45976915,254965.9453,4208438.959,3795.628174
68.49717748,254965.9179,4208438.934,3795.639648
68.53458581,254965.8906,4208438.908,3795.649902
68.57199414,254965.8632,4208438.883,3795.660645
68.60940247,254965.8358,4208438.857,3795.670898
68.64681079,254965.8084,4208438.832,3795.679932
68.68421912,254965.781,4208438.806,3795.689453
68.72162745,254965.7537,4208438.781,3795.698486
68.75903578,254965.7263,4208438.756,3795.708252
68.7964441,254965.6989,4208438.73,3795.718994
68.83385243,254965.6715,4208438.705,3795.72998
68.87126076,254965.6442,4208438.679,3795.741211
68.90866909,254965.6168,4208438.654,3795.75293
68.94607741,254965.5894,4208438.628,3795.763672
68.98348574,254965.562,4208438.603,3795.769287
69.02089407,254965.5346,4208438.577,3795.780518
69.0583024,254965.5073,4208438.552,3795.790527
69.09571072,254965.4799,4208438.526,3795.801514
69.13311905,254965.4525,4208438.501,3795.812012
69.17052738,254965.4251,4208438.475,3795.824219
69.20793571,254965.3977,4208438.45,3795.837646
69.24534404,254965.3704,4208438.424,3795.851563
69.28275236,254965.343,4208438.399,3795.867188
69.32016069,254965.3156,4208438.373,3795.882813
69.35756902,254965.2882,4208438.348,3795.900146
69.39497735,254965.2608,4208438.322,3795.914795
69.43238567,254965.2335,4208438.297,3795.929688
69.469794,254965.2061,4208438.271,3795.944092
69.50720233,254965.1787,4208438.246,3795.950684
69.54461066,254965.1513,4208438.22,3795.966064
69.58201898,254965.124,4208438.195,3795.980957
69.61942731,254965.0966,4208438.169,3795.998535
69.65683564,254965.0692,4208438.144,3796.018555
69.69424397,254965.0418,4208438.118,3796.041748
69.73165229,254965.0144,4208438.093,3796.062012
69.76906062,254964.9871,4208438.067,3796.083008
69.80646895,254964.9597,4208438.042,3796.101318
69.84387728,254964.9323,4208438.016,3796.118408
69.88128561,254964.9049,4208437.991,3796.133789
69.91869393,254964.8775,4208437.965,3796.148926
69.95610226,254964.8502,4208437.94,3796.162354
69.99351059,254964.8228,4208437.914,3796.17749
70.03091892,254964.7954,4208437.889,3796.192627
70.06832724,254964.768,4208437.863,3796.199707
70.10573557,254964.7406,4208437.838,3796.213867
70.1431439,254964.7133,4208437.812,3796.227783
70.18055223,254964.6859,4208437.787,3796.241943
70.21796055,254964.6585,4208437.761,3796.254395
70.25536888,254964.6311,4208437.736,3796.266602
70.29277721,254964.6038,4208437.71,3796.279053
70.33018554,254964.5764,4208437.685,3796.291992
70.36759386,254964.549,4208437.659,3796.30542
70.40500219,254964.5216,4208437.634,3796.318115
70.44241052,254964.4942,4208437.608,3796.334229
70.47981885,254964.4669,4208437.583,3796.350342
70.51722717,254964.4395,4208437.557,3796.368164
70.5546355,254964.4121,4208437.532,3796.385986
70.59204383,254964.3847,4208437.506,3796.406738
70.62945216,254964.3573,4208437.481,3796.417236
70.66686049,254964.33,4208437.455,3796.442139
70.70426881,254964.3026,4208437.43,3796.463379
70.74167714,254964.2752,4208437.404,3796.482178
70.77908547,254964.2478,4208437.379,3796.499756
70.8164938,254964.2204,4208437.354,3796.515381
70.85390212,254964.1931,4208437.328,3796.528564
70.89131045,254964.1657,4208437.303,3796.540527
70.92871878,254964.1383,4208437.277,3796.551758
70.96612711,254964.1109,4208437.252,3796.5625
71.00353543,254964.0836,4208437.226,3796.575439
71.04094376,254964.0562,4208437.201,3796.588623
71.07835209,254964.0288,4208437.175,3796.604492
71.11576042,254964.0014,4208437.15,3796.62085
71.15316874,254963.974,4208437.124,3796.628418
71.19057707,254963.9467,4208437.099,3796.642822
71.2279854,254963.9193,4208437.073,3796.656006
71.26539373,254963.8919,4208437.048,3796.666016
71.30280206,254963.8645,4208437.022,3796.675293
71.34021038,254963.8371,4208436.997,3796.682861
71.37761871,254963.8098,4208436.971,3796.691162
71.41502704,254963.7824,4208436.946,3796.697998
71.45243537,254963.755,4208436.92,3796.705811
71.48984369,254963.7276,4208436.895,3796.714355
71.52725202,254963.7002,4208436.869,3796.722412
71.56466035,254963.6729,4208436.844,3796.731445
71.60206868,254963.6455,4208436.818,3796.740479
71.639477,254963.6181,4208436.793,3796.749756
71.67688533,254963.5907,4208436.767,3796.759766
71.71429366,254963.5634,4208436.742,3796.763184
71.75170199,254963.536,4208436.716,3796.77417
71.78911031,254963.5086,4208436.691,3796.7854
71.82651864,254963.4812,4208436.665,3796.799072
71.86392697,254963.4538,4208436.64,3796.814697
71.9013353,254963.4265,4208436.614,3796.832275
71.93874363,254963.3991,4208436.589,3796.852539
71.97615195,254963.3717,4208436.563,3796.874756
72.01356028,254963.3443,4208436.538,3796.898926
72.05096861,254963.3169,4208436.512,3796.921387
72.08837694,254963.2896,4208436.487,3796.942871
72.12578526,254963.2622,4208436.461,3796.9646
72.16319359,254963.2348,4208436.436,3796.98584
72.20060192,254963.2074,4208436.41,3797.007324
72.23801025,254963.18,4208436.385,3797.018066
72.27541857,254963.1527,4208436.359,3797.041016
72.3128269,254963.1253,4208436.334,3797.068848
72.35023523,254963.0979,4208436.308,3797.096436
72.38764356,254963.0705,4208436.283,3797.12915
72.42505188,254963.0432,4208436.257,3797.164795
72.46246021,254963.0158,4208436.232,3797.200684
72.49986854,254962.9884,4208436.206,3797.230713
72.53727687,254962.961,4208436.181,3797.259277
72.5746852,254962.9336,4208436.155,3797.286865
72.61209352,254962.9063,4208436.13,3797.310791
72.64950185,254962.8789,4208436.104,3797.335938
72.68691018,254962.8515,4208436.079,3797.362305
72.72431851,254962.8241,4208436.053,3797.390869
72.76172683,254962.7967,4208436.028,3797.421143
72.79913516,254962.7694,4208436.003,3797.438721
72.83654349,254962.742,4208435.977,3797.468506
72.87395182,254962.7146,4208435.952,3797.498779
72.91136014,254962.6872,4208435.926,3797.529541
72.94876847,254962.6598,4208435.901,3797.560303
72.9861768,254962.6325,4208435.875,3797.587158
73.02358513,254962.6051,4208435.85,3797.615234
73.06099345,254962.5777,4208435.824,3797.645996
73.09840178,254962.5503,4208435.799,3797.672607
73.13581011,254962.523,4208435.773,3797.69873
73.17321844,254962.4956,4208435.748,3797.725586
73.21062676,254962.4682,4208435.722,3797.748779
73.24803509,254962.4408,4208435.697,3797.772217
73.28544342,254962.4134,4208435.671,3797.793945
73.32285175,254962.3861,4208435.646,3797.803467
73.36026008,254962.3587,4208435.62,3797.822998
73.3976684,254962.3313,4208435.595,3797.845215
73.43507673,254962.3039,4208435.569,3797.866211
73.47248506,254962.2765,4208435.544,3797.889404
73.50989339,254962.2492,4208435.518,3797.912354
73.54730171,254962.2218,4208435.493,3797.935303
73.58471004,254962.1944,4208435.467,3797.956543
73.62211837,254962.167,4208435.442,3797.976318
73.6595267,254962.1396,4208435.416,3797.994141
73.69693502,254962.1123,4208435.391,3798.009766
73.73434335,254962.0849,4208435.365,3798.025391
73.77175168,254962.0575,4208435.34,3798.039063
73.80916001,254962.0301,4208435.314,3798.054688
73.84656833,254962.0028,4208435.289,3798.069824
73.88397666,254961.9754,4208435.263,3798.077148
73.92138499,254961.948,4208435.238,3798.095459
73.95879332,254961.9206,4208435.212,3798.114502
73.99620165,254961.8932,4208435.187,3798.135742
74.03360997,254961.8659,4208435.161,3798.155518
74.0710183,254961.8385,4208435.136,3798.174316
74.10842663,254961.8111,4208435.11,3798.192139
74.14583496,254961.7837,4208435.085,3798.206055
74.18324328,254961.7563,4208435.059,3798.218994
74.22065161,254961.729,4208435.034,3798.22998
74.25805994,254961.7016,4208435.008,3798.240479
74.29546827,254961.6742,4208434.983,3798.250244
74.33287659,254961.6468,4208434.957,3798.261475
74.37028492,254961.6194,4208434.932,3798.27002
74.40769325,254961.5921,4208434.906,3798.272949
74.44510158,254961.5647,4208434.881,3798.28125
74.4825099,254961.5373,4208434.855,3798.287598
74.51991823,254961.5099,4208434.83,3798.293701
74.55732656,254961.4826,4208434.804,3798.299561
74.59473489,254961.4552,4208434.779,3798.30542
74.63214322,254961.4278,4208434.753,3798.312256
74.66955154,254961.4004,4208434.728,3798.320068
74.70695987,254961.373,4208434.702,3798.328369
74.7443682,254961.3457,4208434.677,3798.3396
74.78177653,254961.3183,4208434.651,3798.352051
74.81918485,254961.2909,4208434.626,3798.366455
74.85659318,254961.2635,4208434.601,3798.380615
74.89400151,254961.2361,4208434.575,3798.393799
74.93140984,254961.2088,4208434.55,3798.405029
74.96881816,254961.1814,4208434.524,3798.409424
75.00622649,254961.154,4208434.499,3798.42041
75.04363482,254961.1266,4208434.473,3798.431641
75.08104315,254961.0992,4208434.448,3798.443359
75.11845147,254961.0719,4208434.422,3798.455322
75.1558598,254961.0445,4208434.397,3798.468506
75.19326813,254961.0171,4208434.371,3798.483154
75.23067646,254960.9897,4208434.346,3798.498535
75.26808478,254960.9624,4208434.32,3798.515381
75.30549311,254960.935,4208434.295,3798.533691
75.34290144,254960.9076,4208434.269,3798.554443
75.38030977,254960.8802,4208434.244,3798.577393
75.4177181,254960.8528,4208434.218,3798.601074
75.45512642,254960.8255,4208434.193,3798.622803
75.49253475,254960.7981,4208434.167,3798.645508
75.52994308,254960.7707,4208434.142,3798.654053
75.56735141,254960.7433,4208434.116,3798.675049
75.60475973,254960.7159,4208434.091,3798.698486
75.64216806,254960.6886,4208434.065,3798.720459
75.67957639,254960.6612,4208434.04,3798.744141
75.71698472,254960.6338,4208434.014,3798.770264
75.75439304,254960.6064,4208433.989,3798.795898
75.79180137,254960.579,4208433.963,3798.830078
75.8292097,254960.5517,4208433.938,3798.864746
75.86661803,254960.5243,4208433.912,3798.900146
75.90402635,254960.4969,4208433.887,3798.937256
75.94143468,254960.4695,4208433.861,3798.974854
75.97884301,254960.4422,4208433.836,3799.007813
76.01625134,254960.4148,4208433.81,3799.049072
76.05365967,254960.3874,4208433.785,3799.066406
76.09106799,254960.36,4208433.759,3799.105713
76.12847632,254960.3326,4208433.734,3799.146729
76.16588465,254960.3053,4208433.708,3799.182373
76.20329298,254960.2779,4208433.683,3799.218262
76.2407013,254960.2505,4208433.657,3799.250977
76.27810963,254960.2231,4208433.632,3799.28418
76.31551796,254960.1957,4208433.606,3799.319336
76.35292629,254960.1684,4208433.581,3799.352783
76.39033461,254960.141,4208433.555,3799.394775
76.42774294,254960.1136,4208433.53,3799.435547
76.46515127,254960.0862,4208433.504,3799.477295
76.5025596,254960.0588,4208433.479,3799.516113
76.53996792,254960.0315,4208433.453,3799.552246
76.57737625,254960.0041,4208433.428,3799.585205
76.61478458,254959.9767,4208433.402,3799.601807
76.65219291,254959.9493,4208433.377,3799.630371
76.68960124,254959.922,4208433.351,3799.658447
76.72700956,254959.8946,4208433.326,3799.688965
76.76441789,254959.8672,4208433.3,3799.720947
76.80182622,254959.8398,4208433.275,3799.74585
76.83923455,254959.8124,4208433.25,3799.777832
76.87664287,254959.7851,4208433.224,3799.801514
76.9140512,254959.7577,4208433.199,3799.822021
76.95145953,254959.7303,4208433.173,3799.840576
76.98886786,254959.7029,4208433.148,3799.857178
77.02627618,254959.6755,4208433.122,3799.871582
77.06368451,254959.6482,4208433.097,3799.885986
77.10109284,254959.6208,4208433.071,3799.900146
77.13850117,254959.5934,4208433.046,3799.907471
77.17590949,254959.566,4208433.02,3799.924316
77.21331782,254959.5386,4208432.995,3799.942139
77.25072615,254959.5113,4208432.969,3799.961914
77.28813448,254959.4839,4208432.944,3799.980713
77.32554281,254959.4565,4208432.918,3799.999023
77.36432727,254959.4291,4208432.891,3800.012695
77.40311174,254959.4017,4208432.863,3800.023682
77.44189621,254959.3742,4208432.836,3800.032471
77.48068067,254959.3468,4208432.808,3800.040283
77.51946514,254959.3194,4208432.781,3800.047852
77.55824961,254959.292,4208432.754,3800.054688
77.59703408,254959.2645,4208432.726,3800.061279
77.63581854,254959.2371,4208432.699,3800.067627
77.67460301,254959.2097,4208432.671,3800.074463
77.71338748,254959.1823,4208432.644,3800.081299
77.75217194,254959.1548,4208432.616,3800.087646
77.79095641,254959.1274,4208432.589,3800.093506
77.82974088,254959.1,4208432.562,3800.098877
77.86852535,254959.0726,4208432.534,3800.104492
77.90730981,254959.0451,4208432.507,3800.108643
77.94609428,254959.0177,4208432.479,3800.11377
77.98487875,254958.9903,4208432.452,3800.118652
78.02366321,254958.9629,4208432.424,3800.122559
78.06244768,254958.9354,4208432.397,3800.126221
78.10123215,254958.908,4208432.37,3800.128662
78.14001662,254958.8806,4208432.342,3800.131836
78.17880108,254958.8532,4208432.315,3800.135254
78.21758555,254958.8257,4208432.287,3800.141846
78.25637002,254958.7983,4208432.26,3800.148438
78.29515448,254958.7709,4208432.233,3800.158447
78.33393895,254958.7435,4208432.205,3800.168457
78.37272342,254958.716,4208432.178,3800.178711
78.41150789,254958.6886,4208432.15,3800.194092
78.45029235,254958.6612,4208432.123,3800.211914
78.48907682,254958.6338,4208432.095,3800.233154
78.52786129,254958.6063,4208432.068,3800.259521
78.56664575,254958.5789,4208432.041,3800.2854
78.60543022,254958.5515,4208432.013,3800.307861
78.64421469,254958.5241,4208431.986,3800.327393
78.68299916,254958.4966,4208431.958,3800.34375
78.72178362,254958.4692,4208431.931,3800.357178
78.76056809,254958.4418,4208431.903,3800.36792
78.79935256,254958.4144,4208431.876,3800.376709
78.83813702,254958.3869,4208431.849,3800.387695
78.87692149,254958.3595,4208431.821,3800.400391
78.91570596,254958.3321,4208431.794,3800.412598
78.95449043,254958.3047,4208431.766,3800.425537
78.99327489,254958.2772,4208431.739,3800.439941
79.03205936,254958.2498,4208431.711,3800.456055
79.07084383,254958.2224,4208431.684,3800.47168
79.10962829,254958.195,4208431.657,3800.487549
79.14841276,254958.1675,4208431.629,3800.50415
79.18719723,254958.1401,4208431.602,3800.517334
79.2259817,254958.1127,4208431.574,3800.533691
79.26476616,254958.0853,4208431.547,3800.549561
79.30355063,254958.0578,4208431.519,3800.567627
79.3423351,254958.0304,4208431.492,3800.586426
79.38111956,254958.003,4208431.465,3800.606445
79.41990403,254957.9756,4208431.437,3800.628906
79.4586885,254957.9482,4208431.41,3800.656006
79.49747297,254957.9207,4208431.382,3800.678223
79.53625743,254957.8933,4208431.355,3800.700195
79.5750419,254957.8659,4208431.327,3800.720459
79.61382637,254957.8385,4208431.3,3800.736816
79.65261084,254957.811,4208431.273,3800.749512
79.6913953,254957.7836,4208431.245,3800.76416
79.73017977,254957.7562,4208431.218,3800.776123
79.76896424,254957.7288,4208431.19,3800.789795
79.8077487,254957.7013,4208431.163,3800.804199
79.84653317,254957.6739,4208431.136,3800.820068
79.88531764,254957.6465,4208431.108,3800.844971
79.92410211,254957.6191,4208431.081,3800.868408
79.96288657,254957.5916,4208431.053,3800.892334
80.00167104,254957.5642,4208431.026,3800.916748
80.04045551,254957.5368,4208430.998,3800.939209
80.07923997,254957.5094,4208430.971,3800.957031
80.11802444,254957.4819,4208430.944,3800.975586
80.15680891,254957.4545,4208430.916,3800.99292
80.19559338,254957.4271,4208430.889,3801.009766
80.23437784,254957.3997,4208430.861,3801.025146
80.27316231,254957.3722,4208430.834,3801.041016
80.31194678,254957.3448,4208430.806,3801.054932
80.35073124,254957.3174,4208430.779,3801.070068
80.38951571,254957.29,4208430.752,3801.08667
80.42830018,254957.2625,4208430.724,3801.106689
80.46708465,254957.2351,4208430.697,3801.127686
80.50586911,254957.2077,4208430.669,3801.148438
80.54465358,254957.1803,4208430.642,3801.170898
80.58343805,254957.1528,4208430.614,3801.193359
80.62222251,254957.1254,4208430.587,3801.21582
80.66100698,254957.098,4208430.56,3801.237061
80.69979145,254957.0706,4208430.532,3801.263428
80.73857592,254957.0431,4208430.505,3801.295166
80.77736038,254957.0157,4208430.477,3801.329834
80.81614485,254956.9883,4208430.45,3801.365967
80.85492932,254956.9609,4208430.422,3801.403809
80.89371378,254956.9334,4208430.395,3801.435791
80.93249825,254956.906,4208430.368,3801.469482
80.97128272,254956.8786,4208430.34,3801.497803
81.01006719,254956.8512,4208430.313,3801.525879
81.04885165,254956.8237,4208430.285,3801.55127
81.08763612,254956.7963,4208430.258,3801.582275
81.12642059,254956.7689,4208430.231,3801.612793
81.16520505,254956.7415,4208430.203,3801.646973
81.20398952,254956.714,4208430.176,3801.681885
81.24277399,254956.6866,4208430.148,3801.715088
81.28155846,254956.6592,4208430.121,3801.748291
81.32034292,254956.6318,4208430.093,3801.782471
81.35912739,254956.6043,4208430.066,3801.812744
81.39791186,254956.5769,4208430.039,3801.841553
81.43669632,254956.5495,4208430.011,3801.871582
81.47548079,254956.5221,4208429.984,3801.901855
81.51426526,254956.4946,4208429.956,3801.928711
81.55304973,254956.4672,4208429.929,3801.954346
81.59183419,254956.4398,4208429.901,3801.976563
81.63061866,254956.4124,4208429.874,3801.995361
81.66940313,254956.3849,4208429.847,3802.011963
81.7081876,254956.3575,4208429.819,3802.026855
81.74697206,254956.3301,4208429.792,3802.041748
81.78575653,254956.3027,4208429.764,3802.053467
81.824541,254956.2752,4208429.737,3802.066162
81.86332546,254956.2478,4208429.709,3802.077148
81.90210993,254956.2204,4208429.682,3802.088867
81.9408944,254956.193,4208429.655,3802.099365
81.97967887,254956.1655,4208429.627,3802.109863
82.01846333,254956.1381,4208429.6,3802.118896
82.0572478,254956.1107,4208429.572,3802.128906
82.09603227,254956.0833,4208429.545,3802.136963
82.13481673,254956.0558,4208429.517,3802.144775
82.1736012,254956.0284,4208429.49,3802.151855
82.21238567,254956.001,4208429.463,3802.157959
82.25117014,254955.9736,4208429.435,3802.163818
82.2899546,254955.9461,4208429.408,3802.169922
82.32873907,254955.9187,4208429.38,3802.177002
82.36752354,254955.8913,4208429.353,3802.18457
82.406308,254955.8639,4208429.325,3802.192871
82.44509247,254955.8364,4208429.298,3802.199951
82.48387694,254955.809,4208429.271,3802.207764
82.52266141,254955.7816,4208429.243,3802.217773
82.56144587,254955.7542,4208429.216,3802.227539
82.60023034,254955.7267,4208429.188,3802.238525
82.63901481,254955.6993,4208429.161,3802.248047
82.67779927,254955.6719,4208429.134,3802.259033
82.71658374,254955.6445,4208429.106,3802.268799
82.75536821,254955.617,4208429.079,3802.2771
82.79415268,254955.5896,4208429.051,3802.286133
82.83293714,254955.5622,4208429.024,3802.298584
82.87172161,254955.5348,4208428.996,3802.314941
82.91050608,254955.5073,4208428.969,3802.335205
82.94929054,254955.4799,4208428.942,3802.358398
82.98807501,254955.4525,4208428.914,3802.381592
83.02685948,254955.4251,4208428.887,3802.408447
83.06564395,254955.3976,4208428.859,3802.436523
83.10442841,254955.3702,4208428.832,3802.459229
83.14321288,254955.3428,4208428.804,3802.480225
83.18199735,254955.3154,4208428.777,3802.501953
83.22078181,254955.2879,4208428.75,3802.520508
83.25956628,254955.2605,4208428.722,3802.537598
83.29835075,254955.2331,4208428.695,3802.554443
83.33713522,254955.2057,4208428.667,3802.571045
83.37591968,254955.1782,4208428.64,3802.587891
83.41470415,254955.1508,4208428.612,3802.605469
83.45348862,254955.1234,4208428.585,3802.624023
83.49227308,254955.096,4208428.558,3802.643311
83.53105755,254955.0686,4208428.53,3802.664551
83.56984202,254955.0411,4208428.503,3802.682617
83.60862649,254955.0137,4208428.475,3802.704346
83.64741095,254954.9863,4208428.448,3802.724609
83.68619542,254954.9589,4208428.42,3802.745605
83.72497989,254954.9314,4208428.393,3802.768066
83.76376435,254954.904,4208428.366,3802.792969
83.80254882,254954.8766,4208428.338,3802.81665
83.84133329,254954.8492,4208428.311,3802.842773
83.88011776,254954.8217,4208428.283,3802.870361
83.91890222,254954.7943,4208428.256,3802.90332
83.95768669,254954.7669,4208428.228,3802.934082
83.99647116,254954.7395,4208428.201,3802.970947
84.03525563,254954.712,4208428.174,3803.014893
84.07404009,254954.6846,4208428.146,3803.052734
84.11282456,254954.6572,4208428.119,3803.092041
84.15160903,254954.6298,4208428.091,3803.135254
84.19039349,254954.6023,4208428.064,3803.180908
84.22917796,254954.5749,4208428.037,3803.227539
84.26796243,254954.5475,4208428.009,3803.278564
84.3067469,254954.5201,4208427.982,3803.345947
84.34553136,254954.4926,4208427.954,3803.393799
84.38431583,254954.4652,4208427.927,3803.436768
84.4231003,254954.4378,4208427.899,3803.470459
84.46188476,254954.4104,4208427.872,3803.500244
84.50066923,254954.3829,4208427.845,3803.525879
84.5394537,254954.3555,4208427.817,3803.554199
84.57823817,254954.3281,4208427.79,3803.585205
84.61702263,254954.3007,4208427.762,3803.617676
84.6558071,254954.2732,4208427.735,3803.648926
84.69459157,254954.2458,4208427.707,3803.686035
84.73337603,254954.2184,4208427.68,3803.719238
84.7721605,254954.191,4208427.653,3803.747314
84.81094497,254954.1635,4208427.625,3803.776367
84.84972944,254954.1361,4208427.598,3803.803223
84.8885139,254954.1087,4208427.57,3803.826416
84.92729837,254954.0813,4208427.543,3803.853027
84.96608284,254954.0538,4208427.515,3803.876953
85.0048673,254954.0264,4208427.488,3803.900879
85.04365177,254953.999,4208427.461,3803.921143
85.08243624,254953.9716,4208427.433,3803.942871
85.12122071,254953.9441,4208427.406,3803.960205
85.16000517,254953.9167,4208427.378,3803.97583
85.19878964,254953.8893,4208427.351,3803.990234
85.23757411,254953.8619,4208427.323,3804.003906
85.27635857,254953.8344,4208427.296,3804.016113
85.31514304,254953.807,4208427.269,3804.025879
85.34746401,254953.7899,4208427.241,3804.034912
85.37978498,254953.7728,4208427.214,3804.04126
85.41210595,254953.7556,4208427.186,3804.049072
85.44442693,254953.7385,4208427.159,3804.055908
85.4767479,254953.7214,4208427.132,3804.060059
85.50906887,254953.7042,4208427.104,3804.065674
85.54138984,254953.6871,4208427.077,3804.068848
85.57371081,254953.67,4208427.049,3804.073242
85.60603178,254953.6528,4208427.022,3804.077637
85.63835275,254953.6357,4208426.995,3804.080811
85.67067372,254953.6186,4208426.967,3804.085205
85.70299469,254953.6015,4208426.94,3804.089844
85.73531566,254953.5843,4208426.912,3804.093262
85.76763664,254953.5672,4208426.885,3804.098877
85.79995761,254953.5501,4208426.858,3804.103271
85.83227858,254953.5329,4208426.83,3804.110352
85.86459955,254953.5158,4208426.803,3804.117432
85.89692052,254953.4987,4208426.775,3804.123047
85.92924149,254953.4815,4208426.748,3804.131104
85.96156246,254953.4644,4208426.72,3804.13916
85.99388343,254953.4473,4208426.693,3804.144775
86.0262044,254953.4301,4208426.666,3804.154785
86.05852537,254953.413,4208426.638,3804.162598
86.09084635,254953.3959,4208426.611,3804.176758
86.12316732,254953.3788,4208426.583,3804.195313
86.15548829,254953.3616,4208426.556,3804.207764
86.18780926,254953.3445,4208426.529,3804.230225
86.22013023,254953.3274,4208426.501,3804.25293
86.2524512,254953.3102,4208426.474,3804.266846
86.28477217,254953.2931,4208426.446,3804.290527
86.31709314,254953.276,4208426.419,3804.302734
86.34941411,254953.2588,4208426.392,3804.332275
86.38173508,254953.2417,4208426.364,3804.362305
86.41405606,254953.2246,4208426.337,3804.378174
86.44637703,254953.2075,4208426.309,3804.416748
86.478698,254953.1903,4208426.282,3804.457764
86.51101897,254953.1732,4208426.255,3804.477051
86.54333994,254953.1561,4208426.227,3804.515381
86.57566091,254953.1389,4208426.2,3804.536865
86.60798188,254953.1218,4208426.172,3804.573486
86.64030285,254953.1047,4208426.145,3804.609375
86.67262382,254953.0875,4208426.117,3804.630127
86.70494479,254953.0704,4208426.09,3804.664063
86.73726577,254953.0533,4208426.063,3804.696533
86.76958674,254953.0362,4208426.035,3804.712891
86.80190771,254953.019,4208426.008,3804.740234
86.83422868,254953.0019,4208425.98,3804.753418
86.86654965,254952.9848,4208425.953,3804.7771
86.89887062,254952.9676,4208425.926,3804.798828
86.93119159,254952.9505,4208425.898,3804.808105
86.96351256,254952.9334,4208425.871,3804.827393
86.99583353,254952.9162,4208425.843,3804.8479
87.0281545,254952.8991,4208425.816,3804.85791
87.06047548,254952.882,4208425.789,3804.881836
87.09279645,254952.8649,4208425.761,3804.894775
87.12511742,254952.8477,4208425.734,3804.919434
87.15743839,254952.8306,4208425.706,3804.943115
87.18975936,254952.8135,4208425.679,3804.957764
87.22208033,254952.7963,4208425.652,3804.984375
87.2544013,254952.7792,4208425.624,3805.007324
87.28672227,254952.7621,4208425.597,3805.019287
87.31904324,254952.7449,4208425.569,3805.045654
87.35136421,254952.7278,4208425.542,3805.056885
87.38368519,254952.7107,4208425.515,3805.079102
87.41600616,254952.6936,4208425.487,3805.101074
87.44832713,254952.6764,4208425.46,3805.113525
87.4806481,254952.6593,4208425.432,3805.134521
87.51296907,254952.6422,4208425.405,3805.155762
87.54529004,254952.625,4208425.377,3805.167725
87.57761101,254952.6079,4208425.35,3805.191895
87.60993198,254952.5908,4208425.323,3805.203857
87.64225295,254952.5736,4208425.295,3805.226563
87.67457392,254952.5565,4208425.268,3805.249512
87.7068949,254952.5394,4208425.24,3805.262207
87.73921587,254952.5223,4208425.213,3805.286377
87.77153684,254952.5051,4208425.186,3805.313477
87.80385781,254952.488,4208425.158,3805.329346
87.83617878,254952.4709,4208425.131,3805.358643
87.86849975,254952.4537,4208425.103,3805.375977
87.90082072,254952.4366,4208425.076,3805.414795
87.93314169,254952.4195,4208425.049,3805.458252
87.96546266,254952.4023,4208425.021,3805.478516
87.99778363,254952.3852,4208424.994,3805.515137
88.03010461,254952.3681,4208424.966,3805.554688
88.06242558,254952.351,4208424.939,3805.571777
88.09474655,254952.3338,4208424.912,3805.606445
88.12706752,254952.3167,4208424.884,3805.622314
88.15938849,254952.2996,4208424.857,3805.656494
88.19170946,254952.2824,4208424.829,3805.689697
88.22403043,254952.2653,4208424.802,3805.707031
88.2563514,254952.2482,4208424.774,3805.741699
88.28867237,254952.231,4208424.747,3805.782471
88.32099334,254952.2139,4208424.72,3805.80249
88.35331432,254952.1968,4208424.692,3805.843506
88.38563529,254952.1797,4208424.665,3805.859375
88.41795626,254952.1625,4208424.637,3805.897949
88.45027723,254952.1454,4208424.61,3805.928955
88.4825982,254952.1283,4208424.583,3805.942871
88.51491917,254952.1111,4208424.555,3805.973877
88.54724014,254952.094,4208424.528,3806.005371
88.57956111,254952.0769,4208424.5,3806.02124
88.61188208,254952.0597,4208424.473,3806.053711
88.64420305,254952.0426,4208424.446,3806.06958
88.67652403,254952.0255,4208424.418,3806.100586
88.708845,254952.0084,4208424.391,3806.130127
88.74116597,254951.9912,4208424.363,3806.144043
88.77348694,254951.9741,4208424.336,3806.169189
88.80580791,254951.957,4208424.309,3806.191162
88.83812888,254951.9398,4208424.281,3806.205566
88.87044985,254951.9227,4208424.254,3806.226318
88.90277082,254951.9056,4208424.226,3806.24707
88.93509179,254951.8884,4208424.199,3806.257813
88.96741276,254951.8713,4208424.172,3806.280273
88.99973374,254951.8542,4208424.144,3806.290527
89.03205471,254951.8371,4208424.117,3806.311279
89.06437568,254951.8199,4208424.089,3806.330078
89.09669665,254951.8028,4208424.062,3806.3396
89.12901762,254951.7857,4208424.034,3806.358154
89.16133859,254951.7685,4208424.007,3806.375
89.19365956,254951.7514,4208423.98,3806.384766
89.22598053,254951.7343,4208423.952,3806.402344
89.2583015,254951.7171,4208423.925,3806.412842
89.29062247,254951.7,4208423.897,3806.435059
89.32294345,254951.6829,4208423.87,3806.453613
89.35526442,254951.6658,4208423.843,3806.46582
89.38758539,254951.6486,4208423.815,3806.481445
89.41990636,254951.6315,4208423.788,3806.498779
89.45222733,254951.6144,4208423.76,3806.512451
89.4845483,254951.5972,4208423.733,3806.530029
89.51686927,254951.5801,4208423.706,3806.542725
89.54919024,254951.563,4208423.678,3806.557861
89.58151121,254951.5458,4208423.651,3806.57373
89.61383218,254951.5287,4208423.623,3806.585449
89.64615316,254951.5116,4208423.596,3806.597168
89.67847413,254951.4945,4208423.569,3806.611084
89.7107951,254951.4773,4208423.541,3806.623779
89.74311607,254951.4602,4208423.514,3806.637207
89.77543704,254951.4431,4208423.486,3806.649902
89.80775801,254951.4259,4208423.459,3806.666016
89.84007898,254951.4088,4208423.431,3806.681885
89.87239995,254951.3917,4208423.404,3806.698486
89.90472092,254951.3745,4208423.377,3806.717041
89.93704189,254951.3574,4208423.349,3806.734863
89.96936287,254951.3403,4208423.322,3806.750244
90.00168384,254951.3231,4208423.294,3806.768555
90.03400481,254951.306,4208423.267,3806.781006
90.06632578,254951.2889,4208423.24,3806.798096
90.09864675,254951.2718,4208423.212,3806.814697
90.13096772,254951.2546,4208423.185,3806.827881
90.16328869,254951.2375,4208423.157,3806.848389
90.19560966,254951.2204,4208423.13,3806.87085
90.22793063,254951.2032,4208423.103,3806.888428
90.26025161,254951.1861,4208423.075,3806.913818
90.29257258,254951.169,4208423.048,3806.933594
90.32489355,254951.1518,4208423.02,3806.964111
90.35721452,254951.1347,4208422.993,3806.995605
90.38953549,254951.1176,4208422.966,3807.021729
90.42185646,254951.1005,4208422.938,3807.054199
90.45417743,254951.0833,4208422.911,3807.084961
90.4864984,254951.0662,4208422.883,3807.106445
90.51881937,254951.0491,4208422.856,3807.136719
90.55114034,254951.0319,4208422.829,3807.157959
90.58346132,254951.0148,4208422.801,3807.186035
90.61578229,254950.9977,4208422.774,3807.213379
90.64810326,254950.9805,4208422.746,3807.233398
90.68042423,254950.9634,4208422.719,3807.26123
90.7127452,254950.9463,4208422.691,3807.291504
90.74506617,254950.9292,4208422.664,3807.309082
90.77738714,254950.912,4208422.637,3807.337158
90.80970811,254950.8949,4208422.609,3807.35498
90.84202908,254950.8778,4208422.582,3807.382813
90.87435005,254950.8606,4208422.554,3807.407471
90.90667103,254950.8435,4208422.527,3807.426514
90.938992,254950.8264,4208422.5,3807.453857
90.97131297,254950.8092,4208422.472,3807.481445
91.00363394,254950.7921,4208422.445,3807.501465
91.03595491,254950.775,4208422.417,3807.531982
91.06827588,254950.7579,4208422.39,3807.550293
91.10059685,254950.7407,4208422.363,3807.578125
91.13291782,254950.7236,4208422.335,3807.607422
91.16523879,254950.7065,4208422.308,3807.625
91.19755976,254950.6893,4208422.28,3807.652832
91.22988074,254950.6722,4208422.253,3807.68335
91.26220171,254950.6551,4208422.226,3807.700439
91.29452268,254950.6379,4208422.198,3807.729736
91.32684365,254950.6208,4208422.171,3807.74707
91.35916462,254950.6037,4208422.143,3807.771973
91.39148559,254950.5866,4208422.116,3807.798584
91.42380656,254950.5694,4208422.088,3807.81543
91.45612753,254950.5523,4208422.061,3807.837158
91.4884485,254950.5352,4208422.034,3807.858887
91.52076947,254950.518,4208422.006,3807.874512
91.55309045,254950.5009,4208421.979,3807.898193
91.58541142,254950.4838,4208421.951,3807.913574
91.62457612,254950.4561,4208421.924,3807.932129
91.66374083,254950.4284,4208421.896,3807.948486
91.70290554,254950.4007,4208421.868,3807.9646
91.74207024,254950.373,4208421.841,3807.97876
91.78123495,254950.3453,4208421.813,3807.990479
91.82039966,254950.3176,4208421.785,3807.999512
91.85956437,254950.2899,4208421.758,3808.009277
91.89872907,254950.2622,4208421.73,3808.020752
91.93789378,254950.2345,4208421.702,3808.034424
91.97705849,254950.2068,4208421.675,3808.048828
92.01622319,254950.1791,4208421.647,3808.063477
92.0553879,254950.1515,4208421.619,3808.077637
92.09455261,254950.1238,4208421.591,3808.091309
92.13371731,254950.0961,4208421.564,3808.108398
92.17288202,254950.0684,4208421.536,3808.119873
92.21204673,254950.0407,4208421.508,3808.131104
92.25121144,254950.013,4208421.481,3808.14209
92.29037614,254949.9853,4208421.453,3808.154541
92.32954085,254949.9576,4208421.425,3808.171631
92.36870556,254949.9299,4208421.398,3808.194092
92.40787026,254949.9022,4208421.37,3808.218262
92.44703497,254949.8745,4208421.342,3808.244629
92.48619968,254949.8468,4208421.314,3808.268555
92.52536439,254949.8191,4208421.287,3808.290283
92.56452909,254949.7914,4208421.259,3808.30957
92.6036938,254949.7637,4208421.231,3808.328857
92.64285851,254949.736,4208421.204,3808.342285
92.68202321,254949.7084,4208421.176,3808.358887
92.72118792,254949.6807,4208421.148,3808.374512
92.76035263,254949.653,4208421.121,3808.391357
92.79951733,254949.6253,4208421.093,3808.41626
92.83868204,254949.5976,4208421.065,3808.442139
92.87784675,254949.5699,4208421.038,3808.470947
92.91701146,254949.5422,4208421.01,3808.499512
92.95617616,254949.5145,4208420.982,3808.526611
92.99534087,254949.4868,4208420.954,3808.550781
93.03450558,254949.4591,4208420.927,3808.570557
93.07367028,254949.4314,4208420.899,3808.590088
93.11283499,254949.4037,4208420.871,3808.608887
93.1519997,254949.376,4208420.844,3808.627197
93.1911644,254949.3483,4208420.816,3808.646484
93.23032911,254949.3206,4208420.788,3808.667725
93.26949382,254949.2929,4208420.761,3808.689209
93.30865853,254949.2653,4208420.733,3808.711914
93.34782323,254949.2376,4208420.705,3808.737549
93.38698794,254949.2099,4208420.678,3808.766602
93.42615265,254949.1822,4208420.65,3808.799072
93.46531735,254949.1545,4208420.622,3808.834717
93.50448206,254949.1268,4208420.594,3808.865723
93.54364677,254949.0991,4208420.567,3808.897461
93.58281148,254949.0714,4208420.539,3808.931885
93.62197618,254949.0437,4208420.511,3808.96875
93.66114089,254949.016,4208420.484,3809.008301
93.7003056,254948.9883,4208420.456,3809.048096
93.7394703,254948.9606,4208420.428,3809.079834
93.77863501,254948.9329,4208420.401,3809.109375
93.81779972,254948.9052,4208420.373,3809.137695
93.85696442,254948.8775,4208420.345,3809.179932
93.89612913,254948.8499,4208420.318,3809.200195
93.93529384,254948.8222,4208420.29,3809.221436
93.96336947,254948.8175,4208420.262,3809.237061
93.9914451,254948.8129,4208420.234,3809.251221
94.01952073,254948.8083,4208420.207,3809.27002
94.04759636,254948.8037,4208420.179,3809.284424
94.07567198,254948.7991,4208420.151,3809.299316
94.10374761,254948.7945,4208420.124,3809.311279
94.13182324,254948.7898,4208420.096,3809.324219
94.15989887,254948.7852,4208420.068,3809.342285
94.1879745,254948.7806,4208420.041,3809.355713
94.21605013,254948.776,4208420.013,3809.37085
94.24412576,254948.7714,4208419.985,3809.38623
94.27220139,254948.7668,4208419.958,3809.401611
94.30027702,254948.7622,4208419.93,3809.418701
94.32835265,254948.7575,4208419.902,3809.444824
94.35642827,254948.7529,4208419.874,3809.462158
94.3845039,254948.7483,4208419.847,3809.477539
94.41257953,254948.7437,4208419.819,3809.495605
94.44065516,254948.7391,4208419.791,3809.512451
94.46873079,254948.7345,4208419.764,3809.530029
94.49680642,254948.7298,4208419.736,3809.554688
94.52488205,254948.7252,4208419.708,3809.570557
94.55295768,254948.7206,4208419.681,3809.588135
94.58103331,254948.716,4208419.653,3809.605225
94.60910894,254948.7114,4208419.625,3809.622559
94.63718457,254948.7068,4208419.597,3809.640137
94.66526019,254948.7022,4208419.57,3809.669189
94.69333582,254948.6975,4208419.542,3809.685303
94.72141145,254948.6929,4208419.514,3809.704834
94.74948708,254948.6883,4208419.487,3809.727051
94.77756271,254948.6837,4208419.459,3809.746094
94.80563834,254948.6791,4208419.431,3809.766602
94.83371397,254948.6745,4208419.404,3809.801025
94.8617896,254948.6698,4208419.376,3809.824219
94.88986523,254948.6652,4208419.348,3809.847656
94.91794086,254948.6606,4208419.321,3809.868408
94.94601649,254948.656,4208419.293,3809.891846
94.97409211,254948.6514,4208419.265,3809.915283
95.00216774,254948.6468,4208419.237,3809.949707
95.03024337,254948.6421,4208419.21,3809.969238
95.058319,254948.6375,4208419.182,3809.987793
95.08639463,254948.6329,4208419.154,3810.004395
95.11447026,254948.6283,4208419.127,3810.020264
95.14254589,254948.6237,4208419.099,3810.038086
95.17062152,254948.6191,4208419.071,3810.059814
95.19869715,254948.6145,4208419.044,3810.07251
95.22677278,254948.6098,4208419.016,3810.087158
95.25484841,254948.6052,4208418.988,3810.101807
95.28292403,254948.6006,4208418.961,3810.11377
95.31099966,254948.596,4208418.933,3810.125244
95.33907529,254948.5914,4208418.905,3810.144775
95.36715092,254948.5868,4208418.877,3810.155518
95.39522655,254948.5821,4208418.85,3810.167236
95.42330218,254948.5775,4208418.822,3810.180908
95.45137781,254948.5729,4208418.794,3810.190918
95.47945344,254948.5683,4208418.767,3810.205322
95.50752907,254948.5637,4208418.739,3810.226318
95.5356047,254948.5591,4208418.711,3810.240479
95.56368033,254948.5545,4208418.684,3810.256836
95.59175595,254948.5498,4208418.656,3810.273926
95.61983158,254948.5452,4208418.628,3810.289551
95.64790721,254948.5406,4208418.601,3810.304199
95.67598284,254948.536,4208418.573,3810.335693
95.70405847,254948.5314,4208418.545,3810.354004
95.7321341,254948.5268,4208418.517,3810.372803
95.76020973,254948.5221,4208418.49,3810.38916
95.78828536,254948.5175,4208418.462,3810.405762
95.81636099,254948.5129,4208418.434,3810.421143
95.84443662,254948.5083,4208418.407,3810.453857
95.87251225,254948.5037,4208418.379,3810.470215
95.90058787,254948.4991,4208418.351,3810.48877
95.9286635,254948.4945,4208418.324,3810.506592
95.95673913,254948.4898,4208418.296,3810.52832
95.99590384,254948.4621,4208418.324,3810.52124
96.03506855,254948.4344,4208418.351,3810.513184
96.07423325,254948.4068,4208418.379,3810.509277
96.11339796,254948.3791,4208418.407,3810.504883
96.15256267,254948.3514,4208418.434,3810.498047
96.19172738,254948.3237,4208418.462,3810.495605
96.23089208,254948.296,4208418.49,3810.489258
96.27005679,254948.2683,4208418.517,3810.485352
96.3092215,254948.2406,4208418.545,3810.480225
96.3483862,254948.2129,4208418.573,3810.475342
96.38755091,254948.1852,4208418.601,3810.471436
96.42671562,254948.1575,4208418.628,3810.46582
96.46588032,254948.1298,4208418.656,3810.462158
96.50504503,254948.1021,4208418.684,3810.457764
96.54420974,254948.0744,4208418.711,3810.452393
96.58337445,254948.0467,4208418.739,3810.448486
96.62253915,254948.019,4208418.767,3810.456787
96.66170386,254947.9913,4208418.794,3810.450928
96.70086857,254947.9637,4208418.822,3810.447754
96.74003327,254947.936,4208418.85,3810.443359
96.77919798,254947.9083,4208418.877,3810.436035
96.81836269,254947.8806,4208418.905,3810.432617
96.85752739,254947.8529,4208418.933,3810.427246
96.8966921,254947.8252,4208418.961,3810.42041
96.8966921,254947.8252,4208418.961,3810.42041