x,E,N,z
0,259908.5199,4203114.507,3617.826172
0.026134399,259908.5092,4203114.531,3617.825195
0.052268798,259908.4986,4203114.555,3617.829102
0.078403198,259908.488,4203114.579,3617.828125
0.104537597,259908.4774,4203114.603,3617.833008
0.130671996,259908.4668,4203114.627,3617.831787
0.156806395,259908.4562,4203114.651,3617.831055
0.182940794,259908.4456,4203114.674,3617.836426
0.209075194,259908.4349,4203114.698,3617.835449
0.235209593,259908.4243,4203114.722,3617.841064
0.261343992,259908.4137,4203114.746,3617.8396
0.287478391,259908.4031,4203114.77,3617.847168
0.31361279,259908.3925,4203114.794,3617.845947
0.33974719,259908.3819,4203114.818,3617.854736
0.365881589,259908.3713,4203114.842,3617.853271
0.392015988,259908.3606,4203114.865,3617.852051
0.418150387,259908.35,4203114.889,3617.861816
0.444284786,259908.3394,4203114.913,3617.86084
0.470419186,259908.3288,4203114.937,3617.873291
0.496553585,259908.3182,4203114.961,3617.872803
0.522687984,259908.3076,4203114.985,3617.887451
0.548822383,259908.297,4203115.009,3617.887207
0.574956782,259908.2863,4203115.033,3617.905273
0.601091182,259908.2757,4203115.057,3617.906738
0.627225581,259908.2651,4203115.08,3617.908691
0.65335998,259908.2545,4203115.104,3617.932617
0.679494379,259908.2439,4203115.128,3617.934814
0.705628778,259908.2333,4203115.152,3617.95459
0.731763178,259908.2227,4203115.176,3617.956055
0.757897577,259908.212,4203115.2,3617.969238
0.784031976,259908.2014,4203115.224,3617.96875
0.810166375,259908.1908,4203115.248,3617.97998
0.836300774,259908.1802,4203115.271,3617.979736
0.862435174,259908.1696,4203115.295,3617.979248
0.888569573,259908.159,4203115.319,3617.987061
0.914703972,259908.1484,4203115.343,3617.986816
0.940838371,259908.1378,4203115.367,3617.991943
0.96697277,259908.1271,4203115.391,3617.991699
0.99310717,259908.1165,4203115.415,3617.996826
1.019241569,259908.1059,4203115.439,3617.99707
1.045375968,259908.0953,4203115.463,3618.002441
1.071510367,259908.0847,4203115.486,3618.002441
1.097644767,259908.0741,4203115.51,3618.002441
1.123779166,259908.0635,4203115.534,3618.006104
1.149913565,259908.0528,4203115.558,3618.005615
1.176047964,259908.0422,4203115.582,3618.008057
1.202182363,259908.0316,4203115.606,3618.007324
1.228316763,259908.021,4203115.63,3618.009521
1.254451162,259908.0104,4203115.654,3618.008301
1.280585561,259907.9998,4203115.677,3618.01001
1.30671996,259907.9892,4203115.701,3618.009033
1.332854359,259907.9785,4203115.725,3618.007568
1.358988759,259907.9679,4203115.749,3618.009277
1.385123158,259907.9573,4203115.773,3618.00708
1.411257557,259907.9467,4203115.797,3618.009277
1.437391956,259907.9361,4203115.821,3618.00708
1.463526355,259907.9255,4203115.845,3618.009033
1.489660755,259907.9149,4203115.869,3618.006592
1.515795154,259907.9042,4203115.892,3618.008057
1.541929553,259907.8936,4203115.916,3618.005615
1.568063952,259907.883,4203115.94,3618.002686
1.594198351,259907.8724,4203115.964,3618.00415
1.620332751,259907.8618,4203115.988,3618.000488
1.64646715,259907.8512,4203116.012,3618.001709
1.672601549,259907.8406,4203116.036,3617.997803
1.698735948,259907.8299,4203116.06,3617.999023
1.724870347,259907.8193,4203116.083,3617.994873
1.751004747,259907.8087,4203116.107,3617.996338
1.777139146,259907.7981,4203116.131,3617.991943
1.803273545,259907.7875,4203116.155,3617.986816
1.829407944,259907.7769,4203116.179,3617.989502
1.855542343,259907.7663,4203116.203,3617.984619
1.881676743,259907.7556,4203116.227,3617.987305
1.907811142,259907.745,4203116.251,3617.980713
1.933945541,259907.7344,4203116.275,3617.98291
1.96007994,259907.7238,4203116.298,3617.976318
1.986214339,259907.7132,4203116.322,3617.978516
2.012348739,259907.7026,4203116.346,3617.968994
2.038483138,259907.692,4203116.37,3617.959229
2.064617537,259907.6813,4203116.394,3617.96167
2.090751936,259907.6707,4203116.418,3617.953125
2.116886335,259907.6601,4203116.442,3617.956787
2.143020735,259907.6495,4203116.466,3617.949463
2.169155134,259907.6389,4203116.489,3617.954102
2.195289533,259907.6283,4203116.513,3617.947266
2.221423932,259907.6177,4203116.537,3617.953613
2.247558331,259907.607,4203116.561,3617.946533
2.273692731,259907.5964,4203116.585,3617.939941
2.29982713,259907.5858,4203116.609,3617.945557
2.325961529,259907.5752,4203116.633,3617.937012
2.352095928,259907.5646,4203116.657,3617.941895
2.378230327,259907.554,4203116.681,3617.932373
2.404364727,259907.5434,4203116.704,3617.935547
2.430499126,259907.5327,4203116.728,3617.925781
2.456633525,259907.5221,4203116.752,3617.928467
2.482767924,259907.5115,4203116.776,3617.918457
2.508902323,259907.5009,4203116.8,3617.90918
2.535036723,259907.4903,4203116.824,3617.911377
2.561171122,259907.4797,4203116.848,3617.900635
2.587305521,259907.4691,4203116.872,3617.900635
2.61343992,259907.4584,4203116.895,3617.884766
2.639574319,259907.4478,4203116.919,3617.88208
2.665708719,259907.4372,4203116.943,3617.86499
2.691843118,259907.4266,4203116.967,3617.861084
2.717977517,259907.416,4203116.991,3617.848633
2.744111916,259907.4054,4203117.015,3617.844727
2.770246315,259907.3948,4203117.039,3617.834473
2.796380715,259907.3841,4203117.063,3617.823486
2.822515114,259907.3735,4203117.086,3617.818359
2.848649513,259907.3629,4203117.11,3617.80835
2.874783912,259907.3523,4203117.134,3617.802734
2.900918311,259907.3417,4203117.158,3617.791016
2.927052711,259907.3311,4203117.182,3617.785156
2.95318711,259907.3205,4203117.206,3617.772949
2.979321509,259907.3098,4203117.23,3617.765137
3.005455908,259907.2992,4203117.254,3617.752197
3.031590307,259907.2886,4203117.278,3617.739746
3.057724707,259907.278,4203117.301,3617.733398
3.083859106,259907.2674,4203117.325,3617.719971
3.109993505,259907.2568,4203117.349,3617.712891
3.136127904,259907.2462,4203117.373,3617.697754
3.162262304,259907.2355,4203117.397,3617.689453
3.188396703,259907.2249,4203117.421,3617.674805
3.214531102,259907.2143,4203117.445,3617.668457
3.240665501,259907.2037,4203117.469,3617.653564
3.2667999,259907.1931,4203117.492,3617.639893
3.2929343,259907.1825,4203117.516,3617.633301
3.319068699,259907.1719,4203117.54,3617.620605
3.345203098,259907.1612,4203117.564,3617.610596
3.371337497,259907.1506,4203117.588,3617.595215
3.397471896,259907.14,4203117.612,3617.584473
3.423606296,259907.1294,4203117.636,3617.56665
3.449740695,259907.1188,4203117.66,3617.549561
3.475875094,259907.1082,4203117.684,3617.533691
3.502009493,259907.0976,4203117.707,3617.52002
3.528143892,259907.0869,4203117.731,3617.511475
3.554278292,259907.0763,4203117.755,3617.500732
3.580412691,259907.0657,4203117.779,3617.494629
3.60654709,259907.0551,4203117.803,3617.486572
3.632681489,259907.0445,4203117.827,3617.482178
3.658815888,259907.0339,4203117.851,3617.475342
3.684950288,259907.0233,4203117.875,3617.471436
3.711084687,259907.0126,4203117.898,3617.4646
3.737219086,259907.002,4203117.922,3617.456299
3.763353485,259906.9914,4203117.946,3617.450684
3.789487884,259906.9808,4203117.97,3617.439697
3.815622284,259906.9702,4203117.994,3617.433105
3.841756683,259906.9596,4203118.018,3617.423096
3.867891082,259906.949,4203118.042,3617.418945
3.894025481,259906.9383,4203118.066,3617.412354
3.92015988,259906.9277,4203118.09,3617.409912
3.94629428,259906.9171,4203118.113,3617.406738
3.972428679,259906.9065,4203118.137,3617.404053
3.998563078,259906.8959,4203118.161,3617.403809
4.024697477,259906.8853,4203118.185,3617.401611
4.050831876,259906.8747,4203118.209,3617.401611
4.076966276,259906.864,4203118.233,3617.398926
4.103100675,259906.8534,4203118.257,3617.399658
4.129235074,259906.8428,4203118.281,3617.395996
4.155369473,259906.8322,4203118.304,3617.397217
4.181503872,259906.8216,4203118.328,3617.393555
4.207638272,259906.811,4203118.352,3617.388184
4.233772671,259906.8004,4203118.376,3617.390625
4.25990707,259906.7897,4203118.4,3617.384766
4.286041469,259906.7791,4203118.424,3617.386963
4.312175868,259906.7685,4203118.448,3617.380615
4.338310268,259906.7579,4203118.472,3617.383789
4.364444667,259906.7473,4203118.496,3617.377197
4.390579066,259906.7367,4203118.519,3617.380859
4.416713465,259906.7261,4203118.543,3617.373291
4.442847864,259906.7154,4203118.567,3617.366211
4.468982264,259906.7048,4203118.591,3617.371094
4.495116663,259906.6942,4203118.615,3617.364014
4.521251062,259906.6836,4203118.639,3617.369873
4.547385461,259906.673,4203118.663,3617.361816
4.57351986,259906.6624,4203118.687,3617.368652
4.59965426,259906.6518,4203118.71,3617.361328
4.625788659,259906.6412,4203118.734,3617.367188
4.651923058,259906.6305,4203118.758,3617.358398
4.678057457,259906.6199,4203118.782,3617.349121
4.704191856,259906.6093,4203118.806,3617.353516
4.730326256,259906.5987,4203118.83,3617.345215
4.756460655,259906.5881,4203118.854,3617.348389
4.782595054,259906.5775,4203118.878,3617.340088
4.808729453,259906.5669,4203118.902,3617.341064
4.834863852,259906.5562,4203118.925,3617.333008
4.860998252,259906.5456,4203118.949,3617.333008
4.887132651,259906.535,4203118.973,3617.326904
4.91326705,259906.5244,4203118.997,3617.321777
4.939401449,259906.5138,4203119.021,3617.321777
4.965535848,259906.5032,4203119.045,3617.317627
4.991670248,259906.4926,4203119.069,3617.317627
5.017804647,259906.4819,4203119.093,3617.314453
5.043939046,259906.4713,4203119.116,3617.314453
5.070073445,259906.4607,4203119.14,3617.310059
5.096207844,259906.4501,4203119.164,3617.30957
5.122342244,259906.4395,4203119.188,3617.304688
5.148476643,259906.4289,4203119.212,3617.299072
5.174611042,259906.4183,4203119.236,3617.29834
5.200745441,259906.4076,4203119.26,3617.292725
5.226879841,259906.397,4203119.284,3617.292236
5.25301424,259906.3864,4203119.308,3617.287354
5.279148639,259906.3758,4203119.331,3617.287354
5.305283038,259906.3652,4203119.355,3617.281006
5.331417437,259906.3546,4203119.379,3617.279541
5.357551837,259906.344,4203119.403,3617.272217
5.383686236,259906.3333,4203119.427,3617.263672
5.409820635,259906.3227,4203119.451,3617.260742
5.435955034,259906.3121,4203119.475,3617.252197
5.462089433,259906.3015,4203119.499,3617.249268
5.488223833,259906.2909,4203119.522,3617.240723
5.514358232,259906.2803,4203119.546,3617.237061
5.540492631,259906.2697,4203119.57,3617.228516
5.56662703,259906.259,4203119.594,3617.224121
5.592761429,259906.2484,4203119.618,3617.216309
5.618895829,259906.2378,4203119.642,3617.208496
5.645030228,259906.2272,4203119.666,3617.203125
5.671164627,259906.2166,4203119.69,3617.196045
5.697299026,259906.206,4203119.714,3617.191162
5.723433425,259906.1954,4203119.737,3617.182373
5.749567825,259906.1847,4203119.761,3617.173584
5.775702224,259906.1741,4203119.785,3617.164551
5.801836623,259906.1635,4203119.809,3617.15625
5.827971022,259906.1529,4203119.833,3617.141113
5.854105421,259906.1423,4203119.857,3617.125244
5.880239821,259906.1317,4203119.881,3617.111816
5.90637422,259906.1211,4203119.905,3617.098877
5.932508619,259906.1104,4203119.928,3617.087646
5.958643018,259906.0998,4203119.952,3617.07666
5.984777417,259906.0892,4203119.976,3617.068359
6.010911817,259906.0786,4203120,3617.060547
6.037046216,259906.068,4203120.024,3617.053223
6.063180615,259906.0574,4203120.048,3617.046143
6.089315014,259906.0468,4203120.072,3617.037842
6.115449413,259906.0361,4203120.096,3617.03125
6.141583813,259906.0255,4203120.119,3617.023926
6.167718212,259906.0149,4203120.143,3617.017578
6.193852611,259906.0043,4203120.167,3617.007813
6.21998701,259905.9937,4203120.191,3616.99707
6.246121409,259905.9831,4203120.215,3616.984131
6.272255809,259905.9725,4203120.239,3616.970703
6.298390208,259905.9618,4203120.263,3616.959229
6.324524607,259905.9512,4203120.287,3616.94751
6.350659006,259905.9406,4203120.311,3616.938232
6.376793405,259905.93,4203120.334,3616.927246
6.402927805,259905.9194,4203120.358,3616.918457
6.429062204,259905.9088,4203120.382,3616.905762
6.455196603,259905.8982,4203120.406,3616.896729
6.481331002,259905.8875,4203120.43,3616.88623
6.507465401,259905.8769,4203120.454,3616.878174
6.533599801,259905.8663,4203120.478,3616.869629
6.5597342,259905.8557,4203120.502,3616.862305
6.585868599,259905.8451,4203120.525,3616.859131
6.612002998,259905.8345,4203120.549,3616.855225
6.638137397,259905.8239,4203120.573,3616.854492
6.664271797,259905.8132,4203120.597,3616.851318
6.690406196,259905.8026,4203120.621,3616.850586
6.716540595,259905.792,4203120.645,3616.847656
6.742674994,259905.7814,4203120.669,3616.847412
6.768809393,259905.7708,4203120.693,3616.845215
6.794943793,259905.7602,4203120.717,3616.843506
6.821078192,259905.7496,4203120.74,3616.843018
6.847212591,259905.7389,4203120.764,3616.840576
6.87334699,259905.7283,4203120.788,3616.840332
6.899481389,259905.7177,4203120.812,3616.837891
6.925615789,259905.7071,4203120.836,3616.837646
6.951750188,259905.6965,4203120.86,3616.835449
6.977884587,259905.6859,4203120.884,3616.835449
7.004018986,259905.6753,4203120.908,3616.833252
7.030153385,259905.6646,4203120.931,3616.831055
7.056287785,259905.654,4203120.955,3616.831299
7.082422184,259905.6434,4203120.979,3616.829346
7.108556583,259905.6328,4203121.003,3616.830078
7.134690982,259905.6222,4203121.027,3616.828613
7.160825381,259905.6116,4203121.051,3616.829102
7.186959781,259905.601,4203121.075,3616.827881
7.21309418,259905.5903,4203121.099,3616.828369
7.239228579,259905.5797,4203121.123,3616.827393
7.265362978,259905.5691,4203121.146,3616.82666
7.291497378,259905.5585,4203121.17,3616.827148
7.317631777,259905.5479,4203121.194,3616.82666
7.343766176,259905.5373,4203121.218,3616.827148
7.369900575,259905.5267,4203121.242,3616.826416
7.396034974,259905.516,4203121.266,3616.826904
7.422169374,259905.5054,4203121.29,3616.825928
7.448303773,259905.4948,4203121.314,3616.82666
7.474438172,259905.4842,4203121.337,3616.825684
7.500572571,259905.4736,4203121.361,3616.824219
7.525682862,259905.4659,4203121.385,3616.825439
7.550793154,259905.4582,4203121.409,3616.824219
7.575903445,259905.4505,4203121.433,3616.822998
7.601013736,259905.4429,4203121.457,3616.825195
7.626124027,259905.4352,4203121.481,3616.823975
7.651234318,259905.4275,4203121.505,3616.82251
7.67634461,259905.4198,4203121.529,3616.824707
7.701454901,259905.4121,4203121.553,3616.823486
7.726565192,259905.4044,4203121.577,3616.822021
7.751675483,259905.3967,4203121.6,3616.824463
7.776785775,259905.3891,4203121.624,3616.822754
7.801896066,259905.3814,4203121.648,3616.821289
7.827006357,259905.3737,4203121.672,3616.822754
7.852116648,259905.366,4203121.696,3616.820801
7.87722694,259905.3583,4203121.72,3616.818848
7.902337231,259905.3506,4203121.744,3616.819824
7.927447522,259905.343,4203121.768,3616.817627
7.952557813,259905.3353,4203121.792,3616.815674
7.977668104,259905.3276,4203121.816,3616.816162
8.002778396,259905.3199,4203121.839,3616.814453
8.027888687,259905.3122,4203121.863,3616.812744
8.052998978,259905.3045,4203121.887,3616.812744
8.078109269,259905.2969,4203121.911,3616.811279
8.103219561,259905.2892,4203121.935,3616.810059
8.128329852,259905.2815,4203121.959,3616.80957
8.153440143,259905.2738,4203121.983,3616.80957
8.178550434,259905.2661,4203122.007,3616.809082
8.203660725,259905.2584,4203122.031,3616.80835
8.228771017,259905.2508,4203122.055,3616.80835
8.253881308,259905.2431,4203122.079,3616.806885
8.278991599,259905.2354,4203122.102,3616.805176
8.30410189,259905.2277,4203122.126,3616.803955
8.329212182,259905.22,4203122.15,3616.801025
8.354322473,259905.2123,4203122.174,3616.797363
8.379432764,259905.2047,4203122.198,3616.794922
8.404543055,259905.197,4203122.222,3616.789551
8.429653346,259905.1893,4203122.246,3616.781738
8.454763638,259905.1816,4203122.27,3616.777344
8.479873929,259905.1739,4203122.294,3616.768799
8.50498422,259905.1662,4203122.318,3616.759766
8.530094511,259905.1585,4203122.341,3616.754883
8.555204803,259905.1509,4203122.365,3616.746338
8.580315094,259905.1432,4203122.389,3616.738525
8.605425385,259905.1355,4203122.413,3616.736816
8.630535676,259905.1278,4203122.437,3616.731445
8.655645967,259905.1201,4203122.461,3616.726563
8.680756259,259905.1124,4203122.485,3616.726563
8.70586655,259905.1048,4203122.509,3616.721924
8.730976841,259905.0971,4203122.533,3616.717529
8.756087132,259905.0894,4203122.557,3616.718262
8.781197424,259905.0817,4203122.581,3616.7146
8.806307715,259905.074,4203122.604,3616.710449
8.831418006,259905.0663,4203122.628,3616.706787
8.856528297,259905.0587,4203122.652,3616.708008
8.881638589,259905.051,4203122.676,3616.70459
8.90674888,259905.0433,4203122.7,3616.701416
8.931859171,259905.0356,4203122.724,3616.703369
8.956969462,259905.0279,4203122.748,3616.700195
8.982079753,259905.0202,4203122.772,3616.697266
9.007190045,259905.0126,4203122.796,3616.69873
9.032300336,259905.0049,4203122.82,3616.695313
9.057410627,259904.9972,4203122.844,3616.69165
9.082520918,259904.9895,4203122.867,3616.692627
9.10763121,259904.9818,4203122.891,3616.688965
9.132741501,259904.9741,4203122.915,3616.685791
9.157851792,259904.9664,4203122.939,3616.686523
9.182962083,259904.9588,4203122.963,3616.683105
9.208072374,259904.9511,4203122.987,3616.680176
9.233182666,259904.9434,4203123.011,3616.681885
9.258292957,259904.9357,4203123.035,3616.679199
9.283403248,259904.928,4203123.059,3616.676514
9.308513539,259904.9203,4203123.083,3616.678467
9.333623831,259904.9127,4203123.106,3616.676025
9.358734122,259904.905,4203123.13,3616.67334
9.383844413,259904.8973,4203123.154,3616.674805
9.408954704,259904.8896,4203123.178,3616.671631
9.434064995,259904.8819,4203123.202,3616.668213
9.459175287,259904.8742,4203123.226,3616.668945
9.484285578,259904.8666,4203123.25,3616.663818
9.509395869,259904.8589,4203123.274,3616.657227
9.53450616,259904.8512,4203123.298,3616.657471
9.559616452,259904.8435,4203123.322,3616.651123
9.584726743,259904.8358,4203123.346,3616.645752
9.609837034,259904.8281,4203123.369,3616.640381
9.634947325,259904.8205,4203123.393,3616.641602
9.660057617,259904.8128,4203123.417,3616.635498
9.685167908,259904.8051,4203123.441,3616.628174
9.710278199,259904.7974,4203123.465,3616.627441
9.73538849,259904.7897,4203123.489,3616.619629
9.760498781,259904.782,4203123.513,3616.612305
9.785609073,259904.7743,4203123.537,3616.609375
9.810719364,259904.7667,4203123.561,3616.602295
9.835829655,259904.759,4203123.585,3616.595459
9.860939946,259904.7513,4203123.608,3616.592285
9.886050238,259904.7436,4203123.632,3616.584717
9.911160529,259904.7359,4203123.656,3616.575684
9.93627082,259904.7282,4203123.68,3616.57373
9.961381111,259904.7206,4203123.704,3616.569336
9.986491402,259904.7129,4203123.728,3616.565918
10.01160169,259904.7052,4203123.752,3616.56543
10.03671198,259904.6975,4203123.776,3616.561035
10.06182228,259904.6898,4203123.8,3616.553223
10.08693257,259904.6821,4203123.824,3616.550781
10.11204286,259904.6745,4203123.848,3616.540283
10.13715315,259904.6668,4203123.871,3616.527588
10.16226344,259904.6591,4203123.895,3616.520996
10.18737373,259904.6514,4203123.919,3616.507813
10.21248402,259904.6437,4203123.943,3616.497559
10.23759431,259904.636,4203123.967,3616.494873
10.26270461,259904.6284,4203123.991,3616.489746
10.2878149,259904.6207,4203124.015,3616.48584
10.31292519,259904.613,4203124.039,3616.482178
10.33803548,259904.6053,4203124.063,3616.482422
10.36314577,259904.5976,4203124.087,3616.479004
10.38825606,259904.5899,4203124.111,3616.47583
10.41336635,259904.5822,4203124.134,3616.47583
10.43847664,259904.5746,4203124.158,3616.473389
10.46358694,259904.5669,4203124.182,3616.471191
10.48869723,259904.5592,4203124.206,3616.471191
10.51380752,259904.5515,4203124.23,3616.46875
10.53891781,259904.5438,4203124.254,3616.466309
10.5640281,259904.5361,4203124.278,3616.466064
10.58913839,259904.5285,4203124.302,3616.464111
10.61424868,259904.5208,4203124.326,3616.461426
10.63935897,259904.5131,4203124.35,3616.461182
10.66446927,259904.5054,4203124.373,3616.457764
10.68957956,259904.4977,4203124.397,3616.453613
10.71468985,259904.49,4203124.421,3616.453369
10.73980014,259904.4824,4203124.445,3616.44873
10.76491043,259904.4747,4203124.469,3616.443604
10.79002072,259904.467,4203124.493,3616.443604
10.81513101,259904.4593,4203124.517,3616.438965
10.8402413,259904.4516,4203124.541,3616.43457
10.8653516,259904.4439,4203124.565,3616.43457
10.89046189,259904.4363,4203124.589,3616.43042
10.91557218,259904.4286,4203124.613,3616.427246
10.94068247,259904.4209,4203124.636,3616.427734
10.96579276,259904.4132,4203124.66,3616.425537
10.99090305,259904.4055,4203124.684,3616.424072
11.01601334,259904.3978,4203124.708,3616.422363
11.04112363,259904.3901,4203124.732,3616.423584
11.06623393,259904.3825,4203124.756,3616.421875
11.09134422,259904.3748,4203124.78,3616.419678
11.11645451,259904.3671,4203124.804,3616.421143
11.1415648,259904.3594,4203124.828,3616.419189
11.16667509,259904.3517,4203124.852,3616.416992
11.19178538,259904.344,4203124.875,3616.418457
11.21689567,259904.3364,4203124.899,3616.41626
11.24200596,259904.3287,4203124.923,3616.414551
11.26711625,259904.321,4203124.947,3616.415771
11.29222655,259904.3133,4203124.971,3616.414063
11.31733684,259904.3056,4203124.995,3616.412109
11.34244713,259904.2979,4203125.019,3616.413574
11.36755742,259904.2903,4203125.043,3616.411377
11.39266771,259904.2826,4203125.067,3616.40918
11.417778,259904.2749,4203125.091,3616.410645
11.44288829,259904.2672,4203125.115,3616.407715
11.46799858,259904.2595,4203125.138,3616.404541
11.49310888,259904.2518,4203125.162,3616.405762
11.51821917,259904.2442,4203125.186,3616.402344
11.54332946,259904.2365,4203125.21,3616.399658
11.56843975,259904.2288,4203125.234,3616.400635
11.59355004,259904.2211,4203125.258,3616.398926
11.61866033,259904.2134,4203125.282,3616.396973
11.64377062,259904.2057,4203125.306,3616.398926
11.66888091,259904.198,4203125.33,3616.397461
11.69399121,259904.1904,4203125.354,3616.396484
11.7191015,259904.1827,4203125.378,3616.398926
11.74421179,259904.175,4203125.401,3616.397949
11.76932208,259904.1673,4203125.425,3616.397461
11.79443237,259904.1596,4203125.449,3616.396973
11.81954266,259904.1519,4203125.473,3616.400146
11.84465295,259904.1443,4203125.497,3616.399902
11.86976324,259904.1366,4203125.521,3616.399902
11.89487354,259904.1289,4203125.545,3616.403564
11.91998383,259904.1212,4203125.569,3616.403564
11.94509412,259904.1135,4203125.593,3616.404053
11.97020441,259904.1058,4203125.617,3616.4104
11.9953147,259904.0982,4203125.64,3616.412598
12.02042499,259904.0905,4203125.664,3616.414307
12.04553528,259904.0828,4203125.688,3616.427002
12.07064557,259904.0751,4203125.712,3616.43042
12.09575587,259904.0674,4203125.736,3616.434326
12.12086616,259904.0597,4203125.76,3616.45166
12.14597645,259904.0521,4203125.784,3616.45752
12.17108674,259904.0444,4203125.808,3616.463379
12.19619703,259904.0367,4203125.832,3616.48291
12.22130732,259904.029,4203125.856,3616.488281
12.24641761,259904.0213,4203125.88,3616.493896
12.2715279,259904.0136,4203125.903,3616.511475
12.2966382,259904.0059,4203125.927,3616.51709
12.32174849,259903.9983,4203125.951,3616.522461
12.34685878,259903.9906,4203125.975,3616.538818
12.37196907,259903.9829,4203125.999,3616.543701
12.39707936,259903.9752,4203126.023,3616.547852
12.42218965,259903.9675,4203126.047,3616.560303
12.44729994,259903.9598,4203126.071,3616.564697
12.47241023,259903.9522,4203126.095,3616.569824
12.49752052,259903.9445,4203126.119,3616.57373
12.52263082,259903.9368,4203126.142,3616.586182
12.54774111,259903.9291,4203126.166,3616.589355
12.5728514,259903.9214,4203126.19,3616.593018
12.59796169,259903.9137,4203126.214,3616.60376
12.62307198,259903.9061,4203126.238,3616.606934
12.64818227,259903.8984,4203126.262,3616.609863
12.67329256,259903.8907,4203126.286,3616.624512
12.69840285,259903.883,4203126.31,3616.628174
12.72351315,259903.8753,4203126.334,3616.631836
12.74862344,259903.8676,4203126.358,3616.647949
12.77373373,259903.86,4203126.382,3616.65332
12.79884402,259903.8523,4203126.405,3616.658447
12.82395431,259903.8446,4203126.429,3616.677246
12.8490646,259903.8369,4203126.453,3616.685547
12.87417489,259903.8292,4203126.477,3616.695313
12.89928518,259903.8215,4203126.501,3616.718018
12.92439548,259903.8139,4203126.525,3616.726074
12.94950577,259903.8062,4203126.549,3616.734863
12.97461606,259903.7985,4203126.573,3616.756592
12.99972635,259903.7908,4203126.597,3616.759277
13.02483664,259903.7831,4203126.621,3616.760986
13.04994693,259903.7754,4203126.645,3616.766113
13.07505722,259903.7677,4203126.668,3616.767822
13.10016751,259903.7601,4203126.692,3616.77002
13.12527781,259903.7524,4203126.716,3616.779053
13.1503881,259903.7447,4203126.74,3616.782959
13.17549839,259903.737,4203126.764,3616.787598
13.20060868,259903.7293,4203126.788,3616.803955
13.22571897,259903.7216,4203126.812,3616.810303
13.25082926,259903.714,4203126.836,3616.816895
13.27593955,259903.7063,4203126.86,3616.822754
13.30104984,259903.6986,4203126.884,3616.840576
13.32616014,259903.6909,4203126.907,3616.847656
13.35127043,259903.6832,4203126.931,3616.854492
13.37638072,259903.6755,4203126.955,3616.868408
13.40149101,259903.6679,4203126.979,3616.873535
13.4266013,259903.6602,4203127.003,3616.878174
13.45171159,259903.6525,4203127.027,3616.890137
13.47682188,259903.6448,4203127.051,3616.894531
13.50193217,259903.6371,4203127.075,3616.898682
13.52704247,259903.6294,4203127.099,3616.911377
13.55215276,259903.6218,4203127.123,3616.915527
13.57726305,259903.6141,4203127.147,3616.919922
13.60237334,259903.6064,4203127.17,3616.931396
13.62748363,259903.5987,4203127.194,3616.935059
13.65259392,259903.591,4203127.218,3616.938477
13.67770421,259903.5833,4203127.242,3616.946289
13.7028145,259903.5756,4203127.266,3616.948975
13.7279248,259903.568,4203127.29,3616.95166
13.75303509,259903.5603,4203127.314,3616.957275
13.77814538,259903.5526,4203127.338,3616.958984
13.80325567,259903.5449,4203127.362,3616.960205
13.82836596,259903.5372,4203127.386,3616.963623
13.85347625,259903.5295,4203127.41,3616.965088
13.87858654,259903.5219,4203127.433,3616.966797
13.90369683,259903.5142,4203127.457,3616.971191
13.92880712,259903.5065,4203127.481,3616.9729
13.95391742,259903.4988,4203127.505,3616.975342
13.97902771,259903.4911,4203127.529,3616.978027
14.004138,259903.4834,4203127.553,3616.987061
14.02924829,259903.4758,4203127.577,3616.990723
14.05435858,259903.4681,4203127.601,3616.993164
14.07946887,259903.4604,4203127.625,3617.001465
14.10457916,259903.4527,4203127.649,3617.00293
14.12968945,259903.445,4203127.672,3617.00415
14.15479975,259903.4373,4203127.696,3617.009521
14.17991004,259903.4297,4203127.72,3617.010498
14.20502033,259903.422,4203127.744,3617.01123
14.23013062,259903.4143,4203127.768,3617.015625
14.25524091,259903.4066,4203127.792,3617.016113
14.2803512,259903.3989,4203127.816,3617.016357
14.30546149,259903.3912,4203127.84,3617.02002
14.33057178,259903.3835,4203127.864,3617.02002
14.35568208,259903.3759,4203127.888,3617.019775
14.38079237,259903.3682,4203127.912,3617.022461
14.40590266,259903.3605,4203127.935,3617.021973
14.43101295,259903.3528,4203127.959,3617.02124
14.45612324,259903.3451,4203127.983,3617.023682
14.48123353,259903.3374,4203128.007,3617.022705
14.50634382,259903.3298,4203128.031,3617.021484
14.53145411,259903.3221,4203128.055,3617.023438
14.55656441,259903.3144,4203128.079,3617.021729
14.5816747,259903.3067,4203128.103,3617.019775
14.60678499,259903.299,4203128.127,3617.020752
14.63189528,259903.2913,4203128.151,3617.017822
14.65700557,259903.2837,4203128.174,3617.01416
14.68211586,259903.276,4203128.198,3617.009521
14.70722615,259903.2683,4203128.222,3617.008545
14.73233644,259903.2606,4203128.246,3617.003662
14.75744674,259903.2529,4203128.27,3616.998535
14.78255703,259903.2452,4203128.294,3616.996826
14.80766732,259903.2376,4203128.318,3616.993164
14.83277761,259903.2299,4203128.342,3616.991211
14.8578879,259903.2222,4203128.366,3616.990479
14.88299819,259903.2145,4203128.39,3616.989746
14.90810848,259903.2068,4203128.414,3616.989502
14.93321877,259903.1991,4203128.437,3616.989014
14.95832907,259903.1914,4203128.461,3616.988281
14.98343936,259903.1838,4203128.485,3616.987305
15.00854965,259903.1761,4203128.509,3616.98584
15.03365994,259903.1684,4203128.533,3616.984375
15.05877023,259903.1607,4203128.557,3616.982666
15.08388052,259903.153,4203128.581,3616.979248
15.10899081,259903.1453,4203128.605,3616.977051
15.1341011,259903.1377,4203128.629,3616.974365
15.15921139,259903.13,4203128.653,3616.964111
15.18432169,259903.1223,4203128.677,3616.95752
15.20943198,259903.1146,4203128.7,3616.950928
15.23454227,259903.1069,4203128.724,3616.937012
15.25965256,259903.0992,4203128.748,3616.929199
15.28476285,259903.0916,4203128.772,3616.922119
15.30987314,259903.0839,4203128.796,3616.910889
15.33498343,259903.0762,4203128.82,3616.904297
15.36009372,259903.0685,4203128.844,3616.897461
15.38520402,259903.0608,4203128.868,3616.885742
15.41031431,259903.0531,4203128.892,3616.877686
15.4354246,259903.0455,4203128.916,3616.86792
15.46053489,259903.0378,4203128.939,3616.858398
15.48564518,259903.0301,4203128.963,3616.84375
15.51075547,259903.0224,4203128.987,3616.832031
15.53586576,259903.0147,4203129.011,3616.818359
15.56097605,259903.007,4203129.035,3616.80542
15.58608635,259902.9993,4203129.059,3616.793945
15.61119664,259902.9917,4203129.083,3616.781982
15.63630693,259902.984,4203129.107,3616.770752
15.66141722,259902.9763,4203129.131,3616.761963
15.68652751,259902.9686,4203129.155,3616.75293
15.7116378,259902.9609,4203129.179,3616.736816
15.73674809,259902.9532,4203129.202,3616.724365
15.76185838,259902.9456,4203129.226,3616.713623
15.78696868,259902.9379,4203129.25,3616.698975
15.81207897,259902.9302,4203129.274,3616.687744
15.83718926,259902.9225,4203129.298,3616.677246
15.86229955,259902.9148,4203129.322,3616.665527
15.88740984,259902.9071,4203129.346,3616.655029
15.91252013,259902.8995,4203129.37,3616.645508
15.93763042,259902.8918,4203129.394,3616.637207
15.96274071,259902.8841,4203129.418,3616.630371
15.98785101,259902.8764,4203129.441,3616.623535
16.0129613,259902.8687,4203129.465,3616.61499
16.03807159,259902.861,4203129.489,3616.607178
16.06318188,259902.8534,4203129.513,3616.598877
16.08829217,259902.8457,4203129.537,3616.591309
16.11340246,259902.838,4203129.561,3616.584717
16.13851275,259902.8303,4203129.585,3616.579834
16.16362304,259902.8226,4203129.609,3616.57666
16.18873334,259902.8149,4203129.633,3616.574463
16.21384363,259902.8072,4203129.657,3616.569824
16.23895392,259902.7996,4203129.681,3616.560303
16.26406421,259902.7919,4203129.704,3616.549072
16.2891745,259902.7842,4203129.728,3616.537109
16.31428479,259902.7765,4203129.752,3616.524902
16.33939508,259902.7688,4203129.776,3616.513672
16.36450537,259902.7611,4203129.8,3616.50415
16.38961566,259902.7535,4203129.824,3616.495605
16.41472596,259902.7458,4203129.848,3616.486328
16.43983625,259902.7381,4203129.872,3616.481445
16.46494654,259902.7304,4203129.896,3616.479248
16.49005683,259902.7227,4203129.92,3616.477539
16.51516712,259902.715,4203129.944,3616.47583
16.54027741,259902.7074,4203129.967,3616.474854
16.5653877,259902.6997,4203129.991,3616.473389
16.59049799,259902.692,4203130.015,3616.471924
16.61560829,259902.6843,4203130.039,3616.470703
16.64071858,259902.6766,4203130.063,3616.468994
16.66582887,259902.6689,4203130.087,3616.466553
16.69093916,259902.6613,4203130.111,3616.454102
16.71604945,259902.6536,4203130.135,3616.445068
16.74115974,259902.6459,4203130.159,3616.427734
16.76627003,259902.6382,4203130.183,3616.407715
16.79138032,259902.6305,4203130.206,3616.394287
16.81649062,259902.6228,4203130.23,3616.382568
16.84160091,259902.6151,4203130.254,3616.371094
16.8667112,259902.6075,4203130.278,3616.364502
16.89182149,259902.5998,4203130.302,3616.354248
16.91693178,259902.5921,4203130.326,3616.344482
16.94204207,259902.5844,4203130.35,3616.335693
16.96715236,259902.5767,4203130.374,3616.332275
16.99226265,259902.569,4203130.398,3616.327393
17.01737295,259902.5614,4203130.422,3616.323242
17.04248324,259902.5537,4203130.446,3616.321045
17.06759353,259902.546,4203130.469,3616.316895
17.09270382,259902.5383,4203130.493,3616.313232
17.11781411,259902.5306,4203130.517,3616.310303
17.1429244,259902.5229,4203130.541,3616.306396
17.16803469,259902.5153,4203130.565,3616.302246
17.19314498,259902.5076,4203130.589,3616.299316
17.21825528,259902.4999,4203130.613,3616.295166
17.24336557,259902.4922,4203130.637,3616.290527
17.26847586,259902.4845,4203130.661,3616.287354
17.29358615,259902.4768,4203130.685,3616.281494
17.31869644,259902.4692,4203130.708,3616.272217
17.34380673,259902.4615,4203130.732,3616.265625
17.36891702,259902.4538,4203130.756,3616.253906
17.39402731,259902.4461,4203130.78,3616.240967
17.41913761,259902.4384,4203130.804,3616.234863
17.4442479,259902.4307,4203130.828,3616.222656
17.46935819,259902.423,4203130.852,3616.21167
17.49446848,259902.4154,4203130.876,3616.208252
17.51957877,259902.4077,4203130.9,3616.200195
17.54468906,259902.4,4203130.924,3616.192139
17.56979935,259902.3923,4203130.948,3616.188232
17.59490964,259902.3846,4203130.971,3616.180908
17.62001993,259902.3769,4203130.995,3616.173096
17.64513023,259902.3693,4203131.019,3616.166016
17.67024052,259902.3616,4203131.043,3616.164551
17.69535081,259902.3539,4203131.067,3616.159424
17.7204611,259902.3462,4203131.091,3616.155273
17.74557139,259902.3385,4203131.115,3616.15625
17.77068168,259902.3308,4203131.139,3616.153564
17.79579197,259902.3232,4203131.163,3616.151123
17.82090226,259902.3155,4203131.187,3616.1521
17.84601256,259902.3078,4203131.211,3616.149902
17.87112285,259902.3001,4203131.234,3616.147705
17.89623314,259902.2924,4203131.258,3616.150391
17.92134343,259902.2847,4203131.282,3616.147949
17.94645372,259902.2771,4203131.306,3616.145508
17.97156401,259902.2694,4203131.33,3616.14917
17.9966743,259902.2617,4203131.354,3616.147705
18.02178459,259902.254,4203131.378,3616.14624
18.04689489,259902.2463,4203131.402,3616.151855
18.07200518,259902.2386,4203131.426,3616.150146
18.09711547,259902.231,4203131.45,3616.148926
18.12222576,259902.2233,4203131.473,3616.156982
18.14733605,259902.2156,4203131.497,3616.156006
18.17244634,259902.2079,4203131.521,3616.154785
18.19755663,259902.2002,4203131.545,3616.165039
18.22266692,259902.1925,4203131.569,3616.162842
18.24777722,259902.1848,4203131.593,3616.160889
18.27288751,259902.1772,4203131.617,3616.170898
18.2979978,259902.1695,4203131.641,3616.167236
18.32310809,259902.1618,4203131.665,3616.162842
18.34821838,259902.1541,4203131.689,3616.159424
18.37332867,259902.1464,4203131.713,3616.169189
18.39843896,259902.1387,4203131.736,3616.164551
18.42354925,259902.1311,4203131.76,3616.158691
18.44865955,259902.1234,4203131.784,3616.171875
18.47376984,259902.1157,4203131.808,3616.166748
18.49888013,259902.108,4203131.832,3616.160645
18.52399042,259902.1003,4203131.856,3616.176758
18.54910071,259902.0926,4203131.88,3616.172363
18.574211,259902.085,4203131.904,3616.168213
18.59932129,259902.0773,4203131.928,3616.186279
18.62443158,259902.0696,4203131.952,3616.179199
18.64954188,259902.0619,4203131.975,3616.174316
18.67465217,259902.0542,4203131.999,3616.194092
18.69976246,259902.0465,4203132.023,3616.187988
18.72893438,259902.0298,4203132.047,3616.202881
18.7581063,259902.0131,4203132.071,3616.197754
18.78727822,259901.9963,4203132.095,3616.211426
18.81645015,259901.9796,4203132.119,3616.22168
18.84562207,259901.9629,4203132.143,3616.225586
18.87479399,259901.9462,4203132.167,3616.216797
18.90396591,259901.9294,4203132.191,3616.21875
18.93313784,259901.9127,4203132.214,3616.221436
18.96230976,259901.896,4203132.238,3616.211914
18.99148168,259901.8792,4203132.262,3616.212402
19.0206536,259901.8625,4203132.286,3616.210938
19.04982552,259901.8458,4203132.31,3616.200195
19.07899745,259901.8291,4203132.334,3616.199707
19.10816937,259901.8123,4203132.358,3616.199219
19.13734129,259901.7956,4203132.382,3616.198242
19.16651321,259901.7789,4203132.406,3616.187744
19.19568514,259901.7621,4203132.43,3616.185059
19.22485706,259901.7454,4203132.453,3616.182617
19.25402898,259901.7287,4203132.477,3616.171875
19.2832009,259901.712,4203132.501,3616.166992
19.31237282,259901.6952,4203132.525,3616.163086
19.34154475,259901.6785,4203132.549,3616.1521
19.37071667,259901.6618,4203132.573,3616.147461
19.39988859,259901.645,4203132.597,3616.14209
19.42906051,259901.6283,4203132.621,3616.138428
19.45823244,259901.6116,4203132.645,3616.125
19.48740436,259901.5949,4203132.669,3616.121338
19.51657628,259901.5781,4203132.692,3616.119629
19.5457482,259901.5614,4203132.716,3616.110596
19.57492012,259901.5447,4203132.74,3616.109619
19.60409205,259901.5279,4203132.764,3616.108887
19.63326397,259901.5112,4203132.788,3616.098877
19.66243589,259901.4945,4203132.812,3616.098877
19.69160781,259901.4777,4203132.836,3616.099121
19.72077974,259901.461,4203132.86,3616.098633
19.74995166,259901.4443,4203132.884,3616.091309
19.77912358,259901.4276,4203132.908,3616.090576
19.8082955,259901.4108,4203132.931,3616.089844
19.83746742,259901.3941,4203132.955,3616.084473
19.86663935,259901.3774,4203132.979,3616.082764
19.89581127,259901.3606,4203133.003,3616.080566
19.92498319,259901.3439,4203133.027,3616.070313
19.95415511,259901.3272,4203133.051,3616.06665
19.98332704,259901.3105,4203133.075,3616.061768
20.01249896,259901.2937,4203133.099,3616.057861
20.04167088,259901.277,4203133.123,3616.046875
20.0708428,259901.2603,4203133.147,3616.044922
20.10001472,259901.2435,4203133.17,3616.043945
20.12918665,259901.2268,4203133.194,3616.040283
20.15835857,259901.2101,4203133.218,3616.040283
20.18753049,259901.1934,4203133.242,3616.040283
20.21670241,259901.1766,4203133.266,3616.038818
20.24587434,259901.1599,4203133.29,3616.038818
20.27504626,259901.1432,4203133.314,3616.039063
20.30421818,259901.1264,4203133.338,3616.039063
20.3333901,259901.1097,4203133.362,3616.03833
20.36256202,259901.093,4203133.386,3616.03833
20.39173395,259901.0763,4203133.409,3616.03833
20.42090587,259901.0595,4203133.433,3616.037354
20.45007779,259901.0428,4203133.457,3616.037354
20.47924971,259901.0261,4203133.481,3616.037598
20.50842164,259901.0093,4203133.505,3616.036621
20.53759356,259900.9926,4203133.529,3616.036621
20.56676548,259900.9759,4203133.553,3616.036621
20.5959374,259900.9591,4203133.577,3616.036621
20.62510932,259900.9424,4203133.601,3616.033447
20.65428125,259900.9257,4203133.625,3616.032715
20.68345317,259900.909,4203133.648,3616.031738
20.71262509,259900.8922,4203133.672,3616.022461
20.74179701,259900.8755,4203133.696,3616.019043
20.77096894,259900.8588,4203133.72,3616.014893
20.80014086,259900.842,4203133.744,3615.999512
20.82931278,259900.8253,4203133.768,3615.993652
20.8584847,259900.8086,4203133.792,3615.987061
20.88765662,259900.7919,4203133.816,3615.979736
20.91682855,259900.7751,4203133.84,3615.965576
20.94600047,259900.7584,4203133.863,3615.958252
20.97517239,259900.7417,4203133.887,3615.951904
21.00434431,259900.7249,4203133.911,3615.943848
21.03351624,259900.7082,4203133.935,3615.938477
21.06268816,259900.6915,4203133.959,3615.932861
21.09186008,259900.6748,4203133.983,3615.923584
21.121032,259900.658,4203134.007,3615.915283
21.15020392,259900.6413,4203134.031,3615.904297
21.17937585,259900.6246,4203134.055,3615.888428
21.20854777,259900.6078,4203134.079,3615.871094
21.23771969,259900.5911,4203134.102,3615.853271
21.26689161,259900.5744,4203134.126,3615.836426
21.29606353,259900.5577,4203134.15,3615.821777
21.32523546,259900.5409,4203134.174,3615.809082
21.35440738,259900.5242,4203134.198,3615.798096
21.3835793,259900.5075,4203134.222,3615.791992
21.41275122,259900.4907,4203134.246,3615.787354
21.44192315,259900.474,4203134.27,3615.780273
21.47109507,259900.4573,4203134.294,3615.772949
21.50026699,259900.4406,4203134.318,3615.766113
21.52943891,259900.4238,4203134.341,3615.75708
21.55861083,259900.4071,4203134.365,3615.750488
21.58778276,259900.3904,4203134.389,3615.746094
21.61695468,259900.3736,4203134.413,3615.740723
21.6461266,259900.3569,4203134.437,3615.734619
21.67529852,259900.3402,4203134.461,3615.728516
21.70447045,259900.3234,4203134.485,3615.720215
21.73364237,259900.3067,4203134.509,3615.709961
21.76281429,259900.29,4203134.533,3615.698975
21.79198621,259900.2733,4203134.557,3615.688965
21.82115813,259900.2565,4203134.58,3615.68335
21.85033006,259900.2398,4203134.604,3615.679443
21.87950198,259900.2231,4203134.628,3615.674805
21.9086739,259900.2063,4203134.652,3615.672363
21.93784582,259900.1896,4203134.676,3615.670166
21.96701775,259900.1729,4203134.7,3615.666992
21.99618967,259900.1562,4203134.724,3615.665039
22.02536159,259900.1394,4203134.748,3615.663574
22.05453351,259900.1227,4203134.772,3615.662354
22.08370543,259900.106,4203134.796,3615.659424
22.11287736,259900.0892,4203134.819,3615.658447
22.14204928,259900.0725,4203134.843,3615.657471
22.1712212,259900.0558,4203134.867,3615.656006
22.20039312,259900.0391,4203134.891,3615.656006
22.22956505,259900.0223,4203134.915,3615.656738
22.25873697,259900.0056,4203134.939,3615.65918
22.28790889,259899.9889,4203134.963,3615.657227
22.31708081,259899.9721,4203134.987,3615.660645
22.34625273,259899.9554,4203135.011,3615.664307
22.37542466,259899.9387,4203135.035,3615.661865
22.40459658,259899.922,4203135.058,3615.66626
22.4337685,259899.9052,4203135.082,3615.670166
22.46294042,259899.8885,4203135.106,3615.666748
22.49211235,259899.8718,4203135.13,3615.669678
22.52128427,259899.855,4203135.154,3615.671143
22.55045619,259899.8383,4203135.178,3615.672607
22.57962811,259899.8216,4203135.202,3615.667236
22.60880003,259899.8048,4203135.226,3615.666992
22.63797196,259899.7881,4203135.25,3615.66626
22.66714388,259899.7714,4203135.274,3615.659912
22.6963158,259899.7547,4203135.297,3615.658203
22.72548772,259899.7379,4203135.321,3615.655518
22.75465965,259899.7212,4203135.345,3615.64624
22.78383157,259899.7045,4203135.369,3615.641113
22.81300349,259899.6877,4203135.393,3615.634033
22.84217541,259899.671,4203135.417,3615.625
22.87134733,259899.6543,4203135.441,3615.612305
22.90051926,259899.6376,4203135.465,3615.605225
22.92969118,259899.6208,4203135.489,3615.596191
22.9588631,259899.6041,4203135.512,3615.587891
22.98803502,259899.5874,4203135.536,3615.57959
23.01720695,259899.5706,4203135.56,3615.571533
23.04637887,259899.5539,4203135.584,3615.565918
23.07555079,259899.5372,4203135.608,3615.560303
23.10472271,259899.5205,4203135.632,3615.554932
23.13389463,259899.5037,4203135.656,3615.547607
23.16306656,259899.487,4203135.68,3615.541748
23.19223848,259899.4703,4203135.704,3615.537354
23.2214104,259899.4535,4203135.728,3615.532227
23.25058232,259899.4368,4203135.751,3615.526367
23.27975425,259899.4201,4203135.775,3615.518311
23.30892617,259899.4034,4203135.799,3615.510498
23.33809809,259899.3866,4203135.823,3615.501953
23.36727001,259899.3699,4203135.847,3615.493408
23.39644193,259899.3532,4203135.871,3615.486572
23.42561386,259899.3364,4203135.895,3615.480713
23.45478578,259899.3197,4203135.919,3615.465332
23.4839577,259899.303,4203135.943,3615.452637
23.51312962,259899.2862,4203135.967,3615.439453
23.54230155,259899.2695,4203135.99,3615.42749
23.57147347,259899.2528,4203136.014,3615.421387
23.60064539,259899.2361,4203136.038,3615.417969
23.62981731,259899.2193,4203136.062,3615.414795
23.65898923,259899.2026,4203136.086,3615.409668
23.68816116,259899.1859,4203136.11,3615.399658
23.71733308,259899.1691,4203136.134,3615.388672
23.746505,259899.1524,4203136.158,3615.378906
23.77567692,259899.1357,4203136.182,3615.372559
23.80484885,259899.119,4203136.206,3615.368896
23.83402077,259899.1022,4203136.229,3615.364502
23.86319269,259899.0855,4203136.253,3615.362549
23.89236461,259899.0688,4203136.277,3615.36084
23.92153653,259899.052,4203136.301,3615.358887
23.95070846,259899.0353,4203136.325,3615.357178
23.97988038,259899.0186,4203136.349,3615.355957
24.0090523,259899.0019,4203136.373,3615.354248
24.03822422,259898.9851,4203136.397,3615.350586
24.06739615,259898.9684,4203136.421,3615.348633
24.09656807,259898.9517,4203136.445,3615.345459
24.12573999,259898.9349,4203136.468,3615.339844
24.15491191,259898.9182,4203136.492,3615.33667
24.18408383,259898.9015,4203136.516,3615.33374
24.21325576,259898.8848,4203136.54,3615.326904
24.24242768,259898.868,4203136.564,3615.323242
24.2715996,259898.8513,4203136.588,3615.319092
24.30077152,259898.8346,4203136.612,3615.316406
24.32994345,259898.8178,4203136.636,3615.309082
24.35911537,259898.8011,4203136.66,3615.307129
24.38828729,259898.7844,4203136.684,3615.305664
24.41745921,259898.7677,4203136.707,3615.299072
24.44663113,259898.7509,4203136.731,3615.298584
24.47580306,259898.7342,4203136.755,3615.298584
24.50497498,259898.7175,4203136.779,3615.293457
24.5341469,259898.7007,4203136.803,3615.293945
24.56331882,259898.684,4203136.827,3615.294678
24.59249075,259898.6673,4203136.851,3615.295654
24.62166267,259898.6505,4203136.875,3615.291992
24.65083459,259898.6338,4203136.899,3615.292969
24.68000651,259898.6171,4203136.923,3615.293457
24.70917843,259898.6004,4203136.946,3615.289551
24.73835036,259898.5836,4203136.97,3615.290771
24.76752228,259898.5669,4203136.994,3615.291504
24.7966942,259898.5502,4203137.018,3615.287598
24.82586612,259898.5334,4203137.042,3615.287842
24.85503805,259898.5167,4203137.066,3615.287842
24.88420997,259898.5,4203137.09,3615.287842
24.91338189,259898.4833,4203137.114,3615.282959
24.94255381,259898.4665,4203137.138,3615.282959
24.97172573,259898.4498,4203137.161,3615.282959
25.00089766,259898.4331,4203137.185,3615.278809
25.03006958,259898.4163,4203137.209,3615.279297
25.0592415,259898.3996,4203137.233,3615.280029
25.08841342,259898.3829,4203137.257,3615.277588
25.11758535,259898.3662,4203137.281,3615.279541
25.14675727,259898.3494,4203137.305,3615.281006
25.17592919,259898.3327,4203137.329,3615.282227
25.20510111,259898.316,4203137.353,3615.28125
25.23427303,259898.2992,4203137.377,3615.282227
25.26344496,259898.2825,4203137.4,3615.282715
25.29261688,259898.2658,4203137.424,3615.282471
25.3217888,259898.2491,4203137.448,3615.282715
25.35096072,259898.2323,4203137.472,3615.282715
25.38013265,259898.2156,4203137.496,3615.282471
25.40930457,259898.1989,4203137.52,3615.282715
25.43847649,259898.1821,4203137.544,3615.282715
25.46764841,259898.1654,4203137.568,3615.282715
25.49682033,259898.1487,4203137.592,3615.282471
25.52599226,259898.1319,4203137.616,3615.281982
25.55516418,259898.1152,4203137.639,3615.28125
25.5843361,259898.0985,4203137.663,3615.280518
25.61350802,259898.0818,4203137.687,3615.279541
25.64267995,259898.065,4203137.711,3615.277588
25.67185187,259898.0483,4203137.735,3615.273438
25.70102379,259898.0316,4203137.759,3615.269043
25.73019571,259898.0148,4203137.783,3615.259277
25.75936763,259897.9981,4203137.807,3615.252197
25.78853956,259897.9814,4203137.831,3615.247803
25.81771148,259897.9647,4203137.855,3615.243164
25.8468834,259897.9479,4203137.878,3615.239502
25.87605532,259897.9312,4203137.902,3615.23584
25.90522725,259897.9145,4203137.926,3615.232422
25.93439917,259897.8977,4203137.95,3615.227783
25.96357109,259897.881,4203137.974,3615.223389
25.99274301,259897.8643,4203137.998,3615.219238
26.02191493,259897.8476,4203138.022,3615.215576
26.05108686,259897.8308,4203138.046,3615.210693
26.08025878,259897.8141,4203138.07,3615.200684
26.1094307,259897.7974,4203138.094,3615.197754
26.13860262,259897.7806,4203138.117,3615.195801
26.16777455,259897.7639,4203138.141,3615.188721
26.19694647,259897.7472,4203138.165,3615.1875
26.22611839,259897.7305,4203138.189,3615.186523
26.25529031,259897.7137,4203138.213,3615.185791
26.28446223,259897.697,4203138.237,3615.179932
26.31363416,259897.6803,4203138.261,3615.179688
26.34280608,259897.6635,4203138.285,3615.179443
26.371978,259897.6468,4203138.309,3615.175293
26.40114992,259897.6301,4203138.333,3615.175781
26.43032185,259897.6134,4203138.356,3615.176758
26.45949377,259897.5966,4203138.38,3615.17334
26.48866569,259897.5799,4203138.404,3615.174316
26.51783761,259897.5632,4203138.428,3615.174805
26.54700953,259897.5464,4203138.452,3615.175293
26.57618146,259897.5297,4203138.476,3615.172119
26.60535338,259897.513,4203138.5,3615.172852
26.6345253,259897.4962,4203138.524,3615.173584
26.66369722,259897.4795,4203138.548,3615.170654
26.69286915,259897.4628,4203138.572,3615.171143
26.72204107,259897.4461,4203138.595,3615.171875
26.75121299,259897.4293,4203138.619,3615.168457
26.78038491,259897.4126,4203138.643,3615.168945
26.80955683,259897.3959,4203138.667,3615.169189
26.83872876,259897.3791,4203138.691,3615.169189
26.86790068,259897.3624,4203138.715,3615.164063
26.8970726,259897.3457,4203138.739,3615.164063
26.92624452,259897.329,4203138.763,3615.163574
26.95541645,259897.3122,4203138.787,3615.157227
26.98458837,259897.2955,4203138.81,3615.156006
27.01376029,259897.2788,4203138.834,3615.155273
27.04293221,259897.262,4203138.858,3615.148926
27.07210413,259897.2453,4203138.882,3615.146973
27.10127606,259897.2286,4203138.906,3615.144775
27.13044798,259897.2119,4203138.93,3615.14209
27.1596199,259897.1951,4203138.954,3615.135986
27.18879182,259897.1784,4203138.978,3615.133789
27.21796375,259897.1617,4203139.002,3615.131592
27.24713567,259897.1449,4203139.026,3615.125977
27.27630759,259897.1282,4203139.049,3615.123047
27.30547951,259897.1115,4203139.073,3615.119385
27.33465143,259897.0948,4203139.097,3615.11377
27.36382336,259897.078,4203139.121,3615.109131
27.39299528,259897.0613,4203139.145,3615.104736
27.4221672,259897.0446,4203139.169,3615.099365
27.45133912,259897.0278,4203139.193,3615.09375
27.48051104,259897.0111,4203139.217,3615.085693
27.50968297,259896.9944,4203139.241,3615.067383
27.53885489,259896.9776,4203139.265,3615.051758
27.56802681,259896.9609,4203139.288,3615.039063
27.59719873,259896.9442,4203139.312,3615.028809
27.62637066,259896.9275,4203139.336,3615.017822
27.65554258,259896.9107,4203139.36,3615.005615
27.6847145,259896.894,4203139.384,3614.99585
27.71388642,259896.8773,4203139.408,3614.987061
27.74305834,259896.8605,4203139.432,3614.977783
27.77223027,259896.8438,4203139.456,3614.970947
27.80140219,259896.8271,4203139.48,3614.964844
27.83057411,259896.8104,4203139.504,3614.959229
27.85974603,259896.7936,4203139.527,3614.953125
27.88891796,259896.7769,4203139.551,3614.94458
27.91808988,259896.7602,4203139.575,3614.929199
27.9472618,259896.7434,4203139.599,3614.90918
27.97643372,259896.7267,4203139.623,3614.883789
28.00560564,259896.71,4203139.647,3614.859375
28.03477757,259896.6933,4203139.671,3614.842773
28.06394949,259896.6765,4203139.695,3614.828613
28.09312141,259896.6598,4203139.719,3614.816895
28.12229333,259896.6431,4203139.743,3614.808594
28.15146526,259896.6263,4203139.766,3614.798584
28.18063718,259896.6096,4203139.79,3614.788086
28.2098091,259896.5929,4203139.814,3614.779541
28.23898102,259896.5762,4203139.838,3614.766357
28.26815294,259896.5594,4203139.862,3614.750488
28.29732487,259896.5427,4203139.886,3614.734375
28.32649679,259896.526,4203139.91,3614.719727
28.35566871,259896.5092,4203139.934,3614.700928
28.38484063,259896.4925,4203139.958,3614.683105
28.41401256,259896.4758,4203139.982,3614.669922
28.44318448,259896.459,4203140.005,3614.652344
28.4723564,259896.4423,4203140.029,3614.632324
28.50152832,259896.4256,4203140.053,3614.612549
28.53070024,259896.4089,4203140.077,3614.590576
28.55987217,259896.3921,4203140.101,3614.571289
28.58904409,259896.3754,4203140.125,3614.543945
28.61821601,259896.3587,4203140.149,3614.522705
28.64738793,259896.3419,4203140.173,3614.501953
28.67655986,259896.3252,4203140.197,3614.488037
28.70573178,259896.3085,4203140.221,3614.47998
28.7349037,259896.2918,4203140.244,3614.470215
28.76407562,259896.275,4203140.268,3614.458984
28.79324754,259896.2583,4203140.292,3614.450928
28.82241947,259896.2416,4203140.316,3614.441162
28.85159139,259896.2248,4203140.34,3614.429932
28.88076331,259896.2081,4203140.364,3614.41748
28.90993523,259896.1914,4203140.388,3614.40625
28.93910716,259896.1747,4203140.412,3614.392578
28.96827908,259896.1579,4203140.436,3614.376953
28.997451,259896.1412,4203140.46,3614.365723
29.02662292,259896.1245,4203140.483,3614.350586
29.05579484,259896.1077,4203140.507,3614.333252
29.08496677,259896.091,4203140.531,3614.316162
29.11413869,259896.0743,4203140.555,3614.303467
29.14331061,259896.0576,4203140.579,3614.285156
29.17248253,259896.0408,4203140.603,3614.268311
29.20165446,259896.0241,4203140.627,3614.25708
29.23082638,259896.0074,4203140.651,3614.23999
29.2599983,259895.9906,4203140.675,3614.223389
29.28917022,259895.9739,4203140.698,3614.213623
29.31834214,259895.9572,4203140.722,3614.200439
29.34751407,259895.9405,4203140.746,3614.187256
29.37668599,259895.9237,4203140.77,3614.178223
29.40585791,259895.907,4203140.794,3614.169434
29.43502983,259895.8903,4203140.818,3614.160889
29.46420176,259895.8735,4203140.842,3614.151367
29.49337368,259895.8568,4203140.866,3614.142578
29.5225456,259895.8401,4203140.89,3614.136963
29.55171752,259895.8233,4203140.914,3614.129639
29.58088944,259895.8066,4203140.937,3614.12207
29.61006137,259895.7899,4203140.961,3614.115967
29.63923329,259895.7732,4203140.985,3614.110352
29.66840521,259895.7564,4203141.009,3614.107666
29.69757713,259895.7397,4203141.033,3614.100098
29.72674906,259895.723,4203141.057,3614.099365
29.75592098,259895.7062,4203141.081,3614.105469
29.7850929,259895.6895,4203141.105,3614.09668
29.81426482,259895.6728,4203141.129,3614.107178
29.84343674,259895.6561,4203141.153,3614.122559
29.87260867,259895.6393,4203141.176,3614.11377
29.90178059,259895.6226,4203141.2,3614.125488
29.93095251,259895.6059,4203141.224,3614.13501
29.96012443,259895.5891,4203141.248,3614.138184
29.98929636,259895.5724,4203141.272,3614.12207
30.01846828,259895.5557,4203141.296,3614.119873
30.0476402,259895.539,4203141.32,3614.114746
30.07681212,259895.5222,4203141.344,3614.092041
30.10598404,259895.5055,4203141.368,3614.080322
30.13515597,259895.4888,4203141.392,3614.064453
30.16432789,259895.472,4203141.415,3614.033691
30.19349981,259895.4553,4203141.439,3614.015381
30.22267173,259895.4386,4203141.463,3613.999512
30.25184366,259895.4219,4203141.487,3613.983154
30.28101558,259895.4051,4203141.511,3613.961426
30.3101875,259895.3884,4203141.535,3613.945801
30.33935942,259895.3717,4203141.559,3613.928711
30.36853134,259895.3549,4203141.583,3613.908936
30.39770327,259895.3382,4203141.607,3613.890869
30.42687519,259895.3215,4203141.631,3613.880371
30.45604711,259895.3047,4203141.654,3613.872803
30.48521903,259895.288,4203141.678,3613.867676
30.51439096,259895.2713,4203141.702,3613.86377
30.54356288,259895.2546,4203141.726,3613.861328
30.5727348,259895.2378,4203141.75,3613.858398
30.60190672,259895.2211,4203141.774,3613.856689
30.63107864,259895.2044,4203141.798,3613.854492
30.66025057,259895.1876,4203141.822,3613.851318
30.68942249,259895.1709,4203141.846,3613.849121
30.71859441,259895.1542,4203141.87,3613.845947
30.74776633,259895.1375,4203141.893,3613.843506
30.77693826,259895.1207,4203141.917,3613.841797
30.80611018,259895.104,4203141.941,3613.8396
30.8352821,259895.0873,4203141.965,3613.837891
30.86445402,259895.0705,4203141.989,3613.836182
30.89362594,259895.0538,4203142.013,3613.828369
30.92279787,259895.0371,4203142.037,3613.812744
30.95196979,259895.0204,4203142.061,3613.802734
30.98114171,259895.0036,4203142.085,3613.791748
31.01031363,259894.9869,4203142.109,3613.7854
31.03948556,259894.9702,4203142.132,3613.782227
31.06865748,259894.9534,4203142.156,3613.778076
31.0978294,259894.9367,4203142.18,3613.774658
31.12700132,259894.92,4203142.204,3613.771729
31.15617324,259894.9033,4203142.228,3613.77002
31.18534517,259894.8865,4203142.252,3613.767578
31.21451709,259894.8698,4203142.276,3613.765137
31.24368901,259894.8531,4203142.3,3613.763428
31.27286093,259894.8363,4203142.324,3613.760986
31.30203286,259894.8196,4203142.347,3613.758057
31.33120478,259894.8029,4203142.371,3613.754639
31.3603767,259894.7861,4203142.395,3613.748535
31.38954862,259894.7694,4203142.419,3613.741211
31.41872054,259894.7527,4203142.443,3613.734863
31.44789247,259894.736,4203142.467,3613.729248
31.47706439,259894.7192,4203142.491,3613.72583
31.50623631,259894.7025,4203142.515,3613.723633
31.53540823,259894.6858,4203142.539,3613.720947
31.56458016,259894.669,4203142.563,3613.719971
31.59375208,259894.6523,4203142.586,3613.718994
31.622924,259894.6356,4203142.61,3613.716797
31.65209592,259894.6189,4203142.634,3613.716309
31.68126784,259894.6021,4203142.658,3613.716064
31.71043977,259894.5854,4203142.682,3613.715576
31.73961169,259894.5687,4203142.706,3613.714111
31.76878361,259894.5519,4203142.73,3613.7146
31.79795553,259894.5352,4203142.754,3613.714844
31.82712746,259894.5185,4203142.778,3613.714111
31.85629938,259894.5018,4203142.802,3613.715088
31.8854713,259894.485,4203142.825,3613.717529
31.91464322,259894.4683,4203142.849,3613.717041
31.94381514,259894.4516,4203142.873,3613.720459
31.97298707,259894.4348,4203142.897,3613.723877
32.00215899,259894.4181,4203142.921,3613.727783
32.03133091,259894.4014,4203142.945,3613.727539
32.06050283,259894.3847,4203142.969,3613.730713
32.08967476,259894.3679,4203142.993,3613.733887
32.11884668,259894.3512,4203143.017,3613.733398
32.1480186,259894.3345,4203143.041,3613.736816
32.17719052,259894.3177,4203143.064,3613.742432
32.20636244,259894.301,4203143.088,3613.740967
32.23553437,259894.2843,4203143.112,3613.748047
32.26470629,259894.2676,4203143.136,3613.755615
32.29387821,259894.2508,4203143.16,3613.764648
32.32305013,259894.2341,4203143.184,3613.763428
32.35222206,259894.2174,4203143.208,3613.774414
32.38139398,259894.2006,4203143.232,3613.786865
32.4105659,259894.1839,4203143.256,3613.788574
32.43973782,259894.1672,4203143.28,3613.800781
32.46890974,259894.1504,4203143.303,3613.813721
32.49808167,259894.1337,4203143.327,3613.815918
32.52725359,259894.117,4203143.351,3613.825439
32.55642551,259894.1003,4203143.375,3613.837158
32.58559743,259894.0835,4203143.399,3613.856934
32.61476936,259894.0668,4203143.423,3613.862305
32.64394128,259894.0501,4203143.447,3613.88623
32.67379367,259894.0322,4203143.471,3613.912354
32.70364607,259894.0143,4203143.495,3613.938721
32.73349846,259893.9963,4203143.518,3613.944336
32.76335086,259893.9784,4203143.542,3613.962646
32.79320325,259893.9605,4203143.566,3613.974854
32.82305565,259893.9426,4203143.59,3613.988281
32.85290804,259893.9247,4203143.614,3613.991455
32.88276044,259893.9068,4203143.638,3614.01001
32.91261283,259893.8889,4203143.662,3614.032227
32.94246523,259893.871,4203143.686,3614.052002
32.97231762,259893.853,4203143.71,3614.05542
33.00217001,259893.8351,4203143.733,3614.075195
33.03202241,259893.8172,4203143.757,3614.094971
33.0618748,259893.7993,4203143.781,3614.114014
33.0917272,259893.7814,4203143.805,3614.116699
33.12157959,259893.7635,4203143.829,3614.13501
33.15143199,259893.7456,4203143.853,3614.150146
33.18128438,259893.7277,4203143.877,3614.165039
33.21113678,259893.7098,4203143.901,3614.168701
33.24098917,259893.6918,4203143.924,3614.18457
33.27084157,259893.6739,4203143.948,3614.201172
33.30069396,259893.656,4203143.972,3614.220459
33.33054636,259893.6381,4203143.996,3614.225586
33.36039875,259893.6202,4203144.02,3614.243164
33.39025115,259893.6023,4203144.044,3614.258789
33.42010354,259893.5844,4203144.068,3614.274414
33.44995594,259893.5665,4203144.092,3614.278809
33.47980833,259893.5486,4203144.116,3614.294922
33.50966073,259893.5306,4203144.139,3614.312012
33.53951312,259893.5127,4203144.163,3614.325439
33.56936551,259893.4948,4203144.187,3614.329102
33.59921791,259893.4769,4203144.211,3614.344482
33.6290703,259893.459,4203144.235,3614.360352
33.6589227,259893.4411,4203144.259,3614.374268
33.68877509,259893.4232,4203144.283,3614.375488
33.71862749,259893.4053,4203144.307,3614.383301
33.74847988,259893.3874,4203144.33,3614.389404
33.77833228,259893.3694,4203144.354,3614.393799
33.80818467,259893.3515,4203144.378,3614.392578
33.83803707,259893.3336,4203144.402,3614.39624
33.86788946,259893.3157,4203144.426,3614.399658
33.89774186,259893.2978,4203144.45,3614.403076
33.92759425,259893.2799,4203144.474,3614.400391
33.95744665,259893.262,4203144.498,3614.403809
33.98729904,259893.2441,4203144.522,3614.406738
34.01715144,259893.2261,4203144.545,3614.40918
34.04700383,259893.2082,4203144.569,3614.406738
34.07685623,259893.1903,4203144.593,3614.409424
34.10670862,259893.1724,4203144.617,3614.412354
34.13656102,259893.1545,4203144.641,3614.415283
34.16641341,259893.1366,4203144.665,3614.411865
34.1962658,259893.1187,4203144.689,3614.415283
34.2261182,259893.1008,4203144.713,3614.419434
34.25597059,259893.0829,4203144.736,3614.42334
34.28582299,259893.0649,4203144.76,3614.419189
34.31567538,259893.047,4203144.784,3614.42334
34.34552778,259893.0291,4203144.808,3614.427002
34.37538017,259893.0112,4203144.832,3614.431152
34.40523257,259892.9933,4203144.856,3614.427979
34.43508496,259892.9754,4203144.88,3614.431641
34.46493736,259892.9575,4203144.904,3614.435303
34.49478975,259892.9396,4203144.928,3614.438477
34.52464215,259892.9217,4203144.951,3614.43457
34.55449454,259892.9037,4203144.975,3614.437256
34.58434694,259892.8858,4203144.999,3614.438965
34.61419933,259892.8679,4203145.023,3614.439941
34.64405173,259892.85,4203145.047,3614.435791
34.67390412,259892.8321,4203145.071,3614.436035
34.70375652,259892.8142,4203145.095,3614.435791
34.73360891,259892.7963,4203145.119,3614.435547
34.76346131,259892.7784,4203145.142,3614.430176
34.7933137,259892.7604,4203145.166,3614.429443
34.82316609,259892.7425,4203145.19,3614.428711
34.85301849,259892.7246,4203145.214,3614.427979
34.88287088,259892.7067,4203145.238,3614.422363
34.91272328,259892.6888,4203145.262,3614.420654
34.94257567,259892.6709,4203145.286,3614.418701
34.97242807,259892.653,4203145.31,3614.416748
35.00228046,259892.6351,4203145.333,3614.411377
35.03213286,259892.6172,4203145.357,3614.409424
35.06198525,259892.5992,4203145.381,3614.408447
35.09183765,259892.5813,4203145.405,3614.407227
35.12169004,259892.5634,4203145.429,3614.403076
35.15154244,259892.5455,4203145.453,3614.402344
35.18139483,259892.5276,4203145.477,3614.401611
35.21124723,259892.5097,4203145.501,3614.401367
35.24109962,259892.4918,4203145.525,3614.396973
35.27095202,259892.4739,4203145.548,3614.396729
35.30080441,259892.456,4203145.572,3614.396973
35.33065681,259892.438,4203145.596,3614.397217
35.3605092,259892.4201,4203145.62,3614.39209
35.3903616,259892.4022,4203145.644,3614.392822
35.42021399,259892.3843,4203145.668,3614.393311
35.45006638,259892.3664,4203145.692,3614.393799
35.47991878,259892.3485,4203145.716,3614.388184
35.50977117,259892.3306,4203145.739,3614.38916
35.53962357,259892.3127,4203145.763,3614.390625
35.56947596,259892.2948,4203145.787,3614.392334
35.59932836,259892.2768,4203145.811,3614.387207
35.62918075,259892.2589,4203145.835,3614.389404
35.65903315,259892.241,4203145.859,3614.392822
35.68888554,259892.2231,4203145.883,3614.395264
35.71873794,259892.2052,4203145.907,3614.39209
35.74859033,259892.1873,4203145.931,3614.395508
35.77844273,259892.1694,4203145.954,3614.397949
35.80829512,259892.1515,4203145.978,3614.39917
35.83814752,259892.1335,4203146.002,3614.395752
35.86799991,259892.1156,4203146.026,3614.396484
35.89785231,259892.0977,4203146.05,3614.397949
35.9277047,259892.0798,4203146.074,3614.398438
35.9575571,259892.0619,4203146.098,3614.39502
35.98740949,259892.044,4203146.122,3614.395508
36.01726189,259892.0261,4203146.145,3614.396484
36.04711428,259892.0082,4203146.169,3614.397949
36.07696667,259891.9903,4203146.193,3614.394775
36.10681907,259891.9723,4203146.217,3614.396484
36.13667146,259891.9544,4203146.241,3614.397949
36.16652386,259891.9365,4203146.265,3614.39917
36.19637625,259891.9186,4203146.289,3614.395996
36.22622865,259891.9007,4203146.313,3614.396973
36.25608104,259891.8828,4203146.337,3614.397705
36.28593344,259891.8649,4203146.36,3614.397217
36.31578583,259891.847,4203146.384,3614.392578
36.34563823,259891.8291,4203146.408,3614.39209
36.37549062,259891.8111,4203146.432,3614.391602
36.40534302,259891.7932,4203146.456,3614.391357
36.43519541,259891.7753,4203146.48,3614.384766
36.46504781,259891.7574,4203146.504,3614.384766
36.4949002,259891.7395,4203146.528,3614.385254
36.5247526,259891.7216,4203146.551,3614.38623
36.55460499,259891.7037,4203146.575,3614.379883
36.58445739,259891.6858,4203146.599,3614.379639
36.61430978,259891.6679,4203146.623,3614.378906
36.64416218,259891.6499,4203146.647,3614.37793
36.67401457,259891.632,4203146.671,3614.369629
36.70386696,259891.6141,4203146.695,3614.368896
36.73371936,259891.5962,4203146.719,3614.368408
36.76357175,259891.5783,4203146.743,3614.368164
36.79342415,259891.5604,4203146.766,3614.361084
36.82327654,259891.5425,4203146.79,3614.361816
36.85312894,259891.5246,4203146.814,3614.362549
36.88298133,259891.5066,4203146.838,3614.363525
36.91283373,259891.4887,4203146.862,3614.358643
36.94268612,259891.4708,4203146.886,3614.359863
36.97253852,259891.4529,4203146.91,3614.361084
37.00239091,259891.435,4203146.934,3614.36377
37.03224331,259891.4171,4203146.957,3614.359375
37.0620957,259891.3992,4203146.981,3614.363037
37.0919481,259891.3813,4203147.005,3614.367432
37.12180049,259891.3634,4203147.029,3614.37207
37.15165289,259891.3454,4203147.053,3614.369629
37.18150528,259891.3275,4203147.077,3614.375244
37.21135768,259891.3096,4203147.101,3614.380859
37.24121007,259891.2917,4203147.125,3614.386719
37.27106247,259891.2738,4203147.149,3614.383545
37.30091486,259891.2559,4203147.172,3614.390137
37.33076725,259891.238,4203147.196,3614.396729
37.36061965,259891.2201,4203147.22,3614.403076
37.39047204,259891.2022,4203147.244,3614.398682
37.42032444,259891.1842,4203147.268,3614.404541
37.45017683,259891.1663,4203147.292,3614.411865
37.48002923,259891.1484,4203147.316,3614.418945
37.50988162,259891.1305,4203147.34,3614.413086
37.53973402,259891.1126,4203147.363,3614.419434
37.56958641,259891.0947,4203147.387,3614.426758
37.59943881,259891.0768,4203147.411,3614.433594
37.6292912,259891.0589,4203147.435,3614.426025
37.6591436,259891.041,4203147.459,3614.431885
37.68899599,259891.023,4203147.483,3614.435059
37.71884839,259891.0051,4203147.507,3614.437256
37.74870078,259890.9872,4203147.531,3614.431396
37.77855318,259890.9693,4203147.555,3614.432861
37.80840557,259890.9514,4203147.578,3614.433838
37.83825797,259890.9335,4203147.602,3614.434082
37.86811036,259890.9156,4203147.626,3614.430664
37.89796276,259890.8977,4203147.65,3614.431152
37.92781515,259890.8797,4203147.674,3614.431152
37.95766754,259890.8618,4203147.698,3614.431152
37.98751994,259890.8439,4203147.722,3614.429199
38.01737233,259890.826,4203147.746,3614.429199
38.04722473,259890.8081,4203147.769,3614.429199
38.07707712,259890.7902,4203147.793,3614.428955
38.10692952,259890.7723,4203147.817,3614.42749
38.13678191,259890.7544,4203147.841,3614.427002
38.16663431,259890.7365,4203147.865,3614.426758
38.1964867,259890.7185,4203147.889,3614.42627
38.2263391,259890.7006,4203147.913,3614.424561
38.25619149,259890.6827,4203147.937,3614.424316
38.28604389,259890.6648,4203147.961,3614.423828
38.31589628,259890.6469,4203147.984,3614.423828
38.34574868,259890.629,4203148.008,3614.422852
38.37560107,259890.6111,4203148.032,3614.422852
38.40545347,259890.5932,4203148.056,3614.422852
38.43530586,259890.5753,4203148.08,3614.422852
38.46515826,259890.5573,4203148.104,3614.421631
38.49501065,259890.5394,4203148.128,3614.421631
38.52486305,259890.5215,4203148.152,3614.421387
38.55471544,259890.5036,4203148.175,3614.421387
38.58456783,259890.4857,4203148.199,3614.420654
38.61442023,259890.4678,4203148.223,3614.420654
38.64427262,259890.4499,4203148.247,3614.420898
38.67412502,259890.432,4203148.271,3614.421143
38.70397741,259890.4141,4203148.295,3614.42041
38.73382981,259890.3961,4203148.319,3614.420898
38.7636822,259890.3782,4203148.343,3614.421631
38.7935346,259890.3603,4203148.366,3614.422363
38.82338699,259890.3424,4203148.39,3614.420898
38.85323939,259890.3245,4203148.414,3614.421387
38.88309178,259890.3066,4203148.438,3614.422363
38.91294418,259890.2887,4203148.462,3614.423096
38.94279657,259890.2708,4203148.486,3614.421143
38.97264897,259890.2528,4203148.51,3614.421875
39.00250136,259890.2349,4203148.534,3614.422363
39.03235376,259890.217,4203148.558,3614.422607
39.06220615,259890.1991,4203148.581,3614.420166
39.09205855,259890.1812,4203148.605,3614.42041
39.12191094,259890.1633,4203148.629,3614.420654
39.15176333,259890.1454,4203148.653,3614.420654
39.18161573,259890.1275,4203148.677,3614.418701
39.21146812,259890.1096,4203148.701,3614.418701
39.24132052,259890.0916,4203148.725,3614.418701
39.27117291,259890.0737,4203148.749,3614.418701
39.30102531,259890.0558,4203148.772,3614.416992
39.3308777,259890.0379,4203148.796,3614.416992
39.3607301,259890.02,4203148.82,3614.416504
39.39058249,259890.0021,4203148.844,3614.415771
39.42043489,259889.9842,4203148.868,3614.412354
39.45028728,259889.9663,4203148.892,3614.410645
39.48013968,259889.9484,4203148.916,3614.407959
39.50999207,259889.9304,4203148.94,3614.404785
39.53984447,259889.9125,4203148.964,3614.398438
39.56969686,259889.8946,4203148.987,3614.394775
39.59954926,259889.8767,4203149.011,3614.390381
39.62940165,259889.8588,4203149.035,3614.387451
39.65925405,259889.8409,4203149.059,3614.380371
39.68910644,259889.823,4203149.083,3614.377197
39.71895884,259889.8051,4203149.107,3614.374268
39.74881123,259889.7872,4203149.131,3614.371338
39.77866362,259889.7692,4203149.155,3614.363281
39.80851602,259889.7513,4203149.178,3614.36084
39.83836841,259889.7334,4203149.202,3614.357666
39.86822081,259889.7155,4203149.226,3614.353516
39.8980732,259889.6976,4203149.25,3614.344482
39.9279256,259889.6797,4203149.274,3614.339355
39.95777799,259889.6618,4203149.298,3614.334717
39.98763039,259889.6439,4203149.322,3614.331055
40.01748278,259889.6259,4203149.346,3614.322754
40.04733518,259889.608,4203149.37,3614.321289
40.07718757,259889.5901,4203149.393,3614.319824
40.10703997,259889.5722,4203149.417,3614.319824
40.13689236,259889.5543,4203149.441,3614.313965
40.16674476,259889.5364,4203149.465,3614.315186
40.19659715,259889.5185,4203149.489,3614.317871
40.22644955,259889.5006,4203149.513,3614.322021
40.25630194,259889.4827,4203149.537,3614.318604
40.28615434,259889.4647,4203149.561,3614.323975
40.31600673,259889.4468,4203149.584,3614.328125
40.34585913,259889.4289,4203149.608,3614.33252
40.37571152,259889.411,4203149.632,3614.331299
40.40556391,259889.3931,4203149.656,3614.335693
40.43541631,259889.3752,4203149.68,3614.338623
40.4652687,259889.3573,4203149.704,3614.341309
40.4951211,259889.3394,4203149.728,3614.34082
40.52497349,259889.3215,4203149.752,3614.342773
40.55482589,259889.3035,4203149.776,3614.344238
40.58467828,259889.2856,4203149.799,3614.345459
40.61453068,259889.2677,4203149.823,3614.345459
40.64438307,259889.2498,4203149.847,3614.34668
40.67423547,259889.2319,4203149.871,3614.3479
40.70408786,259889.214,4203149.895,3614.349121
40.73394026,259889.1961,4203149.919,3614.348633
40.76379265,259889.1782,4203149.943,3614.349854
40.79364505,259889.1603,4203149.967,3614.35083
40.82349744,259889.1423,4203149.99,3614.351563
40.85334984,259889.1244,4203150.014,3614.351074
40.88320223,259889.1065,4203150.038,3614.351563
40.91305463,259889.0886,4203150.062,3614.352295
40.94290702,259889.0707,4203150.086,3614.352783
40.97275942,259889.0528,4203150.11,3614.351563
41.00261181,259889.0349,4203150.134,3614.351807
41.0324642,259889.017,4203150.158,3614.352051
41.0623166,259888.999,4203150.182,3614.352295
41.09216899,259888.9811,4203150.205,3614.350342
41.12202139,259888.9632,4203150.229,3614.350098
41.15187378,259888.9453,4203150.253,3614.349365
41.18172618,259888.9274,4203150.277,3614.348389
41.21157857,259888.9095,4203150.301,3614.344971
41.24143097,259888.8916,4203150.325,3614.343262
41.27128336,259888.8737,4203150.349,3614.342285
41.30113576,259888.8558,4203150.373,3614.341553
41.33098815,259888.8378,4203150.396,3614.337891
41.36084055,259888.8199,4203150.42,3614.33667
41.39069294,259888.802,4203150.444,3614.334961
41.42054534,259888.7841,4203150.468,3614.333252
41.45039773,259888.7662,4203150.492,3614.329346
41.48025013,259888.7483,4203150.516,3614.327881
41.51010252,259888.7304,4203150.54,3614.326416
41.53995492,259888.7125,4203150.564,3614.324951
41.56980731,259888.6946,4203150.588,3614.321289
41.59965971,259888.6766,4203150.611,3614.320801
41.6295121,259888.6587,4203150.635,3614.320557
41.65936449,259888.6408,4203150.659,3614.320557
41.68921689,259888.6229,4203150.683,3614.316895
41.71906928,259888.605,4203150.707,3614.317871
41.74892168,259888.5871,4203150.731,3614.318359
41.77877407,259888.5692,4203150.755,3614.319336
41.80862647,259888.5513,4203150.779,3614.314941
41.83847886,259888.5334,4203150.802,3614.316162
41.86833126,259888.5154,4203150.826,3614.317871
41.89818365,259888.4975,4203150.85,3614.318848
41.92803605,259888.4796,4203150.874,3614.313477
41.95788844,259888.4617,4203150.898,3614.313721
41.98774084,259888.4438,4203150.922,3614.312988
42.01759323,259888.4259,4203150.946,3614.311768
42.04744563,259888.408,4203150.97,3614.305908
42.07729802,259888.3901,4203150.994,3614.304688
42.10715042,259888.3721,4203151.017,3614.302734
42.13700281,259888.3542,4203151.041,3614.300781
42.16685521,259888.3363,4203151.065,3614.292725
42.1967076,259888.3184,4203151.089,3614.289795
42.22656,259888.3005,4203151.113,3614.287109
42.25641239,259888.2826,4203151.137,3614.283936
42.28626478,259888.2647,4203151.161,3614.276855
42.31611718,259888.2468,4203151.185,3614.273682
42.34596957,259888.2289,4203151.208,3614.27002
42.37582197,259888.2109,4203151.232,3614.266602
42.40567436,259888.193,4203151.256,3614.26001
42.43552676,259888.1751,4203151.28,3614.256104
42.46537915,259888.1572,4203151.304,3614.252441
42.49523155,259888.1393,4203151.328,3614.248779
42.52508394,259888.1214,4203151.352,3614.241699
42.55493634,259888.1035,4203151.376,3614.237793
42.58478873,259888.0856,4203151.399,3614.23291
42.61464113,259888.0677,4203151.423,3614.227783
42.64449352,259888.0497,4203151.447,3614.220215
42.67434592,259888.0318,4203151.471,3614.215576
42.70419831,259888.0139,4203151.495,3614.212158
42.73405071,259887.996,4203151.519,3614.208984
42.7639031,259887.9781,4203151.543,3614.204834
42.7937555,259887.9602,4203151.567,3614.202393
42.82360789,259887.9423,4203151.591,3614.199219
42.85346029,259887.9244,4203151.614,3614.196533
42.88331268,259887.9065,4203151.638,3614.190918
42.91316507,259887.8885,4203151.662,3614.187744
42.94301747,259887.8706,4203151.686,3614.185059
42.97286986,259887.8527,4203151.71,3614.182617
43.00272226,259887.8348,4203151.734,3614.177002
43.03257465,259887.8169,4203151.758,3614.174072
43.06242705,259887.799,4203151.782,3614.171631
43.09227944,259887.7811,4203151.805,3614.169434
43.12213184,259887.7632,4203151.829,3614.165283
43.15198423,259887.7452,4203151.853,3614.163086
43.18183663,259887.7273,4203151.877,3614.161377
43.21168902,259887.7094,4203151.901,3614.159424
43.24154142,259887.6915,4203151.925,3614.156006
43.27139381,259887.6736,4203151.949,3614.154785
43.30124621,259887.6557,4203151.973,3614.154541
43.3310986,259887.6378,4203151.997,3614.155518
43.360951,259887.6199,4203152.02,3614.152832
43.39080339,259887.602,4203152.044,3614.155518
43.42065579,259887.584,4203152.068,3614.158936
43.45050818,259887.5661,4203152.092,3614.163086
43.48036058,259887.5482,4203152.116,3614.159668
43.51021297,259887.5303,4203152.14,3614.164063
43.54006536,259887.5124,4203152.164,3614.168213
43.56991776,259887.4945,4203152.188,3614.173828
43.59977015,259887.4766,4203152.211,3614.170166
43.62962255,259887.4587,4203152.235,3614.175049
43.65947494,259887.4408,4203152.259,3614.18042
43.68932734,259887.4228,4203152.283,3614.184814
43.71917973,259887.4049,4203152.307,3614.182373
43.74903213,259887.387,4203152.331,3614.186768
43.77888452,259887.3691,4203152.355,3614.190674
43.80873692,259887.3512,4203152.379,3614.193848
43.83858931,259887.3333,4203152.403,3614.191406
43.86844171,259887.3154,4203152.426,3614.193848
43.8982941,259887.2975,4203152.45,3614.195801
43.9281465,259887.2796,4203152.474,3614.197266
43.95799889,259887.2616,4203152.498,3614.194336
43.98785129,259887.2437,4203152.522,3614.195313
44.01770368,259887.2258,4203152.546,3614.195801
44.04755608,259887.2079,4203152.57,3614.196289
44.07740847,259887.19,4203152.594,3614.192383
44.10726087,259887.1721,4203152.617,3614.193359
44.13711326,259887.1542,4203152.641,3614.194336
44.16696565,259887.1363,4203152.665,3614.195313
44.19681805,259887.1183,4203152.689,3614.191406
44.22667044,259887.1004,4203152.713,3614.192871
44.25652284,259887.0825,4203152.737,3614.19458
44.28637523,259887.0646,4203152.761,3614.196289
44.31622763,259887.0467,4203152.785,3614.192627
44.34608002,259887.0288,4203152.809,3614.193848
44.37593242,259887.0109,4203152.832,3614.19458
44.40578481,259886.993,4203152.856,3614.19458
44.43563721,259886.9751,4203152.88,3614.189209
44.4654896,259886.9571,4203152.904,3614.188477
44.495342,259886.9392,4203152.928,3614.187256
44.52519439,259886.9213,4203152.952,3614.185547
44.55504679,259886.9034,4203152.976,3614.17627
44.58489918,259886.8855,4203153,3614.172607
44.61475158,259886.8676,4203153.023,3614.169678
44.64460397,259886.8497,4203153.047,3614.167725
44.67445637,259886.8318,4203153.071,3614.158203
44.70430876,259886.8139,4203153.095,3614.157715
44.73416115,259886.7959,4203153.119,3614.157227
44.76401355,259886.778,4203153.143,3614.156738
44.79386594,259886.7601,4203153.167,3614.147705
44.82371834,259886.7422,4203153.191,3614.145752
44.85357073,259886.7243,4203153.215,3614.144043
44.88342313,259886.7064,4203153.238,3614.14209
44.91327552,259886.6885,4203153.262,3614.133057
44.94312792,259886.6706,4203153.286,3614.131104
44.97298031,259886.6526,4203153.31,3614.129395
45.00283271,259886.6347,4203153.334,3614.128418
45.0326851,259886.6168,4203153.358,3614.119629
45.0625375,259886.5989,4203153.382,3614.118408
45.09238989,259886.581,4203153.406,3614.117676
45.12224229,259886.5631,4203153.429,3614.115967
45.15209468,259886.5452,4203153.453,3614.106201
45.18194708,259886.5273,4203153.477,3614.103516
45.21179947,259886.5094,4203153.501,3614.098877
45.24165187,259886.4914,4203153.525,3614.092041
45.27150426,259886.4735,4203153.549,3614.078369
45.30135666,259886.4556,4203153.573,3614.072998
45.33120905,259886.4377,4203153.597,3614.06665
45.36106144,259886.4198,4203153.621,3614.064209
45.39091384,259886.4019,4203153.644,3614.053223
45.42076623,259886.384,4203153.668,3614.05127
45.45061863,259886.3661,4203153.692,3614.049805
45.48047102,259886.3482,4203153.716,3614.04834
45.51032342,259886.3302,4203153.74,3614.036621
45.54017581,259886.3123,4203153.764,3614.03418
45.57002821,259886.2944,4203153.788,3614.033203
45.5998806,259886.2765,4203153.812,3614.032959
45.629733,259886.2586,4203153.835,3614.024902
45.65958539,259886.2407,4203153.859,3614.025879
45.68943779,259886.2228,4203153.883,3614.027832
45.71929018,259886.2049,4203153.907,3614.032227
45.74914258,259886.187,4203153.931,3614.026123
45.77899497,259886.169,4203153.955,3614.030762
45.80884737,259886.1511,4203153.979,3614.036621
45.83869976,259886.1332,4203154.003,3614.042969
45.86855216,259886.1153,4203154.027,3614.036621
45.89840455,259886.0974,4203154.05,3614.042236
45.92825695,259886.0795,4203154.074,3614.047607
45.95810934,259886.0616,4203154.098,3614.053955
45.98796173,259886.0437,4203154.122,3614.044922
46.01781413,259886.0257,4203154.146,3614.048096
46.04766652,259886.0078,4203154.17,3614.051758
46.07751892,259885.9899,4203154.194,3614.055176
46.10737131,259885.972,4203154.218,3614.046875
46.13722371,259885.9541,4203154.241,3614.050293
46.1670761,259885.9362,4203154.265,3614.054199
46.1969285,259885.9183,4203154.289,3614.057129
46.22678089,259885.9004,4203154.313,3614.048828
46.25663329,259885.8825,4203154.337,3614.05249
46.28648568,259885.8645,4203154.361,3614.053955
46.31633808,259885.8466,4203154.385,3614.055176
46.34619047,259885.8287,4203154.409,3614.048584
46.37604287,259885.8108,4203154.433,3614.049316
46.40589526,259885.7929,4203154.456,3614.049561
46.43574766,259885.775,4203154.48,3614.048584
46.46560005,259885.7571,4203154.504,3614.041016
46.49545245,259885.7392,4203154.528,3614.039063
46.52530484,259885.7213,4203154.552,3614.035645
46.55515724,259885.7033,4203154.576,3614.033203
46.58500963,259885.6854,4203154.6,3614.023926
46.61486202,259885.6675,4203154.624,3614.021484
46.64471442,259885.6496,4203154.647,3614.018555
46.67456681,259885.6317,4203154.671,3614.015869
46.70441921,259885.6138,4203154.695,3614.007568
46.7342716,259885.5959,4203154.719,3614.004883
46.764124,259885.578,4203154.743,3614.001953
46.79397639,259885.5601,4203154.767,3613.99707
46.82382879,259885.5421,4203154.791,3613.985596
46.85368118,259885.5242,4203154.815,3613.97998
46.88353358,259885.5063,4203154.838,3613.974365
46.91338597,259885.4884,4203154.862,3613.968994
46.94323837,259885.4705,4203154.886,3613.95752
46.97309076,259885.4526,4203154.91,3613.950928
47.00294316,259885.4347,4203154.934,3613.946289
47.03279555,259885.4168,4203154.958,3613.941162
47.06264795,259885.3988,4203154.982,3613.929688
47.09250034,259885.3809,4203155.006,3613.926758
47.12235274,259885.363,4203155.03,3613.92334
47.15220513,259885.3451,4203155.053,3613.921387
47.18205753,259885.3272,4203155.077,3613.916016
47.21190992,259885.3093,4203155.101,3613.914307
47.24176231,259885.2914,4203155.125,3613.912598
47.27161471,259885.2735,4203155.149,3613.910889
47.3014671,259885.2556,4203155.173,3613.906982
47.3313195,259885.2376,4203155.197,3613.905518
47.36117189,259885.2197,4203155.221,3613.904297
47.39102429,259885.2018,4203155.244,3613.903564
47.42087668,259885.1839,4203155.268,3613.899658
47.45072908,259885.166,4203155.292,3613.898926
47.48058147,259885.1481,4203155.316,3613.898193
47.51043387,259885.1302,4203155.34,3613.897705
47.54028626,259885.1123,4203155.364,3613.895996
47.57013866,259885.0944,4203155.388,3613.89624
47.59999105,259885.0764,4203155.412,3613.89624
47.62984345,259885.0585,4203155.436,3613.89624
47.65969584,259885.0406,4203155.459,3613.894775
47.68954824,259885.0227,4203155.483,3613.894775
47.71940063,259885.0048,4203155.507,3613.89502
47.74925303,259884.9869,4203155.531,3613.89502
47.77910542,259884.969,4203155.555,3613.893799
47.80895782,259884.9511,4203155.579,3613.894043
47.83881021,259884.9332,4203155.603,3613.894775
47.8686626,259884.9152,4203155.627,3613.895264
47.898515,259884.8973,4203155.65,3613.894531
47.92836739,259884.8794,4203155.674,3613.895264
47.95821979,259884.8615,4203155.698,3613.896729
47.98807218,259884.8436,4203155.722,3613.89917
48.01792458,259884.8257,4203155.746,3613.897705
48.04777697,259884.8078,4203155.77,3613.900635
48.07762937,259884.7899,4203155.794,3613.903564
48.10748176,259884.7719,4203155.818,3613.907471
48.13733416,259884.754,4203155.842,3613.904541
48.16718655,259884.7361,4203155.865,3613.907959
48.19703895,259884.7182,4203155.889,3613.911377
48.22689134,259884.7003,4203155.913,3613.916016
48.25674374,259884.6824,4203155.937,3613.911865
48.28659613,259884.6645,4203155.961,3613.916748
48.31644853,259884.6466,4203155.985,3613.921143
48.34630092,259884.6287,4203156.009,3613.924561
48.37615332,259884.6107,4203156.033,3613.918945
48.40600571,259884.5928,4203156.056,3613.920898
48.43585811,259884.5749,4203156.08,3613.921631
48.4657105,259884.557,4203156.104,3613.921631
48.49556289,259884.5391,4203156.128,3613.914063
48.52541529,259884.5212,4203156.152,3613.912109
48.55526768,259884.5033,4203156.176,3613.9104
48.58512008,259884.4854,4203156.2,3613.908936
48.61497247,259884.4675,4203156.224,3613.903564
48.64482487,259884.4495,4203156.248,3613.90332
48.67467726,259884.4316,4203156.271,3613.90332
48.70452966,259884.4137,4203156.295,3613.902832
48.73438205,259884.3958,4203156.319,3613.89917
48.76423445,259884.3779,4203156.343,3613.898926
48.79408684,259884.36,4203156.367,3613.898438
48.82393924,259884.3421,4203156.391,3613.897705
48.85379163,259884.3242,4203156.415,3613.894043
48.88364403,259884.3063,4203156.439,3613.893555
48.91349642,259884.2883,4203156.462,3613.892578
48.94334882,259884.2704,4203156.486,3613.891113
48.97320121,259884.2525,4203156.51,3613.887695
49.00305361,259884.2346,4203156.534,3613.885742
49.032906,259884.2167,4203156.558,3613.884521
49.0627584,259884.1988,4203156.582,3613.883057
49.09261079,259884.1809,4203156.606,3613.875977
49.12246318,259884.163,4203156.63,3613.873535
49.15231558,259884.145,4203156.654,3613.869629
49.18216797,259884.1271,4203156.677,3613.866211
49.21202037,259884.1092,4203156.701,3613.85791
49.24187276,259884.0913,4203156.725,3613.85376
49.27172516,259884.0734,4203156.749,3613.849854
49.30157755,259884.0555,4203156.773,3613.846191
49.33142995,259884.0376,4203156.797,3613.84082
49.36128234,259884.0197,4203156.821,3613.838623
49.39113474,259884.0018,4203156.845,3613.836426
49.42098713,259883.9838,4203156.868,3613.834717
49.45083953,259883.9659,4203156.892,3613.82959
49.48069192,259883.948,4203156.916,3613.828369
49.51054432,259883.9301,4203156.94,3613.827637
49.54039671,259883.9122,4203156.964,3613.827148
49.57024911,259883.8943,4203156.988,3613.822998
49.6001015,259883.8764,4203157.012,3613.822998
49.6299539,259883.8585,4203157.036,3613.822998
49.65980629,259883.8406,4203157.06,3613.822998
49.68965869,259883.8226,4203157.083,3613.818359
49.71951108,259883.8047,4203157.107,3613.818359
49.74936347,259883.7868,4203157.131,3613.818604
49.77921587,259883.7689,4203157.155,3613.819092
49.80833525,259883.7523,4203157.179,3613.815186
49.83745462,259883.7356,4203157.203,3613.81665
49.866574,259883.719,4203157.227,3613.818115
49.89569337,259883.7023,4203157.251,3613.820068
49.92481275,259883.6857,4203157.274,3613.816406
49.95393213,259883.669,4203157.298,3613.818604
49.9830515,259883.6524,4203157.322,3613.822266
50.01217088,259883.6357,4203157.346,3613.817139
50.04129026,259883.6191,4203157.37,3613.820313
50.07040963,259883.6024,4203157.394,3613.822998
50.09952901,259883.5858,4203157.418,3613.816162
50.12864839,259883.5691,4203157.442,3613.818848
50.15776776,259883.5525,4203157.466,3613.820068
50.18688714,259883.5358,4203157.489,3613.812256
50.21600651,259883.5192,4203157.513,3613.813721
50.24512589,259883.5025,4203157.537,3613.814209
50.27424527,259883.4859,4203157.561,3613.814697
50.30336464,259883.4692,4203157.585,3613.807861
50.33248402,259883.4526,4203157.609,3613.808838
50.3616034,259883.4359,4203157.633,3613.809082
50.39072277,259883.4193,4203157.657,3613.802002
50.41984215,259883.4026,4203157.681,3613.802979
50.44896152,259883.386,4203157.704,3613.804932
50.4780809,259883.3693,4203157.728,3613.79834
50.50720028,259883.3527,4203157.752,3613.800049
50.53631965,259883.336,4203157.776,3613.800781
50.56543903,259883.3194,4203157.8,3613.79248
50.59455841,259883.3027,4203157.824,3613.783691
50.62367778,259883.2861,4203157.848,3613.782715
50.65279716,259883.2694,4203157.872,3613.781982
50.68191654,259883.2528,4203157.896,3613.772217
50.71103591,259883.2361,4203157.92,3613.770508
50.74015529,259883.2195,4203157.943,3613.769287
50.76927466,259883.2028,4203157.967,3613.759766
50.79839404,259883.1861,4203157.991,3613.758301
50.82751342,259883.1695,4203158.015,3613.757568
50.85663279,259883.1528,4203158.039,3613.755615
50.88575217,259883.1362,4203158.063,3613.745361
50.91487155,259883.1195,4203158.087,3613.743164
50.94399092,259883.1029,4203158.111,3613.741943
50.9731103,259883.0862,4203158.135,3613.730957
51.00222967,259883.0696,4203158.158,3613.729248
51.03134905,259883.0529,4203158.182,3613.728516
51.06046843,259883.0363,4203158.206,3613.71875
51.0895878,259883.0196,4203158.23,3613.718262
51.11870718,259883.003,4203158.254,3613.717285
51.14782656,259882.9863,4203158.278,3613.716797
51.17694593,259882.9697,4203158.302,3613.709473
51.20606531,259882.953,4203158.326,3613.708984
51.23518469,259882.9364,4203158.35,3613.708252
51.26430406,259882.9197,4203158.373,3613.702148
51.29342344,259882.9031,4203158.397,3613.700928
51.32254281,259882.8864,4203158.421,3613.699951
51.35166219,259882.8698,4203158.445,3613.694336
51.38078157,259882.8531,4203158.469,3613.693604
51.40990094,259882.8365,4203158.493,3613.692871
51.43902032,259882.8198,4203158.517,3613.687744
51.4681397,259882.8032,4203158.541,3613.687012
51.49725907,259882.7865,4203158.565,3613.685791
51.52637845,259882.7699,4203158.588,3613.684326
51.55549783,259882.7532,4203158.612,3613.676758
51.5846172,259882.7366,4203158.636,3613.672852
51.61373658,259882.7199,4203158.66,3613.669922
51.64285595,259882.7033,4203158.684,3613.658691
51.67197533,259882.6866,4203158.708,3613.656006
51.70109471,259882.67,4203158.732,3613.653564
51.73021408,259882.6533,4203158.756,3613.642822
51.75933346,259882.6367,4203158.78,3613.640625
51.78845284,259882.62,4203158.803,3613.638184
51.81757221,259882.6034,4203158.827,3613.637207
51.84669159,259882.5867,4203158.851,3613.631348
51.87581096,259882.5701,4203158.875,3613.630859
51.90493034,259882.5534,4203158.899,3613.630127
51.93404972,259882.5368,4203158.923,3613.625732
51.96316909,259882.5201,4203158.947,3613.624268
51.99228847,259882.5035,4203158.971,3613.623047
52.02140785,259882.4868,4203158.995,3613.619385
52.05052722,259882.4702,4203159.018,3613.616943
52.0796466,259882.4535,4203159.042,3613.613037
52.10876598,259882.4369,4203159.066,3613.609131
52.13788535,259882.4202,4203159.09,3613.603271
52.16700473,259882.4036,4203159.114,3613.599121
52.1961241,259882.3869,4203159.138,3613.593994
52.22524348,259882.3703,4203159.162,3613.588379
52.25436286,259882.3536,4203159.186,3613.583008
52.28348223,259882.337,4203159.21,3613.577148
52.31260161,259882.3203,4203159.233,3613.57251
52.34172099,259882.3037,4203159.257,3613.56543
52.37084036,259882.287,4203159.281,3613.557373
52.39995974,259882.2704,4203159.305,3613.550049
52.42907911,259882.2537,4203159.329,3613.540771
52.45819849,259882.2371,4203159.353,3613.534424
52.48731787,259882.2204,4203159.377,3613.530518
52.51643724,259882.2038,4203159.401,3613.526855
52.54555662,259882.1871,4203159.425,3613.522217
52.574676,259882.1705,4203159.448,3613.51709
52.60379537,259882.1538,4203159.472,3613.509766
52.63291475,259882.1372,4203159.496,3613.503174
52.66203413,259882.1205,4203159.52,3613.496338
52.6911535,259882.1039,4203159.544,3613.486816
52.72027288,259882.0872,4203159.568,3613.479492
52.74939225,259882.0706,4203159.592,3613.472168
52.77851163,259882.0539,4203159.616,3613.466797
52.80763101,259882.0373,4203159.64,3613.457275
52.83675038,259882.0206,4203159.663,3613.452393
52.86586976,259882.004,4203159.687,3613.447754
52.89498914,259881.9873,4203159.711,3613.438965
52.92410851,259881.9707,4203159.735,3613.43457
52.95322789,259881.954,4203159.759,3613.429443
52.98234727,259881.9374,4203159.783,3613.420654
53.01146664,259881.9207,4203159.807,3613.416504
53.04058602,259881.9041,4203159.831,3613.412842
53.06970539,259881.8874,4203159.855,3613.409424
53.09882477,259881.8708,4203159.878,3613.402832
53.12794415,259881.8541,4203159.902,3613.398438
53.15706352,259881.8375,4203159.926,3613.394287
53.1861829,259881.8208,4203159.95,3613.385498
53.21530228,259881.8042,4203159.974,3613.379395
53.24442165,259881.7875,4203159.998,3613.369629
53.27354103,259881.7709,4203160.022,3613.353516
53.3026604,259881.7542,4203160.046,3613.343262
53.33177978,259881.7376,4203160.07,3613.332031
53.36089916,259881.7209,4203160.093,3613.320068
53.39001853,259881.7043,4203160.117,3613.301025
53.41913791,259881.6876,4203160.141,3613.289551
53.44825729,259881.671,4203160.165,3613.279053
53.47737666,259881.6543,4203160.189,3613.264648
53.50649604,259881.6377,4203160.213,3613.256348
53.53561542,259881.621,4203160.237,3613.250488
53.56473479,259881.6044,4203160.261,3613.243652
53.59385417,259881.5877,4203160.285,3613.240234
53.62297354,259881.5711,4203160.308,3613.236572
53.65209292,259881.5544,4203160.332,3613.229736
53.6812123,259881.5378,4203160.356,3613.226563
53.71033167,259881.5211,4203160.38,3613.223877
53.73945105,259881.5045,4203160.404,3613.221191
53.76857043,259881.4878,4203160.428,3613.217041
53.7976898,259881.4712,4203160.452,3613.214844
53.82680918,259881.4545,4203160.476,3613.213379
53.85592855,259881.4379,4203160.5,3613.210938
53.88504793,259881.4212,4203160.523,3613.210449
53.91416731,259881.4046,4203160.547,3613.209717
53.94328668,259881.3879,4203160.571,3613.20752
53.97240606,259881.3713,4203160.595,3613.205811
54.00152544,259881.3546,4203160.619,3613.204102
54.03064481,259881.338,4203160.643,3613.202148
54.05976419,259881.3213,4203160.667,3613.196777
54.08888357,259881.3047,4203160.691,3613.194092
54.11800294,259881.288,4203160.715,3613.192871
54.14712232,259881.2714,4203160.738,3613.189209
54.17624169,259881.2547,4203160.762,3613.188965
54.20536107,259881.2381,4203160.786,3613.188965
54.23448045,259881.2214,4203160.81,3613.185791
54.26359982,259881.2048,4203160.834,3613.185791
54.2927192,259881.1881,4203160.858,3613.186035
54.32183858,259881.1715,4203160.882,3613.186768
54.35095795,259881.1548,4203160.906,3613.183838
54.38007733,259881.1382,4203160.93,3613.185059
54.40919671,259881.1215,4203160.953,3613.185791
54.43831608,259881.1049,4203160.977,3613.182129
54.46743546,259881.0882,4203161.001,3613.181641
54.49655483,259881.0716,4203161.025,3613.18042
54.52567421,259881.0549,4203161.049,3613.176514
54.55479359,259881.0383,4203161.073,3613.174316
54.58391296,259881.0216,4203161.097,3613.171143
54.61303234,259881.005,4203161.121,3613.164307
54.64215172,259880.9883,4203161.145,3613.152344
54.67127109,259880.9717,4203161.168,3613.141113
54.70039047,259880.955,4203161.192,3613.130127
54.72950984,259880.9384,4203161.216,3613.116699
54.75862922,259880.9217,4203161.24,3613.105957
54.7877486,259880.9051,4203161.264,3613.098633
54.81686797,259880.8884,4203161.288,3613.091309
54.84598735,259880.8718,4203161.312,3613.087158
54.87510673,259880.8551,4203161.336,3613.083252
54.9042261,259880.8385,4203161.36,3613.076172
54.93334548,259880.8218,4203161.383,3613.070313
54.96246486,259880.8052,4203161.407,3613.061768
54.99158423,259880.7885,4203161.431,3613.051025
55.02070361,259880.7719,4203161.455,3613.039551
55.04982298,259880.7552,4203161.479,3613.031738
55.07894236,259880.7386,4203161.503,3613.023193
55.10806174,259880.7219,4203161.527,3613.013428
55.13718111,259880.7053,4203161.551,3613.00415
55.16630049,259880.6886,4203161.575,3612.996094
55.19541987,259880.672,4203161.598,3612.98877
55.22453924,259880.6553,4203161.622,3612.986328
55.25365862,259880.6387,4203161.646,3612.985107
55.28277799,259880.622,4203161.67,3612.983887
55.31189737,259880.6054,4203161.694,3612.982178
55.34101675,259880.5887,4203161.718,3612.97998
55.37013612,259880.5721,4203161.742,3612.975586
55.3992555,259880.5554,4203161.766,3612.959717
55.42837488,259880.5388,4203161.79,3612.943848
55.45749425,259880.5221,4203161.813,3612.92627
55.48661363,259880.5055,4203161.837,3612.897461
55.51573301,259880.4888,4203161.861,3612.882324
55.54485238,259880.4722,4203161.885,3612.87207
55.57397176,259880.4555,4203161.909,3612.86499
55.60309113,259880.4389,4203161.933,3612.851563
55.63221051,259880.4222,4203161.957,3612.848389
55.66132989,259880.4056,4203161.981,3612.846436
55.69044926,259880.3889,4203162.005,3612.837158
55.71956864,259880.3723,4203162.028,3612.834473
55.74868802,259880.3556,4203162.052,3612.83252
55.77780739,259880.339,4203162.076,3612.825684
55.80692677,259880.3223,4203162.1,3612.824463
55.83604614,259880.3057,4203162.124,3612.822998
55.86516552,259880.289,4203162.148,3612.820313
55.8942849,259880.2724,4203162.172,3612.811768
55.92340427,259880.2557,4203162.196,3612.807861
55.95252365,259880.2391,4203162.22,3612.802002
55.98164303,259880.2224,4203162.244,3612.790527
56.0107624,259880.2058,4203162.267,3612.781982
56.03988178,259880.1891,4203162.291,3612.773682
56.06900116,259880.1725,4203162.315,3612.76123
56.09812053,259880.1558,4203162.339,3612.752197
56.12723991,259880.1392,4203162.363,3612.744873
56.15635928,259880.1225,4203162.387,3612.736816
56.18547866,259880.1059,4203162.411,3612.730713
56.21459804,259880.0892,4203162.435,3612.725586
56.24371741,259880.0726,4203162.459,3612.721436
56.27283679,259880.0559,4203162.482,3612.717285
56.30195617,259880.0393,4203162.506,3612.714111
56.33107554,259880.0226,4203162.53,3612.710205
56.36019492,259880.006,4203162.554,3612.703857
56.3893143,259879.9893,4203162.578,3612.698486
56.41843367,259879.9727,4203162.602,3612.692139
56.44755305,259879.956,4203162.626,3612.677734
56.47667242,259879.9394,4203162.65,3612.667969
56.5057918,259879.9227,4203162.674,3612.657959
56.53491118,259879.9061,4203162.697,3612.647705
56.56403055,259879.8894,4203162.721,3612.63208
56.59314993,259879.8728,4203162.745,3612.623291
56.62226931,259879.8561,4203162.769,3612.615967
56.65138868,259879.8395,4203162.793,3612.608643
56.68050806,259879.8228,4203162.817,3612.607178
56.70962743,259879.8062,4203162.841,3612.606201
56.73874681,259879.7895,4203162.865,3612.60376
56.76786619,259879.7728,4203162.889,3612.603271
56.79698556,259879.7562,4203162.912,3612.603027
56.82610494,259879.7395,4203162.936,3612.602295
56.85522432,259879.7229,4203162.96,3612.600098
56.88434369,259879.7062,4203162.984,3612.599365
56.91346307,259879.6896,4203163.008,3612.598389
56.94258245,259879.6729,4203163.032,3612.594238
56.97170182,259879.6563,4203163.056,3612.591797
57.0008212,259879.6396,4203163.08,3612.589844
57.02994057,259879.623,4203163.104,3612.585205
57.05905995,259879.6063,4203163.127,3612.582275
57.08817933,259879.5897,4203163.151,3612.579834
57.1172987,259879.573,4203163.175,3612.574463
57.14641808,259879.5564,4203163.199,3612.572021
57.17553746,259879.5397,4203163.223,3612.568604
57.20465683,259879.5231,4203163.247,3612.565186
57.23377621,259879.5064,4203163.271,3612.560303
57.26289558,259879.4898,4203163.295,3612.556152
57.29201496,259879.4731,4203163.319,3612.552002
57.32113434,259879.4565,4203163.342,3612.546143
57.35025371,259879.4398,4203163.366,3612.539551
57.37937309,259879.4232,4203163.39,3612.531006
57.40849247,259879.4065,4203163.414,3612.524414
57.43761184,259879.3899,4203163.438,3612.517334
57.46673122,259879.3732,4203163.462,3612.508545
57.4958506,259879.3566,4203163.486,3612.49707
57.52496997,259879.3399,4203163.51,3612.484131
57.55408935,259879.3233,4203163.534,3612.465332
57.58320872,259879.3066,4203163.557,3612.447266
57.6123281,259879.29,4203163.581,3612.43335
57.64144748,259879.2733,4203163.605,3612.420654
57.67056685,259879.2567,4203163.629,3612.411133
57.69968623,259879.24,4203163.653,3612.401611
57.72880561,259879.2234,4203163.677,3612.391113
57.75792498,259879.2067,4203163.701,3612.381348
57.78704436,259879.1901,4203163.725,3612.372803
57.81616374,259879.1734,4203163.749,3612.362793
57.84528311,259879.1568,4203163.772,3612.354248
57.87440249,259879.1401,4203163.796,3612.345703
57.90352186,259879.1235,4203163.82,3612.335938
57.93264124,259879.1068,4203163.844,3612.328857
57.96176062,259879.0902,4203163.868,3612.322021
57.99087999,259879.0735,4203163.892,3612.313721
58.01999937,259879.0569,4203163.916,3612.308594
58.04911875,259879.0402,4203163.94,3612.302979
58.07823812,259879.0236,4203163.964,3612.298096
58.1073575,259879.0069,4203163.987,3612.285156
58.13647687,259878.9903,4203164.011,3612.278809
58.16559625,259878.9736,4203164.035,3612.270752
58.19471563,259878.957,4203164.059,3612.257568
58.223835,259878.9403,4203164.083,3612.250732
58.25295438,259878.9237,4203164.107,3612.243652
58.28207376,259878.907,4203164.131,3612.23291
58.31119313,259878.8904,4203164.155,3612.226563
58.34031251,259878.8737,4203164.179,3612.221924
58.36943189,259878.8571,4203164.202,3612.21582
58.39855126,259878.8404,4203164.226,3612.213623
58.42767064,259878.8238,4203164.25,3612.212402
58.45679001,259878.8071,4203164.274,3612.210938
58.48590939,259878.7905,4203164.298,3612.208252
58.51502877,259878.7738,4203164.322,3612.203857
58.54414814,259878.7572,4203164.346,3612.197266
58.57326752,259878.7405,4203164.37,3612.185547
58.6023869,259878.7239,4203164.394,3612.172607
58.63150627,259878.7072,4203164.417,3612.157227
58.66062565,259878.6906,4203164.441,3612.13916
58.68974502,259878.6739,4203164.465,3612.125977
58.7188644,259878.6573,4203164.489,3612.115723
58.74798378,259878.6406,4203164.513,3612.107422
58.77710315,259878.624,4203164.537,3612.097168
58.80622253,259878.6073,4203164.561,3612.091309
58.83534191,259878.5907,4203164.585,3612.082275
58.86446128,259878.574,4203164.609,3612.071777
58.89358066,259878.5574,4203164.632,3612.063477
58.92270004,259878.5407,4203164.656,3612.054932
58.95181941,259878.5241,4203164.68,3612.04126
58.98093879,259878.5074,4203164.704,3612.031738
59.01005816,259878.4908,4203164.728,3612.021484
59.03917754,259878.4741,4203164.752,3612.012451
59.06829692,259878.4575,4203164.776,3611.996826
59.09741629,259878.4408,4203164.8,3611.988525
59.12653567,259878.4242,4203164.824,3611.978516
59.15565505,259878.4075,4203164.847,3611.965332
59.18477442,259878.3909,4203164.871,3611.955811
59.2138938,259878.3742,4203164.895,3611.944092
59.24301317,259878.3576,4203164.919,3611.926758
59.27213255,259878.3409,4203164.943,3611.915039
59.30125193,259878.3243,4203164.967,3611.904541
59.3303713,259878.3076,4203164.991,3611.891113
59.35949068,259878.291,4203165.015,3611.874268
59.38861006,259878.2743,4203165.039,3611.861572
59.41772943,259878.2577,4203165.062,3611.847412
59.44684881,259878.241,4203165.086,3611.832031
59.47596819,259878.2244,4203165.11,3611.821777
59.50508756,259878.2077,4203165.134,3611.8125
59.53420694,259878.1911,4203165.158,3611.799805
59.56332631,259878.1744,4203165.182,3611.79248
59.59244569,259878.1578,4203165.206,3611.786377
59.62156507,259878.1411,4203165.23,3611.777588
59.65068444,259878.1245,4203165.254,3611.776123
59.67980382,259878.1078,4203165.277,3611.776367
59.7089232,259878.0912,4203165.301,3611.777588
59.73804257,259878.0745,4203165.325,3611.774902
59.76716195,259878.0579,4203165.349,3611.775879
59.79628133,259878.0412,4203165.373,3611.777588
59.8254007,259878.0246,4203165.397,3611.774658
59.85452008,259878.0079,4203165.421,3611.775879
59.88363945,259877.9913,4203165.445,3611.777344
59.91275883,259877.9746,4203165.469,3611.774658
59.94187821,259877.958,4203165.492,3611.775391
59.97099758,259877.9413,4203165.516,3611.775635
60.00011696,259877.9247,4203165.54,3611.775635
60.02923634,259877.908,4203165.564,3611.772705
60.05835571,259877.8914,4203165.588,3611.772461
60.08747509,259877.8747,4203165.612,3611.771973
60.11659446,259877.8581,4203165.636,3611.769043
60.14571384,259877.8414,4203165.66,3611.768066
60.17483322,259877.8248,4203165.684,3611.766357
60.20395259,259877.8081,4203165.707,3611.759277
60.23307197,259877.7915,4203165.731,3611.752686
60.26219135,259877.7748,4203165.755,3611.744141
60.29131072,259877.7582,4203165.779,3611.735107
60.3204301,259877.7415,4203165.803,3611.72583
60.34954948,259877.7249,4203165.827,3611.713379
60.37866885,259877.7082,4203165.851,3611.699951
60.40778823,259877.6916,4203165.875,3611.686035
60.4369076,259877.6749,4203165.899,3611.672852
60.46602698,259877.6583,4203165.922,3611.656006
60.49514636,259877.6416,4203165.946,3611.637695
60.52426573,259877.625,4203165.97,3611.621582
60.55338511,259877.6083,4203165.994,3611.607666
60.58250449,259877.5917,4203166.018,3611.59668
60.61162386,259877.575,4203166.042,3611.584473
60.64074324,259877.5584,4203166.066,3611.569824
60.66986261,259877.5417,4203166.09,3611.557617
60.69898199,259877.5251,4203166.114,3611.543701
60.72810137,259877.5084,4203166.137,3611.525146
60.75722074,259877.4918,4203166.161,3611.503662
60.78634012,259877.4751,4203166.185,3611.474854
60.8154595,259877.4585,4203166.209,3611.449951
60.84457887,259877.4418,4203166.233,3611.42627
60.87369825,259877.4252,4203166.257,3611.404297
60.90281763,259877.4085,4203166.281,3611.381104
60.931937,259877.3919,4203166.305,3611.364014
60.96105638,259877.3752,4203166.329,3611.354492
60.99017575,259877.3586,4203166.352,3611.349609
61.01929513,259877.3419,4203166.376,3611.344971
61.04841451,259877.3253,4203166.4,3611.339844
61.07753388,259877.3086,4203166.424,3611.334961
61.10665326,259877.292,4203166.448,3611.32959
61.13577264,259877.2753,4203166.472,3611.32251
61.16489201,259877.2587,4203166.496,3611.314209
61.19401139,259877.242,4203166.52,3611.304932
61.22313077,259877.2254,4203166.544,3611.297119
61.25225014,259877.2087,4203166.567,3611.290771
61.28136952,259877.1921,4203166.591,3611.283447
61.31048889,259877.1754,4203166.615,3611.27417
61.33960827,259877.1588,4203166.639,3611.26416
61.36872765,259877.1421,4203166.663,3611.253174
61.39784702,259877.1255,4203166.687,3611.240479
61.4269664,259877.1088,4203166.711,3611.225586
61.45608578,259877.0922,4203166.735,3611.211182
61.48520515,259877.0755,4203166.759,3611.196777
61.51432453,259877.0589,4203166.783,3611.184082
61.5434439,259877.0422,4203166.806,3611.17627
61.57256328,259877.0256,4203166.83,3611.168945
61.60168266,259877.0089,4203166.854,3611.166748
61.63080203,259876.9923,4203166.878,3611.165283
61.65992141,259876.9756,4203166.902,3611.15918
61.68904079,259876.959,4203166.926,3611.158691
61.71816016,259876.9423,4203166.95,3611.158203
61.74727954,259876.9257,4203166.974,3611.153076
61.77639892,259876.909,4203166.998,3611.152588
61.80551829,259876.8924,4203167.021,3611.150635
61.83463767,259876.8757,4203167.045,3611.145508
61.86375704,259876.8591,4203167.069,3611.143555
61.89287642,259876.8424,4203167.093,3611.141357
61.9219958,259876.8258,4203167.117,3611.137451
61.95111517,259876.8091,4203167.141,3611.127441
61.98023455,259876.7925,4203167.165,3611.118408
62.00935393,259876.7758,4203167.189,3611.106689
62.0384733,259876.7592,4203167.213,3611.087158
62.06759268,259876.7425,4203167.236,3611.067627
62.09671205,259876.7259,4203167.26,3611.038086
62.12583143,259876.7092,4203167.284,3611.015137
62.15495081,259876.6926,4203167.308,3610.993164
62.18407018,259876.6759,4203167.332,3610.966553
62.21318956,259876.6593,4203167.356,3610.938721
62.24230894,259876.6426,4203167.38,3610.921387
62.27142831,259876.626,4203167.404,3610.901123
62.30054769,259876.6093,4203167.428,3610.887451
62.32966707,259876.5927,4203167.451,3610.880371
62.35878644,259876.576,4203167.475,3610.874756
62.38790582,259876.5594,4203167.499,3610.872559
62.41702519,259876.5427,4203167.523,3610.870117
62.44614457,259876.5261,4203167.547,3610.868408
62.47526395,259876.5094,4203167.571,3610.866455
62.50438332,259876.4928,4203167.595,3610.86499
62.5335027,259876.4761,4203167.619,3610.863281
62.56262208,259876.4595,4203167.643,3610.862061
62.59174145,259876.4428,4203167.666,3610.861328
62.62086083,259876.4262,4203167.69,3610.861084
62.6499802,259876.4095,4203167.714,3610.860352
62.67909958,259876.3928,4203167.738,3610.858398
62.70821896,259876.3762,4203167.762,3610.854248
62.73733833,259876.3595,4203167.786,3610.849609
62.76645771,259876.3429,4203167.81,3610.843994
62.79557709,259876.3262,4203167.834,3610.836182
62.82469646,259876.3096,4203167.858,3610.824219
62.85381584,259876.2929,4203167.881,3610.810547
62.88293522,259876.2763,4203167.905,3610.796875
62.91205459,259876.2596,4203167.929,3610.782471
62.94117397,259876.243,4203167.953,3610.771729
62.97029334,259876.2263,4203167.977,3610.761475
62.99941272,259876.2097,4203168.001,3610.750488
63.0285321,259876.193,4203168.025,3610.744873
63.05765147,259876.1764,4203168.049,3610.738037
63.08677085,259876.1597,4203168.073,3610.727783
63.11589023,259876.1431,4203168.096,3610.719727
63.1450096,259876.1264,4203168.12,3610.711426
63.17412898,259876.1098,4203168.144,3610.700439
63.20324836,259876.0931,4203168.168,3610.689697
63.23236773,259876.0765,4203168.192,3610.680176
63.26148711,259876.0598,4203168.216,3610.672119
63.29060648,259876.0432,4203168.24,3610.665771
63.31972586,259876.0265,4203168.264,3610.660156
63.34884524,259876.0099,4203168.288,3610.653564
63.37796461,259875.9932,4203168.311,3610.644775
63.40708399,259875.9766,4203168.335,3610.63916
63.43620337,259875.9599,4203168.359,3610.63208
63.46532274,259875.9433,4203168.383,3610.624512
63.49444212,259875.9266,4203168.407,3610.614014
63.52356149,259875.91,4203168.431,3610.607178
63.55268087,259875.8933,4203168.455,3610.599609
63.58180025,259875.8767,4203168.479,3610.592041
63.61091962,259875.86,4203168.503,3610.585449
63.640039,259875.8434,4203168.526,3610.578857
63.66915838,259875.8267,4203168.55,3610.570313
63.69827775,259875.8101,4203168.574,3610.562744
63.72739713,259875.7934,4203168.598,3610.553223
63.75651651,259875.7768,4203168.622,3610.541748
63.78563588,259875.7601,4203168.646,3610.525635
63.81475526,259875.7435,4203168.67,3610.509521
63.84387463,259875.7268,4203168.694,3610.489502
63.87299401,259875.7102,4203168.718,3610.467041
63.90211339,259875.6935,4203168.741,3610.44043
63.93123276,259875.6769,4203168.765,3610.416504
63.96035214,259875.6602,4203168.789,3610.403076
63.98947152,259875.6436,4203168.813,3610.391357
64.01859089,259875.6269,4203168.837,3610.380859
64.04771027,259875.6103,4203168.861,3610.370361
64.07682964,259875.5936,4203168.885,3610.362305
64.10594902,259875.577,4203168.909,3610.352295
64.1350684,259875.5603,4203168.933,3610.340332
64.16418777,259875.5437,4203168.956,3610.325684
64.19330715,259875.527,4203168.98,3610.306396
64.22242653,259875.5104,4203169.004,3610.287354
64.2515459,259875.4937,4203169.028,3610.270264
64.28066528,259875.4771,4203169.052,3610.254395
64.30978466,259875.4604,4203169.076,3610.242676
64.33890403,259875.4438,4203169.1,3610.231934
64.36802341,259875.4271,4203169.124,3610.224121
64.39714278,259875.4105,4203169.148,3610.217041
64.42626216,259875.3938,4203169.171,3610.211182
64.45538154,259875.3772,4203169.195,3610.203857
64.48450091,259875.3605,4203169.219,3610.199463
64.51362029,259875.3439,4203169.243,3610.195313
64.54273967,259875.3272,4203169.267,3610.188721
64.57185904,259875.3106,4203169.291,3610.186768
64.60097842,259875.2939,4203169.315,3610.185303
64.6300978,259875.2773,4203169.339,3610.179688
64.65921717,259875.2606,4203169.363,3610.179932
64.68833655,259875.244,4203169.386,3610.181641
64.71745592,259875.2273,4203169.41,3610.184326
64.7465753,259875.2107,4203169.434,3610.181396
64.77569468,259875.194,4203169.458,3610.185059
64.80481405,259875.1774,4203169.482,3610.190918
64.83393343,259875.1607,4203169.506,3610.189697
64.86305281,259875.1441,4203169.53,3610.196777
64.89217218,259875.1274,4203169.554,3610.205566
64.92129156,259875.1108,4203169.578,3610.207031
64.95041093,259875.0941,4203169.601,3610.21582
64.97953031,259875.0775,4203169.625,3610.228027
65.00864969,259875.0608,4203169.649,3610.240234
65.03776906,259875.0442,4203169.673,3610.243408
65.06688844,259875.0275,4203169.697,3610.258057
65.09600782,259875.0109,4203169.721,3610.275635
65.12779673,259874.9899,4203169.745,3610.282227
65.15958564,259874.969,4203169.769,3610.300781
65.19137455,259874.9481,4203169.793,3610.320068
65.22316347,259874.9271,4203169.817,3610.336914
65.25495238,259874.9062,4203169.841,3610.351318
65.28674129,259874.8853,4203169.864,3610.367676
65.3185302,259874.8643,4203169.888,3610.386963
65.35031911,259874.8434,4203169.912,3610.407471
65.38210803,259874.8225,4203169.936,3610.429932
65.41389694,259874.8015,4203169.96,3610.439697
65.44568585,259874.7806,4203169.984,3610.456299
65.47747476,259874.7597,4203170.008,3610.468506
65.50926368,259874.7387,4203170.032,3610.480225
65.54105259,259874.7178,4203170.056,3610.491943
65.5728415,259874.6969,4203170.08,3610.498779
65.60463041,259874.6759,4203170.104,3610.503418
65.63641933,259874.655,4203170.128,3610.505859
65.66820824,259874.6341,4203170.152,3610.505371
65.69999715,259874.6131,4203170.175,3610.50708
65.73178606,259874.5922,4203170.199,3610.508545
65.76357497,259874.5713,4203170.223,3610.51001
65.79536389,259874.5504,4203170.247,3610.510742
65.8271528,259874.5294,4203170.271,3610.51123
65.85894171,259874.5085,4203170.295,3610.51123
65.89073062,259874.4876,4203170.319,3610.510498
65.92251954,259874.4666,4203170.343,3610.507813
65.95430845,259874.4457,4203170.367,3610.504883
65.98609736,259874.4248,4203170.391,3610.500977
66.01788627,259874.4038,4203170.415,3610.495117
66.04967519,259874.3829,4203170.439,3610.490723
66.0814641,259874.362,4203170.463,3610.487305
66.11325301,259874.341,4203170.486,3610.484131
66.14504192,259874.3201,4203170.51,3610.482178
66.17683083,259874.2992,4203170.534,3610.4729
66.20861975,259874.2782,4203170.558,3610.471436
66.24040866,259874.2573,4203170.582,3610.469727
66.27219757,259874.2364,4203170.606,3610.468506
66.30398648,259874.2154,4203170.63,3610.468262
66.3357754,259874.1945,4203170.654,3610.469238
66.36756431,259874.1736,4203170.678,3610.47168
66.39935322,259874.1526,4203170.702,3610.476563
66.43114213,259874.1317,4203170.726,3610.466553
66.46293104,259874.1108,4203170.75,3610.471924
66.49471996,259874.0898,4203170.774,3610.478027
66.52650887,259874.0689,4203170.797,3610.483398
66.55829778,259874.048,4203170.821,3610.488281
66.59008669,259874.027,4203170.845,3610.491943
66.62187561,259874.0061,4203170.869,3610.496338
66.65366452,259873.9852,4203170.893,3610.499756
66.68545343,259873.9642,4203170.917,3610.495605
66.71724234,259873.9433,4203170.941,3610.499512
66.74903126,259873.9224,4203170.965,3610.503174
66.78082017,259873.9014,4203170.989,3610.506104
66.81260908,259873.8805,4203171.013,3610.509521
66.84439799,259873.8596,4203171.037,3610.515137
66.8761869,259873.8386,4203171.061,3610.522949
66.90797582,259873.8177,4203171.085,3610.532471
66.93976473,259873.7968,4203171.108,3610.532715
66.97155364,259873.7758,4203171.132,3610.541016
67.00334255,259873.7549,4203171.156,3610.551025
67.03513147,259873.734,4203171.18,3610.563721
67.06692038,259873.713,4203171.204,3610.573975
67.09870929,259873.6921,4203171.228,3610.585205
67.1304982,259873.6712,4203171.252,3610.594727
67.16228712,259873.6502,4203171.276,3610.602051
67.19407603,259873.6293,4203171.3,3610.608154
67.22586494,259873.6084,4203171.324,3610.605225
67.25765385,259873.5874,4203171.348,3610.609131
67.28944276,259873.5665,4203171.372,3610.612549
67.32123168,259873.5456,4203171.396,3610.615479
67.35302059,259873.5246,4203171.419,3610.617676
67.3848095,259873.5037,4203171.443,3610.618896
67.41659841,259873.4828,4203171.467,3610.619629
67.44838733,259873.4618,4203171.491,3610.620117
67.48017624,259873.4409,4203171.515,3610.61499
67.51196515,259873.42,4203171.539,3610.615234
67.54375406,259873.399,4203171.563,3610.615723
67.57554298,259873.3781,4203171.587,3610.615723
67.60733189,259873.3572,4203171.611,3610.615967
67.6391208,259873.3362,4203171.635,3610.616455
67.67090971,259873.3153,4203171.659,3610.616699
67.70269862,259873.2944,4203171.683,3610.617188
67.73448754,259873.2734,4203171.707,3610.61377
67.76627645,259873.2525,4203171.73,3610.61499
67.79806536,259873.2316,4203171.754,3610.616455
67.82985427,259873.2106,4203171.778,3610.618164
67.86164319,259873.1897,4203171.802,3610.620361
67.8934321,259873.1688,4203171.826,3610.623291
67.92522101,259873.1478,4203171.85,3610.625977
67.95700992,259873.1269,4203171.874,3610.629395
67.98879884,259873.106,4203171.898,3610.628662
68.02058775,259873.085,4203171.922,3610.633057
68.05237666,259873.0641,4203171.946,3610.637451
68.08416557,259873.0432,4203171.97,3610.642822
68.11595448,259873.0222,4203171.994,3610.649414
68.1477434,259873.0013,4203172.018,3610.657471
68.17953231,259872.9804,4203172.041,3610.666016
68.21132122,259872.9594,4203172.065,3610.673096
68.24311013,259872.9385,4203172.089,3610.674561
68.27489905,259872.9176,4203172.113,3610.678955
68.30668796,259872.8966,4203172.137,3610.685547
68.33847687,259872.8757,4203172.161,3610.695068
68.37026578,259872.8548,4203172.185,3610.707275
68.4020547,259872.8338,4203172.209,3610.720947
68.43384361,259872.8129,4203172.233,3610.733154
68.46563252,259872.792,4203172.257,3610.742676
68.49742143,259872.771,4203172.281,3610.745361
68.52921034,259872.7501,4203172.305,3610.756592
68.56099926,259872.7292,4203172.329,3610.774414
68.59278817,259872.7082,4203172.353,3610.792236
68.62457708,259872.6873,4203172.376,3610.806885
68.65636599,259872.6664,4203172.4,3610.821777
68.68815491,259872.6454,4203172.424,3610.835205
68.71994382,259872.6245,4203172.448,3610.846191
68.75173273,259872.6036,4203172.472,3610.849365
68.78352164,259872.5826,4203172.496,3610.856934
68.81531055,259872.5617,4203172.52,3610.863281
68.84709947,259872.5408,4203172.544,3610.869141
68.87888838,259872.5198,4203172.568,3610.875244
68.91067729,259872.4989,4203172.592,3610.881836
68.9424662,259872.478,4203172.616,3610.890625
68.97425512,259872.457,4203172.64,3610.897949
69.00604403,259872.4361,4203172.664,3610.898926
69.03783294,259872.4152,4203172.687,3610.907471
69.06962185,259872.3942,4203172.711,3610.917969
69.10141077,259872.3733,4203172.735,3610.929199
69.13319968,259872.3524,4203172.759,3610.938232
69.16498859,259872.3314,4203172.783,3610.947021
69.1967775,259872.3105,4203172.807,3610.956299
69.22856641,259872.2896,4203172.831,3610.96582
69.26035533,259872.2686,4203172.855,3610.97583
69.29214424,259872.2477,4203172.879,3610.97876
69.32393315,259872.2268,4203172.903,3610.98999
69.35572206,259872.2058,4203172.927,3611.003662
69.38751098,259872.1849,4203172.951,3611.024658
69.41929989,259872.164,4203172.975,3611.048584
69.4510888,259872.143,4203172.998,3611.071533
69.48287771,259872.1221,4203173.022,3611.089844
69.51466663,259872.1012,4203173.046,3611.101807
69.54645554,259872.0802,4203173.07,3611.106689
69.57824445,259872.0593,4203173.094,3611.11792
69.61003336,259872.0384,4203173.118,3611.134033
69.64182227,259872.0174,4203173.142,3611.150391
69.67361119,259871.9965,4203173.166,3611.165039
69.7054001,259871.9756,4203173.19,3611.176758
69.73718901,259871.9546,4203173.214,3611.184326
69.76897792,259871.9337,4203173.238,3611.19043
69.80076684,259871.9128,4203173.262,3611.197021
69.83255575,259871.8918,4203173.286,3611.204102
69.86434466,259871.8709,4203173.309,3611.210449
69.89613357,259871.85,4203173.333,3611.216553
69.92792249,259871.829,4203173.357,3611.223145
69.9597114,259871.8081,4203173.381,3611.226563
69.99150031,259871.7872,4203173.405,3611.229492
70.02328922,259871.7662,4203173.429,3611.234863
70.05507813,259871.7453,4203173.453,3611.241455
70.08686705,259871.7244,4203173.477,3611.26001
70.11865596,259871.7034,4203173.501,3611.277344
70.15044487,259871.6825,4203173.525,3611.287354
70.18223378,259871.6616,4203173.549,3611.294922
70.2140227,259871.6406,4203173.573,3611.303223
70.24581161,259871.6197,4203173.597,3611.313477
70.27760052,259871.5988,4203173.62,3611.325684
70.30938943,259871.5778,4203173.644,3611.33374
70.34117835,259871.5569,4203173.668,3611.346191
70.37296726,259871.536,4203173.692,3611.361816
70.40475617,259871.515,4203173.716,3611.37915
70.43654508,259871.4941,4203173.74,3611.396729
70.46833399,259871.4732,4203173.764,3611.404541
70.50012291,259871.4522,4203173.788,3611.406982
70.53191182,259871.4313,4203173.812,3611.408691
70.56370073,259871.4104,4203173.836,3611.409424
70.59548964,259871.3894,4203173.86,3611.410645
70.62727856,259871.3685,4203173.884,3611.411621
70.65906747,259871.3476,4203173.908,3611.412354
70.69085638,259871.3266,4203173.931,3611.41333
70.72264529,259871.3057,4203173.955,3611.414063
70.7544342,259871.2848,4203173.979,3611.414795
70.78622312,259871.2638,4203174.003,3611.414795
70.81801203,259871.2429,4203174.027,3611.413574
70.84980094,259871.222,4203174.051,3611.413574
70.88158985,259871.201,4203174.075,3611.413574
70.91337877,259871.1801,4203174.099,3611.414307
70.94516768,259871.1592,4203174.123,3611.415527
70.97695659,259871.1382,4203174.147,3611.417236
71.0087455,259871.1173,4203174.171,3611.419922
71.04053442,259871.0964,4203174.195,3611.424805
71.07232333,259871.0754,4203174.219,3611.425781
71.10411224,259871.0545,4203174.242,3611.432129
71.13590115,259871.0336,4203174.266,3611.438965
71.16769006,259871.0126,4203174.29,3611.445068
71.19947898,259870.9917,4203174.314,3611.452393
71.23126789,259870.9708,4203174.338,3611.462158
71.2630568,259870.9498,4203174.362,3611.474365
71.29484571,259870.9289,4203174.386,3611.487061
71.32663463,259870.908,4203174.41,3611.503662
71.35842354,259870.887,4203174.434,3611.506104
71.39021245,259870.8661,4203174.458,3611.519043
71.42200136,259870.8452,4203174.482,3611.531494
71.45379028,259870.8243,4203174.506,3611.540527
71.48557919,259870.8033,4203174.53,3611.550537
71.5173681,259870.7824,4203174.553,3611.558105
71.54915701,259870.7615,4203174.577,3611.566162
71.58094592,259870.7405,4203174.601,3611.574707
71.61273484,259870.7196,4203174.625,3611.572998
71.64452375,259870.6987,4203174.649,3611.580566
71.67631266,259870.6777,4203174.673,3611.588867
71.70810157,259870.6568,4203174.697,3611.597168
71.73989049,259870.6359,4203174.721,3611.606201
71.7716794,259870.6149,4203174.745,3611.61499
71.80346831,259870.594,4203174.769,3611.623779
71.83525722,259870.5731,4203174.793,3611.634766
71.86704614,259870.5521,4203174.817,3611.631836
71.89883505,259870.5312,4203174.841,3611.640869
71.93062396,259870.5103,4203174.864,3611.651611
71.96241287,259870.4893,4203174.888,3611.662354
71.99420178,259870.4684,4203174.912,3611.671631
72.0259907,259870.4475,4203174.936,3611.680908
72.05777961,259870.4265,4203174.96,3611.689209
72.08956852,259870.4056,4203174.984,3611.696777
72.12135743,259870.3847,4203175.008,3611.692871
72.15314635,259870.3637,4203175.032,3611.699707
72.18493526,259870.3428,4203175.056,3611.705322
72.21672417,259870.3219,4203175.08,3611.709717
72.24851308,259870.3009,4203175.104,3611.7146
72.280302,259870.28,4203175.128,3611.720459
72.31209091,259870.2591,4203175.152,3611.725342
72.34387982,259870.2381,4203175.175,3611.72876
72.37566873,259870.2172,4203175.199,3611.726563
72.40745764,259870.1963,4203175.223,3611.729492
72.43924656,259870.1753,4203175.247,3611.732666
72.47103547,259870.1544,4203175.271,3611.735596
72.50282438,259870.1335,4203175.295,3611.740234
72.53461329,259870.1125,4203175.319,3611.744873
72.56640221,259870.0916,4203175.343,3611.75
72.59819112,259870.0707,4203175.367,3611.756104
72.62998003,259870.0497,4203175.391,3611.754883
72.66176894,259870.0288,4203175.415,3611.759766
72.69355785,259870.0079,4203175.439,3611.762207
72.72534677,259869.9869,4203175.463,3611.764404
72.75713568,259869.966,4203175.486,3611.766357
72.78892459,259869.9451,4203175.51,3611.768799
72.8207135,259869.9241,4203175.534,3611.772461
72.85250242,259869.9032,4203175.558,3611.775146
72.88429133,259869.8823,4203175.582,3611.773193
72.91608024,259869.8613,4203175.606,3611.776123
72.94786915,259869.8404,4203175.63,3611.780762
72.97965807,259869.8195,4203175.654,3611.787842
73.01144698,259869.7985,4203175.678,3611.794922
73.04323589,259869.7776,4203175.702,3611.803223
73.0750248,259869.7567,4203175.726,3611.811035
73.10681371,259869.7357,4203175.75,3611.819092
73.13860263,259869.7148,4203175.774,3611.817383
73.17039154,259869.6939,4203175.798,3611.82373
73.20218045,259869.6729,4203175.821,3611.827881
73.23396936,259869.652,4203175.845,3611.831055
73.26575828,259869.6311,4203175.869,3611.834229
73.29754719,259869.6101,4203175.893,3611.838135
73.3293361,259869.5892,4203175.917,3611.841553
73.36112501,259869.5683,4203175.941,3611.845703
73.39291393,259869.5473,4203175.965,3611.851318
73.42470284,259869.5264,4203175.989,3611.848633
73.45649175,259869.5055,4203176.013,3611.854248
73.48828066,259869.4845,4203176.037,3611.859619
73.52006957,259869.4636,4203176.061,3611.868164
73.55185849,259869.4427,4203176.085,3611.882813
73.5836474,259869.4217,4203176.109,3611.904053
73.61543631,259869.4008,4203176.132,3611.91748
73.64722522,259869.3799,4203176.156,3611.922607
73.67901414,259869.3589,4203176.18,3611.923096
73.71080305,259869.338,4203176.204,3611.924805
73.74259196,259869.3171,4203176.228,3611.925781
73.77438087,259869.2961,4203176.252,3611.926758
73.80616979,259869.2752,4203176.276,3611.928223
73.8379587,259869.2543,4203176.3,3611.928955
73.86974761,259869.2333,4203176.324,3611.929199
73.90153652,259869.2124,4203176.348,3611.929443
73.93332543,259869.1915,4203176.372,3611.929199
73.96511435,259869.1705,4203176.396,3611.928711
73.99690326,259869.1496,4203176.42,3611.927734
74.02869217,259869.1287,4203176.443,3611.925537
74.06048108,259869.1077,4203176.467,3611.924072
74.09227,259869.0868,4203176.491,3611.922852
74.12405891,259869.0659,4203176.515,3611.921875
74.15584782,259869.0449,4203176.539,3611.920898
74.18763673,259869.024,4203176.563,3611.920166
74.21942565,259869.0031,4203176.587,3611.918213
74.25121456,259868.9821,4203176.611,3611.914063
74.28300347,259868.9612,4203176.635,3611.909424
74.31479238,259868.9403,4203176.659,3611.904785
74.34658129,259868.9193,4203176.683,3611.897949
74.37837021,259868.8984,4203176.707,3611.890381
74.41015912,259868.8775,4203176.731,3611.884033
74.44194803,259868.8565,4203176.754,3611.880127
74.47373694,259868.8356,4203176.778,3611.875977
74.50552586,259868.8147,4203176.802,3611.872803
74.53731477,259868.7937,4203176.826,3611.870117
74.56910368,259868.7728,4203176.85,3611.868164
74.60089259,259868.7519,4203176.874,3611.867188
74.6326815,259868.7309,4203176.898,3611.865967
74.66447042,259868.71,4203176.922,3611.864502
74.69625933,259868.6891,4203176.946,3611.862549
74.72804824,259868.6681,4203176.97,3611.861084
74.75983715,259868.6472,4203176.994,3611.859619
74.79162607,259868.6263,4203177.018,3611.858398
74.82341498,259868.6053,4203177.042,3611.85791
74.85520389,259868.5844,4203177.065,3611.85791
74.8869928,259868.5635,4203177.089,3611.858643
74.91878172,259868.5425,4203177.113,3611.860107
74.95057063,259868.5216,4203177.137,3611.85791
74.98235954,259868.5007,4203177.161,3611.859619
75.01414845,259868.4797,4203177.185,3611.861328
75.04593736,259868.4588,4203177.209,3611.863281
75.07772628,259868.4379,4203177.233,3611.865479
75.10951519,259868.4169,4203177.257,3611.867676
75.1413041,259868.396,4203177.281,3611.870117
75.17309301,259868.3751,4203177.305,3611.873047
75.20488193,259868.3541,4203177.329,3611.872803
75.23667084,259868.3332,4203177.353,3611.875
75.26845975,259868.3123,4203177.376,3611.87793
75.30024866,259868.2913,4203177.4,3611.881104
75.33203758,259868.2704,4203177.424,3611.885498
75.36382649,259868.2495,4203177.448,3611.891357
75.3956154,259868.2285,4203177.472,3611.898682
75.42740431,259868.2076,4203177.496,3611.907471
75.45919322,259868.1867,4203177.52,3611.917725
75.49098214,259868.1657,4203177.544,3611.918213
75.52277105,259868.1448,4203177.568,3611.928467
75.55455996,259868.1239,4203177.592,3611.940674
75.58634887,259868.1029,4203177.616,3611.949951
75.61813779,259868.082,4203177.64,3611.957031
75.6499267,259868.0611,4203177.664,3611.965088
75.68171561,259868.0401,4203177.687,3611.973145
75.71350452,259868.0192,4203177.711,3611.981689
75.74529344,259867.9983,4203177.735,3611.982666
75.77708235,259867.9773,4203177.759,3611.990234
75.80887126,259867.9564,4203177.783,3611.998047
75.84066017,259867.9355,4203177.807,3612.006104
75.87244908,259867.9145,4203177.831,3612.013184
75.904238,259867.8936,4203177.855,3612.019775
75.93602691,259867.8727,4203177.879,3612.025391
75.96781582,259867.8517,4203177.903,3612.029541
75.99960473,259867.8308,4203177.927,3612.028809
76.03139365,259867.8099,4203177.951,3612.031982
76.06318256,259867.7889,4203177.975,3612.034912
76.09497147,259867.768,4203177.998,3612.03833
76.12676038,259867.7471,4203178.022,3612.041992
76.1585493,259867.7261,4203178.046,3612.04541
76.19033821,259867.7052,4203178.07,3612.048584
76.22212712,259867.6843,4203178.094,3612.052734
76.25391603,259867.6633,4203178.118,3612.051025
76.28570494,259867.6424,4203178.142,3612.05542
76.31749386,259867.6215,4203178.166,3612.060059
76.34928277,259867.6005,4203178.19,3612.06543
76.38107168,259867.5796,4203178.214,3612.069336
76.41286059,259867.5587,4203178.238,3612.072998
76.44464951,259867.5377,4203178.262,3612.075439
76.47643842,259867.5168,4203178.286,3612.077637
76.50822733,259867.4959,4203178.309,3612.075928
76.54001624,259867.4749,4203178.333,3612.077637
76.57180515,259867.454,4203178.357,3612.079102
76.60359407,259867.4331,4203178.381,3612.080322
76.63538298,259867.4121,4203178.405,3612.081543
76.66717189,259867.3912,4203178.429,3612.08252
76.6989608,259867.3703,4203178.453,3612.083496
76.73074972,259867.3493,4203178.477,3612.084473
76.76253863,259867.3284,4203178.501,3612.08374
76.79432754,259867.3075,4203178.525,3612.085205
76.82611645,259867.2865,4203178.549,3612.086914
76.85790537,259867.2656,4203178.573,3612.089844
76.88969428,259867.2447,4203178.597,3612.093018
76.92148319,259867.2237,4203178.62,3612.096191
76.9532721,259867.2028,4203178.644,3612.098633
76.98506101,259867.1819,4203178.668,3612.10083
77.01684993,259867.1609,4203178.692,3612.098877
77.04863884,259867.14,4203178.716,3612.101074
77.08042775,259867.1191,4203178.74,3612.103027
77.11221666,259867.0982,4203178.764,3612.104492
77.14400558,259867.0772,4203178.788,3612.105957
77.17579449,259867.0563,4203178.812,3612.107178
77.2075834,259867.0354,4203178.836,3612.108154
77.23937231,259867.0144,4203178.86,3612.109375
77.27156231,259866.9928,4203178.884,3612.110107
77.30375231,259866.9712,4203178.907,3612.108398
77.3359423,259866.9496,4203178.931,3612.109375
77.3681323,259866.928,4203178.955,3612.11084
77.4003223,259866.9064,4203178.979,3612.113037
77.43251229,259866.8848,4203179.003,3612.116699
77.46470229,259866.8632,4203179.027,3612.123047
77.49689229,259866.8416,4203179.051,3612.129395
77.52908228,259866.82,4203179.075,3612.136963
77.56127228,259866.7985,4203179.098,3612.143555
77.59346228,259866.7769,4203179.122,3612.150146
77.62565227,259866.7553,4203179.146,3612.146973
77.65784227,259866.7337,4203179.17,3612.151367
77.69003227,259866.7121,4203179.194,3612.155273
77.72222226,259866.6905,4203179.218,3612.158936
77.75441226,259866.6689,4203179.242,3612.162109
77.78660226,259866.6473,4203179.266,3612.165771
77.81879225,259866.6257,4203179.289,3612.168945
77.85098225,259866.6041,4203179.313,3612.171143
77.88317225,259866.5825,4203179.337,3612.17334
77.91536224,259866.5609,4203179.361,3612.175049
77.94755224,259866.5393,4203179.385,3612.176025
77.97974224,259866.5177,4203179.409,3612.171143
78.01193223,259866.4961,4203179.433,3612.171875
78.04412223,259866.4745,4203179.456,3612.172363
78.07631223,259866.4529,4203179.48,3612.172119
78.10850222,259866.4313,4203179.504,3612.171631
78.14069222,259866.4097,4203179.528,3612.171631
78.17288222,259866.3881,4203179.552,3612.171875
78.20507221,259866.3665,4203179.576,3612.173096
78.23726221,259866.3449,4203179.6,3612.175537
78.26945221,259866.3233,4203179.624,3612.177734
78.3016422,259866.3017,4203179.647,3612.175049
78.3338322,259866.2801,4203179.671,3612.177979
78.3660222,259866.2585,4203179.695,3612.182617
78.39821219,259866.2369,4203179.719,3612.187256
78.43040219,259866.2153,4203179.743,3612.194336
78.46259219,259866.1937,4203179.767,3612.200684
78.49478218,259866.1721,4203179.791,3612.208008
78.52697218,259866.1505,4203179.815,3612.215088
78.55916218,259866.129,4203179.838,3612.224121
78.59135217,259866.1074,4203179.862,3612.233154
78.62354217,259866.0858,4203179.886,3612.241455
78.65573217,259866.0642,4203179.91,3612.239014
78.68792216,259866.0426,4203179.934,3612.247559
78.72011216,259866.021,4203179.958,3612.255859
78.75230216,259865.9994,4203179.982,3612.261719
78.78449215,259865.9778,4203180.005,3612.266113
78.81668215,259865.9562,4203180.029,3612.268555
78.84887215,259865.9346,4203180.053,3612.269287
78.88106214,259865.913,4203180.077,3612.269043
78.91325214,259865.8914,4203180.101,3612.267578
78.94544214,259865.8698,4203180.125,3612.266357
78.97763213,259865.8482,4203180.149,3612.264648
79.00982213,259865.8266,4203180.173,3612.263672
79.04201213,259865.805,4203180.196,3612.262207
79.07420212,259865.7834,4203180.22,3612.260498
79.10639212,259865.7618,4203180.244,3612.258545
79.13858212,259865.7402,4203180.268,3612.255127
79.17077211,259865.7186,4203180.292,3612.246094
79.20296211,259865.697,4203180.316,3612.230225
79.23515211,259865.6754,4203180.34,3612.212891
79.2673421,259865.6538,4203180.364,3612.193848
79.2995321,259865.6322,4203180.387,3612.17749
79.3317221,259865.6106,4203180.411,3612.16626
79.36391209,259865.589,4203180.435,3612.157959
79.39610209,259865.5674,4203180.459,3612.147461
79.42829209,259865.5458,4203180.483,3612.134277
79.46048208,259865.5242,4203180.507,3612.122559
79.49267208,259865.5026,4203180.531,3612.11377
79.52486208,259865.4811,4203180.554,3612.106934
79.55705207,259865.4595,4203180.578,3612.104492
79.58924207,259865.4379,4203180.602,3612.103516
79.62143207,259865.4163,4203180.626,3612.103516
79.65362206,259865.3947,4203180.65,3612.097168
79.68581206,259865.3731,4203180.674,3612.098389
79.71800206,259865.3515,4203180.698,3612.099365
79.75019205,259865.3299,4203180.722,3612.10083
79.78238205,259865.3083,4203180.745,3612.101318
79.81457205,259865.2867,4203180.769,3612.102783
79.84676204,259865.2651,4203180.793,3612.10498
79.87895204,259865.2435,4203180.817,3612.107666
79.91114204,259865.2219,4203180.841,3612.11084
79.94333203,259865.2003,4203180.865,3612.113525
79.97552203,259865.1787,4203180.889,3612.117188
80.00771203,259865.1571,4203180.913,3612.114502
80.03990202,259865.1355,4203180.936,3612.118408
80.07209202,259865.1139,4203180.96,3612.122314
80.10428202,259865.0923,4203180.984,3612.127441
80.13647201,259865.0707,4203181.008,3612.132324
80.16866201,259865.0491,4203181.032,3612.136475
80.20085201,259865.0275,4203181.056,3612.140381
80.233042,259865.0059,4203181.08,3612.143799
80.265232,259864.9843,4203181.104,3612.146729
80.297422,259864.9627,4203181.127,3612.14917
80.32961199,259864.9411,4203181.151,3612.144287
80.36180199,259864.9195,4203181.175,3612.144775
80.39399199,259864.8979,4203181.199,3612.144287
80.42618198,259864.8763,4203181.223,3612.143066
80.45837198,259864.8547,4203181.247,3612.141602
80.49056198,259864.8332,4203181.271,3612.13916
80.52275197,259864.8116,4203181.294,3612.137207
80.55494197,259864.79,4203181.318,3612.133545
80.58713197,259864.7684,4203181.342,3612.128418
80.61932196,259864.7468,4203181.366,3612.121582
80.65151196,259864.7252,4203181.39,3612.113525
80.68370196,259864.7036,4203181.414,3612.100098
80.71589195,259864.682,4203181.438,3612.091553
80.74808195,259864.6604,4203181.462,3612.084717
80.78027195,259864.6388,4203181.485,3612.07959
80.81246194,259864.6172,4203181.509,3612.074951
80.84465194,259864.5956,4203181.533,3612.070801
80.87684194,259864.574,4203181.557,3612.069092
80.90903193,259864.5524,4203181.581,3612.067383
80.94122193,259864.5308,4203181.605,3612.064453
80.97341193,259864.5092,4203181.629,3612.059326
81.00560192,259864.4876,4203181.653,3612.052002
81.03779192,259864.466,4203181.676,3612.044434
81.06998192,259864.4444,4203181.7,3612.037109
81.10217191,259864.4228,4203181.724,3612.030518
81.13436191,259864.4012,4203181.748,3612.022949
81.16655191,259864.3796,4203181.772,3612.015381
81.1987419,259864.358,4203181.796,3612.007813
81.2309319,259864.3364,4203181.82,3612.000488
81.2631219,259864.3148,4203181.843,3611.993408
81.29531189,259864.2932,4203181.867,3611.988525
81.32750189,259864.2716,4203181.891,3611.984131
81.35969189,259864.25,4203181.915,3611.977051
81.39188188,259864.2284,4203181.939,3611.9729
81.42407188,259864.2068,4203181.963,3611.967285
81.45626188,259864.1853,4203181.987,3611.960938
81.48845187,259864.1637,4203182.011,3611.954346
81.52064187,259864.1421,4203182.034,3611.947021
81.55283187,259864.1205,4203182.058,3611.938232
81.58502186,259864.0989,4203182.082,3611.92627
81.61721186,259864.0773,4203182.106,3611.914307
81.64940186,259864.0557,4203182.13,3611.905518
81.68159185,259864.0341,4203182.154,3611.900391
81.71378185,259864.0125,4203182.178,3611.896973
81.74597185,259863.9909,4203182.202,3611.894531
81.77816184,259863.9693,4203182.225,3611.892578
81.81035184,259863.9477,4203182.249,3611.890137
81.84254184,259863.9261,4203182.273,3611.887695
81.87473183,259863.9045,4203182.297,3611.88501
81.90692183,259863.8829,4203182.321,3611.88208
81.93911183,259863.8613,4203182.345,3611.876953
81.97130182,259863.8397,4203182.369,3611.87207
82.00349182,259863.8181,4203182.392,3611.865723
82.03568182,259863.7965,4203182.416,3611.854492
82.06787181,259863.7749,4203182.44,3611.844482
82.10006181,259863.7533,4203182.464,3611.834717
82.13225181,259863.7317,4203182.488,3611.824463
82.1644418,259863.7101,4203182.512,3611.812988
82.1966318,259863.6885,4203182.536,3611.80249
82.2288218,259863.6669,4203182.56,3611.793457
82.26101179,259863.6453,4203182.583,3611.786621
82.29320179,259863.6237,4203182.607,3611.781494
82.32539179,259863.6021,4203182.631,3611.777832
82.35758178,259863.5805,4203182.655,3611.771973
82.38977178,259863.5589,4203182.679,3611.769531
82.42196178,259863.5373,4203182.703,3611.768799
82.45415177,259863.5158,4203182.727,3611.767334
82.48634177,259863.4942,4203182.751,3611.766357
82.51853177,259863.4726,4203182.774,3611.765625
82.55072176,259863.451,4203182.798,3611.764404
82.58291176,259863.4294,4203182.822,3611.763428
82.61510176,259863.4078,4203182.846,3611.761475
82.64729175,259863.3862,4203182.87,3611.759521
82.67948175,259863.3646,4203182.894,3611.756836
82.71167175,259863.343,4203182.918,3611.753174
82.74386174,259863.3214,4203182.941,3611.750244
82.77605174,259863.2998,4203182.965,3611.747314
82.80824174,259863.2782,4203182.989,3611.744385
82.84043173,259863.2566,4203183.013,3611.741699
82.87262173,259863.235,4203183.037,3611.739746
82.90481173,259863.2134,4203183.061,3611.737549
82.93700172,259863.1918,4203183.085,3611.736572
82.96919172,259863.1702,4203183.109,3611.736084
83.00138172,259863.1486,4203183.132,3611.73584
83.03357171,259863.127,4203183.156,3611.733154
83.06576171,259863.1054,4203183.18,3611.733398
83.09795171,259863.0838,4203183.204,3611.733887
83.1301417,259863.0622,4203183.228,3611.734375
83.1623317,259863.0406,4203183.252,3611.735596
83.1945217,259863.019,4203183.276,3611.737061
83.22671169,259862.9974,4203183.3,3611.73999
83.25890169,259862.9758,4203183.323,3611.742188
83.29109169,259862.9542,4203183.347,3611.744629
83.32328168,259862.9326,4203183.371,3611.747314
83.35547168,259862.911,4203183.395,3611.750732
83.38766168,259862.8894,4203183.419,3611.744629
83.41985167,259862.8679,4203183.443,3611.747559
83.45204167,259862.8463,4203183.467,3611.751465
83.48423167,259862.8247,4203183.491,3611.754639
83.51642166,259862.8031,4203183.514,3611.759766
83.54861166,259862.7815,4203183.538,3611.763916
83.58080166,259862.7599,4203183.562,3611.769043
83.61299165,259862.7383,4203183.586,3611.774414
83.64518165,259862.7167,4203183.61,3611.777832
83.67737165,259862.6951,4203183.634,3611.781006
83.70956164,259862.6735,4203183.658,3611.779785
83.74175164,259862.6519,4203183.681,3611.783203
83.77394164,259862.6303,4203183.705,3611.787598
83.80613163,259862.6087,4203183.729,3611.793701
83.83832163,259862.5871,4203183.753,3611.798096
83.87051163,259862.5655,4203183.777,3611.800781
83.90270162,259862.5439,4203183.801,3611.802002
83.93489162,259862.5223,4203183.825,3611.802979
83.96708162,259862.5007,4203183.849,3611.803223
83.99927161,259862.4791,4203183.872,3611.802734
84.03146161,259862.4575,4203183.896,3611.801025
84.06365161,259862.4359,4203183.92,3611.797119
84.0958416,259862.4143,4203183.944,3611.794434
84.1280316,259862.3927,4203183.968,3611.790527
84.1602216,259862.3711,4203183.992,3611.78418
84.19241159,259862.3495,4203184.016,3611.769775
84.22460159,259862.3279,4203184.04,3611.75293
84.25679159,259862.3063,4203184.063,3611.731689
84.28898158,259862.2847,4203184.087,3611.708496
84.32117158,259862.2631,4203184.111,3611.682861
84.35336158,259862.2415,4203184.135,3611.658447
84.38555157,259862.22,4203184.159,3611.643066
84.41774157,259862.1984,4203184.183,3611.624268
84.44993157,259862.1768,4203184.207,3611.611816
84.48212156,259862.1552,4203184.23,3611.602051
84.51431156,259862.1336,4203184.254,3611.596436
84.54650156,259862.112,4203184.278,3611.591797
84.57869155,259862.0904,4203184.302,3611.584961
84.61088155,259862.0688,4203184.326,3611.576416
84.64307155,259862.0472,4203184.35,3611.570801
84.67526154,259862.0256,4203184.374,3611.564453
84.70745154,259862.004,4203184.398,3611.553711
84.73964154,259861.9824,4203184.421,3611.541992
84.77183153,259861.9608,4203184.445,3611.524414
84.80402153,259861.9392,4203184.469,3611.508545
84.83621153,259861.9176,4203184.493,3611.495117
84.86840152,259861.896,4203184.517,3611.485107
84.90059152,259861.8744,4203184.541,3611.478271
84.93278152,259861.8528,4203184.565,3611.473877
84.96497151,259861.8312,4203184.589,3611.471191
84.99716151,259861.8096,4203184.612,3611.468018
85.02935151,259861.788,4203184.636,3611.462646
85.0615415,259861.7664,4203184.66,3611.456787
85.0937315,259861.7448,4203184.684,3611.44873
85.1259215,259861.7232,4203184.708,3611.439941
85.15811149,259861.7016,4203184.732,3611.431641
85.19030149,259861.68,4203184.756,3611.425537
85.22249149,259861.6584,4203184.779,3611.420654
85.25468148,259861.6368,4203184.803,3611.417236
85.28687148,259861.6152,4203184.827,3611.414551
85.31906148,259861.5936,4203184.851,3611.411133
85.35125147,259861.5721,4203184.875,3611.405762
85.38344147,259861.5505,4203184.899,3611.397461
85.41563147,259861.5289,4203184.923,3611.388184
85.44782146,259861.5073,4203184.947,3611.370117
85.48001146,259861.4857,4203184.97,3611.347168
85.51220146,259861.4641,4203184.994,3611.322754
85.54439145,259861.4425,4203185.018,3611.302246
85.57658145,259861.4209,4203185.042,3611.29126
85.60877145,259861.3993,4203185.066,3611.283447
85.64096144,259861.3777,4203185.09,3611.279053
85.67315144,259861.3561,4203185.114,3611.275635
85.70534144,259861.3345,4203185.138,3611.272461
85.73753143,259861.3129,4203185.161,3611.269531
85.76972143,259861.2913,4203185.185,3611.265137
85.80191143,259861.2697,4203185.209,3611.259766
85.83410142,259861.2481,4203185.233,3611.251953
85.86629142,259861.2265,4203185.257,3611.243164
85.89848142,259861.2049,4203185.281,3611.231201
85.93067141,259861.1833,4203185.305,3611.220703
85.96286141,259861.1617,4203185.329,3611.208008
85.99505141,259861.1401,4203185.352,3611.19043
86.0272414,259861.1185,4203185.376,3611.17749
86.0594314,259861.0969,4203185.4,3611.167969
86.0916214,259861.0753,4203185.424,3611.160156
86.12381139,259861.0537,4203185.448,3611.14917
86.15600139,259861.0321,4203185.472,3611.140381
86.18819139,259861.0105,4203185.496,3611.133301
86.22038138,259860.9889,4203185.519,3611.125732
86.25257138,259860.9673,4203185.543,3611.118896
86.28476138,259860.9457,4203185.567,3611.109863
86.31695137,259860.9241,4203185.591,3611.099121
86.34914137,259860.9026,4203185.615,3611.088135
86.38133137,259860.881,4203185.639,3611.076416
86.41352136,259860.8594,4203185.663,3611.070801
86.44571136,259860.8378,4203185.687,3611.061768
86.47790136,259860.8162,4203185.71,3611.055664
86.51009135,259860.7946,4203185.734,3611.051514
86.54228135,259860.773,4203185.758,3611.047607
86.57447135,259860.7514,4203185.782,3611.043701
86.60666134,259860.7298,4203185.806,3611.038574
86.63885134,259860.7082,4203185.83,3611.034912
86.67104134,259860.6866,4203185.854,3611.031738
86.70323133,259860.665,4203185.878,3611.02832
86.73542133,259860.6434,4203185.901,3611.023438
86.76761133,259860.6218,4203185.925,3611.019775
86.79980132,259860.6002,4203185.949,3611.008545
86.83199132,259860.5786,4203185.973,3610.994629
86.86418132,259860.557,4203185.997,3610.980713
86.89637131,259860.5354,4203186.021,3610.965332
86.92856131,259860.5138,4203186.045,3610.948486
86.96075131,259860.4922,4203186.068,3610.930664
86.9929413,259860.4706,4203186.092,3610.915771
87.0251313,259860.449,4203186.116,3610.902588
87.0573213,259860.4274,4203186.14,3610.891602
87.08951129,259860.4058,4203186.164,3610.885986
87.12170129,259860.3842,4203186.188,3610.875244
87.15389129,259860.3626,4203186.212,3610.862549
87.18608128,259860.341,4203186.236,3610.843994
87.21827128,259860.3194,4203186.259,3610.826416
87.25046128,259860.2978,4203186.283,3610.812012
87.28265127,259860.2762,4203186.307,3610.800537
87.31484127,259860.2547,4203186.331,3610.79248
87.34703127,259860.2331,4203186.355,3610.785889
87.37922126,259860.2115,4203186.379,3610.780273
87.41141126,259860.1899,4203186.403,3610.774902
87.44360126,259860.1683,4203186.427,3610.771729
87.47579125,259860.1467,4203186.45,3610.768311
87.50798125,259860.1251,4203186.474,3610.765137
87.54017125,259860.1035,4203186.498,3610.762207
87.57236124,259860.0819,4203186.522,3610.758545
87.60455124,259860.0603,4203186.546,3610.75293
87.63674124,259860.0387,4203186.57,3610.747559
87.66893123,259860.0171,4203186.594,3610.743896
87.70112123,259859.9955,4203186.617,3610.740479
87.73331123,259859.9739,4203186.641,3610.735596
87.76550122,259859.9523,4203186.665,3610.733887
87.79769122,259859.9307,4203186.689,3610.729492
87.82988122,259859.9091,4203186.713,3610.726807
87.86207121,259859.8875,4203186.737,3610.725342
87.89426121,259859.8659,4203186.761,3610.724365
87.92645121,259859.8443,4203186.785,3610.723389
87.9586412,259859.8227,4203186.808,3610.722168
87.9908312,259859.8011,4203186.832,3610.720459
88.0230212,259859.7795,4203186.856,3610.71875
88.05268068,259859.7556,4203186.874,3610.716797
88.08234016,259859.7318,4203186.891,3610.714844
88.11199964,259859.7079,4203186.909,3610.712158
88.14165911,259859.684,4203186.927,3610.709229
88.17131859,259859.6601,4203186.944,3610.707031
88.20097807,259859.6363,4203186.962,3610.705078
88.23063755,259859.6124,4203186.979,3610.703857
88.26029703,259859.5885,4203186.997,3610.702637
88.28995651,259859.5646,4203187.015,3610.701172
88.31961599,259859.5407,4203187.032,3610.700195
88.34927547,259859.5169,4203187.05,3610.699219
88.37893495,259859.493,4203187.067,3610.697754
88.40859443,259859.4691,4203187.085,3610.696045
88.43825391,259859.4452,4203187.102,3610.694824
88.46791339,259859.4214,4203187.12,3610.693115
88.49757287,259859.3975,4203187.138,3610.690674
88.52723235,259859.3736,4203187.155,3610.687988
88.55689183,259859.3497,4203187.173,3610.685303
88.58655131,259859.3259,4203187.19,3610.682617
88.61621078,259859.302,4203187.208,3610.678711
88.64587026,259859.2781,4203187.226,3610.673584
88.67552974,259859.2542,4203187.243,3610.669189
88.70518922,259859.2303,4203187.261,3610.664307
88.7348487,259859.2065,4203187.278,3610.661133
88.76450818,259859.1826,4203187.296,3610.658691
88.79416766,259859.1587,4203187.314,3610.656738
88.82382714,259859.1348,4203187.331,3610.65332
88.85348662,259859.111,4203187.349,3610.649658
88.8831461,259859.0871,4203187.366,3610.641357
88.91280558,259859.0632,4203187.384,3610.633545
88.94246506,259859.0393,4203187.402,3610.627686
88.97212454,259859.0154,4203187.419,3610.625
89.00178402,259858.9916,4203187.437,3610.622314
89.0314435,259858.9677,4203187.454,3610.621094
89.06110298,259858.9438,4203187.472,3610.619385
89.09076245,259858.9199,4203187.49,3610.618164
89.12042193,259858.8961,4203187.507,3610.615479
89.15008141,259858.8722,4203187.525,3610.613037
89.17974089,259858.8483,4203187.542,3610.611084
89.20940037,259858.8244,4203187.56,3610.610596
89.23905985,259858.8005,4203187.578,3610.608887
89.26871933,259858.7767,4203187.595,3610.607422
89.29837881,259858.7528,4203187.613,3610.608154
89.32803829,259858.7289,4203187.63,3610.607178
89.35769777,259858.705,4203187.648,3610.606689
89.38735725,259858.6812,4203187.666,3610.605957
89.41701673,259858.6573,4203187.683,3610.606934
89.44667621,259858.6334,4203187.701,3610.606445
89.47633569,259858.6095,4203187.718,3610.606201
89.50599517,259858.5856,4203187.736,3610.605957
89.53565465,259858.5618,4203187.753,3610.608154
89.56531413,259858.5379,4203187.771,3610.613281
89.5949736,259858.514,4203187.789,3610.623291
89.62463308,259858.4901,4203187.806,3610.633057
89.65429256,259858.4663,4203187.824,3610.647949
89.68395204,259858.4424,4203187.841,3610.653076
89.71361152,259858.4185,4203187.859,3610.654297
89.743271,259858.3946,4203187.877,3610.653809
89.77293048,259858.3707,4203187.894,3610.658691
89.80258996,259858.3469,4203187.912,3610.656006
89.83224944,259858.323,4203187.929,3610.652588
89.86190892,259858.2991,4203187.947,3610.654297
89.8915684,259858.2752,4203187.965,3610.650146
89.92122788,259858.2514,4203187.982,3610.643799
89.95088736,259858.2275,4203188,3610.633545
89.98054684,259858.2036,4203188.017,3610.63208
90.01020632,259858.1797,4203188.035,3610.616455
90.0398658,259858.1559,4203188.053,3610.602051
90.06952527,259858.132,4203188.07,3610.583984
90.09918475,259858.1081,4203188.088,3610.57959
90.12884423,259858.0842,4203188.105,3610.55835
90.15850371,259858.0603,4203188.123,3610.538086
90.18816319,259858.0365,4203188.141,3610.518311
90.21782267,259858.0126,4203188.158,3610.515381
90.24748215,259857.9887,4203188.176,3610.503662
90.27714163,259857.9648,4203188.193,3610.496338
90.30680111,259857.941,4203188.211,3610.48999
90.33646059,259857.9171,4203188.229,3610.490967
90.36612007,259857.8932,4203188.246,3610.485596
90.39577955,259857.8693,4203188.264,3610.481689
90.42543903,259857.8454,4203188.281,3610.483398
90.45509851,259857.8216,4203188.299,3610.480225
90.48475799,259857.7977,4203188.316,3610.477783
90.51441747,259857.7738,4203188.334,3610.475342
90.54407695,259857.7499,4203188.352,3610.478516
90.57373642,259857.7261,4203188.369,3610.477295
90.6033959,259857.7022,4203188.387,3610.476563
90.63305538,259857.6783,4203188.404,3610.476563
90.66271486,259857.6544,4203188.422,3610.481201
90.69237434,259857.6305,4203188.44,3610.482422
90.72203382,259857.6067,4203188.457,3610.485107
90.7516933,259857.5828,4203188.475,3610.487793
90.78135278,259857.5589,4203188.492,3610.49585
90.81101226,259857.535,4203188.51,3610.499268
90.84067174,259857.5112,4203188.528,3610.50415
90.87033122,259857.4873,4203188.545,3610.51001
90.8999907,259857.4634,4203188.563,3610.522461
90.92965018,259857.4395,4203188.58,3610.530518
90.95930966,259857.4156,4203188.598,3610.536621
90.98896914,259857.3918,4203188.616,3610.544189
91.01862862,259857.3679,4203188.633,3610.548096
91.04828809,259857.344,4203188.651,3610.550781
91.07794757,259857.3201,4203188.668,3610.553467
91.10760705,259857.2963,4203188.686,3610.558105
91.13726653,259857.2724,4203188.704,3610.560303
91.16692601,259857.2485,4203188.721,3610.5625
91.19658549,259857.2246,4203188.739,3610.564209
91.22624497,259857.2008,4203188.756,3610.568848
91.25590445,259857.1769,4203188.774,3610.571045
91.28556393,259857.153,4203188.792,3610.572754
91.31522341,259857.1291,4203188.809,3610.573975
91.34488289,259857.1052,4203188.827,3610.577148
91.37454237,259857.0814,4203188.844,3610.577637
91.40420185,259857.0575,4203188.862,3610.577637
91.43386133,259857.0336,4203188.879,3610.576904
91.46352081,259857.0097,4203188.897,3610.579102
91.49318029,259856.9859,4203188.915,3610.577393
91.52283977,259856.962,4203188.932,3610.574951
91.55249924,259856.9381,4203188.95,3610.576416
91.58215872,259856.9142,4203188.967,3610.57251
91.6118182,259856.8903,4203188.985,3610.567139
91.64147768,259856.8665,4203189.003,3610.561035
91.67113716,259856.8426,4203189.02,3610.562256
91.70079664,259856.8187,4203189.038,3610.554932
91.73045612,259856.7948,4203189.055,3610.547119
91.7601156,259856.771,4203189.073,3610.540283
91.78977508,259856.7471,4203189.091,3610.54248
91.81943456,259856.7232,4203189.108,3610.534668
91.84909404,259856.6993,4203189.126,3610.526855
91.87875352,259856.6754,4203189.143,3610.519043
91.908413,259856.6516,4203189.161,3610.521973
91.93807248,259856.6277,4203189.179,3610.515137
91.96773196,259856.6038,4203189.196,3610.509521
91.99739144,259856.5799,4203189.214,3610.504883
92.02705091,259856.5561,4203189.231,3610.508545
92.05671039,259856.5322,4203189.249,3610.50415
92.08636987,259856.5083,4203189.267,3610.500488
92.11602935,259856.4844,4203189.284,3610.50415
92.14568883,259856.4605,4203189.302,3610.500488
92.17534831,259856.4367,4203189.319,3610.497803
92.20500779,259856.4128,4203189.337,3610.495361
92.23466727,259856.3889,4203189.355,3610.499023
92.26432675,259856.365,4203189.372,3610.497314
92.29398623,259856.3412,4203189.39,3610.495361
92.32364571,259856.3173,4203189.407,3610.494385
92.35330519,259856.2934,4203189.425,3610.498047
92.38296467,259856.2695,4203189.442,3610.49707
92.41262415,259856.2456,4203189.46,3610.496582
92.44228363,259856.2218,4203189.478,3610.49585
92.47194311,259856.1979,4203189.495,3610.5
92.50160259,259856.174,4203189.513,3610.499756
92.53126206,259856.1501,4203189.53,3610.499756
92.56092154,259856.1263,4203189.548,3610.500732
92.59058102,259856.1024,4203189.566,3610.508789
92.6202405,259856.0785,4203189.583,3610.512207
92.64989998,259856.0546,4203189.601,3610.516846
92.67955946,259856.0308,4203189.618,3610.525391
92.70921894,259856.0069,4203189.636,3610.533936
92.73887842,259855.983,4203189.654,3610.544678
92.7685379,259855.9591,4203189.671,3610.552734
92.79819738,259855.9352,4203189.689,3610.556641
92.82785686,259855.9114,4203189.706,3610.560547
92.85751634,259855.8875,4203189.724,3610.566895
92.88717582,259855.8636,4203189.742,3610.582275
92.9168353,259855.8397,4203189.759,3610.592041
92.94649478,259855.8159,4203189.777,3610.613525
92.97615426,259855.792,4203189.794,3610.633301
93.00581373,259855.7681,4203189.812,3610.648926
93.03547321,259855.7442,4203189.83,3610.651855
93.06513269,259855.7203,4203189.847,3610.662109
93.09479217,259855.6965,4203189.865,3610.669434
93.12445165,259855.6726,4203189.882,3610.675537
93.15411113,259855.6487,4203189.9,3610.675049
93.18377061,259855.6248,4203189.918,3610.68042
93.21343009,259855.601,4203189.935,3610.684814
93.24308957,259855.5771,4203189.953,3610.683594
93.27274905,259855.5532,4203189.97,3610.687744
93.30240853,259855.5293,4203189.988,3610.691895
93.33206801,259855.5054,4203190.006,3610.695313
93.36172749,259855.4816,4203190.023,3610.690674
93.39138697,259855.4577,4203190.041,3610.691162
93.42104645,259855.4338,4203190.058,3610.688721
93.45070593,259855.4099,4203190.076,3610.683594
93.48036541,259855.3861,4203190.093,3610.670654
93.51002488,259855.3622,4203190.111,3610.660156
93.53968436,259855.3383,4203190.129,3610.647705
93.56934384,259855.3144,4203190.146,3610.630371
93.59900332,259855.2905,4203190.164,3610.612061
93.6286628,259855.2667,4203190.181,3610.594482
93.65832228,259855.2428,4203190.199,3610.576904
93.68798176,259855.2189,4203190.217,3610.563232
93.71764124,259855.195,4203190.234,3610.556152
93.74730072,259855.1712,4203190.252,3610.548096
93.7769602,259855.1473,4203190.269,3610.541504
93.80661968,259855.1234,4203190.287,3610.541016
93.83627916,259855.0995,4203190.305,3610.537842
93.86593864,259855.0756,4203190.322,3610.5354
93.89559812,259855.0518,4203190.34,3610.532471
93.9252576,259855.0279,4203190.357,3610.534668
93.95491708,259855.004,4203190.375,3610.532715
93.98457655,259854.9801,4203190.393,3610.531982
94.01423603,259854.9563,4203190.41,3610.531982
94.04389551,259854.9324,4203190.428,3610.539551
94.07355499,259854.9085,4203190.445,3610.547852
94.10321447,259854.8846,4203190.463,3610.556885
94.13287395,259854.8608,4203190.481,3610.566162
94.16253343,259854.8369,4203190.498,3610.583496
94.19219291,259854.813,4203190.516,3610.593018
94.22185239,259854.7891,4203190.533,3610.602051
94.25151187,259854.7652,4203190.551,3610.611328
94.28117135,259854.7414,4203190.569,3610.630859
94.31083083,259854.7175,4203190.586,3610.641113
94.34049031,259854.6936,4203190.604,3610.651123
94.37014979,259854.6697,4203190.621,3610.6604
94.39980927,259854.6459,4203190.639,3610.677734
94.42946875,259854.622,4203190.656,3610.685791
94.45912823,259854.5981,4203190.674,3610.695801
94.4887877,259854.5742,4203190.692,3610.720215
94.51844718,259854.5503,4203190.709,3610.738037
94.54810666,259854.5265,4203190.727,3610.757568
94.57776614,259854.5026,4203190.744,3610.792236
94.60742562,259854.4787,4203190.762,3610.857178
94.6370851,259854.4548,4203190.78,3610.904785
94.66674458,259854.431,4203190.797,3610.959961
94.69640406,259854.4071,4203190.815,3611.01001
94.72606354,259854.3832,4203190.832,3611.048828
94.75572302,259854.3593,4203190.85,3611.069336
94.7853825,259854.3354,4203190.868,3611.09375
94.81504198,259854.3116,4203190.885,3611.117188
94.84470146,259854.2877,4203190.903,3611.13501
94.87436094,259854.2638,4203190.92,3611.1521
94.90402042,259854.2399,4203190.938,3611.170654
94.9336799,259854.2161,4203190.956,3611.190674
94.96333937,259854.1922,4203190.973,3611.209961
94.99299885,259854.1683,4203190.991,3611.230957
95.02265833,259854.1444,4203191.008,3611.247803
95.05231781,259854.1205,4203191.026,3611.258057
95.08197729,259854.0967,4203191.044,3611.272217
95.11163677,259854.0728,4203191.061,3611.283203
95.14129625,259854.0489,4203191.079,3611.290283
95.17095573,259854.025,4203191.096,3611.295654
95.20061521,259854.0012,4203191.114,3611.299805
95.23027469,259853.9773,4203191.132,3611.304443
95.25993417,259853.9534,4203191.149,3611.308838
95.28959365,259853.9295,4203191.167,3611.313477
95.31925313,259853.9057,4203191.184,3611.317871
95.34891261,259853.8818,4203191.202,3611.321533
95.37857209,259853.8579,4203191.219,3611.325684
95.40823157,259853.834,4203191.237,3611.330078
95.43789105,259853.8101,4203191.255,3611.333984
95.46755052,259853.7863,4203191.272,3611.337891
95.49721,259853.7624,4203191.29,3611.340088
95.52686948,259853.7385,4203191.307,3611.341553
95.55652896,259853.7146,4203191.325,3611.341797
95.58618844,259853.6908,4203191.343,3611.342041
95.61584792,259853.6669,4203191.36,3611.342773
95.6455074,259853.643,4203191.378,3611.342529
95.67516688,259853.6191,4203191.395,3611.341553
95.70482636,259853.5952,4203191.413,3611.339844
95.73448584,259853.5714,4203191.431,3611.339844
95.76414532,259853.5475,4203191.448,3611.336182
95.7938048,259853.5236,4203191.466,3611.330566
95.82346428,259853.4997,4203191.483,3611.322998
95.85312376,259853.4759,4203191.501,3611.31958
95.88278324,259853.452,4203191.519,3611.30127
95.91244272,259853.4281,4203191.536,3611.281738
95.94210219,259853.4042,4203191.554,3611.257324
95.97176167,259853.3803,4203191.571,3611.244873
96.00142115,259853.3565,4203191.589,3611.210693
96.03108063,259853.3326,4203191.607,3611.181641
96.06074011,259853.3087,4203191.624,3611.15625
96.09039959,259853.2848,4203191.642,3611.149902
96.12005907,259853.261,4203191.659,3611.124268
96.14971855,259853.2371,4203191.677,3611.103027
96.17937803,259853.2132,4203191.695,3611.098389
96.20903751,259853.1893,4203191.712,3611.080811
96.23869699,259853.1654,4203191.73,3611.061768
96.26835647,259853.1416,4203191.747,3611.041748
96.29801595,259853.1177,4203191.765,3611.036377
96.32767543,259853.0938,4203191.782,3611.015625
96.35733491,259853.0699,4203191.8,3610.991943
96.38699439,259853.0461,4203191.818,3610.969727
96.41665386,259853.0222,4203191.835,3610.966553
96.44631334,259852.9983,4203191.853,3610.948242
96.47597282,259852.9744,4203191.87,3610.929443
96.5056323,259852.9505,4203191.888,3610.912109
96.53529178,259852.9267,4203191.906,3610.913086
96.56495126,259852.9028,4203191.923,3610.898193
96.59461074,259852.8789,4203191.941,3610.882324
96.62427022,259852.855,4203191.958,3610.869385
96.6539297,259852.8312,4203191.976,3610.876221
96.68358918,259852.8073,4203191.994,3610.86792
96.71324866,259852.7834,4203192.011,3610.861572
96.74290814,259852.7595,4203192.029,3610.876465
96.77256762,259852.7357,4203192.046,3610.876709
96.8022271,259852.7118,4203192.064,3610.88208
96.83188658,259852.6879,4203192.082,3610.891846
96.86154606,259852.664,4203192.099,3610.921631
96.89120554,259852.6401,4203192.117,3610.936768
96.92086501,259852.6163,4203192.134,3610.950439
96.95052449,259852.5924,4203192.152,3610.9646
96.98018397,259852.5685,4203192.17,3610.99707
97.00984345,259852.5446,4203192.187,3611.011475
97.00984345,259852.5446,4203192.187,3611.011475