"","TRACE",1,2,3,4,5,6,7,8,9,10,11,12,13,14,15,16,17,18,19,20,21,22,23,24,25,26,27,28,29,30,31,32,33,34,35,36,37,38,39,40,41,42,43,44,45,46,47,48,49,50,51,52,53,54,55,56,57,58,59,60,61,62,63,64,65,66,67,68,69,70,71,72,73,74,75,76,77,78,79,80,81,82,83,84,85,86,87,88,89,90,91,92,93,94,95,96,97,98,99
"","Position (m)",0,1,2,3,4,5,6,7,8,9,10,11,12,13,14,15,16,17,18,19,20,21,22,23,24,25,26,27,28,29,30,31,32,33,34,35,36,37,38,39,40,41,42,43,44,45,46,47,48,49,50,51,52,53,54,55,56,57,58,59,60,61,62,63,64,65,66,67,68,69,70,71,72,73,74,75,76,77,78,79,80,81,82,83,84,85,86,87,88,89,90,91,92,93,94,95,96,97,98
"Point","Time (ns)"
1,-99.20000000000000284,-3,3,0,-7,5,-1,-9,15,2,-2,-9,4,1,-1,-1,1,-1,-2,6,1,1,-15,2,-2,3,2,-2,4,8,-9,0,2,-1,0,4,3,4,-3,3,-12,-8,3,-9,-3,18,12,-8,-3,4,2,12,7,7,2,-4,13,3,28,-1,1,4,-13,7,-8,-22,-5,-8,2,-4,0,4,-1,8,0,-4,-5,1,-1,16,15,1,4,-1,3,-8,-9,3,2,-5,-6,2,-34,2,11,5,-3,3,-2,-2
2,-96,2,-2,2,-5,-4,2,-1,5,9,5,-18,-2,-3,1,1,0,-3,-2,0,0,3,5,-2,0,3,2,-2,4,8,-9,0,2,-1,0,4,3,5,-3,4,-13,-8,-4,4,-44,-18,11,-1,1,-5,4,1,5,-11,4,-4,0,0,-8,4,-1,1,-8,-6,5,2,-2,-13,0,-4,-6,0,-2,2,0,0,-2,3,8,8,-1,2,-7,2,5,1,-2,2,-4,5,10,-2,-34,1,3,0,-2,3,-1,4
3,-92.80000000000001137,1,-3,2,-1,-11,0,2,2,7,3,20,4,1,0,-5,0,1,-3,1,1,4,6,3,1,2,3,-2,-2,-1,-8,0,2,3,0,-2,-5,5,-3,2,-13,3,-1,0,-10,-10,-9,9,5,3,-8,2,-1,2,-7,-5,1,-13,-6,0,-1,0,-7,-5,16,7,-3,-2,0,-6,3,7,2,3,1,4,-3,5,10,14,7,1,1,8,2,1,-1,3,-2,3,10,-4,0,-1,-1,0,9,-2,6,-6
4,-89.60000000000000853,0,-3,-2,8,2,-2,-4,-24,3,-10,-3,-1,-3,-1,-1,-1,5,-4,0,0,3,5,6,2,-1,2,3,-5,3,6,-3,2,2,2,3,7,3,0,0,4,2,2,-3,21,-1,-4,-5,0,1,-4,4,4,19,-15,4,5,-7,0,3,-1,-2,8,-9,19,4,-1,6,-1,-2,6,1,5,1,-1,-7,6,4,7,0,0,2,2,2,-6,6,1,-2,-1,-3,0,3,-2,3,-1,0,-1,0,3,6
5,-86.40000000000000568,-1,0,1,5,10,1,1,-37,-6,-9,-8,2,5,-1,-1,0,1,3,4,-2,-3,1,4,2,3,3,2,1,0,5,2,-1,0,-5,-2,-4,0,-1,-8,6,2,-9,-3,1,-2,6,-1,5,3,2,-4,3,10,-1,7,2,6,2,-1,2,-3,7,-13,0,10,-7,1,0,-2,-1,-6,5,-4,1,-3,-5,2,-1,-10,-7,3,1,-1,-7,4,0,-5,-11,1,-5,7,3,0,-3,11,7,3,-1,6
6,-83.20000000000000284,-1,1,0,-2,7,8,4,-1,-67,-2,-3,0,1,-1,-2,-5,-1,8,2,-1,0,0,-4,0,-2,1,0,4,-1,7,2,-2,-1,0,1,-2,2,2,4,3,5,-1,5,-11,-2,6,-1,1,-2,-8,-5,4,-1,2,5,0,12,0,1,1,-6,-1,-4,-5,2,-5,3,-2,0,2,4,-3,1,2,5,4,0,-4,-2,-2,-2,-2,8,4,3,1,-5,-1,0,-4,5,8,-4,-4,5,-2,5,-1,3
7,-80,0,0,-3,0,1,4,-5,28,-16,-1,19,-3,2,1,-2,-1,5,5,0,0,2,-2,-3,5,4,-13,1,4,4,5,-2,-3,-2,5,4,5,-4,4,1,6,4,-3,-1,13,-5,-3,-5,-4,-2,5,-12,4,4,4,1,4,-1,1,-2,0,2,-9,-1,-3,3,0,2,-6,2,3,10,-1,-4,0,2,-6,-1,-2,-2,7,0,10,2,9,2,3,-2,8,0,8,-2,2,-5,2,-5,4,-7,1,7
8,-76.80000000000001137,1,0,0,-2,2,1,2,5,0,1,63,1,1,2,2,0,7,-2,0,0,-3,-2,5,-2,-6,-2,3,0,-1,5,1,-3,2,-5,3,0,0,-7,0,1,2,4,-1,0,-13,2,-5,-2,-5,6,1,0,-7,6,-2,0,-4,-2,-1,-1,3,-1,11,-5,3,-4,2,8,20,-1,2,-3,0,0,5,4,1,-2,-7,-3,-1,-2,-6,-4,-1,-1,1,6,-1,4,-2,4,3,3,-1,-1,8,-1,1
9,-73.60000000000000853,0,2,-2,-6,0,0,3,2,-18,-5,-3,-2,1,0,2,-1,2,3,3,-2,2,-1,-5,-2,2,1,-1,-1,1,0,-1,3,3,1,3,-3,-2,5,-7,3,0,1,3,18,7,1,-7,-1,5,2,-4,-2,-14,4,-2,-6,-2,-6,2,3,-6,18,11,-4,11,6,6,8,16,1,-8,0,-9,0,6,1,-1,-6,-3,-2,-2,-3,-2,-9,4,0,7,-8,-2,-6,1,-4,-1,3,4,0,2,-3,-4
10,-70.40000000000000568,-1,3,-2,-1,0,-5,41,3,64,-3,-6,-1,-1,0,0,2,1,-5,2,-1,1,-2,-10,-5,3,0,-2,2,-1,-8,3,-10,1,2,-8,-1,-2,-1,3,-4,0,0,-1,11,1,-8,5,-2,-1,-3,0,-1,-2,3,-7,-3,-4,-6,-4,-2,-1,9,5,-10,0,7,6,1,5,-4,-8,-7,-2,0,4,5,1,-2,0,6,-3,1,3,-1,0,4,8,2,-2,-8,-1,3,-3,-2,3,-9,0,-3,4
11,-67.20000000000000284,-1,0,1,-3,-4,3,70,2,-1,-2,-4,0,-4,0,5,1,0,3,5,-1,-3,-2,1,-1,-1,2,2,-2,0,1,1,7,-1,0,-1,1,-1,1,5,5,6,-1,6,4,3,-18,7,-4,-1,-1,-2,-1,-2,-3,-4,2,-2,5,-3,-1,6,-1,-3,-11,6,8,-6,4,2,2,-4,6,4,1,6,1,2,-3,-1,1,-9,14,-3,0,-3,2,5,-2,0,-3,5,26,3,3,-1,8,-4,-2,0
12,-64,1,1,0,-3,5,-6,-55,3,5,11,-4,-1,-3,1,-4,-1,-1,1,-1,1,0,3,2,-3,-1,1,0,-4,0,11,1,-5,-2,2,-3,-9,1,0,-5,1,7,5,-1,8,21,-13,8,-2,3,-2,5,0,2,1,6,3,1,3,3,3,0,-1,6,-8,3,9,1,-5,-7,0,-1,-4,2,1,4,4,-1,-6,-2,-3,-7,4,-7,-1,-1,4,2,3,0,-1,6,46,3,2,0,-6,-7,-2,-2
13,-60.80000000000000426,0,0,-1,-2,0,-1,0,4,4,-1,-4,-2,0,0,0,0,-1,0,1,1,-1,-3,-1,0,1,1,0,3,2,-2,-1,1,0,1,2,3,2,0,-1,-5,-5,-2,-5,-6,1,4,0,-1,1,3,5,4,2,0,1,3,6,7,3,1,-1,-3,-2,-3,-7,-6,-4,-2,-2,-1,0,1,2,1,-2,-2,0,4,7,6,2,1,1,0,-2,-3,0,0,-1,0,-6,-12,-4,4,2,0,0,0,0
14,-57.60000000000000142,0,0,-1,-3,-3,-1,1,5,6,1,-2,-1,0,0,0,0,-1,-1,0,1,2,1,0,1,2,1,0,2,1,-3,-1,1,1,1,1,2,2,0,-2,-7,-6,-2,-7,-15,-8,1,2,0,0,1,3,2,-1,-2,-1,0,0,1,1,1,-2,-5,-2,1,-1,-4,-5,-3,-3,-2,1,1,2,1,-1,-1,2,7,9,6,2,0,2,2,-1,-1,0,0,2,3,-6,-13,-5,2,2,1,1,0,0
15,-54.40000000000000568,0,-1,0,-1,-3,-2,-1,0,2,3,3,2,0,-1,-1,0,0,-1,0,1,3,4,3,1,1,1,0,0,0,-2,-1,1,2,1,1,1,1,0,-2,-4,-3,0,-3,-8,-8,-3,2,2,0,-1,1,2,0,-3,-2,-2,-5,-4,0,0,-1,-3,-1,7,5,0,-2,-2,-2,1,3,2,1,1,0,1,4,7,7,4,2,1,2,2,1,1,0,0,2,4,-1,-5,-2,0,1,2,2,1,1
16,-51.20000000000000284,-1,-1,1,3,1,-1,-6,-10,-6,-2,0,1,0,-1,-1,0,1,0,0,1,2,4,4,2,1,2,1,0,1,1,0,1,1,0,1,1,1,0,-1,0,1,-1,0,2,-1,-2,0,2,1,-1,1,5,4,-1,0,1,-2,-1,0,0,0,-1,0,6,6,1,1,0,-1,1,2,2,1,-1,-1,1,3,4,2,1,1,2,1,-1,1,1,-2,-2,-1,1,1,1,0,0,2,3,2,2,2
17,-48,0,0,1,4,5,3,-6,-17,-18,-10,-4,0,1,0,-1,-1,1,2,2,0,0,1,2,2,1,2,1,1,2,3,2,0,-1,-1,-1,0,1,0,0,2,1,-2,-1,1,1,1,0,1,1,-1,-1,4,5,2,3,4,3,2,1,0,0,-1,-3,1,3,0,0,0,-1,0,0,1,0,0,-1,0,1,-1,-4,-3,0,1,0,-1,1,0,-4,-4,-3,-1,3,3,0,0,3,4,2,2,3
18,-44.80000000000000426,0,0,0,2,5,5,1,-11,-21,-11,0,1,1,0,-2,-2,1,4,2,0,0,0,0,1,0,-1,1,2,3,3,1,-1,-1,0,0,0,0,1,2,3,2,0,-1,-1,-1,1,0,0,-1,-3,-3,1,3,3,3,4,4,2,0,0,-1,-3,-4,-2,0,-1,-1,-1,0,1,2,0,0,1,1,0,-1,-2,-3,-2,0,2,3,3,2,0,-2,-2,-1,0,3,3,-1,-1,2,2,1,1,2
19,-41.60000000000000142,0,0,-1,0,2,3,4,1,-9,-1,12,6,1,0,-1,0,2,3,1,0,0,-1,0,1,-1,-3,0,2,3,3,0,-2,-1,1,2,1,0,0,2,3,3,1,1,0,-2,-2,-3,-3,-1,-1,-2,0,2,2,2,1,1,0,-1,0,-1,-2,-2,-1,0,0,0,1,3,4,3,0,-1,1,2,0,-1,-2,-2,0,1,2,3,3,2,1,1,2,2,2,2,1,0,-1,0,0,0,1,2
20,-38.40000000000000568,0,0,-1,-1,0,1,3,3,-2,6,17,9,1,1,1,1,3,2,1,0,-1,-1,0,0,-2,-2,0,1,1,2,0,-1,0,1,1,1,-1,-1,0,2,2,1,2,2,-1,-3,-3,-3,0,1,0,-2,-2,1,0,-2,-2,-2,-1,0,1,3,3,1,1,2,2,6,8,4,0,-1,-2,0,2,1,-1,-3,-3,-2,0,-1,-2,-2,0,1,2,2,1,1,0,0,1,1,0,1,1,0,0
21,-35.20000000000000284,1,1,-1,-2,-1,3,7,6,4,3,5,3,0,1,1,1,1,1,1,0,0,-2,-3,-2,0,0,0,0,0,0,0,0,1,0,0,-1,-1,-1,-1,0,1,1,4,6,3,-1,-2,-1,1,1,-1,-3,-4,-1,-2,-4,-4,-3,-1,0,2,7,6,1,3,5,5,8,8,2,-4,-4,-3,0,3,3,0,-3,-3,-1,-1,-2,-3,-3,0,2,2,0,-3,-3,-1,0,0,1,1,0,0,-1,-1
22,-32,0,1,-1,-2,-1,9,20,18,14,4,-3,-2,-1,0,1,1,1,0,1,0,-1,-2,-4,-3,0,1,0,0,-1,-2,-1,-1,0,0,-2,-2,-1,0,1,1,1,1,4,6,2,-3,-1,0,-1,-1,-1,-2,-2,-1,-3,-3,-3,-3,-2,-1,2,5,2,-2,2,5,4,4,4,-1,-4,-3,-2,1,3,3,0,-2,-1,0,-1,1,0,-1,0,3,4,0,-3,-3,1,3,1,0,1,-1,-2,-2,0
23,-28.80000000000000071,0,0,0,-1,-1,7,16,13,9,4,-2,-2,-2,0,1,1,0,1,1,0,-1,-1,-2,-1,0,1,0,-1,0,1,1,0,0,0,-2,-2,-1,0,1,3,3,2,3,5,1,-4,-1,0,-1,-1,0,-1,-1,-1,-1,-1,0,0,-1,0,2,2,-2,-4,1,5,2,0,0,-1,-2,-1,1,2,3,3,0,-2,-1,-1,-1,2,1,-1,0,2,3,1,-1,-1,7,14,8,1,1,-1,-2,-2,0
24,-25.60000000000000142,1,1,1,1,-1,-9,-12,-3,4,4,0,-2,-1,0,0,-1,0,0,0,0,-1,0,0,-1,-1,-1,-1,-2,0,3,1,-1,-1,0,-2,-3,-1,0,1,3,5,3,3,7,7,1,1,1,0,0,1,0,0,1,2,1,0,1,1,1,0,0,0,-2,0,3,1,-2,-2,0,-1,0,1,2,3,2,-1,-3,-3,-4,-3,0,-1,-2,-1,1,2,1,1,1,10,19,10,2,0,-2,-3,-2,-1
25,-22.40000000000000213,1,1,2,4,-2,-15,-21,-10,3,4,-1,-1,0,0,0,-1,-2,-1,-1,-1,-2,-1,0,-1,-2,-3,-2,-3,-1,1,1,0,0,0,-1,-2,-2,0,1,4,4,2,0,4,8,7,3,1,0,1,1,-1,0,2,1,-1,-3,-1,1,1,-1,0,2,0,-2,0,1,-1,-1,1,1,-1,-1,0,0,-1,-2,-4,-7,-6,-3,-2,-2,-2,-2,0,0,1,1,0,6,11,6,1,-1,-3,-2,-1,-2
26,-19.20000000000000284,0,-1,1,3,-1,-4,-8,-6,0,-2,-6,-3,-1,0,1,-1,-4,-3,-1,-1,-2,-2,0,1,-1,-2,-1,1,0,-1,0,1,0,0,0,-1,-1,0,1,2,1,0,-4,-6,2,8,2,-1,0,1,0,-1,0,0,-2,-3,-2,0,1,1,0,0,2,1,-2,0,2,0,0,2,2,1,-1,-2,-3,-3,-3,-5,-6,-4,0,0,0,-1,-1,0,0,0,0,-2,1,4,2,-1,-3,-5,-3,-1,-2
27,-16,0,-1,0,0,1,2,0,-2,1,-2,-7,-5,-2,0,2,0,-3,-2,0,0,0,-2,-2,1,1,2,2,2,1,-2,-1,1,-1,-2,-1,-1,0,0,0,-1,-2,-1,-5,-10,-4,4,1,-1,0,0,-1,-1,0,-1,-3,-1,3,3,1,1,1,0,0,-1,-3,0,2,0,-1,0,2,2,0,-2,-4,-2,-1,0,0,0,1,0,-1,0,1,2,1,1,0,-1,0,0,1,-1,-3,-4,-2,-1,-1
28,-12.80000000000000071,-1,1,2,0,1,3,0,0,3,2,-2,-3,-2,-1,2,2,1,0,0,2,2,-1,-2,-1,1,3,2,1,0,-2,-2,0,-1,-3,-2,-1,0,0,-2,-4,-4,-1,-2,-5,-5,-1,0,-1,-1,-1,-1,-3,-1,0,-1,1,6,5,1,0,0,-2,-2,-2,-3,0,1,-1,-1,0,0,1,1,-2,-2,0,1,4,3,1,0,0,0,1,0,0,1,2,2,2,-4,-7,-2,-1,-3,-1,0,0,1
29,-9.600000000000001421,0,2,4,2,2,2,0,-1,1,0,0,-1,-1,-1,0,1,1,0,0,1,2,2,0,-2,-1,1,1,-1,-1,-2,0,2,0,-1,0,1,1,0,-2,-5,-4,1,3,-1,-4,-3,0,0,-1,-1,-2,-4,-3,1,1,1,3,3,1,-1,-1,-2,-1,0,0,1,1,-1,0,1,0,0,0,-1,0,1,1,2,2,1,1,0,2,1,-3,-3,-1,0,1,1,-6,-10,-3,-1,-3,-1,-1,-1,0
30,-6.400000000000000355,0,1,2,1,0,-1,-1,0,-1,-4,-3,-1,-1,-2,-2,-2,-1,-1,-2,-1,1,2,1,-2,-2,-1,0,-1,-2,-2,1,2,2,1,1,1,1,0,-1,-3,-2,3,3,-3,-6,-3,0,1,-1,-3,-4,-5,-3,-1,1,1,2,2,0,-2,-2,0,0,0,-2,-1,0,-3,-2,0,-1,-1,-2,-3,-2,-2,-1,1,2,4,2,0,0,-1,-3,-3,-3,-3,-2,-1,-5,-6,-3,-2,-1,0,-1,-3,-2
31,-3.200000000000000178,-7,-9,-9,-10,-11,-11,-9,-7,-9,-12,-12,-10,-8,-10,-11,-12,-10,-11,-14,-12,-9,-8,-9,-11,-10,-9,-8,-8,-10,-9,-7,-7,-7,-8,-9,-8,-7,-8,-9,-8,-8,-8,-10,-13,-15,-14,-10,-8,-9,-12,-15,-13,-11,-10,-9,-7,-7,-8,-10,-11,-9,-8,-10,-14,-16,-14,-11,-13,-15,-13,-11,-12,-12,-12,-13,-12,-12,-10,-6,-5,-8,-11,-11,-9,-9,-12,-14,-15,-14,-13,-14,-13,-12,-12,-10,-6,-7,-12,-10
32,0,-55,-75,-75,-70,-66,-65,-64,-64,-64,-66,-66,-63,-61,-64,-75,-83,-75,-67,-71,-76,-75,-73,-69,-65,-65,-63,-62,-63,-63,-64,-66,-71,-68,-64,-67,-68,-68,-64,-61,-61,-62,-66,-65,-63,-67,-67,-64,-63,-62,-64,-66,-64,-62,-64,-65,-65,-65,-67,-66,-66,-70,-73,-74,-75,-72,-69,-65,-66,-70,-72,-69,-64,-65,-69,-67,-65,-66,-66,-66,-65,-66,-70,-73,-71,-69,-71,-70,-69,-70,-72,-69,-68,-77,-85,-78,-66,-64,-70,-54
33,3.200000000000000178,-193,-261,-261,-247,-232,-228,-231,-230,-231,-234,-233,-226,-224,-230,-256,-282,-262,-233,-240,-258,-264,-260,-246,-234,-235,-232,-229,-230,-228,-227,-239,-256,-245,-232,-236,-244,-245,-230,-222,-224,-229,-233,-229,-224,-225,-228,-230,-229,-226,-226,-226,-223,-225,-232,-234,-236,-239,-240,-234,-233,-250,-261,-255,-245,-236,-233,-231,-230,-232,-238,-237,-226,-229,-241,-233,-224,-228,-235,-240,-237,-235,-242,-254,-255,-251,-246,-237,-232,-239,-243,-236,-236,-265,-287,-269,-243,-239,-246,-183
34,6.400000000000000355,-413,-557,-559,-539,-516,-509,-511,-515,-521,-523,-517,-509,-508,-514,-546,-583,-558,-517,-524,-551,-560,-554,-536,-520,-521,-516,-512,-515,-511,-503,-521,-548,-535,-517,-519,-530,-531,-509,-498,-501,-509,-515,-511,-505,-503,-508,-515,-514,-510,-508,-506,-504,-511,-519,-521,-523,-529,-531,-521,-518,-541,-555,-544,-530,-520,-518,-518,-513,-512,-518,-520,-508,-512,-528,-516,-505,-511,-521,-528,-525,-520,-528,-545,-550,-543,-534,-521,-516,-524,-528,-521,-522,-560,-590,-566,-532,-526,-534,-397
35,9.600000000000001421,-661,-889,-891,-867,-845,-839,-837,-845,-856,-853,-845,-839,-839,-843,-874,-912,-886,-845,-851,-878,-889,-882,-865,-849,-849,-842,-837,-842,-839,-828,-844,-874,-864,-845,-845,-857,-856,-834,-823,-825,-833,-841,-840,-837,-839,-843,-846,-844,-841,-839,-835,-834,-841,-849,-850,-852,-858,-860,-849,-848,-868,-878,-868,-859,-851,-849,-848,-841,-838,-844,-847,-835,-839,-855,-843,-832,-840,-849,-853,-850,-846,-852,-871,-877,-869,-861,-850,-843,-850,-854,-845,-844,-884,-916,-892,-859,-854,-861,-643
36,12.80000000000000071,-908,-1218,-1217,-1185,-1155,-1147,-1144,-1146,-1160,-1166,-1157,-1150,-1158,-1170,-1204,-1242,-1216,-1174,-1179,-1206,-1216,-1211,-1193,-1174,-1173,-1168,-1164,-1169,-1166,-1156,-1172,-1202,-1193,-1173,-1174,-1186,-1185,-1163,-1152,-1153,-1158,-1164,-1168,-1173,-1178,-1179,-1177,-1174,-1173,-1171,-1161,-1154,-1165,-1177,-1179,-1181,-1186,-1187,-1177,-1177,-1197,-1204,-1195,-1188,-1178,-1172,-1164,-1143,-1130,-1138,-1148,-1138,-1150,-1174,-1155,-1131,-1127,-1142,-1158,-1157,-1164,-1179,-1196,-1203,-1196,-1188,-1170,-1142,-1125,-1120,-1089,-1063,-1122,-1185,-1184,-1173,-1175,-1184,-885
37,16,-1098,-1466,-1463,-1410,-1308,-1258,-1261,-1262,-1314,-1373,-1337,-1287,-1330,-1417,-1501,-1545,-1502,-1459,-1459,-1462,-1462,-1475,-1479,-1426,-1402,-1431,-1445,-1467,-1452,-1383,-1361,-1409,-1457,-1477,-1489,-1471,-1423,-1426,-1445,-1442,-1419,-1390,-1423,-1462,-1459,-1460,-1461,-1464,-1465,-1461,-1409,-1363,-1414,-1459,-1456,-1458,-1460,-1461,-1458,-1457,-1459,-1458,-1456,-1455,-1442,-1433,-1392,-1290,-1228,-1265,-1308,-1276,-1302,-1371,-1331,-1256,-1219,-1269,-1339,-1349,-1402,-1455,-1455,-1454,-1453,-1444,-1387,-1273,-1186,-1164,-1094,-1020,-1118,-1257,-1311,-1325,-1349,-1405,-1072
38,19.20000000000000284,-1107,-1469,-1470,-1389,-1182,-1068,-1076,-1083,-1195,-1336,-1256,-1127,-1212,-1424,-1609,-1671,-1588,-1535,-1528,-1483,-1462,-1512,-1562,-1448,-1376,-1467,-1514,-1569,-1532,-1345,-1247,-1329,-1492,-1590,-1626,-1549,-1412,-1463,-1544,-1532,-1462,-1371,-1453,-1544,-1528,-1524,-1531,-1549,-1556,-1547,-1427,-1319,-1437,-1532,-1518,-1519,-1513,-1512,-1525,-1522,-1490,-1472,-1482,-1495,-1487,-1481,-1393,-1167,-1034,-1122,-1214,-1135,-1164,-1302,-1240,-1094,-1026,-1130,-1271,-1298,-1412,-1512,-1484,-1467,-1476,-1471,-1354,-1124,-969,-941,-855,-757,-877,-1078,-1170,-1174,-1221,-1367,-1085
39,22.40000000000000213,-926,-1223,-1227,-1134,-884,-743,-751,-759,-898,-1078,-984,-813,-910,-1183,-1429,-1513,-1397,-1328,-1316,-1248,-1219,-1287,-1360,-1213,-1116,-1238,-1305,-1376,-1324,-1078,-943,-1042,-1263,-1400,-1449,-1342,-1163,-1244,-1358,-1343,-1244,-1119,-1223,-1338,-1317,-1311,-1319,-1344,-1355,-1345,-1193,-1057,-1206,-1323,-1303,-1303,-1292,-1289,-1311,-1309,-1258,-1231,-1247,-1267,-1264,-1263,-1154,-871,-705,-816,-933,-832,-857,-1025,-954,-779,-703,-832,-1003,-1036,-1174,-1295,-1253,-1226,-1241,-1240,-1096,-817,-641,-614,-531,-434,-554,-768,-870,-859,-914,-1103,-907
40,25.60000000000000142,-678,-893,-900,-807,-554,-411,-421,-429,-567,-747,-654,-483,-580,-854,-1108,-1200,-1076,-998,-985,-918,-892,-962,-1032,-884,-785,-908,-979,-1048,-993,-745,-612,-712,-932,-1071,-1120,-1012,-836,-921,-1035,-1020,-918,-789,-893,-1006,-988,-985,-990,-1014,-1026,-1017,-865,-730,-879,-993,-974,-974,-962,-959,-981,-978,-926,-899,-917,-937,-935,-936,-825,-540,-372,-484,-602,-502,-527,-694,-620,-444,-370,-501,-671,-703,-843,-967,-924,-896,-911,-912,-768,-490,-315,-287,-203,-107,-226,-439,-543,-533,-587,-774,-658
41,28.80000000000000071,-433,-568,-576,-488,-237,-89,-103,-119,-253,-419,-318,-152,-254,-526,-779,-871,-747,-668,-656,-589,-563,-634,-704,-556,-458,-583,-653,-722,-664,-416,-286,-386,-607,-747,-796,-687,-512,-597,-710,-692,-588,-459,-564,-678,-661,-658,-663,-686,-697,-689,-539,-403,-550,-665,-647,-648,-635,-630,-652,-650,-597,-570,-591,-611,-609,-608,-495,-214,-53,-164,-277,-174,-199,-366,-288,-111,-40,-172,-339,-372,-515,-639,-596,-568,-583,-584,-444,-177,-2,38,105,178,82,-109,-215,-209,-264,-447,-410
42,32,-175,-245,-288,-240,-17,162,140,58,-62,-152,-8,167,59,-219,-459,-529,-397,-319,-306,-237,-209,-284,-359,-214,-128,-291,-407,-458,-358,-99,4,-130,-334,-449,-495,-421,-277,-323,-393,-368,-261,-129,-221,-325,-310,-315,-334,-362,-368,-362,-215,-77,-216,-326,-321,-342,-341,-338,-352,-342,-281,-237,-245,-263,-270,-290,-186,70,198,99,15,129,104,-59,29,206,262,117,-46,-60,-181,-288,-255,-267,-300,-294,-190,24,224,329,346,351,352,250,101,21,-30,-132,-151
43,35.20000000000000284,182,165,9,-31,154,390,359,169,65,92,311,507,389,89,-123,-114,83,192,202,253,270,206,155,268,274,11,-194,-215,-26,276,326,108,-73,-136,-172,-167,-82,-46,-30,9,105,260,240,180,190,150,75,33,52,51,165,303,219,143,88,-20,-60,-61,-59,-25,86,204,237,229,181,67,123,348,428,340,299,434,420,270,361,529,560,390,228,270,242,199,180,40,-49,-30,21,156,399,617,608,567,742,779,505,206,184,313,260
44,38.40000000000000568,1207,1495,1196,943,1009,1265,1239,1001,924,1028,1263,1432,1307,1010,1012,1340,1482,1397,1447,1616,1663,1610,1522,1483,1361,1000,747,735,964,1336,1463,1275,974,827,827,881,981,952,937,1002,1080,1273,1359,1362,1389,1308,1148,1071,1120,1111,1158,1279,1297,1308,1187,964,900,909,868,933,1247,1528,1558,1500,1338,1058,1038,1242,1298,1237,1223,1306,1350,1323,1318,1386,1447,1314,1173,1248,1334,1416,1419,1187,1009,984,941,1001,1303,1619,1603,1607,2167,2477,1928,1242,1239,1688,1393
45,41.60000000000000142,3275,4260,3898,3484,3445,3692,3674,3438,3383,3511,3726,3857,3731,3452,3649,4243,4271,3962,4055,4365,4453,4394,4242,4080,3901,3476,3190,3200,3407,3729,3960,3937,3554,3301,3331,3448,3541,3388,3310,3384,3495,3748,3880,3915,3961,3865,3663,3559,3617,3606,3618,3722,3795,3866,3725,3453,3395,3415,3324,3403,3880,4267,4265,4152,3906,3531,3471,3668,3720,3685,3680,3699,3790,3876,3780,3757,3860,3778,3658,3730,3859,4017,4084,3850,3620,3543,3430,3448,3791,4147,4069,4082,4995,5559,4795,3835,3852,4533,3610
46,44.80000000000000426,5081,6636,6291,6015,6084,6343,6321,6088,6008,6106,6340,6511,6385,6083,6089,6450,6640,6587,6640,6791,6821,6782,6724,6660,6475,6035,5729,5768,5970,6190,6318,6273,6049,5909,5912,5933,5941,5887,5894,5945,6093,6381,6516,6542,6567,6470,6278,6195,6264,6248,6268,6385,6439,6473,6321,6052,5971,5981,5939,6013,6358,6675,6724,6671,6489,6160,6112,6317,6371,6308,6294,6379,6435,6416,6400,6457,6520,6388,6243,6332,6469,6583,6554,6272,6075,6050,6016,6080,6375,6698,6610,6579,7337,7774,7130,6333,6402,7113,5601
47,48,5500,7180,6881,6745,6906,7172,7171,6973,6842,6871,7122,7334,7200,6868,6681,6809,7160,7364,7374,7364,7338,7321,7357,7390,7201,6799,6530,6545,6776,7063,7087,6859,6709,6684,6658,6637,6683,6729,6775,6818,6922,7166,7303,7321,7324,7226,7044,6982,7062,7043,7070,7198,7235,7231,7074,6821,6717,6704,6705,6774,6987,7233,7334,7341,7224,6941,6913,7142,7210,7115,7074,7218,7241,7118,7190,7339,7382,7212,7021,7099,7231,7301,7184,6871,6715,6744,6827,6968,7170,7410,7446,7505,7947,8112,7615,7007,7100,7766,6112
48,51.20000000000000284,3603,4484,3819,3380,3391,3635,3680,3482,3343,3400,3614,3769,3702,3461,3360,3628,4048,4416,5028,5266,4729,4728,5047,4595,3879,3427,3231,3387,3817,4182,4086,3712,3601,3545,3316,3245,3444,3498,3468,3902,4491,4934,5393,5857,5973,5373,4835,5202,5889,5990,5498,4956,4544,4044,3638,3514,3524,3516,3386,3510,4179,4928,5262,5219,4677,3780,3534,3798,3832,3710,3617,3714,3896,3963,3944,3933,3929,3811,3702,4088,4864,5240,4674,3721,3326,3348,3412,3522,4070,5417,5864,5650,6391,6644,5699,4864,5933,7839,6425
49,54.40000000000000568,-192,-148,-1559,-2823,-2884,-2122,-1505,-1847,-1223,-266,-1898,-3925,-3316,-2435,-3250,-4115,-4027,-2759,-463,-1080,-3799,-2096,-436,-3216,-4941,-5126,-5307,-3316,-873,-2513,-6439,-6505,-3104,-1955,-3309,-2815,-1077,-1955,-3936,-2910,-714,352,2135,4234,3656,61,-1388,1459,3838,3806,3230,2706,1825,595,-453,-969,-1624,-3875,-7454,-8491,-4818,-54,1410,-602,-3903,-5885,-4405,-2430,-2971,-3692,-3977,-4906,-5071,-4108,-3759,-3662,-2776,-3106,-4708,-4177,-1665,-535,-2272,-4401,-4087,-2742,-2621,-3075,-1661,1237,565,476,5446,7258,2858,-2243,-1656,3073,4491
50,57.60000000000000142,-4312,-3647,-4122,-5468,-5412,-3700,-1881,-2287,-312,2083,-3112,-9196,-7415,-4680,-7315,-11003,-11937,-9755,-6482,-9508,-14715,-10315,-7195,-11997,-13202,-12579,-12785,-7629,-2126,-8171,-19407,-18475,-8075,-4240,-7256,-5349,-644,-3360,-9313,-9345,-6638,-5261,-2073,1902,-250,-8694,-11009,-3996,653,435,1205,2168,1674,1526,665,-830,-2982,-9489,-19343,-23400,-16227,-5660,-2947,-9028,-16056,-16944,-10506,-5168,-6826,-8734,-9283,-12119,-13719,-11815,-10228,-9178,-6212,-6929,-11740,-12591,-10161,-9281,-11053,-12148,-9111,-5063,-4648,-6091,-4777,-3179,-6841,-4872,7678,12278,2272,-11256,-15007,-7856,-865
51,60.80000000000000426,-8348,-7062,-4896,-5043,-5199,-3371,-635,-672,1715,4378,-2577,-10308,-7850,-4534,-8348,-13557,-15257,-13348,-10930,-15400,-20962,-16131,-12835,-16444,-15802,-14784,-14938,-8335,-2056,-10932,-25709,-23953,-9827,-4393,-8326,-5715,858,-2454,-10730,-13250,-12169,-11100,-8172,-4334,-7474,-17907,-19953,-10754,-5119,-5060,-2853,-985,-762,1607,2110,230,-2459,-10448,-22814,-29277,-22417,-10304,-7619,-16201,-24103,-21988,-11705,-4717,-7098,-9694,-10331,-14030,-16825,-15006,-12503,-10382,-5734,-6053,-12340,-15502,-16413,-17205,-17195,-15233,-9906,-4503,-3936,-5932,-5952,-7450,-12702,-8262,8791,15721,3152,-16202,-24294,-16581,-6016
52,64,-10591,-9399,-5549,-4693,-5446,-4251,-912,-170,1850,3706,-3328,-10422,-7751,-5067,-9138,-13964,-15768,-14450,-12860,-17568,-22676,-18483,-15106,-16995,-15787,-15050,-15177,-8712,-2956,-12272,-26807,-24867,-10683,-5070,-9519,-7106,349,-2336,-11087,-15039,-14849,-14018,-12426,-10457,-14219,-23388,-23875,-14858,-10280,-10173,-6936,-4517,-3721,152,1661,-179,-2696,-9825,-21396,-28599,-23241,-11908,-9765,-18854,-26208,-22627,-11462,-4481,-7043,-9776,-10446,-14037,-17063,-15596,-13038,-9827,-2910,-1839,-8734,-14514,-18784,-20744,-19225,-15510,-9764,-4493,-3942,-5966,-6862,-10510,-16230,-10524,7804,16719,4436,-17572,-28692,-22507,-10894
53,67.20000000000000284,-11169,-9941,-5163,-3637,-5080,-4661,-731,998,2666,3463,-3595,-9814,-6986,-5267,-9688,-13845,-15588,-14584,-12909,-17550,-22906,-18998,-14988,-16370,-15798,-15247,-15222,-8953,-3372,-12714,-26883,-25055,-11109,-5320,-10386,-8417,-93,-2084,-11151,-15416,-14901,-14221,-13999,-13571,-17640,-25479,-24493,-15378,-11480,-11520,-8099,-5619,-4431,210,2382,720,-2017,-8897,-19952,-27415,-22461,-11198,-9435,-18777,-25985,-22323,-11008,-3931,-6558,-9494,-10400,-13950,-16841,-15427,-13031,-8489,1030,2908,-5522,-13696,-19644,-21653,-19126,-14769,-9276,-4279,-3602,-5475,-6507,-11365,-17814,-11529,7280,17607,5755,-18026,-31141,-26458,-14172
54,70.40000000000000568,-11669,-9859,-2996,-308,-2924,-3834,829,4615,5961,4490,-2630,-7424,-4771,-4681,-9828,-13392,-15116,-14519,-12548,-16860,-22674,-19089,-14405,-15662,-15839,-14955,-14336,-8295,-2698,-11741,-25887,-24726,-10999,-4682,-10249,-9137,-400,-1649,-10749,-15102,-14350,-14231,-15492,-15882,-19587,-26532,-24545,-14670,-10499,-10809,-8196,-6228,-4395,1695,5450,4277,382,-7395,-18366,-26057,-21384,-10194,-8923,-18392,-25268,-21440,-9705,-2178,-4721,-8162,-9813,-13518,-16081,-14640,-12204,-7198,1511,1927,-6856,-15000,-20941,-22407,-18214,-12556,-7586,-3210,-1855,-3017,-4439,-10660,-17841,-11264,7265,17722,5987,-18541,-31860,-27051,-14528
55,73.60000000000000853,-12036,-8811,1988,7060,2869,-417,4825,11529,12436,7588,827,-1320,495,-2789,-9512,-12570,-14262,-14219,-12189,-16051,-22025,-18698,-13474,-14845,-15813,-13870,-11052,-4797,-11,-8852,-23500,-23880,-10090,-2419,-8307,-8954,-670,-1120,-9888,-14176,-13376,-14177,-16814,-17624,-20803,-26809,-23697,-13074,-9018,-10084,-8324,-6237,-2817,5740,11528,9844,3427,-5650,-16374,-24220,-19998,-9181,-8507,-17940,-24167,-19755,-6985,1829,-258,-4910,-8387,-12406,-14162,-12552,-10345,-7052,-2722,-4767,-11946,-17643,-22269,-22853,-16235,-8267,-3941,-503,2572,3126,457,-8402,-16858,-10373,7551,17261,5276,-19204,-31967,-26561,-14070
56,76.80000000000001137,-11859,-7195,7566,16009,11492,6136,10593,17978,18462,12428,7216,7743,8379,1044,-7595,-10293,-12120,-13079,-11808,-15031,-20186,-17241,-12154,-13570,-15215,-11415,-4340,2284,3864,-6033,-20750,-22470,-8300,2191,-2516,-5678,43,-308,-8337,-12538,-12071,-13821,-17369,-18354,-20975,-25547,-21089,-10511,-7050,-8396,-6651,-3402,2337,12694,18217,13970,4947,-3953,-12860,-20318,-17452,-8382,-8518,-17338,-22073,-16097,-2215,7584,6008,-53,-5642,-9693,-10309,-8644,-8072,-8789,-8959,-12017,-16974,-20092,-23120,-22475,-13671,-3655,862,4446,9442,11362,7257,-4457,-14769,-9056,7664,15951,4050,-19254,-31501,-25990,-13532
57,80,-9805,-5057,10122,20496,18161,13415,15350,19727,20454,17005,13899,15093,15519,8105,247,-1864,-4567,-7558,-8066,-10756,-14468,-12078,-7893,-8923,-9368,-3146,5480,9037,5292,-5751,-18277,-19616,-4957,9707,9318,5339,7234,5583,-1331,-5071,-5912,-9881,-14720,-16097,-18057,-20088,-14582,-5768,-2359,-827,3710,8658,14176,20741,20755,12438,3161,-1004,-3698,-8738,-8924,-5256,-7634,-13779,-14583,-6903,5706,13286,11435,6204,814,-2968,-3038,-2284,-5476,-11001,-13942,-16498,-19200,-20153,-21304,-19347,-10284,-321,5578,11533,17571,18739,13638,1237,-10361,-7227,5844,11887,1928,-17669,-28908,-24529,-13032
58,83.20000000000000284,-4744,-1583,9539,18673,19046,16472,15669,16359,17587,17071,15689,16887,18253,14742,10865,9859,6368,1800,-124,-2094,-4479,-3121,-113,237,3142,10316,14141,10026,1084,-7170,-12720,-12439,78,17175,22661,20314,20213,18600,14103,11799,9137,1644,-4835,-6682,-7761,-6472,-924,4420,8160,13939,20874,24789,25877,24057,16018,3809,-2890,1965,9115,8540,4674,376,-5564,-7495,-3118,4518,12515,15327,13742,12618,9947,6638,6435,5300,-1779,-10396,-14860,-16485,-16666,-15856,-15443,-12851,-5491,2482,9201,17302,23237,22541,16998,6653,-4202,-5299,1329,4934,-395,-12651,-21147,-19219,-10977
59,86.40000000000000568,1494,2340,7589,13819,15235,13707,11706,11074,12122,12140,11816,13413,14908,14201,13876,14039,11289,7725,6360,5912,4682,4210,5413,7170,12165,17554,15203,4853,-5622,-6710,-2129,-989,3938,17868,27234,26199,25223,26485,25987,25160,21491,12998,7282,6268,6712,10473,14621,15910,18280,23208,26939,27248,24047,16573,4837,-7234,-10018,925,14284,18034,13031,3388,-4953,-3970,3324,9452,12092,11306,12043,15392,15293,13086,13127,11293,4008,-4352,-9327,-10066,-8614,-8094,-7948,-5312,125,5572,11050,17862,21741,19521,14588,7962,90,-4059,-3596,-1988,-1909,-5294,-9410,-9495,-5857
60,89.60000000000000853,5831,4814,5086,8902,10803,9676,7587,6667,7039,7180,7789,9091,9443,9351,10573,11877,11115,9928,10087,10904,10056,7785,6942,8499,13253,16733,11662,-311,-8617,-2953,8557,9028,4973,11756,21233,20713,18615,21743,24123,23682,20121,14281,11879,13168,15767,19956,21390,19589,19368,19066,16801,13966,9155,1439,-7411,-14150,-13124,-2471,10555,17455,14807,3940,-5128,-2639,6124,11020,9340,6222,8730,14215,15781,15110,15868,15494,11320,5308,1010,843,1924,316,-786,1836,5923,9207,12305,15221,15271,11723,8128,5473,1444,-3522,-7153,-7421,-3883,-492,-217,-687,-445
61,92.80000000000001137,7872,6271,3061,4335,6464,6382,4659,2987,2714,3859,5357,5805,5333,5504,7108,9545,11339,12235,12761,13236,12279,9982,8700,9250,12684,14999,9079,-2483,-7740,1398,14592,14306,4929,4541,11319,11980,10027,12537,15284,14902,12518,10330,10961,14205,18348,21635,20807,17643,14743,8767,1155,-3908,-7475,-10784,-13415,-14207,-11157,-3915,5668,14183,15000,5551,-2880,609,10430,14636,9659,3776,5387,11056,14272,15031,16065,17343,16375,12866,9895,9702,9338,6336,5018,7778,10941,12473,12923,11571,7846,3605,1829,2468,1465,-3294,-8993,-10759,-6229,353,3443,3557,2491
62,96,8420,7399,2086,217,1655,2901,2062,-69,-833,935,2800,2747,2221,2575,4020,7195,11267,13661,13438,12601,12041,11770,11769,11389,12715,13139,6465,-3023,-5249,3243,14723,15466,4746,-1279,2090,4181,3688,5227,7155,6977,6346,7164,9563,13466,17427,19518,18394,14677,7844,-3235,-13027,-16625,-16017,-14216,-12114,-9489,-6508,-3186,2631,11114,14454,7942,1566,5241,14494,17888,11096,2892,2340,7266,11746,13515,14391,16134,16772,15146,13587,13080,11528,8723,8366,11461,13991,13820,11509,6790,944,-2723,-2445,271,870,-3254,-9159,-11559,-7514,-363,3996,4916,3715
63,99.20000000000000284,7654,7529,1566,-2770,-2296,-22,106,-1976,-3143,-1631,212,350,-75,-15,1096,4454,9725,12971,11851,9727,10027,12465,14085,13006,11826,9358,2617,-2352,-1842,1962,9322,12902,4345,-4974,-4769,-1793,-423,543,1006,802,1723,4253,7153,10444,13000,14379,13713,8230,-2509,-14610,-21144,-19756,-14978,-10974,-7398,-3429,-1409,-1522,1374,9069,13589,9848,5680,8832,16279,18670,11793,2975,537,4169,8835,11060,11835,12958,13533,13151,12924,12221,10120,8316,9318,12709,14570,12737,8166,1777,-4091,-6277,-4516,-1163,-124,-3382,-8281,-10537,-7540,-1150,3780,5727,4736
64,102.4000000000000057,5984,6487,1011,-4499,-4831,-2027,-1047,-2697,-4127,-3439,-1929,-1247,-1610,-2110,-1369,1624,7004,10620,8827,5741,6952,11505,14259,13231,9994,4247,-1548,-871,1701,-569,1342,7817,4133,-5779,-8257,-4817,-1759,-1512,-2978,-3415,-1695,963,3244,5262,6674,7666,5707,-2466,-13025,-20118,-20562,-14955,-8530,-5125,-2376,1650,2826,586,1757,8532,13158,10938,8036,10492,16010,17117,10947,3088,-251,1919,5837,8101,8781,8630,8385,8988,9803,9041,7076,6592,8819,12049,12869,9624,3836,-2483,-6847,-7322,-4902,-1937,-1148,-3602,-7053,-8626,-6622,-1565,3497,6514,5795
65,105.6000000000000085,3910,4713,372,-5217,-6215,-3378,-1583,-2446,-3915,-4173,-3291,-2268,-2525,-3344,-2890,-737,3637,6978,5146,2036,3961,9292,12410,12013,7540,-784,-5062,503,4963,-1503,-5116,2325,4294,-3781,-7923,-4593,-988,-1641,-4463,-5298,-4083,-2307,-620,555,1341,751,-4271,-12680,-18123,-17822,-12364,-4459,335,520,1145,4494,5381,2812,3415,9011,12811,11103,8911,10935,14571,13672,7980,2200,-632,303,2914,4837,5208,3743,2844,4284,5655,4980,3795,4764,7814,10265,9641,5406,-424,-5404,-7650,-6725,-4294,-2134,-1824,-3716,-5890,-6603,-5168,-1399,3318,6873,6306
66,108.8000000000000114,1608,2524,-318,-5210,-6643,-4069,-1598,-1623,-3001,-3950,-3752,-2821,-2929,-3636,-3331,-2180,417,2764,1615,-347,1907,6580,9422,9613,4406,-5095,-7843,776,7549,412,-7593,-1697,4767,1,-4783,-2542,263,-830,-3605,-4933,-5249,-4388,-2531,-1632,-1984,-5370,-12255,-17135,-15848,-9040,1035,8213,7714,3657,2752,5455,6496,4872,5522,9401,11441,9706,8509,10528,12058,8731,3380,331,-825,-684,416,1543,1241,-1074,-2009,64,1602,1143,1005,3217,6529,7793,5723,1155,-3692,-6750,-7121,-5408,-3280,-1869,-1984,-3541,-4819,-4750,-3475,-722,3236,6603,6025
67,112,-724,216,-962,-4624,-6153,-3986,-1146,-500,-1717,-3062,-3471,-2911,-2827,-3187,-3012,-2687,-1865,-801,-921,-1291,714,3948,6291,6581,780,-8499,-9973,-182,9003,4301,-5545,-2691,5485,3864,-935,-629,651,-26,-1466,-3057,-4782,-4394,-2206,-1603,-3570,-8989,-14864,-14751,-7955,3384,14576,16704,9777,3513,2983,5694,7176,6676,7099,8755,8508,6458,6713,9156,8568,3252,-1348,-1673,-869,-1034,-1231,-1319,-2642,-5139,-5488,-3040,-1614,-1897,-1104,1907,4910,4920,1888,-2213,-5447,-6693,-5886,-3929,-2137,-1256,-1674,-3015,-3666,-2980,-1751,102,3034,5719,5068
68,115.2000000000000028,-2708,-1807,-1340,-3452,-4815,-3201,-334,829,-160,-1766,-2699,-2481,-2150,-2227,-2225,-2433,-3045,-3110,-2110,-1164,8,1793,3693,3459,-2764,-10612,-10815,-1157,9620,8745,-113,-668,5902,6172,1801,-89,-341,239,854,-585,-2930,-2664,-614,-510,-3531,-8912,-11621,-7061,2728,14458,21499,16902,6641,1526,2831,6112,8091,8161,7633,6777,4325,2159,4113,7146,4883,-1432,-4797,-3005,-709,-761,-1766,-3233,-5705,-7842,-7257,-4711,-3660,-3947,-2521,809,3083,2034,-1224,-4179,-5719,-5708,-4313,-2297,-787,-363,-1045,-2199,-2350,-1235,-181,748,2559,4347,3651
69,118.4000000000000057,-4029,-3288,-1421,-1858,-2881,-1952,567,2007,1304,-383,-1679,-1670,-1065,-981,-1144,-1616,-3166,-3924,-2002,-350,-313,249,1640,566,-5319,-10502,-9145,-571,10105,12411,5806,2179,5269,6297,2686,-866,-2090,0,2692,1803,-578,-444,961,471,-2436,-5548,-4114,3114,12041,19059,19176,10510,1464,-279,3111,6850,9072,9162,7290,3985,-174,-1857,1677,4981,1770,-4357,-6244,-3224,-208,13,-1327,-3898,-7281,-8823,-7355,-5016,-4506,-4855,-3103,53,1344,-451,-3274,-4785,-4964,-4271,-2555,-424,834,745,-222,-1191,-958,344,1053,1101,1871,2754,2075
70,121.6000000000000085,-4505,-4113,-1368,-273,-841,-642,1165,2581,2261,813,-689,-983,-167,203,5,-561,-2372,-3259,-928,830,-222,-854,-214,-1821,-6096,-7670,-4778,1674,10375,14283,9684,3763,3441,4706,2195,-1824,-3250,-267,3710,3580,1385,1073,1450,423,-1147,-533,4203,10921,15620,16211,10996,2209,-2759,-734,3936,7397,9447,9346,6278,1072,-3952,-4569,-7,2933,-520,-5477,-5920,-2492,540,936,-426,-3429,-7104,-8086,-6135,-4309,-4360,-4666,-2874,-336,-51,-2176,-4216,-4490,-3802,-2719,-751,1479,2476,1916,713,-101,290,1443,1739,1187,1177,1281,663
71,124.8000000000000114,-4107,-4194,-1287,903,831,382,1269,2459,2603,1688,154,-671,125,1004,977,353,-1186,-1756,529,2108,242,-1685,-1997,-3469,-5123,-3106,624,4135,9774,14149,11148,3969,1007,2156,1111,-2144,-3214,-247,3803,4299,2383,1290,465,-735,-251,3714,9358,12905,12803,9079,1949,-4375,-4628,211,4837,7115,8540,8293,4555,-1643,-6482,-5707,-898,1075,-2177,-5506,-4726,-1381,1260,1654,419,-2253,-5438,-6026,-4146,-3041,-3544,-3694,-2138,-511,-989,-2969,-4180,-3725,-2612,-1206,969,3116,3800,2935,1650,939,1194,1845,1761,1076,688,204,-362
72,128,-3061,-3593,-1160,1504,1878,982,967,1824,2374,2166,928,-447,-18,1292,1545,882,-176,-255,1825,3257,993,-2139,-3506,-4409,-3323,1271,4935,5543,8111,12363,10879,3609,-1250,-619,-44,-1859,-2512,-292,2871,3848,2497,532,-1465,-2362,12,5529,10049,10154,6812,1414,-5076,-7885,-4149,1887,5215,5645,6012,5754,2085,-4058,-7754,-5519,-1119,-495,-3466,-5223,-3511,-382,1764,1979,895,-910,-2968,-3297,-1973,-1660,-2449,-2383,-1222,-551,-1424,-2913,-3428,-2679,-1406,277,2501,4308,4607,3612,2432,1802,1698,1625,1220,776,414,-372,-897
73,131.2000000000000171,-1698,-2516,-972,1530,2204,1143,448,885,1637,2168,1594,-21,-194,1134,1581,953,390,773,2601,3990,1909,-1923,-4306,-4793,-1921,3801,7190,6042,5983,9261,9161,3063,-2731,-2911,-1088,-1389,-1803,-788,1072,2611,2322,-231,-3161,-3537,-152,5012,7658,5690,1078,-4400,-9078,-8461,-2261,3373,4698,3137,2268,2063,-876,-5975,-7895,-4360,-657,-1421,-4318,-4986,-2714,241,1971,1922,981,191,-497,-589,-63,-534,-1480,-1198,-408,-464,-1385,-2250,-2250,-1421,-99,1725,3749,4992,4850,3834,2896,2357,1835,1050,400,313,224,-531,-968
74,134.4000000000000057,-302,-1216,-723,1131,1918,949,-164,-226,525,1727,2039,619,-179,650,1042,529,446,1192,2645,3980,2743,-892,-4020,-4669,-1524,4176,7958,6661,4195,5191,6040,2272,-3154,-4238,-2077,-1128,-1296,-1552,-945,1256,2360,-226,-3602,-3584,-369,3157,4081,1573,-2838,-7582,-10148,-7021,-127,4110,3420,264,-1615,-1833,-3701,-7033,-7024,-2682,241,-1577,-4579,-4794,-2360,477,1926,1661,878,910,1399,1550,1250,40,-931,-414,138,-288,-999,-1274,-905,-43,1271,3016,4593,5152,4561,3581,2938,2515,1702,455,-318,-136,62,-451,-753
75,137.5999999999999943,818,-21,-442,582,1309,518,-850,-1410,-736,1018,2223,1322,-7,-86,-38,-367,49,1092,2055,3177,3135,578,-2773,-4050,-1687,3543,8268,7729,3035,974,2215,1209,-2756,-4507,-2863,-1118,-955,-2165,-2405,336,2663,644,-2516,-2466,-453,955,706,-1337,-4840,-8557,-9174,-4646,1597,4149,1915,-2131,-4575,-4946,-5713,-7000,-5424,-1135,823,-1510,-4451,-4585,-2219,502,1712,1339,773,1295,2473,2760,1699,-117,-880,-37,441,-46,-456,-272,381,1309,2546,3962,4910,4791,3827,2932,2589,2330,1460,106,-644,-358,-24,-278,-446
76,140.8000000000000114,1412,768,-202,107,671,17,-1526,-2495,-1902,208,2141,1905,219,-920,-1382,-1472,-591,678,1182,1910,2868,1769,-1209,-3092,-1711,3020,8354,8447,2214,-2286,-1006,125,-2090,-4000,-3201,-1234,-793,-2442,-3021,-53,3000,2037,-368,-760,-445,-846,-1643,-2922,-5463,-8094,-7117,-2123,2702,3626,514,-3585,-6037,-6574,-6417,-5854,-3416,-144,548,-1852,-4340,-4322,-1994,525,1398,1032,801,1485,2691,2841,1188,-892,-1139,121,655,256,53,520,1426,2459,3529,4430,4694,4005,2796,2026,1966,1931,1235,87,-511,-259,30,-75,-167
77,144,1503,1111,-9,-157,236,-340,-2002,-3254,-2752,-533,1880,2331,541,-1513,-2521,-2441,-1286,66,294,601,2015,2150,-39,-2077,-1303,2855,7766,7814,1261,-3936,-2648,-564,-1448,-3084,-3054,-1379,-790,-2410,-3038,-188,3190,3492,1952,754,-490,-1887,-2684,-3431,-5260,-6702,-4546,154,3216,2625,-770,-4102,-5895,-6376,-5587,-3717,-1192,358,-425,-2714,-4431,-3927,-1471,709,1102,791,944,1495,2124,1849,-77,-1883,-1352,324,962,643,459,1025,2127,3239,4053,4384,4030,2919,1607,1009,1208,1431,1067,320,-54,101,225,119,24
78,147.2000000000000171,1315,1167,167,-183,102,-418,-2143,-3549,-3162,-1045,1603,2689,1095,-1503,-3029,-3039,-1967,-724,-483,-432,823,1585,344,-1174,-441,2890,6263,5562,-126,-4141,-2636,-592,-782,-2033,-2568,-1446,-847,-2164,-2801,-417,2983,4416,3582,1616,-583,-2145,-2661,-3260,-4530,-4641,-1741,2091,3306,1328,-1905,-3826,-4407,-4570,-3490,-1027,995,682,-1532,-3754,-4554,-3235,-588,1043,842,565,1003,1197,948,180,-1583,-2576,-1171,803,1488,1146,821,1319,2479,3558,4062,3875,3026,1656,400,37,478,957,967,659,505,548,471,258,104
79,150.4000000000000057,1067,1090,300,-92,169,-226,-1880,-3351,-3144,-1268,1422,3034,1917,-750,-2665,-3074,-2536,-1666,-1166,-1104,-468,278,7,-377,703,2903,4166,2452,-1702,-3515,-1620,-53,-77,-1086,-1944,-1369,-857,-1782,-2496,-960,2030,4208,4018,1812,-560,-1778,-2085,-2778,-3400,-2124,1115,3687,3064,-76,-2708,-2834,-2036,-1833,-823,1539,2826,1119,-2173,-4424,-4320,-2079,556,1326,498,259,804,526,-545,-1622,-2776,-2620,-471,1597,2208,1718,1176,1500,2539,3438,3621,3027,1822,359,-693,-777,-117,580,902,948,956,896,635,289,78
80,153.6000000000000227,874,984,364,-42,242,131,-1217,-2678,-2761,-1226,1339,3314,2877,598,-1474,-2476,-2838,-2637,-1880,-1586,-1664,-1281,-630,372,1806,2624,1857,-519,-2917,-2601,-357,835,740,-211,-1224,-1126,-748,-1302,-2194,-1824,276,2759,3302,1577,-273,-1012,-1387,-2197,-1967,612,3835,4887,2528,-1357,-2948,-1223,719,1121,1736,3483,4102,1785,-1967,-4187,-3321,-402,1772,1398,31,-143,278,-485,-2040,-3093,-3349,-2013,576,2502,2915,2208,1474,1601,2371,2955,2840,1974,573,-825,-1576,-1391,-571,277,805,1071,1181,1048,644,190,-31
81,156.8000000000000114,762,906,371,-107,185,511,-244,-1567,-2044,-988,1266,3399,3729,2206,252,-1360,-2746,-3402,-2668,-2088,-2573,-2526,-1147,1022,2504,1799,-562,-2889,-3495,-1689,742,1967,1924,926,-261,-681,-548,-876,-1993,-2854,-1899,604,1984,1279,339,-65,-769,-1541,-319,3252,6066,5513,1759,-2300,-2586,710,3358,3731,3758,4629,4767,2587,-884,-2791,-1391,1641,2813,1213,-488,-585,-503,-1714,-3324,-3974,-3244,-992,1650,3215,3322,2419,1611,1583,2011,2234,1882,871,-560,-1752,-2168,-1782,-904,8,645,1017,1169,997,508,-1,-177
82,160,687,846,332,-280,-58,763,883,-70,-984,-635,1076,3170,4223,3652,2061,9,-2217,-3723,-3439,-2705,-3088,-3101,-1305,1455,2573,440,-2927,-4549,-3443,-846,1592,3273,3596,2549,1090,46,-293,-629,-1924,-3734,-3817,-1437,767,1261,1206,845,-269,-754,1416,5375,7308,5313,807,-2824,-1861,2457,5359,5532,4948,4928,4769,3256,736,-498,1151,3574,3330,748,-964,-998,-1400,-2987,-4294,-4220,-2571,148,2456,3473,3210,2215,1485,1374,1490,1425,937,-109,-1434,-2323,-2427,-1948,-1128,-243,425,832,985,786,278,-205,-300
83,163.2000000000000171,586,751,242,-533,-472,765,1896,1607,374,-205,668,2535,4197,4594,3520,1324,-1343,-3507,-4014,-3382,-3254,-2968,-1010,1719,2151,-1048,-4846,-5509,-2972,-77,2206,4534,5527,4561,2782,1029,64,-406,-1726,-3950,-4678,-2560,201,1683,2149,1535,104,94,2952,6578,7256,4207,-302,-3021,-1171,3432,6247,6202,5129,4393,4089,3492,2332,2036,3615,4790,3076,102,-1250,-1329,-2309,-4083,-4781,-3807,-1471,1207,2841,3160,2531,1602,1079,961,874,645,122,-861,-1969,-2512,-2368,-1901,-1244,-486,146,562,703,477,9,-372,-371
84,166.4000000000000057,419,593,125,-773,-946,464,2484,3100,1850,288,58,1503,3620,4888,4404,2378,-309,-2818,-4166,-3904,-3186,-2353,-330,1995,1679,-2067,-5901,-5866,-2406,574,2592,5390,7178,6514,4439,2034,548,37,-1052,-3103,-4027,-2342,462,2391,2889,1884,348,835,3933,6612,5954,2388,-1529,-3122,-933,3182,5710,5615,4291,3121,2795,3090,3390,4118,5315,4940,2171,-457,-1204,-1532,-3094,-4702,-4500,-2654,-31,2122,2826,2364,1448,733,486,431,269,-11,-513,-1362,-2162,-2359,-2056,-1680,-1259,-710,-164,241,362,128,-263,-512,-416
85,169.6000000000000227,190,381,31,-896,-1340,-81,2451,4008,3136,839,-576,224,2542,4492,4652,3093,739,-1743,-3668,-3967,-2963,-1587,487,2321,1521,-2177,-5873,-5784,-2106,902,2638,5464,7895,7733,5555,2817,1105,699,116,-1271,-2030,-918,1345,3050,3171,1834,473,1366,4177,5523,3738,200,-2761,-3305,-1341,1637,3734,3864,2621,1316,1028,2024,3649,5296,5906,4147,1070,-634,-784,-1568,-3550,-4542,-3262,-789,1616,2857,2518,1322,238,-195,-139,-65,-203,-476,-935,-1609,-2062,-1956,-1581,-1332,-1168,-875,-458,-100,-7,-212,-502,-629,-450
86,172.8000000000000114,-49,153,-17,-874,-1569,-721,1801,4021,3825,1342,-999,-1005,1153,3524,4370,3508,1725,-424,-2536,-3413,-2572,-923,1127,2565,1736,-1399,-4918,-5452,-2360,567,2114,4549,7236,7695,5833,3275,1629,1389,1495,1099,755,1258,2534,3431,2908,1386,438,1591,3688,3660,1146,-1961,-3829,-3521,-2127,-687,764,1322,482,-735,-981,464,3120,5444,5471,2917,314,-240,-62,-1435,-3507,-3500,-1184,1511,3241,3359,2042,288,-836,-981,-641,-399,-472,-731,-1136,-1612,-1743,-1404,-1012,-898,-974,-944,-706,-442,-371,-511,-687,-698,-449
87,176,-199,-25,-27,-725,-1583,-1280,751,3130,3641,1610,-1034,-1789,-168,2286,3777,3711,2566,870,-1109,-2376,-1993,-470,1378,2577,2117,-198,-3486,-4947,-3096,-563,886,2718,5213,6312,5284,3402,2032,1958,2753,3412,3574,3545,3671,3418,2159,616,168,1370,2536,1445,-1289,-3734,-4556,-3570,-2737,-2894,-2410,-1502,-1738,-2708,-2922,-1292,1992,4708,4415,1872,292,703,776,-1161,-2910,-1757,1301,3796,4581,3587,1500,-549,-1571,-1462,-909,-529,-540,-793,-1143,-1425,-1299,-810,-433,-439,-707,-913,-886,-755,-702,-764,-826,-718,-403
88,179.2000000000000171,-219,-113,-7,-483,-1384,-1626,-374,1689,2704,1554,-692,-1908,-1084,1071,3035,3729,3189,1951,283,-1134,-1287,-217,1236,2290,2359,860,-2082,-4306,-3970,-2269,-995,247,2274,3933,4087,3189,2229,2301,3603,5098,5694,5272,4348,2944,1080,-351,-401,622,913,-742,-3231,-4901,-4810,-3289,-2778,-4226,-4983,-4104,-3683,-4250,-4459,-2905,546,3407,3247,1469,1071,1949,1513,-766,-1828,308,3651,5634,5439,3528,974,-1082,-1878,-1572,-922,-496,-482,-728,-1011,-1119,-817,-270,69,-7,-390,-783,-971,-990,-963,-954,-904,-676,-313
89,182.4000000000000057,-145,-96,62,-184,-1018,-1700,-1290,152,1362,1162,-214,-1459,-1429,96,2211,3526,3575,2819,1523,88,-540,-39,900,1774,2255,1393,-1083,-3631,-4622,-4077,-3234,-2468,-913,1155,2481,2625,2157,2355,3875,5807,6641,5931,4222,2006,-154,-1406,-1263,-547,-857,-2587,-4536,-5417,-4564,-2656,-2234,-4426,-6397,-6001,-5046,-5112,-5362,-4116,-938,1888,2308,1759,2337,3099,1954,-308,-483,2264,5423,6727,5713,3222,544,-1281,-1789,-1359,-737,-372,-380,-613,-808,-766,-378,151,458,387,-19,-542,-927,-1097,-1110,-1036,-872,-536,-166
90,185.6000000000000227,5,33,192,132,-565,-1528,-1853,-1134,-17,512,122,-745,-1233,-502,1368,3084,3731,3499,2576,1170,185,186,605,1164,1753,1309,-560,-2883,-4683,-5383,-5312,-4975,-3757,-1478,708,1766,1841,2143,3556,5429,6206,5244,3100,605,-1452,-2462,-2273,-1860,-2482,-3985,-5277,-5426,-3973,-1824,-1344,-3697,-6519,-6899,-5715,-5304,-5592,-4803,-2245,384,1625,2412,3559,3745,1946,80,816,3754,6352,6945,5410,2756,286,-1145,-1378,-935,-451,-218,-280,-490,-584,-431,-37,430,737,748,394,-203,-743,-1049,-1105,-977,-714,-303,25
91,188.8000000000000114,194,248,380,435,-113,-1213,-2082,-2002,-1123,-204,165,-149,-754,-715,608,2450,3638,3918,3357,2058,850,451,420,556,942,791,-231,-1827,-3899,-5714,-6643,-6803,-5866,-3626,-1022,729,1345,1715,2743,4093,4493,3309,1101,-1165,-2779,-3430,-3182,-3007,-3812,-5038,-5692,-5187,-3289,-992,-343,-2411,-5565,-6758,-5746,-4995,-5236,-4936,-3228,-986,1013,2912,4207,3638,1484,314,1818,4575,6376,6328,4631,2232,246,-715,-748,-412,-151,-84,-203,-375,-377,-161,196,602,938,1068,811,200,-441,-852,-948,-775,-445,-15,226
92,192,365,494,613,713,288,-852,-2067,-2460,-1855,-830,-75,63,-344,-683,0,1704,3294,4008,3770,2677,1383,627,207,-82,-44,153,283,-267,-2249,-4863,-6759,-7554,-7034,-5125,-2517,-319,777,1163,1618,2121,1921,587,-1353,-3020,-3987,-4147,-3718,-3729,-4755,-5824,-5948,-4875,-2633,-185,724,-827,-3838,-5670,-5194,-4322,-4389,-4510,-3761,-2108,292,2813,3946,2784,727,428,2431,4707,5633,5084,3531,1707,384,-105,-29,123,125,19,-142,-264,-202,27,347,731,1111,1338,1188,624,-58,-535,-651,-450,-99,291,412
93,195.2000000000000171,496,724,859,957,602,-509,-1899,-2613,-2250,-1278,-450,-103,-215,-616,-465,923,2737,3779,3799,2957,1655,533,-270,-904,-1099,-322,1194,1758,41,-2954,-5543,-7063,-7221,-5925,-3603,-1185,272,613,401,-88,-970,-2346,-3755,-4601,-4808,-4357,-3638,-3843,-5195,-6254,-5964,-4387,-1835,770,1933,950,-1590,-3788,-4063,-3313,-3116,-3521,-3716,-2835,-551,1991,2804,1426,-84,510,2694,4286,4396,3521,2298,1200,598,531,645,594,355,105,-70,-138,-40,174,466,860,1279,1560,1489,1006,356,-122,-243,-51,267,575,569
94,198.4000000000000057,571,874,1056,1161,844,-208,-1660,-2568,-2376,-1510,-777,-443,-381,-664,-820,168,1984,3256,3509,2915,1609,79,-1138,-1971,-2057,-407,2480,3943,2501,-484,-3340,-5478,-6475,-5996,-4156,-1749,-107,131,-725,-2147,-3661,-4965,-5673,-5609,-5002,-3866,-2826,-3260,-4987,-6086,-5422,-3352,-542,2049,3276,2806,943,-1310,-2334,-1916,-1488,-2033,-3031,-3038,-1369,681,1143,-54,-722,629,2679,3509,2969,1948,1123,730,780,1055,1171,941,515,177,22,7,122,317,594,989,1415,1707,1691,1312,767,351,232,374,615,814,685
95,201.6000000000000227,572,911,1153,1310,1065,113,-1321,-2352,-2318,-1571,-934,-714,-682,-850,-1088,-484,1113,2511,3011,2656,1352,-570,-2220,-3095,-2669,13,3909,5848,4640,1974,-701,-3136,-4903,-5290,-4083,-1963,-346,-244,-1617,-3744,-5713,-6853,-6838,-5888,-4456,-2663,-1390,-2044,-4019,-5038,-3969,-1442,1434,3623,4580,4511,3437,1461,-93,-135,360,-230,-1798,-2671,-1935,-697,-559,-1300,-1042,789,2441,2567,1616,597,135,305,849,1370,1489,1141,612,244,124,160,287,470,734,1104,1487,1747,1775,1531,1139,834,731,798,924,1000,759
96,204.8000000000000114,513,864,1164,1392,1267,491,-841,-1967,-2133,-1510,-892,-765,-917,-1095,-1286,-963,275,1676,2428,2325,1121,-1020,-3042,-3859,-2688,867,5114,7070,6150,4071,1921,-412,-2654,-3795,-3336,-1812,-461,-497,-2173,-4674,-6828,-7723,-7091,-5394,-3227,-969,330,-455,-2339,-3014,-1508,1294,3875,5214,5574,5756,5483,4075,2356,1849,2187,1580,-266,-1807,-2056,-1739,-1886,-2077,-1032,937,2048,1646,516,-419,-611,-69,774,1430,1562,1184,655,315,243,331,467,634,877,1190,1485,1678,1739,1641,1434,1269,1191,1166,1169,1133,806
97,208,417,748,1085,1389,1409,863,-289,-1460,-1831,-1335,-691,-595,-980,-1307,-1437,-1279,-455,826,1818,2044,1157,-875,-3077,-3810,-2011,1890,5732,7376,6905,5629,4180,2269,-35,-1680,-2005,-1320,-468,-618,-2318,-4837,-6878,-7431,-6320,-4123,-1517,825,1885,1127,-230,-262,1628,4367,6223,6391,5959,6233,6689,6047,4541,3689,3687,3053,1239,-641,-1697,-2213,-2598,-2322,-801,1006,1593,886,-256,-1088,-1118,-389,570,1245,1376,1045,628,398,403,534,655,788,998,1227,1398,1511,1601,1645,1633,1609,1544,1433,1336,1217,830
98,211.2000000000000171,299,567,908,1293,1485,1212,317,-824,-1395,-1083,-446,-320,-854,-1378,-1515,-1468,-1047,7,1204,1872,1554,10,-2050,-2715,-761,2720,5545,6756,6893,6529,5799,4466,2485,668,-326,-536,-309,-535,-1988,-4184,-5838,-5966,-4528,-2153,444,2400,2970,2378,1901,2702,4809,7077,7884,6798,5547,5783,6844,7039,6042,5049,4642,3970,2434,565,-989,-2120,-2679,-2124,-484,977,1167,360,-697,-1434,-1404,-650,281,891,1002,773,552,501,603,747,826,912,1061,1176,1217,1262,1376,1542,1706,1806,1754,1595,1433,1249,822
99,214.4000000000000057,168,361,680,1116,1486,1530,963,-72,-839,-804,-279,-84,-569,-1179,-1399,-1488,-1439,-698,615,1783,2201,1453,-90,-715,748,3059,4561,5390,6174,6678,6590,5842,4418,2754,1352,405,46,-205,-1189,-2752,-3808,-3515,-1967,242,2412,3609,3538,3195,3733,5348,7409,8859,8492,6321,4388,4489,5980,6971,6665,5755,5010,4309,3170,1566,-165,-1643,-2306,-1665,-181,878,848,97,-837,-1510,-1504,-844,-29,475,559,464,470,607,787,922,960,994,1051,1028,954,950,1082,1335,1630,1828,1815,1656,1459,1225,785
100,217.6000000000000227,39,169,444,879,1390,1737,1536,689,-229,-525,-215,49,-196,-677,-978,-1276,-1584,-1215,73,1674,2859,3075,2337,1719,2118,2781,3012,3599,4907,6080,6493,6233,5403,4111,2625,1269,510,302,-55,-749,-1097,-519,848,2595,4079,4390,3727,3674,5119,7295,8998,9404,7952,5082,2755,2669,4364,6010,6449,5819,4904,4191,3415,2180,528,-1038,-1725,-1133,53,764,675,55,-768,-1403,-1464,-960,-306,82,146,185,399,688,915,1028,1027,1007,969,822,655,611,752,1061,1431,1697,1748,1623,1411,1155,728
101,220.8000000000000114,-59,9,222,620,1208,1791,1951,1368,365,-271,-227,81,174,-2,-316,-847,-1472,-1473,-369,1458,3272,4444,4612,3960,3013,1973,1244,1721,3334,4894,5623,5700,5360,4516,3235,1857,954,839,1157,1442,1793,2436,3332,4412,5149,4728,3714,3956,6002,8337,9379,8670,6412,3367,1051,797,2434,4482,5593,5380,4480,3752,3214,2340,942,-501,-1138,-657,221,681,610,131,-594,-1198,-1327,-987,-511,-236,-183,-40,327,725,976,1054,1006,935,824,594,362,283,420,751,1159,1474,1585,1500,1296,1048,650
102,224,-109,-105,39,375,970,1708,2181,1903,911,-19,-267,44,474,654,398,-283,-1119,-1435,-640,1141,3307,5214,6153,5447,3279,875,-426,12,1688,3357,4218,4480,4480,4076,3184,2072,1237,1233,2137,3345,4301,4804,5040,5370,5450,4616,3592,4120,6361,8404,8579,6887,4242,1546,-360,-696,642,2758,4350,4587,3832,3087,2661,2092,1040,-129,-646,-280,339,631,575,210,-405,-958,-1132,-930,-616,-450,-412,-207,251,704,951,990,908,800,637,356,87,-15,108,440,862,1203,1355,1303,1125,902,550
103,227.2000000000000171,-117,-167,-92,159,696,1495,2200,2246,1406,294,-258,-19,660,1136,990,304,-596,-1141,-711,806,2993,5236,6617,5880,2950,-229,-1756,-1354,177,1714,2553,2893,3124,3111,2656,1919,1268,1357,2636,4550,5968,6234,5778,5389,4968,4057,3341,4124,6167,7546,6834,4490,1914,-58,-1280,-1584,-706,1127,2901,3517,2992,2273,1890,1554,874,70,-258,26,442,604,517,206,-290,-735,-903,-794,-614,-555,-535,-291,195,634,836,842,748,625,432,123,-160,-273,-163,160,576,915,1080,1050,903,725,440
104,230.4000000000000057,-99,-178,-162,0,420,1168,2002,2357,1791,642,-166,-68,677,1317,1325,787,-15,-681,-607,510,2418,4563,5989,5266,2204,-1082,-2587,-2270,-1042,198,920,1300,1708,2007,1907,1485,1040,1183,2570,4850,6558,6626,5606,4624,3883,3151,2919,3862,5412,5954,4552,1998,-157,-1249,-1687,-1869,-1506,-235,1382,2219,1988,1398,1061,893,558,148,49,302,565,594,404,69,-307,-568,-647,-586,-529,-568,-555,-286,171,525,652,632,540,417,218,-89,-361,-467,-371,-77,312,627,778,756,643,526,328
105,233.6000000000000227,-54,-137,-164,-82,194,797,1636,2216,1970,959,24,-85,520,1174,1362,1088,516,-153,-384,270,1697,3408,4554,3911,1297,-1536,-2872,-2713,-1879,-1007,-412,27,593,1105,1192,919,616,764,2012,4269,6077,6109,4802,3423,2514,2075,2319,3291,4202,3944,2179,-169,-1703,-1960,-1702,-1733,-1815,-1227,-64,800,891,562,340,298,233,179,300,545,682,556,213,-188,-441,-460,-374,-327,-384,-498,-480,-213,167,396,434,393,307,198,25,-251,-500,-592,-508,-259,77,337,453,441,374,319,207
106,236.8000000000000114,-9,-77,-121,-99,39,451,1172,1851,1921,1204,288,-66,252,805,1152,1183,911,345,-110,96,969,2075,2783,2293,481,-1580,-2687,-2727,-2307,-1807,-1313,-759,-37,577,671,373,112,210,1148,3033,4740,4941,3706,2155,1163,999,1597,2481,2755,1863,60,-1771,-2623,-2258,-1545,-1432,-1795,-1842,-1288,-563,-155,-110,-135,-83,24,227,509,729,731,445,-48,-496,-611,-381,-109,-41,-183,-344,-321,-92,174,269,230,167,85,2,-124,-347,-567,-647,-574,-375,-130,40,117,129,117,116,78
107,240,11,-32,-73,-77,-36,177,693,1361,1692,1334,563,2,-36,328,774,1076,1112,742,180,-1,331,821,1088,810,-98,-1295,-2152,-2405,-2365,-2200,-1788,-1078,-221,377,365,-32,-324,-328,212,1503,2925,3409,2569,1084,61,81,871,1566,1283,-2,-1573,-2723,-2961,-2264,-1369,-1142,-1617,-2134,-2165,-1663,-980,-510,-299,-187,-7,325,671,824,687,262,-325,-755,-718,-288,129,231,50,-136,-124,46,191,177,82,-9,-95,-150,-231,-393,-560,-627,-575,-442,-306,-236,-196,-157,-118,-78,-52
108,243.2000000000000171,33,5,-41,-51,-46,7,295,860,1345,1326,786,122,-243,-127,328,820,1128,1007,466,-17,-177,-224,-309,-357,-436,-821,-1413,-1851,-2132,-2247,-1906,-1062,-144,345,221,-239,-588,-726,-576,77,1089,1808,1515,317,-664,-566,245,669,-46,-1467,-2620,-3072,-2840,-2054,-1179,-884,-1357,-2153,-2617,-2332,-1464,-621,-186,-39,136,463,764,822,569,60,-536,-876,-696,-142,337,446,269,90,86,188,228,141,4,-126,-221,-251,-292,-392,-492,-545,-534,-476,-442,-454,-448,-393,-312,-245,-170
109,246.4000000000000057,57,35,-20,-40,-51,-90,9,415,946,1192,906,259,-320,-459,-99,488,992,1105,675,3,-559,-1021,-1334,-1170,-613,-344,-656,-1188,-1704,-2030,-1764,-885,-19,327,157,-281,-674,-936,-1084,-968,-404,377,574,-199,-1038,-934,-238,-121,-1124,-2468,-3115,-2961,-2412,-1670,-923,-604,-1015,-1916,-2616,-2490,-1564,-512,82,253,362,571,753,728,419,-107,-622,-814,-525,66,530,612,450,302,293,329,282,150,-14,-174,-275,-292,-302,-345,-386,-422,-454,-477,-534,-610,-624,-553,-442,-362,-260
110,249.6000000000000227,69,51,-4,-33,-62,-155,-191,56,566,973,909,388,-265,-629,-450,115,712,1005,745,18,-823,-1568,-1980,-1635,-673,31,-14,-537,-1188,-1633,-1448,-684,9,236,110,-227,-627,-964,-1283,-1547,-1404,-738,-216,-517,-1111,-1038,-560,-751,-1886,-2986,-3142,-2549,-1820,-1164,-574,-276,-600,-1464,-2218,-2188,-1336,-280,357,526,535,573,627,561,257,-209,-565,-580,-225,322,704,739,591,469,449,438,347,197,19,-153,-255,-276,-273,-266,-255,-272,-341,-451,-584,-692,-704,-620,-506,-439,-322
111,252.8000000000000114,81,64,-3,-32,-59,-169,-283,-173,256,720,831,499,-116,-635,-668,-238,332,737,673,2,-984,-1874,-2272,-1774,-619,311,476,0,-698,-1145,-1025,-510,-88,65,61,-119,-470,-818,-1208,-1707,-1917,-1481,-801,-647,-924,-906,-725,-1190,-2291,-3036,-2800,-1962,-1161,-598,-176,49,-184,-886,-1545,-1565,-896,-26,527,658,574,472,435,354,91,-246,-391,-225,165,600,846,823,688,584,540,494,397,256,85,-83,-186,-220,-214,-162,-105,-115,-219,-398,-579,-686,-684,-601,-519,-490,-366
112,256,103,85,-1,-48,-69,-154,-287,-279,34,481,716,570,61,-517,-735,-502,-54,375,471,-83,-1075,-1955,-2234,-1621,-447,534,805,362,-315,-673,-592,-368,-236,-130,13,18,-218,-518,-925,-1555,-2030,-1859,-1167,-653,-598,-642,-778,-1426,-2350,-2721,-2232,-1311,-510,-46,197,304,154,-306,-763,-803,-391,166,544,621,489,320,240,161,-38,-215,-144,178,569,850,928,850,733,640,574,511,422,303,160,14,-85,-130,-122,-38,41,28,-100,-311,-506,-606,-603,-540,-500,-510,-384
113,259.1999999999999886,122,115,20,-59,-93,-145,-253,-293,-81,305,591,584,222,-323,-675,-650,-367,2,169,-244,-1106,-1829,-1911,-1222,-148,739,1000,567,-50,-302,-250,-257,-343,-278,-32,138,73,-115,-501,-1198,-1855,-1923,-1321,-594,-265,-361,-775,-1487,-2122,-2162,-1560,-688,32,385,465,454,377,179,-38,-87,44,254,430,455,323,159,82,30,-85,-104,141,551,888,991,917,808,714,628,555,503,435,339,232,113,30,-13,0,98,177,152,8,-208,-389,-480,-491,-461,-459,-495,-373
114,262.4000000000000341,130,144,59,-42,-94,-111,-164,-207,-84,204,474,547,344,-86,-509,-663,-528,-254,-106,-399,-1046,-1523,-1391,-664,254,953,1113,669,116,-62,-38,-175,-376,-347,-71,214,349,324,-1,-714,-1483,-1748,-1292,-489,16,-119,-732,-1405,-1700,-1474,-878,-159,397,614,569,480,476,516,516,452,335,246,234,212,118,18,-16,-28,-48,75,428,842,1067,1003,824,702,624,549,493,472,434,368,287,192,134,108,130,221,290,258,108,-94,-247,-325,-355,-364,-401,-453,-339
115,265.6000000000000227,148,176,106,3,-60,-44,-32,-63,-16,171,382,489,433,150,-269,-537,-508,-316,-237,-458,-878,-1098,-793,-82,656,1142,1163,702,206,61,58,-116,-335,-326,-68,281,584,716,487,-179,-991,-1412,-1123,-345,230,73,-634,-1201,-1190,-793,-298,203,564,649,525,402,470,696,850,765,473,175,23,-34,-70,-66,-30,-5,51,271,655,1009,1101,911,676,539,468,419,402,422,419,382,316,241,215,223,249,303,346,318,193,36,-80,-154,-214,-268,-339,-394,-289
116,268.8000000000000114,184,220,165,74,10,44,102,90,87,184,319,442,502,351,1,-306,-355,-240,-239,-414,-638,-639,-223,401,929,1213,1125,692,273,129,85,-73,-234,-210,15,385,784,1019,894,326,-456,-960,-826,-164,376,206,-478,-889,-668,-228,99,366,547,539,392,279,400,735,979,883,496,89,-142,-214,-180,-67,35,84,183,428,763,1014,986,723,470,329,270,256,291,362,390,369,318,271,283,324,343,346,351,327,254,163,82,5,-86,-180,-272,-317,-222
117,272,217,276,236,164,111,148,220,223,193,215,294,425,544,501,264,-17,-125,-100,-165,-296,-361,-206,224,689,995,1105,975,657,360,211,104,-35,-111,-42,169,539,975,1245,1184,736,70,-417,-410,71,489,306,-261,-496,-191,164,307,386,430,368,237,157,307,674,958,870,459,25,-234,-290,-171,25,151,199,304,511,744,868,751,465,214,85,50,79,181,309,363,345,305,286,330,390,392,362,343,322,298,270,215,131,23,-94,-194,-219,-137
118,275.1999999999999886,229,322,308,252,211,240,302,315,283,271,324,436,557,595,486,292,163,84,-38,-119,-70,154,491,757,876,853,736,607,486,341,158,6,-12,110,351,732,1150,1394,1358,1035,549,159,92,380,621,422,13,-91,165,370,371,335,301,221,106,53,216,572,853,786,400,-14,-251,-253,-50,195,307,318,381,513,631,627,453,189,-43,-159,-162,-72,111,295,363,342,298,279,334,400,388,344,320,306,326,355,325,240,129,2,-95,-94,-36
119,278.4000000000000341,223,336,362,333,285,286,335,365,352,344,381,455,562,649,647,569,447,277,118,82,194,401,593,678,657,546,471,556,640,521,258,66,68,229,519,910,1275,1472,1453,1250,951,695,610,722,772,558,297,243,360,417,345,253,187,115,17,-12,154,471,718,677,347,-17,-191,-124,122,380,474,428,404,440,451,343,142,-67,-251,-353,-321,-159,94,313,383,344,285,259,307,365,347,303,281,284,342,413,409,334,232,111,32,53,76
120,281.6000000000000227,202,318,379,391,343,307,332,378,392,389,411,475,583,691,762,777,658,429,267,264,385,530,570,505,401,270,267,520,767,708,416,191,184,349,653,1025,1330,1486,1491,1396,1263,1142,1056,1009,901,699,553,485,436,374,272,165,93,32,-40,-37,124,385,576,546,298,33,-59,51,283,506,575,480,370,312,232,60,-131,-265,-386,-465,-402,-185,109,339,393,321,246,226,263,305,292,257,246,275,358,443,456,399,311,209,164,204,185
121,284.8000000000000114,165,276,348,395,376,326,325,368,394,393,419,499,615,734,855,923,793,534,384,399,509,568,455,273,150,82,178,522,848,860,614,393,356,483,753,1078,1318,1428,1452,1457,1466,1450,1362,1195,989,834,770,662,472,302,172,77,25,-19,-59,-25,127,325,434,388,244,128,122,229,396,536,553,436,294,177,29,-161,-309,-381,-450,-501,-415,-167,145,359,380,278,201,188,206,229,223,207,225,285,375,446,464,432,362,290,283,335,273
122,288,117,214,294,357,358,309,288,319,347,368,423,514,635,768,911,988,856,609,476,506,606,568,313,61,-34,9,212,590,922,971,800,623,551,604,806,1067,1238,1301,1341,1430,1539,1579,1494,1272,1027,934,924,774,480,215,56,-12,-24,-23,-7,68,201,310,313,241,195,227,301,375,443,481,448,346,224,88,-95,-272,-372,-416,-465,-488,-385,-119,191,367,349,233,160,155,164,173,172,177,225,309,393,434,444,433,388,349,372,423,330
123,291.1999999999999886,63,141,234,306,313,261,219,234,271,330,410,499,627,782,923,968,847,657,555,596,687,572,227,-55,-113,39,337,708,994,1037,931,819,725,694,802,970,1074,1121,1189,1331,1484,1543,1461,1227,993,958,979,795,435,116,-47,-83,-55,10,124,263,357,346,240,144,161,287,413,454,430,387,338,275,185,48,-128,-275,-347,-394,-447,-449,-323,-48,235,355,302,186,122,129,146,151,158,177,240,331,401,418,404,394,376,370,409,457,352
124,294.4000000000000341,1,59,157,238,262,224,169,162,202,277,363,449,586,763,885,881,785,673,607,655,732,603,259,-40,-101,115,474,815,1018,1030,974,925,835,740,732,780,826,881,986,1147,1301,1364,1278,1052,865,877,914,723,353,46,-94,-115,-67,63,287,486,517,390,205,98,150,302,434,455,383,304,256,217,149,35,-105,-229,-303,-359,-412,-388,-233,43,275,320,238,140,98,120,142,138,144,180,250,331,386,390,350,328,338,360,401,443,339
125,297.6000000000000227,-54,-27,58,146,194,180,124,96,120,185,272,361,515,708,782,732,678,643,620,670,742,658,370,61,-30,184,548,838,951,933,919,920,848,713,593,529,517,570,707,875,1010,1063,963,759,642,690,736,585,287,45,-77,-114,-63,115,411,634,607,400,179,87,165,296,383,384,316,253,204,159,109,31,-77,-199,-297,-366,-393,-320,-123,148,310,272,166,97,87,128,153,132,133,184,249,304,340,337,287,256,284,324,366,398,298
126,300.8000000000000114,-89,-101,-40,43,103,104,57,16,13,65,154,247,412,603,628,548,533,558,574,631,713,693,482,193,76,232,521,735,787,767,790,823,764,606,405,248,184,219,365,544,665,690,578,411,355,421,478,412,249,98,-15,-81,-46,142,445,658,606,377,159,92,180,265,289,279,250,224,179,127,87,26,-71,-204,-335,-421,-410,-250,9,252,333,225,104,67,86,139,166,140,147,203,248,265,271,263,220,189,221,270,306,325,236
127,304,-97,-144,-124,-59,12,30,-2,-51,-80,-51,18,108,267,429,434,357,357,412,458,526,623,672,571,334,182,244,413,529,550,558,616,668,618,453,203,-21,-112,-93,24,194,306,303,204,89,52,101,180,231,230,176,87,7,1,146,391,562,515,310,132,96,169,203,183,192,209,196,155,115,77,15,-82,-233,-388,-474,-416,-166,149,349,351,197,69,58,97,151,176,157,176,237,259,231,201,185,160,146,181,222,233,233,167
128,307.2000000000000455,-84,-144,-173,-146,-68,-20,-33,-88,-143,-153,-121,-39,101,225,233,175,165,221,286,359,471,599,616,445,253,203,245,261,262,325,422,483,438,274,17,-220,-316,-313,-255,-133,-25,-26,-98,-175,-230,-211,-96,84,234,271,222,136,80,151,298,395,360,209,90,92,141,133,104,145,189,160,116,94,57,-7,-110,-270,-427,-491,-376,-64,281,446,382,193,61,61,106,160,191,175,194,257,268,213,152,122,117,130,161,180,172,157,108
129,310.4000000000000341,-70,-114,-166,-190,-141,-84,-79,-131,-203,-235,-212,-150,-59,35,55,9,-9,25,80,142,265,466,584,480,261,102,31,-31,-26,95,221,278,234,87,-133,-339,-439,-465,-466,-401,-292,-266,-314,-380,-449,-433,-276,-3,258,372,354,260,175,178,218,225,189,107,50,76,105,87,68,117,170,137,92,72,18,-62,-165,-309,-449,-481,-301,55,398,524,406,196,67,64,98,151,198,189,195,244,257,210,132,80,83,112,134,137,132,118,77
130,313.6000000000000227,-63,-93,-127,-172,-177,-154,-149,-182,-235,-253,-231,-209,-180,-122,-101,-137,-153,-137,-105,-77,18,254,452,423,203,-34,-185,-280,-254,-100,25,68,34,-75,-235,-399,-510,-565,-599,-577,-484,-435,-471,-536,-583,-536,-357,-49,278,449,447,367,286,229,164,90,43,14,10,44,59,50,48,91,151,139,96,53,-34,-134,-241,-365,-473,-459,-204,191,497,556,401,194,68,55,81,122,173,185,191,221,233,207,130,58,56,88,96,92,100,100,68
131,316.8000000000000114,-47,-78,-96,-124,-140,-138,-142,-164,-192,-205,-208,-221,-244,-238,-223,-237,-254,-242,-211,-219,-193,6,246,301,125,-144,-341,-442,-403,-249,-143,-125,-143,-197,-295,-407,-508,-581,-636,-654,-594,-542,-576,-642,-646,-558,-377,-70,274,467,486,447,385,283,142,11,-59,-66,-28,7,6,5,20,70,134,142,96,22,-82,-203,-338,-458,-520,-426,-87,327,563,539,363,183,67,45,69,94,131,165,189,205,211,195,127,50,40,65,59,50,69,83,63
132,320,-10,-34,-59,-76,-70,-53,-53,-74,-103,-139,-171,-211,-271,-299,-283,-284,-306,-293,-260,-281,-311,-205,12,138,48,-189,-398,-492,-458,-338,-259,-263,-271,-275,-318,-368,-430,-510,-590,-639,-614,-576,-605,-660,-632,-525,-350,-65,242,428,477,467,419,307,146,-6,-100,-111,-56,-29,-46,-43,-9,53,116,130,83,-4,-119,-279,-464,-587,-580,-363,60,450,596,501,315,165,74,48,65,77,97,144,186,196,191,174,117,45,24,42,34,34,66,83,68
133,323.2000000000000455,31,25,-2,-21,-13,9,23,22,-2,-52,-105,-172,-266,-307,-285,-291,-312,-295,-281,-316,-374,-362,-211,-49,-37,-187,-376,-454,-413,-338,-297,-311,-320,-309,-306,-292,-307,-385,-479,-533,-535,-524,-549,-583,-539,-436,-282,-50,187,356,432,429,380,279,139,13,-73,-101,-69,-61,-88,-77,-24,46,106,117,73,-18,-158,-362,-586,-700,-604,-248,233,557,606,455,261,141,89,62,63,74,84,132,187,195,170,145,104,42,15,30,31,53,98,107,80
134,326.4000000000000341,63,71,50,40,40,56,89,113,108,67,6,-80,-208,-275,-259,-262,-269,-245,-237,-285,-377,-440,-362,-200,-110,-163,-312,-363,-299,-256,-255,-279,-299,-301,-267,-196,-167,-222,-303,-352,-382,-404,-433,-451,-400,-311,-194,-31,132,273,361,364,304,214,113,38,-12,-54,-64,-78,-110,-92,-25,45,98,105,54,-45,-204,-424,-648,-726,-529,-71,406,633,583,380,178,92,91,78,71,82,87,133,198,205,156,112,82,46,34,47,52,84,132,134,91
135,329.6000000000000227,96,114,91,89,87,96,141,182,201,184,131,42,-98,-195,-208,-203,-193,-169,-135,-156,-279,-414,-404,-268,-141,-118,-197,-211,-146,-130,-163,-201,-228,-240,-192,-84,-14,-37,-93,-143,-208,-263,-291,-285,-244,-184,-103,-5,91,197,291,304,233,150,96,70,44,-6,-39,-64,-96,-81,-14,39,66,65,14,-83,-236,-441,-621,-622,-328,158,555,669,534,292,85,25,70,92,92,95,95,138,201,204,144,76,47,48,65,83,89,116,152,146,91
136,332.8000000000000114,131,157,134,125,112,122,174,228,264,269,235,161,40,-77,-126,-124,-108,-78,-27,-14,-127,-303,-353,-253,-112,-29,-35,-19,20,5,-48,-94,-123,-137,-77,51,141,141,105,48,-38,-102,-120,-97,-72,-50,-5,36,65,132,229,258,188,110,90,99,87,49,13,-19,-44,-31,19,43,35,26,-19,-111,-241,-400,-498,-388,-22,421,683,676,477,218,26,-13,55,107,125,121,113,138,173,178,131,59,28,50,90,117,127,148,164,142,83
137,336,158,191,169,144,122,147,209,265,303,320,308,269,176,42,-28,-33,-19,37,96,109,26,-140,-228,-169,-33,88,144,172,175,141,89,44,10,-3,65,187,272,286,254,203,139,94,88,105,116,111,113,96,51,69,152,192,150,88,86,119,132,126,95,48,28,40,62,60,31,8,-42,-131,-223,-303,-283,-50,351,699,796,653,402,160,11,-4,66,122,149,150,138,137,138,140,116,61,41,74,120,143,151,168,171,140,83
138,339.2000000000000455,166,205,179,145,130,167,227,277,317,340,356,351,274,146,79,66,74,146,217,225,164,32,-65,-44,60,190,302,341,314,272,228,194,164,151,208,290,355,384,338,287,270,264,270,281,286,267,223,144,48,34,83,120,120,93,106,156,199,219,191,133,107,111,104,69,14,-37,-92,-155,-188,-157,5,339,724,950,883,606,304,103,14,18,81,129,158,169,152,135,116,96,76,51,60,108,152,160,161,171,169,144,90
139,342.4000000000000341,167,208,184,159,149,178,224,276,319,347,381,386,318,219,166,151,159,211,273,292,254,165,79,77,151,272,408,459,420,370,332,313,292,276,307,341,380,417,364,307,315,338,359,376,390,368,284,164,65,38,53,77,115,134,166,233,288,316,291,229,191,173,137,67,-23,-107,-158,-174,-126,28,320,708,1027,1115,924,562,223,52,19,37,86,129,162,173,144,118,90,44,23,36,74,130,168,170,169,168,158,143,94
140,345.6000000000000227,167,209,194,188,185,190,218,273,320,350,377,370,322,260,212,201,216,241,277,306,303,261,190,171,230,334,456,505,465,413,390,385,357,336,346,345,359,391,364,319,324,348,365,396,435,424,317,186,101,57,38,49,115,182,241,322,378,400,376,320,275,228,160,61,-56,-156,-194,-155,-22,239,617,1005,1224,1182,907,522,190,39,39,69,95,123,152,152,113,85,57,6,-6,35,88,143,174,171,173,168,151,139,92
141,348.8000000000000114,158,204,203,212,217,213,221,262,304,325,327,313,301,274,243,232,226,239,270,306,337,341,290,251,283,361,455,494,455,406,401,402,367,349,349,332,325,346,352,327,325,336,343,389,449,450,346,214,131,73,37,37,103,205,297,386,440,447,415,380,343,278,187,67,-70,-167,-168,-72,128,461,879,1221,1326,1170,838,471,186,54,64,101,108,114,123,107,73,52,35,2,-1,36,89,148,174,160,162,163,145,129,87
142,352,145,188,206,229,239,236,232,248,264,255,233,236,270,273,263,249,209,199,233,285,348,389,366,320,312,349,414,446,412,373,374,371,350,347,342,320,299,293,297,285,285,301,322,373,428,435,351,230,147,86,52,43,92,210,332,423,466,452,410,395,376,308,205,82,-47,-120,-76,75,324,686,1090,1351,1346,1098,734,402,178,70,78,124,121,103,85,60,46,36,29,18,18,38,83,142,159,136,140,152,135,117,81
143,355.2000000000000455,130,167,188,220,236,227,215,216,209,181,158,185,246,267,264,252,209,172,187,253,341,401,397,355,315,306,338,357,341,331,331,324,326,343,331,293,254,223,208,200,207,244,295,333,365,377,318,224,152,96,63,51,89,205,339,418,437,417,382,375,373,314,196,77,-5,-19,68,258,541,892,1222,1382,1285,977,607,313,156,94,109,159,145,96,50,27,40,43,35,33,37,54,94,136,139,118,123,136,122,103,73
144,358.4000000000000341,103,146,160,179,193,180,158,150,146,138,134,164,221,248,256,259,228,180,175,234,324,391,400,365,306,262,249,242,252,279,285,277,294,324,299,241,194,153,134,137,148,184,237,255,265,288,267,207,144,95,72,61,84,179,299,358,352,338,330,335,343,298,175,65,40,99,229,441,728,1033,1266,1320,1151,816,465,228,144,144,172,210,177,100,38,16,46,60,53,54,65,85,114,129,122,115,116,121,109,86,61
145,361.6000000000000227,84,135,144,142,149,139,113,102,105,112,113,128,175,213,245,275,245,181,168,213,287,356,393,379,309,240,180,137,166,223,235,222,242,279,248,190,143,87,79,108,122,132,152,152,144,174,194,165,118,83,74,71,81,140,226,265,247,237,259,281,286,249,159,88,108,218,380,590,844,1085,1223,1182,963,639,340,178,160,205,238,250,204,123,60,39,67,85,80,82,96,117,126,118,111,112,111,116,104,78,56
146,364.8000000000000114,86,134,139,134,136,122,95,90,97,94,81,82,120,163,215,273,250,172,151,187,239,307,376,384,311,234,152,85,113,173,181,158,173,220,207,155,103,38,37,84,95,78,65,59,42,57,93,91,76,61,53,76,99,118,146,157,142,142,173,204,207,177,141,133,190,332,514,702,894,1058,1109,990,746,471,258,163,181,246,283,267,208,146,104,84,99,119,115,108,115,134,135,118,112,110,108,118,105,80,61
147,368,80,124,129,128,124,105,85,84,87,69,45,49,79,123,188,253,246,176,141,159,197,264,341,357,301,233,157,102,111,138,134,111,127,185,197,149,93,40,40,75,67,34,10,2,-16,-23,7,23,42,55,56,103,134,107,71,52,48,57,75,106,121,110,126,177,272,430,610,766,896,982,951,780,541,329,204,167,204,275,305,255,187,156,144,123,118,142,151,136,128,147,153,133,123,117,110,113,98,79,62
148,371.2000000000000455,55,97,106,106,98,80,71,62,49,23,7,28,67,122,180,226,229,174,130,132,158,212,284,316,290,231,165,130,117,113,109,101,129,187,208,171,121,91,88,91,59,16,-2,-3,-23,-50,-33,-12,23,82,124,167,167,103,21,-25,-18,-5,0,25,44,58,115,216,344,495,651,780,864,870,766,582,380,223,155,170,228,296,315,247,178,167,167,141,124,151,175,166,151,160,170,151,126,117,113,102,86,75,57
149,374.4000000000000341,37,62,68,81,80,64,50,25,3,-11,-13,22,74,130,171,202,205,153,113,120,130,156,217,263,265,227,174,141,113,104,108,114,154,203,221,196,159,155,159,138,88,36,22,37,10,-44,-41,-15,29,128,210,234,200,120,12,-63,-59,-42,-34,-17,-8,24,113,250,398,528,653,757,794,730,581,407,254,149,118,165,235,296,311,253,189,166,163,155,151,162,178,186,178,166,169,155,117,105,111,96,77,71,52
150,377.6000000000000227,30,38,28,38,51,49,34,-1,-22,-26,-9,39,82,123,162,194,192,136,98,105,108,113,148,197,230,228,203,172,135,125,129,137,178,220,238,226,197,217,246,224,169,111,83,86,55,-9,-9,40,100,202,288,298,249,156,32,-69,-87,-71,-57,-43,-35,13,125,284,438,542,631,706,700,592,425,262,143,87,100,163,226,267,277,234,177,141,147,183,200,187,178,192,194,171,162,151,113,97,105,91,70,66,53
151,380.8000000000000114,12,22,10,-2,2,14,7,-20,-32,-19,18,60,80,109,150,179,183,139,96,90,90,81,88,141,207,231,233,217,174,158,167,179,211,238,254,250,219,252,317,317,274,220,169,138,106,66,81,152,227,307,359,354,300,195,67,-42,-93,-92,-75,-65,-46,25,156,318,457,536,593,638,607,481,307,149,47,30,88,163,212,227,221,187,141,115,139,202,236,223,199,193,196,180,164,151,124,111,108,86,65,68,63
152,384,-4,2,9,2,-8,-1,-1,-12,-3,33,64,72,75,99,128,153,178,159,110,92,92,71,52,97,174,212,236,241,203,187,217,251,271,270,275,271,241,275,353,377,359,317,260,211,180,170,196,263,345,399,407,378,317,225,120,18,-58,-70,-50,-49,-21,74,213,354,461,515,545,561,511,379,207,59,-26,-7,82,155,189,189,169,135,110,110,141,200,243,251,228,201,196,187,168,153,141,133,118,88,67,77,74
153,387.2000000000000455,0,-4,7,7,7,26,32,23,39,77,89,76,71,83,100,133,178,180,132,95,90,62,26,55,126,182,226,251,231,213,260,330,341,319,315,304,283,314,369,396,397,369,324,283,270,283,296,334,401,431,419,375,304,243,177,88,13,2,17,10,46,155,285,392,472,511,505,470,389,255,101,-24,-76,-24,74,141,167,156,118,83,85,118,154,202,239,249,235,206,192,191,175,151,143,140,123,92,67,74,69
154,390.4000000000000341,10,8,7,-8,-5,28,40,30,39,69,79,71,68,70,81,114,164,190,149,99,87,48,0,23,100,173,223,251,245,228,279,373,385,350,338,320,315,346,376,390,391,374,354,341,355,378,369,374,400,400,381,335,274,249,218,143,86,83,79,67,118,232,347,423,486,519,474,381,265,134,11,-81,-100,-33,58,123,151,129,68,31,63,126,170,206,227,220,211,199,186,190,179,143,124,118,110,86,56,55,48
155,393.6000000000000227,22,25,18,-7,-14,12,31,33,42,63,71,69,74,78,82,95,144,186,151,109,99,55,4,21,97,176,226,243,246,242,280,362,380,348,336,328,332,350,367,378,373,369,383,388,401,424,420,411,384,343,308,260,238,256,248,188,151,157,142,134,191,289,377,431,475,495,433,314,182,62,-28,-84,-77,-18,50,100,125,103,29,-6,47,131,176,192,203,189,178,183,180,178,164,129,103,91,85,67,44,44,39
156,396.8000000000000114,47,50,36,11,-3,9,29,50,69,89,95,87,88,85,75,81,137,183,147,110,99,68,32,40,101,169,211,224,248,274,287,322,340,329,328,330,334,328,333,354,358,372,403,403,396,422,444,438,370,293,249,217,232,275,279,237,216,227,230,240,279,337,389,428,444,428,364,252,125,19,-44,-59,-29,15,54,84,102,81,12,-17,41,134,178,180,185,176,158,162,167,159,137,110,95,86,75,58,44,49,45
157,400,71,80,61,35,18,15,28,63,95,120,131,117,100,77,60,79,137,179,159,117,86,68,49,58,106,149,172,188,238,288,287,285,303,310,306,304,316,298,277,300,328,352,375,376,374,396,423,420,347,260,223,217,247,291,303,293,283,281,307,339,358,380,405,431,410,340,268,177,67,-22,-63,-43,2,30,48,67,70,46,5,-1,54,135,183,184,181,176,157,145,150,143,115,93,93,93,76,56,43,50,46
158,403.2000000000000455,82,108,94,70,56,47,60,96,117,134,153,144,113,78,70,98,136,172,175,131,87,77,69,75,113,143,143,158,206,245,250,252,272,280,270,269,286,267,226,239,279,302,310,325,346,352,357,352,305,241,216,232,271,309,324,344,347,322,341,387,411,421,427,427,367,258,176,104,22,-44,-67,-35,18,36,38,38,19,-4,-7,23,77,135,186,196,174,171,165,144,138,134,109,94,96,86,65,44,38,53,47
159,406.4000000000000341,90,126,121,105,96,87,102,127,127,139,172,168,131,102,107,124,140,168,172,133,98,105,113,105,123,153,149,151,169,177,194,209,222,227,222,230,245,232,200,198,222,244,244,258,288,287,280,284,272,235,214,250,304,331,341,366,374,354,365,411,447,452,434,398,318,207,124,61,1,-39,-52,-32,19,48,39,20,-13,-36,-18,42,101,142,189,204,174,164,170,153,137,127,110,103,92,66,44,31,44,71,58
160,409.6000000000000227,94,129,136,132,119,114,131,141,133,149,180,169,141,135,134,132,143,165,159,119,100,128,152,128,113,146,160,155,142,126,145,159,162,178,186,196,206,197,177,164,175,198,195,196,220,225,229,256,268,231,206,255,313,333,344,352,345,355,394,440,460,448,409,341,252,168,102,38,-12,-32,-42,-41,0,41,35,13,-17,-44,-19,60,130,161,184,199,184,162,160,151,131,109,93,90,69,40,27,30,61,88,62
161,412.8000000000000114,91,125,140,144,124,125,147,149,144,152,164,151,141,144,130,126,138,150,141,103,94,135,164,129,86,106,137,138,118,96,100,119,140,161,162,171,178,166,148,134,146,173,184,182,190,194,212,250,259,216,192,241,296,315,324,311,294,326,395,446,438,406,362,269,175,121,76,15,-24,-32,-45,-47,-22,-1,-4,-2,-13,-37,-4,83,157,179,170,174,174,152,133,124,107,78,62,63,47,28,21,36,77,91,53
162,416,87,121,137,144,123,124,146,148,142,138,141,138,129,126,120,116,120,128,126,102,99,132,153,116,68,66,87,91,86,78,67,93,142,149,132,147,150,132,124,123,139,172,202,202,191,195,216,233,225,199,185,215,265,288,283,262,256,292,360,415,395,351,304,203,113,79,49,3,-18,-24,-43,-35,-28,-47,-53,-24,-3,-7,25,101,166,179,155,143,144,132,105,90,80,57,45,47,43,41,36,47,81,85,44
163,419.2000000000000455,78,114,139,151,126,117,129,125,116,112,119,122,107,101,103,95,96,115,126,120,116,128,132,97,61,49,52,58,63,71,66,77,111,104,90,124,137,114,112,129,144,170,207,218,204,205,211,198,186,186,179,193,240,261,241,226,237,266,315,365,355,295,230,137,68,57,43,11,1,-11,-27,-8,-23,-71,-80,-47,0,29,56,109,156,161,137,117,119,119,93,73,68,51,42,40,44,60,61,62,82,79,40
164,422.4000000000000341,63,98,132,156,140,115,98,86,79,79,91,100,90,80,70,61,78,109,127,132,124,121,117,82,46,29,35,51,54,62,69,65,71,67,61,99,137,130,119,127,138,158,194,225,223,205,179,154,163,173,169,189,229,241,211,197,218,248,278,306,301,236,157,87,45,51,49,26,5,-15,-8,12,-25,-76,-86,-67,-17,38,79,121,145,145,128,104,104,104,82,70,63,49,41,37,50,73,76,79,89,78,44
165,425.6000000000000227,45,76,108,142,149,119,76,59,53,48,65,86,85,70,45,35,60,90,113,116,106,108,107,81,29,-5,12,46,52,44,49,59,70,73,67,88,138,155,126,111,131,153,181,223,234,205,153,129,155,168,168,189,208,208,183,170,194,232,250,245,228,180,117,71,46,45,39,21,-16,-41,-8,6,-42,-76,-82,-79,-42,28,100,139,138,133,126,105,90,73,57,58,56,49,47,46,60,74,77,87,89,77,53
166,428.8000000000000114,37,61,87,117,129,101,55,35,28,21,45,83,87,64,42,31,27,43,76,78,77,90,90,78,21,-35,-15,35,53,35,28,59,80,82,83,89,125,156,140,122,138,148,165,208,227,204,157,140,158,167,175,182,178,164,151,157,187,212,214,193,163,127,85,58,41,24,7,-8,-46,-68,-29,-25,-71,-88,-79,-77,-59,15,109,143,124,113,107,93,72,45,33,42,51,56,59,62,63,62,73,86,80,71,50
167,432,41,56,74,95,95,71,40,28,26,17,39,84,84,60,51,30,-3,5,41,54,65,71,61,58,14,-39,-28,13,44,40,25,46,68,74,85,87,91,126,163,167,159,148,156,188,199,185,168,165,165,168,175,169,160,144,130,150,181,176,156,139,113,75,39,26,23,1,-29,-44,-65,-74,-53,-60,-88,-94,-73,-54,-41,13,91,123,108,93,81,69,55,35,26,37,53,60,66,70,59,53,76,90,75,57,38
168,435.2000000000000455,37,50,65,81,78,64,56,56,57,49,53,79,82,73,61,25,-2,10,34,59,77,62,48,46,12,-26,-29,-16,22,49,35,37,60,71,86,90,66,90,163,193,176,165,169,176,168,163,171,170,163,168,164,146,143,142,130,143,157,133,97,84,83,52,13,10,14,-8,-46,-66,-71,-67,-66,-80,-88,-80,-45,-5,9,30,73,107,106,79,57,50,45,34,33,41,48,59,71,70,54,49,71,88,77,53,35
169,438.4000000000000341,22,29,43,65,81,86,90,87,86,81,64,69,87,83,55,21,14,29,44,74,85,62,59,54,18,-11,-21,-22,7,50,58,57,64,76,100,105,82,92,140,167,165,172,179,168,156,162,165,144,137,151,141,113,106,123,138,150,142,108,64,44,64,56,23,15,13,-5,-37,-68,-74,-61,-70,-91,-91,-70,-20,28,36,46,76,107,110,67,35,39,41,41,50,46,36,49,66,61,51,50,54,70,76,57,39
170,441.6000000000000227,10,10,12,37,80,102,105,101,91,77,57,63,87,73,40,17,15,37,65,90,84,64,63,51,26,6,-2,7,22,49,87,88,62,76,109,108,110,124,126,123,135,163,168,155,154,164,149,104,95,120,116,78,60,85,132,160,134,91,49,19,33,48,33,19,7,-9,-34,-71,-86,-71,-78,-100,-91,-56,-7,30,40,60,89,106,105,65,33,38,41,47,65,59,38,36,40,38,50,60,50,56,67,59,43
171,444.8000000000000114,4,5,-2,12,60,86,89,87,76,59,46,60,78,62,34,12,10,41,96,116,89,70,59,44,51,46,24,35,50,65,105,105,61,69,89,73,91,125,125,111,122,153,149,131,137,143,123,74,50,72,75,43,29,57,117,150,117,74,43,15,9,23,23,15,4,-23,-56,-93,-112,-104,-104,-112,-84,-25,19,37,57,82,101,103,92,63,40,43,44,47,62,65,49,30,17,23,55,76,66,59,60,62,51
172,448,9,10,-3,3,37,56,61,60,55,47,34,44,63,58,31,14,21,56,120,141,102,82,67,57,94,109,66,53,79,107,129,106,58,61,69,37,48,98,124,124,126,140,127,107,116,122,111,66,10,7,21,16,24,53,102,126,98,61,43,31,15,8,-1,-3,-2,-33,-80,-114,-131,-134,-130,-116,-72,4,58,73,87,105,114,105,78,55,45,47,48,44,40,47,50,32,16,27,63,88,83,67,57,61,53
173,451.2000000000000455,24,25,9,12,29,33,31,29,33,35,16,11,41,50,29,24,38,68,127,150,115,89,78,78,122,155,122,91,109,149,150,96,53,61,73,40,31,75,108,124,131,123,103,90,107,122,116,65,-18,-38,-11,9,29,52,80,92,73,45,35,33,23,11,-17,-33,-25,-47,-97,-125,-134,-136,-127,-104,-53,25,88,105,109,120,126,102,63,52,58,54,50,38,17,26,43,37,31,42,65,83,81,64,50,49,37
174,454.4000000000000341,32,39,31,36,45,38,21,12,16,18,-3,-19,7,38,41,44,50,72,118,138,113,86,85,108,142,163,155,130,119,140,136,84,59,65,74,57,37,56,76,98,112,91,67,61,83,105,95,42,-32,-51,-18,14,26,36,54,49,37,29,22,20,16,13,-13,-46,-53,-77,-125,-149,-137,-116,-103,-80,-28,40,90,108,116,124,122,86,40,43,66,64,55,34,13,25,41,44,52,59,61,64,62,50,40,38,23
175,457.6000000000000227,25,37,41,50,53,48,36,27,27,23,3,-23,-9,41,68,63,60,80,104,113,105,86,94,141,167,157,156,153,129,120,115,89,75,64,57,59,46,35,42,65,70,42,18,9,29,49,32,-2,-38,-47,-13,25,14,6,23,10,3,19,19,12,3,4,1,-26,-58,-97,-146,-168,-137,-96,-77,-43,17,70,94,107,122,123,104,72,37,43,74,78,63,39,29,34,38,50,65,66,60,52,49,46,39,37,26
176,460.8000000000000114,19,30,37,40,33,42,54,56,56,46,26,-3,8,63,90,77,77,95,96,94,96,88,107,161,184,168,163,172,166,138,110,95,88,71,48,47,36,10,15,42,44,13,-12,-28,-24,-18,-38,-47,-38,-31,-9,13,-3,-17,-9,-8,5,26,26,8,-8,-3,9,-7,-47,-94,-139,-154,-110,-68,-50,-1,73,123,124,114,126,126,94,68,60,66,85,88,68,51,51,40,27,44,59,61,62,51,51,59,46,40,36
177,464,28,34,28,24,24,46,64,66,60,52,41,20,35,86,104,96,100,102,92,96,100,98,128,166,176,184,184,176,180,154,107,87,92,90,59,38,24,-1,0,23,35,20,-2,-20,-35,-50,-75,-69,-32,-15,-19,-22,-19,-22,-31,-4,36,44,31,5,-14,-9,-2,-18,-54,-88,-111,-99,-52,-23,-14,28,100,155,151,120,118,123,94,63,67,77,87,90,68,56,69,51,24,38,50,58,64,51,54,66,48,38,38
178,467.2000000000000455,41,44,18,6,22,46,53,50,50,57,59,48,64,100,116,120,118,100,85,104,123,128,158,166,141,159,187,172,164,153,115,87,93,103,81,63,47,16,2,7,26,33,21,5,-18,-41,-68,-63,-22,-5,-18,-28,-22,-25,-34,2,47,47,25,0,-10,-9,-10,-30,-66,-86,-73,-27,10,17,23,52,103,150,153,125,116,115,87,48,47,66,81,88,63,50,67,60,43,51,59,66,73,62,57,57,45,37,31
179,470.4000000000000341,37,45,20,-2,16,40,40,45,57,66,70,73,85,104,129,146,129,101,87,104,142,166,183,170,120,114,165,185,168,148,116,91,95,102,103,110,87,41,18,14,25,37,28,6,-19,-30,-42,-41,-10,9,12,8,-9,-20,-18,4,25,30,16,-3,-1,-3,-6,-20,-57,-70,-33,30,52,45,56,83,113,130,130,125,120,105,67,27,26,56,81,84,57,41,50,59,69,73,68,73,77,70,60,45,43,44,27
180,473.6000000000000227,18,32,34,22,32,45,44,49,52,53,69,87,92,109,143,154,130,109,101,112,155,185,180,164,135,110,144,189,171,119,82,89,103,95,102,123,104,55,37,38,34,37,23,-4,-25,-24,-12,-9,6,23,43,43,6,-10,-4,-2,-2,14,23,11,1,-17,-12,-7,-40,-45,10,66,80,76,90,121,139,121,108,121,120,90,48,21,31,69,96,80,47,42,49,54,71,72,57,62,64,60,55,39,39,45,26
181,476.8000000000000114,11,21,40,50,55,53,51,52,47,55,90,105,90,110,147,143,121,109,109,130,172,190,157,130,133,121,127,161,154,97,68,97,110,80,74,106,104,59,39,42,39,36,20,3,-13,-15,13,27,35,48,71,68,25,-6,-12,-14,-10,17,41,31,-4,-33,-17,-6,-37,-27,43,89,101,108,127,161,177,140,108,119,110,72,40,31,52,88,101,67,39,52,58,44,47,47,38,51,59,52,47,37,35,36,20
182,480,24,27,32,44,48,48,63,73,78,96,115,110,87,105,143,141,114,92,104,145,187,190,143,110,111,113,116,137,147,119,105,112,104,62,51,97,105,61,33,40,52,48,33,22,1,-11,17,45,62,85,107,98,54,-1,-29,-21,6,38,45,28,-3,-15,-1,-9,-32,-7,60,100,114,135,164,196,209,174,132,118,96,62,47,50,65,80,74,45,37,58,56,39,37,30,31,52,63,58,53,40,33,25,5
183,483.2000000000000455,37,46,35,27,21,29,65,91,110,123,109,96,94,111,139,140,107,77,102,152,179,169,131,112,111,112,109,118,126,129,141,124,87,63,66,100,107,73,45,58,73,63,60,52,23,6,29,63,80,101,118,117,83,13,-32,-32,8,46,36,12,3,12,12,-7,-1,33,78,116,133,160,200,224,221,193,155,122,94,66,54,68,76,67,43,20,30,51,46,43,45,31,34,52,57,59,55,38,27,15,-9
184,486.4000000000000341,40,64,57,35,18,22,55,87,110,110,81,82,107,115,123,123,99,82,108,141,148,141,118,98,114,122,103,96,88,104,143,131,79,68,93,106,108,101,84,83,82,68,80,91,63,34,54,94,100,95,100,116,102,42,-6,-34,-19,23,30,15,16,21,4,4,45,77,103,144,163,180,222,237,209,175,145,120,102,75,57,72,83,61,21,0,17,40,39,42,40,26,40,51,41,37,30,16,13,7,-8
185,489.6000000000000227,43,70,71,53,39,39,49,68,84,75,54,74,104,100,99,109,105,100,111,120,116,123,113,84,109,126,101,83,69,83,120,123,69,45,80,98,110,130,123,98,85,81,101,126,103,54,58,104,116,93,87,112,112,73,40,0,-30,-10,28,37,27,13,-2,23,73,98,124,162,180,187,218,228,184,139,114,101,94,77,63,66,73,49,-1,-23,3,35,40,38,26,22,49,52,25,18,9,0,4,7,7
186,492.8000000000000114,38,56,60,58,61,64,54,51,56,51,55,80,95,79,80,110,124,114,103,96,91,102,98,81,105,119,90,56,51,76,94,98,62,29,53,74,96,133,126,89,84,99,125,150,132,78,58,101,128,107,89,102,108,90,70,32,-19,-20,30,51,22,-5,-1,35,73,101,136,160,170,181,202,210,165,114,91,76,72,74,70,68,66,39,-10,-36,-11,23,34,32,25,33,58,51,21,20,15,7,9,11,20
187,496,29,38,44,60,79,85,66,52,52,61,87,105,102,78,73,111,134,116,88,75,76,74,67,84,110,120,89,34,31,71,85,86,81,72,68,52,64,107,103,68,73,106,146,162,141,101,74,104,139,129,103,94,101,97,70,34,3,4,37,50,23,-4,6,40,77,115,144,150,158,182,192,183,141,91,73,64,60,73,86,91,79,43,3,-18,-9,5,13,20,32,57,74,59,32,29,26,17,10,8,19
188,499.2000000000000455,32,40,42,56,73,83,73,62,65,88,119,124,110,85,79,110,128,108,73,63,70,48,45,85,107,115,93,41,37,69,88,83,91,115,91,41,48,94,100,74,70,111,162,168,139,111,87,99,128,131,113,96,98,98,61,30,38,48,45,41,32,23,26,44,95,143,146,136,157,197,190,148,109,69,59,62,60,75,101,118,96,46,16,10,7,2,5,19,43,77,87,68,46,36,28,16,5,1,7
189,502.4000000000000341,37,51,48,41,36,45,55,65,76,103,126,111,81,63,73,103,115,100,65,52,55,34,56,96,90,86,71,45,52,69,82,68,69,101,77,34,59,101,110,90,74,103,144,143,125,115,96,84,91,101,106,87,75,88,64,37,66,77,51,33,35,42,43,57,113,156,140,123,152,193,180,125,85,58,52,58,58,67,92,115,98,52,28,28,26,16,21,41,59,80,80,59,47,36,19,14,15,7,1
190,505.6000000000000227,24,43,55,44,19,19,43,65,77,93,95,61,29,29,54,83,99,92,61,39,36,39,79,111,91,73,58,49,60,69,75,61,60,84,62,32,61,86,80,64,53,76,97,97,97,102,96,73,58,74,94,68,47,78,84,66,71,65,47,42,47,51,57,85,128,148,130,122,147,164,151,104,56,45,50,52,50,52,69,87,91,78,57,49,49,36,35,61,75,77,67,48,46,32,12,23,36,28,15
191,508.8000000000000114,12,27,57,70,50,44,64,75,76,75,58,22,9,32,51,64,86,75,47,27,24,60,95,101,89,61,41,43,48,55,60,65,89,103,70,33,41,48,33,16,14,46,63,65,75,79,80,60,44,64,72,55,58,86,102,97,78,50,42,60,73,68,78,116,141,139,128,135,151,135,111,74,34,38,47,43,40,40,57,71,85,96,81,72,74,51,35,52,68,69,56,44,50,37,20,32,40,43,35
192,512,31,34,54,80,82,81,85,78,72,65,48,33,38,57,53,55,74,50,21,14,21,74,97,81,80,46,16,25,28,34,33,50,104,113,79,52,43,44,24,-1,-5,25,45,48,62,60,53,36,33,57,53,54,91,109,108,109,94,65,55,80,99,91,100,128,141,144,146,147,139,108,75,53,41,50,48,34,31,38,60,69,67,75,77,84,88,68,45,34,43,53,45,38,46,38,29,34,33,44,40
193,515.2000000000000455,55,53,44,59,77,87,86,70,58,49,48,62,70,63,46,48,59,36,5,-1,33,85,75,51,68,55,34,31,31,33,11,18,76,86,79,94,83,74,53,19,10,21,31,34,44,43,32,24,34,55,52,63,107,126,113,105,98,79,73,97,115,116,121,124,127,146,164,147,115,90,55,36,48,61,56,36,32,48,68,62,36,37,61,84,89,78,64,43,38,46,39,30,31,24,26,34,32,38,28
194,518.3999999999999773,54,55,36,35,46,56,66,64,51,44,60,86,76,42,33,38,39,36,7,-11,45,92,61,34,44,54,62,49,42,37,8,20,64,63,75,114,107,91,82,61,39,17,11,12,26,46,49,49,58,61,61,75,101,115,104,88,80,71,72,94,117,135,140,124,114,131,151,132,98,82,50,20,37,61,60,47,49,66,70,50,23,22,54,88,89,77,78,66,51,45,33,23,16,13,23,33,35,33,13
195,521.6000000000000227,39,44,36,27,17,15,31,47,49,51,71,90,64,23,15,15,19,33,10,1,45,70,60,45,33,44,65,58,46,28,13,54,84,67,69,91,82,72,97,104,61,3,-17,-5,21,68,92,82,78,73,71,86,92,89,90,81,66,59,58,68,101,138,146,124,105,102,103,94,75,69,57,32,39,54,49,51,64,75,63,41,36,36,55,91,91,80,85,74,54,38,21,14,8,4,17,26,30,22,-1
196,524.8000000000000682,26,30,27,23,11,-6,-7,11,28,38,50,60,44,17,-1,-11,6,28,26,34,46,52,71,54,23,36,59,61,46,8,1,49,77,77,77,72,49,44,92,118,81,12,-25,-5,28,78,110,91,82,81,73,80,81,69,78,96,88,72,53,42,78,127,131,111,99,76,58,67,72,67,69,60,53,45,36,51,65,69,55,37,47,49,51,73,78,82,87,74,58,31,11,12,0,-8,6,14,13,1,-10
197,528,24,26,13,10,11,-5,-20,-13,5,15,16,24,28,14,-2,-8,3,32,65,73,48,50,86,59,10,29,61,69,46,1,-2,29,47,74,92,76,50,49,83,105,102,51,-6,3,40,83,106,91,85,87,77,69,68,55,55,97,123,103,62,38,65,102,106,102,101,79,61,75,89,73,61,61,50,35,36,49,53,56,49,37,44,44,43,47,49,65,74,74,69,39,18,16,-9,-16,2,3,-5,-10,-3
198,531.2000000000000455,31,36,22,11,8,4,5,10,11,7,2,8,21,17,10,4,1,42,93,85,52,44,65,52,9,24,69,79,42,9,31,45,31,56,87,78,64,65,83,105,116,83,21,7,44,87,100,98,97,95,89,74,68,54,40,85,133,114,72,61,75,86,100,105,94,86,85,84,76,47,23,36,41,31,37,37,33,37,37,37,35,33,44,40,30,40,48,62,72,52,35,21,-7,-4,11,6,-2,2,18
199,534.3999999999999773,41,45,33,28,20,16,22,25,13,3,-2,-4,8,14,7,-7,4,57,88,69,49,39,37,36,17,25,74,85,31,8,50,54,24,39,71,79,70,54,65,104,115,85,36,8,36,78,94,106,110,101,91,74,71,64,53,87,119,96,76,84,84,85,108,109,82,78,91,78,41,5,-10,15,35,33,36,27,21,20,18,31,31,26,41,37,24,25,25,41,60,56,42,24,11,19,22,19,21,31,45
200,537.6000000000000227,56,56,33,27,30,26,10,-5,-16,-19,-23,-26,-9,8,-1,-7,26,61,70,57,41,37,31,38,45,46,82,95,41,19,51,40,22,41,64,79,66,29,25,77,102,71,34,13,36,70,83,103,111,103,84,60,59,65,73,95,93,68,69,78,65,69,91,97,83,71,77,70,24,-16,-21,4,27,32,37,33,30,21,8,19,20,19,30,23,25,28,24,34,41,37,25,10,19,35,30,33,44,56,58
201,540.8000000000000682,49,64,38,17,17,15,-3,-18,-19,-16,-18,-16,6,22,13,22,44,43,48,48,32,33,29,50,81,68,73,84,58,54,65,36,25,48,59,63,58,30,15,63,98,70,39,26,44,66,80,105,113,105,88,65,51,59,86,89,59,41,52,50,36,43,54,65,70,59,54,52,24,-15,-19,5,27,33,31,34,42,36,24,18,10,20,26,17,32,45,46,47,28,13,6,-3,17,41,43,47,53,59,51
202,544,14,43,43,22,8,-2,-5,3,9,12,19,25,37,36,32,43,35,21,35,41,23,21,36,69,99,78,52,43,48,71,66,41,36,45,44,41,53,55,51,81,103,80,55,47,51,61,87,114,115,108,100,81,48,46,76,59,19,21,41,36,24,27,28,30,40,44,36,29,20,-1,-4,16,36,42,26,27,45,49,46,27,8,22,26,21,38,52,58,51,25,6,1,3,28,51,54,52,44,45,36
203,547.2000000000000455,5,26,42,40,26,6,-1,13,19,19,35,46,45,39,42,42,26,26,43,44,19,6,46,87,98,82,34,3,40,71,48,46,51,36,28,27,42,64,80,92,95,78,54,46,48,60,89,101,98,96,91,76,34,16,35,20,2,23,48,45,27,19,15,18,31,43,35,17,12,17,25,32,40,47,40,40,54,54,47,21,2,14,21,26,35,40,44,36,21,9,7,25,55,68,63,49,29,33,33
204,550.3999999999999773,26,46,56,57,56,43,26,31,40,36,41,47,43,46,50,37,32,48,51,42,18,3,47,85,86,67,5,-14,57,82,39,41,53,31,23,26,32,53,78,76,66,59,39,26,31,56,83,78,64,55,51,47,4,-27,-6,12,21,38,50,46,30,16,16,28,46,62,53,21,2,20,42,42,30,34,50,61,64,53,34,6,-4,8,18,30,31,27,32,26,11,6,22,52,73,68,55,39,24,34,35
205,553.6000000000000227,28,55,68,63,64,70,62,55,59,48,35,33,38,54,53,33,35,46,36,25,15,18,53,85,86,50,-19,-15,72,96,53,37,41,33,33,37,35,49,70,55,34,43,45,34,26,41,67,66,40,7,2,11,-26,-63,-29,28,44,38,36,43,40,26,29,45,68,80,63,28,-1,8,37,41,23,16,32,51,54,42,25,3,5,18,28,42,36,24,27,23,11,15,44,68,64,43,28,23,27,36,23
206,556.8000000000000682,8,36,56,49,44,52,46,32,34,26,14,20,35,51,43,29,28,21,10,9,25,41,52,77,78,29,-17,6,67,93,82,53,29,31,47,53,52,60,66,41,23,50,71,63,38,28,43,58,39,-10,-25,-19,-40,-61,-23,37,45,24,22,42,53,44,46,62,79,75,50,30,14,15,35,39,24,10,12,27,28,23,21,18,29,38,41,52,46,28,14,6,11,36,61,61,40,15,7,9,24,27,4
207,560,-1,23,47,42,35,33,20,10,24,32,25,29,37,43,40,33,20,-5,-8,11,46,57,37,49,48,6,2,40,54,66,86,70,37,34,49,56,62,70,53,21,14,43,70,63,36,18,25,46,34,-5,-27,-40,-43,-23,9,36,32,21,25,39,54,56,52,56,52,43,34,29,35,43,38,18,11,15,22,25,13,9,17,30,46,47,39,40,39,24,-1,-13,2,32,50,42,24,7,2,3,17,20,-1
208,563.2000000000000455,4,21,47,58,57,61,52,35,40,48,42,40,37,43,55,50,15,-14,-3,27,52,45,21,24,27,2,16,56,50,49,72,78,69,55,44,41,50,61,38,2,-10,7,35,41,28,18,23,27,12,-4,-16,-34,-29,12,37,35,24,25,32,36,49,54,51,43,20,9,19,29,48,64,36,-6,-3,20,38,40,21,15,16,31,48,38,20,11,9,9,0,-6,3,18,23,18,13,12,7,8,27,32,14
209,566.3999999999999773,-2,15,44,62,62,75,88,70,54,52,44,38,36,49,70,50,9,7,27,42,37,23,20,21,15,10,31,58,49,45,57,68,82,72,48,46,54,58,34,-3,-22,-12,18,39,41,26,15,2,-15,-10,1,-4,-3,27,50,44,30,24,29,36,44,49,51,43,21,1,3,24,53,69,43,8,5,21,38,41,40,40,23,28,47,32,7,-10,-17,-4,13,19,29,34,16,-1,1,14,17,23,43,45,29
210,569.6000000000000227,-17,-8,32,60,48,41,57,55,44,49,44,33,38,52,52,21,12,40,53,41,16,14,33,21,2,26,61,65,48,37,41,52,74,74,55,66,80,70,34,-9,-20,-7,19,53,59,23,-7,-21,-34,-16,12,14,17,45,62,57,50,38,31,36,43,48,48,38,23,7,-4,15,53,61,49,41,21,16,27,32,49,51,25,20,36,34,17,-7,-18,-3,26,42,53,57,27,1,0,11,24,38,42,27,17
211,572.8000000000000682,-20,-29,1,41,40,17,16,23,22,33,33,24,30,20,6,13,37,58,59,38,9,12,21,-12,-16,55,91,69,61,58,57,63,68,63,47,57,74,66,27,-17,-24,-11,14,54,55,12,-15,-24,-34,-22,4,14,37,77,82,63,66,67,47,34,34,39,36,24,20,17,2,8,39,46,49,60,35,10,18,33,47,36,18,18,18,29,33,10,1,10,27,41,50,50,20,1,3,3,15,37,26,-8,-14
212,576,-22,-32,-24,1,19,16,15,19,18,23,19,4,-4,-19,-4,39,59,56,53,38,16,6,-20,-56,-16,87,109,63,69,86,72,65,57,46,35,32,46,43,14,-18,-32,-20,15,47,39,17,-1,-14,-13,-11,-4,14,57,97,91,60,63,75,55,28,16,19,19,15,18,17,8,10,26,39,42,48,36,16,21,40,43,20,15,23,7,7,28,28,22,20,13,17,26,16,-4,-5,3,3,9,23,12,-16,-21
213,579.2000000000000455,-18,-28,-28,-11,11,21,21,17,11,16,20,7,-2,7,37,64,62,45,42,44,32,-10,-65,-66,12,94,102,51,43,69,57,42,36,32,29,21,36,36,8,-10,-21,-15,17,33,30,28,4,-12,10,22,13,26,66,83,67,47,52,61,45,24,13,15,18,22,18,2,6,22,27,31,25,11,14,25,29,36,28,12,22,34,13,-8,6,28,30,23,7,3,2,-21,-23,-1,11,16,17,13,8,4,3
214,582.3999999999999773,3,-14,-26,-8,17,19,13,13,12,20,40,42,38,48,59,66,54,33,33,54,49,-23,-85,-40,40,65,68,48,19,33,44,26,3,0,10,14,35,45,28,16,8,7,13,12,24,31,4,-5,29,55,42,41,62,52,32,30,40,48,45,40,35,31,33,41,23,-6,0,20,15,8,12,-2,2,26,23,10,-3,-1,25,43,36,15,-1,9,22,23,12,2,-10,-40,-35,-2,9,15,19,12,9,17,16
215,585.6000000000000227,15,-1,-15,-3,15,18,12,14,17,26,45,48,38,40,46,46,31,14,22,43,32,-33,-72,-17,36,28,33,48,18,-2,19,15,-16,-29,-19,-2,16,36,53,47,27,25,18,4,20,31,16,19,46,69,58,47,56,40,16,21,39,55,68,67,55,39,32,33,15,-7,-6,2,-10,-14,10,14,14,22,3,-25,-34,-17,10,29,45,45,17,6,20,22,13,6,-4,-27,-26,-4,3,10,20,18,6,4,6
216,588.8000000000000682,7,-2,-4,6,23,36,38,32,27,23,28,25,13,16,26,22,10,7,11,15,-4,-40,-44,-17,-4,-6,8,32,15,-20,-10,4,-2,-18,-23,-13,-17,-10,27,34,18,29,36,22,26,35,32,30,34,38,30,31,54,53,28,28,50,71,86,80,60,39,20,-1,-18,-14,-6,-10,-20,-16,7,24,29,25,0,-30,-41,-28,-9,4,24,38,26,20,28,24,13,11,4,-6,0,7,8,13,18,15,-2,-10,-3
217,592,-3,-5,-7,0,18,34,40,37,22,4,2,6,5,10,6,4,17,20,7,-7,-21,-19,-2,-13,-32,-23,-8,5,0,-17,-21,-13,0,3,-3,-6,-28,-51,-31,-3,9,32,54,49,38,43,45,27,5,-10,-17,-1,42,67,50,40,52,69,78,68,54,39,11,-25,-37,-14,3,-7,-16,-9,0,17,34,32,21,-2,-29,-31,-18,-7,5,16,17,21,27,21,15,11,-2,-2,14,15,10,8,6,4,-3,-8,-4
218,595.2000000000000455,-4,-3,-13,-18,-6,4,5,3,-8,-21,-8,13,15,3,-12,3,32,26,-6,-28,-24,16,42,1,-30,-10,5,-1,-10,-14,-24,-25,-8,7,10,8,-17,-51,-43,-4,23,33,47,54,42,43,50,33,14,-4,-21,-15,23,58,55,43,46,59,59,48,41,25,-8,-36,-25,10,20,2,-4,0,-11,2,27,27,30,19,-12,-26,-15,0,3,6,19,23,15,9,18,16,-8,-5,20,19,8,6,9,9,10,5,-2
219,598.3999999999999773,10,5,-16,-30,-22,-8,-9,-9,-7,-7,7,28,20,-7,-11,15,33,15,-26,-46,-15,40,59,12,-18,6,31,24,0,-11,-18,-13,4,10,16,9,-21,-37,-27,8,35,28,25,36,31,34,47,37,38,36,9,-1,5,19,27,27,34,48,47,37,21,2,-15,-22,0,31,26,6,13,12,-8,0,23,24,25,17,0,-3,2,9,1,-2,24,32,11,2,22,29,5,8,26,21,12,16,24,18,17,15,1
220,601.6000000000000227,22,16,-15,-33,-20,5,18,24,25,18,15,24,19,0,1,13,14,-3,-34,-43,4,54,51,20,-1,12,41,42,14,-9,-13,-3,13,25,33,12,-26,-40,-37,-5,31,26,20,33,31,27,33,30,44,52,37,23,-2,-17,-5,14,27,30,35,34,12,0,8,18,25,28,14,6,20,20,11,22,39,43,27,5,10,27,22,8,-3,-3,21,33,20,14,23,29,22,25,21,7,11,22,24,13,10,21,17
221,604.8000000000000682,17,20,2,-20,-20,2,24,33,31,20,6,13,23,16,6,-8,-17,-17,-20,-13,32,61,42,28,17,25,48,48,31,6,1,4,7,32,49,29,0,-22,-33,-3,42,44,31,46,58,39,20,29,49,47,44,43,10,-16,6,35,35,22,29,39,32,30,40,46,39,17,2,15,23,16,26,48,64,65,34,7,18,39,39,20,11,15,23,25,29,32,21,10,14,24,16,9,22,29,22,10,4,22,35
222,608,1,11,22,9,-17,-20,-8,-2,8,10,-2,6,29,34,14,-20,-33,-15,9,31,61,65,41,35,28,26,39,50,52,30,19,18,7,22,36,24,15,6,2,28,68,78,56,59,76,54,29,44,53,36,40,51,28,14,47,64,38,19,29,47,65,67,59,54,41,11,2,20,20,12,32,62,78,71,35,16,24,38,51,40,29,36,32,22,30,47,33,2,2,21,22,27,39,38,30,20,16,23,32
223,611.2000000000000455,1,7,30,36,15,0,1,3,12,16,7,16,44,50,17,-17,-18,1,29,59,67,60,47,43,37,12,7,36,58,42,24,26,29,34,25,0,-7,2,17,41,79,103,90,73,70,57,56,71,55,38,49,53,48,57,75,64,34,27,36,53,80,83,62,53,37,8,3,12,13,20,45,67,71,60,36,29,40,49,51,42,41,51,42,30,38,52,48,15,7,25,23,26,34,38,33,29,33,29,23
224,614.4000000000000909,14,18,23,29,32,40,49,52,50,46,40,37,46,39,7,-10,-1,17,44,66,51,39,46,48,41,5,-10,27,60,63,41,28,47,63,43,7,-13,-4,16,33,70,109,105,80,65,60,68,78,59,55,70,63,68,87,79,51,36,41,50,61,71,69,53,41,30,15,17,21,19,32,56,59,46,39,38,40,54,60,43,36,46,51,37,37,50,46,38,19,13,16,13,21,28,31,26,26,34,31,24
225,617.6000000000000227,14,26,19,7,11,31,47,53,55,55,45,22,7,3,2,-4,-4,30,61,54,23,12,40,52,33,-3,-17,17,60,86,75,41,42,61,56,36,11,9,27,40,57,85,94,78,68,58,51,55,48,60,88,84,74,74,63,46,36,33,45,60,57,54,50,41,37,42,53,49,33,36,51,37,16,13,33,50,57,58,36,28,35,29,17,28,45,31,7,3,13,7,9,29,36,29,22,26,27,26,22
226,620.8000000000000682,4,15,14,6,-3,-4,4,6,2,4,-2,-23,-32,-13,10,3,-2,34,53,26,-3,5,45,49,17,-8,-21,2,52,89,95,77,55,44,48,46,25,18,43,65,60,63,83,82,69,55,36,30,24,36,86,106,72,40,40,45,31,12,14,34,45,48,54,50,47,58,70,60,39,33,28,10,-4,-5,30,64,65,53,29,17,17,6,4,13,19,8,-10,-2,21,21,27,45,49,38,30,26,19,21,17
227,624,3,-2,-1,8,1,-22,-24,-20,-30,-33,-32,-36,-25,2,22,29,33,31,26,9,3,36,64,42,8,0,-5,7,53,85,92,106,92,49,34,35,27,29,54,82,84,78,88,84,67,66,54,31,15,13,62,102,78,37,25,29,21,-3,-17,1,29,43,51,47,42,51,55,48,44,32,6,-1,-3,-4,25,66,78,53,23,16,14,2,10,20,4,-4,1,17,36,42,50,55,51,43,34,22,19,29,21
228,627.2000000000000455,8,2,1,9,1,-26,-30,-14,-12,-14,-13,-14,-8,10,38,70,65,28,11,11,36,70,72,48,21,15,25,29,49,73,79,103,110,66,30,29,38,46,60,83,96,88,80,68,54,70,81,55,32,16,34,79,91,62,23,10,10,-8,-28,-10,18,28,36,40,37,37,25,24,43,37,12,7,5,0,13,50,78,52,25,28,22,10,27,41,20,5,13,31,42,48,58,54,43,33,25,20,31,45,30
229,630.4000000000000909,0,6,13,15,11,-1,-8,3,11,7,3,-3,-8,8,49,75,54,24,13,28,67,77,61,58,48,36,45,41,32,44,64,87,96,62,19,19,40,53,68,80,72,58,51,40,30,47,66,51,34,23,22,58,88,67,25,7,7,-3,-15,-12,-3,-3,13,34,33,19,0,4,32,42,31,14,2,6,15,34,55,44,33,26,7,9,30,36,28,16,10,20,30,43,56,51,39,28,21,22,34,40,26
230,633.6000000000000227,1,5,5,5,17,23,14,11,13,7,2,5,12,26,46,51,38,25,27,57,79,58,34,46,57,49,43,38,22,17,45,63,57,31,-2,6,33,48,68,65,32,22,22,7,-1,4,15,6,-5,12,18,29,49,44,25,13,4,5,7,-18,-37,-27,0,26,30,16,7,13,29,40,39,16,1,16,26,27,26,29,30,6,-15,-2,10,0,0,4,0,6,15,30,46,48,42,31,25,27,29,17,5
231,636.8000000000000682,26,31,17,5,12,20,6,-1,12,20,28,41,47,43,38,41,42,26,39,77,71,31,12,24,40,37,23,21,17,9,19,21,13,4,-4,15,42,50,48,33,8,-2,-15,-28,-26,-24,-16,-31,-42,-3,17,8,15,24,24,14,-2,10,22,-19,-50,-26,2,19,30,34,38,37,31,31,32,15,3,9,17,17,5,10,19,1,-9,-1,-6,-27,-31,-23,-15,-3,5,12,22,29,30,18,12,20,20,0,-12
232,640,22,40,44,35,30,33,21,16,34,51,65,67,51,35,26,27,34,29,44,67,48,20,14,16,21,18,1,-7,2,11,0,-22,-27,-16,-5,16,54,70,39,9,-3,-27,-51,-50,-38,-28,-25,-47,-50,-4,21,17,19,20,16,7,1,14,23,0,-20,-6,13,22,37,53,60,49,25,17,16,5,-3,-9,-6,2,-5,1,15,15,12,8,-11,-35,-42,-37,-25,-14,-9,0,5,4,-1,-10,-8,5,7,-7,-14
233,643.2000000000000455,-3,3,22,37,43,52,57,53,51,52,52,44,28,16,6,4,27,47,45,28,9,12,21,16,10,4,-10,-26,-19,10,5,-37,-57,-41,-27,-12,39,81,51,1,-19,-43,-60,-53,-45,-37,-33,-40,-33,-6,13,18,22,13,-6,-15,1,15,14,21,18,13,21,30,46,61,68,57,25,11,6,-1,-4,-10,-8,-2,-4,-4,5,19,24,9,-19,-35,-34,-35,-25,-15,-5,9,9,-6,-23,-26,-14,-3,-4,-15,-15
234,646.4000000000000909,-7,-20,-16,-1,5,17,37,36,25,24,18,9,1,-10,-13,0,34,57,30,-16,-29,-7,7,3,-3,-11,-23,-38,-37,-2,11,-32,-69,-55,-34,-32,-2,44,42,1,-27,-42,-46,-44,-46,-39,-32,-19,-7,-12,-16,-12,-3,-3,-24,-38,-13,6,-1,11,25,21,18,23,37,47,58,58,37,19,5,0,1,0,3,-4,-14,-17,-14,8,25,11,-16,-20,-17,-30,-24,-5,14,22,12,-8,-28,-27,-14,-10,-18,-28,-23
235,649.6000000000000227,-2,-12,-18,-18,-23,-23,-7,-6,-12,-6,-11,-16,-19,-25,-14,4,25,35,-2,-45,-45,-25,-13,-7,-6,-13,-34,-52,-43,-15,5,-17,-57,-56,-27,-24,-24,0,17,0,-29,-35,-21,-14,-20,-21,-30,-20,10,-4,-37,-49,-37,-18,-21,-27,-14,-12,-21,-11,15,27,15,8,17,29,30,31,41,27,0,-3,1,3,3,-18,-36,-33,-24,1,24,21,9,9,3,-13,-9,6,19,16,3,-15,-31,-24,-11,-14,-27,-34,-23
236,652.8000000000000682,10,6,-5,-9,-13,-18,-14,-17,-27,-26,-26,-21,-14,-14,-10,-6,0,2,-25,-50,-42,-35,-23,0,10,1,-30,-48,-39,-26,-7,0,-35,-59,-31,-4,-3,-4,2,-8,-34,-31,2,26,22,0,-28,-17,26,17,-29,-54,-50,-25,-5,1,-4,-19,-24,-15,7,23,7,-8,9,29,12,1,24,23,2,-1,2,7,0,-30,-50,-47,-29,-6,17,34,40,40,21,9,15,16,12,0,-15,-30,-35,-21,-6,-11,-24,-24,-15
237,656,21,22,7,-2,-6,-12,-14,-11,-12,-10,-1,0,-5,-11,-19,-21,-20,-16,-22,-33,-35,-40,-32,-3,17,7,-15,-22,-29,-43,-32,-4,-19,-49,-35,1,18,11,0,-10,-26,-26,-1,33,43,12,-9,12,42,34,-6,-39,-45,-24,4,13,3,-3,-5,-10,-4,0,-12,-23,-4,21,12,0,5,11,16,16,15,21,8,-25,-50,-52,-32,-19,-1,32,56,55,28,20,27,21,10,-5,-28,-38,-24,-7,-2,-10,-17,-15,-12
238,659.2000000000000455,13,20,14,6,2,-9,-13,4,13,11,15,5,-12,-18,-20,-21,-28,-24,-6,-7,-25,-38,-36,-10,15,13,7,1,-22,-53,-53,-27,-15,-25,-26,0,18,18,9,3,5,-2,-12,1,26,13,2,24,32,25,1,-32,-43,-25,4,14,9,12,6,-8,-13,-23,-25,-21,-17,0,12,10,1,4,22,25,21,27,16,-12,-31,-27,-16,-15,-1,24,48,47,25,33,45,35,21,3,-19,-25,-3,9,-1,-8,-12,-16,-14
239,662.4000000000000909,1,8,13,13,12,4,0,13,13,-1,-3,-3,-6,-4,-2,-10,-30,-25,13,22,-8,-28,-21,5,22,24,28,12,-21,-45,-50,-35,-8,1,-1,12,10,1,2,10,28,32,5,-13,8,9,-5,11,12,7,5,-17,-34,-27,-4,9,12,16,10,-2,-13,-31,-25,2,1,-10,2,10,-1,0,16,20,21,23,9,-6,0,9,5,8,19,16,21,24,23,45,60,55,36,9,-3,0,12,14,0,-5,-9,-15,-11
240,665.6000000000000227,6,10,14,13,7,5,4,4,-1,-9,-6,5,17,18,8,-9,-24,-15,23,36,9,-4,10,17,22,34,37,14,-19,-35,-42,-27,7,23,29,30,3,-25,-19,0,16,28,12,-8,0,-3,-15,-1,11,13,19,12,-10,-23,-13,2,14,21,23,13,-9,-23,-12,20,20,-11,-7,7,-4,-8,1,12,25,19,-2,3,33,35,20,31,33,6,-8,-3,21,45,46,46,37,11,7,18,18,12,2,-9,-10,-6,-2
241,668.8000000000000682,15,24,22,13,5,4,-2,-4,8,14,13,19,29,22,-2,-15,-10,0,19,29,22,28,34,11,13,42,41,14,-21,-42,-47,-18,23,35,47,54,30,-8,-12,10,15,11,-6,-24,-25,-16,-7,3,22,32,33,32,9,-15,-9,14,25,20,25,21,-1,-8,5,17,8,-9,-2,8,-2,-13,-17,1,23,9,-8,13,44,44,32,38,25,5,-8,-14,18,43,34,26,21,15,18,27,19,7,3,-9,-10,4,9
242,672,2,19,26,26,25,19,3,2,26,38,33,33,30,17,-2,-5,12,16,12,21,40,49,32,5,11,40,39,15,-11,-39,-47,-7,42,56,59,65,58,29,14,36,43,19,-11,-33,-48,-23,14,15,22,35,36,30,8,-8,6,34,36,20,24,28,10,4,15,0,-23,-21,-5,4,4,-6,-18,-8,1,-14,-12,17,32,34,40,35,11,7,11,2,19,41,46,36,17,20,29,32,26,15,13,10,11,24,24
243,675.2000000000000455,-18,-13,3,23,36,34,24,18,29,37,35,32,20,13,11,13,22,17,-1,17,56,53,17,2,16,37,38,22,12,-12,-32,-6,47,81,70,46,39,35,31,45,55,32,10,-7,-41,-29,22,29,21,29,31,14,-1,2,20,37,36,30,37,42,29,19,19,-6,-31,-32,-24,-7,7,3,-5,-12,-19,-23,-9,15,19,26,47,36,7,8,15,12,18,32,51,48,31,33,36,36,43,41,33,35,43,47,37
244,678.4000000000000909,-13,-25,-19,-5,7,17,21,12,12,22,25,22,15,18,29,28,15,-2,-9,24,63,48,14,10,20,27,34,36,32,11,-12,-21,12,72,74,32,10,23,36,36,41,36,33,27,-10,-19,26,50,37,31,25,8,3,16,29,32,30,31,39,50,48,36,23,11,-1,-18,-36,-28,-8,-1,0,-6,-9,-1,7,11,17,34,50,34,19,21,6,5,20,27,33,33,38,45,45,44,49,48,32,34,48,49,34
245,681.6000000000000227,-2,-6,-5,-11,-9,3,8,-1,0,22,32,30,30,35,45,36,6,-10,4,40,55,38,26,25,17,8,26,48,37,17,6,-23,-14,52,73,40,19,24,27,13,13,25,40,44,26,15,40,62,44,20,10,11,22,24,26,27,21,19,25,36,47,40,19,15,18,-6,-38,-44,-26,-11,3,16,18,25,31,22,22,37,39,28,35,34,8,12,36,35,18,13,28,38,44,44,32,19,8,16,30,30,20
246,684.8000000000000682,-2,6,13,8,9,20,29,24,17,29,40,39,47,50,42,25,2,0,22,36,30,30,41,36,8,-1,36,58,32,19,20,-1,-1,43,63,45,39,33,9,-12,-16,4,35,42,39,43,50,53,28,-1,-1,24,42,30,15,10,11,15,14,13,26,33,11,1,6,-10,-32,-39,-24,-5,15,33,31,34,53,45,29,27,20,18,35,33,19,36,53,41,14,5,15,19,26,29,8,-8,4,23,24,21,17
247,688,5,8,10,14,15,21,35,38,24,18,26,34,47,46,26,8,2,15,29,16,10,35,51,34,0,-1,41,54,32,27,32,31,27,33,46,46,46,34,1,-21,-29,-8,24,22,26,49,45,31,17,0,12,43,56,38,5,-15,-3,15,9,-1,14,33,26,3,-13,-15,-18,-26,-15,8,23,27,23,29,49,51,35,22,10,10,22,19,27,51,49,26,5,-2,2,6,8,3,-6,-6,20,38,25,19,20
248,691.2000000000000455,7,4,5,11,4,-1,5,11,5,-2,10,25,29,25,15,11,18,32,27,2,6,39,43,17,-1,8,25,26,29,33,36,59,59,28,32,48,41,28,9,-11,-21,-7,11,10,23,48,32,11,17,17,27,47,54,41,3,-25,-13,5,-3,-9,12,31,33,-1,-35,-25,-11,-16,-11,18,30,17,19,26,24,30,31,17,5,11,12,1,25,53,36,4,-5,-2,-5,-5,-11,-19,-10,8,23,22,10,9,12
249,694.4000000000000909,4,0,2,10,4,-11,-16,-12,-10,-8,8,18,13,11,17,32,49,44,13,-8,6,25,17,-4,0,12,-1,-2,26,34,36,66,70,29,23,37,20,6,7,-6,-14,-4,4,16,36,47,34,15,19,29,34,36,42,41,14,-9,-4,1,-5,-6,6,12,6,-18,-39,-21,2,-2,-4,21,38,26,24,29,13,8,16,6,-9,4,8,-8,10,33,22,5,8,12,0,-14,-24,-23,-8,13,18,3,1,8,5
250,697.6000000000000227,8,7,3,8,12,3,-2,2,3,1,5,4,-3,3,25,52,64,36,-2,-3,10,8,-7,-16,2,-2,-35,-17,30,44,46,57,45,14,9,21,6,-17,-13,-14,-14,-5,-9,10,44,47,44,38,31,40,37,27,32,36,26,15,14,9,6,8,2,-7,-13,-11,0,14,21,16,6,8,26,30,19,15,5,1,9,-2,-20,-10,-2,-3,6,0,-7,7,22,21,7,-6,-8,1,9,18,18,7,8,11,3
251,700.8000000000000682,12,16,10,10,23,27,21,20,18,4,-6,-9,-8,7,34,55,50,18,0,8,7,-10,-18,-4,8,-25,-56,-26,22,44,48,35,9,-1,5,18,12,-18,-28,-22,-13,-14,-29,-7,44,52,46,50,43,41,34,23,24,27,25,18,11,8,9,15,5,-8,-11,5,36,42,26,17,5,-9,4,23,13,-6,-9,-2,1,-8,-11,-10,-15,3,20,-7,-27,-11,5,3,-1,4,14,24,25,18,9,2,0,0,-1
252,704,6,11,10,10,22,26,15,6,1,-11,-16,-4,12,25,34,30,11,4,15,9,-15,-32,-14,19,-2,-55,-64,-33,1,26,34,10,-10,-4,1,4,4,-9,-20,-14,-8,-16,-27,-13,32,53,39,26,22,26,28,19,11,16,19,9,-4,-5,7,16,11,2,-4,6,28,29,18,12,3,-7,-3,14,9,-14,-14,-7,-13,-14,7,4,-20,2,23,1,-20,-26,-29,-28,-15,3,17,20,15,6,-9,-18,-19,-16,-12
253,707.2000000000000455,4,1,-4,-7,-5,-1,-5,-12,-17,-24,-25,-2,21,25,12,-9,-14,9,27,3,-40,-47,-4,22,-20,-64,-63,-40,-10,19,26,4,-6,-6,-18,-20,-16,-7,-1,4,8,1,-3,-2,13,36,24,-5,-8,-3,-3,-6,-8,4,21,18,-1,-9,-2,-1,-3,-9,-13,7,15,-1,2,14,12,0,-9,-7,-6,-16,-19,-20,-26,-15,14,9,-16,-7,1,-7,-11,-24,-38,-36,-16,7,17,8,0,-3,-15,-21,-16,-18,-17
254,710.4000000000000909,9,5,-1,-12,-19,-10,-4,-6,-6,-11,-21,-12,4,0,-19,-25,-1,26,18,-23,-57,-40,2,0,-30,-38,-42,-46,-16,24,29,9,-4,-14,-32,-35,-23,-8,0,6,13,7,3,4,-4,6,11,0,-7,-26,-44,-35,-21,-8,18,31,17,-4,-19,-28,-34,-43,-30,7,12,-10,-5,17,18,1,-26,-44,-29,-13,-22,-29,-25,-6,6,-12,-20,-19,-35,-34,-18,-17,-20,-15,-3,10,11,2,-2,-3,-13,-12,-4,-7,-11
255,713.6000000000000227,-5,-1,7,4,-2,7,10,6,7,4,-13,-24,-21,-22,-23,-12,9,9,-24,-54,-51,-17,-6,-33,-31,-4,-10,-40,-31,11,25,11,-10,-27,-40,-43,-15,7,2,-5,-2,-4,-7,-2,-15,-22,-3,12,8,-19,-41,-33,-22,-19,2,24,20,-4,-27,-40,-53,-54,-29,-8,-4,2,10,16,15,-4,-41,-65,-45,-15,-14,-21,-14,6,-5,-38,-32,-33,-58,-54,-31,-16,-3,10,13,9,0,-2,0,-9,-15,-10,-2,-3,-7
256,716.8000000000000682,-22,-25,-15,-7,-9,-6,0,-3,-3,2,-9,-30,-33,-20,-3,5,-8,-36,-58,-49,-20,-8,-35,-53,-20,15,11,-26,-45,-17,7,10,-8,-35,-48,-44,-2,31,23,9,-2,-9,-7,-1,-14,-34,-19,2,2,0,1,-2,-8,-14,-7,1,-4,-17,-28,-43,-54,-36,-9,-16,-21,4,15,5,6,-11,-43,-54,-45,-27,-7,-2,-2,2,-16,-36,-31,-38,-51,-47,-33,-10,11,20,18,9,-6,-9,-7,-20,-21,-8,-4,-7,-9
257,720,-24,-32,-32,-25,-28,-34,-23,-12,-5,8,9,-10,-15,-1,11,5,-33,-63,-51,-12,10,-26,-67,-47,-10,5,9,-6,-39,-38,-12,0,-6,-29,-47,-38,3,38,43,40,13,-8,2,2,-11,-30,-27,-10,-7,11,32,23,9,3,-7,-20,-31,-30,-28,-39,-42,-16,3,-14,-22,0,9,0,-3,-16,-31,-33,-35,-26,-1,13,15,-1,-21,-14,-10,-25,-29,-26,-23,-5,10,8,5,-2,-12,-13,-14,-21,-16,-4,-5,-13,-13
258,723.2000000000000455,-19,-18,-15,-6,-2,-7,1,14,19,27,34,23,11,11,5,-14,-44,-53,-21,18,8,-55,-73,-29,-7,-9,7,24,1,-30,-27,-16,-13,-19,-31,-24,-2,23,46,48,16,-9,-1,-5,-12,-19,-25,-10,3,18,34,25,11,8,-8,-28,-36,-27,-15,-14,-14,-9,-10,-20,-13,5,14,15,2,-11,-10,-13,-17,-6,15,26,31,12,-12,1,14,4,-4,-5,-8,-8,-8,-6,-3,-13,-13,-6,-15,-17,-7,-3,-6,-13,-12
259,726.4000000000000909,2,2,0,8,23,30,35,41,37,32,36,28,9,-4,-19,-31,-28,-16,11,20,-19,-58,-50,-21,-2,8,23,47,44,-3,-32,-28,-20,-11,-5,0,-6,5,42,50,26,1,-3,1,-3,-10,-20,-17,-1,14,25,18,6,1,-11,-24,-19,-8,1,13,10,-11,-24,-15,4,14,21,25,14,11,12,2,5,21,31,35,35,21,4,9,20,21,15,9,7,-1,-12,-5,-1,-10,-5,-2,-19,-19,-9,-7,-9,-9,-6
260,729.6000000000000227,23,22,9,-2,4,11,11,15,12,4,8,8,-13,-30,-36,-28,0,22,18,-11,-31,-20,-21,-24,4,38,46,49,51,15,-22,-26,-23,-14,9,16,-9,-6,34,50,42,22,5,13,11,-2,-16,-31,-24,-7,5,9,4,-6,-16,-13,3,8,13,22,9,-23,-30,-1,19,20,21,14,12,22,19,12,18,27,28,31,29,15,12,14,8,9,14,15,15,7,-2,-4,-8,-5,-3,-15,-24,-19,-10,-6,-9,-10,-3
261,732.8000000000000682,17,21,17,2,-5,-8,-19,-21,-19,-24,-20,-8,-17,-31,-28,-12,21,32,-8,-41,-17,15,0,-20,8,51,57,49,41,20,-1,-10,-17,-18,4,14,-9,-16,12,30,30,28,12,6,10,0,-16,-32,-32,-20,-9,8,13,0,-8,3,15,17,18,14,1,-20,-31,-6,13,5,2,0,1,6,16,25,20,11,11,19,16,1,6,12,0,-3,12,23,19,5,2,-1,-14,-15,-22,-33,-26,-13,-5,-1,-5,-5,2
262,736,-1,2,8,4,-2,-3,-10,-16,-13,-14,-19,-12,-9,-18,-13,5,17,7,-25,-30,0,20,13,-2,11,39,57,56,33,21,18,9,-3,-12,-3,2,-9,-14,-3,7,12,29,28,3,-6,-10,-21,-27,-21,-11,-5,14,29,21,13,13,18,19,8,-2,7,7,-12,-11,-1,-12,-18,-7,-5,-3,19,35,22,-2,-6,3,-2,-12,-2,8,5,10,27,42,34,15,7,1,-17,-36,-42,-39,-26,-7,5,6,2,7,15
263,739.2000000000000455,-12,-12,-7,-6,-12,-7,1,3,11,13,-2,-11,-7,-8,0,1,-19,-27,-15,-3,2,15,30,27,13,18,47,46,20,19,23,19,12,3,-9,-16,-7,-4,-18,-21,4,36,44,13,-15,-17,-21,-22,-8,0,-2,8,30,35,25,15,16,16,-4,-8,14,31,23,2,-8,-12,-16,-9,-5,5,26,35,27,8,-5,-8,-16,-15,-3,4,12,28,44,52,48,42,27,-1,-25,-36,-34,-26,-14,3,14,8,1,13,21
264,742.4000000000000909,-11,-15,-12,-4,-7,-7,2,8,13,15,4,-10,-7,1,-3,-23,-44,-32,2,10,2,17,51,55,19,8,25,15,9,17,11,7,17,25,-1,-32,-21,-17,-50,-54,-9,27,40,23,-6,-15,-17,-15,-6,-4,-12,-15,-1,19,29,25,17,12,-2,-8,7,35,50,20,-9,-7,-9,-13,-2,15,28,36,39,31,13,-12,-25,-16,-4,-1,15,38,48,44,38,45,38,6,-14,-13,-11,-4,10,19,16,1,-3,12,14
265,745.6000000000000227,-1,-7,-8,-1,-3,-9,-6,-7,-14,-12,-11,-18,-17,-16,-28,-32,-23,-9,9,15,13,26,57,61,29,10,-1,-5,10,13,-1,-11,9,35,15,-30,-41,-42,-64,-67,-31,6,22,21,1,-17,-16,-8,-13,-23,-28,-35,-34,-6,30,41,24,6,-1,-7,-1,29,50,26,-4,-7,-11,-16,0,16,24,39,45,37,15,-19,-40,-28,-8,5,24,43,42,26,18,20,14,5,6,10,8,13,25,26,9,-6,2,16,12
266,748.8000000000000682,-4,-8,-13,-16,-19,-30,-37,-40,-46,-42,-31,-28,-34,-39,-35,-13,9,8,9,20,26,30,37,40,33,4,-23,-8,11,4,-5,-11,5,20,4,-22,-43,-58,-64,-63,-46,-17,-4,0,-4,-18,-18,-14,-29,-43,-37,-29,-25,-4,21,32,19,1,0,2,10,26,27,16,1,-12,-16,-13,-1,11,20,35,44,33,8,-23,-38,-24,-2,16,35,42,30,12,8,2,-14,-9,10,21,25,27,27,19,1,-3,14,23,18
267,752,-24,-28,-32,-36,-30,-38,-50,-50,-47,-44,-33,-24,-26,-22,-8,3,7,2,6,24,31,18,1,7,19,-9,-34,-14,6,5,0,-3,4,-4,-23,-22,-35,-65,-68,-48,-36,-26,-20,-16,-8,-8,-15,-28,-45,-46,-30,-14,-2,3,3,11,13,7,14,24,23,15,5,3,-6,-21,-20,-11,-1,11,19,30,41,34,10,-15,-19,-4,7,21,35,31,20,13,10,-1,-14,-6,15,26,31,34,29,15,3,11,25,24,16
268,755.2000000000000455,-31,-37,-39,-43,-38,-34,-38,-38,-30,-25,-17,-5,4,12,11,-3,-6,0,12,26,28,3,-23,-15,-2,-16,-26,-22,-8,9,13,11,-2,-21,-20,-6,-15,-42,-52,-25,-3,-5,-6,-4,-7,-11,-18,-35,-44,-36,-24,-18,-13,-12,-11,-2,10,20,32,40,20,-4,-8,-9,-21,-24,-12,1,12,25,35,36,33,29,9,-13,-8,8,18,33,38,24,11,15,11,-3,-1,17,30,31,28,31,30,18,14,25,27,19,10
269,758.4000000000000909,-18,-21,-20,-27,-37,-37,-35,-35,-27,-13,1,16,25,22,8,-3,5,18,18,18,21,2,-23,-24,-20,-18,-15,-19,-20,-6,16,31,6,-24,-11,4,-2,-10,-14,0,27,29,16,11,-3,-17,-25,-34,-33,-28,-28,-30,-34,-36,-29,-21,-5,16,30,32,12,-6,-6,-7,-9,1,20,32,36,48,57,40,23,20,3,-12,-2,14,31,45,35,10,-5,-4,-7,-8,13,36,40,33,29,32,29,17,17,25,23,16,7
270,761.6000000000000227,-13,-11,-2,-2,-7,-7,-7,-9,-6,2,11,18,17,10,10,17,25,29,15,7,12,10,-3,-23,-33,-20,-8,-14,-18,-11,11,36,20,-13,-12,-4,-12,-9,7,13,23,29,20,15,10,-2,-12,-17,-22,-27,-30,-31,-39,-51,-50,-39,-20,-2,8,15,15,11,6,11,27,37,40,44,44,53,55,30,8,4,-3,1,14,17,27,27,5,-13,-16,-22,-24,-6,20,31,25,21,29,32,21,14,18,23,25,16,0
271,764.8000000000000682,-17,-17,-5,6,13,20,24,23,19,13,8,5,7,14,29,37,28,22,18,9,6,21,25,-5,-26,-14,-5,-13,-15,-6,12,22,16,13,16,11,-9,-16,10,19,2,1,11,14,23,25,17,12,-2,-23,-36,-38,-43,-54,-57,-46,-28,-12,-6,5,24,19,6,21,47,50,35,33,41,41,28,14,-3,-18,-11,18,33,30,20,-3,-20,-17,-13,-20,-17,-1,11,10,2,6,20,21,10,11,22,27,22,4,-9
272,768,-16,-18,-12,-2,4,5,8,9,7,5,5,11,22,35,39,32,18,16,27,18,8,25,35,17,5,2,-7,-9,-7,4,17,8,4,29,44,31,13,6,15,17,-10,-20,-4,8,27,44,42,32,15,-16,-39,-42,-40,-45,-48,-47,-37,-13,2,8,17,6,-3,20,47,46,33,35,39,20,-4,-8,-15,-30,-7,39,60,55,23,-16,-26,-19,-18,-17,-11,-5,-3,-5,-3,8,15,11,5,11,20,18,-1,-20,-15
273,771.2000000000000455,-5,-7,-9,-7,-5,-6,-8,-9,-8,-4,7,21,31,36,27,14,10,17,30,26,20,27,33,35,27,9,-3,-2,7,18,19,5,10,37,49,38,34,33,18,4,-18,-35,-22,0,21,44,51,40,23,4,-17,-32,-33,-30,-32,-35,-32,-16,5,8,-2,-8,-5,13,31,34,35,40,30,-1,-24,-25,-28,-32,3,57,78,58,15,-18,-27,-31,-33,-26,-17,-12,-8,-8,-1,15,16,4,1,5,5,-7,-24,-30,-19
274,774.4000000000000909,13,5,-3,-5,-5,-2,0,0,-1,-1,0,9,18,19,14,15,23,27,27,34,37,29,30,40,27,6,-3,-4,9,19,5,-7,18,41,40,38,42,47,30,4,-11,-27,-26,-6,15,37,54,52,43,38,17,-16,-27,-19,-17,-18,-14,-16,-9,-8,-19,-12,1,5,7,19,34,34,16,-12,-29,-34,-36,-24,10,48,58,33,1,-13,-22,-35,-38,-32,-21,-11,-8,-11,-5,3,-3,-13,-12,-6,-12,-24,-28,-26,-23
275,777.6000000000000227,31,23,11,6,3,3,5,7,5,1,-6,-8,-1,5,17,35,43,33,24,39,42,27,22,27,22,11,3,-1,4,5,-15,-23,4,26,20,21,41,59,49,20,5,-9,-24,-13,9,27,43,52,56,54,37,12,-3,-5,-6,-10,-9,-11,-15,-19,-26,-11,7,-2,-11,9,30,21,-2,-21,-34,-45,-41,-8,19,19,11,6,3,-2,-17,-28,-24,-17,-8,-3,-8,-11,-8,-17,-31,-32,-26,-24,-27,-29,-26,-30,-32
276,780.8000000000000682,34,38,25,17,14,10,6,5,6,7,1,-11,-12,4,27,39,35,21,18,30,34,23,11,9,18,20,19,14,3,-12,-26,-16,-5,5,6,5,31,53,49,24,1,-16,-33,-21,0,6,10,24,43,50,47,42,32,21,10,-4,-10,-5,-8,-14,-14,-2,11,-3,-16,-1,9,-7,-25,-32,-41,-49,-35,5,20,-11,-31,-15,7,7,-9,-11,0,11,19,16,5,-1,-4,-17,-31,-32,-31,-35,-37,-34,-33,-40,-33
277,784,21,30,25,20,19,16,13,9,6,5,2,-6,-6,12,26,24,13,7,6,10,17,14,7,7,18,30,34,27,3,-27,-28,-2,2,-7,0,10,24,34,31,11,-14,-27,-29,-21,-8,-7,-11,0,27,46,52,53,46,32,21,16,9,-1,-16,-21,-6,9,13,4,-4,-10,-23,-41,-47,-35,-31,-32,-13,10,0,-37,-54,-35,-9,1,4,12,19,25,30,24,16,13,6,-6,-14,-18,-22,-25,-25,-25,-32,-33,-15
278,787.2000000000000455,11,22,25,22,18,17,15,11,4,-4,-1,6,5,5,5,3,0,3,0,-9,-3,6,12,17,27,43,46,40,10,-26,-19,6,9,-11,-8,19,26,22,21,7,-15,-18,-11,-20,-24,-22,-15,2,19,39,53,50,35,22,28,44,36,2,-29,-31,-6,10,7,5,1,-16,-35,-44,-44,-27,-10,-10,-2,-1,-23,-40,-46,-43,-32,-14,12,28,26,22,16,7,7,14,7,-6,-10,-9,-8,-4,-3,-9,-18,-7,13
279,790.4000000000000909,9,18,24,23,22,22,19,16,9,1,1,6,3,-9,-16,-12,0,11,6,-15,-21,-2,11,18,30,37,38,35,12,-16,-13,0,3,-12,-16,11,24,20,20,17,3,-4,-2,-23,-46,-40,-11,14,16,21,39,48,37,31,48,60,38,1,-18,-10,11,14,0,-1,-1,-17,-28,-27,-26,-24,-11,-4,-11,-28,-41,-29,-20,-31,-35,-18,10,29,27,16,3,-5,-2,-1,-8,-16,-16,-9,-3,0,-3,-12,-9,17,30
280,793.6000000000000227,1,2,6,10,14,19,20,19,16,10,2,1,-2,-14,-20,-11,8,14,2,-19,-31,-17,1,13,22,22,17,3,-12,-16,-20,-18,-12,-13,-12,0,15,17,11,17,20,5,-8,-25,-48,-37,-3,13,12,8,20,41,49,49,44,30,9,-5,4,24,34,27,12,9,6,-9,-19,-16,-20,-39,-45,-29,-28,-45,-43,-21,-7,-11,-14,-2,12,18,20,14,3,-1,1,-9,-25,-24,-17,-13,-11,-12,-15,-16,2,33,36
281,796.8000000000000682,4,-1,-6,-8,-8,-1,9,19,28,31,20,8,0,-10,-13,-7,-3,-8,-19,-25,-29,-23,-1,9,6,8,2,-21,-32,-19,-21,-27,-23,-17,-3,5,9,5,-4,4,23,14,-12,-25,-33,-26,-9,-2,1,1,4,22,43,41,8,-20,-17,-1,17,33,31,26,33,35,25,8,-9,-22,-36,-64,-82,-61,-39,-34,-19,-5,-1,4,9,20,26,16,8,6,2,2,0,-13,-22,-17,-11,-10,-9,-6,-7,0,25,40,27
282,800,16,17,11,4,-2,-3,6,22,35,40,32,12,-2,-7,-9,-12,-26,-36,-32,-23,-18,-13,1,3,-6,-8,-15,-36,-35,-9,-4,-23,-36,-26,-5,6,3,-1,5,16,30,29,3,-15,-12,-18,-24,-18,-10,-3,-4,-4,9,12,-13,-34,-20,6,18,16,8,13,36,44,31,11,-16,-43,-61,-77,-78,-55,-30,-14,-1,5,5,10,18,23,22,14,3,-4,-2,-2,-17,-25,-13,-2,0,5,12,14,12,24,42,35,12
283,803.2000000000000455,9,19,26,29,25,17,13,14,16,16,13,1,-6,-5,-12,-28,-43,-46,-32,-13,-1,-1,-4,-2,-9,-24,-37,-41,-23,0,7,-18,-47,-34,-8,-3,-9,0,24,39,43,42,26,9,11,-3,-25,-23,-7,4,-2,-19,-25,-20,-19,-23,-15,5,13,-1,-9,-2,12,17,8,-8,-31,-51,-61,-56,-39,-27,-14,0,2,1,6,13,19,13,-2,-3,2,0,-3,-10,-23,-21,-7,2,9,21,28,22,23,38,42,22,4
284,806.4000000000000909,-15,-9,6,18,23,18,7,-4,-9,-8,-5,-3,-4,-8,-26,-50,-54,-42,-20,1,9,1,-10,-11,-17,-41,-56,-28,5,9,5,-15,-39,-31,-9,-7,-16,-12,4,19,25,32,41,40,31,14,-11,-23,-14,-5,-9,-20,-32,-36,-26,-11,-2,9,13,-1,-12,-13,-14,-15,-16,-25,-35,-42,-39,-16,3,-4,-6,4,1,-4,3,9,11,2,-9,-9,-1,0,-8,-18,-14,0,3,2,11,22,18,13,23,33,21,-1,-10
285,809.6000000000000227,-44,-47,-33,-23,-14,-9,-11,-18,-23,-20,-10,-5,-15,-34,-49,-58,-51,-30,-10,2,6,2,-10,-22,-31,-47,-49,-10,23,22,3,-9,-5,-5,-9,-11,-15,-20,-25,-18,-5,12,39,51,33,14,-4,-28,-38,-31,-24,-23,-27,-31,-20,0,14,21,25,18,0,-15,-25,-26,-28,-31,-28,-27,-18,12,31,16,0,-1,-3,-8,-5,3,3,-4,-3,0,-5,-11,-15,-14,-2,10,9,7,11,9,2,5,15,12,-7,-26,-26
286,812.8000000000000682,-60,-75,-67,-59,-49,-39,-32,-30,-34,-36,-32,-32,-42,-56,-56,-43,-28,-12,-8,-6,3,6,-9,-28,-36,-36,-15,10,25,27,4,-2,23,26,6,-12,-22,-23,-25,-25,-10,12,35,46,33,11,-6,-25,-40,-42,-35,-28,-23,-13,0,11,21,26,30,31,19,-1,-17,-23,-22,-12,-1,3,13,30,38,32,13,-4,-5,-5,-4,1,0,-1,4,3,-10,-13,-3,10,19,15,10,14,15,7,1,5,7,-7,-27,-37,-27
287,816,-51,-73,-76,-75,-73,-69,-64,-59,-57,-60,-61,-56,-49,-44,-32,-11,-1,-3,-4,-1,4,2,-15,-35,-43,-20,12,19,23,22,8,15,30,31,13,-12,-30,-35,-25,-18,-8,14,36,47,42,19,-2,-14,-31,-48,-43,-26,-12,2,17,28,26,15,9,16,28,21,0,-19,-15,12,32,40,49,48,41,38,22,0,-4,0,-1,-4,-4,7,12,2,-5,3,17,31,32,20,19,28,27,16,8,5,-2,-21,-36,-32,-14
288,819.2000000000000455,-22,-41,-55,-66,-72,-75,-75,-72,-67,-63,-60,-47,-26,-6,8,17,12,1,5,10,3,-11,-27,-46,-45,-5,26,21,10,3,9,30,31,9,-14,-25,-31,-36,-31,-17,-9,3,20,33,36,25,7,-9,-27,-39,-30,-12,2,15,30,38,27,4,-14,-3,21,20,-5,-30,-29,-1,31,57,68,58,42,30,21,9,-1,-4,-8,-11,-6,7,11,6,12,24,29,30,26,26,36,40,29,13,6,3,-9,-25,-26,-12,0
289,822.4000000000000909,6,-1,-15,-28,-37,-41,-42,-42,-40,-37,-33,-24,-1,24,28,22,20,20,19,13,-5,-25,-37,-44,-30,1,22,24,-8,-31,-2,29,28,-3,-33,-32,-19,-15,-15,-6,-1,-4,-2,7,18,25,22,6,-8,-4,1,6,20,32,31,22,15,0,-11,-4,2,-8,-32,-47,-43,-30,1,45,67,55,37,31,31,19,2,-4,-6,-10,-4,2,-1,8,26,30,27,21,19,30,41,29,6,-5,-1,-3,-14,-19,-8,7,9
290,825.6000000000000227,13,19,17,10,-1,-8,-10,-12,-14,-12,-7,-1,10,23,25,25,34,40,27,1,-21,-34,-37,-22,-3,0,5,11,-16,-36,-9,18,16,-2,-18,-21,-8,9,15,16,17,9,-7,-10,4,22,32,26,19,14,6,10,26,29,11,-3,-2,4,2,-13,-30,-39,-42,-36,-35,-40,-22,18,45,47,44,46,43,30,12,7,9,6,2,-5,-11,1,14,15,15,12,15,24,19,-2,-14,-11,-6,-11,-17,-12,3,14,12
291,828.8000000000000682,2,8,16,20,15,6,0,-3,-1,4,11,15,12,16,31,44,48,40,14,-18,-36,-41,-28,7,25,11,-6,-18,-18,-6,1,3,1,5,11,3,1,14,17,14,19,20,1,-18,-12,8,21,29,30,11,-3,2,7,5,5,2,-3,3,0,-34,-65,-65,-37,-13,-20,-33,-26,-7,15,38,46,37,33,37,34,22,18,21,5,-17,-17,-11,-11,-5,-1,-1,4,5,-10,-19,-10,0,-3,-13,-14,-3,10,11,6
292,832,-2,-2,1,10,18,16,12,13,18,25,28,28,27,31,47,55,41,15,-10,-32,-44,-35,-5,25,37,25,-6,-32,-16,19,15,-6,-6,12,29,29,16,6,1,-4,-1,5,3,-12,-19,-9,6,20,26,19,8,-5,-16,-10,12,20,9,-4,-17,-46,-79,-77,-40,-15,-10,-11,-16,-19,-6,17,20,11,12,30,46,40,25,18,1,-19,-19,-15,-17,-19,-22,-19,-12,-16,-21,-12,-1,2,-4,-10,-4,10,14,6,-1
293,835.2000000000000455,14,17,15,17,27,35,39,41,43,44,46,48,54,54,49,37,10,-20,-38,-46,-39,-9,21,33,35,29,0,-23,-5,25,25,6,1,12,25,32,20,1,-5,-8,-20,-25,-15,-8,-15,-20,-4,13,21,28,21,-4,-19,-14,-5,2,3,-12,-34,-50,-60,-55,-41,-27,-5,13,7,-16,-26,-18,-2,11,14,25,43,49,35,11,-4,-3,-3,-8,-14,-25,-34,-29,-23,-25,-22,-16,-15,-18,-19,-11,6,15,9,0,-1
294,838.4000000000000909,23,37,45,46,48,56,59,57,55,53,57,60,60,50,26,-1,-23,-44,-55,-45,-15,15,32,33,25,12,-6,-9,4,14,21,19,12,10,12,15,11,0,-5,-10,-30,-49,-45,-28,-22,-26,-19,-2,13,23,23,11,-2,-12,-25,-28,-22,-29,-48,-46,-20,-11,-23,-20,2,23,22,-4,-32,-34,-5,27,40,40,41,43,31,5,-1,14,12,1,-9,-19,-19,-16,-22,-28,-29,-32,-32,-32,-28,-13,1,-1,-11,-13,-8
295,841.6000000000000227,-3,8,28,42,48,54,59,58,55,52,50,45,31,10,-17,-41,-49,-52,-42,-14,12,23,23,16,1,-17,-20,2,14,5,3,11,11,5,-1,-1,2,1,-8,-19,-33,-49,-54,-42,-29,-25,-26,-17,2,15,23,29,18,-5,-23,-33,-37,-44,-42,-18,15,19,3,0,12,20,18,9,-6,-15,-5,20,46,51,37,24,10,4,11,17,13,6,1,4,12,8,-7,-19,-25,-25,-22,-20,-13,-5,-9,-19,-22,-20,-16
296,844.8000000000000682,-19,-33,-31,-15,1,14,25,33,33,27,14,-3,-23,-44,-59,-67,-64,-41,-7,20,30,23,6,-9,-26,-35,-21,5,14,-3,-19,-15,-10,-14,-15,-11,-4,-1,-14,-31,-33,-31,-39,-40,-29,-20,-21,-21,-12,0,9,15,9,-8,-22,-35,-51,-50,-21,9,19,16,14,13,12,7,5,13,19,12,0,1,17,27,14,-8,-15,3,15,10,6,2,1,12,21,14,4,-5,-9,-9,-10,-8,-1,0,-9,-13,-9,-9,-7
297,848,-1,-19,-41,-50,-46,-38,-30,-24,-24,-30,-42,-59,-72,-79,-78,-69,-49,-11,24,36,33,19,-6,-30,-46,-39,-8,7,0,-18,-38,-46,-41,-31,-24,-17,-11,-11,-23,-38,-42,-36,-38,-45,-40,-30,-27,-34,-39,-31,-23,-21,-18,-19,-30,-49,-61,-46,-13,3,-6,-7,8,16,8,-2,0,9,18,16,3,-9,-17,-21,-28,-38,-30,-9,-3,-9,-14,-15,-9,-6,-10,-13,-11,-7,-4,-6,-10,-7,-4,-8,-9,-4,-2,-4,-2
298,851.2000000000000455,5,4,-10,-30,-44,-52,-57,-61,-66,-74,-80,-84,-84,-80,-69,-47,-11,18,30,29,19,2,-16,-38,-48,-27,1,1,-18,-33,-43,-53,-50,-36,-26,-23,-22,-25,-28,-33,-43,-49,-49,-55,-59,-52,-48,-53,-63,-64,-53,-43,-36,-32,-42,-54,-46,-27,-16,-17,-19,-8,10,20,13,7,5,4,3,1,-4,-18,-42,-63,-64,-47,-27,-20,-22,-26,-32,-28,-20,-25,-36,-39,-33,-22,-13,-11,-8,-5,-9,-12,-10,-9,-11,-11,-8
299,854.4000000000000909,-14,-15,-13,-20,-33,-46,-55,-62,-68,-75,-79,-77,-71,-58,-35,-8,12,16,10,0,-12,-23,-35,-45,-36,-16,-8,-17,-31,-38,-38,-37,-36,-32,-25,-23,-28,-32,-29,-26,-30,-38,-44,-51,-64,-68,-59,-53,-58,-70,-71,-63,-60,-64,-64,-49,-27,-19,-28,-31,-12,11,22,22,21,14,4,-4,-10,-12,-18,-36,-59,-73,-63,-34,-17,-22,-28,-28,-24,-21,-24,-28,-31,-34,-31,-25,-21,-14,-5,-3,-6,-5,-5,-9,-11,-11,-9
300,857.6000000000000227,-17,-27,-30,-32,-39,-47,-55,-59,-59,-56,-56,-55,-44,-23,2,16,9,-8,-21,-31,-38,-46,-57,-50,-23,-12,-22,-32,-33,-31,-29,-23,-22,-26,-24,-22,-24,-29,-32,-29,-25,-27,-32,-36,-47,-60,-58,-48,-44,-54,-74,-89,-96,-96,-79,-51,-35,-37,-43,-39,-15,8,14,11,7,0,-7,-12,-18,-26,-39,-53,-57,-47,-28,-16,-16,-22,-25,-20,-9,-6,-13,-22,-25,-23,-20,-21,-19,-11,-4,-1,1,3,0,-3,-3,-5,-6
301,860.8000000000000682,-7,-13,-20,-27,-32,-39,-44,-46,-44,-35,-24,-14,-3,9,10,2,-11,-28,-42,-48,-47,-55,-54,-28,-5,-11,-30,-40,-38,-27,-20,-18,-17,-19,-24,-31,-32,-30,-29,-23,-19,-20,-21,-21,-24,-37,-55,-59,-51,-50,-66,-89,-97,-86,-67,-56,-56,-55,-44,-29,-18,-11,-9,-12,-16,-18,-19,-22,-26,-36,-46,-48,-37,-16,-3,-10,-19,-18,-13,-8,-5,-4,-7,-14,-18,-17,-16,-18,-15,-9,-8,-6,-4,-5,-7,-7,-6,-7,-5
302,864,-7,-7,-10,-16,-21,-24,-26,-26,-24,-17,-3,11,15,7,-9,-27,-35,-40,-46,-50,-58,-54,-26,0,1,-17,-35,-41,-40,-32,-22,-19,-21,-24,-35,-47,-49,-40,-25,-17,-14,-11,-12,-14,-15,-21,-38,-54,-58,-56,-55,-57,-56,-48,-43,-48,-53,-46,-29,-13,-13,-27,-35,-35,-33,-30,-31,-32,-33,-35,-34,-27,-15,-8,-13,-19,-19,-11,-1,4,-3,-11,-14,-11,-8,-8,-9,-5,-2,-4,-10,-14,-17,-20,-18,-15,-15,-11,-4
303,867.2000000000000455,-13,-14,-11,-11,-14,-16,-17,-17,-16,-15,-11,-7,-11,-22,-33,-42,-49,-49,-46,-54,-65,-42,-8,-5,-19,-29,-34,-32,-28,-27,-24,-21,-27,-39,-47,-49,-49,-45,-38,-30,-21,-14,-12,-15,-17,-15,-16,-29,-47,-52,-41,-25,-15,-16,-26,-33,-31,-23,-18,-17,-23,-38,-48,-48,-44,-41,-36,-35,-37,-33,-21,-7,-3,-14,-30,-30,-19,-10,-6,-4,-9,-17,-21,-16,-9,-7,-3,2,2,-3,-10,-14,-19,-20,-18,-19,-16,-8,-2
304,870.4000000000000909,-23,-26,-18,-12,-11,-13,-16,-18,-21,-24,-30,-37,-41,-43,-46,-48,-50,-53,-60,-64,-47,-20,-14,-26,-36,-34,-28,-24,-21,-21,-24,-27,-33,-40,-40,-34,-30,-34,-39,-36,-27,-19,-14,-14,-16,-15,-14,-19,-31,-40,-33,-16,-6,-8,-14,-14,-7,-2,-7,-22,-34,-35,-35,-38,-40,-39,-35,-36,-37,-29,-12,-1,-5,-17,-25,-28,-26,-23,-24,-26,-26,-25,-24,-22,-17,-11,-9,-13,-19,-22,-22,-20,-16,-12,-11,-9,-3,1,0
305,873.6000000000000227,-33,-39,-31,-23,-17,-16,-19,-25,-31,-36,-42,-47,-49,-48,-47,-45,-46,-56,-66,-50,-19,-11,-25,-36,-35,-29,-23,-20,-21,-25,-28,-32,-30,-25,-22,-22,-20,-20,-21,-24,-24,-20,-15,-11,-10,-15,-20,-21,-21,-25,-30,-29,-23,-13,-1,11,18,17,7,-8,-19,-20,-18,-20,-23,-24,-27,-30,-26,-18,-15,-17,-20,-16,-12,-16,-26,-33,-34,-33,-31,-25,-19,-17,-18,-19,-23,-29,-35,-37,-35,-29,-20,-14,-8,-1,2,0,-2
306,876.8000000000000682,-23,-34,-36,-33,-27,-22,-20,-24,-30,-36,-41,-45,-47,-45,-42,-42,-50,-54,-38,-14,-7,-16,-26,-28,-24,-17,-12,-9,-11,-17,-21,-23,-21,-16,-12,-15,-20,-22,-20,-20,-23,-22,-19,-15,-14,-17,-22,-22,-16,-13,-20,-30,-29,-16,3,19,25,21,14,9,5,-2,-7,-7,-7,-11,-13,-11,-9,-13,-26,-34,-30,-21,-15,-13,-17,-24,-28,-27,-21,-13,-7,-7,-13,-21,-25,-25,-24,-24,-24,-22,-20,-17,-12,-9,-11,-9,-5
307,880,4,-5,-16,-22,-25,-25,-23,-21,-23,-26,-30,-34,-34,-35,-39,-48,-48,-28,-2,3,-9,-21,-25,-23,-19,-13,-6,-2,0,0,-4,-10,-13,-14,-11,-9,-11,-18,-23,-25,-25,-27,-27,-27,-26,-26,-25,-23,-20,-15,-11,-10,-9,-5,0,3,3,1,3,9,12,11,7,3,-2,-6,-7,-7,-11,-18,-23,-25,-26,-26,-25,-21,-17,-17,-21,-20,-14,-8,-4,-2,-2,-5,-8,-8,-5,-1,0,-3,-6,-7,-9,-11,-9,-6,-2
308,883.2000000000000455,28,29,17,8,1,-4,-8,-9,-9,-10,-11,-14,-21,-29,-35,-31,-10,9,7,-7,-18,-23,-24,-21,-18,-16,-14,-10,-6,-1,2,2,1,-3,-6,-5,-3,-3,-7,-15,-22,-29,-36,-40,-39,-33,-24,-18,-13,-7,4,15,20,16,6,-7,-17,-17,-12,-6,0,6,7,1,-6,-8,-10,-14,-18,-17,-13,-10,-13,-17,-19,-20,-21,-18,-14,-12,-13,-14,-11,-5,3,8,11,12,13,15,15,13,13,10,7,7,8,7,3
309,886.4000000000000909,26,35,31,27,24,22,18,14,12,9,4,-2,-10,-13,-3,15,29,21,1,-12,-17,-17,-16,-14,-13,-13,-14,-16,-15,-12,-6,2,6,5,2,1,2,3,3,-1,-6,-14,-22,-27,-24,-15,-4,7,16,24,29,32,31,25,14,2,-5,-7,-11,-15,-16,-17,-17,-18,-17,-13,-10,-8,-5,-5,-5,-5,-5,-7,-10,-11,-13,-12,-7,-5,-8,-9,-8,-6,-1,6,14,19,21,19,19,20,21,21,20,20,17,12,6
310,889.6000000000000227,6,14,22,25,22,19,17,17,16,15,14,13,19,31,35,32,22,8,-1,-2,-2,-2,-4,-6,-9,-12,-16,-19,-21,-21,-20,-18,-14,-10,-6,-4,-4,-4,-3,0,4,5,7,9,13,16,19,25,31,35,35,30,24,20,17,14,11,6,-2,-12,-21,-26,-27,-25,-20,-14,-9,-5,0,1,0,1,0,-2,-1,0,0,0,1,1,2,2,1,0,1,3,7,9,12,13,13,14,15,15,13,10,7,2,0
311,892.8000000000000682,-2,4,11,15,16,14,15,19,23,25,31,35,40,43,32,16,6,1,1,2,4,3,0,-5,-12,-18,-24,-28,-31,-33,-35,-34,-32,-29,-24,-21,-18,-15,-12,-7,-1,6,14,22,26,27,24,22,21,19,17,15,13,12,12,10,7,4,0,-4,-7,-7,-6,-6,-6,-6,-6,-8,-7,-4,-2,1,2,4,7,9,8,7,6,5,4,2,1,0,-1,-3,-4,-5,-2,1,1,0,0,-2,-6,-9,-9,-9,-6
312,896,0,5,5,5,11,17,22,27,31,31,33,31,20,13,9,6,6,6,5,2,-1,-4,-7,-10,-13,-16,-19,-24,-27,-29,-29,-28,-26,-24,-22,-21,-19,-17,-15,-11,-6,0,8,13,16,17,17,13,7,2,1,2,4,4,3,2,1,0,-1,2,5,8,10,9,7,4,1,-2,-3,-5,-6,-3,0,3,5,4,3,3,2,-1,0,0,-1,-4,-7,-10,-10,-9,-8,-6,-4,-6,-8,-10,-12,-12,-10,-7,-5
313,899.2000000000000455,0,2,1,0,3,8,11,13,14,13,12,8,1,-2,1,3,4,5,3,1,-1,-4,-5,-5,-5,-6,-6,-7,-9,-10,-9,-9,-8,-7,-7,-7,-7,-7,-6,-5,-3,0,3,4,5,5,6,4,1,-2,-2,-1,0,0,0,0,0,0,0,1,3,4,5,5,4,3,2,1,1,-1,-3,-2,-1,0,0,-1,-1,-1,-2,-3,-1,0,-1,-2,-4,-5,-5,-4,-4,-3,-2,-3,-4,-4,-5,-4,-2,-1,-1
