"","TRACE",1,2,3,4,5,6,7,8,9,10,11,12,13,14,15,16,17,18,19,20,21,22,23,24,25,26,27,28,29,30,31,32,33,34,35,36,37,38,39,40,41,42,43,44,45,46,47,48,49,50,51,52,53,54,55,56,57,58,59,60,61,62,63,64,65,66,67,68,69,70,71,72,73,74,75,76,77,78,79,80,81,82,83,84,85,86,87,88,89,90,91,92,93,94,95,96,97,98,99,100,101,102,103,104,105,106,107,108,109,110,111,112,113,114,115,116,117,118,119,120,121,122,123,124,125,126,127,128,129,130,131,132,133,134,135,136,137,138,139,140,141,142,143,144,145,146,147,148,149,150,151,152,153,154,155,156,157,158,159,160,161,162,163,164,165,166,167,168,169,170,171,172,173,174,175,176,177,178,179,180,181,182,183,184,185,186,187,188,189,190,191,192,193,194,195,196,197
"","Position (m)",0,1,2,3,4,5,6,7,8,9,10,11,12,13,14,15,16,17,18,19,20,21,22,23,24,25,26,27,28,29,30,31,32,33,34,35,36,37,38,39,40,41,42,43,44,45,46,47,48,49,50,51,52,53,54,55,56,57,58,59,60,61,62,63,64,65,66,67,68,69,70,71,72,73,74,75,76,77,78,79,80,81,82,83,84,85,86,87,88,89,90,91,92,93,94,95,96,97,98,99,100,101,102,103,104,105,106,107,108,109,110,111,112,113,114,115,116,117,118,119,120,121,122,123,124,125,126,127,128,129,130,131,132,133,134,135,136,137,138,139,140,141,142,143,144,145,146,147,148,149,150,151,152,153,154,155,156,157,158,159,160,161,162,163,164,165,166,167,168,169,170,171,172,173,174,175,176,177,178,179,180,181,182,183,184,185,186,187,188,189,190,191,192,193,194,195,196
"Point","Time (ns)"
1,-100.1599999999999966,10,-2,3,10,14,20,-9,6,-6,-3,5,-2,-5,4,3,2,-3,-9,3,1,-2,12,1,2,6,-5,-6,-3,6,-15,-8,6,-12,-10,-9,22,22,0,4,9,-8,14,1,-6,-5,1,9,-5,-7,7,-3,-2,9,-11,-7,-8,0,-8,1,-3,3,-1,0,-11,12,16,39,-6,-3,-3,7,2,8,-7,-6,3,-3,-7,13,-1,2,-3,10,-1,1,1,4,0,6,7,5,0,14,-7,12,7,3,2,-6,6,2,3,8,4,-3,5,-7,0,-11,4,7,1,5,3,9,-3,-2,-1,10,12,-1,-3,3,3,3,-4,2,-4,0,-6,-1,7,-2,-5,-2,2,-3,1,0,7,1,-2,-1,-10,-3,-3,-3,8,1,-3,-2,7,-4,-4,3,4,-8,13,-2,-4,11,6,14,3,-5,5,-2,-4,-9,9,7,12,5,2,8,-6,1,-12,-5,6,8,11,11,8,-12,-4,-1,17,5,6,8,1,-16,-7,0,6,-7
2,-96.95999999999999375,-4,-3,8,-6,-15,-10,-2,2,-3,7,1,0,-2,5,8,-3,13,-7,1,2,2,3,-6,6,-6,0,4,21,8,0,12,-5,1,20,4,4,9,-19,-6,-7,1,-17,3,-2,0,1,16,5,0,1,2,2,2,-1,-8,-7,9,-1,-1,-3,-14,-3,0,4,14,12,-3,-1,10,5,11,4,-6,15,-9,8,4,11,-4,4,-2,-1,-8,-9,-11,10,-2,9,-9,2,-6,0,-1,-1,-6,5,-6,3,0,7,-3,-1,9,-3,10,2,-3,-1,10,4,0,1,3,2,8,3,12,0,-2,14,5,7,13,-6,-3,7,2,7,6,3,0,-5,0,-5,15,11,9,5,6,7,6,-6,8,1,3,0,-4,-3,-4,0,5,2,6,-1,1,1,-4,7,5,-8,-2,-1,13,1,-7,-3,4,1,4,-1,-6,-7,10,3,-4,5,-13,9,5,4,3,-4,5,-7,1,4,-2,7,-4,-1,-11,18,5,-8,-5,-4,0
3,-93.75999999999999091,1,11,-3,4,-8,1,4,-5,7,6,-4,-2,-3,0,6,9,-4,-1,3,2,16,-1,4,-3,-5,-1,-6,-3,10,5,5,-12,-4,8,-9,13,-1,-2,-15,-11,-2,-5,-4,-2,-2,1,9,-10,5,16,2,-14,6,15,8,0,4,-5,-1,-3,-5,-1,3,-14,4,3,-15,8,8,2,3,0,2,7,-3,0,-3,2,11,6,-1,-3,10,10,-12,3,0,17,8,0,14,4,2,-10,-3,13,8,1,12,5,11,-3,-2,-3,10,-4,1,6,2,-1,0,4,8,4,0,8,-1,5,0,4,4,3,1,4,-4,5,-2,-2,4,7,7,-5,-2,13,5,-13,-3,-6,-3,3,-2,-1,-5,3,3,-6,1,8,8,4,7,-3,0,2,4,-1,0,3,-9,2,-1,7,-9,-8,-4,-11,10,-1,-10,2,3,2,5,8,3,-7,2,-15,0,11,0,4,-4,0,11,21,9,-17,3,1,5,-9,-5,-4,2,-6,-9
4,-90.56000000000000227,7,-4,6,4,5,-9,3,-2,8,-1,0,6,4,-4,5,-5,-4,8,10,-1,3,4,-2,-4,-1,-1,3,7,12,3,7,7,9,3,7,5,5,7,-1,-9,1,15,3,0,2,6,8,0,3,-5,2,-2,6,3,3,-7,-7,8,7,-10,-1,-3,18,-5,6,-1,4,-1,0,1,6,-6,4,-17,5,9,-7,2,9,-2,0,13,0,-8,4,-10,0,9,-7,1,-2,-2,-3,-12,11,-7,2,1,-2,-1,10,3,0,3,-2,3,4,-6,-2,-2,1,5,-4,-7,-2,16,5,6,11,2,-7,-5,10,7,-5,-1,0,-3,1,-2,-2,1,8,1,1,7,5,-7,9,0,-5,6,0,1,-1,4,2,-3,-3,4,6,0,-2,-1,4,-1,-8,0,4,-9,5,7,6,-6,-10,0,1,13,12,5,3,10,1,6,3,0,4,1,12,4,7,0,-4,-2,-8,-1,4,-18,4,19,-3,-8,-7,-9,-4,4,5
5,-87.35999999999999943,-3,9,-9,6,7,17,14,-2,10,2,3,-2,7,-1,3,7,0,5,8,-2,6,8,3,1,5,-7,7,-8,-3,-2,2,14,-18,5,17,-14,-2,8,9,8,1,7,4,-1,2,15,-10,-6,3,3,-5,0,2,5,-19,1,3,-10,-8,6,-9,-7,-5,0,6,2,-6,-5,-1,7,2,2,-3,0,12,-6,1,1,-1,-6,-14,-6,-9,6,7,-15,11,0,9,-5,9,-7,4,-12,4,-15,-4,5,-3,-1,-5,-6,2,8,4,-15,6,4,3,-1,14,-2,5,-11,-2,-6,1,3,0,-3,0,2,-12,5,3,3,2,5,4,3,-3,1,6,-4,-4,-12,-18,8,9,-5,2,3,7,5,-3,0,4,0,1,-1,-1,5,5,-7,2,-14,-8,-2,0,14,5,-3,-12,-6,-6,4,1,1,4,9,3,-8,-4,-5,-9,-7,6,-1,-2,-4,-4,-5,-3,-5,-1,0,2,-5,21,-6,15,2,-8,9,7,-5,2
6,-84.15999999999999659,-10,-9,11,-15,29,0,-7,0,3,-3,-2,5,-2,-4,3,-7,-5,-8,-8,2,4,9,0,-4,0,-3,1,20,3,5,-11,-5,6,-9,1,17,-4,9,0,1,3,1,-9,0,11,3,8,-4,14,-2,-6,-9,-26,-14,0,1,2,3,-4,-11,9,-6,-12,4,4,-8,1,6,-8,-2,-2,4,-3,-4,1,5,3,2,5,10,-6,25,1,-1,6,10,8,-10,-4,-1,2,4,-4,16,-3,0,11,-3,-12,-7,0,5,-1,0,-2,-16,-6,-4,4,0,-2,-4,4,-1,2,-8,-4,-13,2,2,9,-5,-10,-7,-1,-5,10,-3,0,0,1,3,-3,1,-1,-3,3,7,-1,7,3,-5,8,-2,5,-3,2,-2,-5,3,-2,-1,-2,4,-13,-8,3,-6,5,14,16,-2,13,-5,12,-3,5,12,-12,3,-4,13,-5,10,4,1,-1,16,-8,1,3,9,-1,-1,-2,-2,2,-17,-17,-12,8,-18,1,6,-8,1,6
7,-80.95999999999999375,-3,-7,2,8,-16,-17,11,-4,-13,8,9,-5,7,-1,-15,-1,12,-9,-6,-2,-5,-2,3,3,-5,5,-2,3,-9,18,1,-6,19,19,-16,4,11,-21,7,8,-1,-12,5,10,-5,-6,-7,-9,10,-6,-1,14,8,18,-8,8,3,13,-1,4,0,6,5,3,6,-2,-2,0,2,-8,-5,-4,3,11,8,-5,9,-17,-8,4,3,2,-5,4,0,-5,-11,-6,-5,12,4,3,-4,1,2,-7,1,-2,10,5,-1,-1,6,-3,0,10,0,1,1,2,8,-4,-2,-2,7,-9,14,-9,-3,0,2,4,0,2,3,8,-4,-5,-4,-3,3,-13,1,4,-3,-6,3,1,4,4,13,2,-13,4,6,-3,-5,-4,2,0,-5,4,0,10,4,8,-4,-19,-2,5,4,-6,-8,-10,-3,6,1,13,-1,-4,-3,-9,8,11,3,4,3,3,-3,-9,4,-1,-1,-5,9,-15,0,-9,-9,-2,7,-2,3,12,-6,19,-4
8,-77.75999999999999091,1,-2,5,-14,4,6,9,-4,2,-2,3,2,-2,1,-19,9,1,-13,-6,1,-3,-23,-2,-12,-9,1,7,-4,10,11,15,-15,8,-10,7,2,-16,12,-7,-16,15,5,8,6,-3,-4,-7,2,-2,-6,0,2,2,-9,5,-5,-3,12,5,2,-9,3,8,-1,-9,5,-9,3,0,-2,-9,5,-1,-3,-1,-7,4,4,-20,1,13,-3,6,5,1,-2,-10,-6,7,-4,-12,9,-2,10,25,-3,-4,9,3,-1,0,-11,-1,6,-7,-2,-3,4,-6,-2,1,0,-7,-3,3,-4,1,-3,-9,-9,-9,1,15,-2,2,-10,-11,1,2,-2,-3,-2,7,3,4,1,0,-10,2,-4,-25,0,2,-6,-4,-3,-2,1,-1,1,-2,1,2,-4,6,10,0,16,3,11,-3,-1,-3,-9,2,4,2,4,11,-1,-8,-1,4,-13,-7,0,3,-7,-3,-7,-3,-3,3,11,-7,1,-1,2,-8,-11,-27,16,2,-2,9,-5,11
9,-74.55999999999998806,-4,5,6,10,18,-20,-4,6,1,4,6,2,2,0,-17,0,-2,-14,1,0,-9,-1,5,12,11,2,-2,-2,2,-6,4,-7,-6,1,-4,-10,-11,5,6,5,-9,5,-13,13,1,-2,-7,0,-1,22,14,15,0,-12,2,2,-2,0,-5,4,13,4,-4,7,8,6,5,-4,1,0,13,-2,-9,-3,-2,8,-4,4,-7,-12,5,-10,1,-1,-7,6,-10,-1,-4,-1,8,9,0,7,16,6,4,0,6,-3,2,7,-7,8,24,0,0,-1,10,4,-3,0,1,7,0,-3,10,7,-11,0,-18,-6,-9,-6,3,-11,5,-7,7,-1,6,1,7,-9,0,1,-2,-2,-8,-3,2,-3,-14,1,3,6,2,11,3,0,-3,-11,-3,-3,-1,-8,8,-10,5,-14,-11,1,6,-18,-1,1,-4,-2,5,-3,1,2,0,-1,0,3,1,-1,9,-2,-7,2,0,-3,-1,-20,-8,9,14,13,-6,9,5,6,1,5,4
10,-71.35999999999999943,3,-2,4,2,-4,-5,-2,14,1,-10,0,5,-6,-14,3,4,11,2,12,0,-2,-7,2,4,-10,10,5,-4,9,5,-2,-1,6,13,-27,-4,16,4,-6,2,-3,9,-11,-4,-1,-9,-4,0,-1,-9,0,1,-8,4,17,-1,-18,8,-1,1,10,-6,3,7,-8,8,0,1,12,4,-4,2,4,8,5,-2,-2,-3,17,-6,-1,-3,4,-8,2,-1,1,4,4,-8,-1,-3,1,1,-3,2,-1,-1,-3,-12,1,8,6,-4,-10,5,1,2,0,-8,-11,-7,2,4,10,-5,1,8,-12,-5,-2,2,2,9,-5,4,7,5,-5,4,5,-5,5,0,0,2,6,2,-2,-15,1,5,8,1,-3,5,3,-2,-1,-2,0,3,0,-4,-3,4,19,-14,-2,-3,-7,-3,-2,-14,3,-8,-1,1,-2,-4,4,3,6,-11,-2,-3,-7,-1,-9,-4,-3,-10,1,6,-4,-4,-5,19,2,-7,-11,14,34,2,-6,9,16
11,-68.15999999999999659,4,-2,0,4,4,-6,-8,5,-11,-3,-4,3,-3,-9,6,-10,-5,9,-1,-6,6,-6,4,7,2,-4,10,-20,-12,5,15,17,-8,1,19,1,1,-6,3,1,2,8,6,-1,-7,1,-1,5,-7,-3,-6,7,-10,0,4,12,0,-1,12,16,-3,6,3,-7,3,1,2,-5,-2,4,-12,7,1,2,9,-11,-4,1,-1,-6,0,10,-1,-4,6,-3,-4,16,-1,3,5,4,-8,34,-21,0,0,2,6,4,15,3,-7,12,-6,13,4,3,5,-2,-1,2,-6,-1,-7,-1,9,-13,6,-4,5,2,-14,6,-1,-1,2,5,-9,4,-3,7,-5,3,-2,8,-2,0,-7,5,2,1,7,7,-1,8,0,0,0,-7,-3,6,2,9,0,6,11,-6,0,-4,7,1,-5,2,-4,9,-7,-7,11,-2,4,-6,-2,8,6,4,6,8,-2,-2,-2,0,-1,3,6,-11,1,9,-12,5,25,-5,-3,17,-4,14,-8
12,-64.95999999999999375,-9,2,-12,1,2,4,-6,-9,-8,3,-2,-2,2,3,-6,-11,-1,12,-4,-3,-6,2,-9,3,9,14,-7,8,6,-2,-13,-1,7,-9,-8,-7,-6,4,3,-2,0,-12,0,-4,7,0,0,-1,-4,2,3,1,-24,-2,-3,-6,1,-5,11,6,9,5,-2,11,2,3,-7,6,-7,-1,8,-1,-11,-5,1,-6,-3,-22,0,10,3,-9,12,1,4,-5,12,-9,-2,4,-17,-4,8,2,2,4,2,-2,-9,12,-2,-2,7,1,-13,4,0,0,1,6,-7,9,1,4,-15,-1,0,4,-5,0,3,7,1,-5,12,0,-9,8,-4,-5,-5,-1,-4,8,-1,-4,8,8,3,4,3,5,-1,-9,3,-1,2,-5,-2,5,3,1,6,-6,-1,1,-3,7,-2,-1,0,2,-13,20,16,2,1,-13,-1,-1,1,-3,-6,-6,2,-5,-8,-12,3,9,0,7,3,5,8,13,3,-4,-8,2,-12,10,15,6,19,1,7
13,-61.75999999999999091,1,8,-4,-8,-15,8,7,-5,13,-10,-8,3,5,8,-11,-3,0,12,-3,-6,0,-11,-6,-13,0,6,-1,-10,-2,-14,-5,-18,10,-16,26,-14,3,-11,1,9,-2,7,14,-8,-4,-15,-4,26,-13,-7,-1,-13,-4,-4,3,6,-1,-6,0,-8,5,-11,1,10,-6,2,5,4,6,-10,-1,-1,5,4,2,11,-1,5,-14,2,6,18,-2,-6,6,5,4,-3,5,-6,-3,-6,-2,-7,-7,-4,-11,-5,4,7,2,1,-1,-12,0,-13,2,-1,-1,-3,0,1,-2,1,0,7,-11,5,5,-5,11,-3,0,0,1,2,4,3,1,9,-5,11,-1,-1,-7,0,10,-3,9,-5,-4,-1,3,0,-1,1,6,-4,2,-6,4,-3,2,-2,-7,2,-22,-13,-8,-4,-15,0,-3,6,6,-1,4,-3,-6,2,-5,-7,-4,-4,3,-2,2,-5,9,-14,0,-8,-3,0,9,18,-4,-8,7,6,-16,2,11,4,5,-2,-1
14,-58.55999999999999517,-1,-3,-1,-3,-4,4,-10,3,4,6,-1,-13,0,5,6,-4,-9,13,-6,9,-5,20,-2,-2,3,-2,-3,18,7,-18,-16,2,-4,4,8,-13,0,9,3,13,-3,2,5,-9,-3,-8,-6,17,9,-1,-4,8,8,-8,4,1,3,-3,1,1,0,2,-9,-7,-5,-6,2,-2,-8,-1,-7,0,11,7,2,6,13,12,-4,-7,3,-22,-4,5,13,2,3,-5,0,0,-5,2,-7,1,-18,4,0,4,-3,2,-6,-1,-1,-8,-15,5,-2,9,-6,7,4,0,-6,-2,-8,-8,9,7,0,-6,-5,1,-5,4,-2,3,0,5,-8,-1,0,7,-7,-4,6,1,9,-2,0,0,15,0,1,7,2,0,1,2,-2,4,1,1,0,3,8,-3,7,3,2,-11,3,4,-10,25,6,3,3,-1,5,-2,-6,-10,-6,-2,-3,4,-2,5,1,5,5,0,9,2,-1,-16,-4,5,27,-5,-4,8,-28,-27,4,5,2
15,-55.35999999999999233,12,-6,-3,-6,-9,17,9,-7,-2,-5,-2,4,-1,3,12,13,-2,1,2,1,-19,10,6,1,-12,-3,-2,-7,1,-2,0,8,1,-12,5,7,-6,0,1,1,-2,-6,6,4,-1,11,-4,-9,-6,-14,11,-3,13,2,-9,4,-1,18,-12,-2,3,5,-7,7,2,2,9,-4,2,3,-11,1,5,-1,-4,3,-1,4,18,-15,13,-2,-5,-1,-8,-14,3,-2,-7,2,-4,-8,3,-2,3,-1,-2,-7,6,-6,-6,-6,-2,-1,8,1,5,1,2,4,-9,8,19,3,-1,2,1,7,2,0,1,3,2,-10,3,1,-10,1,10,1,-1,6,-2,0,0,12,6,8,4,6,2,0,3,4,-1,-5,1,2,3,4,-5,1,-1,4,-1,-2,24,1,-1,27,-6,-5,0,6,-2,1,-9,-1,-14,-6,6,9,-3,-7,1,15,2,13,-4,1,7,3,-3,0,3,2,6,14,-5,4,10,-31,6,10,5,-17,-8
16,-52.15999999999999659,7,-4,4,5,7,8,2,12,8,-7,-5,-5,5,1,-10,7,-3,-4,-4,-11,5,8,-1,-2,6,-2,-7,4,-7,3,20,11,-11,20,17,-1,2,3,-7,0,3,-6,-4,6,4,5,0,14,6,7,1,5,-3,12,-12,-6,0,-6,0,4,-6,3,3,2,-17,-15,-18,-1,0,8,-7,10,-7,2,-6,-3,0,5,3,2,0,-6,2,6,-2,6,-6,1,3,-12,-7,-2,0,-12,-13,7,3,-2,0,2,2,20,-10,3,0,-2,-5,1,1,6,1,-5,-11,0,-7,1,-15,-4,4,0,8,-4,4,-4,5,-1,5,6,-3,-14,-2,2,-4,1,-4,-1,4,2,-10,-1,-20,-4,2,-2,-8,0,-5,-2,3,-9,-3,1,6,2,3,9,-2,-3,1,-7,-4,-10,10,8,3,-2,2,2,3,-5,-10,-1,5,13,-12,4,0,11,1,3,-4,1,-2,6,-2,10,1,-13,-17,3,-11,6,3,-2,4,-13,1
17,-48.95999999999999375,6,5,-8,4,10,-17,0,-10,-8,2,-1,1,-3,10,7,20,-15,3,4,8,-7,3,1,-10,-5,-1,-4,-2,1,-10,-10,6,0,-15,-1,9,-6,-6,9,-9,-5,8,-6,10,11,-11,-2,-5,-4,-1,5,-9,2,-3,10,1,13,-6,-3,-2,-6,6,-8,-3,-21,-10,1,2,-9,5,5,-7,16,-9,-13,-6,-12,-1,-6,-7,-5,4,1,-1,4,11,-6,-3,-7,6,3,-2,-1,-18,1,2,-5,0,8,3,-6,-5,6,1,6,4,7,-9,-2,-4,-5,1,-6,-4,8,5,-14,-2,6,-8,-5,4,-11,2,-15,-2,-1,-6,3,0,5,-4,-1,4,0,-12,-10,-7,9,2,-4,-5,-7,-1,2,2,1,1,1,-4,4,1,-7,1,-13,-1,-2,22,0,17,-6,-1,0,9,-1,-6,10,-7,8,2,6,3,-3,-4,0,12,0,2,0,6,14,3,3,-4,-11,4,13,4,-3,0,23,1,-5,7,1,-8,-10
18,-45.75999999999999091,6,1,-15,-12,2,-5,-12,6,-3,3,3,1,-4,0,-2,1,6,-6,3,8,10,-11,5,2,15,2,-4,12,-8,-10,-14,-5,-6,-20,-11,10,-2,1,0,4,-1,-9,-4,1,0,-3,5,-8,-4,-1,5,8,3,6,6,-1,6,3,4,0,1,3,3,1,-8,-7,-4,-3,11,4,7,1,-3,-11,-3,3,0,11,-4,10,2,-18,-3,-4,-15,11,10,-7,-21,7,11,-1,5,-3,-3,-6,2,4,-1,6,-3,12,1,-8,-6,-4,5,-4,-5,0,1,-3,-6,4,-9,9,1,-11,3,-1,5,-1,-4,0,10,9,-14,-5,1,3,-7,-4,-2,-3,4,0,-2,5,-5,-4,0,-4,-5,-3,5,-1,4,0,-4,3,1,0,-6,6,-2,1,-19,12,-5,-4,7,-3,-9,5,3,-6,2,5,-11,5,13,-2,-5,12,6,1,-8,-5,0,3,6,-5,-5,-9,-4,8,7,-2,11,10,4,-6,4,0,-5,-8,-3
19,-42.55999999999999517,-5,13,5,5,-15,13,9,-11,-2,5,-1,0,5,1,0,-8,-14,-3,5,1,11,-12,-8,-2,-13,-10,7,1,-19,3,-12,6,5,-11,6,-1,-7,4,3,-5,12,-18,-1,-3,14,10,-1,-4,-8,-3,5,-3,-2,3,-7,-17,2,-1,1,13,4,-9,-12,-7,18,-4,5,-1,-13,4,1,-1,-8,0,4,-4,-1,-11,9,9,-11,-5,-11,0,2,-10,2,-18,14,-4,4,1,4,-4,4,-2,-10,-9,-3,-9,1,-3,-5,-2,-4,-5,-6,1,9,-6,8,8,-2,4,-1,2,1,-2,4,-4,-3,1,-2,-3,-4,6,3,1,-3,-3,-1,1,-4,-2,-2,1,-6,-4,-18,4,-2,-3,7,6,-9,-4,-7,-1,-1,-2,-8,2,-2,-3,-7,-11,9,-1,-6,-5,8,7,-3,14,-5,-9,-15,-1,4,-4,-3,-10,-14,-12,-3,-4,3,-12,-6,-8,-14,6,2,-6,-20,11,-13,-16,5,-10,0,-5,-21,-18,-14,-5,-14
20,-39.35999999999999233,-99,-88,-63,-77,-67,-104,-128,-153,-153,-72,-83,-104,-95,-90,-86,-143,-112,-66,-89,-94,-92,-101,-98,-83,-100,-96,-87,-71,-78,-81,-86,-77,-98,-89,-136,-102,-80,-77,-79,-92,-81,-107,-149,-98,-67,-55,-57,-113,-117,-86,-58,-62,-131,-90,-115,-120,-112,-104,-126,-157,-159,-159,-202,-135,-141,-73,-98,-58,-56,-56,-74,-75,-90,-87,-73,-102,-104,-125,-83,-100,-111,-102,-76,-84,-55,-102,-87,-100,-71,-64,-66,-102,-113,-75,-144,-134,-133,-229,-169,-160,-142,-124,-127,-107,-109,-66,-150,-133,-152,-131,-157,-158,-182,-134,-82,-71,-114,-82,-59,-89,-72,-63,-138,-140,-183,-87,-95,-78,-75,-81,-83,-91,-88,-85,-110,-145,-122,-120,-91,-107,-133,-144,-93,-110,-105,-113,-108,-138,-132,-141,-138,-107,-112,-91,-101,-95,-103,-76,-71,-114,-125,-61,-81,-135,-157,-122,-79,-160,-109,-115,-73,-117,-98,-136,-55,-98,-125,-124,-125,-105,-150,-98,-93,-126,-101,-97,-88,-102,-108,-85,-142,-140,-155,-169,-139,-166,-129
21,-36.15999999999998948,-798,-595,-500,-611,-450,-667,-1015,-1281,-1113,-629,-618,-726,-747,-742,-663,-937,-903,-523,-530,-595,-608,-761,-782,-686,-719,-664,-638,-506,-520,-601,-631,-655,-744,-733,-1111,-593,-606,-586,-545,-559,-653,-763,-1107,-753,-477,-445,-457,-782,-820,-590,-402,-499,-1348,-933,-1192,-1195,-733,-649,-1035,-1281,-1255,-1440,-1512,-1385,-997,-601,-723,-476,-443,-425,-541,-513,-634,-683,-428,-721,-754,-1022,-581,-683,-806,-708,-624,-690,-424,-1001,-623,-943,-548,-468,-555,-715,-735,-467,-1217,-1301,-1043,-1537,-1399,-1426,-1318,-861,-1149,-980,-1013,-827,-1408,-1163,-1382,-1344,-1240,-1387,-1499,-1358,-646,-529,-716,-513,-491,-655,-645,-513,-1230,-1256,-1217,-687,-683,-568,-589,-665,-707,-771,-944,-673,-938,-1307,-1292,-1113,-716,-902,-1311,-1269,-779,-879,-937,-863,-850,-1067,-1030,-1200,-1197,-861,-818,-685,-864,-620,-700,-620,-670,-1097,-1034,-475,-692,-990,-1356,-949,-601,-1032,-858,-993,-854,-903,-868,-1087,-418,-743,-1079,-1098,-1272,-987,-1367,-959,-925,-1055,-799,-844,-599,-790,-632,-668,-1029,-890,-1298,-1242,-1112,-1176,-902
22,-32.95999999999999375,-2112,-1906,-1790,-1927,-1752,-1989,-2322,-2586,-2436,-1939,-1930,-2029,-2060,-2043,-1971,-2243,-2213,-1824,-1824,-1891,-1931,-2076,-2088,-1984,-2030,-1968,-1946,-1799,-1800,-1896,-1942,-1961,-2048,-2036,-2416,-1894,-1916,-1905,-1875,-1878,-1956,-2062,-2421,-2065,-1796,-1753,-1781,-2107,-2123,-1898,-1704,-1820,-2643,-2241,-2483,-2521,-2050,-1977,-2351,-2605,-2569,-2751,-2826,-2692,-2307,-1885,-2024,-1790,-1756,-1726,-1841,-1811,-1949,-1991,-1744,-2039,-2067,-2318,-1890,-2008,-2123,-2003,-1948,-1996,-1730,-2312,-1941,-2257,-1860,-1781,-1897,-2016,-2046,-1768,-2524,-2610,-2348,-2849,-2714,-2730,-2616,-2181,-2446,-2289,-2305,-2152,-2708,-2463,-2670,-2651,-2569,-2702,-2794,-2656,-1950,-1826,-2010,-1806,-1825,-1977,-1958,-1820,-2540,-2576,-2525,-1996,-1991,-1868,-1901,-1964,-2018,-2077,-2253,-1979,-2244,-2608,-2586,-2410,-2027,-2199,-2615,-2582,-2088,-2183,-2247,-2174,-2152,-2373,-2333,-2511,-2502,-2170,-2124,-2002,-2164,-1935,-2002,-1911,-1973,-2401,-2330,-1779,-1999,-2286,-2666,-2272,-1911,-2348,-2162,-2298,-2162,-2203,-2174,-2376,-1725,-2060,-2380,-2395,-2585,-2286,-2671,-2263,-2237,-2358,-2108,-2145,-1914,-2091,-1931,-1963,-2310,-2207,-2579,-2559,-2422,-2484,-2194
23,-29.75999999999999091,-3427,-3215,-3111,-3228,-3086,-3289,-3626,-3893,-3747,-3247,-3242,-3329,-3367,-3342,-3295,-3531,-3533,-3138,-3141,-3199,-3235,-3397,-3393,-3303,-3328,-3275,-3256,-3117,-3138,-3233,-3264,-3280,-3362,-3335,-3723,-3211,-3211,-3218,-3180,-3181,-3267,-3405,-3724,-3380,-3103,-3058,-3084,-3418,-3427,-3209,-3015,-3123,-3995,-3566,-3780,-3825,-3351,-3264,-3648,-3912,-3880,-4062,-4127,-4008,-3597,-3220,-3335,-3087,-3071,-3041,-3154,-3118,-3256,-3306,-3050,-3331,-3377,-3620,-3196,-3305,-3448,-3321,-3231,-3304,-3037,-3623,-3241,-3573,-3181,-3080,-3190,-3322,-3365,-3093,-3840,-3911,-3642,-4149,-4023,-4040,-3935,-3472,-3753,-3591,-3620,-3445,-4024,-3775,-3986,-3956,-3867,-4004,-4100,-3973,-3260,-3150,-3307,-3110,-3123,-3290,-3270,-3129,-3854,-3857,-3842,-3319,-3300,-3180,-3209,-3269,-3326,-3377,-3563,-3300,-3555,-3907,-3891,-3713,-3330,-3517,-3914,-3883,-3392,-3480,-3553,-3479,-3458,-3675,-3646,-3821,-3803,-3474,-3435,-3297,-3477,-3242,-3304,-3222,-3286,-3707,-3632,-3088,-3305,-3581,-3963,-3562,-3216,-3659,-3469,-3605,-3466,-3519,-3487,-3694,-3033,-3361,-3682,-3709,-3882,-3602,-3968,-3563,-3538,-3661,-3420,-3452,-3218,-3395,-3265,-3239,-3638,-3500,-3919,-3868,-3734,-3810,-3519
24,-26.55999999999999162,-4733,-4531,-4426,-4525,-4369,-4614,-4935,-5220,-5050,-4561,-4555,-4642,-4680,-4668,-4606,-4854,-4829,-4443,-4443,-4514,-4560,-4706,-4703,-4618,-4671,-4608,-4579,-4436,-4452,-4543,-4571,-4592,-4658,-4637,-5021,-4531,-4527,-4515,-4487,-4492,-4571,-4705,-5046,-4690,-4410,-4372,-4400,-4718,-4733,-4514,-4327,-4421,-5272,-4871,-5095,-5138,-4654,-4581,-4967,-5213,-5157,-5375,-5447,-5314,-4916,-4517,-4631,-4406,-4371,-4354,-4466,-4430,-4556,-4609,-4356,-4650,-4674,-4944,-4501,-4609,-4736,-4622,-4551,-4616,-4353,-4929,-4548,-4887,-4472,-4386,-4502,-4633,-4665,-4392,-5137,-5227,-4969,-5471,-5329,-5333,-5245,-4776,-5060,-4908,-4933,-4761,-5337,-5080,-5285,-5265,-5180,-5313,-5413,-5274,-4566,-4452,-4638,-4411,-4431,-4598,-4578,-4434,-5163,-5161,-5147,-4605,-4619,-4490,-4518,-4574,-4636,-4689,-4867,-4603,-4855,-5224,-5199,-5026,-4636,-4824,-5227,-5193,-4704,-4800,-4861,-4778,-4759,-4984,-4940,-5123,-5121,-4782,-4736,-4610,-4799,-4552,-4612,-4518,-4594,-5061,-4948,-4387,-4614,-4893,-5271,-4874,-4521,-4963,-4773,-4916,-4771,-4823,-4793,-5001,-4339,-4664,-4987,-5017,-5187,-4903,-5277,-4876,-4854,-4972,-4721,-4776,-4522,-4694,-4558,-4555,-4927,-4801,-5203,-5160,-5050,-5074,-4811
25,-23.35999999999999233,-6041,-5837,-5740,-5852,-5692,-5918,-6264,-6518,-6370,-5870,-5856,-5949,-5988,-5980,-5907,-6164,-6140,-5766,-5773,-5836,-5851,-5989,-6023,-5915,-5963,-5898,-5864,-5741,-5761,-5834,-5872,-5883,-5971,-5957,-6350,-5811,-5836,-5807,-5796,-5807,-5890,-6016,-5858,-5977,-5720,-5688,-5709,-6036,-6068,-5838,-5633,-5731,-6592,-6182,-6409,-6456,-5970,-5896,-6275,-6543,-6506,-6683,-6759,-6614,-6214,-5835,-5938,-5718,-5691,-5663,-5775,-5735,-5864,-5911,-5654,-5944,-5995,-6260,-5815,-5924,-6055,-5937,-5857,-5926,-5661,-6251,-5854,-6194,-5794,-5708,-5815,-5962,-5971,-5698,-6460,-6536,-6283,-6758,-6630,-6652,-6544,-6085,-6376,-6213,-6251,-6068,-6638,-6399,-6589,-6578,-6485,-6620,-6735,-6592,-5878,-5768,-5933,-5737,-5750,-5903,-5886,-5740,-6479,-6486,-6459,-5940,-5919,-5809,-5818,-5886,-5947,-5996,-6178,-5898,-6169,-6521,-6507,-6328,-5940,-6121,-6521,-6496,-6011,-6096,-6162,-6093,-6070,-6294,-6256,-6430,-6431,-6086,-6048,-5921,-6087,-5854,-5915,-5842,-5901,-6358,-6243,-5704,-5926,-6197,-6576,-6180,-5833,-6276,-6091,-6208,-6073,-6133,-6096,-6323,-5648,-5968,-6299,-6325,-6507,-6207,-6588,-6179,-6160,-6278,-6036,-6072,-5836,-6013,-5873,-5880,-6259,-6126,-6532,-6478,-6347,-6400,-6141
26,-20.15999999999999304,-4763,-4535,-4439,-4555,-6693,-4619,-4955,-5244,-5087,-4587,-4577,-4658,-4715,-4687,-4606,-4860,-4843,-4457,-4476,-4543,-4553,-4710,-4720,-4641,-4670,-4608,-4594,-4450,-4465,-4556,-4577,-4610,-4698,-4671,-5039,-4538,-4533,-4534,-4501,-4510,-4604,-4712,-4545,-4689,-4428,-4394,-4413,-4715,-4762,-4544,-5701,-4466,-5313,-4895,-5123,-5159,-4682,-4604,-4980,-5236,-5198,-5398,-5467,-5345,-4929,-7077,-4980,-6138,-6834,-4375,-4487,-4451,-4573,-4620,-4360,-4649,-4699,-4951,-4525,-4643,-4765,-4636,-4560,-4641,-4356,-4938,-4569,-4883,-4509,-4406,-4503,-4661,-4673,-7020,-5165,-5244,-4989,-5473,-5340,-5359,-5248,-4793,-5066,-5035,-4986,-7377,-5350,-5103,-7768,-7274,-5190,-5334,-5424,-5300,-4583,-4480,-4637,-4435,-4452,-4605,-4587,-4742,-5177,-5194,-5148,-4631,-4626,-4489,-4528,-4593,-4651,-4699,-4879,-4599,-4875,-5231,-5200,-5044,-4649,-4826,-5231,-5194,-4707,-4805,-4868,-4792,-4769,-4995,-4961,-5141,-5133,-4791,-4750,-4625,-4803,-4558,-4615,-4539,-4608,-5024,-4953,-4403,-4632,-4900,-5281,-4883,-4549,-4996,-4784,-4927,-4780,-4808,-4797,-5031,-4356,-4672,-5003,-5022,-5190,-4911,-5296,-4874,-4863,-4979,-4740,-4783,-4542,-4714,-4563,-4597,-4918,-4827,-5222,-5170,-5045,-5117,-4823
27,-16.95999999999999019,-3442,-3227,-3132,-3250,-5386,-3302,-3641,-3918,-3770,-3274,-3255,-3356,-3386,-3361,-3310,-3565,-3550,-3159,-3160,-3224,-3256,-3403,-3425,-3322,-3363,-3288,-3271,-3128,-3151,-3237,-3267,-3293,-3367,-3350,-3716,-3221,-3229,-3222,-3195,-3205,-3295,-3399,-3227,-3388,-3112,-3081,-3105,-3399,-3439,-3227,-4394,-3139,-4008,-3578,-3817,-3862,-3380,-3285,-3667,-3924,-3895,-4093,-4161,-4020,-3618,-5768,-3647,-4815,-5529,-3074,-3166,-3131,-3266,-3319,-3056,-3347,-3388,-3639,-3210,-3329,-3449,-3331,-3251,-3326,-3046,-3637,-3242,-3593,-3176,-3093,-3200,-3345,-3366,-5691,-3834,-3939,-3673,-4160,-4025,-4040,-3936,-3482,-3761,-3729,-3670,-6082,-4028,-3786,-6446,-5970,-3886,-4012,-4131,-3983,-3275,-3167,-3327,-3117,-3145,-3310,-3282,-3431,-3872,-3880,-3848,-3319,-3327,-3193,-3216,-3284,-3330,-3383,-3565,-3297,-3566,-3915,-3890,-3723,-3333,-3515,-3920,-3884,-3383,-3491,-3552,-3488,-3465,-3678,-3640,-3813,-3818,-3469,-3429,-3300,-3479,-3251,-3321,-3224,-3292,-3724,-3639,-3087,-3317,-3583,-3950,-3567,-3225,-3679,-3470,-3611,-3466,-3527,-3484,-3696,-3046,-3357,-3684,-3708,-3882,-3601,-3982,-3575,-3545,-3673,-3430,-3444,-3212,-3432,-3248,-3272,-3628,-3497,-3939,-3847,-3725,-3805,-3531
28,-13.75999999999999091,-2136,-1913,-1817,-1935,-4069,-1997,-2320,-2598,-2459,-1954,-1948,-2045,-2065,-2041,-1984,-2244,-2232,-1844,-1848,-1906,-1935,-2091,-2095,-2008,-2047,-1984,-1954,-1821,-1836,-1944,-1963,-1963,-2040,-2039,-2448,-1906,-1903,-1904,-1873,-1880,-1975,-2095,-1905,-2081,-1799,-1766,-1793,-2091,-2129,-1905,-3072,-1816,-2689,-2265,-2503,-2546,-2046,-1979,-2355,-2594,-2564,-2761,-2829,-2707,-2305,-4463,-2312,-3501,-4220,-1757,-1849,-1827,-1950,-1989,-1749,-2024,-2063,-2318,-1887,-2022,-2136,-2025,-1945,-2003,-1729,-2321,-1939,-2244,-1873,-1771,-1880,-2026,-2060,-4397,-2519,-2615,-2363,-2841,-2709,-2722,-2610,-2154,-2444,-2403,-2352,-4764,-2709,-2465,-5132,-4642,-2554,-2698,-2800,-2681,-1967,-1852,-2005,-1816,-1826,-1983,-1959,-2117,-2548,-2560,-2517,-2004,-1992,-1857,-1891,-1961,-2012,-2066,-2257,-1982,-2231,-2599,-2575,-2405,-2003,-2184,-2615,-2559,-2068,-2166,-2233,-2161,-2145,-2351,-2328,-2503,-2495,-2145,-2123,-1988,-2159,-1926,-1985,-1903,-1978,-2390,-2320,-1776,-1989,-2259,-2637,-2251,-1939,-2338,-2158,-2292,-2137,-2188,-2172,-2386,-1723,-2040,-2366,-2371,-2559,-2285,-2658,-2251,-2231,-2353,-2104,-2134,-1900,-2081,-1931,-1929,-2312,-2209,-2604,-2536,-2414,-2475,-2199
29,-10.55999999999999162,-810,-596,-497,-602,-2737,-669,-1017,-1287,-1136,-627,-619,-719,-738,-707,-672,-932,-911,-504,-515,-585,-620,-765,-776,-684,-724,-666,-632,-479,-499,-589,-634,-641,-720,-718,-1054,-585,-584,-556,-555,-563,-643,-770,-612,-745,-463,-444,-467,-784,-811,-589,-1748,-497,-1368,-967,-1181,-1217,-728,-650,-1033,-1292,-1273,-1454,-1534,-1393,-980,-3120,-994,-2177,-2885,-428,-536,-491,-618,-664,-414,-702,-743,-999,-559,-675,-789,-704,-608,-683,-413,-992,-620,-938,-537,-456,-559,-705,-734,-3066,-1223,-1292,-1041,-1540,-1394,-1405,-1303,-855,-1127,-1075,-1025,-3422,-1389,-1146,-3809,-3332,-1242,-1370,-1487,-1333,-622,-514,-691,-489,-501,-656,-631,-796,-1229,-1232,-1229,-691,-671,-533,-561,-624,-691,-730,-910,-635,-908,-1273,-1239,-1075,-682,-870,-1280,-1248,-734,-835,-905,-838,-812,-1041,-1002,-1183,-1172,-825,-788,-656,-834,-606,-664,-583,-647,-1079,-978,-437,-682,-930,-1307,-928,-580,-1018,-841,-966,-811,-883,-840,-1058,-394,-713,-1041,-1065,-1242,-948,-1337,-921,-891,-1033,-774,-822,-553,-756,-586,-622,-961,-874,-1273,-1216,-1086,-1175,-876
30,-7.359999999999991438,457,674,783,666,-1462,589,261,-13,128,651,648,550,-69,331,612,-84,352,730,756,649,-289,-1508,-1249,-440,-1969,-1843,639,795,765,683,7,614,550,551,-2099,331,648,684,716,708,-130,-2105,-1954,-957,800,821,812,-821,439,666,-462,784,-94,334,88,57,449,387,-1278,-484,-140,-195,-245,-129,270,-1873,270,-897,-1608,840,744,787,-688,-2021,-1758,-1963,-1975,-2357,706,193,-456,-2063,600,-145,863,-289,683,320,738,821,720,574,542,-1774,65,-13,248,-261,-95,-138,-30,418,142,180,233,-2166,-132,111,-2562,-2067,25,-111,-200,-69,638,761,589,785,765,609,635,497,34,16,68,589,612,731,-98,-737,-1999,524,348,637,354,-2634,-2399,204,590,412,-2634,-2597,519,433,366,434,462,231,-723,-2535,-2515,265,415,574,447,696,596,485,623,201,280,822,608,335,-56,351,704,258,113,304,465,415,430,-1797,876,556,224,208,22,311,-71,336,356,250,485,454,703,518,676,660,-990,402,21,-1192,174,121,399
31,-4.15999999999999126,-638,-590,-502,-608,-2748,-671,-869,-1191,-1084,-656,-650,-705,-1337,-952,-667,-1320,-877,-507,-525,-592,-1549,-2765,-2486,-1713,-3254,-3103,-632,-492,69,-601,-1247,-635,-692,-712,-3239,-968,-616,-568,-562,-554,-1416,-3367,-3136,-2217,-489,-452,-469,-2051,-795,-599,60,-526,-1281,-889,-1108,-1156,-819,-886,-2507,-1666,-1327,-1368,-1400,1255,1643,-563,1617,-1293,-1429,1224,-527,-493,-1959,-3287,-3048,-3203,-3221,-3558,-570,-1067,-1702,-3303,-697,-1423,-434,-1489,-605,-879,-327,-453,-555,-694,-698,-2680,-1109,-1158,-980,-1214,-1270,-510,-1221,-412,-967,1478,1201,-822,-1328,-1129,-1144,-2172,-1106,-147,-1313,-1254,-644,-546,-657,-537,-529,-677,-667,-813,-1182,-1158,-1117,-691,-665,-561,-1407,-2015,-3267,-753,-934,1065,-917,-3839,-3592,1604,1953,1791,-3822,-3790,419,1795,834,1826,1845,-448,-1931,-3730,-3707,-984,-834,-679,-801,-551,-666,-780,-670,-1055,-941,-436,1959,1750,-105,1745,2030,1675,-1121,660,-772,804,494,-2976,2204,1909,1611,414,1437,1694,1376,1723,1747,1677,1868,1818,2052,1922,2052,765,-2218,-817,-1167,-2370,1635,-956,1
32,-0.9599999999999909717,423,317,11,135,-2402,496,917,1193,1180,-36,200,514,-536,122,448,706,954,-173,157,402,-723,-1562,-1479,-685,-2058,-2047,174,-134,545,174,-371,203,235,180,-1481,-197,201,279,-87,374,-569,-2421,-970,-1251,-85,-113,-137,-621,727,91,-122,-338,713,113,428,490,341,183,-866,1027,994,1409,2225,3200,4001,-102,2771,-1150,-1297,1301,191,-59,-1170,-2544,-2539,-1901,-1982,-1928,130,-98,-475,-2253,-158,-477,-350,-358,-51,451,239,-123,-120,219,585,-2249,731,689,794,2569,1234,1854,821,1192,938,2833,2791,-54,959,772,1239,-299,1033,2383,1637,687,209,-60,605,-155,-37,-40,-161,-567,1014,805,1969,308,526,202,-913,-1216,-2244,223,45,1864,446,-1594,-1878,4876,5579,5690,-1822,-1468,3206,5716,2288,3206,5700,1531,109,-1439,-1589,379,598,178,311,606,309,-159,-191,347,523,-178,5356,6130,2156,5951,5371,6531,1954,3682,1283,2422,1717,-915,4859,5534,5192,2372,5257,4564,4836,5439,5280,5896,5767,5362,3337,3422,3108,1853,-193,726,1283,-184,3628,1498,1682
33,2.240000000000009095,14366,9297,7361,9980,4277,11001,18563,24228,20656,10552,10157,11981,12654,12324,11031,15672,15976,8234,7886,9021,9044,11141,11933,10370,9669,8328,10456,7491,8457,9876,9823,10869,12759,12604,18262,9093,9469,9173,8895,8581,10028,11024,18216,11576,7145,6412,6947,12182,13948,9597,6249,7728,26399,17376,22460,23299,12224,10273,17560,23591,23576,27775,28602,29867,20128,10127,14461,6576,5746,7732,8211,7627,9043,9007,3230,9323,10450,16014,9293,11316,13424,9329,10583,10893,6066,18297,10425,17426,8938,6947,9275,12182,12409,4638,23255,25120,19140,28560,26932,28431,25497,15540,21597,20686,20905,15370,27435,21915,26603,25323,23884,27734,28604,26515,10761,8355,11514,7782,7682,11557,11188,7668,23520,24057,22040,11587,11449,8785,9075,9718,9584,13512,17897,13291,17325,22329,22394,25112,18158,22262,22706,21528,16852,21053,18819,18085,20348,20098,17607,19927,19922,15107,14099,11693,15604,9791,11693,9797,11791,21118,19077,7156,18996,23727,27248,22336,17698,26689,17559,22096,17976,17715,17002,17772,11432,18490,24376,21695,29362,22761,30622,23045,22630,26196,19379,20537,13419,15911,12755,11646,17091,15852,24414,22338,23306,21727,16776
34,5.440000000000009273,28158,28228,28320,28193,26093,28141,27928,27531,27698,28189,28193,28096,27465,27852,28132,27447,27897,28307,28287,28177,27253,26036,26303,27104,25569,25706,28179,28321,28901,28194,27531,28148,28061,28069,25454,27853,28174,28224,28260,28250,27388,25407,25590,26565,28329,28362,28340,26727,27964,28213,28899,28318,27462,27889,27648,27608,27992,27930,26269,27076,27423,27366,27292,30040,30425,28274,30405,27522,27389,30043,28265,28296,26817,25501,25743,25539,25528,25159,28209,27692,27036,25466,28117,27372,28374,27237,28173,27847,28455,28342,28228,28091,28067,26110,27580,27500,27764,27252,27387,28194,27490,28368,27781,30229,29952,27975,27376,27638,27583,26539,27588,28506,27295,27428,28142,28264,28095,28291,28279,28125,28143,27999,27555,27529,27577,28117,28089,28223,27389,26763,25496,28007,27823,29816,27827,24846,25075,31871,32767,32767,24837,24873,30954,32767,29544,30516,32767,28217,26756,24951,24952,27738,27878,28034,27912,28151,28074,27973,28102,27672,27745,28302,32767,32767,28552,32767,32767,32767,30224,31583,30327,29495,29208,25676,32767,32767,32070,29098,32129,32078,31463,32767,32767,32767,32767,32767,31572,30611,30759,29461,26495,27889,27492,26291,30278,27642,28723
35,8.64000000000000945,26848,26917,27010,28594,24783,26830,26617,26221,26387,26878,26882,26785,26156,26542,27816,27014,26588,26998,26977,26867,25943,24726,24993,25794,25776,25946,26868,27011,27592,26885,26222,26838,26752,26760,24144,26543,26953,26913,26949,26939,26079,25733,26885,27857,29621,28349,27030,25417,26654,26904,27590,27007,26152,26578,26337,27642,28593,26903,26817,26020,26607,26057,25982,28730,29116,26966,29096,26212,26079,28734,26956,26987,25508,26039,24761,24622,24325,26451,26900,26383,25728,25758,26808,28662,27622,28240,26863,27580,27147,27033,29040,29323,27005,24802,26783,26191,26454,25943,26078,26886,26182,27060,26473,28921,28644,26666,26068,26329,26276,25231,26280,27198,25987,26120,26834,26956,26786,26983,26970,26816,26834,26689,26247,26221,26268,26808,26782,26915,27249,26963,24637,26699,26516,28510,26521,23539,23768,30565,32589,32451,23530,23567,29649,31819,28237,29210,31852,26910,25449,23651,23645,26431,26571,26728,26604,26844,26766,26666,26795,26366,26438,26995,32767,32743,27246,31625,32767,32767,28918,30277,29021,28189,27901,24370,32284,32245,30764,27792,30822,30771,30156,31752,31782,32767,31901,31871,30265,29304,29452,28154,26689,26581,26185,24983,28971,26335,27416
36,11.84000000000001052,27097,28014,25700,29906,24432,27353,25307,27349,27639,27373,26642,25492,24846,25233,29054,28326,26426,25688,25667,27082,27236,26036,26292,27105,27088,27257,28158,27467,26281,25576,26473,27941,27151,26848,25455,26983,28265,28212,28244,28119,27365,27044,28197,29168,30932,29661,28201,26711,26549,27441,26280,28177,27446,27869,27630,28952,29903,28214,28128,27331,27918,27352,24672,27420,27808,25657,27787,24903,24769,27424,25646,28235,26808,27351,26073,25934,25632,27764,25887,25845,25868,27070,28121,29974,28935,29552,27235,28892,27657,26752,30352,30635,28317,25028,28095,27487,27750,27234,24770,25577,24874,25752,25165,27614,27337,25358,25050,25020,24967,23922,24971,25890,24679,26380,26815,25826,26097,28296,28282,27350,26492,25980,25510,24913,25861,28102,27098,27963,28562,28277,25950,25393,25209,27203,25214,22233,22461,29260,31283,31145,22224,22260,28343,30514,26931,27904,30546,25604,24142,24790,22409,25868,25264,25421,25297,25669,25734,26400,26187,25362,25131,25688,32302,31437,25939,30319,32767,32767,27611,28971,27714,26883,26594,23062,30977,30938,29458,26485,29516,29464,28850,30446,30475,31739,30594,30564,28958,27997,28145,26847,28002,27869,26673,23675,27664,25027,26108
37,15.04000000000000981,28408,29324,26995,31219,25744,28663,26603,28660,28949,28684,27953,26804,24917,23924,30068,29637,27738,24747,26646,28394,28546,27347,27604,28416,28398,28567,29469,28777,27479,26827,27785,29253,28464,28161,26767,28294,29576,29524,29555,29431,28677,28356,17187,30479,32244,30972,29512,28022,27861,28753,27436,29488,28757,29180,28941,30263,31214,29524,29439,28643,29230,28664,25984,26110,27878,24348,26902,26183,26058,28719,26944,29547,28120,28663,27386,27247,26945,29076,25293,25258,25709,28383,29434,31286,30247,30864,28548,30204,28970,28065,31664,31947,29629,26341,29407,28799,29062,28547,26083,26872,26171,27048,26450,26824,28086,24160,26363,26333,23660,22643,24745,24984,25992,27693,28128,27139,27409,29609,29594,28662,27804,27292,26823,26205,27174,29414,28412,29276,29876,29591,27264,25918,23907,25896,23908,20926,21155,27954,29977,29839,20918,20954,27037,29208,25624,26598,29241,24298,24547,26105,23261,26651,25080,26459,26611,26983,27035,26805,27143,26675,25383,24381,30996,30131,24633,29013,32094,31574,26305,27665,26408,25577,25287,21755,29670,29632,28152,25179,28210,28158,27543,29139,29168,30432,29288,29256,27651,26690,26838,25541,29317,29183,27987,24980,26384,23721,24801
38,18.24000000000000909,-32767,-32767,-32767,-32587,19464,-32767,-32767,-32767,-32767,-32767,-32767,-32767,-32767,-32767,-32767,-32767,-32767,-32767,-32767,-32767,-32767,-32767,-32767,-32767,-32767,-32767,-32767,-32767,-32767,-32767,-32767,-32767,-32767,-32767,-32767,-32767,-32767,-32767,-32767,-32767,-32767,-32767,-32767,-32767,-31557,-32767,-32767,-32767,-32767,-32767,-2468,-32767,-32767,-32767,-32767,-32767,-32537,-32767,-32767,-32767,-32767,-32767,-32767,-32767,-32767,24161,-29531,5128,23415,-32767,-32767,-32767,-32767,-32767,-32767,-32767,-32767,-32767,-32767,-32767,-32767,-32767,-32767,-32466,-32767,-32767,-32767,-32767,-32767,-32767,-32099,-31812,-32767,27653,-32767,-32767,-32767,-32767,-32767,-32767,-32767,-32767,-32767,-32767,-32767,25472,-32767,-32767,20267,8956,-32767,-32767,-32767,-32767,-32767,-32767,-32767,-32767,-32767,-32767,-32767,-29078,-32767,-32767,-32767,-32767,-32767,-32767,-32767,-32767,-32767,-32767,-32767,-32767,-32767,-32767,-32767,-32767,-32767,-32767,-32767,-32767,-32767,-32767,-32767,-32767,-32767,-32767,-32767,-32767,-32767,-32767,-32767,-32767,-32767,-32767,-32767,-32767,-32767,-32767,-32767,-32767,-32767,-32767,-32767,-32767,-32767,-32767,-32767,-32767,-32767,-32767,-32767,-32767,-32767,-32767,-32767,-32767,-32767,-32767,-32767,-32767,-32767,-32767,-32767,-32767,-32767,-32767,-32767,-32767,-32767,-32767,-32767,-32767,-32767,-32767,-32767
39,21.44000000000001194,-32767,-32767,-32767,-31692,-32767,-32767,-32767,-32767,-32767,-32767,-32767,-32767,-32767,-32767,-32767,-32767,-32767,-32767,-32767,-32767,-32767,-32767,-32767,-32767,-32767,-32767,-32767,-32767,-32767,-32767,-32767,-32767,-32767,-32767,-32767,-32767,-32767,-32767,-32767,-32767,-32767,-32767,-32767,-32431,-30667,-31939,-32767,-32767,-32767,-32767,-32767,-32767,-32767,-32767,-32767,-32650,-31699,-32767,-32767,-32767,-32767,-32767,-32767,-32767,-32767,-32767,-32767,-32767,-32767,-32767,-32767,-32767,-32767,-32767,-32767,-32767,-32767,-32767,-32767,-32767,-32767,-32767,-32767,-31644,-32767,-32046,-32767,-32705,-32767,-32767,-31245,-30964,-32767,-32767,-32767,-32767,-32767,-32767,-32767,-32767,-32767,-32767,-32767,-32767,-32767,-32767,-32767,-32767,-32767,-32767,-32767,-32767,-32767,-32767,-32767,-32767,-32767,-32767,-32767,-32767,-32767,-32767,-32767,-32767,-32767,-32767,-32767,-32767,-32767,-32767,-32767,-32767,-32767,-32767,-32767,-32767,-32767,-32767,-32767,-32767,-32767,-32767,-32767,-32767,-32767,-32767,-32767,-32767,-32767,-32767,-32767,-32767,-32767,-32767,-32767,-32767,-32767,-32767,-32767,-32767,-32767,-32767,-32767,-32767,-32767,-32767,-32767,-32767,-32767,-32767,-32767,-32767,-32767,-32767,-32767,-32767,-32767,-32767,-32767,-32767,-32767,-32767,-32767,-32767,-32767,-32767,-32767,-32767,-32767,-32767,-32767,-32767,-32767,-32767,-32767,-32767,-32767
40,24.64000000000001123,-32767,-32278,-32767,-30381,-32767,-32767,-32767,-32767,-32654,-32767,-32767,-32767,-32767,-32767,-32767,-32767,-32767,-32767,-32767,-32767,-32767,-32767,-32767,-32767,-32767,-32767,-32132,-32767,-32767,-32767,-32767,-32346,-32767,-32767,-32767,-32767,-32022,-32075,-32046,-32170,-32767,-32767,-32092,-32078,-30997,-30940,-32087,-32767,-32767,-32767,-32767,-32115,-32767,-32424,-32662,-31340,-30389,-32078,-32162,-32767,-32371,-32767,-32767,-32767,-32767,-32767,-32767,-32767,-32767,-32767,-32767,-32051,-32767,-32767,-32767,-32767,-32767,-32767,-32767,-32767,-32767,-32767,-32767,-32767,-32767,-32182,-32767,-32767,-32626,-32767,-30163,-29652,-31969,-32767,-32190,-32767,-32537,-32767,-32767,-32767,-32767,-32767,-32767,-32767,-32767,-32767,-32767,-32767,-32767,-32767,-32767,-32767,-32767,-32767,-32767,-32767,-32767,-31987,-32004,-32767,-32767,-32767,-32767,-32767,-32767,-32185,-32767,-32319,-31717,-32002,-32767,-32767,-32767,-32767,-32767,-32767,-32767,-32767,-32767,-32767,-32767,-32767,-32767,-32767,-32767,-32767,-32767,-32767,-32767,-32767,-32767,-32767,-32767,-32767,-32767,-32767,-32767,-32767,-32767,-32767,-32767,-32767,-32767,-32767,-32767,-32767,-32767,-32767,-32767,-32767,-32767,-32767,-32767,-32767,-32767,-32767,-32767,-32767,-32767,-32767,-32767,-32767,-32767,-32767,-32767,-32767,-32767,-32767,-32767,-32767,-32767,-32767,-32767,-32767,-32767,-32767,-32767
41,27.84000000000001052,-31882,-31022,-32767,-29069,-32767,-31626,-32767,-31629,-31344,-31608,-32337,-32767,-32767,-32767,-32767,-32767,-32767,-32767,-32767,-31895,-31742,-32767,-32686,-31875,-31892,-32285,-30821,-31514,-32767,-32767,-32502,-31034,-31821,-32123,-32767,-31993,-30710,-30764,-31320,-30859,-31612,-31930,-32338,-32767,-31933,-32172,-30776,-32266,-32427,-31535,-32767,-30804,-31535,-31114,-31352,-30029,-30463,-30936,-30851,-31648,-31166,-31626,-32767,-32767,-32405,-32767,-32767,-32767,-32767,-31569,-32767,-30739,-32165,-32376,-32767,-32767,-32767,-32767,-32767,-32767,-32767,-32767,-32767,-32767,-32767,-32767,-32767,-32767,-31721,-32219,-30927,-29354,-30702,-32767,-30877,-31489,-31534,-31734,-32767,-32767,-32767,-32767,-32767,-32767,-32194,-32767,-32767,-32767,-32767,-32767,-32767,-32767,-32767,-32767,-32154,-32767,-32767,-30674,-30692,-31623,-32479,-32767,-32767,-32767,-32767,-30873,-31867,-31005,-30463,-30689,-32767,-32767,-32767,-32767,-32767,-32767,-32767,-32767,-32767,-32767,-32767,-32767,-32767,-32767,-32767,-32767,-32767,-32767,-32767,-32767,-32767,-32767,-32767,-32767,-32767,-32767,-32767,-32767,-32767,-32767,-32767,-32767,-32767,-32767,-32767,-32767,-32767,-32767,-32767,-32767,-32767,-32767,-32767,-32767,-32767,-32767,-32767,-32767,-32767,-32767,-32767,-32767,-32767,-32767,-32767,-32767,-32767,-32767,-32767,-32767,-32767,-32767,-32767,-32767,-32767,-32767,-32767
42,31.04000000000000981,-30570,-32332,-32767,-27736,-32767,-30894,-32375,-30336,-30626,-31674,-32565,-32174,-19307,-32676,-32767,-24624,-32767,-32767,-32331,-29693,-8147,16160,10516,-5262,31620,27816,-30373,-30201,-31500,-32146,-15277,-30005,-30560,-30810,24311,-21565,-28540,-29552,-32629,-30572,-11080,32767,32287,4226,-31661,-32767,-31583,1113,-30384,-30223,-31541,-29492,-31410,-30758,-30142,-30105,-29354,-25888,7324,-20050,-28456,-31176,-32767,-32767,-31092,-32767,-32069,-32767,-32767,-30257,-32030,-30238,1357,31849,32585,31120,30299,32767,-32767,-30948,-15934,32767,-32767,-17076,-32767,-20783,-32767,-32767,-31072,-31020,-32153,-30189,-29799,-32632,-30848,-31847,-32767,-31072,-32767,-32096,-32767,-31919,-32517,-32141,-30880,-32767,-32602,-32638,-32767,-32767,-32767,-32767,-32767,-32767,-31692,-31832,-31562,-29361,-28942,-30834,-31318,-31681,-32148,-32761,-32137,-30965,-31052,-30128,-10023,3912,30874,-32767,-32767,-32767,-32767,23787,16901,-32767,-32767,-32767,21509,20047,-32767,-32767,-32767,-32767,-32767,-32767,-16838,26028,23377,-32767,-32767,-32767,-32767,-32767,-32487,-27637,-31846,-32767,-32767,-32767,-32767,-32767,-32767,-32767,-32767,-32767,-32767,-32767,-32767,-32767,-32767,10389,-32767,-32767,-32767,-32767,-32767,-32767,-32767,-32767,-32593,-32298,-32767,-32497,-32767,-32767,-32767,-32767,-5069,-32767,-32767,-4519,-32576,-32767,-32767
43,34.24000000000000909,32010,31890,30945,32767,32467,32767,29401,32767,32767,32767,32176,32767,32706,28676,30258,29185,32034,31448,32767,32767,32505,29920,31469,32767,32767,31045,32767,32767,20353,32767,32767,32767,32767,32767,32767,32767,32767,32767,31593,32767,32767,32767,32102,32767,32767,32226,32640,32712,32767,32767,-10698,32767,32767,32767,32767,32767,32450,32360,32767,32767,32366,32767,32767,-31556,-29781,-32767,-30758,11409,-3280,-7169,32767,32767,32432,30578,32666,32767,32767,32767,27116,25768,27517,32767,32028,30361,29782,30075,28893,28983,29726,32767,32767,32767,32767,24627,32767,32377,31381,32767,32767,14150,32767,23903,31000,-29029,-19370,-32767,32767,32767,-32767,3180,31295,5117,32767,32767,32767,32767,32767,32767,32767,32767,32767,32767,32767,32767,32767,32767,32767,32767,32767,32767,32263,32767,31253,-11368,29793,24764,23272,-32767,-32767,-32767,22823,21361,-2304,-32767,-12931,-32767,-32767,8705,22723,24720,22069,24294,27869,30918,32767,32767,32767,32767,32767,32767,32767,31320,-32389,-32767,-2999,-32177,-31497,-32548,25371,-12673,29470,-11739,-2311,26795,-32767,-32767,-32767,-11884,-32767,-32509,-32725,-31790,-31280,-30985,-31551,-31184,-32767,-32767,-32767,-5168,28761,29319,29961,28397,-32317,30156,11395
44,37.44000000000001194,32767,31616,29635,32767,32767,32019,31246,32581,32287,32767,32159,32313,32563,29988,31422,29768,32767,32767,32767,32110,31195,28611,30160,32423,32644,30934,32543,32767,32767,32767,32767,32767,32767,32767,32767,32767,32767,32767,30283,32342,32767,32767,32698,32767,32767,32767,31333,31404,32767,32767,32767,32767,31677,32155,32767,32767,32386,31923,32767,32767,31059,32169,32767,32767,32767,32648,32767,32767,32375,32767,32655,32767,32468,30440,32767,32767,32767,32767,28430,27082,28832,32767,32767,31673,31094,30463,29345,29759,32767,32767,32767,32767,32767,32767,32389,31286,30074,31857,32767,32767,32767,32767,32767,32767,32767,32767,32348,32767,31814,31836,32767,32767,32767,32767,32767,32767,32767,32767,32767,32089,32125,32767,32767,32767,32255,32234,32767,32767,32767,32767,32593,32767,32307,32083,30291,25381,24580,-8691,-32767,-32575,24104,22679,-17297,-32595,29952,31161,-32767,20442,21824,24519,22753,24966,29149,32234,32767,32767,32767,32767,32767,32767,32767,32520,-31073,-32767,26497,-27929,-30182,-31230,-16196,-8574,340,30074,31650,28113,-31567,-32267,-12550,25127,-17864,-7879,-1724,-30474,-29964,-29667,-30235,-29869,13763,31285,29890,29412,30076,30301,28658,27094,31909,32234,32767
45,40.64000000000001478,32767,32213,30785,32767,32056,30808,30060,32200,32004,32767,32466,31305,31400,30842,32767,31215,32767,32767,32767,30979,30171,28084,29588,31726,32457,31318,32572,32767,32767,32767,32767,32767,32767,32767,32767,32767,32767,32767,30338,31549,32767,32767,32767,32767,32767,32767,31217,30431,32767,32767,32767,32767,31398,31338,32525,32767,32767,32481,32767,32767,30736,31859,32767,32767,32767,32090,32767,32323,31123,32058,31427,32767,32767,30853,32767,32767,32767,32767,29823,28487,30248,32767,32767,32767,32461,31462,30645,31180,32767,32767,32767,32767,32767,32767,31727,31073,29735,31105,32767,32767,32767,32767,32767,32767,32767,32767,32445,32767,32767,32767,32767,32767,32767,32767,32767,32767,32767,32767,32767,31619,31762,32767,32767,32113,32354,31990,32767,32767,32767,32767,32767,32767,32581,32619,30710,25968,25671,32669,18762,18033,25592,24142,29266,32767,29053,30848,29298,20771,22764,25978,24208,26389,30575,32767,32767,32767,32767,32767,32767,32767,32767,32767,-4906,6918,27394,32767,-28691,-27524,4861,9203,2319,30539,32562,29476,32767,27515,32767,26575,32767,32767,32767,32767,32767,2586,32767,32767,32767,32715,31301,30824,31526,31731,29736,26631,30738,31084,32767
46,43.84000000000001052,32767,32767,32516,32767,31131,30070,29633,32767,32767,32767,32767,31929,31359,30905,32767,32767,32767,32767,32767,32228,31350,29257,30253,31801,32767,32156,32767,32767,32767,32767,32767,32767,32767,32767,32767,32767,32767,32767,31632,32226,32767,32767,32767,32767,32767,32767,32109,30713,32767,32767,32767,32767,32680,31908,32767,32767,32767,32767,32767,32767,32173,32767,32767,32767,32767,32280,32767,32113,30977,32002,31354,32767,32767,31781,32767,32767,32767,32767,31177,30333,31534,32767,32767,32767,32767,32767,32505,32767,32767,32767,32767,32767,32767,32767,32658,32577,31444,32681,32767,32767,32767,32767,32767,32767,32767,32767,32767,32767,32767,32767,32767,32767,32767,32767,32767,32767,32767,32767,32767,32201,32639,32767,32767,32603,32767,32767,32767,32767,32767,32767,32767,32767,32767,32767,31913,27812,27468,32767,32767,32767,28012,26397,30194,32767,29347,31222,30175,23015,24967,28347,26576,28452,32593,32767,32767,32767,32767,32767,32767,32767,32767,32767,32767,32767,29911,32767,32767,32767,30174,31360,32767,31873,32767,31224,32767,32767,32767,28848,32767,32767,32767,32767,32767,32767,32767,32767,32767,32767,32767,32681,32767,32767,32182,28539,31102,30795,32767
47,47.04000000000001336,32767,32767,32767,-3035,31453,30070,29633,32767,32767,32767,32767,32767,32741,31432,10993,13995,32767,32767,32767,32767,32767,31870,32203,32767,-3499,-4948,32767,32767,32767,32767,32767,32767,32767,32767,32767,32767,32767,32767,32767,32767,32767,-1780,-27505,-26698,-24807,5078,32767,32324,32767,32767,32767,32767,32767,32767,32767,2232,-11522,28089,-11297,28082,22076,32767,32767,32767,32767,32767,32767,32767,32767,32767,32752,32767,32767,-12849,27536,27065,32767,-27844,32767,31811,32767,-1372,32767,-27391,22837,-21547,32767,9897,32767,32767,-16714,-25147,32203,32767,21793,32767,32767,32767,32767,32767,32767,32767,32767,32767,32767,32767,32767,32767,32767,32767,32767,32767,32767,32767,32767,32767,32767,32767,32767,32767,32767,32767,32767,32767,32767,32767,32767,32767,8485,-1171,23406,32767,32767,32767,32767,30223,29455,32767,32767,32767,29993,28063,31206,32767,31325,32767,32595,25637,27588,30790,29197,31074,32767,32767,32767,32767,32767,32767,32767,32767,32767,32767,32767,32767,32532,32767,32767,32767,32767,32767,32767,32767,32767,32767,32767,32767,32767,31469,32767,32767,32767,32767,32767,32767,32767,32767,32767,32767,32767,32767,-1187,32767,32767,31160,32767,30797,32767
48,50.24000000000000909,-1801,-22632,32767,-23176,9520,-15118,29633,-26915,-26810,-5482,10237,32767,32767,32288,-26084,-26978,12995,32767,32767,-659,-28490,-31042,-30454,-30477,-29668,-30170,-27634,-8131,32767,32767,98,-19157,-927,6425,-26950,-2632,-23490,-24923,-28304,-25860,-26528,-25275,-26035,-25375,-24402,-26685,-25085,-30622,7658,-5936,32767,-23379,-28909,-30286,-29740,-28654,-27877,-29159,-29280,-29472,-28483,-27412,32767,32767,32767,32767,32767,32767,32767,32767,32767,-26855,-28147,-30511,-28809,-27670,-26924,-26456,27261,13897,-1834,-25097,-24692,-25535,-26423,-26659,-4278,-26977,-2894,14940,-27828,-26154,-25767,-330,-28358,-27674,-28442,-27841,32767,32767,32767,32767,32767,32767,32767,32767,28289,32767,32767,32767,32767,32767,32767,1614,5629,32767,22616,-26385,-28196,-10547,11993,22021,22168,32767,14595,-28447,-1408,-18876,-26357,-27454,-29261,32767,32767,32767,32767,32478,31692,32767,32767,32767,31433,29298,32449,32767,32767,32767,32767,28258,30210,-27589,30053,15107,32767,32767,32767,32767,30493,11155,21387,31103,32767,32767,32767,32767,32767,32767,32767,32767,32767,32767,32767,32767,32767,32767,32767,32767,32767,32767,32767,32767,32767,32767,32767,32767,32767,32767,32767,32767,32767,32767,-27126,-25829,-7474,32767,32767,32324,32767
49,53.44000000000001194,-26669,-26124,-25477,-20555,-29405,-32411,-32767,-31492,-28264,-24485,-26185,-27961,1653,32767,-18386,-24389,-21290,32767,-17220,-25733,-26320,-28421,-28122,-27902,-27947,-28812,-26388,-27410,-24487,-24616,-24952,-22731,-22223,-22758,-25570,-23215,-22177,-23617,-26248,-26876,-25605,-24054,-24407,-23773,-23633,-25471,-26160,-28673,-26219,-24146,-19445,-25343,-27394,-28802,-28579,-27519,-26874,-28308,-28051,-27450,-25890,-25299,-26077,32767,6205,32767,29685,-25868,-27045,-26044,-28500,-26727,-26458,-28424,-27225,-26203,-25232,-24365,18642,16778,7441,-23333,-22829,-23870,-24326,-24038,-25167,-25164,-21025,-23021,-26180,-24750,-23849,-25065,-25736,-25469,-26239,-26122,-29325,-26503,-30364,-29405,-29610,23865,-14045,32767,-29063,-24677,32767,32767,11361,29582,-26986,-24284,-26282,-25691,-26129,-25001,-26510,-27916,-27497,-27032,-27923,-29287,-26632,-26856,-24279,-23905,-24999,-25668,-27327,-5268,32767,32767,32767,32767,32767,32767,32767,32767,32384,30761,32767,32767,32767,32767,32767,30879,-9968,-29676,-20100,-16784,10236,-19049,-26248,-26137,-26089,-3615,-15387,-24474,2206,32767,32767,32767,32767,32767,32767,32767,32767,32767,32767,32767,32767,32767,32767,32767,32767,32767,32767,32767,32767,32767,32767,32767,32767,32767,32767,32767,32767,32767,-25561,-24038,-25488,-28903,32767,32767,32767
50,56.64000000000001478,-26038,-25083,-24949,-18171,-26784,-29790,-32423,-30798,-28264,-24164,-24329,-25361,-27169,28601,14376,-22807,-19990,-3533,-24126,-24352,-24380,-26267,-25700,-25281,-25858,-27475,-24858,-25363,-25493,-24350,-23472,-21216,-20801,-21427,-24092,-21952,-20823,-22241,-24192,-24814,-23856,-22585,-23461,-22383,-22547,-24226,-24138,-26356,-24489,-23183,-22113,-23965,-25537,-26778,-26801,-26205,-26002,-27454,-26575,-25323,-23738,-23014,-24163,-22180,-22512,-23818,-22716,-24142,-25000,-23840,-26377,-24663,-24668,-26071,-25200,-24486,-23672,-22561,32767,32767,31575,-21583,-21083,-22497,-22482,-21834,-23299,-24063,-19304,-21040,-24344,-23017,-21726,-22603,-23405,-23103,-23805,-24103,-27800,-26974,-30050,-28884,-28881,-26636,-26170,-28268,-28073,-24311,1640,-25593,-26213,-25179,-25839,-23413,-24684,-24054,-24432,-23388,-24639,-25880,-25681,-25588,-26611,-27977,-25030,-24834,-21949,-22329,-23516,-23665,-25385,-23003,-11041,18491,2778,19567,32767,32767,32767,32767,32767,32767,32767,32767,32767,32767,32767,28883,-27234,-28528,-30921,-28845,-21442,-25007,-24879,-24831,-24550,-16448,-21879,-22015,-22128,-2663,32767,32767,32767,32767,32767,32767,32767,32767,32767,32767,32767,32767,32767,32767,32767,32767,32767,32767,32767,32767,32767,32767,32767,32767,32767,32767,32767,17178,-24067,-22245,-22910,-26509,-24385,-20378,-23556
51,59.84000000000001052,-28638,-27295,-26910,-20064,-24466,-29772,-32405,-30781,-30733,-26769,-25967,-25760,-27189,-10563,32767,-24777,-21904,-22201,-25528,-26345,-26810,-27842,-26954,-25681,-26156,-28507,-26246,-26121,-25950,-25119,-24520,-22502,-22074,-22734,-25204,-23194,-22151,-23716,-25252,-25617,-24682,-23589,-24852,-23828,-23657,-25527,-25284,-26936,-25301,-24868,-22415,-25284,-26464,-27443,-27547,-27305,-27519,-28931,-27467,-25901,-24910,-24016,-24714,-22939,-22996,-21847,-22430,-22658,-22537,-23859,-26452,-25129,-25739,-26441,-25578,-25106,-24821,-23929,31970,32767,32767,-22571,-22290,-23295,-619,-22811,-24749,-25662,-20340,-21701,-25005,-23735,-22411,-20501,-24188,-23949,-24323,-25063,-28930,-29245,-31477,-29719,-29398,-26929,-26641,-27063,-29611,-26402,-24096,-25146,-27897,-26950,-27032,-24408,-25519,-24724,-25135,-24224,-25382,-26692,-26700,-26508,-27672,-28483,-26170,-25419,-22387,-23316,-24492,-24316,-26272,-23766,-25272,-25312,-19874,2304,24769,32767,32767,32767,32767,32738,32767,32767,-3260,-6501,15928,-3296,-22002,-29211,-31906,-15674,-29401,-26137,-25385,-25935,-20738,-22749,-22190,-22435,-22816,-25210,32767,32767,32767,-10768,32767,32767,32767,32767,25253,19069,-17578,-21440,32767,32767,32767,32767,28813,-12025,-22065,-5829,-18051,5284,-10806,-22287,-4066,23809,32767,582,-25244,-23252,-23671,-26570,-24703,-27952,-26912
52,63.04000000000001336,-30678,-29917,-29022,-22656,-25010,-29772,-32405,-30781,-31141,-28644,-28167,-27210,-27337,-29959,24527,-2563,-23996,-24097,-27092,-28392,-29431,-29756,-28702,-27059,-26872,-29219,-27812,-27243,-26313,-25934,-25538,-23922,-23495,-23993,-26313,-24360,-23613,-25316,-26750,-26674,-25565,-24722,-26434,-1494,16450,-18904,-26809,-27843,-26128,-26331,-24137,-26652,-27667,-28273,-28305,-28271,-28745,-29980,-28138,-26805,-26702,-25780,-25338,-23536,-23794,-22519,-22739,-23095,-23010,-24538,-26926,-25730,-26872,-27507,-26070,-25566,-25820,-3664,-2954,18782,-129,-12985,11005,32767,32767,11893,-21373,19346,-21532,-22561,-20028,-24503,-23428,-21385,-25295,-25443,-25445,-26400,-30301,-30665,-32555,-30046,-29671,-27417,-27186,-28237,-31017,-28271,-26241,-26828,-29514,-28362,-27914,-24992,-26163,-25356,-25759,-25095,-26159,-27663,-27975,-27704,-28604,-29034,-27308,-26156,-23419,-24202,-25445,-25254,-27299,-24887,-26180,-25765,-26435,-17309,-7477,-8361,6655,-6315,-14395,19380,32767,-17514,-27958,-26578,-21316,-19636,714,2089,-5472,15675,-30688,-14138,-25826,-26798,-19499,-23983,-22911,-23472,-23914,-26456,-10439,30031,3449,-15164,-4329,8462,32767,32767,-20290,-24984,-23463,-27049,-22565,-15583,-10432,30991,-16603,-22993,-23547,-23775,-23591,-23924,-25564,-27190,-29114,-27482,-3891,8234,31007,-11344,-25013,-27548,-25615,-27952,-26912
53,66.24000000000000909,-31332,-31068,-31644,-25278,-26873,-29772,-32405,-30781,-31141,-29172,-30040,-29638,-28061,-29959,-884,32767,-16367,-25817,-28344,-29630,-31215,-30252,-30159,-28835,-28375,-15914,-29123,-28721,-26841,-26848,-26612,-25259,-24921,-25205,-27371,-25482,-25073,-26939,-13734,-27853,-26532,-26029,10911,26729,30606,32767,-28383,-29014,-27017,-27417,-25593,-27904,-29041,-29246,-29168,-29144,4910,-26356,-28735,-28014,-26116,-27802,-26151,-24204,-24818,-23901,-23715,-23899,-24114,-25803,-27954,-26628,-27996,-10343,-22811,-26116,-26582,-5205,-31087,-26151,-29769,-13848,22801,32767,32767,32767,32767,32767,-12739,-23734,25120,-61,-23368,-22250,-26596,-27250,-19387,-28108,-31697,-31239,-32767,-30241,-29909,-28112,-27954,-29302,-32268,-29858,-28134,-28414,-30853,-29320,-28647,-11749,-26704,-26171,-26504,-26112,-26928,-28619,-29308,-28843,-29457,-29645,-28372,-27187,-25099,-25161,-24943,-26538,-19717,-26172,-26988,-26099,-26704,-30674,-28337,-27247,-28505,-28054,-32767,-30519,-21953,-27223,-28512,-27404,-26899,-7860,30437,30897,30194,32173,-2765,1384,-11079,-17647,-23067,-24845,-23994,-25064,-25157,-27517,-24159,-17247,-18325,-21224,-23226,-23564,-542,3765,-26577,-26343,-24710,-27429,-23096,-24086,-22712,-6755,-24915,-24202,-25095,-25425,-24797,-24850,-26236,-27480,-29740,-28920,-28882,-2845,32767,32767,-10290,-29048,-26726,-28030,-26912
54,69.44000000000001194,-31332,31561,-1910,-27899,-29359,-16183,-32405,-30336,-16328,5279,7592,-32005,-29693,-30303,-14830,32767,16424,-27430,-29305,-24757,337,32767,3043,-20694,-8480,30526,-8114,-30325,-27892,-27881,-27771,-17274,-24864,-26384,-22063,-26568,-26420,-25951,32767,-3406,-27532,-25849,25873,9364,-740,32767,23220,-12636,-27996,-28207,-26670,-28970,-737,-6467,-27661,4679,32767,24956,-4414,-1970,19358,-7975,-27149,-25011,-25996,-25604,-25223,-25169,-25728,-27392,-29554,-6676,8821,32767,1869,-11351,-19874,-13168,-32009,-32311,-31227,-15167,4073,32767,20576,32767,32767,32767,-7763,-22269,32767,27301,-15073,-23188,3885,12604,32767,-13628,-32767,-31329,-32767,-30605,-30261,-29149,-29069,-30314,-32767,-31200,-29637,-29638,-31700,-30055,-29366,4629,-6107,-27175,-27507,-27170,-27656,-16411,-26802,-29886,-30348,-30373,-20894,6645,-14545,-15399,-6482,-8782,4003,-27376,-27720,-26597,-26357,-31322,-32767,-28522,-29122,-28479,-32767,-32767,-30654,-28003,-29604,-28508,-15705,29037,29463,31683,29917,31686,22678,2613,-12032,-9835,-19434,-24276,-24611,-12537,-26416,-28186,-25441,-28113,-32199,-25415,-24528,-24743,-29558,-24521,-27717,-28046,-26560,-28671,-24178,-24648,-26435,-18333,-25606,-25643,-26609,-26724,-26217,-25996,-27208,-28138,-30041,-30101,-30489,-24680,32767,32767,32767,15103,-28063,-28700,-27183
55,72.64000000000001478,-19828,31218,29208,-30475,-25452,32583,14753,32767,32767,14047,21469,-7055,-29167,-31477,-20423,21165,4821,-29190,-24482,32767,32767,32767,32767,25599,20833,28452,32767,2974,-29650,-27753,-11420,-8897,-17270,-20203,-5162,-26873,-25704,7995,32767,32767,-11598,-16450,8881,-9393,-25541,1133,32767,31427,-18125,-23747,-27475,-401,32767,32767,18750,25485,32767,32767,16194,10755,32767,27453,-9149,-25928,-27237,-27260,-26954,-26438,-21540,19906,-10256,27833,21924,32767,3794,-6541,-13936,-13945,-32130,-32767,-31794,-13731,-10699,-4805,-22125,20652,22179,20089,-12331,-2389,17861,4628,-16922,-24427,30618,32767,32767,32767,-32320,-31329,-32767,-31283,-30948,-30378,-30488,-31298,2046,-32300,-30654,-30479,-32168,-30606,-30090,-10345,-870,-28307,-28602,-28140,-4554,32767,20490,9587,-18986,-23694,15738,32767,2105,-7210,11553,5459,1099,-28299,-28487,-20234,-13249,-21146,-31707,-29621,-29644,-29038,-31760,-32301,-31240,-29031,-31021,-28831,10974,28094,30194,32767,32538,27318,7609,-15546,-27735,-15131,-14439,-24422,-19820,412,-27228,-28993,-26728,-29094,-32767,-24952,-25734,-26109,-31627,-30028,-28737,-29722,-28537,-28609,-25999,-25797,-26674,-31868,-26092,-26872,-27755,-27678,-27444,-27471,-28659,-28947,-30396,-30888,-31555,-30964,-7275,19404,32767,32767,-3224,-30062,-28434
56,75.84000000000001762,32767,7927,31109,13094,2271,32620,32767,32767,32767,7309,4622,32767,6488,-30822,-23790,-11510,-17829,-28303,24746,32767,32767,32767,32767,32767,23153,6238,32767,32767,2702,3055,8396,-3306,-9882,-9665,-3599,-11363,-14569,14672,32767,32767,7361,-8731,-9071,-16582,-27134,-21226,32767,32767,-783,3614,-27379,23886,31432,32767,32767,18154,5341,14320,17444,11406,32767,32767,5289,-24637,2024,-7061,134,17442,32767,32767,32767,22190,4420,8660,-6867,-8284,-397,-4701,-29512,-30887,-30207,-10362,-22121,-26395,-27287,-3736,-7021,-14743,-14138,4819,-2802,-13509,-8864,-11561,32743,30515,32767,32767,6948,-20350,-2029,-21748,-19956,-18405,32229,-20490,11902,-25390,-31284,-29472,-10602,-25121,-21532,-24691,-7234,-9765,-18291,-14281,17753,32767,32767,21077,14792,23106,19232,30000,2276,-5720,14461,12958,-2463,-2700,-20183,-2825,-6393,-10485,-29378,-30386,-30208,-29884,-29841,-30217,-30524,-30164,1866,-480,17192,29356,22681,9282,-14510,-15296,-27983,-26738,-26057,2423,2418,-19627,-3404,3540,-8118,-22080,-27961,-29867,-25076,-24987,-26918,-27597,-30304,-30053,-27307,-20957,-28825,-27895,-27990,-27308,-27633,-30908,-26549,-17931,-28611,-28783,-28552,-29192,-30419,-29930,-31089,-31345,-32197,-30767,-28445,-20199,32767,32767,32767,-19887,-28738
57,79.04000000000002046,32767,-8983,-25944,32767,32767,32767,32767,17197,15259,-2028,759,32497,32767,-15936,-25723,-28188,-26926,-26930,17386,32767,32767,20664,21385,24759,13627,-2178,6242,32767,20120,16991,5547,-270,-5784,-6641,-5252,-4107,-6547,2347,5375,27705,11766,-598,-14606,-15914,-24410,-22504,9921,32261,11053,6638,-15225,17345,15134,27766,29138,10238,-11717,-6561,15127,16407,16091,17265,5432,-639,23629,21090,32767,32767,32767,32767,32767,3735,-3621,-1193,-7895,-3261,8867,11339,-27286,-28686,-28187,-4041,-25245,-25215,-25605,-14590,-24742,-26585,-10432,76,-8544,-8359,7949,12482,23911,12974,15307,28548,26611,5206,25699,12346,17248,32767,32767,2650,3767,-19433,-29168,-27219,-304,-9671,-8090,-23830,-4392,11960,6508,28401,24959,19062,14980,4203,16669,30749,7303,14205,-2149,3955,10907,11729,3736,9828,3115,-5168,-601,-4468,-18534,-29945,-30953,-30953,-28008,-28442,-25324,-5772,28828,14637,19910,-5332,-17350,-26558,-28072,-29269,-26688,-19031,-22039,6350,18971,-1117,13761,3433,2671,-2994,-16304,-12729,-15311,-27851,-27998,-28983,-30216,-29829,-23590,-4612,-14833,-24732,-29764,-28969,-28351,-28939,-26568,-26892,-28100,-27141,-23024,-30783,-31939,-30382,-30376,-29275,-30062,-29100,-27032,-26943,-18061,19332,32767,32767,17560
58,82.24000000000000909,27021,-7810,-29182,29968,32767,32767,32767,2247,-13690,-11809,10199,7100,25563,19286,-14445,-26630,-25023,-24999,-9363,-13258,-9839,-6372,6633,19289,7793,147,-8770,18885,16707,10639,269,1683,-2931,-3238,857,1666,4665,-5723,-13612,1846,15059,7760,-13001,-12847,-10854,-15181,-5221,16547,18929,2562,4242,6302,4851,13497,19590,11199,-10174,-7745,19023,24398,-2245,2821,3729,6694,22071,15378,21379,23302,19995,15481,17871,1576,1467,592,2375,7854,11893,14642,-14237,-24992,-7562,226,-23278,-23816,-23840,-21825,-25163,-24781,-9956,-8588,-6392,10213,23279,19189,9283,-3038,-14710,-181,31973,9688,27267,30313,32767,32767,32767,5467,5792,-9014,-27048,-17685,488,5323,14435,-18876,9298,18582,22675,32767,25609,6805,-1837,-5724,11812,22407,-553,1014,2247,10902,146,17403,10912,5561,13196,-10426,-584,-8902,-8168,-27310,-29998,-30041,-24881,-22319,-2082,17928,19025,15095,-810,-31330,-28087,-25139,-26413,-27429,-24754,-14253,-5985,-5506,14248,18298,19451,-1547,7275,3996,-2280,-6548,-27270,-20137,-28917,-29926,-29050,-28958,-17993,-8332,-8978,-13089,-20723,-26764,-25574,-27311,-24719,-25006,-21927,-2332,12322,2960,-10355,-7074,-13781,-23525,-28049,-27141,-25408,-25070,-25707,-13883,19254,32767,32767
59,85.44000000000001194,-2442,-9882,-26561,-22355,30068,32767,32767,21613,-16406,-16815,-2937,3691,8764,26969,1923,-25040,-23089,-22903,-17659,-25686,-25083,-24640,-7982,9313,9638,646,-5647,5684,14791,4886,698,763,789,3339,10017,7556,13907,-5904,-23477,-7721,17578,13263,-8711,-6537,8345,-2634,-16037,812,20196,4348,11021,3618,-779,10537,15408,14514,-2943,433,17948,17794,-16136,-9761,7027,101,12780,82,-4956,-956,-5778,-10640,4136,8409,5445,4361,17013,18645,10324,7122,-2967,3680,6961,1771,-15929,-21917,-22130,-20850,-23295,-23020,-8499,-8696,3813,21322,22708,12344,-8621,-16702,-25575,-13032,25931,15333,27367,32767,32767,31298,15625,7943,14242,7624,-17196,7143,4284,9297,30088,2384,18178,9864,24826,21061,19121,2842,-3337,-846,12027,19697,-2165,-5038,5763,8970,-1438,14472,13801,3069,5725,-8373,-9244,-17435,-6737,-19542,-28483,-18921,-8698,-1184,12935,18887,-9126,-6043,-23764,-29540,-26360,-23699,-24865,-25709,-23000,-10538,16280,-4192,3572,32767,8267,-2407,6517,-2046,-13793,-26508,-25422,-18024,-17682,-28030,-26972,-17038,-10804,-19474,-2592,2342,-6412,-1080,-16575,-25864,-23149,-23039,-7094,-1530,8443,32767,24545,1729,11852,-13784,-26154,-25046,-23781,-23382,-23712,-24261,-16121,32767,32767
60,88.64000000000001478,-11445,-12508,-23940,-21445,-10708,22016,32767,32767,3048,-13841,-14643,439,2276,21274,-1970,-24248,-21392,-19850,-8439,-23950,-23399,-23235,-21963,-7362,6790,3113,-2066,-4215,15449,4889,5572,1876,4042,7329,13271,12914,16206,-703,-22976,-13330,13181,15964,-4149,-2980,19262,7026,-20874,-11238,13984,11387,9294,3716,-4288,1798,10576,15559,6381,12762,15015,2118,-23847,-16754,7613,2008,-2477,-11848,-15118,-17316,-18900,-19985,-3342,8197,-106,203,19487,20779,4441,-3770,-232,8762,7049,2040,-4222,-16461,-14281,-21532,-21530,-22149,-1777,-672,6198,16375,9561,-2178,-23845,-24548,-23287,-12790,13851,31718,32767,32767,32767,13820,644,18075,18470,20721,6922,22214,16464,12003,32767,26169,15706,7720,20766,13124,11678,-4068,-3376,6383,15278,19000,-3073,-5596,1714,5572,6342,5353,3116,-895,-4488,7448,-12529,-11804,-11058,-5404,-4952,5920,6820,11427,8856,-3148,-22385,-14991,-27195,-27673,-24556,-22197,-23309,-24226,-9109,6693,32767,6326,199,25998,-2199,-5574,-5141,-7269,-22104,-26399,-23982,-12465,-11256,-9348,-25016,-23640,-10387,-24019,-3632,12483,-1836,7537,-2205,-8615,-18152,-8185,3966,-1897,-3700,28410,32767,21834,9897,-3013,-24461,-14901,-9703,-21915,-22133,-22376,-25183,2255,24844
61,91.84000000000001762,25,-4125,-4573,-21837,-23287,-22312,17316,32767,32767,5615,-16044,-15625,3386,12646,-9826,-24312,-19439,-6495,2750,-16470,-24151,-24156,-23571,-22650,-1398,6848,-2136,-10295,9451,3717,8118,3464,7041,9043,9378,14887,11575,2230,-19881,-15338,3769,13348,449,629,20920,9725,-19427,-17881,5571,15801,10733,4211,-6821,-7122,1491,12233,14937,19313,9845,-9499,-24463,-21087,2486,6078,-13160,-19470,-17998,-20606,-21378,-22365,-11335,-1197,-7372,-11221,4141,7989,113,-9158,-3866,1404,-596,1890,-559,1440,-8772,-23056,-21726,-3794,-527,-35,-1927,4620,-5327,-14520,-25914,-25216,-23232,-13401,10742,32767,32767,32767,26444,-2315,-3674,25064,19165,31919,19199,22035,23831,22878,27077,32767,9509,8761,11817,7553,-678,-11095,-5270,7489,14762,9682,-1776,-8745,-7482,3537,9018,-1402,-4718,-2627,-9727,5488,-6379,-7850,-17064,826,18510,26376,20983,7586,-9713,-18672,-14472,-11846,-25372,-25802,-22784,-14221,-7399,-2597,21495,26625,32767,16821,2691,-3045,-10723,-13180,-11791,-7329,-17438,-25019,-19240,3526,-3127,2156,-12981,-23236,-11045,-22360,-16026,-1192,1559,5981,16675,5067,-6239,8676,7184,-149,-12185,-2668,18073,32767,21121,-2371,-21106,-4881,1845,-18206,-22551,-20867,-23340,-22472,-15975
62,95.04000000000002046,24959,13725,18480,-17393,-23659,-27299,-27196,19793,32767,31886,-5291,-23870,-10073,-3235,-7983,-15,10888,11019,7800,6350,-7993,-13293,-19649,-24799,-11794,5845,2286,-10230,-2438,191,6358,5681,8434,10310,5807,12340,9053,6696,-11118,-11477,-2096,5737,3972,4799,11724,7881,-10565,-17430,44,19030,14978,6583,-6277,-10216,-4208,6540,17149,18209,2883,-12918,-14483,-16924,-4214,5128,-15092,-20272,-19686,-19347,-22303,-23126,-20934,-10947,-3629,-19412,-8376,356,5503,-3038,-4498,-8953,-7630,1096,1748,8174,-3291,-14467,-4532,12459,2659,-4305,-8227,-4809,-11323,-17192,-19709,-19230,-19281,-7806,4577,32767,22987,16884,5207,-10324,-8134,20842,16685,32767,31266,19348,23952,28974,16360,23296,2988,2761,691,367,-6455,-10545,-4581,6984,8969,-4793,1008,-9782,-15044,3587,4906,-7905,-6279,-3563,-6097,-2701,1645,-5130,-17158,4586,28432,32767,18386,-7618,-15759,-15934,-6980,-15085,-23571,-24007,-22760,12815,24186,21560,32767,22024,11176,12188,-1167,-19424,-15438,-16728,-9186,1915,-4494,-12198,6117,10837,3476,6072,-2043,-11800,-9016,-16698,-17916,-16684,-681,-1504,24480,10011,11703,20307,7306,1826,-2185,-15131,-3469,32767,30557,9568,-1572,4381,2376,-3121,-22521,-22158,-21879,-20100,-19322
63,98.24000000000000909,32767,27678,23057,22475,-24340,-27718,-27658,-28584,32767,32767,15829,-16034,-21720,-18346,-952,22885,25319,25804,11896,24595,32767,13722,5904,-15618,-18522,-1437,8694,-6350,-12069,-2470,3506,9681,9708,10094,3960,8472,9559,11390,562,-5891,-4004,1151,7972,9410,253,5241,2282,-11587,-2582,18848,19887,7747,-2903,-9314,-7489,526,10771,10423,-3812,-11198,2597,-807,-8496,-2105,-11127,-18514,-21630,-16715,-23357,-22821,-22877,-14003,1578,-17796,-14760,-7751,6769,10036,6465,-11603,-6174,3221,9671,9224,657,-1673,11462,13544,5414,-4918,-12213,-9367,-6970,-9209,-7723,-4324,-11160,327,4326,32767,10208,-4411,-11920,-13905,-11854,12875,13827,31113,32767,20757,21859,24337,8107,3226,-2666,-5894,-5765,-4704,-7065,-5087,244,7112,1694,-11748,3623,-10682,-12050,1593,164,-7929,-1916,-784,263,-4594,1204,-165,-9287,6866,28014,24293,-1474,-12936,-13582,-3912,-9280,-10957,-16614,-20412,5770,31430,32399,20350,32767,7949,-8615,5946,-9194,-20729,-12597,-11174,-2164,10394,9044,10875,18115,17475,9114,9051,-1084,-4231,1210,-8464,-16002,-16161,-13669,-8423,9906,8231,19632,13772,9867,7919,9025,-13615,-9748,18666,19131,24601,18384,8271,2391,707,-5091,-21605,-14927,-20822,-20064
64,101.4400000000000119,23579,32767,24484,32767,-11687,-28454,-28271,-28934,-18586,21203,28676,8421,-20586,-19247,544,29263,28583,27174,14350,24450,32767,20607,16505,6927,-9858,-11046,11293,972,-16248,-3107,1371,11604,12111,7418,2854,4853,10995,12547,10049,-909,-4015,2816,11596,12671,-5505,640,10210,-4568,-3876,11404,19768,7227,2387,-6768,-8926,-4647,1826,-1885,-10796,-4440,16858,17108,-7736,-7480,-4879,-5864,-15652,-12976,-12615,-8274,-14451,-12243,1567,-1957,-13615,-13517,1158,20506,17146,-2645,885,9869,17602,4134,4970,9658,11695,6038,7468,-1679,-11096,-9271,90,-965,-536,11043,2651,7768,8100,9863,-351,-18794,-19429,-13009,-11749,6224,8880,23940,32767,22131,18019,13255,-1666,-9052,-8891,-8172,-9233,-5430,-7516,-2353,5076,4759,-3522,-11983,2361,-7989,1286,-2445,-2033,-2605,-177,6828,3536,-7626,-7753,903,5319,18739,20191,2412,-8433,-4093,-10615,2885,-9286,-3593,-6411,7394,29059,19722,11925,8938,10167,-240,-11866,-1779,-16688,-15098,-3995,2775,6677,11902,13008,20895,25448,22066,14398,12212,2771,-606,13515,6916,-7419,-15892,-14581,-10481,-8394,-423,21406,5244,16995,15658,7661,-8460,-9053,-6714,6213,21706,32767,11659,5250,8360,8058,115,-1974,-22640,-21679
65,104.6400000000000148,-11684,32767,32767,32767,20073,-29334,-29021,-29631,-29241,-12762,19918,32047,-7431,-20798,335,21355,30694,21801,5410,3069,15909,14000,7922,15502,8546,-11736,3779,8467,-13405,-2146,1601,8328,11320,5218,466,2475,9611,11725,11758,1222,-2827,6131,11329,12811,-4482,-4923,10457,866,-3745,600,11912,3248,5565,-4360,-7521,-8332,-5898,-14504,-14011,2011,22920,23008,-3494,-6240,-239,10649,-79,-4794,2124,5101,-1902,-5959,225,11672,-5847,-12456,-5939,12261,20550,12039,7804,16415,19119,1894,12440,17542,6894,-1406,11422,5176,-4942,-6586,12,-2251,3956,19627,14598,15402,7006,-12976,-14538,-23288,-21273,-8240,-6593,2550,3810,15600,26850,18342,9519,458,-6884,-12002,-12303,-4233,-7057,-2799,-8567,-3671,5330,1907,-6793,-11220,-395,-1426,16479,-1705,-1612,4516,1075,10224,262,-11194,-11327,-1662,20155,23486,5424,-7560,-6547,335,-635,3504,-5335,774,4380,19585,19068,-2868,-5212,-1277,-6686,-5314,-12063,-10664,-14658,-1286,4093,15873,9393,6181,10809,22047,21220,14407,13644,10168,11607,10407,16062,15524,11841,-8241,-7613,-12167,-15519,-9311,13766,9724,17125,19633,8837,469,-6777,-17057,-7731,14759,32767,18542,7521,21075,19859,12172,1495,-22738,-23561
66,107.8400000000000176,-28493,7107,32767,32767,32767,-7971,-29823,-30525,-30324,-26933,-5680,30011,14357,-13521,2839,11791,26216,18195,-2952,-12194,-14253,969,2125,10609,17479,1087,-7149,10323,-1390,-504,2288,3099,5776,3322,-1186,391,5609,8876,7886,-175,-2930,6880,10965,9931,2022,-4300,4503,2672,-2980,-8133,1255,-2418,3681,-3035,-4437,-10425,-11796,-20441,-10598,5413,17560,14822,625,-3247,2740,17498,12173,5964,13976,11976,11056,5015,1320,11086,3180,-7968,-14375,-11438,2983,18505,16509,18749,16187,5068,16041,18168,5785,-3772,12244,10019,1895,-5226,-7001,-1031,10577,18032,20697,15858,33,-26533,-25394,-20128,-19267,-175,1402,327,-1997,7999,15627,7869,-4186,-6457,-8695,-10523,-9207,-282,-1413,-2772,-10639,-6174,3382,-1336,-6937,-9059,-2539,3652,21598,3007,-5766,2374,4617,7382,-2425,-7805,-6063,-1005,27555,12359,-7526,-11785,-5710,-1113,865,-1587,6880,6417,12854,14879,1588,-16004,-15739,-10637,-20849,-10011,-8605,-14729,-6698,9318,8234,13743,9018,-2978,10539,14867,6683,4517,10637,8006,23140,21682,10043,23554,26235,12580,5166,-7721,-18601,-13364,-2034,14151,14815,9035,12280,4677,-302,-8586,-16708,7567,19375,17895,10350,20688,24732,22341,5724,-9743,-18589
67,111.0400000000000205,-29116,-19937,21711,32767,32767,25927,-12881,-26407,-30991,-26931,-22419,931,23825,11667,7976,4731,17840,20937,3644,-14832,-23354,-8804,-379,3387,11091,13043,-8262,5841,15178,500,2354,-300,367,1156,-1742,-2504,649,4025,4648,-1131,-2367,3725,8805,4693,8007,-1210,-1282,2871,-1704,-11945,-6694,-5804,-1273,-3586,-2397,-10560,-13375,-17179,-4655,7211,6746,4133,1901,-1024,3688,15296,16655,16459,20340,16965,19497,10171,2061,3353,8224,-2449,-16183,-22171,-18187,6975,16667,15002,12407,9817,14674,11681,5808,-1182,8734,7607,7037,-1251,-8575,5852,20002,13928,19018,12825,-13104,-30053,-30900,-13225,-11657,3953,8009,-1373,-9744,293,1966,-3118,-14795,-12253,-9866,-5149,-1524,1871,-29,-5929,-9543,-7401,129,-2790,-4282,-7592,-3309,4894,16262,3918,-7440,426,7350,-548,-2318,252,3773,3288,15567,6856,-9483,-8972,-1923,-3646,-3439,3622,13738,9084,9447,2051,-14838,-22829,-21254,-17598,-21755,-9499,-2947,-13906,3816,9271,6845,6713,5346,-3656,9636,3384,-4499,2001,6770,11224,22733,17520,6002,21998,28698,29746,22679,5940,-15441,-14711,-8213,7702,4302,-1416,5264,11027,10395,-5768,-16014,-2819,5071,8603,12991,13941,16555,21351,11971,6095,4362
68,114.2400000000000091,-25539,-26190,-9455,6717,29506,32767,6921,922,-17385,-14115,-22724,-27605,7169,25157,15800,1868,7112,18813,13767,-1471,-15617,-11236,-315,-1633,1752,10033,-844,-2337,23808,3204,2590,-561,-1193,-418,-2083,-3467,-4183,-299,460,-317,130,-1010,2670,2142,9864,1513,-4442,3957,962,-10014,-10752,-7085,-5632,-5936,-3236,-8729,-10784,-9436,66,5555,-3241,-2164,3047,995,2899,9915,16130,20883,19439,18434,15657,8397,-766,-5582,6556,4341,-9074,-19920,-22045,-8430,3788,4448,6687,12816,8435,2820,6115,3113,-672,2435,6768,718,-197,22446,23685,9548,18729,4423,-22536,-28384,-29928,-6309,-1738,5323,9731,-3200,-12003,-7096,-9284,-12391,-20516,-16457,-11053,1311,2760,2224,-944,-8369,-6309,-3248,-2555,-1968,-1913,-8048,-1175,5793,7421,1738,-3057,-960,1564,-6180,-1775,7934,11193,6875,-3558,-2265,-9105,-2544,-864,-3554,-488,5329,7363,-1560,4024,-10712,-19642,-20173,-19685,-15412,-17866,-3030,-1305,-7296,7889,4406,2115,458,1079,-3468,7324,-2767,-10644,-1062,4935,12924,13575,8657,8978,13708,18514,27839,25896,14034,1610,-13210,-10037,-4984,-4048,764,275,15050,16508,-2597,-8284,-11527,-6093,6109,13189,9419,10701,10061,15277,23312,23841
69,117.4400000000000119,-12364,-25290,-25272,-15562,14143,26422,22551,19763,17692,6945,-12593,-27148,-21671,14910,19905,435,-2730,6181,8793,11316,593,-1376,4941,-1003,-5893,-1656,2110,-8056,16770,9788,2717,1428,-433,-441,45,-1260,-6627,-3962,-1865,2660,2817,-4499,-2027,1350,5476,3552,-4139,2764,3058,-4746,-10699,-7552,-6488,-7708,-6189,-6849,-6295,-2849,2171,2122,-6803,-4637,6245,5504,2664,5275,14881,18115,14900,14518,7363,3306,-3676,-8248,3426,8364,3139,-5398,-12985,-11716,-8348,-8182,-828,12843,1776,-5136,4059,1322,-9371,1242,3120,3175,16379,32767,14893,6809,15798,-7848,-24367,-22288,-21073,-1292,3107,4948,7806,-2804,-10849,-15391,-13775,-17293,-21446,-16181,-13589,2668,1373,1339,-3624,-7655,-1475,4134,-2818,-2629,-1931,-5744,3789,5571,-437,2100,4022,717,-6361,-6723,4860,16916,15046,4122,-12528,-7549,-5553,2064,443,3341,3311,-6031,-7202,-5477,4398,-11934,-17323,-6642,-11999,-8079,-11011,-3332,-4049,-2159,4811,-3185,-3377,-4747,-2108,-1580,-403,-8005,-11601,-5453,1190,9171,624,4250,10230,11257,8780,22094,19403,16879,16277,-3645,-6834,-12372,-9445,-630,5356,9706,8664,5323,1683,-9698,-10448,1752,4964,1780,714,-2223,11039,32767,29434
70,120.6400000000000148,-5309,-25701,-25812,-26550,-1293,14618,25931,28061,32767,22310,-242,-25749,-24811,-7564,12557,-550,-9549,-8965,-2669,11573,11040,4473,3222,1647,-8941,-11551,-1796,-7562,-1658,12361,1729,3570,942,2579,4012,976,-6353,-6436,-1485,6440,4676,-4232,-4542,-463,-992,4765,-2324,140,2514,-1362,-7486,-5845,-4246,-6261,-7517,-5405,-2105,209,2805,-180,-4945,-3849,10420,12094,5627,4069,13425,12882,9876,7322,1301,-330,-3420,-4820,857,9084,13692,12316,2334,-7221,-12924,-16122,-8172,6382,-1575,-8780,-1172,-3628,-7659,2272,-115,7320,25968,24881,3914,9046,2649,-15753,-19734,-14831,-6860,-1058,6916,5949,4693,-938,-11410,-19754,-15196,-17820,-15695,-17139,-17114,-1344,-2669,615,-2908,-429,8939,10902,-41,-5554,-5239,111,8631,2969,-3141,3952,8812,1466,-7154,-2666,12543,20518,8525,2234,-13127,-8451,1024,523,6827,6551,3210,-8804,-11214,6634,4582,-2800,-4376,6852,3255,-1953,-5928,-5535,-10002,-203,-372,-7583,-6228,-3276,-2986,3447,-6435,-7109,-9364,-8956,-3820,-707,-7568,4395,2626,7509,4348,12332,13465,17906,13464,4153,-4157,-14035,-17717,-9329,6062,8893,1544,8002,9608,-3072,-7953,-6366,-1560,-5959,-10475,-12038,982,25484,23442
71,123.8400000000000176,-101,-20636,-27003,-28806,-14723,1148,19686,26420,32767,29288,9208,-18239,-23706,-19233,-2563,-2222,-11581,-14429,-4209,4155,7175,1692,-5523,-797,-4865,-13804,-5791,-3559,-14764,5687,532,3403,2106,5600,6336,990,-4488,-6992,523,8762,5633,-1583,-5486,-2120,-4510,3967,1199,-998,256,-1750,-3091,-1376,-995,-2571,-6028,-3977,-516,2559,3060,-138,-1083,71,13502,18438,10505,5179,8702,5890,4438,-133,-2644,-1137,-425,1227,429,6240,13952,16612,12905,-3275,-12219,-15177,-12980,-6934,-1265,-8346,-5520,-3779,2921,2346,971,12755,20104,7825,-661,8348,-10773,-19836,-12086,-9801,2626,-1207,8425,9574,1685,-2720,-11749,-20436,-15942,-14404,-11150,-16771,-15946,-4570,-1423,2523,2471,10315,17482,12442,1313,-7515,-7425,7302,10156,1454,-2213,5465,6585,-1960,-4720,2875,16869,13509,7619,1921,-8334,-7441,795,126,1515,1954,1799,-1584,-3647,12223,5610,2047,3211,7030,5397,330,-2365,-4126,-8803,3128,-1506,-3719,-776,4972,2993,6083,-3618,-1462,-3294,-7977,-2565,-9228,-8047,5237,-2077,1314,4428,-2258,6001,11518,6057,7984,1911,-10225,-19068,-10385,-2490,6460,-548,6712,9961,2888,-5840,-10459,-2649,-2576,-8841,-11907,-4990,487,3091
72,127.0400000000000205,6844,-8410,-28562,-30156,-24066,-12323,6058,16452,20821,26439,16697,12853,-6886,-18730,-13163,-4909,-6645,-9058,-1865,-4586,-3359,-634,-10027,-4387,34,-6746,-6576,-1833,-15359,-5750,-812,-761,2072,5416,5736,1198,-1104,-5123,1741,7647,5181,1693,-3879,-2901,-3287,1599,5170,-124,-2873,-3087,1240,3256,1535,2523,-2631,-2462,-708,3359,1165,-935,960,4349,13630,20386,13681,5803,3479,6,-1119,-6041,-2952,-185,5719,6854,4165,4387,7236,10902,13939,2505,-8462,-8525,-15017,-18046,-994,-925,-4832,1857,9724,2049,5957,14990,9519,-3726,-1185,-1677,-18344,-19767,-5330,-3783,6198,2241,7819,9978,-576,-5862,-8918,-20227,-15931,-9865,-10860,-10541,-7101,-3224,5030,6483,7353,16897,16711,8466,509,-6237,-5227,11753,7332,3130,-721,2489,182,-3926,1768,8267,12221,6320,5753,1643,-1013,-4513,1,-1540,-5979,235,2058,-142,6992,5457,2966,-407,912,4762,4755,5733,1246,-2035,3761,7981,2653,2908,8641,10549,8967,6931,-1811,5461,5807,-1072,618,-11377,-5856,3237,-613,-1736,-111,-11510,1936,1782,802,15765,2020,130,-9920,-5815,-7802,-2277,-513,515,7981,7794,-1968,-3279,-6348,1778,286,-4877,-7672,-19360,-14522
73,130.2400000000000091,13198,9973,-6373,-21912,-25637,-20869,-7439,-151,-1807,8539,16528,32767,22560,-8570,-15724,-7513,-1208,-415,-2568,-6073,-8219,-3944,-8148,-6149,1316,5447,-4498,-2213,-6769,-12579,-2738,-6501,783,1688,2853,2307,3434,-1364,2078,3928,4775,4426,-1904,-3349,-673,-1484,6997,1089,-5745,-2133,3657,6311,2572,6168,1817,201,-1539,1713,-2518,-3813,106,6482,9776,15562,11876,5036,-252,-2090,-4279,-8946,-2156,2509,10707,12037,8103,5432,4231,2439,6193,7501,-809,-2390,-14127,-20039,-3936,11238,1497,8465,7940,6108,11010,11591,100,-8397,-1431,-12292,-20206,-14871,76,4195,8592,6478,4632,5074,-1164,-9361,-5143,-16817,-15909,-7552,-6421,1019,6438,1977,12009,10623,11275,14668,10021,1583,-49,-3391,865,11240,1688,3835,-340,-979,-4638,-3346,4528,11878,1203,-1010,2022,3100,3478,206,-1628,-1860,-4124,-935,3876,6984,6679,-3133,-3291,-978,1209,2019,4941,8094,5001,4620,15727,9751,8493,10210,17124,10987,7921,1338,-2282,4696,8357,7428,-3398,-11217,-2649,-648,1734,-710,-5112,-10226,-3188,-4059,2743,19592,5069,7289,2290,-4050,-9943,-8639,-1418,-962,4984,8915,7255,5019,-3341,-3293,3969,3418,-6792,-23646,-20842
74,133.4400000000000261,16292,25901,18132,3862,-19064,-21296,-12583,-14030,-19623,-14024,10066,32767,32767,6275,-13292,-8545,-5356,954,-4069,-5164,-6641,-6589,-1491,-3870,2039,10470,3671,-1187,2289,-10953,-6106,-8846,-1769,-2093,-671,3471,6671,2901,743,-120,3766,4485,-1251,-3512,862,-2480,5846,837,-5113,1058,3796,6525,2089,6536,5938,3386,-1695,-1176,-6898,-7182,-2655,3421,2020,7895,6578,2931,-1193,-602,-3543,-7533,-2199,4617,8461,11005,8135,6765,5089,-2160,-2776,7743,8270,144,-12539,-12960,-4886,17872,11611,10430,4963,10885,11274,362,-8177,-6695,-4552,-19853,-17556,-6313,6666,12354,11828,9349,1234,-1575,-3818,-11005,-3017,-9040,-15122,-3836,3718,11061,15645,10258,13367,10249,12063,7137,1179,-5221,-2284,757,7605,8003,-4604,2372,-993,-3089,-2293,-300,5558,4749,-4921,-8696,-676,4123,4647,-558,-565,-469,-1392,-1633,6767,7894,-2363,-11172,-3349,248,1372,-588,6940,5040,9582,12170,22329,11386,11200,15973,16601,11011,4970,-2383,3140,1244,8004,9925,-5048,-8941,-3602,-5637,1992,-1275,-4822,-3982,-2818,-776,6880,13115,10776,8280,12015,-4264,-13188,-13553,-6283,-4151,-1149,6929,8783,9544,2637,-5123,-1512,6797,986,-18322,-17608
75,136.6400000000000148,11663,28682,24035,14831,-12437,-14702,-11918,-18555,-25929,-27060,-266,23149,27395,17020,-7392,-10087,-11393,-2406,-3452,-4625,-1845,-2038,2587,2340,3189,6944,9075,357,6366,-3065,-7073,-7413,-5732,-3892,-3007,4461,6817,6278,-965,-3770,59,1673,-1270,-3519,565,-196,2661,-351,-943,4417,3654,4019,1450,4964,6619,5544,-228,-1432,-7111,-8552,-6561,-4419,-5739,-1609,2638,1193,-1029,1265,-1782,-3643,-2428,2730,2287,4477,5661,6853,7086,-684,-2752,1876,11653,1604,-8409,-3615,-3852,13518,18573,6090,3699,10854,4818,-9900,-12068,-5492,-11934,-23641,-13825,4079,13448,16924,13510,8390,-34,-7837,-10555,-11539,-510,-2019,-10368,1725,12219,15333,16509,15370,7837,3694,6613,1385,-6127,-9168,-4102,4688,10992,2939,-8582,-3365,-1684,-2429,674,3944,4894,-475,-7761,-8966,-5132,1958,4877,1469,828,4914,3912,1788,239,-1525,-5947,-10725,-3881,2039,2804,2786,2563,1402,10613,12512,15382,11040,9454,14909,9590,5941,1829,83,5159,2329,6195,1284,-2937,-2894,-4401,-8169,-2993,-5220,-2781,1723,-1440,2807,8162,6521,10181,9015,14214,-3996,-15443,-17648,-10033,-8057,-3938,2501,5943,5111,2443,-2448,-6441,3340,6516,-3,-3172
76,139.8400000000000034,1503,13713,17849,9550,-7056,-7738,-9128,-15925,-24141,-26745,-8300,4977,13861,20091,2174,-9568,-12241,-5440,-2168,-2628,3915,4432,5262,6719,3467,1432,5900,3891,5635,5856,-4480,-4074,-8068,-4165,-3244,3845,5197,6835,-2220,-5749,-4127,-1911,-1299,-2437,-301,3220,-1484,-456,3849,6683,3369,690,552,3164,4846,6092,2807,1831,-1955,-4852,-9169,-12308,-11907,-9794,-103,1545,-1293,-930,-1661,-49,-1420,-74,-904,-551,1621,3932,6459,5440,4438,-1952,6052,3762,154,2235,-4514,1479,13212,1538,1665,4366,-5062,-13471,-9607,-8566,-20008,-21282,-7374,11592,18429,19338,12425,6226,-395,-13650,-15574,-8689,3175,1984,-2144,6621,16113,15285,12747,12504,-322,-5774,-1621,-2391,-7869,-8616,-2036,6967,9763,-3324,-8613,-8831,-2706,-1889,641,6336,4081,-4851,-9121,-9830,-10034,-3913,4717,799,265,11555,9545,-302,-5687,-840,-4589,-2810,-2568,2773,2859,4654,-2261,-1594,7449,5225,3783,5944,4581,6000,2775,-3093,-2893,3805,4909,3076,1558,-2926,1523,4640,-3054,-5650,-10130,-11033,-2261,439,-3545,4821,7647,1599,7151,8271,11407,1130,-10354,-16419,-12454,-6648,-5526,-438,3920,-2455,4303,-331,-5448,-3851,7145,18564,14279
77,143.0400000000000205,-8620,-4327,7242,5395,-492,-5074,-6651,-8372,-13900,-18094,-12165,-8012,4364,15690,11874,-4469,-8610,-6478,-864,302,5781,6555,6106,6051,1933,-1714,376,6618,1845,8881,-98,356,-6848,-4181,-1833,2050,2515,4089,-2229,-5628,-6807,-4430,-830,-625,-155,4542,-3851,1002,7172,6853,2626,-1656,-409,2389,3508,6882,6898,6842,5782,896,-7638,-15309,-14781,-14908,-3415,1814,-2322,-4552,-3819,2411,1390,-2121,-1716,-4059,-1344,-179,1207,8614,9685,1903,-3170,4774,10613,5156,-5860,-11983,-2078,-499,-2144,-5102,-11666,-10399,-5423,-11836,-22011,-11653,2537,13922,17638,18013,9134,3419,-2048,-16478,-15782,-3874,4514,6339,5307,10064,15307,12377,11534,5075,-6523,-11440,-7418,-4799,-6459,-3962,1579,8547,4213,-7310,-6095,-8741,-4536,-2479,-405,9133,3833,-8630,-6580,-11152,-12123,-3895,2891,1681,4767,5900,1018,-2284,-3600,-1134,-144,5209,533,3386,8345,3618,2730,-164,2994,-1325,-5879,-858,-36,-5144,-4403,-8969,-5469,1300,2772,-170,-4680,-3338,6434,11997,2051,-2429,-11565,-14628,-5432,-5811,-5279,3845,4163,-2533,3769,8910,8826,8226,3124,-11264,-8616,-8600,-5102,-1957,240,-2284,-4788,648,2576,-3689,7445,23511,20014
78,146.2400000000000091,-13305,-13951,-3593,9850,5655,-1297,-6342,-4373,528,-2850,-11328,-14358,-3793,8293,16715,3934,-2858,-6045,-2133,2606,4779,8479,6235,3471,-142,-2315,-2335,3216,-2196,4497,6110,2896,-2527,-4065,-213,-352,-274,-280,-1361,-4251,-6639,-5346,-538,850,438,3111,-3184,3307,8305,5148,1541,-2408,-722,1974,3594,8367,10558,9359,10452,6069,-1850,-11245,-15260,-16417,-8323,-172,-3187,-6669,-6040,1945,3454,-1322,-2536,-6395,-3455,-1101,-2611,5234,10832,6038,-5859,2104,16558,7742,-5203,-19544,-16714,-2957,-3328,-11383,-11711,-3769,-4530,-15258,-14065,2958,11822,14718,14189,12620,5276,-366,-5851,-15106,-9704,-2525,4204,11742,11450,11433,10858,8990,10382,-2824,-8699,-9539,-8859,-6142,-3869,3395,4212,7713,-790,-7830,-2211,-6785,-5874,-2112,2894,6381,-1971,-6168,-5737,-8505,-3877,-191,720,5337,2546,-9196,-919,2561,-4136,-2308,6405,6546,3048,7751,11626,3453,8920,4971,1570,-4859,-10746,-7698,-7860,-12763,-12046,-12744,-8058,-1317,-922,-3231,-8717,-2860,7969,11917,5972,-2454,-7680,-12659,-11266,-8582,-6212,-528,1376,-2046,3066,6917,8708,16753,17702,2043,-4423,-10370,-6504,-7610,-2488,-4621,-8478,-185,8520,4807,5051,15057,16915
79,149.4400000000000261,-10579,-17966,-13024,9336,11067,4524,-4811,-3730,4128,6989,-6520,-16027,-10627,1374,13669,14138,3051,-5297,-4726,2970,2559,6074,5218,504,-1210,-2102,-2348,-1766,-2968,-1084,9967,3414,2737,-3567,-589,-3008,-3155,-3260,-581,-2668,-4056,-3747,-312,1826,594,90,-489,4577,7146,2413,509,-2190,118,2080,3803,8012,9290,6483,8004,7055,4238,-2175,-12609,-15625,-13238,-4033,-3562,-5859,-4749,740,1579,-202,-3812,-6978,-6481,-2236,-1868,-955,4761,6235,-1625,-627,13142,9906,-747,-19611,-23679,-5899,-3168,-11176,-6681,1230,-6289,-15744,-882,13541,18180,15186,9174,5866,1479,-4164,-8692,-9966,-1887,-193,3110,14884,14719,10654,4587,4907,5465,-7668,-7300,-3119,-6156,-6366,-1373,7723,5683,3775,-4437,-6276,1402,-4000,-5810,-1162,6218,-1834,-6920,-3436,-7478,-231,5787,1812,1002,2392,-8377,-12609,144,1628,-3545,-324,7228,6864,4118,8364,6437,5429,7396,6168,1658,-3536,-9178,-10853,-12154,-12823,-14667,-11975,-8283,-3368,-2418,-3931,-4334,-128,6855,7597,5109,-2547,-198,-5392,-10057,-9305,-6162,-3897,-778,370,1709,1245,4615,16972,25783,15463,662,-5265,-11115,-13395,-7877,-4066,-6150,-1583,6481,11482,3719,6224,10127
80,152.6400000000000148,-4283,-16736,-16511,560,11785,8019,694,-2879,-2200,6237,-1107,-15100,-14005,-4981,6121,17706,9798,-3834,-7681,-457,26,-789,2986,-1481,-1746,-1952,-2353,-4320,-2002,-3394,7401,5575,4851,-2039,-2150,-4982,-6106,-4145,17,-838,-546,-486,648,2871,790,-3082,2267,4196,3873,-293,-1030,-969,1678,2168,2860,3560,2160,274,1743,4202,6973,5583,-6272,-12618,-15851,-8474,-2073,-2823,-1511,-689,-1075,-964,-4012,-6281,-8607,-5450,-294,-3722,-3962,2781,3931,539,4726,8386,5087,-14510,-21831,-7636,-2276,-6802,-585,1028,-8536,-8558,11487,17150,19917,13982,2869,-56,-2423,-6299,-8050,-2441,2158,4309,2743,14380,14422,7179,-146,558,-1757,-9651,-4820,1757,-2726,-6056,1028,6002,4410,-2525,-6884,-3434,2332,578,-1947,217,3553,-6219,-6276,-3407,-3733,4496,8179,3005,-1559,-4258,-9584,-8018,-3202,-63,1175,-746,6382,7580,4771,3648,4099,4571,2309,4599,356,645,-4006,-7585,-8303,-6479,-9613,-8520,-5382,-4612,-3609,-2156,3259,3645,3260,4525,1697,-1739,4860,4098,-5650,-8222,-4465,-6083,-3658,1308,1213,-2669,-915,10591,21206,22766,10244,247,-10955,-15904,-12661,-4320,-1134,-1164,-380,9030,4504,294,528
81,155.8400000000000318,2901,-8365,-13458,-7665,8957,8407,5528,158,-3423,1245,265,-9551,-13044,-10678,-1019,11753,14427,-1727,-8987,-4919,-1596,-4810,-1761,-2927,-2565,-1447,-2660,-3088,-1033,-2314,1647,7974,4228,776,-3411,-5436,-7253,-4445,319,1020,1998,2964,2758,3606,698,-4289,3875,2374,-446,-2335,-2184,361,1560,-72,548,-3013,-5139,-4852,-3440,997,5109,7708,939,-7304,-14517,-11084,-1060,1312,1519,-697,-1842,-1816,-1948,-1404,-8806,-10539,-2697,-1685,-7664,-2647,6980,3255,-1783,3131,7449,-2438,-10306,-6116,-83,289,3662,-3209,-8352,3534,17705,18682,17056,8575,-3065,-4269,-6918,-7814,-4652,2913,4397,7741,4186,10024,10772,1946,-2536,-3688,-8940,-9623,-1973,2609,-837,-4284,2430,1801,892,-7054,-7337,-810,2247,5023,2934,918,-2387,-7856,-7037,-602,2785,6189,7271,42,-5656,-5578,-2375,-3196,-2941,-665,3038,738,5939,7052,8509,989,663,1811,-1828,1759,-1684,4081,3786,2187,684,1672,-1998,-620,217,-5086,-3922,137,5908,5512,-598,2170,-681,-449,6065,8235,772,-2720,-3393,-7166,-6827,-2252,-179,-4810,-3738,2989,8986,21356,16214,7160,-6324,-14571,-14989,-4766,4698,-661,-7009,391,3361,-5149,-6797
82,159.0400000000000205,8808,3670,-6021,-8525,4468,7769,5311,2414,3779,2008,638,-3396,-9039,-12737,-6236,2277,11179,2335,-4385,-6419,-2107,-2397,-5216,-4029,-4988,-1275,-1231,-363,395,1352,-3433,5950,5304,2698,-3000,-4435,-5616,-4589,25,2105,3168,4954,4810,3286,136,-3348,3328,-719,-4133,-3535,-2476,-834,-1599,-4057,-2555,-7226,-7851,-6169,-4562,-711,1786,5917,5725,-1611,-8335,-11239,-2760,4280,4236,1100,-951,-2207,1034,3708,-4591,-12511,-9375,-2459,-5342,-4012,5281,5077,-3970,-2500,4715,11391,6609,-1757,263,4693,695,-6332,-2084,14520,17520,16960,10455,787,-7349,-8789,-10114,-7972,509,6234,7160,8885,4066,3283,6959,-2750,-4114,-7593,-12556,-7203,1172,1679,-435,-1531,453,-1147,-2737,-8403,-5166,853,2452,5595,5699,2315,-7236,-8696,-4751,3889,7227,7286,-1351,-6038,-4080,729,4449,3584,-3371,-38,4823,4477,4184,7690,8725,-1246,-4476,-3962,-4817,-2036,-1825,1518,7655,9276,6911,5788,4019,8465,6524,-2918,-2859,1862,4233,3667,-2630,-2137,-2069,2643,5200,7492,5828,4468,-166,-4743,-7141,-7040,-2644,-3511,-4131,-4104,2157,12021,12974,11562,3998,-6097,-13824,-5895,1789,-506,-6108,-7560,-4601,-8273,-8751
83,162.2400000000000091,8956,12349,3118,-3346,2198,5744,2996,4221,7306,6006,3599,-743,-5518,-10186,-8929,-5983,3779,6253,2622,-5503,-2992,2150,-1956,-3329,-5412,-2656,1236,1914,1705,3562,-5534,234,6833,3789,-1330,-2751,-2632,-3553,-149,2429,3498,5313,5076,2324,-576,-1515,-17,-3664,-6293,-3882,-2467,-2891,-4790,-6272,-4779,-7231,-5674,-4243,-3298,-1107,-1053,1310,7784,3979,-52,-8793,-4322,3302,5378,2736,540,-1217,2663,5559,3010,-7804,-14656,-8099,-3836,-2397,1798,4914,-1440,-6345,-1396,17584,18465,1551,-2022,2103,-4320,-4669,7311,18517,14468,10170,2173,-5744,-9840,-12031,-11613,-5991,4019,8165,9149,8153,2576,-2390,2612,-4042,-4593,-7170,-10570,-2290,3272,709,0,693,-638,-2056,-5137,-6398,-681,2628,2793,5411,7005,2000,-8849,-5158,4935,5229,9855,3500,-11460,-8109,-74,2561,9398,7005,-3840,1671,7546,10656,3939,4713,110,-6549,-10184,-10571,-9302,-7850,-4280,-2527,3420,6812,7444,4913,5215,12319,8633,1803,1130,2571,2513,-465,-2515,-6969,-1151,6072,3673,4336,7445,7646,585,-612,-6034,-8096,-4494,-512,-3642,-7323,-5031,4420,6766,13119,15164,5313,-7006,-8638,-3050,1855,-1920,-10434,-10978,-9651,-7420
84,165.4400000000000261,4916,14019,11099,3383,1075,3809,4071,4521,3778,6219,4996,531,-6523,-7072,-10757,-10226,-2502,8264,7273,-2199,-6145,55,2514,836,-1624,-2779,2119,3681,2522,2814,-2931,-4797,4852,4625,640,-1246,282,-1992,-450,2361,3515,3996,3437,704,-1395,141,-4197,-5709,-6979,-3573,-1584,-2773,-4578,-5347,-4834,-5131,-1532,-1810,-2793,-980,-1498,-1449,5779,8762,6474,-3834,-5587,122,3988,2835,966,709,2327,4383,7961,633,-12779,-13197,-6219,-893,-433,3040,2648,-6445,-6197,14593,17255,1536,-5330,-4151,-5299,1301,14138,15290,8428,1338,-5746,-10836,-11005,-13194,-11327,-2230,3274,8380,9646,6871,-6,-5874,-2885,-2785,-4584,-3055,-4950,3061,3595,-559,971,3516,70,-1684,-4432,-1642,3439,4061,2081,5215,5952,-1530,-6357,3090,9476,7479,7287,-4448,-11023,-3105,2646,4906,9096,4397,2560,4431,9668,9685,2314,-4102,-7688,-10463,-14666,-13245,-14051,-13128,-9131,-5046,-4482,-617,3805,1653,2194,7818,5589,7221,4909,2954,1688,-2133,-2122,-7628,193,7385,2966,1501,6408,8484,1997,-14,-2242,-4433,-4135,-543,-2165,-7641,-10632,-3689,-250,9638,16684,13435,1733,-8875,-7491,1106,3290,-7332,-11939,-9682,-3447
85,168.6400000000000148,29,9087,13847,7104,64,1623,6531,4224,1146,2604,4309,412,-4210,-6567,-10492,-9552,-4818,9131,11161,2108,-10611,-9820,-1358,4134,4599,-113,336,3324,2716,716,1608,-5914,-722,4798,2915,361,1873,-179,-1168,2457,2745,2047,659,-1204,-1874,-316,-6890,-6325,-5964,-2664,-350,-9,-841,-2284,-3788,-2425,1756,867,-24,-909,270,416,3940,10761,9952,1321,-5517,-3547,432,721,409,1175,276,2371,9575,8650,-3289,-12369,-8520,-2369,-1656,745,4255,-2489,-5849,4394,6334,-2229,-8392,-8043,-2457,8231,14055,9715,2332,-4745,-11935,-14221,-9968,-12205,-7928,1135,1203,8127,9025,3809,-3139,-8121,-6649,-458,-2832,-1115,-183,5719,1496,-1987,1627,4726,1383,-2156,-1890,3535,5168,4086,808,2316,1501,-3824,440,5913,5881,6178,146,-5912,-2218,1804,2261,6269,3261,5626,7304,4870,7476,3223,-3481,-11335,-11757,-11450,-12117,-10009,-14055,-13120,-10077,-6712,-9601,-6616,-2732,-3461,-64,-829,488,8137,4932,3639,-537,-1477,-2542,-5111,1400,4672,1952,937,2806,5607,3325,-2285,-234,-1254,-1419,-200,-3417,-5705,-11932,-11429,-4553,4654,10966,16554,8460,-3162,-7141,-2548,4442,-216,-9056,-8498,-2613
86,171.8400000000000318,-2859,2320,10170,5480,-1040,-723,5411,6012,4925,779,1987,2102,638,-4419,-7548,-6354,-2082,8305,13300,6779,-9177,-18452,-11745,552,8649,4188,-1223,399,2076,-990,3441,-2379,-5537,2436,4971,1920,2157,1983,-1023,1668,1853,346,-1894,-2709,-2115,-2145,-7066,-5440,-3733,-1535,357,2925,3250,355,-2168,281,3775,4434,3252,-1889,602,2892,4455,9875,9882,4226,-4238,-6326,-3343,-1867,229,1080,-1290,322,7647,12889,9327,-3106,-6745,-5504,-3374,-1513,2753,2407,-840,-7062,-5844,-6017,-9618,-7289,2606,13227,9987,4133,-2034,-7556,-14036,-14821,-8349,-8694,-2164,3006,1300,6687,6292,904,-3553,-7957,-6841,112,-111,-2333,1065,3857,-1211,-1818,1484,3244,901,-3250,965,7200,5334,2063,-176,-2079,-3155,-1670,4955,4308,3461,234,-2228,-264,4653,4787,2360,2128,798,6320,6154,1291,-1687,-953,-8969,-16052,-11071,-7745,-5531,-2088,-6611,-5975,-6622,-7097,-9631,-7389,-7817,-6808,-1080,-6231,-3073,2952,4559,2811,-2049,400,-3189,-2693,2268,555,-154,3122,1133,1791,2960,-2689,-2224,901,-1705,-1360,-4436,-5910,-8927,-13305,-6580,1244,4681,14048,14065,6487,-2493,-5478,623,3916,-3266,-5712,-4906
87,175.0400000000000205,-4122,-2167,2942,1547,-1986,-2699,1193,7165,8709,4138,1180,3222,1861,26,-2502,-1491,1474,6469,12149,10210,936,-16198,-17807,-7224,6319,7758,44,-2889,-222,-1429,2127,2951,-6271,-1359,4698,2818,1966,3115,482,-306,777,-1351,-3393,-3758,-2209,-3433,-5264,-3656,-1303,-689,470,2955,4052,1107,-250,1835,3340,5134,4053,-1472,-782,2154,4653,6844,7242,5014,-2132,-7380,-6231,-3281,66,1870,-1416,-2188,3132,11443,16768,10213,-1226,-5982,-5351,-4076,32,5491,5010,-12915,-13523,-6495,-6515,-1952,9758,11893,4666,234,-5486,-8297,-12262,-11472,-6813,-3486,3819,3408,2952,3389,2205,329,-2228,-4727,-3950,-1584,517,-3347,492,594,-2370,-1667,278,942,-873,-2884,2520,8019,4621,-267,-1395,-3852,-4785,1250,4623,3368,-1328,-3953,-1916,3094,9244,5725,2143,126,1382,3129,2992,-2319,-10113,-7946,-15066,-17127,-10802,-2218,1735,4242,5348,3418,-1044,-3577,-5972,-6176,-7809,-4492,-1338,-5794,-3687,-1961,2129,1617,-1898,1158,-460,-380,2023,-2185,-818,3843,2131,-1736,1322,-1212,-2063,1747,-2101,-4477,-2935,-4938,-3385,-9718,-7080,-2338,1051,9353,16244,12953,4729,-2519,-4068,3086,3721,-2589,-4393
88,178.2400000000000091,-3099,-4665,-4465,-3086,-2613,-3710,-2593,4957,7316,6423,3039,2240,2379,3333,2966,3827,2071,3620,8264,12311,13915,-1838,-15298,-10987,-1229,7346,3334,-3866,-3373,-1461,-126,4054,-3078,-4119,1388,3567,1592,2952,2379,-1422,-907,-2942,-3852,-3760,-2006,-3133,-2326,-1498,451,-154,-221,42,1074,198,981,1533,-1,1993,3654,1702,-1500,-190,2697,2621,3884,5504,1166,-6171,-7839,-4064,-470,1728,-579,-2935,-2262,5483,15002,16882,6789,-2617,-5615,-5660,-2873,6487,8572,-9681,-13717,-3738,797,6545,12827,5576,-193,-1862,-7898,-8433,-8277,-5481,-3613,1941,7525,2862,3591,129,-1751,-1047,-900,348,-1484,-3022,-1235,-2204,806,-768,-2648,-1361,-1064,-901,-2107,-731,2940,5355,1540,-1134,-1870,-2670,-2268,2347,5393,-729,-6540,-4156,-2005,6455,10140,3061,-1102,-844,-691,-2309,-303,-5585,-11745,-13731,-13333,-9377,-8920,1829,9184,6626,13290,11979,6152,1470,1675,-3783,-4325,66,-467,-1672,-2104,-3341,-1153,149,-805,-627,2264,3217,700,-2077,-1564,2221,2495,-2755,121,170,165,-122,-1918,-3505,-601,-736,746,-2963,-4201,-5137,-2563,3238,15792,15372,10389,2174,-5218,-941,6761,574,-4323
89,181.4400000000000261,91,-5429,-9073,-5729,-3749,-4780,-3547,-354,1467,2697,3835,2986,4559,5844,7161,5955,1542,951,2606,11296,20340,16230,-2945,-8086,-7929,1503,5505,-1451,-5267,-1811,-1777,6,1193,-3478,-2575,3376,1956,2401,2973,-767,-2489,-4294,-3138,-2417,-1137,-516,1443,1218,1634,-38,-1495,-3299,-2082,-909,1203,-518,-3253,-2001,1368,4117,69,-1892,35,-566,869,5452,3802,-3307,-7714,-3807,-1380,14,756,-1687,-5616,-855,6730,12395,11908,3116,-3502,-4732,-4127,5620,9133,699,-5662,2203,8749,11724,8007,-1873,-1922,-3517,-7482,-7644,-4035,190,648,6138,7143,2798,2116,-1714,-4265,-3396,641,4745,-99,-3621,-3082,592,2554,-841,-2492,81,-938,-1834,-1669,2309,3091,-172,-2148,-754,-813,-1621,-295,2118,2497,-3224,-5385,-3909,852,8892,4324,-1980,-2670,-3770,-3212,-4684,-3190,-6222,-7894,-11491,-4220,4330,-269,6449,9113,7679,14017,14330,10464,5801,7202,1090,1850,3497,1169,1716,18,-2466,-3132,-2289,-1028,-2319,1865,5640,290,63,-2393,-1429,473,37,-445,3181,2999,-2042,-2234,-2121,2084,3938,1311,1431,1654,-5193,-5233,60,11556,14596,12391,4618,-1794,-2761,4691,3701,-4890
90,184.6400000000000148,3362,-3820,-8610,-5675,-4832,-5075,-3263,-4853,-4789,-4494,1221,6042,8886,9360,9328,5041,-901,-3037,-2805,5108,16841,25794,15230,-626,-8374,-5773,4033,2475,-4110,-2795,-2398,-3516,1761,-254,-4000,1255,2942,1560,1818,122,-3735,-4425,-2094,-574,437,2407,4608,4087,2862,290,-2656,-4874,-3096,-1112,36,-2252,-4393,-4839,-1769,3883,2600,-1540,-1613,-1699,-912,4199,5412,725,-5378,-2654,-2676,-1814,1099,21,-5409,-5971,-2458,3349,10233,7639,614,-2936,-3334,2338,7895,11766,8755,8349,12719,10356,661,-5597,-2124,-4720,-5766,-5856,-527,3994,5423,6865,4472,2950,603,-2402,-5513,-4192,2607,5419,-176,-2994,-3005,2271,3960,-1035,-848,1735,1261,-1303,-322,3685,1542,-5005,-3926,-157,212,-438,-510,1244,-2589,-1453,-1606,-2506,4039,3555,-1381,-1489,-4063,-4929,-3993,-3778,-6518,-6185,-3452,-5238,6407,15125,10959,9332,6350,6458,10732,8379,9574,8229,8038,4735,5457,3577,753,2096,697,-1439,-3634,-5101,-1702,-2741,210,4473,280,1252,-945,-3694,-892,2737,-524,5298,2273,-3327,-3200,-712,4494,5611,139,3344,5433,-3453,-5409,-502,2252,10554,10589,4616,2956,-1197,1337,5412,-1799
91,187.8400000000000318,4227,-1116,-4139,-3770,-4731,-3620,-3760,-6807,-7912,-9369,-3528,7862,12119,12106,8228,2054,-4316,-8139,-7571,-2613,7812,23476,26384,7951,-3783,-8301,-831,4634,-377,-3210,-2230,-3614,-832,1389,-2028,-1274,2755,1105,138,275,-4190,-3575,-1390,487,1662,3640,5531,5789,4006,1193,-2160,-3519,-2238,-589,-1392,-2687,-3695,-5572,-3725,1604,3778,302,-2150,-1191,-1033,2650,5375,4766,-1428,-1952,-3593,-3195,-931,-453,-3965,-8203,-7587,-4122,4561,7623,4592,26,-1701,-1327,4308,16954,19787,11433,11433,5038,-5281,-4778,-3848,-5149,-4115,-3005,2549,6739,7884,5556,1549,2053,468,-2436,-5343,-4046,3226,2811,-612,-1614,-1014,2694,3335,-575,1979,3528,2997,-166,543,3050,-813,-6311,-4405,333,454,992,458,100,-2185,-637,421,875,2929,-2391,-1781,-35,-3088,-5290,-4433,-4616,-6259,-4096,-1985,698,11254,13359,14861,8054,4331,5309,5129,1790,6776,7009,7767,5595,4596,1809,-341,149,-175,-855,-3571,-5464,-1304,-943,-381,1854,662,952,1852,-3153,-2337,2540,2271,4303,567,-3771,-5526,1208,3460,4394,-356,3574,3765,-1365,-2342,-2769,-4497,4145,6092,4248,3786,183,-1126,4400,3139
92,191.0400000000000205,2762,792,603,-1173,-2128,-1197,-3755,-6690,-7057,-9351,-6584,5991,11582,11079,4652,-1615,-7034,-10956,-10574,-7742,-1173,12724,25583,14311,1741,-5669,-5496,3109,4092,-2143,-1949,-1117,-2255,192,1046,-2172,1087,1351,-815,-432,-3615,-2516,-920,800,2330,3706,4781,5628,4177,2424,605,-84,-493,128,-1587,-2195,-1616,-3933,-4362,-1534,2891,2283,-1991,-448,49,1279,4202,7521,2807,-2429,-3995,-3682,-3179,-2432,-2868,-6758,-8125,-6594,-1132,5347,6355,3468,171,-3341,-905,13128,19679,11811,6865,-758,-5987,-3097,-5266,-5706,-2587,-30,4497,8199,7445,3296,-349,529,901,-2422,-4277,-2753,1417,-734,-590,10,1467,2084,1316,1230,4013,4854,2690,710,1475,1520,-2525,-5682,-3394,832,252,440,430,-683,-1881,-226,2151,2930,-951,-3576,-1546,1291,57,-4541,-6377,-4147,-3530,-533,-2170,3060,7953,6913,11973,5522,1261,2006,150,-590,2743,4931,5766,5370,2363,-55,-1415,-1492,-644,-1839,-4347,-4740,-2224,1102,963,-780,131,244,2360,-294,-2103,-49,5641,1261,-318,-2962,-5474,250,1016,1451,2530,1616,-1291,191,305,-5955,-6922,-1897,585,4608,1705,159,-1371,2384,6883
93,194.2400000000000091,25,1377,3472,2260,741,1319,-2413,-4337,-5266,-5137,-5208,1013,7489,5621,1349,-3888,-6703,-9570,-10747,-9974,-7895,265,15594,16633,6311,-1072,-6967,-1451,6735,917,-1552,1478,-1238,-1287,2150,-1051,-1441,1521,-358,-1683,-2107,-1877,-776,900,2556,3562,3485,3699,2963,2986,3399,3358,1091,974,-193,-635,974,-889,-3657,-3493,1128,3333,-1684,-458,1351,731,2913,7925,6794,-2516,-3974,-3531,-4908,-4571,-3512,-4322,-5880,-4717,-3930,1461,5295,5194,2420,-3219,-4512,3707,11004,9456,3006,-3656,-2984,-2715,-6423,-6247,-887,1906,4683,6995,5249,1355,-583,-236,326,-2566,-2892,-1438,-1201,-2951,-699,2069,2983,670,-951,3333,4972,3881,1589,1476,2025,-504,-3200,-3989,-607,876,-325,488,-229,-1743,-1221,1564,3252,3095,-3550,-2906,-896,1460,2188,-1874,-6355,-2374,-224,3010,2859,5329,1536,2552,5805,973,-650,-2808,-3138,-1318,-321,1972,2049,4365,881,-719,-543,-1855,-731,-2674,-2664,-3177,-3617,869,488,-2803,-2715,-1687,400,1865,-48,-1151,4861,-1113,-136,-956,-2829,-2066,-2740,-1552,5161,-597,-3600,-380,-1082,-7419,-7040,-7652,-4681,3073,2237,-621,-2852,1837,7702
94,197.4400000000000261,-1631,1126,3716,4665,3318,2217,-457,-331,-3562,-256,-1368,-3786,-768,-1011,-782,-3629,-3010,-5163,-8627,-9711,-11710,-8994,2917,13530,9889,2625,-5199,-5358,4965,4771,-499,2017,1017,-1263,897,716,-3175,309,782,-2470,-920,-1126,-743,804,2232,3076,2410,1322,1195,2218,3771,5043,2653,2184,1699,1771,2460,1655,-2087,-4117,-657,3431,-133,-1472,1393,985,2172,6058,8718,353,-3319,-3463,-5447,-5335,-5200,-4367,-3673,-2319,-4038,-2055,2681,4381,3666,-1331,-4950,-4827,2028,6121,1835,-1935,-1399,-2662,-7122,-5669,20,3160,4238,4019,1880,767,410,-7,-1679,-2457,-1441,-845,-3052,-2994,-442,3601,3098,-546,-2006,3875,4085,1771,563,1700,1685,-1894,-3346,-1275,1491,20,-823,1276,-1020,-3138,1168,2246,1693,1877,-3715,-2394,-1434,445,1859,-790,-3398,-3228,2352,7171,10097,6233,-1025,-2105,-182,-3562,-2705,-5225,-5595,-1975,-470,-1304,-1309,2802,1168,868,698,-645,-554,-2296,-567,-939,-3461,-1527,-1077,-3075,-3357,-3663,-1998,190,-571,-372,923,-68,-1001,3467,1800,-3426,-6143,-2718,2440,-1679,-2806,-2055,-2801,-6182,-6045,-10462,-7488,863,4482,1240,-3679,1567,5867
95,200.6400000000000148,-1986,1564,2784,4094,4085,2046,2073,2693,798,3852,2326,-5612,-8245,-6229,-2493,-1397,1538,-99,-4811,-8029,-12461,-13892,-7922,6113,10954,5197,-1687,-6192,-875,5750,1318,461,2775,442,-635,1121,-2569,-1588,906,-2084,-213,121,-577,559,1224,1866,1725,-104,382,1050,3351,4928,4156,3238,3040,3445,2531,2318,166,-3100,-1910,1934,2228,-2284,-719,1303,2058,3130,7397,4813,-475,-2917,-3725,-3449,-4415,-5580,-4019,-1996,-3761,-3761,-566,2260,3152,1110,-2261,-8105,-3824,3178,2542,1449,-612,-3479,-5700,-3666,851,4147,3646,483,-419,1191,1674,-151,-3401,-2262,-36,185,-3228,-1886,190,2891,2298,-655,-2069,2082,1870,53,-366,568,580,-2602,-2349,1358,1522,-1451,-536,94,-1749,-2637,1324,1866,416,-545,-2182,-3806,-1901,-1515,-477,811,-93,-1500,3982,9205,10904,5986,533,-3450,-4486,-4781,-3389,-3751,-4279,-2248,-448,-2988,-2534,-422,1448,1970,2062,1651,765,1278,1623,883,-373,-2793,-2928,-1849,-2716,-3688,-3395,-1860,-556,-317,-2111,1638,-420,6819,6526,-2956,-6791,-2746,-1869,-1244,-736,-1903,-2810,-3198,-4509,-9184,-7567,-834,4646,4808,-240,-537,3782
96,203.8400000000000318,-1917,1455,1946,1656,2505,1877,3531,3799,5587,6859,4144,-4810,-11029,-8086,-3282,960,5088,3743,-721,-5413,-10701,-14950,-14709,-3027,7344,6684,1838,-3689,-6197,2634,3058,-1565,2446,2324,-677,111,-686,-2674,-794,-472,800,1497,-245,-203,-172,10,693,-435,607,1272,3625,4244,4592,3486,2884,3376,1430,1560,1494,-954,-1925,-123,2816,-1706,-3289,840,1794,524,4572,7594,4466,-297,826,867,-504,-3694,-5704,-4168,-4728,-4818,-3426,-117,1344,2491,1517,-5919,-5770,-173,3503,3598,-183,-3662,-2633,-1515,2185,4215,3093,-2345,-1014,2014,1877,-1218,-2660,-1916,1336,1092,-1643,-159,679,851,1049,-404,-1881,-465,-353,-1591,-1183,-1316,-544,-2622,-434,2937,630,-2353,-292,-1501,-1077,-387,1215,678,-57,-1549,-680,-4376,-2164,-3050,-929,2109,5034,3677,5648,7204,7101,4671,2484,-1836,-7227,-3984,-2211,-487,-652,-2973,-1830,-3043,-2653,-2899,119,1080,3241,3659,2114,4340,3680,2653,3050,-1928,-3584,-1778,-1438,-2013,-2522,-2601,475,-693,-2987,1997,2884,6168,10152,-165,-2783,-3390,-5097,-610,62,-961,-2156,-157,-3212,-6028,-6431,-2499,924,5680,4119,-2263,1291
97,207.0400000000000205,-1091,279,751,-250,899,1648,3268,3367,6695,7097,4061,-2968,-9143,-6852,-2591,2289,6098,4949,2295,-2108,-7606,-12312,-15886,-10018,-129,6243,5291,401,-7356,-2196,3203,-1339,386,2637,625,-769,623,-2521,-3269,1292,2798,2665,-31,-1044,-1463,-1915,-940,-305,1023,2610,3723,3428,3458,2796,1359,1829,-303,481,1217,242,-1741,-1548,1792,-421,-3743,-987,1595,-349,1356,7557,9114,4686,5369,5556,4776,2293,-3633,-6766,-6376,-5915,-5727,-2504,-334,1992,2808,-1296,-4890,-3272,2139,3317,-1029,-2474,-199,153,3015,3676,1742,-2894,-546,2110,438,-2028,-1405,-1021,2488,1964,345,1688,1187,-591,-576,-83,-1168,-2100,-1992,-2152,-2198,-2335,-1680,-1447,466,3233,-283,-2580,-360,-2074,727,3023,1810,-178,-419,-1317,221,-2636,-2870,-1489,752,3697,7445,7785,7610,3786,2572,2008,3371,-620,-6642,-2833,188,2604,415,-2910,-2836,-2412,-2850,-3496,-955,177,2696,4454,3054,4434,3659,4235,5080,918,-1544,-1122,563,-84,284,-1575,455,-3,-3744,462,4690,5591,8674,3819,1422,-3197,-4695,-441,-515,-659,-303,2336,-2051,-2144,-4001,-5649,-2591,3778,6419,-1560,-2521
98,210.2400000000000091,-530,-648,-875,-1072,608,1835,2504,1426,3461,3803,1974,-683,-3625,-4488,-2146,2470,3895,3312,3613,708,-3668,-7327,-12759,-12682,-6791,2723,7439,4241,-3722,-5369,1553,1370,-1060,931,1325,-24,939,-2257,-4476,1220,4879,3414,325,-1435,-2322,-3054,-2541,-611,702,2347,2165,1911,1087,1291,-88,-221,-1096,95,749,-87,-1926,-2092,227,516,-1874,-2216,665,-167,-822,4537,9966,8363,8538,8597,9843,8563,3136,-4952,-5821,-6424,-6801,-4430,-1650,193,512,1891,-3535,-5577,-2334,259,-2008,-962,1473,1712,2809,2506,-88,-1294,209,436,-1319,-1370,-1044,978,3011,2529,1665,2354,1840,-505,-1332,-151,-501,-2612,-3075,-1798,-2434,-1892,-2244,-96,911,1955,-1058,-2510,-1191,-709,2402,5390,313,568,400,-1416,-847,-137,-2051,1114,2925,5392,5650,7189,4507,-373,-906,-308,3012,531,-3175,-550,2627,3227,-612,-2056,-3803,-1378,-2121,-3066,-1874,143,1118,3706,2709,3409,1964,4233,5068,3344,1525,816,1955,1966,2316,1152,258,-632,-3012,-2108,3548,4797,3658,7567,2430,-1359,330,-191,-1197,-532,1659,1673,615,463,-1055,-7278,-3712,702,5783,737,-5474
99,213.4400000000000261,-1452,-693,-1645,-1317,284,1520,891,-155,-335,-777,-1042,499,990,-2100,-2584,1392,651,715,3338,2838,892,-2369,-7921,-11806,-9495,-2041,6289,6870,2105,-4217,-1237,2929,-507,-788,577,1158,759,-2178,-3269,10,4921,3756,1370,-1189,-2403,-3286,-3179,-1379,-688,-679,-892,-599,-1510,-293,-950,-1131,-742,325,930,-710,-2589,-2583,-938,1001,421,-1823,-1150,-461,-1231,704,5939,8786,8677,8614,11614,12844,9877,2754,-1354,-4877,-5377,-5641,-3677,-1728,-2092,1625,-3040,-7000,-6854,-3579,-2378,1040,2813,3860,1780,425,-842,706,556,-1506,-2172,64,-398,3285,3260,2081,2117,1527,2067,518,-1329,-246,279,-2320,-2629,-1852,-1593,-433,-1811,602,1490,-203,-1459,-1786,-1392,1685,4439,4634,69,921,1073,-357,-1738,1566,581,1525,2707,3417,2569,3262,-1444,-4851,-4557,-678,-449,742,555,1682,4144,2337,-1549,-915,-4402,-1403,-1433,-1695,-1936,366,188,338,813,239,743,3875,3507,3128,2355,783,1503,2655,2176,3986,-139,-1495,-1061,-3973,1532,1642,-536,5825,3150,-35,2312,362,-1349,-778,2840,794,1937,1554,1042,-3921,-3840,-1558,3580,2475,-5386
100,216.6400000000000148,-2444,-768,-1163,-1152,-370,890,-534,493,-586,-2844,-2607,-248,1404,-330,-2678,-364,-1963,-1807,1628,3997,4527,1291,-3692,-8628,-9163,-5124,2006,7177,6897,138,-2884,1819,703,-1204,7,1420,518,-1602,-1244,-628,2667,3692,2664,-224,-2138,-2919,-2902,-2236,-2526,-4054,-3737,-3179,-3321,-1427,-785,-669,81,683,1261,-396,-2756,-3215,-1222,986,1788,-842,-2299,-1266,-647,-1775,129,5448,5077,5423,7817,11887,13610,10724,5528,75,-1383,-4933,-5244,-3600,-3564,-1028,-3149,-7350,-9649,-6433,-1114,3062,4211,5035,925,-1546,-968,1880,-215,-2849,-1437,844,1485,4471,3056,1591,2061,492,1641,1276,-730,-28,951,-1543,-1328,-1996,-64,682,-834,890,991,-1721,-1278,-591,-273,3094,4946,2267,1145,-379,557,-1187,-1737,2220,2571,1569,1730,743,-318,-719,-4236,-6864,-7306,-1138,-2820,-1203,2931,4022,4063,433,-1330,-23,-2733,-1836,-1810,-640,-1080,238,-380,-2844,-1401,-2372,-361,2492,1661,1690,1490,-47,-10,1228,1085,3792,509,-1026,-766,-4275,105,-2087,-1851,1435,3734,1303,732,199,-76,818,2553,1058,1028,1438,2101,727,-3299,-2651,761,2753,-2399
101,219.8400000000000318,-1927,-1606,-477,-469,76,142,-353,1731,1785,-1641,-1903,-1183,-823,26,-1615,-1772,-4020,-3554,-368,3784,6668,3958,-550,-4556,-6862,-6198,-2452,4379,8403,4628,-1669,-455,700,-336,315,999,-175,91,542,-351,-252,2828,3634,1183,-1422,-1953,-2278,-2803,-3667,-5156,-4912,-4938,-3972,-2046,-152,404,948,988,1240,1181,-1312,-3137,-1788,803,2218,-113,-2289,-1523,130,-2353,-3925,-524,-279,-553,865,4436,10294,12424,10204,5905,3222,-1012,-4123,-5120,-4600,-4459,-4318,-6827,-10030,-6743,1236,3865,5082,4642,857,-2319,-959,1590,-1767,-3244,-202,1279,3539,4014,1793,1261,1128,-176,564,612,319,338,1212,-608,-825,-1103,1214,724,-167,618,165,-1985,-638,909,1583,2939,2816,-95,-53,-1955,-2270,-2148,55,1461,3606,747,443,-725,-1141,-3255,-4112,-5809,-6299,-2494,-3713,-2588,3476,5325,1834,-251,-230,1423,-308,-1837,-1992,-334,625,265,-730,-3711,-2993,-2752,-688,399,-261,526,306,-571,-408,-1126,-42,493,1806,-356,-772,-1767,-1256,-3768,-2461,-518,2204,1623,-654,-592,1802,3700,1708,1452,-306,1518,3164,2760,-1723,-2715,-1574,1886,1315
102,223.0400000000000205,-133,-2023,-948,91,834,-515,567,1954,2196,243,-220,-479,-1264,203,83,-2776,-4503,-3971,-1487,2788,7204,6261,2418,-792,-3353,-5598,-5077,-160,6474,6716,1227,-1704,-177,296,965,736,-834,1803,2349,-9,-2244,1177,3949,2599,126,-533,-1509,-2798,-3554,-4002,-4568,-5372,-3645,-2111,303,1284,1447,1043,785,2965,1759,-1868,-2494,-23,1776,114,-1725,-777,687,-1403,-4596,-4814,-4082,-4936,-5133,-3128,1637,6940,8150,8340,5891,3417,-756,-4213,-5014,-7046,-6049,-5342,-8152,-4701,2522,3796,4705,3952,46,-2100,-556,-111,-3202,-1957,740,1707,4297,2814,280,671,-125,-577,-377,-540,718,634,1538,355,-1021,113,1318,-36,60,104,-156,-1039,721,2615,3272,2453,38,-1969,-1348,-3272,-4786,-1100,2886,1475,1410,-255,-129,-93,127,-2988,-3808,-2128,-1418,-4184,-4746,-2153,3046,4222,-601,-590,904,2932,987,-654,-2221,98,1407,559,-710,-2959,-2903,-804,169,-1496,-1691,-480,-692,-453,-540,-1940,-1615,-2089,-128,1321,-168,2109,-3021,-2489,-2383,-1030,1870,1869,-2042,-541,3386,5381,1041,493,-1104,1314,4084,3155,70,-1735,-2783,860,3703
103,226.2400000000000091,1926,-1213,-1433,-25,112,-977,795,1185,-400,552,1132,1267,1043,988,1367,-2800,-3980,-2363,-979,1925,6470,7433,5460,2660,214,-3668,-5762,-4203,2313,5511,3417,-1308,-825,77,1007,796,-313,2490,4053,538,-2932,-708,3037,3454,1582,864,-602,-2178,-2614,-2035,-3674,-4445,-2356,-1631,781,1760,1501,803,389,3193,4148,213,-2585,-962,564,-312,-1379,-438,879,-58,-2735,-5342,-5183,-6056,-7930,-7335,-5421,-1005,2415,6089,5644,4906,2087,-728,-3958,-7210,-6763,-3336,-4530,-1619,2437,3509,3625,2493,-1256,-1207,-159,-1882,-2567,259,1553,2167,3354,1302,-896,-452,-1228,-178,-1139,-1415,475,472,1235,829,-1101,672,432,-780,259,205,-449,371,2306,3990,3721,1288,-2408,-3170,-2141,-4130,-4689,734,4085,2930,-652,378,-738,1518,1338,-1412,-2726,1269,2851,-3096,-4063,-1352,2052,1970,-2608,-1957,1820,3188,1586,1554,-1112,296,1084,175,-742,-1065,-1123,639,1138,-2401,-1677,-973,-1357,-35,-1101,-1010,-2387,-2561,-1885,1373,411,3745,-3016,-1253,-1313,-1697,1431,1842,-1209,421,4391,3973,593,-1263,-1404,497,2283,2716,1288,-1166,-3199,-506,4826
104,229.4400000000000261,3517,444,-1097,-561,-1830,-1730,-445,-1687,-3330,-1190,1354,2054,2734,2008,1830,-1618,-2573,752,994,1731,4727,6964,7535,5231,3030,-1004,-4881,-6352,-2222,2074,3629,-38,-889,-297,170,296,1016,2553,4444,1603,-2350,-2283,958,3283,2477,1386,186,-833,-1299,-410,-2298,-2697,-708,-975,917,1537,1228,702,499,1942,4004,2178,-1939,-1205,-858,-1114,-1300,-954,187,682,-134,-2791,-3647,-4205,-6142,-7629,-7922,-5568,-1203,2021,3285,3695,2765,2458,-1352,-4781,-5552,-1897,-520,1419,1972,2378,1854,-168,-2117,-244,-1117,-2557,336,2198,2131,1989,1386,-441,-1613,-2065,-1490,440,-1508,-1748,-288,-213,625,162,-517,0,-831,-809,1108,600,-116,1938,3155,4655,2772,-1065,-3838,-3321,-3426,-3302,-1301,3028,4360,4222,18,702,-1008,1256,1474,-188,-58,2027,2667,-1377,-1529,-474,1200,-1158,-4067,-2511,1736,2683,1674,2867,1310,84,116,-809,-1121,343,1314,841,522,-1965,-2090,-898,-508,216,-418,513,-1837,-2415,-2904,-1230,1823,3096,-484,-1118,-615,-1254,402,1828,818,665,2536,965,-611,-2717,-202,-214,-686,1221,2162,-896,-2870,-1367,3619
105,232.6400000000000148,3325,1946,-354,-612,-2815,-2323,-2285,-4863,-5125,-3441,-359,1265,1896,1995,1651,-616,538,3644,3610,2114,2140,4941,7795,6389,4603,1566,-2710,-6558,-6046,-1577,2080,1250,-249,-910,-1320,-1151,1716,2800,3153,2625,-806,-3187,-1059,2185,3009,1126,668,713,34,751,-300,-527,698,-348,365,590,976,913,908,473,1881,2773,-287,-878,-1919,-1635,-1692,-1779,-1335,251,1413,223,-1004,-882,-1552,-3763,-5146,-5010,-1897,-596,966,1778,2323,2606,797,-1405,-3045,-967,2638,2694,1248,1047,-356,-2996,-1425,176,-2553,-1490,3181,2823,1869,793,-688,-1969,-2142,-2845,-618,30,-1634,-1510,-825,-694,-391,-726,-260,-1525,-1838,-117,2143,1134,1205,3126,3441,3949,822,-3000,-3668,-2433,-2674,-307,2931,3809,3834,3411,1529,384,-38,623,733,1421,2092,1586,313,-951,-169,1321,-627,-3532,-4037,-2017,959,930,1170,2406,3411,511,-1207,-1573,-1351,621,2280,753,-883,-1341,-2563,-424,1020,817,1165,1092,-7,-2081,-2573,-2753,2287,1732,2025,-1471,-615,-168,-681,2003,2051,674,-1319,-2255,-2493,-1966,796,35,-2289,-308,2212,-308,-2006,-1633,811
106,235.8400000000000318,1491,2438,910,-297,-2064,-1862,-3587,-5626,-5166,-4566,-2664,-1052,139,955,733,573,3458,5436,5387,2269,-441,1726,5927,5974,4767,3110,179,-4586,-7846,-4730,-56,1908,924,-1319,-2795,-2811,1246,2734,1463,2709,907,-2662,-2321,676,2906,1085,814,1697,1190,1601,1685,1678,1578,-80,-346,-419,850,1151,1006,-597,-497,1899,1440,-549,-2324,-1838,-2226,-2611,-3022,-1225,1221,1317,-186,755,1702,790,-213,-1333,-893,-711,-588,364,1755,426,755,1403,-400,417,4684,2695,537,-356,-2465,-4117,-262,-561,-2504,872,3711,2250,310,-703,-2016,-3048,-2382,-2118,164,-989,-1712,-915,-753,-626,-1196,-1090,-439,-2263,-2229,846,2510,1585,2653,3303,2893,1974,-1103,-3567,-2764,-1251,-450,2803,5323,3455,1671,736,2528,440,332,-399,-75,1571,2009,1880,-968,-836,237,2112,-2563,-4091,-2099,-1219,-506,-1617,1066,1390,3921,1327,-1641,-1900,-1470,214,1210,-412,-1867,-854,-1098,292,2089,1149,2166,1377,1916,-1351,-1266,-1571,360,239,2270,-1108,-153,308,-1055,1269,2419,708,-3447,-4140,-3047,260,1671,394,-2462,-997,1111,-41,-1422,-1304,-1502
107,239.0400000000000205,51,1602,1794,-478,-548,-732,-3484,-4177,-3762,-4184,-4030,-2984,-1625,-35,-380,1555,4922,5797,5301,1893,-1885,-1356,2497,4273,3797,3898,2421,-1195,-7037,-6648,-2424,1351,1822,-963,-3534,-3824,-229,1660,440,1691,1937,-1172,-2718,-745,2033,1591,854,1909,1908,2058,2915,3156,1707,22,-823,-995,764,1014,548,-905,-1896,208,2386,-457,-2037,-1965,-2366,-3138,-4190,-2787,8,951,-14,533,1588,2217,2202,1499,601,888,-989,-441,939,-782,319,2726,1727,2551,5533,2350,10,-1879,-4064,-2814,-79,-1662,-557,2082,2139,1127,-1467,-1517,-2518,-3161,-1892,-537,310,-1892,-1660,-184,-173,-169,-1327,-867,-147,-1528,-1293,1681,1833,1967,3232,2578,1357,-649,-2476,-2834,-1724,-460,1431,4587,5882,2069,-842,-1435,1028,182,121,-1966,-1036,90,1146,1796,-883,-758,661,587,-3345,-3574,-11,222,-1705,-3278,588,367,3061,2121,-764,-1666,-1149,-72,-599,-1397,-1879,-79,745,630,2710,1231,1797,1830,2314,504,-297,675,-1357,-739,618,145,-387,654,-96,-506,1491,922,-2801,-3582,-2273,1620,2642,776,-630,-798,-577,-603,-959,-1065,-2454
108,242.2400000000000091,-456,600,1727,-503,738,764,-1760,-1426,-1394,-2345,-3842,-3441,-2445,-1623,-1114,1980,4963,4966,3585,859,-2709,-3541,-1087,1549,2183,3809,3651,2090,-4077,-6553,-4497,-59,1749,-57,-2953,-3690,-1841,-312,-310,408,1817,420,-2043,-1763,799,2146,1154,1593,2047,1973,3108,3609,1615,279,-1105,-1217,526,652,124,-676,-2420,-1406,2012,-159,-1390,-1601,-1918,-2903,-4279,-3281,-1612,-210,742,313,485,1377,1645,1966,1055,1862,291,-588,-148,-299,1404,3101,3500,4349,4603,1257,-737,-2757,-4083,-688,-537,-1435,1727,1706,527,-305,-2009,-1998,-2515,-2504,-963,911,89,-2293,-1393,417,488,160,-1076,-270,792,252,942,1782,627,2302,2841,1350,-174,-2757,-3243,-1642,-623,-392,2303,5005,3890,328,-2721,-2826,-1104,-415,137,-2326,-1898,-1029,828,349,-216,422,1239,-652,-2730,-2893,859,1250,-2054,-4141,-250,-913,1472,2412,577,-1000,-533,-18,-1435,-1549,-978,124,1315,416,1543,1615,610,1544,1764,2027,1185,1699,-1219,-1965,-1675,401,-924,-297,273,-1432,587,1258,-301,-1654,-77,1793,2561,1431,1331,-229,-1542,-795,-501,-1288,-2286
109,245.4400000000000261,-1018,220,1097,533,1457,1846,1215,2168,1856,445,-1930,-2145,-1451,-2480,-1684,2082,3958,3580,946,-857,-2936,-4114,-3584,-1068,183,2469,4027,4250,-87,-4393,-5239,-1780,587,651,-1120,-2267,-2615,-2316,-1171,-268,865,1312,-682,-1997,-224,2177,1805,1040,1735,1588,2478,3132,1575,618,-1124,-1151,-53,-12,-191,-291,-1816,-2052,186,228,-802,-600,-716,-1743,-3527,-2657,-2756,-1329,1954,1080,45,-351,-556,688,274,665,1724,81,-461,617,2850,3628,5454,4721,2511,-85,-1615,-3215,-2392,380,-991,310,2417,703,-664,-1235,-1081,-2720,-2100,-1767,-54,1234,-544,-2067,-734,663,648,314,-749,597,1911,2569,3063,1259,14,2004,1449,2,-1693,-3855,-3056,-628,165,-3,2503,3043,131,-616,-3998,-3255,-2137,-66,2,-1433,-3002,-1208,1299,-783,110,1998,2351,-707,-1492,-1639,1091,1685,-1336,-4067,-1021,-1829,50,1473,2099,36,-208,-87,-1060,-362,784,146,1256,532,-362,1596,-356,257,757,2352,1989,1784,1061,-3075,-4020,-290,-198,-1208,-462,-1105,269,752,871,115,2072,1760,1094,1956,2153,391,-1278,-226,-84,-1290,-1646
110,248.6400000000000148,-1817,-306,407,1711,1658,1919,3733,5385,4981,3491,902,542,435,-1927,-1594,2146,2622,1348,-1695,-2252,-2602,-3516,-4554,-2554,-1277,496,3307,5015,3597,-1005,-4140,-3063,-1123,794,1141,-143,-2225,-3471,-2056,-608,-24,1306,314,-1537,-924,1555,2277,746,1151,974,1522,2130,1303,829,-802,-1090,-909,-753,-617,120,-295,-1716,-1658,341,93,677,506,3,-2290,-1628,-2546,-1085,2275,2258,182,-1891,-2853,-1841,-1198,-1181,1360,1028,453,1162,3211,4134,6522,3542,578,-778,-1914,-2991,-226,-16,-264,2048,1714,298,-1933,-1198,-513,-2735,-2013,-1188,644,260,-1270,-923,38,381,333,191,85,1600,2599,4413,4333,831,232,799,-498,-1545,-2923,-3945,-1918,393,715,767,2045,9,-2111,-1728,-3157,-3016,-2208,294,-431,-446,-3278,-1036,1168,-663,779,3138,3353,517,169,234,817,637,-347,-2628,-1420,-1375,-836,80,2416,811,165,-38,-29,1318,1931,568,897,323,-941,801,-174,-682,-659,1149,2313,1875,2454,-2836,-3817,-711,1002,-831,-1363,-175,561,-32,-616,909,2494,1743,-1461,1012,1603,394,-718,873,700,-1074,-1081
111,251.8400000000000318,-2771,-1119,18,2072,1558,1334,4452,6291,6290,5627,3349,2582,1888,-564,-38,1938,1009,-1579,-3594,-2993,-1954,-2307,-3882,-2827,-1944,-1234,1564,4343,5928,2790,-1367,-2962,-2528,251,2724,1982,-917,-3354,-2684,-1180,-384,791,533,-930,-1494,493,2003,911,620,287,621,941,890,823,-264,-1041,-1898,-1419,-817,332,1296,-484,-2313,-129,1502,1499,1061,1352,-407,-710,-1613,-376,726,1939,253,-2110,-3629,-4226,-3052,-2222,-293,1134,1035,1648,2559,4057,5718,1849,-503,-674,-1857,-1803,1004,-326,1247,2579,793,51,-2596,-927,-769,-1704,-2081,-345,614,-1357,-1380,852,828,-117,-179,-16,1307,2674,2936,5032,4057,1083,612,-754,-2296,-2828,-3357,-3257,-609,1016,1246,1595,611,-1838,-2921,-3300,-985,-2495,-1443,-55,-95,-137,-2188,-811,-426,-319,1577,3620,3477,2256,1574,2090,211,-910,207,-17,-1331,-470,-1175,-810,1206,1529,814,560,796,2027,1972,1083,300,-229,-759,8,521,-1024,-1371,-442,2071,1324,1486,-1275,-1445,-249,1022,-268,-1209,726,1570,-1002,-2154,5,1680,628,-2399,-866,613,161,264,2006,1358,-595,-747
112,255.0400000000000205,-3020,-1895,-211,1340,1177,213,3192,4652,4931,5497,4273,3288,2057,1145,1847,1424,-839,-3616,-4257,-2936,-1108,-687,-1960,-2079,-1919,-2313,-878,2429,6236,5467,1837,-1321,-2506,-415,2889,3285,669,-2097,-2565,-1868,-471,191,184,-517,-1743,-712,1232,1161,428,-218,-92,-197,210,590,254,-866,-2412,-1628,-632,233,2053,1319,-1463,-743,2362,1787,1395,1867,1782,334,-663,-386,-1478,236,443,-635,-2048,-4240,-3628,-2310,-1743,-79,475,1642,1446,3011,3773,568,-594,-461,-1834,112,1067,524,2296,1962,659,-1242,-2003,-1265,-1039,-571,-1379,720,-4,-2448,-650,2218,1147,-424,-588,317,2233,3275,2907,4314,2470,1321,245,-2455,-3225,-3742,-3254,-2051,679,1194,1392,2128,-284,-1816,-3489,-3531,-19,-905,3,-797,-63,-891,-23,-99,-2292,-582,1665,2886,2949,3320,2375,2855,422,-1082,653,2841,-431,113,-1169,-1007,-272,1615,1525,964,1229,1704,1035,1010,-143,-583,-902,-646,650,-733,-1239,-788,1314,924,-640,911,710,529,-254,-91,-17,1346,1779,-1530,-2332,-1437,-117,-1025,-1322,-1995,-370,410,1123,2275,1658,309,-300
113,258.2400000000000091,-1573,-2512,-849,4,35,-836,925,1124,1694,2967,3507,2913,1193,2403,2930,578,-2556,-4340,-3752,-1860,-108,944,216,-846,-1053,-2570,-2927,-338,4273,6072,4035,414,-1345,-344,2023,3497,1796,-344,-1644,-2068,-674,-279,-192,-345,-1697,-1536,265,968,616,-318,-621,-1162,-826,416,540,-534,-2018,-1300,-139,-31,1505,2525,177,-746,1825,2010,1914,2070,2973,1273,-18,-627,-2397,-1659,266,1260,669,-1737,-2693,-1801,-2255,-1369,-134,314,427,1364,1735,110,-328,-478,-1148,1644,884,2342,2356,1138,250,-2486,-940,-1981,-1180,-87,115,1648,-685,-1929,505,2245,752,-265,-431,845,2556,3089,2450,2221,266,45,-1264,-3744,-3401,-3983,-2775,-310,1428,1168,1188,1820,-42,-1308,-3115,-2206,-338,1218,699,-1093,-727,-1235,2109,381,-2323,-1457,698,1501,2441,2518,3291,3125,1651,-271,733,4150,1157,859,-1233,-1064,-969,1285,1752,1310,1125,887,-131,563,-314,-1140,-869,-725,602,381,-911,-504,151,329,-1704,2087,2036,726,-1583,-778,628,1009,323,-982,-1118,-1841,-1890,-1924,261,-2010,-1527,269,1541,1400,1393,1299,288
114,261.4399999999999977,835,-2049,-2163,-1845,-1485,-902,-1374,-2282,-1314,-260,1600,1658,239,2764,2997,-513,-3559,-4182,-2372,-456,738,1744,1612,499,152,-1687,-3647,-2924,1012,4608,4612,1325,-367,333,1048,2699,2210,1116,-302,-1620,-890,-465,-310,-367,-1405,-1787,-703,440,834,23,-775,-1714,-1614,271,587,-135,-1041,-974,-93,-231,330,2411,1488,-89,191,1781,2354,2218,2573,1658,363,-122,-1778,-2880,-957,1556,2251,839,-1332,-1823,-2197,-1540,-89,-526,139,266,228,49,-199,-715,742,1896,1868,3654,1825,675,-870,-2244,-392,-2379,-1561,353,1981,1645,-758,-157,1204,1267,456,363,329,1309,2052,2059,1446,-836,-2085,-2157,-2972,-3933,-3091,-3107,-1653,1273,1256,1309,1086,873,481,-1058,-1763,-403,173,2666,839,-919,-1465,-616,2513,561,-1522,-1887,-409,143,1416,689,2996,2719,2263,811,708,3464,2494,1465,-1688,-1330,-1341,685,1393,1306,570,-523,-764,219,-301,-1170,-1159,-318,390,643,269,-6,-1198,-1021,-1376,2020,3180,-24,-1749,-1219,198,338,-1365,-80,1088,-951,-2713,-1936,692,-1217,-2048,-721,990,384,1014,1791,721
115,264.6400000000000432,2492,-618,-3030,-2841,-2178,-327,-2523,-3483,-2545,-1958,82,178,72,2582,2238,-1422,-3424,-3035,-924,519,1128,1607,1807,1193,992,114,-2749,-4143,-2131,1883,3935,1880,117,703,571,1583,1939,1795,799,-754,-931,-577,-215,-324,-868,-1542,-1362,-113,702,558,-634,-1680,-1492,20,402,201,-156,-936,-716,-270,-301,1306,2378,486,-1135,787,2542,2115,1798,1346,548,260,-1400,-2539,-1860,443,2204,2006,-48,-2650,-2021,-1085,213,355,515,-415,-675,-36,-270,-400,2302,1654,2966,3511,1548,229,-1363,-886,-887,-1859,-1533,1072,3236,848,-122,1815,1120,221,611,1103,1319,1713,1019,465,-297,-3735,-3925,-3778,-3843,-2913,-2119,-1170,20,2088,948,1435,1057,305,477,-693,421,1239,1457,2993,1107,-137,-1420,684,1341,415,-618,-1001,-1018,-1043,188,180,1757,1930,1580,2035,976,2113,2599,1687,-1717,-1846,-1414,91,1039,690,-33,-1394,-628,-11,55,-527,-1007,-671,-389,505,1155,519,-1532,-2085,-678,1380,3257,-497,-649,-559,-877,-721,-2094,741,2274,1619,-1492,-1260,-166,-59,-1677,-1088,-159,-643,615,1638,570
116,267.8400000000000318,2529,1231,-1965,-2238,-1388,178,-2004,-2716,-2032,-1638,-356,-688,684,2115,1173,-1910,-2191,-1150,191,1100,1072,721,995,828,1110,1605,-529,-3655,-4169,-993,2173,2183,595,666,348,617,1283,1794,1388,125,-657,-568,-109,-169,-431,-1068,-1494,-606,229,612,-333,-972,-655,-300,179,467,353,-967,-1393,-574,-351,158,2733,986,-1323,-515,2182,1741,1484,891,882,-142,-1232,-1328,-1502,-732,1569,2686,1388,-2159,-2133,-946,-35,1566,754,-1230,-1489,-126,-452,796,2174,1569,2687,1844,966,-285,-861,174,-1434,-582,-292,1797,3124,110,903,2786,1081,-118,1164,1706,1942,1638,-341,-1347,-2856,-5143,-4449,-4116,-3409,-1242,-764,1109,1984,2222,979,1377,1098,636,28,-457,2329,2013,2207,2368,1013,506,-610,1665,691,347,181,285,-1036,-1392,-1412,31,548,876,635,2008,865,950,1517,1365,-746,-2096,-1095,-402,565,-224,-521,-1475,-325,-275,255,492,28,-1057,-960,13,1054,1068,-694,-2241,-543,627,2068,287,97,-91,-836,-2043,-2182,730,2806,3328,879,-380,-1019,256,-959,-831,-802,-1110,101,1048,455
117,271.0400000000000205,1635,2528,603,-474,557,223,-505,-986,-909,-381,2,-602,1292,1362,103,-1796,-671,496,983,977,625,-175,-80,-41,444,2031,1776,-1700,-4433,-2901,-136,1766,1080,633,287,47,396,1402,1572,757,-209,-465,-133,31,1,-583,-1238,-885,-482,122,50,76,323,-444,72,626,559,-763,-1484,-1016,-355,-424,2030,1680,-397,-1098,777,1305,1411,784,1222,-291,-567,28,-250,-614,741,3010,2898,184,-1465,-1194,-753,1510,353,-1837,-2507,-563,-491,2098,1428,1425,1041,-478,-311,-524,-144,-77,-1063,497,1533,2320,1796,33,1574,2374,1145,319,1932,1985,1779,581,-1449,-3243,-4932,-4839,-3695,-2916,-1773,406,685,2981,3564,2199,891,1149,1135,838,-855,-273,2550,2006,2165,779,261,277,387,1343,372,263,1145,1343,-309,-1399,-2559,-696,-374,-609,-554,896,754,41,-98,363,312,-1719,-1085,-845,-123,-1005,-800,-1083,-325,-253,505,1459,746,-835,-1096,-520,239,1214,160,-1244,-311,-82,434,1461,800,334,-78,-2586,-1812,537,2992,3086,2310,592,-581,135,54,-548,-878,-1097,-295,362,445
118,274.2400000000000091,623,2916,3261,1597,1970,487,681,653,-247,348,197,57,1428,586,-647,-978,318,1440,1254,214,-20,-636,-828,-754,-356,1371,2894,931,-2991,-3430,-1801,911,1257,557,-3,-259,-201,908,1300,960,91,-227,-162,316,441,-194,-797,-916,-1081,-456,383,959,888,-340,72,635,593,-266,-883,-1022,-394,-486,659,2007,709,-647,-1096,701,1613,1020,1201,172,442,1038,944,360,339,1919,3409,2562,345,-944,-1133,117,-349,-2111,-3151,-1487,2,2477,1186,981,-1073,-2184,-1632,-800,116,-639,232,958,2773,2205,319,497,1415,1458,722,1082,2332,1720,759,-927,-1936,-4402,-5025,-3491,-2088,-932,326,1696,2070,3972,3945,2247,579,837,864,133,-1383,295,1462,1757,1181,-1090,-757,-426,998,162,9,-218,1630,2025,606,-1224,-2935,-1477,-1283,-1933,-1731,-266,695,-461,-1509,-702,817,-325,-1247,-1032,-958,-1063,-856,-120,-340,-286,610,1695,943,-567,-922,-402,-426,552,620,513,337,-424,-847,2072,1869,1178,752,-2121,-1495,841,2158,2048,2081,1605,449,461,861,-346,-634,-847,-646,-150,497
119,277.4399999999999977,-88,2618,4599,3153,2177,1356,1192,1192,11,133,-167,610,960,-312,-1171,-45,955,1337,1005,-420,-512,-722,-1084,-1157,-967,170,2404,2890,-622,-2696,-2397,-84,1148,292,-439,-448,-466,435,772,818,285,-37,-29,539,699,-3,-437,-839,-1310,-901,425,1278,964,-143,188,589,593,383,-72,-704,-444,-389,-446,1592,1441,151,-2088,-465,1629,1388,873,297,1373,1573,1596,1056,331,236,2166,3517,2082,-4,-912,-1454,-1103,-2103,-3154,-1996,1155,1795,1113,-65,-2605,-2879,-2285,-1082,-277,-256,1550,1314,2929,1424,-854,1001,974,621,239,1625,2049,844,-520,-2180,-2151,-4003,-3548,-1455,-101,1185,2112,2303,2770,3593,3047,1872,427,159,146,-761,-1216,704,668,1342,-278,-1791,-1352,-457,913,-859,-550,-760,1561,2689,1077,-967,-2896,-2518,-2081,-2693,-2199,-1110,387,-617,-1865,-1503,1196,1218,-742,-1156,-1456,-800,-476,442,-601,-536,475,1186,685,-294,-371,-180,-177,-84,600,1706,578,-475,-1365,1780,2282,2539,667,-1104,-922,121,1098,1049,1374,1588,1051,1040,1332,79,-271,-397,-584,-423,481
120,280.6400000000000432,-256,1898,4010,3473,1688,1903,1234,541,-263,-718,-765,446,131,-1017,-1465,624,1299,720,593,-608,-583,-398,-787,-1196,-1249,-898,832,3122,1679,-1358,-2170,-694,885,-107,-1083,-907,-539,138,327,501,271,200,221,621,821,198,-239,-675,-1149,-956,214,917,712,178,322,480,673,1066,665,-220,-441,-553,-1170,575,1652,436,-1725,-1802,672,1451,679,477,1703,1769,1723,1434,263,-878,454,2866,2741,896,-560,-2159,-1973,-1651,-2688,-1256,1802,855,756,-1213,-2752,-2659,-2073,-1341,-810,1165,2283,2149,2266,252,-1365,959,655,-39,340,1416,1342,-72,-1451,-2602,-2290,-2525,-1511,450,1593,2596,2860,2188,2531,1968,1353,889,469,-608,-813,-1560,-988,287,237,510,-1246,-1329,-1150,249,722,-641,-1554,-652,1520,2724,1311,-615,-2672,-3171,-2747,-2908,-2091,-1403,-136,-572,-1240,-1738,1338,2081,470,-977,-1521,-524,128,185,-685,-535,202,429,482,423,-218,-43,642,-608,732,1877,893,-1007,-1751,430,1421,2670,770,489,-185,-1038,-883,-244,687,969,1910,1256,1521,885,-150,114,-249,-394,384
121,283.8400000000000318,449,602,1950,2398,1039,1333,1037,-429,-1040,-1790,-1085,-68,-859,-1336,-1307,921,1233,171,101,-255,-176,233,53,-752,-1292,-1638,-775,1728,2923,35,-1589,-949,553,-490,-1591,-1514,-831,-99,6,249,150,275,482,550,779,463,-198,-432,-713,-620,-109,249,380,505,355,420,775,1564,1266,426,-297,-873,-1521,-571,1452,273,-671,-2169,-877,813,1145,1196,1532,1397,1429,1335,44,-866,-583,1213,2355,1345,-333,-2162,-2528,-1225,-1494,377,1216,306,-13,-1818,-1932,-1756,-1785,-1628,-567,2631,2783,3136,1226,-1065,-1125,333,456,-282,569,674,149,-813,-1600,-2086,-2226,-804,354,1685,2548,2858,2647,1785,1469,106,-404,-326,321,-979,-1484,-2148,-757,-239,-51,-470,-1398,-339,-173,1295,1113,141,-2083,-230,975,1766,1709,-398,-2545,-2824,-3244,-2509,-1639,-1317,-432,-638,-342,-1283,1002,2180,1899,-257,-1266,-169,449,-178,-513,-714,-400,-259,877,640,-406,64,942,-387,278,999,815,-1280,-2108,-1422,580,750,481,1534,446,-1760,-2961,-1063,-296,747,1697,1364,1503,1254,-40,291,-250,-174,442
122,287.0400000000000205,2054,-1047,-405,635,393,-37,310,-894,-1407,-2254,-878,-481,-1300,-1455,-837,820,1017,-51,-233,435,417,703,1007,157,-863,-1817,-1798,-269,2457,1042,-875,-1032,73,-719,-1639,-1942,-1343,-548,-108,268,139,99,505,360,530,558,-141,-249,-230,-158,-375,-258,218,738,372,461,778,1615,1653,1125,66,-796,-1500,-1407,735,318,239,-1346,-2160,-321,1538,1850,1537,630,720,571,-168,-390,-881,-181,1325,1243,-266,-1865,-2312,-816,465,1694,113,-335,-1187,-1733,-904,-1276,-1591,-1587,484,2941,2958,3055,-40,-1895,-579,-459,340,-153,398,-249,-1083,-1232,-1094,-1186,-1838,648,1610,2296,2744,2456,1888,1260,275,-1042,-1458,-1216,28,-1165,-1697,-2137,-328,99,-69,-1066,-674,214,1215,1892,1669,850,-1021,154,251,430,1366,158,-1596,-1932,-2986,-1486,-754,-958,-472,-834,170,-317,558,1540,2598,754,-618,-222,372,168,-467,-873,-1104,-425,751,457,-243,-400,458,319,-554,46,156,-1041,-1516,-2424,-56,-1413,-12,2111,1023,-1831,-3365,-1584,-895,156,406,1251,1054,1014,165,-13,-339,-216,237
123,290.2400000000000091,3491,-1844,-2236,-850,-122,-1272,-869,-787,-1141,-1610,-643,-502,-788,-1404,-405,436,584,-65,20,1041,934,702,1487,1153,135,-1356,-2120,-1697,990,1175,-168,-920,-321,-739,-1193,-1933,-1676,-1194,-267,405,256,-85,260,25,213,505,63,-102,86,105,-512,-474,246,675,271,425,543,1127,1548,1528,529,-435,-1147,-1587,-431,586,597,-179,-2417,-1406,970,1824,1702,409,-121,-227,-268,-282,-677,-890,15,736,-295,-1249,-1466,41,2316,1769,-651,-1370,-2177,-746,-186,-1423,-1144,-918,1423,2452,2470,1776,-1177,-1830,-86,-646,219,239,-155,-1273,-2055,-1259,-620,-396,-749,1289,2381,2417,2203,1730,1048,666,-455,-1361,-1608,-1437,-305,-1151,-1469,-1202,388,696,-187,-1063,298,331,1701,1285,1506,1199,813,479,-386,-797,76,702,-38,-824,-1706,-382,255,-457,-650,-959,365,428,150,772,2025,1331,122,-433,29,514,30,-740,-1426,-522,105,218,-111,-802,-123,700,-794,-697,-79,-430,-460,-1734,-919,-1801,-176,1972,1325,-947,-2512,-1890,-573,-611,-1303,514,299,351,164,-416,-449,-445,-198
124,293.4399999999999977,2762,-958,-3062,-1925,-648,-1924,-1954,-472,-357,-356,-622,-319,-245,-896,-157,-100,-189,21,495,1342,1305,677,1308,1721,1136,-330,-1686,-2230,-645,701,289,-652,-523,-599,-470,-1359,-1426,-1642,-642,361,306,-125,-148,-271,-41,375,279,56,183,124,-511,-591,90,348,115,220,189,336,715,1216,730,65,-500,-1200,-1345,760,590,627,-1493,-2013,-516,1006,1470,657,-639,-659,-258,-135,-560,-1081,-795,24,-240,-467,-336,1155,2963,962,-1178,-2273,-1892,432,-11,-1419,-619,303,1496,1912,1406,-44,-1856,-955,93,-200,8,481,-714,-2087,-2417,-1068,-336,311,678,1671,2815,2163,1228,869,560,125,-522,-1161,-1158,-1072,-591,-796,-883,229,1165,930,-627,-683,516,294,859,197,236,964,1979,968,-623,-1630,-1355,448,1204,401,-24,602,960,29,-800,-984,500,701,-215,459,854,1377,708,-239,-185,498,701,-180,-1206,-962,-389,206,361,-188,-522,494,-442,-766,-171,622,384,-3,-836,-751,-443,709,1359,196,-1032,-1337,-141,-927,-2218,-908,-344,-19,123,-502,-696,-537,-641
125,296.6400000000000432,-596,777,-2563,-2536,-1161,-1809,-2134,-227,609,962,-432,-218,-131,-40,26,-614,-864,122,773,1268,1481,779,855,1599,1686,830,-612,-1795,-1705,45,605,-368,-675,-294,242,-377,-683,-1469,-1008,-96,192,5,-386,-471,-306,177,467,219,147,100,-448,-643,-340,-175,-91,-51,-135,-394,-364,318,376,434,211,-443,-1377,532,646,912,16,-1791,-2003,-494,478,492,-556,-810,-84,123,-360,-748,-1020,-582,-244,199,695,1957,2465,-17,-1495,-2412,-704,1054,-154,-794,51,1383,983,839,-87,-1403,-1696,105,87,317,-210,204,-1015,-2481,-2063,-872,28,987,1925,2151,2740,1586,236,31,319,-335,-238,-629,-687,-529,-783,-350,-101,1475,1713,905,-1117,-324,-148,-71,-275,-519,-1110,462,2300,1336,-302,-1903,-2184,-325,1988,1333,1125,1317,1172,425,-775,-831,458,646,-177,250,94,949,959,275,-273,235,921,609,-752,-1378,-691,452,1139,554,-473,-573,204,-99,-126,1478,1386,955,-365,408,-220,-690,798,1378,613,-477,-92,-1034,-1784,-2116,-1143,-42,476,-136,-746,-570,-736
126,299.8400000000000318,-4464,1231,-666,-2389,-1509,-1239,-1371,-33,1255,1831,128,-236,-242,587,236,-899,-1021,311,826,936,1137,798,448,1083,1675,1597,741,-677,-1711,-440,825,-66,-691,-17,715,510,224,-755,-991,-697,-148,125,-353,-551,-480,-23,529,314,202,200,-233,-572,-883,-765,-382,-232,-336,-661,-1032,-700,-316,477,775,315,-669,1,818,689,1035,-776,-2533,-1904,-996,-314,17,-439,112,382,-202,-279,-986,-1014,-303,675,1449,2219,1436,-861,-1399,-1643,309,1015,-165,410,1077,1929,795,-764,-1552,-2107,-946,609,149,475,-405,-490,-1234,-2160,-1318,-580,280,1520,2753,2343,2203,1044,-383,-553,-122,-541,-84,-403,-529,-329,-774,-169,436,2090,1674,400,-1101,-400,-779,-604,-845,-1001,-1483,193,1825,1383,-51,-1521,-2236,-850,1855,1731,1639,1799,1233,588,-444,-289,254,550,118,-47,-89,287,986,718,-48,-238,567,929,-72,-1357,-1149,426,1402,1058,-376,-1404,386,377,148,1548,1944,880,274,950,221,-952,157,2189,1426,16,-480,-744,-890,-2153,-1490,82,788,552,-138,-545,-722
127,303.0400000000000205,-6113,-428,1559,-1327,-1627,-503,-307,231,1673,1895,843,-454,-367,839,401,-881,-821,588,731,470,196,443,-2,437,1199,1798,1754,654,-914,-544,870,368,-608,162,958,1024,888,148,-535,-996,-495,73,-152,-443,-549,-207,409,374,327,337,37,-410,-1251,-1182,-586,-393,-332,-509,-1020,-1328,-882,230,1068,948,96,-452,755,358,1118,407,-1675,-2452,-2130,-1180,115,153,-139,154,-263,-126,-824,-1254,-258,1052,1980,1750,258,-1120,-868,-300,665,165,91,1657,2082,1920,720,-1965,-2730,-2336,-140,583,302,171,-631,-1335,-1310,-1078,-606,-277,309,1882,2939,2069,1185,533,-457,-886,-760,-506,-257,-586,-702,-603,-684,-56,812,1848,1125,-550,-694,-581,-907,-889,-853,-1195,-767,86,996,1274,243,-920,-1752,-1181,1058,1501,1765,1724,1266,600,-16,286,134,496,187,-228,-180,-41,966,898,215,-145,208,1059,701,-831,-1487,311,1237,1434,-483,-1271,-98,172,292,1510,1992,743,433,402,630,-277,154,1631,1673,185,-916,-168,55,-1328,-1085,180,882,1244,560,-442,-478
128,306.2400000000000091,-4663,-2824,2186,566,-1370,216,649,421,1628,1452,998,-685,-307,673,479,-339,-220,779,460,-243,-1027,-373,-500,-214,431,1538,2035,1686,241,-184,638,810,-327,217,958,1253,1177,793,126,-769,-486,-93,-88,-222,-533,-359,174,331,421,349,317,-165,-1184,-1143,-686,-512,-211,-220,-602,-1324,-918,3,1017,1206,443,-555,259,296,695,1302,-2,-1708,-2392,-1817,-564,-79,-547,-719,-433,-283,-518,-1006,50,1471,2333,858,-537,-738,-115,1017,632,-954,602,2477,2450,1444,187,-2238,-3355,-2148,295,340,439,-304,-894,-1799,-1056,224,-162,-60,369,1832,2450,1488,136,-164,-380,-1119,-1340,-375,-315,-646,-819,-969,-564,138,1003,1061,50,-1375,-385,-550,-761,-581,-463,-740,-41,-185,455,851,476,-566,-790,-913,183,990,1510,1145,1164,719,248,639,182,401,96,-420,-374,8,777,845,358,358,209,734,1003,-87,-1486,-241,1078,1164,-350,-471,-609,-352,231,1181,1713,580,-213,-193,547,568,779,630,1763,399,-814,336,1302,-294,-538,102,747,1334,670,-28,61
129,309.4400000000000546,-1217,-3717,391,2030,-688,619,1412,598,986,1032,714,-546,-77,382,474,515,627,795,-1,-1116,-1952,-1188,-900,-700,-359,824,1554,1922,1193,366,418,998,60,330,846,1250,1224,1070,600,-146,-137,-98,-201,-59,-442,-479,-157,213,254,172,451,112,-676,-615,-587,-483,-72,26,-152,-690,-430,27,705,928,418,-455,-208,571,344,1505,1472,-194,-2029,-1979,-1468,-1039,-1041,-1531,-767,-470,-276,-289,746,1951,2314,112,-758,-76,720,1779,172,-1469,1134,2770,2209,837,-395,-1938,-3016,-1502,286,260,504,-566,-1146,-1719,-474,1380,213,31,664,1299,1577,570,-564,-957,-565,-1223,-1364,-163,-211,-318,-544,-856,-388,490,887,230,-1037,-1737,-76,-414,-393,240,143,173,296,-346,115,360,391,-279,33,-354,-273,531,1066,623,819,765,571,814,132,276,-88,-638,-676,103,536,606,569,748,202,219,1016,434,-912,-791,411,493,11,164,-525,-545,-50,376,836,523,-878,-479,138,1237,1167,-76,1089,561,-480,728,1808,712,-64,-339,253,875,772,382,456
130,312.6400000000000432,2168,-2331,-2439,1457,348,582,1712,968,282,723,536,-44,154,94,321,1262,1284,528,-581,-1668,-2045,-1461,-1077,-882,-866,-98,758,1394,1513,865,238,917,473,428,687,1083,1127,1025,766,485,413,112,-253,-88,-260,-563,-502,7,-76,-148,371,379,38,53,-305,-311,-89,87,136,232,256,141,328,220,290,-173,-431,576,249,893,1906,850,-1141,-1378,-1679,-1616,-1564,-1620,-931,-609,-157,676,1695,2322,1846,-280,-625,531,1364,1683,-618,-1176,1333,2369,1628,96,-788,-1833,-1517,-434,81,441,314,-519,-1152,-1154,318,1977,559,77,981,555,379,-285,-972,-1432,-852,-918,-816,-146,-99,228,143,-161,-106,690,539,-463,-1696,-1215,245,128,544,1032,741,945,460,-58,-364,-191,97,90,199,182,-93,250,546,338,194,687,840,692,2,179,-309,-809,-874,-147,282,422,633,773,352,51,957,716,0,-892,-347,-98,466,426,41,-198,-237,-455,-137,545,-1060,-1035,-442,1072,478,49,431,726,453,1028,1308,1476,239,-666,-340,175,711,682,498
131,315.8400000000000318,3619,-96,-4099,-873,996,474,1371,1328,35,271,677,571,215,-311,112,1351,1358,-16,-1013,-1488,-1276,-1076,-953,-876,-879,-798,-60,497,1132,1052,87,514,653,474,447,794,826,831,663,846,807,420,-52,-107,-143,-546,-687,-333,-432,-422,89,559,656,557,21,-115,-199,-34,352,1019,769,178,-64,-312,167,58,-479,140,446,147,1109,1115,203,-128,-1066,-1280,-1163,-868,-595,-646,-53,1460,2582,2270,947,-505,-361,873,1560,685,-1020,-219,1487,1637,642,-387,-1341,-1797,389,694,21,513,-20,-560,-928,-215,970,1711,813,363,860,-223,-789,-847,-1094,-1297,-943,-204,-115,-289,88,678,817,571,278,515,184,-1006,-1606,-241,515,752,1414,1328,1023,920,352,350,-665,-701,-309,472,438,346,398,368,103,76,-192,424,881,366,-106,20,-453,-787,-881,-540,-96,274,514,489,595,280,534,889,740,-710,-869,-535,612,742,541,322,-220,-996,-617,26,-509,-1265,-485,169,75,423,365,903,1419,834,559,1641,298,-836,-745,-429,579,885,205
132,319.0400000000000205,2668,1574,-3446,-2962,337,432,659,1267,62,-366,613,1050,242,-699,-62,673,746,-602,-1108,-726,-210,-376,-555,-717,-641,-1008,-752,-219,381,784,-11,-33,682,436,120,432,448,514,529,881,884,699,385,104,-79,-456,-705,-717,-739,-645,-335,561,940,729,256,9,-265,-179,513,1301,857,59,-394,-379,52,114,-695,-382,386,-247,-57,1158,1601,1249,206,-129,90,369,32,-246,326,1931,2976,1510,-185,-593,-188,957,1058,-599,-637,968,1454,954,-382,-722,-1870,-1194,1658,1354,222,325,-353,-647,-433,799,1213,808,978,767,210,-783,-1372,-1113,-952,-789,-632,371,398,-336,214,801,1083,983,662,34,-158,-1233,-868,548,762,1136,1524,1187,788,296,30,202,-698,-949,-602,817,847,588,829,730,121,-47,-275,-32,851,208,-195,-256,-432,-395,-713,-754,-460,4,360,175,467,413,-16,860,1166,-53,-1215,-719,390,757,630,724,-47,-824,-765,-563,31,-862,-421,-950,-479,664,437,908,1489,231,26,1046,477,-765,-1107,-804,465,924,-164
133,322.2400000000000091,637,2366,-885,-3309,-942,327,-41,718,60,-791,175,1060,14,-761,-244,-223,-219,-1033,-828,124,580,170,-184,-541,-416,-784,-1136,-682,-201,309,-126,-407,574,412,-168,-129,5,243,277,669,723,742,851,559,157,-236,-601,-901,-888,-795,-661,361,819,609,388,92,-202,-201,592,1031,578,-158,-661,-249,-70,-96,-945,-912,-234,-324,-741,984,2309,2220,1724,1321,1314,1305,627,346,1003,1931,2319,219,-1163,-570,-45,733,66,-1372,458,1882,922,438,-924,-1138,-1806,20,1742,1381,615,112,-565,-571,206,1488,947,-143,987,911,-576,-1059,-1382,-1087,-711,-269,23,589,553,-231,133,601,875,1022,821,-383,-467,-1168,-156,728,770,1225,1175,840,286,-416,-294,-423,-959,-1364,-872,833,1221,837,1136,815,596,-96,-321,-316,412,278,-214,-534,-342,147,-384,-701,-723,-297,35,-97,297,280,48,673,1285,417,-1084,-923,190,546,687,774,197,-245,-1116,-790,354,-135,-566,-1343,-1163,382,557,702,661,-457,-345,224,858,-233,-1081,-697,231,689,-284
134,325.4400000000000546,-982,2230,2034,-1694,-1482,-183,-430,-166,-122,-999,-428,669,-119,-404,-430,-776,-998,-1158,-338,580,841,508,70,-316,-344,-485,-1084,-812,-412,-194,-184,-568,362,296,-334,-570,-407,-72,65,384,440,577,1034,1000,563,47,-418,-808,-828,-793,-815,-53,382,419,382,115,-96,-13,474,533,125,-308,-710,-198,-207,-525,-999,-1377,-964,-357,-684,583,2223,2507,2567,2353,2021,1546,1033,837,1629,1570,696,-1153,-1639,-555,129,111,-1003,-1130,1423,2085,340,-390,-1154,-1327,-957,1256,1072,998,936,-101,-624,-276,887,1585,428,-561,754,726,-859,-1156,-1202,-908,-529,246,698,598,435,-50,-207,260,438,808,728,-328,-666,-735,227,508,650,893,394,260,-290,-790,-539,-1142,-1441,-1732,-916,552,1527,1085,943,606,998,-84,-265,-224,-105,368,-226,-589,-286,418,-11,-550,-741,-554,-349,-272,66,161,294,535,1077,522,-710,-788,61,399,828,529,646,-167,-1408,-695,358,510,-653,-1149,-1181,-339,56,311,-21,-959,-608,-120,983,178,-615,-268,94,356,-17
135,328.6400000000000432,-1416,1279,4050,1015,-992,-796,-547,-1021,-536,-760,-846,42,108,132,-498,-923,-1226,-890,69,572,803,688,383,-22,-357,-284,-730,-784,-307,-447,-294,-612,-10,103,-362,-798,-635,-319,-129,3,121,286,876,1149,992,462,-188,-501,-583,-552,-748,-525,-73,171,284,137,21,281,230,-30,-181,-306,-590,-414,-402,-862,-724,-1391,-1491,-429,-208,249,1523,2144,2575,2518,1978,1316,1082,1185,1694,903,-1192,-2131,-1541,-427,160,-717,-1713,-133,1819,1571,-36,-1492,-1340,-1095,369,1890,497,586,945,-279,-525,143,1520,1301,82,-502,326,354,-614,-1086,-1124,-704,-506,610,1047,457,143,55,-451,-96,76,535,522,64,-570,-160,312,272,345,177,-452,-655,-809,-583,-721,-1423,-1811,-1878,-739,200,1429,1630,547,315,862,103,-320,-99,-263,310,-114,-474,-231,334,465,-277,-574,-838,-667,-450,-253,-158,342,445,831,387,-360,-463,-108,301,635,280,860,-219,-1437,-724,91,787,-492,-704,-910,-1196,-1091,-369,-420,-767,-633,33,597,263,-102,-21,-5,-12,336
136,331.8400000000000318,-433,142,4212,3519,270,-909,-646,-1386,-995,-78,-891,-601,392,488,-341,-726,-845,-356,188,320,610,694,767,371,-190,-279,-325,-553,-108,-418,-229,-453,-474,-194,-327,-718,-650,-438,-294,-308,-208,-35,520,879,1245,945,194,-154,-211,-202,-491,-884,-491,-55,58,130,137,468,8,-402,-271,-128,-361,-670,-649,-817,-235,-834,-1423,-569,189,-2,532,1155,1784,1912,1213,828,903,1328,1203,-255,-2539,-2486,-1221,-173,-75,-1566,-1529,936,1584,751,-524,-2151,-1427,-649,1344,1585,298,406,546,-380,-326,644,1799,893,-18,-298,-129,6,-151,-858,-989,-489,-372,627,910,179,-213,-34,-476,-407,-162,261,250,292,-283,305,311,243,51,-493,-859,-1391,-948,-217,-715,-1244,-1665,-1840,-689,-243,709,1672,303,94,247,353,-301,-131,-114,58,104,-261,-167,-16,673,89,-478,-973,-851,-653,-522,-449,70,255,427,58,-53,-332,-404,220,130,62,415,-345,-1308,-555,-153,760,195,-333,-223,-1664,-1657,-890,-769,-124,-378,154,71,269,272,-27,-301,-389,404
137,335.0400000000000205,1222,-337,2575,4580,1762,-432,-887,-1173,-1018,346,-551,-895,371,614,7,-326,-140,216,142,82,297,493,867,757,150,-227,56,-247,-16,-277,-111,-188,-732,-597,-238,-437,-520,-373,-354,-517,-511,-338,47,372,1105,1298,748,267,201,141,-213,-917,-712,-249,-100,52,231,367,-183,-550,-123,243,-132,-707,-868,-431,234,35,-655,-511,181,-322,-408,-143,458,758,464,283,791,1298,362,-1480,-2820,-2166,-839,-42,-583,-2022,-641,1439,950,-55,-1246,-2165,-1356,-199,1452,726,289,379,-98,-421,37,1148,1546,497,-37,-165,-420,-179,108,-413,-710,-220,64,416,417,-45,-423,-231,-355,-507,-311,-71,44,295,-33,545,378,476,-295,-754,-889,-1446,-702,2,-430,-811,-1063,-1142,-705,-608,-40,862,174,85,-262,348,9,-259,13,-261,249,63,-69,-339,457,355,-404,-605,-720,-796,-718,-425,-270,205,-106,-154,89,-375,-599,56,-255,-76,-200,-592,-691,-326,133,671,690,124,-37,-1660,-1575,-1081,-452,518,-60,-48,-288,479,458,-213,-646,-591,331
138,338.2400000000000091,2373,82,270,3463,2764,351,-980,-617,-442,319,-137,-687,138,559,323,94,308,632,107,-62,-26,48,537,890,558,31,188,9,-84,-201,-34,63,-695,-905,-294,-89,-304,-267,-266,-621,-695,-522,-338,-92,525,1272,1295,674,575,377,70,-689,-629,-397,-142,9,265,-7,-320,-509,74,609,116,-502,-788,50,383,622,298,-147,-111,-624,-1138,-1304,-890,-686,-71,88,847,1144,-448,-2011,-2230,-1365,-431,-218,-1193,-1528,600,1359,173,-787,-1792,-1729,-942,340,796,31,414,269,-675,-437,512,1386,769,70,-26,-189,-487,-346,40,155,-194,152,582,152,-180,-193,-345,-346,-177,-410,-401,-320,-118,257,127,369,599,671,-461,-572,-593,-844,-313,199,178,-127,-131,32,-592,-803,-576,-40,-24,17,-420,-8,249,-312,-62,-349,369,379,224,-335,126,410,-142,-90,-444,-785,-848,-350,-368,44,-366,-21,133,-268,-490,-321,-486,-108,-752,-466,480,-54,427,287,737,419,-116,-1012,-1110,-836,31,763,332,-299,-515,583,459,-483,-784,-683,215
139,341.4400000000000546,2437,873,-1144,808,2583,958,-528,-181,212,43,83,-86,-49,365,362,384,472,739,209,-123,-262,-339,63,643,818,422,245,141,-186,-261,-16,215,-376,-928,-407,129,-80,-133,-139,-588,-770,-667,-579,-407,-114,814,1497,1069,859,547,269,-265,-353,-434,-131,26,195,-357,-405,-368,215,721,482,-202,-336,254,268,705,921,331,-289,-764,-1684,-2214,-1968,-1703,-633,291,875,719,-838,-1706,-1255,-290,-115,-530,-1460,-288,1591,993,-490,-1283,-1684,-1096,-274,535,25,-6,549,4,-968,-341,909,1214,-166,-436,-19,-287,-339,-544,-194,588,420,523,857,-105,-666,-350,-150,-179,-1,-232,-371,-359,-334,87,80,120,728,562,-268,-180,-108,106,-1,274,749,621,842,1076,-153,-748,-916,-613,-340,-132,-259,-397,275,-138,-324,-185,366,594,569,-40,-198,291,65,235,-67,-546,-763,-281,-198,-321,-403,145,223,-2,-119,-670,-577,-450,-1013,-19,1205,331,324,98,516,564,-155,-372,-660,-361,329,602,540,-753,-571,580,439,-591,-814,-571,189
140,344.6400000000000432,1515,1384,-1277,-1505,1274,1294,290,82,223,-380,92,437,-133,36,200,468,424,655,450,-23,-296,-450,-349,158,730,710,350,148,-337,-335,-127,231,-12,-634,-501,121,16,-35,-9,-370,-657,-696,-709,-528,-464,220,1351,1347,1070,618,340,186,-21,-347,-100,115,56,-447,-392,-120,202,491,689,145,151,140,101,439,952,623,-169,-686,-1843,-2571,-2545,-2055,-979,266,688,40,-820,-979,-155,678,160,-798,-1110,1145,1837,398,-903,-1400,-943,-420,452,382,-244,375,429,-473,-932,-45,1035,660,-812,-963,-136,-243,-270,-587,-276,758,910,660,774,-247,-891,-470,49,71,79,-32,-203,-311,-524,-111,11,83,568,227,-49,88,336,655,251,425,1082,1157,1446,1591,640,-476,-983,-1005,-720,-267,-59,-476,29,-28,-605,-78,222,662,702,377,-239,92,311,411,263,-154,-524,-307,7,-426,-282,253,295,315,167,-867,-632,-770,-824,278,1149,716,117,-12,303,554,-176,124,-252,33,472,292,435,-795,-524,470,492,-342,-671,-235,235
141,347.8400000000000318,117,1168,-433,-2258,-198,1246,958,265,-280,-815,-101,540,-244,-376,69,440,319,519,606,173,-176,-381,-530,-262,420,715,469,107,-385,-262,-198,121,278,-134,-388,-18,20,-50,16,-117,-422,-639,-829,-577,-545,-237,811,1417,1205,618,444,461,275,-158,-41,170,-59,-337,-230,82,85,80,580,453,502,19,-51,116,560,469,19,-417,-1477,-2096,-2315,-1889,-1015,-128,232,-584,-619,-126,737,1167,279,-806,-148,1996,1333,-263,-995,-970,-58,272,944,233,89,728,-11,-1000,-619,389,818,-102,-1087,-1226,-412,-55,-327,-449,16,731,1159,478,306,-353,-788,-590,156,244,34,78,-38,-248,-547,-227,95,252,245,-154,136,111,426,687,488,532,1016,1377,1587,1710,1307,135,-798,-1052,-867,-611,-156,-222,-226,64,-561,-120,72,507,656,591,50,-27,550,455,415,260,-173,-186,-35,-235,-39,273,387,606,259,-634,-804,-862,-593,149,890,833,-8,34,384,371,-42,439,361,214,147,197,246,-274,-322,139,557,160,-502,-35,177
142,351.0400000000000205,-1097,269,479,-1634,-909,898,1260,225,-633,-1016,-256,202,-339,-557,55,331,249,417,596,370,10,-181,-448,-491,11,491,473,156,-315,-175,-168,-38,387,346,-77,-115,-14,-116,-26,58,-195,-539,-834,-659,-459,-431,176,1197,1196,668,600,553,358,3,58,61,-92,-153,8,163,-134,-297,207,612,556,49,-167,-61,131,50,179,-72,-681,-963,-1311,-1146,-826,-501,-450,-947,-487,510,1167,1158,135,-351,1037,1950,458,-727,-932,-329,546,1007,1031,271,540,757,-637,-1245,-141,771,299,-808,-1124,-1060,-623,133,-348,-138,431,503,1074,118,-245,-356,-429,-528,60,288,32,124,55,-256,-456,-277,196,493,-86,-393,215,24,182,492,607,363,686,1308,1350,1509,1490,720,-400,-853,-690,-733,-367,92,-253,49,-220,-187,-30,165,443,500,357,104,572,435,514,606,261,-122,-178,-2,83,162,492,680,148,-279,-751,-546,-293,-39,624,606,23,179,240,53,-50,343,605,37,-223,128,143,220,50,-138,362,590,-362,-16,69
143,354.2400000000000091,-1861,-962,675,-283,-720,512,1228,196,-599,-837,-325,-360,-347,-478,102,241,193,371,437,442,233,54,-260,-549,-388,101,361,238,-106,-59,-52,-118,301,644,235,-96,-41,-175,-115,82,-48,-350,-721,-721,-394,-401,-330,665,1031,778,714,537,338,100,61,-140,-131,-3,133,86,-306,-544,-194,532,426,159,-111,-99,-225,-371,169,160,203,379,-27,-154,-487,-817,-1032,-1022,-493,742,1098,756,-1,403,1870,1165,-407,-923,-790,75,814,1485,829,456,798,310,-1155,-966,427,919,-291,-1200,-1000,-713,-522,216,-133,180,654,261,605,-203,-571,-300,-77,-310,-144,247,154,247,150,-151,-216,-162,253,563,-217,-406,100,18,-146,212,476,122,274,1011,959,934,1257,1025,55,-605,-423,-691,-478,271,-164,-35,31,-177,-89,-128,128,254,440,350,470,406,428,796,552,-2,-220,-43,-15,181,667,615,71,-23,-365,-165,27,115,422,399,100,-36,-121,-189,-323,433,627,-111,-468,-179,-48,598,313,-299,54,729,-9,-4,-35
144,357.4400000000000546,-2182,-1938,-59,744,-159,191,920,401,-321,-366,-262,-701,-214,-173,165,127,189,325,301,383,373,267,-32,-455,-654,-272,136,302,97,85,84,-127,111,733,536,34,-36,-161,-158,8,-3,-135,-441,-679,-420,-337,-529,14,692,854,771,429,264,123,-43,-330,-176,79,158,-134,-403,-641,-510,202,267,230,173,-31,-412,-633,-127,99,747,1301,848,534,-123,-902,-1284,-970,-449,493,656,141,8,1177,1930,193,-927,-937,-611,189,871,1340,581,620,761,-472,-1192,-271,908,745,-595,-1273,-778,-315,-79,271,304,438,603,70,-3,-372,-549,-154,220,29,-193,238,382,351,197,12,53,93,300,418,-184,-335,4,42,-291,-47,270,-101,-233,453,651,296,686,1062,379,-344,-316,-619,-553,234,49,-9,186,-52,-181,-190,-135,53,298,459,343,295,255,736,611,163,-264,-258,-166,158,689,534,155,220,305,24,230,353,210,306,187,-422,-241,-277,-101,570,672,-194,-634,-630,-299,602,446,-430,-257,625,437,-46,-309
145,360.6400000000000432,-2085,-2335,-1081,820,269,-42,292,649,129,134,-53,-692,-127,183,158,56,224,257,269,264,383,316,97,-267,-678,-540,-104,256,282,196,139,-19,-70,565,669,227,31,-89,-161,-102,-15,98,-82,-524,-547,-365,-507,-474,153,767,781,372,246,71,-169,-405,-145,183,126,-264,-393,-586,-587,-170,185,206,551,164,-348,-497,-562,-193,768,1419,1060,724,96,-713,-1182,-802,-291,19,52,-341,230,1571,1305,-518,-1145,-954,-317,125,663,650,299,702,379,-1172,-635,521,1105,380,-532,-965,-490,115,473,437,734,578,316,-111,-419,-383,-209,57,344,452,71,281,515,219,167,140,233,251,405,97,-61,-147,-41,91,-111,-98,110,-231,-683,-287,307,-62,129,735,480,-71,-287,-337,-433,-12,256,73,278,150,-267,-207,-288,-54,68,310,199,169,211,507,612,245,-198,-516,-331,113,494,492,274,341,492,193,477,510,-182,113,32,-361,-530,-385,545,631,581,108,-590,-1048,-698,265,407,-474,-415,347,783,-76,-608
146,363.8400000000000318,-1735,-2093,-1776,99,200,-356,-376,534,651,486,156,-385,-130,442,122,68,271,210,270,222,306,233,106,-84,-456,-571,-347,200,385,253,174,96,-128,335,622,369,122,13,-87,-81,22,250,253,-266,-632,-501,-460,-709,-345,483,673,360,361,34,-247,-307,96,322,121,-231,-279,-396,-495,-385,177,294,789,379,-97,-109,-823,-425,433,821,753,468,100,-434,-882,-621,-93,-328,-455,-492,557,1380,356,-759,-1077,-819,-3,46,207,-95,120,591,-302,-1407,148,1102,817,-56,-365,-390,-117,540,783,601,856,540,-74,-220,-535,-185,195,250,374,731,434,290,484,8,80,107,269,198,422,-132,34,122,-120,35,162,18,25,-187,-747,-763,-75,-160,-202,100,511,69,-137,-55,-372,-236,243,165,160,253,-210,-291,-310,-51,-97,41,110,36,221,187,635,348,-139,-606,-357,33,195,449,330,345,282,314,577,488,-280,-102,15,-231,-606,-90,992,790,532,413,-423,-1113,-1058,-401,65,-237,-410,138,974,119,-757
147,367.0400000000000205,-1138,-1366,-1875,-851,-395,-679,-821,-16,1010,649,227,9,22,458,105,133,154,97,177,216,173,92,46,36,-185,-424,-400,34,353,294,179,181,-28,101,420,368,205,151,73,35,152,343,469,44,-551,-636,-502,-719,-680,80,515,420,501,117,-154,-91,316,384,122,-5,-61,-147,-263,-308,212,571,685,507,227,179,-627,-378,-4,183,339,106,9,-148,-615,-436,-28,-408,-647,-329,821,669,-485,-660,-892,-464,134,-80,-261,-421,98,248,-953,-1096,664,1177,215,-568,-339,230,412,727,677,468,538,376,-331,-312,-462,100,438,371,389,772,703,268,308,-42,-52,-23,159,126,162,-154,17,190,-112,-46,345,97,-60,-73,-446,-759,-458,-144,-212,-310,400,84,-66,91,-369,-400,137,255,92,254,-50,-260,-241,-48,-18,-142,18,-52,136,-55,513,379,-82,-420,-316,-115,-74,197,367,345,291,481,553,293,-178,-70,205,-40,-535,298,1190,898,498,517,-305,-941,-1036,-947,-356,52,-174,94,902,368,-677
148,370.2400000000000091,-354,-407,-1343,-1557,-1125,-990,-1084,-582,921,690,194,342,353,345,192,97,63,-109,-35,132,107,106,33,97,48,-163,-352,-162,269,279,160,200,126,-22,126,257,196,230,195,248,362,429,512,269,-326,-651,-583,-621,-816,-340,285,486,627,298,59,177,360,336,148,235,178,59,29,-14,324,881,453,481,447,262,-95,-74,-250,-204,130,-36,-38,12,-432,-276,-65,-241,-536,48,805,-135,-902,-494,-554,-41,162,-198,-565,-332,137,-292,-1251,-480,768,780,-371,-1047,-439,610,961,698,251,42,47,138,-330,-393,-327,325,405,380,385,695,760,200,99,67,-77,-70,4,60,-131,-158,-100,-36,-112,-43,243,147,-68,4,-74,-477,-682,-12,-22,-268,110,90,-48,165,-191,-457,70,227,113,139,49,-97,-172,-31,122,-149,-80,15,20,-84,197,292,39,-120,-154,-128,-289,-90,352,297,305,634,402,21,6,-68,282,247,-294,521,1102,820,616,354,-39,-463,-763,-986,-532,123,90,159,681,506,-359
149,373.4400000000000546,475,567,-441,-1589,-1555,-1284,-1104,-791,390,610,183,522,551,264,226,-116,-76,-400,-210,-41,67,195,135,209,214,66,-189,-265,87,276,117,160,235,-61,-130,77,168,257,311,388,512,475,503,384,-27,-473,-653,-562,-772,-620,49,547,664,481,305,421,316,157,157,375,345,229,304,320,437,976,398,405,530,286,501,357,-102,-171,91,28,-173,-78,-185,-257,-57,7,-204,347,415,-683,-880,-377,-100,302,174,-261,-456,21,5,-842,-1030,221,528,108,-783,-1267,-462,716,1306,624,-254,-475,-294,-74,-246,-420,-248,425,135,276,398,488,547,127,-86,229,25,19,-15,-14,-275,-148,-181,-248,-194,-31,11,101,-95,-35,144,-247,-674,0,168,-8,-106,129,102,69,78,-335,-29,119,158,-2,58,66,-140,-60,54,-75,-86,35,-51,-37,-27,173,244,285,150,-193,-418,-286,118,258,266,476,89,-325,7,-125,165,455,241,362,551,573,581,120,210,227,-160,-537,-461,2,104,190,480,491,131
150,376.6400000000000432,1132,1209,476,-888,-1469,-1283,-909,-654,-146,363,153,482,412,212,115,-195,-264,-615,-385,-193,72,304,313,304,302,172,-47,-249,-112,194,109,113,168,-31,-269,-104,123,215,364,452,522,469,478,446,270,-200,-615,-579,-676,-677,-144,536,589,601,545,438,92,-97,84,371,369,317,423,531,540,772,462,420,508,393,902,727,282,25,114,113,-302,-232,29,-183,-21,114,180,440,-126,-871,-650,-320,279,411,127,-132,-6,454,-178,-1035,-363,778,283,-427,-977,-1028,-272,640,1192,508,-529,-763,-362,-246,-182,-251,-211,277,-160,78,301,126,16,2,-96,293,201,183,125,-131,-266,-144,-203,-324,-228,-4,-105,-42,-188,-132,251,-232,-557,-127,198,202,-99,105,273,-54,234,-117,-145,75,283,-62,13,150,-112,-123,-152,18,-91,-43,-97,-34,-163,53,426,701,394,-254,-456,-426,-173,242,267,152,-229,-441,-204,30,61,503,788,302,84,242,200,-10,387,658,432,124,-209,-156,7,36,277,440,545
151,379.8400000000000318,1379,1383,1084,68,-930,-871,-502,-276,-370,-19,81,272,126,119,-54,-229,-419,-658,-530,-260,65,370,441,413,352,225,19,-174,-227,93,151,83,44,-38,-316,-163,98,166,368,410,438,421,428,478,455,99,-444,-561,-588,-574,-269,362,389,629,661,301,-164,-274,-3,307,303,381,451,589,491,400,572,467,441,573,966,820,556,209,183,108,-253,-306,120,113,32,187,441,280,-571,-714,-463,-231,507,410,54,148,435,627,-352,-752,311,1065,186,-588,-864,-446,112,465,721,394,-447,-616,-285,-366,-124,41,-143,-5,-370,-101,148,-236,-439,-118,18,211,280,321,253,-189,-284,-176,-182,-261,-100,20,-104,-91,-237,-113,164,-201,-368,-286,-19,145,87,58,258,14,159,111,-211,89,364,-46,22,131,-46,-173,-320,-67,-145,-104,-115,-114,-240,57,545,831,404,-132,-438,-581,-402,173,277,-209,-355,-253,-126,-9,-56,372,1019,334,-101,-177,-236,48,596,908,947,705,155,-166,-56,-182,7,331,761
152,383.0400000000000205,1184,1204,1242,738,-198,-267,14,181,-239,-249,-43,30,-32,-104,-174,-234,-444,-579,-627,-261,-69,314,437,429,363,237,67,-107,-251,-25,162,93,-62,-115,-255,-186,38,150,325,335,282,300,361,502,525,312,-207,-423,-463,-443,-369,93,102,581,638,166,-320,-333,-78,168,235,416,442,510,256,29,444,378,364,646,742,620,554,264,248,91,-109,-116,200,477,109,191,423,-4,-732,-466,-366,-39,540,338,65,470,603,388,-487,-234,688,1003,174,-458,-464,232,510,250,90,185,-95,-150,-187,-397,-115,261,-45,-271,-426,-230,-74,-484,-636,-179,94,51,250,298,249,-177,-271,-225,-139,-88,146,-5,6,-37,-140,57,-17,-133,-197,-421,-327,-93,216,184,176,183,120,256,-166,61,370,50,103,37,8,-228,-391,-227,-212,-187,-165,-191,-236,99,491,738,425,-51,-309,-604,-414,10,137,-374,-366,-156,-86,-138,-145,128,810,351,-505,-883,-740,165,753,1047,1195,930,423,4,-49,-288,-249,136,629
153,386.2400000000000091,734,805,1030,943,442,316,546,556,-30,-270,-176,24,26,-261,-327,-264,-336,-429,-579,-315,-290,86,312,356,345,259,110,-59,-227,-100,159,82,-97,-137,-215,-153,9,124,245,251,126,144,283,511,541,384,52,-249,-325,-396,-465,-233,-216,455,480,103,-325,-301,-163,9,215,435,502,336,-117,-283,86,126,234,495,359,283,355,191,259,222,187,277,348,644,214,116,209,-259,-562,-328,-302,158,431,231,179,627,494,-139,-550,210,742,661,113,-286,79,765,730,23,-409,-123,259,317,-143,-326,-76,308,98,-404,-317,-197,-275,-531,-564,-198,94,-123,87,169,133,-85,-245,-308,-160,39,278,4,76,55,88,202,-102,-47,-88,-467,-531,-300,158,375,201,278,145,182,-43,-62,292,206,185,18,-62,-169,-372,-326,-279,-250,-234,-232,-184,46,342,438,367,-43,-272,-497,-299,-161,-117,-289,-241,-70,-216,-310,-247,-108,169,181,-867,-1302,-1050,-17,774,893,1074,898,470,263,52,-312,-457,-59,262
154,389.4400000000000546,407,375,693,885,801,701,814,647,66,-171,-168,205,213,-230,-438,-282,-227,-262,-396,-447,-517,-226,101,175,225,220,168,6,-175,-161,49,83,-164,-159,-136,-85,-51,81,136,181,44,-33,153,469,531,403,256,-39,-160,-372,-590,-535,-518,233,265,125,-196,-224,-195,-128,185,457,554,114,-430,-506,-442,-258,-2,115,10,-53,181,170,289,416,611,649,590,613,330,12,-41,-358,-281,-253,-152,251,298,60,315,585,168,-699,-464,450,621,249,-83,-163,562,998,630,-156,-658,-432,414,508,-155,-190,32,187,202,-313,-115,-152,-370,-379,-319,-158,-35,-207,-125,-3,17,-12,-189,-339,-202,162,262,68,60,87,293,275,-74,48,50,-460,-644,-365,31,525,411,273,154,36,124,-187,111,238,224,45,-16,-15,-195,-270,-293,-232,-202,-194,-209,-66,105,67,148,-54,-239,-237,-144,-344,-367,-62,57,-18,-340,-362,-148,-377,-307,-167,-719,-1299,-934,-268,637,663,657,677,436,527,294,-190,-549,-234,-3
155,392.6400000000000432,338,49,306,738,959,895,841,519,89,-36,78,407,267,-126,-423,-261,-205,-125,-233,-524,-645,-464,-148,-23,71,176,222,76,-76,-202,-76,-1,-150,-113,-36,-88,-114,25,-1,106,-14,-146,6,324,455,389,374,184,19,-286,-670,-727,-723,-84,17,178,26,-165,-238,-277,129,415,527,-13,-542,-671,-891,-570,-281,-318,-231,-228,174,182,235,535,930,942,808,436,321,-13,-163,-240,-86,-162,50,243,136,-18,429,382,-243,-1030,-256,475,449,-58,-330,-82,740,865,320,-239,-729,-554,376,406,-152,-30,98,56,324,-67,86,-123,-355,-203,-64,-100,-237,-250,-291,-159,-65,-5,-101,-308,-215,204,135,92,1,65,331,236,61,153,211,-311,-580,-258,-19,564,619,324,168,13,191,-173,-102,171,134,36,83,83,43,-144,-188,-127,-122,-114,-215,-202,-140,-199,18,-64,-88,48,-28,-405,-368,200,344,-54,-349,-338,-200,-449,-588,-548,-710,-975,-589,-244,314,555,222,288,442,665,504,20,-484,-374,-53
156,395.8400000000000318,478,-76,20,445,1011,922,674,330,108,173,421,382,157,-67,-275,-240,-182,-52,-106,-462,-613,-582,-332,-189,-82,71,207,172,28,-198,-236,-102,-108,-72,64,-52,-159,-98,-143,23,-15,-157,-131,108,299,354,405,340,166,-191,-696,-775,-784,-353,-210,171,202,-90,-284,-404,-16,228,323,-76,-525,-776,-1090,-736,-524,-589,-240,-183,228,235,159,555,973,1022,798,317,265,66,-154,-70,-27,2,264,194,-19,18,428,119,-569,-1056,-2,384,215,-273,-467,40,657,501,-31,-266,-642,-480,206,179,-84,115,130,42,335,196,227,-97,-263,-83,87,-111,-403,-288,-366,-208,-89,-39,-17,-210,-117,128,18,70,1,-1,146,135,170,240,304,-73,-395,-90,63,435,658,406,143,78,96,-77,-324,71,68,-19,152,85,200,23,-46,-55,-41,-16,-192,-384,-352,-357,-118,30,123,317,69,-387,-136,384,488,60,-108,-290,-345,-504,-719,-915,-612,-334,-208,-49,-40,318,60,-168,289,494,460,196,-405,-399,25
157,399.0400000000000205,570,-9,-102,135,892,848,424,138,117,423,639,137,-82,-79,-53,-125,-174,-29,-3,-215,-354,-572,-465,-259,-182,-19,172,225,119,-152,-317,-223,-17,-30,110,50,-126,-195,-270,-137,-65,-118,-221,-139,84,318,417,404,233,-89,-596,-704,-690,-588,-364,65,282,17,-314,-511,-226,-86,-42,-125,-411,-835,-960,-763,-621,-579,-189,-1,278,269,184,428,750,801,606,306,227,149,-14,88,-33,214,405,35,-105,155,242,-153,-714,-756,169,232,-49,-471,-383,201,394,84,-261,-232,-417,-268,-52,-48,39,176,159,87,244,385,296,-33,-188,-9,141,-166,-456,-306,-283,-186,-82,24,53,-63,48,82,-50,61,17,-32,-171,-66,155,381,397,201,-153,-19,137,189,543,431,189,159,6,-59,-411,-47,67,-56,168,82,269,154,80,100,88,71,-166,-358,-428,-398,-274,143,385,446,91,-239,231,447,467,213,281,-18,-365,-391,-557,-955,-498,285,245,143,-304,-24,-22,-393,32,167,145,183,-275,-283,133
158,402.2400000000000091,524,146,-98,-3,608,662,207,62,139,584,703,-145,-321,-120,99,5,-190,-38,54,82,-62,-449,-516,-317,-222,-89,52,174,219,-107,-341,-299,-19,-19,110,127,-72,-196,-375,-323,-169,-79,-255,-351,-126,246,421,355,235,-45,-405,-538,-546,-711,-461,-57,258,138,-267,-628,-467,-444,-460,-179,-235,-748,-648,-644,-532,-318,-132,77,203,259,205,194,357,409,361,276,194,186,170,163,8,378,459,-101,-112,213,1,-367,-635,-219,281,92,-338,-662,-148,319,93,-222,-290,-221,-181,-72,-332,-232,149,209,220,115,129,400,338,47,-113,-9,141,-198,-396,-269,-99,-79,-72,178,152,163,236,159,2,112,40,-55,-378,-271,123,438,400,398,249,-2,111,-33,165,374,311,223,-44,-102,-374,-138,123,37,136,75,256,194,166,144,161,158,-57,-247,-345,-365,-279,318,589,440,76,86,456,368,274,386,511,267,-258,-223,-344,-687,-469,474,521,217,-509,-481,-152,-360,-203,-155,-198,-25,-98,-97,122
159,405.4400000000000546,236,215,-34,27,247,371,14,-35,91,545,584,-313,-474,-111,225,149,-106,-19,133,297,238,-235,-437,-321,-191,-179,-41,126,202,-24,-246,-301,-40,18,115,178,41,-144,-346,-445,-257,-85,-239,-465,-258,140,371,283,176,-28,-166,-314,-348,-690,-481,-158,162,240,-132,-648,-684,-751,-823,-282,-80,-481,-343,-415,-296,29,-40,95,31,139,82,-65,-52,-48,105,201,123,150,327,175,140,453,380,-185,-27,197,-158,-496,-325,344,356,-38,-547,-694,44,288,-143,-338,-184,-141,60,53,-490,-270,204,199,259,168,55,316,330,132,10,-32,60,-164,-253,-156,96,81,-6,369,303,447,466,271,88,123,27,-109,-404,-382,137,459,376,433,581,72,-41,-182,-199,257,430,275,-69,-115,-270,-206,148,176,86,96,156,224,219,85,133,94,58,-96,-227,-334,-292,383,612,346,111,427,466,154,38,507,652,394,-27,-80,-129,-295,-259,355,421,-25,-615,-826,-290,-145,-346,-330,-429,-190,29,127,41
160,408.6400000000000432,-126,97,-1,5,-31,-28,-191,-217,-28,325,292,-320,-442,-77,257,269,76,74,231,400,444,49,-247,-315,-133,-171,-138,9,180,61,-118,-203,19,-17,82,178,131,-37,-225,-467,-339,-148,-226,-457,-371,42,303,195,87,-9,38,-109,-185,-565,-409,-211,53,315,68,-418,-788,-944,-1017,-383,49,-101,-127,-163,-43,272,96,61,-191,-132,-173,-344,-356,-389,-94,78,4,73,336,155,316,471,197,-163,59,161,-239,-493,115,819,468,-140,-619,-517,98,85,-325,-303,-98,-33,260,54,-449,-212,196,209,242,218,15,185,259,226,123,-20,-41,-77,-65,17,191,199,68,443,440,650,619,332,154,70,-4,-103,-260,-349,238,468,292,396,678,182,-244,-317,-399,26,485,287,-48,-152,-167,-214,69,244,126,111,90,226,221,75,81,-15,117,25,-69,-266,-218,291,467,171,238,606,329,-124,-124,467,569,444,225,65,27,138,138,137,60,-395,-668,-931,-484,39,-287,-454,-485,-243,174,209,-69
161,411.839999999999975,-460,-142,-30,-134,-221,-400,-328,-379,-198,-43,-80,-241,-258,-8,257,348,309,217,291,387,517,303,21,-200,-109,-111,-189,-108,84,81,45,-60,48,-32,75,78,165,95,-61,-360,-326,-224,-250,-376,-367,-77,180,171,44,79,221,35,-52,-382,-317,-197,-15,339,308,-45,-723,-1004,-1044,-459,116,227,-20,34,167,338,174,10,-421,-512,-527,-616,-606,-548,-237,-66,-99,61,80,119,471,392,50,5,138,136,-286,-333,523,1140,544,-176,-463,-173,63,-153,-449,-193,-84,118,373,-4,-216,-87,164,258,144,201,69,60,139,247,204,-29,-142,53,120,198,200,236,112,337,468,702,615,278,134,59,5,9,-15,-76,241,357,209,356,596,283,-376,-460,-466,-203,327,255,28,-113,-109,-137,-97,207,225,118,95,127,179,51,5,-62,112,175,34,-130,-146,149,245,79,421,591,28,-331,-216,319,293,355,321,251,122,579,507,30,-242,-475,-630,-833,-484,145,-107,-448,-306,-148,256,162,-125
162,415.0399999999999636,-717,-370,-138,-325,-383,-603,-443,-369,-293,-362,-410,-157,-41,69,199,343,487,407,287,281,404,412,248,-59,-60,-28,-150,-223,-53,123,178,82,83,-47,-13,13,133,155,77,-154,-244,-287,-250,-222,-263,-183,25,157,120,186,313,120,74,-180,-168,-172,-19,298,520,421,-477,-896,-926,-548,105,427,134,138,295,280,197,-29,-574,-718,-790,-767,-773,-602,-350,-185,-98,24,-205,147,564,235,-85,199,209,60,-270,-27,791,1126,497,-124,-101,164,-2,-324,-428,-180,-93,200,354,-24,75,42,194,273,84,171,171,-48,-33,161,215,26,-133,147,235,312,131,134,89,87,311,542,387,170,54,10,112,160,269,281,159,110,92,304,418,233,-285,-494,-445,-321,11,143,116,9,-60,-67,-257,57,228,139,130,50,109,1,-83,-97,122,228,29,58,-11,-68,-79,144,505,393,-209,-381,-187,77,-35,83,277,320,293,768,828,116,-374,-399,-382,-488,-333,118,79,-244,-133,71,212,48,-160
163,418.2400000000000091,-859,-523,-239,-407,-561,-567,-430,-165,-209,-485,-537,-64,171,154,104,256,544,483,240,142,204,351,383,107,-2,74,-46,-215,-160,47,207,191,128,-4,-64,-69,46,154,190,34,-102,-220,-193,-99,-149,-235,-93,147,207,317,325,176,193,17,-78,-116,-21,246,628,782,-41,-584,-766,-644,-14,480,349,225,322,154,76,-93,-596,-744,-845,-758,-765,-616,-427,-252,13,-50,-273,208,518,34,-91,327,203,-31,-187,297,862,844,213,15,266,384,-26,-319,-266,-183,-82,185,210,71,238,100,232,241,86,109,177,-126,-132,71,222,142,-63,169,329,340,72,2,-7,-117,61,217,92,39,17,-59,215,224,451,527,124,-185,-106,210,198,90,-91,-413,-424,-364,-202,0,152,156,4,-78,-322,-146,146,159,103,68,39,37,-64,-56,47,165,38,157,139,-254,-325,220,447,118,-366,-279,-100,-263,-355,-127,228,395,402,866,952,303,-103,-226,-31,-57,-186,98,105,-79,-41,248,111,-79,-178
164,421.4399999999999977,-798,-539,-271,-322,-624,-331,-185,144,0,-431,-483,21,303,178,-32,89,464,442,202,56,20,225,413,272,32,99,93,-85,-180,-27,193,236,176,63,-80,-152,-61,68,205,180,55,-100,-99,19,-60,-253,-214,107,305,412,305,209,289,178,-3,-71,-10,146,582,968,470,-118,-566,-732,-190,400,599,326,253,25,-120,-158,-510,-521,-621,-595,-611,-571,-489,-262,85,-84,-127,206,280,-120,-3,390,166,-107,-63,554,701,433,-83,151,468,461,50,-137,7,-112,-48,140,70,250,268,139,228,149,81,-2,45,-162,-154,4,224,214,51,149,355,297,50,-69,-122,-228,-150,-131,-124,-65,18,-62,212,262,453,536,10,-455,-259,10,-43,1,28,-227,-403,-363,-310,-97,131,242,120,-71,-273,-296,-34,144,69,50,-35,54,34,85,-25,104,87,200,255,-309,-361,246,201,-102,-352,-109,-44,-457,-562,-310,242,412,481,772,921,603,400,160,295,289,36,-34,66,18,8,215,49,-164,-159
165,424.6399999999999864,-568,-412,-179,-102,-443,-72,189,380,245,-214,-330,126,377,211,-102,-25,330,306,159,14,-51,113,315,372,114,59,173,103,-74,-64,72,182,135,103,-88,-175,-116,-20,140,249,187,100,53,112,15,-259,-248,50,335,471,294,261,376,272,51,-72,-72,38,424,946,887,440,-296,-754,-375,317,747,466,150,-111,-297,-222,-333,-212,-254,-358,-381,-450,-457,-177,106,-44,135,141,-56,-198,125,355,154,-119,140,652,422,-49,-272,196,442,422,184,151,297,77,84,64,-13,373,232,148,131,20,8,-106,-104,-142,-89,17,208,261,169,124,282,224,88,-84,-180,-196,-220,-357,-223,-98,17,-35,123,251,412,417,-109,-585,-369,-182,-225,-19,44,-23,-292,-322,-376,-129,121,311,248,-37,-171,-275,-217,72,29,33,-50,57,92,125,62,29,90,209,219,-290,-256,133,-73,-206,-182,117,11,-505,-630,-335,120,288,487,560,842,861,767,482,485,468,193,-134,38,113,114,15,-24,-159,-107
166,427.839999999999975,-266,-162,-53,172,-111,87,510,491,423,56,-163,202,382,162,-135,-106,130,153,104,-11,-69,23,124,338,164,28,180,258,66,-8,-15,123,105,151,-6,-141,-125,-113,56,254,231,219,174,170,45,-208,-257,-12,277,437,319,305,381,322,121,-73,-124,-76,160,732,1086,925,136,-629,-507,190,795,590,55,-240,-424,-247,-106,141,93,-59,-153,-248,-318,-123,10,128,367,50,-309,-145,261,318,133,-112,323,559,107,-400,-313,131,273,301,277,378,499,309,231,47,12,352,198,161,-8,-147,-122,-187,-231,-94,-15,58,113,237,224,120,169,104,130,-43,-199,-174,-190,-335,-281,-137,-15,-24,-66,150,329,235,-170,-511,-446,-354,-286,-25,74,149,-65,-251,-369,-134,176,330,311,35,-63,-159,-359,-55,-25,-19,-38,66,112,115,180,28,115,159,119,-159,-83,-104,-288,-188,-25,236,-55,-462,-526,-195,-7,116,257,353,647,817,892,609,549,565,259,-183,-67,154,187,-144,-50,-95,-69
167,431.0399999999999636,13,141,43,322,227,106,544,454,449,209,-27,225,271,121,-75,-125,-75,47,5,-3,-34,-8,-22,197,201,28,109,290,217,83,-56,-5,19,126,58,-86,-102,-199,-57,181,231,270,279,193,63,-142,-205,-85,150,345,378,331,307,321,163,-70,-190,-188,-72,367,1038,1251,736,-272,-544,14,665,637,17,-315,-398,-278,137,400,418,277,84,7,-69,-65,-114,264,457,-71,-372,-16,358,260,79,-29,423,330,-208,-563,-282,1,88,178,329,510,554,502,346,69,100,216,199,156,-182,-328,-256,-260,-244,-21,44,82,49,123,165,102,39,-9,120,-21,-133,-119,-162,-262,-284,-215,-101,21,-164,-21,199,52,-187,-283,-384,-410,-252,-2,105,202,196,-113,-296,-127,200,272,291,145,2,-39,-375,-150,-68,-47,-14,42,93,105,145,47,96,55,-35,-64,31,-280,-382,-177,200,222,-153,-358,-252,-8,-68,-33,8,58,238,581,718,637,587,526,223,-235,-229,170,181,-236,-83,-28,1
168,434.2400000000000091,234,362,130,274,429,95,218,241,373,244,89,175,64,26,36,-86,-199,-75,-67,-8,-29,-31,-84,-15,141,66,32,234,297,206,-17,-58,-50,100,84,1,-61,-209,-135,106,195,256,309,192,79,-46,-164,-122,4,179,384,317,210,275,182,-37,-218,-263,-245,34,735,1317,1283,290,-384,-176,375,548,9,-328,-342,-251,328,570,646,555,315,262,234,-60,-144,316,349,-146,-278,171,365,136,-2,100,387,33,-428,-556,-203,-159,-60,83,302,510,493,505,383,146,143,53,185,110,-308,-438,-335,-302,-184,61,63,48,-55,-18,132,97,-2,-79,62,3,-19,-73,-140,-176,-245,-284,-178,66,-164,-197,-14,-86,-151,-33,-179,-340,-162,76,175,251,403,111,-172,-76,139,171,223,230,61,25,-267,-235,-91,-65,-3,42,47,23,129,27,30,-25,-191,23,50,-359,-376,-181,357,157,-161,-263,83,231,-107,-205,-175,-288,-194,166,461,592,573,375,97,-187,-328,104,125,-177,-106,59,53
169,437.4399999999999977,405,381,159,94,427,71,-187,-80,134,181,164,77,-135,-105,68,-42,-222,-116,-80,-47,-17,-48,-106,-115,60,86,-22,84,228,264,102,-53,-98,15,142,60,-23,-129,-142,14,127,185,270,166,88,31,-96,-177,-144,-10,307,313,110,210,169,19,-163,-300,-351,-265,328,1114,1614,927,-82,-344,-23,258,31,-252,-216,-159,390,592,742,714,531,460,455,10,-71,161,142,-128,-68,282,257,5,-94,211,263,-253,-522,-433,-179,-225,-152,-12,209,360,341,357,340,248,81,-70,123,37,-364,-441,-381,-245,-121,151,58,-23,-113,-67,111,86,-14,-115,-23,16,99,-46,-112,-94,-154,-294,-201,28,-114,-290,-227,-220,-73,128,33,-154,-29,164,262,312,448,284,-51,-20,54,51,133,220,113,34,-120,-283,-104,-34,-14,5,-7,-20,64,50,20,-110,-256,41,-10,-360,-305,-115,324,98,-100,-102,358,398,-53,-343,-309,-603,-549,-325,40,374,412,172,-61,-157,-268,-32,80,-71,-94,122,147
170,440.6399999999999864,460,287,161,-69,261,77,-487,-434,-161,92,138,-44,-205,-190,22,-3,-197,-135,-14,-28,-29,-88,-105,-117,-31,90,-15,-68,108,218,146,-4,-113,-48,82,133,38,-43,-85,-68,39,105,183,135,101,114,-26,-220,-234,-147,183,199,27,105,125,72,-50,-274,-377,-411,-63,699,1619,1489,387,-431,-463,-124,34,-113,-49,3,371,472,680,702,680,648,524,166,112,-1,-114,-82,149,286,85,-165,-143,267,86,-426,-495,-302,-172,-236,-187,-104,46,142,104,100,190,236,4,-100,44,-23,-304,-360,-339,-159,-74,181,47,-114,-132,-48,124,106,50,-122,-94,43,169,-48,-66,-18,-71,-216,-139,-40,-54,-255,-357,-301,13,236,159,35,46,219,343,357,360,322,74,4,-44,-73,70,145,107,10,-4,-239,-134,-14,50,-17,-37,-40,-42,11,21,-103,-190,27,-63,-252,-233,12,131,1,-72,63,534,426,55,-295,-379,-802,-830,-675,-392,141,193,52,-174,-165,-72,-183,-69,48,-50,158,187
171,443.839999999999975,407,175,124,-130,41,50,-533,-664,-399,-24,37,-143,-186,-168,-65,25,-136,-86,63,17,-27,-84,-101,-93,-44,54,23,-138,-68,124,171,56,-101,-105,7,148,62,60,-22,-97,-55,15,69,80,131,164,29,-218,-263,-234,-14,68,-1,49,67,98,32,-185,-322,-426,-317,234,1298,1742,857,-361,-819,-511,-21,51,140,165,284,230,437,566,689,673,454,338,266,-158,-318,-19,263,173,-106,-268,-136,216,-95,-480,-413,-238,-153,-178,-188,-208,-151,-99,-113,-113,9,99,-42,-80,-17,-68,-171,-232,-223,-110,-17,110,12,-151,-101,39,163,130,48,-139,-175,37,211,-23,-23,29,-21,-72,-32,-100,-34,-106,-317,-308,76,278,255,140,88,157,400,386,225,240,198,-3,-155,-190,15,50,95,-15,48,-128,-152,-5,56,8,-11,0,-114,-48,84,17,9,-46,-86,-126,-129,57,-19,-85,-90,279,625,343,143,-114,-415,-771,-962,-763,-596,-8,-18,-64,-163,-38,61,-212,-151,123,16,194,182
172,447.0399999999999636,295,84,83,-116,-170,4,-357,-682,-527,-157,-59,-198,-158,-140,-96,9,-64,-8,119,75,-4,-54,-139,-70,-62,-16,15,-112,-166,-25,120,71,-52,-97,-17,130,109,149,64,-82,-107,-52,-15,26,116,205,75,-169,-258,-264,-176,-47,4,6,17,116,79,-62,-216,-374,-414,-169,787,1625,1135,-174,-1008,-816,-136,163,296,290,195,-43,132,334,565,531,361,452,315,-273,-398,-5,247,-16,-263,-298,-106,101,-231,-425,-265,-193,-96,-114,-138,-278,-313,-303,-266,-210,-162,-49,-23,-57,-59,-93,-12,-64,-87,-71,1,-5,-2,-100,-17,159,147,135,28,-124,-220,26,234,86,23,17,-1,67,92,-91,-24,38,-180,-196,115,302,309,185,109,-30,300,363,112,100,261,-5,-233,-250,-68,-15,78,0,44,-2,-146,-11,60,32,26,46,-137,-11,137,158,147,-39,-119,-33,-50,20,-121,-166,-43,507,520,160,157,29,-349,-602,-870,-737,-469,-77,-202,-104,-19,86,151,-182,-131,202,112,166,106
173,450.2400000000000091,156,-10,23,-60,-218,-65,-148,-510,-575,-290,-87,-202,-116,-131,-69,-41,-7,54,135,104,45,-9,-116,-71,-78,-58,0,-61,-187,-148,25,76,-21,-68,-46,91,122,169,119,-47,-117,-93,-80,-10,100,191,113,-78,-202,-270,-275,-124,-18,-2,-11,103,136,67,-67,-263,-410,-438,215,1167,1174,119,-975,-980,-286,219,416,333,92,-222,-154,85,330,282,291,460,206,-248,-345,3,135,-176,-336,-261,-60,-51,-315,-285,-141,-128,-38,-41,-65,-257,-351,-434,-327,-233,-256,-172,-19,-19,-103,-97,70,98,1,-44,-1,-92,-4,17,72,130,43,76,55,-40,-172,-19,180,195,85,-14,2,164,90,-61,1,132,-20,-22,177,291,267,202,65,-213,78,254,33,-18,168,-3,-250,-280,-132,-40,76,53,41,75,-123,-82,81,54,70,89,-99,0,139,234,237,7,-93,3,31,-40,-192,-215,71,615,275,-22,101,107,-146,-324,-599,-480,-183,-134,-259,-89,133,206,176,-56,-89,188,154,105,33
174,453.4399999999999977,35,-78,-35,-3,-167,-110,31,-208,-549,-407,-85,-128,-90,-114,-37,-60,45,56,90,90,56,81,-54,-96,-82,-116,-29,15,-135,-222,-92,33,18,-36,-27,48,131,171,164,10,-122,-150,-128,-47,42,136,124,12,-136,-244,-307,-161,-18,-25,26,83,156,177,49,-140,-313,-513,-257,564,966,394,-702,-904,-413,197,413,285,26,-324,-355,-101,94,59,224,323,9,-179,-164,22,-2,-263,-369,-207,-43,-179,-292,-119,-43,-47,15,55,19,-141,-298,-426,-348,-199,-273,-193,-18,-12,-178,-88,113,224,106,-15,24,-136,-29,117,96,-13,-110,-23,45,66,0,-6,101,224,171,-57,4,198,41,-25,14,134,88,121,209,191,189,183,-2,-271,-175,58,25,-52,46,16,-206,-240,-139,-29,117,117,88,99,-14,-136,42,79,99,80,24,55,134,234,221,100,-15,0,112,-36,-260,-230,215,568,42,-189,13,166,91,-6,-261,-223,-107,-227,-267,-75,213,248,152,90,13,155,163,-9,-59
175,456.6399999999999864,-42,-108,-122,13,-51,-83,131,140,-352,-466,-119,-2,-39,-29,19,-18,39,33,9,57,74,139,49,-75,-105,-124,-65,28,-27,-189,-167,-29,45,6,-39,37,86,153,134,37,-85,-173,-171,-61,14,101,129,79,-65,-204,-269,-152,-18,-25,51,66,137,207,140,-43,-220,-473,-590,-41,568,567,-247,-618,-442,77,284,171,-50,-254,-413,-256,-113,-73,110,64,-164,-59,45,33,-153,-315,-369,-138,-37,-251,-238,-5,41,-2,49,96,83,-9,-201,-340,-326,-174,-214,-178,-49,-75,-214,-92,144,325,231,59,12,-153,-33,136,37,-168,-212,-100,34,128,109,21,4,160,194,-12,40,158,53,0,12,51,109,170,129,80,89,113,-86,-217,-390,-223,39,22,-34,5,-114,-153,-123,1,170,175,147,87,85,-141,-49,50,82,91,120,138,89,119,161,192,31,16,155,-28,-304,-140,359,370,-144,-248,-129,120,276,266,51,-60,-169,-267,-236,-61,198,253,128,174,179,105,111,-63,-145
176,459.839999999999975,-67,-110,-154,-40,66,10,165,372,-37,-382,-157,77,71,125,77,38,56,-22,-58,21,98,180,163,-33,-101,-135,-113,3,64,-69,-156,-71,42,-3,-5,-11,54,113,122,86,-23,-125,-169,-86,-47,22,138,167,5,-146,-202,-104,-47,-9,58,54,132,191,183,24,-113,-365,-749,-557,96,621,248,-191,-359,-27,130,37,-97,-133,-324,-304,-247,-118,-40,-190,-276,28,184,24,-279,-332,-328,-103,-63,-307,-173,82,90,51,97,79,108,93,-95,-221,-253,-160,-119,-126,-92,-183,-223,-90,202,403,343,150,51,-143,-71,45,-49,-231,-238,-149,-38,135,177,50,-73,26,157,92,50,111,95,26,17,-64,12,129,31,-44,9,20,-110,-151,-482,-464,-19,121,1,-29,11,-26,-75,2,183,193,219,82,119,-97,-143,5,43,75,190,146,30,5,95,185,79,41,166,-88,-328,-2,375,64,-283,-240,-192,65,360,444,279,77,-279,-348,-193,-60,84,162,56,205,191,59,16,-100,-202
177,463.0399999999999636,-44,-89,-98,-57,126,158,215,400,265,-123,-168,60,223,331,169,71,20,-95,-106,15,108,171,233,68,-53,-73,-111,-32,114,8,-117,-87,34,2,-18,-29,-5,75,119,73,18,-83,-135,-89,-92,-38,125,186,58,-72,-121,-97,-42,20,48,61,110,139,158,78,-8,-249,-740,-888,-351,530,662,270,-127,-114,-90,-106,-144,17,-134,-266,-289,-121,-206,-364,-283,53,184,-35,-343,-333,-251,-55,-81,-287,-109,138,119,110,88,77,135,139,9,-116,-141,-159,-59,-110,-109,-233,-177,-54,226,418,435,239,51,-167,-112,-67,-88,-191,-216,-211,-131,85,162,37,-122,-41,115,202,64,58,132,109,56,-114,-94,12,-100,-150,-18,-39,-56,-82,-378,-587,-65,224,68,-40,124,130,-15,17,155,192,250,78,103,-12,-207,-94,-23,70,197,118,-25,-98,28,141,141,140,117,-141,-239,181,245,-204,-332,-156,-117,58,351,516,512,217,-337,-485,-185,-100,-20,-2,51,195,128,-45,-57,-101,-170
178,466.2400000000000091,-55,-46,-22,-7,139,275,290,327,456,223,-93,0,285,442,234,92,-47,-177,-118,5,91,84,221,150,25,-19,-78,-85,87,124,28,-60,55,20,-23,-68,-51,32,58,79,69,-17,-98,-94,-132,-59,98,204,123,6,-42,-87,-44,31,32,63,62,79,101,76,64,-144,-668,-1003,-647,330,882,675,125,-135,-243,-168,-166,109,13,-173,-252,-179,-322,-415,-231,8,43,-159,-398,-308,-138,-21,-95,-230,-21,143,122,126,68,79,137,128,80,-4,-17,-91,-41,-49,-139,-175,-61,27,241,397,463,325,50,-180,-149,-157,-70,-119,-181,-249,-227,47,76,44,-101,-72,64,236,100,16,108,203,114,-80,-119,-123,-224,-223,-89,-37,32,22,-203,-530,-123,183,167,18,157,245,60,34,102,164,219,87,57,92,-199,-192,-94,54,146,45,-89,-128,7,85,165,222,11,-196,-30,286,110,-333,-312,-84,-56,80,228,494,691,235,-287,-500,-254,-122,-90,-47,38,135,88,-87,-114,-88,-93
179,469.4399999999999977,-146,6,45,68,156,353,332,235,466,453,52,-71,205,421,284,85,-82,-216,-111,-31,24,1,113,184,78,43,-66,-126,8,141,111,35,43,59,-52,-85,-98,-14,37,60,74,35,-45,-97,-105,-96,34,162,165,81,-27,-71,-26,13,5,35,24,10,49,91,99,-61,-536,-947,-746,107,922,881,308,-95,-294,-172,-152,106,124,-86,-214,-249,-395,-381,-193,-98,-156,-259,-382,-243,-44,-22,-133,-146,-3,108,102,124,80,136,130,102,106,137,89,-35,-58,-1,-76,-5,89,113,220,301,398,324,40,-164,-154,-225,-104,-50,-111,-232,-244,9,42,51,-49,-52,23,205,139,-15,18,221,177,12,-78,-207,-298,-244,-142,-20,118,144,-57,-269,-184,56,234,148,157,264,87,26,17,85,140,96,18,89,-104,-228,-134,-49,51,-37,-121,-93,3,-5,148,197,-96,-181,187,286,-66,-357,-269,-46,-15,95,147,454,664,265,-147,-430,-322,-150,-99,-55,45,102,22,-71,-103,-96,7
180,472.6399999999999864,-247,14,87,137,184,350,387,240,382,486,229,-60,49,343,276,82,-78,-181,-131,-84,-46,-99,-15,102,145,79,-9,-70,-86,72,164,95,71,82,-45,-113,-139,-86,-3,34,71,83,27,-68,-88,-101,-33,109,184,127,6,-67,-43,-26,4,6,-49,-32,-19,25,73,-23,-378,-735,-697,-109,753,910,417,0,-249,-141,-108,38,106,-13,-203,-314,-428,-292,-151,-230,-325,-296,-310,-133,55,7,-121,-36,29,33,79,92,86,183,92,66,128,232,153,14,-55,54,36,172,217,161,130,149,248,258,41,-123,-160,-245,-170,-30,-24,-141,-158,-25,34,24,-16,-59,-36,84,154,-26,-54,128,170,105,13,-189,-212,-200,-172,38,188,230,82,0,-186,-75,189,258,171,201,88,-18,-72,-12,25,51,-5,66,-13,-213,-146,-126,-75,-123,-124,-69,-57,-49,153,165,-169,-134,309,181,-205,-325,-140,-31,25,-7,55,393,586,276,-11,-300,-291,-171,-173,-49,76,96,16,-5,-83,-102,41
181,475.839999999999975,-303,-27,102,184,171,261,396,326,323,378,334,6,-82,160,186,72,-48,-105,-133,-118,-123,-154,-117,51,122,80,36,-79,-111,-22,104,130,70,101,2,-90,-146,-118,-50,32,66,112,67,-22,-45,-98,-98,24,182,160,4,-55,-69,-59,-20,-45,-69,-82,-78,-28,6,-5,-222,-459,-522,-251,528,774,429,107,-137,-79,-30,-32,63,3,-199,-366,-413,-207,-143,-268,-365,-270,-158,33,114,-4,-98,18,37,-37,37,85,133,185,37,51,155,280,191,69,-9,49,169,301,265,181,33,-45,50,163,62,-40,-139,-230,-183,-46,54,-11,-57,-86,-10,-35,24,-49,-126,-51,122,-32,-93,15,80,152,100,-41,-78,-85,-125,56,221,252,245,160,-118,-208,72,292,181,79,68,-51,-144,-126,-86,9,-3,21,35,-96,-145,-153,-187,-165,-129,-65,-92,-51,123,59,-174,-2,298,-11,-248,-225,14,-4,79,-42,46,290,392,263,135,-112,-190,-161,-105,36,108,100,63,55,-15,-60,115
182,479.0399999999999636,-238,-102,44,128,114,110,350,418,319,260,356,155,-123,-18,108,61,28,-28,-116,-148,-167,-185,-156,-60,82,88,68,-6,-133,-120,45,110,62,112,56,-66,-112,-156,-87,36,72,120,117,21,11,-49,-118,-42,121,163,35,-62,-75,-83,-17,-54,-75,-93,-105,-69,-78,-48,-81,-202,-295,-268,259,499,360,181,0,1,27,-57,9,-10,-202,-359,-355,-151,-136,-222,-285,-146,27,172,161,-24,-58,51,39,-70,18,99,169,146,-25,47,192,240,203,62,65,36,239,348,244,138,-66,-217,-143,58,78,64,-128,-182,-142,-21,107,97,11,-124,-87,-35,21,-28,-186,-161,27,-16,-72,-118,-16,180,168,137,47,18,-40,26,198,209,344,278,-46,-296,-33,214,195,-37,44,-50,-202,-191,-165,-15,26,-3,55,33,-135,-164,-250,-167,-98,-99,-131,-12,43,-107,-73,137,218,-111,-281,-123,115,55,32,-39,64,161,113,186,297,76,-43,-151,-47,134,151,99,103,98,88,22,168
183,482.2400000000000091,-86,-111,-27,3,4,-51,230,403,338,247,321,294,-64,-121,6,33,88,44,-91,-137,-182,-169,-162,-118,-3,63,81,34,-102,-172,-43,72,12,91,107,4,-53,-144,-126,17,51,102,139,84,52,-18,-121,-107,53,138,45,-29,-59,-85,-51,-41,-46,-97,-139,-108,-155,-90,21,19,-78,-224,0,200,266,203,112,69,93,-45,-60,-34,-177,-273,-240,-127,-65,-84,-107,11,239,315,183,-6,-15,54,26,-33,26,134,156,53,-70,54,205,199,149,81,112,68,206,286,185,61,-145,-324,-305,-7,128,165,-62,-64,-55,12,112,168,44,-148,-137,-42,3,-49,-223,-234,-101,-10,-15,-159,-130,124,211,256,164,72,66,-14,80,164,361,389,39,-253,-158,100,141,-67,-7,-45,-219,-239,-188,-37,47,37,64,119,-72,-157,-224,-129,-79,-110,-166,-2,-45,-191,93,233,107,-146,-240,-52,122,131,-3,-36,52,-19,-72,77,366,258,59,-105,-44,129,105,95,90,89,161,134,171
184,485.4399999999999977,48,-61,-49,-69,-137,-185,32,262,338,274,256,353,44,-161,-42,97,139,97,-22,-105,-134,-100,-116,-133,-58,43,84,83,-72,-133,-105,21,-23,43,95,76,23,-111,-132,-19,27,63,130,116,75,8,-94,-151,-15,78,90,7,-17,-37,-33,-39,-14,-61,-102,-112,-164,-124,44,148,80,-130,-165,-63,203,192,163,124,91,-8,-45,-73,-127,-125,-100,-79,53,113,122,206,399,352,157,16,8,57,26,15,65,170,112,-55,-122,40,158,129,68,72,136,86,108,139,91,-3,-185,-344,-347,-71,140,258,71,73,105,7,73,131,37,-142,-162,-27,-38,-64,-176,-260,-240,-34,15,-130,-200,2,164,281,218,65,120,-32,-89,90,255,391,125,-118,-223,-7,52,-38,-67,-41,-172,-211,-160,-13,83,70,111,173,48,-134,-168,-122,-20,-90,-108,-16,-106,-162,219,263,13,-146,-185,10,118,132,16,0,7,-214,-259,-45,292,349,159,-36,28,62,26,21,13,62,191,196,163
185,488.6399999999999864,135,20,-54,-121,-237,-293,-216,48,252,288,181,296,138,-168,-67,109,188,153,24,-50,-50,2,-34,-111,-100,7,71,87,-15,-87,-133,-41,-63,2,78,118,82,-52,-136,-33,-2,30,106,114,76,35,-43,-127,-97,30,88,42,41,24,-35,-19,2,-11,-49,-59,-134,-138,32,192,197,-31,-271,-239,168,180,180,150,99,37,-42,-94,-64,-1,42,12,175,284,312,355,460,338,128,35,34,30,11,90,137,167,32,-114,-117,37,77,45,-5,86,153,104,10,-1,12,-32,-168,-259,-302,-118,116,322,253,207,143,35,34,115,8,-124,-143,-42,-73,-88,-124,-251,-284,-72,23,-82,-194,-141,26,194,169,70,70,-60,-203,-16,173,291,220,52,-225,-95,-8,1,-48,-15,-88,-112,-103,37,84,88,140,167,122,-80,-104,-40,45,0,-39,-20,-163,-45,245,242,-5,-126,-99,48,92,54,59,52,-45,-363,-433,-171,193,325,207,17,33,-22,-51,-42,-102,-5,177,206,149
186,491.839999999999975,164,77,-38,-102,-239,-298,-414,-211,70,226,140,175,180,-117,-75,152,216,229,91,22,29,63,26,-50,-93,-47,31,75,47,-24,-111,-129,-93,-40,65,153,137,0,-83,-91,-21,9,54,114,70,49,-2,-96,-128,-30,103,78,75,50,-2,20,53,54,52,-5,-54,-111,11,160,212,22,-337,-324,127,179,163,148,121,91,5,-94,7,129,168,144,271,392,432,425,429,251,97,76,51,26,38,137,162,152,-48,-131,-47,29,-19,-54,-41,88,132,119,-55,-100,-57,-14,-59,-97,-195,-141,41,354,384,311,149,46,27,50,17,-71,-114,-118,-102,-55,-39,-167,-260,-111,-17,-33,-119,-235,-132,66,143,67,-48,-105,-221,-156,108,147,248,181,-128,-127,-13,70,17,34,36,8,-9,84,109,154,153,133,147,5,-34,46,102,88,94,-34,-135,94,187,184,-18,-66,23,71,57,45,129,106,-176,-489,-453,-286,-11,258,205,111,27,-88,-138,-161,-167,-49,101,222,95
187,495.0399999999999636,172,110,-13,-98,-170,-258,-479,-434,-176,42,121,84,144,-48,-52,163,232,289,170,67,82,121,77,20,-55,-77,15,64,47,48,-82,-144,-79,-46,54,130,151,67,-26,-105,-55,-43,3,69,69,58,40,-51,-134,-97,70,109,113,90,40,32,76,114,124,72,21,-62,-14,117,183,26,-340,-311,77,177,136,130,135,132,58,-44,67,189,242,264,344,403,438,385,316,145,54,95,84,56,97,167,161,118,-80,-90,48,44,-69,-137,-19,86,118,90,-82,-139,-97,12,78,81,-36,-154,-31,313,411,338,152,51,30,30,65,11,-65,-156,-117,8,46,-50,-139,-111,-75,-31,-34,-179,-220,-91,115,62,-130,-180,-186,-225,-23,56,150,225,-11,-124,-3,120,117,98,166,136,76,105,124,131,151,122,160,85,13,92,130,167,184,-21,-55,165,121,124,-16,-31,113,115,43,74,162,130,-243,-485,-450,-294,-150,113,204,204,45,-153,-228,-227,-173,-112,5,130,65
188,498.2400000000000091,185,128,-19,-129,-134,-274,-509,-575,-447,-189,66,20,86,0,-17,105,242,355,253,134,107,127,101,72,5,-54,-31,38,88,84,-57,-127,-73,-65,-3,80,123,96,28,-121,-80,-41,-38,41,56,50,62,-3,-110,-128,45,125,117,80,86,55,78,149,176,131,84,3,-21,68,101,-29,-288,-251,-3,138,156,111,137,155,60,5,112,204,312,338,326,287,325,252,163,35,47,143,163,113,145,159,96,47,-60,-14,118,55,-101,-151,2,65,82,28,-101,-151,-107,13,201,233,98,-117,-65,198,328,302,98,51,4,3,104,129,-5,-146,-75,69,90,65,6,-86,-130,-54,45,-32,-182,-187,60,57,-144,-231,-176,-187,-174,-13,11,165,106,-99,-19,134,210,167,258,228,144,89,126,124,147,113,133,145,85,120,150,193,211,-19,48,146,40,69,-67,10,169,146,73,106,187,67,-237,-361,-413,-245,-176,12,184,269,42,-182,-259,-277,-139,-109,-74,58,16
189,501.4399999999999977,206,117,-15,-131,-144,-270,-513,-649,-644,-420,-99,-29,11,21,8,21,217,380,330,186,114,142,95,106,48,-24,-50,23,101,116,-9,-99,-34,-56,-55,36,98,98,53,-89,-90,-72,-72,-20,26,42,42,21,-56,-93,28,124,107,30,78,69,85,159,193,157,101,68,16,42,39,-89,-215,-174,-75,71,174,109,132,97,46,48,132,175,328,347,257,176,159,75,27,-7,41,154,182,174,185,112,49,-26,-49,48,143,53,-95,-117,18,43,18,-52,-81,-139,-114,-5,241,268,158,-58,-72,33,162,203,74,48,-28,-14,141,249,124,-45,-13,90,99,144,135,-15,-127,-55,75,89,-70,-220,-61,45,-93,-165,-128,-136,-294,-135,-84,16,141,-55,-30,97,234,199,282,248,183,62,80,105,113,67,72,178,122,80,113,155,133,-9,107,81,5,39,-76,81,188,156,101,129,168,-29,-226,-200,-260,-168,-142,32,180,243,21,-184,-232,-213,-29,-74,-137,-46,-38
190,504.6399999999999864,234,117,9,-159,-194,-289,-477,-634,-689,-568,-314,-99,-37,15,-13,-75,136,336,364,240,134,105,101,113,64,27,-40,9,82,94,50,-73,-51,-76,-83,-32,48,107,79,-64,-53,-69,-86,-72,-20,10,36,59,3,-52,-4,95,91,12,60,72,90,117,144,131,120,110,63,56,-35,-119,-120,-116,-154,-7,150,94,84,41,30,85,143,174,330,333,163,24,11,-75,-76,-57,70,179,210,225,172,44,-23,-84,-25,66,116,10,-63,0,21,32,-38,-111,-73,-147,-116,-46,183,217,158,6,-43,-106,-6,65,46,39,-56,-24,158,303,209,72,55,80,88,169,226,93,-40,-42,79,139,59,-175,-166,1,-19,-30,-25,-83,-310,-264,-129,-108,76,-39,-75,34,193,196,251,230,180,26,30,65,69,12,11,154,145,70,43,94,42,45,155,30,31,-5,-54,112,157,115,90,72,102,-73,-112,-65,-128,-94,-52,61,150,141,-4,-99,-94,-125,-14,1,-139,-115,-102
191,507.839999999999975,274,133,49,-98,-213,-237,-412,-529,-602,-615,-541,-235,-91,-32,-66,-134,34,209,318,260,145,91,104,109,100,67,25,-27,57,81,81,-22,-40,-63,-82,-81,-8,67,89,1,-59,-27,-86,-83,-46,11,33,57,41,-4,-8,31,48,-2,10,32,73,70,101,109,118,140,135,88,-45,-117,-36,-87,-208,-94,91,71,-7,-56,-20,96,141,149,272,254,69,-69,-122,-146,-131,-50,93,131,218,239,131,5,-85,-144,-46,54,66,-47,-10,82,45,4,-99,-146,-72,-154,-115,-90,53,92,113,36,-48,-200,-119,-35,69,42,-64,-1,126,280,271,170,113,33,55,178,265,179,64,26,83,143,138,-65,-213,-57,55,88,70,-45,-232,-330,-169,-120,-41,-38,-124,-56,82,145,172,146,132,4,-36,-27,11,-7,0,112,172,47,-21,13,-55,74,142,45,43,-56,30,133,95,58,69,29,23,-85,18,90,-7,-20,53,78,136,62,23,-50,3,-23,13,31,-115,-155,-127
192,511.0399999999999636,235,145,111,5,-152,-146,-262,-361,-460,-591,-673,-407,-202,-127,-111,-154,-90,13,195,225,139,76,66,98,98,90,51,14,38,76,97,43,-8,-114,-109,-112,-69,44,100,59,-36,-48,-68,-87,-78,5,35,66,83,61,-3,-17,4,-14,-22,15,45,15,27,57,109,144,178,95,-65,-76,0,-58,-216,-159,26,9,-88,-133,-29,89,146,139,208,147,-42,-160,-157,-154,-113,-37,105,99,204,193,83,-22,-114,-163,-54,9,10,-101,31,146,70,-28,-165,-119,-89,-128,-88,-119,-91,-62,33,39,-38,-201,-173,-116,40,46,-22,35,80,173,269,246,108,17,41,175,244,220,178,112,87,79,163,52,-169,-97,120,181,138,26,-145,-270,-189,-53,-122,-62,-147,-148,-38,65,62,55,55,-13,-65,-89,-54,-31,-9,75,145,21,-55,-52,-101,99,98,90,38,-75,95,120,24,10,31,20,-61,-60,114,169,123,83,135,148,110,-10,-6,40,74,72,24,41,-89,-177,-134
193,514.2400000000000091,173,159,133,123,-44,-40,-63,-131,-256,-484,-690,-556,-318,-251,-203,-170,-188,-178,30,128,109,28,29,77,107,107,69,28,20,40,86,84,12,-50,-63,-128,-103,10,79,73,14,-55,-39,-84,-80,-48,27,64,93,117,-7,-51,-55,-32,-32,-29,-12,-47,-29,13,72,126,196,72,-24,-28,-24,-54,-190,-194,-76,-86,-167,-179,-70,68,140,135,101,32,-96,-173,-151,-86,-93,-1,92,65,137,128,14,-52,-125,-164,-67,-41,-75,-121,46,157,62,-52,-159,-77,-64,-83,-19,-103,-205,-220,-54,15,-13,-166,-169,-158,7,76,37,44,16,41,177,221,92,-4,47,149,152,193,236,173,70,7,83,126,-77,-102,143,251,182,87,-80,-125,-147,-7,-106,-120,-156,-204,-142,-11,-31,-21,-15,-22,-90,-133,-106,-69,-16,25,95,1,-45,-108,-115,54,59,137,2,-52,138,104,-21,-38,-16,-10,-94,-6,134,195,191,193,167,167,56,-41,4,67,125,122,29,23,-54,-159,-111
194,517.4399999999999409,78,152,165,206,139,84,165,138,-65,-309,-547,-576,-408,-332,-303,-224,-280,-312,-157,2,52,-12,-32,29,99,115,82,11,6,41,84,102,49,-44,-73,-112,-145,-21,60,98,47,-41,-20,-68,-79,-61,-7,72,103,108,1,-73,-89,-44,-60,-74,-84,-86,-80,-14,77,116,148,38,18,-1,-11,-28,-150,-195,-160,-179,-206,-190,-78,41,118,99,-1,-93,-129,-153,-93,-44,-60,23,56,43,72,26,-34,-77,-114,-147,-63,-67,-111,-117,21,88,27,-68,-94,-16,-30,-2,56,-67,-281,-272,-100,-10,-21,-124,-148,-136,-2,90,84,61,-43,-109,25,154,72,-9,41,86,47,111,210,182,16,-81,-35,103,22,-58,121,276,214,114,23,-12,-44,11,-17,-149,-145,-197,-226,-69,-95,-84,-72,-39,-86,-145,-152,-63,4,-7,40,17,-52,-133,-98,-18,6,119,-25,-37,109,71,-31,-56,-47,-32,-102,12,97,220,235,249,161,92,-34,-47,43,142,154,125,46,4,-14,-103,-84
195,520.6399999999999864,-45,117,201,242,242,257,400,371,95,-82,-253,-404,-402,-337,-374,-331,-397,-420,-276,-125,-34,-55,-65,-30,55,93,71,30,-21,0,43,91,60,18,-31,-100,-140,-67,37,110,61,-8,-19,-31,-55,-56,-23,56,70,92,-6,-84,-120,-31,-92,-104,-134,-122,-87,-31,41,97,101,-8,9,23,10,0,-91,-155,-245,-217,-205,-156,-88,28,83,48,-91,-163,-153,-75,-19,15,-11,-21,6,6,-9,-54,-68,-102,-103,-89,-11,-67,-121,-85,-26,-19,-63,-76,10,36,1,90,118,31,-235,-227,-114,-31,-43,-97,-124,-91,-27,76,114,20,-89,-192,-100,61,60,-2,54,13,-42,6,106,138,-15,-143,-92,57,100,28,62,226,210,133,92,79,63,4,8,-112,-113,-151,-246,-130,-109,-87,-73,-60,-82,-115,-151,-58,26,3,10,3,-51,-131,-93,-69,-56,8,-44,6,84,36,-10,-29,-41,-50,-98,-28,52,177,289,271,134,13,-65,7,93,201,136,87,45,-33,7,-18,-46
196,523.8400000000000318,-147,37,209,270,343,417,564,571,292,181,65,-119,-254,-248,-375,-425,-526,-529,-381,-218,-78,-70,-78,-97,-16,53,74,37,-12,-19,4,67,64,13,1,-52,-106,-84,-26,72,74,4,11,-5,-23,-37,-28,28,47,61,2,-61,-86,-60,-91,-104,-154,-120,-101,-50,28,96,37,-47,-23,4,27,22,-18,-102,-249,-233,-166,-88,-65,11,26,-38,-155,-208,-151,-46,10,17,-18,-58,-63,-27,-103,-94,-83,-116,-69,-23,-1,-58,-98,-68,-82,-117,-122,-46,90,65,72,160,153,95,-135,-115,-92,-38,-57,-65,-80,-30,-18,28,95,-7,-111,-211,-165,-13,72,36,39,-47,-102,-85,-24,69,-10,-111,-90,20,102,94,23,101,165,121,153,123,128,6,-15,-23,-94,-72,-218,-150,-107,-76,-67,-61,-68,-90,-108,-53,23,2,-25,14,-21,-89,-74,-94,-89,-108,-31,48,14,15,66,21,-46,-86,-137,-96,-16,122,294,258,61,-69,-88,15,125,184,89,61,54,-44,19,29,-37
197,527.0399999999999636,-222,-63,155,249,375,523,676,659,473,428,385,160,-46,-116,-275,-438,-595,-603,-453,-287,-143,-83,-64,-122,-75,7,63,65,22,-16,19,70,56,46,22,-22,-54,-91,-44,34,54,33,-1,-1,7,-28,-24,9,3,12,-11,-41,-56,-53,-82,-86,-129,-111,-85,-48,11,78,-3,-56,-63,-11,53,25,42,-39,-220,-193,-116,-19,-23,-14,-34,-89,-169,-192,-124,-43,7,-12,-54,-77,-92,-69,-156,-138,-99,-125,-55,33,38,-31,-62,-42,-109,-183,-150,-11,110,74,121,194,147,130,-6,4,-37,-38,-92,-36,-15,14,-40,-32,49,-38,-95,-168,-186,-54,72,52,4,-90,-142,-138,-97,-17,16,-26,-38,47,142,139,5,-12,103,100,175,122,128,-4,-19,56,-40,-37,-139,-158,-105,-46,-57,-42,-67,-36,-54,-32,25,5,-13,14,-10,-50,-42,-95,-128,-188,-55,30,-17,14,118,67,-51,-100,-172,-183,-106,65,268,199,-34,-133,-102,77,149,165,48,42,19,-40,23,51,7
198,530.2400000000000091,-234,-126,89,217,405,510,658,672,621,634,613,365,142,22,-153,-353,-573,-642,-487,-309,-202,-96,-69,-135,-140,-65,19,59,-12,-11,18,28,45,82,61,19,-12,-86,-74,-6,26,48,23,16,13,-12,-9,-20,-27,-21,-4,-8,-43,-40,-62,-62,-104,-87,-104,-52,-3,37,-9,-46,-78,-47,50,25,75,5,-141,-122,-39,55,20,-29,-82,-115,-147,-160,-98,-16,-26,-61,-82,-102,-108,-130,-175,-157,-140,-110,-15,67,19,-19,-53,-20,-107,-231,-106,4,89,65,133,161,102,115,88,93,-11,-33,-35,6,27,24,-26,-50,3,-30,-70,-93,-108,-45,44,38,-42,-119,-131,-131,-137,-74,42,68,38,68,134,123,-13,-94,-13,72,132,68,63,-11,2,89,26,-18,-60,-134,-124,-24,-36,-21,-38,4,-4,-18,-17,5,17,24,-6,-2,-55,-86,-132,-220,-66,-1,-60,-3,130,107,-42,-105,-224,-221,-143,21,235,99,-98,-161,-55,99,128,129,12,38,6,-16,-4,58,4
199,533.4399999999999409,-182,-156,-25,187,378,454,535,585,678,722,673,452,285,158,-8,-165,-423,-564,-492,-317,-221,-150,-58,-104,-166,-117,-25,8,14,8,8,34,17,72,74,58,36,-53,-75,-24,7,45,19,23,30,20,5,-47,-59,-38,-1,11,-17,-3,-25,-23,-48,-66,-83,-62,-18,-6,13,-34,-62,-33,28,10,96,27,-75,-19,26,101,68,-25,-103,-116,-109,-112,-71,-39,-76,-101,-98,-69,-96,-148,-186,-160,-138,-81,17,98,28,-6,-41,-8,-93,-171,-38,19,32,79,133,125,28,67,147,120,4,-10,6,41,42,9,-43,-60,-35,3,-40,-21,-47,-47,-19,32,-59,-125,-94,-78,-97,-123,38,130,103,72,129,64,-26,-145,-114,28,64,-10,-13,-3,26,101,101,8,-20,-105,-140,-32,-30,3,0,33,35,20,-34,8,15,37,27,31,-11,-79,-128,-157,-90,-30,-76,9,92,106,-51,-142,-246,-210,-132,-21,125,-32,-89,-87,4,47,134,79,-15,-1,-34,4,-13,48,34
200,536.6399999999999864,-136,-140,-78,132,317,359,358,403,581,687,621,468,368,293,157,77,-135,-356,-428,-288,-203,-166,-91,-85,-139,-156,-86,-28,14,19,50,39,58,71,78,102,74,-15,-81,-48,-22,54,38,12,37,40,4,-57,-72,-51,-14,43,20,32,22,27,-7,-50,-71,-69,-39,-15,33,12,-13,-11,18,-2,60,13,-6,46,86,127,103,-29,-96,-89,-74,-66,-42,-56,-120,-117,-78,-21,-82,-142,-171,-144,-133,-23,48,68,24,-4,-43,10,-29,-68,18,7,-20,71,101,74,-43,-11,131,104,40,18,39,65,34,-20,-45,-82,-31,3,-7,-25,-16,-67,-72,34,-6,-100,-42,-22,-79,-116,26,172,154,49,81,-6,-68,-173,-192,-33,13,-76,-91,-15,66,134,152,60,-7,-75,-151,-73,-33,24,53,72,72,36,-36,-9,31,36,58,72,29,-49,-73,-94,-87,-71,-68,-26,32,86,-50,-137,-240,-166,-45,-28,-21,-85,-78,-56,35,4,56,3,-19,32,0,19,-29,6,36
201,539.8400000000000318,-118,-145,-130,40,206,210,147,176,360,508,503,407,388,365,304,315,178,-13,-233,-216,-177,-172,-102,-52,-94,-167,-112,-70,21,12,34,32,37,72,77,122,116,26,-36,-76,-40,45,47,40,46,50,16,-54,-61,-57,10,42,40,56,50,55,27,-35,-61,-86,-72,-32,36,60,45,32,-8,-14,12,-14,48,95,115,135,90,-31,-88,-32,-44,-33,-27,-50,-110,-105,-38,-11,-98,-128,-127,-139,-105,41,68,28,12,7,-30,23,21,36,69,-19,-22,40,53,28,-94,-50,98,57,45,46,86,59,20,-18,-47,-55,-14,22,-7,-56,-36,-92,-113,54,50,-34,3,13,-48,-72,3,166,168,41,-27,-50,-98,-172,-222,-104,-26,-88,-142,-26,92,148,176,100,0,-63,-131,-97,-62,35,75,92,82,8,-39,-12,9,41,69,95,95,-5,-21,-66,-109,-101,-63,-33,-61,25,-10,-145,-169,-57,69,-10,-138,-120,-41,33,28,2,-79,-59,53,32,29,40,-16,-2,25
202,543.0399999999999636,-140,-153,-156,-55,76,39,-56,-69,125,238,331,305,335,395,448,491,463,343,26,-93,-112,-109,-84,-28,-53,-154,-159,-77,-10,-10,20,36,31,75,79,123,116,73,-11,-54,-37,10,52,44,27,49,19,-53,-42,-45,6,45,42,85,95,74,46,-3,-33,-90,-93,-44,18,107,120,63,-36,-19,-21,-50,69,105,122,108,55,-6,-45,-36,-46,-24,-14,-64,-96,-51,18,8,-86,-104,-92,-114,-48,85,63,-14,-14,-11,10,45,102,141,78,-21,-27,5,0,-15,-108,-76,23,46,98,58,76,51,7,-43,-31,-27,-10,-27,-25,-71,-48,-105,-114,50,98,52,32,13,-38,-29,4,129,134,24,-67,-53,-95,-190,-196,-132,-40,-42,-151,-53,94,176,189,139,28,-36,-79,-102,-76,36,71,110,92,28,-18,-7,6,34,75,108,132,56,29,-32,-100,-99,-35,-69,-133,-64,-22,-84,-105,86,154,-11,-183,-111,12,120,15,-60,-146,-114,26,20,27,69,-11,-18,33
203,546.2400000000000091,-149,-186,-208,-184,-70,-95,-194,-284,-130,-48,103,199,241,368,513,591,646,583,305,63,8,-14,-35,-1,-15,-114,-171,-100,-12,-14,-33,-12,25,54,65,130,127,95,52,-19,-15,-2,64,54,32,27,23,-26,-24,-29,-6,41,41,81,89,59,35,15,-1,-67,-101,-73,-7,101,161,93,11,-21,-66,-41,89,109,122,66,33,5,-32,-43,-57,-13,25,-20,-47,12,45,6,-66,-53,-48,-97,13,97,28,-61,-58,-13,41,78,144,193,63,-2,-12,-21,-23,-72,-87,-89,-33,47,98,52,55,17,-2,-27,-7,-15,-31,-42,-37,-41,-56,-95,-94,14,86,114,52,-12,-28,5,26,60,55,27,-83,-31,-51,-156,-143,-145,-76,25,-73,-71,56,155,181,143,80,-5,-21,-73,-91,9,49,90,93,13,14,8,-25,40,71,127,155,113,60,-18,-89,-103,-24,-66,-130,-120,-52,-41,-1,201,202,-5,-181,-79,94,141,13,-104,-216,-135,-3,42,68,79,38,0,31
204,549.4399999999999409,-123,-194,-261,-302,-214,-217,-300,-397,-319,-291,-65,91,126,306,500,594,698,730,522,243,123,73,65,37,28,-57,-154,-135,-36,-33,-80,-58,-10,19,39,84,100,110,83,30,-3,37,56,59,15,3,15,-5,-10,-11,-22,8,53,62,87,45,28,43,31,-13,-97,-93,-21,135,167,111,1,-44,-83,-41,67,92,100,15,-1,33,-16,-64,-46,7,34,1,10,58,54,-7,-32,-6,-20,-23,68,96,0,-90,-61,-11,81,113,164,177,50,18,-3,-22,-43,-91,-47,-76,-59,40,79,27,21,-25,14,1,-2,-29,-58,-53,-22,47,-26,-69,-63,-44,16,124,65,-30,-11,21,29,-2,-40,8,-31,1,21,-96,-89,-130,-60,62,32,-50,-18,81,144,133,154,40,38,-29,-58,-4,44,71,88,40,20,-12,-47,35,62,114,137,154,67,-1,-32,-54,-47,-65,-114,-174,-76,-21,156,264,179,11,-101,-40,117,102,2,-96,-213,-161,-33,34,79,87,96,27,43
205,552.6399999999999864,-80,-151,-266,-394,-391,-320,-367,-426,-445,-421,-237,-28,30,186,402,476,637,724,616,369,207,184,133,82,63,9,-98,-148,-58,-77,-97,-105,-34,-27,13,34,68,120,100,48,27,8,52,56,27,0,-9,14,8,-26,-20,9,44,43,52,31,60,66,60,18,-68,-114,-51,79,144,127,28,-47,-70,-27,73,71,67,-5,-6,24,-18,-42,-48,30,59,45,62,87,52,2,19,26,15,31,78,70,-24,-60,-56,3,108,136,152,129,55,57,4,-12,-42,-98,-9,-52,-40,29,46,30,-9,-21,25,36,41,-41,-90,-21,20,119,30,-8,-19,-69,-59,100,45,-9,47,51,13,-52,-88,-16,42,41,113,36,-28,-76,-76,70,130,-12,-91,-16,86,117,185,85,77,14,-7,-17,23,37,52,50,28,-6,-38,-17,56,111,171,154,63,31,48,-7,-13,-35,-76,-187,-93,40,285,257,78,-7,-25,31,106,55,-44,-95,-118,-97,-40,2,62,70,96,52,55
206,555.8400000000000318,-11,-88,-236,-427,-515,-435,-419,-426,-495,-537,-373,-155,-59,71,259,316,483,588,586,407,255,231,180,116,63,79,-9,-95,-93,-92,-117,-122,-65,-57,-10,-4,7,109,114,85,48,21,38,46,24,-2,-9,16,16,-15,-11,11,40,24,28,19,54,85,96,66,-21,-121,-74,44,112,141,36,-42,-70,-10,58,39,33,-26,6,19,-9,-42,-13,69,84,92,122,98,54,20,60,65,45,97,129,43,-18,-29,-1,47,126,130,89,73,54,76,27,-5,-67,-70,9,-9,-8,7,4,13,3,6,46,40,12,-5,-29,33,103,180,77,19,13,-82,-95,36,46,52,94,70,-27,-85,-94,-37,89,80,155,169,54,-7,-55,72,150,40,-155,-124,1,77,176,125,113,31,36,-15,17,-7,13,60,55,-16,-18,-21,41,71,107,115,70,95,129,67,15,1,-27,-156,-90,109,356,203,5,-6,49,75,60,0,-53,-101,-94,-80,-35,18,12,65,112,84,67
207,559.0399999999999636,24,-10,-147,-368,-569,-544,-453,-409,-478,-562,-489,-286,-147,-78,73,123,303,419,459,378,270,223,139,135,87,117,80,-16,-98,-103,-109,-118,-89,-80,-52,-51,-11,63,98,97,68,19,31,40,45,-1,-3,17,8,-14,-14,2,25,-2,-13,1,66,93,109,104,17,-86,-95,-4,66,124,20,-21,-47,16,33,2,-3,-25,-8,5,-20,-30,36,87,93,156,153,84,40,52,95,63,88,153,122,15,1,23,63,87,142,85,18,12,58,85,59,26,-65,-48,25,27,36,-20,-37,10,19,27,23,27,43,15,22,50,114,192,124,62,29,-36,-95,-13,53,103,141,89,-64,-105,-93,-54,85,78,134,244,163,58,-18,32,152,77,-155,-208,-88,38,142,142,121,35,72,-15,4,-20,-14,45,36,-23,-34,-13,30,55,86,76,89,150,168,111,40,48,-24,-111,-50,192,361,104,-58,-20,60,47,-6,-56,-84,-59,-21,-8,-47,-49,-22,2,87,73,77
208,562.2400000000000091,35,44,-74,-248,-527,-558,-457,-407,-426,-543,-563,-407,-256,-224,-122,-59,102,234,263,212,197,160,92,112,94,150,153,24,-72,-108,-119,-98,-87,-77,-39,-65,-60,6,96,96,61,34,18,31,24,29,0,21,20,19,-8,20,7,-31,-54,-3,68,82,100,119,56,-48,-98,-42,24,78,14,7,-32,31,21,-29,-32,-5,-2,-29,-22,44,87,109,92,136,155,67,31,69,105,83,89,153,102,-2,27,88,118,112,99,22,-66,-45,29,64,78,22,-19,-28,39,81,48,-23,-34,27,50,37,-1,25,43,47,49,59,121,144,131,82,22,-73,-46,-39,53,144,161,73,-60,-102,-70,-42,9,34,72,262,256,114,4,8,85,97,-112,-238,-179,-34,88,120,108,42,70,-12,-18,-53,-47,23,33,-27,3,-12,29,19,37,47,95,169,194,139,76,40,-63,-93,17,223,307,34,-77,4,57,26,-94,-126,-96,-21,77,67,33,-30,-30,-29,39,88,63
209,565.4399999999999409,50,70,-6,-117,-365,-473,-419,-325,-311,-408,-543,-473,-374,-341,-299,-222,-71,37,69,103,113,107,55,84,95,133,162,120,-9,-69,-69,-88,-81,-84,-87,-93,-93,-34,28,70,50,8,12,-3,37,44,4,24,22,18,-2,-2,-23,-44,-65,-23,44,67,79,104,81,3,-81,-67,-15,19,18,50,-4,49,-18,-37,-39,3,14,-40,-9,53,110,97,102,134,131,57,30,77,86,86,138,157,64,5,54,116,143,116,47,-56,-125,-88,-22,26,76,29,9,9,67,129,64,-15,-13,42,60,54,-18,18,42,79,81,60,90,88,103,125,50,-8,8,-30,64,140,122,60,-38,-86,-46,-19,-30,1,-1,195,289,160,49,-18,12,87,-29,-213,-221,-103,11,78,87,28,57,-23,-30,-72,-56,-21,-13,-13,31,8,-7,-18,-10,19,122,189,177,130,87,36,-78,-71,110,238,207,-4,-54,21,46,-18,-145,-196,-83,25,91,70,23,-34,-32,-54,-3,61,58
210,568.6399999999999864,70,92,69,25,-134,-246,-255,-138,-106,-183,-382,-423,-382,-400,-430,-355,-255,-155,-101,-22,33,58,18,59,82,89,133,158,40,-15,-48,-47,-57,-73,-73,-83,-91,-78,-21,42,48,21,-17,-4,10,40,0,16,26,12,29,2,-21,-53,-51,-16,19,45,50,67,92,48,-40,-74,-67,-42,18,95,38,54,-33,-54,-46,12,-5,-23,7,78,142,86,63,87,96,43,39,40,51,82,128,114,27,13,61,119,115,104,-9,-91,-119,-92,-56,10,44,39,62,53,111,143,80,22,17,45,48,44,3,25,52,100,68,60,38,7,70,91,58,-6,61,27,53,115,58,31,14,-53,-23,-27,-64,-49,-40,88,243,193,85,-20,-25,69,62,-128,-230,-161,-48,39,71,38,44,-30,-56,-95,-73,-57,-35,-20,26,18,-32,-65,-71,21,139,173,120,116,54,6,-84,-11,178,198,84,12,15,19,6,-68,-178,-216,-35,92,80,76,29,-22,-54,-55,-49,23,10
211,571.8400000000000318,82,126,141,123,72,6,-22,122,136,112,-86,-246,-279,-375,-476,-445,-400,-337,-222,-113,-44,-10,-10,37,81,76,115,151,99,66,25,6,-38,-38,-60,-73,-83,-119,-84,-1,35,9,-24,-11,1,44,41,22,21,37,32,-3,-51,-45,-22,-11,-16,19,23,44,80,79,5,-66,-117,-67,48,123,69,61,-32,-46,-41,-8,-9,-13,42,93,112,67,66,46,38,30,18,2,-1,97,117,82,-27,3,51,90,96,69,-52,-98,-103,-98,-68,-16,17,38,62,110,131,112,83,66,45,57,31,53,23,37,42,56,83,39,20,-59,31,79,77,19,81,60,31,61,-5,-7,34,-8,-18,-11,-88,-56,-50,-27,138,190,100,-10,-36,43,124,-4,-165,-190,-114,3,56,59,29,-45,-52,-113,-87,-98,-67,-9,18,-16,-64,-103,-113,25,138,163,56,84,37,-41,-67,50,202,149,-51,27,93,33,-50,-130,-154,-180,-10,91,103,71,3,-2,-47,-66,-63,24,-12
212,575.0399999999999636,117,156,203,219,232,223,222,333,363,369,199,-2,-105,-267,-429,-448,-508,-467,-315,-183,-115,-88,-46,12,35,60,32,120,119,112,83,54,7,-21,-52,-61,-89,-118,-103,-37,-5,-6,-35,-14,9,28,54,27,19,24,4,-37,-34,-42,-23,-24,-22,-21,-2,12,65,94,29,-67,-126,-91,45,122,99,64,-28,-32,-25,-16,2,19,69,80,81,53,14,6,0,5,1,-43,-15,52,71,13,-33,7,33,86,37,14,-80,-81,-58,-76,-38,-14,-21,26,71,128,93,79,101,87,50,40,-2,65,66,44,32,44,67,52,7,-79,-26,53,97,35,67,61,30,1,-42,-20,35,18,2,-1,-44,-52,-44,-64,-1,138,112,18,-8,34,166,112,-73,-157,-155,-32,21,56,14,-51,-76,-93,-85,-88,-82,2,2,-24,-77,-156,-122,12,100,141,35,9,13,-43,-17,124,160,51,-118,46,121,33,-93,-139,-114,-107,1,73,113,39,2,-14,-23,-51,-66,-28,-36
213,578.2400000000000091,166,166,229,287,321,379,425,494,493,524,427,233,74,-89,-301,-387,-531,-542,-351,-208,-160,-151,-80,-61,9,60,41,37,106,137,146,84,38,19,-23,-41,-47,-94,-100,-79,-35,-19,-35,-29,-15,12,42,28,7,23,7,-38,-27,-20,-8,-19,-39,-31,-36,-19,32,90,87,-56,-156,-104,47,115,134,59,-13,-4,-11,-42,-26,48,98,66,48,23,0,-59,-32,-20,-18,-54,-42,20,23,-36,-42,-9,30,49,-3,-33,-80,-14,6,-56,-5,-38,-27,10,64,122,35,16,90,88,53,23,-14,81,117,52,-14,39,49,39,5,-87,-52,33,108,64,39,27,5,-62,-59,-29,31,25,9,-1,-11,-32,-46,-83,-115,41,138,48,38,48,183,198,46,-106,-174,-62,-5,43,11,-33,-56,-35,-86,-49,-54,9,-7,-53,-105,-137,-121,-20,51,69,7,20,-17,-35,59,180,107,-36,-148,31,107,-1,-106,-124,-64,-14,25,51,97,35,10,2,-35,-13,-37,-76,-44
214,581.4399999999999409,189,176,221,310,370,440,503,505,475,552,522,384,216,79,-118,-268,-441,-481,-338,-210,-183,-199,-112,-109,-48,16,-1,20,83,128,144,133,74,38,22,-8,1,-51,-73,-81,-52,-25,-37,-27,-23,-10,26,29,16,24,4,-38,-22,-6,26,-10,-40,-56,-68,-35,18,98,100,-50,-151,-100,27,94,121,69,32,29,-16,-36,-13,54,100,45,8,-16,-22,-86,-67,-34,-44,-60,-51,-30,-45,-59,-29,-24,9,25,-57,-74,-41,49,58,33,32,-21,-59,-29,56,88,-34,-31,56,55,45,13,13,70,99,55,25,31,38,37,0,-72,-101,7,104,76,4,-25,-40,-107,-74,-13,5,48,41,28,46,-13,-21,-70,-170,-37,125,72,77,75,181,226,152,-12,-137,-89,-42,27,5,-18,-45,-14,-62,-55,-8,24,-32,-69,-61,-97,-87,-37,3,20,-5,21,-18,-14,114,205,29,-95,-123,-1,57,-7,-85,-84,-35,36,26,-2,77,12,-26,16,15,12,-19,-60,-62
215,584.6399999999999864,188,143,193,263,347,432,469,414,373,470,492,416,292,204,65,-84,-260,-324,-265,-181,-164,-186,-135,-134,-100,-32,6,-3,34,103,145,125,89,47,35,25,22,-12,-80,-84,-51,-59,-24,-41,-34,-40,-2,35,17,15,-5,-34,-25,37,43,14,-38,-73,-57,-61,4,94,125,-25,-81,-75,14,64,115,64,41,37,1,-35,-21,54,98,46,-21,-27,-61,-72,-88,-63,-51,-54,-35,-55,-74,-77,-41,-20,-8,-20,-74,-84,4,72,87,81,55,-7,-62,-49,26,28,-91,-68,-3,6,4,25,42,60,79,54,32,22,27,10,-4,-43,-74,-16,62,80,-31,-84,-89,-138,-78,-16,19,58,61,44,46,25,0,-59,-160,-122,93,101,111,71,134,207,215,81,-80,-106,-67,-4,-17,30,-21,23,-15,20,22,47,-23,-40,-46,-37,-46,-51,-54,-43,2,17,-35,22,158,183,-30,-126,-101,-32,-22,-23,-31,-23,15,95,37,-39,-18,10,-20,-6,8,34,-6,-63,-69
216,587.8400000000000318,153,93,142,228,289,360,341,244,232,304,371,369,303,273,218,96,-32,-123,-150,-119,-94,-138,-118,-144,-123,-99,-37,-1,-7,59,100,100,85,70,34,41,47,13,-21,-85,-58,-23,-21,-6,-31,-35,-8,23,18,8,-11,-19,8,41,48,7,-39,-68,-87,-73,-14,91,128,-1,-50,-49,5,35,87,66,61,52,-3,-20,-5,29,60,17,-19,-40,-64,-116,-96,-67,-67,-39,-18,-82,-102,-88,-41,-36,-12,-35,-103,-76,39,72,98,116,44,-24,-84,-58,-17,-74,-114,-89,-58,-51,-18,14,58,38,43,53,68,-6,2,-29,-11,-4,-34,-30,-5,37,-36,-116,-124,-136,-96,-27,26,66,86,65,51,27,6,-58,-110,-130,37,109,99,47,85,167,228,146,2,-98,-76,-15,-34,44,7,12,11,10,49,24,8,-29,0,29,-3,-55,-113,-100,-19,-3,-61,60,169,159,-61,-115,-48,-72,-87,-27,9,24,62,120,63,-56,-31,-7,4,4,25,49,12,-49,-62
217,591.0399999999999636,98,50,84,153,210,237,234,73,63,117,227,253,263,270,290,258,189,90,-6,-16,-18,-15,-61,-107,-127,-122,-66,-48,-34,16,61,62,79,46,44,43,57,35,3,-48,-57,-33,-31,-36,-45,-35,-9,27,22,10,-7,-2,11,55,37,21,-35,-65,-77,-50,-17,72,97,50,4,-34,-3,-12,49,72,69,46,-11,-25,-23,26,33,0,-30,-64,-84,-101,-108,-65,-39,-1,-5,-71,-99,-63,-28,-31,-22,-69,-101,-63,49,48,102,122,23,-42,-98,-75,-98,-130,-109,-112,-139,-105,-46,2,50,-23,-9,30,54,2,-36,-49,-21,35,1,-44,-67,1,-57,-114,-131,-116,-98,-63,17,71,86,71,48,22,-3,-57,-56,-108,-22,79,79,-3,15,99,177,167,73,-67,-84,-24,-35,42,30,8,39,25,49,8,-7,8,33,72,29,-56,-130,-137,-35,-25,-32,72,152,118,-46,-89,4,-81,-126,-28,21,80,110,143,65,-37,-96,-28,1,19,35,53,31,-52,-38
218,594.2400000000000091,35,2,29,70,165,131,55,-51,-62,-30,72,132,191,234,322,362,340,231,126,64,71,75,2,-57,-83,-123,-84,-51,-47,-32,5,45,41,41,28,30,51,66,36,-36,-38,-38,-37,-34,-29,-50,-34,4,6,6,2,10,49,36,38,31,-1,-37,-61,-34,-26,41,81,79,65,-14,-16,-40,17,54,68,36,-4,9,-23,-11,-12,-30,-41,-63,-92,-82,-99,-54,-23,29,7,-70,-79,-63,-1,-30,-27,-94,-99,-42,24,13,63,84,-6,-75,-80,-94,-158,-186,-102,-135,-172,-147,-59,-14,0,-79,-63,-9,17,-38,-68,-55,-39,43,24,-58,-128,-34,-56,-81,-100,-99,-91,-83,9,58,53,34,15,27,5,-37,-6,-42,-56,30,19,-51,-51,26,108,153,134,-7,-52,-31,-25,41,37,52,44,35,34,-8,-5,24,70,108,54,-50,-151,-165,-85,-68,-58,55,101,48,21,20,36,-97,-100,-2,34,90,154,139,58,10,-75,-54,38,17,45,47,29,-16,4
219,597.4399999999999409,-6,4,10,15,90,58,-19,-103,-119,-140,-52,34,124,185,310,356,393,302,216,144,127,139,71,9,-44,-91,-97,-58,-65,-57,-51,-15,6,9,32,5,27,63,63,5,-19,-29,-22,-32,-40,-44,-35,-10,-8,24,6,31,46,22,28,46,19,5,-12,3,-6,-7,42,112,113,34,-32,-55,-21,18,51,29,17,2,-11,-17,-38,-33,-43,-65,-88,-60,-63,-27,-5,35,19,-12,-40,-29,4,-12,-27,-109,-54,-32,-7,-11,29,22,-54,-57,-58,-113,-194,-187,-95,-129,-198,-150,-70,-61,-62,-117,-95,-40,-28,-80,-95,-67,-48,37,36,-57,-129,-46,-46,-51,-57,-55,-62,-60,-12,32,9,-7,-2,14,20,-2,25,35,-70,-18,-34,-86,-108,-35,40,104,160,47,-15,-23,0,26,27,32,43,26,-4,-20,4,42,65,93,54,-43,-131,-138,-115,-95,-13,53,63,9,85,109,74,-60,-65,-6,47,103,155,147,66,10,-42,-54,7,13,32,17,18,1,37
220,600.6399999999999864,-46,3,-2,-24,19,-17,-79,-124,-149,-180,-129,-41,43,128,239,282,350,310,251,179,149,175,111,50,7,-32,-51,-63,-44,-67,-61,-47,-29,7,37,-5,12,53,50,34,3,-13,-15,-23,-28,-20,-21,-11,-1,-13,23,48,45,5,14,39,50,45,30,14,-16,-48,3,104,125,36,-64,-90,-28,-3,20,29,17,20,-5,-27,-62,-55,-44,-58,-56,-21,-43,-1,29,48,40,21,-1,1,0,-10,-36,-103,-33,-29,-24,-54,-16,-57,-68,-68,-18,-109,-181,-140,-76,-107,-166,-121,-88,-98,-124,-145,-133,-106,-103,-107,-108,-70,-72,15,47,-44,-122,-73,-45,4,-15,-24,-17,-30,-27,-3,-31,-59,-12,1,11,6,43,72,-40,-50,-64,-90,-132,-80,-20,56,144,94,25,-22,3,14,23,42,44,35,-17,-30,14,52,50,61,49,-49,-91,-127,-154,-105,29,47,8,-20,131,159,108,11,-3,2,52,106,138,129,88,34,-18,-16,2,9,-4,3,15,14,36
221,603.8400000000000318,-57,-1,-2,-41,-17,-64,-104,-116,-125,-178,-173,-88,-11,79,155,180,274,280,220,150,123,151,112,59,42,21,-32,-44,-38,-86,-98,-68,-58,-23,15,2,-11,23,26,43,8,-4,-1,-17,-38,-27,-24,-47,8,1,25,49,28,7,17,50,63,77,79,40,-12,-83,-34,105,141,48,-56,-86,-41,-36,-10,16,17,31,24,-37,-75,-42,-48,-42,-15,2,-4,15,43,48,43,41,39,4,2,-9,-38,-74,-28,-25,-39,-60,-82,-97,-107,-35,-9,-90,-135,-114,-50,-62,-113,-59,-81,-131,-161,-143,-136,-170,-164,-126,-111,-88,-89,-11,48,-25,-94,-70,-26,21,9,8,19,-8,-58,-48,-75,-73,-44,-18,3,27,56,69,-24,-57,-87,-64,-121,-97,-57,-4,99,121,64,2,14,4,8,45,44,1,-28,-35,-6,53,36,35,4,-41,-41,-93,-135,-91,68,58,-22,-36,142,148,94,66,45,30,59,85,96,49,56,61,2,-20,-10,6,-2,-15,14,54,51
222,607.0399999999999636,-80,-10,16,-38,-52,-99,-122,-115,-88,-158,-193,-123,-70,24,53,62,164,216,166,104,58,104,112,77,58,42,22,8,-17,-54,-98,-75,-85,-23,-9,5,-18,-29,-1,41,4,2,4,-2,-8,-18,-35,-51,-11,8,28,46,15,22,0,47,74,98,100,53,-10,-86,-58,72,109,58,-65,-77,-56,-57,-15,1,37,58,24,-51,-70,-44,-26,-14,31,39,25,45,57,55,65,63,49,13,-1,-8,-49,-36,7,-30,-46,-73,-134,-146,-87,-4,4,-50,-57,-47,-21,-8,-32,-8,-61,-131,-150,-119,-148,-216,-201,-138,-96,-81,-94,-45,-4,-5,-56,-54,-19,26,14,30,42,20,-69,-88,-82,-56,-71,-39,2,53,51,60,-11,-44,-87,-34,-86,-94,-80,-39,48,110,78,7,20,7,20,24,29,-6,-40,-56,-46,-3,-8,-19,-15,-25,-7,-68,-134,-76,119,69,-43,-11,95,89,90,84,69,36,65,89,45,47,53,24,28,3,-26,-6,7,-8,-3,47,59
223,610.2400000000000091,-94,-39,-13,-53,-64,-119,-121,-84,-72,-111,-162,-135,-91,-33,-20,-26,54,136,99,35,15,38,78,80,68,47,25,21,17,-13,-46,-64,-57,-26,-20,0,-17,-44,-4,40,17,3,9,7,10,-4,-33,-51,-23,-14,25,47,10,37,14,37,75,102,99,44,-11,-95,-100,20,80,49,-47,-76,-64,-53,-33,14,58,55,37,-31,-65,-41,0,13,61,62,55,56,69,54,65,56,51,23,19,0,-39,3,31,-20,-37,-97,-148,-162,-67,3,16,0,48,11,23,46,48,52,-32,-112,-113,-113,-149,-201,-186,-91,-85,-74,-92,-56,-26,3,9,-17,-17,24,21,47,43,21,-50,-107,-67,-35,-82,-52,-8,40,39,11,-2,-34,-61,7,-36,-67,-73,-58,-17,95,85,31,26,-2,17,2,19,-11,-38,-41,-64,-47,-22,-17,-29,-29,2,-61,-79,-27,136,53,-20,17,25,10,47,67,62,34,78,87,2,7,-21,55,56,-5,1,2,-10,-8,-10,37,19
224,613.4399999999999409,-125,-69,-60,-74,-77,-138,-100,-94,-50,-72,-99,-124,-106,-71,-69,-74,-8,37,24,-13,-16,-20,43,93,59,51,50,49,37,8,-31,-28,-33,-54,-11,-2,-32,-34,-34,16,21,42,15,12,7,-2,-27,-35,-29,-14,18,17,12,19,8,34,54,86,64,37,-12,-88,-110,-23,37,50,-44,-53,-63,-55,-13,8,43,60,28,-27,-43,-21,1,61,62,91,79,65,57,50,58,46,44,35,21,13,-24,38,35,3,-36,-90,-159,-141,-33,1,32,46,119,82,66,79,95,70,-12,-53,-59,-71,-116,-156,-128,-66,-57,-65,-72,-74,-46,9,58,-20,-8,8,19,42,43,16,-45,-91,-44,-15,-18,-66,-16,34,27,-27,-25,-18,-31,38,19,-39,-67,-48,-60,46,84,42,27,6,13,6,-13,-7,-46,-31,-69,-51,-59,-48,-37,-19,17,-37,-18,22,104,15,2,32,-51,-76,-22,17,34,39,81,53,-25,-34,-39,28,27,34,27,-3,5,-20,-8,24,15
225,616.6399999999999864,-132,-95,-93,-96,-93,-102,-120,-89,-63,-36,-48,-97,-104,-99,-138,-95,-71,-37,-36,-37,-44,-41,17,73,61,39,44,30,28,59,25,2,10,-9,-29,0,-11,-46,-22,6,21,11,16,7,14,7,-9,-25,-41,-28,-12,1,-5,48,32,22,31,60,53,10,-25,-64,-106,-74,-13,30,9,-35,-68,-53,-32,-2,31,41,26,1,-20,-1,20,69,75,65,77,68,45,50,43,39,24,37,14,-1,1,41,33,5,-42,-75,-107,-80,-12,-1,38,107,154,105,99,104,122,69,32,2,-6,-57,-70,-59,-68,-41,-40,-16,-21,-65,-74,12,81,27,-2,-3,18,35,30,5,-13,-57,-22,1,-14,-39,-27,32,15,-59,-43,-24,-2,66,73,-3,-40,-36,-71,-5,43,31,7,8,46,42,-24,-6,-23,-22,-88,-88,-47,-64,-46,-17,12,-15,38,47,18,-24,14,-9,-113,-118,-89,-44,-18,32,59,18,-41,-75,-54,-34,33,60,-1,-15,5,-21,-6,31,16
226,619.8400000000000318,-142,-124,-110,-133,-101,-103,-92,-79,-68,-20,-10,-61,-81,-116,-121,-81,-97,-85,-69,-38,-26,-70,-5,58,61,21,20,22,11,44,55,20,31,-31,-34,0,-19,-43,-35,-16,0,19,-5,13,20,19,11,-9,-24,-36,-9,-7,-6,16,22,2,14,15,18,-18,-23,-37,-103,-116,-82,22,29,-18,-61,-55,-25,-9,39,15,9,4,2,-8,27,68,70,58,82,57,42,12,14,20,29,42,-11,17,20,44,44,22,-48,-64,-53,-19,17,16,43,117,128,131,103,106,102,79,48,46,15,-18,-2,3,7,-24,19,8,12,-58,-56,-3,81,68,28,17,33,36,21,6,10,-5,-11,27,41,-5,-44,15,2,-73,-68,-33,29,53,87,17,-4,-13,-62,-48,-2,14,13,10,40,17,-25,-18,-4,-8,-63,-99,-63,-92,-56,-10,2,8,73,60,-80,-66,1,-25,-154,-153,-152,-85,-62,6,31,-48,-77,-109,-57,-31,16,59,14,-5,-19,-30,-20,3,10
227,623.0399999999999636,-110,-129,-125,-150,-132,-100,-88,-62,-53,-14,12,-17,-60,-106,-109,-77,-133,-115,-73,-40,-21,-81,-34,28,71,58,35,6,19,64,59,53,49,40,-38,1,-22,-24,-15,-27,-9,-6,6,11,21,18,29,-14,-18,-37,-30,-41,19,3,1,-17,-25,-24,-16,-22,-20,-12,-69,-131,-106,-1,47,-1,-54,-48,-22,-15,1,-8,10,20,30,8,31,58,51,58,63,38,32,-4,-33,-5,1,31,4,28,18,31,40,35,-28,-20,16,45,41,29,64,133,126,140,112,92,85,61,78,69,29,35,63,92,78,30,20,52,43,-18,-44,-2,66,59,64,37,51,44,24,27,46,37,20,21,63,35,-20,-12,-13,-48,-80,-46,22,19,71,44,13,16,-33,-68,-47,2,20,7,26,25,-17,-10,17,9,-30,-82,-56,-75,-40,1,15,34,88,57,-130,-84,-12,-71,-179,-162,-175,-103,-59,9,-30,-91,-78,-95,-63,9,24,26,10,0,-34,-15,-5,-5,0
228,626.2400000000000091,-69,-105,-132,-119,-136,-108,-74,-37,-58,-21,15,33,-34,-77,-57,-70,-130,-123,-70,-41,-10,-49,-49,-7,43,45,8,1,14,35,68,60,54,35,26,10,5,11,2,-24,-6,-6,5,14,25,24,28,13,0,-15,-32,-44,-13,-13,-16,-48,-27,-45,-30,-18,2,6,-46,-143,-123,-3,63,35,-33,-38,-17,-32,-14,-13,-5,30,34,39,25,30,34,26,50,24,3,-39,-51,-31,1,2,6,37,26,23,30,29,-1,22,82,98,90,57,90,114,98,141,109,82,70,51,51,48,31,76,114,147,111,78,59,80,73,11,-15,-7,23,69,89,72,78,74,35,43,69,56,37,28,67,65,0,-38,0,-4,-64,-52,27,6,36,43,32,22,9,-55,-80,-23,23,6,10,15,5,10,10,34,23,-39,-34,-64,-61,-9,12,60,93,15,-128,-71,-35,-105,-173,-168,-163,-80,-43,-13,-53,-73,-85,-97,-44,8,2,48,9,-22,-11,-6,-4,17,1
229,629.4400000000000546,-20,-77,-120,-106,-128,-99,-52,-4,-51,-32,4,40,4,-53,-35,-67,-113,-117,-58,-38,4,-20,-39,-33,10,45,34,8,0,3,26,45,29,66,19,15,23,18,11,-19,-11,-1,-23,22,21,30,34,22,11,8,-15,-27,-10,-39,-29,-46,-56,-53,-32,3,18,30,-19,-122,-110,-29,61,42,-12,-22,-16,-40,-17,-17,27,41,39,10,16,28,12,0,18,-5,-35,-57,-63,-31,-2,-6,9,30,21,6,14,36,7,74,139,148,119,91,104,111,93,115,75,53,53,44,26,23,30,107,139,179,145,123,110,78,83,50,11,-8,-13,57,92,107,111,106,65,50,84,70,55,36,53,72,24,-33,-3,26,-24,-50,14,-19,10,36,44,20,25,-34,-79,-32,12,4,-3,-24,25,22,28,64,81,11,-27,-46,-8,-18,-2,59,73,-12,-90,-68,-86,-130,-147,-137,-155,-56,3,-23,-60,-85,-87,-59,-22,5,31,13,-12,7,-12,5,0,12,-12
230,632.6399999999999864,25,-41,-81,-68,-110,-85,-53,7,4,-29,-8,33,31,-11,-34,-76,-113,-103,-67,-38,-15,6,-23,-34,-10,10,36,8,-3,-13,-5,21,47,53,42,36,30,35,16,-12,-20,4,-5,4,15,28,26,46,19,21,-8,-19,-12,-69,-65,-67,-55,-41,-41,6,23,30,-7,-76,-97,-52,48,58,8,-29,-19,-29,-36,-40,17,44,36,29,7,-11,-13,-8,9,-27,-34,-57,-78,-44,-31,-14,11,17,11,16,1,28,49,110,160,172,141,126,104,78,63,102,52,39,57,21,-7,-12,49,122,129,176,151,131,119,102,95,62,19,-6,-44,29,93,103,101,123,89,55,64,73,63,48,41,62,54,-19,-12,54,37,-19,-23,-42,-27,29,25,12,37,-15,-51,-32,-11,2,-1,-6,33,30,41,70,90,75,3,-26,-41,-21,16,61,38,-19,-39,-46,-109,-143,-115,-87,-103,-25,8,-32,-64,-59,-27,-16,23,-3,7,0,19,-21,-5,8,3,9,-3
231,635.8400000000000318,44,5,-43,-18,-71,-47,-22,6,7,-12,-17,12,30,11,-28,-51,-82,-79,-65,-35,-11,25,-19,-39,-33,2,43,28,-28,-24,-1,8,22,31,59,33,43,44,24,-10,-19,-17,-15,6,12,24,22,45,16,26,11,-10,-11,-84,-53,-73,-57,-43,-18,22,29,36,10,-33,-53,-49,27,56,25,-1,-18,-30,-61,-15,24,39,28,23,0,-15,-12,-25,-18,-45,-60,-68,-78,-34,-26,-8,-10,-7,-8,3,5,19,55,127,149,143,150,139,97,79,76,77,18,15,41,-1,-33,-4,49,106,110,138,177,143,122,93,93,57,20,-12,-54,9,62,94,91,100,91,62,41,59,65,55,43,55,70,-15,-14,55,93,36,-38,-53,-52,-3,5,-7,33,16,-7,-19,-28,3,-24,-21,19,46,51,56,104,73,32,21,-13,-12,10,38,9,-10,-3,-45,-126,-132,-57,-38,-54,10,15,-61,-52,-15,23,37,21,10,-10,5,13,24,4,12,12,-3,-19
232,639.0399999999999636,69,44,14,10,-27,1,-11,31,32,13,-23,-6,33,33,-22,-43,-54,-49,-55,-22,-7,45,11,-23,-33,13,7,12,-3,-25,-31,3,11,19,34,20,40,42,49,27,-4,-12,2,-4,7,10,16,38,21,16,9,5,-7,-77,-75,-69,-50,-43,-25,25,39,27,19,11,-8,-40,9,56,49,17,-9,-24,-38,-25,7,17,19,8,-11,-36,-41,-25,-49,-74,-84,-67,-77,-29,-35,-20,3,-14,1,-1,-8,20,75,141,130,117,119,119,68,76,60,39,-10,1,33,-28,-38,1,84,89,92,112,134,134,114,90,90,44,12,-2,-43,-20,10,61,67,59,68,58,22,48,61,52,49,48,63,30,0,56,111,51,-44,-51,-64,-18,-14,-17,10,29,32,3,-32,-12,-2,-28,17,35,55,44,81,89,59,42,10,0,-1,29,-11,-31,22,-24,-122,-99,2,30,4,3,1,-39,-46,26,80,57,40,5,-12,0,30,17,16,25,13,-14,-14
233,642.2400000000000091,78,70,65,61,15,40,31,15,38,35,-27,-24,15,28,-7,-19,-14,-20,-26,3,4,29,28,-17,-25,-16,-8,16,21,-2,-28,2,-18,7,11,10,25,38,33,27,8,-12,-1,-8,-1,6,21,10,23,32,12,23,-25,-59,-63,-45,-29,-36,4,21,23,31,30,42,23,-13,-14,53,65,38,-3,-17,-31,-12,1,16,15,14,-8,-37,-34,-31,-48,-76,-87,-78,-60,-32,-32,-12,-16,-21,1,4,-5,26,77,117,98,103,78,79,45,80,35,-3,-30,1,4,-45,-10,42,81,85,75,99,97,113,95,70,63,33,31,15,-23,-43,-39,2,20,15,29,45,10,35,47,54,41,42,76,64,10,37,101,78,-13,-40,-62,-37,-36,-28,-1,39,76,21,-28,-24,-14,-5,10,19,50,28,55,88,80,62,9,16,10,15,4,-4,29,-22,-78,-53,56,87,56,-2,-26,-19,-34,22,108,88,52,-14,-16,11,-8,23,23,32,18,-21,-9
234,645.4400000000000546,91,95,87,87,31,60,56,19,30,35,-14,-34,3,18,-4,-4,23,11,7,24,-2,11,17,10,-20,-20,17,19,9,1,-4,-14,-4,-4,-13,-23,22,37,50,26,17,9,8,-16,-7,-16,-10,-13,31,27,19,16,-13,-24,-28,-28,-13,-15,1,7,16,27,33,59,56,-19,-14,23,63,48,-3,-19,-15,-22,-16,6,9,-8,12,-32,-23,-49,-72,-52,-74,-32,-25,-33,-21,-3,-2,-12,20,12,5,25,67,67,51,42,6,19,11,45,7,-50,-26,-25,-38,-22,34,68,74,70,59,52,55,60,67,34,26,33,33,18,-7,-34,-50,-48,-27,-41,-37,21,4,13,5,16,41,49,53,63,32,29,98,78,20,-3,-16,-30,-21,-24,-12,30,69,47,-9,-14,-4,-7,5,10,42,12,35,55,70,58,48,44,23,17,1,12,35,10,-28,-30,73,115,92,16,-50,-39,-25,8,94,107,58,-9,-21,-20,-7,6,8,22,13,-32,-11
235,648.6399999999999864,86,108,117,103,62,79,56,29,13,14,-9,-37,-29,10,3,10,27,44,38,38,-5,4,4,6,-13,-24,0,-11,40,-8,-1,-16,-30,-16,-19,-17,6,20,35,27,35,25,10,-19,-23,-32,-13,4,20,10,3,5,-6,11,3,-5,2,-14,-17,7,13,14,49,80,43,16,-9,5,54,53,-7,13,-7,-20,-23,-15,10,6,-6,-24,-32,-39,-42,-48,-60,-16,-12,-4,-11,-14,6,-15,13,13,21,37,49,27,0,-19,-39,-34,-14,5,-20,-73,-29,-39,-68,-5,62,101,72,55,52,35,-5,6,21,4,-6,32,44,39,21,-36,-53,-86,-80,-93,-71,-20,-2,-18,-38,-16,14,38,42,46,51,20,49,70,46,24,-8,-18,-13,-10,-20,16,58,54,18,5,-4,28,21,-8,32,-4,-30,11,41,43,48,39,23,4,21,25,37,20,9,20,78,116,111,19,-44,-61,-39,-5,36,68,30,-11,-19,-12,-23,23,23,35,9,-13,-4
236,651.8400000000000318,82,97,104,107,80,98,91,38,6,-3,-8,-23,-17,-20,-6,8,53,51,51,24,9,-3,-10,2,-8,-25,-20,-14,-7,-9,2,-4,-24,-31,-15,-11,-10,19,-2,36,31,21,29,-7,-22,-28,-6,-5,13,-2,23,1,-11,44,23,24,21,-17,-17,-12,13,22,59,80,74,17,-10,1,55,47,-8,1,-1,-10,-25,-14,5,33,7,-16,-36,-24,-39,-25,-13,-1,22,18,5,2,-14,5,15,25,33,41,36,3,-37,-52,-81,-66,-47,-30,-44,-59,-30,-63,-61,14,62,99,51,53,29,-1,-18,-40,-20,-30,-19,25,58,52,53,-17,-69,-104,-104,-112,-107,-50,-2,-35,-62,-47,-10,26,25,54,46,16,17,55,69,51,23,5,15,17,-15,12,37,51,38,19,4,23,17,0,-13,-30,-47,0,3,22,33,32,15,18,37,60,43,51,38,37,67,99,127,20,-41,-55,-21,-24,-19,29,3,-4,8,-6,-13,20,17,26,8,-12,-8
237,655.0399999999999636,67,82,96,92,102,100,90,44,12,-29,-3,7,-33,-27,-26,13,50,50,46,34,-1,-18,-19,-15,-5,-23,-17,11,12,16,0,-20,-40,-9,-11,7,-9,1,-6,43,40,28,31,8,-8,-15,-20,-6,-7,-6,4,13,23,43,51,45,15,-9,-19,-24,1,13,46,66,52,26,-10,-6,28,43,20,11,-1,-2,-15,-14,8,13,3,-5,-7,-12,-34,7,8,40,40,13,27,-11,8,12,14,32,42,29,15,-31,-68,-77,-88,-80,-77,-81,-58,-53,-36,-56,-34,21,66,81,44,33,22,-31,-48,-34,-45,-25,-41,33,66,64,64,-9,-55,-111,-117,-116,-104,-63,-13,-36,-57,-52,-26,-8,0,37,33,-5,-15,26,74,70,39,34,38,38,12,9,24,40,47,29,10,34,15,-18,-33,-37,-29,-19,-2,24,20,18,21,27,43,48,35,39,50,41,34,60,103,31,-14,-38,-14,-20,-75,-10,-17,14,8,-51,-14,2,7,9,18,-2,-6
238,658.2400000000000091,64,69,80,67,106,87,82,43,17,-14,13,1,-28,-43,-31,24,33,41,37,8,-8,-13,-22,-6,-1,-6,-22,-25,-7,12,-5,-1,-1,-4,4,-9,-31,-10,-7,40,41,9,21,12,-5,-11,-32,-10,-17,-20,-15,9,14,63,57,44,17,2,-6,-47,-3,21,58,60,56,25,7,-12,19,35,31,20,9,21,-8,-15,-10,-5,8,12,12,-16,5,26,53,59,50,28,19,-2,3,9,23,32,28,28,-1,-40,-67,-77,-82,-83,-83,-110,-76,-43,-39,-35,-6,36,51,68,34,30,0,-33,-69,-70,-72,-39,-11,36,60,65,63,9,-37,-95,-103,-103,-77,-78,-23,-34,-51,-41,-49,-37,-16,21,21,-9,-34,22,76,94,55,44,46,47,30,4,9,34,35,26,16,5,19,-3,-44,-34,-29,-32,-18,-7,8,14,17,41,38,42,22,37,46,39,7,28,60,34,12,-23,-21,-31,-101,-66,-46,11,-19,-42,-16,-13,19,21,24,34,15
239,661.4400000000000546,35,37,43,47,97,59,77,40,28,-2,17,8,-18,-35,-28,12,12,21,7,-10,-17,2,-15,-12,-2,-11,-19,-15,5,-4,-1,-12,-23,-13,23,15,-12,-22,-19,11,34,48,14,19,4,-7,-17,-6,-4,-28,-10,-5,16,64,41,49,6,6,-27,-43,-15,22,58,43,28,24,-5,-5,-2,10,31,29,12,8,-16,-28,-13,3,12,15,19,9,19,41,70,62,61,40,23,-2,12,18,9,29,6,8,-16,-41,-56,-68,-48,-67,-96,-127,-51,-19,-40,-8,21,32,36,41,28,8,-19,-67,-60,-58,-63,-32,-13,33,51,52,63,14,-17,-60,-64,-66,-65,-62,-20,-6,6,-28,-47,-65,-34,4,18,5,-25,4,64,74,77,51,57,42,36,10,6,7,48,32,18,13,-2,3,-26,-36,-28,-19,-16,0,-1,5,10,38,12,28,-5,-2,40,43,2,13,18,36,34,3,-14,-28,-110,-90,-53,-8,-38,-42,-2,22,33,0,22,16,19
240,664.6399999999999864,18,16,30,20,70,43,48,55,43,19,26,12,-11,-33,-16,-8,7,-13,-14,-17,-18,-29,-13,-13,-23,-13,-16,4,-2,-1,-11,-8,4,-7,20,13,-9,-14,-8,12,15,19,23,23,14,1,-12,-18,-19,-20,-13,-9,23,49,34,36,19,9,-17,-38,-22,14,46,48,26,9,-3,-20,-17,3,27,34,10,22,-6,-32,-19,-20,0,21,31,15,33,41,62,45,61,27,12,-3,6,3,17,10,7,-22,-28,-55,-57,-52,-36,-52,-75,-121,-50,-27,-12,14,41,33,48,40,36,-10,-50,-72,-59,-66,-47,-36,-5,14,19,36,31,12,16,-11,-31,-36,-19,-40,-22,29,52,1,-40,-62,-57,-8,10,5,-17,-2,32,62,87,50,32,25,31,7,-11,-9,17,24,17,5,-22,-5,-11,-4,-1,-23,-15,-32,-8,4,12,22,2,18,-34,-25,25,54,10,-20,-9,31,56,43,7,-22,-68,-114,-59,-28,-44,-8,24,8,42,25,6,33,26
241,667.8400000000000318,15,-9,-5,-5,34,35,25,28,58,50,29,6,-4,-16,-8,-22,-28,-44,-27,-15,5,-13,-2,4,-10,-6,4,-12,6,12,3,17,6,-7,6,25,7,-21,-17,-3,0,0,21,18,7,24,-5,-22,-25,-25,-16,-9,-12,35,52,42,26,21,-13,-48,-27,-3,20,42,14,21,-6,-21,-22,-2,20,32,24,14,-7,-20,-19,-19,-5,25,42,26,31,46,73,58,55,11,10,-1,1,4,-4,0,-13,-27,-33,-45,-31,-13,-4,-38,-53,-81,-54,-21,-3,37,55,33,23,26,10,-33,-69,-72,-49,-57,-35,-23,8,1,-1,-4,28,16,43,27,-16,11,20,-22,-13,52,91,22,-9,-48,-55,-25,15,10,3,1,29,43,76,50,21,6,24,5,-15,-24,-8,11,25,3,-20,-16,18,13,11,2,-22,-47,-9,7,20,21,-2,1,-54,-23,34,68,31,-14,-27,19,72,75,41,-15,-41,-83,-70,-29,-13,11,17,20,-14,12,4,-1,31
242,671.0399999999999636,1,-27,-10,-16,20,19,16,30,53,72,39,11,2,20,19,5,-24,-48,-22,-13,8,-1,-2,-2,-7,-28,-34,-3,14,11,11,-21,13,5,19,31,5,-2,15,-9,-11,1,7,13,24,17,-8,-1,-19,-17,-30,-29,-32,18,13,32,18,7,-7,-41,-38,-15,27,17,12,-5,-6,-14,-14,-14,19,15,19,15,2,-8,-21,-24,-4,19,22,14,21,22,57,49,26,-7,-7,9,8,5,-6,-22,-12,-38,-24,-34,-3,13,14,-13,-28,-40,-58,-31,22,43,48,29,14,20,-19,-60,-67,-64,-40,-35,-23,-9,9,-9,-25,-10,9,32,32,52,31,31,48,7,-4,45,87,63,11,-25,-63,-24,8,17,-2,-7,3,20,61,39,16,-7,2,-1,-27,-33,-24,12,9,1,-14,10,16,31,17,1,-28,-14,0,19,15,12,-17,-37,-42,-23,36,59,40,-15,-33,23,74,103,53,-2,-48,-52,-60,-33,-18,17,22,5,-8,-17,-16,10,14
243,674.2400000000000091,-27,-34,-24,-29,-5,-4,-11,24,38,81,47,9,11,25,21,11,-30,-51,-39,-13,15,2,0,1,-6,-18,-5,-9,10,22,5,-8,17,-2,16,12,18,-2,8,-34,-13,1,12,17,15,17,13,-1,1,-17,-18,-26,18,-2,7,9,8,18,-5,-18,-32,-13,-5,-4,-11,4,-18,-8,-15,-12,11,18,16,12,3,-6,-24,-29,5,31,17,29,28,29,41,30,2,-1,-9,12,11,-4,-2,1,-25,-35,-38,-24,-13,14,13,-25,7,-18,-37,-24,24,46,54,47,30,-6,-7,-69,-63,-67,-37,-5,6,6,20,-14,-32,-22,-4,30,32,57,43,49,60,27,3,37,58,71,37,12,-26,-47,-5,28,4,-19,-15,-1,46,24,6,-2,-8,-20,-39,-39,-29,-2,7,-4,-3,1,8,53,24,-2,-13,-6,6,32,7,-4,-40,-38,-21,10,34,61,59,-8,-23,23,80,106,71,20,-18,-67,-35,-18,-4,5,2,3,-21,-40,-32,18,16
244,677.4400000000000546,-40,-45,-40,-44,-5,-11,-24,8,32,63,50,16,16,39,43,16,3,-34,-33,-14,9,2,7,-4,20,-11,-16,-3,2,6,-15,-10,8,-16,-24,-4,10,2,-2,-7,-15,9,-6,38,4,26,12,-2,-8,0,-20,-18,-39,-34,5,-4,-1,2,-1,-5,-25,-32,-20,-13,1,-3,0,-10,-34,-21,3,13,9,-8,-2,7,-13,1,-2,5,10,35,21,34,27,8,16,8,-4,0,16,-1,-8,-12,-29,-24,-18,-20,1,19,9,0,16,7,-40,-23,6,32,47,33,15,-22,-48,-75,-65,-50,-48,-28,-13,-3,-13,-28,-27,-18,-19,21,29,74,68,60,50,49,7,5,19,49,46,30,-5,-26,3,38,21,-16,-28,-26,-5,19,-6,-10,-16,-4,-33,-27,-34,-7,-14,-13,1,11,2,30,1,1,4,22,24,25,21,-8,-59,-49,3,37,35,62,43,-8,-15,1,51,94,67,18,15,-19,-17,-31,0,5,-32,-41,-28,-55,-38,5,-4
245,680.6399999999999864,-44,-28,-47,-31,-13,-20,-37,2,18,52,51,27,13,56,61,51,-4,-11,-14,-21,-6,-19,6,23,8,8,-3,-5,-8,8,-1,-11,-4,-7,-40,-7,14,10,6,-13,-11,-10,0,1,7,14,13,14,9,-5,-15,-32,-9,-27,-18,-8,1,2,1,4,-10,-32,-39,-32,-18,-16,22,-11,-15,-10,5,4,8,0,-2,0,-21,16,-7,15,6,2,15,16,1,-10,0,11,5,22,3,3,10,-14,-14,-12,-17,-6,7,8,5,15,23,15,-17,-9,0,28,37,26,2,-53,-73,-87,-50,-49,-24,-12,-17,-6,-10,-31,-35,-31,-23,-3,25,51,67,57,40,42,5,-23,-23,33,48,39,23,-16,8,37,18,-17,-38,-31,-21,7,0,3,-11,-2,-17,-10,-16,-5,-4,-2,11,10,14,11,23,-8,13,50,33,5,10,-36,-40,-42,22,48,28,46,35,0,-1,8,15,46,60,39,33,10,14,-36,26,-2,-30,-48,-14,-54,-40,-5,-20
246,683.8400000000000318,-48,-36,-35,-34,-18,-25,-33,-16,0,8,44,27,26,53,71,45,35,13,-11,-17,-5,-2,18,-4,5,14,8,-23,-11,1,4,-2,9,-4,-28,-24,9,16,11,-3,-19,-17,-2,-8,25,18,26,18,-3,4,-1,-5,-13,-48,-27,-12,-12,-5,8,30,-6,-27,-50,-33,-15,-7,-18,3,-1,3,-3,-7,10,7,5,4,-4,16,8,4,-20,-1,27,18,4,-14,-7,-7,4,10,3,11,2,2,1,-13,1,3,13,-10,-7,18,31,28,25,10,-4,13,17,14,-29,-76,-77,-79,-16,-24,-21,-8,6,9,-5,-26,-30,-12,-35,-4,0,40,60,47,58,37,-4,-45,-52,9,18,17,33,5,-6,16,35,4,-34,-46,-31,-3,9,12,-3,6,3,5,-15,-15,1,-17,13,15,11,7,9,19,27,45,41,9,-2,-49,-54,-38,26,42,49,45,19,12,34,2,-8,3,17,54,56,46,27,2,39,-16,-45,-63,-37,-52,-32,-48,-7
247,687.0399999999999636,-59,-45,-27,-19,-26,-33,-28,-31,-15,-1,19,23,39,55,68,47,56,37,-11,-2,-13,-21,6,8,8,37,28,-3,-6,1,3,-13,-3,-7,-33,-14,1,-6,6,5,-18,-1,4,1,21,9,12,15,4,11,6,-1,8,-49,-38,-30,-10,-17,6,4,9,-19,-27,-30,-38,-4,-2,-2,-4,9,10,-6,3,-2,5,12,7,-6,19,-1,-2,28,27,21,-2,-15,-7,13,1,16,-7,12,-4,-14,-8,-19,1,27,5,-16,-13,13,34,56,37,29,3,-6,14,-3,-39,-83,-68,-53,-22,5,-4,5,21,15,-20,-20,-24,-13,-45,-20,1,18,49,35,31,30,2,-43,-62,-32,-10,4,26,-1,-21,-1,25,21,-26,-40,-61,-11,12,14,5,10,20,20,12,-15,6,15,8,15,11,-8,0,22,40,52,45,13,-4,-38,-38,-32,31,51,46,19,9,13,27,-3,-44,-51,-28,27,77,61,40,17,-3,-10,-38,-47,-72,-53,-31,-19,-29
248,690.2400000000000091,-52,-24,-7,-2,-20,-25,-10,-40,-30,-19,-6,41,36,55,39,42,42,43,15,-7,-16,12,6,6,11,26,14,-1,6,-18,-22,8,0,-3,-6,-28,-12,8,11,14,-11,-17,-13,-5,2,15,24,14,18,16,13,-7,-12,-21,-46,-33,-16,-15,4,23,11,-10,-28,-47,-32,-3,-14,-9,-2,3,-3,3,1,-4,2,8,20,17,5,-10,-15,-3,27,8,-4,-22,-22,-6,15,5,1,9,-2,-22,-26,-11,15,16,-2,-22,-16,1,9,56,54,33,5,1,3,-30,-61,-79,-60,-42,12,32,23,24,8,14,-22,-32,-25,-42,-58,-24,3,11,27,17,2,16,-3,-30,-72,-59,-23,-16,4,-15,-32,-30,21,29,-11,-38,-58,-26,16,16,6,25,27,37,21,1,3,2,5,4,5,-4,10,26,32,41,40,-1,-8,-38,-12,-16,15,32,27,8,-13,39,28,-4,-56,-80,-62,-5,62,93,56,35,-24,5,-9,-48,-54,-33,-30,-35,-33
249,693.4400000000000546,-66,-20,-12,-15,-28,-30,-40,-35,-37,-47,-17,24,45,38,29,25,41,47,29,6,-16,11,9,15,4,10,10,13,-9,-34,16,14,-1,6,-19,-32,-2,-14,5,-1,2,-9,-5,-13,-5,1,23,-1,12,15,21,16,-13,-48,-37,-43,-21,-2,3,21,-3,-9,-39,-34,-10,-9,-2,-3,-5,7,-9,3,11,-14,-13,9,34,15,-4,-10,-3,4,10,11,-17,-4,-6,22,21,6,6,15,-2,-38,-14,-4,17,11,-8,-20,-9,3,4,41,56,45,25,-7,-24,-43,-64,-67,-36,-2,23,44,36,19,9,-5,-26,-31,-34,-50,-61,-28,9,2,8,4,-10,-2,-2,-24,-49,-66,-32,-26,-16,-33,-55,-50,-10,12,-9,-35,-51,-31,2,5,14,30,29,36,20,4,5,9,7,-16,-8,-6,11,48,44,41,56,29,-13,-24,1,5,33,35,23,0,-11,35,22,-16,-60,-98,-70,-26,58,61,46,35,-10,-3,-17,-32,-31,-6,-23,-18,-48
250,696.6399999999999864,-32,-18,-15,-7,-28,3,-34,-28,-43,-54,-34,10,35,27,16,15,46,54,28,25,-6,-1,-14,-13,-17,3,-6,7,-27,5,11,23,-5,-31,-7,-17,-10,0,-24,6,0,2,-11,-16,-13,4,6,-3,7,24,33,25,8,-4,-56,-39,-15,2,12,3,2,1,-26,-21,-13,8,-7,2,-5,-4,-8,3,-4,-8,-3,15,33,6,6,-1,5,23,36,7,-24,-12,0,34,9,13,13,4,-19,-18,-21,-4,-2,-1,-6,-26,-30,2,10,29,37,41,28,-8,-35,-64,-59,-43,1,41,48,61,49,38,7,-8,-40,-30,-38,-45,-34,-13,-4,6,-6,-8,-36,-4,-6,-19,-25,-57,-48,-34,-30,-28,-59,-81,-34,0,3,-19,-31,-24,-2,6,19,32,34,33,27,17,8,16,7,-6,-13,6,20,37,37,39,34,32,16,4,31,27,28,22,12,-11,10,37,18,-4,-51,-71,-77,-30,24,62,52,6,4,23,10,6,-12,6,-19,-30,-35
251,699.8400000000000318,-21,-6,2,5,-29,-4,-21,-17,-49,-55,-35,1,23,11,-11,-6,13,43,41,30,-15,-1,-9,-8,-11,0,10,15,4,2,5,13,-8,3,-15,-15,-20,-10,-14,-7,7,-13,-10,-3,-11,6,14,12,1,25,11,40,22,-14,-27,-32,-13,-1,10,34,15,1,-23,-10,-4,8,-1,3,-14,-9,-11,-8,6,-4,11,6,25,25,-6,3,25,20,13,-2,-13,-8,3,0,12,14,-11,-9,-11,-8,-17,-6,-17,1,-6,-24,-20,1,3,21,33,41,30,7,-51,-63,-34,-12,21,61,65,60,27,24,2,-16,-36,-37,-37,-40,-18,-4,-14,-18,-23,-29,-37,-26,-6,-6,-14,-41,-50,-41,-53,-54,-70,-87,-61,-23,-9,-13,-21,-17,-21,0,20,15,28,12,26,21,16,19,9,-19,-26,-5,15,41,27,41,34,23,17,6,38,42,35,13,-12,-4,12,33,16,-13,-16,-40,-47,-30,5,39,42,29,13,2,10,23,11,4,-26,-54,-29
252,703.0399999999999636,-9,7,-9,1,-12,-20,13,-19,-43,-51,-31,6,5,-8,-25,-17,4,32,47,28,9,-3,-15,-20,-6,0,-5,-4,-6,-4,12,11,-5,15,-6,-2,-23,-17,-19,-10,8,0,-15,-6,-3,-18,-2,3,18,-1,18,38,9,8,0,-20,-11,10,22,34,10,0,-24,-2,18,6,-4,1,-5,-4,-22,-6,4,-17,4,18,8,2,11,11,14,20,1,-7,1,12,2,14,4,-3,-7,-15,-19,-5,2,5,-26,-9,-7,-5,-9,-8,-3,17,31,35,26,-2,-40,-39,-17,17,47,71,61,43,40,16,-13,-46,-32,-26,-32,-11,26,14,-10,-23,-34,-32,-34,-14,-3,-1,-1,-15,-27,-27,-41,-50,-66,-88,-88,-57,-8,-4,-18,-30,-19,-7,3,2,8,4,18,23,16,12,12,-13,-26,-5,21,13,40,36,26,21,26,21,34,51,38,-7,-18,-20,24,25,21,-9,-7,-11,-3,-5,-22,2,28,34,35,2,27,41,46,16,3,-20,-9
253,706.2400000000000091,-4,9,3,-10,-36,-10,-3,-22,-34,-48,-34,-5,-9,-26,-25,-23,-12,23,30,20,10,8,-18,-9,-14,-13,4,15,14,-10,-5,-5,-6,2,3,-11,-8,-9,-20,-15,6,1,-10,-9,-2,-9,-4,-6,-12,16,25,31,23,33,5,0,-1,14,20,28,4,5,3,7,19,11,-3,-4,-19,-21,-5,-23,-7,12,7,-10,5,0,4,4,20,-6,-12,-6,-5,7,2,4,15,12,4,-19,-26,-1,8,4,-17,-24,-5,9,14,8,-14,0,13,14,20,-11,-45,-29,-10,34,48,69,40,40,16,2,-25,-36,-43,-28,-12,7,29,-1,-20,-27,-23,-37,-37,-20,-1,6,16,11,-20,-26,-37,-43,-62,-71,-94,-87,-26,0,-13,-15,-19,-26,-5,-18,-6,-11,10,21,9,6,4,-2,-6,-5,-2,25,36,32,-2,-1,8,30,42,80,4,-38,-36,-21,17,21,21,7,8,12,27,12,-19,-19,-5,42,13,-8,32,33,45,29,3,-21,-17
254,709.4400000000000546,9,14,-4,-15,-33,-28,5,2,-23,-21,-22,-16,-13,-21,-19,-25,-12,10,22,20,10,-9,-14,-10,-12,-2,-12,7,-7,7,-9,3,-14,10,22,13,-22,-4,-3,-10,7,7,-5,4,2,-15,-1,4,-1,10,22,12,26,40,30,13,8,23,4,29,25,5,7,11,11,18,14,0,-11,-21,-23,-10,-15,19,10,0,-8,-10,14,29,16,-12,-18,-14,8,2,11,-10,10,18,-16,-12,-5,-5,11,11,-10,-21,-3,-1,23,15,7,-10,1,14,3,-16,-25,-8,24,42,30,49,16,17,7,-14,-20,-29,-21,-14,1,36,65,8,-25,-36,-26,-15,-8,-16,-5,5,37,38,0,1,-26,-35,-43,-53,-78,-90,-41,-8,-8,-16,-29,-27,-21,-28,-21,-26,0,4,8,6,-9,-9,-4,-4,-1,-3,31,7,-8,-4,-6,16,37,35,-12,-30,-36,-26,-1,11,6,15,20,47,68,34,0,-33,-3,11,28,3,-9,52,57,46,20,11,10
255,712.6399999999999864,26,6,-7,-16,-24,-15,1,-3,-4,-4,-6,-17,-16,-26,-17,-10,-29,3,10,18,17,-17,-4,-7,4,-15,-21,9,6,-10,4,-11,6,10,11,4,-8,-25,1,-7,-1,-13,-18,-13,-1,0,-6,6,-8,11,7,29,38,35,51,33,7,16,21,29,24,7,18,8,13,7,25,5,-4,-25,-18,-21,-16,7,19,1,-5,8,15,5,2,-8,-22,-23,-7,7,6,-1,13,0,-11,-18,-3,7,15,3,-7,-21,-8,1,28,20,14,-14,-12,-12,-3,-30,-15,6,20,43,20,33,4,-12,-2,-9,-20,-22,3,11,31,35,45,6,-9,-28,-36,-9,25,6,6,11,41,34,32,13,-9,-8,-10,-32,-79,-88,-57,-18,-11,-12,-20,-37,-28,-36,-27,-36,-4,-8,1,-2,-8,-5,-2,8,-15,8,7,-10,-17,-38,-20,14,39,18,-27,-42,-23,-18,-2,-8,-1,7,26,63,77,54,13,-8,-17,17,38,31,16,54,56,28,27,24,27
256,715.8400000000000318,31,3,-4,-13,-3,-2,1,3,17,12,-5,-27,-17,-27,-21,-12,-16,-5,-6,6,29,25,-16,-5,-13,-16,-24,-7,1,17,-1,1,19,-1,16,0,-8,-7,-5,-21,-8,3,6,-7,6,4,0,18,3,5,13,8,36,59,38,35,19,20,24,28,19,13,11,19,13,8,19,15,1,-24,-10,-19,-10,-5,11,5,-13,1,18,15,0,-29,-12,-7,-6,-2,3,-7,-4,4,-7,-14,5,28,6,12,-6,-23,-4,8,32,25,22,-19,-26,-26,-29,-31,-14,7,23,38,22,13,-17,-24,-17,-5,0,-3,11,22,39,40,16,1,-11,-20,-14,19,38,18,23,20,41,35,33,19,20,25,22,8,-57,-71,-51,-23,-12,-14,-35,-29,-32,-36,-34,-40,-30,-23,-12,-27,-19,-6,9,16,11,-2,-2,-37,-45,-36,-21,10,7,-8,-27,-21,-27,-15,-20,-17,-12,24,33,75,86,68,19,23,-16,27,-7,-1,15,48,12,26,28,34,52
257,719.0399999999999636,23,-3,2,-5,-15,-8,-10,12,30,14,-9,-23,-18,-6,-4,-5,-40,-16,-3,4,9,6,10,-3,-8,-4,-3,-4,-6,-1,4,2,0,16,42,-3,-4,-8,-9,-20,-7,-19,-4,4,-14,8,-5,9,24,11,-2,0,22,18,47,49,22,6,18,7,12,3,12,14,3,9,17,20,-8,-14,-20,-21,-7,4,9,-5,-5,-4,4,-1,-18,3,-24,-5,-4,18,8,-17,-17,-13,2,-3,4,3,13,16,5,1,-3,26,32,43,18,-9,-25,-37,-45,-29,-6,8,17,27,1,-5,-28,-46,-13,-33,-20,14,40,44,47,34,19,14,-8,-3,5,29,38,39,26,34,25,26,45,31,47,48,48,35,-25,-56,-50,-36,-12,-19,-22,-23,-24,-34,-32,-36,-41,-37,-25,-16,-16,9,4,22,22,-24,-16,-53,-54,-33,-16,7,1,-5,-16,-14,-30,-12,-29,-39,-25,1,34,58,58,49,37,-14,5,-2,29,42,41,16,0,28,44,44,34
258,722.2400000000000091,20,7,-8,5,-4,-2,22,8,29,28,-4,-32,-20,-21,2,1,-21,-17,1,3,12,12,7,2,6,2,9,-16,-2,-9,3,-15,10,3,13,41,9,-11,1,0,-2,-12,2,4,-8,-16,-7,18,23,10,-6,-16,-4,35,69,39,38,11,5,-3,1,15,20,1,-2,-7,26,17,7,-5,-7,-22,-12,14,13,3,-5,-17,3,-6,-6,-8,-20,-13,-3,-6,2,-10,-16,-8,-3,-1,3,14,21,4,10,7,0,20,29,35,16,-3,-23,-22,-54,-25,1,2,1,3,-3,-24,-36,-49,-29,-25,11,28,44,52,47,15,-12,19,6,8,20,29,40,36,35,34,10,7,9,40,50,63,72,64,18,-21,-38,-31,-22,-12,-25,-12,-20,-12,-19,-31,-28,-35,-33,-1,-11,9,16,18,13,-14,-33,-48,-61,-32,-21,15,6,-3,3,2,-13,-16,-25,-43,-32,-3,31,53,43,32,47,16,11,0,27,44,37,-8,7,33,53,43,36
259,725.4400000000000546,13,-2,1,9,8,-5,-2,12,28,29,-6,-23,-19,-5,-2,-12,-15,-15,-12,7,13,31,17,-1,2,-1,-13,-6,-19,9,-6,-11,6,-3,-26,6,0,4,19,4,-6,12,-5,4,-9,-13,17,-1,13,18,9,2,2,24,35,42,34,18,4,4,7,15,25,-3,-9,-9,11,24,19,-1,-14,-18,-2,-1,11,2,5,-2,-11,-22,-27,-36,-15,-9,-4,-5,1,-15,-24,-16,22,11,17,4,10,19,17,21,12,24,35,23,4,9,-6,-37,-43,-6,-11,-7,-11,-14,-19,-30,-34,-33,-23,-8,9,41,52,50,48,11,-26,4,12,21,29,35,31,37,33,15,0,8,27,45,53,73,73,69,41,18,-20,-24,-20,-22,-18,-7,-4,-5,-12,-18,-39,-30,-44,-49,-6,18,27,19,8,26,-55,-64,-46,-36,3,15,1,6,18,26,-1,-21,-25,-39,-35,-8,23,15,23,29,44,30,9,-7,38,50,22,-21,-17,19,43,44,31
260,728.6399999999999864,25,2,8,16,19,3,-19,11,24,18,-12,-8,-15,0,-17,-12,-14,-53,-10,17,15,14,32,26,11,6,7,-15,9,10,0,8,-4,1,8,2,6,1,-5,11,-1,0,7,1,-7,-5,2,16,12,-4,-2,-7,6,14,17,47,23,17,5,-7,18,22,24,-3,-1,-9,7,16,14,2,1,-3,-5,-15,-6,9,-3,-4,-3,-22,7,-7,-8,-2,3,-4,-3,-16,-22,-20,-9,10,2,22,-14,8,10,30,30,25,20,-1,8,29,12,-30,-25,-11,-9,-8,-10,-18,-25,-34,-24,-10,-14,-2,26,41,56,61,21,-12,-24,13,28,23,29,30,16,16,28,7,0,-10,8,18,43,53,71,80,80,39,7,-13,-24,-14,-13,-3,3,2,5,-9,-27,-35,-32,-18,-7,4,11,3,-3,-16,-50,-32,-3,0,19,31,10,13,17,4,-4,-9,-31,-27,-28,-10,0,1,-6,8,40,35,21,-8,8,10,8,4,-15,23,34,53,22
261,731.8400000000000318,22,14,17,8,24,4,-5,1,6,22,4,-5,-16,-21,-4,-1,-7,-9,-8,-7,17,22,15,12,12,1,-1,-2,-11,-9,-2,-7,-2,-8,8,0,11,15,-2,7,-7,-2,0,-4,11,-8,-3,3,-8,6,14,-9,12,-2,19,12,15,23,7,-12,9,21,8,-12,-20,-4,-11,1,17,16,12,11,-8,-2,-8,10,6,12,-19,-14,-18,-5,-6,-2,-6,-17,-16,-11,-19,-26,2,11,14,-1,5,10,20,42,38,28,11,0,7,18,6,-12,-21,-4,-20,-13,-16,-30,-18,-36,-26,-6,-5,-8,35,54,56,39,28,5,-3,-1,9,27,-11,11,-13,7,10,14,-2,-2,17,16,40,51,61,67,73,79,17,-7,-27,-29,-14,-4,-2,9,11,10,-16,-17,-19,-16,6,16,10,-5,-39,-32,-51,-34,-34,-4,37,43,11,4,10,5,5,-3,-27,-19,-27,-1,-3,-25,-17,-11,0,37,16,-5,5,12,-10,-2,-5,0,24,32,12
262,735.0399999999999636,17,18,5,12,15,8,8,10,15,1,15,8,-9,-25,-17,2,9,-19,-7,-8,7,19,27,12,24,11,-7,18,2,-7,-1,-3,-17,2,-5,-8,8,5,9,2,2,-5,2,-1,-7,0,-4,-5,6,-14,3,-13,-19,-9,-9,8,21,6,-9,-17,7,18,26,-4,9,-13,-13,2,19,18,10,15,-9,-5,-20,7,-3,-6,-11,-12,-25,-7,-3,-10,1,-11,-7,-3,-8,-8,12,24,21,6,10,-5,31,43,31,32,-12,-17,15,23,17,2,9,3,-12,-9,-8,-30,-28,-24,-14,-7,16,9,15,44,50,34,11,12,-9,-5,16,16,20,-6,-17,-15,2,16,6,15,4,-3,14,30,41,63,76,83,41,7,-22,-27,-15,-1,1,-1,8,15,1,-12,-13,7,1,-3,15,-12,-35,-45,-38,-19,-13,21,45,40,9,12,-4,9,9,-12,-26,-26,-29,-24,-9,-23,-42,-36,-18,0,5,9,-13,3,-18,0,1,6,20,19,-21
263,738.2400000000000091,3,7,13,-5,19,21,19,5,8,2,11,13,-13,-22,-12,3,16,-7,-21,-32,0,0,17,25,18,0,-2,-30,-4,-18,7,2,-2,20,11,-6,7,21,3,16,-10,1,12,6,0,4,-1,12,8,0,8,-12,8,-25,5,-4,9,4,9,-10,1,15,21,11,-6,-16,-23,-12,12,24,15,13,4,-5,-14,4,12,-26,-20,-15,-14,-11,-11,-14,-12,-15,-11,0,-9,-21,16,-3,14,-1,14,6,20,24,27,19,-21,-23,-6,8,8,19,12,-7,-14,-6,-20,-30,-43,-28,-15,8,8,33,24,22,29,9,3,1,7,-5,-4,14,-6,-23,-32,-22,11,19,14,19,0,-9,-17,-5,25,42,73,90,53,16,-7,-20,-9,-12,-6,-6,12,17,8,-4,-8,4,4,3,-6,-32,-18,-30,-18,-7,-3,28,42,36,2,0,-13,-6,11,-7,-15,-5,-16,-7,-18,-21,-41,-35,-52,-1,-5,-3,-24,-12,-19,-1,-7,-1,-9,-2,-7
264,741.4400000000000546,8,5,20,13,19,26,13,17,3,0,21,21,2,-12,-10,-2,7,-13,-5,-7,1,-9,12,0,4,14,0,-2,-11,-8,-4,-2,-13,-7,-7,11,9,9,12,2,0,6,13,0,10,21,-15,-17,-10,-9,-3,17,-25,-17,-17,-18,9,10,-13,1,2,4,16,26,-2,-9,-11,-13,14,24,15,18,9,9,-9,1,4,4,-4,-2,-6,-4,-6,1,-3,-16,1,-4,-8,9,-4,4,16,-3,8,0,26,28,21,5,-29,-25,-5,1,14,22,17,-11,-9,12,-2,-15,-20,-28,7,9,23,18,22,27,2,0,-4,7,7,-5,-10,-4,-5,-15,-19,-27,2,15,16,12,10,-7,-15,-6,10,27,64,74,60,33,11,0,-10,-10,-20,-16,0,21,18,17,15,24,2,-14,-19,-25,-22,-13,-12,-6,14,36,43,6,-6,5,-21,2,14,11,1,-2,-5,3,-17,-18,-38,-39,-71,-40,-11,-23,-16,-31,-7,5,7,-16,-17,-18,-3
265,744.6399999999999864,-3,6,6,1,17,19,12,13,12,0,21,12,19,-13,-14,9,13,-17,-14,-3,-11,0,4,5,10,5,14,4,1,-6,-15,15,23,-3,-3,18,6,8,3,11,0,-2,7,-9,3,10,-1,2,-7,-1,-1,4,-27,-18,-29,-15,-4,-5,-6,-12,-3,3,14,16,4,-9,-32,-15,20,26,23,17,6,7,-5,-4,4,18,-4,-2,-4,7,-13,-15,-8,-5,6,1,3,7,-4,2,6,-7,0,15,6,22,10,-18,-27,-26,-21,-18,11,18,11,-1,-14,5,6,-8,-11,-12,5,14,7,28,9,-7,-11,-24,-21,-2,12,-4,-1,-7,-3,-16,-16,-13,-4,14,19,29,-5,-11,-15,-14,8,22,50,65,61,43,26,16,10,-5,-13,-22,-9,10,22,23,25,18,2,-10,-4,-28,-22,-21,0,4,31,43,7,-10,-20,-26,-3,9,19,21,15,0,7,11,-7,-26,-34,-47,-52,-29,-12,-19,-31,8,6,-10,5,-4,-25,-57,-17
266,747.8400000000000318,-8,-6,-1,16,16,14,19,5,-6,1,16,7,-2,0,-17,-6,6,8,-3,-10,-19,-2,-17,4,4,3,8,10,0,-16,-13,-9,0,13,-8,7,-2,-12,7,-5,3,16,0,-6,-5,-2,0,-26,-14,-5,-8,2,-9,-3,-23,-28,-4,-21,-8,-10,-7,18,10,25,12,-5,-10,-24,-10,5,18,27,12,-3,-17,-15,0,3,1,-3,4,9,0,3,-3,7,-5,25,20,1,-7,2,0,3,2,-9,8,-5,-14,-33,-29,-43,-30,-26,-16,1,2,5,-3,9,5,15,-6,9,18,22,10,19,1,-21,-26,-33,-16,-3,5,5,-21,-2,11,-14,-6,-5,-6,8,6,-3,12,1,-5,-18,7,13,29,42,61,55,39,26,18,-2,-14,-21,-23,7,14,24,19,1,-3,-2,-13,-14,-4,-4,5,13,30,24,4,-29,-17,-22,4,9,3,13,18,12,31,7,-6,-13,-31,-51,-42,-48,-26,20,-9,-31,9,5,5,-11,-27,-13,-3
267,751.0399999999999636,-10,8,0,6,3,17,4,0,2,5,10,14,9,7,-26,-23,-3,0,5,-12,-16,-12,-1,8,10,4,25,10,-18,-3,-3,0,-20,11,-3,8,7,9,-4,-15,1,14,1,13,1,0,1,-8,9,-10,6,25,-24,-11,-26,-20,-14,-14,-11,-3,13,-1,13,16,15,4,-31,-27,-6,16,17,21,2,8,4,-10,-11,-14,5,5,12,0,-4,-8,-12,-9,-5,12,20,-18,-19,-9,-8,-5,-3,3,-11,-15,-33,-38,-18,1,-29,-31,-14,-21,8,19,23,15,13,7,7,17,21,23,10,13,-11,-37,-37,-36,-30,-21,14,-8,-2,-2,2,-1,0,-3,-8,-2,5,5,3,8,-6,-9,0,-1,24,16,41,65,61,46,39,13,-20,-20,-29,-8,9,18,20,12,1,-12,-11,1,6,-27,-10,30,33,13,-5,-40,-10,-16,1,10,6,7,31,25,30,13,2,-5,-22,-39,-33,-37,-29,-7,-31,-28,-35,-11,-4,-9,-30,-7,-20
268,754.2400000000000091,-9,-1,5,-8,8,5,12,4,-3,2,6,5,12,15,-4,-23,-11,14,-5,-20,-5,-4,-14,2,0,24,11,0,13,-9,-19,-15,-6,-20,-4,4,18,4,-4,-4,4,-2,-3,-2,8,-5,7,-11,-8,-9,-14,8,-6,10,0,-26,-28,-22,3,-11,-6,-3,3,4,2,5,5,-6,-4,8,17,17,16,-4,-5,-11,-2,-6,8,4,8,5,8,1,3,13,-1,-1,5,11,-3,-7,-12,-1,-14,-15,-22,-33,-29,-33,-16,-11,-28,-26,-35,-10,17,20,32,27,26,19,26,26,27,17,10,8,0,-30,-46,-36,-20,-13,9,-10,8,-1,1,-1,7,-6,-6,-12,-8,-3,4,-2,5,-3,-6,-2,11,10,37,49,53,37,38,29,7,4,-21,-6,7,13,5,7,-4,-13,-8,1,-8,-17,3,22,19,-3,-30,-14,-6,-2,6,11,-2,11,15,26,29,17,0,-12,-15,-16,-10,-47,-28,-33,-15,-38,3,-33,4,-29,-16,-31,0
269,757.4400000000000546,-2,-5,-4,-7,-3,-5,4,-5,-10,8,12,-3,11,41,7,-9,-7,8,-8,-4,-8,-3,-5,-7,0,5,17,29,18,-2,-5,12,9,-24,2,-8,11,5,-9,-11,-4,-6,11,-2,-10,-6,-5,-18,-7,-6,-7,0,23,7,-13,1,-22,-28,-16,9,-1,2,7,8,16,9,-1,-3,3,-7,3,15,7,13,0,-9,-8,14,14,4,-4,-3,8,-5,-1,6,4,11,5,21,-12,1,-14,3,-9,-16,-20,-36,-32,-18,-5,-2,-8,-24,-17,-10,16,18,41,23,11,21,31,27,24,7,4,1,-4,-14,-32,-19,-27,0,12,0,20,-7,-1,6,10,8,-13,-15,-17,-5,-2,7,8,11,-15,-22,-8,-16,19,37,49,37,33,27,19,14,-10,-13,-10,1,3,2,-1,-6,1,5,-1,-9,19,8,18,-11,-42,-22,-1,-6,6,7,-6,5,21,38,24,13,-15,-28,-5,-1,-1,-17,-20,-25,-39,-38,-20,1,-4,-20,0,-19,-20
270,760.6399999999999864,-15,-2,6,1,10,1,4,1,6,9,5,7,11,2,6,4,-19,-8,-2,-9,-6,2,-6,-7,4,-2,9,11,5,8,2,5,-2,5,-1,-7,-1,1,18,1,0,21,-18,-2,-4,7,-4,-3,-17,-5,0,-2,4,8,1,3,-18,-19,0,0,0,-2,-9,8,8,11,1,0,-10,-2,3,4,11,-4,5,-15,-12,4,1,9,9,2,0,21,4,-10,-4,4,-1,-15,-11,-6,-9,9,6,-18,-29,-35,-33,-12,-1,-6,1,-17,-20,-15,15,12,35,21,17,21,44,33,14,1,-5,-16,-20,-32,-18,-21,-15,6,3,6,24,7,3,5,2,6,-28,-36,-19,-30,-13,3,4,-3,-13,-18,-11,-19,7,13,35,39,32,29,39,23,7,-4,-11,1,1,-11,6,12,-3,4,-1,-4,32,24,4,-31,-50,-27,-2,-16,6,-1,1,-6,13,36,18,-11,-8,-18,1,16,3,2,-8,-4,-22,4,-16,-1,-10,7,-3,-6,9
271,763.8400000000000318,-14,-8,-10,-5,8,3,5,3,9,12,2,-1,6,19,15,-13,-3,-3,5,36,-13,-9,6,-12,-3,-11,-3,8,-1,14,17,-13,23,-5,5,-12,9,9,0,13,-1,-10,-14,-7,-5,-9,-8,-7,5,-24,-26,5,13,0,-3,-9,-14,-11,3,7,-1,-2,-12,-2,-2,18,21,16,-7,1,16,1,6,13,-2,-4,-8,-24,5,20,12,-13,6,14,-6,4,-9,-5,9,11,-15,-6,-4,-15,-15,-13,-18,-32,-13,-11,1,17,3,-13,-8,7,17,24,21,15,13,22,34,28,14,9,-6,2,-21,-20,-18,-15,-20,-6,-10,5,16,7,-5,-3,-4,-7,-24,-27,-27,-19,-8,-2,-5,4,-23,-38,-24,-23,-12,4,30,33,15,28,41,37,21,0,-15,-8,6,-26,3,3,4,9,4,32,26,6,-14,-37,-21,-20,1,-8,3,-14,-6,5,11,11,-3,-17,-17,-7,-5,26,18,-4,-16,-3,10,-9,-4,-17,15,1,-4,4,12
272,767.0399999999999636,-3,-2,-6,21,-1,15,-3,-2,0,14,4,5,6,17,30,6,-6,2,1,1,12,-6,-5,3,-19,-7,8,21,34,33,-3,12,10,-3,-20,0,1,-3,28,9,6,-13,-13,-3,-5,-19,13,2,-5,-7,-9,-11,8,-10,4,-3,-12,-6,0,-11,-4,-3,2,-6,-11,16,29,8,3,0,-15,-5,12,-8,11,5,-10,5,5,4,4,4,1,4,8,14,11,0,0,13,2,0,-11,-12,-2,-22,-3,-22,-11,13,1,-1,4,4,2,-2,14,18,29,20,7,12,18,16,12,8,-9,-2,-15,5,-16,2,-2,2,5,20,20,3,1,0,1,-5,-30,-39,-12,-14,6,-3,-5,-6,-33,-33,-40,-26,-17,-14,8,19,16,26,36,43,37,8,-7,-4,-4,-10,-6,23,4,-6,-10,15,16,4,-31,-37,-23,-17,-8,4,-11,10,-15,0,13,20,-9,-14,-19,-12,8,29,24,26,20,-35,10,-4,1,-15,6,0,10,28,35
273,770.2400000000000091,2,3,3,4,6,11,-12,6,5,4,-1,-6,6,13,27,12,-9,-6,-6,-3,9,-18,-14,3,-3,16,24,9,14,8,31,-3,-2,-19,3,-7,1,3,-12,-2,10,2,-4,8,-12,-10,-22,-2,-1,-1,-12,-13,11,-18,-6,0,-7,8,3,16,-3,-4,0,-12,-1,4,27,10,-2,6,2,-1,13,-8,5,5,0,11,4,10,2,3,8,3,-5,14,10,-3,8,21,19,-4,2,-4,3,-1,-16,-7,11,5,9,3,4,1,13,0,16,19,18,7,11,8,13,13,7,-2,-11,-20,-3,-5,0,-1,8,-2,3,24,-2,-4,11,0,-13,-12,-17,-22,-10,-6,9,-1,1,-20,-26,-35,-35,-31,-26,-22,-5,15,15,10,32,41,41,11,-4,2,5,-7,-8,7,-11,-6,2,34,17,-8,-29,-36,-29,-15,-6,-5,2,-12,-9,-6,20,-7,-9,-12,-17,6,23,27,36,27,8,3,-7,11,13,18,8,0,7,19,26
274,773.4400000000000546,0,4,2,-4,0,-8,-1,-2,-10,3,5,3,3,6,18,1,2,5,-9,-9,4,6,-6,2,-12,-19,-12,13,-3,3,12,13,13,-7,21,-15,-11,-7,2,13,3,6,-6,-7,-9,-13,-2,0,-6,15,-5,-10,-8,7,-2,0,12,11,19,-6,6,1,1,-2,0,18,33,14,7,-8,6,-6,-6,4,-7,-2,10,0,1,7,-3,11,-1,1,1,7,2,-7,-7,6,19,0,-24,-17,-6,-4,-1,13,15,4,10,6,12,23,16,9,13,6,14,-1,4,11,19,6,-3,3,0,-5,6,1,-7,-4,4,-3,5,16,-7,-11,3,-9,-23,-13,-13,-9,-8,9,16,2,-9,-21,-25,-40,-36,-23,-25,-23,-6,9,8,17,24,40,37,21,14,9,5,15,2,-14,-4,-1,9,15,-1,-1,-30,-24,-1,-7,-2,-8,-14,-19,-3,1,-4,-21,3,-1,14,7,19,18,23,21,4,-1,6,24,31,12,4,12,6,42,38
275,776.6399999999999864,-4,6,9,-10,-23,-5,3,-8,-2,-8,-15,-8,3,12,8,18,9,-11,-7,-4,-1,-5,-9,-6,-9,0,-9,-7,8,13,0,6,7,-2,-25,-5,-10,-5,15,4,10,-5,5,-3,-8,9,2,-7,-4,4,5,-23,-15,-3,8,7,8,15,20,-9,-4,-6,-29,-10,0,18,26,20,8,7,-18,-1,6,-10,-9,6,5,-3,7,8,20,6,4,-2,0,5,-7,-7,7,3,17,9,-5,-2,-11,7,5,15,14,16,7,-3,0,19,22,23,1,7,5,-4,1,9,7,1,-12,-6,-12,-18,-8,-3,14,12,24,19,-8,0,2,2,-9,-8,-7,-13,-10,2,9,23,22,8,-7,-20,-23,-30,-34,-27,-16,-23,-25,3,16,6,13,20,37,18,19,1,12,3,9,-1,-2,10,5,-5,-2,-20,-21,-18,3,-2,-20,5,-12,-27,-13,-8,-10,-13,5,9,15,25,10,13,26,9,5,26,12,28,27,22,1,8,34,7,1
276,779.8400000000000318,5,20,8,-8,-26,-16,-4,-9,-20,-19,-17,-1,4,27,20,11,7,-7,-10,-13,-2,-4,-8,-4,7,-8,7,-8,10,4,12,8,-9,-5,9,5,-14,19,1,3,7,-7,7,1,-8,-9,5,3,1,4,-6,-7,0,-8,14,9,12,22,1,9,3,-7,-14,-12,1,14,15,15,12,3,6,-9,-8,-23,8,0,1,-16,-4,-6,5,-15,7,-3,-5,-24,-11,-9,-6,9,17,-12,7,-2,-3,-1,10,25,10,27,9,23,9,42,20,25,5,10,11,0,-3,4,-3,-4,-16,-2,-2,-12,13,16,20,13,24,13,-18,-9,-8,-3,-16,-18,-7,-16,2,17,19,11,13,8,-4,-10,-13,-6,-32,-29,-15,-29,-17,-2,4,12,8,8,19,14,19,0,5,23,-2,-17,-9,7,23,11,-4,-6,-21,4,6,9,7,16,-5,-23,-13,4,-8,-14,5,13,25,26,8,-2,11,6,19,27,37,17,22,17,0,5,10,39,10
277,783.0399999999999636,16,3,4,-16,-26,-25,1,-6,-15,-26,-14,-5,2,8,5,14,6,4,7,-9,-3,6,9,2,-14,-11,-3,-19,11,8,13,12,-17,31,18,6,-9,-18,-5,-1,-2,-4,2,1,-3,2,-7,5,-5,12,-7,1,-21,10,1,11,12,14,2,0,-1,-3,-13,-2,6,2,21,12,7,-4,-14,-8,-12,10,7,2,6,-6,-8,-12,-1,6,4,-9,6,3,-6,-7,-4,-9,3,4,-2,7,-1,12,19,26,25,4,5,1,14,33,39,23,10,1,5,-8,8,-7,-11,-14,-13,-6,-9,-9,-7,8,5,14,10,3,-16,-9,-24,-6,-14,-18,3,-8,15,27,21,17,6,16,4,11,0,5,-23,-2,-23,-11,-9,-2,5,3,0,-1,7,12,15,-1,2,21,6,-13,-10,23,9,6,10,3,-3,19,-5,8,16,-1,8,-12,-7,0,-15,-4,8,29,33,31,19,-10,-10,14,25,7,40,18,-17,10,7,12,5,14,-17
278,786.2400000000000091,17,5,5,-11,-23,-23,-23,-16,-16,-23,-12,1,3,7,15,-4,6,1,0,10,-4,7,10,6,-5,-1,0,-13,-8,-2,0,-9,0,7,-7,-5,-7,-16,6,-3,6,19,-1,-9,15,15,1,17,-4,-7,-1,-5,6,3,-13,5,16,4,-6,-5,1,-9,-5,-6,6,-7,-6,16,11,-6,-8,-19,-5,9,12,7,4,6,-5,1,-3,-6,6,-3,3,-2,-16,-14,2,-4,9,-6,1,6,14,13,23,17,12,16,-3,15,7,16,15,38,8,6,10,-1,9,0,-13,-19,1,-10,10,-12,2,9,5,18,12,1,-13,-23,-24,-5,-15,-12,-6,5,12,21,17,19,4,12,16,0,21,24,-11,-4,-7,-1,9,7,-2,-2,-2,-3,-3,4,13,-4,8,3,1,-5,9,12,11,19,19,10,6,22,16,25,0,12,1,11,10,-3,-9,-7,8,22,20,32,13,-18,-28,10,22,13,3,24,21,-3,-8,2,-11,-14,-24
279,789.4400000000000546,8,7,3,-6,-4,-17,-16,-4,-13,-18,-6,3,3,11,20,10,17,11,5,-5,-3,-10,0,0,-4,4,-11,-8,-19,3,-7,-1,2,9,15,2,-7,-6,-8,6,4,-4,0,0,0,1,4,10,-2,-3,2,-15,2,5,-1,9,14,22,-7,9,-10,-13,-5,0,-3,-5,-18,-3,13,-4,-10,-1,-4,16,4,4,-2,5,-6,-6,-17,9,-6,7,0,8,5,-16,-10,-5,-21,-3,8,0,-14,21,24,6,6,2,6,6,19,8,16,29,18,15,5,-1,17,8,3,-12,-12,-9,7,1,-1,5,12,9,8,-11,-14,-19,-8,-5,-14,-17,-1,16,7,7,7,16,-6,5,22,8,33,26,4,16,0,4,-1,-1,15,-11,-9,-10,-14,1,3,-1,-4,2,-2,8,17,8,9,9,16,11,34,26,20,20,18,-5,-2,12,17,2,-10,-13,2,15,20,10,1,-4,-15,3,15,18,14,2,-10,-6,-8,-4,-18,-19,-31
280,792.6399999999999864,-1,-4,-3,3,26,-4,-21,-5,-5,-17,-9,-9,-3,-4,0,8,22,14,9,9,-5,-1,6,0,6,15,-6,7,-5,12,-19,3,-9,28,-3,-6,-13,-4,1,8,-5,-11,12,1,1,0,5,5,13,-3,-7,-3,-6,1,-6,-5,8,0,-12,-14,-12,-7,-3,5,12,-11,-17,-5,-5,-4,-6,-4,-7,4,3,9,17,0,-13,-7,13,6,-3,-2,3,-6,0,12,-2,-7,1,-1,6,2,18,19,11,8,10,9,5,9,18,-2,5,13,3,-1,2,15,11,15,-8,-5,-9,-25,-1,-4,9,7,17,5,-3,-1,4,-11,-19,-12,-2,4,13,13,20,-3,5,-3,-7,-2,12,23,45,43,32,27,-1,3,6,3,7,-6,-6,-13,-18,-1,-2,3,-13,10,-2,1,5,5,15,20,6,6,18,31,14,-1,11,14,4,30,7,2,-9,0,9,-7,8,6,2,-17,-20,-4,-1,-5,8,23,-18,-24,-15,10,-23,-34,4
281,795.8400000000000318,5,-6,2,-4,4,-3,-9,-2,1,0,2,2,-8,-11,10,12,14,9,1,-4,5,12,-15,-5,-2,-8,-14,-3,7,-20,4,-4,-18,-15,-14,17,0,12,0,-17,-2,15,0,3,-3,8,-6,0,5,8,-2,0,2,-3,5,0,2,6,-12,2,-2,-8,12,6,-1,3,-11,-7,-8,-3,-18,-6,-10,-2,4,2,8,-5,-2,-4,10,12,12,11,0,4,0,13,-12,-5,-5,-1,-5,-6,-3,12,18,-1,10,-8,11,0,7,-2,-4,-5,-6,1,3,11,8,5,-3,1,15,-10,-14,8,16,11,16,6,-3,-7,-9,-9,-19,1,-1,5,18,17,11,0,-6,-2,-20,-13,19,25,36,54,48,40,29,7,5,3,-7,-7,-14,-16,-13,1,-1,4,-6,1,-1,12,15,0,4,6,4,-2,14,3,20,21,4,1,9,19,19,14,16,5,2,-9,-5,-18,-10,-10,-7,-9,-4,19,11,8,-7,-6,9,-19,-18,-32,-15
282,799.0399999999999636,-3,-6,0,-3,3,-8,6,6,-3,9,1,-1,6,-8,-6,0,13,13,17,19,25,5,27,6,-1,9,5,-13,-16,3,0,5,3,-14,-13,7,-5,-7,0,8,2,-5,10,-6,-3,1,0,-1,3,-7,6,-6,1,12,9,-1,-3,3,-8,-16,-13,-9,18,11,6,-9,-18,-14,-4,-12,17,-7,-1,0,18,4,1,-5,0,19,-8,16,0,-4,3,-4,5,1,3,10,-28,9,17,10,19,11,0,-6,-7,7,9,21,10,-15,-9,-5,-18,-2,-3,20,2,13,2,6,1,10,9,-5,26,3,1,-2,-6,-2,3,0,0,-2,5,14,14,21,7,7,-14,-17,-8,-11,3,22,36,37,50,36,23,15,12,-5,-5,-15,-12,1,-16,5,8,16,-4,-25,-3,13,16,-4,3,2,-5,5,13,5,15,7,-3,8,13,10,33,23,10,13,-7,-16,-21,-29,-19,-4,-3,-3,-5,10,-2,0,11,21,2,-6,-28,-32,1
283,802.2400000000000091,0,-5,1,24,29,3,17,8,4,17,1,0,-8,-5,-8,17,2,8,16,7,-9,2,-13,-6,1,-7,-15,-8,-12,0,-3,0,0,-5,-2,-1,10,1,-12,-3,-8,-8,-6,17,16,8,1,-1,1,-1,28,8,-5,-14,-8,1,2,-13,-8,-4,-11,6,1,6,-2,1,6,-6,2,1,8,0,-5,5,5,4,-8,12,2,9,2,-1,12,-3,9,14,4,9,-15,-11,-15,13,5,4,3,12,-6,-9,-5,-7,21,16,9,-3,-8,-16,-23,-3,5,8,14,8,7,22,10,16,0,16,4,10,22,-3,-6,3,6,-1,17,-8,-5,28,20,31,14,-9,-21,-16,-25,-12,-11,10,25,32,59,32,33,26,2,-7,-13,2,-8,-1,-7,1,10,18,16,6,5,4,5,-13,-13,-11,-19,13,24,1,14,6,-11,-4,2,23,19,12,6,20,-5,-27,-28,-40,-17,-1,5,2,-7,13,-4,1,-19,-4,4,-3,-7,1,-15
284,805.4400000000000546,2,-7,-1,27,11,21,13,3,10,13,8,8,4,-4,8,-14,14,16,19,25,-11,-6,-20,-11,17,4,6,-5,-6,-12,-16,-23,2,12,9,4,6,-14,7,0,-6,-7,3,-1,9,-2,3,9,-5,6,-11,6,-4,7,5,-13,-11,-11,2,5,-5,3,-1,12,-6,5,-7,-4,-8,-5,24,0,3,1,4,-1,-1,-12,3,1,-10,-12,1,-2,8,-12,3,9,2,-12,8,-1,14,18,2,-2,-3,-7,-17,14,21,9,3,5,-6,-24,-16,-7,-3,9,6,6,10,16,14,7,22,9,6,15,-2,0,-4,-5,5,0,1,7,13,32,41,18,16,2,-11,-25,-21,-22,-18,0,7,8,48,29,25,14,0,-4,-8,-1,-6,-8,-6,-5,-6,10,1,7,8,12,14,-7,-10,-15,-2,-5,29,-2,7,1,-8,-3,7,8,2,6,14,14,2,-32,-29,-27,-24,-1,6,-21,-9,17,-14,8,-20,-17,-5,-4,2,-11,-5
285,808.6399999999999864,-5,-3,7,11,10,17,7,2,14,10,-4,-1,-11,-12,3,6,7,6,6,9,17,-11,5,-13,13,-10,-13,4,-4,-9,8,0,2,-7,8,7,-4,12,-17,-3,-2,1,6,8,-13,5,-9,-5,-7,-3,1,13,18,-5,-4,-5,-14,-2,-4,12,-5,4,2,-4,0,-9,-12,-11,-4,-4,5,-3,-3,-11,10,9,2,8,0,0,15,6,-7,5,-2,3,-10,11,8,-6,6,1,10,25,16,-3,-4,1,-5,-3,3,9,-3,-2,-21,-11,-30,-19,-5,-10,-3,1,15,20,15,21,20,-1,7,-3,4,1,-6,-1,14,12,7,-1,10,23,12,15,15,-3,-8,-15,-30,-26,-25,-17,-17,-8,15,17,20,16,-3,-5,-13,-8,2,3,10,3,-1,2,12,-3,14,15,2,-3,0,-30,-15,3,7,14,8,-3,-1,4,8,20,1,14,16,11,-10,-25,-28,-23,-16,8,5,-6,-9,-16,11,-16,-5,14,6,5,15,8,-13
286,811.8400000000000318,4,6,-2,14,21,9,20,5,16,4,5,0,-9,-17,-15,-3,3,7,17,5,8,4,0,4,2,5,-2,6,2,0,-13,-10,-3,-13,7,-9,0,5,7,6,1,0,3,7,15,0,-3,-10,8,-11,-7,0,13,-20,-5,-6,-8,-26,5,4,2,8,10,-3,4,-2,-10,-7,-11,1,-4,5,7,-3,-6,4,-5,4,4,2,17,-6,0,9,6,14,7,10,1,-3,10,2,18,9,-12,-10,-2,-13,-7,6,18,-7,1,-5,-4,-28,-20,-23,-15,-6,-10,1,-1,3,2,23,-6,-1,-12,1,-11,-2,-1,14,-1,15,12,4,14,23,7,2,9,5,-7,-15,-12,-8,-27,-28,-33,-20,-5,-13,4,4,-1,-1,-8,-3,-2,3,2,3,0,2,17,21,-1,-1,-1,6,-4,-16,-7,-9,3,9,18,-3,-9,4,12,6,-15,-5,3,2,-19,-13,-27,-6,-3,4,13,-1,-3,-13,5,1,7,-4,15,2,25,18,3
287,815.0399999999999636,-4,-5,-6,-3,15,14,14,17,19,14,4,6,0,-21,4,8,-9,-3,1,10,18,2,-5,-2,-7,-9,0,4,2,0,10,-11,14,-8,0,4,-4,-11,-9,7,2,-1,-1,12,-6,2,3,-18,4,-6,7,1,5,-14,3,-7,-11,-7,16,14,9,8,-1,-2,-6,4,-3,3,-24,-10,-6,11,13,12,-14,1,9,16,6,6,-3,3,5,15,4,6,3,7,-6,-15,7,6,10,1,0,-8,-15,-5,1,-1,6,9,-3,-5,-9,-30,-21,-17,-16,-17,-10,-2,6,-1,4,11,17,0,-3,-8,-15,5,0,-12,5,14,-1,18,17,3,-10,-5,3,4,9,3,9,-7,-22,-26,-42,-28,-25,-18,-11,-15,3,-12,-8,-7,7,9,7,3,-2,-3,15,-1,5,1,-14,11,7,-1,1,13,-10,12,4,0,-2,5,7,-6,-7,-10,-7,-13,-11,3,-17,0,3,8,12,19,4,-33,-15,-9,2,7,-3,-3,16,9,-4
288,818.2400000000000091,-1,1,0,-2,-2,7,29,14,7,4,2,-3,-3,-16,-2,-7,3,15,-2,0,5,-2,7,-9,15,2,3,-6,2,7,5,3,-14,9,11,-31,-6,18,-3,-9,-6,3,9,-2,1,13,-3,-16,-3,-3,-7,2,0,4,-21,-2,-15,-11,-8,5,8,13,4,-3,-10,-9,-5,-6,1,3,-14,9,6,8,-4,-9,3,23,1,-3,-12,6,-5,-9,-2,-6,6,-11,6,1,-6,1,-3,11,-9,-13,-16,1,-3,-6,-4,-9,-1,0,1,0,-14,-16,-30,-19,-28,-15,-26,-2,-11,9,20,8,-3,2,-15,-3,3,0,9,5,-1,1,7,-5,-25,-20,-10,6,7,1,7,2,-21,-32,-37,-55,-48,-36,-28,-11,-1,-3,-8,0,-1,-3,-5,-13,-8,-3,3,13,-1,-10,-4,-2,10,-9,-3,-1,3,11,10,-17,9,-1,0,10,-2,-1,0,1,-13,-4,5,5,18,16,10,7,-12,6,-23,-30,-4,-22,-36,4,12,-13,28
289,821.4400000000000546,-1,3,0,-1,-8,2,0,7,8,-2,-4,-6,-7,4,-32,-5,-1,0,3,-1,-8,9,-14,-4,-9,-1,-7,-15,-1,0,1,2,2,-3,-3,2,0,-9,-10,2,1,-1,7,-3,-6,1,4,-2,-6,-4,-13,6,-28,-3,-20,-5,-2,-6,8,4,8,13,-11,-2,-13,-3,1,5,1,6,-2,2,-4,-6,-13,5,-3,1,11,0,-3,2,-2,14,5,-1,2,-10,-11,6,8,-2,9,0,-7,-9,-11,2,12,-2,-11,-6,-3,3,-11,-2,-6,-18,-13,-15,-20,-18,-14,-9,-11,0,-14,-10,-30,-10,-9,-14,-10,-8,2,-5,-2,6,-1,-7,-8,-21,-6,8,20,14,15,4,-6,-23,-36,-42,-61,-51,-27,-22,-11,-3,3,1,-3,-6,-2,-10,-16,-9,-4,-1,-1,-7,-10,-2,-4,13,-7,-4,3,16,-3,0,7,-4,-7,-20,-7,3,-12,-18,-6,12,18,20,17,17,8,5,0,-16,-12,8,-9,7,-21,15,17,22,4
290,824.6399999999999864,-8,-14,0,0,-24,8,19,9,-8,-8,-4,-1,-7,13,-8,-1,-13,0,2,0,-4,14,4,6,-10,12,-17,5,3,-1,12,5,-9,-18,2,-5,-4,0,1,16,-3,-2,-5,3,12,-8,-4,-4,-3,3,-9,-12,7,-8,7,3,-11,-9,0,8,12,9,-10,-6,8,6,10,-1,3,10,-5,6,-1,-9,-15,1,5,9,7,-13,-8,-34,-1,2,5,4,7,-2,13,-5,8,-7,-4,-1,16,-7,-15,2,-10,-6,-12,-20,-5,0,3,0,8,-10,-26,-20,-26,-25,-18,-23,-13,-17,10,2,-8,-21,-13,-1,-10,10,4,7,3,6,-5,-1,-19,-29,-9,0,18,26,10,19,15,17,-23,-38,-55,-38,-36,-17,-24,2,12,5,3,-7,1,-11,-17,-17,-2,1,4,-10,-12,2,9,6,1,-5,8,-2,-14,-2,9,14,-9,-11,3,1,-10,2,-4,26,27,41,21,21,8,14,22,-29,-40,-12,27,-2,46,17,22,32,9
291,827.8400000000000318,-18,-8,-10,-12,-31,10,-16,1,-1,-2,-8,5,0,6,-2,0,-6,-4,-6,-10,-3,2,10,4,-4,-9,-9,4,30,18,11,0,3,9,3,0,1,-22,-3,-7,-6,6,1,4,11,-3,-1,0,8,5,-8,0,-17,-4,-2,-5,0,-5,7,-11,13,6,7,1,2,-18,1,5,-4,5,3,-1,1,3,7,-16,4,12,-1,5,-7,7,7,-1,-3,21,4,2,-3,1,0,-4,-15,-3,2,0,1,8,-9,-10,-23,-23,-19,-9,0,9,18,-13,-29,-20,-22,-29,-16,-12,-10,-11,7,14,-10,-14,-21,-3,1,-1,-6,-4,-11,3,0,-4,-9,-1,-1,7,12,28,35,23,7,10,-6,-16,-41,-47,-36,-28,-15,11,13,14,3,-2,1,-15,8,-12,-10,-10,-4,-10,3,2,1,-3,-3,6,-3,-3,-8,8,2,1,0,-5,-2,-2,-7,-10,-2,22,39,18,28,16,1,4,7,3,-7,-32,1,6,-20,-2,6,9,6
292,831.0399999999999636,2,6,0,-19,-9,2,5,-9,3,3,-7,1,8,15,1,11,-1,-8,-5,-9,-5,8,31,7,6,-12,23,2,-15,-5,1,1,8,8,3,14,17,11,-10,-6,-8,4,-9,-4,-1,2,15,5,-1,4,-4,-17,18,3,7,1,-9,6,-3,0,0,9,7,-2,7,1,4,7,2,14,9,1,0,7,-10,-2,-7,1,8,3,-12,4,4,16,2,4,-8,10,-4,3,-11,-4,-21,-13,-5,-2,-1,7,-2,-15,-18,-32,-12,4,2,15,27,-2,-11,-13,-7,-34,-34,-17,-2,-9,-10,-2,-10,-20,-2,-15,-2,3,-3,14,7,6,-4,-5,-11,-21,-3,-7,3,24,22,22,24,19,15,-1,-22,-22,-26,-11,-16,4,14,12,6,5,2,-3,-4,-7,-18,-23,-5,1,-3,-8,-8,6,-3,-3,-2,-15,-12,13,10,-1,-2,-5,-4,-12,-4,-1,7,19,27,17,30,8,5,-1,-3,-1,-18,-66,-20,-4,2,5,2,7,3
293,834.2400000000000091,-1,4,-12,-7,-6,-14,-13,-19,-11,-3,0,5,9,-2,0,6,-19,3,-5,-5,-3,-2,3,-1,-3,-4,10,-1,-4,-2,5,7,-1,10,-2,12,6,6,11,-3,-5,6,-3,1,-1,4,-7,-12,0,-1,-1,4,-11,19,-12,11,10,2,-3,18,4,2,-4,6,-1,6,2,12,5,-12,11,-8,13,0,-7,9,11,-14,4,-6,-1,-4,0,14,11,-17,1,-18,-1,5,7,-9,-10,-12,3,-5,7,9,2,-6,-10,-14,-13,-9,6,22,26,10,-16,-18,-22,-13,-16,-12,-11,-21,-16,-6,-11,5,-9,-2,-12,-1,-3,8,6,10,6,-11,-6,-8,-8,-7,6,12,27,24,24,21,20,10,0,-2,-11,-7,0,5,13,7,18,8,6,10,-5,3,-22,-19,-5,5,-3,-9,-11,3,3,8,-6,-7,-10,-4,19,-2,-7,5,9,-9,-5,4,16,23,21,12,11,-2,-3,-8,-6,21,-5,-21,-18,6,17,3,-13,4,-2
294,837.4400000000000546,2,5,4,6,11,-11,-20,-14,-11,-13,3,-6,9,6,-5,-3,-4,-7,1,-8,2,-3,7,-13,9,22,11,3,-15,2,-17,3,1,3,-8,7,-15,10,0,2,-1,1,-2,-9,10,-6,8,26,2,-10,4,4,-20,17,12,1,7,9,-1,-4,8,-8,5,-2,-10,5,12,5,-10,2,-5,10,8,3,-4,-2,-4,1,2,4,17,10,-3,1,-9,-5,-8,-4,1,7,6,-4,-9,-9,-5,7,11,2,7,-4,-14,-5,-15,-3,-3,10,16,6,-14,-18,-10,-11,-7,-12,-13,-6,-15,10,-8,2,1,-6,-7,-6,-7,-2,16,-1,7,-9,-2,8,-8,-1,-10,-7,8,16,20,17,28,30,14,-4,5,-8,-4,10,10,19,20,10,8,17,-1,0,-5,-7,-5,0,12,6,-16,24,14,4,-13,-18,-12,8,5,19,0,5,-2,0,3,25,19,11,17,10,-9,-9,0,-17,-10,-3,10,16,-2,1,20,4,-16,-6,-3
295,840.6399999999999864,5,8,4,-3,-12,-10,-21,-9,-6,-4,12,6,3,6,0,0,-2,-5,-7,6,-9,-7,3,14,6,21,-5,-8,9,11,11,-5,2,-6,-9,-7,-1,10,14,-4,9,11,2,-3,-8,3,0,3,-8,-8,14,-12,-9,3,5,9,9,9,0,9,1,-6,17,8,-2,9,24,7,8,6,8,5,6,-3,3,-6,-3,-23,0,-3,9,-3,11,-4,10,-2,6,-9,0,3,-5,24,-7,-5,6,1,6,5,10,-4,-4,-6,-7,-9,1,-4,8,9,1,-7,-9,-10,6,-8,-8,-16,8,6,16,0,5,2,4,2,-6,-8,13,1,-3,-13,-2,5,-12,-5,-7,-14,2,4,17,16,36,29,31,18,5,6,-4,0,3,0,9,13,9,11,3,10,4,-2,-6,3,3,-8,-5,-6,4,1,-11,-16,-1,8,10,14,1,1,-1,-7,2,8,26,23,3,6,-7,-23,-11,-21,-8,18,42,23,14,15,12,-11,-12,-5,11
296,843.8400000000000318,9,14,-5,-1,8,3,-3,2,-3,-2,8,8,3,-1,-11,-20,5,-19,2,-4,0,17,3,15,-2,13,16,5,17,0,14,-5,6,7,0,6,2,-12,-10,-6,6,-7,6,-5,4,3,16,12,2,-2,3,0,-10,0,10,-12,12,10,0,2,1,-4,0,4,10,19,-7,13,7,2,7,3,-18,1,11,1,-1,0,11,16,-2,13,2,-9,3,-8,8,-9,13,9,-1,-14,3,-3,-1,1,-1,1,6,5,-5,15,-6,-1,-1,11,13,15,14,0,19,3,-1,-9,-8,-6,-9,0,-6,7,6,10,10,-14,6,-7,26,2,-5,-11,1,2,6,10,-7,-13,2,-8,12,21,28,36,32,22,14,12,14,-3,1,-4,5,1,12,7,27,-3,4,-4,14,8,0,1,-6,3,8,-6,-26,-20,-3,12,8,-8,10,-2,-5,-9,11,16,14,-2,-4,-7,-14,-26,-22,-18,-7,5,23,14,8,-7,-4,-14,-15,-16,36
297,847.0399999999999636,12,18,5,1,-3,-6,-9,-2,-5,2,-1,-5,4,-11,0,-26,-2,-2,-3,-4,2,16,-9,1,2,5,1,-1,1,-4,-1,-4,29,-1,-3,4,-3,1,17,12,-3,-3,3,-3,2,1,-10,-2,5,17,10,-3,20,-13,9,8,13,6,0,-14,0,-7,6,17,14,18,18,-3,14,3,-3,-2,1,-1,19,-2,-10,5,-1,16,2,9,-2,0,-8,-6,-5,-12,4,-7,-5,4,-3,-2,-7,13,6,2,10,0,10,5,7,1,-2,3,3,17,17,12,-5,6,1,-6,-5,-1,-6,-6,-1,18,31,9,22,1,0,2,-8,-5,-13,-16,-6,12,9,2,-4,-7,-5,-10,0,-3,32,36,41,29,18,9,12,-4,-5,-16,-11,-9,0,6,4,13,15,3,4,-1,3,6,-7,11,5,-12,-23,-15,7,-8,-1,2,9,-9,-5,-6,1,10,25,1,-8,-15,-23,-31,-20,-9,-9,0,-12,20,-11,19,-15,-23,-11,-4,-9
298,850.2400000000000091,8,5,7,4,20,9,-10,1,-4,4,6,-3,8,1,3,-12,-13,1,-9,-1,1,-4,-4,10,4,-6,-8,8,-8,-21,-5,14,-3,5,14,-11,5,0,-10,-3,4,6,-4,-6,0,-3,-3,4,2,-3,7,8,1,4,-1,-8,4,-6,-4,-24,-11,-4,-11,18,0,-2,6,-6,4,6,-2,7,-9,-9,-6,3,-10,-9,-2,3,19,15,13,-15,-9,-3,4,21,0,2,-11,2,0,5,-4,10,-1,-6,9,13,11,4,1,2,7,-5,-3,17,21,14,16,8,8,6,9,-3,-7,2,20,19,9,12,3,-3,-10,-7,9,-11,-6,-5,8,7,5,-2,0,-14,-14,-12,-10,-6,-6,30,23,19,13,11,-1,-22,-15,-22,-22,-18,-16,-2,5,7,9,22,16,14,3,10,3,-4,1,-4,1,-5,-10,-3,1,1,7,0,-10,-4,2,-9,4,4,-19,-25,-23,-23,-16,-17,6,8,24,30,-1,-29,-9,-3,-1,-31,-1
299,853.4400000000000546,-5,3,8,3,2,-4,13,-5,1,4,-6,-6,2,0,0,-5,-9,-1,-7,-4,-9,-5,5,8,-9,-1,18,4,4,-13,5,14,1,4,-4,6,16,-6,5,2,9,-15,1,-2,0,-6,4,4,4,5,2,-7,-1,6,-8,5,3,15,6,-2,-2,-3,10,-1,8,-3,-3,-11,-4,-7,6,-6,-13,7,7,-7,-1,3,-1,-2,4,5,6,7,-5,-1,9,-2,1,9,-9,-1,5,-9,4,-6,7,5,0,15,7,7,7,5,-4,-5,-5,1,13,19,10,15,15,-3,9,-6,-38,-10,13,5,11,11,5,15,0,-25,6,-11,-11,2,2,4,-2,8,1,-11,-34,-16,-11,-6,6,7,6,20,11,6,-3,-20,-22,-26,-25,-31,-18,-6,1,4,15,12,5,5,3,7,8,-14,0,-7,6,1,7,-4,-28,-12,8,0,-10,-6,11,-9,-6,-12,-27,-31,-15,-4,-5,-3,-2,5,7,16,23,-9,-19,1,-7,-21,-29
300,856.6399999999999864,-10,-12,6,5,-1,9,-8,9,10,-7,4,-4,-2,3,-6,8,-16,-4,-8,1,10,-1,-10,-7,8,8,2,4,-21,-5,-16,-1,-12,-8,-12,-9,5,8,22,6,-7,-12,-7,7,-17,-5,0,8,-3,-4,11,11,18,-11,2,-6,2,2,5,-10,-10,-6,-10,2,0,6,-4,-9,-4,5,-4,-6,-5,0,6,8,0,4,5,-12,-21,-4,1,-17,-4,-1,15,11,5,-4,-9,1,5,-3,-15,-5,6,-1,-1,14,22,20,13,-14,3,-6,-3,5,21,9,21,14,2,12,11,-9,-19,6,5,7,9,7,-2,-9,-13,-2,-16,-12,-6,-2,-2,-6,-11,-2,-8,-12,-19,-21,-25,-23,-13,8,7,26,14,1,-5,-10,-20,-22,-21,-19,-18,-13,-5,2,6,2,3,-6,-3,8,3,2,8,-5,-3,-1,10,-14,-8,-2,2,-6,-14,7,-1,-14,-2,-22,-26,-23,-14,9,2,22,13,11,24,16,5,-27,-23,3,2,-2,-4
301,859.8400000000000318,-14,-8,-5,4,1,-2,-7,4,8,-4,0,2,-4,-4,-1,-9,13,-2,-2,1,-11,-10,9,3,-7,-1,9,-2,4,-6,-22,3,16,5,2,-1,-8,13,-11,7,-3,-14,-10,-12,3,-11,-2,-8,-9,-3,-2,3,12,0,6,2,2,-1,-4,-1,-7,-12,-11,-10,1,-5,-15,3,-1,-4,-10,-10,6,3,-3,-6,-11,-6,-11,-5,0,-12,-7,-13,3,6,-2,11,16,-5,12,3,3,-1,-4,-9,-5,-9,-8,-4,3,3,17,8,3,-1,-5,3,18,13,14,19,7,9,12,-13,-2,-21,14,4,10,-1,-3,0,20,-9,-18,-19,-24,-3,-11,-11,-12,-12,-6,-13,-18,-22,-23,-11,-5,3,10,17,14,-4,-3,-20,-29,-9,-21,-17,-13,-16,10,2,-7,0,-5,-5,-3,7,18,-13,-1,10,14,2,2,-3,-16,10,-7,-12,-1,-4,5,-8,-10,-17,-23,-2,-12,12,5,-3,18,12,-13,8,19,-5,3,8,-4,6,-14
302,863.0399999999999636,-12,-4,-11,-4,1,-8,8,7,3,-8,-8,-3,-10,-6,-10,-4,8,2,-8,-1,-11,-1,-6,-2,-16,-1,12,12,-7,0,-3,5,-13,2,-5,-3,-8,-6,-5,-20,5,8,5,-6,-14,-10,0,0,3,-4,-1,0,0,9,2,5,-5,2,2,-1,3,-7,-7,-12,-2,-20,-16,-11,3,2,-10,-13,1,-11,-11,-6,-7,-3,-19,-4,-11,8,-3,-7,-4,-7,2,9,5,2,9,8,-8,-1,-2,4,-2,-7,-6,0,1,15,-1,1,1,-6,-10,-16,7,8,22,16,7,2,4,10,8,-6,2,5,-2,-8,4,4,8,-15,-11,-15,-18,-14,-15,-22,-28,-3,-10,-1,2,-15,-17,-5,-4,-6,12,17,16,-4,-16,-14,-12,-9,-18,-10,-16,-11,-10,-2,-6,8,-3,8,-9,-5,9,-11,-5,-4,7,5,8,-1,-9,-12,-13,-12,-5,3,6,-16,-19,-19,-9,0,15,18,26,13,11,-14,-11,9,7,-1,4,12,0,-4,-17
303,866.2400000000000091,-8,-13,-3,-20,9,6,10,-3,-18,12,-4,1,-8,8,11,-4,-4,-13,4,5,11,-19,0,-4,-8,8,1,11,-19,2,4,-14,7,-8,-19,-2,3,-16,2,-1,-3,-9,-9,10,-5,-4,-15,1,9,-2,4,4,0,6,2,3,-9,0,-11,-4,-3,-5,-2,-2,-1,1,-17,-15,-6,-7,2,2,-16,9,-1,0,8,-2,8,-18,18,-20,-4,5,-8,-2,-1,6,7,16,-2,0,0,-3,-3,-21,1,-8,-9,0,7,-9,7,-2,3,-6,-17,-11,-1,13,1,10,8,16,3,4,10,-8,-3,4,-8,-5,-16,12,-8,-13,-29,-15,5,-8,-5,-10,-6,-10,-2,7,15,3,10,1,4,6,22,18,15,6,-9,-11,-9,-4,-7,-3,-3,-5,-17,-24,-6,13,-11,-10,2,-6,-3,-9,-8,3,12,23,3,-3,-1,-8,-11,-6,8,10,-20,0,-15,-4,5,6,3,10,35,21,13,17,8,1,13,8,15,1,-2,11,-13
304,869.4400000000000546,-13,-22,-12,-8,-15,8,-7,1,6,0,1,-4,-7,0,-15,19,-1,-4,-10,-10,17,6,-5,12,1,-4,-2,-31,-4,21,-4,5,-11,-2,18,-12,5,9,10,-8,-8,-7,-9,1,-13,-13,-4,-1,3,3,-6,1,6,5,0,-1,-5,-7,6,-8,-3,2,-1,-14,-13,-7,-16,1,-15,-9,-5,-5,1,-13,2,-2,3,-4,-2,-2,3,4,-10,-2,-7,3,3,5,-2,-1,-6,-1,-7,-6,4,0,3,1,-6,-14,-8,-7,-2,10,-6,-8,-11,-9,-9,12,4,7,12,8,10,15,5,2,-6,-4,-4,-5,8,8,-5,-7,-28,-4,-13,-2,5,0,4,-5,6,13,36,27,6,-1,-14,-5,9,11,22,8,4,-3,6,7,12,11,-4,1,-14,-11,-7,-13,-9,-9,-16,6,7,4,-3,0,15,3,3,10,-3,-5,-17,-5,1,-5,-5,0,-23,-9,7,22,12,20,15,18,8,-6,-6,-15,-31,10,-14,-4,-9,-20,5
305,872.6399999999999864,-1,-11,-12,-3,0,-15,17,-2,0,6,1,3,-13,-1,-1,6,1,4,-4,2,-3,19,9,-2,-10,-12,-25,-22,10,7,9,-7,-5,-6,1,10,-3,-3,4,0,-2,-4,-5,-6,-5,4,-1,2,-4,2,1,-14,-4,-5,1,0,-2,-5,-13,15,-7,2,-8,-23,6,-5,-2,0,-6,-7,-2,0,-4,-4,2,6,1,1,-14,-5,-4,-1,-12,-3,-2,5,-2,11,-11,-7,7,-14,4,-2,-2,-15,-2,1,0,-22,-11,-4,-2,-5,-7,-13,-10,-8,1,2,-1,-3,-13,7,-4,5,12,12,-9,-15,-8,-2,-12,-21,-9,-4,-16,-1,5,-2,-7,5,9,10,16,33,12,17,6,3,6,-4,8,17,10,9,7,7,8,16,15,9,1,-4,-13,-8,-15,-14,-11,-1,-8,-8,-2,3,-1,2,11,11,10,7,-1,-20,-17,17,-6,2,1,-8,-12,4,14,19,14,22,10,10,2,-6,-14,-20,-5,25,-2,-14,-14,11,2
306,875.8400000000000318,1,-11,-19,-11,-22,-1,-3,-6,-1,-7,-8,0,-8,6,-9,10,4,8,-1,3,0,-17,-7,-6,-1,-34,-11,25,-4,-11,10,-8,-4,-1,-4,1,-6,-4,1,2,-5,7,-14,-3,-4,7,-9,-7,-2,0,-12,-2,5,19,-19,1,-8,-1,-2,-9,-5,1,4,-18,-22,-17,-1,-6,-8,-8,-15,7,-8,-4,-6,-13,1,-3,-3,7,-9,3,-1,-2,6,-8,-22,-15,7,-15,-7,-5,16,6,-6,3,2,-12,-6,-10,-16,-7,-9,-8,-10,-9,-5,-2,-1,-11,-14,7,-4,-14,5,6,-3,-2,-5,-12,-14,-10,-4,-16,-21,2,-11,0,7,8,17,16,21,6,9,26,19,17,2,-4,-10,-12,6,-4,3,5,4,3,15,15,20,10,7,2,-11,-2,-9,-4,-19,-8,-7,-4,-15,-15,-8,0,-4,6,-2,5,8,2,-3,10,8,9,-12,-7,-13,2,14,17,10,6,6,46,-3,-2,-12,-5,-24,-5,1,-2,-3,12,21
307,879.0399999999999636,6,-2,2,-10,2,-8,4,-5,-2,-6,-7,-2,-8,-5,17,8,-15,-15,5,-10,5,-4,-13,-1,10,-2,-17,-15,6,-4,4,-13,-8,-7,-4,-3,1,-6,-5,-11,1,5,-2,7,5,-6,-3,15,-4,-10,-7,15,10,-14,-4,0,-2,-6,-1,-1,6,-6,9,-13,-11,-20,7,1,-11,-10,1,-1,8,9,-11,-4,7,-9,4,0,-9,1,-15,3,7,13,7,-2,-15,4,9,1,-3,-1,4,-4,-11,1,1,-1,-9,-17,-9,-7,-6,-2,3,5,-7,-7,-10,2,-3,0,-5,1,13,-5,-11,-17,-42,-13,-16,-9,-3,7,1,24,14,16,14,13,11,9,13,1,7,15,0,-4,-10,-26,-24,-26,1,3,7,23,7,17,26,17,13,9,-9,-15,-14,-23,-10,-8,-22,-7,-8,2,-1,9,-8,-11,5,4,-11,-4,-4,2,1,11,8,18,5,10,12,19,14,9,-2,12,8,-12,-4,9,15,24,-7,-1,13,21,-6
308,882.2400000000000091,15,11,20,-2,-18,3,1,6,-2,-10,-3,-2,3,10,8,-2,10,4,8,-9,-1,11,7,-10,9,8,4,-2,-11,4,-14,14,12,-6,5,5,14,-6,-1,-5,1,7,2,-4,-10,1,-6,-9,-5,1,0,-2,-13,-1,9,1,0,-16,0,0,7,2,-3,-16,-2,-12,1,-2,1,-1,5,-7,8,4,8,1,9,11,8,2,14,1,-9,2,-10,10,-6,-5,1,-7,1,3,-14,-6,-15,9,-5,-4,-11,-5,-9,3,-8,-5,9,8,12,-1,-1,-2,4,-10,-1,8,4,2,7,-8,-16,-7,-14,-16,-4,-4,-3,17,15,7,13,8,12,10,12,13,4,3,-5,7,4,-7,-11,-29,-29,-42,-14,-6,1,9,17,11,27,18,16,11,5,-4,-15,-2,-10,-6,-13,-7,-5,13,-11,-18,-6,-7,-4,-4,-2,-13,-5,12,1,-5,-6,-6,-5,2,11,12,14,2,-10,-18,-5,-26,-20,9,13,4,15,8,-15,2,24
309,885.4400000000000546,-3,3,1,-10,6,10,-12,0,-5,-10,-7,-13,-5,2,2,-7,11,15,17,-2,-4,-8,-17,-8,-5,-9,-8,15,14,10,-35,1,-3,7,-5,0,-11,-3,-7,11,0,-1,5,-8,2,-5,10,-2,-6,3,-8,5,-2,-2,-6,-7,1,-20,-2,15,-3,1,-24,-5,-14,2,-6,4,6,-7,1,-3,-10,-3,-16,7,-15,-6,-5,-2,1,-22,-7,2,8,-14,-21,-22,-26,-15,-1,-8,-12,-14,-6,-12,-5,-12,-9,-1,-2,3,2,-1,2,-8,10,6,-9,-9,-5,-11,9,-2,-19,6,4,1,-1,-9,-6,-1,-3,3,13,14,13,21,9,7,4,7,5,-5,6,-6,-1,-8,-3,-3,-6,-20,-38,-38,-26,-15,14,12,6,9,6,20,13,2,-5,10,4,-2,1,-31,6,-3,-21,7,12,-4,-23,-7,-16,-12,-1,5,-1,-7,-3,-14,0,0,-3,4,-11,-2,11,-17,-22,-23,-21,-23,25,-13,4,-15,6,-13,10,29,14
310,888.6399999999999864,2,19,13,10,-16,-10,0,-1,4,6,-6,-1,14,7,15,-5,-3,-21,-5,11,4,-9,10,-12,1,-3,3,24,-11,5,3,-6,-17,-5,5,-4,-8,-8,6,8,5,0,10,0,12,19,0,1,8,12,6,-6,-5,-1,18,-1,12,15,-1,4,-13,5,6,5,12,-4,-3,10,-1,2,-2,-9,16,3,0,5,10,4,17,13,5,12,8,8,2,3,9,-13,-12,1,-3,3,-17,2,0,14,-1,-11,3,-8,3,10,3,-3,8,7,10,15,0,-32,-2,-4,-1,1,-2,3,1,7,-32,-1,11,7,2,0,1,9,21,-1,13,4,1,11,4,-2,-6,-14,-4,-18,0,-7,-9,-6,-31,-32,-24,-12,0,15,10,5,-3,4,17,6,15,7,10,21,8,31,-1,4,-1,-4,-9,4,-13,-16,-9,-8,8,-2,3,-6,2,6,-4,12,1,-2,-3,-12,-11,-25,-29,-35,-18,-4,-16,4,-30,-13,-12,8,12,-13,-15
311,891.8400000000000318,9,0,-1,10,8,4,8,4,-13,26,0,4,7,0,7,-4,-13,4,-10,2,-12,-4,0,0,10,4,14,-17,8,-2,10,2,-1,-4,-3,-13,-9,-12,-1,-8,-1,2,-1,-1,-4,14,-5,-3,-13,-13,-16,15,-3,5,-2,-2,1,4,0,-2,-3,-9,-1,-4,-19,-7,-3,-10,-1,18,-4,11,-2,0,7,-1,3,1,9,6,-15,-6,7,6,-7,-3,-13,-20,0,-12,-13,-13,5,-7,-8,-9,-17,1,3,-1,0,-4,-8,3,-4,6,-6,-8,-3,-13,-10,-18,-17,-13,1,-9,1,-12,9,4,12,1,2,10,10,14,22,13,20,11,-4,1,1,0,-3,1,-5,-2,-7,-5,-5,-7,-29,-29,-26,-15,-8,7,6,-9,-5,-4,3,4,-1,2,25,-3,14,-4,8,1,-18,-1,3,-2,-14,-16,-14,-11,-2,6,3,11,-6,-5,8,15,9,-4,-11,-23,-34,-33,-34,-30,-33,0,10,-14,4,-4,-1,2,-10,10,-24
312,895.0399999999999636,-3,6,8,8,17,5,-2,0,14,-1,14,-5,5,4,12,4,4,-11,6,-1,3,7,5,-5,0,-1,-4,-6,18,-14,-4,-11,-11,-13,-15,4,-1,-4,-13,-1,6,2,6,0,9,-15,14,-11,-7,2,2,-12,-4,-11,-24,-7,-15,6,-18,-10,8,-9,-1,1,-2,0,-8,-4,7,-5,-2,14,4,-2,-4,-2,3,1,-2,8,2,-15,3,-11,6,-11,0,-2,-11,4,-6,-1,1,5,9,5,1,17,-5,8,0,-6,-3,9,-4,10,-4,-5,-17,-3,6,3,7,2,-11,13,-14,-10,14,7,25,7,6,-7,6,1,-14,8,-3,1,-2,1,-4,-8,-9,4,-7,-17,-5,2,4,-3,-3,-15,-23,-1,4,17,4,-3,-18,-4,-8,-8,11,3,7,14,-4,-6,10,-9,1,10,-1,-10,-21,-12,2,1,4,3,6,6,-11,-20,0,2,18,-11,-15,-30,-27,-32,-28,-13,-15,-10,-1,-14,-6,-17,-8,4,4,-9,-6
313,898.2400000000000091,-19,-1,2,-20,-13,-6,-5,-7,-10,-9,11,5,17,1,-1,-10,-16,-1,-10,2,-13,-7,-24,-8,-15,-3,-24,-5,2,-5,4,-14,-17,-6,7,-12,-28,-9,-21,0,-9,4,4,5,4,5,3,-12,13,-4,-9,-17,-11,-9,12,-7,1,-1,16,-5,-9,0,-7,24,-11,16,3,0,9,0,4,1,3,4,-1,-7,-12,-11,7,-4,16,-5,-5,-6,-8,-10,-11,15,-18,-15,-6,-19,-6,-1,14,8,1,-9,2,5,2,-6,3,13,15,2,-4,-10,-2,2,-7,0,-3,-5,-2,-21,-4,1,21,9,-2,6,-4,6,-4,-5,-1,-6,2,-1,6,-11,-2,-9,0,-2,-1,-19,-6,-9,17,31,9,-1,-14,2,-22,6,8,-1,-14,-11,-8,-8,0,7,7,-7,5,-11,-5,-7,-20,-25,-1,-9,-21,-4,6,-3,9,17,12,-1,-10,-15,1,17,7,-8,-22,-43,-46,-28,-17,-25,-7,19,-7,-9,-22,-4,14,-1,13,-40,-25
