"","TRACE",1,2,3,4,5,6,7,8,9,10,11,12,13,14,15,16,17,18,19,20,21,22,23,24,25,26,27,28,29,30,31,32,33,34,35,36,37,38,39,40,41,42,43,44,45,46,47,48,49,50,51,52,53,54,55,56,57,58,59,60,61,62,63,64,65,66,67,68,69,70,71,72,73,74,75,76,77,78,79,80,81,82,83,84,85,86,87,88,89,90,91,92,93,94,95,96,97,98,99
"","Position (m)",0,1,2,3,4,5,6,7,8,9,10,11,12,13,14,15,16,17,18,19,20,21,22,23,24,25,26,27,28,29,30,31,32,33,34,35,36,37,38,39,40,41,42,43,44,45,46,47,48,49,50,51,52,53,54,55,56,57,58,59,60,61,62,63,64,65,66,67,68,69,70,71,72,73,74,75,76,77,78,79,80,81,82,83,84,85,86,87,88,89,90,91,92,93,94,95,96,97,98
"Point","Time (ns)"
1,-100.1599999999999966,-13,12,-2,-27,20,-4,-34,57,9,-10,-33,15,3,-5,-6,3,-4,-8,24,6,3,-62,10,-9,14,9,-9,15,36,-40,0,7,-3,-1,16,13,19,-14,17,-60,-35,11,-34,-8,74,47,-34,-12,17,9,50,28,28,9,-16,52,12,113,-4,2,16,-50,29,-31,-86,-22,-31,6,-16,2,15,-2,31,1,-16,-22,4,-5,63,58,5,18,-2,11,-34,-36,12,7,-20,-24,8,-146,7,42,19,-11,10,-6,-9
2,-96.95999999999999375,10,-9,6,-18,-12,8,-4,19,38,11,-105,-10,-12,5,10,18,-9,-8,-4,5,16,34,-8,0,8,13,-6,-5,-4,13,16,11,14,-2,-6,-22,28,-12,9,6,8,-16,19,-203,-81,71,-37,-2,-29,32,2,22,-53,22,-6,2,27,-32,23,-2,-1,-23,-21,15,-7,-4,-62,1,-15,-34,-15,-12,7,-8,-5,-8,8,27,5,-12,10,-37,-13,17,15,-6,2,-17,9,27,2,-18,34,-20,-16,-2,13,-32,20
3,-93.75999999999999091,4,-7,10,-19,-50,4,10,24,28,34,99,18,7,1,-24,-3,-11,-9,7,-5,6,6,12,2,-3,6,12,-18,18,21,-18,8,9,15,14,30,11,0,4,7,5,-4,1,-86,-53,-38,68,27,17,-35,5,-7,-6,-5,-32,-5,-55,-28,-8,-3,10,-36,-28,25,40,-16,-17,0,-26,3,30,4,11,8,26,-18,20,39,68,34,7,5,27,19,-7,-8,21,-10,39,58,-29,-4,-33,21,19,37,-10,23,-27
4,-90.56000000000000227,6,-18,4,31,3,-12,-20,-85,12,-32,-5,-4,-14,-4,-1,-2,22,-20,-3,11,27,40,26,6,15,11,6,6,4,11,11,-6,-2,-22,-8,-14,1,-5,-31,17,4,11,-11,101,-4,-30,-23,-4,3,-27,26,16,79,-82,8,23,-42,-9,21,-5,-17,-20,-7,111,-1,6,31,-3,-8,39,25,18,5,-2,-30,32,16,36,36,10,-1,7,35,-4,12,5,-3,2,-24,3,1,-21,25,-8,-20,-5,1,23,24
5,-87.35999999999999943,-7,-4,-20,37,42,-4,-1,-170,11,-51,-32,8,19,-4,-6,-3,16,5,19,-6,-10,-3,19,13,-9,7,0,17,-5,30,7,-9,-1,-4,5,-10,9,8,19,3,18,-38,-19,38,-3,15,-10,21,20,26,-18,11,52,-12,32,14,3,17,-10,6,4,82,-79,32,57,-25,3,0,-13,-7,-34,30,-16,-2,-21,-24,10,-1,-55,-29,24,11,-17,-51,35,3,-20,-49,8,-11,25,13,-6,-2,29,27,12,6,25
6,-84.15999999999999659,0,3,24,-10,29,37,21,-28,-295,-6,-20,2,4,-5,-8,-2,-14,33,8,-9,-12,7,-15,-8,19,-54,5,18,21,12,-12,-13,-15,30,16,20,-17,18,6,22,14,-3,22,-85,-17,42,6,10,-8,-45,-5,16,-11,8,23,-9,69,0,9,5,-32,-18,-7,-41,2,-34,13,-2,6,2,-1,-14,6,11,21,22,7,-16,-21,-21,-10,-24,8,-4,-10,-9,-23,-9,-4,-40,33,30,8,-16,62,-11,24,-11,9
7,-80.95999999999999375,-6,4,-18,1,6,21,-25,126,-72,-16,32,-15,7,0,-11,-23,10,29,2,3,16,-6,-15,29,-23,-6,11,1,-3,15,5,-11,6,-24,13,1,2,-37,3,-8,7,-13,-5,84,19,-23,-27,-19,-1,16,-66,16,25,10,13,17,5,6,-8,4,-12,12,-31,8,22,11,10,-38,-12,23,47,0,-20,7,7,-31,-12,-12,15,36,-4,56,55,39,32,21,-10,32,3,31,2,-8,-42,-17,-26,17,-33,6,29
8,-77.75999999999999091,8,-7,-8,0,9,4,10,22,15,18,302,6,5,10,5,0,35,-18,-3,1,-5,-9,23,-10,8,5,-8,-5,6,-12,-5,13,11,2,16,-11,-8,28,-28,11,-2,15,-7,-25,-94,7,-6,-11,-30,27,12,0,-20,30,-11,9,-23,-1,-14,-10,37,-75,43,-36,-10,-31,3,28,79,-11,29,-17,3,-3,20,19,9,-3,-37,-12,6,-9,-38,32,-23,0,-8,32,-4,34,-22,12,3,16,-14,-4,32,3,6
9,-74.55999999999998806,2,6,8,-30,1,6,-4,7,-117,-27,-9,-7,5,2,11,0,13,25,15,-1,-20,-7,-19,-2,12,0,-8,8,-5,-43,14,-41,6,9,-35,-3,-7,-12,11,-27,-3,4,16,78,35,11,-48,-1,24,16,-21,-9,-64,9,-2,-28,-7,-16,19,16,-18,61,44,-1,66,24,21,41,76,15,-32,10,-39,4,25,0,-7,-28,-19,-15,-16,-12,-12,-77,18,-12,21,-39,-2,-18,13,-32,23,10,10,1,7,-11,-21
10,-71.35999999999999943,-1,12,-17,-7,5,-31,136,12,290,-11,-25,-5,-2,-1,-8,-5,1,-32,2,-10,41,-5,-41,-24,-2,7,9,-8,3,14,1,30,-3,0,-1,7,-3,5,23,22,23,0,-9,56,19,-16,13,-6,-3,-15,6,-5,-7,31,-20,-21,-12,-40,-16,-7,-31,81,43,-35,-9,32,39,1,18,-26,-34,-45,-11,-6,12,20,2,-9,-2,30,2,-11,-1,10,11,25,34,9,-22,-42,-14,16,-37,11,19,-37,-1,-12,16
11,-68.15999999999999659,-5,9,2,1,-20,16,353,6,-5,-13,-14,1,-18,-2,31,9,12,15,23,-1,-39,-14,2,0,-4,6,-4,-13,4,48,6,-22,-9,6,-12,-36,7,-2,-20,-6,27,-6,27,13,-25,-72,34,-18,-10,-4,-16,-4,-10,-25,-39,5,-18,10,-23,-12,33,-7,-20,-43,21,21,-29,26,21,9,-22,33,16,3,24,2,14,-6,2,6,-34,63,25,-22,-15,0,24,-11,14,-15,14,120,14,-12,2,35,-16,-14,0
12,-64.95999999999999375,-1,-7,4,-40,25,3,-225,16,21,2,-15,-5,-13,5,-18,3,-13,1,3,-4,15,-6,10,-9,-17,-18,-11,-28,-24,10,-22,-1,-2,6,-10,6,-16,-5,27,19,39,21,-7,29,86,-70,20,-13,15,-10,12,10,2,13,27,11,7,33,17,16,14,2,0,-44,29,53,5,-24,-37,0,-5,-18,7,8,21,21,-8,-34,-15,-1,-43,31,-49,25,-12,22,12,17,-19,-9,24,192,9,19,-12,-27,-32,0,-6
13,-61.75999999999999091,9,15,-4,45,-11,-125,-176,-9,25,132,-18,0,15,1,-4,-5,6,11,-28,12,-16,24,-4,-13,-8,-25,2,18,1,-16,7,32,4,-7,17,-14,-15,27,-32,29,-10,-9,9,46,79,-5,52,16,-4,-9,50,-71,27,-11,16,12,-3,-23,-4,5,-17,-10,65,-17,-27,-7,12,-13,0,4,-3,-4,-1,3,1,-10,5,13,4,-50,1,-37,-3,-37,6,6,5,-17,33,6,26,19,17,6,15,-9,4,-11,-19
14,-58.55999999999999517,0,-2,15,54,-21,20,7,-81,27,-85,-12,12,-19,3,10,-3,-14,-17,19,-5,-27,-28,1,17,10,14,5,13,10,-16,-5,2,-22,2,-17,13,-5,-2,6,-9,-7,2,-15,-41,25,118,-50,-16,1,8,10,-5,27,3,7,-28,-56,2,10,-3,6,-31,-4,23,-20,-20,14,-2,-3,47,-1,7,-27,11,-23,11,-30,-38,-81,-24,13,-9,20,-9,-25,-33,-1,15,22,-48,6,-11,11,-2,6,-27,-38,46,-32
15,-55.35999999999999233,8,-21,-11,15,-9,16,2,-7,1,24,-130,-9,-16,-2,9,4,-59,-11,-22,-6,-11,13,-5,15,1,36,2,0,18,-37,-3,6,-1,-4,-22,-6,4,9,-7,-32,-11,-6,17,-128,-26,51,4,-2,15,-7,-14,-4,-8,-18,-42,-22,18,8,5,4,2,29,11,25,-37,50,14,9,-17,-3,6,20,5,-7,-37,-25,-8,-25,-6,2,17,2,10,2,-8,59,-27,2,-27,-15,-5,61,-12,-14,-32,-19,-21,-4,-19
16,-52.15999999999999659,0,7,-8,-54,21,21,-18,6,35,2,33,-4,-16,5,8,12,1,10,19,7,21,-36,-32,-3,-8,3,8,-18,7,-10,-5,16,-8,-40,14,-3,-2,-4,-21,-12,-63,-15,-10,-39,-15,-9,-5,-6,-23,0,4,-6,6,11,3,5,81,20,-7,-3,18,-20,-7,-13,-65,-7,-15,-6,-7,-16,12,6,9,-5,-26,39,-4,63,53,-7,17,-10,-54,29,-6,21,18,37,6,24,12,-134,35,-11,-14,23,15,0,21
17,-48.95999999999999375,-5,-21,84,12,-8,33,2,-24,1,29,-15,-8,-4,-6,7,21,9,4,-35,19,23,-2,19,-24,-19,-5,5,-5,-16,-1,5,26,3,28,1,23,0,25,-2,-19,-6,46,-9,37,-36,2,-6,-6,-6,5,-9,-36,-36,24,-22,-20,17,20,9,-9,4,-19,-41,44,-25,39,-1,-6,18,5,-9,-2,8,-8,0,7,-18,3,-6,-35,8,-30,60,-13,-1,-45,-18,-8,1,37,-52,-89,11,28,-31,0,-20,15,1
18,-45.75999999999999091,0,6,8,18,9,9,-19,-3,5,-32,-4,12,-11,-7,-19,11,-3,11,4,5,-7,33,2,2,1,0,-6,15,-12,-1,-7,3,18,12,-20,9,9,-26,5,1,-6,28,32,30,-74,25,-14,28,-2,-33,27,-17,4,7,28,18,-35,14,10,-17,-18,2,-15,30,-14,30,14,-4,-13,26,-10,-3,4,-6,5,6,-13,30,0,47,29,-3,20,10,-31,-21,34,-2,-22,21,-8,26,15,-51,-35,15,-22,-18,-11
19,-42.55999999999999517,-6,22,-6,-17,-23,-12,-4,61,0,-51,-19,1,14,-2,28,-21,-14,16,-37,0,7,13,-1,-10,-128,-92,-142,-87,-72,-191,-117,-131,-49,-34,-103,-113,-112,-161,-106,-143,-76,14,9,-97,-2,-23,-4,35,-1,-8,-50,-28,-4,-30,2,4,67,17,-10,8,-3,20,16,6,0,-30,-5,-27,-29,6,13,-14,-2,-32,-11,-22,5,4,0,47,-7,6,2,-16,4,-7,-23,-35,11,-8,-26,-40,-16,49,18,38,30,-18,8
20,-39.35999999999999233,-13,-15,-10,1,-97,-40,-92,-65,-86,6,-68,-82,-74,-45,-82,-24,2,-77,-90,-34,-2,-22,-93,-62,-781,-685,-830,-709,-529,-982,-821,-1087,-456,-539,-707,-743,-1019,-782,-651,-870,-670,-107,-115,54,-78,-63,-28,-76,-44,-46,-72,-65,-75,-3,-37,-22,-43,-49,-30,-59,-35,19,-66,-46,-168,-67,-44,-45,-122,-56,-51,-65,-106,-22,-76,-87,-75,-56,5,-38,-35,-60,-58,1,-11,-24,-65,-101,-92,-35,-81,-164,-36,-60,-58,-151,-54,-57,-123
21,-36.15999999999998948,-276,-291,-253,-374,-569,-446,-593,-535,-608,-349,-535,-566,-597,-344,-442,-180,-298,-407,-458,-259,-268,-249,-784,-377,-2096,-2012,-2153,-2017,-1856,-2305,-2173,-2402,-1769,-1835,-1966,-2037,-2336,-2103,-1957,-2161,-1995,-696,-539,-373,-402,-396,-305,-467,-457,-383,-458,-504,-468,-350,-341,-405,-325,-319,-395,-402,-278,-232,-334,-340,-276,-387,-430,-475,-444,-476,-367,-442,-531,-238,-455,-536,-355,-383,-326,-467,-304,-451,-251,-236,-264,-317,-357,-487,-286,-357,-307,-782,-265,-166,-256,-858,-620,-247,-633
22,-32.95999999999999375,-1597,-1550,-1565,-1685,-1898,-1765,-1940,-1852,-1806,-1688,-1831,-1866,-1908,-1634,-1751,-1469,-1618,-1744,-1754,-1554,-1582,-1577,-2067,-1729,-3385,-3302,-3452,-3335,-3189,-3619,-3452,-3701,-3074,-3187,-3257,-3354,-3644,-3377,-3262,-3464,-3251,-1982,-1830,-1677,-1488,-1599,-1647,-1829,-1738,-1735,-1722,-1796,-1836,-1653,-1666,-1694,-1676,-1639,-1679,-1701,-1599,-1630,-1631,-1580,-1618,-1747,-1745,-1787,-1764,-1684,-1669,-1743,-1830,-1558,-1742,-1840,-1659,-1688,-1635,-1740,-1623,-1762,-1630,-1583,-1595,-1628,-1587,-1848,-1640,-1640,-1579,-2373,-1584,-1502,-1587,-2175,-1919,-1575,-1929
23,-29.75999999999999091,-2910,-2898,-2866,-3056,-3188,-2983,-3081,-3148,-3450,-2993,-3148,-3176,-3249,-2954,-3044,-2792,-2925,-3028,-3063,-2863,-2921,-2878,-3396,-3039,-4689,-4608,-4758,-4606,-4473,-4928,-4774,-5000,-4404,-4461,-4556,-4682,-4944,-4738,-4588,-4787,-4596,-3255,-3151,-2980,-2855,-3000,-2958,-3069,-3105,-2984,-2999,-3132,-3129,-2980,-2958,-3033,-2991,-3063,-3024,-3012,-2885,-2915,-2933,-2918,-2955,-3002,-3108,-3088,-3047,-3023,-2983,-3067,-3146,-2871,-3026,-3172,-2963,-3067,-2955,-3137,-2912,-3030,-2883,-2893,-2895,-2914,-2960,-3117,-2910,-2945,-2947,-3479,-2894,-2825,-2921,-3492,-3229,-2864,-3258
24,-26.55999999999999162,-4220,-4200,-4325,-4233,-4497,-4555,-4521,-4493,-4533,-4216,-4477,-4490,-4558,-4264,-4343,-4107,-4216,-4348,-4361,-4168,-4218,-4163,-4702,-4345,-6028,-5927,-6066,-5974,-5768,-6246,-6061,-6327,-5721,-5779,-5912,-5984,-6225,-6040,-5864,-6104,-5872,-4595,-4509,-4300,-4365,-4305,-4282,-4421,-4414,-4421,-4317,-4486,-4422,-4305,-4286,-4307,-4316,-4158,-4301,-4344,-4215,-4136,-4180,-4208,-4298,-4388,-4391,-4389,-4354,-4295,-4295,-4360,-4425,-4172,-4374,-4420,-4278,-4315,-4152,-4326,-4241,-4306,-4209,-4218,-4151,-4243,-4241,-4429,-4219,-4238,-4201,-4790,-4155,-4096,-4196,-4762,-4548,-4167,-4536
25,-23.35999999999999233,-5528,-5538,-5470,-5587,-5793,-5681,-5823,-5603,-5823,-5526,-5773,-5792,-5865,-5582,-5701,-5427,-5565,-5675,-5662,-5483,-5513,-5521,-6026,-5675,-4850,-7263,-5726,-7254,-7142,-4941,-4775,-5032,-7011,-7081,-7189,-7268,-4942,-6363,-7184,-6006,-7208,-5859,-5767,-5675,-5558,-5683,-5600,-5716,-5742,-5635,-5667,-5745,-5770,-5580,-5602,-5646,-5607,-5689,-5623,-5656,-5540,-5472,-5558,-5557,-5545,-5608,-5668,-5700,-5671,-5620,-5543,-5666,-5753,-5481,-5647,-5746,-5573,-5639,-5537,-5604,-5531,-5680,-5479,-5478,-5507,-5548,-5567,-5769,-5508,-5552,-5490,-3384,-5552,-5365,-5492,-6096,-5852,-5479,-5849
26,-20.15999999999999304,-6842,-6844,-6792,-6878,-4500,-4445,-4541,-4522,-4527,-6934,-5119,-4500,-4572,-6888,-6980,-6725,-6853,-6966,-6989,-6789,-6820,-6772,-7310,-6559,-3534,-5876,-4436,-5927,-5826,-3608,-3490,-3731,-5708,-5763,-5914,-5974,-3623,-4997,-5870,-4715,-5892,-4697,-6910,-7029,-6850,-6980,-6890,-7025,-6991,-7000,-6931,-4520,-7004,-6944,-6882,-6927,-6912,-6859,-6931,-6947,-6838,-6798,-6826,-6866,-6881,-6473,-6991,-4454,-4408,-4525,-6360,-4328,-4447,-6804,-5257,-4501,-4400,-4426,-6758,-4742,-6849,-6969,-6772,-6815,-6785,-6854,-6528,-4470,-4231,-4261,-4218,-2152,-4192,-5596,-5489,-4764,-4539,-6789,-6262
27,-16.95999999999999019,-5532,-5575,-5489,-5589,-3195,-3154,-3219,-3176,-3222,-5642,-3991,-3205,-3260,-5592,-5687,-8012,-5592,-5675,-5705,-5512,-5519,-5489,-6043,-5248,-2230,-4567,-3119,-4632,-4537,-2268,-2131,-2391,-4391,-4438,-4638,-4630,-2297,-3708,-4585,-3404,-4610,-3399,-5611,-5774,-5606,-5650,-5590,-5700,-5667,-5651,-5652,-3158,-5728,-5617,-5607,-5592,-5576,-5578,-5627,-5659,-5538,-5534,-5559,-5580,-5633,-5138,-5635,-3135,-3057,-3151,-5099,-3127,-3153,-5498,-3984,-3166,-3101,-3139,-5501,-3615,-5562,-5666,-5516,-5502,-5545,-5582,-5166,-3136,-2849,-2949,-2886,-898,-2863,-4223,-4163,-3453,-3219,-5490,-4934
28,-13.75999999999999091,-4220,-4204,-4094,-4287,-1886,-1840,-1919,-1863,-1918,-4302,-2729,-1864,-1928,-4280,-4394,-6728,-4266,-4377,-4376,-4186,-4249,-4208,-4716,-3917,-903,-3237,-1796,-3300,-3168,-939,-863,-1089,-3065,-3109,-3289,-3300,-1011,-2417,-3218,-2075,-3240,-2069,-4309,-4313,-4312,-4377,-4242,-4393,-4375,-4367,-4348,-1889,-4482,-4311,-4304,-4287,-4267,-4263,-4308,-4337,-4216,-4207,-4245,-4149,-4261,-3872,-4405,-1818,-1739,-1828,-3726,-1735,-1837,-4184,-2594,-1864,-1793,-1816,-4275,-2154,-4202,-4383,-4192,-4177,-4194,-4263,-3908,-1836,-1595,-1670,-1638,427,-1570,-2922,-2866,-2174,-1904,-4176,-3626
29,-10.55999999999999162,-2894,-2872,-2918,-2937,-571,-430,-602,-538,-576,-2961,-1189,-560,-630,-2961,-3045,-5471,-2924,-3009,-3025,-2881,-2896,-2915,-3398,-2602,351,-2017,-551,-2061,-1881,277,436,146,-1807,-1866,-2090,-2086,248,-1163,-2019,-830,-1959,-748,-2975,-3107,-2932,-3083,-2950,-3047,-3039,-3033,-3028,-538,-3097,-2943,-2936,-2994,-2944,-2907,-2981,-3002,-2898,-2771,-2947,-2920,-2989,-2548,-3027,-464,-416,-479,-2479,-415,-511,-2854,-1297,-449,-430,-474,-2827,-837,-2917,-3031,-2877,-2833,-2889,-2932,-2580,-502,-336,-323,-258,1766,-256,-1587,-1572,-874,-620,-2870,-2253
30,-7.359999999999991438,-1624,-1620,-1589,-1728,712,797,649,718,679,-1694,-8,707,636,-1669,-1768,-4095,-1668,-1747,-1780,-1570,-1587,-1605,-2101,-1339,1690,-643,-1506,-1541,-626,1447,1718,-518,-518,-915,-782,-1277,-1008,-229,-690,537,-677,540,-1712,-1785,-1721,-1747,-1676,-1788,-1722,-1755,-1792,726,-1864,-1718,-1713,-1696,-1676,-1627,-1695,-1732,-1580,-1553,-1655,-1622,-1684,-1235,-1715,814,826,806,-1198,852,775,-1565,24,802,828,798,-1526,384,-1637,-1754,-1601,-1551,-1602,-1683,-1262,775,1007,1003,1000,1207,1079,-285,-250,460,686,-1548,-1018
31,-4.15999999999999126,-321,-307,-264,-399,-449,1845,1331,-499,-151,-392,1317,2057,1871,-356,-452,-2821,-375,-400,-447,-283,-280,-311,-721,29,3072,977,831,-245,192,4378,4318,1484,-455,-609,414,134,1289,2122,853,3107,732,1879,-356,-175,-425,-374,-349,-469,-480,-461,-385,2091,-514,-374,-385,-395,-353,-341,-412,-406,-342,-298,-404,-246,-408,39,-439,2036,892,1714,134,2167,1667,-275,1327,2128,2125,1835,-279,1780,-292,-423,-241,-268,-263,-291,57,-501,1628,2308,2342,40,2398,1040,1061,-753,118,-218,332
32,-0.9599999999999909717,1652,1666,-982,-457,214,2222,1989,31,605,-736,1611,2688,3207,-433,-139,-1006,1875,2443,2498,1851,1910,1774,2764,3030,16010,11065,13143,11101,8568,19381,16077,20276,7299,8405,11239,11796,17967,13314,10169,15577,10281,3008,2130,2160,2035,1818,884,366,1553,895,532,2806,1377,2169,1053,-447,-574,-700,-416,-52,310,1743,1902,1801,2359,96,-235,2122,1246,1611,-111,2513,2825,465,1689,3053,2102,1994,-569,2095,1371,2436,2229,-579,-650,-536,-326,375,1344,2218,3811,2600,4767,2877,3604,1163,1187,2011,3802
33,2.240000000000009095,6061,5945,2604,4517,9011,9237,11274,8357,10004,4976,10424,11447,12120,4263,6108,1074,6374,8352,8973,5324,5580,5448,16452,8613,30497,28158,27295,27303,28263,30257,30543,28261,28364,27970,28093,27519,27793,28543,28155,29321,28157,13221,10819,8080,7210,7558,5668,7775,8983,7524,6977,10989,9338,7270,6408,5243,4652,4280,5162,5319,4568,5314,6704,6183,7156,5769,6362,9798,7864,7565,5206,8842,9732,4118,8018,10006,7190,7679,3424,8257,5494,8767,5053,3223,2963,3931,4493,7556,5429,6873,7395,14559,9180,7390,7258,14730,10547,7806,16459
34,5.440000000000009273,31164,31164,28576,28446,28346,30783,30176,28356,28700,28450,30147,30874,30680,28468,28392,28665,31119,31016,30986,31441,31168,31148,30593,31362,29188,26848,25986,25994,26953,28947,29232,26950,27054,26661,26784,26210,26483,27234,26845,28013,26846,30660,30507,30862,31070,30611,29783,28899,30241,29610,29319,30875,29876,31066,30060,28420,28450,28482,28425,28406,29633,31168,31101,31089,31067,28969,28385,30875,29742,30475,28941,30967,30463,29882,30105,30881,30931,30633,28500,30524,30301,30983,31158,28591,28522,28475,28843,28280,30394,31112,32574,28682,32767,32767,32767,27935,28845,32767,32767
35,8.64000000000000945,29853,29855,27265,27135,27034,29472,28863,27044,27393,27140,28837,29564,29370,27159,27081,27354,29808,29706,29676,30132,29857,29837,29285,30053,27879,25539,24677,24684,25643,27637,27922,25640,25745,25351,25476,24901,27140,25926,25537,26705,25537,29351,29199,29553,29768,29305,28474,27588,28933,28300,28010,29568,28565,29756,28750,27110,27140,27172,27116,27097,28323,29857,29792,29781,29759,27657,27076,29565,28433,29167,27632,29659,29154,28573,28797,29571,29623,29326,27192,29217,28993,29674,29846,27283,27213,27167,27536,26970,29084,29805,31268,28177,32767,32767,31796,26627,27538,32455,32767
36,11.84000000000001052,28542,28544,25955,25822,25724,28164,27557,27394,26586,25829,27527,28254,28060,25849,25770,26044,28498,28396,28366,28822,28546,28528,27976,28743,26571,24231,25973,25974,24333,27467,26624,24330,24434,26644,26761,25630,28452,26983,24227,25684,24227,28043,27890,28245,28463,27996,27164,26279,27623,26993,26702,28260,27255,28446,27442,25800,25831,25859,25806,25788,27015,28546,28483,28472,28450,26348,25765,28256,27125,27857,26323,28350,27846,27265,27490,28261,28315,28681,25882,27905,27686,28366,28537,25975,25904,25859,26226,27915,27776,28498,29960,29490,32507,32167,30487,25391,26231,31148,31662
37,15.04000000000000981,27230,27234,26523,27118,27035,29403,28850,28704,27896,24523,28349,29529,29283,24540,24460,24733,27188,27086,27056,27513,27235,27219,26666,27434,-32767,24649,-13762,26957,25401,-32767,-32767,-32767,25256,27955,28073,26942,-32767,3346,25522,-7345,23390,26734,26580,26936,27150,26687,25855,24969,26312,25681,25393,26950,25945,27136,26132,25832,25778,24553,24496,24477,25706,27239,27176,27163,27139,25035,24454,29488,28432,29153,25230,27508,29137,25957,28503,29554,29627,29994,26101,27027,26378,27060,27228,25811,25959,25537,27287,29227,27985,27191,28655,-32767,31202,31068,29179,26274,24924,29841,30354
38,18.24000000000000909,25919,25922,27835,28429,-32767,-32767,-32767,-32767,-32767,25838,-16613,-32767,-32767,25799,25751,23800,27893,27835,26768,26203,28043,26569,25816,17680,-32767,-32767,-32767,-32767,-32767,-32767,-32767,-32767,-32767,-32767,-32767,-32767,-32767,-32767,-32767,-32767,-32767,-32767,21499,25625,25842,25375,24774,23660,24691,24372,24077,-32767,24914,28338,27444,27143,27090,25812,25727,25590,24918,25930,25867,25883,25950,15392,25743,-32767,-32767,-31546,14524,-32767,-32767,26042,-13635,-32767,-31147,-30999,27414,-25554,25250,25753,25920,26435,27272,26850,19836,-32767,-32767,-32767,-32767,-32767,-32767,2242,-4465,-32767,-32767,28534,6042
39,21.44000000000001194,-32767,-32767,-32767,-32767,-32767,-32767,-32767,-32767,-32767,-32767,-32767,-32767,-32767,-32767,-32767,25110,-32767,-32767,-32767,-32767,-32767,-32767,-32767,-32767,-32767,-32767,-32767,-32767,-32767,-32767,-32767,-32767,-32767,-32767,-32767,-32767,-32767,-32767,-32767,-32767,-32767,-32767,-32767,-32767,-32767,-32767,-32767,-32767,-32767,-32767,-32767,-32767,-32767,-32767,-32767,-32767,-32767,-32767,-32767,-32767,-32767,-32767,-32767,-32767,-32767,-32767,-32767,-32767,-32767,-32767,-32767,-32767,-32767,-32767,-32767,-32767,-32767,-32767,-32767,-32767,-32767,-32767,-32767,-32767,-32767,-32767,-32767,-32767,-32767,-32767,-32767,-32101,-32767,-32767,-32767,-32767,-32767,-32767,-32767
40,24.64000000000001123,-32767,-32767,-32767,-32767,-32767,-32202,-32754,-32767,-32767,-32767,-32767,-32072,-32318,-32767,-32767,-32767,-32767,-32767,-32767,-32767,-32767,-32767,-32767,-32767,-32767,-32767,-32767,-32767,-32767,-32767,-32767,-32767,-32767,-32767,-32767,-32767,-31831,-32767,-32767,-32767,-32767,-32767,-32767,-32767,-32767,-32767,-32767,-32767,-32767,-32767,-32767,-32767,-32767,-32767,-32767,-32767,-32767,-32767,-32767,-32767,-32767,-32767,-32767,-32767,-32767,-32767,-32767,-32110,-32767,-32446,-32767,-32767,-32457,-32767,-32767,-32043,-31966,-31763,-32767,-32767,-32767,-32767,-32767,-32767,-32767,-32767,-32767,-32371,-32767,-32767,-32767,-30790,-32767,-32767,-32767,-32767,-32767,-32767,-32767
41,27.84000000000001052,-32767,-32767,-32767,-32767,-32767,-30893,-31444,-31583,-32396,-32767,-31943,-30760,-31005,-32767,-32767,-32767,-32767,-32767,-32767,-32767,-32767,-32767,-32767,-32767,-32399,-32767,-32767,-32767,-32767,-31504,-32353,-32767,-32767,-32328,-32211,-32767,-30519,-31989,-32767,-32767,-32767,-32767,-32767,-32767,-32767,-32767,-32767,-32767,-32767,-32767,-32767,-32767,-32767,-32767,-32767,-32767,-32767,-32767,-32767,-32767,-32767,-32767,-32767,-32767,-32767,-32767,-32767,-30797,-31851,-31134,-32767,-32767,-31145,-32767,-31780,-30730,-32614,-32767,-32767,-32767,-32767,-32767,-32767,-32767,-32767,-32767,-32767,-31058,-32291,-32767,-32767,-29937,-32767,-32767,-32767,-32767,-32767,-32767,-32767
42,31.04000000000000981,-32767,-32767,-32453,-31856,-31942,-29580,-30134,-30272,-31084,-32767,-30628,-29448,-29694,-32767,-32767,-32767,-32396,-32453,-32767,-32767,-32247,-32767,-32767,-32263,-31088,-32767,26503,-11074,-32767,-26937,-29692,18893,-32767,-23111,-30147,-18040,32767,-18800,-32767,-31974,-32767,-32767,-32767,-32767,-32767,-32767,-32767,-32767,-32767,-32767,-32767,-32767,-32767,-31951,-32767,-32767,-32767,-32767,-32767,-32767,-32767,-32767,-32767,-32767,-32767,-32767,-32767,-29483,-30537,-29820,-32767,-31460,-29831,-32767,-30467,-29859,-32767,-32767,-32767,-32767,-32767,-32767,-32767,-32767,-32767,-32767,-31686,-29745,-30980,-32767,-32767,17530,-32767,-32767,-32767,-32767,-32767,-32767,-32767
43,34.24000000000000909,-32767,-32767,-31156,-30429,32292,-23660,-11618,32767,22365,-32767,-29317,-28460,-25156,-32767,-32767,-32767,-31086,-31142,-32208,-32767,-30936,-32407,-32767,-30952,32767,32767,32767,32767,32767,32767,32767,32767,32767,32767,32767,32767,32767,32767,32767,32767,31260,-32244,-32767,-32767,-32767,-32767,-32767,-32767,-32767,-32767,-32767,-32339,-32767,-30641,-32447,-32767,-32767,-32767,-32767,-32767,-32767,-32767,-32767,-32767,-32767,-32653,-32767,-27191,1384,-17829,-32423,-30065,-17933,-32767,-29153,-30105,-32767,-27791,-32767,-32767,-32767,-32767,-32767,-32127,-31699,-32123,-30373,32767,-11816,-32767,-32767,32767,-32767,-32767,-32767,32767,11624,-32767,-32767
44,37.44000000000001194,-31752,-31748,32767,32767,32767,32767,32767,32767,32734,32767,32767,32767,32767,32767,32767,-32767,-29777,-29830,-30896,-32767,-29625,-30495,-30140,-27756,32767,32767,32767,31714,32767,32767,32767,32767,32767,32767,32767,32767,32767,32767,32767,32767,32680,32767,-19106,-28137,-32767,-21476,-385,17538,-15603,223,7420,32767,-6264,-29693,-8577,31281,32767,32767,32767,32767,4809,-31687,-31821,-30963,-31715,32084,32767,32767,32767,32767,32767,32767,32767,295,32767,32767,31352,31873,27499,32767,-12173,-31904,-31755,32089,32767,32767,32767,32767,32767,31963,-5893,32767,-32767,-32767,-32767,32767,30249,-32767,-31647
45,40.64000000000001478,32767,32767,32767,32409,32767,32767,32767,32712,31581,32767,32767,32767,32767,32767,32767,32767,32767,32767,32767,27326,32767,32767,32767,32767,32767,32767,32484,31820,32767,32767,32767,32767,32767,32767,32767,32767,32767,32767,32767,32767,32767,32767,32767,32767,32767,32767,32767,32767,32576,31133,31465,32767,32373,32767,30512,31199,32767,32767,32767,32767,32767,32767,32767,32767,32767,32767,32767,32767,32767,32767,32767,32767,32767,32767,32767,32767,32716,32767,28391,32767,32767,32767,32767,32384,32767,32767,32767,32767,32767,32767,32273,32767,-7441,-32767,5264,32767,31659,-32678,-28855
46,43.84000000000001052,32767,32767,32767,32005,32618,32767,32767,32767,31625,32767,32767,32767,32767,32767,32767,32767,32767,32767,32767,32767,32767,32767,32767,32767,32767,32767,32767,32767,32767,32767,32767,32767,32767,32767,32767,32767,32767,32767,32767,32767,32767,32767,32767,32767,32767,32767,32767,32767,32767,30223,31015,32767,31500,32767,30214,32109,32767,32767,32767,32678,32767,32767,32767,32767,32767,32767,32767,32767,32767,32767,32767,32767,32767,32767,32767,32767,32767,32767,29572,32767,32767,32767,32767,32767,32767,32767,32767,32767,32767,32767,32767,32767,26992,24761,22009,32767,32767,32767,32767
47,47.04000000000001336,32767,32767,32767,32767,32767,32767,32767,32767,32767,32767,32767,32767,32767,32767,32767,32767,32767,32767,32767,32767,32767,32767,32767,32767,32767,32767,32767,32767,32767,32767,32767,32767,32767,32767,32767,32767,-8372,32767,32767,32767,32767,32767,32767,32767,32767,32767,32767,32767,32767,30609,31068,32767,31500,32767,32025,32767,32767,32767,32767,32678,32767,32767,32767,32767,32767,32767,32767,32767,32767,32767,32767,32767,32767,32767,32767,32767,32767,32767,31853,32767,32767,32767,32767,32767,32767,32767,32767,32767,32767,32767,32767,17993,28443,26417,23672,32767,32767,32767,32767
48,50.24000000000000909,32767,32767,32767,32767,32767,32767,32767,-5870,21562,32767,32767,32767,32767,32767,32767,32767,32767,32767,32767,32767,32767,32767,32767,32767,32767,32767,-28116,-25991,32767,14543,32767,32767,32767,-22858,-28031,-15636,-24038,-17313,32767,31287,32767,32767,32767,32767,32767,32767,32767,32767,32767,31506,31068,32767,31538,32767,32767,32767,32767,32767,32767,32767,32767,32767,32767,32767,32767,32767,32767,32767,32767,32767,32767,32767,32767,32767,32767,32767,32767,22928,32767,32767,32767,32767,32767,32767,32767,32767,32767,-21323,32767,32767,32767,-26148,30090,28635,25583,32767,32767,32767,32767
49,53.44000000000001194,32767,32767,-6457,-27945,-29458,-23644,-24580,-28226,-29336,32767,-14252,-25652,-23511,32767,32767,32767,32767,32767,32767,32767,32767,32767,32767,32767,-24177,-22248,-26426,-24038,-13416,-20724,-21009,-24481,-11064,-21646,-26141,-28635,-23200,-22479,-27316,-25676,26238,32767,32767,32767,32767,32767,32767,32767,32767,32321,31070,32767,32767,32767,32767,5431,9200,32767,32767,32767,32767,32767,32767,32767,32767,32767,32767,-20725,-25193,-24037,32767,28996,-23432,32767,-16196,-21700,-24629,-24488,-1738,31101,32767,32767,32767,9422,4753,13449,-21913,-28883,1163,32767,32767,-24885,31826,25918,27671,-15482,32767,32767,32767
50,56.64000000000001478,32767,32767,-23237,-26172,-27681,-24161,-23887,-26562,-27503,-25511,-25096,-24971,-24163,-23491,-26542,29654,-8498,-8661,16842,32767,-10808,25934,31093,-2852,-25164,-24145,-25808,-21909,-18138,-21567,-22031,-25837,-22231,-20029,-23519,-26512,-24596,-22238,-25739,-25289,-26023,8540,32767,32767,32767,32767,32767,32767,32767,32767,32462,12362,28611,-23666,-26093,-24451,-22951,-20921,-23291,-24844,24575,32767,32767,32767,32767,-26772,-23722,-21039,-23338,-22832,-25293,-23826,-22779,7164,-22404,-21101,-23615,-23314,-27223,-21988,32767,32767,32767,-26254,-25638,-26162,-26664,-26978,-24831,32767,32767,-26071,32767,-2099,27200,-24756,32767,32767,32767
51,59.84000000000001052,-24564,-24558,-21941,-24066,-28345,-25396,-25240,-27539,-28366,-24045,-25366,-26069,-25199,-23200,-25259,-24877,-22153,-21543,-22026,14652,-21839,-21641,-20418,-20210,-26331,-24859,-26102,-22881,-19451,-22426,-22677,-26762,-23744,-21116,-23503,-26667,-25728,-23589,-26147,-25917,-27119,-25408,-17755,-14459,21580,-24303,-25843,-24428,13822,10291,5047,-28268,-27322,-23807,-23785,-22563,-21128,-20142,-23483,-27759,-26070,-19318,-16609,-19953,-23812,-26351,-23123,-22054,-24003,-23590,-24588,-25306,-24305,-22296,-22804,-22731,-25296,-24673,-25482,-22533,-20702,-21258,-20895,-25275,-24459,-24678,-25213,-27616,-25793,-10652,25349,-27150,32615,-4477,13236,-24877,2697,32767,32767
52,63.04000000000001336,-25919,-25913,-23332,-24808,-28985,-26469,-26477,-28602,-29343,-25041,-26261,-27190,-26261,-24101,-26124,-23360,-23343,-23002,-23420,-21725,-22974,-22812,-22036,-21955,-27388,-25420,-26534,-24108,-20612,-23271,-23194,-27218,-25086,-22269,-23802,-26797,-26631,-24875,-26612,-26440,-28118,-26400,-24594,-23843,-25097,-26021,-28040,-29210,-28562,-30252,-30443,-28268,-27310,-23855,-24473,-23488,-22086,-20910,-24315,-28177,-26664,-20534,-18601,-21335,-24935,-27448,-24678,-23289,-24919,-24484,-25872,-26744,-25927,-23706,-24003,-24399,-27091,-22051,-15283,-12217,-21994,-22576,-22805,-26921,-25739,-25615,-25937,-28352,-26798,-28793,-484,-28151,19093,5191,13883,-21578,-29597,32767,-10825
53,66.24000000000000909,-27184,-27180,-24653,-25845,-29676,-27363,-27600,-29760,-30411,-25968,-27094,-28258,-27297,-24984,-26984,-24441,-24569,-24407,-24697,-22791,-24057,-24006,-23705,-23878,-28235,-25985,-27321,-25237,-21730,-24255,-23735,-27460,-25908,-23561,-24679,-27160,-27363,-26067,-27364,-26994,-28870,-27264,-25741,-25104,-26309,-27520,-29615,-29770,-28562,-30252,-30443,-28353,-27571,-24288,-25482,-24538,-23115,-21967,-25257,-28638,-27416,-21820,-20139,-22885,-26168,-28589,-26201,-24628,-26109,-25424,-27037,-28107,-27522,-25064,-25176,-25955,20331,32767,26086,-4221,-23291,-24028,-24325,-28409,-26870,-26455,-26668,-29238,-27851,-29732,-18590,-17635,4520,26379,23650,-22532,-30437,-25583,-22962
54,69.44000000000001194,-28338,-28335,-25889,-27055,-30522,-28129,-28639,-30990,-31552,-26917,-27970,-29264,-28279,-25943,-27868,-25457,-25691,-25505,-25766,-23963,-25066,-25191,-25323,-25782,-28955,-26643,-28404,-26097,-22825,3712,-24503,-27798,-26245,-24994,-26132,-27854,-28033,-27145,-28424,-27679,-29498,-28043,-26723,-26197,-27389,-28661,-30188,-29770,-28562,-30252,-30567,-29324,-28291,-25143,-26688,-17743,-21079,-23199,-26413,-29288,-28357,-23172,-21869,-24604,-27492,-29774,-27505,-25967,-27489,-26489,-28108,-29394,-28923,-26317,-26364,-16181,32767,32767,32767,-8484,-24608,-25477,-25767,-29635,-27870,-27274,-27476,-30280,-28946,-30627,-28269,-10032,-735,32420,28977,-24871,-31341,-26791,-24582
55,72.64000000000001478,-29365,-29361,-26755,-20232,-27269,-28881,-29638,7489,10114,-27933,-28920,-22179,-28443,-26981,-28810,-26476,-26704,-26377,-26710,-25234,-26098,-26323,-26865,-27414,-29618,-27325,-1123,29779,-23708,19498,-25627,-26521,-26457,-9779,-12764,-28323,-26093,-27684,-29683,-28567,-30153,-28860,-27655,-27233,-28358,-29186,-30188,-29770,-28562,-30698,-31943,-30949,-29357,-26269,-5007,11937,-537,-24567,-27721,-30243,-29367,-24529,-23700,-26385,-28756,-30897,-28580,-27211,-26566,-26913,-29137,-30565,-30051,-27481,-27552,10589,22419,9203,14845,-12490,-25932,-26839,-27078,-23599,-28815,-28146,-28397,-10822,-30064,-31516,-31987,-5832,-462,31438,28156,-25978,-32335,-28014,-26062
56,75.84000000000001762,-30271,-30266,10350,28030,19396,-17403,-8684,32767,32767,-28216,-13226,27568,13765,-28042,-29849,-27489,-27613,-27188,-27608,-26502,-27184,-27457,-28338,-28674,-17579,-25401,32767,32767,-15999,-10853,-24550,-25217,-24288,5037,32767,15024,-11401,-21538,-26475,-20069,-28302,-29862,-28603,-28340,-29153,-29358,-30188,-29770,-28992,-32445,-32767,-32689,-30595,-12169,32767,19458,-2910,-24276,-29052,-31386,-30410,-25823,-25442,-28083,-29945,-31908,-27660,1825,6481,-5130,-30216,-31586,-10865,-28551,-9238,6008,-12984,-18607,-8716,-13542,-27208,-28076,-28233,14151,-15531,-27783,-11880,32767,-4263,-31961,-31179,392,903,30448,17880,-20042,-31479,-29235,-27357
57,79.04000000000002046,-31127,-31122,18063,32767,32767,14116,8885,29186,32767,-3487,17439,32767,30436,-21753,-2298,-28487,-14729,-17548,-28546,-27700,-5362,-27705,-29617,-18441,18442,-4729,32767,23289,-19827,-23323,-14401,-4163,-22657,-1073,32767,32767,13109,3997,25246,17737,-6778,-22726,-29123,-29320,-29753,-29141,-29051,-28317,-29835,-12038,-23404,15467,13812,32767,32767,10024,-8274,-20033,-1251,-313,-21313,-27038,-27002,-29538,-31078,7059,-1050,12173,21800,8495,-21051,-12314,10918,-21243,5989,-10508,-29776,-28240,-17411,-13916,-27579,-26080,-29241,16663,4552,-562,20475,32767,19621,-15050,-23973,8018,456,29458,4228,-7549,-29985,-30423,-28474
58,82.24000000000000909,-15612,-15719,-1321,23693,26448,20321,10653,13243,15500,4132,23192,19865,18702,4362,21746,-1449,15574,7712,-8918,-26418,12714,-6032,-19851,-9423,28195,24060,19500,-7828,-18272,-21828,-3492,19500,-15924,-5351,32767,32767,25472,12065,32767,29292,20794,8978,-15720,-27602,-27728,-22299,-4301,-22713,-14873,32071,20005,32767,32767,32767,20501,-6321,-9033,-8274,15344,32767,16800,-25628,-25757,-7198,2349,30604,3148,6581,17502,11489,-1938,7792,11805,-10282,5462,-18809,-27826,-26477,-17731,-16348,-24797,-7845,-15567,-717,5120,13202,28526,32767,19013,1065,-11495,13868,-3057,7880,-5763,7401,-16050,-31562,-29415
59,85.44000000000001194,11646,11537,-12694,6686,17851,19216,11950,6622,6997,3533,19464,8351,9589,13184,22852,10070,12448,6386,-245,-19673,10474,735,-5601,-8831,18103,23271,4215,-15141,-16799,-5576,7715,17947,4977,-4527,14472,31761,27756,16270,32357,25143,18821,16147,2237,-6407,-15777,11380,13606,6421,17074,24050,32647,32767,32767,32767,-5629,-13572,-7073,135,13307,32767,23775,-22325,-24342,-6733,14825,20598,-4141,1606,8571,14070,8788,13397,8463,-3762,2609,-16174,-25976,-24054,-17219,-15981,-16813,-3886,-7251,-7684,4643,16139,25079,21987,12690,9783,348,16556,-7345,-11095,-12172,17004,5294,-30035,-27749
60,88.64000000000001478,19616,19613,-11106,-2018,12436,19690,16115,3144,1277,6960,17905,4173,7724,10002,14131,7430,6799,-1154,5653,-5749,4611,2005,-4352,-6588,10588,18321,-2044,-15804,-15457,4682,17118,11208,18275,1802,-7897,18762,27425,17924,13836,18502,12900,12289,6629,5969,4905,23703,8422,18671,23044,12850,32767,32767,32767,12896,-16766,-14975,-6119,-3707,3844,29363,20270,-9474,-22755,-15293,11483,8661,-5813,768,1652,13741,15390,15645,7727,2627,4885,-6713,-17125,-9853,-16074,-11533,-7824,-5040,-4435,-4005,9575,17056,19979,11513,8675,12467,7840,15220,-10637,-23549,-16731,18275,13270,-4209,-16278
61,91.84000000000001762,18636,18671,-3237,-7821,5619,20071,18529,-730,-4258,10480,15134,2350,6539,7829,7480,5356,7235,5360,12054,2528,2901,4682,-3284,2166,9573,16450,-7443,-16218,2648,2961,17930,13542,24280,5109,-20264,4483,22357,15298,2368,10294,10127,8833,8348,9630,13174,19975,7116,25246,21734,16851,32767,3947,1985,-7436,-21257,-12741,-4812,-4756,-3002,16726,13600,-917,-21065,-14472,5860,7200,1089,862,-2470,8404,19505,17470,9951,8255,10957,7310,2838,6230,-11801,-3936,1930,-2365,1132,3670,15034,16496,13222,-420,5609,11916,10155,10014,-11352,-28022,-19496,14090,13082,10270,-3752
62,95.04000000000002046,17777,17815,5251,-12141,-3358,14391,14248,-1931,-6230,11309,7911,1573,3523,8548,3456,6701,9108,14214,16566,4513,4068,8298,4444,11940,8005,7627,-12331,-7977,15598,2002,6689,13946,20620,5721,-20923,-10052,11825,13829,-5920,-133,9386,6825,10768,13939,16507,15724,18989,32767,20583,14172,5205,-19876,-19612,-21108,-19723,-7937,-3146,-2937,-1524,3680,5641,4992,-8365,-3933,7464,6581,10252,963,-7127,1644,18854,17281,11702,12045,12354,15897,15990,12581,-6003,3136,10023,3156,9046,11884,16125,12744,3436,-8081,2113,10118,8856,4869,-9544,-26982,-19969,6934,9798,9776,3561
63,98.24000000000000909,16169,16215,12192,-10994,-8496,7080,9511,-2058,-4973,7090,1522,2348,2036,5559,146,7730,8207,14946,15649,5659,5178,9522,14764,17569,7676,-1756,-15206,2989,16563,996,-4008,2028,17510,6506,-21845,-19331,3762,11823,-11285,-6797,7403,4907,14386,18753,18645,16332,32610,31289,13397,-7300,-23608,-22137,-21536,-22111,-15048,-3852,-1549,-3348,-1076,-8269,-1333,10220,7936,8706,8319,3692,14516,3587,-7083,-1497,13141,14258,13917,14608,9466,18755,20440,12473,-1318,5471,14104,9295,15765,16328,13171,6324,-3686,-10729,184,7581,5917,535,-6514,-23000,-18415,1036,6038,7826,10830
64,101.4400000000000119,11457,11466,13134,-5952,-10491,870,5017,-1491,-3624,2443,-3333,1251,1048,1747,-785,7361,8583,14372,13013,7206,5926,8336,19429,21715,3972,-6562,-13019,8127,11091,-403,-8197,-10470,12149,6809,-15516,-20592,-2804,8960,-11140,-10241,3555,2389,12696,16277,15995,15622,31803,14599,-5227,-23064,-23052,-23201,-22608,-21559,-6445,176,1936,-162,-314,-12841,-7076,11302,15561,13984,5445,2537,16504,6507,-2443,-2682,8244,11419,14599,14422,6139,17645,18696,10565,821,6042,13108,12647,17387,15906,8292,494,-7323,-9935,-349,3805,2520,-2620,-4108,-16401,-16075,-2404,1977,8179,17811
65,104.6400000000000148,7613,7644,9733,-84,-10235,-4668,1020,-222,-2405,-734,-6023,-1286,-768,-179,-2203,5749,7427,11370,8483,6829,3234,7508,19438,24757,-2407,-7561,-5270,4641,8801,1919,-8704,-16633,-1748,8925,-2338,-15566,-7926,5388,-5046,-10287,-3691,-1790,6731,10049,9660,14629,14916,-9823,-23010,-23939,-24066,-22178,-17177,-13457,-44,1751,2463,5897,1140,-13217,-4748,11513,18504,16579,6631,2517,14616,7947,3322,-2595,4117,8325,12667,11542,4302,13637,12681,6400,1376,6689,12039,14497,16489,10677,2881,-3610,-8365,-7404,-386,366,-204,-4830,-3235,-9730,-12969,-3340,-307,9080,19891
66,107.8400000000000176,3633,3654,6423,3082,-7404,-8840,-2139,449,-1637,-1217,-6073,-4007,-3224,709,-2595,3091,3729,2531,2071,8324,482,6199,16975,22851,-6830,-6399,1092,-2809,7176,1370,-4256,-15179,-14650,11186,10770,-8230,-10307,1447,1557,-7984,-7894,-4984,1222,4486,5377,4709,-11037,-24510,-23717,-24957,-22102,-1186,-6744,-3990,3750,274,839,9528,5460,-9555,-1092,12031,22231,19697,7837,2471,7989,6833,6959,-551,532,5185,6602,7832,3567,7175,6164,2534,2647,7312,11417,13306,13409,2897,-1673,-5379,-7620,-4683,-523,-1845,-2119,-5012,-3860,-5224,-9784,-2564,241,8016,18180
67,111.0400000000000205,-667,-700,3973,3296,-3843,-10177,-4160,-564,-1574,-611,-5355,-6094,-5021,1619,-2169,2207,-13,-4206,-2283,9660,81,3831,13941,14649,-9593,-6919,-517,-8638,892,3192,4747,-4429,-18618,8495,18792,-894,-11004,-1141,5436,-3985,-8355,-5203,-1301,1789,1509,-11665,-26172,-25250,-24591,-14916,7972,13989,872,1726,4329,-695,-29,11995,8114,-3045,-362,11069,23716,20277,5320,-176,1120,4149,6833,2145,-1753,1073,-1333,4604,2484,746,-4,-182,3545,7038,10449,9936,8925,-4056,-4328,-5317,-6035,-3489,-1133,-3079,-3012,-4552,-4803,-2816,-6694,-1041,1411,7307,13510
68,114.2400000000000091,-4847,-4869,992,2370,-1463,-8972,-5228,-983,-218,386,-5081,-6954,-5674,1111,-847,1064,-3526,-6850,-4645,8565,383,2855,11083,3995,-11000,-7684,-3859,-8138,-4445,6353,12643,7001,-13559,1310,17551,2285,-10112,-5235,6254,1629,-6516,-1809,-2123,2295,-4068,-21501,-26993,-26112,-14884,16429,23589,15762,4209,2412,1371,669,1943,13640,7459,557,-474,8396,20443,17253,2484,-4078,-3371,650,3679,3911,-1695,-3771,-7754,1292,422,-3011,-4784,-2319,3710,5857,8117,5650,3812,-8173,-5383,-4317,-4874,-3182,-2025,-3821,-3234,-3893,-5062,-1128,-3701,88,2280,6128,7777
69,117.4400000000000119,-7253,-7262,-1321,2414,996,-5842,-5181,-672,1108,1289,-3840,-5241,-4130,845,531,-302,-7110,-7477,-4826,5796,406,3983,6778,-5464,-10635,-5243,-2284,-3679,-4105,6869,13690,10061,-1256,-5392,9654,4236,-5680,-8347,2821,6703,-2029,3410,-403,2129,-10223,-21468,-23767,-11762,13000,29423,20166,7544,4559,1384,-150,2171,6918,12090,7077,116,-3008,5392,14801,11011,68,-6498,-5199,-1562,1186,4433,75,-8141,-10674,-2211,-1382,-5248,-7682,-3484,3286,4023,4542,1468,-1084,-7808,-5063,-3736,-3868,-1923,-1834,-3988,-3319,-2596,-4290,362,-882,762,2473,4218,2237
70,120.6400000000000148,-8007,-8033,-3512,2413,3177,-1540,-4127,-832,1660,2536,-1782,-3289,-2456,1104,1385,-1404,-7745,-5305,-3365,1714,1604,5898,-110,-11610,-7313,-540,2373,1580,130,5276,10741,8705,7870,-8280,-1354,7157,269,-7786,450,8679,1761,7301,2390,-2032,-11610,-11939,-6586,10945,29265,23728,7900,380,2665,2098,287,4581,11617,10197,6002,-1230,-5094,4236,9105,3167,-1349,-5073,-4456,-2227,481,3950,669,-9999,-9733,-5272,-2459,-6446,-8464,-3424,2984,2148,582,-1658,-4498,-5776,-4315,-2837,-1939,-866,-1043,-3330,-3005,-1205,-2673,2085,1363,1151,1660,1878,-1878
71,123.8400000000000176,-7328,-7339,-4990,1622,4700,1895,-2640,-1291,1328,3186,128,-2108,-2159,1975,2159,-2571,-5511,-1311,-943,-1892,3556,6120,-7042,-13830,-1280,4782,5613,4971,3703,3546,7160,8270,10446,-7928,-9196,7996,5420,-5689,-634,7109,3664,8048,2405,-7735,-6584,1020,9656,21608,26069,12875,-2396,-4448,363,2932,1814,7419,13807,9773,3420,-1809,-3696,3629,3628,-2021,-1703,-1938,-2531,-1974,1069,2968,-223,-8383,-6938,-5731,-3450,-6683,-7125,-2277,2659,139,-2509,-3085,-5672,-4511,-3870,-2057,45,142,-384,-2120,-1997,372,-993,2864,2796,1223,886,-328,-4019
72,127.0400000000000205,-5113,-5156,-5293,69,5152,3929,-858,-1550,712,3442,1386,-1039,-2035,2045,2082,-3001,-2590,1165,1140,-2636,4693,3023,-10915,-13425,4119,6920,5533,5890,5926,1826,3337,8012,8618,-5228,-12290,5366,8880,-3884,-1957,4394,2817,5916,-1496,-9950,488,8495,15932,21449,15121,589,-8425,-6666,278,4367,3687,9461,13067,8266,593,-1930,-334,2682,-1953,-5267,-1936,554,-510,-803,1905,1710,-1691,-5023,-3530,-3562,-4076,-5660,-4603,-636,1920,-1463,-4218,-3555,-5664,-3808,-3487,-1305,1622,1083,-18,-561,-432,1774,314,2615,3324,973,343,-1961,-4481
73,130.2400000000000091,-2698,-2742,-3980,-1328,3964,4499,960,-1305,-201,2661,2677,306,-933,840,851,-1793,410,2110,2590,-676,4308,-1303,-11188,-11218,4291,3694,3810,7760,7162,-270,-1701,5581,7568,-1493,-11325,371,9049,-1901,-3699,1529,1268,2783,-5641,-8121,4399,9331,14279,15039,5485,-9382,-11213,-4762,1911,5054,5884,9474,9383,3697,-2865,-1144,2687,678,-5843,-7217,-2880,1226,357,720,2072,110,-2608,-1889,-487,-477,-3350,-3871,-1928,737,836,-2338,-4399,-3518,-5071,-3152,-2591,-185,2586,1590,302,728,1123,2757,876,2010,2988,-39,-655,-2200,-3132
74,133.4400000000000261,-432,-413,-1978,-1992,1458,4174,2329,-878,-1138,1368,2910,1606,1265,-382,-816,-86,2696,3248,2739,2036,2916,-4538,-8316,-7036,994,292,3272,9285,7136,-2290,-5445,314,7565,1866,-7367,-4498,5128,1303,-4758,-1061,-160,-450,-6365,-3987,4210,7071,10213,6666,-1392,-13202,-9931,-1416,1936,4658,6144,7064,4173,-2368,-6444,59,4749,-1288,-6641,-6602,-2761,678,150,1802,1338,-1299,-2432,400,1807,1556,-1281,-1908,173,1215,-604,-2291,-3437,-3328,-4282,-2002,-1061,1052,3029,2112,726,1686,2272,2519,1089,1336,2133,-1012,-1744,-1750,-1143
75,136.6400000000000148,1575,1605,-230,-1921,-899,2977,2684,-580,-1490,-240,2767,2686,2775,-855,-2406,1203,3755,3319,2023,4116,686,-5489,-3503,-2438,-1267,-252,4737,8083,6005,-2395,-6243,-4513,4859,3995,-1981,-7165,-1072,4280,-3409,-3224,-921,-3277,-2823,450,1810,3291,5266,-260,-6430,-11650,-6227,415,1744,3137,4579,4191,-974,-8097,-8482,804,5696,-1907,-5678,-4189,-1090,-320,-247,1789,68,-1952,-1623,1677,3365,2244,944,15,1213,1038,-1734,-1754,-2102,-2838,-3169,-379,707,2198,3152,1975,1058,2159,2560,1759,1157,857,1280,-1719,-2405,-1367,385
76,139.8400000000000034,2548,2641,1478,-1215,-2314,951,1719,-373,-1513,-1631,2211,3246,2976,-1279,-3294,1064,3801,2457,1670,4799,-1817,-4405,513,1837,-746,804,5145,5214,4523,-538,-4716,-7239,-343,5347,2554,-7735,-5657,5134,-642,-5116,132,-4916,2485,3714,-397,129,490,-5166,-9266,-7674,-2703,1260,2123,1616,3122,1979,-5689,-11739,-8288,792,4714,-1797,-4873,-2655,105,-467,-567,963,-1097,-2052,-200,2561,3949,2051,1951,1678,1143,2,-2314,-1082,-981,-2193,-1789,1511,2245,3030,2822,1742,1444,2386,2148,779,1319,790,685,-1665,-2406,-1199,1074
77,143.0400000000000205,2284,2322,2522,-250,-2669,-1174,106,-158,-1847,-2475,1077,3020,2176,-1841,-3151,-89,3167,1735,1829,3954,-3692,-2267,1856,5137,2208,2227,2473,882,2414,1582,-1734,-6855,-5002,5502,4856,-6166,-7269,3489,1507,-5308,2089,-3798,6185,5632,-1587,-1616,-2487,-8019,-10168,-3378,14,1305,1381,186,1600,-218,-8820,-12272,-6021,549,2534,-1669,-4507,-2405,-429,72,-362,-82,-1788,-1800,1403,3521,3536,1046,1315,2126,560,-1288,-2201,-857,-498,-1549,-316,2883,3421,3484,2440,1386,1625,2088,1274,-68,1563,946,384,-1111,-1707,-1122,1032
78,146.2400000000000091,1636,1659,2344,833,-2225,-2676,-1267,-382,-1675,-2727,-69,1884,961,-2062,-2375,-1296,1318,918,1994,1992,-3755,-679,1167,6970,5728,2824,-939,-2370,-567,1896,935,-3838,-7429,3737,4545,-3307,-6729,722,1975,-2986,2854,-907,6752,5976,-1266,-1797,-4253,-9209,-9008,-755,2060,1241,-13,-458,-249,-2721,-9555,-9818,-2406,637,7,-1954,-4184,-3261,-1761,137,267,-835,-1795,-968,2376,3841,2134,-530,-36,1420,196,-1977,-1888,-733,-355,-526,894,3502,3919,3514,1942,849,1377,1425,394,-450,1815,1297,329,-195,-596,-998,526
79,149.4400000000000261,1135,1133,1563,1599,-1431,-3280,-2076,-668,-1326,-2417,-949,507,15,-1674,-1241,-2166,-1279,-29,2167,25,-2654,-921,164,7347,7735,2911,-2885,-3498,-2361,791,1695,-672,-7282,195,3039,-685,-4444,-1629,1368,-168,1924,1077,5087,5047,644,-1644,-6043,-8792,-5809,545,3080,1550,-1407,-993,-1754,-5072,-8048,-5468,1261,839,-2442,-1979,-4051,-4715,-3200,-204,844,-1067,-1361,358,2509,3152,-17,-2096,-1092,513,339,-1766,-1423,-451,-189,437,1744,3313,3866,3026,1267,597,1036,794,-296,-310,1902,1518,545,645,395,-777,-55
80,152.6400000000000148,815,843,778,1630,-599,-3070,-2228,-1084,-920,-1728,-1571,-518,-492,-633,-108,-2206,-3313,-765,1635,-1533,-1511,-2167,98,6344,7367,2068,-3375,-3681,-2691,-120,1152,898,-4526,-3425,1329,831,-1541,-3356,436,1118,-153,1314,2023,3628,3466,-1364,-7213,-6751,-2638,1584,3879,1473,-2132,-1780,-2341,-6386,-5549,-380,3723,1242,-3844,-2127,-3523,-5090,-3936,-942,925,-1078,-784,1251,1914,1466,-1884,-2763,-1501,-145,750,-733,-713,68,306,1386,2456,2738,3280,2224,628,149,393,-54,-495,45,1875,1623,749,1168,1007,-588,-561
81,155.8400000000000318,723,744,434,915,-7,-2009,-1955,-1160,-436,-929,-1875,-1111,-495,788,1124,-1488,-4237,-1509,-32,-2907,-1478,-2717,932,4831,4466,635,-2713,-3799,-2517,-641,547,1371,-408,-5325,-166,1909,391,-4720,-902,564,-2445,-153,-1321,2213,4996,-1120,-7160,-4278,-276,3160,4273,1118,-1936,-2204,-2234,-6002,-2274,4165,4770,1317,-3772,-2624,-2334,-3666,-3274,-1434,561,-481,-223,1199,828,-876,-3071,-2440,-1494,-278,1113,734,90,629,1071,2134,2905,1917,2152,1160,-25,-168,-255,-738,-539,291,1546,1487,878,1319,1246,-478,-947
82,159.0400000000000205,801,780,416,-121,304,-1104,-1515,-703,245,-325,-1890,-1278,-2,2081,2253,-257,-3421,-2214,-2273,-4052,-2422,-1651,2228,3006,-116,-762,-1691,-3565,-2486,-547,466,1857,2869,-4180,-546,2994,1057,-5140,-2854,-997,-4196,-2061,-3908,1042,4429,-1018,-5514,-1759,2132,4448,3765,483,-433,-1594,-1742,-3990,1428,6775,5392,1255,-2782,-3007,-416,-555,-1067,-1099,61,194,301,449,-375,-3127,-3584,-1850,-811,14,1245,1789,966,956,1836,2404,2992,1116,894,113,-646,-276,-717,-1252,-396,357,1127,1237,950,1118,1143,-312,-1164
83,162.2400000000000091,815,813,403,-828,275,-54,-667,265,1102,334,-1650,-1191,561,2835,2613,906,-1356,-2264,-4252,-4913,-3392,284,3406,1081,-4114,-1734,-1079,-3173,-2436,-190,1134,2685,4378,-592,-290,3895,1232,-4425,-4066,-2154,-4706,-3288,-4995,369,2573,-847,-2356,1025,4384,4851,2375,-47,1105,220,-869,-1035,4323,7763,5575,1225,-1324,-2549,1591,3413,1829,-317,-573,511,569,-479,-2041,-4746,-3535,-1596,-256,454,1025,2004,1546,1066,2171,2355,2717,401,-348,-743,-994,-465,-1037,-1483,-237,301,610,865,995,810,813,-79,-1119
84,165.4400000000000261,644,593,186,-1084,89,700,86,1284,2022,1166,-1294,-1158,677,3070,2287,1918,655,-2148,-5443,-5493,-3692,1888,3821,-503,-5773,-1632,-680,-2342,-2145,130,2388,3801,4817,3010,504,4404,1352,-3040,-3991,-2348,-3642,-3209,-4174,-1075,457,-122,1266,3583,5500,4147,680,15,2095,2253,15,1916,5865,7630,5014,1262,-15,-726,3438,6529,3710,381,-936,276,471,-1447,-4009,-5568,-3107,-1552,121,677,601,1426,1700,914,1809,1979,2059,-126,-1180,-1305,-1220,-501,-1136,-1431,-128,-25,147,491,890,468,533,84,-914
85,168.6400000000000148,303,338,-260,-850,30,940,901,1919,2559,2073,-461,-1101,155,2517,1859,2678,2059,-2094,-5442,-5557,-2937,2027,3152,-1758,-4735,-762,-129,-1077,-1667,137,3153,4660,4621,4690,1941,4199,1939,-1193,-3005,-1593,-1373,-1836,-2042,-2573,-1457,814,4507,5421,5052,2214,-875,410,2647,3320,595,3514,5764,6218,3867,1335,854,1487,4929,7604,4259,689,-850,-287,-90,-2459,-5621,-5231,-2349,-1211,405,587,-5,673,1362,550,1014,1466,1204,-572,-1622,-1550,-1046,-584,-1137,-1217,-100,-106,-252,6,666,168,234,207,-851
86,171.8400000000000318,-69,-79,-726,-408,36,1169,1468,1794,2514,2832,982,-861,-748,1092,1458,2766,2654,-1567,-4232,-4782,-1361,1223,1114,-2520,-1957,-148,494,301,-1152,-236,2601,4264,3798,4341,3073,3362,3030,927,-1170,-118,1184,251,-21,-3675,-2971,1925,6806,6213,3869,-171,-1881,677,2584,2925,651,3276,4245,3592,2175,1069,1300,3525,5641,6036,3569,946,-295,-848,-1032,-3508,-5946,-3723,-1182,-277,672,299,-411,-38,602,43,91,827,368,-866,-1776,-1544,-963,-582,-912,-921,-156,-170,-686,-433,305,-75,-28,195,-720
87,175.0400000000000205,-414,-417,-1074,-104,153,1106,1584,1346,1382,2743,2347,-169,-1556,-758,902,2300,2571,-556,-2515,-2888,552,400,-1450,-2953,843,16,1044,1402,-559,-603,998,2181,2644,3311,3142,2042,4029,3051,1014,1633,3401,2417,1475,-3354,-3693,3011,7674,5974,2297,-2108,-2065,496,1848,1337,358,1773,1942,366,-241,337,1721,4740,4855,2928,2205,1192,403,-1183,-2112,-4087,-4730,-1697,169,930,889,40,-590,-611,-114,-262,-556,85,-332,-1132,-1580,-1396,-774,-538,-680,-497,-158,-272,-996,-866,-38,-301,-237,108,-510
88,178.2400000000000091,-623,-634,-1080,-111,401,1045,1266,330,-179,1776,3109,879,-1592,-2180,27,1597,1975,538,-753,-589,1970,-196,-3388,-3255,2194,5,1185,1942,-235,-781,-1120,-868,1053,2343,2326,782,4253,5088,2986,3189,4815,4107,2517,-2353,-2853,3715,6771,4867,266,-3112,-1723,-40,824,-538,72,334,-592,-2819,-2986,-691,2200,4839,2838,-146,913,1807,1120,-1151,-2837,-3738,-2390,353,1494,1875,976,-192,-529,-916,-621,-609,-876,-565,-899,-1041,-1196,-1071,-492,-550,-415,-141,-115,-440,-1161,-1084,-521,-631,-520,-14,-248
89,181.4400000000000261,-789,-784,-705,-174,484,741,747,-496,-947,522,2856,1919,-627,-2612,-1126,845,1176,1405,993,1487,2451,-709,-4052,-3445,1621,-130,585,1755,-289,-1096,-3185,-3738,-1099,1225,1276,-171,3562,6757,4309,4306,4995,4736,3093,-654,-958,3479,4416,2970,-1532,-3318,-1327,-586,-140,-1761,-301,-592,-2428,-5013,-5367,-1803,2560,3528,181,-2130,181,2714,1575,-658,-2621,-2253,206,2146,2601,2329,955,-150,-412,-888,-876,-396,-837,-1177,-1327,-875,-746,-628,-297,-447,-235,157,-167,-522,-1240,-1238,-916,-926,-704,-162,9
90,184.6400000000000148,-854,-840,-77,-122,371,488,232,-1018,-1739,-675,1782,2416,826,-1800,-1968,-31,399,2002,2705,3003,2275,-895,-3515,-2998,-154,-514,-399,956,-615,-1841,-4481,-5591,-3400,-338,180,-632,2101,7306,5360,4323,3909,4069,3039,1002,1592,2459,1711,553,-2631,-2925,-1028,-755,-1116,-2056,-810,-1120,-3562,-5737,-6515,-2836,2373,1500,-1914,-2651,254,3031,1781,132,-1648,-135,2330,3444,3167,2265,715,-22,-218,-646,-835,-396,-744,-1462,-1525,-662,-310,-249,-162,-513,-79,322,-187,-507,-1157,-1255,-1242,-1033,-786,-181,242
91,187.8400000000000318,-803,-814,336,127,133,134,-183,-1076,-1576,-1501,410,2135,1959,-370,-1942,-1069,-348,2159,4045,3823,1922,-809,-2497,-1876,-1896,-991,-1053,97,-709,-2449,-4655,-6033,-5451,-2462,-777,-642,566,6374,5885,3191,2125,2457,2252,2379,2930,1173,-722,-1843,-3165,-2373,-886,-613,-1843,-1947,-1261,-1494,-3856,-5607,-6086,-3394,936,-439,-2890,-2214,744,2424,1715,878,-153,1831,3647,4105,3024,1860,492,212,165,-201,-532,-181,-688,-1546,-1480,-563,-21,-39,-80,-415,37,388,-221,-488,-919,-1190,-1376,-1033,-752,-227,366
92,191.0400000000000205,-616,-619,546,551,-22,-390,-537,-812,-1214,-1818,-630,1306,2330,920,-941,-1810,-989,1890,4575,4314,1843,-424,-1404,-604,-2917,-1369,-1154,-455,-391,-2148,-3685,-5316,-6535,-4751,-1817,-483,-539,4274,5715,1596,-14,442,828,2646,2900,-374,-2419,-3676,-3249,-2009,-1040,-1050,-2590,-1870,-1590,-1838,-3625,-5106,-4610,-3256,-1603,-2206,-2592,-1238,1042,769,1223,1464,1531,3327,4189,3973,2354,1260,135,378,681,428,-52,-1,-650,-1507,-1372,-446,134,96,-162,-261,86,372,-217,-300,-719,-938,-1290,-778,-607,-240,414
93,194.2400000000000091,-306,-299,581,871,-154,-614,-758,-450,-768,-1778,-1375,264,1792,1587,350,-1862,-1378,1437,4368,4590,1934,169,-468,-140,-2946,-1491,-804,-594,129,-1103,-2403,-3627,-6291,-6198,-2931,-472,-1084,1655,4400,77,-2022,-1383,-792,1877,1819,-1581,-3800,-4824,-3226,-2041,-1885,-2164,-3334,-2112,-1661,-2108,-3237,-4302,-2970,-2672,-4129,-3506,-1675,-156,311,-1318,122,1378,2923,4155,4099,3196,1388,634,-49,482,1025,1013,555,159,-556,-1235,-1100,-406,67,17,-116,-105,168,315,-165,-297,-405,-647,-1057,-465,-423,-189,329
94,197.4400000000000261,46,42,610,877,-56,-776,-806,-234,-446,-1513,-1750,-669,806,1548,1210,-1248,-1294,929,3407,4619,1858,536,-90,-647,-2323,-1439,-295,-274,534,59,-1217,-1888,-4974,-6139,-3830,-877,-1358,-702,1977,-1073,-3649,-2669,-2364,452,241,-2277,-4678,-5312,-3441,-2464,-3051,-3248,-3666,-2437,-1515,-2137,-2710,-3092,-1582,-2055,-5524,-4384,-622,463,-1366,-3109,-1205,867,3686,4343,3638,2093,408,118,-105,499,1131,1442,1046,370,-340,-890,-881,-390,-42,18,-109,60,247,320,-114,-249,-197,-254,-723,-185,-227,-177,274
95,200.6400000000000148,336,333,409,585,68,-942,-1064,-256,-258,-1178,-1744,-1302,-175,1044,1382,-555,-703,352,2129,4139,1436,125,-464,-1543,-1584,-1205,74,198,813,1043,-53,-267,-3009,-4670,-4158,-1616,-1656,-2668,-880,-1975,-4639,-3412,-3714,-1074,-1021,-2974,-4997,-5177,-3496,-2754,-3655,-3612,-3395,-2330,-1097,-1758,-1931,-1313,-232,-1439,-5189,-4458,-69,681,-3017,-4136,-2462,206,3511,3941,2931,925,-292,-281,-6,507,1015,1545,1383,450,-100,-553,-613,-441,-139,-5,59,274,292,230,-59,89,123,112,-329,286,-14,-145,174
96,203.8400000000000318,531,484,309,267,75,-536,-481,-374,-194,-901,-1757,-1541,-910,413,873,-57,185,21,699,3010,628,-654,-1205,-2014,-868,-854,103,577,1153,1712,1169,1290,-788,-2243,-3523,-2337,-2057,-4216,-3475,-2847,-4916,-3790,-4427,-2423,-1899,-3006,-4633,-4326,-3198,-2322,-2948,-3014,-2536,-1649,-543,-1096,-755,676,1193,-580,-3345,-3491,-293,177,-3851,-4290,-3202,-318,2622,3042,2124,6,-668,-470,55,458,749,1352,1429,714,291,-217,-364,-403,-195,57,186,395,294,175,61,48,419,498,133,568,195,-2,75
97,207.0400000000000205,643,664,191,-14,95,-101,-306,-441,-167,-635,-1436,-1533,-1272,-115,143,117,819,-20,-395,1252,-594,-1425,-1631,-1635,-191,-522,-90,786,1655,2056,2340,2753,1455,339,-2079,-2522,-2522,-5168,-5420,-3586,-4379,-3782,-4245,-3203,-2607,-3243,-3779,-2989,-2144,-834,-1009,-1404,-1145,-377,153,-117,620,2566,2568,701,-704,-1451,-851,-810,-3527,-3481,-3114,-636,1214,1867,1334,-465,-772,-473,117,396,469,915,1169,715,609,127,-101,-253,-125,129,296,435,364,82,194,321,678,819,531,719,447,128,75
98,210.2400000000000091,602,605,143,-282,61,11,-211,-413,-102,-323,-1065,-1353,-1422,-517,-514,210,857,-58,-1065,-811,-1782,-1507,-1054,-243,640,-208,-275,505,1978,2068,3200,3824,3588,2560,-147,-2098,-2665,-5257,-6307,-3895,-3024,-3313,-3101,-3222,-3033,-3553,-2687,-1548,-511,1269,1251,643,447,956,695,766,2012,3850,3429,2076,1797,607,-1294,-2168,-2274,-1929,-2253,-832,-244,555,520,-711,-632,-359,94,245,128,360,722,604,742,427,165,1,-88,208,407,461,308,116,263,572,847,1011,921,833,619,346,137
99,213.4400000000000261,503,510,52,-352,4,441,131,6,54,-65,-756,-1222,-1399,-911,-838,203,368,-382,-1339,-2652,-2487,-682,595,1516,1487,242,-281,-60,1710,1953,3420,4209,5175,3958,1416,-1283,-2342,-4549,-6008,-3360,-1089,-2066,-1450,-2516,-3341,-3569,-1690,-241,1304,3113,3193,2510,1866,1932,986,1481,2982,4195,3617,3078,3527,2315,-1312,-3013,-835,-112,-909,-850,-1263,-673,-229,-567,-351,-214,113,84,-155,-195,220,450,836,672,435,315,144,276,402,412,254,150,409,582,918,1091,1106,896,789,546,210
100,216.6400000000000148,337,325,-97,-271,-51,498,440,373,188,167,-458,-1012,-1299,-1213,-807,183,-227,-788,-1614,-3789,-2250,730,2611,3103,2163,893,-57,-593,1012,1747,2989,3946,5739,4496,2393,-412,-1606,-3156,-4593,-1939,1015,-349,449,-1439,-3089,-2997,-690,1206,2827,4223,4324,3756,2946,2283,1043,1698,3208,3710,3253,3525,4462,3195,-824,-3025,263,1417,367,-683,-1831,-1599,-804,-364,-101,-42,73,-146,-386,-571,-218,218,753,841,671,617,336,328,400,294,164,125,469,548,797,967,1211,830,792,691,430
101,219.8400000000000318,157,148,-158,-234,-14,474,721,659,368,262,-4,-743,-1048,-1316,-599,181,-536,-1062,-2018,-3979,-1234,2207,4238,4066,2603,1573,348,-838,91,1278,2224,2957,5187,4257,2676,255,-694,-1489,-2459,-74,2807,1462,2096,-505,-2580,-1929,465,2581,3886,4601,4636,4023,3366,2058,980,1660,2859,2633,2560,3511,4621,3266,-276,-1950,699,2185,1288,-417,-1871,-2091,-1193,-102,190,114,75,-273,-565,-768,-553,122,596,936,862,801,450,334,315,230,136,166,504,458,720,868,1129,736,766,817,586
102,223.0400000000000205,-18,-15,-175,-136,16,339,821,681,463,367,114,-384,-747,-1247,-433,242,-414,-1056,-2448,-3310,284,3213,4697,4339,2777,2097,770,-773,-822,449,1219,1747,3841,3411,2485,660,46,5,-173,1617,3905,2955,3089,373,-1853,-433,1896,3763,4447,4250,4033,3466,3098,1535,812,1428,1989,1487,1813,3165,4095,2828,358,-316,739,2177,1764,81,-1448,-2163,-1408,-49,367,247,2,-384,-635,-843,-693,-97,398,943,956,855,496,333,225,110,105,264,439,305,570,758,1058,569,661,848,710
103,226.2400000000000091,-151,-162,-133,-54,51,498,808,620,451,537,502,12,-419,-1015,-300,321,0,-829,-2491,-2009,1700,3351,3927,3793,2623,2218,1127,-346,-1391,-539,86,474,2160,2290,1931,845,518,1118,1790,2848,4119,3587,3511,1067,-626,1168,3144,4622,4522,3335,2772,2403,2371,1001,795,1090,1115,737,1162,2433,2947,2007,978,1125,668,1581,1810,521,-949,-1964,-1485,-82,451,322,-13,-368,-592,-818,-747,-267,175,897,897,757,505,316,156,75,127,172,377,242,459,534,912,480,558,798,816
104,229.4400000000000261,-230,-233,-14,16,72,256,611,529,639,706,864,414,-134,-749,-249,361,407,-498,-1802,-440,2638,2627,2488,2613,2063,1974,1274,147,-1574,-1548,-844,-536,536,1048,1376,958,811,1547,3058,3272,3474,3355,3157,1447,673,2577,3985,4622,3833,2149,1460,1236,1440,648,793,950,513,460,662,1369,1435,1068,1416,2203,792,806,1587,782,-331,-1502,-1389,-226,364,316,12,-237,-526,-623,-606,-263,-17,719,778,603,427,252,76,-30,54,200,282,189,302,344,725,276,428,724,844
105,232.6400000000000148,-266,-265,-22,148,120,206,371,428,413,754,1127,702,139,-507,-287,271,613,-82,-417,1116,2632,1433,874,1042,1279,1482,1168,669,-1265,-2026,-1509,-1205,-702,-19,862,1110,1006,1579,3521,2917,2325,2439,2194,1725,2075,3626,4118,3703,2637,877,323,207,605,531,851,782,133,259,327,238,-244,159,1668,2510,925,128,1129,867,230,-949,-1294,-454,100,243,13,-152,-322,-468,-534,-315,-166,507,544,366,261,126,49,-72,20,185,225,83,191,232,586,130,341,624,742
106,235.8400000000000318,-230,-231,63,198,203,126,127,41,428,1022,1175,892,417,-232,-337,84,531,305,1151,2188,1726,162,-410,-373,432,899,837,937,-674,-1876,-1770,-1499,-1494,-785,513,1278,1114,1393,3195,1982,935,1211,1044,1932,3231,4132,3505,2192,1180,-223,-494,-493,142,472,882,679,-47,179,99,-792,-1772,-773,1558,2394,1184,-95,606,711,521,-388,-1120,-644,-191,111,-103,-95,-123,-238,-335,-287,-259,257,398,187,87,17,-39,-119,-30,123,153,35,100,52,368,32,214,473,644
107,239.0400000000000205,-175,-172,133,296,225,52,-254,23,392,834,1016,882,652,75,-360,-194,298,729,2250,2531,459,-711,-1087,-1302,-282,409,467,958,-38,-1168,-1717,-1584,-1864,-1180,319,1358,1055,1253,2328,915,-354,42,26,1942,3934,4055,2354,618,-224,-1046,-949,-753,-260,357,671,390,-164,-111,-208,-1485,-2735,-1491,1086,1899,1368,46,135,412,531,-30,-884,-815,-507,-82,-132,-19,91,25,-123,-214,-310,-9,113,-14,-80,-101,-122,-162,-28,131,142,-66,3,-142,140,-77,105,276,361
108,242.2400000000000091,-133,-137,150,305,214,-6,-471,-10,347,557,700,777,805,433,-263,-462,-19,1104,2777,2179,-560,-1222,-1327,-1610,-854,-22,132,809,432,-176,-1278,-1565,-2029,-1376,203,1223,992,1170,1237,-44,-1196,-817,-724,1801,4188,3657,1100,-722,-1359,-1488,-1098,-831,-403,164,363,142,-390,-496,-629,-1891,-2915,-1851,446,1312,1595,403,-111,9,305,153,-640,-827,-669,-238,-215,5,190,189,-28,-175,-304,-179,-88,-84,-159,-250,-186,-189,-49,172,47,-115,-139,-252,-70,-183,-54,72,61
109,245.4400000000000261,-62,-57,94,211,145,-57,-201,12,241,178,312,592,846,770,11,-648,-283,1244,2572,1475,-970,-1387,-1327,-1547,-1201,-426,-154,581,874,690,-691,-1455,-2070,-1362,9,899,910,1117,319,-842,-1584,-1306,-1009,1543,3972,2864,78,-1549,-2075,-1709,-1170,-802,-370,-95,-54,-179,-533,-816,-1110,-1928,-2504,-1705,-160,985,1598,883,-182,-356,10,206,-320,-779,-719,-381,-170,-4,232,270,225,48,-230,-341,-169,-221,-236,-287,-236,-150,38,92,-26,-164,-251,-268,-247,-225,-147,-141,-222
110,248.6400000000000148,31,16,150,137,57,-236,-169,20,93,-101,-147,367,733,977,358,-669,-412,1113,1840,769,-931,-1196,-1232,-1333,-1325,-777,-315,354,1075,1199,-66,-1188,-2062,-1212,-352,471,818,1052,-405,-1287,-1549,-1435,-1011,955,2635,1702,-445,-1831,-2314,-1739,-1239,-741,-375,-203,-324,-441,-591,-1012,-1375,-1808,-1614,-1185,-623,481,1291,1083,-98,-588,-200,235,-17,-590,-641,-428,-124,79,210,288,275,231,-114,-362,-328,-203,-245,-266,-273,-140,-26,53,-94,-215,-268,-339,-334,-286,-242,-338,-452
111,251.8400000000000318,92,99,23,92,-20,-235,-165,-4,-83,-288,-272,135,549,1032,692,-410,-457,665,720,190,-673,-878,-1037,-1065,-1279,-1047,-405,221,1043,1178,325,-756,-1885,-1062,-691,-30,809,930,-737,-1437,-1227,-1317,-781,773,1364,456,-729,-1702,-2114,-1633,-1239,-665,-296,-230,-566,-495,-484,-861,-1393,-1372,-643,-445,-574,-116,878,1033,43,-615,-314,172,231,-345,-499,-312,-48,67,156,283,315,225,13,-323,-321,-272,-192,-227,-255,-65,-68,-24,-119,-247,-285,-417,-406,-244,-328,-473,-650
112,255.0400000000000205,133,132,25,-12,-180,-97,268,-63,-220,-363,-406,-70,400,938,877,8,-315,14,-374,-322,-394,-498,-815,-757,-1026,-1108,-413,105,810,861,536,-253,-1444,-893,-1008,-404,634,708,-880,-1291,-786,-1005,-402,363,-2,-782,-889,-1175,-1574,-1414,-1097,-449,-289,-201,-554,-496,-207,-571,-1165,-776,189,171,-435,-576,207,618,114,-495,-385,142,324,-45,-191,-173,109,177,175,252,364,219,108,-303,-320,-283,-155,-181,-159,-41,-22,-67,-153,-197,-247,-358,-417,-243,-335,-525,-742
113,258.2400000000000091,145,170,-7,-205,-204,-94,-20,-161,-333,-307,-396,-160,145,731,902,397,-150,-726,-1290,-779,-287,-238,-529,-412,-568,-931,-333,0,439,478,543,179,-787,-802,-1133,-634,348,367,-784,-888,-330,-559,-66,-51,-928,-1693,-989,-544,-937,-1090,-857,-370,-201,-170,-399,-355,6,-229,-777,-261,738,590,-154,-757,-414,108,178,-212,-269,130,384,164,58,-2,253,162,214,255,339,224,139,-191,-284,-250,-52,-74,-96,-1,-133,-128,-154,-116,-206,-207,-408,-294,-371,-542,-742
114,261.4399999999999977,138,137,-48,-218,-222,-70,-6,-81,-354,-380,-317,-182,-10,498,815,677,-28,-1240,-1884,-1150,-258,-82,-266,-79,-68,-510,-211,-87,72,94,389,389,-93,-740,-1091,-663,1,-81,-627,-358,102,-97,140,-573,-1744,-2272,-1105,-145,-240,-528,-448,-260,-263,-192,-197,-114,228,46,-358,169,898,884,96,-814,-958,-498,104,93,-25,168,398,366,239,156,319,259,245,222,271,219,131,-105,-220,-156,-23,39,-14,56,-125,-173,-227,-84,-175,-175,-312,-240,-364,-554,-716
115,264.6400000000000432,119,100,-51,-226,-144,-31,-3,-131,-315,-293,-237,-158,-132,265,642,757,48,-1452,-1964,-1307,-323,-39,-112,87,352,-3,-71,-232,-178,-144,189,409,424,-549,-909,-469,-358,-467,-413,213,336,291,251,-1053,-1927,-2210,-1130,-39,278,62,-131,-193,-315,-177,61,84,240,163,12,451,865,876,181,-754,-1284,-868,-55,385,192,282,379,488,358,233,278,248,216,218,223,185,146,-17,-159,-96,35,139,123,64,-110,-123,-95,31,-146,-103,-279,-214,-338,-542,-596
116,267.8400000000000318,98,126,-132,-145,-95,-4,6,-192,-210,-230,-127,-104,-143,91,398,685,30,-1252,-1721,-1253,-280,57,56,142,558,363,6,-366,-271,-225,18,403,637,-262,-731,-348,-598,-667,-174,548,549,595,164,-1386,-2025,-1959,-1047,-46,593,610,132,-274,-474,-203,297,296,139,102,293,568,638,725,271,-663,-1304,-1039,-210,544,505,341,383,524,432,234,208,194,167,139,188,112,126,26,-24,2,94,162,194,56,-75,-149,-70,38,-49,-62,-250,-172,-305,-487,-488
117,271.0400000000000205,65,51,-23,-63,-1,21,26,9,-248,-158,-63,-20,-113,-25,169,476,-34,-831,-1196,-1007,-207,92,149,172,552,512,73,-413,-336,-275,-76,405,673,22,-409,-249,-667,-706,117,827,511,740,20,-1459,-1827,-1519,-975,-95,689,937,367,-305,-560,-173,322,369,-67,19,441,556,444,419,93,-445,-1138,-1069,-237,594,639,408,372,499,404,198,106,177,114,167,146,19,44,19,89,129,148,194,161,48,-30,-97,-14,53,-10,-8,-155,-108,-222,-363,-317
118,274.2400000000000091,48,43,45,67,63,39,76,-178,-182,-101,12,32,50,-77,-62,186,-57,-329,-521,-651,-95,92,137,133,450,487,63,-433,-354,-299,-64,319,638,348,-114,-300,-674,-526,415,872,503,767,-94,-1283,-1549,-987,-484,-231,601,953,511,-284,-620,-135,354,300,-140,-107,443,521,292,247,13,-354,-749,-779,-265,499,572,411,357,371,302,94,8,45,68,59,102,-53,-42,77,97,166,159,210,122,88,20,29,-3,43,-49,-31,-126,-107,-179,-279,-142
119,277.4399999999999977,30,-2,88,186,157,72,59,16,29,-29,116,128,129,-75,-214,-87,-35,51,54,-224,-49,-18,44,53,236,340,25,-306,-453,-330,19,308,626,533,159,-421,-659,-287,699,837,391,607,-70,-691,-1017,-355,-298,-265,345,768,477,-123,-470,-53,271,172,-260,-219,351,460,180,-116,-135,-114,-314,-402,-157,354,484,373,321,293,123,-8,-124,-60,19,20,84,-33,-51,103,193,192,117,111,119,70,47,29,19,26,39,6,-93,-14,-44,-146,11
120,280.6400000000000432,28,9,127,242,197,111,-228,64,71,67,69,187,233,-65,-322,-280,-19,368,536,155,-20,-169,-90,38,28,127,4,-163,-449,-303,96,328,623,667,451,-451,-562,-11,896,762,389,387,7,-176,-432,47,-50,-359,30,380,417,91,-249,-64,143,22,-257,-302,183,379,117,-196,-143,97,90,14,9,145,319,299,271,144,7,-102,-258,-114,-48,-60,15,-1,-59,110,272,182,101,72,76,45,26,55,50,14,7,-26,-18,34,11,15,190
121,283.8400000000000318,-9,43,147,240,223,116,140,83,84,96,160,210,258,-50,-359,-374,104,566,792,416,9,-346,-225,-83,-135,-50,26,-43,-398,-162,153,309,621,777,601,-378,-469,231,945,620,259,363,97,335,19,239,158,-222,-205,44,281,313,76,-28,-39,-157,-249,-235,27,278,131,-224,-232,234,458,343,66,-83,89,156,153,15,-125,-186,-312,-161,-29,-11,-12,14,-40,57,221,152,92,32,37,64,98,32,4,4,60,39,28,106,103,157,299
122,287.0400000000000205,12,19,120,209,218,148,117,126,125,172,237,245,226,-35,-325,-292,176,677,895,548,-77,-432,-291,-101,-199,-83,50,98,-206,76,226,294,593,830,669,-154,-163,398,820,452,327,300,274,633,586,462,297,-50,-271,-216,97,392,301,-80,-248,-253,-218,-267,-85,170,144,-208,-154,353,588,487,-18,-237,-127,27,104,-28,-175,-210,-266,-142,-83,0,-33,-18,6,104,201,97,24,33,3,33,86,56,22,-22,10,-10,61,175,210,271,369
123,290.2400000000000091,11,-20,110,129,167,141,-93,136,150,162,330,256,154,-38,-216,-160,264,664,841,522,-126,-394,-243,-167,-161,-74,90,175,56,248,272,302,533,756,682,150,115,429,598,337,405,297,440,751,804,604,477,134,-311,-421,-90,388,474,-94,-345,-355,-179,-121,-77,103,133,-59,-50,282,604,493,-30,-317,-262,-77,12,-20,-92,-195,-219,-141,-80,-87,-38,54,30,-10,75,-7,9,47,33,42,66,50,40,28,59,115,124,185,266,324,380
124,293.4399999999999977,19,21,56,102,94,110,-57,126,173,280,384,225,75,-40,-79,34,327,647,698,415,-125,-236,-153,-175,-92,-16,84,220,314,280,291,306,451,625,623,504,411,371,210,214,423,275,516,743,977,639,472,268,-259,-406,-244,319,586,33,-403,-314,-81,58,14,32,61,-33,0,225,484,484,49,-317,-239,-105,13,27,-59,-142,-109,-155,-84,-75,-59,1,10,20,-43,-27,2,38,90,88,61,67,11,37,81,100,134,131,238,349,317
125,296.6400000000000432,10,9,59,25,47,77,135,104,206,319,397,179,-15,-15,55,215,389,575,533,271,-94,23,2,-89,-3,65,103,260,446,379,283,289,378,394,522,717,678,187,-75,88,447,262,487,660,983,588,404,290,-196,-360,-249,241,613,148,-365,-407,31,221,150,20,-25,17,53,99,359,398,93,-258,-217,-89,-37,33,-3,-16,-2,-95,-95,-119,-49,-1,31,-42,-52,-41,29,87,104,81,63,71,50,-19,70,149,197,206,209,331,271
126,299.8400000000000318,-21,-4,-5,17,-23,8,92,69,206,348,383,89,-81,-4,177,316,419,476,336,160,73,230,177,58,53,85,96,305,471,389,189,171,267,217,423,834,758,66,-385,-68,342,152,359,597,749,468,326,313,-80,-278,-142,217,568,242,-312,-380,28,326,306,17,-53,101,42,119,159,174,82,-123,-177,-151,-63,-14,52,43,39,-128,-92,-71,-60,-74,17,-50,-73,-106,60,112,104,34,20,42,11,14,110,159,181,117,171,259,208
127,303.0400000000000205,-11,20,-15,-72,-35,-51,18,47,212,321,290,12,-109,22,228,391,442,306,130,69,269,466,358,203,127,79,76,332,443,261,74,99,157,76,359,807,672,-46,-502,-205,128,-6,290,365,433,344,205,163,28,-106,10,164,430,274,-186,-392,83,503,386,30,-116,-12,157,101,-4,31,138,-12,-111,-143,-136,-79,51,84,40,-75,-84,-75,-122,-71,13,-11,-137,-34,24,130,93,75,12,-6,50,-45,80,125,153,112,107,176,109
128,306.2400000000000091,-27,-1,-62,-190,-53,-128,-21,65,252,292,62,-78,-146,23,223,364,362,161,36,72,393,503,425,309,156,59,106,311,333,234,-32,-46,4,-12,287,729,506,-74,-527,-308,-28,-188,104,258,269,234,61,58,88,58,130,199,288,217,-124,-305,3,386,351,-11,-122,9,152,53,-107,-23,113,91,-41,-150,-183,-94,19,78,86,-64,-137,-95,-34,-18,20,-75,-119,-23,59,106,150,54,32,-16,59,0,68,81,165,34,30,84,83
129,309.4400000000000546,-22,-32,-82,-126,-171,3,-47,196,230,216,-30,-142,-157,26,139,298,232,15,-111,131,465,541,422,378,144,-16,123,299,240,52,-169,-175,-152,-68,230,492,263,-132,-422,-385,-232,-334,-76,42,-171,79,-7,3,124,236,235,155,37,143,1,-160,-112,248,190,-28,-76,75,232,62,-124,-155,37,109,-28,-149,-189,-96,48,109,29,-36,-95,-97,-54,80,14,-14,-65,-2,29,82,82,-19,44,11,69,70,97,110,112,19,14,49,-13
130,312.6400000000000432,-23,-45,-56,-97,-166,-70,-215,36,88,91,-273,-173,-98,-14,52,190,68,-132,-214,197,461,448,387,291,92,-35,117,232,95,-54,-239,-260,-304,-93,170,247,45,-77,-318,-459,-376,-451,-244,-193,-65,-68,-77,10,247,324,274,104,-12,48,128,40,2,-10,1,-76,-21,49,179,84,-137,-147,13,72,-17,-138,-185,-70,9,127,113,29,-83,-63,-104,37,30,11,-7,47,22,46,46,29,28,11,62,73,-1,48,100,-62,40,26,53
131,315.8400000000000318,-28,10,0,-150,-190,-247,-297,-55,-18,2,-197,-160,-38,-63,-11,65,-76,-249,-152,210,351,266,172,119,-50,-30,91,112,51,-167,-235,-340,-427,-159,86,43,-86,-38,-166,-463,-501,-488,-417,-261,-97,-71,-55,12,228,339,283,51,-136,-61,229,187,-15,-189,-106,-99,-22,102,124,19,-62,-110,-60,18,-25,-92,-97,-51,-12,78,93,69,-25,-38,-28,0,-30,38,11,31,5,-48,13,35,35,33,96,57,33,12,33,-7,4,-12,32
132,319.0400000000000205,-8,-10,-179,-122,-152,-170,335,-3,-94,-143,-239,-147,-39,-96,-41,-75,-259,-293,-116,188,226,93,20,-32,-163,-23,39,18,-20,-144,-212,-344,-456,-205,-41,-153,-172,20,-127,-398,-511,-505,-406,-332,-430,-99,-82,79,246,360,237,-48,-206,-43,322,384,3,-231,-203,-118,-44,66,91,51,7,-113,-87,-25,-54,-90,-145,-121,-34,29,68,79,15,-57,-85,-60,-15,52,75,59,-25,-16,-87,8,83,79,36,16,19,19,-12,-85,-21,-25,25
133,322.2400000000000091,2,-39,-6,-49,-123,-109,27,-10,-145,-108,-371,-113,-18,-113,-91,-212,-367,-285,-96,133,61,-44,-97,-198,-221,-32,-32,-127,-104,-154,-152,-284,-438,-238,-137,-274,-176,47,-120,-345,-475,-431,-466,-431,-262,-158,-124,78,233,275,190,-117,-250,-51,280,499,113,-197,-257,-140,-69,-67,-26,45,-62,-105,-124,-110,-110,-118,-118,-113,-84,-43,21,102,29,56,-4,-20,-32,18,77,6,-20,-146,-55,-14,40,62,98,-22,-20,-17,-4,26,20,-15,4
134,325.4400000000000546,4,-19,-22,-62,-40,26,6,-17,-92,-246,-312,-73,-72,-93,-63,-245,-369,-284,-103,53,-101,-159,-190,-312,-258,-84,-126,-243,-152,-64,-100,-168,-362,-263,-277,-289,-220,18,-56,-201,-366,-306,-383,-338,-365,-232,-15,107,189,192,36,-141,-247,-114,212,452,185,-102,-253,-106,-78,-92,-61,9,28,-59,-175,-176,-153,-132,-144,-141,-125,-89,-61,55,35,20,-31,-26,-1,34,48,72,0,-32,-49,-13,60,47,40,-31,-17,-51,-31,25,-5,0,-9
135,328.6400000000000432,11,11,-3,-13,8,150,29,-27,2,-217,-122,-53,-36,-65,-99,-285,-360,-190,-41,-32,-207,-214,-244,-295,-190,-98,-157,-259,-204,-60,-31,-84,-204,-211,-348,-293,-153,-10,-34,-119,-260,-186,-307,-258,-226,-194,-21,87,126,28,-37,-201,-280,-111,99,408,222,-43,-215,-103,-68,-113,-144,-43,-12,-67,-269,-220,-183,-155,-97,-132,-101,-103,-64,-6,9,-4,-22,-47,-12,21,47,51,-22,-92,-31,28,4,78,46,35,2,-25,-10,19,48,-5,1
136,331.8400000000000318,1,9,-70,54,55,74,16,-41,-133,-172,-54,-28,-2,-20,-81,-308,-337,-188,-82,-115,-262,-239,-224,-239,-105,-94,-164,-276,-215,-22,40,21,-50,-212,-362,-280,-83,-38,-8,-32,-143,-47,-225,-261,-269,-106,2,43,66,3,-95,-176,-167,-162,34,247,215,-41,-166,-83,-22,-195,-213,-194,-94,-230,-273,-268,-165,-87,-84,-82,-63,-107,-86,-72,-14,-53,-12,-64,-47,-50,24,75,-9,19,-30,-20,7,-8,-25,-3,19,18,88,63,24,1,-30
137,335.0400000000000205,7,-11,119,33,129,154,35,47,-93,-155,-1,-2,36,34,-112,-228,-200,-126,-74,-188,-217,-210,-160,-145,13,-54,-141,-213,-167,-16,105,141,92,-134,-296,-239,-103,-38,7,57,-20,74,-84,-207,-220,-90,-3,-9,0,-63,-110,-147,-122,-110,-3,105,179,42,-128,-24,-4,-51,-249,-239,-106,-118,-336,-287,-156,-25,-12,-36,-26,-45,-68,-113,-49,-42,-33,-36,-36,-24,16,62,4,-14,-48,-60,-15,1,-6,7,13,38,48,61,27,36,-60
138,338.2400000000000091,-15,5,21,113,153,86,37,-63,-68,-50,44,40,54,60,-27,-153,-104,-58,-103,-202,-201,-165,-135,-47,123,6,-76,-161,-154,-66,131,233,232,-12,-171,-178,-60,-58,63,137,41,169,31,-66,-100,68,36,36,-36,-76,-170,-123,-136,-136,-121,8,107,39,12,30,18,-90,-227,-232,-261,-173,-292,-172,-43,40,73,52,52,-4,-35,-45,-84,-54,-14,24,-13,-2,83,-56,10,12,42,9,6,0,52,63,37,62,57,58,26,9,18
139,341.4400000000000546,-4,4,-19,112,140,89,55,-6,-17,-30,69,39,59,91,-17,-54,24,4,-76,-195,-116,-69,-60,81,189,49,-27,-65,-106,-23,140,229,320,74,-136,-113,-78,-35,92,172,150,165,51,87,103,64,50,-37,-45,-93,-88,-85,-128,-133,-116,-63,80,146,82,12,-6,11,-158,-342,-301,-294,-227,-87,8,61,101,122,73,53,41,-45,-49,-49,-9,-56,-12,58,0,-40,-10,11,1,-32,0,16,-10,62,57,5,23,18,4,32,15
140,344.6400000000000432,-3,-12,129,85,164,151,-79,16,12,-39,66,64,89,85,12,21,93,20,-108,-161,-53,-20,10,169,227,73,22,-26,-46,-14,96,296,308,130,-46,-77,-62,-30,153,208,168,188,118,21,216,68,44,-7,-58,-84,-96,-100,-56,-12,-59,-66,105,191,202,24,16,-4,-164,-328,-409,-260,-88,59,38,131,146,140,104,72,83,21,14,-4,-45,-44,-37,18,31,-72,-29,-1,-14,-20,-39,54,23,21,62,70,48,51,39,47,2
141,347.8400000000000318,12,2,86,131,109,37,227,-35,41,76,63,80,91,62,28,89,122,40,-101,-121,9,27,40,142,218,79,48,82,30,29,82,208,283,105,58,-41,-113,17,163,160,207,184,150,21,170,84,33,-12,-54,-42,-82,-64,-28,44,21,-59,42,283,250,102,1,-37,-243,-338,-457,-266,-21,136,130,131,125,151,97,111,91,83,70,29,34,-2,4,-47,-33,-59,-56,-53,-13,14,-1,12,38,17,-6,40,49,28,55,70,20
142,351.0400000000000205,15,20,91,117,102,102,44,-1,51,-24,56,91,75,40,41,112,145,68,-4,-75,48,62,107,173,158,92,70,63,87,45,36,157,204,177,133,-7,-112,-17,110,145,152,142,137,98,166,121,43,6,2,-60,-26,47,4,64,7,-86,32,230,269,139,-6,-115,-172,-341,-399,-170,99,220,147,125,152,124,114,104,70,98,116,105,39,43,-70,-71,-49,-77,-58,-60,-4,31,11,47,60,-49,49,61,101,26,45,16,15
143,354.2400000000000091,42,46,0,87,81,283,192,5,110,37,-143,78,43,5,31,114,142,84,-25,-34,79,61,103,107,103,75,73,78,53,48,36,58,110,148,164,-36,-103,-50,86,121,96,98,114,215,165,84,-3,4,21,-47,18,72,86,79,88,-77,-9,183,258,191,-15,-164,-229,-251,-169,59,227,275,189,178,132,87,131,120,132,87,118,69,99,33,-3,-90,-147,-84,-87,-35,-30,-14,-18,65,13,-34,14,-5,51,26,45,30,46
144,357.4400000000000546,56,67,224,54,62,76,20,-19,45,-24,230,66,-3,-30,33,84,99,57,31,23,61,95,105,88,33,52,89,70,76,47,8,0,-3,74,149,34,-78,-19,99,36,77,45,90,219,166,99,59,-17,-13,-14,19,114,143,95,70,-59,-9,129,203,151,-28,-201,-284,-208,-28,193,347,302,230,120,114,118,60,117,64,108,111,123,123,67,-13,-90,-140,-84,-64,-30,-11,-11,31,22,0,20,-9,48,20,50,-26,11,-5
145,360.6400000000000432,72,61,61,54,19,-93,22,52,4,38,63,35,-26,-47,33,84,96,52,93,68,29,49,104,58,-4,50,71,57,59,37,-13,-67,-86,43,121,56,-6,-44,54,0,40,22,8,34,57,-2,35,57,-29,-5,45,147,126,51,46,-25,-93,5,113,118,-42,-236,-238,-32,231,328,362,287,232,170,69,133,53,74,20,141,165,158,66,35,-29,-99,-104,-65,-61,-45,-33,-8,12,-3,14,-8,9,18,6,-38,13,20,2
146,363.8400000000000318,97,66,56,52,23,-158,45,43,27,59,48,3,-22,-52,42,69,54,42,100,100,53,98,98,-2,-55,53,75,88,76,47,-39,-124,-140,-17,51,35,33,-71,-64,13,32,-11,31,-7,15,-34,-15,-17,-17,15,42,99,132,111,56,-37,-71,-49,14,6,-73,-248,-158,87,338,381,389,269,153,128,115,48,19,65,98,101,144,80,121,91,14,-41,-55,-47,-41,-11,6,-41,-5,27,-22,8,-4,28,17,-35,13,-8,33
147,367.0400000000000205,80,86,43,37,39,-38,35,44,23,130,37,-10,-47,-21,18,50,26,73,122,109,59,54,77,8,-67,47,61,96,93,13,-13,-103,-167,-96,-26,65,77,-56,-99,-37,4,-15,24,-56,-74,-87,-9,-21,-83,-75,46,95,147,146,38,2,-90,-157,-102,-101,-134,-138,-3,262,456,405,343,186,156,74,40,28,26,75,78,120,104,135,94,67,43,-13,-40,-11,-32,42,-25,-7,-17,7,-16,35,15,20,-5,48,-37,-19,-3
148,370.2400000000000091,80,72,34,1,-13,-17,-1,142,39,54,25,-19,-34,-12,36,34,-2,67,111,126,39,60,72,10,-52,42,32,90,25,-10,-15,-86,-169,-122,-54,37,90,-78,-93,-65,-15,-89,1,-104,-193,-160,-54,-58,-84,-5,31,77,95,87,-21,-40,-83,-192,-198,-195,-158,-81,105,365,457,337,277,152,72,77,63,19,15,52,111,116,107,136,68,71,43,9,-15,11,26,-20,-22,-7,11,14,-32,36,32,11,-41,3,2,-2,9
149,373.4400000000000546,88,81,7,29,-16,-20,-69,-8,24,30,6,-22,-17,7,20,22,-5,60,85,98,62,44,54,-9,-33,-1,22,78,60,76,-30,-92,-116,-114,-100,67,87,17,-95,-33,-31,-35,-38,-98,-98,-180,-80,-27,-39,-44,-30,19,105,40,6,-68,-113,-359,-294,-248,-189,-42,263,416,446,318,170,138,68,38,57,28,35,82,70,70,79,75,100,66,55,57,-9,35,23,-1,-8,20,-5,34,46,16,29,6,-10,10,7,-26,7
150,376.6400000000000432,43,41,56,13,-12,-8,-29,12,36,69,-7,-22,-13,26,26,8,52,53,40,64,46,69,14,24,-14,-5,16,55,49,73,13,-58,-56,-97,-76,44,73,18,-72,-20,-16,-56,-14,-109,-143,-143,-70,-94,-94,-65,-15,-87,50,69,-41,-43,-171,-199,-318,-298,-155,116,354,376,346,193,110,-29,32,71,17,52,19,71,45,64,58,63,97,176,96,52,29,74,82,8,-31,41,32,43,30,43,16,-15,2,3,10,-7,-5
151,379.8400000000000318,29,38,-3,12,-53,-124,106,-1,1,25,-25,-21,1,16,22,-2,47,36,12,41,32,14,26,31,9,-27,1,43,22,63,19,-6,-13,-25,-72,8,57,54,-24,-32,-4,-13,-73,-104,-193,-83,-46,-41,-48,-45,-19,58,20,44,-55,-34,-133,-268,-309,-288,-116,174,353,326,256,94,47,-34,3,45,49,37,48,67,63,13,51,19,89,7,76,116,85,60,48,14,42,27,-10,19,20,29,57,-18,-7,5,3,-6,-13
152,383.0400000000000205,13,28,-16,-17,-68,71,-468,-11,-3,23,-28,-23,13,11,-16,22,-4,38,-1,20,-18,26,-18,17,11,-54,-17,49,36,38,18,30,38,37,10,24,-12,70,28,-6,1,1,-15,-34,-30,-73,-29,-51,27,18,5,-5,-6,-6,-88,-87,-131,-250,-271,-251,-33,211,376,348,166,-22,-44,-73,11,17,75,41,19,32,-3,23,34,48,53,43,84,103,31,60,45,60,48,47,43,-13,15,12,15,5,25,22,28,-9,3
153,386.2400000000000091,-7,0,-98,-39,-20,-6,179,-9,-2,11,155,3,2,2,7,29,57,17,-15,7,57,0,-28,-5,16,-1,-11,-29,55,38,30,58,64,78,48,3,27,65,70,13,19,9,1,58,22,44,36,-8,-35,86,-48,13,37,-37,-37,-97,-108,-120,-234,-78,54,217,287,162,82,-64,-26,-39,-8,56,73,69,79,35,36,23,-31,-22,17,87,92,81,95,19,64,43,59,18,20,15,25,-4,6,20,44,23,35,-15,-31
154,389.4400000000000546,-29,34,-7,-87,-46,20,112,-15,-1,4,45,-13,0,9,-7,17,35,-16,-61,5,17,-21,-46,-18,29,10,27,12,-10,3,66,74,90,96,92,43,12,85,81,-8,38,1,84,58,221,120,28,6,36,68,28,-3,12,-62,-71,-68,-99,-28,-128,33,127,247,249,129,31,-79,-84,-78,-31,-9,39,27,14,18,30,10,-32,14,30,-15,72,121,80,61,49,38,37,38,-7,74,51,0,-10,21,46,79,13,5,-14
155,392.6400000000000432,-40,-38,-51,-46,-43,-53,-45,-9,-14,-19,-55,-21,13,18,29,18,16,-51,-17,-4,24,-17,-30,-2,56,47,46,14,8,47,29,82,118,117,108,36,18,69,95,39,52,37,76,215,203,216,37,-10,64,47,22,-19,-23,-84,-44,-85,-57,-50,-44,38,207,313,227,51,-17,17,-71,-63,-39,-14,29,9,20,0,26,-46,-28,-38,0,75,41,65,146,84,30,34,75,46,6,28,74,6,5,24,15,-55,-13,10,-2
156,395.8400000000000318,-35,-43,-14,12,-12,98,48,1,-2,-25,-27,-3,-5,24,32,17,-27,-58,-22,-17,26,6,-19,14,79,61,47,26,24,20,24,90,106,118,135,35,16,46,73,77,87,133,127,141,60,184,81,62,79,54,41,-4,-82,-60,-61,3,-22,-5,61,164,271,210,112,-17,-64,-80,-81,-57,68,-15,21,25,43,6,-15,-49,-56,-10,-16,31,43,47,47,50,15,48,34,59,0,2,22,25,29,13,37,-4,22,-11,17
157,399.0400000000000205,-44,-52,-13,20,8,-106,-40,-80,-96,-27,101,-7,22,27,26,8,25,-61,-49,2,24,12,14,17,70,93,47,20,11,-6,-2,72,92,102,97,61,-2,22,68,91,60,65,92,277,170,128,58,20,89,72,78,-9,-35,-116,-29,-7,-15,30,138,237,299,203,135,-73,-142,-19,-94,-36,35,-17,13,50,35,33,-33,27,11,-21,5,12,11,21,68,26,9,30,45,-7,56,-23,45,-9,19,-18,40,14,10,26,5
158,402.2400000000000091,-53,-57,-92,41,48,48,16,1,46,-59,-98,21,27,36,14,-11,-51,4,6,-12,13,10,-27,18,79,69,52,32,21,-28,28,17,57,61,134,59,20,27,87,88,87,73,49,164,163,103,17,28,45,100,60,28,-80,-85,-22,-5,42,88,213,273,292,213,54,-32,-129,-69,-56,-23,-10,-2,4,29,69,-7,-28,-53,-13,-34,23,16,27,78,97,75,73,-11,40,34,67,-20,33,1,38,7,23,11,11,17,13
159,405.4400000000000546,-23,-16,43,-31,46,41,11,27,24,-14,-18,39,33,50,48,-10,-30,-20,13,4,-15,16,19,1,78,81,49,15,21,-31,11,13,25,29,57,72,50,47,55,111,143,86,21,277,101,1,-16,44,31,20,64,-1,-13,14,5,39,93,91,246,310,268,151,45,-66,-106,-26,-51,-9,-41,7,-5,26,38,12,10,-21,28,3,9,-52,8,78,83,8,25,74,43,0,6,33,34,26,54,-4,20,-12,-15,13,27
160,408.6400000000000432,-18,-20,26,70,58,35,42,1,8,-12,11,42,47,44,28,20,-13,7,31,-2,4,21,35,30,42,51,31,42,46,49,0,31,-9,-16,43,80,59,16,17,65,69,79,42,-57,2,3,6,35,79,55,35,40,2,75,49,49,27,189,285,321,211,102,-52,-21,-35,-23,10,7,6,-29,-18,-12,35,3,-24,-6,-30,20,-8,32,-8,17,21,72,45,41,10,19,53,21,19,4,11,24,48,17,7,23,17
161,411.839999999999975,6,-14,8,44,58,53,12,165,9,-18,4,41,51,43,28,12,5,34,-7,6,10,5,47,32,16,45,48,43,-6,-32,13,0,-12,1,-1,37,48,-5,18,46,51,66,78,-12,-127,6,40,48,48,36,0,-2,40,57,77,97,128,257,271,259,145,41,-51,-98,-20,31,14,22,-26,-16,-26,-35,-39,9,-22,-7,37,2,83,-43,11,59,64,67,70,83,57,10,65,-40,-42,-33,32,-4,-3,21,33,24,16
162,415.0399999999999636,22,39,91,23,-10,9,63,18,-22,155,11,44,47,33,-6,8,20,32,42,0,11,3,40,44,20,32,33,16,33,19,-22,-16,-24,-39,-13,26,32,3,19,22,54,42,30,-16,-24,48,34,30,8,27,67,53,22,48,100,77,154,225,269,222,96,21,-43,-46,10,7,-6,43,-26,-3,-32,-42,-43,-5,-1,-24,2,29,36,37,3,38,17,-7,42,73,11,0,2,-47,-44,27,28,-21,-13,30,13,38,52
163,418.2400000000000091,31,-16,13,-12,35,108,27,31,218,-32,32,31,23,20,5,-4,25,26,56,23,11,22,43,10,-24,16,34,38,25,18,3,-20,-50,-55,-51,-6,22,71,38,49,15,6,56,-42,4,-5,62,81,-8,40,67,41,35,21,70,99,217,171,201,149,38,-43,-81,95,12,46,46,23,-7,-56,-48,-28,-26,-6,-7,68,9,25,-17,131,-7,13,49,61,42,60,0,-3,-13,17,-36,15,18,39,-3,-21,32,28,-28
164,421.4399999999999977,26,36,58,55,44,24,-46,22,-10,-6,39,29,18,0,-10,30,31,24,12,24,9,16,27,8,2,0,10,30,10,19,-28,-36,-30,-2,-45,-11,5,61,20,16,30,7,56,-15,22,64,5,73,50,3,49,56,36,74,80,87,197,195,164,107,4,-18,-74,-1,74,21,18,27,0,-15,-46,-23,3,-4,0,24,31,-9,9,14,35,-2,-14,-7,8,47,2,63,-47,0,30,14,-27,51,35,15,-9,26,39
165,424.6399999999999864,40,28,26,-49,16,9,94,25,2,78,22,21,1,-16,-9,32,52,29,56,21,44,41,12,19,-16,18,10,19,31,24,1,0,-34,-34,-23,16,30,51,44,27,33,9,45,-15,26,16,25,35,1,3,31,31,64,81,61,131,140,111,93,1,-24,-179,-39,29,69,43,60,30,-2,4,-36,30,-3,18,18,43,-13,6,-50,-12,39,49,24,12,48,5,-33,44,-25,10,21,0,0,22,22,25,34,26,11
166,427.839999999999975,32,50,97,30,-25,-4,76,28,-9,28,30,9,7,-18,12,21,22,30,5,35,30,14,55,-5,-20,14,-9,-26,-17,-19,-20,-32,-38,-5,-42,-30,34,70,56,57,-5,13,8,-34,-1,-16,53,59,80,4,31,49,56,87,67,111,158,106,68,-40,-46,-87,-15,62,61,49,38,-35,-36,3,-42,-12,-9,12,43,20,42,7,13,20,21,20,6,30,32,-33,14,-6,0,16,-4,22,29,40,15,31,15,27,44
167,431.0399999999999636,28,35,25,23,19,-18,-40,7,3,31,23,1,-20,-12,5,8,5,-8,-3,23,-17,16,-25,-27,-6,-6,-11,11,2,16,-4,-29,-25,-13,-29,39,-5,88,42,5,8,21,11,-28,-29,49,44,68,-2,21,35,26,59,48,73,105,117,101,15,-36,-64,-10,-37,8,60,70,52,-17,-20,-34,-17,-51,-34,-11,28,9,13,29,38,-42,59,34,-12,25,4,10,0,43,-42,31,19,2,-6,32,-2,10,-2,19,-13
168,434.2400000000000091,25,40,-32,3,-6,-71,-7,44,-7,-5,-26,13,-27,-12,-3,0,-28,13,-9,1,-8,-5,-22,-25,1,-21,-20,-18,-22,9,-2,-28,-16,-18,10,3,5,38,59,27,4,21,36,0,-24,31,57,21,47,40,53,50,89,106,90,64,68,50,-7,-64,-66,-93,27,22,6,-50,-3,0,-54,-14,-38,-19,-30,-8,-10,29,11,8,7,-59,-20,-42,21,36,-6,-13,1,9,19,17,22,-31,-7,76,37,12,24,9,4
169,437.4399999999999977,32,7,11,-11,-9,-7,-78,58,-1,1,124,-4,16,-3,0,-5,-5,12,-11,-7,-31,-13,-50,-25,-2,-32,-14,-49,-3,4,9,-24,-27,-8,22,28,37,25,49,-3,-24,34,12,32,49,36,30,52,17,47,40,58,36,63,87,54,28,45,-13,-83,-28,26,-2,-25,37,34,-21,-17,-72,-10,-11,-10,-15,-18,17,41,-12,37,35,9,-27,-60,-53,-23,16,5,-8,24,14,49,38,48,6,37,28,-5,51,32,-2
170,440.6399999999999864,2,-64,5,-11,-3,-14,231,-69,25,49,26,2,46,6,-13,-5,23,-3,-21,-18,-11,-11,-37,-41,-31,-15,-12,-16,-35,-15,-4,9,5,-22,22,-10,26,37,57,49,28,24,21,6,184,30,39,36,15,53,54,49,89,62,43,84,93,70,-16,-15,-66,-29,30,25,-41,-6,-16,-36,54,-13,-3,6,1,-10,-15,5,-4,10,-8,-19,-5,-27,-60,6,-1,11,10,-2,-4,11,9,-39,3,0,9,15,1,-5,20
171,443.839999999999975,-12,-7,5,-52,13,8,-20,-3,19,21,16,14,18,12,5,-10,-15,-31,-5,0,24,-19,-33,-15,-17,-21,-16,-10,9,14,-1,-3,0,19,27,13,-11,-14,-2,27,31,13,-8,-13,243,-47,38,30,40,72,-4,76,120,10,15,39,-4,-21,-17,-67,-31,-112,37,-66,-34,-2,-15,-12,0,7,1,-2,-28,-18,33,-14,30,-7,-5,-2,-33,-22,20,-54,-40,17,39,35,34,-23,6,3,-22,-3,69,-13,17,2,14
172,447.0399999999999636,5,57,23,73,0,-10,15,-9,11,15,15,12,24,9,-12,-14,9,2,-18,-4,-9,-44,-3,-17,10,-20,0,42,-15,18,-10,18,7,-21,-11,29,10,-19,23,25,20,7,21,13,-83,34,32,10,50,69,36,14,59,40,69,21,3,-40,-30,-21,-35,-7,15,93,-58,-32,-45,-13,2,-10,30,-14,-37,-2,-5,16,20,-16,3,-6,3,-19,-5,-35,8,2,9,-36,-10,83,15,22,6,-10,38,27,25,-4,5
173,450.2400000000000091,-14,-45,-48,34,-13,-2,-17,-21,5,-1,6,4,10,16,27,2,-2,-10,14,-13,-18,7,-15,5,11,16,6,44,42,8,38,13,32,38,16,20,-7,-18,25,30,29,13,18,37,-65,6,4,31,25,42,59,20,8,92,48,26,-14,24,0,-6,-31,53,-12,-47,-68,-90,-14,-7,4,8,-16,-38,12,2,-27,5,24,30,-1,32,-1,-6,16,-12,-10,-28,5,16,3,-9,-24,15,-18,-1,-3,-10,33,28,-17
174,453.4399999999999977,13,35,41,7,-6,18,-98,-128,18,1,-39,8,-8,13,9,4,-18,20,-47,-7,2,8,-1,11,25,2,15,2,-1,-13,6,26,31,23,2,-3,-25,-17,6,3,28,14,21,172,28,-18,-27,65,65,40,37,-5,16,-8,37,21,11,-66,-29,-25,16,45,-29,-7,-25,-67,-59,-49,30,-3,-4,-24,1,-11,-16,-14,-7,16,-34,44,12,13,-3,-7,-12,-4,11,-55,8,45,12,-19,51,10,-14,-5,12,-7,5
175,456.6399999999999864,8,-5,0,-4,-9,171,-54,-79,-2,-53,-133,5,-3,-3,19,23,0,-29,22,-20,19,7,41,36,39,18,12,3,-5,4,22,3,42,27,20,7,1,-37,-9,24,21,12,9,-4,-11,-5,10,47,66,-4,3,18,5,13,14,54,-11,19,-22,1,-16,46,-75,-69,-40,-81,-78,-18,-30,-16,18,-16,-8,-21,21,-47,4,2,21,-40,20,1,11,-36,-27,-7,-5,11,45,9,58,9,-22,49,-29,27,-31,7,21
176,459.839999999999975,12,35,39,28,-37,-10,-66,-17,-18,13,-24,9,0,11,7,35,1,-28,23,-26,-5,12,6,39,9,32,24,13,-6,24,11,23,37,64,19,-39,-38,-35,-45,-23,-8,-17,-38,-8,-21,-13,43,-17,67,10,11,-4,-5,-8,1,-10,-5,-44,-36,-26,12,-18,-1,-105,-68,-27,-15,-7,-28,-29,-2,-10,16,2,-2,-33,-36,2,13,33,-7,11,13,-29,-1,-5,16,13,16,4,4,21,15,-51,24,30,-38,0,-5
177,463.0399999999999636,5,0,-56,-29,0,-20,69,-15,-8,47,3,-2,4,2,14,19,10,-18,-63,-14,-5,5,25,37,8,10,8,16,31,17,25,21,31,22,29,5,-9,-45,-19,-27,-16,-7,-61,-141,-72,-35,-19,-24,7,41,-1,-14,-3,14,-20,-2,-53,-75,-51,9,-11,14,-82,-102,-58,-80,-40,5,5,-18,5,46,-3,-29,23,-12,-27,5,44,-14,12,-13,-42,15,19,-61,34,4,24,-20,19,-11,16,-29,19,2,48,17,22
178,466.2400000000000091,8,5,17,20,24,15,-21,-12,-14,-9,-15,9,-16,-4,21,9,-13,-38,-6,-9,4,18,33,2,0,-6,7,25,22,21,14,40,39,28,17,-1,4,-3,-25,-65,-14,-43,-46,-28,-55,42,7,-14,-18,-65,-12,-14,21,17,-11,-10,-41,-72,-33,-11,-10,-71,-10,-97,-39,-31,15,26,47,1,-12,2,15,-13,-21,3,17,31,-8,-13,6,16,41,-13,20,12,-1,11,39,-36,18,15,-33,-16,24,24,-11,-2,34
179,469.4399999999999977,-9,6,41,7,-10,-130,-26,-8,13,17,17,-8,9,5,14,2,-3,30,0,17,39,19,21,22,2,33,13,6,34,-20,2,61,46,47,34,10,-7,7,2,9,-14,-58,-55,-55,-27,137,-59,-4,-25,6,7,11,-19,44,-12,-23,-33,0,-17,-25,-28,-15,-145,-65,-5,-20,-4,26,13,27,27,14,7,-36,-8,0,9,9,-1,7,-9,-29,0,17,-15,-7,-8,2,3,24,40,59,7,-34,-13,14,17,-4,-32
180,472.6399999999999864,-9,38,-54,13,-5,2,15,-9,78,-1,5,6,-4,14,25,22,29,25,27,23,8,5,18,7,15,36,5,-19,15,14,24,29,5,4,21,22,15,-16,-33,-44,-12,-44,-57,-73,7,-51,-35,-34,-31,-28,16,-6,58,35,0,-57,-27,-68,-35,-39,-49,-20,-26,-11,24,33,44,35,-10,35,24,13,-30,13,-22,-22,-23,-37,3,17,-3,-9,7,4,-10,15,45,31,6,-9,51,-33,40,6,25,15,11,9,27
181,475.839999999999975,-4,-34,-72,16,-13,5,-21,57,-177,25,7,-8,-5,8,24,26,34,63,17,36,44,42,23,16,28,-22,18,3,24,28,9,7,12,29,40,11,20,-16,-48,-81,-40,-35,-20,-45,-48,39,-1,-41,-33,-8,-12,19,-37,-7,-19,-63,-30,-12,-55,-38,-37,-96,-68,-29,-34,4,6,14,64,25,6,-24,5,5,-39,0,-20,-22,10,32,29,43,9,8,11,36,-4,33,38,8,-5,-10,26,22,-5,13,1,8,60
182,479.0399999999999636,-6,31,1,-29,27,15,-2,116,13,-4,13,-13,2,17,16,30,28,47,36,44,20,16,27,3,32,10,26,-3,30,11,18,20,15,37,16,25,19,-22,-20,23,-36,-17,-6,36,-4,7,-15,-24,-20,-5,29,23,-32,-26,-7,-14,-19,-28,-53,-84,-47,-39,-59,15,27,21,27,23,5,4,23,9,9,29,-4,-26,1,-34,11,5,-15,-4,-19,35,23,15,28,-22,-12,13,-19,8,6,37,-40,22,-14,3,-8
183,482.2400000000000091,4,3,41,-29,1,-45,16,123,7,-6,7,15,27,16,39,30,33,26,29,52,17,28,28,15,15,44,15,43,4,12,31,53,9,8,35,47,11,5,-26,-11,-21,-8,21,-18,-17,-16,-35,-12,-2,13,76,8,-18,-10,-32,-31,-29,-52,-46,-48,-43,-3,-68,63,3,16,-26,29,5,39,51,28,48,-6,42,15,-21,35,-2,-25,-7,16,-6,7,-21,-1,10,-11,5,20,1,16,21,6,9,18,-5,3,-17
184,485.4399999999999977,-8,-50,-11,-83,36,27,-6,74,46,48,3,24,25,34,-1,19,38,50,26,37,-17,9,12,-1,20,4,6,-7,14,-8,-1,31,12,-25,37,25,11,-18,-5,-16,-8,-22,-19,53,-7,-6,3,5,-17,-13,-37,9,-8,39,-13,-29,-57,-57,-34,28,-26,-53,-28,19,37,69,28,-1,24,14,15,28,34,24,22,33,42,18,-4,-37,3,9,4,-9,-34,13,6,2,25,38,-21,17,18,27,23,11,15,3,-6
185,488.6399999999999864,6,18,-4,17,21,0,12,12,-3,-56,19,14,13,21,10,35,34,38,40,42,45,15,10,-1,14,-6,25,40,43,29,-6,-14,10,0,15,24,-21,34,7,11,-15,-10,24,-4,29,-45,61,-9,-15,22,-12,23,18,-10,-12,-21,-81,-73,-31,-35,-14,-24,11,-45,30,40,55,-2,49,54,27,20,17,20,30,12,9,3,-3,72,-1,-31,-5,15,11,18,-5,-15,-13,22,-8,7,34,9,17,-59,9,1,-14
186,491.839999999999975,-13,29,-30,32,31,32,10,44,7,6,-141,26,-8,14,32,6,32,22,19,23,17,20,5,-7,10,-12,0,50,-15,-5,9,5,4,4,18,0,25,2,-4,19,49,29,33,33,81,26,-31,-14,25,4,20,44,40,-54,0,-6,-58,4,-10,-33,-18,-28,49,38,40,28,57,47,20,52,2,29,13,11,18,-3,45,-4,-6,50,33,9,-23,-24,2,-8,-17,12,2,22,-29,10,-31,1,-20,5,-20,10,6
187,495.0399999999999636,14,-5,79,-2,-20,20,-8,1,35,-59,-35,9,49,18,13,19,23,3,56,12,6,-13,13,7,-17,23,6,32,-15,9,27,26,21,-23,12,-33,10,20,-1,-5,23,21,27,40,37,87,3,-2,9,21,3,28,7,-60,-20,-19,-16,-37,-45,-13,-5,-88,31,30,-2,55,-2,27,-1,40,16,7,34,47,0,-12,24,-16,17,-14,4,-34,-2,10,3,-18,-18,-7,-42,17,-31,-36,-24,27,18,-11,-3,-15,22
188,498.2400000000000091,3,-6,-16,41,32,21,97,-11,8,6,13,20,43,13,26,13,6,2,10,25,9,41,18,3,-5,-12,6,42,10,56,13,-4,21,7,-2,-24,9,33,47,41,35,35,-2,12,113,-13,44,44,17,33,-50,30,-7,-36,10,-49,-70,31,-15,-27,-7,26,-2,50,44,84,35,-27,28,7,-16,31,-11,25,23,20,-3,10,8,27,7,5,12,-43,-4,8,-27,-1,-22,7,52,9,38,-13,-26,-20,44,7,-19
189,501.4399999999999977,22,6,17,11,-13,10,49,-15,3,-18,207,9,45,13,17,20,53,8,16,16,-1,25,1,10,-1,13,-5,-1,18,3,27,10,19,2,-8,36,-5,22,35,23,26,34,65,13,110,66,34,26,-5,31,21,-7,-64,0,15,-16,0,-39,4,13,11,9,51,-3,-4,12,-22,23,12,-4,15,97,12,27,-14,26,-6,10,49,21,-18,-34,-12,24,12,-9,-19,-9,16,-16,-25,-1,21,15,11,15,-9,11,-17
190,504.6399999999999864,-10,1,-4,36,21,-88,-23,-2,15,26,197,7,-26,17,6,11,63,16,15,0,22,15,-4,29,4,9,1,23,-2,-10,27,8,18,-4,5,-8,-7,-8,-6,21,19,30,3,23,-48,4,-20,53,34,30,-82,-12,65,-31,-32,27,-2,6,-25,11,7,59,56,-21,-35,94,49,-26,-15,3,18,11,9,23,19,-15,19,-1,30,-1,30,6,-27,9,-33,0,7,-15,-34,9,4,-16,-66,14,-13,6,46,0,1
191,507.839999999999975,37,-17,-105,38,-17,99,-35,-15,-7,-51,12,5,-22,15,4,-2,-23,25,5,6,27,4,12,5,11,18,-2,-18,6,19,-10,3,19,22,-7,-10,0,12,24,5,18,15,17,22,9,-31,48,36,11,-10,-8,-19,44,-28,-34,0,29,-34,30,3,31,57,84,28,4,-82,20,-13,-17,-15,22,-5,9,7,14,-14,-3,-19,-26,19,-18,19,40,59,24,23,-3,-8,30,-1,13,10,31,7,44,21,34,-1,14
192,511.0399999999999636,-2,22,39,53,-9,156,-42,3,25,3,16,16,9,4,-7,10,6,18,9,10,16,0,19,11,4,-3,8,7,-7,22,-20,-4,-5,-4,-1,12,26,-14,37,-8,-23,7,20,-7,-55,78,44,-13,20,-1,21,-20,-14,-32,-36,-5,-28,-16,28,25,36,32,18,116,-9,-34,7,14,10,-23,11,42,21,-19,-5,27,23,19,16,4,-2,78,42,20,31,25,25,12,-14,-30,26,5,-46,12,13,31,30,1,22
193,514.2400000000000091,6,67,50,35,26,-47,-39,-2,12,82,12,-2,6,8,0,12,-4,-10,19,19,-2,19,-25,18,3,1,14,-20,11,15,6,-17,-19,0,5,29,-23,33,0,-4,9,-1,12,-47,33,-3,13,-26,-43,60,-21,-4,-61,44,-3,-24,43,32,32,21,40,21,34,76,71,-27,-5,23,-6,26,-16,-5,11,-1,-28,-13,16,31,-18,5,29,11,-1,37,-16,20,-4,38,-10,-33,31,-24,-20,10,15,12,-3,24,33
194,517.4399999999999409,13,15,123,8,55,3,-12,-11,43,0,13,5,-9,1,2,2,0,-26,8,8,15,13,-5,-3,1,29,8,0,9,8,8,4,15,6,-15,-18,7,21,47,18,-2,17,8,3,-90,-114,8,-4,12,-31,22,-49,1,26,-13,4,16,53,42,34,42,81,86,22,-6,-7,-32,0,39,-14,15,-3,-29,2,14,35,-5,14,27,-51,-33,-20,48,-1,2,-4,28,9,40,0,-10,12,-22,-3,35,-17,23,-3,36
195,520.6399999999999864,22,-1,57,12,13,0,16,6,-6,42,190,13,23,13,29,11,-2,13,-23,-1,10,11,-2,2,0,13,-4,29,-29,-7,-7,1,-5,2,-12,32,21,13,9,-12,9,-9,-13,-18,-117,42,5,16,57,18,-3,2,10,0,-2,19,18,42,29,69,38,95,78,74,17,39,10,-26,-2,-12,25,14,4,-20,-15,26,-6,3,-15,28,43,6,23,9,-6,-5,22,36,57,52,3,28,27,-1,3,22,1,32,15
196,523.8400000000000318,22,1,14,9,23,24,80,18,2,12,-45,11,52,10,9,18,-26,5,-26,-1,-9,8,-2,-3,0,12,10,-13,8,-7,-4,3,-8,10,20,15,14,11,0,24,-3,45,45,1,25,-123,-16,24,16,-24,-15,-66,7,-8,13,4,13,-17,38,20,26,60,31,2,27,-80,-23,21,-20,-11,-5,4,18,56,34,-1,-11,5,1,21,18,-2,12,4,14,-11,-18,6,-50,-43,40,-47,22,-8,-15,-44,7,6,-20
197,527.0399999999999636,-11,16,8,27,24,28,-34,5,-23,5,-22,31,-11,-5,13,-1,-38,26,-19,7,38,2,7,-19,11,-6,10,-27,37,23,-23,21,-1,35,-10,-12,0,-4,11,22,32,27,39,11,1,7,15,2,30,-46,-8,11,-14,-16,20,32,73,22,35,60,49,-17,-55,29,20,29,-14,20,11,-22,-22,8,35,27,12,33,17,11,4,42,50,47,35,16,2,17,14,-38,64,64,15,57,35,21,5,-37,-10,6,7
198,530.2400000000000091,4,27,-113,-41,-12,37,-31,5,-16,16,-255,13,9,12,10,6,8,6,16,4,-15,-10,4,7,7,3,14,6,-4,7,2,-22,6,-3,14,-6,-22,14,-8,13,22,-15,9,41,55,-5,-11,-25,-33,7,25,11,-6,34,17,2,5,58,35,41,14,-17,-19,-85,59,48,70,18,21,8,19,-3,-3,0,18,20,-11,45,9,-9,-42,15,10,-6,-17,-7,-5,10,-21,1,32,24,5,-7,-2,28,-50,-14,-41
199,533.4399999999999409,5,-21,52,-12,-5,41,39,-4,85,32,30,7,0,8,5,2,17,-4,74,-1,-9,-1,-7,7,13,4,15,-14,-11,-19,-1,8,-9,-3,-2,20,21,11,7,7,5,5,15,-16,84,34,31,1,-38,-9,54,-27,-8,15,28,8,22,52,28,6,44,57,-8,-35,-5,40,25,6,-51,21,30,-35,-17,20,11,-15,33,21,22,35,-15,74,4,23,17,-2,6,23,-3,45,-32,36,38,-16,-30,7,-17,-30,-8
200,536.6399999999999864,2,-56,13,37,-14,45,38,8,-92,15,-34,16,-3,-5,9,6,21,-13,-22,0,22,18,11,0,15,21,8,13,2,-10,25,26,-11,-4,12,0,5,-25,-20,25,14,-2,1,3,43,20,12,7,-37,-50,4,27,23,-12,14,46,13,48,48,35,7,-2,94,10,51,24,15,-4,6,16,-12,-48,-13,15,-22,41,9,14,-56,-23,-14,-36,33,-22,30,-11,-3,6,-55,-6,-33,9,61,-4,41,20,9,4,-19
201,539.8400000000000318,18,-3,6,5,-16,40,-71,29,-8,6,-209,0,-4,-5,-27,-1,-12,-12,-16,-11,-19,-4,10,-6,24,36,14,31,10,2,13,31,-10,-1,3,-6,-2,31,-35,61,3,-1,-17,27,62,14,25,-17,-15,12,-5,45,11,22,13,-13,40,77,23,25,22,-32,8,46,15,-20,17,-12,-9,-21,-14,-5,1,-1,3,-8,19,18,51,-62,-3,-16,-3,-13,40,-12,-4,2,41,8,-95,-25,-6,11,26,0,41,-17,-1
202,543.0399999999999636,13,-4,42,-54,0,-47,54,-46,-32,44,141,-11,16,4,10,-4,-6,-18,-15,2,27,1,6,16,4,16,19,-27,4,21,-2,-4,-3,12,19,5,-14,28,2,20,40,17,2,-26,-17,18,-14,-14,39,18,8,13,21,53,42,48,90,-34,15,13,16,4,3,-4,44,67,-24,5,12,-29,16,-43,-7,5,-13,24,-23,-6,13,96,-3,-39,-58,10,29,33,-23,15,-6,-41,36,-13,41,51,-21,25,5,8,2
203,546.2400000000000091,10,7,-59,-44,23,-155,174,44,-10,7,-1,10,5,-1,-17,-3,11,7,-16,0,28,-14,-1,16,9,-19,-10,39,23,6,-11,-5,-18,-6,-14,41,2,19,-1,2,22,10,3,116,8,87,-46,23,44,63,10,0,43,-9,23,31,-24,17,1,20,1,-36,-13,-75,-50,13,21,-1,5,14,17,15,24,12,6,-7,24,-18,9,-12,17,29,13,3,-11,-8,6,-34,33,-20,65,46,18,-5,26,-23,-2,4,29
204,549.4399999999999409,6,-18,12,22,26,-217,-60,27,-61,-16,3,-7,0,3,10,-10,0,-10,7,2,7,1,8,-16,20,-4,9,10,17,-13,-6,-46,-2,8,14,3,9,3,51,-7,-14,22,37,27,-24,4,32,42,62,-10,77,37,-15,-19,41,12,-9,50,-5,1,-3,-30,0,-20,10,0,-41,2,-2,-22,-26,-7,-7,13,62,35,26,-2,6,-27,10,-33,15,-39,27,-16,0,-11,-1,8,43,22,-33,-2,13,30,33,11,13
205,552.6399999999999864,-7,24,13,32,-3,108,-79,17,415,-28,6,16,2,3,0,-2,5,15,25,-10,12,-10,20,17,9,-6,12,1,-24,26,22,5,10,4,0,21,26,-21,0,45,10,8,-7,32,17,10,-48,30,-5,0,-39,9,-68,1,24,9,50,1,9,10,9,-13,-56,-78,23,-25,48,10,-1,11,-13,0,15,-10,15,45,2,-32,40,4,27,6,10,-33,27,-11,9,-13,27,12,20,-41,9,12,7,12,-5,42,-2
206,555.8400000000000318,-8,32,8,-33,-20,129,-36,34,-43,3,10,-4,-8,-3,-15,4,17,-10,-8,-1,-1,30,3,32,11,0,17,-21,15,-29,9,14,12,-2,26,3,-35,6,40,-28,45,-14,-31,-15,3,18,27,19,-39,24,-2,-10,-38,10,-22,-12,-55,7,0,16,-12,33,-9,81,15,0,22,9,-35,19,2,-8,7,25,-3,-52,0,-23,-24,28,10,-3,-48,17,-3,-9,10,29,35,36,22,-1,-7,2,-3,21,-1,2,2
207,559.0399999999999636,1,2,33,-7,29,-289,147,20,-2,10,20,-11,-5,-8,0,1,-4,8,15,11,-17,11,-27,-9,-18,20,-14,5,17,8,-1,8,14,2,27,34,11,9,41,19,33,31,39,23,3,10,-18,-3,-14,-14,-30,-8,113,31,-53,-5,19,7,-11,-14,-3,67,-29,27,-6,23,9,26,11,30,5,15,-11,-31,-4,6,4,6,34,-10,25,10,-18,82,-8,24,40,31,-16,16,-70,-2,-30,31,-13,-36,-6,15,25
208,562.2400000000000091,-7,11,6,-9,-16,23,-57,22,-14,12,13,9,47,2,-7,-7,17,17,-11,2,-13,21,6,12,9,20,8,18,-1,12,2,19,22,-27,-12,-4,27,-14,35,-29,-5,-11,-31,68,-7,-33,10,2,11,-41,11,13,-46,-13,-12,-3,21,3,2,30,10,57,9,19,-41,-37,10,24,12,38,-25,12,-17,-10,12,0,11,17,20,-47,9,-4,-1,-7,-10,10,26,26,-20,-17,59,-15,-14,-5,46,3,7,17,-4
209,565.4399999999999409,3,-4,37,-39,-9,44,157,25,-21,-36,-43,15,-32,-9,-3,3,17,-3,12,6,-22,-9,3,-14,6,-6,0,-13,-7,-4,2,-10,16,41,-20,33,66,25,10,33,-20,25,-17,-54,-18,-33,-30,-10,-26,24,-23,9,13,21,-15,4,-66,-16,8,-5,-16,-77,14,-27,-9,5,6,-14,6,-5,-5,29,-15,-34,-1,-8,3,15,18,50,-32,-44,-69,-4,23,28,16,-13,2,3,4,-9,-11,6,0,33,26,13,31
210,568.6399999999999864,3,-10,32,11,37,25,-38,25,190,58,120,11,1,14,25,22,55,-34,-26,7,-18,-20,-1,7,4,8,-8,26,2,15,-2,6,16,15,20,-16,12,1,41,0,-13,29,27,36,15,-105,-5,33,35,13,16,-1,15,-30,36,12,6,-13,5,-28,15,43,10,83,-66,-7,15,15,20,-5,1,38,8,22,22,19,2,3,36,21,-13,-9,53,10,-8,24,11,3,-14,-33,-1,-35,14,-72,7,-9,35,33,2
211,571.8400000000000318,-6,18,42,18,14,24,-46,31,-237,22,-10,-8,18,22,25,13,-24,-1,1,12,8,14,0,-2,-12,-4,14,14,59,61,8,26,12,-8,19,0,-6,18,4,-9,-7,0,-15,-32,-65,-20,14,-23,3,-12,16,8,-6,9,-8,16,21,-40,7,-4,7,19,2,-12,-12,2,-24,42,11,-17,-2,4,26,4,22,-13,21,3,-57,-12,-23,23,-53,-12,21,50,11,-12,7,1,24,3,32,10,6,33,-17,1,12
212,575.0399999999999636,22,6,-50,9,-12,36,-52,16,210,13,-8,6,-18,30,22,28,-40,-11,41,7,8,16,3,-11,31,16,15,30,6,5,22,7,-2,22,24,4,-23,1,27,-2,0,-12,-8,4,-173,58,-22,5,-28,18,-15,-12,27,32,28,18,63,-28,-7,-35,4,26,14,29,-25,-8,-10,3,6,3,-6,27,-8,5,40,-3,-12,-4,-22,-1,-5,34,52,5,-15,31,-22,20,-29,25,-15,-55,-8,60,10,1,-44,-10,-3
213,578.2400000000000091,-4,9,-153,-5,-7,87,-44,-85,-174,8,-170,-1,-31,21,15,8,-15,25,-11,9,-13,-1,6,29,12,24,5,-24,30,9,5,4,12,9,-10,9,36,39,-11,-9,26,26,8,-17,-5,35,41,-66,-38,83,5,37,21,-5,21,15,3,11,5,-3,20,-5,6,-59,12,-22,9,19,15,10,11,22,14,9,-12,13,34,5,-7,-5,-26,0,9,6,4,15,16,-10,-11,16,29,48,19,-49,6,9,15,11,-23
214,581.4399999999999409,0,5,19,46,-16,-1,297,-187,-22,4,279,5,66,9,19,10,6,13,-17,2,9,9,5,15,13,14,6,17,-10,0,-2,-21,-14,-3,3,12,17,-4,24,-7,-17,-31,-10,-43,-38,-1,-4,2,-1,39,14,13,-19,26,47,-3,-30,-7,6,4,11,4,-10,28,7,-21,-15,-25,-2,7,37,11,28,23,-50,-17,-33,14,25,23,21,45,-17,-17,-1,-8,17,5,45,33,-40,-6,-21,21,51,10,-8,15,-13
215,584.6399999999999864,-4,1,16,22,-8,1,-37,-146,-7,20,15,4,20,6,8,20,20,14,3,7,15,2,16,5,5,27,8,-3,-2,-32,2,12,17,-12,2,13,-9,9,-13,17,-9,17,-13,-23,5,59,-2,1,-1,20,-5,5,50,-4,-81,-11,-67,-35,5,32,-9,1,24,23,102,-5,-51,-17,17,23,-1,12,15,16,17,-23,-19,2,47,90,-12,16,28,38,-36,-9,-75,4,-17,-22,-4,-21,-12,-3,-19,16,9,16,-1
216,587.8400000000000318,-4,-9,-56,40,9,10,27,-47,-9,45,-19,20,-20,2,1,15,10,-9,0,6,8,16,3,-11,-8,1,-22,-22,-42,-31,-12,2,-18,13,53,-18,-15,-11,-46,-29,1,-55,22,11,-2,-9,46,-4,-9,6,62,7,25,-19,30,-5,-8,14,9,30,21,-62,26,-16,-6,19,14,-46,1,17,8,-20,-40,18,-43,-45,-52,7,-22,-17,-6,30,4,2,16,-1,20,-34,-14,-50,-11,35,3,-49,1,-20,0,-13,0
217,591.0399999999999636,-4,-4,0,33,-10,29,22,97,15,38,-9,-3,-16,2,2,-18,-13,37,-4,-8,-7,1,8,-21,-10,-31,-9,-25,-21,-24,-28,-55,-18,-17,-23,-28,-34,4,3,-3,-39,-13,5,68,75,-37,35,-15,28,-68,4,-20,10,12,8,14,16,39,26,-3,2,59,6,45,-15,-44,-49,-19,3,10,-19,-11,23,-19,0,-20,8,18,-23,-19,43,-37,-17,-8,-13,-27,45,22,23,-10,74,34,-21,37,-9,-15,-20,-16,23
218,594.2400000000000091,19,-2,-47,11,13,88,-76,22,29,-81,-19,10,-3,-5,-23,8,19,54,13,-16,7,6,-1,17,-15,2,-1,-10,-2,2,-6,2,3,-17,-13,13,-9,-30,12,-5,3,-19,-1,8,130,-7,0,16,10,-49,2,20,-6,-5,44,29,31,22,-20,4,-13,-55,-2,-25,19,26,21,1,-22,-28,11,0,-11,2,2,-9,12,-4,-17,-37,-17,-16,14,-28,-13,10,-8,17,19,-22,-32,-36,21,1,-7,-19,3,-2,-4
219,597.4399999999999409,13,-2,25,-12,1,-4,-37,19,34,33,-17,0,0,-15,0,7,18,-25,-16,-23,38,-15,-14,-4,-5,-30,-5,24,-3,-11,3,0,-10,-9,-4,-15,2,4,-43,-13,-1,8,10,-37,39,-11,10,42,30,11,4,-29,7,25,-22,-4,12,90,7,8,-10,-40,-17,0,-31,48,-16,2,0,5,8,-19,-8,-24,-37,-3,34,6,14,-15,61,18,1,8,-19,-8,-12,-32,17,46,12,6,-51,2,2,17,-15,-23,-2
220,600.6399999999999864,14,4,27,-69,8,-121,-2,21,19,-73,-27,-31,-11,-19,-9,0,4,-1,-14,6,8,-15,-4,-2,-30,-3,4,-14,0,15,-10,-8,-17,-18,-15,-16,-13,0,-28,-12,36,-5,8,-109,77,17,-52,20,16,-10,-7,2,-28,-5,17,-40,-16,-18,-16,-23,-14,-9,-25,-17,30,32,-13,4,-5,-7,-7,-10,-13,-13,-28,7,-2,12,-21,-45,6,-9,13,-5,-44,-4,-7,57,16,-3,40,10,21,38,11,13,-5,-1,-11
221,603.8400000000000318,-15,4,-101,5,17,13,142,19,12,58,-25,1,-21,-6,1,-4,-8,-1,-31,4,2,6,1,8,9,-2,1,29,5,14,-9,39,3,-25,-46,-43,5,-13,16,38,-6,-10,-14,-43,4,-26,-8,4,5,1,5,15,-21,1,-41,-18,-56,-76,-9,-7,-3,3,3,8,19,-33,-11,6,-2,-8,-2,13,-6,-18,6,18,6,-1,-50,-23,-9,6,27,-18,-9,-37,-3,15,-29,44,-63,22,-31,-20,9,-24,3,5,13
222,607.0399999999999636,-4,12,64,-6,-9,-27,-192,18,21,-7,-20,-4,-9,-4,2,-18,14,-5,-2,8,-16,-2,9,-7,-14,3,2,-30,-2,-12,32,16,-7,-5,-13,-9,-7,-17,-7,-21,30,6,12,-55,-28,0,18,27,61,-12,-30,-9,44,-8,-4,8,-28,37,-24,-9,-21,-7,-37,44,-15,-12,82,-11,25,6,-17,-18,31,-8,-1,11,5,-29,-18,-32,5,-12,23,-6,13,-34,-84,6,10,11,10,10,-3,-10,33,19,-30,-26,8
223,610.2400000000000091,10,28,-2,7,-15,49,-64,28,49,-114,-16,-4,0,4,-6,5,8,-1,3,10,1,18,24,20,-6,6,1,5,-8,-8,9,-2,7,0,-15,8,-13,-11,-11,18,11,-16,27,11,53,-12,18,-1,-31,42,-11,12,13,-5,-19,-20,9,23,10,19,5,44,17,0,-22,-17,-8,-14,4,-12,14,31,-38,8,2,50,25,-5,22,51,4,35,25,20,-13,-27,-17,18,13,-14,-34,-14,8,29,5,33,31,12,1
224,613.4399999999999409,3,9,-26,5,23,19,-80,17,27,-61,-21,10,-4,0,21,-6,9,2,71,12,-3,-7,7,-1,-14,8,7,22,-18,55,3,-4,-4,17,-4,-11,12,19,-7,14,16,15,1,73,-17,-5,17,-8,4,12,-5,12,-26,29,-39,12,46,21,8,11,11,-33,51,12,-18,25,29,14,-4,14,26,-30,33,-22,47,7,2,-6,6,-20,-26,24,44,21,38,28,23,-3,49,-1,-8,48,27,6,-5,-41,55,10,-6
225,616.6399999999999864,6,8,93,-8,-11,15,221,19,49,9,131,3,-16,13,-4,-3,-2,-19,12,6,1,7,5,-11,-3,-24,2,21,-23,-15,-1,0,12,25,44,0,-7,-20,-17,-11,-21,9,21,28,90,-39,25,4,30,-31,31,18,3,-3,72,29,34,19,-2,6,-6,-55,-47,-82,12,12,43,10,16,-16,6,-1,-7,21,-15,20,-27,22,55,29,7,-1,-34,8,13,36,62,-11,-31,13,10,-25,18,35,-56,-7,17,15,-27
226,619.8400000000000318,16,13,59,10,-33,-97,54,15,-239,9,99,-8,22,11,7,16,-2,14,16,15,-4,11,0,-19,-6,-35,4,9,6,13,12,6,-11,17,27,18,-12,-15,20,17,7,56,-47,-28,-28,-2,46,18,57,39,21,6,-2,35,10,13,13,-20,21,-2,26,51,30,32,-4,58,37,18,26,32,-14,1,10,13,1,8,11,-12,9,7,9,-28,17,1,10,-21,26,-13,-74,-16,-1,9,12,-14,6,21,-10,0,27
227,623.0399999999999636,6,8,15,6,42,104,-6,48,-224,-3,-10,5,14,4,4,-20,5,-5,-22,5,-33,-13,-6,3,10,19,9,-10,12,36,-2,8,19,17,25,50,4,31,39,34,18,4,23,-15,18,47,5,-15,27,-11,2,-6,1,47,4,15,29,-3,2,-2,20,-27,-7,66,15,-24,11,10,13,-7,-5,5,6,-1,-3,8,-17,6,19,67,-5,-3,-55,4,-17,-3,-30,32,-6,0,1,13,40,39,6,15,-20,-1,11
228,626.2400000000000091,0,-11,17,7,-1,-53,-164,-54,36,16,-3,9,37,-10,-28,-14,0,-19,20,-7,4,-7,-3,11,22,11,8,30,19,4,14,18,12,15,10,19,49,28,0,17,8,15,21,15,13,98,-15,-21,10,55,-22,29,13,-13,28,-11,-4,-32,10,17,15,47,12,-36,21,-1,32,-15,-15,27,23,22,21,15,16,-27,-14,-10,70,-21,-11,-38,14,-67,4,54,-7,-10,23,16,39,-12,-32,19,20,42,15,-1,10
229,629.4400000000000546,-2,-2,30,17,22,70,-134,5,11,10,-4,10,7,2,-3,7,1,-5,-1,-3,0,1,-12,9,18,31,6,9,12,-21,11,15,18,26,14,46,39,-16,12,32,10,17,14,39,-25,119,-3,7,2,-22,39,4,4,34,-8,3,5,-24,11,-29,-2,1,66,23,-39,1,-22,43,-5,-10,7,24,0,5,11,2,11,-44,-7,35,4,34,12,38,54,33,21,2,-4,59,-3,29,12,-1,-10,-7,24,-21,-28
230,632.6399999999999864,1,-5,19,-6,1,7,2,-7,10,8,-12,13,-24,4,15,-1,-55,15,23,-2,24,24,62,7,0,21,12,73,33,14,24,12,2,11,20,33,-13,15,34,-15,6,-15,25,183,-36,13,4,5,18,36,98,57,-23,17,-10,15,39,24,3,16,-7,6,-2,-12,-23,-37,-7,9,40,-9,18,18,5,0,43,9,-1,30,-37,17,-13,13,-20,46,46,5,22,-31,-9,11,-7,50,4,40,-23,-4,-6,2,-5
231,635.8400000000000318,8,-16,8,15,-5,5,-34,-8,20,-4,4,6,-17,1,3,18,-15,3,16,3,39,3,5,17,24,18,-9,-8,-20,-16,5,20,4,-1,44,-1,-14,8,10,34,-13,8,-19,12,41,-82,20,-6,-19,-9,-24,-25,-34,-5,53,-11,-14,-5,10,15,11,18,-72,-14,21,-11,-47,5,15,9,32,-8,22,24,14,46,6,2,-19,24,17,-5,-46,16,0,11,51,-4,5,12,73,56,16,29,48,3,21,18,32
232,639.0399999999999636,1,1,-16,33,5,2,-159,59,-6,12,-2,2,81,10,-1,15,15,20,-25,16,16,10,29,-13,63,-4,5,-31,9,18,-4,10,17,-24,9,-12,5,38,5,-8,12,-4,4,0,19,16,45,3,-35,25,48,10,12,-17,4,-3,-24,31,-5,-3,3,-38,-24,-1,21,15,-18,26,-14,15,10,-10,-22,-7,-23,4,5,25,-15,-24,-9,-2,12,-13,-1,-3,-2,-32,21,-2,-26,-23,2,-56,-2,-11,-2,20,7
233,642.2400000000000091,9,4,-3,2,1,-18,448,-23,12,4,6,4,48,4,12,3,23,13,-7,10,6,7,9,5,8,-3,-8,25,-21,-16,9,8,7,66,-22,8,-15,-40,-28,1,-40,19,-8,-68,54,9,-165,6,-20,11,22,-6,15,3,5,36,6,-44,3,8,1,27,39,3,21,1,-39,-7,-8,3,-8,33,-15,10,6,-38,-8,6,-10,-34,36,-3,-2,-12,12,-29,-33,-6,-2,12,31,-24,35,-60,-21,-42,15,1,10
234,645.4400000000000546,-6,-24,-21,31,2,-33,171,-16,20,2,-11,10,25,12,20,20,16,12,18,5,30,12,-21,23,-20,-36,9,5,7,-21,-1,-28,2,-9,6,-38,-31,-29,-12,-32,-3,24,23,44,-163,-12,5,2,-19,-60,6,16,-5,13,-2,13,41,15,7,29,3,54,-6,50,65,-7,52,18,-10,9,3,-22,8,14,-10,32,-1,40,34,-19,-28,-7,23,5,-29,-6,23,10,43,-18,-17,-3,-21,8,-4,-16,27,-9,4
235,648.6399999999999864,-13,-2,-12,-56,-4,-2,-58,-21,14,88,-8,-2,23,-4,-2,-4,21,24,14,-3,17,-26,-30,-2,-7,12,-11,-20,57,1,-26,12,-4,-15,-17,-3,5,-5,-12,-46,-48,-1,-19,187,-12,-22,16,26,0,39,15,-25,-34,-38,-40,17,-9,13,-11,-15,-1,3,35,26,-23,37,-8,-20,-23,14,16,13,25,16,1,14,-35,-15,-48,10,22,-14,-29,-21,-30,12,-3,-21,31,-26,-7,18,-28,-59,-15,20,-29,-11,-32
236,651.8400000000000318,6,21,-14,-55,8,-4,115,-2,-115,-25,-3,5,-33,3,2,-3,2,-39,-11,-2,-32,7,-3,-7,-30,25,-7,-10,20,19,0,-25,3,-16,-2,-19,-14,1,26,-15,24,-8,-24,-42,38,-47,-26,-37,-33,-27,-131,3,-4,-19,-22,-29,-18,23,-8,10,-4,23,-45,47,45,5,20,-19,-17,-7,-29,16,-19,17,6,-10,2,-1,2,26,-5,19,0,4,-23,0,-5,64,-19,-35,39,-63,1,9,-5,-29,14,-12,-7
237,655.0399999999999636,0,-4,-1,0,4,-2,-151,-23,88,7,-8,-7,-23,-10,-12,9,5,11,-11,-16,36,-34,-30,1,-21,-15,-11,9,-4,-19,-18,-18,-18,-33,-18,-7,-17,-12,16,-5,-13,-20,-20,18,68,6,24,39,-13,26,6,17,48,-40,-19,1,-18,27,5,2,-3,-5,-44,-5,61,29,21,-23,13,-35,-8,-8,-9,14,-2,-51,10,-49,6,-55,0,24,42,30,10,-22,29,-6,24,4,-47,-62,-56,-27,10,-33,-7,11,-1
238,658.2400000000000091,-5,10,-20,59,20,-23,-51,-19,165,-17,2,-19,-18,-4,-1,0,-28,-29,2,-24,-3,-22,-27,-13,7,35,1,-19,-18,8,11,-8,-8,-12,-26,-24,19,60,-4,12,41,9,9,-12,-34,6,-2,15,-14,-9,-11,5,0,16,-5,25,-1,4,-5,-8,1,5,62,-158,-8,-21,20,-4,9,16,1,-11,-8,-9,-6,11,16,-2,-33,-4,5,-28,-18,-31,-6,26,-21,-2,-11,6,0,-29,10,30,-19,-20,11,13,-23
239,661.4400000000000546,8,4,-10,-41,11,4,2,66,47,-10,-89,-1,-25,-9,-4,-2,-10,-32,-7,-12,-31,-17,-12,-13,0,-39,1,1,4,-24,-19,6,4,12,-47,-24,2,-8,-21,-3,3,12,-4,-35,-24,-18,2,36,2,8,-27,-24,72,-47,3,-21,-1,-22,4,-45,9,7,40,-4,-15,46,24,-16,-22,-10,22,-21,15,-6,-5,17,15,19,8,61,10,-3,0,-15,-21,-13,13,9,20,16,-12,37,0,-34,0,-25,17,-3,4
240,664.6399999999999864,-3,-13,-18,43,26,-8,6,13,5,-13,14,-25,-6,-7,8,-3,-6,7,1,-17,-3,2,9,-29,7,22,4,-10,-2,21,-4,-16,-2,-4,-12,21,-22,-11,2,-1,9,5,3,3,39,3,21,-8,-53,3,40,-4,-45,1,51,-33,-27,-24,-13,3,-6,-10,-25,-31,-29,6,-34,22,-9,-23,-11,4,-14,1,-11,2,22,10,50,-14,17,-33,51,-21,-26,-2,10,22,19,18,21,45,-35,18,31,11,2,-10,-13
241,667.8400000000000318,-24,12,-7,-29,-15,3,-42,-11,7,9,-46,-6,-6,-2,-11,-15,-1,-8,21,-8,-13,4,-8,15,1,-8,15,-21,-23,-37,2,-24,-4,8,-4,7,12,19,-11,-2,11,-24,35,-194,-1,81,-5,-41,31,7,-13,-7,54,13,-40,8,-11,-12,4,7,-6,27,13,16,13,17,1,4,6,-31,-28,-10,24,-27,22,39,4,1,35,33,-30,12,-29,34,-28,-14,-69,2,-36,-13,-6,-25,4,-38,1,5,-3,-5,17
242,671.0399999999999636,-7,2,-6,-9,12,-1,18,-13,10,27,2,5,-4,-2,7,-9,5,4,1,3,-1,-2,3,-1,-13,-26,1,19,24,-12,4,26,2,12,10,26,64,7,6,-13,19,14,-8,-62,-82,12,-1,-33,33,22,10,-10,18,52,5,-15,15,-23,-1,-10,-7,-13,1,21,20,-31,10,17,-14,31,-35,6,16,-8,2,-22,-9,8,49,14,2,6,-9,-2,16,2,-8,-34,22,5,-21,-64,63,42,-20,15,-48,-22,11
243,674.2400000000000091,13,-14,-16,24,10,5,31,64,-14,-43,13,4,40,4,-1,2,7,12,-34,8,13,11,3,-13,-11,24,12,-15,21,43,0,10,5,-3,12,-9,30,-33,11,22,11,-38,-10,-8,-7,-10,-8,19,0,-22,7,-7,-11,0,2,-28,-10,33,-10,18,-4,-7,-22,19,-60,34,-43,-9,-2,-10,-4,7,18,0,8,-13,-5,8,14,3,28,-1,-2,4,30,-20,7,32,-18,-34,-20,-11,17,9,36,149,22,-5,6
244,677.4400000000000546,9,-11,-8,4,-21,21,10,121,10,35,-5,2,-19,-4,4,-20,-9,14,1,2,0,8,-13,0,6,4,-3,-24,11,-11,10,-6,-13,-20,16,7,-42,21,-5,24,-38,16,-1,7,8,-68,-8,-11,5,-26,23,4,14,-21,19,19,12,4,15,6,26,-2,-31,-10,-55,48,-40,12,9,-34,-34,-1,12,4,-22,-45,-12,-5,14,-5,0,27,-5,20,7,-3,-13,-8,-28,-14,22,13,33,21,-6,48,3,14,4
245,680.6399999999999864,-10,1,-12,19,5,-19,-293,-53,19,-44,17,9,9,-7,8,8,23,5,-37,14,-31,14,12,7,10,8,0,4,-2,21,-1,6,2,19,6,10,16,-13,-5,-9,13,-7,11,38,32,-4,16,16,18,37,-32,2,-11,39,-4,-10,31,12,2,7,-19,36,31,33,25,5,-35,-23,-3,-1,-9,-16,-20,-17,52,-26,25,25,-20,-30,-2,10,1,0,8,12,-7,5,2,41,-22,36,1,114,31,-7,-28,21,9
246,683.8400000000000318,7,-8,2,18,-7,28,54,-10,13,56,8,7,25,0,37,6,3,7,0,4,-4,32,-10,-2,21,-10,7,5,-19,33,2,15,5,-5,19,6,-28,10,-37,16,17,14,19,-15,67,-7,-26,22,-13,33,-2,18,-18,16,46,-12,5,-19,11,17,5,47,1,30,-24,-13,-15,-3,17,43,11,-11,-39,13,14,38,-10,-2,-10,17,-24,5,52,-10,1,-15,34,18,-9,-12,6,12,44,34,65,-2,-35,11,-7
247,687.0399999999999636,3,-45,69,-14,-11,1,46,-1,8,0,9,16,33,3,4,4,7,11,-30,21,-36,20,25,26,3,-17,7,7,-6,35,7,18,11,14,15,-1,-15,11,16,26,-8,7,-34,-16,38,39,17,15,6,0,25,8,-18,-18,-6,-22,27,20,-11,-8,-6,-77,-5,-56,-13,7,-7,8,6,39,3,30,23,8,-7,43,45,-15,11,-14,11,11,18,20,60,29,-10,36,3,-44,-14,20,-10,-3,-28,77,69,-5,-21
248,690.2400000000000091,0,52,109,1,-27,1,39,1,-4,3,15,9,-3,9,-16,4,-8,-3,0,16,0,10,27,11,11,-2,2,4,24,-4,9,24,6,23,12,31,12,1,7,31,5,13,-8,9,-155,26,0,1,25,13,30,39,39,-5,25,-20,-2,-21,20,8,25,14,38,63,-6,-20,11,-10,13,20,33,-58,14,-11,-31,-36,33,18,12,49,7,-17,14,-36,12,-17,-2,-18,-8,17,20,25,5,-43,-10,-20,-12,10,11
249,693.4400000000000546,1,31,-40,-38,-7,-7,25,-19,-105,36,1,8,-20,22,-27,17,28,2,-13,7,29,21,-1,3,-10,1,7,3,25,35,17,8,16,-10,14,12,-4,-9,30,4,-8,-17,17,22,1,14,13,31,-21,-8,18,-23,2,-33,-4,-11,8,-20,-4,1,-9,-61,-59,37,39,-73,9,-5,-1,21,29,-15,23,14,-6,-14,-24,33,-15,22,6,29,18,25,15,24,-1,14,14,9,3,2,-9,42,0,-41,24,5,-6
250,696.6399999999999864,3,16,33,-15,-19,-11,24,-5,-29,29,2,10,-15,16,29,12,11,15,7,10,6,-17,25,-3,-8,23,10,16,-3,-26,-14,-1,14,3,-6,-4,2,20,5,-24,-4,-49,-18,33,34,-15,1,-35,24,-14,38,0,4,-1,7,42,24,19,8,7,-4,-128,4,25,29,-88,53,17,8,10,36,29,28,-8,11,17,-13,47,-43,-25,-15,18,-47,38,-7,-25,-40,9,3,-1,-10,-9,-51,-29,-16,-40,-1,11,15
251,699.8400000000000318,14,1,0,26,28,11,12,-20,34,5,-45,-3,-14,9,-25,2,3,10,23,6,13,16,-13,-2,4,11,12,9,-19,-28,17,11,-7,6,14,14,51,-7,7,-21,2,-5,26,-27,32,5,1,21,15,11,-1,-8,38,-7,-17,63,-26,-54,4,-6,30,-57,40,-8,-1,52,53,-26,-20,-6,25,6,-48,0,9,-4,-11,8,46,-7,-22,3,11,22,-49,45,16,-13,1,81,53,77,27,3,21,-6,-17,10,9
252,703.0399999999999636,-10,-1,-20,50,6,16,15,-23,19,-38,130,12,31,-14,-12,4,16,33,8,12,17,2,10,26,2,15,-7,-23,-10,-37,-10,1,-3,-9,-5,1,-26,-12,2,-16,31,-15,3,-57,52,47,39,23,64,3,15,1,8,59,-10,17,-5,9,-6,2,-14,13,28,28,-2,-38,36,3,-3,-3,30,3,6,10,-10,-12,39,-37,-48,-8,-18,12,7,-24,0,2,57,-13,-15,-30,3,42,23,50,-25,-36,-6,-7,-16
253,706.2400000000000091,-1,-16,90,31,-5,15,14,43,8,6,-7,-11,4,18,-17,-5,-18,-1,20,-12,-10,9,-2,12,3,4,-8,5,-13,-1,-1,-16,-7,-4,7,-10,9,32,-4,0,29,64,29,107,-105,-16,-8,17,-16,9,-3,8,13,45,-10,11,-27,14,13,-8,15,129,-16,-21,24,32,-12,34,-27,11,28,23,12,-5,-4,11,-6,19,20,41,4,-4,-2,-1,-5,-21,10,-15,-12,-5,-10,-25,-43,-47,-3,-19,6,7,-30
254,709.4400000000000546,-3,4,-89,15,6,-158,17,4,20,0,-7,4,-28,-9,-7,3,14,3,32,-7,-11,-17,-7,12,10,24,-5,-1,-48,42,-19,-15,1,0,-8,-18,18,-12,-3,-2,-28,15,6,-2,-48,-27,25,11,0,-22,-41,16,-57,10,11,-1,-6,64,-4,4,-14,-23,6,19,1,38,-40,30,0,-17,-14,23,-10,13,-22,-3,21,-35,-3,13,-32,-24,18,-15,55,17,-6,27,-12,43,40,-77,1,0,4,-11,6,1,58
255,712.6399999999999864,13,0,-50,-49,4,109,32,-33,36,-5,-16,-8,-15,-9,5,7,11,13,-10,11,6,3,-14,14,14,-4,5,28,-1,-17,-1,-19,-3,4,-8,-1,-3,10,17,26,-1,-6,23,37,42,-28,15,-41,0,-20,25,7,-65,10,-18,46,44,-12,-3,15,1,-3,37,-83,38,-36,6,32,29,-48,-29,3,-21,8,8,33,-11,0,51,-82,4,-31,-32,9,13,8,-8,3,-41,10,-6,-30,-22,-12,17,2,-3,4,-9
256,715.8400000000000318,12,6,-2,-20,13,86,38,-16,42,-3,-18,-11,10,12,-10,-8,-8,-49,5,-11,18,-24,-5,-14,25,-20,-17,-5,-20,-31,-9,-5,2,-7,-19,3,3,5,-12,-19,-1,-12,-18,-24,-15,11,44,-39,27,-37,-17,19,-31,47,-59,2,-59,26,8,-19,1,-48,-4,-28,-5,34,29,-31,-16,-1,10,16,-28,6,3,-9,-18,-37,4,-64,-17,23,-38,-12,-12,31,-2,-43,57,19,11,-24,75,-53,12,4,19,-24,59
257,719.0399999999999636,5,-7,-38,-32,-16,5,-148,-7,42,-13,-5,-12,-23,-16,-1,7,-30,-36,20,-3,-3,-34,19,3,-23,-24,-21,-9,0,-17,-16,-17,-3,-4,-13,4,-12,28,30,22,-19,-5,6,13,-36,5,-53,2,-21,41,29,-2,10,-11,44,-27,-24,-1,-8,2,13,76,43,21,-61,-34,-46,28,-22,-22,-13,9,-20,10,-25,40,-16,-38,-39,17,-2,-6,3,12,-30,3,2,6,36,-12,-6,-34,-20,-30,3,-50,11,-9,11
258,722.2400000000000091,1,-17,-31,4,1,4,-221,-11,32,7,-16,-9,9,-10,4,-8,3,-2,-6,-5,-15,2,0,-28,-7,-24,3,-7,12,23,10,1,-3,1,17,-12,-19,-39,1,16,-18,3,-7,-7,-19,50,-26,3,31,-46,1,-30,-10,-21,-25,17,8,-101,4,6,-7,-25,-5,-70,15,4,16,-16,-13,9,-17,-8,-19,0,-13,-43,-4,20,-62,-21,23,-7,-25,23,-5,-31,-2,-23,-42,15,-14,-24,44,13,-12,52,-3,-3,19
259,725.4400000000000546,-17,10,-22,21,27,18,125,2,52,-25,-6,9,19,-3,4,-1,4,25,-21,-3,-49,12,-12,-9,-8,-22,8,-9,0,-3,-8,4,4,-1,19,6,6,-14,26,-1,11,-20,-15,-16,65,15,0,19,-17,4,38,-13,12,-14,-3,20,-17,72,7,-10,6,28,-69,-8,-14,-15,-31,-9,31,-4,-13,-23,14,1,11,1,-30,-1,-26,11,45,8,2,-26,5,1,-9,-14,-4,-22,-10,3,-15,-12,3,17,-18,-1,-23
260,728.6399999999999864,23,-12,131,-1,19,8,38,0,46,-6,-13,13,9,-3,9,14,6,10,-13,1,-11,-6,-7,-4,-5,1,-11,3,0,33,6,10,-3,-12,13,0,2,-27,-18,-32,22,3,0,27,42,-44,40,17,-48,-6,-35,2,15,1,-23,-15,12,37,-6,14,-2,9,-31,10,-39,87,16,23,53,-16,-2,35,17,5,14,-16,19,33,49,46,18,-37,22,9,-21,1,10,25,38,-6,-16,15,-37,2,37,35,12,20,-28
261,731.8400000000000318,1,44,42,-25,5,42,33,18,-312,17,-22,13,13,1,-7,15,-13,-1,-6,5,1,-1,15,15,-31,18,11,-8,-1,12,15,-1,-5,-2,7,10,18,4,-9,-18,52,2,-18,20,-5,62,10,-37,1,0,-95,7,13,-56,67,-34,-20,20,7,25,-4,23,3,-40,8,-7,30,-2,27,3,-15,-14,-6,2,25,-4,2,4,39,-49,-17,19,14,-17,10,-26,-2,4,38,-41,-21,24,-15,-26,-17,7,-12,-1,-19
262,735.0399999999999636,-10,6,-11,11,-4,81,57,-19,-53,-49,-11,0,-20,1,30,-5,44,-4,-19,-9,36,-8,-18,-21,5,18,19,22,20,14,20,8,-4,13,1,3,-9,-4,5,-3,-35,9,-25,32,21,-1,14,-50,-2,30,-62,31,10,7,-12,2,13,-5,-7,-15,10,35,-6,-61,-21,-17,-21,6,1,14,-8,1,26,0,-11,0,11,-3,-17,50,32,-29,-44,-44,29,-2,10,-42,-5,20,-29,13,3,-26,4,-6,13,11,-12
263,738.2400000000000091,4,6,-21,21,2,-21,14,-12,32,11,-14,10,-36,5,43,-7,-34,-4,11,-1,20,28,-12,-10,-2,-9,6,-16,3,-13,7,-19,12,18,36,13,-12,11,-2,23,-58,50,-12,14,-50,-6,-7,-3,-2,14,30,4,39,0,8,-17,0,24,0,-1,-5,-12,-12,13,8,27,8,-15,2,-4,0,-20,-18,-26,-17,-30,-5,4,-18,-25,25,-11,39,25,-25,-22,3,17,-16,-37,-27,5,-56,41,11,-8,4,5,0
264,741.4400000000000546,3,-10,-108,-23,6,-97,34,15,32,9,-12,5,5,4,-2,9,-28,-10,14,19,5,4,1,-7,3,40,5,24,-4,1,3,11,9,-14,-12,10,1,-23,25,-13,13,-14,13,6,4,13,-30,3,1,75,-16,6,6,-27,2,4,26,-46,-3,11,5,63,-35,-22,43,-38,18,-23,-29,9,-20,3,14,3,15,18,11,5,25,24,3,27,8,-7,8,-24,-12,12,28,-54,30,15,-42,19,-31,-13,-36,-8,0
265,744.6399999999999864,1,14,60,42,-29,12,39,18,37,-30,-10,1,22,5,8,-7,-11,2,3,-2,-14,-11,4,1,17,4,9,22,-25,37,-13,-7,1,-9,14,21,2,7,-10,24,-15,7,6,-19,50,2,-10,20,20,43,26,-70,8,-3,4,35,44,-4,6,16,-6,-41,47,46,22,-8,30,2,-6,55,-6,-14,0,-17,-18,12,4,-24,-26,27,3,13,-17,5,-2,2,14,15,30,42,24,45,-4,47,6,16,9,0,-36
266,747.8400000000000318,-3,-2,68,-17,36,-121,37,109,-79,-2,-6,-18,-34,7,8,10,26,-14,50,0,7,13,13,14,-10,-6,5,-15,45,-23,-9,4,-5,-7,-46,-30,-10,-8,-35,-26,2,-3,11,-36,0,-2,12,-4,12,-28,-7,-5,30,-28,33,-27,-11,2,2,-6,4,-8,-34,41,11,-36,-55,6,35,-29,12,-4,3,13,-3,3,4,-3,2,67,-10,-10,-24,-37,25,-8,-32,20,-24,4,14,-41,40,-33,-13,-12,-10,-18,-12
267,751.0399999999999636,3,8,8,-8,-45,-12,32,1,-293,14,-4,-10,12,7,-20,-3,22,19,10,-11,8,-6,8,0,-6,-3,1,26,-8,-9,-8,-4,-5,4,-37,-13,0,-13,-17,-11,-10,8,-5,-107,23,-83,-5,22,1,-31,37,3,18,-33,11,-33,2,-47,14,-28,7,23,31,43,-1,41,8,-9,0,46,-9,-6,2,-34,-18,31,-4,-13,25,-45,-7,8,25,-43,-10,6,16,-35,-11,31,43,-13,9,32,5,13,-6,12,-25
268,754.2400000000000091,-20,-47,-28,-49,-22,24,-6,-6,56,19,45,-11,1,-2,-7,5,18,9,-36,-11,4,-12,-1,2,46,-7,-2,-8,-34,-23,3,10,-1,-4,22,-1,-19,-8,9,61,-2,13,8,13,-16,-59,-16,18,24,1,34,-1,5,45,-10,25,57,-2,15,9,7,-11,-8,47,15,-55,-44,-20,-6,-30,-33,4,13,-15,56,-6,14,-6,22,-35,8,-2,-29,-16,3,33,-3,22,-23,-16,7,17,9,10,38,17,7,-24,-17
269,757.4400000000000546,-18,-22,-26,41,-7,7,-251,4,23,-53,79,0,-12,22,23,-15,2,-18,3,-3,3,-6,-23,-11,-8,3,-17,-15,-26,0,15,-16,-9,3,-26,-14,22,29,8,-7,10,-2,30,4,-162,15,23,-20,-21,-1,-56,23,0,-3,-19,11,20,-22,-8,50,-17,-32,-58,48,-5,-64,29,-27,7,-4,5,29,14,5,-26,-25,-1,-18,-17,51,17,17,33,37,-10,22,11,-15,14,-32,30,8,26,-19,-19,-6,21,7,14
270,760.6399999999999864,-15,-5,-26,36,15,5,-180,25,30,-11,-29,15,21,0,4,21,1,-14,-10,-17,-10,-7,-10,-4,2,-3,-7,-14,8,-37,-4,1,0,-12,15,14,-18,25,-42,-35,-3,-12,11,-12,61,9,-37,-22,-6,-16,-13,0,38,17,-23,-12,-39,-3,-10,-22,9,-24,-6,30,24,78,-5,9,-7,25,28,-6,4,38,7,76,-7,-1,30,-30,-8,6,-57,62,3,17,-40,18,34,9,64,29,27,-34,-2,0,-25,1,14
271,763.8400000000000318,-16,-29,-30,-2,3,14,133,-5,25,7,10,8,-25,-5,-6,-17,-5,0,-20,-7,20,-2,-12,-9,4,-20,-8,-4,-10,-20,-30,-10,-16,20,-5,7,17,8,19,4,-6,-4,-10,17,29,-13,-47,23,3,-29,21,-21,-57,-15,84,-19,-47,-25,-8,1,6,17,2,57,-5,21,27,8,-15,-2,0,8,-2,16,48,-23,-48,-29,-12,-30,-14,-21,15,55,-25,-5,24,0,-35,10,-16,4,15,-3,35,-23,9,34,43
272,767.0399999999999636,6,18,39,11,-26,37,-58,-93,30,-2,131,3,27,-2,9,-20,-1,-5,9,14,-11,6,21,1,-12,4,-4,-7,32,41,0,-17,4,5,20,-16,1,6,-25,5,29,-19,6,-5,22,16,-5,-16,-1,-10,61,0,-63,-34,-33,-26,1,6,-7,-5,1,43,56,-95,5,35,12,22,21,-6,21,32,-5,6,8,29,8,-31,-7,-4,13,34,21,11,21,30,-27,22,-23,-5,-44,-10,30,-10,-8,29,12,9,15
273,770.2400000000000091,2,-10,50,-24,-1,-22,-10,-101,42,52,-28,7,28,-13,-37,4,-16,15,-16,10,-22,20,10,13,-6,8,-24,14,16,-4,7,34,13,7,23,-2,-14,3,-9,-10,9,8,5,-31,86,17,22,-32,-25,-9,43,2,-44,17,-20,-4,-24,6,24,-18,3,-8,8,39,-38,28,7,12,18,0,-14,-11,16,-4,-37,0,15,0,34,21,-6,-29,-15,1,-14,3,34,-16,-32,22,54,-34,15,-1,-20,-28,15,-5,16
274,773.4400000000000546,7,12,68,-10,-21,2,3,-3,11,110,-26,0,-15,-3,-1,-5,-17,-4,-2,-1,32,-5,24,13,3,10,7,6,-7,8,9,5,1,-5,6,-10,-3,18,40,26,27,1,9,-51,-123,-50,4,41,-5,-7,-28,39,-49,19,-4,-34,15,26,-2,-10,-4,47,-17,-15,-20,-12,-12,4,26,10,26,11,25,16,8,-26,47,35,7,-23,-9,-10,38,23,-16,-21,-14,18,29,61,-54,-1,-23,15,5,10,23,-21,26
275,776.6399999999999864,1,6,-14,-22,19,3,47,-4,15,-33,-16,5,-13,-16,-10,1,-21,61,16,11,-15,8,20,-6,15,-7,5,13,10,21,-10,-7,2,-9,-29,-16,-1,-8,32,33,9,-5,18,45,35,45,11,45,-42,24,-25,27,41,-8,-24,17,-19,15,-18,13,-22,21,-25,-21,-40,29,6,-11,-20,66,5,-2,36,-10,-27,-19,-23,53,-5,-59,-6,32,-9,3,12,22,-12,-20,2,5,-47,-8,-7,-2,-2,11,35,4,2
276,779.8400000000000318,5,20,-21,24,18,28,20,-25,9,-6,-11,6,-4,4,-8,8,5,-1,53,-1,11,0,12,-7,-10,-2,13,-11,10,-34,5,2,8,-7,2,16,24,-37,-9,-6,13,-6,29,-29,-20,-7,13,3,-16,-20,54,-3,-8,31,-13,-6,-23,-26,16,3,15,-28,25,-42,-1,-28,28,11,20,13,4,-14,-12,-17,10,-4,10,22,-9,-9,-13,-15,4,6,-7,-22,21,-20,-70,-2,-65,9,-44,10,-1,-13,4,-15,-21
277,783.0399999999999636,7,21,-13,-20,-2,28,6,115,17,7,-13,-4,4,3,26,-7,-2,0,-14,6,29,15,1,-9,11,17,-3,12,9,-6,27,-5,6,5,-2,-4,-25,-11,-15,-7,20,-8,-26,34,11,6,8,-12,-15,8,-10,-14,16,60,33,25,47,36,-5,4,-17,-7,25,-41,-32,4,-55,27,-38,-11,9,4,1,8,17,-43,3,15,-13,-2,2,1,58,26,-4,31,6,11,22,-20,-38,-46,-34,-3,-18,1,-77,10,-15
278,786.2400000000000091,-1,14,-31,-12,23,-54,31,-52,122,-9,-21,1,1,-2,1,3,-16,-17,3,-1,-19,-14,-4,27,-3,35,20,13,38,30,-2,31,-3,-7,0,-9,21,10,-8,26,7,3,-61,-6,56,4,2,-11,46,8,-29,-20,3,-24,5,34,-23,22,3,9,0,-13,-22,35,8,0,-16,-24,-7,-16,8,-52,-12,8,8,-37,-6,37,-36,4,30,2,1,12,7,-15,17,-1,14,15,41,-8,-4,6,-14,8,48,-7,4
279,789.4400000000000546,12,9,-13,9,-3,-121,32,7,111,14,-26,-9,-3,-2,-45,1,25,-22,-8,5,25,24,2,-3,-6,17,2,-6,-9,3,11,18,5,3,3,2,-9,28,-18,-14,-10,-13,-10,-25,-2,0,44,31,-7,-25,-30,28,18,13,4,29,16,12,2,11,3,-48,-33,-68,27,-8,52,-2,-2,1,-22,25,-3,-21,-4,32,-10,21,-30,38,-14,-8,-37,6,39,-17,-12,6,3,-8,-6,18,23,-9,28,24,8,18,-15
280,792.6399999999999864,4,8,72,6,13,139,6,10,-20,85,-23,5,-21,3,3,7,-16,5,26,13,-18,-1,-3,1,-4,3,-4,-6,-3,8,-8,-29,-7,-6,9,37,-15,13,-24,-17,-19,17,-13,30,1,-3,17,-29,19,-15,-11,15,52,-18,-8,57,16,52,8,-11,-6,-5,15,-54,36,-25,-39,-2,-14,-24,7,-4,-5,18,-14,-11,-7,5,16,17,-31,20,-15,-12,-24,-33,2,-11,27,-12,1,-13,-2,12,-1,3,-3,17,-10
281,795.8400000000000318,3,-2,-114,1,13,-115,15,6,-1,17,23,-4,-8,-2,-4,-6,8,-5,-8,1,7,4,-11,23,-11,-4,-6,-25,-14,11,4,21,-8,38,-15,-3,-26,-4,-11,-9,-45,5,-7,80,-11,-3,-24,6,52,54,13,1,4,-10,16,-30,31,-14,6,16,2,31,46,66,23,-9,6,-17,-16,-36,-12,-40,-13,-30,5,4,33,-32,13,-16,30,15,1,-92,8,-21,15,11,36,-31,-10,-3,-11,10,-18,6,-2,-3,-16
282,799.0399999999999636,2,-3,-19,7,-9,11,7,13,0,-5,118,-8,47,2,7,12,-7,-12,-22,2,21,6,-8,1,-12,4,8,24,-24,-7,-7,-9,2,-11,13,-28,-7,-11,71,19,16,5,1,23,-51,-1,21,-2,12,11,-25,-20,-50,17,68,-33,25,2,-3,-46,15,-52,67,131,-29,3,-14,-14,-49,-65,1,2,1,3,22,15,-42,4,52,22,15,11,23,5,-17,-19,-23,-20,-9,15,39,55,-19,24,-9,-18,-1,-20,-13
283,802.2400000000000091,10,-18,-11,-12,25,16,-14,18,11,-23,-6,-15,7,4,20,-4,7,-6,-14,-2,-23,-5,-4,-5,-2,-17,-11,-11,-14,13,-13,-14,7,-25,13,15,5,-9,17,-7,-3,14,33,-30,-14,-5,-8,-7,-12,17,-35,-1,42,-7,-8,-12,0,-33,-9,60,13,60,47,57,-42,-39,-13,-10,-4,-19,-4,8,-27,1,3,-4,-6,9,-31,45,-15,4,-41,-41,-4,25,-10,-22,-48,-9,45,25,1,3,18,-5,-12,0,48
284,805.4400000000000546,-9,3,95,-14,14,-13,45,74,4,-4,-12,-3,1,4,15,4,29,-14,8,-17,12,17,-18,5,-12,-21,5,-12,-17,-11,-3,1,6,4,-6,-2,-10,-24,15,-23,-14,5,19,31,22,10,-2,-18,30,6,-6,15,11,-35,-1,-38,-7,8,9,-24,-11,28,-10,-45,-8,-14,-13,-3,3,3,10,14,-8,-5,24,9,-1,1,-23,-16,6,9,22,-61,1,-31,60,23,14,-10,12,-18,13,31,23,28,-32,5,5
285,808.6399999999999864,22,22,9,18,-16,-7,-176,104,6,4,0,6,-5,12,0,10,13,0,-6,-6,-9,-10,5,-10,9,-3,-4,-23,5,11,0,2,-5,-6,-4,5,15,-28,-4,19,-3,-19,10,43,151,-17,-29,-21,5,24,27,-2,-3,9,-42,22,-16,-57,-11,8,22,-103,37,-12,0,-11,-16,-1,-8,13,13,30,9,10,-6,-37,-2,-9,24,-17,-35,16,34,-41,-17,-7,6,-8,50,21,-6,-7,35,20,11,-55,-1,-4,-18
286,811.8400000000000318,11,-13,-17,-47,-8,-4,-15,22,18,10,4,3,14,10,-10,-1,19,-8,-3,1,-30,-31,4,11,6,11,-5,-15,11,43,2,2,10,-6,3,15,23,42,-16,-11,12,20,12,-48,-109,3,-40,12,4,1,-25,33,-32,-32,2,4,-16,46,-2,-17,8,-36,-36,-29,35,-55,-10,-21,-11,-30,11,-15,-13,0,-47,48,-17,38,-55,1,-20,9,-76,-11,34,-5,12,17,-3,-72,54,-40,1,-19,13,-8,-20,-1,26
287,815.0399999999999636,-4,-22,-8,74,-17,-14,16,-155,14,-75,-2,15,10,3,-25,-8,5,8,-24,-8,-6,8,-14,-17,14,-41,-7,31,-3,-14,18,2,4,25,-35,-2,-6,-9,22,22,-7,21,6,-15,8,-1,11,-4,-11,23,61,0,10,39,-17,-8,-20,-9,6,2,-8,-79,15,98,-1,31,-1,9,26,31,-17,9,3,-3,15,0,11,-37,2,-18,4,-43,-18,10,13,20,9,24,-36,28,1,-9,-1,3,3,21,-6,-30,-10
288,818.2400000000000091,-20,-23,-12,49,-26,-56,-64,-146,-116,-41,-4,-3,8,4,17,-3,-14,-16,-4,1,9,10,14,0,23,-8,3,33,24,-41,2,-25,-5,-2,15,-17,14,-11,-19,-26,10,21,-3,-13,33,-20,14,4,-14,-58,47,-8,-38,31,-15,-9,4,4,-5,-21,-3,24,-26,-6,98,67,6,30,18,16,3,10,-31,9,-4,-2,12,20,-8,1,12,1,3,4,8,29,-14,3,14,22,-29,15,2,-12,-33,-4,21,-2,-30
289,821.4400000000000546,0,-62,-13,33,-11,-42,46,-10,-137,-11,-14,14,-17,-5,26,6,-26,14,2,8,3,-45,-10,-5,-2,-12,1,-32,-3,-59,-11,14,-8,-3,-22,12,15,27,6,17,10,-1,-36,-33,-82,2,17,-19,-13,20,33,1,37,4,9,-12,-44,1,19,-19,-2,66,6,-87,-25,79,8,27,1,6,1,14,17,2,-16,-20,-5,-36,15,18,-13,-28,2,17,13,14,48,12,12,-28,-8,5,22,6,11,22,37,-3,13
290,824.6399999999999864,-17,25,12,-50,-25,157,-28,-3,6,-28,-15,-11,3,-2,-2,2,8,-4,15,3,-1,3,13,1,15,7,-12,19,-17,-8,6,1,-6,0,27,-8,-17,19,14,-6,28,-29,-22,11,12,-3,-5,117,-31,12,83,-13,35,13,-2,19,17,36,-23,-8,-7,2,-22,-43,24,11,6,-9,21,8,-20,2,-7,8,-16,12,21,-5,8,14,13,-17,-5,38,24,0,33,-11,-13,-30,0,-1,29,-14,-11,27,-15,5,-5
291,827.8400000000000318,4,45,-18,-9,8,-102,192,22,18,-67,-41,-8,-1,-6,2,0,-15,27,9,6,-3,8,-7,-4,-8,5,11,-46,-7,-7,-24,-9,0,6,24,12,6,7,2,-16,-7,-37,-6,93,0,22,-52,15,26,25,-37,-15,15,-17,32,3,-7,-46,12,-30,-16,81,-56,12,-5,9,-4,21,-15,10,36,-3,3,-1,25,41,28,12,17,35,-39,-2,50,20,-15,22,-4,-10,-49,48,4,-8,49,-25,3,5,-5,2,3
292,831.0399999999999636,14,6,-8,-37,-29,38,-14,21,24,-21,-79,-1,-6,-6,-16,5,9,10,-17,8,-3,-10,-3,8,1,2,0,-3,11,45,17,28,-3,-3,14,-11,44,-10,-13,-3,14,-15,7,1,39,-15,45,-12,-8,-56,-25,1,19,39,-23,23,13,14,-6,-19,14,29,-11,-68,-13,83,-9,-2,5,30,-20,-10,-7,-4,-4,57,-4,-1,-10,-3,-17,23,46,-8,-62,14,-51,-41,0,21,-38,45,13,-6,13,-78,18,13,-8
293,834.2400000000000091,-16,7,3,-39,25,23,-33,8,27,94,-12,8,-13,-9,24,18,5,5,16,8,33,2,-5,5,3,5,20,-9,7,2,-3,15,-6,19,-25,11,-8,23,-15,2,10,9,14,-15,40,51,40,-17,-12,-9,47,-11,2,23,-19,37,-7,-2,18,18,10,-30,-124,28,7,6,24,-24,5,1,3,-40,-3,3,6,-50,32,-15,-12,88,8,-25,-40,40,-28,0,-68,11,21,33,37,29,-36,53,-1,-2,19,21,20
294,837.4400000000000546,9,-25,3,15,-1,69,-3,23,22,18,1,13,-1,10,-17,-7,17,7,-13,1,-27,-6,26,-2,-8,13,-4,46,43,11,11,9,-1,15,-2,21,20,-18,-17,-4,-47,-7,29,28,-1,20,20,23,33,-4,-27,-15,-27,-29,13,21,19,-26,-17,3,-4,43,16,-19,-44,-33,2,3,-27,26,-12,10,-3,22,-16,1,-4,-4,50,20,15,-21,0,-23,3,17,-11,-58,4,-25,-49,-31,66,-21,11,9,-19,23,40
295,840.6399999999999864,16,12,160,27,-10,156,24,69,9,14,1,10,4,2,9,7,4,21,19,-2,23,25,-11,-18,-11,-14,10,28,1,-8,16,-3,8,-1,8,-8,2,-12,27,-19,39,6,19,-14,-15,-13,-45,-28,57,-34,17,-17,8,-25,-4,-9,-4,-11,1,-59,1,41,18,-42,-1,-4,11,20,2,-33,17,49,6,-16,9,27,12,-50,0,-25,6,-22,48,13,10,-63,-54,18,-22,18,24,-6,-76,-15,-16,-17,-42,0,-29
296,843.8400000000000318,14,12,-12,-2,25,-15,228,78,18,1,-1,0,3,-2,9,12,-18,9,11,4,13,10,5,-19,-10,0,15,11,15,-8,-19,4,-3,5,-5,-5,2,5,-10,26,31,14,-3,-23,28,66,-22,34,0,-24,-24,15,17,9,0,33,52,29,-20,145,-13,-6,-5,-28,6,-11,38,17,23,11,6,-29,5,13,26,-9,-4,26,27,15,26,45,11,27,14,-1,22,27,-23,15,-12,9,-7,-11,-4,-14,23,-16,26
297,847.0399999999999636,-23,-16,-9,-16,10,-30,-43,7,-31,16,1,-3,-3,2,6,9,8,12,5,-2,4,-4,14,21,2,1,-12,7,-21,-3,-12,-12,0,-50,-7,1,-19,1,-13,7,-17,-8,1,18,44,37,30,21,-41,39,-67,-6,-6,-2,-13,-9,39,1,9,6,10,28,32,9,-32,22,66,-4,16,4,36,14,11,13,7,11,-37,-10,15,8,15,14,-5,22,23,21,26,8,45,50,-30,-1,-40,-13,-12,24,33,2,14
298,850.2400000000000091,9,33,-8,55,21,-1,-34,11,-128,-120,4,-24,2,2,-11,8,-8,16,11,-8,6,3,-4,2,9,-1,-13,-8,24,-15,-8,12,0,5,-7,4,-40,6,18,-18,-19,-4,8,-37,-1,42,11,9,-48,-19,-30,7,22,-27,61,-12,-30,40,-7,4,4,-48,-62,9,11,-43,2,14,5,4,-11,-4,-37,-8,16,-26,10,-8,18,-79,0,2,23,8,0,3,1,-19,-15,2,25,30,-6,11,-7,-4,-1,5,-25
299,853.4400000000000546,4,8,9,15,12,17,-50,-18,7,-79,-19,0,0,1,7,10,13,4,-28,5,13,31,12,39,-9,-19,11,0,9,-8,5,-38,-16,-2,-10,2,-15,16,6,26,-52,22,27,-10,15,-105,3,-55,-45,6,-26,-9,-13,5,2,22,4,-35,14,1,4,78,48,-18,24,-15,-12,-3,32,13,-5,4,18,5,-41,-24,11,58,-21,-79,-10,-1,-12,-9,-26,14,-5,13,-17,-22,-45,0,11,11,-24,25,-29,-5,-21
300,856.6399999999999864,-11,-3,-13,-7,-27,-90,-36,1,-5,66,-2,-7,-1,-1,-3,-12,13,-2,-10,-2,8,7,-13,-30,-4,8,-17,-9,-9,17,-3,41,1,7,3,-3,-3,3,-31,12,-27,11,-33,11,5,-16,48,-52,6,23,-9,14,-8,-51,-14,10,27,-15,-3,73,8,23,57,58,10,-9,-22,-27,25,-9,-18,-30,10,-19,-29,-10,-6,-21,10,-38,-40,14,-3,39,-3,-33,6,-9,6,4,8,2,-41,-15,6,25,14,-4,15
301,859.8400000000000318,-1,0,-70,-24,-18,144,-257,-46,-2,7,79,1,-17,1,-17,-10,-18,-25,13,4,-17,-10,-19,-9,-2,14,6,-11,-35,-10,1,-8,7,-22,-1,8,0,-16,25,-2,28,-3,9,-20,16,13,-32,-42,-4,-35,-11,-16,-14,-8,-44,-31,-64,3,-3,-24,2,-12,20,30,-33,-30,-32,-14,7,-9,-4,-3,41,7,7,-2,7,-15,-1,4,2,14,-54,14,29,3,9,-28,15,7,25,32,6,-13,32,-7,14,-1,-8
302,863.0399999999999636,2,-13,4,-28,5,-118,200,14,-18,61,110,-1,16,-9,-5,-8,-10,-20,-5,-9,-2,9,11,-5,-9,-10,3,-22,24,-14,0,-10,-17,-11,-4,6,-16,-9,-2,-6,-16,13,10,-20,13,-68,-51,-30,28,32,-19,-27,-22,19,-25,-25,-17,-27,-14,7,-13,-38,50,72,-22,-59,-1,-10,-19,22,16,13,-3,-30,10,-4,-14,10,-15,23,-9,0,-27,-54,18,11,-12,18,18,-52,-4,-43,-29,-15,27,-17,-2,1,24
303,866.2400000000000091,-15,-49,-31,-27,-14,-70,50,19,-33,12,-7,3,-1,-5,-11,-17,5,-2,14,-16,-8,3,-13,9,4,-3,-3,-6,3,1,-6,7,-2,-20,10,-26,-5,-19,-8,-30,-12,11,10,0,-41,30,-2,-13,-11,2,-3,10,-34,-28,-4,4,34,17,3,-26,-7,-11,-17,-18,8,-61,9,2,11,-34,-11,11,-3,3,9,37,-10,-25,-27,29,69,4,-13,-26,7,3,13,20,20,21,-5,50,-27,13,-4,-13,3,-28,-32
304,869.4400000000000546,2,-24,-23,26,-20,24,127,48,-6,12,-7,-8,-2,-2,-10,-16,-6,-4,2,4,-33,9,5,7,-20,8,-3,-9,-85,29,-9,-25,16,-2,4,18,14,-9,-13,47,12,6,-23,-33,-124,18,9,2,35,9,50,18,27,20,5,-44,-12,-28,11,2,-8,-103,-7,-21,5,-2,24,-6,-59,-10,28,-21,23,15,-27,7,10,-6,-20,-7,-1,-23,22,20,-22,-7,15,16,15,-28,19,-18,41,-1,-29,42,-23,-10,-9
305,872.6399999999999864,-7,1,-78,-4,-4,-9,-40,-46,-20,-10,-22,-13,26,-6,-4,-17,-33,-18,-18,3,-27,5,-6,-5,-2,-30,-18,-34,-14,-24,-2,6,-13,-6,15,5,-31,11,-29,-11,-8,-8,-35,-24,47,-5,2,41,-62,1,11,3,-25,9,0,-23,-3,-14,24,-17,8,-89,-27,56,-15,-27,-16,-1,22,-48,-2,-30,29,5,17,-23,-13,16,-12,-12,-23,6,21,-11,-13,-33,-4,5,9,-59,25,-28,19,-12,-2,-8,65,-2,-5
306,875.8400000000000318,-7,-11,5,8,-21,-8,-37,30,-9,-10,-24,-7,-22,-6,-16,-9,-1,-10,-39,-9,-14,-14,-1,7,-3,5,8,5,42,21,-11,-10,-2,3,11,-1,5,-15,38,-56,-7,-16,-31,35,-9,-108,-11,30,23,14,-23,42,-24,35,13,-36,16,-3,11,-7,8,-29,0,-51,40,19,-15,-11,17,-11,-30,-13,-27,-12,-9,5,-13,17,-34,-11,3,-15,-17,-25,-5,-15,-31,-8,-19,38,-7,-36,22,22,-8,-3,-5,-25,-42
307,879.0399999999999636,-11,48,10,-67,32,0,-43,-133,-9,71,-21,4,7,-2,0,8,-4,-28,-1,-5,4,8,-2,-4,-3,-3,-13,-21,-26,-11,27,0,6,-13,-2,-1,-11,-21,-3,-19,-8,-25,-12,50,44,-5,-36,7,-1,36,22,19,-28,-10,30,-3,-10,11,5,-5,-19,17,57,-14,10,-6,-8,3,19,-5,-1,21,-42,-3,6,-26,-23,16,105,7,10,7,-11,-44,-30,17,-56,32,-61,67,-26,-17,-43,10,-8,-26,-59,11,-28
308,882.2400000000000091,-17,12,54,-8,7,17,-22,-100,-15,-80,-16,1,-8,-3,-17,-36,-4,13,-21,-14,0,10,-27,-2,14,5,-8,14,-21,-2,7,-21,8,30,27,14,24,15,-16,-20,-12,-26,19,-6,-76,0,16,-5,-17,-16,-19,-21,14,15,-5,15,-48,21,-22,-95,4,65,-4,52,-45,33,12,17,-71,19,-75,32,7,-15,-48,41,-33,12,-79,-20,-18,-14,8,6,23,-11,1,19,24,-61,46,-14,28,31,13,24,-21,-9,-29
309,885.4400000000000546,1,-11,-8,47,39,27,47,34,-25,-6,-10,-1,-20,-2,10,1,-4,-21,-14,-2,-5,-32,-27,-4,-10,-2,-11,23,17,3,-3,9,13,-3,1,-26,46,-29,-6,13,-5,-8,-27,-22,-126,-27,-15,-7,19,8,23,-2,-11,-6,-3,12,-14,13,-29,44,1,22,31,-59,57,-13,22,4,1,5,-24,2,-35,-20,40,7,-6,-7,30,26,5,-36,-28,-3,-11,-9,-1,2,17,-6,28,24,-8,-39,18,-8,-16,6,30
310,888.6399999999999864,11,-7,11,-18,13,6,-13,55,-3,0,-12,21,9,-16,1,13,16,23,12,3,-2,-18,12,-21,13,5,9,-10,-56,36,-28,-14,-15,32,-50,-14,-25,13,0,23,11,6,-7,3,81,75,14,-5,40,-34,3,2,1,28,-20,40,-3,0,-15,31,-10,-114,-69,-28,-44,80,-27,1,5,1,25,-6,-3,0,-11,-37,-16,14,-26,-23,-14,-24,30,-3,22,17,5,-30,-11,12,60,-2,29,22,8,6,25,-3,24
311,891.8400000000000318,1,-1,-18,-45,-4,57,-317,63,161,-2,-23,5,-3,5,7,7,16,-37,18,-9,1,-11,6,16,-13,-21,-3,9,-4,-38,-7,-18,-8,-5,-21,1,-32,9,-39,-12,11,-5,6,10,-61,99,2,18,-24,-1,38,-23,31,31,8,2,19,-19,10,-12,-1,44,-26,-3,-1,-5,-33,-16,-27,-25,29,-7,2,-8,47,1,8,-4,-1,58,16,5,-45,8,7,-17,53,16,-16,11,-44,18,29,7,7,4,-17,15,-4
312,895.0399999999999636,-5,-9,84,55,1,-99,101,9,232,51,-15,-7,-17,0,15,7,9,67,25,-2,20,-38,-5,4,-19,-9,-22,0,-13,10,-13,0,-21,-17,-42,-13,-7,-19,25,-11,-2,9,10,6,92,-12,14,3,32,18,-17,-17,20,-47,9,-32,1,-4,-13,-28,4,43,-35,-9,-10,52,-13,-13,-28,17,0,-5,-2,11,-11,3,48,-19,7,20,-3,3,13,15,0,-14,-4,-25,51,8,-13,0,-49,-3,-8,0,26,-22,-16
313,898.2400000000000091,-9,7,-51,36,-10,-79,156,-131,-25,-33,1,-6,6,0,15,13,4,-19,-10,-4,-4,-17,8,-38,-17,2,-14,-26,29,-17,-5,-6,-11,-12,5,-50,16,-10,1,9,21,-2,6,-11,-6,-34,-4,12,-4,-14,15,14,24,-42,-16,14,10,36,21,14,9,25,-8,28,0,19,-11,11,14,16,-11,-1,-12,12,-35,-43,14,-39,20,-1,-32,-1,0,-5,-39,40,2,-1,-28,-9,-46,-27,7,-16,5,2,8,2,4
