"","TRACE",1,2,3,4,5,6,7,8,9,10,11,12,13,14,15,16,17,18,19,20,21,22,23,24,25,26,27,28,29,30,31,32,33,34,35,36,37,38,39,40,41,42,43,44,45,46,47,48,49,50,51,52,53,54,55,56,57,58,59,60,61,62,63,64,65,66,67,68,69,70,71,72,73,74,75,76,77,78,79,80,81,82,83,84,85,86,87,88,89,90,91,92,93,94,95,96,97,98,99,100,101,102,103,104,105,106,107,108,109,110,111,112,113,114,115,116,117,118,119,120,121,122,123,124,125,126,127,128,129,130,131,132,133,134,135,136,137,138,139,140,141,142,143,144,145,146,147,148,149,150,151,152,153,154,155,156,157,158,159,160,161,162,163,164,165,166,167,168,169,170,171,172,173,174,175,176,177,178,179,180,181,182,183,184,185,186,187,188,189,190,191,192,193,194,195,196,197,198,199,200,201,202,203,204,205,206,207,208,209,210,211,212,213,214,215,216,217,218,219,220,221,222,223,224,225,226,227,228,229,230,231,232,233,234,235,236,237,238,239,240,241,242,243,244,245,246,247,248,249,250,251,252,253,254,255,256,257,258,259,260,261,262,263,264,265,266,267,268,269,270,271,272,273,274,275,276,277,278,279,280,281,282,283,284,285,286,287,288,289,290,291,292,293,294,295
"","Position (m)",0,1,2,3,4,5,6,7,8,9,10,11,12,13,14,15,16,17,18,19,20,21,22,23,24,25,26,27,28,29,30,31,32,33,34,35,36,37,38,39,40,41,42,43,44,45,46,47,48,49,50,51,52,53,54,55,56,57,58,59,60,61,62,63,64,65,66,67,68,69,70,71,72,73,74,75,76,77,78,79,80,81,82,83,84,85,86,87,88,89,90,91,92,93,94,95,96,97,98,99,100,101,102,103,104,105,106,107,108,109,110,111,112,113,114,115,116,117,118,119,120,121,122,123,124,125,126,127,128,129,130,131,132,133,134,135,136,137,138,139,140,141,142,143,144,145,146,147,148,149,150,151,152,153,154,155,156,157,158,159,160,161,162,163,164,165,166,167,168,169,170,171,172,173,174,175,176,177,178,179,180,181,182,183,184,185,186,187,188,189,190,191,192,193,194,195,196,197,198,199,200,201,202,203,204,205,206,207,208,209,210,211,212,213,214,215,216,217,218,219,220,221,222,223,224,225,226,227,228,229,230,231,232,233,234,235,236,237,238,239,240,241,242,243,244,245,246,247,248,249,250,251,252,253,254,255,256,257,258,259,260,261,262,263,264,265,266,267,268,269,270,271,272,273,274,275,276,277,278,279,280,281,282,283,284,285,286,287,288,289,290,291,292,293,294
"Point","Time (ns)"
1,-100.1599999999999966,20,40,37,28,41,14,26,45,45,30,28,9,-194,27,-28,16,10,14,25,32,32,21,21,25,17,10,27,29,4,-5,43,42,50,61,59,47,71,48,41,47,33,53,59,32,45,13,32,35,39,-10,33,33,14,17,13,21,12,35,18,21,14,19,27,37,30,57,37,-206,16,10,28,26,28,26,28,27,38,36,38,47,51,54,45,54,57,42,45,61,6,28,16,36,32,25,24,34,22,25,64,39,55,38,45,55,39,38,39,40,49,-4,9,5,11,9,23,16,2,24,-11,28,26,31,47,16,18,16,4,11,58,14,27,31,39,34,49,34,30,40,46,38,35,42,54,36,36,27,4,34,53,24,41,31,48,21,48,56,19,22,35,26,25,11,44,28,26,-3,34,3,34,37,59,35,70,4,35,31,20,11,43,41,38,22,22,48,20,16,29,12,20,26,6,72,14,-6,-2,-1,17,-4,36,38,42,33,54,5,35,37,53,37,83,107,-2,-10,10,37,37,58,84,23,40,45,43,32,45,52,59,86,62,81,75,61,76,73,70,81,65,41,53,54,73,53,54,67,52,57,58,53,70,39,47,57,50,64,51,57,49,37,48,40,66,60,52,75,37,46,40,70,32,57,105,23,94,81,69,82,27,57,37,-10,6,-8,38,38,67,17,30,23,61,42,19,35,51,52,35,8,26
2,-96.95999999999999375,30,46,37,32,44,7,46,29,35,30,35,-6,703,23,-69,18,1,3,20,30,26,42,27,33,16,15,7,3,4,-3,32,45,39,49,50,32,67,42,59,56,55,44,51,56,46,12,32,27,30,25,-3,16,0,27,20,20,2,3,24,22,25,22,30,37,34,32,39,79,27,-11,26,26,18,10,44,42,44,31,44,46,49,42,55,62,53,49,61,51,3,27,17,27,22,2,23,37,22,37,29,33,28,52,53,44,49,47,56,24,44,0,1,18,8,18,21,42,-1,28,43,29,22,22,29,26,22,24,12,21,8,34,43,32,42,29,35,31,41,29,37,34,32,42,42,42,28,23,30,28,46,32,48,23,27,50,38,43,0,23,53,37,23,27,42,14,21,35,30,48,41,15,19,33,40,44,11,29,27,21,10,10,39,33,6,16,29,22,36,26,26,-24,36,-4,13,52,-10,0,17,7,12,20,5,5,41,29,11,51,35,59,16,40,9,-7,18,13,43,-20,-6,46,41,42,63,42,40,64,33,74,80,49,65,48,40,57,55,64,60,63,52,46,50,80,58,51,47,50,49,57,54,46,67,45,76,49,75,57,53,43,57,89,46,31,58,68,79,31,60,52,56,39,59,53,47,64,57,65,91,40,57,0,30,9,22,37,16,39,51,57,40,26,17,45,2,80,25,36,77
3,-93.75999999999999091,40,36,289,-25,33,151,21,30,48,36,30,20,30,-49,-2,13,3,-20,43,37,31,30,28,29,19,5,16,-146,6,-4,26,45,36,51,52,49,60,36,45,56,37,45,18,37,30,6,25,32,27,21,39,28,0,21,4,7,19,12,22,18,29,13,14,38,36,44,40,21,13,22,35,13,13,-6,31,26,31,37,37,44,49,39,48,53,55,57,30,50,-4,22,20,29,19,27,22,23,25,19,40,28,41,46,44,38,49,37,35,29,52,42,16,6,16,7,12,27,21,26,17,31,16,28,64,30,12,16,17,19,3,21,29,33,36,70,35,24,30,50,30,31,33,43,40,34,33,28,46,32,15,33,43,15,34,33,47,30,9,39,14,39,26,52,16,64,23,30,32,31,40,31,25,26,41,39,0,41,38,13,13,34,28,-15,30,0,34,14,36,23,26,7,35,-23,30,18,-2,14,26,-27,34,29,23,76,53,-12,26,31,40,10,50,18,22,27,22,11,25,-30,-15,39,29,42,51,62,41,52,57,38,70,61,52,73,57,53,68,77,58,66,47,69,71,54,67,34,83,52,56,46,55,44,56,69,66,63,51,52,43,63,77,98,45,57,54,62,64,61,66,58,108,48,61,27,171,57,42,93,59,18,10,19,17,40,39,33,53,15,48,67,17,31,55,12,28,-25,14,28,-3
4,-90.56000000000000227,28,37,236,104,56,314,25,38,44,33,24,28,25,-218,-1,23,10,3,19,47,22,25,38,44,12,7,12,-65,10,17,32,25,25,40,42,59,56,55,33,54,59,44,27,35,32,15,25,25,37,53,44,24,15,22,23,23,-8,15,21,29,14,21,30,44,26,40,28,21,23,7,27,9,27,5,34,32,27,19,43,58,49,45,49,49,51,53,52,49,-2,34,18,28,19,18,18,29,31,35,68,17,55,44,44,49,42,31,48,54,43,3,12,-3,12,11,28,27,19,31,30,29,25,25,26,25,38,21,13,12,15,25,21,27,37,51,45,37,47,29,58,31,36,33,41,36,31,36,29,24,27,36,58,34,48,33,38,21,20,26,35,30,4,9,19,3,18,36,25,16,10,27,15,35,39,24,42,13,49,42,77,48,28,6,9,35,24,33,43,19,23,4,-52,42,2,66,-16,12,25,0,14,33,27,59,46,22,29,50,50,56,39,6,44,26,10,-4,36,38,43,34,52,40,47,37,43,55,57,59,61,67,66,59,63,73,67,90,70,55,71,58,62,58,62,69,59,45,63,39,31,57,62,46,43,46,81,48,37,30,57,-19,44,31,79,29,18,28,74,7,24,28,20,44,29,50,89,31,70,18,37,14,20,25,24,3,1,64,68,3,29,42,26,-47,30,33,16,45,11
5,-87.35999999999999943,40,33,33,43,38,16,16,28,44,26,36,25,133,6,16,18,-34,6,7,23,31,24,27,28,15,11,15,5,-17,11,33,39,40,48,40,61,66,45,60,56,27,35,36,40,30,24,24,34,23,41,26,37,17,44,57,17,3,13,29,28,21,6,21,20,36,30,44,0,23,16,21,19,17,18,32,30,35,33,29,43,43,40,49,57,60,53,52,39,11,25,12,24,20,15,7,27,32,23,33,55,38,48,29,50,43,45,33,22,40,9,7,10,21,9,28,24,26,29,29,25,15,20,73,21,40,22,17,1,31,22,16,31,29,33,42,36,30,47,38,40,28,49,37,28,35,25,49,45,38,33,35,27,33,40,16,12,18,32,13,31,7,40,-24,48,18,16,14,44,42,31,16,33,31,58,55,20,22,30,26,32,-16,13,40,-12,31,29,27,20,15,-3,64,-45,-2,38,-67,6,18,35,12,26,27,10,46,64,28,53,34,51,36,42,32,44,18,23,24,44,44,36,54,37,52,39,61,21,44,77,66,24,57,54,57,57,63,66,67,39,51,44,58,41,55,52,57,54,65,46,36,40,62,43,40,65,123,56,53,32,63,69,37,43,39,53,69,46,47,57,79,36,21,12,101,85,13,45,16,51,50,-34,1,16,29,16,11,60,40,27,34,32,25,-18,40,37,5,48,47
6,-84.15999999999999659,32,25,120,71,35,17,39,34,51,30,27,24,18,-297,13,20,4,-2,13,31,25,21,24,39,25,12,5,-12,13,5,35,39,22,50,51,77,62,46,38,55,38,45,45,33,16,16,25,30,36,51,34,32,24,31,-6,17,2,25,17,21,34,16,29,32,31,46,39,25,15,19,32,28,20,4,30,30,25,34,42,46,40,48,39,59,51,53,52,44,1,28,17,34,23,21,12,33,21,7,45,32,52,48,45,47,37,33,36,69,44,7,9,12,17,18,22,29,30,29,26,26,27,35,40,27,21,13,13,25,77,27,19,34,36,35,47,32,39,57,52,37,33,48,36,25,36,31,80,-5,61,38,32,17,33,46,39,26,16,43,31,30,23,37,35,13,27,6,65,37,29,25,44,27,37,36,2,5,33,20,23,41,-1,19,12,41,15,31,32,22,34,4,30,7,34,6,3,6,14,26,29,20,34,33,73,49,40,17,39,56,18,74,76,-36,12,36,43,57,25,47,36,40,54,86,44,56,56,56,62,38,67,52,59,58,48,73,61,55,65,57,94,58,44,78,50,55,37,55,26,34,28,58,27,48,85,41,43,56,60,88,28,41,33,57,39,37,59,41,71,12,48,31,-22,63,47,67,54,30,32,-93,-7,14,20,33,45,15,42,36,34,44,8,20,33,-13,14,38,-4
7,-80.95999999999999375,19,36,222,35,52,344,22,19,24,36,28,23,240,-91,-80,20,15,17,33,32,22,23,18,22,21,12,4,23,-1,4,36,38,41,55,49,57,65,41,71,53,51,60,39,35,36,9,23,28,25,32,20,36,17,13,2,30,27,23,22,17,21,20,22,34,36,39,39,-4,18,27,14,27,25,22,30,8,40,38,27,33,45,42,49,52,49,51,55,37,3,8,24,33,29,22,19,20,23,45,28,42,31,44,33,47,47,45,34,35,41,11,18,1,12,11,19,28,23,30,15,30,19,20,50,19,20,9,9,12,40,25,27,25,35,32,25,19,33,35,22,29,30,42,42,33,40,28,11,37,46,39,45,17,19,39,31,-26,22,68,28,43,16,-2,30,60,17,17,23,14,23,24,46,24,43,37,50,27,34,34,1,39,32,26,49,20,34,24,58,10,17,28,47,48,8,31,-5,1,19,30,20,32,31,68,53,-7,19,26,19,42,62,10,31,36,8,15,33,29,34,45,31,53,68,32,38,37,54,64,74,57,42,40,56,66,70,73,55,60,57,26,51,52,61,55,87,62,63,59,36,49,43,70,28,33,35,56,47,32,48,61,45,51,39,63,58,72,72,40,56,117,46,24,98,61,54,74,78,55,40,3,21,105,34,44,0,-1,30,61,47,13,28,53,23,11,28,33,-8
8,-77.75999999999999091,26,47,119,46,26,-39,13,28,35,32,28,24,23,23,252,22,2,-4,24,31,35,48,28,15,18,11,10,15,5,3,36,46,27,41,42,48,56,40,49,49,50,42,26,27,28,10,34,34,26,76,33,16,14,28,12,7,15,22,15,37,23,18,29,37,40,44,43,28,19,20,20,30,24,15,32,30,24,46,42,45,44,44,48,63,53,48,43,62,6,19,17,29,28,17,16,40,28,39,26,27,68,49,35,41,37,39,38,66,45,12,26,4,17,19,10,18,27,26,7,37,29,12,35,17,13,15,17,-2,45,23,9,24,28,33,33,25,36,20,31,35,32,49,49,17,38,21,50,23,13,32,54,31,41,34,42,86,16,16,33,24,11,24,22,11,28,-6,21,43,37,19,24,46,44,39,13,22,5,29,56,34,20,52,39,24,23,31,33,26,10,-9,14,29,8,34,-4,9,20,31,25,15,24,23,53,9,21,53,46,12,74,12,33,-4,25,2,45,26,35,42,55,44,35,35,44,37,56,47,61,65,66,54,68,44,47,78,57,46,63,61,69,80,49,74,60,43,55,48,22,46,53,42,62,52,60,65,64,48,91,82,57,66,33,47,60,53,66,34,48,16,65,89,117,52,56,62,60,73,55,2,35,-31,65,14,50,35,37,31,26,20,19,25,37,28,33,21,38
9,-74.55999999999998806,26,55,42,64,59,3,18,42,51,31,37,32,20,1,21,20,15,35,10,40,36,49,23,36,13,10,28,-60,-1,22,51,32,55,34,48,57,71,47,40,55,43,40,36,28,22,4,27,40,37,46,42,2,28,30,34,20,-15,-7,12,23,17,16,23,47,28,27,34,23,30,33,28,19,18,8,31,33,26,33,40,35,49,51,50,46,47,43,51,52,7,7,23,17,9,57,18,33,24,18,46,31,61,43,54,50,34,46,47,49,39,7,-6,6,26,8,26,32,34,16,7,28,20,32,63,16,29,9,5,8,18,12,14,27,36,30,67,21,36,20,31,40,31,39,30,19,29,12,42,34,13,31,38,27,28,26,45,38,33,21,35,26,26,39,20,36,20,39,70,26,43,39,46,22,42,18,27,34,48,39,48,-2,46,99,24,29,26,23,20,13,31,32,6,27,42,34,-7,7,5,20,32,30,19,27,44,35,6,44,22,72,11,26,26,-10,7,24,28,61,34,19,45,43,52,35,51,48,69,42,61,66,69,38,54,53,64,83,54,42,45,57,75,62,43,57,53,51,44,41,48,50,17,50,83,46,49,55,40,57,62,43,49,57,35,33,49,49,35,57,47,76,64,18,65,54,60,75,38,72,41,8,19,22,50,26,54,7,40,-23,46,21,44,53,44,6,42,21,23
10,-71.35999999999999943,32,36,-14,30,52,57,21,36,33,43,29,26,363,-258,9,25,7,11,1,37,22,32,27,26,21,14,24,4,4,14,37,27,34,94,54,45,62,50,41,55,43,59,41,32,36,7,18,26,63,29,46,41,18,20,6,-3,7,19,21,27,10,24,26,25,35,46,41,24,26,22,31,25,14,48,33,26,42,41,39,37,36,37,43,61,62,54,46,29,16,8,14,24,17,26,26,36,29,22,49,40,37,48,56,52,38,41,35,58,38,-1,18,12,13,3,21,28,0,31,17,37,25,28,36,18,14,15,2,6,19,14,20,27,40,47,42,17,34,61,39,28,29,36,43,33,35,22,74,42,35,35,50,17,46,43,64,53,29,20,39,-12,15,33,24,29,24,7,21,46,35,22,41,31,34,26,16,27,93,22,26,20,12,5,38,-33,20,-2,21,29,13,-11,13,17,-19,44,-42,9,25,28,36,15,16,61,33,33,25,63,48,36,62,66,-16,-8,8,15,20,36,32,41,45,36,43,23,47,57,47,69,63,91,68,34,70,55,38,55,66,14,55,33,66,53,47,64,64,58,52,48,51,42,58,49,42,43,46,49,53,73,54,126,71,53,73,51,-1,76,24,71,58,61,76,62,121,54,89,31,38,37,35,6,8,46,41,31,11,7,54,17,35,28,55,4,30,35,18,22,35
11,-68.15999999999999659,28,40,115,66,39,-141,23,29,40,28,31,24,1,-36,31,21,14,62,2,37,22,18,32,-25,22,12,15,72,-8,14,40,38,32,34,52,41,60,46,47,47,43,44,51,30,23,12,23,21,21,59,30,17,14,9,21,20,22,10,16,24,12,22,28,35,34,32,35,22,24,28,44,18,17,19,24,39,35,36,45,45,41,42,53,50,56,49,34,37,18,33,19,31,17,22,11,36,20,2,82,52,43,46,19,50,40,47,49,61,45,1,8,9,19,12,34,40,24,26,18,33,21,29,28,21,11,14,6,11,29,27,36,24,38,40,29,36,25,31,49,37,35,36,32,32,31,24,33,52,53,31,28,36,7,43,59,41,31,59,26,83,37,12,5,29,15,30,40,26,27,17,29,28,46,30,27,32,33,32,40,27,28,37,22,29,23,19,-34,17,18,2,15,11,31,14,4,0,16,27,28,28,55,14,55,42,47,27,23,53,24,60,26,72,14,4,13,0,101,33,43,51,40,36,44,42,47,34,61,70,53,60,46,61,70,26,62,84,60,75,69,67,43,58,75,58,65,28,48,44,22,57,30,60,19,71,53,55,59,41,64,42,31,64,41,34,25,37,11,60,-1,32,73,47,55,57,54,50,27,95,4,-10,38,34,53,-41,27,18,13,25,29,41,76,60,21,10,71
12,-64.95999999999999375,38,38,-31,59,45,19,26,25,45,30,33,26,19,43,250,19,9,9,29,38,30,36,23,31,21,3,24,-40,25,12,31,38,36,50,46,53,66,69,50,43,52,50,37,22,28,6,17,33,48,33,35,36,12,14,32,15,-2,4,18,20,23,20,25,33,46,46,30,6,23,15,25,43,25,14,34,33,38,48,26,39,41,44,49,58,57,70,46,20,2,36,14,17,12,16,3,32,23,29,72,45,67,45,32,47,37,34,44,45,48,8,8,7,14,9,24,25,23,23,-8,36,25,16,35,17,15,10,9,7,50,6,19,34,36,39,26,23,40,18,19,31,33,28,34,33,36,27,20,24,42,36,33,24,43,36,34,74,19,36,33,18,19,4,17,30,17,34,31,35,24,52,42,20,35,32,42,29,17,23,30,37,33,-7,19,3,18,13,23,20,12,24,14,26,24,16,-33,-6,28,25,45,37,57,55,52,71,19,103,44,53,43,-13,-9,1,12,11,6,125,44,24,42,52,37,35,43,49,57,52,61,63,60,47,58,35,64,45,46,27,59,77,76,42,53,56,61,62,55,39,42,52,54,40,68,51,43,55,64,65,59,50,33,56,77,63,-60,65,85,59,71,53,43,39,-23,65,36,65,39,71,50,40,35,-4,49,25,59,5,27,37,41,54,29,40,-38,40,20,40,34
13,-61.75999999999999091,24,36,64,61,39,2,44,21,40,22,29,27,349,39,83,22,-7,19,30,30,40,16,22,20,17,17,-11,-117,-12,-1,38,39,35,39,45,54,55,38,46,52,42,50,37,27,26,23,18,24,32,52,30,-8,1,20,26,19,-2,17,26,28,24,20,14,33,33,36,39,32,32,26,22,21,17,7,30,31,37,42,31,31,54,30,51,52,56,57,52,34,8,11,17,27,20,21,11,27,31,14,40,30,53,45,41,45,44,34,40,31,48,-22,13,1,19,14,11,23,26,17,13,32,35,38,32,21,31,9,10,9,36,18,3,39,40,63,40,59,33,-20,37,23,30,42,36,37,35,19,25,48,28,26,29,27,44,48,38,-39,21,22,26,25,33,127,16,31,10,18,32,9,37,13,31,31,26,52,61,29,12,24,31,47,42,20,37,57,19,33,24,15,9,16,14,-8,25,4,-13,1,20,24,37,14,26,47,45,-1,18,27,64,39,38,-12,9,30,22,18,28,38,20,35,47,42,50,45,30,51,51,98,87,74,59,54,29,67,53,80,55,68,54,87,69,62,60,70,27,44,39,46,73,35,21,51,55,40,50,40,50,41,26,-9,-12,25,31,53,60,50,46,16,50,69,29,75,88,67,30,43,55,33,42,47,6,6,29,47,45,20,47,52,11,54,17,55,-16,72,24,43,-3
14,-58.55999999999999517,32,35,30,69,44,16,-18,25,55,27,29,26,-94,-338,18,19,3,-25,13,30,37,25,27,20,18,7,10,32,3,0,40,36,48,42,47,45,56,32,40,55,30,41,54,45,26,20,16,25,25,65,44,25,18,42,30,20,7,19,10,22,26,40,28,29,33,23,34,19,30,13,21,49,28,-11,37,27,25,46,40,37,36,52,45,55,52,42,43,44,17,12,15,32,22,14,-3,19,21,12,36,26,41,43,49,30,58,43,49,7,46,13,2,7,12,4,20,31,20,22,-12,27,16,33,51,15,13,15,4,4,32,15,16,26,39,14,-26,21,33,21,35,32,41,40,25,26,45,33,-6,37,29,23,39,35,12,44,30,16,25,38,101,36,24,64,8,-1,20,41,23,28,27,36,2,28,40,48,42,37,21,26,37,20,59,25,47,-5,34,26,23,26,6,10,11,-32,35,19,-13,0,2,13,19,35,29,1,65,95,31,42,32,30,57,55,34,24,-2,33,20,16,57,35,50,34,48,54,30,60,46,20,61,50,60,61,58,73,59,61,57,62,60,45,72,35,50,56,53,58,45,44,59,41,31,42,48,52,104,44,57,49,41,80,71,42,69,66,38,61,45,46,84,38,4,47,-2,47,61,53,34,26,48,27,-21,25,59,31,6,-22,48,36,24,13,42,-11,42,14,20,33,8
15,-55.35999999999999233,23,34,35,82,57,-81,40,26,49,32,32,24,100,-206,141,36,9,36,7,17,29,45,25,26,29,10,-3,-29,1,-6,30,35,36,21,45,34,59,42,41,41,40,45,30,33,14,18,17,35,41,33,50,21,17,21,0,21,10,20,19,37,22,13,29,43,24,30,29,14,11,8,20,20,18,5,24,50,25,35,35,36,41,52,51,56,61,47,62,40,17,18,10,36,18,16,15,27,27,11,44,35,48,45,45,44,31,36,56,40,41,3,12,19,15,7,16,22,31,18,28,31,16,16,56,24,30,7,9,9,21,33,21,36,30,45,31,30,39,40,31,33,37,46,51,41,27,25,16,23,48,37,41,33,24,69,42,20,27,20,38,25,15,-11,16,47,15,34,88,27,31,20,27,31,38,11,45,31,18,28,33,41,32,-16,23,57,14,26,23,18,16,-2,17,35,32,20,-4,5,15,20,30,51,31,58,38,42,17,43,35,76,41,31,9,-1,18,26,28,36,-46,23,37,42,52,54,37,58,53,103,73,57,53,67,51,61,42,74,55,63,59,41,55,44,63,53,76,57,55,53,51,47,67,52,57,47,66,43,43,81,58,7,75,73,57,53,25,44,58,69,63,50,45,65,57,38,91,66,62,38,64,40,33,-16,39,17,72,-37,41,44,5,12,21,8,-14,44,5,26,-51
16,-52.15999999999999659,25,33,42,44,42,11,-12,23,31,39,22,32,339,60,4,29,13,2,-12,10,32,40,21,15,21,7,32,-5,5,-3,58,37,34,36,47,56,45,46,45,51,62,41,19,4,20,16,43,19,32,18,34,44,14,12,19,10,23,30,25,24,25,14,24,47,43,47,28,28,20,-4,21,37,20,16,26,33,24,26,43,33,41,42,52,55,52,47,46,33,16,24,18,27,18,31,14,42,29,40,33,31,40,-6,39,42,34,34,42,98,44,15,2,-15,17,10,1,22,18,23,19,27,23,31,35,17,16,19,14,10,19,19,33,33,33,41,33,14,36,22,32,38,32,45,32,45,30,18,3,54,39,43,32,0,36,43,46,15,38,-35,30,25,17,1,24,72,17,-31,20,31,23,28,45,23,67,19,18,31,32,23,29,43,25,38,12,71,25,24,13,18,17,0,3,-10,9,9,-2,-6,21,15,36,19,41,45,57,35,17,22,44,5,-2,44,11,56,16,13,27,91,24,33,47,49,46,42,38,74,47,29,64,65,59,63,54,44,87,54,65,28,73,61,76,66,64,47,82,70,62,47,20,65,59,38,70,63,28,50,40,41,64,29,56,48,29,68,114,65,81,42,58,49,13,83,101,62,73,58,11,33,64,-9,9,3,39,33,59,42,35,24,46,54,3,25,20,26,20,30,22
17,-48.95999999999999375,19,36,-5,34,30,117,37,24,40,32,39,19,-108,-202,-65,19,0,27,37,31,34,19,30,39,12,17,26,0,-15,-36,30,44,40,64,50,30,56,26,48,60,34,47,37,30,35,22,37,41,32,43,19,19,16,25,11,19,19,23,28,19,38,25,27,26,31,40,40,502,27,9,33,9,25,-8,29,26,37,43,42,42,44,30,44,44,42,51,48,51,13,11,16,22,16,24,18,13,28,19,42,15,28,60,42,43,44,46,54,35,45,8,4,-4,8,5,16,24,14,22,24,27,10,33,33,17,26,8,10,25,30,26,22,32,30,43,40,28,28,54,50,35,21,45,47,28,28,27,-3,5,27,34,27,46,24,36,41,60,17,17,33,28,46,27,17,21,25,5,31,69,35,19,24,37,49,51,49,30,70,12,28,49,25,46,18,10,5,37,23,25,34,55,114,6,-25,36,-11,-3,14,13,33,36,2,45,61,24,29,24,27,40,33,34,-10,4,15,17,28,22,23,17,42,43,30,32,35,54,48,79,50,93,50,57,54,50,50,52,45,49,58,29,61,64,42,51,18,40,64,58,84,57,35,49,29,17,28,42,53,48,79,53,27,50,17,65,89,48,73,30,67,16,38,22,36,93,57,59,78,57,71,-87,35,-2,51,22,65,77,20,14,10,26,40,42,19,59,19,27,25
18,-45.75999999999999091,13,34,-260,50,36,-219,22,17,31,30,28,28,-68,51,37,11,-5,-13,40,24,35,29,26,28,12,16,11,33,-10,16,41,35,51,44,51,50,56,8,44,21,42,37,44,28,24,23,29,23,33,50,28,10,24,22,17,26,11,22,23,21,21,15,20,31,31,45,37,133,22,7,21,19,33,13,31,50,38,25,40,45,37,35,45,47,50,37,57,39,10,17,15,31,10,13,7,38,22,32,79,28,57,41,36,26,37,32,43,50,41,11,5,1,11,16,22,30,11,22,-2,32,22,32,40,25,7,2,5,-2,10,10,14,26,32,34,25,32,41,33,16,31,34,41,42,37,28,31,36,22,28,38,39,19,14,36,31,30,18,-4,25,19,52,10,26,-30,13,5,20,41,19,27,40,28,42,25,19,20,4,37,18,9,23,33,41,21,27,6,18,19,21,13,102,8,21,51,-13,13,7,18,32,39,18,49,52,30,30,44,11,42,15,40,37,26,14,22,33,56,35,44,41,42,53,60,46,51,39,15,55,61,70,56,38,36,66,78,50,43,34,83,73,59,60,63,60,55,52,39,39,46,47,32,58,39,41,40,22,25,53,3,79,51,37,55,94,66,67,39,89,38,67,69,121,60,35,61,34,41,59,-3,21,32,1,54,49,-15,52,46,19,52,20,7,37,69,27,31,35
19,-42.55999999999999517,27,36,18,47,49,9,19,26,38,30,21,26,344,-800,103,17,55,8,10,11,26,33,22,28,14,10,12,-73,-3,11,36,38,43,50,43,52,52,53,32,53,47,59,42,32,21,16,19,37,38,3,28,36,14,12,0,20,8,35,9,14,23,25,30,20,26,43,32,22,13,15,27,7,24,2,33,36,39,32,38,42,34,42,48,39,70,43,49,24,-4,25,25,24,16,26,16,25,29,34,63,34,43,48,54,31,42,37,49,54,45,6,14,27,21,3,9,28,35,22,26,31,36,30,44,24,31,9,6,15,-27,18,15,22,38,39,32,22,39,10,34,25,31,30,24,23,36,29,29,28,55,34,48,32,28,27,42,38,23,36,43,25,26,5,-2,36,17,26,65,11,33,24,14,27,42,29,31,15,49,34,-2,35,33,43,12,7,34,21,21,17,14,8,-13,-9,32,3,-5,-9,29,6,10,43,47,80,59,21,27,28,32,2,50,26,19,11,3,16,29,78,37,42,51,37,31,41,29,55,51,64,88,33,51,36,63,71,39,53,62,59,45,34,70,36,52,43,25,56,34,50,57,54,40,46,34,58,44,46,47,61,71,79,67,43,11,32,51,29,38,59,64,31,19,68,28,54,66,72,51,51,68,27,21,38,9,18,-9,4,22,50,34,2,38,-18,11,10,16,48,64
20,-39.35999999999999233,21,30,216,26,32,10,16,27,40,29,35,24,-173,-71,-192,23,-10,23,17,45,35,34,13,8,16,14,20,1,-2,-5,35,33,-14,46,51,50,57,52,45,55,51,42,45,35,46,23,27,36,31,27,34,24,15,13,10,23,7,19,15,28,8,12,31,31,29,43,36,34,13,33,19,17,29,15,27,32,13,31,35,40,41,46,54,53,50,48,50,44,9,23,22,30,17,25,19,26,28,15,40,25,21,45,30,49,43,47,53,43,39,7,12,3,19,10,20,23,30,25,17,40,17,38,10,23,18,23,7,11,9,15,28,28,23,25,44,41,33,61,14,32,29,44,42,25,32,25,-7,36,-5,25,40,20,23,35,34,19,25,22,4,14,18,14,35,30,16,7,22,47,29,17,22,29,53,26,41,22,18,25,29,22,59,24,28,10,28,18,21,15,17,20,-57,32,11,7,-9,33,10,18,14,57,27,22,65,2,21,36,32,59,16,9,15,-33,10,12,34,121,31,38,33,39,61,35,37,43,40,40,61,69,61,41,68,47,40,56,64,54,59,32,65,64,51,24,68,29,51,37,37,44,21,49,41,59,53,44,45,48,30,2,38,48,41,59,18,55,74,43,27,59,55,16,19,44,87,30,43,51,59,43,22,28,48,14,85,29,51,46,32,39,44,15,47,79,23,32,51
21,-36.15999999999998948,23,27,-184,52,49,-107,32,29,46,31,34,23,425,50,-13,16,15,41,26,33,29,30,31,49,14,13,19,-41,0,-12,31,42,29,36,41,41,66,69,44,45,39,45,45,29,26,17,26,28,14,26,32,25,18,19,-17,26,9,19,11,27,15,2,31,33,21,45,28,-210,30,7,26,23,16,11,29,34,29,31,37,36,38,32,48,53,52,46,42,51,7,24,13,30,14,21,19,31,25,-17,44,41,28,44,38,33,48,36,43,5,48,2,0,2,17,7,26,25,26,26,-2,34,18,36,41,20,22,2,15,12,7,25,18,19,37,27,2,37,27,22,17,25,29,34,36,31,37,18,40,15,42,28,21,26,25,34,23,-33,5,26,27,41,14,26,76,27,17,1,45,58,25,37,61,29,38,35,45,14,12,16,63,-134,28,76,12,41,19,26,30,18,10,14,9,12,-14,35,15,2,5,7,40,27,33,76,73,0,40,40,37,63,91,71,14,37,14,16,29,38,48,54,34,49,48,34,47,47,45,36,61,22,58,60,31,62,58,58,56,59,42,63,67,62,48,16,79,59,49,47,49,37,56,33,43,60,74,47,46,43,60,85,64,57,85,36,-10,51,52,60,59,32,32,-8,93,64,44,74,44,31,51,11,-5,-8,8,21,55,20,20,33,50,19,21,52,35,15,-26,17,80
22,-32.95999999999999375,17,26,37,19,34,-54,14,32,35,34,31,29,148,13,35,7,11,5,35,25,49,42,25,19,15,8,20,32,3,7,35,41,56,52,51,46,49,47,44,53,54,39,25,28,17,11,23,33,42,40,24,35,18,17,9,-2,16,25,24,30,27,7,25,31,53,35,35,35,22,3,1,26,18,16,31,19,30,28,45,43,45,34,52,47,56,41,41,53,10,10,17,15,17,29,20,38,28,37,74,15,34,-13,44,38,39,44,55,36,47,23,5,7,13,1,19,27,29,26,8,35,22,34,28,19,14,6,5,6,20,33,15,28,30,25,33,22,30,38,35,33,32,41,31,22,37,29,2,44,32,28,43,24,20,48,18,23,16,35,-9,32,-7,15,49,5,20,22,26,15,42,14,51,31,53,53,44,25,56,43,78,60,31,59,25,-71,4,13,-10,20,19,16,34,9,26,17,-8,-6,19,22,24,19,30,37,15,84,18,38,38,39,41,-8,24,-32,26,18,20,76,52,28,40,46,59,43,19,46,60,79,75,54,52,50,27,58,58,73,65,79,63,33,64,47,60,50,52,44,31,59,38,45,53,48,58,46,27,50,40,28,60,59,67,40,59,57,82,33,70,58,6,34,45,50,73,57,59,76,56,23,58,20,22,-1,26,15,88,14,16,35,50,13,7,57,9,60,8,18,44
23,-29.75999999999999091,16,31,-58,41,41,35,3,19,37,24,30,31,73,129,132,21,1,37,22,31,33,20,14,38,6,4,23,5,-22,18,39,44,31,59,46,67,67,58,55,53,43,52,41,28,22,0,26,33,26,40,34,38,7,11,23,32,8,4,11,11,-3,18,25,31,29,46,35,19,21,7,21,21,24,1,40,27,21,49,37,30,40,34,47,54,47,50,51,45,1,20,23,20,19,8,14,27,25,36,61,25,20,45,35,43,45,36,43,47,45,12,1,2,18,4,31,28,34,25,17,32,17,29,42,26,39,17,7,14,20,35,21,27,40,40,40,35,28,34,23,31,10,28,30,28,35,17,23,32,30,34,33,37,44,56,43,32,7,32,24,23,23,54,20,16,14,9,35,4,25,17,-13,42,44,49,38,29,-12,25,37,26,42,22,20,6,18,18,-54,21,16,30,16,5,12,40,-25,11,19,16,32,28,48,52,57,27,31,6,45,29,41,23,17,-6,16,13,19,1,-24,49,43,54,56,31,44,42,64,40,57,64,64,47,32,46,73,70,58,45,54,75,63,51,43,37,49,53,59,35,31,40,36,25,48,44,36,53,55,41,50,114,54,50,49,56,13,53,32,37,53,85,35,97,78,48,44,51,68,44,22,-92,19,-9,19,44,72,-9,23,26,27,25,4,87,18,6,16,40,-4
24,-26.55999999999999162,22,36,-92,44,41,17,13,23,42,23,36,23,287,-123,97,18,9,3,20,29,31,45,16,32,21,6,15,70,-2,18,30,30,11,-37,45,47,70,86,34,41,43,44,31,34,25,7,19,36,58,33,17,42,10,42,30,20,15,-29,18,18,24,14,32,24,26,36,35,94,14,27,31,25,16,-7,35,30,32,42,37,34,40,40,53,48,46,46,50,46,6,14,14,23,20,24,16,28,32,42,49,25,33,47,46,41,48,39,38,44,46,8,22,1,19,10,24,36,25,21,8,31,20,27,41,25,17,14,10,7,20,26,23,2,27,18,54,31,38,58,36,35,33,40,33,38,22,39,21,31,46,34,33,25,29,49,37,-9,22,11,25,36,23,26,13,37,16,-8,25,-40,23,22,26,9,41,29,38,12,85,36,37,-41,38,26,7,20,19,20,63,17,10,-1,26,-44,19,27,0,4,23,9,32,9,26,8,53,24,23,39,32,3,41,26,43,20,4,6,14,93,44,29,45,49,44,37,41,45,47,84,70,60,65,54,39,57,60,66,61,37,68,72,52,47,35,40,38,28,57,49,45,48,56,63,37,51,12,60,38,62,52,-17,38,27,61,58,56,59,26,35,69,58,74,63,20,57,83,52,53,36,60,42,8,84,32,32,11,68,31,31,11,35,48,-16,64,-24,19,22,-35
25,-23.35999999999999233,32,16,26,35,48,3,10,23,36,26,34,21,28,14,6,23,3,6,22,11,42,25,6,19,14,-2,15,3,8,-18,36,31,49,53,50,47,68,63,49,62,28,34,43,41,31,16,20,27,36,20,40,-16,14,25,10,20,32,15,17,25,24,21,24,10,35,36,40,51,24,12,33,19,21,-17,32,21,30,28,42,36,44,40,42,51,58,52,46,40,6,12,16,31,15,13,6,29,26,20,37,31,46,44,42,62,39,40,57,48,42,4,-6,2,16,-5,17,10,19,21,21,30,21,24,30,25,19,8,7,7,-9,24,27,24,41,47,35,16,34,37,26,34,23,26,33,33,25,27,41,38,38,31,32,27,42,32,49,33,19,27,30,19,16,10,47,63,16,56,6,32,31,27,33,30,42,34,28,23,23,8,58,29,17,78,10,17,33,41,25,17,13,6,8,9,-6,-5,-39,-1,20,23,24,8,54,65,55,13,-31,23,28,20,-45,31,38,44,12,12,3,10,18,59,46,47,41,32,46,59,57,43,74,68,58,52,57,45,45,61,54,39,37,50,52,57,42,89,59,49,50,37,33,38,36,51,14,66,39,50,48,34,44,10,49,40,54,50,35,46,34,32,83,53,70,32,44,81,60,98,36,50,63,47,29,42,28,29,30,74,11,27,37,30,20,36,24,12,16,17,3
26,-20.15999999999999304,23,37,-57,35,48,-27,37,33,33,31,25,31,13,777,-165,15,30,40,20,19,21,36,19,20,27,5,-6,-50,-6,-34,19,32,31,40,39,42,51,53,30,54,54,35,30,30,29,27,19,17,42,32,40,31,13,18,8,22,4,18,18,23,29,15,39,35,24,34,36,-6,24,4,25,17,27,1,37,34,38,44,33,45,63,47,35,54,57,52,56,48,11,20,31,36,12,9,7,22,23,20,63,27,42,44,36,-56,43,35,49,39,45,0,13,-1,8,5,37,33,15,15,16,24,19,24,20,18,16,12,5,4,43,44,15,24,49,22,6,22,33,25,41,31,27,32,30,26,24,24,29,21,26,36,37,20,33,46,48,64,18,43,31,27,18,-17,7,36,13,24,-6,23,24,30,24,30,33,43,50,32,36,25,30,7,36,33,6,16,23,25,27,21,16,16,24,21,15,21,1,-5,12,21,35,29,-12,20,60,26,35,38,40,23,-54,16,37,-23,22,14,33,22,60,21,40,55,44,61,35,61,51,30,77,60,53,54,25,49,52,68,48,53,43,91,71,56,59,31,58,49,54,55,54,32,45,41,49,60,52,37,35,86,39,84,40,61,41,51,57,46,39,38,42,41,39,-24,117,58,49,42,75,24,63,17,14,-35,38,0,14,-5,67,43,54,39,7,22,46,35,14,24,33
27,-16.95999999999999019,19,40,26,24,48,213,14,24,36,32,29,39,124,344,25,17,8,66,46,31,28,55,24,-12,29,15,7,32,-7,15,50,24,41,47,41,42,48,29,50,45,48,37,53,31,26,10,38,29,26,48,32,20,9,19,36,2,24,1,9,24,15,21,23,32,32,23,36,-17,29,23,26,15,24,15,20,13,37,21,37,49,37,42,50,52,54,61,55,44,2,28,8,20,20,8,15,35,34,22,49,13,39,50,14,33,40,40,41,61,41,-4,1,-3,13,10,23,17,20,27,5,27,32,27,47,20,-3,5,22,6,14,12,19,21,28,34,48,30,30,-2,28,27,27,30,21,41,29,42,46,36,36,38,54,26,23,53,24,43,17,58,25,47,49,14,-20,34,10,13,29,46,30,31,43,14,40,14,32,7,34,35,22,49,36,72,10,20,15,17,46,11,15,-6,7,11,66,12,-19,-15,16,0,20,24,24,72,45,10,59,15,30,60,30,1,28,1,7,20,15,-15,80,22,43,38,52,43,28,30,46,27,62,84,41,44,65,59,69,72,55,15,38,53,72,43,55,29,68,58,40,36,32,42,30,45,80,23,35,38,40,37,61,17,46,47,2,49,76,56,52,44,42,109,45,1,100,49,46,68,63,55,78,2,39,28,12,31,-1,4,23,26,29,18,38,-7,7,37,9,31,1
28,-13.75999999999999091,34,39,43,45,63,18,22,35,46,32,36,-9,523,-75,-54,20,10,10,18,36,39,19,24,40,21,9,13,-39,-7,0,38,33,61,49,56,52,59,49,44,50,66,45,-5,40,33,12,25,24,32,86,36,23,16,25,10,23,27,-37,16,29,14,28,32,69,36,44,41,-248,20,14,27,28,26,26,37,23,36,31,42,50,46,42,52,46,52,48,49,52,16,33,22,21,23,24,9,26,36,23,45,36,47,52,43,62,55,38,42,36,48,7,15,1,-1,4,33,30,12,19,55,26,13,25,34,24,39,14,9,2,27,24,23,28,44,41,34,28,27,59,17,36,30,34,37,26,41,37,33,38,47,34,54,27,30,93,30,-72,9,115,31,69,58,35,18,2,18,17,15,31,30,26,14,33,38,30,33,32,33,29,33,45,40,-10,22,80,21,21,27,18,6,14,34,30,33,1,-6,0,23,38,39,31,34,58,58,29,11,33,49,83,57,94,76,44,15,16,24,-26,75,32,44,33,47,26,41,57,62,49,70,68,52,60,62,58,55,55,66,45,44,67,74,49,56,62,35,57,45,43,48,49,47,43,92,48,17,33,46,31,76,16,46,61,47,29,39,45,44,45,76,80,28,-25,20,75,92,26,52,69,49,47,-2,16,-3,59,19,59,57,35,25,40,15,97,-37,16,20,15,8
29,-10.55999999999999162,14,36,80,55,52,4,30,35,50,25,29,46,-203,-601,320,35,12,21,37,40,40,35,38,13,21,20,40,2,27,27,39,32,54,26,63,63,76,68,61,78,17,43,37,35,5,36,38,51,51,40,57,61,33,25,26,32,28,16,23,32,69,27,38,35,48,55,56,145,43,30,35,55,45,23,56,50,51,43,56,58,56,42,65,76,66,62,72,55,24,27,35,46,24,30,30,42,42,38,85,45,55,66,56,70,66,56,66,53,56,20,23,16,18,31,28,33,45,29,33,31,50,46,47,43,26,15,7,32,16,36,33,48,59,53,99,34,64,45,44,43,40,52,46,51,41,36,37,48,76,62,26,40,32,27,46,94,42,128,43,57,41,12,23,56,22,35,64,49,33,10,-31,34,45,32,37,37,47,48,37,43,77,64,10,44,46,26,27,35,28,12,31,44,4,29,17,-3,20,14,23,35,62,64,52,50,12,55,42,64,91,42,47,32,31,37,29,50,55,57,62,68,53,49,54,70,64,61,89,65,76,77,98,71,78,84,78,64,75,68,79,67,78,60,94,67,66,44,57,56,67,62,90,84,63,69,68,47,66,102,108,51,93,41,67,52,66,56,45,3,76,80,-7,77,67,59,64,92,61,-6,28,27,49,31,49,57,65,66,65,36,32,60,60,45,30,52,74
30,-7.359999999999991438,6,5,-55,38,22,112,1,-4,-7,-1,-5,-11,-416,209,-84,9,-10,-12,-5,3,6,2,21,1,-12,-23,-17,-28,-23,-31,4,3,4,3,25,25,32,-13,11,20,-8,14,3,0,-18,-12,-6,3,0,16,10,2,-20,-8,-11,-20,-20,-14,-18,6,2,-17,-7,10,-4,2,11,-6,6,-13,-8,-20,-3,-18,4,0,4,29,22,22,16,20,41,39,44,53,43,19,-20,-19,-6,7,-12,7,-4,8,17,-32,-2,18,21,36,24,27,29,30,20,11,6,-19,-17,5,13,-8,16,-7,12,11,13,26,1,13,23,-14,-35,9,-3,12,38,-7,21,11,12,7,17,23,10,21,17,17,20,12,19,15,19,4,-13,22,39,20,17,19,4,27,43,52,-14,22,41,3,11,16,21,39,19,1,11,5,6,27,81,25,33,28,21,12,14,4,35,28,32,44,9,5,-5,12,14,6,4,26,-1,-13,0,36,-26,-36,-16,-11,-4,0,17,25,17,-1,-46,45,19,19,26,44,19,27,4,26,8,4,33,27,33,28,1,28,24,45,50,30,36,32,16,40,50,27,57,59,48,25,39,46,28,49,53,48,48,30,49,29,60,47,16,34,38,16,28,37,33,43,30,11,1,37,45,28,-34,28,52,64,56,43,43,30,115,26,41,14,57,23,63,-7,11,-25,24,8,59,-16,1,17,17,26,-10,-29,-23,-11,-11,6,-64
31,-4.15999999999999126,317,92,23,51,37,33,68,166,170,125,388,217,-416,335,55,-6,-8,115,20,150,104,77,58,272,92,116,11,45,60,399,181,331,120,184,77,55,63,46,39,65,279,179,372,152,243,38,27,14,83,103,48,15,138,118,112,165,47,86,106,35,57,36,98,88,116,148,46,96,31,64,124,167,97,167,92,80,72,83,26,74,110,277,43,77,32,97,60,80,60,452,44,54,161,80,36,85,33,65,45,33,38,60,19,32,34,30,23,0,58,11,5,-45,-1,2,27,28,12,7,43,27,10,17,49,22,31,-5,6,-10,22,36,-7,21,21,45,36,25,40,36,43,20,85,66,83,38,35,27,99,39,-2,39,76,52,62,57,45,27,49,15,61,40,36,10,42,9,6,-2,37,61,37,57,7,8,24,2,39,32,-5,57,14,59,33,49,4,90,23,16,17,31,13,21,-45,33,0,7,-34,362,309,235,183,79,44,63,375,1,57,10,94,21,44,-24,0,-51,11,22,12,59,37,17,26,46,75,38,30,47,40,103,77,81,82,60,60,56,54,59,61,57,38,43,81,51,34,42,72,64,36,32,46,40,29,30,58,75,11,40,59,61,40,66,76,44,40,35,7,43,50,52,146,25,18,59,8,55,24,173,41,13,8,82,38,59,26,-22,68,19,63,18,-2,26,-9,32,17,-44,-21,-5,54
32,-0.9599999999999909717,4150,2784,2111,2009,2260,1540,2887,3863,3420,3771,5550,3550,5894,4872,2596,1298,1308,3751,1954,3254,2571,2704,2271,4372,2824,3013,1740,2453,2503,4299,3552,4710,3739,3367,2331,1894,1940,1884,2034,2461,3900,3787,5233,4044,5842,2398,2222,1534,2653,2644,2105,1715,3643,2978,3218,3305,2408,2621,2939,2229,2602,1995,2701,2854,2777,2908,1711,2937,2070,2534,3027,3699,2843,3821,2411,2047,2052,2749,1072,2099,3210,4466,1148,2220,1397,2401,1824,2215,2707,5397,1943,1790,3120,2263,1950,2302,1766,2836,1298,2310,1533,2056,1621,1854,1328,1224,1715,2384,2146,2028,1511,806,1092,1243,1580,1685,1449,528,1535,592,1790,1190,1666,1734,2805,921,819,968,2467,2041,849,1250,1771,1926,1523,1185,1340,2367,2020,1383,2879,2016,2645,1756,1224,2506,3924,1916,1575,1903,2439,1975,1909,2051,1377,1790,1857,1170,2167,1863,1848,2034,1593,967,717,1853,1722,2574,1617,1531,688,946,1209,847,1387,1965,1428,1611,1219,1313,1420,1675,1296,1605,1568,1711,1841,2026,1403,1671,1415,2288,1544,1017,1190,4936,4214,4508,4320,3028,2712,2797,5619,1694,2017,1438,2910,1211,1911,1172,1093,1422,1249,1181,784,1381,1899,1761,1369,1824,2215,1760,1374,1348,1046,2077,2194,2044,2023,2151,1733,1265,1274,1523,1723,1549,1136,1057,2147,1403,1223,1208,1708,1953,1046,1370,1704,1361,1558,1186,1145,2044,1092,1133,1969,1492,1391,1474,2050,1402,1507,840,1054,1447,1845,1504,2223,834,1816,1088,2640,1976,1011,2978,1417,1774,1228,2344,1957,1872,1557,835,2682,1158,1857,1682,1622,1423,1099,1834,1159,1031,1242,956,1881
33,2.240000000000009095,32767,21203,13404,16774,14200,10981,21745,30974,30994,25265,32767,32767,32767,32767,29084,10070,11744,30159,13574,20082,18644,14436,13154,32729,22916,22612,10991,19222,20477,32767,31907,32767,28787,31326,19012,14162,14684,15049,15675,19373,32659,30624,32767,31159,32767,22163,17284,12637,19999,20701,14827,11963,31346,28617,27216,31295,17786,23862,26574,15859,19809,13802,20529,19532,23636,26811,11602,23404,13269,22130,27013,31354,25924,32695,25851,23344,18990,21001,7777,19378,24749,32767,8174,17539,8563,21442,15001,15360,19475,32767,16231,13336,28856,14548,13654,17311,11328,21421,8249,11880,7858,9676,9728,9040,7665,7851,10859,10750,10394,10960,9074,6239,6240,7582,7744,9867,7244,5258,8152,5119,11465,7139,8404,13244,17661,6263,4971,7385,17603,11216,5840,8614,9397,9679,9986,7535,6907,12797,9903,8001,17056,11235,13002,10610,6214,10624,17819,7751,7131,10646,13259,8336,7355,7591,5949,7478,10268,7141,12824,11221,8641,9443,7777,6027,4274,7955,8895,14383,9977,7422,4833,6803,6284,5230,8224,10002,7007,9017,7913,7923,8485,9050,6496,9086,7901,8111,9371,10040,7424,7758,6441,12181,6837,5672,8026,32767,32767,32767,32137,25987,20295,18619,32767,9734,16668,9476,20712,7796,10721,7947,6956,8359,8304,7524,4920,7875,11009,10551,7389,11708,16012,9885,8795,7687,6347,12862,13506,12836,15654,11157,9335,7393,7372,8399,9964,8090,7291,6948,11234,7059,6899,6760,10675,9586,6038,8056,8864,7004,7992,7166,6318,11471,6520,6606,12568,7816,7100,7621,11383,7386,7645,6185,6153,7654,8977,8409,9274,5698,9377,6943,13864,11892,6688,21416,8250,9077,7435,13399,9762,11171,7817,5829,13523,6689,11402,8453,8653,8043,7653,10301,8998,6870,8866,6430,10779
34,5.440000000000009273,32767,32767,32767,32767,32767,32767,32767,32767,32767,32767,32767,32767,32767,32767,32767,32767,32767,32767,32767,32767,32767,32767,32767,32767,32767,32767,32767,32767,32767,32767,32767,32767,32767,32767,32767,32767,32767,32767,32767,32767,32767,32767,32767,32767,32767,32767,32767,32767,32767,32767,32767,32767,32767,32767,32767,32767,32767,32767,32767,32767,32767,32767,32767,32767,32767,32767,32767,32767,32767,32767,32767,32767,32767,32767,32767,32767,32767,32767,32767,32767,32767,32767,32767,32767,32767,32767,32767,32767,32767,32767,32767,32767,32767,32767,32767,32767,32767,32767,32767,32767,32767,32767,32767,32767,32767,32767,32767,32767,32767,32767,32767,32767,32767,32767,32767,32767,32767,32767,32767,32767,32767,32767,32767,32767,32767,32767,32767,32767,32767,32767,32767,32767,32767,32767,32767,32767,32767,32767,32767,32767,32767,32767,32767,32767,32767,32767,32767,32767,32767,32767,32767,32767,32767,32767,32767,32767,32767,32767,32767,32767,32767,32767,32767,32767,32767,32767,32767,32767,32767,32767,32767,32767,32767,32767,32767,32767,32767,32767,32767,32767,32767,32767,32767,32767,32767,32767,32767,32767,32767,32767,32767,32767,32767,32767,32767,32767,32767,32767,32767,32767,32767,32767,32767,32767,32767,32767,32767,32767,32767,32767,32767,32767,32767,32767,32767,32767,32767,32767,32767,32767,32767,32767,32767,32767,32767,32767,32767,32767,32767,32767,32767,32767,32767,32767,32767,32767,32767,32767,32767,32767,32767,32767,32767,32767,32767,32767,32767,32767,32767,32767,32767,32767,32767,32767,32767,32767,32767,32767,32767,32767,32767,32767,32767,32767,32767,32767,32767,32767,32767,32767,32767,32767,32767,32767,32767,32767,32767,32767,32767,32767,32767,32767,32767,32767,32767,32767,32767,32767,32767,32767,32767,32767,32767,32767,32767
35,8.64000000000000945,32767,32767,32767,32767,32767,32767,32767,32767,32767,32767,32767,32767,32767,32767,32767,32767,32767,32767,32767,32767,32767,32767,32767,32767,32767,32767,32767,32767,32767,32767,32767,32767,32767,32767,32767,32767,32767,32767,32767,32767,32767,32767,32767,32767,32767,32767,32767,32767,32767,32767,32767,32767,32767,32767,32767,32767,32767,32767,32767,32767,32767,32767,32767,32767,32767,32767,32767,32767,32767,32767,32767,32767,32767,32767,32767,32767,32767,32767,32767,32767,32767,32767,32767,32767,32767,32767,32767,32767,32767,32767,32767,32767,32767,32767,32767,32767,32767,32767,32767,32767,32767,32767,32767,32767,32767,32767,32767,32767,32767,32767,32767,32767,32767,32767,32767,32767,32767,32767,32767,32767,32767,32767,32767,32767,32767,32767,32767,32767,32767,32767,32767,32767,32767,32767,32767,32767,32767,32767,32767,32767,32767,32767,32767,32767,32767,32767,32767,32767,32767,32767,32767,32767,32767,32767,32767,32767,32767,32767,32767,32767,32767,32767,32767,32767,32767,32767,32767,32767,32767,32767,32767,32767,32767,32767,32767,32767,32767,32767,32767,32767,32767,32767,32767,32767,32767,32767,32767,32767,32767,32767,32767,32767,32767,32767,32767,32767,32767,32767,32767,32767,32767,32767,32767,32767,32767,32767,32767,32767,32767,32767,32767,32767,32767,32767,32767,32767,32767,32767,32767,32767,32767,32767,32767,32767,32767,32767,32767,32767,32767,32767,32767,32767,32767,32767,32767,32767,32767,32767,32767,32767,32767,32767,32767,32767,32767,32767,32767,32767,32767,32767,32767,32767,32767,32767,32767,32767,32767,32767,32767,32767,32767,32767,32767,32767,32767,32767,32767,32767,32767,32767,32767,32767,32767,32767,32767,32767,32767,32767,32767,32767,32767,32767,32767,32767,32767,32767,32767,32767,32767,32767,32767,32767,32767,32767,32767
36,11.84000000000001052,32767,32767,32767,32767,32767,32767,32767,32767,32767,32767,32767,32767,32767,32767,32767,32767,32767,32767,32767,32767,32767,32767,32767,32767,32767,32767,32767,32767,32767,32767,32767,32767,32767,32767,32767,32767,32767,32767,32767,32767,32767,32767,32767,32767,32767,32767,32767,32767,32767,32767,32767,32767,32767,32767,32767,32767,32767,32767,32767,32767,32767,32767,32767,32767,32767,32767,32767,32767,32767,32767,32767,32767,32767,32767,32767,32767,32767,32767,32767,32767,32767,32767,32767,32767,32767,32767,32767,32767,32767,32767,32767,32767,32767,32767,32767,32767,32767,32767,32767,32767,32767,32767,32767,32767,32767,32767,32767,32767,32767,32767,32767,32767,32767,32767,32767,32767,32767,32767,32767,32767,32767,32767,32767,32767,32767,32767,32767,32767,32767,32767,32767,32767,32767,32767,32767,32767,32767,32767,32767,32767,32767,32767,32767,32767,32767,32767,32767,32767,32767,32767,32767,32767,32767,32767,32767,32767,32767,32767,32767,32767,32767,32767,32767,32767,32767,32767,32767,32767,32767,32767,32767,32767,32767,32767,32767,32767,32767,32767,32767,32767,32767,32767,32767,32767,32767,32767,32767,32767,32767,32767,32767,32767,32767,32767,32767,32767,32767,32767,32767,32767,32767,32767,32767,32767,32767,32767,32767,32767,32767,32767,32767,32767,32767,32767,32767,32767,32767,32767,32767,32767,32767,32767,32767,32767,32767,32767,32767,32767,32767,32767,32767,32767,32767,32767,32767,32767,32767,32767,32767,32767,32767,32767,32767,32767,32767,32767,32767,32767,32767,32767,32767,32767,32767,32767,32767,32767,32767,32767,32767,32767,32767,32767,32767,32767,32767,32767,32767,32767,32767,32767,32767,32767,32767,32767,32767,32767,32767,32767,32767,32767,32767,32767,32767,32767,32767,32767,32767,32767,32767,32767,32767,32767,32767,32767,32767
37,15.04000000000000981,32767,32767,32767,32767,32767,32767,32767,32767,32767,32767,32767,32767,32767,32767,32767,32767,32767,32767,32767,32767,32767,32767,32767,32767,32767,32767,32767,32767,32767,32767,32767,32767,32767,32767,32767,32767,32767,32767,32767,32767,32767,32767,32767,32767,-1313,32767,32767,32767,32767,32767,32767,32767,32767,32767,32767,32767,32767,32767,32767,32767,32767,32767,32767,32767,32767,32767,32767,32767,32767,32767,32767,32767,32767,32767,32767,32767,32767,32767,32767,32767,32767,32767,32767,32767,32767,32767,32767,32767,32767,32767,32767,32767,32767,32767,32767,32767,32767,32767,32767,32767,32767,32767,32767,32767,32767,32767,32767,32767,32767,32767,32767,32767,32767,32767,32767,32767,32767,32767,32767,32767,32767,32767,32767,32767,32767,32767,32767,32767,32767,32767,32767,32767,32767,32767,32767,32767,32767,32767,32767,32767,32767,32767,32767,32767,32767,32767,32767,32767,32767,32767,32767,32767,32767,32767,32767,32767,32767,32767,32767,32767,32767,32767,32767,32767,32767,32767,32767,32767,32767,32767,32767,32767,32767,32767,32767,32767,32767,32767,32767,32767,32767,32767,32767,32767,32767,32767,32767,32767,32767,32767,32767,32767,32767,32767,32767,32767,32767,32767,32767,32767,32767,32767,32767,32767,32767,32767,32767,32767,32767,32767,32767,32767,32767,32767,32767,32767,32767,32767,32767,32767,32767,32767,32767,32767,32767,32767,32767,32767,32767,32767,32767,32767,32767,32767,32767,32767,32767,32767,32767,32767,32767,32767,32767,32767,32767,32767,32767,32767,32767,32767,32767,32767,32767,32767,32767,32767,32767,32767,32767,32767,32767,32767,32767,32767,32767,32767,32767,32767,32767,32767,32767,32767,32767,32767,32767,32767,32767,32767,32767,32767,32767,32767,32767,32767,32767,32767,32767,32767,32767,32767,32767,32767,32767,32767,32767
38,18.24000000000000909,1963,-31882,-15509,-28087,-30737,32767,-16792,-32324,-32308,-21061,-32290,-32243,-32305,-32324,-32340,-17633,28318,-32317,-32277,-32341,-32313,-32284,-32344,-32355,-32316,-32306,12614,-9846,-32338,-32333,-32300,-32293,-32298,-32209,-30770,-31836,32658,32767,-16440,-32112,-32294,-32292,-32438,-32347,-32767,-32322,-32326,-20427,-32188,-32151,26122,-20526,-32292,-32318,-32311,-32329,-32348,-32333,-32299,-32293,-32306,-30629,-32233,-32312,-32339,-32301,-16569,-32305,-23233,-32315,-32298,-32334,-32316,-32318,-32168,-32178,19102,-32253,32767,-31401,-32328,-32369,27655,-32194,32767,-32193,32767,-31793,-31969,-32335,-18571,32767,-32142,-5242,-1843,-17382,16227,32767,32767,-32343,-473,-32316,-32330,-31557,1360,-14782,27965,-32307,-32297,-32313,-32326,32767,32767,28720,-1745,32767,-31658,32767,-30724,20476,-32320,-16785,-32347,-32295,-32301,3259,32767,32767,-32310,-32337,32767,26337,-22675,-32345,-14066,32767,32767,-29289,-1784,32767,-32332,-32350,-32304,32767,32767,-32199,-32304,-4686,16031,3912,-9222,32191,736,32767,32767,31935,-31482,32767,-31503,-383,-32341,-587,306,32767,32767,14857,27884,-32351,-32343,32767,32767,32767,32767,32767,32767,29162,32767,32767,32767,32767,32767,32767,32767,32767,31226,32767,32767,-1352,32767,32767,32767,-32172,32767,32767,32767,-32313,-32339,-32286,-32319,-31558,-31143,-32360,-32338,32767,-10514,32767,-32013,32752,-7885,32767,32767,32767,32767,32767,32767,32767,3232,-20938,-12713,-31395,-32332,-31756,28358,32767,32767,-23031,-16598,-30477,-32317,-32352,6498,-31813,32767,31964,-31992,-32357,32767,32767,-32283,-30685,32704,32767,-32327,-32321,-11040,-26348,-31238,-32272,-32325,-31089,-29589,-32333,15807,32767,-32317,-32342,-21836,-11989,-32330,-24656,-24358,-1369,26533,-31513,-32348,-32328,-32347,32617,-32097,7306,-32292,-32341,32179,-32305,-13900,-32342,-26003,-32320,-32361,-32047,-1740,32767,-32304,32767,-15064,-18828,-31993,32102,32720,-32327,-10008,32767,32767,32767,32761
39,21.44000000000001194,-32767,-32767,-32767,-32767,-32767,-32755,-32767,-32767,-32767,-32767,-32767,-32767,-32767,-32767,-32767,-32767,-32767,-32767,-32767,-32767,-32767,-32767,-32767,-32767,-32767,-32767,-32767,-32767,-32767,-32767,-32767,-32767,-32767,-32767,-32767,-32767,-32767,-32373,-32767,-32767,-32767,-32767,-32767,-32767,-32767,-32767,-32767,-32767,-32767,-32767,-32767,-32767,-32767,-32767,-32767,-32767,-32767,-32767,-32767,-32767,-32767,-32767,-32767,-32767,-32767,-32767,-32767,-32767,-32767,-32767,-32767,-32767,-32767,-32767,-32767,-32767,-32767,-32767,-32325,-32767,-32767,-32767,-32767,-32767,-32337,-32767,-32753,-32767,-32767,-32767,-32767,-32377,-32767,-32767,-32767,-32767,-32767,-32367,-32767,-32767,-32767,-32767,-32767,-32767,-32767,-32767,-32767,-32767,-32767,-32767,-32767,-32342,-32322,-32767,-32767,-32365,-32767,-32419,-32767,-32767,-32767,-32767,-32767,-32767,-32767,-32767,-32613,-32361,-32767,-32767,-32360,-32767,-32767,-32767,-32767,-32380,-32323,-32767,-32767,-32423,-32767,-32767,-32767,-32352,-32350,-32767,-32767,-32767,-32767,-32767,-32767,-32767,-32767,-32370,-32295,-32767,-32767,-32360,-32767,-32767,-32767,-32767,-32767,-32313,-32312,-32767,-32767,-32767,-32767,-32355,-32307,-32457,-32382,-32318,-32361,-32767,-32370,-32549,-32308,-32326,-32342,-32323,-32341,-32376,-32767,-32535,-32518,-32767,-32682,-32344,-32326,-32767,-32353,-32317,-32357,-32767,-32767,-32767,-32767,-32767,-32767,-32767,-32767,-32363,-32767,-32347,-32767,-32767,-32767,-32332,-32305,-32549,-32356,-32340,-32321,-32362,-32767,-32767,-32767,-32767,-32767,-32767,-32767,-32375,-32341,-32767,-32767,-32767,-32767,-32767,-32767,-32767,-32746,-32767,-32767,-32767,-32359,-32455,-32767,-32767,-32645,-32760,-32767,-32767,-32767,-32767,-32767,-32767,-32767,-32767,-32767,-32767,-32767,-32583,-32767,-32767,-32767,-32767,-32767,-32767,-32767,-32767,-32767,-32767,-32767,-32767,-32767,-32767,-32767,-32767,-32767,-32767,-32767,-32767,-32767,-32767,-32767,-32767,-32767,-32767,-32767,-32477,-32767,-32444,-32767,-32767,-32767,-32742,-32767,-32767,-32767,-32335,-32530,-32331,-32767
40,24.64000000000001123,-32767,-32767,-32767,-32767,-32767,-32767,-32767,-32767,-32767,-32767,-32767,-32767,-32767,-32767,-32767,-32767,-32767,-32767,-32767,-32767,-32767,-32767,-32767,-32767,-32767,-32767,-32767,-32767,-32767,-32767,-32767,-32767,-32767,-32767,-32767,-32767,-32767,-32767,-32767,-32767,-32767,-32767,-32767,-32767,-32767,-32767,-32767,-32767,-32767,-32767,-32767,-32767,-32767,-32767,-32767,-32767,-32767,-32767,-32767,-32767,-32767,-32767,-32767,-32767,-32767,-32767,-32767,-32767,-32767,-32767,-32767,-32767,-32767,-32767,-32767,-32767,-32767,-32767,-32767,-32767,-32767,-32767,-32767,-32767,-32767,-32767,-32767,-32767,-32767,-32767,-32767,-32767,-32767,-32767,-32767,-32767,-32767,-32767,-32767,-32767,-32767,-32767,-32767,-32767,-32767,-32767,-32767,-32767,-32767,-32767,-32767,-32767,-32767,-32767,-32767,-32767,-32767,-32767,-32767,-32767,-32767,-32767,-32767,-32767,-32767,-32767,-32767,-32767,-32767,-32767,-32767,-32767,-32767,-32767,-32767,-32767,-32767,-32767,-32767,-32767,-32767,-32767,-32767,-32767,-32767,-32767,-32767,-32767,-32767,-32767,-32767,-32767,-32767,-32767,-32767,-32767,-32767,-32767,-32767,-32767,-32767,-32767,-32767,-32767,-32767,-32767,-32767,-32767,-32767,-32767,-32767,-32767,-32767,-32767,-32767,-32767,-32767,-32767,-32767,-32767,-32767,-32767,-32767,-32767,-32767,-32767,-32767,-32767,-32767,-32767,-32767,-32767,-32767,-32767,-32767,-32767,-32767,-32767,-32767,-32767,-32767,-32767,-32767,-32767,-32767,-32767,-32767,-32767,-32767,-32767,-32767,-32767,-32767,-32767,-32767,-32767,-32767,-32767,-32767,-32767,-32767,-32767,-32767,-32767,-32767,-32767,-32767,-32767,-32767,-32767,-32767,-32767,-32767,-32767,-32767,-32767,-32767,-32767,-32767,-32767,-32767,-32767,-32767,-32767,-32767,-32767,-32767,-32767,-32767,-32767,-32767,-32767,-32767,-32767,-32767,-32767,-32767,-32767,-32767,-32767,-32767,-32767,-32767,-32767,-32767,-32767,-32767,-32767,-32767,-32767,-32767,-32767,-32767,-32767,-32767,-32767,-32767,-32767,-32767,-32767,-32767,-32767,-32767,-32767,-32767,-32767,-32767,-32767,-32767,-32767,-32767,-32767,-32767,-32767,-32767
41,27.84000000000001052,-32767,-32767,-32767,-32767,-32767,-32767,-32767,-32767,-32767,-32767,-32767,-32767,-32767,-32767,-32767,-32767,-32767,-32767,-32767,-32767,-32767,-32767,-32767,-32767,-32767,-32767,-32767,-32767,-32767,-32767,-32767,-32767,-32767,-32767,-32767,-32767,-32767,-32767,-32767,-32767,-32767,-32767,-32767,-32767,-32767,-32767,-32767,-32767,-32767,-32767,-32767,-32767,-32767,-32767,-32767,-32767,-32767,-32767,-32767,-32767,-32767,-32767,-32767,-32767,-32767,-32767,-32767,-32767,-32767,-32767,-32767,-32767,-32767,-32767,-32767,-32767,-32767,-32767,-32767,-32767,-32767,-32767,-32767,-32767,-32767,-32767,-32767,-32767,-32767,-32767,-32767,-32767,-32767,-32767,-32767,-32767,-32767,-32767,-32767,-32767,-32767,-32767,-32767,-32767,-32767,-32767,-32767,-32767,-32767,-32767,-32767,-32767,-32767,-32767,-32767,-32767,-32767,-32767,-32767,-32767,-32767,-32767,-32767,-32767,-32767,-32767,-32767,-32767,-32767,-32767,-32767,-32767,-32767,-32767,-32767,-32767,-32767,-32767,-32767,-32767,-32767,-32767,-32767,-32767,-32767,-32767,-32767,-32767,-32767,-32767,-32767,-32767,-32767,-32767,-32767,-32767,-32767,-32767,-32767,-32767,-32767,-32767,-32767,-32767,-32767,-32767,-32767,-32767,-32767,-32767,-32767,-32767,-32767,-32767,-32767,-32767,-32767,-32767,-32767,-32767,-32767,-32767,-32767,-32767,-32767,-32767,-32767,-32767,-32767,-32767,-32767,-32767,-32767,-32767,-32767,-32767,-32767,-32767,-32767,-32767,-32767,-32767,-32767,-32767,-32767,-32767,-32767,-32767,-32767,-32767,-32767,-32767,-32767,-32767,-32767,-32767,-32767,-32767,-32767,-32767,-32767,-32767,-32767,-32767,-32767,-32767,-32767,-32767,-32767,-32767,-32767,-32767,-32767,-32767,-32767,-32767,-32767,-32767,-32767,-32767,-32767,-32767,-32767,-32767,-32767,-32767,-32767,-32767,-32767,-32767,-32767,-32767,-32767,-32767,-32767,-32767,-32767,-32767,-32767,-32767,-32767,-32767,-32767,-32767,-32767,-32767,-32767,-32767,-32767,-32767,-32767,-32767,-32767,-32767,-32767,-32767,-32767,-32767,-32767,-32767,-32767,-32767,-32767,-32767,-32767,-32767,-32767,-32767,-32767,-32767,-32767,-32767,-32767,-32767,-32767
42,31.04000000000000981,-32767,-32767,-32767,-32767,-32767,-32767,-32767,-32767,-32767,-32767,-32767,-32767,-32767,-32767,-32767,-32767,-32767,-32767,-32767,-32767,-32767,-32767,-32767,-32767,-32767,-32767,-32767,-32767,-32767,-32767,-32767,-32767,-32767,-32767,-32767,-32767,-32767,-32767,-32767,-32767,-32767,-32767,-32767,-32767,-25479,-32767,-32767,-32767,-32767,-32767,-32767,-32767,-32767,-32767,-32767,-32767,-32767,-32767,-32767,-32767,-32767,-32767,-32767,-32767,-32767,-32767,-32767,-32767,-32767,-32767,-32767,-32767,-32767,-32767,-32767,-32767,-32767,-32767,-32767,-32767,-32767,-32767,-32767,-32767,-32767,-32767,-32767,-32767,-32767,-32767,-32767,-32767,-32767,-32767,-32767,-32767,-32767,-32767,-32767,-32767,-32767,-32767,-32767,-32767,-32767,-32767,-32767,-32767,-32767,-32767,-32767,-32767,-32767,-32767,-32767,-32767,-32767,-32767,-32767,-32767,-32767,-32767,-32767,-32767,-32767,-32767,-32767,-32767,-32767,-32767,-32767,-32767,-32767,-32767,-32767,-32767,-32767,-32767,-32767,-32767,-32767,-32767,-32767,-32767,-32767,-32767,-32767,-32767,-32767,-32767,-32767,-32767,-32767,-32767,-32767,-32767,-32767,-32767,-32767,-32767,-32767,-32767,-32767,-32767,-32767,-32767,-32767,-32767,-32767,-32767,-32767,-32767,-32767,-32767,-32767,-32767,-32767,-32767,-32767,-32767,-32767,-32767,-32767,-32767,-32767,-32767,-32767,-32767,-32767,-32767,-32767,-32767,-32767,-32767,-32767,-32767,-32767,-32767,-32767,-32767,-32767,-32767,-32767,-32767,-32767,-32767,-32767,-32767,-32767,-32767,-32767,-32767,-32767,-32767,-32767,-32767,-32767,-32767,-32767,-32767,-32767,-32767,-32767,-32767,-32767,-32767,-32767,-32767,-32767,-32767,-32767,-32767,-32767,-32767,-32767,-32767,-32767,-32767,-32767,-32767,-32767,-32767,-32767,-32767,-32767,-32767,-32767,-32767,-32767,-32767,-32767,-32767,-32767,-32767,-32767,-32767,-32767,-32767,-32767,-32767,-32767,-32767,-32767,-32767,-32767,-32767,-32767,-32767,-32767,-32767,-32767,-32767,-32767,-32767,-32767,-32767,-32767,-32767,-32767,-32767,-32767,-32767,-32767,-32767,-32767,-32767,-32767,-32767,-32767,-32767,-32767,-32767,-32767,-32767,-32767
43,34.24000000000000909,-32767,-32767,-32767,-32767,-32767,-32767,-32767,-32767,-32767,-32767,-21960,-32767,-22379,24317,-32767,-32767,-32767,-3978,-32767,-32767,-32767,-31850,-32767,-28611,-32767,-32767,-32767,-32767,-32516,-26248,-29806,-21476,32767,-32767,-32767,-32767,-32767,-32767,-32724,-27138,32767,2306,32767,32767,32767,-28327,-27779,-32701,-32767,-32767,-32767,-32767,-32767,-32767,-32749,-24695,-32767,-32767,-32765,-32767,-32767,-32767,-32767,-32767,-32767,-32767,-32767,-32767,-32767,28350,-10943,32767,-27453,32767,-32714,-32767,-32767,-32767,-32767,-32767,-32767,12692,-32767,-32767,-32767,-8645,-32767,-25258,-32767,32767,-32767,-32767,-32733,-32767,-32767,-32767,-32767,-32767,-32767,-31423,-32767,-32595,-32767,-32767,-32767,-32767,-32767,-32767,-32767,-32767,-32767,-32767,-32767,-32767,-32767,-32767,-32767,-32767,-32767,-32767,-32767,-32767,-32767,-32767,-32110,-32767,-32767,-32767,-12478,-32767,-32767,-32767,-32767,-32767,-32767,-32767,-32767,-32767,-32767,-32767,-32767,-32767,-32767,-32767,-32767,-32767,-32767,-32767,-32767,-32767,-32767,-32767,-32767,-32767,-32767,-32767,-32767,-32767,-32767,-32767,-32767,-32767,-32767,-32767,-32767,-32767,-32767,-32767,-32767,-32767,-32767,-32767,-32767,-32767,-32767,-32767,-32767,-32767,-32767,-32767,-32767,-32767,-32767,-32767,-32767,-32767,-32767,-32767,-32767,-32767,-32767,-32030,-32767,-32767,-32767,32767,6376,32688,-32334,-32767,-32767,-28334,32767,-32767,1594,-32767,-5285,-32767,-32767,-32767,-32767,-32767,-32767,-32767,-32767,-32767,-32767,-32767,-32767,-32767,-32767,-32767,-32767,-32767,-32767,-32767,-32767,-32767,-32767,-32767,-32767,-32767,-32767,-32767,-32767,-32767,-32767,-32767,-28966,-32767,-32767,-32767,-32767,-32767,-32767,-32767,-32767,-32767,-32767,-32767,-32767,-32767,-32767,-32767,-32767,-32767,-32767,-32767,-32767,-32767,-32767,-32767,-32767,-32767,-32767,-32767,-32767,-32767,-32767,-32767,-32767,-32687,-32767,-30186,-32767,-32767,-32767,-32767,-32721,-32679,-32767,-32767,-13827,-32767,-32767,-32767,-29537,-32767,-32767,-14554,-32767,-32767,-32767,-32767,-32767
44,37.44000000000001194,25892,9640,-15977,-23926,-21713,-32767,-32767,32767,32767,32547,32767,32767,32767,32767,32767,32767,32767,32767,32767,32767,32767,32767,28525,32767,32767,32767,7453,32767,32767,32767,32767,32767,32767,32767,32767,32767,4591,32767,32767,32767,32767,32767,32767,32767,32767,32767,32767,32767,32767,32767,32767,32767,32767,32767,32767,32767,32767,32767,32767,32767,32767,32767,32767,32767,32767,32767,23889,32767,32767,32767,32767,32767,32767,32767,32767,32767,32767,32767,6347,32767,32767,32767,32767,32767,32767,32767,32767,32767,32767,32767,32767,-12420,32767,32767,32767,29983,32767,32767,32767,32767,32767,32767,32767,32767,32767,32767,4391,32767,32767,-24881,26334,6635,-22914,24131,-21829,-32767,-7694,-32767,-27770,-32767,4713,-32767,-31630,32767,32767,29137,19563,-6574,32767,32767,-32767,26523,4984,-26215,-32767,-32767,-32767,12729,-16895,-32767,-11598,21422,25158,-32767,-32767,21302,32767,-32716,-32767,-13873,15364,32767,14719,-13969,-32767,32767,32767,-31882,32767,29172,32767,27288,32767,-32767,-32767,22311,-32767,11792,31886,-5838,-32767,-7535,14564,-18953,12384,32767,19714,27866,-32767,-12899,23526,-14062,-5316,-1519,32767,-3959,32389,32767,32767,31853,-923,32767,32767,-11384,23858,32767,32767,32767,32767,32767,32767,32767,32767,32767,32767,32767,32767,32767,32767,6488,-23217,32767,6364,-1423,-27375,-9676,29066,10812,-10242,3228,32767,1643,-32743,-32767,-32767,-22864,-32767,-32541,-23270,32767,-32767,-24569,-32767,-32767,-32411,-32702,-32767,-32767,32767,31215,-32767,-29255,29540,32767,-19929,7813,-10620,22959,32767,4764,-8110,32767,-9740,-32555,32767,6296,-23800,-23741,32767,-32767,-20560,-29239,-17108,32767,32767,32767,32767,32767,32767,32767,32767,32767,31143,32767,32767,32767,31151,32767,32767,32767,32767,27971,32767,32767,32767,32767,32767,19173,3430,32767,32767,30296,32767,-32760,32767
45,40.64000000000001478,32767,32767,32767,32767,32767,32767,32767,32767,32767,32767,32767,32767,32767,32767,32767,32767,32767,32767,32767,32767,32767,32767,32767,32767,32767,32767,32767,32767,32767,32767,32767,32767,32767,32767,32767,32767,32767,32767,32767,32767,32767,32767,32767,32767,32767,32767,32767,32767,32767,32767,32767,32767,32767,32767,32767,32767,32767,32767,32767,32767,32767,32767,32767,32767,32767,32767,32767,32767,32767,32767,32767,32767,32767,32767,32767,32767,32767,32767,32767,32767,32767,32767,32767,32767,32767,32767,32767,32767,32767,32767,32767,32767,32767,32767,32767,32767,32767,32767,32767,32767,32767,32767,32767,32767,32767,32767,32767,32767,32767,32767,32767,32767,32767,32767,32767,32767,32767,32767,32767,32767,32767,32767,32767,32767,32767,32767,32767,32767,32767,32767,32767,32767,32767,32767,32767,32767,32767,32767,32767,32767,32767,32767,32767,32767,32767,32767,32767,32767,32767,32767,32767,32767,32767,32767,32767,32767,32767,32767,32767,32767,32767,32767,32767,32767,32767,32767,32767,32767,32767,32767,32767,32767,32767,32767,32767,32767,32767,32767,32767,32767,32767,32767,32767,32767,32767,32767,32767,32767,32767,32767,32767,32767,32767,32767,32767,32767,32767,32767,32767,32767,32767,32767,32767,32767,32767,32767,32767,32767,32767,32767,32767,32767,32767,32767,32767,32767,32767,32767,32767,32767,32767,32767,32767,32767,32767,32767,32767,32767,32767,32767,32767,32767,-32767,-1700,32767,32767,26768,14992,32767,32767,32767,32767,32767,32767,32767,32767,32767,32767,32767,32767,32767,32767,32767,32767,32767,32767,32767,32767,32767,32767,32767,32767,32767,32767,32767,32767,32767,32767,32767,32767,32767,32767,32767,32767,32767,32767,32767,32767,32767,32767,32767,32767,32767,32767,32767,32767,32767,32767,32767,32767,32767,32767,32767,32767,32767
46,43.84000000000001052,32767,32767,32767,32767,32767,32767,32767,32767,32767,32767,32767,32767,32767,32767,32767,32767,32767,32767,32767,32767,32767,32767,32767,32767,32767,32767,32767,32767,32767,32767,32767,32767,32767,32767,32767,32767,32767,32767,32767,32767,32767,32767,32767,32767,32767,32767,32767,32767,32767,32767,32767,32767,32767,32767,32767,32767,32767,32767,32767,32767,32767,32767,32767,32767,32767,32767,32767,32767,32767,32767,32767,32767,32767,32767,32767,32767,32767,32767,32767,32767,32767,32767,32767,32767,32767,32767,32767,32767,32767,32767,32767,32767,32767,32767,32767,32767,32767,32767,32767,32767,32767,32767,32767,32767,32767,32767,32767,32767,32767,32767,32767,32767,32767,32767,32767,32767,32767,32767,32767,32767,32767,32767,32767,32767,32767,32767,32767,32767,32767,32767,32767,32767,32767,32767,32767,32767,32767,32767,32767,32767,32767,32767,32767,32767,32767,32767,32767,32767,32767,32767,32767,32767,32767,32767,32767,32767,32767,32767,32767,32767,32767,32767,32767,32767,32767,32767,32767,32767,32767,32767,32767,32767,32767,32767,32767,32767,32767,32767,32767,32767,32767,32767,32767,32767,32767,32767,32767,32767,32767,32767,32767,32767,32767,32767,32767,32767,32767,32767,32767,32767,32767,32767,32767,32767,32767,32767,32767,32767,32767,32767,32767,32767,32767,32767,32767,32767,32767,32767,32767,32767,32767,32767,32767,32767,32767,32767,32767,32767,32767,32767,32767,32767,32767,32767,32767,32767,32767,32767,32767,32767,32767,32767,32767,32767,32767,32767,32767,32767,32767,32767,32767,32767,32767,32767,32767,32767,32767,32767,32767,32767,32767,32767,32767,32767,32767,32767,32767,32767,32767,32767,32767,32767,32767,32767,32767,32767,32767,32767,32767,32767,32767,32767,32767,32767,32767,32767,32767,32767,32767,32767,32767,32767,32767,32767,32767
47,47.04000000000001336,32767,32767,32767,32767,32767,32767,32767,32767,32767,32767,32767,32767,32767,32767,32767,32767,32767,32767,32767,32767,32767,32767,32767,32767,32767,32767,32767,32767,32767,32767,32767,32767,32767,32767,32767,32767,32767,32767,32767,32767,32767,32767,32767,32767,32767,32767,32767,32767,32767,32767,32767,32767,32767,32767,32767,32767,32767,32767,32767,32767,32767,32767,32767,32767,32767,32767,32767,32767,32767,32767,32767,32767,32767,32767,32767,32767,32767,32767,32767,32767,32767,32767,32767,32767,32767,32767,32767,32767,32767,32767,32767,32767,32767,32767,32767,32767,32767,32767,32767,32767,32767,32767,32767,32767,32767,32767,32767,32767,32767,32767,32767,32767,32767,32767,32767,32767,32767,32767,32767,32767,32767,32767,32767,32767,32767,32767,32767,32767,32767,32767,32767,32767,32767,32767,32767,32767,32767,32767,32767,32767,32767,32767,32767,32767,32767,32767,32767,32767,32767,32767,32767,32767,32767,32767,32767,32767,32767,32767,32767,32767,32767,32767,32767,32767,32767,32767,32767,32767,32767,32767,32767,32767,32767,32767,32767,32767,32767,32767,32767,32767,32767,32767,32767,32767,32767,32767,32767,32767,32767,32767,32767,32767,32767,32767,32767,32767,32767,32767,32767,32767,32767,32767,32767,32767,32767,32767,32767,32767,32767,32767,32767,32767,32767,32767,32767,32767,32767,32767,32767,32767,32767,32767,32767,32767,32767,32767,32767,32767,32767,32767,32767,32767,32767,32767,32767,32767,32767,32767,32767,32767,32767,32767,32767,32767,32767,32767,32767,32767,32767,32767,32767,32767,32767,32767,32767,32767,32767,32767,32767,32767,32767,32767,32767,32767,32767,32767,32767,32767,32767,32767,32767,32767,32767,32767,32767,32767,32767,32767,32767,32767,32767,32767,32767,32767,32767,32767,32767,32767,32767,32767,32767,32767,32767,32767,32767
48,50.24000000000000909,32767,32767,32767,32767,32767,32767,32767,32767,32767,32767,32767,32767,32767,32767,32767,32767,32767,32767,32767,32767,32767,32767,32767,32767,32767,32767,32767,32767,32767,32767,32767,32767,32767,32767,32767,32767,32767,32767,32767,32767,32767,32767,32767,32767,32767,32767,32767,32767,32767,32767,32767,32767,32767,32767,32767,32767,32767,32767,32767,32767,32767,32767,32767,32767,32767,32767,32767,32767,32767,30395,32767,27937,32767,31354,32767,32767,32767,32767,32767,32767,32767,32767,32767,32767,32767,32767,32767,32767,32767,32763,32767,32767,32767,32767,32767,32767,32767,32767,32767,32767,32767,32767,32767,32767,32767,32767,32767,32767,32767,32767,32767,32767,32767,32767,32767,32767,32767,32767,32767,32767,32767,32767,32767,32767,32767,32767,32767,32767,32767,32767,32767,32767,32767,32767,32767,32767,32767,32767,32767,32767,32767,32767,32767,32767,32767,32767,32767,32767,32767,32767,32767,32767,32767,32767,32767,32767,32767,32767,32767,32767,32767,32767,32767,32767,32767,32767,32767,32767,32767,32767,32767,32767,32767,32767,32767,32767,32767,32767,32767,32767,32767,32767,32767,32767,32767,32767,32767,32767,32767,32767,32767,32767,32767,32767,32767,32767,32767,32767,32767,32767,32767,32767,21483,32767,32743,32767,7465,32767,32767,32767,32767,32767,32767,32767,32767,32767,32767,32767,32767,32767,32767,32767,32767,32767,32767,32767,32767,32767,32767,32767,32767,32767,32767,32767,32767,32767,32767,32767,32767,32767,32767,32767,32767,32767,32767,32767,32767,32767,32767,32767,32767,32767,32767,32767,32767,32767,32767,32767,32767,32767,32767,32767,32767,32767,32767,32767,32767,32767,32767,32767,32767,32767,32767,32767,32767,32767,32767,32767,32767,32767,32767,32767,32767,32767,32767,32767,32767,32767,32767,32767,32767,32767,32767,32767,32767
49,53.44000000000001194,32767,32767,32767,32767,32767,32767,32767,32767,32767,32767,32767,32767,32767,32767,32767,32767,32767,-8838,32767,17800,32767,23348,32767,385,32767,32767,32767,32767,5105,2013,25671,-1329,-32366,32767,10264,3474,32767,32767,32767,32767,2390,32767,2409,30865,-18491,32767,-31159,-29679,-11732,-12545,11132,31805,-31456,32399,-8520,-32185,7714,24751,8457,32767,32767,32767,32767,32403,32767,285,32767,-31136,5065,-32767,-32634,-32767,-32339,-32767,-32347,-29259,32606,-32188,32767,32767,10304,-32372,32767,15421,32767,-32345,21387,31730,32767,-27699,32767,32767,3370,32767,32767,32767,32767,32767,32767,-32298,32767,8432,26079,32752,32767,32767,32767,32767,32767,32767,32767,32767,32767,32767,32767,32767,32767,32767,32767,32767,32767,32767,32767,32767,32767,32767,32767,32767,20753,32767,32767,31420,32767,32767,32767,32767,32767,32767,32767,32767,32767,32767,32767,32767,32767,32767,32767,32767,32767,32767,32767,-32335,-14024,997,32767,-1343,-32298,32767,19385,32767,10018,32767,32767,32767,32767,32767,32767,32640,-23805,11008,32767,32767,32767,32767,5372,-1552,32767,32767,32767,32767,32767,32767,32767,32767,32767,32767,32767,32767,32767,32767,32767,18009,32767,32767,32767,-32767,24929,15787,32767,32767,32767,4070,-32767,31902,-32767,-6973,-32767,-14414,-20278,32767,32767,32767,32767,32767,32767,32767,32767,32767,32767,32767,32767,32767,32767,32767,32767,32767,32767,32767,32767,32767,32767,32767,32767,32767,32767,32767,32767,32767,32767,32767,32767,32767,32767,32767,32767,32767,32767,32767,29941,32767,32469,19565,32767,32767,-20342,13464,32159,32767,2050,32767,32767,32767,32767,32767,32767,16646,31140,32767,-24578,-13429,-14699,-29159,32767,-32287,-6227,-23521,32767,-6648,17712,28647,32767,32767,32767,32767,32767,32767,32767,32767,32767,32767,32767,32767,32767,32767,32767
50,56.64000000000001478,32767,19509,32767,14086,32030,32767,32767,32767,32767,32767,26709,32767,32767,25113,8736,-31327,-31940,-32767,-27167,-32767,-32375,-32767,-14423,-32767,-32522,-32153,-32270,-32767,-32767,-32767,-32767,-32767,-32767,-32382,-32767,-32767,5984,14997,-7609,-6736,-32767,-11709,-32767,-32767,-32767,-32767,-32767,-32767,-32767,-32767,-32767,-32767,-32767,-32767,-32767,-32767,-32767,-32767,-32767,-32595,-32229,-30450,-32346,-32767,-32767,-32767,-29487,-32767,-32767,-32767,-32767,-32767,-32767,-32767,-32767,-32767,-32767,-32767,24780,-6492,-32767,-32767,-29030,-32767,-5057,-32767,-32767,-32767,6048,-32767,32767,32767,-32767,-32021,-25642,25145,-24829,30760,-17149,-32767,-12615,-32767,-32767,-32767,-32740,-30290,-13903,-32526,-28954,-30344,-32259,-32369,-32276,-32733,-32564,-16657,-32661,-32264,-32231,-13084,-32473,-32336,-32291,-32767,-32467,-32281,-32301,-31456,-32767,-32326,-23605,-32767,-32387,-32385,2235,-8791,32767,-20004,15572,32767,-1528,-26914,-30063,32767,32767,-29746,-32151,18274,-18410,-31603,-32767,-32767,-32767,-32767,-32767,-32767,-32767,8048,-32767,-32560,-32767,-29151,-32319,32767,-21517,-32075,26557,-32767,-32767,-32767,-32211,-24730,-24948,-32767,-32767,-32767,-25715,9663,32767,8607,-32220,-30286,-21424,32767,-21658,32767,-932,-32321,-32236,678,32767,-32767,6431,28172,5416,-32767,-32767,-32767,-23615,-32349,-32702,-32767,-32767,-32767,-32767,-32767,-32767,-32767,-32767,-32339,26425,-23784,4200,15392,11128,-11858,8478,32767,32767,32767,14270,32767,32767,32767,32767,32767,32767,32767,32767,32767,32767,32767,32767,32767,-31227,-29953,32767,32767,-15342,23424,32767,32767,6495,-27799,-15618,-31109,-30153,-32356,-32767,-32767,-32767,-32767,-32294,-32301,-32767,-32767,-32767,-32726,-32767,-32235,-32334,-32295,-32321,-32767,-32767,-32767,-32767,-32767,-32767,-32767,-32767,-32767,-32608,-32767,-32767,-32767,-32518,-32767,-32767,-32767,-16456,32754,-23771,32767,1336,9343,-2319,32767,32767,-30031,-19895,18502,-18447,32767,-32254
51,59.84000000000001052,-32767,-32767,-32726,-32767,-32767,7142,32767,21022,32767,32767,-32593,-9434,-15605,-32767,-32767,-32767,-32767,-32767,-32767,-32767,-32767,-32767,-32767,-32767,-32767,-32767,-32767,-32767,-32767,-32767,-32767,-32767,-32767,-32767,-32767,-32767,-32767,-32767,-32767,-32767,-32767,-32767,-32767,-32767,-32767,-32767,-32767,-32767,-32767,-32767,-32767,-32767,-32767,-32767,-32767,-32767,-32767,-32767,-32767,-32767,-32767,-32767,-32767,-32767,-32767,-32767,-32767,-32767,-32767,-32767,-32767,-32767,-32767,-32767,-32767,-32767,-32767,-32767,-32767,-32767,-32767,-32767,-32767,-32767,-32767,-32767,-32767,-32767,-32767,-32767,-4530,-10626,-32767,-32767,-32767,-32767,-32767,-32767,-32767,-32767,-32767,-32767,-32767,-32767,-32767,-32767,-32767,-32767,-32767,-32767,-32767,-32767,-32767,-32767,-32767,-32767,-32767,-32767,-32767,-32767,-32767,-32767,-32767,-32767,-32767,-32767,-32767,-32767,-32767,-32767,-32767,-32767,-32767,-32767,-32767,-32767,-30653,-32767,-32767,-32767,-32767,-32767,-32767,6972,-32010,-32767,-32767,-32767,-32767,-32767,-32767,-32767,-32767,-32767,-32767,-32767,-32767,-32767,-32767,-32767,-32767,-32767,-32767,-32767,-32767,-32767,-32767,-32767,-32767,-32767,-32767,-32767,-32767,-32767,-32767,-32767,-32767,-32767,-7821,-32767,-32767,-32767,-32767,-32651,-32767,-32439,-32767,-32767,-32767,-32767,-24076,-32767,-32767,-32767,-32767,-32767,-32767,-32767,-32767,-32767,-32767,-32767,-32767,-32767,-32767,-32767,-32767,-32767,-32767,-32767,-32767,-32767,-32767,-32767,-32767,-32767,-32767,-32767,-32767,-18808,-27469,-4280,32767,32767,32242,32767,32767,27919,-3742,-20780,20824,-32767,8314,-19257,-32767,-32767,-4893,3743,-32767,-32767,-23988,-32299,-32767,-32767,-32767,-32767,-32767,-32767,-32767,-32767,-32767,-32767,-32767,-32767,-32767,-32767,-32767,-32767,-32767,-32767,-32767,-32767,-32767,-32767,-32767,-32767,-32767,-32767,-32767,-32767,-32767,-32767,-32767,-32767,-32767,-32767,-32767,-32767,-32767,-32767,-32767,-32767,-32767,-32767,-32767,-32767,-32767,-26581,-31116,-32767,-32767,-32767,-32767,-24550,-32767
52,63.04000000000001336,-32767,-32767,-32767,-32767,-32767,-32767,-32153,-32767,-15416,-16300,-32767,-32767,-32767,-32767,-32767,-32767,-32767,-32767,-32767,-32767,-32767,-32767,-32767,-32767,-32767,-32767,-32767,-32767,-32767,-32767,-32767,-32767,-32767,-32767,-32767,-32767,-32767,-32767,-32767,-32767,-32767,-32767,-32767,-32767,-32767,-32767,-32767,-32767,-32767,-32767,-32767,-32767,-32767,-32767,-32767,-32767,-32767,-32767,-32767,-32767,-32767,-32767,-32767,-32767,-32767,-32767,-32767,-32767,-32767,-32767,-32767,-32767,-32767,-32767,-32767,-32767,-32767,-32767,-32767,-32767,-32767,-32767,-32767,-32767,-32767,-32767,-32767,-32767,-32767,-32767,-32767,-30160,-32767,-32767,-32767,-32767,-32767,-32767,-32767,-32767,-32767,-32767,-32767,-32767,-32767,-32767,-32767,-32767,-32767,-32767,-32767,-32767,-32767,-32767,-32767,-32767,-32767,-32767,-32767,-32767,-32767,-32767,-32767,-32767,-32767,-32767,-32767,-32767,-32767,-32767,-32767,-32767,-32767,-32767,-32767,-32767,-32767,-32767,-32767,-32767,-32767,-32767,-32767,-32767,-32767,-32767,-32767,-32767,-32767,-32767,-32767,-32767,-32767,-32767,-32767,-32767,-32767,-32767,-32767,-32767,-32767,-32767,-32767,-32767,-32767,-32767,-32767,-32767,-32767,-32767,-32767,-32767,-32767,-32767,-32767,-32767,-32767,-32767,-32767,-32767,-32767,-32767,-32767,-32767,-32767,-32767,-32767,-32767,-32767,-32767,-32767,-32767,-32767,-32767,-32767,-32767,-32767,-32767,-32767,-32767,-32767,-32767,-32767,-32767,-32767,-32767,-32767,-32767,-32767,-32767,-32767,-32767,-32767,-32767,-32767,-32767,-32767,-32767,-32767,-32767,-32767,-32767,-12530,-18890,-28867,-8049,-4001,-32767,-32767,-32767,-32767,-32767,-32767,-32767,-32767,-32767,-32767,-32767,-32767,-32767,-32767,-32767,-32767,-32767,-32767,-32767,-32767,-32767,-32767,-32767,-32767,-32767,-32767,-32767,-32767,-32767,-32767,-32767,-32767,-32767,-32767,-32767,-32767,-32767,-32767,-32767,-32767,-32767,-32767,-32767,-32767,-32767,-32767,-32767,-32767,-32767,-32767,-32767,-32767,-32767,-32767,-32767,-32767,-32767,-32767,-32767,-32767,-32767,-32767,-32767,-32767,-32767,-32767,-32767,-32767
53,66.24000000000000909,-32767,-32767,-32767,-32767,-32767,-32767,-32767,-32767,-32767,-32767,-32767,-32767,-32767,-32767,-32767,-32767,-32767,-32767,-32767,-32767,-32767,-32767,-32767,-32767,-32767,-32767,-32767,-32767,-32767,-32767,-32767,-32767,-32767,-32767,-32767,-32767,-32767,-32767,-32767,-32767,-32767,-32767,-32767,-32767,-32767,-32767,-32767,-32767,-32767,-32767,-32767,-32767,-32767,-32767,-32767,-32767,-32767,-32767,-32767,-32767,-32767,-32767,-32767,-32767,-32767,-32767,-32767,-32767,-32767,-32767,-32767,-32767,-32767,-32767,-32767,-32767,-32767,-32767,-32767,-32767,-32767,-32767,-32767,-32767,-32767,-32767,-32767,-32767,-32767,-32767,-32767,-32767,-32767,-32767,-32767,-32767,-32767,-32767,-32767,-32767,-32767,-32767,-32767,-32767,-32767,-32767,-32767,-32767,-32767,-32767,-32767,-32767,-32767,-32767,-32767,-32767,-32767,-32767,-32767,-32767,-32767,-32767,-32767,-32767,-32767,-32767,-32767,-32767,-32767,-32767,-32767,-32767,-32767,-32767,-32767,-32767,-32767,-32767,-32767,-32767,-32767,-32767,-32767,-32767,-32767,-32767,-32767,-32767,-32767,-32767,-32767,-32767,-32767,-32767,-32767,-32767,-32767,-32767,-32767,-32767,-32767,-32767,-32767,-32767,-32767,-32767,-32767,-32767,-32767,-32767,-32767,-32767,-32767,-32767,-32767,-32767,-32767,-32767,-32767,-32767,-32767,-32767,-32767,-32767,-32767,-32767,-32767,-32767,-32767,-32767,-32767,-32767,-32767,-32767,-32767,-32767,-32767,-32767,-32767,-32767,-32767,-32767,-32767,-32767,-32767,-32767,-32767,-32767,-32767,-32767,-32767,-32767,-32767,-32767,-32767,-32767,-32767,-32767,-32767,-32767,-32767,-32767,-32767,-32767,-32767,-32767,-32767,-32767,-32767,-32767,-32767,-32767,-32767,-32767,-32767,-32767,-32767,-32767,-32767,-32767,-32767,-32767,-32767,-32767,-32767,-32767,-32767,-32767,-32767,-32767,-32767,-32767,-32767,-32767,-32767,-32767,-32767,-32767,-32767,-32767,-32767,-32767,-32767,-32767,-32767,-32767,-32767,-32767,-32767,-32767,-32767,-32767,-32767,-32767,-32767,-32767,-32767,-32767,-32767,-32767,-32767,-32767,-32767,-32767,-32767,-32767,-32767,-32767,-32767,-32767,-32767,-32767,-32767,-32767,-32767
54,69.44000000000001194,-32767,-32767,-32767,-32767,-32767,-32767,-32767,-32767,-32767,-32767,-32767,-32767,-32767,-32767,-32767,-32767,-32767,-32767,-32767,-32767,-32767,-32767,-32767,-32767,-32767,-32767,-32767,-32767,-32767,-32767,-32767,-32767,-32203,-32767,-32767,-32767,-32767,-32767,-32767,-32767,-32767,-32767,-32767,-32767,-32767,-32767,-32767,-32767,-32767,-32767,-32767,-32767,-32767,-32767,-32767,-32767,-32767,-32767,-32767,-32767,-32767,-32767,-32767,-32767,-32767,-32767,-32767,-32767,-32767,-15076,-32328,-11548,-32767,-30564,-32767,-32767,-32767,-32767,-32767,-32767,-32767,-32767,-32767,-32767,-32767,-32758,-32767,-32767,-32767,-32767,-32767,-32767,-32767,-32767,-32767,-32767,-32767,-32767,-32767,-32767,-32767,-32767,-32767,-32767,-32767,-32767,-32767,-32767,-32767,-32767,-32767,-32767,-32767,-32767,-32767,-32767,-32767,-32767,-32767,-32767,-32767,-32767,-32767,-32767,-32767,-32767,-32767,-32767,-32767,-32767,-32767,-32767,-32767,-32767,-32767,-32767,-32767,-32767,-32767,-32767,-32767,-32767,-32767,-32767,-32767,-32767,-32767,-32767,-32767,-32767,-32767,-6039,-18492,-12156,-14357,-32449,-32767,-32767,-32767,-32767,-32767,-32767,-32767,-32767,-32767,-32767,-32767,-32767,-32767,-32767,-32767,-32767,-32767,-32767,-32767,-32767,-32767,-32767,-32767,-32767,-32767,-32767,-32767,-32767,-32767,-32767,-32767,-32767,-32767,-32767,-32767,-32767,-32767,-32767,-32767,-32767,-32767,-32767,-32767,-32767,-32767,-32767,-32767,-32767,-32403,-32767,-21294,-16157,-30674,-32767,-32767,-32767,-32767,-32767,-32767,-32767,-32767,-32767,-32767,-32767,-32767,-32767,-32767,-32767,-32767,-32767,-32767,-32767,-32767,-32767,-32767,-32767,-32767,-32767,-32767,-32767,-32767,-32767,-32767,-32767,-32767,-32767,-32767,-32767,-32767,-32767,-32767,-32767,-32767,-32767,-32767,-32767,-32767,-32767,-32767,-32767,-32767,-32767,-32767,-32767,-32767,-32767,-32767,-32767,-32767,-32767,-32767,-32767,-32767,-32767,-32767,-32767,-32767,-32767,-32767,-32767,-32767,-32767,-32767,-32767,-32767,-32767,-32767,-32767,-32767,-32767,-32767,-32767,-32767,-32767,-32767,-32767,-32767,-32767,-32767
55,72.64000000000001478,-32767,-32767,-32767,-32767,-32767,-32767,-32767,-32767,-32767,-32767,-32767,-32767,-32767,-32767,-32767,-32767,-32767,-32767,-32767,-32767,-32767,-32767,-32767,-32609,-32767,-32767,-32767,-32767,-32767,-32767,-32629,-21681,19391,-32767,-32767,-32767,-32767,-32767,-32767,-32767,-32767,-32767,-32767,-32767,-25484,-32767,-28886,-31362,-32767,-32767,-32767,-32767,-32342,-32767,-32767,-32767,-32767,-32767,-32767,-32767,-32767,-32767,-32767,-32767,-32767,-32767,-32767,-32767,-32767,32767,11484,32767,-27320,19676,-20398,-30949,-32767,-32756,-32767,-32767,-32767,9531,-32767,-32767,-32767,-22459,-22268,-24378,-32767,-32767,-32767,-32767,-28631,-24747,-32767,-32767,-32767,-32767,-32767,-32767,-32767,-32767,-32767,-32767,-32767,-32767,-32767,-32767,-32767,-32767,-32767,-32767,-32767,-32767,-32767,-32767,-32767,-32767,-32767,-32767,-32767,-32767,-32767,-32767,-32767,-32767,-32767,-32767,-32767,-32767,-32767,-32767,-32767,-32767,-32767,-32767,-32767,-32767,-32767,-32767,-32767,-32767,-32767,-32767,-32767,-32767,-32767,-32767,-32767,-32767,-32767,22062,27731,24557,32767,32767,32522,-32767,-32767,-32767,-32767,-32767,-32767,-32767,-32767,-32767,-32767,-32767,-32767,-32767,-32767,-32767,-32767,-32767,-32767,-32767,-32767,-32767,-32767,-32767,-32767,-32767,-32767,-32767,-32767,-32767,-32767,-32767,-32767,-32767,-32767,-32767,-32767,-32767,-32767,-2240,-32767,-32767,-32767,-32767,-32767,-32767,-32767,-32767,-31832,-32767,-5265,32767,32767,-32767,-32767,-32767,-32767,-32767,-32767,-32767,-32767,-32767,-32767,-32767,-32767,-32767,-32767,-32767,-32767,-32767,-32767,-32767,-32767,-32767,-32767,-32767,-32767,-32767,-32767,-32767,-32767,-32767,-32767,-32767,-32767,-32767,-32767,-32767,-32767,-32767,-32767,-32767,-32767,-32767,-32767,-32767,-32767,-32767,-32767,-32767,-32767,-32767,-32767,-32767,-32767,-32767,-32767,-32767,-32767,-32767,-32767,-32767,-32767,-32767,-32767,-32767,-32767,-22022,-32767,-32767,-32767,-32767,-32767,-32767,-32767,-32767,-32767,-32767,-32767,-32767,-32767,-32767,-32767,-32767,-32767,-32767,-32767,-32767,-32767
56,75.84000000000001762,-32767,-32767,-32767,-32767,-32767,-32767,-32767,-32767,-32767,-32767,-32767,-32767,-32767,-32767,-32767,-32767,-32767,-32486,-32767,-30265,-32767,-24444,-28632,8789,-3702,-9781,-9306,-26297,-6240,-17178,1973,12042,31593,-31475,-29911,-32767,-32767,-32767,-32767,-32767,-32767,-32767,-28803,-25142,23171,2505,29499,20679,-517,-8532,-8461,6921,32767,-17432,-22269,15327,-9350,-8116,-21042,-32767,-32767,-32767,-32767,-32767,-32767,-32767,-32767,-25264,-25820,32767,19321,32767,13048,32767,16127,5406,-27038,-12450,-32767,-32767,-15289,32767,-11388,-32767,-32767,-26502,-25263,8907,-5621,-9130,-32767,-32767,-32767,-345,-22377,-32767,-32767,-32767,-32767,-21943,-32767,-15172,-21358,-32051,-32767,-32767,-32767,-32765,-32068,-30998,-24477,-32767,-494,32565,-32030,-32767,-32767,-32767,-32767,-32767,-32767,-32726,-31752,-24044,-32767,-12473,-2417,-32767,-26813,-32767,-32767,-27830,-32767,-30894,-32767,-32765,-32767,-32767,-32767,-32767,-32767,-32767,-32767,-32767,-32767,-32767,-32767,-32767,-32767,-32767,-32767,-17346,10728,12376,32579,32767,32767,-6453,12835,-16228,-18710,-32767,-32767,-32767,-32767,-26301,-32767,-30103,-23128,-32767,-32767,-32074,-21036,-29816,-27459,-4224,-32767,-32767,-32767,-32767,-32767,-32767,-32767,-32767,-32767,-32767,-32653,-23227,-15599,-32767,-32767,-32767,-32313,-27919,-19516,32767,-2280,-23041,-32731,-23176,-21872,-32536,-24116,-32767,-32767,-32767,-4372,32767,32767,-22403,-32767,-32767,-32767,-32767,-32767,-32767,-27543,-31485,-32767,-32767,-32767,-32767,-32767,-32767,-32767,-32767,-32767,-32767,-32767,-32767,-32767,-32767,-32767,-32767,-32767,-31760,-32767,-32767,-32767,-32767,-32767,-32767,-32767,-32767,-32767,-32767,-32767,-26023,-14256,-31304,-30723,-11720,-31787,-32767,11705,-11316,-30990,-32767,-20562,-32767,-32767,-32767,-30504,-27408,-19702,-5787,-28262,-32698,-20519,-19108,-27052,-26754,-32767,7527,-7740,-21802,-32767,-13944,-13262,-18475,-32767,-32767,-32767,-32767,-32767,-32767,-32767,-32767,-32767,-32767,-32767,-32767,-32767,-32767,-32767
57,79.04000000000002046,-32767,-32767,-32767,-32633,-32659,-32767,-32767,-32767,-32767,-32767,-32767,-32767,-32767,-32767,-32767,-32767,-32767,-8414,-28836,-4933,-13106,5138,5468,27851,32767,32767,22276,6097,19994,2154,13933,13832,9586,-17293,-12766,-23745,-32767,-32755,-32767,-32767,-32767,-29770,-10142,579,32767,32767,32767,32767,29024,20784,21696,32767,32767,32767,23612,32767,32767,32767,25582,-6047,-7039,-28257,-22262,-32767,-32767,-32391,-32767,11566,2407,7943,1624,19242,22556,25922,17195,15251,-14796,-8410,-32767,-1527,23139,24691,3977,-17575,-30558,-30674,-32767,17310,32767,32767,-32767,-32767,-32767,-18852,17796,-26187,-32767,-32767,-32767,-16743,-25792,252,-13092,-20531,-15611,-24453,-32240,5088,13425,30334,32668,-12642,18143,32767,32767,-19828,7975,-17611,-25872,-32767,6293,1911,-9914,-4296,3760,32767,32767,18131,18658,17884,-15457,8752,-23556,-15039,-24549,5443,-29569,-12086,-32767,-32764,-27132,-29662,-32767,-32767,-32767,-19201,-30054,-32767,-20824,-19741,-32767,-32767,-21582,-19502,-6267,32767,32767,32767,32767,32767,32767,-10163,-7411,-32767,-19923,10474,-20185,3600,6763,-9733,-32491,-25687,-5555,-6373,-16341,16507,415,-23542,-32767,-32767,-32767,-32767,-32767,-32767,-29493,-19213,27984,32767,32767,32767,-7595,15961,32448,32767,32767,32767,24537,13822,30004,32767,27126,2581,1240,-24895,-32767,-32767,-6281,23219,32767,32767,-8702,-25164,-32767,-32767,-32534,-22850,5420,12436,-322,-26672,-32767,-32767,-32767,-32767,-32767,-32767,-32767,-32767,-32767,-32767,-32767,-32767,-32767,-32767,-16012,-7014,-32767,-32767,-29941,-28149,-32767,-32767,-31466,-20646,-25870,-18213,-23232,10296,7879,-1571,-3758,5427,1998,-3414,32065,26177,2054,-19669,16035,-11769,-6947,-6182,5251,2543,11775,27972,-847,-763,-397,2519,-8191,-15477,-22978,5227,19249,5805,-24019,3247,14243,10617,-32140,-32767,-32766,-32767,-32767,-32767,-32767,-32767,-32767,-26814,-32767,-32767,-32698,-32767,-10534
58,82.24000000000000909,-21791,-29544,-24677,-11827,-16644,-28997,-32767,-32767,-32767,-32767,-32767,-32767,-21579,-26086,-32767,-26305,-24676,-454,-1592,4868,740,13526,11378,20590,32767,32767,15537,10200,12271,-1630,4372,1458,-4438,-12669,-5200,-12512,-32767,-32767,-15220,-29953,-32767,-27330,-3596,8512,23050,32742,19834,19234,22517,14759,15384,32767,32767,32767,32767,25370,32767,32767,32767,23780,28613,11453,-14033,-24006,-30564,-14677,-14336,24012,10195,-12939,-14101,-9143,9782,11341,7194,7201,-14332,-14192,-22753,18636,29409,10367,694,-2787,-8835,-24141,-32767,-919,32767,32767,-25972,-32767,-32767,-32767,9851,17977,-7012,-25026,-21190,-11100,-11949,3137,-9390,-16091,-1997,-13551,-12043,23456,32767,32767,32767,5256,9939,32767,32767,28799,32767,32767,27999,14798,32767,27897,6380,-3943,19776,29899,32767,32767,29344,32767,32644,21415,-14387,-13660,-16727,17533,16439,32767,-434,9478,30067,19781,-22431,-32767,20213,32767,13480,-5196,5666,10672,-32767,-32767,-32767,-32767,-32767,-6304,18473,32767,32767,32767,32767,32767,25682,-22293,-7726,8906,5095,11572,10316,3744,-21634,-19125,-7979,-5436,-2885,9610,22467,20448,-32767,-32767,-32767,-32767,-32767,-32221,32767,32767,32767,32767,32767,32767,32767,32767,32767,32767,32767,31109,12629,18515,32767,32767,32767,14063,15215,-2632,-28403,-32767,-11593,1973,-1311,32767,32767,26183,-29923,-32767,-28647,-11244,7090,25950,20131,9421,5777,-18839,-32767,-32767,-32767,-32767,-32767,-32767,-32767,-27924,-25703,-8837,-32767,-32332,-7079,1231,-19940,-17893,-16649,-6451,-23721,-21407,-9667,683,-9202,-1683,5795,19391,7752,5431,6857,1204,8991,11864,19897,26472,13890,2463,24152,11552,8623,9265,10740,12378,14702,23114,9407,15682,2752,7842,405,-8646,-6979,-990,6217,9373,-8591,1531,11726,5603,-12545,-30344,-18147,-29307,-32767,-32767,-30286,-32352,-24098,-10808,-25558,-18531,-7706,-32767,24576
59,85.44000000000001194,867,-12864,-15515,-7546,-11775,-10518,-27788,-32250,-32673,-32767,-25813,-16903,2681,442,-14020,-7750,-5178,2401,9153,5496,1310,5615,1563,9045,21501,17783,1240,2681,-1334,-11814,-7731,-8314,-5747,-11440,-4684,-8290,-27651,-32767,-2452,-1230,-24609,-26726,-4540,6508,10135,14944,3568,-557,5832,3138,404,12877,20747,32767,32767,11156,31554,30831,28197,29466,32767,25490,-7890,-7217,-8897,179,5072,17508,7676,-14497,-17782,-18543,-1216,2222,3714,2217,-16770,-14907,-9138,14744,18775,3502,-4682,5577,440,-8139,-23410,-14725,10455,24367,9909,-31929,-32767,-32767,-19921,21206,15539,6039,252,7808,5907,9526,691,-6204,3635,-4782,-3420,19262,26206,32767,32767,8104,-5671,31446,32767,32767,32767,32767,32767,32767,32767,31126,13998,4494,15737,2974,11086,32767,23881,25453,31092,15586,-10094,-10993,-14604,6232,29497,32767,20208,25115,32767,32767,12313,-15579,32767,32767,26900,20254,7871,17497,-9114,-32767,-32767,-32767,-32767,-30992,-24073,10613,25630,32767,32767,32767,32767,7301,811,-1772,5038,2466,2810,5521,-7770,-10455,-12139,-18957,4529,8296,17560,19514,-17665,-32767,-32767,-32767,-32674,32767,32767,32767,22065,26241,32767,32767,32767,32767,28695,13609,11484,-6134,-5649,12,29703,26393,20843,4212,14088,2352,-1373,-28516,-29086,-18563,-15071,32767,32767,32767,-3435,-31306,-32767,-24871,-6948,5819,13524,23780,32767,32767,-4639,-30027,-23414,-18394,-30381,-13158,-2127,6868,11892,22075,-1781,-5934,-4439,-2718,-5303,2862,63,1394,3613,-1570,-407,3306,-7970,-1775,9566,6641,3483,-720,3898,-895,3979,8479,11191,9293,8344,8344,13315,11507,7147,4745,1159,8442,4933,7204,5251,11493,3527,4172,4218,110,-3466,-5027,-3619,-1678,-1904,-3077,1485,-2726,-5039,-20918,-8209,-13944,-21910,-29117,-24019,-20203,-8014,-975,-8238,-6695,2212,-11110,20260
60,88.64000000000001478,5451,-1207,-13141,-12508,-12906,-4170,-12198,-22738,-25980,-30473,-15908,-1172,8316,10553,5954,6472,14049,10985,8453,3585,-769,-3868,-5536,2917,10528,3261,-5952,-2153,-7578,-15611,-11640,-10897,-9219,-8010,-4351,-7120,-16363,-27782,-1702,16318,-6487,-22961,-3427,3276,1474,2976,-3717,-8785,-4853,-1589,-7390,1599,2487,16565,21698,6667,5918,13374,15942,23816,23802,21464,12044,14543,9772,8523,9711,9131,8602,-9489,-14562,-21515,-2991,-5462,2749,995,-15688,-9999,-1621,5729,8060,-3473,-6666,4868,498,7815,-1582,-14519,-15874,2420,26915,-2787,-9767,-32767,-32767,-8214,9178,4581,12828,27482,25955,16883,17386,12175,3462,8185,2055,11582,13134,14943,19655,8770,-12079,11683,32715,30908,32307,32767,32767,32767,32687,22875,17652,19028,15643,-3862,-17171,15948,17808,20370,20511,6836,-2662,-2913,-9867,945,16823,12441,7443,6902,17538,21281,14949,-5190,15384,8818,11069,7284,-5083,2913,24954,-8132,-32712,-30748,-32767,-32767,-32767,-24273,-6601,5312,30498,32767,32767,32360,18960,1640,-905,-3306,-488,1354,2119,-953,-8200,-19267,1735,13441,8960,2101,-465,-18336,-15037,-5327,32767,32767,32767,32767,-945,-2285,7913,17215,32767,22252,-5023,-15000,-16212,-28270,-17459,-9523,-5909,-4460,3802,-5160,4746,-4524,11798,13292,-32767,-32767,-17129,20591,32767,32767,13637,-26707,-32767,-32767,-21664,-25344,-6360,10662,32767,32767,32767,28334,12892,18326,4538,11638,24503,29403,30098,32767,24630,13655,1706,-4666,-8996,-6561,8356,1227,16768,2530,742,-267,-8876,-5696,3149,-1985,-1247,227,-1400,-3828,-1400,4488,5895,-1777,4893,9603,6027,6870,5703,4705,-584,7463,2753,-4732,969,3416,5008,1403,1178,7727,-1194,-4698,-8439,-6755,4135,-4254,-7348,-5713,-6733,-13784,-6310,-9482,-12771,-18799,-14892,-15990,-7486,1346,709,-6012,271,1505,2696
61,91.84000000000001762,3829,5941,-7503,-14520,-11769,-3151,-5867,-15377,-22429,-27449,-7573,4375,4963,6976,10482,15034,28082,22011,6282,827,-1724,-10161,-6938,-3735,-880,-5150,-9703,-7797,-8756,-13679,-10457,-10093,-13566,-3053,-4139,-4296,-5333,-11542,-4761,12944,11974,-14509,-976,311,-6666,-5311,-11629,-11520,-9472,-2397,-10039,-7050,-8682,5514,10816,3531,-14056,-1631,5550,13994,12049,14993,32767,29211,19143,11791,10175,5503,10699,-507,-4800,-17142,-1787,-7709,-1452,-2982,-12480,-4192,171,-2379,-873,-9898,-8516,-764,-5066,13265,13635,-9684,-25965,-17103,17050,16180,17161,-23138,-32767,-32767,-14440,-18109,3349,27639,31808,16602,25352,25787,-411,15259,10698,9371,5312,3368,5864,9241,-9634,-6705,21136,28731,20872,13809,17479,26195,13689,10465,16991,24143,15722,956,-19682,-7209,7585,16943,20075,9925,4004,1250,-3167,845,4985,-8879,-7830,-12518,-9892,-9686,-2665,-12157,-21544,-25592,-9224,-12398,-20055,-16333,20903,30538,-21095,-14577,-32749,-32767,-32767,-32767,-27608,-25227,-10493,23175,32767,32767,32767,14700,3710,-933,2415,-1702,1954,2147,1159,-6686,-3419,10948,4403,739,1433,9405,14663,32767,32767,32767,15831,459,-8224,-9519,-12808,-14042,3696,3883,-22079,-25541,-26385,-32767,-22502,-12998,-21619,-21106,-9427,-10759,-11643,-11713,10917,29438,-22652,-32767,-26127,15660,18167,29231,15082,-9874,-27979,-32767,-31631,-32767,-27813,-16350,1556,32767,32767,32767,26073,26267,18246,8700,6966,12643,12224,23430,23091,15654,9493,483,-11222,-16166,590,-2966,2241,-244,2146,1113,-3330,-6002,479,-7253,-4966,-93,-5155,-8435,-5133,2755,-3147,-4324,3682,10409,400,2161,6781,1277,-1967,3830,1474,-11379,-1771,-1459,2538,-2909,-2682,9159,-543,-5095,-10431,-6387,10542,-898,-13636,-11903,-9760,-7621,-6214,-5841,-7732,-5635,-8831,-16583,-9773,-1020,3099,-3048,-479,1082,-8378
62,95.04000000000002046,2734,10707,2483,-10698,-7201,-1604,-4643,-9665,-18738,-23218,-3363,3308,2022,89,9315,17743,30586,22797,6059,-1082,-3936,-13234,-9404,-10641,-13053,-12057,-12190,-14413,-8557,-7374,-8917,-8468,-13300,232,-4212,-677,1794,3767,-6078,141,19870,-4265,-2359,-3868,-12377,-12908,-16955,-12015,-10220,-5406,-9880,-13816,-15445,-2313,2275,424,-22983,-15944,-4697,4137,1678,11768,31806,28364,17845,10868,9289,2080,7925,7549,8567,-5082,-1274,-7846,-4886,-7795,-7959,16,-3727,-10367,-10240,-12530,-10267,-7575,-9222,8395,13262,-4449,-25199,-26797,-3497,17260,30148,606,-31942,-32767,-32767,-32767,-16372,3727,12178,1374,11838,18996,-6218,9554,15355,10365,1592,-2646,-6527,5342,-6412,-22775,10318,25432,11111,4507,2612,10878,-4793,-943,10840,15419,10636,4132,-15181,-15063,-7942,2132,16493,13814,10433,2072,-1728,-3463,-2212,-14152,-12686,-18116,-23214,-25014,-12269,-15375,-32042,-31593,-17606,-19650,-24896,-24836,-2487,32767,-3417,-3713,-17092,-32766,-32767,-32767,-32767,-32767,-32767,-10480,15492,32767,32767,25135,14885,6446,5729,-56,-2071,-4532,2083,8669,-945,-2886,1286,5842,2757,9537,12534,26621,32767,25954,-8557,-18277,-9030,-10647,-23740,-22272,-22893,-5028,-20816,-27409,-28070,-32767,-18489,-10086,-22839,-27039,-14978,-13317,-24437,-19531,7884,17894,-4350,-32767,-32767,-1270,6102,13639,11951,12428,-7243,-22210,-32767,-32767,-32767,-32665,-27630,-7253,28495,26763,7447,6394,-1776,-12146,-19996,-18958,-15777,-5578,2591,46,6028,1798,-7454,-17687,-7600,-15568,-16783,-4616,3130,4774,3128,-5317,-4154,-8725,-6554,-2417,-6075,-7038,-6238,372,-11465,-7903,910,8454,-4769,291,4418,-3712,-6602,-4725,-3126,-13862,-5449,-5290,-3458,-7638,-6484,6010,-1336,-6949,-11572,-3474,6508,-2753,-17634,-16913,-11329,-6622,-6928,-4929,-5617,2482,-3664,-15614,-8583,-2195,2466,1764,-116,-1077,-10929
63,98.24000000000000909,37,12035,10608,-1184,-1438,-430,-5053,-5354,-13117,-16533,-3066,-266,-2492,-6444,6731,16384,20862,11376,4945,-2603,-7407,-14790,-12495,-14933,-20451,-15692,-11302,-18615,-7676,-383,-6071,-6758,-10171,-830,-4381,821,5293,10263,-5922,-10853,15650,6637,-5732,-8042,-14132,-14327,-16929,-11383,-9262,-9268,-7082,-14969,-17953,-9862,-4661,-1263,-19406,-23480,-10462,-4115,-6744,7184,13820,14999,8976,8685,5747,-1856,1120,9901,14941,3932,-945,-9707,-6457,-10821,-2614,1424,-10500,-17258,-17700,-13631,-12362,-11712,-10241,972,2051,-2280,-16680,-22459,-15913,7725,26783,17609,-18792,-32767,-32767,-32767,-29632,-20323,-13934,-16218,-9463,-2511,-11654,-2627,11259,7485,1268,-4960,-13167,6,-7873,-31029,-8616,11734,1361,-1558,-5836,-867,-14304,-6757,5524,5931,4506,5520,-9256,-18231,-17928,-13954,-1684,7776,14844,5236,-1243,-9012,-10122,-15558,-9761,-17396,-24020,-25632,-9527,-10588,-26243,-22532,-14222,-13995,-17046,-22125,-16244,11996,9152,-5166,-3613,-23904,-16156,-29491,-31167,-32767,-32767,-32093,-17671,15133,25001,26005,18552,14017,7685,4395,-765,-10681,-8282,11761,6229,-12510,-7095,-1958,5882,6341,4711,13368,24607,-810,-26652,-26415,-9736,-13078,-25527,-28260,-30678,-8991,-9994,-21039,-21074,-27973,-7701,-1816,-18739,-23809,-15442,-11900,-26434,-25611,-1420,3077,3981,-32767,-32767,-22286,-4826,-8,14918,26146,12814,1786,-28369,-32767,-32767,-32767,-32767,-30411,-23961,-16990,-14848,-19255,-23765,-23968,-30457,-32767,-28696,-24912,-17535,-14345,-1237,-274,-1773,-7179,-16644,-21501,-19211,-8919,-4165,-3306,1858,-5812,-6774,-6997,-5732,-6223,-5308,-4255,-6205,-4586,-13410,-9947,-2209,3711,-5732,-1187,-1398,-5514,-7172,-10494,-9180,-12119,-9579,-8603,-8489,-9647,-7642,72,-2594,-6825,-7759,277,646,-5641,-17099,-17432,-11788,-5714,-9622,-8316,-3523,3706,-610,-12808,-11378,-2600,-112,2384,338,-2273,-9678
64,101.4400000000000119,-5024,7252,11259,8374,3673,-961,-5402,-3100,-7053,-8791,-3774,-4792,-8040,-10161,2383,10626,4725,-3127,121,-5568,-10960,-13401,-12977,-16367,-22533,-17274,-9197,-16847,-8300,3274,-4109,-5342,-6226,-3995,-4674,-454,2858,8139,-6454,-16117,4900,14143,-6222,-10729,-13819,-11803,-13687,-11594,-8981,-10382,-5384,-13556,-18972,-15466,-9971,-4146,-8251,-21712,-10457,-8649,-10093,-350,-5083,-701,-635,5458,647,-6163,-4498,4421,12655,4186,-2386,-11497,-8443,-11116,2424,-520,-15172,-20574,-20430,-13611,-14567,-14360,-11213,-4865,-8346,-5500,-6750,-8093,-14571,-5411,10214,21686,-28,-32551,-32767,-32767,-32767,-31965,-32657,-26319,-23024,-17852,-15220,-14808,1508,-1743,-317,-4903,-13534,-3830,-10517,-32473,-26492,-4734,-6770,-6158,-9409,-9627,-14490,-6846,1722,-404,512,3716,-4171,-17911,-18544,-18850,-17159,-5982,12364,9620,4883,-7561,-13252,-14800,-7405,-14724,-20853,-17787,-4829,-3723,-13655,-7996,-4124,-3981,98,-10550,-18124,-7748,11443,-9386,-1740,-14299,-5994,-18374,-23728,-24953,-32767,-32767,-32767,-12247,1712,14743,12451,13318,8671,10587,7493,-8478,-16644,1585,8451,-11536,-15183,-12600,2337,6031,6644,11931,-8171,-19917,-32767,-25749,-13281,-15247,-24486,-29012,-29581,-10787,2913,-8831,-8826,-7047,-2023,740,-11956,-17254,-13470,-6830,-19694,-25384,-13262,-9539,2185,-3345,-32531,-32767,-20560,-8401,20960,26635,24397,20033,-7695,-16857,-31642,-32767,-32767,-32767,-32767,-32767,-26841,-32767,-32767,-26823,-30762,-32767,-32767,-32308,-26854,-21470,-7844,591,3029,3723,-16088,-14457,-16774,-11180,-11812,-11400,-3697,-5320,-8211,-6605,-5146,-7383,-6852,-4967,-7420,-10080,-13349,-7979,-4789,-2546,-6268,-3349,-7429,-5336,-5210,-9421,-12905,-8230,-12054,-10252,-11555,-9209,-5978,-6437,-4034,-6649,-1037,2370,-2958,-7377,-11483,-14138,-12070,-3631,-8873,-8287,-1623,709,-1051,-8855,-12744,-6292,-3594,81,605,-3634,-7050
65,104.6400000000000148,-9313,-2496,2922,8445,4761,-2846,-4869,-1946,-2054,-2768,-4355,-9082,-12225,-11142,-3194,1476,-9534,-13038,-6905,-8734,-11746,-9950,-11788,-15798,-21041,-16886,-8614,-10836,-9508,3486,-3496,-3501,-1862,-5654,-6007,-4468,-2692,878,-6728,-15986,-5540,12122,-3485,-12142,-12520,-9586,-9623,-11664,-9390,-8852,-5995,-11381,-17994,-18478,-14799,-8426,118,-14495,-9003,-9229,-8916,-7036,-17296,-13796,-8080,-425,-4894,-11077,-7491,-4135,5379,-867,-6205,-11962,-10246,-8101,4214,-3817,-16041,-20649,-18424,-11473,-13024,-15410,-13011,-10417,-14395,-9389,-3194,4578,-5317,-12812,-6568,11276,14484,-10561,-19283,-26390,-28754,-32767,-32767,-30610,-26795,-23210,-16754,-22221,-11414,-14454,-8104,-6986,-9738,-6166,-11296,-29415,-32767,-16652,-13517,-9221,-10128,-14681,-10552,-5648,-2861,-5645,-4621,-1710,-1415,-13840,-13037,-16655,-21425,-17079,3315,11298,10728,-104,-8899,-10935,-8118,-10036,-17825,-9298,-2693,-491,-2559,225,2118,1862,12165,2538,-13374,-14642,6556,-9950,-5300,-5741,-9958,-10618,-17725,-14699,-24855,-32767,-32767,-26668,-14966,-3443,1007,3359,5359,11555,14991,342,-14308,-9833,-239,-5496,-16389,-15471,-5283,1062,11497,11226,-24324,-30879,-32767,-21471,-15694,-18047,-22088,-23648,-24126,-14911,3328,-3254,-3599,4579,-4985,-7283,-5879,-12002,-12610,-3823,-6910,-16346,-18278,-21008,926,16803,-19345,-32767,-32767,-15049,16920,19994,25895,21137,18112,8581,-9852,-20180,-30232,-32767,-32767,-32767,-29113,-32767,-31534,-23516,-23449,-26905,-30606,-32767,-27988,-23128,-12606,-1268,-876,1642,-1042,524,-10584,-9954,-16065,-12455,-5024,-3539,-10044,-7791,-6534,-6328,-6197,-5471,-9253,-12583,-13234,-6462,-6623,-8615,-6450,-6874,-11185,-4539,-4022,-7091,-12837,-5590,-12524,-11529,-11336,-6752,-3765,-10134,-4828,-6838,3471,1724,-6074,-6904,-2048,-6988,-10311,-3540,-4481,-6271,-989,-2774,-682,-4221,-10135,-10724,-7693,-2549,-819,-4096,-5359
66,107.8400000000000176,-11716,-11381,-8079,146,-261,-5096,-4047,-1432,310,-99,-5156,-11914,-15099,-10132,-6839,-7170,-17172,-17327,-11042,-9903,-10202,-6858,-11078,-13712,-17622,-15684,-9548,-6029,-9540,51,-2509,-2379,-344,-6182,-7120,-7937,-6440,-6183,-7097,-12053,-11315,2038,-119,-11203,-11681,-8888,-7222,-10184,-9071,-7561,-6200,-8192,-14602,-18061,-17356,-11399,-934,-7836,-10156,-7873,-7384,-12118,-20426,-19958,-13444,-7448,-9945,-13745,-9806,-11298,-2737,-7464,-9225,-11394,-10942,-5435,1542,-5635,-14294,-18800,-13902,-9058,-10125,-14029,-13268,-15044,-17291,-12434,-5591,6018,-398,-10092,-14370,-1267,12807,12083,8230,1005,-12226,-26290,-32767,-29039,-24297,-22598,-15754,-22663,-22784,-23934,-18258,-11912,-6479,-6378,-10495,-23276,-32767,-25012,-18165,-11857,-11437,-16913,-8461,-5630,-7587,-9565,-10039,-8297,286,-5953,-6735,-12673,-17819,-21537,-6255,7608,8925,3635,-3049,-4012,-7511,-5769,-12469,-4810,-1368,2372,4430,1921,-1032,2664,12246,7184,-4176,-11687,836,-6914,-8315,-930,-13685,-8191,-13886,-13379,-13553,-28158,-32494,-30096,-24174,-17868,-9433,-7840,-3198,4195,12494,9023,-2658,-12561,-10092,-6214,-12366,-11974,-8239,-5409,7669,1990,-32767,-32767,-26184,-15957,-15578,-19782,-18130,-17562,-19420,-20354,-6077,-3915,-4341,2823,-7729,-15895,-5884,-6609,-11654,-3422,4735,-1844,-13749,-25284,-226,11679,-6853,-32767,-32767,-22225,1534,9656,18273,14135,26148,22435,13469,2968,-14544,-32767,-32767,-31781,-24465,-29462,-23941,-16410,-8911,-12213,-22093,-25998,-24800,-19583,-15418,-8502,-5207,109,8493,13955,-2639,-7979,-10857,-9122,-185,580,-9130,-5752,-6682,-7061,-1699,-5146,-10035,-13004,-10371,-7827,-8674,-11071,-5593,-10116,-11096,-3768,-2701,-5388,-8325,-3115,-10355,-12765,-9413,-2685,-2793,-10482,-4760,-4465,2373,-1094,-8217,-2662,5345,457,-5036,-3205,-959,-4358,-1462,-5548,-1284,-43,-6691,-10043,-9785,-7803,-3498,-3780,-5633
67,111.0400000000000205,-12785,-15703,-13892,-8185,-7589,-7935,-4451,-2155,-12,147,-5944,-13173,-15390,-8705,-8361,-12809,-19304,-17280,-11079,-8746,-8550,-3762,-9073,-10806,-12461,-14183,-9111,-3636,-7579,-8167,-2970,-4678,-3755,-6533,-6669,-8668,-8929,-11060,-7794,-6698,-12231,-9061,-196,-8349,-11852,-10113,-6760,-8703,-8697,-6320,-6029,-4755,-9804,-15185,-15683,-12228,-5529,-4774,-12536,-7454,-7220,-15402,-16662,-18771,-15678,-13050,-12271,-12416,-11460,-16181,-8630,-11428,-9787,-9758,-9878,-4665,-2909,-6308,-10543,-14788,-10362,-7238,-8946,-10592,-11822,-14822,-16759,-15435,-10129,390,-4012,-4314,-11090,-7479,2388,17616,24938,18713,8769,-10826,-31440,-20780,-16800,-16197,-11565,-17374,-27488,-25612,-24350,-17787,-8743,-5507,-7190,-15549,-32697,-30226,-19673,-12270,-12291,-15806,-8496,-6455,-10207,-11813,-12720,-12780,-233,1975,-2636,-7551,-11980,-19142,-11383,898,1620,1170,-374,2005,-3123,-1480,-3173,144,1078,5878,8056,3587,-4380,1567,6422,4981,3425,-5032,-1674,-3126,-8712,-978,-9597,-8057,-8705,-14460,-9106,-20067,-23899,-28191,-28358,-24615,-16270,-13924,-10248,-6947,1191,12612,10641,-7502,-13831,-12035,-7645,-5565,-6458,-7891,839,-8703,-32767,-32767,-18386,-11707,-14999,-18793,-12990,-16148,-19671,-22494,-13919,-2462,-2723,-732,-7318,-16893,-8597,-3624,-9730,-2686,10068,7384,-6453,-19254,-3708,2460,-3223,-25547,-32767,-27365,-15416,-3839,6528,9710,21300,22368,23876,16547,5063,-14460,-23651,-15680,-14477,-15156,-12067,-6015,6436,5017,-8893,-10807,-14587,-12001,-16091,-14418,-8341,-1898,8242,9131,3089,-3932,704,-1615,5056,6077,-5763,-3580,-7301,-6184,1992,-3433,-8124,-12777,-6991,-7263,-8320,-10267,-6101,-9399,-8182,-3525,-1537,-2666,-2529,-2392,-6040,-11714,-6501,-2278,-2949,-9434,-3212,-1550,-2025,-4333,-6692,977,7682,5111,728,-1010,1158,-131,-3363,-6424,-3597,2983,-4027,-8219,-9376,-12252,-6572,-3170,-7133
68,114.2400000000000091,-12832,-15349,-13762,-10680,-11730,-10504,-6586,-4415,-1971,-1413,-6655,-13144,-13998,-8552,-9080,-14497,-17892,-14093,-9229,-6218,-6667,-1224,-5618,-6759,-6697,-11370,-7439,-1593,-4993,-15367,-5903,-8467,-9945,-6291,-5672,-6421,-10793,-13606,-7274,-2572,-9953,-14821,-5027,-5792,-11378,-12720,-7118,-7259,-8029,-5601,-5829,-2920,-6008,-12216,-12708,-11557,-8409,-4967,-13164,-8513,-7713,-15422,-10486,-13483,-14555,-15255,-10763,-8284,-11466,-17107,-12793,-11829,-8353,-7721,-8023,-4977,-6488,-6351,-6780,-10133,-7669,-5710,-6655,-8070,-11321,-10705,-12990,-15219,-14210,-7972,-9672,-3286,-2767,-5893,-3969,8582,20807,16359,19527,7617,-10183,-7302,-5541,-6533,-5569,-9060,-23995,-20291,-23718,-21411,-13919,-6100,-2915,-7588,-23267,-31555,-18309,-11403,-11605,-12624,-9921,-7847,-10375,-13289,-14622,-14294,-3019,3975,-411,-2844,-6298,-11463,-12261,-6375,-5284,-4391,-1432,2871,1400,2253,6348,7040,4254,6903,7852,4697,-3649,1394,594,1646,6415,-177,-1734,-954,-7405,-3434,-3298,-8203,-1569,-11738,-7192,-12585,-14675,-24385,-28191,-26574,-19652,-15195,-10684,-13624,-10342,7082,13967,76,-10894,-13683,-4382,-2452,-5787,-8177,-3855,-16504,-30641,-29758,-12420,-10787,-14496,-15925,-9306,-17850,-22725,-22224,-18295,-843,-1436,-2173,-7153,-12711,-10527,-5557,-9028,-2834,8889,9767,-2239,-7179,-6420,-5135,-4151,-16592,-29197,-27835,-27684,-18361,-5504,4236,12139,14916,21530,18867,18965,9788,-801,694,-2877,1592,3509,6860,15812,16274,9083,9810,2190,-864,-11101,-18729,-13678,-6071,2389,-63,5876,1699,7014,4798,3375,7560,4066,-877,-4317,-3879,99,-1879,-5931,-9781,-3725,-3863,-7263,-8967,-7720,-6355,-4391,-2993,-1734,-1140,-582,-2873,-2708,-8135,-2360,-4312,-3571,-6834,-3064,-1987,-5644,-7739,-3459,1206,5997,6276,3784,-793,1131,2379,-4574,-5511,-4875,801,-1519,-7791,-8944,-13088,-10071,-4974,-8785
69,117.4400000000000119,-10577,-11110,-9800,-7631,-10771,-11863,-9323,-7228,-4954,-4100,-7606,-12123,-12745,-8215,-9650,-13076,-14195,-9768,-7448,-3918,-3816,-716,-2534,-2440,-2427,-7907,-6958,-568,-4387,-16554,-9361,-10969,-13228,-6025,-5329,-3804,-11542,-12744,-6382,-1053,-6805,-13908,-10157,-4543,-9734,-14256,-7117,-5908,-7161,-5725,-5335,-2509,-3749,-9449,-10308,-10318,-8085,-4694,-10544,-10775,-9211,-12415,-6343,-7858,-11000,-12252,-7111,-4355,-9660,-14285,-14211,-10116,-5634,-5996,-6400,-6132,-8824,-5599,-4700,-6285,-5782,-5080,-3830,-4998,-11341,-7414,-8727,-11843,-16568,-15124,-14372,-6828,-5,-1190,-2772,-310,4446,3672,12742,18113,13095,6394,5062,2143,639,336,-12860,-10981,-17015,-19996,-17532,-9170,-1147,-798,-10819,-28493,-15586,-10722,-10221,-9609,-10258,-9394,-9097,-13112,-15398,-13244,-6887,-436,-824,-1426,-1353,-2501,-9664,-10911,-8735,-9530,-4868,-1286,2422,3520,10127,10413,5835,4127,3607,2768,-1402,866,-3087,-815,6829,1588,-2258,-65,-4684,-4989,-976,-7179,3327,-5321,-3789,-5850,-6842,-18458,-24242,-25128,-20059,-13401,-7839,-13556,-16308,-4301,5453,4584,-3917,-8626,-4240,-4179,-6511,-6887,-8650,-19420,-24346,-25475,-9254,-11454,-13556,-11402,-7452,-17039,-22202,-19715,-18720,-3349,-4316,-5728,-7944,-9599,-11517,-8310,-8766,-6176,3542,7486,719,2301,-6191,-11795,-3623,-10675,-18474,-23036,-31597,-28012,-15532,-3340,1434,5548,13122,13314,19954,25568,13704,9469,7012,11221,13791,13782,12923,14924,19856,20541,14841,12339,-113,-16711,-15151,-6954,-9579,-7412,2822,1872,4650,6872,-620,3151,11843,5174,1834,-185,-2977,-2502,-4655,-5244,-1564,-1917,-6799,-7832,-7098,-1565,-504,-1780,-3656,-3280,-2147,-2997,-748,-3829,210,-5460,-4829,-3410,-3845,-3495,-7534,-9243,-1634,-893,832,4521,3579,-1821,-1954,-677,-3921,-4961,-6751,-3912,-650,-6090,-8840,-11827,-11351,-8321,-8802
70,120.6400000000000148,-6868,-5069,-5113,-3198,-6508,-10793,-11044,-9134,-8065,-6738,-8461,-10270,-11404,-9877,-10891,-10635,-10112,-6548,-6412,-2845,-1173,-1296,-1069,500,24,-5299,-7270,-1661,-4873,-13758,-11933,-12182,-12596,-6695,-4948,-3181,-10467,-9866,-6035,-2373,-3810,-9525,-11546,-4410,-6836,-13467,-7294,-4319,-6336,-6118,-5535,-3681,-2788,-6652,-8197,-9503,-7257,-2877,-5497,-12321,-10017,-8358,-5720,-3227,-4999,-4526,-3873,-893,-6679,-10041,-13548,-8211,-3388,-4790,-5967,-7474,-9480,-5212,-4255,-4046,-5181,-5342,-2373,-890,-8700,-5324,-5882,-8316,-16641,-17463,-17200,-11619,-4631,-635,2818,-1410,-7719,-5184,-2695,14745,21634,12954,9593,8060,5306,6687,334,-2384,-7418,-13996,-17303,-12318,-2847,3981,-2068,-21187,-12571,-10070,-8452,-6482,-8711,-10215,-7288,-10792,-13677,-11171,-10062,-6788,-2722,-2924,1364,4307,-5176,-10957,-9421,-11694,-9498,-5973,1042,2512,7024,7169,4629,-954,-1665,-1204,-1045,-1987,-4818,-1848,5365,976,-3252,575,-2319,-5226,-360,-4661,3030,1018,997,-158,-189,-10619,-17280,-20275,-16530,-10119,-6748,-12307,-16816,-11930,-4646,2983,233,-62,-3229,-7341,-7638,-3799,-11651,-17979,-16465,-18645,-7009,-11339,-10856,-5541,-5038,-10875,-15411,-13899,-16167,-7729,-8640,-9281,-5404,-5001,-11110,-9130,-8245,-9433,-3253,-195,3526,5716,-4445,-13824,-4103,-6822,-10732,-15484,-28957,-29861,-21080,-10150,-9037,-4167,3521,3846,10918,20774,13313,7873,9891,9709,11138,8548,166,4356,15517,17540,18354,18602,10930,-8226,-11729,-6028,-15209,-13604,-5743,-2999,-1131,2989,-3455,-1122,7905,5603,6544,4313,-3375,-3826,-2747,-1999,-1453,-3173,-5070,-5070,-4568,1768,1381,-1303,-6476,-5451,-3211,-1766,793,1022,-133,-5281,-4621,-2531,-4598,-3491,-7367,-7493,-1072,-3238,-4951,52,1513,-3270,-6647,-3507,-3185,-5017,-8783,-5338,-1755,-3242,-8173,-9927,-11047,-10636,-7510
71,123.8400000000000176,-3943,-197,-1681,-253,-1995,-7413,-10975,-9563,-10180,-8994,-8988,-8264,-9526,-10970,-12241,-8761,-7047,-5261,-6451,-2080,549,-1428,-1308,1534,603,-3740,-6535,-5057,-4421,-10408,-13360,-12162,-10405,-7935,-4293,-4575,-8169,-7014,-5517,-4278,-1903,-5370,-9040,-5507,-4162,-10407,-7298,-3793,-5650,-6382,-5928,-5396,-3267,-4667,-6630,-8653,-6919,-1703,315,-10647,-8941,-5342,-6250,633,1224,3150,-2167,365,-4108,-6555,-10904,-7335,-3524,-5000,-6367,-8333,-8533,-5367,-4390,-2911,-5202,-6413,-3000,138,-5463,-2852,-3344,-5635,-15227,-15608,-17180,-14964,-10945,-5121,5538,2417,-9997,-6636,-11451,2717,14069,9889,6561,7793,5794,7795,8750,3737,1397,-5839,-12907,-13906,-5862,5838,3675,-11728,-9844,-9652,-6676,-3144,-6646,-9320,-6036,-8191,-9900,-8902,-11227,-11119,-5061,-4722,1727,6026,-1534,-7507,-7725,-10519,-12744,-8654,-555,11,793,923,1384,-5367,-5479,-4215,-2426,-5014,-5310,-2083,3010,-1277,-3412,1310,-1217,-5294,-302,-2491,109,3965,4085,3795,4416,-3165,-9466,-12263,-10090,-6219,-7452,-11248,-14766,-14062,-11507,-2219,-336,4819,1111,-7179,-7090,-783,-9032,-12502,-7566,-8823,-4371,-8964,-5427,733,-1479,-2338,-5476,-4239,-11948,-10332,-10833,-8715,-133,1012,-8903,-8566,-7252,-10069,-9152,-8833,1662,3127,-2515,-10139,-5172,-2736,-7255,-10198,-22417,-25053,-20507,-13952,-17694,-13580,-6858,-5585,-1369,3570,1953,-392,4294,1504,-416,-3010,-12018,-8490,4800,9257,12627,14398,13991,2465,-7281,-5983,-11804,-15260,-12410,-8894,-8589,-5797,-7070,-6622,-143,-627,5267,4915,-2114,-4238,-700,619,-1586,-2694,-2294,-1331,-2860,1744,1626,-3499,-8222,-6502,-3912,-1233,949,3207,-2146,-2778,-3490,-2931,-4803,-2576,-3839,-3107,-1153,-4787,-8612,-4518,-784,-5084,-9223,-5431,-2841,-4837,-8307,-4777,-2965,-2522,-6547,-7805,-11079,-11933,-7309
72,127.0400000000000205,-2465,2204,630,63,495,-2830,-9210,-8736,-11024,-10734,-9057,-6701,-7542,-11010,-13174,-7877,-5447,-5092,-6684,-1550,754,-1573,-2485,427,-795,-2787,-4869,-8726,-4002,-6952,-12523,-10169,-8152,-8730,-4073,-6161,-7156,-5634,-4848,-5939,-2230,-3102,-5144,-7348,-3531,-6120,-6705,-4323,-5113,-6795,-5892,-6801,-4981,-4227,-5406,-7070,-5976,-1666,3974,-6180,-8764,-4922,-4780,2712,4282,5151,-1366,-304,-3092,-4501,-6839,-7753,-4883,-6353,-6510,-8100,-5821,-4892,-3920,-2708,-4578,-7039,-4067,-1083,-5008,-2718,-1297,-3988,-12107,-11654,-14688,-15505,-13792,-10680,651,3226,-6101,-4546,-9625,-6501,2960,2329,-1796,484,554,4647,10337,6915,6278,1258,-5775,-12568,-7952,2683,8581,-2651,-6790,-8801,-5113,-295,-4707,-6578,-5016,-6144,-5654,-6639,-10967,-12418,-6928,-4686,923,3506,194,-3464,-4283,-7405,-12995,-9168,-2419,-2211,-3584,-3218,-1966,-7628,-7667,-5651,-3707,-6219,-5333,-2419,1263,-3647,-2679,1333,-711,-4859,-1386,-1705,-2743,2853,4520,5257,6099,2520,-3012,-3986,-3660,-2460,-6823,-8938,-11499,-13403,-13909,-7168,-2838,2508,4049,-3191,-3733,425,-2489,-3136,1847,2323,-1058,-5512,288,6160,2011,3328,2480,5277,-6401,-10055,-10110,-6154,1704,4358,-5516,-7019,-5973,-7581,-10539,-13780,-3430,-3291,-1672,-4229,-3848,2120,-5139,-7599,-13229,-15680,-16481,-15817,-21611,-20756,-15888,-13097,-11010,-12636,-11282,-9573,-5266,-8354,-11924,-13333,-17586,-18078,-5895,-1882,3053,4939,7683,10776,-2501,-7579,-4894,-9653,-13029,-12402,-14682,-12771,-10541,-12093,-6934,-4859,-877,2028,-820,-3366,3774,3507,-1470,-1310,848,1598,-1533,23,-981,-5663,-7739,-5839,-4025,-2513,620,2628,-5051,-620,-2019,-2348,-4555,-2980,-680,624,-1216,-5359,-9204,-6393,-2068,-5286,-8503,-7798,-3591,-4790,-6019,-4387,-3459,-3436,-3593,-6319,-10073,-12241,-8038
73,130.2400000000000091,-2228,2469,1340,-991,720,577,-5832,-7198,-11024,-11428,-8815,-5662,-6043,-10614,-12857,-7694,-5417,-5253,-6119,-1784,-451,-2464,-3639,-1801,-3332,-2007,-3440,-10112,-4428,-3202,-9211,-6799,-5864,-7788,-4598,-6522,-7434,-6233,-6310,-8278,-3792,-2382,-2313,-8061,-4874,-3180,-5929,-4792,-5137,-6733,-5599,-7296,-7458,-4122,-4086,-5168,-5363,-3120,3524,-1856,-9677,-5131,-2230,2685,3666,1879,-867,-2900,-3022,-3555,-3315,-7774,-5677,-6965,-6487,-6554,-3181,-3368,-3265,-3527,-3657,-6672,-5273,-2489,-4805,-4458,-2358,-3773,-7532,-6295,-11504,-13548,-12443,-14328,-8544,-2801,-3583,-5016,-4017,-6104,-2336,-2149,-8712,-8551,-6966,-528,6744,6523,6709,5007,871,-8072,-8783,-3562,11783,4887,-3007,-6254,-3142,1479,-2844,-2317,-2853,-3240,-1660,-3811,-8997,-11680,-7717,-3457,-1589,-851,333,-885,-582,-3828,-10028,-8357,-4409,-3624,-4988,-4329,-3648,-8101,-8278,-6219,-4285,-5690,-4399,-2774,-449,-3971,-1770,424,-456,-3943,-3402,-1886,-4445,225,2148,3743,4452,5277,2403,1221,206,246,-3395,-4594,-7125,-11718,-12153,-9054,-5311,-2677,2159,693,-191,1224,3445,5269,10271,10156,2572,-2518,3707,9038,2885,2629,5411,8221,-1046,-7698,-7425,-5978,-1426,2025,-3017,-6356,-5172,-4122,-7529,-13232,-7115,-9021,-3195,-834,-995,5828,-3101,-5201,-4679,-5424,-10432,-16010,-21003,-22765,-20555,-16930,-16163,-21598,-20001,-16334,-13053,-14834,-18088,-18334,-16107,-19988,-14679,-11039,-4336,-5597,-934,12689,1930,-8653,-939,-1776,-8233,-10526,-15536,-15326,-11873,-13430,-10712,-8443,-8133,-1724,806,-3128,7223,6121,-443,405,2916,1192,-707,-2180,-4495,-5445,-4030,-2908,-3491,-4091,-386,818,-6287,-2071,-343,-1361,-3979,-5194,-1117,954,-1566,-6245,-8016,-7948,-1942,-2547,-5131,-7699,-4926,-4688,-3686,-3148,-3966,-3839,-885,-5372,-7789,-10501,-7979
74,133.4400000000000261,-3003,1365,527,-1832,-299,1856,-2083,-5488,-10438,-10930,-8480,-5236,-5497,-8024,-10679,-7449,-6264,-5169,-5088,-2661,-2113,-3241,-4160,-4315,-5265,-1768,-3406,-9108,-5385,-1028,-4972,-4917,-4552,-5937,-5525,-6016,-6867,-7624,-9539,-10463,-5747,-2700,-1079,-7227,-6848,-3066,-4924,-5179,-5440,-5988,-5945,-7264,-9054,-4614,-2887,-3761,-5756,-5131,-126,696,-9470,-4408,-1446,828,839,-2037,-1565,-5682,-2948,-3417,-2260,-7012,-5348,-6917,-6013,-4010,-1945,-1742,-2987,-4783,-3481,-5495,-6802,-4760,-4823,-5020,-5103,-4930,-4325,-1101,-7812,-10166,-8568,-14376,-15554,-11166,-6262,-9315,-2424,-1373,-3399,-3192,-8699,-11356,-9972,-4494,1307,2993,3394,4958,4095,-2278,-8887,-7892,9514,10663,1025,-2786,84,2884,658,1612,-295,-406,648,-627,-5275,-8707,-7630,-3021,-4739,-4941,82,128,1044,-1801,-6020,-7280,-5952,-4653,-4169,-4058,-3679,-7397,-8051,-5832,-4104,-3953,-2762,-2807,-2713,-2868,-1756,-1392,-537,-2990,-5731,-2699,-4989,-2253,-1405,739,1082,4795,6627,2696,1157,726,100,-626,-3331,-9058,-9106,-8710,-6003,-6605,-3127,526,986,1258,5383,7734,14045,11456,3864,-1254,3216,6460,-353,-2211,2180,3908,2061,-4504,-4226,-6987,-5976,-4117,-3977,-6898,-5178,-2098,-3641,-8156,-7980,-10496,-5940,-2129,-10,5710,-155,-3001,956,850,-4733,-13501,-17459,-20235,-21744,-17789,-18815,-23179,-22679,-18765,-16160,-17013,-18084,-15747,-9931,-14358,-18062,-14271,-8856,-12984,-6914,7934,4302,-6854,-3796,2780,-125,-4210,-9341,-12145,-8546,-10007,-10451,-9436,-12734,-6962,-251,-1190,2050,5002,343,897,1768,-4,-1060,-3468,-5055,-2340,1268,116,-3827,-5935,-2794,-3037,-6729,-6270,-810,-1532,-3002,-8283,-3014,-1337,-3174,-6789,-7310,-10949,-5217,-449,-1373,-5394,-5651,-3809,-2136,-2412,-4908,-3390,-521,-3121,-4919,-6453,-6734
75,136.6400000000000148,-4126,-382,-1171,-2038,-1495,1174,188,-4159,-9272,-9847,-7812,-5314,-5689,-5616,-7252,-6364,-7087,-4991,-4130,-3562,-3547,-3619,-4204,-5841,-5964,-2661,-4119,-7228,-6609,-1487,-1947,-4854,-4891,-4837,-6211,-5111,-6497,-8625,-11701,-11342,-7749,-3764,-1053,-5270,-7688,-4515,-4452,-5361,-5255,-5252,-6902,-6829,-8596,-5989,-2441,-3371,-6465,-6888,-4321,369,-6979,-4211,-2319,-1975,-2690,-3758,-3759,-6170,-3318,-3985,-3059,-6472,-4637,-6565,-5255,-2280,-1343,-842,-2843,-5327,-3767,-4278,-7461,-6950,-6067,-4628,-7321,-6444,-4298,939,-3823,-6343,-4668,-10607,-17350,-16024,-10117,-12988,-5257,-1178,-5829,-4436,-4094,-7449,-6349,-5157,-2402,-1086,-1342,2165,4421,2276,-8111,-9783,2764,12767,4367,401,2901,5011,5061,2863,166,-654,-267,-284,-2425,-4571,-5897,-3809,-6292,-7076,-441,592,-54,-1488,-3246,-6120,-6772,-5515,-3116,-4049,-3665,-6738,-7978,-4735,-3196,-2332,-1515,-2864,-4476,-2231,-2650,-3600,-1038,-2926,-7098,-3604,-5093,-4375,-4402,-2365,-2222,2601,8107,2309,-57,-1418,991,1257,-174,-5057,-6707,-7867,-5512,-8224,-8621,-3464,-531,-809,2816,6189,11444,7674,2458,-1161,-129,-889,-5161,-7042,-3805,-1982,1870,-2788,-2689,-6288,-8742,-8452,-6114,-7797,-5710,-1589,-1450,-3510,-6503,-7771,-7476,-5555,-2587,2743,1987,-260,3992,2018,-2356,-10093,-13075,-15218,-20100,-17181,-18225,-20518,-19900,-16570,-14974,-15380,-12976,-8806,-3118,-5731,-15313,-11546,-9904,-13953,-8958,1192,3809,-4505,-7959,2264,3356,572,-160,-3799,-2523,-3492,-6460,-6004,-11362,-9812,-2025,523,-2867,1596,-71,-1259,-1365,-1429,-862,-2908,-3709,1363,3710,533,-4693,-6629,-5042,-6938,-6363,-9521,-4682,-4985,-4429,-11577,-6994,-4672,-6041,-6660,-6899,-12409,-10268,-2647,439,-3218,-5785,-3562,-2109,-3369,-5684,-3404,-1527,-1518,-2149,-2547,-5913
76,139.8400000000000034,-5336,-2401,-2861,-2411,-2274,34,676,-3432,-7775,-8689,-6683,-5528,-6384,-4925,-4002,-4596,-6793,-4986,-3621,-4205,-4609,-3908,-3812,-5644,-5882,-4514,-4884,-5349,-7688,-3603,-761,-4842,-5788,-4638,-6256,-3887,-7099,-9173,-12251,-10285,-8451,-4884,-2016,-3424,-7189,-5999,-5200,-5127,-4607,-4934,-7456,-6342,-7460,-7168,-3053,-3787,-6791,-8799,-7603,-2313,-3386,-5304,-3223,-4547,-6204,-4174,-4889,-5197,-4143,-4493,-3473,-5991,-4316,-5684,-4949,-2511,-1577,-1350,-2961,-5059,-4092,-3601,-6617,-7698,-6854,-3875,-8248,-7611,-5676,-215,-2676,-3821,-1665,-4782,-14880,-16600,-11372,-13934,-8585,-6075,-9953,-6769,-1045,-1717,-1375,-4171,-4276,-3968,-5228,-1666,2758,4358,-7049,-11266,-4968,8491,5871,2132,3499,5813,5889,492,-1568,-3873,-3799,-4059,-2843,-2946,-2500,-3836,-6239,-7710,-1471,327,-2418,-2358,-2324,-4760,-6759,-5992,-3680,-4746,-4181,-6597,-8288,-4196,-2285,-1431,-988,-3547,-5288,-2267,-3416,-5366,-2281,-3649,-7324,-4657,-5103,-6337,-6190,-5269,-5023,60,6284,1473,-1688,-4251,-483,1970,1851,-1359,-5535,-6767,-4744,-8616,-12281,-8386,-3201,-4215,-1214,3872,5553,1843,-579,-1611,-5084,-9179,-9050,-10093,-9436,-6403,-1285,-2943,-2970,-5648,-10847,-10377,-7456,-8424,-6466,-1343,-1298,-2695,-4124,-4500,-7423,-8130,-7146,-1559,713,3429,5075,2093,-826,-6840,-8325,-9184,-15091,-14749,-13798,-14843,-13937,-10818,-11242,-11227,-6987,-2507,1070,-167,-8763,-6997,-7304,-9827,-8004,-4391,685,-2779,-8354,-2887,667,1287,5118,3251,2091,1444,-1997,-2382,-5273,-7891,-3152,-409,-6474,-2715,-2392,-3586,-4241,-2353,-687,-1931,-2280,2099,590,-1436,-4193,-5243,-5690,-8017,-3939,-9069,-7612,-7009,-6017,-12232,-10771,-6946,-7325,-5798,-6444,-11354,-12370,-5110,-2196,-4652,-6133,-3572,-3362,-4821,-6792,-4219,-2795,-2018,-896,-987,-6014
77,143.0400000000000205,-6571,-4547,-4216,-3234,-2902,-1078,244,-3138,-6325,-7573,-5581,-5645,-7540,-4638,-1143,-2519,-5323,-4412,-3031,-4357,-5478,-4193,-3412,-4438,-5328,-6200,-5195,-4389,-7866,-6203,-1139,-4245,-6191,-4904,-5903,-2993,-7142,-8599,-10933,-8264,-7067,-5632,-3374,-2717,-6139,-6547,-6571,-5477,-3610,-4500,-6984,-6131,-6832,-7463,-4655,-4744,-6784,-10221,-10041,-5540,-1321,-6617,-4010,-6432,-8358,-4537,-4288,-3925,-4774,-4422,-3029,-5105,-4093,-4724,-4749,-4148,-2786,-2885,-3646,-4547,-3953,-3250,-5409,-7322,-6465,-2605,-7490,-8080,-7360,-2458,-3985,-3356,0,-270,-9274,-13385,-9320,-12086,-9572,-10161,-12153,-8688,-1776,1267,-1600,-4290,-5548,-5071,-7081,-5007,-598,3627,-5953,-13065,-12371,-1484,4196,2194,1753,2784,485,-3234,-3522,-6859,-7626,-9069,-6286,-5127,-136,-2707,-4511,-6749,-2581,-990,-4618,-4222,-2765,-3535,-5598,-5739,-5329,-5555,-4288,-6785,-8060,-4708,-2077,-771,-1104,-4646,-4900,-2552,-3371,-6025,-3544,-4194,-6686,-5882,-4747,-7765,-7018,-7272,-6794,-2089,1533,16,-2920,-5936,-2610,1499,1690,-47,-5178,-4949,-3713,-8385,-13194,-11876,-5771,-7930,-4180,521,-1057,-4040,-4109,-2614,-8698,-14648,-11280,-11585,-12765,-8813,-5404,-4206,-4488,-6704,-12126,-10986,-8040,-7341,-6376,-1054,-2252,-4234,-2538,-3043,-5792,-9300,-10694,-6806,-2633,5018,5649,2394,803,-2445,-3091,-2823,-6855,-10195,-8580,-8326,-7611,-4363,-6622,-7042,-2000,1186,1624,1024,-1733,-3262,-3746,-3718,-4747,-7453,-3023,-798,-5384,-7954,-4096,-284,4824,5515,4531,2723,-1473,-655,343,-4203,-3505,-1852,-9814,-8467,-5497,-4874,-5083,-1719,-2098,-2559,-1997,-2016,-4368,-3478,-2422,-2468,-5145,-5707,-873,-4156,-7287,-5167,-4903,-7469,-9165,-4967,-4090,-2972,-4251,-6572,-10762,-6110,-6691,-8400,-6999,-4556,-4987,-5269,-6865,-5307,-4539,-3904,-1169,-1838,-6615
78,146.2400000000000091,-7563,-6313,-5650,-4334,-3612,-2844,-807,-3199,-5279,-6366,-4951,-5616,-8073,-5032,-477,-822,-3137,-3215,-2266,-4383,-5971,-4756,-3696,-3294,-4851,-6808,-4748,-3854,-6721,-8346,-3038,-3886,-6133,-5261,-4935,-2821,-5748,-6607,-7777,-6159,-4965,-6298,-4681,-3145,-5024,-6305,-7464,-6522,-3369,-3578,-5604,-6054,-6685,-7180,-6492,-5866,-6721,-10402,-11203,-7699,-1590,-6792,-5068,-7065,-8871,-4404,-3323,-3382,-4587,-4316,-2475,-4442,-3831,-4285,-4005,-5671,-4107,-4195,-4758,-4569,-3500,-3050,-4677,-6298,-5347,-1623,-5143,-7614,-8622,-4724,-5443,-4155,613,823,-3133,-7291,-5507,-7837,-8061,-9810,-10569,-8733,-3404,184,-6011,-6584,-7060,-5209,-6824,-6949,-4515,917,-4905,-13480,-17042,-11469,-558,821,-2569,-3843,-7358,-5710,-4266,-7076,-9335,-11414,-9296,-8266,-2356,-3297,-2715,-4851,-3058,-2188,-5695,-5824,-3685,-3221,-3890,-5415,-6322,-5544,-3522,-7097,-6495,-5037,-2474,-342,-1656,-5256,-4168,-2573,-2740,-5574,-4121,-4254,-5637,-6819,-4162,-8233,-6921,-8038,-7180,-3545,-3799,-2416,-3909,-6416,-4122,-362,-193,-868,-4506,-2724,-2891,-7560,-11652,-12818,-8133,-9975,-5658,-3166,-6216,-8863,-6498,-3486,-9339,-15348,-11646,-11385,-13181,-9784,-9213,-6502,-6953,-8248,-11390,-10391,-8345,-5100,-5364,-2017,-2707,-5707,-2323,-2986,-4113,-8831,-12251,-11164,-6240,2940,5143,1864,1713,2318,1575,2131,1557,-4046,-3506,-2585,-2974,-470,-2459,-3560,1594,2157,432,-320,1498,-1499,-2164,1027,-1356,-8324,-5423,1074,-1649,-9955,-8382,-2221,1854,3568,3812,933,-2366,-957,2554,-1235,-3011,-3395,-7712,-11165,-6857,-5278,-4031,-833,-4449,-4206,-4130,-6139,-7057,-4033,-966,-575,-3928,-2767,1298,765,-4412,-2217,-950,-731,-5116,-1511,605,-611,-1112,-934,-6057,-5811,-6970,-7679,-6343,-5030,-6320,-5234,-4799,-5601,-5490,-5618,-2174,-3344,-6448
79,149.4400000000000261,-7667,-7287,-6994,-5292,-4286,-4712,-2570,-3507,-4796,-5281,-4680,-5519,-7502,-5414,-1345,21,-1315,-2178,-1710,-3812,-5682,-5050,-4344,-2835,-4472,-6423,-3818,-3656,-4722,-8766,-5578,-4041,-6116,-5140,-3237,-2828,-3702,-3946,-3734,-4378,-3669,-7017,-5747,-4153,-4293,-6054,-7317,-7561,-4427,-2839,-4091,-6028,-6767,-7135,-7622,-6874,-6946,-9941,-10712,-8362,-3292,-5589,-6606,-6425,-7944,-3825,-2923,-3312,-3779,-4671,-2094,-4467,-4073,-4415,-3019,-5882,-5136,-5018,-5543,-5057,-3291,-3007,-4378,-4554,-4408,-1264,-2729,-6421,-8619,-6044,-6533,-4962,-105,-320,886,-1281,-2091,-3409,-4987,-6011,-7417,-7362,-3528,-2233,-9042,-9004,-8540,-5600,-5876,-7584,-7796,-2740,-4370,-11155,-17690,-16821,-6399,-2424,-8256,-10244,-11898,-6575,-3990,-5258,-8550,-10418,-10050,-10149,-7742,-6913,-3886,-3338,-3229,-2513,-5489,-6242,-4643,-3613,-2371,-4836,-6321,-4410,-2350,-6679,-4084,-4263,-3241,-195,-2035,-5329,-3494,-2906,-2269,-4495,-4319,-4419,-4738,-6981,-4141,-7729,-6431,-7733,-6718,-4274,-7462,-5145,-4956,-6299,-4460,-3047,-2669,-2434,-3228,-1281,-2562,-6321,-8937,-11292,-10364,-9995,-5881,-6196,-9108,-11847,-7681,-4769,-8426,-12375,-10949,-10268,-11664,-9410,-11401,-9149,-9649,-8794,-9212,-8952,-8498,-3550,-3945,-3736,-2495,-5995,-2563,-2944,-3022,-6858,-12190,-13319,-9225,-954,1815,948,2364,5225,4291,4825,6907,1779,983,1557,-557,949,487,-931,2185,1350,-1420,-2425,636,-980,-1689,2501,-227,-7776,-5568,1409,972,-8977,-9995,-4127,-1456,242,6,-1741,-2730,-2277,2164,360,-3130,-5993,-4631,-10024,-7839,-5197,-3457,-2450,-6317,-5632,-6205,-6444,-5780,-3421,-1228,-1840,-3993,-2979,-207,870,-2148,-1067,2200,3092,-3020,-991,2027,-1455,-675,-293,-2019,-5157,-4564,-4632,-4435,-4411,-6617,-5207,-3631,-4955,-5458,-6489,-4413,-5178,-6367
80,152.6400000000000148,-7118,-7267,-7724,-5864,-4796,-6463,-4846,-4127,-4636,-4673,-4476,-5444,-6890,-5202,-2769,27,-492,-1824,-1812,-2801,-4461,-4623,-4512,-3238,-4434,-5494,-2719,-3192,-2874,-7040,-7021,-4189,-5874,-4401,-1426,-2317,-2013,-1671,-641,-3336,-3215,-7014,-6440,-4977,-4257,-5907,-6359,-8040,-6052,-2877,-3414,-5922,-6824,-7237,-7626,-7268,-7177,-9145,-8692,-7839,-4919,-4044,-7984,-5270,-6063,-3362,-3073,-3417,-3250,-5016,-2098,-4936,-4942,-4816,-2422,-4723,-5729,-5198,-5636,-5721,-3480,-3151,-4133,-2856,-3970,-1356,-1595,-4862,-7697,-5958,-6686,-4931,-1892,-2141,2254,1665,-185,-1088,-2051,-1798,-5234,-5306,-3121,-3870,-8450,-9558,-9239,-6432,-5361,-7275,-9544,-6193,-4122,-7483,-14438,-17954,-10956,-7567,-12261,-12625,-11960,-6491,-3399,-3505,-6445,-8023,-9579,-10457,-11562,-10647,-7107,-3679,-3699,-2681,-3816,-5650,-5513,-3946,-1593,-3645,-5346,-2723,-998,-5071,-2358,-3190,-3909,-1247,-2516,-5042,-3126,-3805,-2544,-3436,-4829,-4941,-4442,-6620,-4608,-6431,-5839,-7016,-6228,-4907,-8650,-7382,-5984,-5300,-3890,-5602,-4789,-3982,-2385,-1147,-2760,-4891,-6443,-8649,-11617,-8541,-5268,-7848,-10472,-12790,-8625,-6699,-7386,-8507,-9515,-8738,-8877,-8277,-11570,-10736,-11168,-7963,-6261,-7033,-8380,-3737,-2980,-5008,-2224,-4987,-3322,-2819,-1907,-4889,-11092,-14013,-10845,-5256,-2983,-468,2272,4605,3841,4568,7864,4689,3653,2657,299,1257,1982,-59,-373,-133,-2764,-3559,-1843,-907,-1231,1527,-791,-6287,-4902,377,838,-5942,-8497,-5450,-4330,-2582,-3647,-4064,-3238,-2738,-451,90,-3514,-6615,-3775,-7281,-8682,-5502,-3059,-4342,-6242,-5703,-5552,-3637,-2988,-3963,-3971,-6073,-6390,-6430,-5343,-4232,-2786,-3626,188,1287,-4003,-5566,-2613,-5524,-4426,-4864,-2337,-6779,-3760,-4650,-4537,-5203,-6946,-6003,-5038,-5723,-6460,-7634,-7116,-6917,-6915
81,155.8400000000000318,-6381,-6281,-7275,-5750,-5137,-7368,-7012,-5071,-4795,-4740,-4464,-5248,-6370,-5186,-3999,-815,-673,-1944,-2159,-2074,-3064,-3644,-4360,-3740,-4552,-4583,-1870,-2197,-1665,-4150,-6619,-4500,-4929,-2850,-313,-1445,-1247,-389,680,-3047,-3193,-6045,-6555,-5444,-4893,-5958,-5226,-7607,-7567,-3705,-3763,-5751,-6694,-7210,-6931,-6826,-6967,-7933,-6045,-6374,-5746,-3423,-8234,-4480,-3842,-3263,-3539,-3773,-3560,-4979,-2792,-5481,-5537,-5075,-2370,-2900,-5369,-4801,-5287,-6292,-3941,-3586,-3804,-1785,-3901,-2006,-1466,-3703,-6581,-4984,-5842,-4503,-3275,-3306,914,1475,-86,-744,-445,-110,-4597,-3043,-3765,-4553,-5630,-7936,-8634,-7132,-5333,-6576,-9721,-8237,-4004,-4286,-8784,-15704,-13472,-11888,-12346,-10261,-8955,-5551,-2900,-3092,-4874,-6281,-8538,-9725,-11378,-10835,-9187,-5611,-4202,-3458,-2088,-5308,-6167,-4199,-1862,-3063,-3812,-1313,-127,-3283,-2323,-3270,-4838,-3500,-3482,-4609,-3172,-4712,-3792,-3193,-5651,-5986,-4702,-6384,-5474,-5303,-5235,-6213,-5840,-6065,-8251,-8525,-6846,-3840,-3144,-6908,-6380,-5008,-2316,-2194,-3716,-3893,-4716,-6255,-11123,-6394,-4403,-8362,-10928,-11983,-9481,-9037,-7393,-5977,-7824,-7263,-5890,-6498,-10297,-10432,-10618,-6159,-3561,-5019,-7558,-4582,-2896,-5183,-1997,-3497,-3420,-2798,-721,-3243,-8811,-13031,-11470,-8956,-6762,-2768,766,1788,1496,1818,4175,4311,4179,730,-52,890,2025,-449,-3592,-1986,-3282,-4384,-4125,-1416,-771,219,-1443,-4288,-4739,-1153,-1344,-2391,-5514,-6276,-5999,-4454,-5753,-5689,-3648,-2982,-3332,-1073,-3746,-5155,-2655,-3945,-7663,-4967,-2462,-4593,-4533,-4216,-3048,-1249,-2035,-6350,-8509,-10831,-9994,-10996,-10890,-11119,-6385,-8754,-6830,-5291,-7766,-12064,-10606,-10187,-10264,-10654,-6132,-9840,-6541,-8049,-6973,-8311,-9122,-8825,-8091,-8423,-8601,-9463,-9846,-8290,-7618
82,159.0400000000000205,-5736,-4687,-5963,-4905,-5037,-6984,-7990,-5886,-5394,-5227,-4788,-5074,-5707,-4617,-4473,-2126,-1431,-2217,-2479,-1543,-1803,-2347,-4202,-4411,-4281,-3907,-2055,-1480,-784,-1664,-5181,-5211,-3796,-1489,-174,-620,-1252,-96,367,-2894,-3451,-4793,-5949,-5762,-5729,-6245,-4585,-6261,-8636,-5179,-4332,-5423,-6523,-6945,-6218,-6114,-6353,-6179,-3896,-4624,-5916,-4100,-7434,-4289,-2102,-3510,-4005,-4552,-4599,-5257,-4272,-6015,-5273,-4926,-2685,-1558,-3864,-4318,-5122,-6400,-4447,-4314,-3501,-1471,-4404,-3018,-2035,-3197,-5635,-3894,-4524,-4506,-3774,-3257,-1597,-639,-1386,-1824,-981,-1142,-4522,-2198,-4899,-4285,-3112,-5020,-6825,-7217,-5687,-6090,-8663,-8372,-4265,-2382,-3285,-10533,-13014,-12118,-8636,-5199,-4951,-3959,-2599,-3774,-4590,-5638,-6786,-8408,-8412,-8317,-8302,-6621,-5157,-4596,-2121,-5340,-6830,-4965,-2818,-3531,-2602,-552,-162,-2912,-4084,-5061,-6159,-6028,-4541,-4267,-3333,-5366,-5223,-4264,-6782,-7132,-5423,-6468,-6214,-5088,-5067,-5716,-5542,-7508,-7616,-8685,-7027,-2581,-2460,-6538,-6885,-5259,-2785,-3598,-5238,-4110,-3647,-5047,-8931,-4950,-3975,-8118,-9983,-10057,-9448,-10588,-8235,-5253,-6484,-6572,-4438,-5087,-8901,-8705,-8816,-4796,-2585,-3764,-6190,-5958,-4072,-4494,-1789,-2141,-2010,-2148,147,-1700,-5733,-9687,-11219,-11138,-8523,-4975,-1672,-1180,-1337,-1631,-1458,2021,2521,-1691,-1753,-108,914,-1285,-5448,-4694,-3640,-5061,-5321,-2284,-739,-839,-1851,-2401,-4483,-3030,-3280,175,-2690,-6143,-6255,-5612,-6192,-5949,-3356,-3626,-4919,-1558,-2710,-3154,-1077,-781,-4221,-2244,-1131,-3358,-2935,-2113,-1286,-1669,-4000,-9682,-12788,-14020,-12259,-13877,-14034,-14667,-9674,-12827,-13237,-11790,-11174,-15060,-15699,-12596,-13828,-13437,-9818,-11840,-10958,-11159,-9496,-11243,-11759,-11976,-11382,-9891,-9895,-10659,-11428,-9137,-8175
83,162.2400000000000091,-5281,-3122,-4050,-3563,-4347,-5488,-7606,-6293,-6154,-5772,-5294,-5147,-5117,-4875,-4445,-3225,-2464,-2411,-2505,-1223,-1055,-1433,-3908,-4825,-3699,-3548,-3364,-1922,-403,-582,-3693,-5739,-3683,-1113,-737,-270,-1566,-751,-1107,-2753,-3681,-4016,-5022,-6021,-6434,-6322,-4495,-4699,-8738,-6484,-4536,-4817,-6380,-6531,-6021,-5556,-5455,-4155,-2627,-3394,-5642,-5192,-6064,-4281,-1554,-3655,-4460,-4468,-5597,-6102,-5946,-6474,-4460,-4427,-3102,-1489,-1992,-3800,-5247,-5940,-4918,-5035,-3264,-1969,-5031,-3931,-3086,-3392,-5177,-3057,-3732,-4682,-3687,-2892,-3411,-3307,-2976,-3356,-2922,-2523,-4256,-3093,-5334,-3683,-2250,-2464,-4751,-6230,-5896,-6046,-6973,-7186,-4802,-1635,716,-4356,-9414,-8977,-3961,-919,-1874,-2434,-2470,-4709,-5104,-5467,-4887,-7066,-5484,-5650,-5698,-5892,-5873,-5417,-3457,-5392,-7704,-6373,-4136,-4456,-2402,-826,-1030,-3909,-6268,-7051,-6970,-7693,-5307,-3919,-3131,-5408,-6057,-5730,-7558,-7831,-6159,-6481,-6481,-5567,-5153,-5503,-5360,-8329,-7498,-8486,-6623,-2210,-2495,-5213,-6283,-4878,-3314,-4703,-6486,-5046,-3277,-4783,-6272,-4515,-4072,-7213,-7819,-8232,-8378,-10875,-8977,-5310,-6069,-6849,-5489,-5725,-8230,-7752,-7908,-5252,-4020,-4305,-5961,-8088,-6843,-4351,-2417,-1769,-609,-1119,60,-559,-2727,-5087,-9772,-11266,-8542,-6431,-3520,-2813,-3839,-4445,-5388,-689,278,-2597,-3609,-1855,-913,-2441,-5991,-7342,-4525,-5515,-6173,-3411,-1551,-2454,-2495,-1422,-4228,-4504,-4149,1281,-801,-4801,-5557,-6223,-5490,-5375,-3520,-3959,-5254,-1789,-303,-811,61,1482,349,471,383,-2170,-2337,-738,-2104,-4655,-7989,-12355,-14512,-14247,-12005,-13737,-13712,-14033,-9894,-13588,-15386,-14325,-10949,-12830,-14285,-11231,-11980,-11431,-10294,-11262,-12620,-11799,-9734,-11860,-12366,-13190,-12583,-9457,-9693,-10686,-10965,-9093,-8330
84,165.4400000000000261,-4879,-2054,-2470,-2415,-3414,-3937,-6426,-6193,-6708,-6097,-5851,-5525,-5655,-4441,-4079,-3742,-3391,-2677,-2544,-1424,-1000,-1302,-3592,-4527,-3363,-3543,-4881,-3535,-1225,-555,-2688,-5573,-4580,-1976,-1633,-530,-1842,-1933,-2904,-3168,-3741,-4260,-4230,-6151,-6905,-5955,-4533,-3847,-7751,-7319,-4556,-4052,-6028,-6608,-6137,-5447,-4672,-2831,-1896,-3159,-5421,-5844,-4674,-4317,-2194,-3315,-4635,-3932,-5949,-7017,-7064,-6779,-3658,-3963,-3561,-2405,-709,-3177,-5529,-5196,-5063,-5426,-3236,-2980,-5483,-4446,-4218,-4328,-5381,-2846,-4135,-4665,-3501,-2769,-4092,-5117,-4626,-5025,-4901,-3163,-3670,-4021,-4939,-3490,-2479,-1398,-3260,-4726,-5632,-6271,-5426,-5747,-5399,-2082,2755,568,-3602,-4819,-1036,1004,-262,-1883,-2592,-5223,-5387,-4904,-3711,-6034,-3812,-3597,-3367,-4504,-5654,-5491,-4835,-5077,-8426,-7970,-5337,-5180,-3136,-1998,-2319,-5010,-7415,-7794,-6753,-7716,-5620,-3210,-2372,-4562,-5791,-6438,-7586,-7622,-6321,-6253,-6256,-6079,-4835,-5099,-5204,-8029,-7530,-7980,-5758,-2871,-3086,-4000,-5030,-4072,-3472,-5350,-6880,-5698,-3713,-4634,-4019,-4123,-4218,-5997,-5251,-7201,-6986,-10313,-9220,-5815,-6731,-8218,-8388,-7854,-8418,-8137,-8311,-7166,-6830,-6032,-7870,-10529,-10105,-5417,-4175,-3184,-1297,-1281,-1150,-258,-475,-1024,-7278,-8773,-7332,-6675,-4157,-3532,-5101,-5921,-6532,-3219,-1836,-2747,-4994,-4140,-3257,-4218,-6374,-8972,-6257,-6378,-7095,-4760,-3049,-4884,-3698,-1942,-4645,-5996,-4395,503,-115,-3557,-4870,-6202,-5034,-5165,-4233,-4432,-5462,-2861,1049,288,81,1917,3125,1411,-616,-2127,-3163,-2109,-5471,-8692,-11371,-12610,-12640,-10833,-8742,-9936,-9719,-9275,-7421,-10857,-13468,-12313,-7735,-7244,-8934,-7538,-6662,-6248,-8256,-8105,-10653,-9813,-7869,-10088,-10921,-12051,-11172,-7905,-8171,-9848,-9151,-8253,-7944
85,168.6400000000000148,-4553,-1577,-1820,-1847,-2671,-2987,-5125,-5711,-6882,-6198,-6196,-6024,-5898,-4284,-4109,-3873,-3915,-3260,-2960,-2178,-1703,-1781,-3094,-3594,-3255,-3849,-5564,-5380,-3258,-1767,-2387,-4850,-5443,-3616,-2672,-1225,-2121,-3126,-4510,-4251,-3911,-5109,-3915,-5933,-6786,-5445,-4466,-3616,-6008,-7817,-4884,-3714,-5693,-7005,-6276,-5760,-4356,-2598,-1649,-3424,-5555,-5838,-3745,-4296,-3432,-2637,-4121,-3458,-5522,-7297,-7230,-6751,-3152,-4018,-4187,-3327,-397,-2460,-5795,-4716,-4834,-5242,-3595,-4009,-5611,-4668,-5127,-5563,-6069,-3342,-5356,-4552,-3492,-2858,-3989,-5407,-5848,-6452,-6119,-3301,-3110,-3949,-4167,-3368,-3175,-1789,-2565,-3383,-4978,-6218,-4510,-4784,-5841,-3280,2423,2870,1873,-1286,-717,713,-349,-2131,-2887,-5101,-4921,-3872,-3654,-5339,-3129,-2094,-2206,-3618,-4368,-4666,-5388,-4638,-8444,-8841,-6374,-5481,-4154,-3601,-3343,-5449,-7080,-6958,-5452,-6101,-4959,-2383,-1252,-2903,-4453,-6187,-6782,-6644,-5576,-5770,-5566,-6036,-3913,-4234,-4667,-6375,-6947,-7005,-4534,-3869,-3557,-3067,-3527,-3084,-3453,-5364,-6404,-5882,-4553,-4210,-2777,-4096,-4295,-4594,-3590,-7019,-6277,-9674,-9438,-7103,-7815,-10093,-11514,-9663,-8674,-8698,-8747,-8968,-9341,-7536,-10367,-12414,-12328,-7234,-6122,-6054,-3975,-3480,-3050,-1302,12,1299,-4904,-5088,-5294,-5573,-3767,-3141,-4963,-6108,-6016,-5490,-3843,-3625,-6385,-6922,-5841,-6356,-7267,-9661,-7689,-7016,-7095,-5179,-4183,-6781,-4925,-2989,-5685,-7387,-4867,-2095,-1169,-3189,-4874,-6196,-5060,-4946,-5070,-5075,-5547,-4439,3,-871,-1480,147,2100,-197,-3948,-4599,-5592,-5654,-9476,-11588,-12410,-9660,-7330,-4826,-3415,-3298,-3305,-1731,-3400,-4771,-7810,-6863,-2793,-415,-2933,-2391,-1420,-1319,-4784,-4265,-6103,-5709,-5115,-6736,-8227,-8832,-8321,-5573,-5398,-7244,-6244,-6807,-6494
86,171.8400000000000318,-4418,-1572,-1452,-1774,-2324,-2477,-4288,-5224,-6764,-6259,-6252,-6452,-6690,-5364,-4833,-4168,-4245,-3975,-3588,-3327,-2954,-2807,-2653,-2472,-3356,-4346,-5394,-6448,-5575,-4153,-2948,-4169,-5760,-5155,-3744,-2183,-2598,-3944,-5740,-5388,-4349,-5719,-4202,-5353,-6069,-5048,-4149,-3405,-4209,-7762,-5535,-4349,-5818,-7079,-6160,-6121,-4584,-3094,-1984,-3640,-5766,-5402,-3363,-4082,-4616,-2018,-3042,-2819,-4645,-6629,-6629,-6217,-3036,-4746,-4867,-3751,-701,-1796,-5564,-4825,-4429,-4711,-4214,-4627,-5502,-4684,-5667,-6487,-6823,-4193,-6327,-4803,-3595,-3161,-3513,-4651,-6126,-6945,-6322,-3196,-3007,-3176,-3243,-3148,-3673,-2732,-2711,-2602,-4165,-5560,-4151,-4104,-5874,-4745,27,2870,4104,917,-1585,-874,-1789,-2671,-2967,-4502,-4184,-2926,-3956,-4802,-3193,-1789,-2313,-3193,-2783,-3285,-4947,-4506,-7764,-8468,-6987,-5774,-4904,-4869,-3660,-5447,-5900,-5069,-3896,-3810,-3471,-2029,-360,-1118,-2878,-5216,-5431,-5080,-4379,-5186,-4651,-5345,-2898,-3426,-3758,-4195,-5538,-5881,-3625,-4408,-3629,-2384,-2413,-2311,-3645,-4816,-5427,-5803,-5399,-3997,-2756,-4604,-4197,-3287,-3803,-7477,-6649,-9474,-9712,-8374,-8288,-11063,-13005,-9662,-8046,-8293,-8319,-9235,-9842,-7964,-11288,-12525,-12682,-8578,-7109,-8732,-6754,-6541,-4858,-3559,-1733,875,-3607,-2446,-3567,-4107,-3167,-3099,-4642,-6127,-5561,-7702,-6022,-5597,-7965,-9367,-7962,-7957,-8194,-9265,-7945,-6680,-6227,-4751,-4503,-6818,-5389,-3594,-6182,-7735,-5896,-5026,-3335,-3497,-4972,-5972,-5079,-4448,-5322,-5415,-5647,-6069,-2615,-3723,-5132,-3490,-2484,-4570,-7747,-7879,-7883,-9132,-11548,-11752,-10232,-4325,-846,1932,2191,3818,3384,5513,1504,2674,108,-18,2206,4942,2000,1632,2053,1432,-1371,-791,-981,-1536,-2219,-3003,-4649,-4597,-4975,-3068,-2183,-3441,-2560,-4456,-3898
87,175.0400000000000205,-4376,-1852,-1375,-1872,-2348,-2968,-3941,-4925,-6552,-6369,-6154,-6502,-7288,-6369,-5979,-4786,-4675,-4400,-4052,-4267,-4275,-4194,-2728,-1822,-3536,-4624,-4936,-6440,-7090,-6507,-4167,-3778,-5536,-5793,-4854,-3270,-3501,-4376,-6429,-5998,-4872,-5732,-4690,-4743,-5121,-4784,-3884,-3125,-2904,-6626,-6281,-5369,-6305,-6693,-5721,-6082,-5174,-4030,-2905,-3825,-5580,-5012,-3276,-3769,-5327,-1718,-1964,-3048,-3743,-5606,-5841,-5472,-3335,-5685,-5439,-3922,-1403,-1396,-4730,-5348,-4189,-4232,-4744,-4761,-5364,-4502,-5911,-6738,-7284,-4903,-6464,-5269,-3677,-3581,-3084,-3788,-5405,-6649,-5920,-3191,-3417,-2541,-2424,-2832,-3929,-3505,-3100,-2219,-3514,-4372,-4004,-3453,-5295,-5976,-2960,1147,3125,1899,-2216,-2761,-3691,-3362,-2969,-3716,-3710,-2627,-3980,-4508,-3646,-2854,-3106,-3199,-1914,-2032,-4125,-4896,-6939,-7062,-7238,-6334,-5204,-5220,-3597,-5411,-4638,-3064,-2803,-2012,-1965,-2243,-153,-105,-1796,-4117,-4284,-3966,-3449,-4809,-3954,-4686,-2562,-3160,-3163,-2392,-3778,-4730,-3276,-4281,-3537,-2418,-1937,-2184,-4206,-4120,-4398,-5630,-5799,-4527,-3681,-5604,-3601,-2809,-5105,-8066,-7642,-9435,-9599,-8539,-7898,-10467,-12228,-8001,-6588,-7018,-7005,-7941,-8270,-7284,-10172,-10818,-11173,-8672,-6881,-9591,-7907,-8738,-6410,-6173,-4496,-2077,-3687,-2089,-3183,-3690,-3523,-4529,-5436,-6468,-5969,-9338,-7982,-7704,-9066,-10289,-9345,-8673,-8523,-8091,-7465,-6189,-5550,-4249,-4713,-5791,-4965,-3758,-5531,-6973,-6553,-6927,-5187,-3749,-4463,-4763,-4487,-3821,-4861,-5487,-5790,-7211,-5498,-6975,-8914,-8103,-8062,-9270,-10283,-9915,-9171,-10701,-10427,-8887,-5149,1889,4696,7350,6065,8564,7624,9792,5935,9194,7424,5608,5474,7449,5775,3920,3769,2721,1234,2003,2276,1731,151,157,-1076,-688,-1579,-1136,442,188,704,-1828,-1472
88,178.2400000000000091,-4394,-2328,-2051,-2045,-2592,-3505,-4111,-4885,-6411,-6481,-5848,-6120,-6881,-7176,-6794,-5419,-5308,-4584,-4194,-4435,-5021,-5208,-3556,-1982,-3696,-4543,-4674,-5928,-7456,-7956,-5566,-3819,-4815,-5492,-5604,-4442,-4783,-4763,-6473,-5968,-5031,-5314,-4852,-4406,-4426,-4663,-3905,-2924,-2165,-4790,-6819,-6140,-6565,-6177,-5067,-5495,-5625,-5168,-4153,-4186,-5101,-4931,-3381,-3360,-5459,-1888,-1548,-3297,-3167,-4778,-5050,-4921,-3950,-6333,-5764,-4178,-2436,-1412,-3668,-5927,-4203,-3909,-4972,-4464,-5223,-4178,-5744,-6346,-7374,-5143,-6127,-5559,-3673,-3959,-2934,-3200,-4243,-5775,-5089,-3491,-3837,-2448,-1863,-2443,-3970,-3793,-3216,-2155,-3041,-3067,-3694,-2856,-4291,-6666,-5032,-1664,796,1667,-2116,-4167,-5242,-4024,-3083,-2993,-3315,-3071,-3790,-4156,-4015,-4353,-4235,-3806,-1896,-1484,-3639,-5596,-6181,-5636,-7021,-7054,-5258,-4838,-3564,-5420,-3711,-1794,-2300,-1317,-1041,-2633,-548,-110,-1397,-3486,-3819,-3422,-3328,-4578,-3667,-4222,-3007,-3753,-3309,-1553,-2302,-3802,-3507,-4020,-3370,-2861,-2048,-2686,-4997,-3863,-3396,-5407,-5928,-5404,-5003,-6149,-2788,-3163,-6122,-8236,-8228,-9047,-8633,-7604,-6970,-8910,-10124,-5721,-5382,-5782,-5829,-5835,-5928,-5978,-8093,-8262,-8455,-7518,-5789,-8475,-7459,-8976,-7267,-7936,-7041,-5655,-4802,-3637,-3924,-4282,-4700,-6187,-6806,-6750,-6686,-9315,-8705,-8901,-9173,-9454,-9770,-8882,-8012,-6579,-7129,-6591,-5633,-4592,-5472,-5145,-3978,-3747,-4721,-5573,-6217,-7317,-5870,-4005,-3573,-3187,-3371,-3322,-4243,-5073,-5348,-6900,-7293,-8553,-10558,-11182,-11690,-11509,-10468,-9538,-8856,-9409,-6687,-3687,963,6553,7456,9139,7386,9369,8455,10070,7856,12211,11701,8019,6410,7461,8085,4549,3996,3298,3027,3912,3346,3255,1540,2092,1626,2170,1159,655,2396,2765,2590,364,41
89,181.4400000000000261,-4557,-2907,-2535,-2290,-2809,-4014,-4426,-4943,-6381,-6458,-5402,-5461,-6416,-6851,-6623,-5668,-5900,-4766,-4094,-3837,-4821,-5302,-4692,-2814,-3894,-4344,-4516,-5451,-7071,-8062,-6437,-4303,-4127,-4685,-5682,-5465,-5871,-5287,-6045,-5348,-4595,-4754,-4344,-4213,-4229,-4663,-4073,-3041,-1956,-2936,-6746,-6250,-6061,-5599,-4435,-4682,-5552,-6051,-5298,-4753,-4847,-4853,-3713,-2753,-5033,-2500,-1849,-2976,-3125,-4128,-4077,-4868,-4694,-6371,-5801,-4559,-3541,-1917,-2634,-6101,-4388,-3793,-4844,-3935,-5018,-3780,-5030,-5504,-7067,-4930,-5855,-5517,-3538,-4140,-3151,-2845,-3153,-4722,-4324,-3764,-3932,-2642,-1584,-2107,-3651,-3514,-3144,-2248,-2513,-2110,-3181,-2269,-3480,-6668,-5816,-4570,-1540,395,-1666,-4571,-5878,-4298,-3058,-2385,-2830,-3825,-3720,-3511,-3891,-5106,-5280,-4655,-2315,-1560,-3539,-6031,-5475,-4612,-6408,-7558,-5283,-4133,-3512,-5392,-3237,-1401,-2240,-1455,-777,-2741,-1435,-746,-1515,-3319,-3770,-3643,-3876,-4581,-3836,-4157,-3904,-5045,-4171,-2152,-1768,-3225,-4218,-4000,-3289,-3431,-2706,-3591,-5394,-4013,-2585,-4827,-5856,-6014,-6206,-5997,-2156,-3868,-6196,-7798,-7765,-7973,-6901,-6323,-6198,-7495,-8042,-4551,-5324,-5406,-5508,-4206,-4278,-4858,-6449,-5915,-5711,-5920,-4677,-6487,-6101,-7660,-7478,-8639,-8771,-8130,-6328,-5552,-4911,-5129,-5932,-7636,-7993,-6697,-6818,-7840,-8229,-9051,-8593,-7640,-9148,-9062,-7224,-5346,-7047,-7502,-6480,-5879,-6643,-5256,-3176,-3850,-4494,-4443,-4970,-6562,-5622,-4136,-2959,-2150,-2670,-3337,-4176,-4471,-4928,-5980,-7759,-8129,-9801,-11608,-12173,-10789,-8225,-7018,-6522,-5901,-1476,2520,5984,7936,7140,7228,6183,6581,6120,6546,6705,11009,11701,7219,4948,5363,8177,3877,2750,2991,3806,4246,3237,3290,2057,2954,3473,4052,3014,2240,3346,3976,3163,1730,334
90,184.6400000000000148,-5071,-3595,-3568,-2759,-3043,-4091,-4577,-4939,-6363,-6202,-4937,-4822,-5723,-6106,-5633,-5156,-6044,-4940,-3887,-2969,-3914,-4432,-5338,-3988,-4073,-4287,-4107,-5021,-6050,-7005,-6324,-4866,-4104,-3894,-5231,-5890,-6434,-5875,-5329,-4602,-3715,-4093,-3692,-4007,-4495,-4805,-4180,-3522,-2090,-1454,-5920,-5609,-4821,-4663,-4037,-4116,-4857,-6275,-5865,-5281,-5014,-4578,-4041,-2217,-4171,-3163,-2530,-3162,-3476,-3591,-3138,-5221,-5203,-5867,-5289,-4980,-4420,-2603,-1845,-5531,-4589,-3692,-4236,-3460,-4643,-3309,-4012,-4447,-6383,-4529,-5785,-5309,-3314,-4049,-3584,-2933,-2394,-3832,-3555,-3519,-3825,-2799,-1610,-1910,-3181,-2863,-2962,-2462,-2162,-1802,-2604,-1758,-3125,-5930,-5782,-6324,-3515,-1265,-1358,-3815,-5423,-4145,-2596,-1892,-2462,-4224,-3821,-2955,-3464,-4766,-5634,-5024,-2922,-1958,-3612,-5893,-4937,-4019,-5387,-7149,-5306,-3478,-3140,-5123,-3164,-1620,-2217,-1939,-1209,-2852,-2437,-1801,-1883,-3261,-3975,-4252,-4734,-5024,-4596,-4915,-5405,-6642,-5554,-3899,-2686,-3431,-5109,-4240,-3472,-4155,-3931,-4786,-5391,-4244,-2577,-3994,-5658,-6280,-6763,-4812,-2146,-4261,-5396,-7135,-6651,-6606,-5337,-5639,-6243,-7193,-7290,-5287,-6458,-6037,-6260,-4177,-4294,-4572,-5796,-4697,-4083,-4657,-4131,-5158,-4931,-5864,-7184,-8656,-9366,-9143,-7955,-6638,-5588,-5639,-6602,-8351,-8249,-6602,-6276,-6026,-7266,-8737,-8106,-6092,-7813,-9228,-6944,-4840,-6722,-8005,-7459,-6868,-7413,-5606,-3114,-4661,-5138,-4346,-4039,-5593,-5208,-4469,-3489,-2303,-2838,-4298,-4944,-4652,-5019,-5569,-7398,-6788,-7356,-9503,-9816,-7662,-4601,-3485,-2951,-1123,3234,7201,7893,6245,4468,3367,3316,2351,2031,1414,3634,6289,7725,4009,1488,2068,5598,2193,583,1227,3188,3383,2305,2261,1647,2851,4052,5015,4593,3043,3281,3516,2806,1877,-620
91,187.8400000000000318,-5665,-4343,-4149,-3375,-3314,-3865,-4503,-4919,-6269,-5882,-4574,-4264,-4956,-4733,-4064,-4032,-5502,-5007,-3686,-2420,-2905,-3098,-5061,-4853,-4295,-4292,-3426,-4475,-4588,-5325,-5307,-5087,-4540,-3506,-4435,-5502,-6422,-5997,-4595,-4123,-2916,-3430,-3334,-4018,-4914,-5029,-4254,-4015,-2477,-823,-4595,-4721,-3491,-3613,-3666,-3741,-4147,-5800,-5667,-5352,-5112,-4337,-4217,-2037,-3094,-3654,-3157,-3545,-3932,-3381,-2515,-5440,-5249,-5117,-4404,-5230,-4874,-3142,-1753,-4481,-4555,-3525,-3482,-3096,-4154,-2836,-3091,-3514,-5520,-4001,-5762,-5074,-3117,-3743,-4013,-3329,-2104,-3284,-2856,-2832,-3681,-2870,-1892,-1944,-2791,-2262,-2682,-2708,-2213,-2054,-2185,-1460,-3115,-4869,-5368,-6585,-4842,-2795,-1397,-2405,-4231,-3560,-1769,-1675,-2391,-3961,-3812,-2822,-2779,-3749,-5064,-4815,-3228,-2420,-3573,-5167,-4537,-3488,-3988,-5695,-5172,-3001,-2368,-4501,-3470,-2376,-2487,-2770,-2520,-3500,-3521,-3390,-2720,-3556,-4455,-5276,-5911,-5923,-5714,-6338,-7057,-7909,-6808,-6023,-4654,-4680,-6310,-5083,-4179,-5272,-5743,-6281,-5821,-4808,-3413,-3793,-5794,-6698,-6813,-3961,-2938,-4545,-4724,-6920,-5890,-6058,-5096,-6104,-7077,-7901,-7720,-6846,-7933,-7096,-7335,-5465,-5737,-5281,-5821,-4539,-3846,-4083,-4237,-4968,-4176,-4543,-6489,-8361,-9292,-8850,-9017,-6879,-5859,-6070,-6672,-8155,-7724,-6539,-5720,-5007,-6495,-8421,-7973,-5579,-6590,-9262,-7150,-4707,-5507,-7161,-7385,-6422,-6805,-5217,-3383,-5366,-6175,-5278,-4268,-5258,-5441,-5520,-4817,-3747,-3814,-5465,-5928,-5070,-5025,-5202,-6248,-5231,-4486,-5834,-6022,-3931,-1407,-299,849,3360,6027,8632,6585,2844,575,-824,110,-1813,-2030,-3043,-224,310,2102,-253,-2032,-1551,1521,-92,-1613,-1442,1403,1725,825,618,518,1820,3161,4967,4904,2729,2555,2072,1687,1005,-2024
92,191.0400000000000205,-6138,-4905,-4733,-4039,-3646,-3889,-4371,-4857,-6054,-5677,-4411,-3950,-4071,-3779,-2914,-2733,-4304,-4223,-3421,-2315,-2275,-2012,-4108,-4994,-4587,-4196,-2967,-3785,-3288,-3596,-3832,-4755,-4902,-3659,-3445,-4434,-6038,-5486,-4101,-4004,-2530,-2955,-3288,-4340,-5294,-5293,-4236,-4231,-3004,-966,-3053,-4117,-2798,-2913,-3374,-3461,-3862,-4833,-4777,-4808,-4765,-4285,-4269,-2260,-2171,-3682,-3509,-3723,-4264,-3534,-2429,-5316,-4863,-4386,-3569,-5175,-4909,-3522,-2326,-3433,-4278,-3314,-2875,-2902,-3802,-2500,-2479,-3074,-4840,-3483,-5677,-4913,-2841,-3492,-4310,-3764,-2236,-3069,-2208,-1953,-3387,-2850,-2196,-2127,-2550,-2112,-2403,-2869,-2511,-2460,-2133,-1530,-3307,-4232,-4734,-5818,-5269,-4125,-1839,-989,-2882,-2677,-989,-1816,-2594,-3299,-3662,-3099,-2342,-2640,-3748,-4208,-3190,-2624,-3040,-4123,-4270,-2975,-2163,-3535,-4680,-2651,-1409,-3905,-3937,-3434,-3249,-3791,-4308,-4498,-4562,-5258,-4001,-4127,-5187,-6625,-6972,-7066,-6574,-7768,-8123,-8409,-7547,-7693,-6630,-6442,-7451,-6259,-5207,-6235,-7486,-7926,-6671,-5782,-4886,-4560,-6469,-7750,-7083,-4497,-4475,-5010,-4854,-7226,-5901,-6676,-6107,-7035,-8004,-8689,-8329,-7894,-8524,-7430,-7655,-6696,-7244,-6475,-6061,-4803,-4226,-3954,-4538,-5341,-3560,-4020,-5459,-7724,-8936,-8332,-9631,-7056,-6020,-6622,-6601,-7184,-7098,-6651,-5626,-5180,-6134,-8105,-8051,-5825,-5616,-8359,-7037,-4207,-3476,-5027,-5918,-4466,-4610,-3555,-3050,-5131,-6455,-6123,-5214,-5506,-6338,-6815,-5921,-5219,-4790,-5804,-6099,-4583,-4371,-4285,-4293,-3451,-1822,-2035,-1761,-767,1164,2251,4026,6281,6550,6991,3174,-894,-2922,-4053,-2705,-4722,-4850,-5914,-3060,-4608,-2990,-4244,-4303,-4512,-2529,-2517,-3478,-3833,-845,-140,-794,-1232,-723,225,1435,3971,3790,1445,1136,319,-111,-345,-3492
93,194.2400000000000091,-6215,-5128,-5081,-4494,-4060,-4119,-4423,-4754,-5842,-5687,-4501,-3910,-3899,-3338,-2399,-1766,-2982,-3611,-3290,-2373,-2029,-1562,-3003,-4353,-4707,-4169,-2913,-3046,-2356,-2414,-2691,-4136,-4937,-4035,-2448,-3079,-5452,-4592,-3860,-3930,-2476,-2716,-3394,-4822,-5538,-5474,-4211,-4073,-3555,-1780,-1870,-3785,-3080,-2857,-3190,-3382,-4013,-4009,-3471,-3706,-3929,-4211,-4196,-2749,-1684,-3258,-3671,-3586,-4258,-4020,-2802,-4901,-4233,-3843,-3074,-4732,-4580,-3712,-3198,-2778,-3741,-3144,-2592,-2921,-3881,-2375,-2448,-3274,-4502,-3079,-5518,-4754,-2577,-3239,-4368,-4081,-2612,-3144,-1819,-1188,-3047,-2820,-2486,-2162,-2486,-2388,-2302,-3024,-2998,-2910,-2392,-1844,-3566,-4233,-4001,-4709,-5162,-5074,-2454,-64,-1731,-1796,-728,-2352,-3037,-2810,-3631,-3716,-2395,-1943,-2258,-3295,-2885,-2436,-2267,-2973,-4076,-2554,-628,-1597,-3880,-2517,-849,-3565,-4379,-4473,-4148,-4663,-5777,-5484,-5338,-6568,-5306,-4789,-5940,-7531,-7737,-7936,-6771,-8413,-8021,-7971,-7378,-8316,-7747,-7827,-7970,-6976,-5706,-6502,-8124,-8900,-7299,-6669,-6011,-5773,-7486,-9172,-8047,-6241,-6077,-5730,-5429,-7543,-6218,-7425,-7127,-7278,-8019,-8643,-8009,-7333,-7708,-6522,-6680,-6616,-7535,-7100,-6135,-4836,-4508,-3640,-4302,-5369,-2960,-3895,-4209,-6809,-8494,-8087,-9835,-7383,-6326,-6963,-6360,-5956,-6751,-6795,-5950,-6031,-5925,-7380,-8069,-5962,-4545,-6106,-5983,-3202,-1532,-2637,-3691,-1900,-1727,-1377,-1913,-3721,-5377,-5950,-5717,-5580,-7015,-7289,-6065,-5513,-4829,-4872,-4808,-3103,-2677,-2210,-1471,-1420,503,1466,1790,2114,3071,4140,5595,7207,4977,3289,-924,-3936,-5181,-6075,-4631,-6124,-6038,-6883,-4683,-7512,-6460,-6520,-5243,-5979,-5293,-4252,-4620,-5220,-2922,-1717,-2302,-2928,-1720,-1456,-510,2006,1540,-368,-628,-1662,-2235,-2157,-4481
94,197.4400000000000261,-5797,-4819,-5023,-4676,-4292,-4366,-4488,-4666,-5768,-5873,-4746,-4062,-3981,-2933,-2465,-1422,-1918,-2480,-3062,-2412,-1993,-1667,-2344,-3346,-4569,-4357,-3092,-2688,-1887,-2111,-2277,-3694,-4857,-4348,-1812,-1804,-4614,-3922,-3717,-3625,-2474,-2709,-3374,-4999,-5597,-5466,-4295,-3722,-3995,-2884,-1358,-3702,-4120,-3349,-3192,-3570,-4251,-3739,-2418,-2425,-2897,-3834,-3968,-3133,-1691,-2529,-3641,-3045,-3822,-4453,-3433,-4488,-3650,-3606,-3048,-4091,-4116,-3776,-4092,-2854,-3208,-3258,-2907,-3117,-4237,-2527,-3050,-3983,-4626,-3074,-5367,-4659,-2524,-2969,-4150,-4225,-2990,-3503,-1812,-899,-2674,-2820,-2697,-2009,-2610,-2880,-2531,-3216,-3489,-3341,-2890,-2209,-3753,-4403,-3305,-3784,-4849,-5404,-3123,149,-962,-1284,-1014,-3053,-3564,-2919,-3728,-4452,-2917,-1900,-1402,-2411,-2433,-2067,-1509,-2179,-3922,-2453,-137,-765,-3132,-2753,-1127,-3487,-4634,-5160,-4739,-5155,-6278,-6154,-5685,-6802,-6119,-5228,-6309,-7834,-7737,-8083,-6205,-7976,-6723,-6773,-6364,-7724,-7640,-8104,-7324,-6496,-5333,-5653,-7243,-8143,-6856,-6537,-6178,-6516,-8106,-9803,-8956,-7699,-6774,-6193,-5714,-7251,-6034,-7379,-7127,-6363,-6750,-7329,-6459,-5131,-5714,-4730,-4800,-5130,-6170,-6252,-5754,-4419,-4193,-3062,-3371,-4851,-2409,-3563,-2954,-5524,-7740,-8032,-9435,-7733,-6552,-6879,-5760,-4836,-6254,-6622,-5951,-6251,-5104,-5897,-7339,-5435,-3374,-3366,-4188,-2176,-334,-1051,-1710,47,648,329,-738,-1705,-3508,-4585,-5013,-4970,-6672,-6587,-4943,-4506,-3775,-3051,-2305,-729,-135,455,1610,825,2418,3846,4158,4291,4145,5058,5111,5984,2182,-886,-4069,-5589,-5976,-6661,-5382,-6311,-5709,-6488,-5260,-8317,-7733,-6886,-5092,-5879,-6327,-5176,-5091,-5758,-4306,-2894,-3291,-3998,-2330,-2579,-2365,-487,-1047,-2496,-2281,-3673,-4281,-3859,-5146
95,200.6400000000000148,-4868,-4026,-4595,-4363,-4168,-4368,-4571,-4625,-5850,-6144,-5046,-4322,-4167,-2847,-2588,-1617,-1358,-1711,-2789,-2320,-1985,-2025,-2185,-2582,-4137,-4600,-3222,-2518,-1916,-2356,-2546,-3307,-4607,-4149,-1767,-1015,-3639,-3661,-3515,-3099,-2324,-2730,-3164,-4682,-5240,-5237,-4449,-3587,-4313,-3788,-1562,-3675,-5324,-4092,-3344,-3811,-4350,-3904,-2159,-1624,-2208,-3139,-3611,-3181,-2116,-1758,-3359,-2563,-3278,-4639,-3983,-4285,-3264,-3769,-3463,-3508,-3752,-3903,-4839,-3508,-2971,-3645,-3581,-3382,-4627,-2910,-3952,-4871,-5268,-3421,-5310,-4692,-2753,-2810,-3795,-4281,-3299,-3895,-2222,-1168,-2454,-2918,-2842,-2084,-2913,-3432,-3044,-3270,-3814,-3842,-3580,-2601,-3828,-4261,-2765,-3263,-4221,-5094,-3585,-126,-617,-1236,-1606,-3639,-4014,-3715,-4015,-5134,-3795,-2467,-1333,-1713,-1990,-1811,-1251,-1928,-3949,-2847,-694,-1092,-2622,-3199,-1958,-3800,-4834,-5420,-4942,-5247,-5881,-6391,-5595,-6125,-6047,-5292,-6079,-7244,-6872,-7402,-5049,-6439,-4735,-5160,-4852,-6200,-6409,-7117,-5622,-4898,-3887,-3775,-4909,-5564,-5177,-5038,-5031,-6279,-7638,-8830,-8753,-8095,-6040,-5759,-5284,-6052,-5109,-6219,-5724,-4500,-4568,-4982,-4486,-2633,-3345,-2832,-2912,-3156,-3910,-4080,-4869,-3877,-3406,-2478,-1982,-3962,-1960,-2885,-1891,-3987,-6401,-7344,-8371,-7401,-6453,-6329,-4674,-3767,-5252,-5707,-5000,-5116,-3286,-3706,-5662,-4348,-2276,-1178,-2361,-1619,-107,-340,-619,766,1768,1025,55,-102,-1607,-2505,-3424,-3728,-5345,-4878,-3079,-2671,-2075,-1000,479,1541,2128,2823,3880,2748,3442,4794,5141,5119,4089,4454,2921,3162,-938,-4038,-5661,-5808,-5774,-6233,-5339,-5634,-4736,-5199,-5289,-7745,-7290,-5937,-4485,-4774,-5887,-5344,-4940,-5520,-5083,-3978,-3732,-4253,-2756,-3263,-4021,-3113,-3463,-4252,-3923,-5540,-5877,-4945,-5363
96,203.8400000000000318,-3791,-2949,-3605,-3524,-3604,-3817,-4389,-4584,-5933,-6310,-5317,-4601,-4343,-3313,-2656,-1971,-1330,-1260,-2291,-2140,-1976,-2332,-2278,-2214,-3546,-4603,-3306,-2477,-2206,-2756,-3084,-3367,-4190,-3512,-2146,-891,-2661,-3594,-3388,-2520,-1944,-2612,-2824,-3943,-4580,-4798,-4487,-3800,-4440,-4330,-2241,-3633,-6119,-4794,-3566,-3986,-4210,-4171,-2703,-1739,-2239,-2440,-3078,-2922,-2579,-1306,-2883,-2671,-2895,-4530,-4168,-4213,-3132,-4349,-4073,-3194,-3594,-4098,-5272,-4226,-3023,-4071,-4236,-3627,-4771,-3259,-4598,-5571,-6035,-3883,-5258,-4811,-3230,-2878,-3408,-4364,-3599,-4275,-2907,-1881,-2665,-3055,-2965,-2466,-3317,-3838,-3696,-3395,-3971,-4252,-4288,-3106,-3773,-3748,-2417,-3114,-3405,-4338,-3673,-698,-809,-1553,-2310,-4006,-4265,-4671,-4545,-5489,-4439,-3297,-1790,-1464,-1603,-1796,-1444,-2304,-4120,-3778,-1981,-2110,-2454,-3503,-3001,-4487,-5082,-5366,-4840,-4872,-4936,-6039,-5046,-4733,-5192,-4964,-5293,-5947,-5308,-5890,-3610,-4207,-2767,-3367,-3266,-4152,-4456,-5122,-3650,-2832,-1899,-1471,-2163,-2198,-2749,-2635,-2881,-4934,-5903,-6269,-7189,-6805,-4093,-4328,-3971,-4481,-3621,-4211,-3484,-2461,-2238,-2662,-2672,-912,-1440,-1608,-1640,-1683,-1715,-1746,-3749,-3357,-2703,-1859,-859,-2903,-1710,-2018,-1056,-2391,-4574,-6037,-6926,-6098,-5825,-5106,-3099,-2728,-3737,-3946,-3405,-3119,-1220,-1509,-3617,-3189,-1551,-348,-1192,-1632,-608,-374,-555,404,1700,910,275,635,-208,-373,-1518,-2167,-3398,-2671,-1166,-655,-195,774,2591,2669,3222,4009,4761,3530,3298,4305,4391,4301,2908,2601,-58,-317,-3478,-5711,-5924,-5113,-5036,-5332,-4822,-4646,-3684,-3821,-5121,-6415,-5997,-4643,-3848,-3555,-4798,-5008,-4459,-4967,-5340,-4963,-3851,-4267,-3008,-3541,-5531,-5411,-5237,-5517,-5321,-6862,-6831,-5449,-5008
97,207.0400000000000205,-2794,-1826,-2492,-2422,-2667,-3361,-4080,-4363,-5754,-6220,-5396,-4816,-4842,-3610,-2699,-2143,-1731,-1262,-1754,-1810,-1927,-2384,-2343,-2092,-2951,-4124,-3304,-2526,-2430,-3017,-3544,-3533,-3515,-2694,-2491,-1234,-1999,-3372,-3314,-2099,-1460,-2262,-2389,-3084,-3820,-4231,-4245,-4186,-4375,-4491,-3017,-3335,-6219,-5316,-3773,-3970,-3917,-4338,-3588,-2723,-2874,-2198,-2455,-2557,-2803,-1261,-2420,-2393,-2831,-4211,-4003,-4267,-3296,-5017,-4622,-3220,-3441,-4144,-5314,-4677,-3221,-4384,-4654,-3692,-4484,-3313,-4583,-5813,-6477,-4105,-5053,-4834,-3679,-3245,-3119,-4404,-4018,-4851,-3685,-2743,-3255,-3252,-3252,-3126,-3765,-4071,-4211,-3487,-3980,-4621,-4870,-3607,-3613,-3175,-2215,-3196,-2575,-3364,-3437,-1499,-1337,-2084,-2994,-4175,-4529,-5411,-5080,-5509,-4813,-4054,-2570,-1791,-1538,-2053,-2064,-2972,-4393,-4731,-3346,-3362,-2591,-3613,-3910,-5535,-5408,-5207,-4656,-4236,-3835,-5072,-4098,-3121,-3807,-4234,-4141,-4251,-3469,-4183,-2248,-1937,-1150,-1969,-1878,-2144,-2329,-2915,-1938,-911,-144,350,202,458,-502,-116,-530,-2768,-3209,-2866,-4413,-4303,-1560,-2114,-2170,-2747,-1901,-2050,-1338,-627,-525,-1091,-1622,-435,-804,-1275,-1338,-1072,-200,-111,-2655,-2970,-2348,-1297,-250,-2215,-1633,-1374,-550,-996,-2551,-4202,-5173,-4117,-4491,-3294,-1423,-1551,-1949,-1931,-1846,-1261,308,10,-1840,-2308,-1473,-708,-953,-2052,-1446,-913,-919,-428,986,486,50,409,367,1025,0,-777,-1221,-497,464,929,1383,1953,3291,2441,2751,3469,4107,3002,2164,2635,2180,2213,894,113,-2851,-3634,-4986,-5953,-5191,-4129,-4193,-4367,-4116,-3696,-3007,-3031,-4513,-4898,-4454,-3728,-3438,-2741,-3698,-4456,-4002,-4384,-5136,-5589,-4086,-4182,-3053,-3658,-6479,-6919,-6485,-6267,-6381,-7533,-7016,-5434,-4286
98,210.2400000000000091,-2200,-1025,-1506,-1114,-1532,-2299,-3501,-3914,-5236,-5715,-5197,-4908,-4991,-4218,-2853,-2160,-2278,-1615,-1262,-1516,-1925,-2213,-2341,-1976,-2496,-3311,-3196,-2555,-2533,-3075,-3783,-3692,-2887,-2017,-2534,-1634,-1629,-2826,-3142,-1952,-1229,-1857,-1959,-2305,-3241,-3681,-3704,-4398,-4248,-4187,-3520,-2815,-5528,-5487,-3918,-3825,-3671,-4260,-4174,-3885,-3731,-2586,-2079,-2199,-2796,-1537,-2148,-2657,-3112,-3880,-3594,-4339,-3639,-5488,-4922,-3523,-3217,-3923,-5025,-4752,-3373,-4281,-4780,-3619,-4059,-3116,-4036,-5524,-6398,-3990,-4668,-4666,-3788,-3719,-3029,-4255,-4564,-5548,-4430,-3455,-3962,-3442,-3693,-3792,-4216,-4138,-4431,-3576,-3950,-4791,-5221,-4009,-3491,-2912,-2296,-3295,-1974,-2532,-3150,-2360,-2199,-2714,-3501,-4245,-4790,-5721,-5436,-5317,-4863,-4597,-3410,-2540,-1814,-2421,-2880,-3755,-4696,-5220,-4487,-4430,-2937,-3570,-4440,-6485,-5593,-4897,-4451,-3533,-2818,-3769,-2847,-1711,-2410,-3188,-2894,-2614,-1832,-2704,-1182,-288,-67,-1084,-741,-515,-517,-1064,-629,284,930,1136,1326,1682,1028,1512,1005,-630,-615,135,-1387,-1493,716,-66,-503,-1507,-557,-640,-82,405,92,-534,-1282,-787,-1189,-1614,-1765,-1303,266,434,-1918,-2723,-2386,-989,-105,-1558,-1681,-1251,-513,-206,-1088,-2465,-3562,-2193,-2730,-1409,-257,-363,-570,-395,-1035,-404,589,344,-1003,-1870,-1966,-1809,-1443,-2539,-2321,-1847,-1476,-1235,145,-115,-438,-195,317,1409,844,230,609,1155,1333,1638,2116,2081,2451,1167,1050,1794,2392,1401,614,300,-626,-295,-1180,-2154,-4894,-5740,-5556,-5111,-4058,-3363,-3462,-3458,-3201,-3066,-2710,-2884,-3714,-3443,-3355,-3296,-3426,-2495,-2867,-3661,-3545,-3864,-4799,-5703,-4431,-4195,-3158,-3798,-6519,-7496,-6976,-6519,-6809,-7294,-6459,-4976,-3627
99,213.4400000000000261,-2012,-714,-685,-204,-659,-1528,-2847,-3303,-4438,-4859,-4694,-4814,-5290,-4426,-3052,-2066,-2719,-2171,-1072,-1427,-2021,-2105,-2388,-2026,-2242,-2576,-2986,-2878,-2697,-2999,-3762,-3656,-2637,-1727,-2329,-1831,-1429,-2000,-2782,-2143,-1443,-1673,-1621,-1813,-2800,-3211,-3074,-4126,-4025,-3626,-3584,-2347,-4259,-5396,-4009,-3629,-3478,-3980,-4141,-4483,-4266,-3212,-2142,-1873,-2721,-1950,-2096,-2857,-3574,-3667,-3105,-4347,-3918,-5408,-4801,-3848,-3019,-3477,-4580,-4591,-3450,-3912,-4695,-3510,-3785,-2871,-3411,-4800,-5946,-3639,-4216,-4281,-3529,-3923,-3142,-3902,-4931,-6001,-4964,-3762,-4424,-3622,-4001,-4190,-4534,-4104,-4433,-3706,-3972,-4794,-5217,-4254,-3593,-3116,-2623,-3313,-1841,-2060,-3061,-3098,-3128,-3277,-3691,-4226,-4961,-5645,-5517,-5148,-4617,-4723,-4090,-3432,-2378,-2640,-3654,-4473,-5068,-5224,-5134,-5048,-3460,-3427,-4497,-7011,-5570,-4404,-3964,-2966,-1949,-2453,-1495,-615,-1140,-2006,-1775,-1327,-834,-1402,-486,520,448,-563,-27,714,770,230,281,978,1318,1184,1527,1673,1383,1791,1105,345,771,1679,805,524,1972,1148,365,-1024,-85,-329,-121,311,-219,-810,-1394,-1179,-2029,-2198,-2329,-1957,-176,-28,-1606,-2575,-2528,-916,-206,-1255,-1667,-1505,-827,-260,-410,-1066,-2416,-1008,-1119,-73,387,224,-69,106,-960,-573,-165,-443,-1287,-1963,-2591,-3033,-2169,-2823,-3076,-2968,-2134,-1790,-576,-699,-950,-742,32,1085,948,907,1667,1975,1231,1443,1833,1318,764,-609,-1147,-134,221,-548,-1088,-1871,-3095,-2340,-2574,-3507,-5648,-6450,-5394,-3933,-3027,-2909,-2858,-2740,-2535,-2699,-2668,-3149,-3069,-2372,-2888,-3233,-3521,-2558,-2434,-3347,-3232,-3512,-4417,-5338,-4636,-4208,-3358,-4078,-5816,-7030,-6913,-6273,-6460,-6623,-5508,-4378,-3164
100,216.6400000000000148,-2205,-841,-672,145,-240,-1065,-2226,-2741,-3522,-3826,-3987,-4547,-4385,-4399,-3573,-2087,-3039,-2712,-1288,-1557,-2196,-2203,-2476,-2292,-2249,-2262,-2845,-3303,-3041,-3044,-3592,-3507,-2826,-1790,-2055,-1831,-1380,-1275,-2372,-2622,-2090,-1888,-1595,-1723,-2587,-2881,-2534,-3377,-3579,-2909,-3298,-2043,-2914,-5027,-4124,-3432,-3297,-3637,-3593,-4263,-4250,-3648,-2452,-1662,-2579,-2289,-2186,-2771,-3955,-3580,-2740,-4233,-3902,-4736,-4284,-3952,-2856,-2818,-4065,-4466,-3461,-3452,-4368,-3369,-3671,-2702,-2916,-3981,-5353,-3265,-3876,-3905,-3041,-3742,-3299,-3498,-4815,-5992,-5176,-3903,-4570,-3804,-4192,-4296,-4651,-4053,-4284,-3762,-4006,-4667,-4898,-4326,-3935,-3797,-3145,-3352,-2151,-2037,-3145,-3613,-3944,-3643,-3605,-4182,-4927,-5414,-5379,-5207,-4233,-4535,-4559,-4186,-3055,-2896,-4147,-5078,-5449,-5066,-5340,-5155,-3921,-3311,-4002,-6960,-5284,-3782,-3388,-2317,-1088,-1098,-109,181,-32,-946,-800,-452,-372,-442,-76,727,641,12,448,1523,1484,994,1092,1201,1312,934,1297,1076,868,962,238,41,660,1405,1694,1481,1940,1312,324,-1083,-511,-863,-1075,-622,-1212,-1522,-1837,-1613,-2863,-2603,-2758,-2621,-1167,-945,-1774,-2605,-2680,-988,-388,-1301,-1466,-1853,-1255,-1029,-789,-541,-1949,-760,-158,498,646,636,-233,-368,-1264,-1439,-1521,-1911,-2387,-2451,-3014,-4019,-2942,-2991,-3677,-4018,-2769,-2037,-1188,-1231,-1326,-904,-339,535,486,1234,1864,1791,434,535,738,-2,-965,-2256,-2802,-1867,-1719,-2203,-2613,-3482,-4640,-3656,-3194,-3987,-5373,-6033,-4819,-2787,-2303,-2594,-2461,-2219,-2082,-2544,-3037,-3481,-2382,-1744,-2700,-3349,-3501,-2609,-2107,-2812,-2965,-3361,-3989,-4601,-4494,-4093,-3726,-4293,-4737,-5801,-6451,-5504,-5541,-5641,-4442,-3858,-3094
101,219.8400000000000318,-2539,-1272,-836,-172,-444,-994,-1937,-2410,-2788,-2896,-3267,-4135,-4961,-4508,-3652,-2297,-3100,-3030,-1870,-1871,-2357,-2429,-2724,-2656,-2547,-2443,-2842,-3768,-3558,-3334,-3390,-3456,-3389,-2108,-1892,-1734,-1505,-952,-2148,-3254,-2976,-2560,-1975,-2026,-2497,-2640,-2239,-2404,-2947,-2241,-2810,-2109,-1944,-4447,-4176,-3276,-3203,-3281,-2794,-3515,-3842,-3700,-2789,-1606,-2280,-2383,-2270,-3321,-3964,-3516,-2535,-4034,-3529,-3722,-3439,-3720,-2665,-2227,-3531,-4380,-3433,-2982,-3779,-3234,-3620,-2568,-2591,-3242,-4716,-2894,-3654,-3639,-2547,-3315,-3348,-3114,-4154,-5377,-4990,-3964,-4464,-3891,-4148,-4179,-4469,-3982,-4106,-3709,-4025,-4484,-4437,-4222,-4342,-4752,-3756,-3517,-2627,-2362,-3200,-3852,-4543,-3776,-3361,-4136,-4796,-5156,-5195,-5356,-4120,-4303,-4821,-4669,-3522,-3135,-4305,-5382,-5695,-4901,-5164,-4884,-4203,-3203,-3073,-6202,-4637,-2971,-2416,-1475,-105,267,1210,882,941,-11,31,7,-155,286,42,522,497,429,617,1793,1521,1166,1612,1144,1158,579,941,338,-5,-338,-730,-877,-454,-116,1178,1150,1026,752,-354,-1530,-1431,-1871,-2203,-1916,-2432,-2490,-2527,-2160,-3455,-3057,-3132,-3134,-2455,-2193,-2265,-2746,-2819,-1191,-570,-1543,-1261,-2029,-1672,-2096,-2015,-832,-2235,-1288,58,426,587,412,-945,-1295,-1704,-2496,-2925,-3581,-3790,-3098,-3299,-4595,-3676,-3093,-3875,-4628,-3302,-2182,-1559,-1498,-1334,-824,-572,-93,-208,1024,1328,728,-531,-755,-691,-1403,-2345,-3389,-3829,-3206,-3140,-3402,-3726,-4336,-5106,-4226,-3251,-3996,-4469,-4945,-4070,-1972,-1943,-2462,-2319,-2002,-2003,-2574,-3370,-3618,-2328,-1643,-2551,-3440,-3303,-2458,-1784,-2387,-2811,-3226,-3530,-3820,-3991,-3970,-4099,-4349,-3661,-4398,-5616,-4692,-4338,-4514,-3562,-3482,-3284
102,223.0400000000000205,-2879,-1810,-1548,-1034,-1087,-1265,-1994,-2378,-2440,-2352,-2702,-3725,-5131,-4759,-4057,-2636,-3021,-3090,-2527,-2198,-2505,-2716,-3055,-3052,-3104,-3036,-2954,-3919,-4083,-3812,-3236,-3495,-3974,-2537,-1887,-1699,-1871,-1166,-2316,-3887,-3795,-3411,-2633,-2621,-2621,-2546,-2153,-1606,-2144,-1764,-2319,-2356,-1693,-3728,-4141,-3315,-3161,-3019,-2088,-2650,-3322,-3439,-3007,-1760,-1940,-2090,-2225,-2877,-3545,-3395,-2466,-3714,-2902,-2714,-2514,-3225,-2475,-1828,-3045,-4182,-3368,-2607,-3061,-3002,-3504,-2381,-2383,-2642,-4100,-2645,-3459,-3464,-2157,-2825,-3230,-2845,-3203,-4401,-4262,-3916,-4288,-3779,-3870,-3889,-4036,-3795,-3919,-3531,-3893,-4233,-4002,-3952,-4637,-5616,-4339,-3803,-3152,-2792,-3270,-3862,-4852,-3820,-3194,-4118,-4626,-4924,-5102,-5432,-4139,-4183,-4815,-4793,-3667,-3206,-4163,-5219,-5775,-4813,-4650,-4405,-4201,-2819,-1902,-4745,-3571,-1972,-1137,-495,828,1383,2229,1380,1561,632,608,129,-95,531,-230,-197,-62,388,261,1391,850,666,1440,721,726,-67,49,-439,-850,-1407,-1600,-1854,-1936,-2000,-193,190,-93,-102,-1234,-2052,-2394,-2790,-3080,-3044,-3625,-3448,-3209,-2749,-3727,-3314,-3469,-3529,-3604,-3393,-2969,-3017,-3015,-1392,-828,-1832,-1195,-1969,-2011,-3105,-3251,-1753,-2913,-2251,-469,-215,136,-338,-1932,-2308,-2241,-3392,-4014,-5008,-4954,-3614,-3419,-4655,-4099,-3106,-3529,-4548,-3491,-2173,-1611,-1498,-1061,-686,-686,-582,-942,303,306,-802,-1498,-1945,-1978,-2532,-3191,-3910,-4208,-3886,-3893,-4186,-4320,-4541,-4797,-4157,-3081,-3626,-3444,-3692,-3193,-1647,-1985,-2450,-2408,-1957,-2094,-2660,-3319,-3396,-2227,-1754,-2352,-3245,-2941,-2216,-1628,-2105,-2814,-3326,-3133,-3191,-3356,-3861,-4331,-4343,-3127,-3252,-4536,-3687,-3235,-3389,-2903,-3340,-3762
103,226.2400000000000091,-3146,-2280,-2276,-2004,-1897,-1974,-2291,-2577,-2564,-2274,-2407,-3326,-4345,-3792,-3792,-2938,-2874,-2923,-3006,-2461,-2582,-2854,-3377,-3334,-3655,-3705,-3160,-4076,-4404,-4210,-3212,-3598,-4320,-3003,-1968,-1790,-2388,-1820,-2767,-4380,-4209,-4185,-3389,-3276,-2969,-2688,-2231,-1233,-1474,-1456,-2036,-2730,-2135,-3070,-4004,-3483,-3125,-2858,-1767,-2017,-2894,-3106,-3037,-2023,-1660,-1517,-2003,-2055,-2865,-3189,-2399,-3354,-2171,-1988,-1821,-2672,-2188,-1612,-2644,-3832,-3245,-2397,-2356,-2674,-3262,-2198,-2231,-2355,-3581,-2358,-3253,-3275,-1950,-2373,-2949,-2679,-2293,-3392,-3322,-3566,-3983,-3403,-3336,-3382,-3405,-3492,-3724,-3263,-3565,-3842,-3658,-3600,-4717,-6062,-4712,-4060,-3528,-3130,-3422,-3741,-4833,-3847,-3059,-4090,-4486,-4692,-4929,-5302,-4186,-4070,-4598,-4533,-3434,-3018,-3788,-4732,-5547,-4598,-3902,-3835,-3726,-2098,-617,-2767,-2244,-898,-54,518,1465,1957,2676,1453,1648,1029,667,-29,-435,60,-950,-1180,-988,-205,-674,379,-319,-471,570,-67,-39,-944,-987,-1315,-1614,-2119,-2322,-2614,-2940,-3478,-1698,-959,-904,-871,-1797,-2688,-3081,-3344,-3568,-3862,-4453,-4282,-3868,-3381,-3744,-3529,-3604,-3835,-4320,-4268,-3778,-3398,-3230,-1671,-1144,-2074,-1414,-1797,-2147,-3508,-4158,-2884,-3765,-3207,-1453,-1191,-836,-1436,-3093,-3298,-2934,-3944,-4629,-5745,-5582,-3791,-3259,-4190,-3973,-2956,-2824,-3896,-3284,-2133,-1455,-1297,-809,-665,-830,-1128,-1720,-962,-999,-2130,-2189,-2789,-2785,-3207,-3549,-3833,-4001,-3993,-3957,-4386,-4431,-4274,-4056,-3650,-2912,-2936,-2627,-2534,-2425,-1780,-2213,-2496,-2496,-1982,-2175,-2548,-3022,-2757,-2293,-1852,-2229,-2836,-2565,-2083,-1669,-2087,-2976,-3358,-2914,-2764,-3001,-3757,-4367,-4145,-3018,-2478,-3384,-2905,-2321,-2666,-2452,-3245,-4006
104,229.4400000000000261,-3243,-2555,-2989,-2842,-2686,-2657,-2638,-2848,-3020,-2607,-2384,-3037,-4151,-4107,-4009,-3132,-2813,-2742,-3196,-2586,-2563,-2891,-3517,-3396,-4000,-4195,-3418,-3994,-4526,-4384,-3274,-3622,-4303,-3367,-2171,-1969,-2963,-2746,-3413,-4554,-4239,-4624,-3965,-3765,-3496,-3055,-2461,-1330,-1096,-1335,-1983,-3020,-2973,-2652,-3675,-3725,-3125,-2825,-1828,-1845,-2684,-2836,-2908,-2200,-1528,-895,-1624,-1252,-2151,-2958,-2313,-2887,-1519,-1721,-1455,-2130,-1889,-1473,-2274,-3406,-3056,-2311,-1805,-2297,-3040,-2002,-2160,-2340,-3195,-2141,-3081,-3036,-1833,-2046,-2553,-2547,-1646,-2532,-2386,-2883,-3645,-2842,-2620,-2702,-2683,-3017,-3390,-2963,-3136,-3425,-3393,-3195,-4576,-5971,-4771,-4258,-3657,-3380,-3579,-3477,-4565,-3824,-2894,-3935,-4316,-4411,-4642,-4990,-4128,-3774,-4192,-3947,-2989,-2563,-3252,-4008,-5012,-4091,-3015,-3121,-2781,-1025,570,-756,-961,-32,606,1105,1568,1765,2463,940,1098,909,154,-836,-1255,-980,-1895,-2376,-2090,-1223,-1806,-952,-1683,-1846,-676,-1000,-1073,-1967,-2137,-2151,-2159,-2507,-2748,-3159,-3505,-4181,-2831,-1889,-1234,-1421,-1976,-3157,-3390,-3519,-3760,-4281,-4885,-4846,-4486,-3825,-3737,-3562,-3755,-3991,-4538,-4687,-4536,-3817,-3409,-2110,-1448,-2394,-1664,-1755,-2007,-3418,-4369,-3917,-4374,-3882,-2476,-2199,-2113,-2691,-4052,-4223,-3558,-3984,-4520,-5587,-5456,-3534,-2887,-3451,-3427,-2678,-2002,-2809,-2798,-1985,-1281,-1157,-788,-902,-1139,-1692,-2474,-2343,-2239,-2952,-2638,-3147,-3170,-3541,-3557,-3404,-3501,-3763,-3732,-4177,-4133,-3744,-3207,-2985,-2809,-2357,-2026,-1632,-1867,-2074,-2424,-2475,-2536,-2123,-2243,-2548,-2516,-2200,-2140,-1926,-2051,-2258,-2263,-2063,-1810,-2253,-3116,-3389,-2692,-2392,-2817,-3545,-4087,-3765,-3058,-2084,-2340,-2164,-1730,-2123,-2212,-3109,-4067
105,232.6400000000000148,-3245,-2627,-3009,-3332,-3142,-3162,-2910,-3075,-3580,-3137,-2569,-2847,-3671,-3935,-3696,-3135,-2758,-2610,-3054,-2554,-2501,-2765,-3391,-3212,-3972,-4344,-3622,-3837,-4272,-4297,-3376,-3569,-3998,-3578,-2477,-2232,-3450,-3668,-4032,-4420,-3975,-4627,-4226,-4030,-3979,-3566,-2839,-1814,-1165,-1434,-2100,-3206,-3854,-2576,-3258,-3896,-3183,-2953,-2179,-2087,-2691,-2715,-2723,-2215,-1527,-522,-1179,-1103,-1587,-2718,-2195,-2512,-1086,-1783,-1445,-1723,-1612,-1357,-2000,-3003,-2829,-2314,-1516,-1942,-2872,-1789,-2078,-2490,-3055,-2053,-2977,-2805,-1756,-1842,-2106,-2384,-1314,-1998,-1572,-2039,-3192,-2293,-1880,-1774,-2020,-2432,-2855,-2607,-2626,-2944,-3133,-2792,-4224,-5445,-4583,-4314,-3576,-3531,-3587,-3101,-4110,-3648,-2616,-3509,-4061,-4028,-4169,-4555,-3889,-3376,-3545,-3175,-2370,-1901,-2538,-3165,-4255,-3316,-2126,-2248,-1638,177,1500,816,-56,314,647,1076,1145,866,1578,-47,43,205,-745,-1853,-2416,-2314,-2807,-3279,-2981,-2243,-2878,-2071,-2777,-3056,-1917,-1937,-2017,-2713,-3010,-2815,-2461,-2481,-2740,-3380,-3656,-4083,-3289,-2514,-1274,-1610,-1898,-3281,-3461,-3556,-3791,-4419,-5005,-5247,-5097,-4109,-3837,-3571,-3738,-3981,-4389,-4636,-5051,-4147,-3478,-2504,-1705,-2615,-2072,-1997,-1817,-3111,-4084,-4173,-4696,-3978,-3118,-2979,-3187,-3632,-4656,-4687,-3754,-3484,-3720,-4708,-4691,-2937,-2419,-2820,-2706,-2294,-1274,-1799,-2275,-1839,-1247,-1246,-1089,-1393,-1629,-2172,-3099,-3437,-3141,-3300,-2800,-3115,-3214,-3582,-3453,-2919,-2844,-3366,-3388,-3654,-3511,-3060,-2482,-2341,-2646,-2002,-1729,-1116,-1613,-2384,-2825,-2484,-2598,-2378,-2303,-2582,-2268,-1799,-1987,-1999,-1822,-1819,-1977,-2097,-1927,-2396,-3052,-3261,-2450,-2017,-2737,-3328,-3594,-3262,-2984,-1916,-1558,-1581,-1428,-1866,-2158,-2951,-4064
106,235.8400000000000318,-3191,-2505,-2969,-3320,-3220,-3256,-3058,-3184,-4072,-3696,-2817,-2686,-2961,-2964,-3145,-3004,-2867,-2617,-2814,-2396,-2411,-2530,-3014,-2842,-3619,-4134,-3741,-3681,-3793,-4111,-3527,-3440,-3636,-3558,-2771,-2461,-3696,-4286,-4386,-3982,-3374,-4205,-4063,-4077,-4328,-4061,-3322,-2510,-1671,-1811,-2314,-3297,-4355,-2837,-2877,-3927,-3328,-3177,-2643,-2531,-2854,-2728,-2541,-2068,-1514,-448,-794,-606,-1210,-2494,-2085,-2281,-954,-2050,-1599,-1474,-1378,-1307,-1873,-2674,-2584,-2330,-1540,-1699,-2837,-1722,-2069,-2677,-3177,-2100,-3010,-2677,-1673,-1704,-1771,-2113,-1196,-1692,-1042,-1124,-2561,-1831,-1237,-904,-1482,-1849,-2146,-2194,-2125,-2487,-2838,-2467,-3735,-4665,-4168,-4218,-3395,-3536,-3369,-2641,-3500,-3339,-2288,-2976,-3669,-3519,-3581,-3957,-3364,-2849,-2684,-2333,-1717,-1176,-1617,-2258,-3319,-2316,-1250,-1352,-577,1015,1894,1576,311,143,115,329,208,-404,412,-1107,-1190,-882,-1724,-2948,-3492,-3371,-3344,-3797,-3416,-3081,-3421,-2825,-3401,-3912,-2967,-2668,-2495,-2994,-3367,-3058,-2527,-2222,-2252,-3275,-3363,-3515,-3209,-2717,-1256,-1531,-1943,-3361,-3467,-3631,-3829,-4382,-4873,-5467,-5659,-4274,-3875,-3635,-3785,-3861,-4071,-4209,-5167,-4309,-3578,-2740,-1768,-2674,-2242,-2328,-1802,-2680,-3691,-3955,-4352,-3580,-3251,-3399,-3686,-3926,-4486,-4334,-3328,-2619,-2392,-3432,-3605,-2339,-2042,-2486,-2192,-1906,-866,-1196,-1975,-1890,-1510,-1611,-1621,-2004,-2216,-2543,-3397,-4003,-3639,-3325,-2766,-2951,-3157,-3540,-3309,-2598,-2388,-2960,-2973,-3056,-2832,-2393,-1997,-2076,-2456,-1948,-1657,-1080,-1697,-2643,-3055,-2521,-2647,-2630,-2348,-2564,-2077,-1714,-1940,-2116,-1723,-1582,-1843,-2141,-2009,-2511,-2845,-2986,-2191,-1777,-2590,-2962,-2959,-2736,-2851,-1867,-1283,-1278,-1337,-2009,-2281,-2831,-3845
107,239.0400000000000205,-3176,-2360,-2801,-3068,-3019,-3219,-3083,-3219,-4295,-4094,-3097,-2635,-3073,-2877,-2703,-2800,-3027,-2726,-2582,-2247,-2303,-2277,-2556,-2440,-3105,-3694,-3643,-3724,-3297,-3833,-3609,-3304,-3329,-3441,-2959,-2576,-3678,-4455,-4373,-3405,-2740,-3528,-3597,-3957,-4404,-4396,-3794,-3259,-2469,-2186,-2531,-3269,-4323,-3219,-2576,-3710,-3605,-3441,-3033,-2947,-3015,-2785,-2430,-1902,-1614,-678,-650,-645,-1108,-2361,-2004,-2283,-1091,-2287,-1763,-1426,-1242,-1382,-1901,-2505,-2436,-2402,-1796,-1649,-2890,-1831,-2166,-2887,-3429,-2233,-3213,-2713,-1607,-1623,-1607,-1880,-1205,-1556,-842,-434,-1925,-1488,-841,-347,-1135,-1443,-1545,-1816,-1807,-2163,-2553,-2244,-3238,-3841,-3649,-3967,-3215,-3353,-2981,-2168,-2853,-2881,-1998,-2473,-3177,-2865,-2862,-3264,-2736,-2184,-1787,-1541,-986,-447,-686,-1348,-2350,-1388,-623,-661,65,1140,1666,1530,78,-475,-797,-766,-876,-1544,-707,-1822,-2181,-1898,-2506,-3640,-4061,-3876,-3473,-3802,-3396,-3406,-3489,-3089,-3629,-4230,-3536,-3032,-2496,-2788,-3140,-2905,-2474,-1726,-1643,-2882,-3028,-2974,-2913,-2603,-1352,-1463,-2045,-3397,-3487,-3796,-3858,-4216,-4608,-5539,-5939,-4286,-3947,-3708,-3779,-3675,-3649,-3694,-4873,-4405,-3691,-2866,-1793,-2452,-2170,-2585,-2063,-2643,-3468,-3313,-3772,-3024,-3007,-3304,-3417,-3579,-3525,-3281,-2512,-1827,-1248,-2300,-2744,-2075,-1822,-2327,-1961,-1597,-876,-1203,-2015,-2115,-1906,-2059,-2130,-2443,-2713,-2785,-3393,-3982,-3748,-3206,-2823,-2787,-3079,-3463,-3252,-2467,-2225,-2718,-2604,-2601,-2411,-2070,-1913,-2128,-2369,-2176,-1931,-1341,-1944,-2783,-3115,-2431,-2505,-2692,-2260,-2370,-1901,-1721,-1806,-2194,-1723,-1752,-1909,-2176,-2073,-2581,-2561,-2629,-2005,-1728,-2400,-2712,-2420,-2379,-2722,-1968,-1430,-1329,-1516,-2229,-2414,-2803,-3542
108,242.2400000000000091,-3224,-2235,-2590,-2525,-2667,-3008,-3030,-3191,-4289,-4268,-3353,-2641,-2019,-2355,-2388,-2612,-3163,-2846,-2430,-2098,-2164,-2007,-2117,-2014,-2573,-3175,-3332,-3442,-2874,-3477,-3532,-3143,-3121,-3215,-3003,-2536,-3441,-4200,-4022,-2789,-2047,-2758,-2964,-3721,-4309,-4461,-4062,-3896,-3280,-2739,-2702,-3078,-3899,-3517,-2479,-3314,-3872,-3709,-3303,-3198,-3102,-2822,-2377,-1741,-1789,-1116,-826,-1145,-1247,-2316,-1964,-2428,-1406,-2500,-1836,-1537,-1214,-1590,-2096,-2465,-2330,-2465,-2190,-1768,-2958,-2044,-2285,-3089,-3767,-2412,-3496,-2912,-1629,-1607,-1550,-1705,-1352,-1567,-920,-129,-1394,-1249,-670,-171,-1062,-1281,-1175,-1528,-1699,-1955,-2303,-2084,-2770,-3148,-3086,-3587,-3031,-2981,-2445,-1746,-2361,-2361,-1727,-1991,-2513,-2213,-2245,-2619,-2071,-1568,-1009,-910,-322,99,92,-658,-1498,-851,-331,-328,157,582,941,866,-589,-1239,-1548,-1780,-1747,-2273,-1423,-2072,-2577,-2528,-2919,-3843,-4054,-3893,-3348,-3610,-3272,-3607,-3388,-3193,-3679,-4277,-3822,-3119,-2282,-2365,-2674,-2539,-2414,-1531,-1233,-2366,-2743,-2704,-2724,-2468,-1579,-1591,-2235,-3504,-3514,-3942,-3865,-3932,-4353,-5449,-5952,-4220,-4025,-3626,-3718,-3474,-3343,-3257,-4351,-4178,-3800,-2823,-1759,-2179,-1903,-2617,-2362,-2795,-3440,-2868,-3264,-2549,-2587,-2880,-2609,-2583,-2287,-2072,-1723,-1437,-713,-1571,-2367,-2142,-1759,-2142,-1895,-1525,-1239,-1765,-2403,-2426,-2278,-2385,-2431,-2688,-3057,-2917,-3188,-3630,-3729,-3191,-2926,-2754,-2912,-3257,-3056,-2389,-2180,-2477,-2252,-2292,-2228,-2085,-2256,-2432,-2502,-2489,-2170,-1571,-2116,-2630,-2765,-2140,-2213,-2504,-2055,-2085,-1688,-1746,-1751,-2002,-1714,-2030,-2052,-2169,-2094,-2402,-2295,-2270,-1935,-1871,-2216,-2515,-1993,-2180,-2681,-2174,-1788,-1626,-1682,-2505,-2500,-2761,-3216
109,245.4400000000000261,-3295,-2200,-2279,-2075,-2316,-2632,-2936,-3133,-4110,-4218,-3482,-2721,-2269,-2311,-2245,-2474,-3193,-2915,-2358,-1993,-1956,-1750,-1791,-1713,-2083,-2621,-2863,-3033,-2506,-3029,-3240,-2975,-3029,-2958,-2900,-2397,-3046,-3603,-3405,-2237,-1503,-2057,-2358,-3370,-4053,-4340,-4105,-4309,-4007,-3203,-2838,-2796,-3335,-3664,-2583,-2975,-4090,-4006,-3384,-3259,-3132,-2877,-2409,-1721,-2024,-1635,-1286,-1583,-1558,-2363,-2017,-2724,-1835,-2674,-1897,-1708,-1331,-1849,-2338,-2496,-2307,-2575,-2592,-2008,-2969,-2279,-2399,-3190,-4024,-2626,-3758,-3096,-1721,-1656,-1614,-1679,-1586,-1730,-1221,-205,-1079,-1097,-710,-336,-1215,-1324,-1084,-1402,-1707,-1871,-2150,-1946,-2469,-2689,-2571,-3196,-2734,-2541,-2004,-1379,-1926,-1803,-1418,-1559,-1787,-1726,-1890,-2193,-1612,-1088,-524,-551,110,373,585,-206,-891,-725,-357,-383,-235,-404,-74,-171,-1407,-1880,-2143,-2290,-2260,-2568,-1740,-2027,-2444,-2719,-3016,-3611,-3696,-3707,-3175,-3451,-3296,-3781,-3317,-3312,-3624,-4121,-3911,-3022,-2031,-1909,-2007,-2155,-2369,-1570,-1203,-1972,-2593,-2701,-2620,-2323,-1795,-1925,-2417,-3651,-3547,-4085,-3817,-3654,-4105,-5303,-5704,-4072,-4070,-3533,-3665,-3280,-3095,-2870,-3821,-4001,-3856,-2799,-1763,-1866,-1543,-2463,-2533,-3191,-3614,-2748,-3125,-2216,-2174,-2419,-1737,-1598,-1309,-1226,-1361,-1534,-967,-1311,-2395,-2348,-1772,-1983,-1958,-1775,-1827,-2550,-2900,-2702,-2561,-2534,-2437,-2706,-3254,-3041,-3007,-3225,-3597,-3208,-2952,-2609,-2635,-2887,-2640,-2234,-2096,-2064,-1816,-1911,-2040,-2183,-2617,-2692,-2512,-2497,-2280,-1702,-2099,-2216,-2243,-1843,-1930,-2292,-1714,-1859,-1599,-1715,-1477,-1630,-1615,-2203,-2226,-2160,-1987,-2126,-2108,-1958,-1921,-2035,-2071,-2258,-1733,-2100,-2730,-2308,-2077,-2046,-1764,-2608,-2595,-2711,-2966
110,248.6400000000000148,-3397,-2237,-1953,-1747,-1938,-2387,-2832,-3071,-3849,-3965,-3442,-2798,-2494,-2332,-2326,-2340,-3139,-2829,-2337,-1908,-1731,-1545,-1576,-1495,-1719,-2100,-2283,-2497,-2246,-2555,-2834,-2777,-2958,-2720,-2645,-2224,-2659,-2892,-2740,-1839,-1185,-1617,-1978,-3056,-3770,-4103,-3865,-4407,-4529,-3609,-2967,-2561,-2924,-3659,-2833,-2832,-4142,-4222,-3404,-3200,-3154,-2951,-2550,-1937,-2314,-2146,-1883,-2014,-1984,-2517,-2129,-3113,-2300,-2839,-2000,-1894,-1515,-2000,-2493,-2550,-2267,-2589,-2835,-2178,-2897,-2384,-2470,-3129,-4076,-2749,-3865,-3241,-1851,-1764,-1711,-1774,-1873,-2002,-1605,-557,-967,-1056,-916,-644,-1528,-1483,-1191,-1375,-1817,-1922,-2122,-1841,-2280,-2442,-2188,-2884,-2421,-2141,-1685,-1054,-1523,-1222,-1056,-1234,-1206,-1505,-1831,-1970,-1389,-907,-385,-463,290,355,578,-118,-707,-976,-666,-779,-895,-1489,-1092,-1268,-2127,-2293,-2292,-2409,-2396,-2595,-1939,-1928,-2133,-2677,-2989,-3335,-3274,-3511,-3076,-3557,-3443,-3826,-3246,-3334,-3456,-3830,-3787,-2826,-1860,-1569,-1476,-1851,-2306,-1772,-1471,-1872,-2477,-2872,-2699,-2300,-1927,-2250,-2624,-3816,-3634,-4168,-3870,-3483,-3917,-5018,-5305,-3976,-4113,-3568,-3673,-3156,-2943,-2639,-3416,-3712,-3825,-2836,-1794,-1769,-1200,-2071,-2522,-3379,-3654,-2931,-3287,-2248,-1956,-2069,-1203,-937,-937,-983,-1401,-1916,-1465,-1500,-2631,-2608,-1867,-2027,-2144,-2179,-2456,-3252,-3339,-2776,-2609,-2501,-2247,-2641,-3327,-3145,-2871,-2951,-3348,-3150,-2808,-2361,-2190,-2355,-2117,-2034,-1916,-1554,-1252,-1504,-1746,-2133,-2649,-2550,-2234,-2169,-2171,-1729,-1891,-1651,-1721,-1621,-1729,-2041,-1670,-1791,-1493,-1802,-1345,-1253,-1437,-2187,-2353,-1997,-1728,-2010,-1954,-1784,-1970,-2093,-1951,-2049,-1618,-2032,-2699,-2471,-2310,-2300,-1888,-2566,-2568,-2582,-2820
111,251.8400000000000318,-3469,-2321,-1908,-1598,-1706,-2088,-2724,-2965,-3604,-3590,-3239,-2824,-2564,-2146,-2276,-2244,-2856,-2635,-2291,-1804,-1573,-1427,-1463,-1384,-1506,-1730,-1777,-2021,-1994,-2088,-2385,-2538,-2854,-2406,-2314,-2059,-2394,-2267,-2202,-1729,-1203,-1495,-1834,-2837,-3522,-3834,-3531,-4219,-4769,-3902,-3145,-2534,-2789,-3545,-3109,-2875,-3945,-4375,-3400,-3149,-3245,-3042,-2788,-2251,-2659,-2492,-2443,-2424,-2426,-2776,-2346,-3473,-2747,-3048,-2150,-2010,-1638,-1976,-2498,-2589,-2207,-2544,-2858,-2222,-2702,-2287,-2452,-2939,-3957,-2745,-3777,-3257,-1979,-1910,-1796,-1946,-2090,-2295,-2021,-1054,-1095,-1111,-1144,-1055,-1814,-1668,-1360,-1481,-1906,-2033,-2193,-1769,-2176,-2401,-2007,-2613,-2101,-1838,-1489,-790,-1166,-784,-700,-1070,-978,-1560,-1948,-1876,-1378,-1045,-510,-590,131,88,201,-408,-934,-1450,-1132,-1381,-1688,-2354,-1868,-2228,-2654,-2434,-2259,-2275,-2290,-2552,-2058,-1968,-1862,-2577,-2995,-3200,-3089,-3538,-2974,-3620,-3468,-3804,-3187,-3220,-3183,-3494,-3452,-2658,-1729,-1395,-1226,-1676,-2249,-2064,-1867,-2017,-2517,-3055,-2835,-2488,-2010,-2582,-2949,-3960,-3699,-4197,-3938,-3414,-3786,-4674,-4924,-3854,-4142,-3631,-3755,-3119,-2854,-2511,-3224,-3473,-3697,-2837,-1914,-1823,-1048,-1685,-2290,-3345,-3620,-3244,-3537,-2527,-1922,-1873,-1124,-835,-1176,-1201,-1659,-2311,-2015,-1933,-2842,-2786,-2064,-2270,-2410,-2621,-2965,-3677,-3569,-2676,-2449,-2393,-1948,-2459,-3307,-3177,-2741,-2684,-3000,-2873,-2457,-1997,-1782,-1803,-1630,-1835,-1692,-1110,-705,-1088,-1444,-1903,-2404,-2173,-1784,-1726,-1963,-1638,-1634,-1176,-1308,-1588,-1684,-1872,-1568,-1776,-1599,-1888,-1099,-1029,-1319,-2142,-2413,-1810,-1537,-1830,-1833,-1846,-1993,-2184,-1858,-2020,-1711,-2045,-2603,-2594,-2511,-2461,-1809,-2419,-2491,-2454,-2620
112,255.0400000000000205,-3529,-2404,-2223,-1583,-1534,-1923,-2604,-2835,-3291,-3191,-2917,-2778,-3096,-2406,-2434,-2103,-2626,-2325,-2156,-1715,-1464,-1372,-1449,-1421,-1456,-1579,-1401,-1679,-1839,-1798,-1992,-2287,-2665,-2075,-1943,-1880,-2273,-1837,-1917,-1820,-1457,-1638,-1908,-2730,-3334,-3586,-3214,-3812,-4665,-4110,-3381,-2793,-2926,-3518,-3391,-3076,-3670,-4329,-3452,-3162,-3367,-3193,-3060,-2642,-2960,-2738,-2872,-2931,-2799,-3080,-2619,-3768,-3111,-3256,-2330,-2083,-1670,-1759,-2382,-2579,-2084,-2354,-2664,-2087,-2431,-2050,-2392,-2723,-3721,-2616,-3531,-3146,-2029,-2024,-1892,-2068,-2217,-2474,-2306,-1492,-1303,-1248,-1373,-1439,-2068,-1825,-1554,-1645,-1992,-2159,-2330,-1714,-2133,-2462,-1976,-2395,-1798,-1606,-1384,-609,-908,-530,-468,-1085,-1109,-1768,-2101,-1877,-1510,-1316,-861,-891,-171,-399,-358,-968,-1441,-1991,-1664,-2015,-2345,-2837,-2321,-2958,-2978,-2456,-2155,-2083,-2106,-2517,-2146,-2086,-1796,-2470,-3037,-3246,-3027,-3381,-2822,-3551,-3241,-3621,-3025,-2929,-2879,-3222,-3106,-2454,-1699,-1377,-1267,-1677,-2235,-2356,-2251,-2339,-2633,-3119,-3036,-2758,-2102,-2683,-3233,-4122,-3669,-4165,-3958,-3438,-3686,-4329,-4471,-3737,-4190,-3756,-3887,-3195,-2821,-2501,-3212,-3385,-3517,-2833,-2032,-2109,-1096,-1416,-1898,-3003,-3495,-3420,-3797,-2849,-1997,-1803,-1242,-1197,-1748,-1651,-1941,-2509,-2370,-2416,-3035,-2901,-2437,-2701,-2702,-2999,-3291,-3783,-3554,-2450,-2188,-2101,-1696,-2172,-3145,-3010,-2600,-2376,-2566,-2486,-2089,-1697,-1445,-1424,-1405,-1748,-1669,-836,-263,-781,-1186,-1581,-1991,-1656,-1367,-1237,-1708,-1615,-1460,-906,-1192,-1684,-1754,-1836,-1632,-1903,-1706,-1948,-1121,-952,-1266,-2094,-2358,-1695,-1426,-1727,-1772,-2013,-2121,-2214,-1878,-2054,-1817,-2075,-2499,-2642,-2650,-2453,-1887,-2355,-2419,-2335,-2705
113,258.2400000000000091,-3501,-2472,-1975,-1615,-1442,-1790,-2492,-2683,-3064,-2842,-2565,-2691,-2805,-2687,-2185,-1922,-2238,-2051,-1927,-1549,-1423,-1391,-1501,-1525,-1593,-1631,-1211,-1481,-1784,-1676,-1777,-2144,-2513,-1760,-1583,-1710,-2229,-1631,-1841,-2057,-1864,-1951,-2109,-2691,-3167,-3386,-2943,-3295,-4239,-4127,-3598,-3196,-3214,-3453,-3566,-3269,-3315,-4094,-3473,-3247,-3448,-3342,-3326,-2912,-3141,-2770,-3070,-3095,-3118,-3382,-2908,-3935,-3330,-3410,-2530,-2127,-1597,-1478,-2154,-2523,-1939,-2089,-2335,-1837,-2110,-1726,-2286,-2562,-3451,-2379,-3205,-2969,-2014,-2137,-1993,-2143,-2290,-2646,-2518,-1763,-1583,-1414,-1587,-1710,-2175,-1929,-1751,-1786,-2068,-2251,-2425,-1676,-2131,-2584,-2003,-2170,-1599,-1472,-1281,-533,-793,-529,-399,-1272,-1472,-2009,-2264,-2010,-1733,-1670,-1247,-1334,-669,-956,-904,-1682,-2071,-2493,-2073,-2499,-2704,-2824,-2401,-3420,-3167,-2487,-2043,-1948,-1939,-2446,-2153,-2197,-1877,-2330,-2964,-3240,-2979,-3272,-2758,-3293,-2941,-3314,-2909,-2650,-2645,-2991,-2823,-2273,-1697,-1527,-1498,-1826,-2234,-2547,-2525,-2633,-2772,-3094,-3089,-3042,-2150,-2694,-3396,-4106,-3473,-4027,-3888,-3482,-3615,-3981,-4079,-3504,-4067,-3849,-3985,-3295,-2789,-2554,-3326,-3396,-3323,-2784,-2160,-2485,-1374,-1390,-1515,-2515,-3282,-3473,-3989,-2994,-2096,-1798,-1468,-1707,-2314,-2108,-2070,-2486,-2419,-2857,-3239,-2958,-2856,-3123,-2991,-3178,-3345,-3601,-3273,-2186,-1909,-1802,-1487,-1832,-2792,-2706,-2368,-2051,-2189,-2092,-1787,-1517,-1260,-1242,-1346,-1701,-1634,-734,-65,-657,-1009,-1400,-1666,-1225,-1022,-992,-1506,-1606,-1407,-844,-1167,-1833,-1922,-1894,-1712,-2061,-1870,-1874,-1043,-1087,-1319,-2080,-2203,-1676,-1381,-1681,-1810,-2274,-2220,-2246,-1974,-2129,-1977,-2159,-2447,-2630,-2786,-2532,-2008,-2388,-2384,-2303,-2691
114,261.4399999999999977,-3425,-2464,-2250,-1762,-1461,-1683,-2407,-2575,-2920,-2623,-2286,-2571,-3281,-2814,-2193,-1684,-1874,-1722,-1598,-1383,-1399,-1411,-1632,-1693,-1826,-1842,-1231,-1461,-1844,-1807,-1800,-2133,-2403,-1467,-1309,-1485,-2155,-1624,-1908,-2321,-2244,-2267,-2303,-2668,-3036,-3254,-2779,-2815,-3607,-3870,-3724,-3506,-3504,-3458,-3597,-3392,-3046,-3685,-3380,-3311,-3483,-3423,-3460,-3106,-3168,-2648,-3033,-3060,-3340,-3657,-3148,-3962,-3373,-3450,-2666,-2125,-1461,-1209,-1916,-2438,-1810,-1835,-1990,-1588,-1844,-1467,-2166,-2515,-3259,-2155,-2884,-2742,-1934,-2166,-2111,-2209,-2296,-2762,-2435,-1880,-1836,-1567,-1702,-1840,-2175,-2000,-1966,-1945,-2117,-2393,-2429,-1661,-2153,-2717,-1992,-1920,-1482,-1401,-1232,-562,-877,-687,-461,-1497,-1871,-2227,-2452,-2282,-2009,-2033,-1730,-1817,-1187,-1425,-1493,-2365,-2628,-2778,-2356,-2699,-2705,-2474,-2229,-3621,-3245,-2478,-2088,-1877,-1814,-2335,-2125,-2260,-2025,-2159,-2810,-3168,-2886,-3166,-2721,-2987,-2689,-3159,-2843,-2414,-2480,-2775,-2526,-2115,-1674,-1654,-1742,-1993,-2235,-2631,-2572,-2798,-2843,-2973,-3108,-3231,-2174,-2487,-3268,-3950,-3212,-3822,-3730,-3437,-3446,-3658,-3679,-3202,-3860,-3826,-3984,-3339,-2788,-2630,-3472,-3446,-3167,-2611,-2303,-2850,-1792,-1523,-1199,-2042,-3092,-3387,-4026,-3099,-2187,-1781,-1661,-2027,-2680,-2470,-2114,-2293,-2311,-3188,-3411,-3014,-3246,-3517,-3240,-3167,-3117,-3190,-2899,-1969,-1633,-1574,-1341,-1514,-2377,-2356,-2068,-1759,-1889,-1846,-1621,-1384,-1133,-1232,-1441,-1714,-1600,-786,-178,-842,-1034,-1305,-1461,-1057,-968,-913,-1449,-1574,-1474,-1035,-1375,-1941,-2078,-2043,-1789,-2251,-1937,-1887,-1222,-1322,-1524,-2027,-2058,-1718,-1436,-1697,-1951,-2481,-2361,-2316,-2041,-2303,-2108,-2273,-2515,-2636,-2891,-2627,-2173,-2450,-2404,-2381,-2892
115,264.6400000000000432,-3317,-2389,-2448,-1854,-1552,-1713,-2367,-2516,-2877,-2553,-2157,-2520,-3097,-3012,-2042,-1440,-1556,-1487,-1503,-1263,-1391,-1516,-1791,-1845,-2106,-2140,-1463,-1624,-2022,-2072,-2034,-2199,-2365,-1394,-1194,-1317,-2008,-1697,-2018,-2526,-2481,-2496,-2445,-2621,-2903,-3108,-2691,-2492,-2970,-3408,-3686,-3696,-3688,-3460,-3463,-3379,-2878,-3232,-3178,-3246,-3382,-3440,-3436,-3092,-3038,-2443,-2833,-2710,-3476,-3769,-3300,-3876,-3277,-3329,-2687,-2138,-1340,-1079,-1724,-2327,-1731,-1713,-1746,-1465,-1751,-1267,-2030,-2527,-3158,-1958,-2646,-2532,-1863,-2133,-2205,-2278,-2253,-2807,-2340,-1885,-1980,-1737,-1754,-1856,-2172,-2042,-2127,-2088,-2157,-2430,-2362,-1651,-2219,-2772,-1974,-1741,-1446,-1413,-1207,-681,-1104,-956,-660,-1707,-2233,-2428,-2626,-2570,-2311,-2346,-2183,-2265,-1661,-1683,-1847,-2774,-3024,-2869,-2402,-2625,-2451,-1988,-1915,-3627,-3221,-2515,-2119,-1866,-1734,-2200,-2059,-2275,-2158,-2016,-2612,-3092,-2836,-3077,-2719,-2736,-2488,-3058,-2728,-2300,-2350,-2594,-2344,-1931,-1590,-1837,-1969,-2070,-2232,-2530,-2481,-2793,-2782,-2802,-2984,-3097,-2066,-2199,-2884,-3674,-3010,-3569,-3537,-3263,-3233,-3363,-3388,-2883,-3678,-3671,-3718,-3251,-2783,-2650,-3498,-3438,-3068,-2489,-2344,-3219,-2232,-1847,-1073,-1713,-2768,-3201,-3980,-3044,-2206,-1755,-1740,-2219,-2855,-2668,-2114,-2089,-2150,-3338,-3536,-3062,-3438,-3842,-3441,-2933,-2661,-2722,-2517,-1839,-1490,-1417,-1252,-1327,-2060,-2111,-1867,-1659,-1774,-1774,-1541,-1403,-1211,-1367,-1599,-1744,-1577,-960,-515,-1097,-1206,-1341,-1442,-1070,-940,-1023,-1478,-1517,-1506,-1243,-1578,-2030,-2243,-2158,-1944,-2276,-2098,-1854,-1549,-1663,-1781,-2054,-1992,-1669,-1564,-1873,-2134,-2660,-2495,-2366,-2138,-2499,-2235,-2364,-2604,-2655,-2949,-2688,-2407,-2588,-2438,-2555,-3072
116,267.8400000000000318,-3111,-2256,-2331,-1877,-1704,-2000,-2378,-2516,-2919,-2621,-2174,-2505,-3059,-3170,-1927,-1255,-1351,-1304,-1334,-1185,-1405,-1601,-1942,-2054,-2379,-2429,-1818,-1736,-2114,-2332,-2315,-2313,-2365,-1478,-1256,-1186,-1813,-1777,-2150,-2635,-2556,-2630,-2439,-2543,-2769,-2959,-2628,-2274,-2440,-2835,-3479,-3657,-3724,-3462,-3195,-3250,-2814,-2856,-2891,-3078,-3218,-3358,-3275,-2933,-2820,-2207,-2587,-2910,-3475,-3712,-3320,-3692,-3079,-3125,-2632,-2126,-1304,-1052,-1628,-2191,-1733,-1687,-1606,-1474,-1801,-1188,-1876,-2614,-3132,-1831,-2500,-2370,-1790,-2075,-2265,-2356,-2186,-2781,-2151,-1800,-2156,-1903,-1771,-1768,-2098,-2057,-2206,-2126,-2188,-2414,-2274,-1659,-2287,-2764,-1928,-1594,-1438,-1463,-1260,-855,-1361,-1191,-885,-1827,-2403,-2572,-2745,-2845,-2559,-2600,-2546,-2591,-2031,-1785,-2032,-2946,-3176,-2783,-2320,-2391,-2112,-1567,-1603,-3481,-3138,-2564,-2215,-1951,-1752,-2105,-1982,-2286,-2299,-2104,-2467,-2939,-2772,-3017,-2628,-2584,-2347,-2843,-2630,-2271,-2254,-2469,-2119,-1779,-1457,-1863,-2154,-2121,-2229,-2337,-2267,-2687,-2707,-2654,-2819,-2777,-1908,-1997,-2499,-3426,-2960,-3377,-3322,-3053,-3015,-3169,-3192,-2713,-3431,-3450,-3505,-3142,-2811,-2693,-3452,-3343,-2942,-2284,-2280,-3384,-2543,-2099,-1141,-1490,-2461,-2944,-3857,-2911,-2191,-1752,-1685,-2040,-2867,-2793,-2152,-1980,-2061,-3259,-3657,-3127,-3471,-3970,-3461,-2626,-2199,-2328,-2293,-1767,-1406,-1350,-1231,-1241,-1847,-1889,-1776,-1677,-1776,-1818,-1561,-1484,-1330,-1547,-1768,-1735,-1578,-1156,-930,-1436,-1459,-1442,-1546,-1211,-1098,-1184,-1511,-1490,-1589,-1446,-1855,-1960,-2277,-2235,-1997,-2309,-2125,-1940,-1775,-1948,-1989,-2121,-1922,-1725,-1628,-1923,-2313,-2749,-2543,-2412,-2324,-2594,-2315,-2457,-2634,-2553,-2804,-2757,-2485,-2641,-2454,-2665,-3217
117,271.0400000000000205,-2887,-2113,-2338,-2015,-1908,-2141,-2388,-2542,-3011,-2785,-2329,-2590,-3086,-2101,-2167,-1181,-1237,-1224,-1216,-1156,-1441,-1699,-2119,-2214,-2572,-2672,-2191,-2235,-2262,-2518,-2553,-2406,-2414,-1628,-1376,-1132,-1629,-1822,-2213,-2646,-2500,-2634,-2373,-2481,-2668,-2796,-2540,-2201,-2028,-2284,-3130,-3501,-3671,-3467,-2923,-3062,-2813,-2571,-2511,-2818,-3009,-3158,-2981,-2654,-2570,-1969,-2299,-2660,-3298,-3495,-3147,-3450,-2796,-2869,-2512,-2119,-1368,-1171,-1623,-2084,-1780,-1777,-1588,-1577,-1991,-1232,-1715,-2609,-3131,-1752,-2442,-2277,-1729,-2014,-2252,-2392,-2118,-2729,-2064,-1697,-2209,-2015,-1773,-1676,-2023,-2052,-2206,-2137,-2185,-2340,-2186,-1696,-2308,-2721,-1895,-1528,-1402,-1492,-1412,-1048,-1586,-1416,-1168,-1961,-2476,-2686,-2826,-3001,-2721,-2748,-2793,-2772,-2109,-1790,-2056,-2887,-3163,-2634,-2041,-2113,-1807,-1330,-1362,-3268,-3039,-2620,-2225,-2099,-1816,-2041,-1844,-2197,-2380,-2262,-2414,-2791,-2698,-2940,-2440,-2367,-2130,-2542,-2506,-2277,-2234,-2401,-2009,-1691,-1349,-1750,-2108,-2151,-2205,-2102,-2019,-2530,-2648,-2601,-2631,-2405,-1689,-1912,-2216,-3237,-3051,-3318,-3157,-2829,-2899,-3073,-3147,-2587,-3198,-3227,-3308,-3029,-2893,-2747,-3373,-3244,-2856,-2131,-2121,-3337,-2694,-2355,-1317,-1583,-2202,-2700,-3649,-2917,-2183,-1812,-1651,-1908,-2795,-2860,-2255,-1980,-2030,-3021,-3714,-3194,-3348,-3897,-3321,-2356,-1889,-2074,-2160,-1668,-1341,-1289,-1236,-1283,-1706,-1728,-1744,-1797,-1853,-1831,-1575,-1534,-1481,-1728,-1886,-1687,-1587,-1373,-1309,-1696,-1637,-1571,-1676,-1346,-1191,-1307,-1630,-1481,-1680,-1605,-1856,-1892,-2240,-2284,-2008,-2245,-2056,-1980,-2012,-2176,-2112,-2086,-1909,-1813,-1722,-2076,-2470,-2732,-2504,-2373,-2425,-2620,-2361,-2459,-2565,-2431,-2613,-2616,-2389,-2573,-2407,-2639,-3040
118,274.2400000000000091,-2652,-1962,-2167,-2038,-2090,-2136,-2441,-2549,-3089,-2987,-2562,-2734,-3119,-2877,-1967,-1254,-1163,-1193,-1180,-1199,-1509,-1780,-2221,-2290,-2698,-2809,-2437,-2350,-2340,-2540,-2625,-2426,-2468,-1811,-1492,-1106,-1495,-1835,-2271,-2523,-2267,-2530,-2220,-2394,-2639,-2670,-2436,-2155,-1824,-1953,-2733,-3237,-3545,-3399,-2673,-2768,-2764,-2373,-2146,-2466,-2758,-2871,-2626,-2364,-2321,-1773,-2032,-2292,-2953,-3127,-2825,-3160,-2490,-2638,-2393,-2157,-1508,-1380,-1730,-2082,-1872,-1895,-1649,-1698,-2238,-1389,-1617,-2570,-3129,-1739,-2405,-2209,-1657,-1899,-2171,-2386,-2066,-2666,-1951,-1594,-2229,-2070,-1757,-1543,-1898,-1960,-2077,-2068,-2160,-2221,-2144,-1719,-2265,-2632,-1804,-1509,-1405,-1452,-1549,-1197,-1722,-1549,-1444,-2043,-2499,-2779,-2880,-3123,-2753,-2789,-2929,-2794,-2051,-1710,-1932,-2692,-3051,-2441,-1844,-1891,-1673,-1307,-1288,-3068,-2959,-2663,-2388,-2258,-1886,-1970,-1623,-1962,-2299,-2388,-2386,-2569,-2608,-2844,-2244,-2203,-1956,-2336,-2400,-2310,-2248,-2383,-1968,-1675,-1318,-1834,-2082,-2195,-2213,-1926,-1759,-2387,-2666,-2625,-2464,-2085,-1478,-1820,-2168,-3224,-3206,-3362,-3055,-2733,-2839,-3107,-3203,-2527,-2994,-3061,-3167,-2914,-2928,-2816,-3305,-3113,-2818,-2017,-1912,-3096,-2687,-2456,-1600,-1792,-2336,-2477,-3501,-2923,-2241,-1927,-1549,-1766,-2633,-2897,-2434,-2073,-2024,-2773,-3646,-3172,-3097,-3564,-3113,-2250,-1729,-1964,-2025,-1538,-1234,-1309,-1248,-1353,-1653,-1646,-1753,-1952,-1940,-1842,-1585,-1581,-1612,-1865,-1950,-1613,-1582,-1536,-1574,-1860,-1844,-1676,-1766,-1506,-1316,-1449,-1784,-1513,-1775,-1761,-1929,-1870,-2075,-2101,-1871,-2033,-1931,-1947,-2077,-2203,-2117,-2040,-1876,-1759,-1671,-2093,-2409,-2595,-2367,-2195,-2337,-2485,-2261,-2321,-2335,-2146,-2267,-2369,-2204,-2463,-2241,-2472,-2737
119,277.4399999999999977,-2499,-1866,-2300,-2046,-2142,-2441,-2486,-2517,-3137,-3161,-2804,-2888,-3260,-2665,-2362,-1395,-1342,-1279,-1248,-1293,-1582,-1827,-2259,-2294,-2712,-2842,-2575,-2513,-2357,-2428,-2507,-2365,-2448,-1879,-1541,-1073,-1410,-1827,-2272,-2373,-2018,-2367,-2093,-2363,-2657,-2620,-2291,-2098,-1740,-1769,-2373,-2990,-3371,-3305,-2506,-2458,-2643,-2287,-1807,-2134,-2480,-2545,-2253,-2017,-2053,-1571,-1755,-1918,-2499,-2694,-2390,-2805,-2165,-2419,-2264,-2182,-1704,-1613,-1901,-2145,-1962,-1974,-1773,-1790,-2422,-1558,-1610,-2480,-3095,-1774,-2375,-2135,-1543,-1764,-2029,-2292,-1996,-2572,-1903,-1528,-2212,-2070,-1710,-1477,-1774,-1858,-1893,-1917,-2060,-2071,-2120,-1717,-2146,-2499,-1748,-1513,-1370,-1411,-1627,-1281,-1779,-1666,-1628,-2126,-2503,-2818,-2895,-3144,-2816,-2781,-2885,-2679,-1892,-1596,-1755,-2446,-2872,-2267,-1692,-1803,-1704,-1445,-1293,-2905,-2879,-2661,-2465,-2372,-1913,-1907,-1375,-1688,-2109,-2360,-2362,-2399,-2488,-2688,-2104,-2144,-1913,-2206,-2322,-2347,-2292,-2440,-1967,-1636,-1332,-1774,-2043,-2217,-2144,-1616,-1578,-2272,-2601,-2698,-2372,-1942,-1378,-1915,-2288,-3368,-3305,-3423,-2995,-2680,-2871,-3214,-3307,-2556,-2845,-2871,-2924,-2807,-2947,-2822,-3262,-3023,-2793,-1957,-1654,-2784,-2437,-2423,-1818,-2056,-2341,-2499,-3402,-2990,-2343,-2024,-1536,-1712,-2534,-2856,-2616,-2220,-2009,-2571,-3467,-3010,-2762,-3152,-2889,-2177,-1711,-1902,-1858,-1356,-1123,-1274,-1258,-1381,-1644,-1544,-1768,-2018,-1979,-1787,-1532,-1580,-1686,-1931,-1880,-1513,-1563,-1616,-1663,-1941,-1933,-1775,-1826,-1585,-1450,-1491,-1855,-1582,-1827,-1829,-1946,-1706,-1856,-1896,-1687,-1805,-1746,-1866,-1966,-2026,-1938,-1883,-1757,-1598,-1547,-2011,-2273,-2268,-2080,-1916,-2179,-2277,-1989,-2079,-2057,-1802,-1847,-1972,-1933,-2265,-2017,-2210,-2552
120,280.6400000000000432,-2358,-1802,-1972,-2036,-2168,-2309,-2426,-2464,-3115,-3228,-2964,-2987,-3456,-2971,-2350,-1599,-1538,-1408,-1354,-1387,-1634,-1883,-2239,-2206,-2633,-2791,-2587,-2523,-2370,-2258,-2326,-2298,-2398,-1913,-1542,-1071,-1415,-1792,-2246,-2199,-1771,-2180,-2012,-2334,-2673,-2632,-2191,-2007,-1747,-1661,-2076,-2682,-3153,-3126,-2354,-2185,-2459,-2223,-1563,-1814,-2200,-2245,-1914,-1609,-1732,-1317,-1481,-1571,-2006,-2254,-1926,-2462,-1883,-2277,-2162,-2211,-1891,-1819,-2090,-2280,-2029,-2066,-1898,-1829,-2507,-1703,-1646,-2351,-3027,-1794,-2332,-2036,-1412,-1633,-1867,-2134,-1914,-2444,-1808,-1504,-2176,-1966,-1659,-1397,-1632,-1696,-1653,-1747,-1920,-1940,-2092,-1663,-1942,-2335,-1687,-1550,-1350,-1394,-1645,-1311,-1807,-1707,-1693,-2181,-2492,-2812,-2898,-3117,-2779,-2667,-2706,-2456,-1763,-1466,-1625,-2214,-2711,-2181,-1675,-1868,-1859,-1689,-1381,-2743,-2791,-2593,-2497,-2405,-1889,-1806,-1126,-1366,-1804,-2235,-2307,-2325,-2382,-2549,-2092,-2273,-2026,-2259,-2346,-2343,-2329,-2381,-2033,-1642,-1380,-1723,-1957,-2163,-2022,-1464,-1470,-2182,-2681,-2781,-2327,-1946,-1383,-2021,-2493,-3476,-3294,-3459,-2970,-2675,-2941,-3361,-3458,-2607,-2756,-2689,-2746,-2710,-2890,-2785,-3204,-2902,-2811,-1987,-1491,-2420,-2112,-2331,-1944,-2254,-2418,-2380,-3237,-3091,-2505,-2144,-1631,-1768,-2395,-2721,-2703,-2350,-1961,-2399,-3157,-2766,-2360,-2694,-2653,-2227,-1767,-1870,-1735,-1213,-983,-1202,-1231,-1392,-1549,-1474,-1773,-1998,-1931,-1744,-1523,-1569,-1719,-1934,-1762,-1417,-1573,-1616,-1636,-1878,-1887,-1759,-1811,-1602,-1561,-1639,-1916,-1610,-1829,-1838,-1865,-1558,-1563,-1633,-1452,-1534,-1527,-1693,-1716,-1661,-1674,-1641,-1567,-1315,-1315,-1765,-2053,-1925,-1659,-1553,-1810,-1881,-1666,-1747,-1772,-1416,-1520,-1626,-1681,-2072,-1873,-1881,-2207
121,283.8400000000000318,-2301,-1768,-1641,-1962,-2093,-2228,-2363,-2372,-2991,-3189,-3008,-3032,-3030,-1737,-2580,-1823,-1776,-1603,-1462,-1469,-1658,-1870,-2158,-2095,-2469,-2686,-2505,-2557,-2329,-2111,-2116,-2230,-2414,-1925,-1501,-1088,-1482,-1791,-2209,-2073,-1589,-2001,-1927,-2357,-2740,-2697,-2191,-1953,-1779,-1629,-1838,-2350,-2890,-2875,-2211,-1979,-2204,-2161,-1422,-1568,-2006,-1948,-1623,-1238,-1398,-1085,-1215,-1269,-1573,-1845,-1515,-2133,-1625,-2242,-2083,-2227,-2025,-1962,-2286,-2399,-2059,-2125,-2013,-1877,-2496,-1810,-1734,-2226,-2940,-1844,-2307,-1939,-1274,-1501,-1707,-1941,-1787,-2260,-1791,-1517,-2103,-1799,-1559,-1342,-1516,-1551,-1491,-1511,-1747,-1819,-2068,-1577,-1685,-2149,-1621,-1610,-1415,-1399,-1621,-1318,-1857,-1766,-1708,-2187,-2460,-2748,-2870,-3047,-2629,-2508,-2441,-2238,-1625,-1396,-1540,-2036,-2578,-2154,-1759,-2026,-2053,-1896,-1474,-2587,-2660,-2445,-2433,-2261,-1767,-1719,-959,-1126,-1525,-2030,-2257,-2314,-2338,-2504,-2192,-2475,-2216,-2348,-2277,-2301,-2315,-2408,-2090,-1720,-1418,-1643,-1800,-1982,-1850,-1420,-1491,-2175,-2705,-2827,-2393,-2082,-1505,-2094,-2652,-3464,-3125,-3405,-2914,-2666,-2979,-3461,-3554,-2648,-2656,-2552,-2621,-2605,-2765,-2662,-3114,-2842,-2781,-2020,-1371,-2137,-1730,-2149,-2013,-2386,-2585,-2343,-3312,-2894,-2617,-2272,-1709,-1800,-2345,-2527,-2634,-2412,-1946,-2235,-2795,-2423,-2034,-2322,-2422,-2182,-1875,-1926,-1668,-1189,-947,-1203,-1215,-1350,-1485,-1443,-1751,-1900,-1901,-1789,-1474,-1582,-1702,-1865,-1680,-1401,-1587,-1663,-1588,-1756,-1711,-1695,-1761,-1585,-1593,-1573,-1837,-1620,-1762,-1720,-1658,-1409,-1414,-1362,-1166,-1321,-1345,-1525,-1335,-1343,-1339,-1466,-1327,-1178,-1054,-1544,-1708,-1578,-1260,-1192,-1396,-1522,-1426,-1471,-1548,-1217,-1234,-1413,-1396,-1865,-1669,-1614,-1993
122,287.0400000000000205,-2272,-1758,-1916,-1819,-1937,-2100,-2200,-2255,-2817,-3023,-2900,-2935,-2879,-3098,-2592,-1993,-2032,-1818,-1557,-1495,-1629,-1798,-2042,-1968,-2301,-2568,-2371,-2457,-2264,-2023,-1977,-2231,-2454,-1942,-1498,-1159,-1599,-1843,-2189,-1970,-1514,-1866,-1928,-2383,-2767,-2757,-2235,-1947,-1838,-1661,-1661,-2074,-2600,-2668,-2157,-1889,-1970,-2104,-1424,-1447,-1831,-1760,-1422,-935,-1089,-867,-1026,-1083,-1244,-1577,-1251,-1901,-1450,-2180,-2020,-2208,-2091,-2021,-2362,-2490,-2048,-2110,-2071,-1869,-2448,-1841,-1796,-2156,-2835,-1892,-2316,-1873,-1171,-1411,-1538,-1743,-1627,-2083,-1716,-1545,-2015,-1648,-1488,-1312,-1452,-1440,-1349,-1372,-1611,-1779,-2014,-1460,-1433,-1957,-1565,-1664,-1463,-1479,-1594,-1342,-1877,-1804,-1594,-2162,-2411,-2632,-2794,-2930,-2449,-2281,-2197,-2048,-1583,-1386,-1506,-1944,-2531,-2236,-1895,-2202,-2181,-1977,-1498,-2354,-2465,-2214,-2242,-2027,-1609,-1648,-908,-1000,-1264,-1837,-2186,-2385,-2336,-2521,-2347,-2678,-2358,-2442,-2238,-2176,-2250,-2369,-2131,-1800,-1471,-1510,-1659,-1741,-1641,-1368,-1521,-2186,-2661,-2821,-2551,-2349,-1706,-2112,-2642,-3379,-2871,-3234,-2849,-2657,-2987,-3478,-3564,-2665,-2646,-2467,-2575,-2555,-2654,-2526,-3029,-2832,-2684,-1981,-1312,-1916,-1434,-1924,-1953,-2417,-2608,-2364,-3084,-2733,-2636,-2322,-1821,-1744,-2199,-2268,-2405,-2377,-1886,-2182,-2502,-2104,-1770,-2011,-2187,-2161,-1972,-2031,-1776,-1317,-947,-1219,-1205,-1313,-1515,-1460,-1733,-1768,-1879,-1865,-1651,-1638,-1658,-1766,-1598,-1417,-1606,-1644,-1516,-1594,-1601,-1562,-1650,-1533,-1544,-1564,-1692,-1520,-1620,-1498,-1506,-1327,-1265,-1231,-1043,-1242,-1298,-1430,-1308,-1120,-1132,-1288,-1220,-947,-887,-1346,-1470,-1394,-1065,-1015,-1171,-1335,-1303,-1334,-1498,-1159,-1203,-1346,-1254,-1712,-1597,-1516,-1861
123,290.2400000000000091,-2274,-1740,-1793,-1613,-1769,-1847,-2062,-2158,-2659,-2803,-2667,-2759,-2621,-2773,-2573,-2096,-2242,-1933,-1602,-1474,-1556,-1675,-1916,-1839,-2159,-2427,-2239,-2340,-2258,-2034,-1938,-2244,-2479,-1978,-1544,-1296,-1757,-1882,-2159,-1959,-1520,-1807,-1944,-2403,-2758,-2755,-2292,-2057,-1916,-1667,-1564,-1822,-2334,-2492,-2138,-1857,-1846,-2059,-1513,-1461,-1775,-1672,-1319,-754,-870,-716,-921,-1022,-1069,-1448,-1115,-1820,-1367,-2131,-1948,-2144,-2066,-1959,-2383,-2495,-2006,-2071,-2087,-1847,-2353,-1844,-1864,-2135,-2796,-1903,-2353,-1841,-1142,-1333,-1440,-1568,-1494,-1871,-1618,-1501,-1923,-1543,-1439,-1287,-1452,-1394,-1259,-1281,-1503,-1711,-1919,-1322,-1233,-1798,-1467,-1704,-1504,-1562,-1578,-1350,-1847,-1753,-1479,-2095,-2329,-2497,-2730,-2786,-2277,-2094,-2013,-1922,-1546,-1381,-1511,-1945,-2533,-2380,-2032,-2290,-2188,-1881,-1380,-2109,-2235,-1949,-1964,-1741,-1409,-1614,-930,-977,-1079,-1616,-2053,-2409,-2319,-2541,-2439,-2759,-2335,-2393,-2187,-2038,-2113,-2343,-2080,-1823,-1427,-1458,-1438,-1512,-1440,-1386,-1611,-2200,-2574,-2761,-2667,-2540,-1856,-2022,-2455,-3188,-2607,-2923,-2740,-2662,-2970,-3434,-3523,-2658,-2695,-2494,-2620,-2561,-2547,-2428,-2975,-2840,-2612,-1986,-1345,-1760,-1285,-1721,-1799,-2351,-2612,-2372,-2948,-2488,-2500,-2339,-1888,-1678,-2035,-1994,-2126,-2275,-1932,-2190,-2342,-1873,-1632,-1854,-1990,-2063,-2010,-2192,-1938,-1474,-1086,-1255,-1191,-1321,-1589,-1546,-1711,-1698,-1866,-1950,-1749,-1696,-1566,-1611,-1487,-1406,-1609,-1615,-1443,-1528,-1484,-1446,-1590,-1458,-1442,-1421,-1543,-1391,-1445,-1265,-1336,-1322,-1269,-1229,-1011,-1319,-1287,-1500,-1162,-1042,-1070,-1288,-1234,-1069,-893,-1316,-1423,-1395,-1074,-1039,-1066,-1340,-1310,-1437,-1551,-1236,-1341,-1420,-1298,-1758,-1660,-1526,-1830
124,293.4399999999999977,-2244,-1682,-1656,-1471,-1570,-1767,-1952,-2073,-2503,-2574,-2375,-2397,-2655,-2605,-2494,-2101,-2325,-2011,-1620,-1394,-1439,-1506,-1793,-1755,-2031,-2321,-2127,-2279,-2209,-2066,-1958,-2226,-2518,-2009,-1627,-1448,-1891,-1944,-2117,-1957,-1599,-1791,-1964,-2374,-2707,-2741,-2322,-2191,-2033,-1675,-1494,-1674,-2130,-2361,-2101,-1948,-1803,-2025,-1655,-1553,-1797,-1653,-1338,-737,-779,-659,-881,-1124,-1063,-1475,-1134,-1836,-1361,-2142,-1897,-2069,-1962,-1849,-2320,-2456,-1973,-1999,-2055,-1807,-2258,-1805,-1941,-2139,-2765,-1934,-2409,-1874,-1153,-1305,-1390,-1442,-1384,-1763,-1534,-1418,-1815,-1501,-1393,-1250,-1469,-1403,-1270,-1258,-1433,-1619,-1802,-1207,-1153,-1735,-1394,-1734,-1543,-1661,-1640,-1348,-1841,-1702,-1411,-1981,-2252,-2395,-2651,-2709,-2178,-1954,-1849,-1787,-1458,-1381,-1563,-2013,-2591,-2467,-2139,-2264,-2064,-1658,-1198,-1889,-2004,-1675,-1565,-1423,-1254,-1606,-1021,-1040,-964,-1423,-1920,-2315,-2301,-2538,-2436,-2616,-2224,-2271,-2072,-1881,-1977,-2267,-2067,-1744,-1401,-1437,-1372,-1362,-1333,-1400,-1662,-2174,-2498,-2642,-2669,-2570,-1859,-1863,-2146,-2981,-2434,-2671,-2624,-2647,-2956,-3358,-3417,-2616,-2756,-2568,-2666,-2562,-2473,-2374,-2977,-2897,-2618,-2027,-1374,-1719,-1216,-1603,-1678,-2263,-2596,-2329,-2826,-2246,-2279,-2265,-1854,-1573,-1834,-1746,-1841,-2204,-2056,-2267,-2318,-1784,-1599,-1830,-1879,-2037,-2006,-2339,-2167,-1671,-1280,-1306,-1191,-1364,-1699,-1657,-1688,-1669,-1899,-2068,-1849,-1701,-1456,-1432,-1357,-1386,-1583,-1525,-1335,-1443,-1452,-1430,-1570,-1396,-1337,-1286,-1403,-1214,-1297,-1117,-1244,-1385,-1326,-1326,-1102,-1449,-1422,-1505,-1094,-1152,-1143,-1431,-1382,-1170,-1052,-1348,-1432,-1568,-1246,-1263,-1226,-1601,-1412,-1541,-1704,-1437,-1561,-1625,-1440,-1819,-1801,-1681,-1908
125,296.6400000000000432,-2163,-1609,-1351,-1321,-1392,-1703,-1864,-2031,-2391,-2383,-2090,-2096,-2470,-2281,-2338,-1996,-2334,-2020,-1654,-1296,-1282,-1336,-1623,-1640,-1957,-2221,-2038,-2280,-2149,-2119,-2002,-2195,-2501,-2057,-1741,-1598,-1993,-1961,-2116,-1992,-1702,-1825,-1962,-2343,-2597,-2635,-2308,-2272,-2148,-1722,-1538,-1610,-2037,-2240,-2100,-2069,-1898,-2080,-1794,-1716,-1851,-1707,-1440,-874,-855,-713,-939,-796,-1167,-1614,-1231,-1919,-1431,-2122,-1821,-1945,-1801,-1678,-2180,-2375,-1938,-1948,-2029,-1781,-2184,-1745,-1945,-2136,-2752,-1872,-2471,-1957,-1245,-1321,-1373,-1382,-1345,-1615,-1455,-1330,-1771,-1479,-1395,-1206,-1499,-1441,-1281,-1287,-1425,-1561,-1703,-1141,-1209,-1728,-1401,-1781,-1618,-1753,-1685,-1344,-1760,-1682,-1351,-1858,-2170,-2339,-2578,-2633,-2075,-1831,-1731,-1672,-1411,-1361,-1595,-2118,-2648,-2480,-2123,-2154,-1856,-1408,-988,-1715,-1801,-1441,-1254,-1171,-1129,-1568,-1099,-1153,-907,-1204,-1726,-2278,-2247,-2487,-2304,-2436,-2067,-2145,-1947,-1751,-1852,-2163,-1872,-1605,-1328,-1436,-1447,-1293,-1303,-1428,-1646,-2097,-2302,-2455,-2620,-2453,-1714,-1619,-1848,-2651,-2289,-2486,-2550,-2609,-2893,-3245,-3245,-2496,-2761,-2621,-2736,-2562,-2412,-2411,-2996,-2913,-2639,-2021,-1424,-1785,-1272,-1582,-1559,-2189,-2598,-2337,-2694,-2098,-2043,-2115,-1746,-1500,-1713,-1587,-1638,-2123,-2091,-2313,-2360,-1780,-1649,-1926,-1858,-1969,-1968,-2383,-2360,-1828,-1414,-1313,-1185,-1388,-1780,-1736,-1664,-1700,-1939,-2115,-1882,-1679,-1367,-1300,-1298,-1383,-1540,-1410,-1203,-1404,-1502,-1425,-1545,-1361,-1212,-1191,-1275,-1113,-1203,-1061,-1287,-1506,-1496,-1528,-1287,-1559,-1503,-1601,-1248,-1221,-1269,-1592,-1593,-1387,-1244,-1455,-1529,-1693,-1550,-1516,-1442,-1761,-1538,-1707,-1857,-1683,-1789,-1796,-1526,-2002,-2009,-1879,-2037
126,299.8400000000000318,-2070,-1509,-1492,-1248,-1227,-1641,-1830,-2031,-2361,-2245,-1891,-1856,-2186,-1653,-2095,-1834,-2210,-1958,-1608,-1229,-1146,-1180,-1456,-1569,-1875,-2138,-1959,-2084,-2054,-2126,-2045,-2109,-2394,-2020,-1820,-1704,-2065,-1970,-2076,-2020,-1785,-1889,-2019,-2298,-2510,-2524,-2227,-2291,-2249,-1817,-1648,-1645,-2035,-2203,-2144,-2207,-2070,-2121,-1932,-1869,-1946,-1778,-1593,-1066,-1027,-848,-1031,-1153,-1333,-1811,-1391,-2043,-1509,-2077,-1739,-1804,-1632,-1522,-2046,-2319,-1928,-1929,-1980,-1742,-2118,-1646,-1926,-2141,-2744,-2057,-2511,-2079,-1372,-1376,-1390,-1369,-1378,-1596,-1455,-1231,-1689,-1507,-1413,-1212,-1514,-1491,-1358,-1363,-1452,-1555,-1642,-1164,-1410,-1839,-1462,-1830,-1687,-1786,-1709,-1367,-1786,-1616,-1290,-1764,-2138,-2344,-2503,-2593,-2039,-1807,-1658,-1606,-1255,-1295,-1632,-2195,-2680,-2415,-2026,-1982,-1625,-1220,-849,-1606,-1655,-1283,-1019,-1039,-1078,-1518,-1144,-1249,-962,-1054,-1545,-2115,-2186,-2395,-2102,-2205,-1957,-2062,-1872,-1623,-1777,-2069,-1762,-1465,-1283,-1430,-1447,-1332,-1324,-1461,-1569,-1943,-2248,-2348,-2382,-2274,-1474,-1395,-1590,-2454,-2230,-2440,-2447,-2558,-2818,-3235,-3104,-2399,-2709,-2671,-2744,-2528,-2338,-2378,-2999,-2881,-2673,-1914,-1460,-1811,-1388,-1615,-1510,-2166,-2622,-2410,-2647,-2039,-1853,-1952,-1682,-1486,-1665,-1521,-1545,-2052,-2087,-2356,-2462,-1896,-1765,-2042,-1891,-1913,-1921,-2358,-2419,-1905,-1479,-1295,-1146,-1333,-1836,-1766,-1686,-1751,-1974,-2123,-1855,-1637,-1341,-1223,-1253,-1386,-1516,-1342,-1171,-1411,-1467,-1456,-1549,-1314,-1151,-1088,-1222,-1057,-1172,-1134,-1407,-1621,-1664,-1687,-1446,-1740,-1507,-1595,-1270,-1280,-1331,-1658,-1757,-1586,-1356,-1560,-1689,-1962,-1869,-1822,-1733,-1983,-1636,-1811,-2030,-1842,-1904,-1895,-1646,-2146,-2174,-2057,-2102
127,303.0400000000000205,-1980,-1420,-1377,-1189,-1173,-1495,-1834,-2031,-2340,-2174,-1778,-1737,-1958,-1919,-1819,-1641,-2043,-1850,-1556,-1167,-1056,-1030,-1298,-1502,-1799,-2030,-1884,-1918,-1955,-2083,-2043,-2019,-2239,-1986,-1842,-1735,-2061,-1939,-2065,-2056,-1875,-1982,-2015,-2260,-2413,-2414,-2121,-2226,-2288,-1916,-1799,-1757,-2081,-2199,-2198,-2328,-2249,-2279,-2045,-2015,-2036,-1870,-1744,-1341,-1227,-995,-1157,-1497,-1522,-1992,-1576,-2157,-1591,-2060,-1680,-1686,-1476,-1361,-1917,-2241,-1938,-1930,-1933,-1714,-2059,-1595,-1844,-2131,-2731,-1993,-2540,-2220,-1498,-1440,-1409,-1431,-1414,-1637,-1450,-1166,-1651,-1502,-1411,-1238,-1535,-1517,-1421,-1505,-1527,-1616,-1669,-1300,-1666,-2043,-1581,-1869,-1728,-1791,-1739,-1408,-1773,-1589,-1307,-1731,-2153,-2380,-2435,-2540,-2024,-1790,-1617,-1581,-1213,-1263,-1609,-2236,-2666,-2271,-1890,-1801,-1448,-1097,-802,-1579,-1586,-1266,-970,-993,-1049,-1433,-1170,-1317,-1071,-979,-1446,-2087,-2155,-2385,-1886,-2040,-1894,-2051,-1755,-1550,-1737,-2026,-1651,-1401,-1250,-1520,-1492,-1364,-1423,-1478,-1465,-1800,-2121,-2243,-2249,-2034,-1234,-1278,-1477,-2251,-2192,-2443,-2474,-2475,-2682,-2986,-2960,-2315,-2659,-2622,-2705,-2476,-2255,-2292,-2943,-2811,-2598,-1882,-1431,-1874,-1458,-1650,-1532,-2164,-2662,-2499,-2806,-2066,-1738,-1806,-1601,-1570,-1705,-1577,-1548,-1968,-2001,-2370,-2572,-2050,-1868,-2215,-1982,-1864,-1857,-2300,-2392,-1891,-1474,-1237,-1080,-1306,-1797,-1743,-1704,-1785,-1971,-2046,-1729,-1556,-1281,-1216,-1270,-1406,-1506,-1296,-1085,-1371,-1562,-1453,-1503,-1238,-1121,-1053,-1185,-1063,-1202,-1230,-1510,-1663,-1700,-1810,-1530,-1772,-1578,-1586,-1279,-1285,-1387,-1688,-1765,-1696,-1444,-1644,-1785,-2056,-2036,-2066,-1913,-2110,-1735,-1892,-2060,-1986,-2006,-1936,-1773,-2326,-2305,-2203,-2254
128,306.2400000000000091,-1966,-1377,-1235,-1193,-1183,-1537,-1844,-2049,-2328,-2145,-1756,-1693,-1798,-2176,-1569,-1459,-1834,-1706,-1510,-1136,-1001,-1001,-1208,-1401,-1704,-1895,-1767,-1820,-1849,-1989,-1992,-1914,-2073,-1881,-1770,-1684,-1999,-1861,-2051,-2072,-1912,-2027,-2018,-2222,-2360,-2361,-2046,-2085,-2244,-1989,-1954,-1909,-2172,-2253,-2232,-2404,-2432,-2385,-2118,-2125,-2129,-1959,-1868,-1528,-1442,-1158,-1283,-1518,-1675,-2132,-1718,-2237,-1652,-2059,-1612,-1566,-1318,-1247,-1804,-2178,-1936,-1925,-1891,-1666,-2007,-1487,-1740,-2096,-2687,-1911,-2543,-2328,-1603,-1509,-1437,-1501,-1475,-1667,-1469,-1143,-1604,-1453,-1389,-1242,-1519,-1549,-1527,-1631,-1637,-1725,-1765,-1493,-1938,-2274,-1744,-1878,-1709,-1773,-1743,-1444,-1782,-1550,-1268,-1784,-2199,-2396,-2397,-2428,-2013,-1757,-1645,-1612,-1226,-1226,-1589,-2199,-2590,-2123,-1767,-1673,-1366,-1056,-812,-1590,-1596,-1327,-1060,-1011,-1039,-1353,-1125,-1333,-1157,-1037,-1441,-2003,-2118,-2298,-1735,-1928,-1862,-2000,-1804,-1494,-1730,-2007,-1624,-1398,-1269,-1538,-1562,-1422,-1527,-1499,-1342,-1635,-2002,-2155,-2091,-1775,-1046,-1153,-1438,-2185,-2144,-2521,-2434,-2405,-2595,-2885,-2885,-2300,-2570,-2573,-2621,-2374,-2217,-2211,-2854,-2689,-2495,-1773,-1412,-1816,-1473,-1654,-1585,-2226,-2661,-2563,-2873,-2131,-1680,-1723,-1596,-1752,-1880,-1704,-1593,-1863,-1864,-2341,-2672,-2194,-1945,-2283,-2025,-1847,-1781,-2174,-2361,-1807,-1385,-1208,-977,-1196,-1685,-1635,-1641,-1784,-1917,-1917,-1618,-1486,-1244,-1242,-1330,-1418,-1498,-1293,-1073,-1332,-1494,-1421,-1456,-1232,-1081,-1003,-1240,-1136,-1319,-1379,-1590,-1680,-1737,-1779,-1562,-1733,-1567,-1550,-1208,-1259,-1367,-1577,-1745,-1688,-1464,-1631,-1806,-2098,-2169,-2133,-1970,-2113,-1787,-1913,-2077,-1964,-1989,-1956,-1940,-2339,-2325,-2246,-2306
129,309.4400000000000546,-1812,-1361,-1358,-1204,-1239,-1591,-1828,-2019,-2328,-2153,-1781,-1747,-1274,-1361,-1649,-1303,-1628,-1597,-1450,-1121,-1000,-984,-1161,-1313,-1583,-1744,-1661,-1697,-1771,-1869,-1912,-1824,-1932,-1683,-1642,-1517,-1876,-1795,-2008,-2058,-1903,-2042,-1981,-2169,-2314,-2285,-1976,-1927,-2122,-2019,-2049,-2058,-2255,-2283,-2267,-2444,-2563,-2535,-2177,-2218,-2220,-2053,-1959,-1645,-1598,-1275,-1385,-1437,-1805,-2211,-1830,-2281,-1689,-2009,-1552,-1454,-1185,-1152,-1722,-2098,-1903,-1907,-1834,-1620,-1966,-1432,-1642,-2093,-2688,-1843,-2512,-2396,-1652,-1561,-1465,-1566,-1501,-1696,-1486,-1133,-1533,-1355,-1337,-1235,-1531,-1606,-1663,-1762,-1760,-1880,-1912,-1664,-2180,-2450,-1892,-1861,-1702,-1755,-1735,-1442,-1760,-1560,-1302,-1852,-2191,-2352,-2365,-2334,-1985,-1792,-1721,-1686,-1250,-1186,-1532,-2115,-2501,-2005,-1635,-1580,-1367,-1099,-874,-1626,-1669,-1460,-1236,-1115,-1025,-1266,-1012,-1310,-1257,-1136,-1472,-2024,-2063,-2133,-1642,-1865,-1894,-2030,-1840,-1569,-1741,-1991,-1594,-1449,-1312,-1584,-1573,-1520,-1672,-1523,-1273,-1583,-1939,-2089,-1944,-1584,-960,-1180,-1509,-2089,-2106,-2549,-2425,-2327,-2491,-2808,-2831,-2250,-2581,-2459,-2562,-2288,-2101,-2088,-2670,-2564,-2394,-1714,-1355,-1855,-1466,-1620,-1581,-2159,-2649,-2593,-2938,-2174,-1674,-1625,-1594,-1750,-2037,-1857,-1636,-1783,-1731,-2266,-2740,-2291,-1991,-2243,-2016,-1803,-1707,-2041,-2217,-1655,-1355,-1177,-912,-1112,-1529,-1539,-1624,-1709,-1807,-1746,-1453,-1358,-1194,-1251,-1324,-1398,-1454,-1259,-1136,-1300,-1412,-1400,-1430,-1192,-1104,-1071,-1266,-1252,-1442,-1463,-1582,-1653,-1734,-1756,-1548,-1665,-1593,-1454,-1296,-1252,-1317,-1542,-1662,-1561,-1412,-1620,-1799,-2039,-2084,-2097,-1953,-2112,-1746,-1845,-2046,-1894,-1979,-1925,-1875,-2324,-2289,-2257,-2281
130,312.6400000000000432,-1794,-1377,-1461,-1245,-1330,-1559,-1837,-1994,-2322,-2177,-1843,-1816,-1940,-1421,-1399,-1210,-1510,-1478,-1405,-1150,-1051,-1056,-1167,-1212,-1450,-1609,-1553,-1622,-1707,-1765,-1816,-1753,-1836,-1534,-1451,-1313,-1718,-1699,-1963,-2009,-1846,-2037,-1933,-2108,-2275,-2258,-1922,-1804,-2009,-1966,-2110,-2142,-2333,-2387,-2264,-2401,-2569,-2588,-2188,-2241,-2318,-2125,-2008,-1680,-1665,-1347,-1425,-1294,-1875,-2225,-1867,-2290,-1708,-1996,-1511,-1386,-1080,-1112,-1651,-2022,-1848,-1843,-1759,-1562,-1902,-1374,-1567,-2059,-2639,-1748,-2454,-2401,-1642,-1581,-1483,-1619,-1547,-1725,-1487,-1129,-1467,-1258,-1242,-1241,-1555,-1658,-1774,-1861,-1893,-2015,-2052,-1812,-2347,-2549,-2002,-1852,-1699,-1721,-1700,-1399,-1749,-1534,-1348,-1869,-2141,-2284,-2309,-2258,-1964,-1864,-1789,-1761,-1299,-1162,-1440,-1973,-2413,-1932,-1541,-1568,-1421,-1175,-924,-1692,-1741,-1603,-1400,-1206,-1019,-1208,-938,-1238,-1308,-1275,-1587,-2047,-2017,-2041,-1657,-1892,-1891,-2109,-1867,-1684,-1765,-2001,-1688,-1515,-1364,-1527,-1630,-1618,-1733,-1554,-1239,-1607,-1903,-2035,-1846,-1565,-973,-1245,-1582,-2173,-2086,-2557,-2453,-2263,-2407,-2750,-2868,-2293,-2505,-2396,-2463,-2196,-2057,-1976,-2501,-2408,-2313,-1674,-1277,-1827,-1416,-1583,-1544,-2155,-2540,-2632,-2927,-2239,-1679,-1607,-1551,-1769,-2078,-1912,-1654,-1665,-1614,-2251,-2735,-2279,-1952,-2137,-1944,-1713,-1592,-1923,-2015,-1565,-1314,-1148,-881,-1002,-1375,-1390,-1518,-1622,-1617,-1551,-1263,-1210,-1164,-1244,-1316,-1327,-1346,-1226,-1117,-1249,-1404,-1380,-1425,-1250,-1116,-1149,-1359,-1300,-1504,-1517,-1601,-1600,-1718,-1701,-1437,-1618,-1515,-1464,-1263,-1268,-1310,-1480,-1574,-1460,-1351,-1560,-1776,-1937,-1975,-1958,-1939,-1962,-1701,-1774,-1925,-1785,-1830,-1840,-1752,-2159,-2126,-2165,-2229
131,315.8400000000000318,-1778,-1399,-1407,-1356,-1426,-1707,-1849,-1963,-2298,-2193,-1900,-1891,-1759,-2035,-1430,-1201,-1393,-1363,-1352,-1151,-1113,-1113,-1193,-1138,-1333,-1466,-1397,-1573,-1675,-1667,-1741,-1705,-1811,-1378,-1275,-1119,-1549,-1606,-1893,-1918,-1746,-1965,-1847,-2023,-2264,-2203,-1895,-1741,-1896,-1892,-2084,-2150,-2380,-2411,-2252,-2354,-2525,-2583,-2165,-2226,-2310,-2177,-2014,-1685,-1685,-1342,-1437,-1638,-1883,-2180,-1847,-2260,-1689,-1958,-1492,-1325,-1035,-1110,-1590,-1929,-1747,-1731,-1663,-1476,-1862,-1325,-1506,-2015,-2579,-1675,-2366,-2322,-1582,-1564,-1481,-1638,-1538,-1760,-1465,-1094,-1394,-1152,-1153,-1237,-1577,-1731,-1869,-1895,-1964,-2112,-2142,-1866,-2368,-2569,-2023,-1859,-1663,-1672,-1638,-1341,-1706,-1532,-1372,-1817,-2046,-2195,-2258,-2235,-1992,-1943,-1856,-1815,-1309,-1146,-1345,-1853,-2294,-1875,-1469,-1606,-1501,-1260,-966,-1712,-1830,-1692,-1529,-1345,-1092,-1233,-837,-1168,-1359,-1442,-1675,-2005,-1912,-2011,-1786,-1888,-1867,-2153,-1955,-1758,-1818,-1983,-1772,-1570,-1298,-1560,-1666,-1660,-1755,-1539,-1257,-1635,-1846,-1965,-1771,-1542,-1048,-1399,-1731,-2280,-2082,-2518,-2425,-2202,-2357,-2723,-2892,-2319,-2531,-2355,-2465,-2175,-2006,-1902,-2374,-2277,-2205,-1630,-1233,-1755,-1374,-1558,-1461,-1988,-2519,-2515,-2920,-2280,-1703,-1541,-1485,-1717,-2114,-1956,-1652,-1592,-1511,-2162,-2662,-2199,-1881,-2021,-1862,-1635,-1557,-1836,-1824,-1447,-1254,-1110,-886,-929,-1199,-1246,-1371,-1423,-1426,-1348,-1143,-1123,-1082,-1215,-1281,-1254,-1237,-1146,-1035,-1203,-1273,-1343,-1415,-1247,-1145,-1219,-1415,-1343,-1542,-1509,-1577,-1578,-1704,-1616,-1462,-1560,-1511,-1403,-1221,-1264,-1294,-1442,-1515,-1375,-1290,-1597,-1743,-1860,-1757,-1802,-1765,-1879,-1634,-1693,-1837,-1683,-1752,-1739,-1732,-2034,-1967,-2045,-2196
132,319.0400000000000205,-1810,-1426,-1561,-1409,-1500,-1703,-1838,-1905,-2274,-2211,-1937,-1918,-1842,-1796,-1527,-1215,-1354,-1350,-1316,-1172,-1178,-1185,-1223,-1153,-1255,-1364,-1262,-1419,-1652,-1670,-1715,-1692,-1773,-1367,-1136,-967,-1405,-1544,-1835,-1802,-1607,-1856,-1742,-1932,-2164,-2165,-1871,-1721,-1820,-1807,-1997,-2124,-2386,-2424,-2228,-2281,-2429,-2516,-2088,-2139,-2277,-2171,-1980,-1628,-1636,-1311,-1391,-1573,-1839,-2094,-1787,-2191,-1641,-1930,-1482,-1294,-1021,-1100,-1534,-1804,-1600,-1602,-1550,-1364,-1777,-1278,-1467,-1945,-2499,-1603,-2239,-2178,-1477,-1490,-1460,-1601,-1496,-1731,-1403,-1082,-1308,-1130,-1125,-1209,-1619,-1771,-1908,-1865,-1951,-2144,-2166,-1853,-2314,-2526,-2027,-1882,-1622,-1627,-1612,-1277,-1677,-1548,-1339,-1742,-1921,-2118,-2259,-2274,-2023,-1974,-1911,-1838,-1331,-1132,-1270,-1738,-2234,-1868,-1521,-1660,-1597,-1312,-1010,-1765,-1896,-1803,-1604,-1464,-1199,-1302,-875,-1202,-1428,-1605,-1842,-2015,-1863,-1974,-1823,-1943,-1830,-2036,-1964,-1854,-1865,-1962,-1810,-1617,-1299,-1480,-1572,-1654,-1743,-1499,-1280,-1677,-1854,-1930,-1759,-1605,-1153,-1431,-1807,-2365,-2102,-2449,-2394,-2177,-2324,-2711,-2906,-2348,-2422,-2396,-2372,-2174,-1994,-1862,-2304,-2217,-2125,-1594,-1230,-1742,-1340,-1509,-1427,-1975,-2345,-2339,-2866,-2202,-1737,-1477,-1395,-1628,-2022,-1911,-1634,-1551,-1513,-2082,-2543,-2122,-1837,-1951,-1802,-1589,-1489,-1734,-1690,-1340,-1130,-1052,-883,-884,-1096,-1135,-1268,-1276,-1270,-1257,-1045,-1055,-1054,-1228,-1274,-1218,-1175,-1080,-983,-1148,-1275,-1321,-1434,-1251,-1206,-1207,-1430,-1318,-1494,-1458,-1599,-1565,-1620,-1554,-1309,-1553,-1460,-1408,-1279,-1226,-1285,-1429,-1415,-1239,-1226,-1581,-1751,-1815,-1672,-1693,-1692,-1811,-1615,-1633,-1759,-1650,-1714,-1785,-1538,-1877,-1768,-1919,-2178
133,322.2400000000000091,-1834,-1440,-1501,-1405,-1533,-1677,-1791,-1905,-2263,-2228,-1950,-1952,-2062,-1891,-1574,-1263,-1344,-1292,-1291,-1166,-1221,-1193,-1239,-1125,-1209,-1277,-1203,-1439,-1611,-1636,-1707,-1702,-1812,-1246,-1041,-863,-1307,-1491,-1768,-1666,-1449,-1708,-1613,-1830,-2090,-2142,-1863,-1738,-1771,-1722,-1910,-2084,-2366,-2428,-2208,-2210,-2315,-2390,-2001,-2041,-2204,-2114,-1905,-1573,-1589,-1247,-1330,-1496,-1736,-1976,-1704,-2101,-1586,-1865,-1454,-1303,-1015,-1094,-1468,-1670,-1448,-1459,-1425,-1251,-1673,-1214,-1405,-1876,-2394,-1509,-2117,-1997,-1330,-1408,-1422,-1523,-1406,-1688,-1396,-1051,-1289,-1130,-1135,-1219,-1658,-1781,-1850,-1749,-1887,-2084,-2117,-1782,-2192,-2430,-2006,-1890,-1589,-1590,-1556,-1233,-1661,-1527,-1303,-1622,-1802,-2069,-2270,-2365,-2097,-2022,-1960,-1838,-1340,-1135,-1223,-1649,-2183,-1885,-1560,-1716,-1638,-1354,-1068,-1828,-1953,-1806,-1693,-1596,-1330,-1371,-980,-1231,-1484,-1733,-1961,-1973,-1860,-1982,-1840,-2013,-1767,-2080,-1986,-1888,-1906,-2034,-1828,-1615,-1274,-1370,-1468,-1653,-1663,-1404,-1304,-1692,-1832,-1909,-1793,-1709,-1274,-1515,-1898,-2375,-2123,-2389,-2374,-2211,-2340,-2697,-2907,-2260,-2419,-2288,-2393,-2174,-2004,-1872,-2272,-2223,-2085,-1635,-1208,-1687,-1318,-1467,-1365,-1862,-2284,-2266,-2806,-2220,-1721,-1431,-1277,-1447,-1879,-1907,-1677,-1555,-1482,-2027,-2433,-2050,-1831,-1940,-1784,-1610,-1467,-1653,-1590,-1232,-1043,-988,-877,-890,-1040,-1074,-1207,-1198,-1186,-1177,-1005,-1006,-1080,-1271,-1248,-1182,-1181,-1028,-907,-1116,-1193,-1263,-1362,-1214,-1138,-1195,-1380,-1309,-1435,-1370,-1448,-1502,-1584,-1526,-1266,-1533,-1436,-1416,-1270,-1244,-1313,-1441,-1440,-1298,-1244,-1524,-1764,-1843,-1610,-1645,-1614,-1704,-1600,-1584,-1717,-1651,-1787,-1695,-1575,-1797,-1692,-1859,-2138
134,325.4400000000000546,-1859,-1468,-1584,-1459,-1542,-1776,-1823,-1887,-2246,-2241,-1945,-1934,-2508,-1970,-1677,-1307,-1368,-1267,-1208,-1150,-1225,-1200,-1246,-1137,-1208,-1238,-1125,-1415,-1618,-1661,-1735,-1713,-1802,-1225,-991,-839,-1267,-1458,-1684,-1563,-1285,-1551,-1504,-1754,-2058,-2121,-1860,-1756,-1766,-1647,-1793,-1990,-2323,-2414,-2165,-2163,-2244,-2279,-1902,-1861,-2040,-2005,-1828,-1527,-1542,-1203,-1288,-1412,-1624,-1867,-1606,-2011,-1511,-1850,-1431,-1296,-1024,-1094,-1386,-1557,-1307,-1334,-1306,-1147,-1550,-1130,-1319,-1748,-2261,-1425,-1971,-1829,-1194,-1327,-1379,-1453,-1336,-1594,-1283,-1015,-1296,-1193,-1192,-1281,-1638,-1725,-1768,-1622,-1773,-1990,-2004,-1709,-2059,-2341,-1963,-1927,-1585,-1563,-1505,-1197,-1602,-1515,-1234,-1561,-1736,-2049,-2280,-2436,-2112,-2004,-1991,-1816,-1315,-1140,-1189,-1651,-2160,-1922,-1641,-1784,-1685,-1393,-1118,-1897,-2006,-1822,-1698,-1667,-1440,-1452,-1089,-1314,-1525,-1808,-2026,-1995,-1872,-2030,-1908,-2030,-1736,-2011,-1983,-1889,-1917,-2065,-1942,-1650,-1233,-1273,-1426,-1602,-1560,-1386,-1301,-1678,-1828,-1903,-1838,-1810,-1364,-1574,-1947,-2542,-2149,-2315,-2319,-2187,-2331,-2698,-2845,-2240,-2346,-2232,-2311,-2143,-2011,-1858,-2273,-2222,-2044,-1546,-1189,-1658,-1336,-1437,-1316,-1842,-2188,-2187,-2769,-2102,-1690,-1382,-1211,-1395,-1837,-1885,-1731,-1605,-1500,-1964,-2344,-2013,-1873,-1977,-1746,-1577,-1426,-1563,-1521,-1139,-978,-989,-896,-952,-1056,-1075,-1168,-1170,-1164,-1197,-1001,-1064,-1138,-1326,-1308,-1206,-1177,-1027,-877,-1083,-1155,-1232,-1326,-1168,-1107,-1210,-1398,-1293,-1409,-1319,-1427,-1475,-1526,-1472,-1327,-1533,-1458,-1477,-1293,-1296,-1379,-1529,-1535,-1337,-1287,-1625,-1811,-1849,-1675,-1643,-1564,-1773,-1619,-1695,-1787,-1718,-1835,-1805,-1633,-1789,-1685,-1840,-2208
135,328.6400000000000432,-1908,-1478,-1519,-1465,-1531,-1583,-1810,-1897,-2251,-2245,-1924,-1920,-2112,-1995,-1737,-1349,-1386,-1231,-1145,-1109,-1202,-1174,-1237,-1118,-1218,-1263,-1147,-1398,-1611,-1690,-1750,-1730,-1811,-1233,-1009,-847,-1257,-1435,-1639,-1469,-1149,-1405,-1432,-1706,-2015,-2095,-1836,-1782,-1785,-1658,-1710,-1883,-2293,-2363,-2122,-2110,-2145,-2144,-1781,-1729,-1913,-1894,-1745,-1480,-1485,-1182,-1263,-1345,-1539,-1771,-1544,-1950,-1473,-1813,-1402,-1298,-1013,-1054,-1318,-1478,-1219,-1228,-1215,-1048,-1428,-1027,-1205,-1640,-2154,-1356,-1843,-1659,-1113,-1264,-1365,-1394,-1285,-1543,-1224,-987,-1321,-1270,-1254,-1280,-1582,-1630,-1622,-1485,-1632,-1830,-1912,-1636,-1943,-2261,-1941,-1971,-1592,-1559,-1493,-1171,-1574,-1459,-1193,-1537,-1733,-2036,-2284,-2460,-2063,-1982,-1969,-1807,-1346,-1153,-1210,-1692,-2162,-1961,-1745,-1855,-1703,-1439,-1182,-1947,-2005,-1793,-1638,-1667,-1429,-1481,-1137,-1335,-1523,-1805,-2011,-1974,-1905,-2036,-1833,-2038,-1781,-1971,-1936,-1817,-1892,-2104,-1906,-1628,-1226,-1204,-1387,-1511,-1457,-1262,-1280,-1701,-1818,-1917,-1901,-1919,-1457,-1633,-1956,-2452,-2163,-2272,-2253,-2195,-2355,-2615,-2746,-2146,-2255,-2149,-2223,-2086,-1991,-1840,-2281,-2192,-2063,-1543,-1166,-1613,-1306,-1392,-1256,-1779,-2202,-2150,-2736,-2046,-1701,-1376,-1139,-1256,-1807,-1877,-1764,-1662,-1507,-1940,-2295,-2003,-1909,-1989,-1741,-1527,-1359,-1528,-1506,-1126,-952,-957,-905,-1024,-1132,-1089,-1188,-1173,-1194,-1227,-1100,-1123,-1215,-1395,-1383,-1280,-1267,-1056,-876,-1099,-1132,-1187,-1289,-1125,-1058,-1172,-1312,-1272,-1316,-1226,-1434,-1481,-1543,-1515,-1369,-1609,-1569,-1598,-1534,-1400,-1482,-1615,-1576,-1426,-1375,-1643,-1834,-1993,-1808,-1727,-1615,-1809,-1662,-1770,-1879,-1795,-1907,-1797,-1666,-1867,-1783,-1859,-2236
136,331.8400000000000318,-1932,-1486,-1616,-1447,-1479,-1652,-1801,-1898,-2244,-2241,-1908,-1889,-2096,-1854,-1589,-1349,-1428,-1242,-1105,-1064,-1128,-1143,-1221,-1195,-1274,-1340,-1202,-1429,-1599,-1682,-1733,-1724,-1809,-1251,-1049,-901,-1268,-1407,-1541,-1416,-1073,-1293,-1379,-1691,-2011,-2078,-1824,-1782,-1771,-1612,-1649,-1842,-2205,-2311,-2073,-2034,-2087,-2083,-1704,-1626,-1758,-1757,-1653,-1414,-1473,-1169,-1254,-1286,-1490,-1740,-1490,-1904,-1457,-1747,-1393,-1314,-1028,-1024,-1283,-1438,-1166,-1177,-1146,-981,-1327,-956,-1089,-1547,-2065,-1276,-1764,-1549,-1054,-1246,-1348,-1362,-1255,-1534,-1204,-982,-1359,-1322,-1319,-1276,-1484,-1510,-1473,-1381,-1504,-1709,-1834,-1590,-1827,-2197,-1891,-1991,-1620,-1555,-1447,-1157,-1492,-1412,-1187,-1538,-1780,-2014,-2239,-2438,-2042,-1941,-1949,-1766,-1360,-1208,-1239,-1721,-2164,-1981,-1806,-1882,-1677,-1460,-1223,-1959,-1967,-1740,-1617,-1574,-1374,-1464,-1150,-1337,-1474,-1672,-1925,-2045,-1916,-2010,-1804,-1966,-1738,-1911,-1858,-1735,-1844,-2104,-1926,-1561,-1183,-1160,-1348,-1451,-1352,-1248,-1300,-1666,-1838,-1907,-1878,-1983,-1484,-1591,-1912,-2461,-2173,-2261,-2163,-2174,-2323,-2557,-2640,-2049,-2188,-2056,-2121,-1990,-1902,-1824,-2261,-2186,-2025,-1479,-1126,-1599,-1315,-1395,-1190,-1696,-2048,-2085,-2586,-2054,-1700,-1401,-1157,-1252,-1798,-1886,-1790,-1705,-1520,-1868,-2239,-1995,-1916,-1999,-1709,-1463,-1322,-1532,-1490,-1181,-960,-1029,-956,-1086,-1211,-1181,-1250,-1262,-1292,-1326,-1187,-1237,-1300,-1465,-1446,-1370,-1302,-1126,-926,-1108,-1199,-1155,-1234,-1072,-1061,-1086,-1307,-1218,-1258,-1203,-1366,-1470,-1553,-1561,-1441,-1648,-1554,-1681,-1394,-1515,-1575,-1656,-1659,-1473,-1395,-1705,-1858,-1964,-1877,-1800,-1680,-1778,-1633,-1832,-1926,-1794,-1902,-1895,-1754,-1893,-1813,-1922,-2256
137,335.0400000000000205,-1915,-1482,-1562,-1403,-1414,-1605,-1784,-1884,-2196,-2218,-1871,-1864,-2044,-1803,-1765,-1365,-1411,-1216,-1065,-1002,-1045,-1079,-1182,-1182,-1328,-1442,-1302,-1481,-1605,-1676,-1704,-1724,-1813,-1326,-1106,-959,-1283,-1380,-1499,-1345,-1043,-1254,-1353,-1715,-1986,-2066,-1798,-1784,-1772,-1567,-1598,-1787,-2128,-2229,-2009,-1951,-1978,-1977,-1622,-1568,-1688,-1649,-1573,-1353,-1438,-1159,-1254,-1635,-1473,-1724,-1492,-1896,-1451,-1762,-1382,-1323,-1042,-1008,-1265,-1443,-1170,-1190,-1132,-956,-1272,-900,-1023,-1464,-1993,-1232,-1707,-1508,-1072,-1271,-1376,-1368,-1240,-1521,-1204,-996,-1418,-1390,-1338,-1263,-1378,-1362,-1323,-1290,-1425,-1608,-1768,-1550,-1739,-2124,-1872,-2003,-1582,-1522,-1413,-1129,-1436,-1357,-1144,-1551,-1797,-1984,-2163,-2344,-1965,-1869,-1879,-1674,-1340,-1190,-1304,-1760,-2140,-1997,-1800,-1862,-1625,-1422,-1196,-1898,-1861,-1649,-1503,-1438,-1295,-1383,-1090,-1253,-1362,-1522,-1770,-1955,-1924,-1966,-1697,-1873,-1729,-1837,-1742,-1683,-1784,-2066,-1874,-1472,-1113,-1160,-1284,-1412,-1286,-1233,-1303,-1690,-1840,-1890,-1942,-2002,-1440,-1650,-1853,-2452,-2142,-2272,-2165,-2114,-2261,-2480,-2521,-1964,-2087,-1993,-2059,-1915,-1833,-1788,-2209,-2140,-2003,-1447,-1086,-1560,-1231,-1328,-1153,-1607,-1960,-2093,-2501,-2041,-1690,-1423,-1239,-1276,-1799,-1868,-1740,-1695,-1494,-1802,-2175,-1946,-1850,-1958,-1699,-1437,-1333,-1533,-1547,-1246,-1028,-1128,-1025,-1186,-1315,-1267,-1300,-1363,-1419,-1411,-1316,-1337,-1374,-1513,-1517,-1441,-1414,-1235,-1007,-1119,-1203,-1162,-1186,-1076,-1036,-1057,-1278,-1191,-1242,-1175,-1390,-1484,-1525,-1592,-1419,-1642,-1532,-1638,-1504,-1514,-1683,-1719,-1630,-1449,-1408,-1610,-1761,-1946,-1892,-1808,-1710,-1829,-1626,-1803,-1877,-1762,-1853,-1843,-1693,-1912,-1860,-1940,-2215
138,338.2400000000000091,-1913,-1449,-1496,-1400,-1396,-1663,-1798,-1867,-2174,-2181,-1861,-1868,-2028,-1930,-1847,-1351,-1364,-1208,-1038,-930,-957,-1025,-1147,-1186,-1409,-1573,-1420,-1499,-1613,-1647,-1679,-1686,-1814,-1355,-1166,-1007,-1293,-1335,-1438,-1341,-1095,-1242,-1391,-1714,-1969,-2011,-1776,-1740,-1728,-1541,-1567,-1704,-2022,-2143,-1940,-1863,-1905,-1887,-1576,-1545,-1608,-1577,-1501,-1288,-1383,-1174,-1254,-1315,-1503,-1756,-1476,-1886,-1456,-1781,-1408,-1325,-1049,-987,-1280,-1495,-1206,-1225,-1167,-970,-1231,-887,-1016,-1417,-1965,-1245,-1696,-1493,-1119,-1311,-1401,-1385,-1257,-1520,-1217,-1038,-1441,-1381,-1309,-1172,-1254,-1242,-1221,-1255,-1371,-1558,-1745,-1513,-1670,-2052,-1825,-1991,-1619,-1482,-1370,-1081,-1372,-1274,-1147,-1579,-1819,-1923,-2025,-2197,-1892,-1767,-1758,-1593,-1245,-1158,-1315,-1733,-2080,-1902,-1749,-1786,-1562,-1351,-1119,-1772,-1729,-1501,-1373,-1304,-1135,-1269,-950,-1150,-1189,-1345,-1560,-1851,-1857,-1906,-1594,-1743,-1614,-1732,-1609,-1544,-1706,-1965,-1820,-1368,-1048,-1160,-1261,-1320,-1278,-1307,-1320,-1639,-1839,-1859,-1868,-1902,-1356,-1489,-1778,-2361,-2133,-2216,-2127,-2049,-2216,-2410,-2442,-1873,-2094,-1970,-2025,-1852,-1740,-1710,-2140,-2100,-1939,-1386,-1058,-1503,-1130,-1282,-1125,-1588,-1926,-2050,-2505,-2019,-1668,-1437,-1239,-1287,-1781,-1779,-1655,-1641,-1423,-1733,-2092,-1824,-1726,-1894,-1628,-1442,-1373,-1631,-1643,-1351,-1174,-1232,-1095,-1283,-1415,-1358,-1393,-1462,-1565,-1530,-1373,-1422,-1429,-1564,-1615,-1497,-1487,-1312,-1062,-1158,-1216,-1179,-1226,-1091,-1064,-1060,-1225,-1167,-1264,-1239,-1443,-1485,-1457,-1546,-1327,-1571,-1410,-1539,-1411,-1464,-1609,-1682,-1631,-1477,-1315,-1491,-1557,-1816,-1760,-1713,-1633,-1748,-1524,-1677,-1754,-1673,-1704,-1729,-1585,-1853,-1820,-1949,-2179
139,341.4400000000000546,-1868,-1433,-1415,-1361,-1368,-1574,-1783,-1836,-2128,-2140,-1865,-1872,-1833,-1916,-1679,-1312,-1373,-1201,-1010,-874,-886,-970,-1122,-1182,-1473,-1657,-1501,-1634,-1586,-1618,-1635,-1673,-1805,-1431,-1200,-1042,-1296,-1294,-1413,-1346,-1127,-1255,-1401,-1709,-1963,-1993,-1741,-1702,-1674,-1465,-1516,-1666,-1928,-1989,-1840,-1806,-1831,-1835,-1548,-1523,-1600,-1531,-1439,-1244,-1319,-1133,-1253,-1107,-1542,-1788,-1511,-1900,-1460,-1767,-1417,-1350,-1027,-992,-1327,-1549,-1270,-1299,-1222,-1004,-1261,-912,-1044,-1425,-1958,-1286,-1733,-1512,-1160,-1325,-1411,-1417,-1267,-1539,-1218,-1063,-1445,-1324,-1260,-1125,-1173,-1155,-1144,-1232,-1379,-1567,-1718,-1469,-1615,-2002,-1796,-1922,-1555,-1422,-1321,-1039,-1324,-1245,-1135,-1574,-1797,-1824,-1894,-2033,-1788,-1630,-1580,-1443,-1124,-1092,-1289,-1693,-1997,-1812,-1599,-1666,-1482,-1243,-1003,-1662,-1565,-1353,-1217,-1139,-1004,-1160,-825,-989,-1037,-1162,-1391,-1742,-1747,-1780,-1460,-1594,-1516,-1647,-1506,-1444,-1613,-1858,-1674,-1262,-1004,-1220,-1185,-1256,-1293,-1358,-1375,-1692,-1827,-1842,-1884,-1776,-1257,-1371,-1687,-2327,-2132,-2261,-2111,-1993,-2174,-2395,-2408,-1880,-2082,-1968,-2057,-1844,-1715,-1699,-2113,-2064,-1929,-1402,-1060,-1434,-1054,-1186,-1107,-1550,-1908,-1954,-2417,-1975,-1684,-1480,-1261,-1306,-1692,-1681,-1537,-1545,-1325,-1653,-2006,-1704,-1616,-1795,-1597,-1465,-1427,-1684,-1729,-1437,-1261,-1309,-1144,-1325,-1516,-1434,-1462,-1566,-1661,-1600,-1496,-1467,-1452,-1582,-1609,-1527,-1518,-1352,-1134,-1209,-1217,-1222,-1256,-1143,-1086,-1148,-1248,-1188,-1281,-1325,-1508,-1418,-1369,-1397,-1240,-1385,-1237,-1315,-1232,-1338,-1471,-1602,-1537,-1373,-1178,-1322,-1386,-1625,-1552,-1564,-1533,-1581,-1399,-1525,-1580,-1491,-1527,-1556,-1391,-1788,-1727,-1824,-2116
140,344.6400000000000432,-1865,-1415,-1223,-1321,-1347,-1542,-1762,-1809,-2090,-2106,-1866,-1895,-2224,-1941,-1937,-1297,-1357,-1161,-999,-835,-837,-938,-1111,-1221,-1523,-1715,-1575,-1643,-1570,-1536,-1586,-1641,-1791,-1453,-1240,-1079,-1282,-1268,-1385,-1349,-1168,-1291,-1412,-1684,-1935,-1978,-1720,-1641,-1609,-1462,-1493,-1610,-1867,-1905,-1741,-1732,-1782,-1797,-1522,-1522,-1603,-1513,-1394,-1172,-1232,-1069,-1205,-1170,-1557,-1816,-1536,-1887,-1457,-1751,-1433,-1354,-1054,-981,-1357,-1584,-1332,-1349,-1271,-1062,-1306,-956,-1103,-1468,-1961,-1344,-1774,-1561,-1195,-1311,-1381,-1426,-1259,-1536,-1226,-1072,-1433,-1261,-1187,-1061,-1128,-1129,-1129,-1268,-1396,-1575,-1713,-1431,-1580,-1925,-1672,-1836,-1491,-1369,-1295,-1000,-1308,-1228,-1098,-1528,-1725,-1714,-1723,-1841,-1620,-1478,-1401,-1315,-1031,-968,-1210,-1609,-1915,-1678,-1473,-1525,-1375,-1137,-887,-1538,-1445,-1212,-1046,-975,-908,-1073,-735,-865,-903,-980,-1221,-1644,-1615,-1655,-1298,-1418,-1378,-1550,-1432,-1368,-1494,-1719,-1467,-1172,-896,-1108,-1132,-1224,-1340,-1433,-1366,-1648,-1855,-1868,-1764,-1691,-1166,-1275,-1676,-2290,-2137,-2304,-2156,-1989,-2168,-2434,-2427,-1853,-2108,-2019,-2065,-1883,-1731,-1657,-2098,-2013,-1888,-1389,-1035,-1425,-1026,-1187,-1067,-1529,-1855,-1881,-2359,-1888,-1641,-1477,-1291,-1305,-1644,-1577,-1440,-1462,-1315,-1603,-1923,-1633,-1534,-1723,-1640,-1526,-1492,-1758,-1797,-1493,-1333,-1365,-1176,-1340,-1601,-1506,-1505,-1580,-1687,-1698,-1464,-1450,-1450,-1535,-1563,-1505,-1538,-1341,-1141,-1199,-1266,-1287,-1341,-1211,-1166,-1092,-1308,-1241,-1366,-1346,-1378,-1319,-1240,-1254,-1026,-1130,-1017,-1074,-1059,-1098,-1223,-1363,-1421,-1229,-1087,-1197,-1240,-1360,-1321,-1345,-1393,-1463,-1270,-1358,-1449,-1318,-1333,-1343,-1187,-1616,-1573,-1693,-1831
141,347.8400000000000318,-1824,-1409,-1324,-1278,-1303,-1535,-1715,-1760,-2055,-2056,-1861,-1916,-2030,-1990,-1573,-1288,-1342,-1211,-973,-817,-797,-914,-1125,-1217,-1535,-1747,-1603,-1638,-1544,-1482,-1530,-1622,-1764,-1473,-1249,-1043,-1269,-1254,-1376,-1346,-1179,-1309,-1395,-1655,-1873,-1913,-1680,-1593,-1574,-1423,-1487,-1577,-1808,-1814,-1648,-1670,-1755,-1778,-1502,-1510,-1601,-1515,-1372,-1095,-1164,-1000,-1157,-1330,-1538,-1805,-1526,-1887,-1443,-1753,-1424,-1348,-1058,-987,-1382,-1610,-1373,-1376,-1296,-1094,-1327,-1027,-1147,-1498,-1991,-1392,-1804,-1576,-1193,-1288,-1344,-1393,-1260,-1504,-1244,-1066,-1385,-1191,-1094,-1002,-1086,-1131,-1155,-1283,-1423,-1566,-1681,-1384,-1550,-1862,-1580,-1706,-1415,-1331,-1263,-977,-1298,-1193,-1043,-1426,-1614,-1600,-1610,-1675,-1480,-1328,-1217,-1183,-867,-832,-1084,-1530,-1798,-1542,-1307,-1372,-1286,-1031,-789,-1408,-1341,-1104,-975,-921,-819,-1007,-682,-797,-812,-840,-1138,-1583,-1462,-1487,-1229,-1401,-1255,-1477,-1299,-1267,-1379,-1567,-1389,-1100,-918,-1131,-1097,-1181,-1345,-1428,-1365,-1648,-1835,-1867,-1786,-1529,-1094,-1286,-1639,-2252,-2131,-2307,-2121,-1965,-2155,-2446,-2453,-1894,-2120,-2087,-2087,-1924,-1759,-1672,-2074,-2011,-1865,-1397,-1048,-1448,-1007,-1161,-1033,-1480,-1750,-1824,-2250,-1726,-1579,-1476,-1279,-1258,-1615,-1479,-1378,-1385,-1281,-1580,-1871,-1586,-1486,-1688,-1622,-1510,-1511,-1826,-1823,-1460,-1337,-1333,-1167,-1322,-1580,-1555,-1525,-1583,-1682,-1632,-1413,-1399,-1349,-1456,-1467,-1413,-1391,-1278,-1117,-1287,-1331,-1340,-1397,-1256,-1229,-1183,-1321,-1262,-1320,-1261,-1233,-1185,-1092,-1061,-879,-947,-810,-894,-817,-857,-962,-1169,-1243,-1108,-985,-1073,-1137,-1191,-1119,-1144,-1172,-1314,-1112,-1217,-1313,-1195,-1183,-1178,-1047,-1422,-1416,-1498,-1620
142,351.0400000000000205,-1807,-1393,-1399,-1274,-1277,-1783,-1657,-1722,-2024,-2025,-1857,-1916,-2009,-1739,-1610,-1315,-1343,-1200,-1004,-835,-809,-954,-1145,-1296,-1562,-1753,-1594,-1560,-1544,-1435,-1483,-1584,-1729,-1443,-1239,-1033,-1251,-1240,-1380,-1337,-1227,-1334,-1385,-1605,-1821,-1860,-1621,-1545,-1520,-1421,-1475,-1573,-1771,-1766,-1595,-1616,-1697,-1778,-1488,-1500,-1603,-1510,-1341,-1079,-1087,-941,-1091,-1449,-1492,-1758,-1512,-1870,-1415,-1727,-1406,-1329,-1060,-985,-1383,-1623,-1371,-1371,-1296,-1092,-1347,-1071,-1160,-1531,-1997,-1361,-1806,-1590,-1160,-1227,-1273,-1331,-1233,-1477,-1207,-1057,-1291,-1104,-1033,-941,-1089,-1157,-1160,-1302,-1432,-1595,-1658,-1350,-1518,-1803,-1484,-1571,-1315,-1293,-1242,-967,-1268,-1144,-972,-1335,-1501,-1489,-1506,-1530,-1306,-1179,-1078,-1039,-721,-738,-977,-1405,-1673,-1419,-1167,-1245,-1209,-964,-694,-1283,-1250,-1037,-896,-833,-765,-967,-616,-746,-717,-751,-1007,-1396,-1339,-1307,-1110,-1241,-1166,-1232,-1222,-1145,-1247,-1425,-1143,-1031,-883,-1122,-1060,-1173,-1348,-1418,-1337,-1646,-1836,-1906,-1743,-1593,-1085,-1301,-1644,-2191,-2095,-2338,-2108,-1970,-2155,-2476,-2464,-1933,-2135,-2051,-2108,-1922,-1780,-1697,-2080,-1973,-1859,-1400,-1057,-1443,-1050,-1165,-1042,-1492,-1772,-1776,-2200,-1712,-1525,-1438,-1229,-1211,-1529,-1396,-1326,-1343,-1261,-1584,-1868,-1615,-1478,-1678,-1628,-1537,-1502,-1779,-1774,-1420,-1269,-1242,-1091,-1241,-1567,-1511,-1476,-1486,-1605,-1617,-1387,-1297,-1235,-1308,-1341,-1310,-1280,-1164,-1107,-1254,-1352,-1354,-1399,-1309,-1197,-1206,-1331,-1211,-1260,-1141,-1053,-1019,-1001,-956,-829,-882,-746,-781,-571,-643,-715,-949,-1059,-967,-860,-1019,-1094,-1164,-936,-908,-955,-1107,-1010,-1133,-1214,-1073,-1040,-1059,-941,-1270,-1246,-1339,-1450
143,354.2400000000000091,-1796,-1373,-1387,-1242,-1265,-1414,-1605,-1670,-1987,-1987,-1831,-1894,-1997,-1625,-1619,-1317,-1345,-1171,-1032,-869,-846,-969,-1190,-1305,-1573,-1748,-1566,-1612,-1524,-1394,-1439,-1538,-1681,-1403,-1216,-998,-1231,-1237,-1378,-1366,-1238,-1357,-1385,-1563,-1769,-1805,-1574,-1482,-1517,-1392,-1451,-1533,-1739,-1693,-1521,-1588,-1708,-1693,-1463,-1489,-1605,-1489,-1345,-1049,-1029,-884,-1031,-1221,-1413,-1667,-1451,-1812,-1409,-1696,-1392,-1313,-1049,-1023,-1375,-1591,-1360,-1349,-1260,-1102,-1357,-1087,-1177,-1498,-1964,-1332,-1781,-1558,-1115,-1184,-1203,-1274,-1220,-1431,-1244,-1052,-1241,-1043,-972,-908,-1102,-1185,-1180,-1296,-1421,-1571,-1631,-1323,-1499,-1739,-1415,-1456,-1256,-1267,-1241,-954,-1273,-1091,-874,-1212,-1394,-1411,-1449,-1427,-1208,-1054,-980,-977,-657,-686,-871,-1289,-1590,-1295,-1042,-1121,-1118,-925,-647,-1175,-1185,-980,-850,-772,-675,-930,-618,-747,-682,-673,-928,-1260,-1227,-1204,-1065,-1178,-1101,-1222,-1185,-1032,-1130,-1269,-1021,-944,-857,-1075,-1055,-1164,-1289,-1325,-1269,-1602,-1851,-1906,-1781,-1622,-1061,-1300,-1637,-2194,-2055,-2288,-2111,-1954,-2099,-2425,-2486,-1932,-2054,-2007,-2091,-1923,-1789,-1708,-2077,-1972,-1841,-1378,-1050,-1445,-1105,-1183,-1055,-1518,-1741,-1718,-2082,-1685,-1452,-1375,-1183,-1137,-1423,-1347,-1304,-1330,-1317,-1606,-1882,-1604,-1516,-1712,-1627,-1541,-1462,-1680,-1692,-1302,-1154,-1125,-990,-1095,-1459,-1403,-1413,-1392,-1485,-1483,-1292,-1176,-1115,-1164,-1190,-1133,-1153,-1041,-1007,-1219,-1306,-1316,-1362,-1251,-1165,-1112,-1204,-1080,-1070,-943,-919,-839,-862,-893,-687,-823,-709,-689,-437,-497,-542,-786,-903,-832,-792,-970,-1069,-1087,-831,-799,-851,-992,-888,-1015,-1114,-989,-938,-983,-902,-1170,-1127,-1180,-1312
144,357.4400000000000546,-1720,-1350,-1372,-1217,-1248,-1481,-1562,-1617,-1936,-1952,-1797,-1848,-1935,-1899,-1565,-1290,-1360,-1219,-1045,-909,-917,-1040,-1247,-1321,-1570,-1715,-1530,-1509,-1498,-1417,-1422,-1500,-1648,-1372,-1159,-970,-1199,-1220,-1380,-1373,-1293,-1375,-1343,-1531,-1735,-1737,-1527,-1450,-1475,-1349,-1435,-1508,-1717,-1694,-1507,-1578,-1638,-1679,-1429,-1475,-1596,-1489,-1320,-1038,-994,-812,-982,-1167,-1345,-1583,-1403,-1800,-1380,-1652,-1340,-1300,-1066,-1029,-1358,-1558,-1320,-1313,-1242,-1074,-1370,-1076,-1159,-1466,-1914,-1263,-1733,-1517,-1057,-1117,-1138,-1230,-1207,-1415,-1194,-1026,-1196,-988,-937,-906,-1131,-1225,-1218,-1250,-1386,-1534,-1583,-1277,-1465,-1703,-1350,-1371,-1206,-1251,-1228,-975,-1240,-1010,-784,-1096,-1291,-1374,-1429,-1367,-1144,-1004,-933,-972,-612,-624,-784,-1173,-1468,-1226,-942,-1011,-1032,-873,-604,-1097,-1165,-960,-832,-749,-673,-879,-588,-759,-657,-670,-914,-1188,-1188,-1170,-1044,-1173,-1072,-1088,-1077,-922,-1034,-1174,-954,-868,-780,-959,-999,-1139,-1204,-1231,-1186,-1542,-1845,-1903,-1784,-1581,-1085,-1320,-1610,-2166,-1960,-2237,-2061,-1933,-2048,-2353,-2452,-1911,-1948,-1994,-2036,-1900,-1769,-1670,-2049,-1959,-1845,-1371,-1093,-1453,-1138,-1235,-1061,-1534,-1734,-1592,-2041,-1634,-1420,-1320,-1136,-1143,-1397,-1336,-1310,-1326,-1270,-1634,-1877,-1607,-1546,-1743,-1611,-1521,-1381,-1526,-1514,-1166,-1035,-959,-864,-1018,-1317,-1292,-1274,-1253,-1345,-1349,-1161,-1027,-974,-1041,-1053,-1030,-1035,-953,-901,-1159,-1218,-1233,-1261,-1112,-1045,-1051,-1089,-909,-884,-731,-695,-719,-810,-869,-671,-826,-724,-694,-466,-469,-461,-715,-741,-715,-712,-936,-1068,-1024,-802,-751,-756,-965,-835,-943,-1036,-930,-919,-959,-820,-1054,-1032,-1044,-1162
145,360.6400000000000432,-1658,-1319,-1467,-1207,-1199,-1447,-1489,-1565,-1893,-1916,-1750,-1781,-1927,-1686,-1505,-1258,-1324,-1223,-1088,-938,-968,-1093,-1286,-1332,-1538,-1672,-1496,-1517,-1495,-1455,-1424,-1473,-1589,-1329,-1117,-943,-1170,-1207,-1397,-1392,-1284,-1374,-1337,-1490,-1698,-1716,-1472,-1411,-1437,-1337,-1397,-1474,-1681,-1669,-1499,-1543,-1602,-1649,-1389,-1441,-1577,-1490,-1301,-992,-974,-785,-941,-1121,-1284,-1514,-1327,-1733,-1345,-1624,-1322,-1274,-1076,-1033,-1330,-1489,-1276,-1258,-1213,-1075,-1363,-1075,-1147,-1412,-1830,-1193,-1657,-1442,-985,-1062,-1087,-1173,-1159,-1338,-1204,-993,-1187,-955,-921,-908,-1118,-1224,-1210,-1224,-1350,-1495,-1555,-1241,-1439,-1669,-1315,-1309,-1170,-1231,-1223,-951,-1191,-929,-708,-1047,-1227,-1365,-1442,-1361,-1137,-1012,-953,-992,-648,-632,-766,-1131,-1367,-1160,-866,-918,-942,-817,-577,-1035,-1149,-960,-839,-747,-643,-834,-593,-754,-687,-681,-853,-1110,-1164,-1155,-1049,-1189,-1089,-1145,-1068,-847,-977,-1141,-864,-785,-732,-880,-929,-1108,-1098,-1078,-1078,-1506,-1787,-1852,-1745,-1549,-1128,-1225,-1570,-2106,-1885,-2112,-2025,-1922,-1973,-2266,-2361,-1812,-1972,-1902,-1972,-1831,-1729,-1644,-2026,-1905,-1830,-1415,-1106,-1484,-1181,-1284,-1118,-1517,-1714,-1621,-2039,-1637,-1364,-1274,-1116,-1122,-1365,-1343,-1341,-1339,-1287,-1631,-1847,-1564,-1556,-1711,-1600,-1493,-1278,-1403,-1380,-1023,-855,-802,-738,-833,-1149,-1139,-1151,-1147,-1197,-1208,-1018,-909,-833,-932,-959,-941,-984,-914,-840,-1028,-1106,-1096,-1129,-976,-866,-832,-913,-720,-685,-568,-576,-625,-759,-833,-705,-929,-763,-779,-496,-476,-470,-651,-723,-672,-624,-827,-1015,-1037,-876,-756,-752,-869,-743,-884,-1021,-874,-930,-1034,-876,-1072,-976,-974,-1128
146,363.8400000000000318,-1595,-1271,-1442,-1140,-1133,-1377,-1428,-1528,-1842,-1878,-1687,-1678,-1969,-1586,-1449,-1186,-1308,-1215,-1085,-1002,-1007,-1136,-1274,-1320,-1514,-1637,-1433,-1548,-1485,-1440,-1428,-1425,-1540,-1279,-1079,-920,-1148,-1178,-1389,-1378,-1248,-1357,-1321,-1461,-1665,-1673,-1415,-1362,-1403,-1309,-1354,-1439,-1630,-1654,-1478,-1504,-1546,-1606,-1337,-1404,-1532,-1458,-1277,-1034,-946,-759,-891,-1131,-1244,-1454,-1247,-1648,-1303,-1580,-1275,-1244,-1086,-1021,-1294,-1427,-1227,-1243,-1184,-1060,-1376,-1028,-1118,-1350,-1758,-1128,-1581,-1377,-925,-1015,-1077,-1144,-1139,-1342,-1145,-994,-1156,-946,-888,-914,-1128,-1194,-1186,-1200,-1299,-1436,-1498,-1194,-1396,-1627,-1279,-1261,-1161,-1197,-1203,-916,-1119,-877,-678,-1014,-1215,-1386,-1477,-1375,-1204,-1030,-983,-1042,-675,-653,-697,-1071,-1308,-1093,-790,-836,-867,-769,-549,-1036,-1154,-971,-821,-773,-636,-821,-566,-731,-682,-697,-835,-1108,-1202,-1174,-1071,-1199,-1118,-1131,-1110,-849,-961,-1113,-820,-758,-650,-818,-859,-1000,-990,-969,-983,-1388,-1699,-1771,-1683,-1578,-1083,-1232,-1501,-1954,-1779,-1983,-1891,-1846,-1863,-2129,-2257,-1792,-1880,-1816,-1879,-1734,-1636,-1574,-1978,-1879,-1783,-1362,-1100,-1475,-1198,-1283,-1151,-1530,-1683,-1623,-2011,-1641,-1337,-1232,-1096,-1118,-1372,-1328,-1347,-1337,-1271,-1608,-1799,-1503,-1494,-1664,-1564,-1422,-1168,-1226,-1239,-862,-695,-654,-591,-719,-965,-1020,-1026,-979,-1061,-1037,-864,-767,-737,-835,-854,-874,-919,-860,-757,-898,-948,-947,-974,-811,-716,-686,-728,-549,-508,-435,-567,-662,-766,-872,-696,-941,-815,-838,-697,-582,-512,-643,-711,-655,-607,-817,-972,-1017,-884,-785,-723,-841,-677,-820,-952,-869,-927,-1037,-855,-1027,-946,-930,-1073
147,367.0400000000000205,-1575,-1218,-1112,-1107,-1106,-1246,-1374,-1497,-1805,-1847,-1626,-1591,-1799,-1522,-1373,-1095,-1241,-1170,-1070,-989,-1020,-1125,-1261,-1253,-1472,-1564,-1389,-1494,-1451,-1451,-1436,-1396,-1482,-1243,-1039,-903,-1115,-1164,-1390,-1393,-1229,-1343,-1284,-1458,-1635,-1637,-1371,-1316,-1360,-1253,-1277,-1387,-1599,-1628,-1455,-1468,-1508,-1532,-1303,-1353,-1469,-1425,-1260,-991,-934,-759,-875,-611,-1218,-1424,-1182,-1577,-1242,-1516,-1221,-1202,-1060,-1013,-1255,-1375,-1176,-1199,-1174,-1054,-1346,-1012,-1064,-1322,-1696,-1095,-1517,-1328,-889,-988,-1049,-1126,-1110,-1273,-1082,-917,-1106,-947,-903,-913,-1102,-1163,-1163,-1159,-1245,-1380,-1392,-1126,-1336,-1564,-1245,-1217,-1106,-1154,-1156,-878,-1056,-835,-666,-1018,-1241,-1417,-1507,-1421,-1194,-1091,-1027,-1078,-717,-643,-680,-1014,-1240,-1056,-781,-804,-806,-706,-549,-1052,-1178,-1002,-876,-803,-668,-807,-520,-749,-742,-731,-890,-1123,-1236,-1237,-1104,-1202,-1136,-1163,-1132,-889,-977,-1130,-880,-727,-604,-708,-796,-932,-872,-870,-871,-1305,-1531,-1664,-1619,-1512,-1019,-1190,-1436,-1902,-1666,-1854,-1799,-1782,-1802,-2014,-2122,-1683,-1812,-1719,-1736,-1595,-1531,-1509,-1889,-1801,-1740,-1342,-1069,-1490,-1180,-1292,-1155,-1511,-1742,-1604,-1992,-1563,-1337,-1218,-1111,-1132,-1378,-1366,-1329,-1329,-1283,-1544,-1736,-1482,-1429,-1578,-1493,-1305,-1058,-1132,-1073,-753,-521,-495,-453,-552,-822,-856,-910,-864,-933,-926,-740,-707,-651,-742,-794,-821,-867,-790,-705,-800,-825,-783,-823,-667,-560,-531,-592,-411,-434,-369,-520,-654,-808,-886,-720,-932,-876,-883,-693,-687,-617,-716,-684,-623,-571,-775,-900,-1015,-855,-851,-796,-882,-685,-816,-986,-874,-935,-1048,-811,-1045,-951,-890,-1148
148,370.2400000000000091,-1503,-1176,-1412,-1052,-1063,-1151,-1352,-1468,-1783,-1797,-1564,-1492,-1486,-1480,-1159,-1021,-1198,-1153,-1054,-1003,-1029,-1080,-1223,-1218,-1395,-1499,-1336,-1381,-1432,-1430,-1413,-1370,-1442,-1139,-1000,-854,-1107,-1165,-1394,-1370,-1183,-1289,-1262,-1438,-1611,-1588,-1337,-1285,-1337,-1234,-1255,-1356,-1572,-1595,-1434,-1445,-1476,-1506,-1269,-1305,-1431,-1397,-1243,-1008,-942,-757,-864,-1057,-1188,-1393,-1154,-1526,-1190,-1459,-1192,-1159,-1024,-979,-1213,-1329,-1138,-1189,-1158,-1040,-1347,-978,-1051,-1291,-1680,-1077,-1471,-1276,-873,-969,-1047,-1118,-1072,-1274,-1017,-889,-1111,-966,-933,-909,-1075,-1148,-1141,-1161,-1194,-1299,-1348,-1089,-1268,-1505,-1193,-1188,-1073,-1122,-1180,-822,-1041,-842,-650,-1053,-1299,-1456,-1554,-1467,-1210,-1158,-1086,-1088,-743,-651,-653,-1005,-1208,-1022,-757,-795,-782,-697,-564,-1072,-1203,-1027,-875,-850,-707,-814,-524,-717,-788,-758,-930,-1217,-1281,-1268,-1176,-1216,-1142,-1214,-1210,-848,-1018,-1185,-920,-728,-533,-660,-739,-842,-778,-691,-757,-1180,-1401,-1519,-1474,-1412,-934,-1113,-1367,-1858,-1564,-1749,-1679,-1643,-1726,-1913,-2002,-1598,-1720,-1638,-1718,-1526,-1447,-1414,-1798,-1723,-1692,-1321,-1032,-1430,-1192,-1280,-1145,-1449,-1725,-1608,-1990,-1635,-1350,-1260,-1131,-1181,-1385,-1362,-1296,-1319,-1259,-1499,-1717,-1446,-1355,-1528,-1398,-1197,-951,-1034,-966,-678,-393,-381,-375,-491,-733,-706,-810,-811,-819,-807,-639,-645,-586,-685,-757,-805,-850,-722,-594,-697,-745,-688,-736,-566,-480,-426,-497,-316,-422,-415,-567,-733,-839,-903,-742,-949,-878,-929,-863,-746,-686,-773,-744,-649,-535,-783,-868,-951,-881,-867,-825,-897,-712,-847,-992,-892,-1002,-1061,-892,-1039,-976,-902,-1144
149,373.4400000000000546,-1504,-1129,-1143,-1029,-1032,-1160,-1343,-1453,-1737,-1757,-1505,-1436,-1703,-1153,-1283,-990,-1156,-1113,-1046,-959,-979,-1049,-1167,-1201,-1324,-1406,-1300,-1406,-1435,-1385,-1381,-1339,-1412,-1105,-966,-835,-1086,-1162,-1366,-1335,-1150,-1257,-1249,-1413,-1585,-1559,-1291,-1250,-1293,-1163,-1196,-1290,-1513,-1555,-1389,-1395,-1412,-1455,-1234,-1269,-1392,-1338,-1205,-953,-947,-767,-863,-677,-1170,-1386,-1137,-1495,-1145,-1454,-1154,-1128,-947,-927,-1172,-1297,-1119,-1176,-1156,-1049,-1289,-961,-1033,-1296,-1682,-1063,-1425,-1268,-876,-966,-1038,-1115,-1057,-1234,-1015,-843,-1076,-970,-951,-886,-1024,-1105,-1090,-1088,-1141,-1236,-1293,-1043,-1209,-1456,-1153,-1155,-1043,-1084,-1083,-791,-1028,-856,-706,-1101,-1351,-1495,-1589,-1544,-1320,-1203,-1106,-1073,-693,-615,-649,-976,-1188,-1035,-783,-820,-787,-695,-590,-1088,-1214,-1059,-973,-868,-727,-819,-526,-729,-736,-787,-953,-1249,-1297,-1277,-1143,-1174,-1147,-1231,-1190,-933,-1061,-1247,-947,-728,-550,-616,-692,-766,-741,-683,-691,-1104,-1289,-1382,-1343,-1259,-856,-1002,-1251,-1691,-1456,-1652,-1596,-1554,-1651,-1811,-1900,-1516,-1625,-1544,-1582,-1451,-1363,-1325,-1701,-1663,-1632,-1260,-1013,-1433,-1164,-1262,-1128,-1462,-1653,-1602,-1998,-1640,-1362,-1221,-1128,-1119,-1380,-1308,-1252,-1310,-1243,-1436,-1707,-1403,-1304,-1425,-1290,-1077,-863,-979,-885,-612,-336,-305,-344,-444,-605,-610,-746,-749,-756,-716,-621,-621,-564,-652,-667,-744,-796,-640,-571,-654,-651,-608,-688,-524,-434,-351,-515,-324,-477,-489,-636,-800,-900,-914,-743,-913,-862,-948,-833,-808,-687,-828,-780,-661,-520,-739,-857,-922,-922,-905,-864,-974,-764,-896,-1002,-917,-958,-1046,-893,-1020,-985,-895,-1115
150,376.6400000000000432,-1454,-1089,-1086,-975,-997,-1132,-1302,-1413,-1709,-1690,-1448,-1393,-1653,-1336,-1063,-962,-1135,-1069,-1004,-944,-940,-982,-1123,-1138,-1245,-1367,-1266,-1332,-1396,-1369,-1340,-1312,-1387,-1065,-934,-812,-1082,-1158,-1330,-1280,-1120,-1204,-1203,-1405,-1570,-1528,-1284,-1234,-1269,-1136,-1157,-1270,-1477,-1488,-1361,-1356,-1376,-1385,-1207,-1222,-1338,-1277,-1166,-944,-952,-781,-862,-934,-1141,-1374,-1138,-1462,-1112,-1437,-1114,-1077,-920,-872,-1138,-1272,-1090,-1151,-1135,-1025,-1269,-969,-1024,-1321,-1695,-1047,-1420,-1261,-895,-961,-1032,-1097,-1033,-1214,-963,-822,-1060,-983,-951,-888,-1003,-1080,-1082,-1047,-1093,-1202,-1255,-1009,-1155,-1383,-1127,-1142,-1046,-1041,-1022,-767,-1034,-876,-748,-1139,-1369,-1512,-1612,-1567,-1347,-1230,-1097,-1039,-676,-588,-592,-951,-1152,-1066,-829,-880,-829,-728,-615,-1110,-1221,-1090,-967,-896,-734,-813,-516,-705,-735,-794,-1018,-1244,-1297,-1284,-1159,-1172,-1148,-1250,-1189,-993,-1088,-1258,-929,-769,-553,-620,-659,-715,-734,-646,-648,-1015,-1172,-1230,-1197,-1150,-770,-917,-1147,-1558,-1368,-1574,-1497,-1464,-1584,-1765,-1810,-1482,-1544,-1467,-1513,-1395,-1278,-1264,-1617,-1588,-1532,-1193,-988,-1341,-1119,-1232,-1097,-1426,-1662,-1563,-1944,-1577,-1378,-1256,-1061,-1099,-1381,-1291,-1203,-1274,-1179,-1450,-1686,-1372,-1258,-1299,-1164,-985,-802,-945,-847,-589,-269,-281,-342,-403,-542,-576,-711,-723,-710,-672,-587,-602,-563,-628,-598,-700,-710,-535,-438,-579,-623,-562,-674,-519,-455,-425,-533,-418,-573,-579,-753,-827,-890,-955,-733,-911,-887,-931,-774,-808,-767,-832,-833,-692,-537,-759,-851,-928,-867,-905,-919,-1025,-838,-931,-1078,-936,-947,-1046,-854,-1018,-1012,-908,-1171
151,379.8400000000000318,-1415,-1063,-889,-944,-963,-1375,-1296,-1387,-1641,-1627,-1388,-1354,-1498,-1281,-1295,-960,-1111,-1028,-966,-900,-911,-945,-1088,-1070,-1197,-1306,-1242,-1351,-1350,-1330,-1303,-1283,-1327,-1053,-903,-780,-1065,-1130,-1294,-1235,-1073,-1181,-1209,-1397,-1527,-1498,-1254,-1204,-1214,-1123,-1128,-1207,-1427,-1458,-1310,-1309,-1373,-1391,-1201,-1207,-1296,-1231,-1130,-914,-926,-787,-850,-977,-1123,-1348,-1148,-1454,-1091,-1306,-1094,-1054,-862,-842,-1110,-1252,-1097,-1124,-1104,-993,-1243,-925,-1022,-1315,-1695,-1086,-1409,-1246,-914,-964,-1018,-1083,-1002,-1171,-925,-806,-1059,-984,-958,-871,-990,-1051,-995,-963,-1049,-1143,-1235,-957,-1097,-1351,-1106,-1149,-1030,-1007,-1003,-735,-1031,-917,-764,-1161,-1379,-1524,-1623,-1608,-1392,-1230,-1075,-993,-616,-564,-567,-928,-1161,-1100,-915,-935,-872,-756,-625,-1108,-1223,-1105,-990,-903,-745,-837,-536,-739,-752,-796,-1037,-1311,-1306,-1281,-1124,-1177,-1138,-1245,-1177,-995,-1108,-1252,-993,-796,-563,-547,-751,-732,-729,-685,-656,-939,-1065,-1110,-1081,-1031,-675,-798,-1035,-1461,-1305,-1498,-1425,-1364,-1515,-1702,-1750,-1385,-1515,-1436,-1492,-1389,-1228,-1188,-1524,-1543,-1484,-1139,-921,-1279,-1044,-1135,-1054,-1370,-1723,-1634,-1922,-1602,-1366,-1225,-1052,-1056,-1346,-1246,-1147,-1217,-1098,-1445,-1661,-1366,-1193,-1242,-1057,-905,-776,-923,-802,-595,-282,-295,-358,-422,-519,-545,-720,-762,-679,-659,-576,-631,-556,-626,-594,-648,-614,-482,-427,-490,-590,-583,-703,-569,-491,-434,-647,-522,-632,-645,-831,-883,-931,-914,-722,-880,-826,-907,-758,-778,-771,-820,-826,-725,-538,-750,-905,-936,-889,-918,-954,-1025,-873,-972,-1057,-892,-934,-1020,-865,-999,-1020,-916,-1143
152,383.0400000000000205,-1380,-1030,-1149,-906,-969,-1030,-1273,-1328,-1561,-1549,-1330,-1317,-1406,-1380,-1068,-1001,-1101,-1006,-951,-873,-868,-898,-1037,-1057,-1168,-1266,-1193,-1337,-1334,-1286,-1280,-1268,-1347,-1051,-891,-768,-1063,-1108,-1250,-1189,-1028,-1150,-1187,-1378,-1533,-1471,-1241,-1189,-1195,-1081,-1100,-1206,-1395,-1420,-1248,-1288,-1306,-1373,-1184,-1188,-1286,-1199,-1085,-893,-928,-785,-840,-973,-1097,-1338,-1131,-1459,-1083,-1293,-1065,-1035,-825,-776,-1067,-1243,-1077,-1103,-1090,-970,-1206,-931,-1012,-1303,-1685,-1102,-1403,-1246,-917,-964,-1001,-1051,-981,-1134,-927,-774,-1021,-963,-948,-863,-975,-1008,-939,-952,-1040,-1124,-1206,-924,-1073,-1325,-1071,-1128,-1005,-964,-965,-728,-1030,-930,-809,-1169,-1353,-1501,-1613,-1608,-1357,-1202,-1046,-952,-605,-535,-594,-917,-1183,-1140,-975,-996,-909,-790,-631,-1092,-1213,-1114,-994,-905,-736,-834,-555,-742,-770,-817,-1054,-1329,-1315,-1305,-1161,-1197,-1157,-1233,-1182,-1024,-1105,-1242,-1007,-799,-593,-657,-705,-714,-764,-675,-627,-911,-1004,-1042,-950,-856,-590,-748,-976,-1383,-1259,-1448,-1398,-1296,-1465,-1664,-1689,-1287,-1466,-1403,-1466,-1372,-1199,-1132,-1455,-1459,-1415,-1039,-870,-1223,-956,-1088,-987,-1288,-1614,-1659,-1885,-1551,-1348,-1189,-1036,-1009,-1243,-1209,-1117,-1162,-1119,-1396,-1623,-1323,-1132,-1162,-992,-863,-742,-920,-844,-627,-295,-312,-396,-440,-503,-526,-723,-710,-703,-657,-574,-620,-583,-625,-612,-581,-599,-430,-359,-536,-571,-578,-749,-637,-559,-558,-736,-652,-798,-725,-868,-888,-928,-876,-725,-874,-805,-903,-808,-790,-816,-882,-838,-712,-560,-736,-915,-1023,-925,-927,-984,-1041,-950,-1006,-1070,-903,-921,-967,-877,-1033,-1028,-925,-1173
153,386.2400000000000091,-1339,-1008,-1131,-884,-937,-1095,-1249,-1150,-1520,-1467,-1279,-1294,-1394,-1340,-1178,-995,-1071,-1016,-913,-859,-839,-890,-1024,-1048,-1164,-1247,-1159,-1256,-1303,-1266,-1262,-1258,-1331,-985,-866,-776,-1033,-1081,-1203,-1153,-1011,-1130,-1165,-1363,-1501,-1466,-1238,-1176,-1185,-1093,-1108,-1186,-1371,-1349,-1247,-1258,-1331,-1345,-1160,-1172,-1266,-1185,-1063,-868,-921,-782,-832,-945,-1075,-1304,-1121,-1436,-1084,-1326,-1050,-999,-799,-781,-1055,-1229,-1078,-1106,-1069,-947,-1176,-917,-1003,-1264,-1650,-1076,-1397,-1230,-907,-972,-991,-1033,-955,-1077,-842,-770,-1020,-938,-899,-856,-962,-956,-885,-907,-1013,-1099,-1179,-899,-1055,-1322,-1075,-1118,-1004,-941,-938,-722,-1026,-953,-843,-1162,-1330,-1475,-1561,-1566,-1310,-1175,-1023,-930,-570,-542,-570,-966,-1201,-1159,-1007,-1037,-961,-803,-614,-1094,-1209,-1118,-974,-908,-726,-844,-592,-756,-765,-806,-1038,-1303,-1326,-1283,-1148,-1227,-1166,-1278,-1132,-1010,-1100,-1199,-968,-792,-595,-684,-696,-752,-787,-749,-658,-889,-984,-995,-871,-826,-556,-672,-901,-1344,-1243,-1400,-1310,-1252,-1404,-1613,-1600,-1276,-1456,-1368,-1446,-1327,-1145,-1073,-1389,-1400,-1337,-1003,-809,-1134,-876,-1007,-947,-1269,-1583,-1663,-1965,-1606,-1311,-1154,-963,-932,-1226,-1208,-1071,-1104,-1089,-1313,-1592,-1256,-1069,-1105,-927,-828,-742,-972,-853,-650,-380,-398,-435,-528,-532,-563,-721,-722,-696,-677,-606,-641,-591,-653,-617,-574,-536,-423,-393,-504,-577,-614,-789,-682,-616,-565,-741,-742,-848,-781,-866,-894,-928,-861,-696,-874,-842,-836,-699,-782,-772,-884,-871,-763,-612,-786,-954,-995,-942,-896,-957,-1018,-884,-1011,-1036,-887,-879,-953,-843,-1042,-1048,-963,-1211
154,389.4400000000000546,-1292,-992,-960,-860,-922,-1071,-1231,-1270,-1438,-1397,-1223,-1262,-1267,-1049,-1156,-982,-1064,-982,-875,-800,-806,-846,-997,-1019,-1140,-1245,-1137,-1176,-1280,-1233,-1267,-1237,-1327,-967,-859,-771,-1014,-1052,-1169,-1070,-973,-1105,-1168,-1344,-1486,-1445,-1226,-1166,-1174,-1068,-1096,-1177,-1352,-1337,-1224,-1247,-1296,-1325,-1148,-1161,-1239,-1168,-1055,-866,-888,-779,-830,-933,-1048,-1299,-1116,-1430,-1079,-1311,-1034,-982,-781,-750,-1025,-1205,-1043,-1075,-1033,-919,-1141,-888,-961,-1237,-1601,-1070,-1395,-1224,-907,-952,-986,-1015,-937,-1108,-892,-778,-997,-905,-900,-880,-920,-913,-852,-860,-997,-1080,-1153,-882,-1019,-1302,-1061,-1097,-951,-918,-920,-722,-1036,-961,-833,-1140,-1336,-1454,-1510,-1505,-1260,-1126,-1014,-928,-597,-560,-607,-988,-1217,-1176,-1023,-1062,-966,-809,-626,-1076,-1195,-1108,-975,-904,-741,-863,-638,-784,-789,-822,-1005,-1289,-1290,-1277,-1173,-1242,-1189,-1230,-1138,-1012,-1077,-1160,-943,-787,-634,-749,-730,-805,-841,-795,-715,-907,-976,-996,-889,-868,-522,-620,-858,-1312,-1214,-1334,-1302,-1220,-1378,-1566,-1688,-1273,-1409,-1387,-1401,-1295,-1139,-1032,-1332,-1315,-1272,-963,-731,-1058,-817,-961,-881,-1213,-1580,-1624,-1931,-1502,-1275,-1109,-960,-965,-1183,-1198,-1048,-1044,-1025,-1290,-1502,-1162,-1016,-1033,-875,-826,-744,-973,-874,-678,-387,-444,-463,-497,-524,-539,-722,-736,-708,-696,-588,-647,-630,-670,-599,-572,-560,-457,-394,-525,-646,-674,-782,-697,-643,-716,-860,-801,-887,-830,-879,-885,-849,-811,-693,-870,-827,-818,-720,-741,-789,-880,-885,-798,-668,-841,-1005,-1072,-954,-920,-908,-1051,-932,-1044,-1039,-856,-905,-929,-854,-1067,-1065,-973,-1222
155,392.6400000000000432,-1272,-952,-951,-878,-893,-1046,-1183,-1215,-1381,-1328,-1181,-1225,-1399,-1470,-1162,-956,-1055,-949,-840,-768,-782,-842,-976,-1007,-1136,-1221,-1096,-1082,-1238,-1175,-1230,-1213,-1310,-979,-857,-757,-994,-1027,-1144,-1066,-966,-1082,-1160,-1308,-1435,-1429,-1217,-1180,-1169,-1047,-1094,-1172,-1341,-1333,-1219,-1235,-1246,-1309,-1127,-1132,-1240,-1144,-1048,-868,-876,-733,-791,-929,-1050,-1272,-1102,-1408,-1054,-1274,-1014,-965,-759,-735,-1016,-1169,-1017,-1053,-1004,-871,-1091,-859,-929,-1184,-1553,-1053,-1380,-1210,-889,-952,-973,-987,-921,-1069,-880,-788,-981,-890,-864,-825,-894,-881,-820,-894,-969,-1040,-1140,-871,-1002,-1287,-1070,-1082,-943,-892,-885,-733,-1046,-987,-828,-1116,-1294,-1384,-1445,-1419,-1224,-1130,-1023,-943,-626,-583,-632,-1008,-1230,-1160,-990,-1056,-957,-812,-608,-1049,-1180,-1088,-1002,-907,-769,-874,-625,-799,-791,-819,-1024,-1267,-1298,-1326,-1199,-1278,-1150,-1240,-1212,-1002,-1066,-1154,-972,-784,-645,-717,-845,-837,-894,-829,-721,-927,-986,-992,-852,-753,-503,-590,-847,-1280,-1214,-1282,-1228,-1202,-1364,-1535,-1515,-1243,-1327,-1340,-1373,-1258,-1092,-1043,-1306,-1277,-1205,-883,-646,-967,-767,-847,-835,-1206,-1512,-1575,-1881,-1458,-1225,-1088,-917,-996,-1174,-1126,-1014,-1019,-980,-1219,-1421,-1125,-963,-1040,-841,-755,-754,-960,-887,-715,-449,-464,-471,-526,-568,-540,-688,-739,-735,-732,-584,-654,-631,-695,-652,-580,-560,-469,-422,-582,-661,-709,-799,-692,-711,-676,-911,-810,-875,-844,-851,-858,-857,-809,-702,-850,-805,-864,-681,-723,-783,-876,-909,-850,-688,-1008,-987,-1065,-932,-938,-926,-949,-889,-993,-1040,-882,-908,-957,-827,-1043,-1009,-988,-1209
156,395.8400000000000318,-1213,-948,-964,-867,-917,-1022,-1116,-1163,-1323,-1269,-1128,-1164,-1340,-1084,-1131,-927,-1017,-936,-873,-741,-744,-807,-948,-945,-1149,-1215,-1059,-1170,-1188,-1158,-1195,-1191,-1290,-963,-848,-732,-962,-995,-1111,-1026,-935,-1033,-1108,-1254,-1411,-1392,-1203,-1143,-1174,-1034,-1078,-1143,-1347,-1354,-1229,-1245,-1288,-1312,-1100,-1118,-1217,-1135,-1028,-838,-855,-700,-758,-913,-1038,-1247,-1077,-1368,-1053,-1284,-992,-944,-748,-717,-974,-1144,-985,-1038,-980,-848,-1060,-842,-913,-1157,-1521,-1036,-1361,-1201,-883,-950,-952,-968,-922,-1053,-889,-777,-984,-853,-834,-787,-865,-860,-827,-870,-941,-1016,-1114,-862,-997,-1280,-1035,-1037,-895,-879,-888,-723,-1050,-977,-822,-1089,-1237,-1325,-1401,-1391,-1195,-1120,-1029,-973,-681,-641,-636,-1016,-1237,-1154,-990,-1019,-945,-790,-612,-1039,-1161,-1071,-964,-933,-811,-896,-637,-802,-815,-820,-1018,-1278,-1253,-1321,-1179,-1261,-1203,-1222,-1161,-985,-1051,-1154,-926,-793,-674,-783,-787,-842,-888,-831,-781,-955,-1008,-1007,-855,-838,-508,-594,-839,-1243,-1200,-1265,-1238,-1206,-1361,-1514,-1602,-1236,-1353,-1263,-1331,-1219,-1085,-1031,-1276,-1246,-1179,-793,-593,-878,-698,-829,-798,-1147,-1430,-1482,-1803,-1410,-1191,-1064,-900,-920,-1159,-1108,-991,-973,-891,-1150,-1335,-1047,-921,-962,-824,-777,-752,-968,-905,-727,-458,-476,-486,-533,-576,-531,-676,-727,-726,-741,-588,-661,-623,-697,-690,-613,-625,-520,-472,-625,-712,-748,-793,-684,-664,-637,-868,-816,-859,-795,-783,-843,-834,-795,-679,-824,-795,-769,-749,-699,-772,-885,-921,-835,-748,-972,-1032,-1057,-906,-922,-931,-1027,-910,-986,-1023,-889,-904,-966,-876,-1007,-1029,-978,-1158
157,399.0400000000000205,-1165,-922,-1151,-873,-869,-994,-1104,-1140,-1268,-1220,-1085,-1145,-1207,-1235,-1062,-902,-998,-915,-820,-712,-739,-800,-900,-963,-1131,-1221,-1059,-1102,-1161,-1114,-1148,-1162,-1262,-987,-846,-725,-939,-970,-1093,-1002,-911,-1016,-1075,-1195,-1379,-1372,-1187,-1143,-1149,-1038,-1073,-1154,-1347,-1381,-1234,-1239,-1287,-1284,-1087,-1104,-1194,-1128,-1023,-833,-824,-684,-739,-896,-1028,-1229,-1057,-1346,-1017,-1243,-983,-914,-718,-654,-952,-1103,-951,-1007,-953,-823,-1023,-794,-881,-1155,-1501,-1000,-1343,-1189,-875,-949,-946,-956,-911,-1036,-863,-775,-961,-844,-810,-767,-818,-844,-791,-874,-932,-999,-1098,-854,-997,-1273,-1018,-1018,-884,-883,-876,-737,-1041,-951,-807,-1055,-1180,-1291,-1360,-1366,-1177,-1107,-1041,-1011,-699,-648,-664,-1043,-1208,-1120,-959,-1001,-915,-790,-589,-1051,-1140,-1036,-957,-937,-807,-908,-626,-761,-823,-823,-1012,-1211,-1243,-1301,-1173,-1237,-1154,-1264,-1140,-1003,-1038,-1127,-944,-794,-655,-793,-864,-855,-869,-818,-736,-969,-1041,-1021,-852,-822,-507,-599,-850,-1240,-1186,-1258,-1227,-1216,-1341,-1507,-1557,-1201,-1322,-1281,-1297,-1204,-1059,-1049,-1277,-1236,-1158,-803,-550,-850,-683,-766,-748,-1099,-1367,-1390,-1723,-1393,-1132,-1017,-895,-894,-1169,-1100,-969,-917,-858,-1071,-1261,-976,-869,-955,-792,-736,-747,-948,-897,-706,-467,-492,-469,-537,-572,-519,-693,-722,-725,-719,-613,-649,-640,-700,-674,-665,-674,-551,-471,-669,-726,-745,-771,-652,-636,-692,-821,-819,-840,-753,-889,-837,-829,-846,-750,-847,-775,-776,-735,-692,-765,-826,-926,-806,-769,-891,-1018,-1095,-965,-954,-889,-971,-903,-964,-1055,-926,-965,-1000,-890,-1025,-993,-960,-1055
158,402.2400000000000091,-1121,-896,-1252,-846,-877,-952,-1053,-1006,-1223,-1167,-1044,-1099,-1238,-1170,-985,-871,-977,-900,-804,-715,-709,-788,-901,-941,-1099,-1201,-1053,-1089,-1121,-1065,-1103,-1105,-1220,-940,-830,-701,-909,-948,-1060,-982,-878,-979,-1047,-1200,-1340,-1346,-1163,-1121,-1139,-1020,-1047,-1150,-1335,-1346,-1234,-1262,-1262,-1302,-1069,-1085,-1139,-1123,-1012,-823,-802,-647,-711,-885,-1006,-1218,-1020,-1323,-1002,-1231,-955,-878,-702,-673,-938,-1071,-935,-989,-929,-800,-989,-784,-868,-1141,-1490,-997,-1335,-1176,-866,-925,-932,-937,-900,-1026,-849,-773,-939,-824,-764,-723,-791,-836,-786,-838,-930,-985,-1073,-854,-988,-1240,-1009,-986,-875,-880,-888,-728,-1039,-926,-760,-1018,-1132,-1251,-1340,-1365,-1161,-1120,-1074,-1030,-715,-671,-702,-1020,-1215,-1042,-897,-967,-904,-784,-614,-1029,-1120,-1003,-971,-957,-823,-888,-626,-765,-832,-867,-1010,-1214,-1197,-1273,-1126,-1218,-1123,-1164,-1113,-926,-1033,-1147,-898,-791,-730,-818,-822,-817,-841,-797,-728,-1010,-1066,-1059,-926,-833,-536,-604,-865,-1254,-1169,-1250,-1257,-1224,-1352,-1494,-1547,-1240,-1301,-1237,-1261,-1187,-1060,-1048,-1286,-1205,-1115,-766,-533,-821,-633,-716,-689,-1035,-1277,-1263,-1606,-1320,-1106,-984,-862,-902,-1151,-1067,-952,-863,-809,-1046,-1212,-958,-841,-948,-761,-729,-707,-921,-891,-701,-468,-460,-477,-540,-568,-549,-721,-725,-750,-743,-595,-680,-640,-698,-671,-709,-724,-611,-555,-697,-708,-732,-763,-629,-633,-649,-816,-754,-796,-765,-827,-815,-824,-857,-759,-875,-711,-753,-611,-652,-754,-900,-874,-884,-810,-966,-1012,-1055,-981,-937,-968,-996,-884,-975,-1082,-921,-927,-994,-839,-1014,-985,-950,-1116
159,405.4400000000000546,-1075,-884,-972,-833,-844,-1152,-1016,-1045,-1187,-1137,-1015,-1041,-1162,-1085,-1073,-854,-943,-891,-775,-698,-690,-761,-869,-898,-1058,-1176,-1039,-1007,-1086,-1029,-1050,-1064,-1166,-932,-807,-680,-867,-902,-1024,-953,-877,-962,-994,-1146,-1293,-1323,-1151,-1117,-1127,-1014,-1035,-1145,-1320,-1347,-1246,-1261,-1277,-1267,-1052,-1068,-1137,-1111,-997,-790,-780,-631,-695,-859,-977,-1182,-1000,-1282,-978,-1205,-936,-875,-687,-673,-914,-1040,-907,-969,-894,-798,-976,-787,-855,-1121,-1469,-980,-1304,-1159,-843,-912,-927,-932,-888,-1016,-858,-766,-929,-824,-755,-695,-763,-829,-792,-855,-920,-985,-1090,-860,-993,-1230,-979,-968,-871,-895,-897,-740,-1001,-894,-738,-989,-1097,-1235,-1331,-1359,-1211,-1122,-1083,-1043,-738,-688,-711,-993,-1197,-1033,-905,-937,-872,-777,-628,-1041,-1091,-978,-893,-914,-791,-867,-629,-744,-817,-864,-1027,-1185,-1197,-1213,-1068,-1135,-1095,-1171,-1087,-925,-1020,-1130,-949,-812,-704,-803,-767,-820,-810,-768,-729,-973,-1110,-1077,-933,-852,-569,-648,-894,-1270,-1171,-1267,-1223,-1231,-1367,-1498,-1569,-1243,-1277,-1173,-1264,-1171,-1052,-1065,-1292,-1235,-1155,-774,-518,-803,-604,-679,-652,-956,-1211,-1147,-1536,-1235,-1033,-920,-843,-831,-1095,-1014,-898,-840,-749,-1016,-1181,-915,-833,-927,-755,-709,-705,-885,-877,-694,-450,-456,-465,-541,-572,-564,-704,-734,-742,-785,-637,-676,-607,-679,-706,-746,-760,-636,-541,-722,-728,-707,-738,-624,-593,-616,-770,-707,-772,-730,-787,-812,-821,-845,-737,-808,-774,-757,-685,-667,-709,-890,-920,-840,-807,-910,-1007,-1049,-941,-935,-894,-1013,-857,-947,-1040,-960,-943,-993,-834,-1016,-990,-935,-1137
160,408.6400000000000432,-1074,-878,-909,-824,-847,-955,-991,-991,-1129,-1101,-990,-1014,-1133,-1639,-924,-819,-940,-846,-775,-685,-694,-730,-825,-879,-1024,-1136,-1004,-1065,-1042,-975,-999,-1010,-1120,-877,-770,-644,-819,-862,-1008,-922,-872,-954,-988,-1138,-1276,-1299,-1141,-1108,-1103,-1018,-1021,-1106,-1309,-1331,-1233,-1245,-1262,-1277,-1069,-1068,-1120,-1080,-979,-779,-746,-620,-679,-869,-965,-1148,-962,-1251,-947,-1191,-922,-853,-694,-680,-883,-1018,-886,-947,-879,-760,-961,-788,-861,-1078,-1446,-968,-1269,-1117,-823,-889,-907,-910,-859,-987,-787,-745,-944,-800,-719,-649,-755,-809,-788,-859,-908,-977,-1086,-862,-978,-1226,-962,-952,-878,-897,-906,-730,-960,-843,-699,-961,-1095,-1235,-1340,-1362,-1190,-1115,-1072,-1034,-716,-668,-684,-1006,-1187,-1049,-905,-932,-877,-785,-630,-1032,-1079,-949,-898,-862,-760,-842,-599,-711,-782,-853,-1014,-1191,-1184,-1181,-1031,-1094,-1056,-1192,-1075,-940,-1029,-1169,-930,-817,-664,-794,-808,-807,-780,-751,-688,-977,-1089,-1105,-960,-872,-591,-617,-862,-1234,-1172,-1269,-1209,-1245,-1339,-1505,-1543,-1189,-1300,-1216,-1235,-1196,-1071,-1080,-1312,-1241,-1165,-790,-557,-793,-605,-669,-626,-917,-1095,-1179,-1459,-1136,-982,-864,-813,-812,-1058,-990,-884,-797,-734,-985,-1157,-886,-821,-922,-732,-680,-679,-890,-846,-682,-445,-462,-473,-539,-596,-578,-696,-746,-729,-778,-599,-668,-619,-685,-715,-758,-770,-682,-613,-702,-694,-685,-721,-621,-583,-590,-697,-661,-734,-704,-810,-796,-831,-891,-749,-806,-746,-757,-650,-682,-678,-828,-878,-851,-761,-875,-976,-1043,-928,-927,-869,-951,-809,-945,-1038,-912,-931,-964,-815,-1020,-974,-932,-1022
161,411.839999999999975,-1056,-850,-793,-806,-822,-1044,-953,-963,-1105,-1079,-972,-983,-1099,-855,-945,-819,-903,-830,-736,-669,-659,-718,-799,-835,-980,-1088,-981,-1000,-1028,-947,-978,-984,-1076,-827,-736,-609,-777,-820,-961,-931,-860,-949,-984,-1116,-1280,-1285,-1104,-1075,-1108,-992,-1010,-1115,-1282,-1314,-1212,-1235,-1256,-1272,-1063,-1072,-1136,-1068,-965,-778,-734,-609,-665,-726,-921,-1127,-949,-1236,-923,-1199,-908,-857,-688,-669,-876,-1006,-863,-916,-856,-756,-939,-755,-817,-1069,-1422,-911,-1239,-1085,-804,-841,-876,-882,-822,-948,-818,-716,-888,-758,-693,-636,-757,-804,-761,-823,-902,-964,-1084,-852,-974,-1181,-927,-949,-882,-903,-902,-714,-922,-798,-662,-933,-1085,-1229,-1347,-1363,-1191,-1096,-1050,-1002,-723,-664,-696,-995,-1159,-1051,-872,-928,-872,-776,-640,-1034,-1047,-903,-798,-784,-698,-793,-568,-704,-757,-856,-971,-1165,-1117,-1150,-946,-1093,-1039,-1121,-1055,-912,-1042,-1146,-961,-825,-718,-760,-788,-805,-767,-710,-688,-944,-1086,-1113,-945,-954,-608,-672,-903,-1238,-1168,-1259,-1219,-1212,-1353,-1520,-1552,-1293,-1290,-1195,-1283,-1221,-1079,-1095,-1331,-1274,-1158,-762,-528,-773,-603,-629,-592,-900,-1167,-1069,-1357,-1095,-918,-833,-759,-710,-1024,-911,-829,-781,-709,-972,-1149,-878,-820,-909,-737,-720,-658,-879,-849,-677,-459,-471,-471,-556,-623,-601,-709,-735,-739,-748,-658,-661,-630,-673,-718,-751,-768,-707,-646,-698,-712,-663,-720,-632,-589,-576,-664,-597,-693,-636,-783,-786,-825,-867,-727,-765,-739,-708,-723,-621,-676,-792,-864,-812,-764,-797,-933,-970,-938,-904,-842,-900,-800,-915,-1042,-905,-920,-940,-810,-987,-995,-930,-1132
162,415.0399999999999636,-1031,-835,-868,-780,-788,-984,-920,-945,-1087,-1060,-946,-964,-1075,-1422,-957,-791,-904,-798,-728,-663,-647,-686,-753,-816,-919,-1026,-945,-1013,-1019,-994,-965,-946,-1046,-779,-696,-577,-729,-767,-933,-905,-845,-929,-952,-1113,-1264,-1253,-1099,-1052,-1067,-964,-982,-1091,-1265,-1292,-1199,-1245,-1262,-1267,-1066,-1067,-1118,-1062,-955,-752,-747,-608,-668,-879,-913,-1099,-926,-1213,-919,-1155,-888,-844,-681,-686,-867,-1002,-859,-900,-839,-742,-931,-731,-791,-1050,-1384,-907,-1191,-1061,-775,-828,-845,-851,-785,-921,-790,-700,-832,-722,-648,-631,-745,-802,-762,-807,-890,-1003,-1063,-846,-954,-1160,-934,-955,-903,-914,-901,-712,-875,-765,-634,-923,-1098,-1222,-1332,-1353,-1131,-1060,-1017,-964,-693,-643,-679,-973,-1150,-1037,-883,-922,-886,-790,-627,-1008,-1025,-882,-775,-749,-610,-729,-548,-683,-706,-781,-961,-1123,-1094,-1107,-947,-947,-1005,-1125,-1053,-894,-1036,-1148,-1010,-828,-712,-775,-787,-835,-742,-693,-652,-942,-976,-1115,-978,-894,-634,-713,-912,-1250,-1164,-1260,-1237,-1220,-1351,-1490,-1538,-1228,-1296,-1190,-1236,-1196,-1101,-1095,-1349,-1281,-1204,-813,-547,-817,-595,-641,-590,-859,-1067,-1049,-1315,-1018,-852,-756,-719,-683,-939,-888,-798,-752,-696,-920,-1098,-876,-829,-948,-762,-711,-665,-855,-852,-678,-470,-477,-493,-575,-627,-621,-719,-732,-726,-745,-640,-655,-578,-666,-711,-767,-771,-691,-631,-683,-683,-654,-737,-654,-602,-589,-645,-583,-664,-638,-675,-790,-826,-842,-712,-794,-702,-762,-587,-654,-696,-783,-844,-805,-725,-952,-958,-1013,-878,-883,-894,-931,-782,-846,-971,-878,-930,-923,-797,-975,-983,-952,-1117
163,418.2400000000000091,-995,-815,-857,-770,-771,-856,-887,-917,-1052,-1036,-917,-935,-1040,-1432,-972,-806,-873,-774,-705,-648,-626,-674,-751,-791,-885,-991,-900,-894,-1006,-963,-945,-944,-1042,-742,-658,-544,-683,-747,-913,-891,-829,-908,-934,-1093,-1241,-1259,-1042,-1038,-1050,-942,-985,-1055,-1255,-1270,-1182,-1210,-1240,-1264,-1060,-1069,-1118,-1034,-939,-770,-728,-632,-664,-802,-878,-1083,-903,-1179,-897,-1116,-874,-843,-696,-671,-860,-977,-847,-871,-828,-725,-927,-716,-758,-1004,-1340,-875,-1155,-1023,-746,-795,-810,-814,-761,-873,-715,-660,-774,-683,-637,-612,-751,-799,-756,-827,-883,-972,-1068,-848,-953,-1150,-937,-953,-894,-913,-896,-700,-857,-731,-629,-914,-1074,-1217,-1306,-1328,-1144,-1044,-987,-920,-651,-623,-665,-955,-1148,-1040,-866,-905,-877,-777,-616,-975,-989,-848,-710,-705,-585,-708,-522,-671,-721,-719,-898,-1039,-1082,-1044,-921,-998,-996,-1097,-1007,-944,-1024,-1140,-961,-813,-696,-704,-801,-790,-777,-698,-661,-908,-1094,-1074,-957,-920,-656,-711,-955,-1240,-1168,-1284,-1244,-1245,-1337,-1483,-1548,-1163,-1295,-1213,-1228,-1182,-1107,-1074,-1345,-1304,-1202,-851,-566,-760,-599,-657,-582,-864,-1032,-1027,-1303,-1105,-833,-749,-668,-651,-898,-808,-764,-750,-624,-901,-1068,-870,-829,-910,-768,-707,-678,-842,-825,-684,-499,-508,-474,-571,-634,-638,-697,-759,-742,-795,-631,-622,-610,-679,-716,-748,-781,-695,-632,-679,-659,-657,-739,-622,-561,-558,-648,-553,-643,-640,-752,-785,-812,-845,-631,-776,-753,-747,-646,-655,-703,-815,-816,-789,-697,-779,-948,-964,-819,-845,-832,-855,-763,-845,-927,-841,-856,-892,-798,-964,-964,-937,-1123
164,421.4399999999999977,-996,-806,-829,-758,-754,-828,-879,-925,-1052,-1016,-898,-904,-678,-606,-922,-779,-865,-766,-688,-641,-619,-663,-724,-744,-851,-947,-866,-878,-974,-913,-954,-947,-1043,-724,-635,-521,-664,-720,-890,-854,-788,-870,-916,-1066,-1233,-1217,-1056,-992,-1023,-923,-979,-1060,-1237,-1250,-1168,-1192,-1229,-1226,-1046,-1044,-1100,-1045,-922,-763,-738,-633,-672,-802,-868,-1064,-889,-1169,-883,-1086,-867,-829,-676,-662,-859,-982,-854,-858,-810,-721,-901,-696,-739,-956,-1290,-855,-1120,-986,-712,-744,-760,-763,-720,-829,-691,-623,-739,-650,-642,-612,-759,-793,-755,-824,-878,-972,-1053,-819,-955,-1159,-947,-971,-894,-914,-889,-677,-833,-722,-621,-913,-1101,-1201,-1262,-1275,-1119,-1017,-962,-889,-655,-611,-677,-935,-1144,-1009,-861,-898,-861,-757,-603,-939,-954,-829,-711,-669,-537,-653,-500,-636,-645,-660,-844,-1041,-1035,-969,-917,-1011,-961,-1053,-955,-865,-999,-1117,-953,-806,-669,-749,-815,-849,-764,-703,-696,-926,-1026,-1050,-982,-926,-662,-752,-962,-1276,-1174,-1288,-1264,-1221,-1326,-1481,-1507,-1199,-1277,-1195,-1240,-1197,-1109,-1069,-1340,-1292,-1172,-867,-570,-783,-624,-650,-563,-856,-1062,-1020,-1275,-1043,-809,-709,-572,-584,-845,-789,-752,-721,-677,-881,-1037,-863,-832,-1004,-802,-732,-690,-850,-839,-685,-472,-483,-485,-574,-645,-643,-691,-754,-769,-781,-640,-605,-572,-665,-695,-736,-763,-702,-575,-640,-662,-651,-743,-647,-598,-597,-648,-549,-608,-627,-740,-789,-781,-811,-627,-789,-725,-731,-643,-611,-667,-769,-777,-739,-682,-800,-893,-952,-849,-802,-811,-866,-748,-822,-881,-817,-845,-876,-793,-940,-980,-956,-1018
165,424.6399999999999864,-975,-791,-930,-743,-724,-877,-845,-876,-1040,-993,-878,-898,-1204,-877,-918,-770,-855,-758,-680,-601,-601,-638,-726,-744,-839,-926,-830,-991,-972,-919,-942,-949,-1036,-692,-620,-512,-648,-707,-872,-828,-766,-832,-882,-1048,-1210,-1208,-1028,-966,-996,-903,-945,-1017,-1206,-1236,-1139,-1181,-1197,-1218,-1026,-1042,-1096,-1044,-925,-758,-753,-660,-680,-633,-861,-1039,-869,-1140,-869,-1090,-837,-810,-680,-662,-836,-960,-825,-849,-797,-697,-867,-679,-704,-927,-1249,-818,-1081,-931,-666,-699,-733,-741,-692,-796,-661,-573,-697,-630,-626,-613,-735,-804,-750,-854,-881,-987,-1049,-844,-950,-1160,-952,-980,-875,-916,-875,-664,-821,-698,-600,-894,-1087,-1169,-1222,-1238,-1112,-996,-928,-856,-616,-608,-632,-928,-1100,-1036,-854,-869,-848,-721,-568,-895,-925,-791,-692,-621,-497,-657,-480,-624,-637,-619,-778,-982,-1019,-1099,-883,-985,-953,-1010,-1003,-842,-988,-1094,-923,-785,-661,-761,-771,-822,-769,-705,-705,-935,-1037,-1057,-1028,-895,-672,-747,-941,-1288,-1175,-1299,-1221,-1237,-1317,-1473,-1510,-1242,-1284,-1235,-1247,-1189,-1097,-1039,-1306,-1250,-1164,-855,-567,-828,-579,-690,-577,-819,-983,-1001,-1266,-1058,-796,-674,-563,-538,-788,-761,-713,-713,-666,-880,-1032,-847,-846,-950,-828,-736,-683,-841,-823,-684,-494,-484,-460,-556,-641,-632,-701,-733,-752,-766,-636,-623,-592,-666,-711,-740,-716,-663,-565,-618,-690,-640,-748,-632,-594,-590,-652,-559,-599,-601,-717,-782,-780,-819,-605,-736,-724,-778,-693,-641,-663,-733,-750,-701,-660,-806,-869,-935,-834,-791,-805,-831,-715,-798,-868,-789,-852,-877,-760,-947,-931,-928,-1089
166,427.839999999999975,-948,-779,-808,-731,-714,-631,-834,-924,-1030,-985,-866,-883,-990,-965,-893,-760,-834,-739,-655,-590,-579,-639,-709,-711,-832,-905,-823,-854,-962,-919,-946,-953,-1027,-721,-614,-507,-641,-681,-844,-820,-713,-801,-860,-1038,-1196,-1190,-1004,-950,-971,-875,-915,-1004,-1176,-1237,-1136,-1153,-1206,-1187,-1029,-1027,-1094,-1038,-913,-757,-770,-655,-682,-1178,-857,-1033,-854,-1120,-846,-1082,-827,-804,-675,-645,-821,-935,-813,-828,-786,-671,-835,-655,-680,-895,-1220,-808,-1053,-873,-645,-673,-692,-708,-671,-783,-637,-554,-678,-634,-650,-629,-739,-799,-764,-823,-881,-955,-1030,-834,-950,-1162,-969,-983,-888,-899,-862,-654,-816,-722,-611,-896,-1066,-1122,-1178,-1195,-1042,-961,-909,-849,-604,-571,-652,-907,-1069,-964,-822,-850,-821,-688,-524,-847,-891,-776,-663,-614,-501,-637,-474,-615,-574,-589,-746,-944,-995,-945,-890,-978,-953,-1045,-976,-859,-953,-1062,-910,-764,-644,-706,-826,-812,-789,-742,-706,-922,-1038,-1056,-1011,-992,-699,-752,-997,-1317,-1182,-1291,-1250,-1228,-1304,-1451,-1484,-1175,-1319,-1202,-1261,-1195,-1076,-994,-1248,-1221,-1182,-852,-580,-772,-627,-633,-586,-847,-947,-1009,-1221,-1029,-787,-658,-577,-577,-833,-758,-709,-703,-668,-858,-1033,-880,-840,-930,-824,-744,-692,-858,-847,-688,-480,-469,-459,-522,-635,-627,-728,-761,-761,-764,-640,-643,-607,-679,-710,-729,-710,-636,-538,-586,-658,-659,-727,-639,-551,-524,-671,-557,-623,-603,-750,-742,-789,-777,-621,-756,-712,-736,-674,-624,-655,-732,-741,-649,-613,-740,-859,-924,-803,-783,-732,-851,-719,-784,-847,-753,-804,-854,-705,-923,-904,-888,-1049
167,431.0399999999999636,-904,-771,-829,-728,-708,-863,-819,-899,-1016,-980,-858,-880,-987,-969,-869,-738,-811,-776,-646,-572,-562,-629,-707,-748,-835,-902,-810,-876,-950,-900,-945,-941,-1016,-689,-610,-499,-639,-694,-825,-777,-682,-764,-840,-1019,-1160,-1154,-974,-938,-954,-872,-904,-999,-1157,-1199,-1133,-1125,-1177,-1173,-1004,-1014,-1064,-1013,-919,-771,-756,-647,-679,-943,-863,-1024,-853,-1124,-837,-1051,-821,-791,-625,-620,-803,-926,-803,-809,-760,-657,-816,-633,-657,-874,-1178,-766,-1030,-853,-613,-657,-678,-699,-657,-738,-584,-520,-675,-637,-651,-630,-743,-793,-785,-837,-876,-958,-1030,-844,-945,-1149,-986,-978,-876,-884,-846,-649,-819,-712,-602,-876,-1054,-1089,-1156,-1154,-1012,-943,-879,-834,-627,-571,-616,-890,-1051,-918,-788,-807,-773,-662,-499,-806,-861,-782,-648,-608,-507,-621,-426,-582,-581,-533,-700,-932,-1006,-950,-876,-954,-931,-998,-952,-798,-928,-1025,-879,-738,-604,-701,-750,-775,-746,-746,-694,-954,-1044,-1062,-1005,-976,-719,-798,-941,-1269,-1192,-1299,-1213,-1208,-1264,-1420,-1479,-1157,-1269,-1223,-1278,-1169,-1063,-994,-1219,-1223,-1134,-834,-597,-775,-628,-652,-563,-848,-922,-986,-1171,-1025,-800,-659,-576,-567,-817,-782,-705,-706,-657,-907,-1043,-867,-839,-971,-799,-747,-696,-851,-804,-622,-469,-475,-445,-530,-643,-610,-716,-739,-766,-739,-619,-643,-615,-685,-692,-681,-705,-597,-515,-575,-635,-637,-691,-609,-531,-514,-645,-575,-617,-576,-700,-751,-732,-753,-613,-764,-667,-757,-673,-640,-671,-709,-696,-653,-605,-677,-833,-829,-768,-784,-734,-821,-694,-779,-825,-768,-740,-826,-709,-889,-909,-859,-1079
168,434.2400000000000091,-902,-734,-763,-711,-700,-784,-849,-893,-996,-966,-864,-875,-971,-937,-853,-720,-798,-744,-618,-550,-544,-622,-687,-724,-824,-892,-816,-955,-953,-876,-931,-919,-1004,-716,-612,-500,-638,-675,-790,-772,-642,-732,-806,-1002,-1156,-1143,-957,-920,-930,-824,-871,-973,-1128,-1168,-1089,-1107,-1143,-1144,-983,-981,-1040,-1014,-912,-764,-751,-653,-692,-934,-867,-1024,-845,-1096,-826,-1037,-795,-768,-613,-526,-780,-909,-767,-812,-739,-628,-791,-616,-635,-846,-1150,-744,-989,-834,-608,-638,-673,-673,-637,-703,-529,-498,-658,-636,-649,-643,-729,-796,-769,-809,-873,-953,-1024,-839,-950,-1145,-964,-963,-857,-858,-811,-634,-847,-718,-601,-869,-1019,-1056,-1120,-1116,-977,-913,-878,-814,-544,-550,-619,-871,-1018,-915,-754,-760,-740,-635,-464,-766,-842,-742,-635,-591,-527,-598,-412,-542,-578,-544,-677,-907,-965,-937,-860,-935,-894,-990,-946,-809,-889,-989,-863,-718,-596,-688,-739,-749,-764,-728,-708,-936,-1053,-1072,-1029,-1040,-726,-808,-986,-1307,-1186,-1272,-1202,-1186,-1265,-1356,-1443,-1130,-1238,-1202,-1259,-1151,-1049,-966,-1202,-1153,-1153,-814,-600,-786,-627,-646,-565,-804,-975,-974,-1244,-1030,-786,-672,-569,-631,-870,-795,-725,-713,-702,-917,-1075,-878,-841,-916,-815,-733,-693,-844,-812,-644,-486,-471,-456,-524,-626,-602,-714,-718,-773,-746,-618,-649,-626,-675,-671,-674,-694,-572,-472,-552,-602,-602,-674,-573,-508,-530,-662,-576,-616,-603,-663,-695,-707,-743,-585,-746,-671,-762,-737,-595,-632,-668,-647,-595,-594,-823,-813,-868,-759,-787,-691,-777,-668,-765,-815,-725,-754,-801,-691,-858,-864,-818,-1029
169,437.4399999999999977,-925,-748,-841,-697,-711,-770,-829,-881,-998,-968,-866,-881,-965,-937,-846,-705,-800,-727,-636,-537,-528,-593,-677,-715,-817,-890,-779,-823,-916,-850,-891,-899,-979,-683,-610,-511,-632,-675,-764,-729,-596,-708,-809,-970,-1122,-1109,-937,-884,-913,-828,-854,-936,-1111,-1142,-1058,-1082,-1117,-1123,-970,-979,-1047,-985,-902,-765,-744,-645,-686,-812,-878,-1050,-839,-1080,-816,-1012,-783,-750,-594,-592,-778,-875,-753,-770,-722,-616,-758,-608,-618,-828,-1120,-741,-983,-817,-585,-632,-675,-682,-629,-664,-589,-522,-672,-651,-669,-653,-724,-776,-758,-801,-860,-947,-1012,-844,-942,-1129,-944,-943,-839,-816,-797,-621,-843,-719,-591,-843,-965,-1021,-1095,-1087,-956,-894,-844,-814,-559,-553,-607,-841,-998,-866,-740,-732,-693,-593,-446,-738,-822,-740,-670,-597,-499,-593,-400,-519,-511,-521,-670,-916,-902,-886,-830,-916,-878,-932,-900,-788,-863,-972,-816,-682,-528,-652,-651,-738,-740,-723,-687,-911,-1043,-1056,-1027,-1000,-741,-797,-979,-1291,-1174,-1231,-1201,-1158,-1235,-1396,-1423,-1126,-1267,-1207,-1258,-1158,-1037,-1025,-1214,-1148,-1123,-846,-588,-789,-609,-647,-561,-768,-982,-979,-1237,-955,-804,-684,-610,-620,-877,-802,-746,-733,-707,-933,-1084,-898,-853,-931,-805,-693,-687,-864,-796,-648,-489,-450,-453,-478,-629,-609,-718,-733,-773,-731,-611,-626,-625,-662,-651,-655,-664,-549,-459,-555,-563,-592,-647,-553,-484,-497,-637,-579,-647,-594,-657,-702,-687,-758,-678,-702,-626,-750,-599,-604,-600,-663,-675,-619,-521,-707,-792,-828,-691,-752,-752,-770,-713,-740,-804,-737,-753,-798,-696,-835,-865,-836,-1048
170,440.6399999999999864,-902,-745,-587,-679,-667,-784,-830,-887,-987,-980,-877,-888,-1117,-308,-1030,-697,-798,-728,-604,-549,-509,-575,-664,-738,-806,-887,-805,-849,-910,-828,-880,-869,-957,-677,-608,-510,-629,-661,-735,-713,-637,-710,-790,-943,-1083,-1082,-905,-872,-908,-817,-830,-918,-1091,-1138,-1053,-1062,-1091,-1079,-945,-952,-1001,-969,-879,-720,-727,-637,-678,-773,-882,-1025,-849,-1068,-809,-997,-766,-734,-571,-555,-745,-848,-743,-773,-711,-604,-743,-589,-614,-812,-1124,-732,-968,-814,-601,-634,-672,-664,-624,-682,-583,-522,-681,-654,-654,-641,-708,-775,-746,-794,-847,-932,-993,-840,-917,-1107,-920,-923,-821,-786,-781,-603,-846,-711,-578,-821,-937,-1011,-1062,-1053,-935,-870,-818,-794,-557,-551,-579,-821,-957,-843,-685,-712,-667,-564,-410,-708,-805,-715,-632,-601,-509,-585,-378,-516,-526,-469,-667,-879,-942,-915,-809,-916,-861,-861,-845,-753,-836,-923,-763,-652,-492,-599,-635,-702,-707,-715,-648,-875,-1022,-1055,-998,-988,-719,-834,-982,-1279,-1149,-1224,-1117,-1112,-1216,-1354,-1460,-1123,-1218,-1153,-1241,-1125,-1017,-987,-1190,-1160,-1125,-820,-624,-771,-608,-625,-558,-750,-981,-960,-1224,-984,-811,-713,-675,-713,-873,-831,-718,-737,-710,-937,-1095,-931,-877,-933,-783,-713,-680,-840,-808,-635,-491,-453,-463,-504,-608,-615,-690,-711,-734,-730,-589,-589,-608,-675,-675,-626,-642,-545,-465,-563,-620,-592,-638,-534,-487,-499,-609,-602,-635,-618,-703,-693,-676,-737,-620,-710,-664,-678,-654,-550,-596,-674,-684,-627,-516,-689,-770,-830,-663,-709,-699,-739,-656,-748,-804,-708,-754,-811,-685,-797,-833,-811,-968
171,443.839999999999975,-915,-725,-573,-672,-655,-905,-821,-871,-980,-971,-882,-871,-585,-566,-758,-708,-773,-706,-608,-518,-496,-567,-651,-703,-810,-876,-803,-760,-892,-818,-847,-856,-946,-647,-601,-495,-614,-637,-726,-681,-638,-713,-762,-919,-1050,-1049,-888,-860,-872,-800,-834,-857,-1060,-1122,-1016,-1040,-1077,-1055,-925,-947,-993,-955,-867,-725,-715,-609,-664,-785,-871,-1016,-849,-1066,-792,-997,-752,-692,-553,-562,-731,-836,-704,-753,-687,-588,-740,-590,-600,-802,-1099,-724,-951,-793,-604,-639,-675,-657,-609,-649,-564,-551,-705,-647,-660,-637,-703,-751,-734,-773,-823,-894,-989,-812,-891,-1077,-889,-936,-799,-753,-775,-595,-809,-694,-557,-797,-910,-988,-1051,-1039,-906,-861,-804,-779,-540,-524,-553,-810,-910,-821,-673,-686,-636,-538,-415,-683,-792,-711,-658,-598,-512,-586,-371,-484,-473,-518,-655,-901,-895,-903,-814,-887,-856,-879,-882,-753,-807,-900,-776,-642,-535,-611,-639,-703,-667,-659,-645,-865,-973,-1028,-1037,-945,-717,-809,-971,-1255,-1124,-1180,-1057,-1088,-1196,-1323,-1347,-1086,-1204,-1181,-1207,-1114,-1004,-986,-1189,-1113,-1055,-875,-597,-780,-629,-638,-554,-781,-991,-979,-1225,-1018,-831,-705,-675,-664,-853,-813,-728,-732,-701,-945,-1090,-916,-871,-931,-784,-718,-669,-820,-788,-645,-473,-467,-467,-507,-596,-620,-684,-685,-713,-678,-571,-571,-577,-639,-661,-613,-610,-525,-478,-559,-582,-586,-581,-520,-482,-510,-617,-563,-650,-625,-670,-674,-687,-712,-534,-699,-644,-674,-570,-564,-560,-636,-664,-566,-554,-678,-751,-811,-709,-716,-693,-751,-630,-704,-792,-697,-692,-762,-729,-858,-810,-797,-939
172,447.0399999999999636,-889,-731,-226,-655,-692,-949,-833,-849,-965,-963,-878,-887,-530,-830,-834,-709,-770,-710,-588,-520,-488,-540,-611,-670,-794,-880,-785,-813,-876,-794,-839,-832,-903,-643,-596,-487,-598,-624,-713,-674,-641,-708,-770,-895,-1026,-1012,-881,-859,-863,-790,-823,-897,-1018,-1053,-993,-1017,-1037,-1037,-895,-934,-969,-933,-846,-703,-705,-589,-644,-688,-857,-1006,-845,-1058,-781,-962,-733,-700,-538,-530,-712,-814,-687,-729,-688,-598,-714,-580,-597,-794,-1075,-728,-928,-788,-607,-653,-681,-647,-618,-655,-564,-564,-689,-638,-629,-624,-686,-736,-717,-769,-815,-916,-986,-803,-863,-1044,-876,-874,-786,-746,-764,-581,-788,-677,-545,-788,-885,-967,-1048,-1004,-895,-842,-787,-754,-521,-519,-531,-792,-912,-876,-669,-658,-623,-536,-420,-674,-774,-694,-640,-594,-509,-577,-393,-523,-527,-496,-648,-886,-889,-808,-773,-826,-813,-862,-864,-696,-799,-846,-764,-631,-513,-579,-587,-654,-654,-652,-580,-809,-944,-1005,-1006,-939,-666,-774,-936,-1309,-1110,-1151,-1108,-1066,-1160,-1306,-1316,-1054,-1194,-1153,-1193,-1085,-993,-986,-1210,-1171,-1096,-822,-606,-753,-623,-647,-555,-806,-969,-1009,-1223,-1041,-805,-705,-632,-674,-827,-790,-723,-723,-701,-908,-1086,-898,-832,-850,-794,-709,-669,-807,-793,-624,-442,-455,-466,-498,-602,-619,-672,-681,-682,-653,-561,-568,-559,-640,-639,-622,-567,-515,-475,-573,-580,-581,-613,-512,-470,-513,-590,-533,-627,-598,-570,-677,-702,-699,-618,-659,-647,-630,-574,-555,-548,-605,-628,-605,-527,-669,-756,-811,-714,-694,-690,-697,-653,-741,-754,-696,-684,-771,-630,-830,-828,-785,-908
173,450.2400000000000091,-891,-721,-698,-668,-682,-763,-817,-864,-959,-953,-884,-884,-476,-239,-787,-706,-779,-697,-580,-522,-470,-542,-612,-703,-779,-852,-775,-742,-844,-805,-825,-806,-904,-658,-578,-480,-579,-610,-728,-662,-625,-717,-758,-871,-1006,-998,-862,-841,-851,-781,-804,-891,-1022,-1043,-964,-991,-1028,-1054,-901,-921,-966,-909,-819,-682,-686,-583,-626,-643,-845,-1000,-841,-1041,-778,-954,-730,-684,-543,-560,-701,-791,-670,-711,-659,-571,-705,-570,-593,-784,-1066,-711,-915,-781,-609,-645,-669,-645,-613,-683,-621,-569,-684,-621,-615,-585,-657,-719,-702,-740,-800,-900,-972,-783,-836,-1014,-841,-839,-757,-724,-721,-546,-742,-667,-531,-753,-877,-967,-1036,-994,-874,-816,-771,-742,-508,-492,-524,-752,-862,-743,-667,-652,-621,-530,-411,-652,-759,-684,-609,-585,-503,-572,-393,-507,-564,-528,-674,-864,-906,-873,-756,-809,-797,-742,-808,-698,-779,-853,-771,-607,-505,-564,-608,-626,-645,-623,-594,-794,-895,-970,-915,-861,-696,-733,-905,-1212,-1070,-1127,-1087,-1048,-1142,-1290,-1316,-1035,-1180,-1148,-1160,-1096,-963,-947,-1200,-1123,-1088,-795,-624,-782,-628,-659,-610,-834,-992,-1002,-1202,-1012,-788,-700,-645,-588,-810,-793,-722,-734,-689,-927,-1043,-867,-793,-839,-773,-727,-660,-796,-774,-616,-462,-457,-477,-521,-611,-611,-677,-669,-669,-674,-594,-564,-546,-622,-603,-613,-628,-544,-471,-551,-594,-571,-613,-512,-470,-455,-549,-513,-607,-595,-669,-647,-610,-670,-582,-718,-580,-648,-516,-544,-534,-599,-602,-627,-523,-689,-737,-785,-678,-714,-676,-706,-645,-745,-778,-687,-708,-762,-662,-826,-800,-802,-890
174,453.4399999999999977,-911,-733,-727,-658,-672,-772,-823,-849,-960,-953,-865,-886,-957,-755,-899,-684,-734,-672,-576,-520,-497,-532,-596,-669,-761,-854,-766,-816,-876,-765,-810,-806,-887,-641,-575,-459,-567,-603,-717,-687,-670,-713,-754,-871,-982,-994,-852,-840,-850,-778,-808,-863,-1004,-1022,-951,-977,-985,-1017,-875,-896,-945,-883,-793,-684,-655,-573,-611,-734,-825,-969,-822,-1027,-758,-951,-706,-684,-533,-511,-690,-775,-660,-705,-639,-559,-708,-571,-583,-790,-1054,-683,-891,-783,-615,-656,-667,-643,-614,-668,-557,-564,-654,-597,-580,-560,-636,-701,-666,-735,-787,-887,-979,-744,-806,-983,-813,-802,-739,-716,-702,-538,-735,-654,-528,-746,-866,-963,-1027,-994,-869,-823,-760,-729,-499,-464,-503,-769,-860,-784,-660,-647,-624,-549,-415,-654,-750,-683,-623,-575,-474,-590,-379,-517,-554,-534,-670,-851,-888,-877,-749,-795,-783,-831,-787,-692,-771,-858,-672,-603,-490,-551,-524,-593,-611,-600,-552,-767,-873,-905,-883,-867,-639,-641,-895,-1286,-1048,-1113,-1010,-1020,-1122,-1246,-1289,-1024,-1138,-1038,-1143,-1076,-927,-958,-1210,-1143,-1083,-856,-607,-774,-650,-678,-607,-802,-999,-968,-1204,-980,-782,-692,-605,-638,-788,-763,-717,-724,-710,-869,-1016,-821,-778,-841,-743,-704,-651,-789,-778,-624,-470,-471,-459,-523,-621,-565,-648,-626,-651,-640,-580,-560,-537,-597,-599,-632,-630,-544,-469,-557,-570,-566,-607,-534,-496,-400,-582,-520,-577,-567,-697,-658,-686,-626,-577,-653,-617,-705,-588,-522,-555,-622,-639,-561,-514,-663,-728,-821,-699,-698,-710,-727,-650,-717,-751,-666,-681,-768,-643,-856,-812,-779,-903
175,456.6399999999999864,-891,-725,-764,-656,-672,-758,-814,-844,-939,-948,-859,-862,-922,-899,-781,-684,-741,-656,-595,-522,-481,-533,-578,-641,-751,-829,-770,-798,-859,-761,-805,-797,-884,-606,-571,-477,-550,-586,-721,-691,-640,-717,-758,-859,-973,-980,-850,-822,-843,-776,-802,-855,-996,-1046,-930,-968,-973,-1029,-869,-892,-934,-870,-786,-640,-648,-562,-593,-564,-806,-954,-806,-1005,-762,-932,-697,-677,-542,-540,-679,-758,-645,-683,-624,-550,-699,-574,-568,-763,-1034,-703,-884,-772,-615,-651,-662,-630,-599,-642,-542,-537,-631,-574,-572,-542,-622,-676,-656,-706,-781,-849,-916,-727,-773,-958,-788,-784,-713,-695,-696,-528,-711,-640,-518,-743,-864,-964,-1033,-994,-878,-810,-751,-723,-517,-466,-485,-730,-843,-765,-699,-651,-620,-555,-436,-671,-738,-666,-571,-586,-487,-583,-395,-559,-536,-541,-678,-852,-884,-842,-764,-775,-786,-829,-787,-624,-764,-855,-723,-598,-492,-552,-529,-586,-571,-536,-560,-788,-855,-891,-833,-828,-617,-693,-843,-1113,-1028,-1101,-1016,-1015,-1100,-1242,-1267,-1014,-1111,-1007,-1121,-1023,-919,-918,-1157,-1139,-1047,-785,-587,-794,-651,-678,-616,-835,-1003,-983,-1154,-990,-756,-696,-625,-599,-792,-751,-701,-715,-673,-834,-998,-798,-741,-824,-697,-693,-652,-771,-759,-604,-455,-441,-465,-521,-606,-590,-664,-626,-662,-675,-551,-573,-580,-604,-594,-602,-590,-549,-495,-554,-569,-582,-613,-506,-482,-454,-566,-526,-586,-578,-680,-660,-653,-660,-595,-672,-606,-627,-513,-504,-550,-586,-597,-533,-510,-649,-696,-763,-677,-698,-649,-703,-623,-708,-737,-678,-689,-776,-649,-892,-824,-774,-898
176,459.839999999999975,-902,-712,-858,-642,-674,-750,-813,-837,-942,-936,-850,-851,-932,-926,-821,-687,-749,-655,-571,-510,-489,-533,-587,-602,-730,-798,-742,-803,-844,-765,-796,-784,-859,-609,-558,-445,-551,-589,-729,-697,-661,-723,-765,-851,-968,-983,-853,-829,-831,-771,-787,-857,-996,-989,-903,-932,-943,-979,-852,-876,-913,-860,-765,-636,-619,-543,-581,-1049,-786,-935,-782,-987,-737,-911,-693,-675,-530,-522,-657,-741,-633,-677,-616,-542,-674,-534,-560,-757,-1003,-664,-868,-774,-622,-642,-660,-642,-598,-652,-571,-520,-621,-553,-535,-530,-608,-669,-644,-707,-763,-822,-886,-694,-761,-943,-758,-757,-698,-688,-672,-523,-713,-630,-522,-738,-855,-935,-1023,-987,-869,-790,-729,-719,-507,-457,-451,-720,-827,-771,-658,-645,-629,-546,-435,-652,-738,-663,-539,-573,-475,-561,-405,-537,-529,-538,-685,-815,-853,-831,-741,-775,-764,-793,-750,-700,-760,-836,-692,-596,-498,-540,-510,-562,-573,-604,-555,-766,-869,-865,-816,-765,-579,-649,-827,-1111,-1018,-1079,-1011,-1018,-1068,-1212,-1265,-1013,-1101,-1017,-1060,-1014,-904,-881,-1120,-1099,-1043,-795,-609,-786,-638,-673,-629,-807,-1015,-962,-1170,-925,-755,-660,-636,-615,-770,-763,-693,-704,-672,-830,-989,-786,-697,-767,-682,-659,-642,-770,-744,-606,-469,-464,-459,-523,-576,-592,-645,-643,-661,-681,-538,-577,-549,-607,-616,-613,-601,-528,-505,-556,-545,-565,-608,-534,-486,-477,-590,-506,-582,-545,-627,-658,-658,-695,-543,-652,-660,-619,-538,-541,-518,-585,-604,-542,-531,-631,-712,-770,-665,-684,-677,-709,-597,-692,-740,-654,-713,-757,-643,-830,-781,-766,-859
177,463.0399999999999636,-852,-719,-738,-696,-615,-799,-819,-806,-923,-914,-838,-823,-426,-1151,-795,-672,-736,-650,-565,-511,-494,-545,-608,-585,-712,-784,-715,-798,-839,-763,-769,-777,-859,-642,-556,-468,-553,-591,-719,-704,-688,-710,-754,-854,-979,-952,-840,-818,-829,-777,-794,-820,-974,-963,-867,-924,-942,-961,-828,-848,-893,-847,-751,-623,-600,-536,-566,-685,-781,-890,-768,-975,-736,-922,-690,-669,-516,-517,-656,-730,-623,-685,-599,-533,-657,-543,-549,-726,-991,-657,-863,-771,-612,-640,-651,-619,-591,-615,-531,-505,-599,-536,-541,-516,-591,-651,-628,-697,-748,-808,-860,-676,-739,-913,-742,-734,-667,-669,-639,-520,-695,-601,-502,-742,-864,-940,-1012,-980,-855,-776,-731,-710,-494,-454,-471,-712,-810,-758,-637,-652,-636,-555,-425,-653,-729,-662,-553,-574,-477,-563,-407,-542,-564,-529,-667,-793,-823,-788,-734,-738,-749,-810,-786,-603,-749,-858,-677,-584,-497,-524,-543,-570,-535,-562,-553,-755,-834,-838,-779,-821,-544,-614,-791,-1103,-1017,-1072,-1002,-1035,-1069,-1204,-1239,-971,-1052,-1009,-1051,-976,-859,-863,-1067,-1052,-1013,-776,-604,-814,-649,-684,-637,-862,-988,-960,-1136,-943,-761,-709,-583,-653,-779,-752,-701,-692,-719,-825,-965,-785,-715,-728,-664,-677,-616,-728,-735,-604,-468,-462,-455,-538,-597,-584,-610,-635,-652,-635,-580,-593,-571,-599,-621,-602,-604,-537,-417,-530,-580,-569,-582,-541,-475,-572,-595,-501,-576,-493,-612,-657,-661,-656,-522,-670,-592,-604,-589,-530,-572,-597,-612,-549,-491,-607,-731,-744,-639,-688,-671,-689,-613,-692,-709,-645,-671,-729,-703,-748,-808,-770,-849
178,466.2400000000000091,-856,-696,-800,-668,-599,-705,-782,-821,-910,-912,-826,-837,-1046,-596,-833,-652,-722,-637,-572,-509,-494,-558,-576,-614,-697,-777,-714,-746,-819,-734,-778,-770,-836,-608,-541,-453,-550,-586,-723,-697,-704,-709,-752,-854,-968,-968,-820,-814,-832,-773,-797,-880,-962,-961,-892,-903,-924,-968,-820,-837,-886,-829,-728,-612,-590,-521,-561,-682,-757,-894,-755,-961,-721,-897,-679,-645,-525,-518,-636,-711,-609,-666,-590,-511,-631,-523,-551,-728,-981,-674,-857,-755,-596,-630,-658,-616,-593,-633,-521,-499,-612,-532,-523,-512,-580,-642,-631,-675,-718,-791,-832,-665,-727,-906,-722,-719,-653,-664,-655,-521,-694,-611,-499,-728,-848,-927,-987,-969,-855,-794,-703,-699,-487,-482,-478,-692,-798,-748,-625,-647,-624,-547,-428,-638,-726,-655,-571,-560,-472,-550,-404,-524,-521,-504,-668,-829,-835,-778,-708,-745,-716,-753,-745,-631,-742,-840,-715,-584,-479,-608,-588,-556,-548,-547,-555,-754,-835,-803,-753,-708,-563,-615,-802,-1046,-996,-1054,-1005,-1003,-1041,-1135,-1216,-972,-1030,-976,-1028,-963,-851,-828,-1030,-1025,-1015,-778,-597,-772,-655,-676,-652,-849,-957,-952,-1143,-953,-796,-719,-632,-629,-757,-745,-675,-695,-732,-833,-961,-797,-706,-772,-664,-661,-618,-729,-732,-607,-456,-460,-455,-523,-613,-550,-616,-645,-669,-686,-590,-608,-562,-603,-578,-607,-584,-528,-504,-519,-539,-546,-627,-523,-502,-460,-589,-520,-586,-547,-604,-642,-669,-638,-545,-670,-651,-599,-521,-519,-511,-578,-606,-581,-513,-652,-686,-692,-650,-616,-589,-693,-581,-683,-732,-638,-663,-706,-638,-741,-728,-736,-814
179,469.4399999999999977,-852,-695,-725,-631,-637,-703,-758,-746,-904,-895,-803,-819,-884,-862,-691,-655,-705,-596,-556,-515,-497,-552,-585,-624,-706,-768,-708,-756,-805,-717,-760,-749,-825,-570,-526,-447,-548,-600,-723,-691,-643,-691,-735,-839,-963,-963,-827,-811,-835,-766,-771,-836,-949,-962,-879,-899,-912,-922,-807,-818,-861,-808,-722,-596,-585,-509,-543,-710,-738,-878,-749,-953,-705,-897,-675,-648,-497,-466,-628,-710,-616,-671,-587,-506,-624,-512,-529,-714,-972,-675,-847,-744,-595,-615,-625,-619,-578,-602,-524,-485,-573,-522,-516,-502,-579,-635,-611,-642,-690,-756,-820,-639,-713,-867,-696,-699,-646,-658,-665,-518,-690,-601,-499,-725,-838,-911,-979,-947,-834,-763,-703,-695,-494,-470,-447,-675,-779,-727,-612,-621,-613,-529,-408,-640,-727,-664,-560,-563,-465,-553,-414,-514,-530,-524,-614,-810,-783,-768,-684,-788,-706,-772,-748,-643,-736,-866,-673,-598,-547,-550,-528,-550,-538,-539,-544,-772,-807,-819,-736,-748,-543,-604,-797,-1060,-984,-1054,-995,-975,-1051,-1198,-1218,-964,-1023,-969,-1035,-932,-850,-812,-994,-981,-962,-759,-573,-764,-644,-685,-637,-852,-979,-925,-1190,-957,-795,-730,-639,-615,-790,-725,-689,-695,-661,-829,-954,-796,-712,-751,-677,-658,-608,-739,-729,-578,-472,-470,-452,-506,-592,-528,-598,-617,-637,-679,-537,-595,-561,-603,-584,-603,-595,-526,-498,-541,-543,-567,-603,-516,-525,-433,-573,-494,-554,-517,-569,-658,-615,-685,-488,-631,-591,-615,-555,-519,-534,-608,-599,-544,-502,-692,-691,-728,-633,-617,-573,-663,-597,-665,-721,-625,-688,-728,-575,-745,-719,-708,-831
180,472.6399999999999864,-837,-678,-748,-607,-621,-600,-770,-749,-887,-877,-795,-800,-1320,-1203,-764,-660,-702,-667,-566,-522,-495,-519,-587,-638,-710,-770,-704,-623,-807,-702,-732,-729,-805,-568,-519,-435,-550,-597,-728,-680,-630,-666,-730,-841,-992,-955,-830,-807,-816,-747,-759,-822,-950,-909,-879,-892,-906,-920,-783,-813,-851,-792,-710,-582,-564,-493,-540,-846,-726,-874,-739,-937,-709,-893,-670,-633,-497,-479,-622,-700,-630,-687,-581,-479,-601,-482,-515,-695,-950,-646,-839,-723,-575,-602,-625,-616,-579,-577,-464,-470,-580,-528,-512,-515,-571,-633,-593,-694,-678,-737,-804,-643,-688,-863,-647,-677,-618,-650,-641,-516,-682,-586,-493,-706,-839,-900,-959,-929,-796,-744,-690,-675,-476,-458,-456,-654,-763,-688,-599,-607,-587,-520,-406,-631,-714,-644,-568,-547,-471,-540,-395,-489,-509,-496,-607,-809,-765,-754,-646,-705,-700,-796,-740,-608,-731,-843,-687,-563,-484,-547,-574,-563,-559,-531,-502,-776,-859,-814,-744,-746,-552,-626,-786,-1101,-989,-1037,-1000,-987,-1041,-1206,-1187,-961,-1012,-956,-1016,-945,-814,-798,-978,-965,-947,-718,-596,-756,-641,-676,-633,-808,-973,-960,-1150,-941,-806,-722,-621,-635,-788,-744,-691,-676,-658,-843,-944,-790,-729,-777,-683,-654,-609,-736,-721,-578,-454,-431,-445,-477,-561,-526,-582,-623,-622,-682,-547,-569,-559,-611,-598,-603,-593,-521,-455,-523,-569,-555,-611,-538,-502,-515,-566,-507,-557,-504,-595,-617,-619,-616,-589,-645,-567,-645,-476,-504,-496,-567,-602,-580,-508,-585,-696,-694,-633,-652,-575,-652,-597,-659,-702,-615,-675,-680,-630,-735,-719,-723,-801
181,475.839999999999975,-824,-670,-691,-600,-618,-700,-752,-781,-860,-862,-776,-791,-927,-832,-758,-653,-721,-641,-579,-534,-495,-541,-605,-617,-709,-770,-698,-715,-767,-679,-727,-708,-792,-555,-511,-439,-555,-607,-720,-665,-570,-653,-712,-836,-947,-971,-816,-800,-802,-734,-765,-771,-947,-936,-884,-890,-906,-905,-779,-801,-836,-789,-708,-595,-564,-500,-528,-610,-731,-863,-725,-897,-697,-876,-650,-624,-483,-493,-598,-704,-618,-663,-571,-487,-600,-505,-502,-698,-940,-641,-814,-702,-561,-586,-622,-595,-569,-585,-512,-477,-575,-505,-507,-508,-569,-613,-572,-619,-652,-721,-788,-631,-682,-848,-681,-651,-613,-644,-644,-512,-672,-582,-487,-702,-830,-893,-954,-915,-828,-730,-677,-656,-480,-445,-419,-656,-754,-694,-563,-600,-572,-501,-408,-618,-699,-638,-551,-538,-460,-540,-379,-512,-481,-480,-599,-778,-786,-748,-674,-690,-697,-733,-718,-602,-731,-817,-687,-566,-481,-537,-538,-557,-565,-560,-535,-753,-835,-828,-724,-725,-549,-605,-787,-1056,-970,-1046,-980,-969,-1040,-1147,-1179,-942,-975,-935,-992,-940,-819,-798,-949,-940,-913,-688,-562,-770,-650,-689,-632,-764,-993,-947,-1199,-1029,-819,-719,-648,-618,-794,-745,-691,-678,-651,-831,-952,-770,-735,-799,-663,-646,-599,-714,-723,-575,-426,-431,-437,-497,-540,-536,-581,-615,-614,-637,-534,-576,-564,-605,-598,-602,-574,-518,-458,-531,-562,-556,-595,-535,-505,-514,-586,-507,-513,-508,-575,-592,-605,-620,-492,-635,-637,-639,-591,-485,-512,-613,-612,-521,-504,-624,-683,-705,-618,-637,-598,-673,-566,-684,-700,-618,-648,-725,-523,-721,-709,-696,-782
182,479.0399999999999636,-783,-649,-702,-618,-611,-686,-731,-768,-848,-841,-770,-769,-954,-835,-671,-646,-724,-645,-554,-510,-500,-547,-605,-641,-727,-795,-701,-699,-777,-706,-719,-707,-786,-540,-511,-436,-547,-601,-703,-647,-572,-644,-694,-821,-938,-942,-811,-776,-793,-726,-747,-818,-942,-946,-884,-877,-857,-881,-768,-781,-815,-784,-692,-595,-546,-490,-517,-634,-697,-856,-722,-906,-690,-850,-643,-637,-484,-442,-610,-692,-612,-643,-575,-475,-597,-500,-497,-673,-926,-622,-801,-693,-543,-569,-598,-597,-572,-603,-514,-486,-578,-535,-515,-517,-546,-600,-548,-590,-636,-717,-781,-615,-674,-824,-654,-659,-624,-643,-651,-500,-650,-571,-486,-691,-823,-859,-937,-917,-797,-737,-671,-653,-447,-432,-461,-630,-725,-675,-587,-577,-569,-487,-422,-614,-693,-630,-537,-521,-449,-512,-381,-485,-494,-481,-590,-781,-776,-751,-663,-694,-681,-744,-721,-632,-732,-804,-675,-551,-503,-520,-537,-555,-569,-528,-508,-725,-819,-829,-805,-742,-541,-622,-807,-1049,-967,-1030,-1019,-975,-1024,-1117,-1139,-877,-963,-927,-964,-924,-819,-803,-956,-920,-894,-679,-553,-732,-654,-700,-619,-821,-980,-950,-1178,-977,-820,-725,-649,-623,-806,-755,-698,-668,-666,-813,-948,-784,-728,-747,-668,-659,-606,-735,-722,-551,-414,-410,-420,-499,-543,-481,-539,-593,-618,-654,-534,-555,-554,-597,-591,-601,-603,-526,-466,-500,-566,-564,-605,-526,-521,-505,-558,-499,-535,-515,-534,-595,-590,-621,-548,-600,-583,-623,-551,-518,-531,-572,-619,-572,-545,-613,-688,-695,-576,-585,-597,-652,-587,-656,-681,-633,-640,-683,-546,-686,-707,-678,-805
183,482.2400000000000091,-821,-680,-630,-610,-597,-748,-708,-748,-820,-827,-757,-765,-876,-804,-731,-636,-707,-651,-553,-525,-487,-533,-597,-639,-702,-780,-706,-915,-780,-687,-706,-698,-774,-529,-492,-441,-550,-595,-677,-666,-583,-612,-704,-814,-931,-935,-798,-776,-784,-735,-745,-810,-925,-942,-870,-887,-890,-896,-782,-793,-827,-786,-696,-565,-545,-476,-504,-626,-699,-843,-702,-901,-675,-869,-635,-599,-464,-483,-589,-687,-597,-652,-558,-481,-590,-506,-494,-673,-906,-602,-781,-671,-528,-541,-596,-588,-562,-611,-481,-487,-577,-521,-523,-504,-536,-581,-529,-545,-621,-705,-767,-608,-655,-818,-640,-653,-619,-628,-625,-499,-654,-555,-460,-673,-783,-855,-903,-884,-769,-706,-655,-647,-455,-449,-421,-623,-727,-649,-549,-568,-563,-513,-403,-597,-689,-612,-543,-527,-444,-514,-382,-488,-499,-455,-569,-766,-776,-693,-677,-711,-697,-790,-717,-611,-723,-804,-658,-550,-462,-525,-550,-569,-578,-527,-485,-713,-819,-837,-729,-672,-541,-618,-770,-1010,-949,-1047,-958,-931,-999,-1054,-1133,-894,-973,-923,-966,-913,-807,-831,-949,-921,-901,-655,-530,-709,-620,-661,-620,-801,-975,-967,-1196,-1018,-818,-738,-640,-641,-807,-793,-686,-664,-642,-773,-916,-772,-731,-737,-669,-638,-598,-719,-694,-556,-390,-401,-413,-474,-530,-505,-546,-580,-618,-623,-502,-528,-541,-590,-607,-584,-588,-513,-462,-489,-569,-553,-602,-516,-511,-514,-554,-491,-529,-513,-522,-563,-593,-580,-461,-600,-571,-574,-579,-492,-486,-567,-593,-520,-532,-609,-684,-673,-604,-617,-604,-685,-557,-606,-678,-615,-623,-671,-595,-724,-702,-688,-811
184,485.4399999999999977,-802,-676,-619,-602,-608,-747,-703,-744,-810,-813,-744,-743,-744,-736,-804,-614,-693,-632,-542,-510,-484,-535,-603,-636,-676,-773,-696,-602,-780,-673,-693,-692,-762,-537,-506,-435,-535,-581,-673,-597,-574,-614,-698,-809,-926,-924,-806,-773,-775,-691,-723,-809,-905,-944,-889,-893,-890,-877,-767,-773,-822,-774,-698,-571,-548,-473,-508,-620,-696,-831,-695,-892,-675,-832,-609,-587,-462,-492,-598,-677,-591,-628,-556,-483,-586,-468,-490,-651,-905,-593,-768,-652,-518,-547,-588,-580,-565,-627,-524,-491,-557,-522,-525,-493,-532,-571,-501,-565,-618,-688,-771,-615,-646,-795,-650,-648,-633,-617,-614,-491,-644,-553,-463,-663,-776,-829,-893,-865,-777,-718,-637,-629,-446,-421,-418,-637,-713,-690,-595,-567,-554,-495,-388,-592,-669,-619,-530,-532,-421,-498,-382,-489,-457,-468,-604,-737,-772,-760,-690,-708,-713,-797,-657,-605,-712,-776,-684,-531,-438,-536,-537,-612,-561,-530,-472,-696,-778,-816,-760,-706,-531,-556,-771,-1021,-930,-989,-931,-929,-978,-1071,-1145,-882,-930,-901,-931,-918,-808,-762,-946,-891,-877,-647,-554,-712,-598,-649,-620,-787,-930,-973,-1156,-977,-809,-677,-632,-620,-790,-757,-673,-657,-639,-792,-909,-774,-723,-729,-659,-608,-586,-708,-656,-520,-386,-374,-407,-458,-516,-479,-534,-586,-593,-623,-530,-522,-518,-565,-609,-587,-583,-502,-440,-499,-517,-541,-600,-512,-486,-492,-559,-494,-516,-486,-540,-561,-553,-564,-474,-576,-514,-557,-437,-486,-534,-577,-615,-550,-507,-617,-691,-739,-599,-654,-659,-666,-565,-666,-668,-601,-615,-700,-571,-698,-691,-678,-796
185,488.6399999999999864,-785,-645,-662,-599,-590,-695,-722,-722,-809,-791,-736,-746,-889,-1290,-849,-577,-679,-615,-537,-504,-471,-527,-582,-638,-706,-783,-708,-670,-777,-671,-700,-682,-734,-538,-501,-402,-529,-567,-636,-569,-573,-599,-687,-802,-912,-913,-793,-772,-767,-707,-711,-780,-908,-935,-852,-881,-891,-877,-781,-777,-815,-774,-705,-606,-558,-483,-500,-612,-687,-817,-692,-888,-664,-829,-627,-581,-461,-485,-590,-678,-582,-625,-554,-491,-568,-487,-481,-664,-884,-589,-756,-631,-519,-541,-569,-566,-549,-582,-515,-508,-558,-519,-514,-489,-522,-566,-490,-563,-613,-682,-781,-608,-635,-786,-640,-643,-616,-607,-623,-491,-640,-525,-446,-634,-744,-817,-884,-845,-721,-710,-650,-613,-468,-424,-435,-629,-715,-697,-544,-554,-550,-485,-386,-574,-663,-611,-541,-497,-414,-511,-388,-505,-497,-473,-581,-752,-762,-739,-680,-708,-707,-741,-724,-612,-695,-730,-624,-519,-451,-509,-460,-592,-565,-540,-493,-684,-778,-791,-750,-710,-525,-592,-764,-951,-907,-976,-927,-918,-962,-1049,-1097,-883,-905,-934,-941,-895,-794,-774,-938,-909,-854,-645,-543,-695,-570,-659,-616,-776,-936,-940,-1148,-1003,-812,-713,-623,-608,-794,-744,-668,-660,-635,-779,-883,-747,-706,-741,-637,-656,-575,-684,-662,-526,-373,-406,-386,-457,-499,-479,-555,-559,-609,-588,-508,-526,-484,-562,-576,-547,-574,-511,-460,-494,-573,-556,-575,-515,-500,-505,-542,-484,-515,-516,-499,-552,-569,-623,-467,-575,-524,-538,-597,-458,-522,-557,-592,-533,-496,-597,-672,-742,-625,-649,-618,-644,-541,-632,-700,-605,-613,-674,-631,-687,-702,-644,-790
186,491.839999999999975,-748,-643,-783,-590,-585,-579,-699,-702,-788,-796,-723,-727,-909,-1302,-812,-599,-667,-584,-520,-495,-478,-523,-586,-652,-708,-771,-696,-728,-777,-670,-702,-696,-745,-562,-504,-421,-496,-546,-619,-567,-540,-602,-671,-790,-911,-900,-782,-758,-769,-698,-711,-766,-898,-912,-863,-867,-888,-907,-763,-778,-814,-771,-707,-587,-551,-484,-502,-609,-671,-804,-680,-857,-665,-815,-615,-576,-454,-465,-588,-655,-549,-616,-543,-482,-582,-491,-471,-651,-873,-590,-753,-626,-512,-534,-572,-562,-549,-578,-482,-486,-578,-519,-508,-469,-524,-554,-495,-571,-616,-674,-753,-586,-623,-793,-681,-639,-606,-604,-605,-471,-648,-532,-432,-628,-719,-807,-866,-837,-760,-700,-637,-630,-430,-417,-431,-619,-695,-678,-527,-560,-553,-483,-382,-564,-645,-599,-527,-517,-431,-506,-378,-506,-451,-466,-583,-730,-760,-727,-669,-708,-718,-707,-660,-611,-679,-748,-600,-514,-442,-512,-503,-573,-549,-534,-508,-674,-749,-775,-772,-721,-522,-554,-740,-941,-893,-948,-863,-871,-931,-1094,-1107,-877,-937,-889,-936,-887,-813,-770,-926,-906,-839,-654,-498,-713,-584,-622,-603,-764,-909,-927,-1138,-963,-772,-695,-595,-603,-776,-731,-678,-649,-608,-769,-858,-728,-683,-721,-628,-582,-557,-652,-617,-497,-384,-384,-390,-437,-492,-459,-531,-557,-593,-599,-478,-511,-472,-542,-552,-573,-539,-505,-481,-496,-533,-547,-571,-498,-472,-485,-572,-480,-502,-495,-514,-581,-540,-569,-437,-551,-570,-544,-376,-460,-508,-579,-573,-540,-483,-589,-669,-714,-618,-614,-571,-649,-519,-610,-643,-576,-617,-674,-571,-687,-693,-658,-762
187,495.0399999999999636,-754,-634,-512,-582,-584,-598,-691,-701,-776,-780,-707,-713,-760,-696,-709,-591,-643,-619,-520,-479,-454,-527,-574,-660,-698,-748,-694,-772,-761,-676,-698,-685,-755,-523,-494,-409,-480,-509,-591,-553,-528,-610,-679,-780,-881,-900,-794,-741,-758,-680,-710,-766,-893,-889,-823,-874,-885,-860,-749,-778,-806,-766,-690,-578,-564,-492,-501,-602,-665,-801,-671,-843,-660,-810,-604,-570,-455,-469,-576,-648,-565,-618,-538,-484,-557,-487,-483,-632,-855,-578,-735,-615,-510,-530,-574,-548,-544,-559,-474,-468,-534,-500,-498,-460,-494,-567,-510,-573,-613,-657,-738,-578,-619,-775,-652,-628,-582,-596,-607,-458,-622,-543,-442,-622,-720,-802,-867,-839,-740,-719,-638,-624,-438,-416,-450,-621,-694,-642,-552,-557,-542,-479,-374,-545,-630,-584,-529,-516,-430,-504,-399,-491,-476,-454,-564,-794,-726,-721,-684,-725,-717,-761,-712,-553,-659,-714,-592,-503,-434,-500,-518,-550,-539,-522,-487,-696,-753,-728,-694,-714,-505,-592,-695,-908,-862,-922,-910,-863,-930,-1058,-1068,-857,-909,-865,-920,-872,-767,-772,-917,-874,-840,-598,-460,-646,-581,-608,-581,-767,-928,-917,-1128,-879,-759,-691,-595,-587,-758,-739,-656,-645,-619,-753,-856,-711,-659,-691,-590,-571,-535,-641,-611,-503,-379,-371,-385,-429,-468,-466,-534,-535,-578,-573,-453,-480,-475,-524,-547,-546,-547,-485,-468,-500,-548,-543,-588,-535,-466,-470,-537,-495,-481,-486,-583,-570,-548,-570,-417,-548,-516,-484,-477,-442,-495,-543,-561,-538,-492,-605,-671,-698,-604,-603,-562,-618,-534,-604,-662,-594,-611,-646,-587,-654,-679,-640,-767
188,498.2400000000000091,-752,-620,-619,-553,-571,-583,-670,-685,-766,-755,-686,-709,-799,-848,-684,-585,-627,-585,-486,-472,-449,-503,-572,-594,-679,-767,-678,-651,-747,-668,-682,-685,-745,-530,-484,-398,-475,-490,-593,-573,-559,-603,-665,-768,-892,-880,-758,-737,-753,-692,-703,-762,-880,-890,-831,-849,-887,-872,-755,-762,-785,-759,-680,-585,-547,-467,-503,-577,-659,-791,-677,-855,-655,-807,-607,-570,-423,-446,-573,-643,-556,-607,-532,-461,-565,-471,-482,-635,-854,-581,-734,-620,-506,-533,-577,-552,-535,-584,-445,-468,-545,-488,-482,-462,-504,-563,-515,-542,-603,-649,-718,-565,-625,-785,-627,-608,-584,-579,-579,-438,-604,-528,-429,-624,-692,-789,-882,-841,-765,-708,-639,-612,-437,-415,-424,-617,-687,-631,-547,-545,-538,-479,-370,-548,-623,-594,-538,-504,-463,-510,-386,-506,-469,-473,-573,-757,-736,-707,-645,-678,-726,-753,-699,-613,-654,-731,-612,-512,-425,-478,-516,-539,-541,-471,-487,-668,-736,-726,-668,-611,-501,-524,-682,-904,-843,-904,-842,-833,-914,-1021,-1035,-867,-950,-855,-896,-861,-768,-750,-910,-871,-847,-613,-473,-582,-543,-576,-553,-717,-865,-895,-1069,-885,-769,-680,-590,-638,-737,-719,-645,-630,-602,-726,-851,-697,-648,-667,-562,-553,-501,-630,-597,-494,-380,-359,-368,-377,-454,-482,-525,-561,-551,-571,-437,-468,-453,-525,-548,-535,-551,-494,-415,-488,-531,-536,-584,-518,-456,-528,-518,-480,-527,-498,-531,-564,-532,-570,-539,-571,-506,-533,-436,-447,-490,-506,-559,-515,-494,-585,-655,-683,-603,-617,-567,-525,-529,-602,-659,-568,-581,-646,-562,-643,-698,-641,-746
189,501.4399999999999977,-720,-613,-634,-568,-568,-542,-660,-687,-763,-750,-673,-673,-435,-890,-673,-573,-621,-580,-482,-459,-425,-502,-567,-615,-681,-731,-666,-658,-744,-658,-688,-680,-743,-531,-481,-385,-453,-494,-589,-549,-559,-604,-675,-758,-858,-856,-759,-728,-742,-683,-696,-734,-870,-874,-830,-838,-869,-848,-745,-759,-796,-747,-667,-537,-541,-473,-491,-440,-665,-796,-663,-840,-635,-813,-605,-571,-449,-457,-553,-631,-561,-613,-534,-466,-558,-485,-457,-642,-842,-572,-734,-612,-511,-545,-573,-531,-533,-574,-476,-465,-549,-476,-478,-453,-505,-563,-524,-573,-602,-651,-712,-568,-629,-783,-618,-606,-570,-584,-572,-425,-595,-521,-426,-620,-745,-796,-868,-846,-747,-697,-650,-614,-433,-436,-420,-626,-681,-636,-543,-534,-534,-468,-371,-525,-621,-578,-511,-524,-444,-523,-400,-503,-458,-453,-562,-731,-714,-691,-667,-667,-685,-730,-632,-619,-647,-703,-580,-508,-438,-504,-513,-554,-532,-544,-494,-683,-706,-741,-631,-658,-505,-565,-678,-878,-830,-877,-856,-863,-909,-1023,-1045,-852,-906,-850,-883,-842,-751,-748,-887,-873,-855,-628,-449,-603,-525,-545,-542,-693,-859,-862,-1048,-840,-740,-690,-603,-610,-678,-669,-639,-630,-589,-728,-816,-740,-644,-634,-560,-514,-494,-599,-604,-486,-363,-336,-361,-391,-407,-439,-504,-531,-541,-543,-449,-461,-462,-516,-516,-529,-551,-492,-394,-481,-523,-512,-569,-512,-462,-507,-543,-486,-542,-496,-550,-545,-553,-602,-444,-578,-547,-544,-438,-466,-496,-542,-539,-503,-469,-571,-637,-729,-589,-594,-535,-590,-478,-621,-646,-605,-642,-628,-567,-662,-668,-616,-741
190,504.6399999999999864,-723,-603,-520,-571,-572,-773,-689,-693,-736,-738,-676,-624,-615,-447,-726,-571,-631,-542,-476,-443,-426,-493,-568,-643,-668,-729,-659,-680,-728,-666,-676,-678,-757,-512,-468,-379,-439,-480,-593,-560,-532,-604,-642,-745,-840,-856,-754,-711,-727,-658,-690,-721,-848,-872,-815,-847,-843,-842,-734,-748,-772,-745,-661,-556,-538,-477,-507,-606,-652,-777,-668,-826,-636,-802,-597,-574,-463,-500,-553,-625,-544,-604,-534,-472,-558,-473,-465,-626,-825,-570,-729,-607,-530,-554,-568,-546,-531,-537,-468,-461,-511,-475,-465,-463,-518,-569,-519,-539,-595,-645,-702,-563,-615,-780,-628,-607,-573,-577,-575,-432,-595,-506,-438,-609,-734,-794,-866,-827,-745,-693,-637,-599,-416,-414,-424,-611,-661,-633,-532,-529,-533,-485,-373,-535,-618,-580,-591,-520,-443,-515,-406,-494,-455,-470,-552,-715,-727,-664,-645,-686,-684,-755,-678,-523,-635,-714,-574,-487,-449,-543,-490,-537,-542,-539,-477,-651,-702,-709,-653,-566,-503,-546,-662,-865,-819,-854,-842,-824,-902,-991,-1022,-828,-875,-850,-866,-817,-740,-722,-904,-847,-810,-646,-450,-594,-501,-521,-510,-669,-864,-861,-1023,-851,-715,-684,-618,-590,-688,-667,-600,-591,-573,-695,-815,-659,-625,-670,-520,-522,-470,-602,-575,-506,-344,-332,-351,-391,-452,-451,-489,-534,-531,-505,-405,-468,-444,-495,-494,-540,-514,-459,-411,-476,-541,-526,-579,-505,-461,-483,-556,-472,-498,-467,-558,-537,-561,-557,-421,-529,-491,-519,-478,-469,-452,-487,-562,-492,-465,-555,-639,-686,-575,-602,-571,-585,-515,-588,-632,-552,-616,-623,-533,-627,-639,-637,-766
191,507.839999999999975,-723,-602,-580,-558,-578,-868,-683,-670,-734,-727,-657,-670,-759,-703,-664,-559,-643,-620,-482,-431,-429,-507,-529,-568,-649,-728,-654,-686,-722,-645,-686,-676,-730,-486,-468,-372,-430,-481,-596,-563,-560,-587,-635,-735,-839,-824,-726,-701,-712,-662,-683,-721,-837,-844,-803,-823,-836,-837,-725,-733,-764,-731,-655,-536,-538,-443,-500,-597,-656,-787,-656,-825,-631,-847,-590,-574,-445,-447,-548,-616,-548,-606,-536,-461,-551,-484,-462,-607,-818,-561,-725,-611,-522,-546,-569,-532,-522,-551,-455,-468,-499,-463,-476,-465,-503,-571,-539,-552,-584,-647,-702,-575,-616,-767,-632,-614,-581,-581,-565,-432,-593,-508,-423,-623,-722,-801,-870,-835,-733,-697,-637,-609,-428,-409,-403,-610,-671,-632,-570,-536,-525,-478,-383,-539,-617,-572,-522,-524,-434,-517,-407,-492,-493,-452,-553,-692,-726,-677,-622,-660,-669,-696,-641,-537,-637,-702,-563,-493,-378,-501,-504,-522,-509,-530,-480,-672,-707,-696,-626,-614,-478,-534,-673,-850,-800,-880,-814,-838,-887,-993,-1020,-791,-888,-810,-878,-834,-736,-706,-826,-866,-812,-644,-427,-602,-504,-533,-512,-712,-871,-838,-1021,-786,-703,-655,-584,-558,-687,-629,-598,-578,-556,-688,-786,-657,-597,-639,-513,-499,-455,-586,-580,-490,-333,-339,-351,-383,-440,-425,-481,-502,-523,-517,-420,-453,-462,-510,-504,-534,-521,-470,-432,-481,-493,-515,-574,-491,-463,-444,-502,-473,-523,-501,-511,-574,-523,-605,-432,-558,-499,-498,-505,-457,-464,-496,-555,-502,-497,-605,-620,-674,-558,-595,-567,-614,-520,-611,-632,-592,-581,-633,-592,-653,-649,-627,-716
192,511.0399999999999636,-706,-597,-602,-596,-549,-687,-668,-669,-735,-714,-644,-651,-542,-704,-670,-568,-612,-497,-451,-435,-425,-482,-537,-582,-643,-703,-642,-674,-745,-643,-667,-672,-724,-499,-458,-368,-439,-486,-598,-565,-558,-577,-625,-721,-810,-819,-716,-685,-712,-640,-653,-712,-827,-839,-852,-813,-828,-839,-716,-711,-747,-708,-647,-534,-529,-477,-490,-592,-647,-765,-650,-815,-626,-793,-600,-569,-448,-429,-546,-612,-536,-598,-525,-475,-547,-473,-461,-596,-806,-564,-712,-612,-527,-544,-571,-536,-518,-545,-475,-447,-518,-459,-475,-467,-511,-561,-527,-542,-586,-644,-701,-582,-601,-758,-615,-597,-590,-571,-564,-430,-574,-501,-424,-621,-729,-798,-847,-831,-716,-679,-627,-610,-410,-415,-370,-579,-664,-617,-536,-524,-531,-463,-385,-527,-616,-574,-497,-505,-419,-493,-375,-461,-508,-478,-549,-693,-734,-666,-634,-637,-654,-713,-637,-516,-638,-690,-517,-493,-436,-524,-485,-515,-504,-499,-484,-638,-680,-691,-634,-645,-453,-515,-676,-854,-814,-846,-808,-818,-868,-968,-973,-790,-890,-810,-867,-800,-714,-710,-843,-817,-781,-617,-450,-609,-478,-501,-520,-678,-868,-866,-976,-835,-710,-636,-561,-547,-704,-640,-578,-571,-535,-664,-752,-633,-586,-629,-510,-494,-439,-561,-550,-447,-350,-342,-352,-393,-412,-424,-483,-501,-498,-536,-443,-454,-441,-498,-497,-526,-519,-460,-416,-469,-501,-487,-524,-478,-430,-379,-505,-461,-511,-488,-505,-532,-571,-572,-436,-547,-523,-537,-573,-456,-470,-504,-540,-558,-476,-562,-658,-668,-603,-584,-559,-558,-554,-601,-636,-561,-522,-609,-540,-644,-660,-612,-679
193,514.2400000000000091,-699,-592,-512,-534,-556,-663,-667,-687,-709,-704,-646,-615,-702,-39,-605,-555,-599,-553,-491,-438,-408,-458,-528,-594,-638,-697,-622,-636,-709,-627,-666,-661,-709,-514,-444,-372,-420,-486,-604,-556,-513,-574,-621,-711,-807,-821,-709,-684,-706,-622,-649,-705,-814,-834,-784,-796,-818,-814,-711,-713,-748,-708,-632,-533,-524,-464,-482,-581,-645,-759,-636,-797,-618,-781,-588,-570,-437,-411,-543,-613,-538,-575,-529,-456,-551,-465,-459,-589,-806,-560,-711,-605,-526,-534,-567,-530,-515,-534,-459,-441,-490,-475,-458,-458,-498,-548,-513,-551,-588,-634,-702,-582,-618,-754,-617,-592,-602,-575,-568,-439,-588,-509,-438,-616,-727,-773,-835,-820,-712,-662,-617,-588,-426,-400,-365,-584,-635,-605,-546,-514,-513,-468,-376,-522,-617,-583,-514,-423,-428,-506,-380,-476,-502,-450,-536,-672,-705,-652,-620,-627,-644,-686,-656,-535,-631,-702,-556,-483,-428,-496,-397,-493,-490,-495,-481,-658,-679,-664,-597,-621,-469,-505,-638,-850,-785,-833,-772,-808,-867,-993,-970,-766,-825,-757,-840,-787,-691,-679,-849,-846,-799,-611,-464,-606,-514,-523,-510,-673,-769,-791,-976,-799,-708,-632,-586,-568,-691,-638,-589,-561,-534,-660,-741,-610,-557,-561,-486,-463,-446,-571,-541,-444,-336,-320,-352,-400,-438,-425,-487,-511,-516,-518,-429,-456,-446,-509,-510,-508,-496,-442,-439,-463,-456,-479,-514,-441,-443,-424,-506,-467,-504,-481,-544,-553,-540,-543,-481,-544,-531,-536,-546,-449,-516,-508,-536,-503,-465,-543,-622,-687,-571,-570,-492,-559,-524,-596,-613,-537,-556,-616,-526,-721,-702,-592,-712
194,517.4399999999999409,-701,-600,-635,-526,-554,-566,-656,-751,-698,-701,-636,-652,-692,-1709,-704,-536,-601,-543,-455,-432,-418,-468,-513,-535,-625,-685,-621,-633,-710,-622,-661,-652,-710,-506,-452,-368,-436,-485,-594,-556,-506,-561,-618,-712,-804,-800,-698,-680,-696,-627,-630,-688,-798,-830,-764,-779,-803,-816,-706,-711,-742,-718,-641,-540,-514,-454,-481,-576,-651,-762,-638,-781,-609,-769,-583,-560,-461,-442,-566,-579,-533,-591,-523,-464,-554,-465,-470,-592,-793,-554,-702,-602,-527,-536,-559,-533,-504,-528,-456,-457,-495,-463,-458,-457,-489,-542,-499,-549,-567,-636,-697,-557,-606,-737,-611,-599,-575,-569,-587,-448,-579,-493,-416,-625,-705,-773,-814,-790,-722,-654,-609,-583,-427,-392,-367,-562,-635,-610,-524,-530,-515,-462,-371,-526,-588,-563,-506,-509,-420,-484,-381,-468,-463,-450,-531,-700,-693,-719,-628,-631,-623,-664,-641,-543,-631,-697,-623,-494,-426,-523,-515,-494,-465,-491,-426,-622,-670,-679,-608,-608,-464,-486,-653,-821,-799,-828,-786,-818,-832,-922,-945,-741,-830,-779,-843,-789,-677,-694,-831,-822,-786,-624,-473,-575,-503,-512,-481,-653,-806,-795,-941,-784,-680,-611,-538,-544,-670,-629,-567,-542,-533,-643,-722,-601,-549,-549,-480,-479,-439,-561,-528,-453,-345,-348,-346,-391,-407,-412,-466,-481,-512,-510,-386,-470,-440,-491,-485,-522,-499,-455,-404,-433,-487,-467,-500,-447,-433,-377,-536,-459,-470,-487,-532,-535,-543,-590,-438,-588,-457,-495,-566,-448,-474,-490,-546,-516,-466,-516,-595,-657,-550,-564,-578,-657,-514,-583,-592,-582,-566,-625,-529,-657,-636,-593,-702
195,520.6399999999999864,-695,-602,-440,-537,-551,-611,-639,-624,-701,-690,-639,-644,-676,-742,-549,-544,-577,-544,-451,-432,-409,-461,-502,-554,-621,-676,-646,-747,-719,-617,-648,-646,-701,-521,-452,-381,-426,-477,-577,-525,-529,-551,-604,-705,-798,-802,-696,-687,-695,-607,-631,-688,-792,-799,-780,-796,-815,-809,-705,-713,-732,-699,-631,-537,-512,-469,-484,-576,-646,-748,-630,-791,-614,-758,-583,-560,-460,-459,-540,-596,-545,-584,-518,-448,-546,-483,-455,-574,-781,-539,-692,-608,-513,-531,-558,-521,-495,-520,-467,-428,-493,-458,-461,-457,-496,-535,-490,-532,-576,-623,-697,-554,-589,-734,-600,-596,-558,-581,-572,-456,-586,-508,-435,-612,-696,-761,-807,-801,-691,-647,-591,-582,-396,-371,-381,-554,-622,-604,-535,-517,-515,-458,-374,-530,-594,-559,-493,-479,-417,-482,-360,-466,-463,-436,-527,-671,-660,-504,-600,-634,-612,-693,-635,-596,-632,-682,-569,-502,-425,-446,-524,-492,-483,-457,-469,-613,-670,-654,-583,-589,-474,-504,-648,-832,-783,-838,-809,-781,-841,-906,-939,-707,-811,-761,-825,-788,-684,-688,-826,-828,-809,-619,-469,-588,-495,-519,-506,-678,-757,-819,-944,-831,-665,-582,-563,-571,-680,-616,-553,-541,-522,-635,-715,-580,-549,-607,-466,-466,-422,-530,-533,-452,-334,-321,-359,-399,-432,-436,-489,-479,-496,-523,-419,-427,-434,-495,-491,-498,-502,-447,-404,-458,-458,-473,-503,-410,-409,-466,-484,-445,-472,-472,-501,-544,-541,-548,-425,-521,-506,-532,-467,-452,-455,-516,-541,-529,-477,-600,-622,-634,-590,-574,-488,-637,-520,-605,-576,-540,-525,-609,-547,-656,-640,-592,-688
196,523.8400000000000318,-677,-590,-652,-577,-534,-614,-628,-661,-689,-691,-626,-628,-664,-439,-650,-538,-603,-533,-440,-430,-403,-435,-521,-545,-603,-664,-615,-635,-692,-611,-651,-648,-707,-542,-465,-388,-422,-480,-581,-521,-505,-550,-611,-712,-803,-807,-695,-669,-673,-621,-637,-696,-792,-822,-732,-787,-802,-776,-694,-701,-717,-699,-623,-551,-513,-450,-479,-591,-636,-749,-621,-781,-604,-745,-579,-544,-456,-395,-536,-582,-509,-575,-502,-455,-524,-448,-460,-583,-766,-523,-678,-585,-504,-515,-548,-508,-497,-535,-430,-442,-511,-461,-459,-457,-455,-534,-475,-528,-568,-621,-680,-549,-587,-715,-597,-588,-564,-573,-571,-454,-578,-504,-419,-596,-683,-752,-796,-793,-661,-628,-596,-569,-409,-393,-366,-570,-614,-588,-523,-515,-516,-468,-370,-512,-590,-532,-462,-482,-423,-478,-359,-460,-437,-448,-499,-664,-671,-626,-586,-614,-627,-659,-630,-578,-640,-678,-587,-491,-425,-447,-522,-507,-471,-478,-447,-612,-660,-641,-611,-578,-453,-506,-638,-833,-776,-797,-769,-776,-822,-854,-918,-729,-786,-741,-823,-774,-672,-671,-822,-799,-797,-630,-480,-607,-514,-518,-480,-591,-708,-775,-911,-776,-667,-607,-539,-537,-667,-610,-545,-522,-490,-606,-714,-583,-537,-573,-469,-457,-427,-547,-522,-450,-311,-333,-351,-402,-434,-405,-453,-500,-498,-493,-435,-452,-461,-490,-483,-475,-504,-444,-413,-416,-455,-451,-498,-418,-400,-419,-497,-440,-497,-474,-520,-557,-548,-596,-440,-535,-488,-525,-437,-437,-472,-497,-530,-600,-465,-517,-577,-636,-508,-538,-553,-608,-519,-563,-586,-545,-516,-627,-540,-641,-623,-586,-667
197,527.0399999999999636,-696,-589,-424,-537,-537,-549,-603,-639,-674,-679,-614,-615,-358,-713,-510,-540,-595,-535,-444,-438,-414,-465,-496,-499,-603,-665,-630,-608,-689,-603,-642,-634,-698,-514,-458,-390,-449,-474,-567,-520,-495,-539,-626,-701,-792,-794,-688,-664,-670,-643,-626,-688,-792,-821,-767,-778,-824,-796,-702,-701,-717,-685,-622,-531,-505,-442,-481,-622,-634,-738,-624,-771,-614,-744,-574,-554,-426,-429,-528,-570,-520,-548,-483,-438,-518,-447,-440,-568,-783,-521,-671,-575,-502,-503,-525,-502,-472,-490,-418,-433,-486,-468,-469,-432,-466,-517,-470,-514,-555,-609,-674,-543,-580,-723,-593,-589,-567,-557,-586,-457,-587,-512,-417,-590,-674,-731,-790,-770,-681,-629,-584,-561,-385,-385,-351,-547,-616,-567,-514,-510,-514,-464,-370,-502,-582,-547,-474,-455,-425,-466,-374,-434,-444,-454,-509,-644,-691,-637,-580,-621,-627,-599,-637,-547,-624,-660,-544,-474,-408,-455,-464,-463,-465,-512,-431,-591,-660,-655,-573,-575,-455,-495,-620,-786,-768,-791,-811,-780,-794,-891,-884,-721,-767,-743,-791,-765,-703,-697,-822,-787,-798,-582,-485,-605,-476,-496,-480,-618,-795,-680,-912,-750,-645,-572,-557,-519,-637,-586,-517,-500,-483,-609,-698,-561,-539,-570,-464,-446,-416,-529,-518,-437,-333,-319,-341,-390,-403,-406,-445,-467,-463,-485,-415,-430,-448,-470,-474,-483,-481,-445,-413,-468,-469,-439,-469,-423,-416,-439,-471,-437,-478,-474,-490,-559,-527,-545,-460,-530,-551,-546,-491,-444,-442,-496,-519,-475,-456,-550,-602,-651,-545,-576,-568,-539,-515,-550,-603,-539,-554,-563,-486,-624,-609,-562,-698
198,530.2400000000000091,-667,-580,-884,-549,-527,-539,-628,-641,-670,-670,-618,-618,-556,-649,-579,-521,-591,-521,-478,-429,-397,-458,-490,-519,-597,-652,-610,-627,-703,-594,-631,-620,-684,-496,-461,-399,-444,-486,-557,-496,-492,-545,-618,-710,-799,-795,-685,-663,-674,-623,-630,-676,-793,-824,-746,-788,-842,-797,-698,-719,-742,-686,-618,-541,-514,-452,-494,-757,-625,-745,-628,-787,-624,-746,-570,-561,-445,-499,-513,-565,-504,-531,-469,-422,-493,-443,-430,-560,-764,-532,-664,-561,-487,-509,-524,-504,-476,-492,-442,-434,-485,-462,-445,-434,-461,-509,-460,-543,-548,-609,-662,-540,-576,-715,-587,-579,-548,-556,-558,-466,-580,-495,-403,-579,-654,-722,-781,-754,-670,-623,-577,-567,-401,-388,-383,-570,-610,-587,-494,-504,-515,-452,-367,-515,-577,-542,-495,-450,-402,-460,-355,-439,-433,-389,-493,-641,-652,-614,-578,-618,-622,-701,-625,-546,-621,-660,-595,-452,-415,-464,-440,-461,-453,-484,-415,-599,-639,-671,-608,-584,-451,-512,-610,-792,-770,-798,-736,-752,-794,-825,-897,-767,-777,-753,-790,-768,-654,-664,-830,-789,-788,-572,-474,-590,-510,-499,-450,-589,-707,-732,-888,-784,-648,-578,-522,-497,-601,-561,-486,-487,-473,-610,-682,-554,-520,-570,-460,-408,-417,-501,-502,-424,-306,-323,-354,-385,-412,-413,-445,-475,-475,-462,-397,-417,-423,-477,-464,-481,-496,-450,-382,-444,-472,-444,-486,-415,-415,-457,-492,-436,-473,-481,-521,-531,-519,-576,-394,-517,-514,-475,-515,-444,-441,-475,-509,-450,-467,-554,-600,-623,-489,-534,-532,-512,-518,-555,-551,-532,-527,-602,-496,-613,-619,-588,-649
199,533.4399999999999409,-666,-576,-550,-537,-528,-342,-613,-635,-667,-667,-615,-615,-604,-668,-588,-525,-581,-531,-451,-452,-414,-452,-484,-542,-584,-653,-600,-661,-706,-573,-626,-611,-664,-506,-462,-383,-446,-488,-556,-500,-472,-530,-613,-705,-787,-769,-679,-650,-671,-612,-629,-690,-787,-783,-770,-762,-790,-797,-704,-703,-722,-681,-617,-520,-503,-473,-483,-467,-637,-755,-625,-772,-627,-748,-573,-548,-439,-439,-510,-555,-486,-538,-465,-412,-480,-420,-417,-558,-765,-542,-665,-566,-484,-491,-524,-483,-466,-489,-435,-435,-512,-450,-452,-455,-453,-502,-452,-513,-539,-628,-666,-554,-563,-711,-581,-590,-556,-555,-583,-459,-582,-478,-422,-577,-642,-719,-770,-747,-677,-597,-568,-555,-430,-410,-376,-545,-586,-582,-529,-507,-516,-459,-382,-512,-573,-537,-479,-469,-410,-466,-345,-444,-441,-392,-502,-668,-663,-613,-556,-603,-607,-649,-645,-497,-612,-658,-547,-480,-388,-451,-444,-467,-447,-445,-431,-603,-645,-653,-629,-628,-464,-510,-614,-784,-751,-780,-754,-729,-785,-865,-865,-718,-779,-750,-787,-767,-683,-699,-771,-790,-767,-590,-465,-566,-456,-486,-475,-619,-702,-735,-907,-731,-625,-545,-544,-478,-587,-574,-505,-485,-480,-566,-672,-539,-515,-579,-447,-442,-430,-526,-498,-416,-311,-302,-343,-369,-423,-397,-429,-458,-472,-493,-397,-422,-429,-462,-494,-480,-487,-448,-396,-435,-427,-452,-489,-431,-420,-455,-471,-421,-472,-462,-501,-514,-523,-569,-436,-560,-562,-511,-549,-433,-455,-458,-506,-472,-461,-543,-597,-616,-494,-567,-511,-561,-513,-549,-532,-503,-558,-600,-494,-589,-624,-564,-659
200,536.6399999999999864,-682,-580,-433,-539,-525,-402,-624,-624,-670,-658,-603,-610,-814,-951,-578,-531,-579,-525,-451,-425,-407,-435,-491,-561,-594,-640,-597,-685,-676,-587,-618,-597,-663,-487,-459,-392,-453,-479,-545,-481,-489,-528,-623,-696,-777,-789,-690,-648,-672,-615,-611,-666,-781,-786,-736,-763,-788,-797,-689,-697,-727,-683,-617,-554,-514,-472,-485,-735,-640,-738,-638,-785,-605,-746,-562,-551,-438,-427,-502,-566,-480,-531,-456,-408,-466,-427,-420,-547,-754,-526,-651,-546,-478,-494,-503,-485,-466,-476,-425,-433,-472,-436,-439,-426,-454,-483,-456,-512,-535,-620,-664,-544,-566,-711,-588,-578,-563,-547,-558,-449,-586,-485,-406,-573,-651,-723,-764,-728,-663,-615,-563,-546,-374,-394,-383,-552,-597,-591,-504,-518,-494,-456,-382,-515,-577,-543,-495,-480,-377,-455,-345,-436,-421,-401,-472,-579,-641,-602,-589,-591,-617,-631,-651,-529,-601,-646,-531,-446,-448,-470,-447,-458,-459,-456,-440,-576,-632,-634,-585,-610,-452,-482,-598,-813,-743,-768,-722,-733,-786,-865,-879,-738,-807,-753,-821,-757,-676,-638,-788,-774,-759,-590,-457,-580,-461,-477,-450,-622,-701,-751,-887,-744,-631,-563,-519,-509,-587,-569,-492,-488,-476,-592,-661,-534,-508,-572,-444,-416,-417,-524,-498,-414,-308,-300,-340,-372,-398,-425,-430,-463,-463,-472,-402,-424,-424,-475,-472,-474,-477,-443,-428,-445,-471,-462,-498,-441,-406,-394,-470,-439,-485,-474,-533,-534,-531,-561,-384,-518,-516,-514,-402,-403,-445,-478,-506,-472,-482,-542,-579,-643,-590,-533,-577,-518,-444,-551,-566,-526,-546,-574,-474,-565,-629,-565,-645
201,539.8400000000000318,-697,-583,-643,-509,-506,-652,-604,-607,-639,-649,-598,-614,-525,-611,-598,-537,-580,-548,-469,-432,-397,-447,-483,-532,-585,-647,-583,-659,-670,-584,-611,-589,-649,-476,-452,-380,-413,-467,-544,-494,-481,-530,-602,-683,-770,-772,-670,-656,-660,-645,-611,-669,-766,-777,-747,-747,-775,-775,-688,-682,-700,-679,-606,-524,-522,-474,-487,-355,-635,-733,-623,-779,-612,-741,-570,-559,-427,-393,-495,-545,-485,-513,-456,-395,-477,-414,-401,-544,-748,-516,-645,-546,-476,-478,-512,-475,-464,-467,-391,-424,-474,-430,-429,-408,-438,-489,-443,-495,-543,-596,-659,-443,-550,-703,-593,-569,-548,-552,-543,-445,-569,-488,-401,-561,-659,-709,-754,-729,-664,-612,-574,-556,-416,-396,-361,-532,-602,-569,-514,-500,-510,-456,-385,-506,-590,-538,-491,-474,-375,-454,-362,-434,-406,-404,-476,-614,-640,-600,-576,-606,-606,-630,-631,-482,-597,-640,-506,-468,-442,-452,-511,-465,-465,-449,-445,-583,-633,-625,-569,-589,-438,-490,-599,-765,-736,-760,-716,-731,-777,-858,-885,-774,-769,-733,-781,-739,-655,-644,-775,-789,-745,-502,-432,-529,-498,-471,-444,-584,-718,-743,-896,-740,-615,-545,-510,-485,-602,-566,-498,-493,-487,-566,-651,-531,-496,-516,-418,-424,-415,-508,-490,-410,-298,-298,-336,-390,-407,-404,-446,-465,-461,-480,-369,-399,-399,-444,-443,-479,-485,-433,-415,-461,-460,-463,-504,-423,-428,-417,-456,-433,-468,-461,-503,-526,-519,-529,-457,-548,-485,-484,-364,-444,-422,-460,-485,-465,-453,-500,-588,-634,-531,-523,-487,-529,-473,-517,-553,-478,-513,-542,-480,-566,-591,-554,-662
202,543.0399999999999636,-638,-563,-759,-526,-528,-700,-606,-607,-631,-639,-594,-606,-1428,-658,-667,-549,-578,-533,-460,-441,-399,-424,-477,-519,-579,-639,-592,-635,-662,-578,-597,-581,-634,-459,-427,-383,-402,-459,-530,-464,-494,-525,-591,-668,-755,-763,-663,-638,-647,-594,-610,-694,-764,-769,-737,-741,-755,-765,-685,-687,-703,-672,-603,-519,-515,-463,-480,-539,-634,-736,-635,-772,-616,-730,-567,-546,-447,-420,-495,-549,-479,-508,-443,-397,-458,-411,-404,-549,-740,-501,-636,-537,-475,-489,-515,-477,-470,-449,-369,-413,-461,-428,-418,-411,-457,-487,-421,-552,-534,-583,-654,-575,-551,-694,-577,-568,-558,-538,-563,-432,-566,-487,-409,-567,-640,-707,-758,-728,-627,-626,-572,-556,-421,-400,-376,-556,-584,-572,-525,-496,-509,-448,-357,-494,-549,-531,-502,-481,-392,-445,-370,-442,-441,-394,-483,-620,-653,-604,-560,-579,-586,-607,-598,-512,-582,-643,-604,-454,-418,-449,-331,-469,-428,-437,-427,-554,-618,-619,-557,-554,-461,-548,-617,-755,-726,-758,-723,-735,-762,-862,-861,-734,-766,-717,-800,-746,-660,-655,-758,-760,-730,-565,-416,-548,-480,-487,-453,-546,-699,-725,-874,-765,-622,-565,-518,-527,-595,-560,-494,-485,-475,-595,-651,-535,-489,-502,-411,-437,-409,-512,-452,-405,-316,-327,-328,-388,-390,-360,-439,-434,-455,-469,-404,-418,-402,-463,-459,-465,-478,-442,-405,-427,-435,-442,-460,-441,-386,-388,-464,-450,-475,-460,-526,-516,-507,-500,-427,-517,-504,-487,-513,-421,-440,-449,-488,-478,-421,-624,-579,-611,-510,-527,-504,-563,-497,-537,-536,-518,-527,-547,-481,-576,-592,-561,-642
203,546.2400000000000091,-660,-580,-712,-523,-507,-788,-604,-669,-632,-634,-595,-609,-597,-748,-929,-534,-577,-538,-478,-435,-400,-439,-462,-515,-582,-630,-599,-704,-656,-572,-590,-576,-650,-445,-431,-356,-395,-464,-538,-489,-458,-526,-596,-654,-745,-745,-648,-644,-647,-586,-608,-653,-738,-766,-709,-728,-758,-749,-681,-674,-696,-675,-604,-509,-501,-453,-477,-580,-629,-723,-630,-765,-603,-728,-559,-541,-432,-454,-497,-537,-488,-523,-446,-404,-458,-425,-410,-519,-726,-513,-627,-536,-488,-484,-510,-478,-457,-424,-453,-410,-445,-420,-427,-400,-434,-488,-440,-546,-529,-592,-643,-540,-560,-687,-565,-563,-534,-534,-551,-431,-550,-484,-412,-562,-661,-697,-759,-714,-649,-609,-568,-554,-413,-377,-380,-544,-581,-571,-490,-495,-498,-436,-357,-490,-554,-534,-484,-492,-394,-459,-357,-465,-459,-422,-479,-594,-627,-602,-555,-578,-601,-660,-625,-474,-571,-618,-529,-454,-422,-412,-442,-481,-428,-443,-452,-587,-602,-624,-562,-530,-464,-500,-627,-745,-723,-741,-692,-717,-779,-820,-883,-713,-796,-730,-757,-736,-658,-629,-745,-751,-742,-547,-427,-537,-466,-474,-433,-573,-634,-701,-838,-735,-626,-548,-472,-499,-600,-560,-497,-486,-471,-594,-650,-532,-496,-525,-421,-412,-406,-521,-487,-403,-308,-295,-344,-372,-396,-433,-413,-451,-461,-458,-394,-431,-415,-459,-478,-472,-467,-416,-397,-421,-457,-459,-501,-427,-404,-409,-439,-416,-441,-412,-520,-503,-519,-507,-400,-468,-477,-479,-442,-413,-432,-436,-472,-463,-437,-466,-596,-619,-511,-551,-516,-513,-471,-520,-526,-521,-521,-574,-475,-592,-570,-540,-669
204,549.4399999999999409,-730,-585,-543,-549,-531,-595,-591,-592,-623,-616,-584,-594,-958,-545,-672,-540,-602,-530,-469,-439,-394,-438,-476,-511,-581,-652,-568,-612,-640,-573,-607,-566,-636,-441,-419,-358,-393,-431,-530,-487,-509,-511,-571,-647,-738,-730,-639,-639,-625,-569,-600,-653,-742,-747,-735,-726,-752,-749,-663,-664,-681,-678,-586,-516,-500,-463,-480,-450,-620,-724,-621,-740,-606,-715,-565,-529,-432,-451,-503,-546,-481,-537,-446,-393,-451,-422,-405,-515,-720,-502,-620,-533,-488,-492,-513,-465,-448,-462,-402,-419,-448,-415,-420,-412,-439,-489,-446,-491,-520,-608,-644,-541,-552,-684,-572,-551,-554,-532,-542,-426,-558,-491,-403,-576,-642,-701,-737,-719,-616,-614,-564,-540,-392,-387,-368,-538,-581,-558,-517,-490,-487,-449,-369,-484,-540,-542,-519,-469,-392,-455,-345,-421,-406,-361,-468,-630,-673,-607,-563,-564,-586,-643,-589,-512,-572,-625,-505,-458,-414,-452,-386,-470,-422,-445,-430,-601,-611,-622,-574,-660,-455,-507,-633,-761,-718,-725,-703,-680,-758,-911,-858,-721,-722,-706,-775,-729,-655,-662,-747,-742,-692,-532,-439,-548,-493,-458,-477,-596,-671,-681,-863,-726,-624,-543,-506,-485,-582,-533,-501,-487,-469,-614,-636,-536,-495,-480,-393,-409,-400,-498,-495,-404,-320,-296,-342,-386,-400,-368,-421,-449,-456,-472,-384,-393,-434,-450,-453,-462,-460,-436,-409,-413,-442,-432,-488,-438,-386,-374,-442,-417,-449,-443,-474,-508,-494,-500,-380,-496,-478,-477,-463,-432,-427,-482,-488,-461,-431,-535,-569,-595,-520,-539,-505,-524,-474,-534,-499,-482,-514,-563,-419,-570,-590,-528,-650
205,552.6399999999999864,-662,-568,-691,-541,-522,-596,-595,-524,-614,-615,-578,-587,-813,-672,-612,-536,-574,-552,-469,-422,-402,-439,-498,-537,-568,-617,-592,-679,-659,-563,-586,-572,-633,-441,-419,-356,-374,-434,-518,-492,-486,-528,-568,-646,-712,-722,-642,-618,-633,-598,-593,-666,-731,-743,-706,-739,-725,-734,-658,-680,-677,-652,-596,-513,-507,-460,-462,-469,-612,-706,-607,-731,-584,-715,-549,-534,-435,-428,-501,-548,-479,-534,-438,-409,-460,-413,-400,-529,-695,-485,-621,-521,-472,-475,-507,-475,-447,-410,-426,-408,-448,-409,-421,-422,-429,-488,-420,-484,-530,-579,-644,-543,-548,-679,-549,-554,-512,-534,-534,-427,-559,-505,-411,-569,-642,-693,-738,-717,-628,-615,-562,-542,-408,-374,-336,-538,-573,-558,-492,-483,-492,-456,-364,-478,-547,-524,-470,-472,-381,-444,-357,-433,-420,-382,-466,-572,-643,-578,-578,-563,-588,-607,-596,-495,-575,-631,-525,-460,-401,-426,-446,-453,-441,-438,-461,-546,-615,-612,-544,-556,-459,-500,-600,-751,-711,-726,-671,-734,-761,-836,-848,-713,-740,-705,-762,-723,-633,-631,-739,-724,-728,-539,-427,-525,-451,-476,-465,-607,-682,-690,-852,-725,-617,-542,-470,-457,-580,-552,-516,-482,-470,-554,-650,-519,-478,-523,-399,-410,-392,-492,-482,-402,-312,-340,-336,-379,-393,-404,-434,-449,-458,-480,-410,-407,-411,-449,-449,-476,-477,-430,-428,-406,-495,-453,-485,-457,-409,-388,-455,-433,-433,-444,-478,-491,-491,-497,-459,-503,-442,-520,-332,-416,-438,-370,-480,-444,-441,-499,-573,-584,-501,-522,-464,-528,-455,-485,-543,-494,-542,-558,-475,-617,-574,-538,-627
206,555.8400000000000318,-664,-567,-558,-565,-535,-665,-598,-539,-601,-601,-571,-589,-617,-632,-586,-542,-590,-534,-455,-432,-400,-452,-471,-493,-560,-631,-560,-490,-641,-560,-583,-574,-626,-409,-412,-350,-387,-421,-516,-477,-469,-508,-568,-635,-717,-715,-635,-609,-625,-583,-590,-629,-733,-743,-727,-723,-730,-741,-655,-659,-675,-660,-584,-500,-496,-450,-460,-581,-618,-698,-602,-739,-591,-701,-540,-517,-430,-420,-492,-543,-484,-536,-433,-389,-444,-428,-400,-514,-683,-510,-613,-516,-471,-480,-502,-461,-449,-441,-305,-404,-424,-416,-427,-423,-433,-489,-450,-457,-525,-584,-643,-535,-543,-660,-546,-536,-518,-538,-533,-432,-544,-499,-410,-558,-647,-690,-723,-716,-638,-579,-558,-528,-408,-378,-402,-532,-562,-537,-482,-488,-487,-436,-362,-477,-531,-514,-468,-467,-397,-452,-333,-438,-439,-395,-466,-646,-631,-644,-541,-613,-536,-624,-624,-507,-564,-624,-492,-453,-414,-450,-450,-514,-417,-441,-435,-567,-609,-609,-558,-580,-454,-515,-596,-723,-698,-711,-703,-725,-740,-844,-837,-700,-756,-739,-753,-713,-626,-638,-733,-712,-691,-559,-430,-493,-467,-476,-447,-540,-687,-658,-830,-670,-609,-548,-539,-518,-600,-531,-468,-471,-459,-560,-628,-518,-486,-486,-416,-400,-400,-470,-452,-401,-304,-321,-343,-413,-398,-409,-420,-462,-457,-448,-354,-427,-423,-440,-460,-479,-468,-428,-346,-406,-471,-430,-478,-451,-435,-440,-472,-412,-422,-418,-466,-487,-480,-474,-438,-520,-478,-516,-467,-406,-427,-437,-453,-467,-420,-503,-574,-587,-479,-510,-446,-507,-442,-495,-509,-475,-539,-563,-483,-556,-566,-537,-641
207,559.0399999999999636,-667,-565,-584,-529,-513,-689,-588,-582,-594,-598,-565,-573,-607,-284,-506,-533,-585,-537,-478,-416,-395,-432,-464,-485,-557,-613,-573,-519,-648,-558,-576,-574,-620,-445,-417,-347,-368,-433,-514,-485,-489,-509,-569,-639,-721,-710,-638,-604,-631,-556,-572,-625,-720,-729,-717,-702,-737,-715,-639,-644,-692,-648,-580,-494,-485,-440,-453,-577,-603,-701,-602,-736,-586,-723,-531,-515,-435,-397,-492,-538,-479,-520,-440,-387,-442,-402,-384,-507,-682,-494,-604,-505,-468,-479,-493,-461,-448,-446,-382,-402,-423,-412,-414,-409,-440,-481,-434,-527,-507,-585,-634,-530,-539,-655,-548,-535,-508,-530,-545,-438,-551,-450,-407,-566,-637,-684,-738,-712,-630,-590,-560,-528,-414,-420,-364,-538,-557,-528,-476,-477,-484,-447,-348,-471,-537,-516,-460,-445,-384,-459,-351,-462,-411,-391,-434,-620,-631,-611,-571,-636,-597,-634,-566,-520,-570,-618,-506,-462,-425,-482,-455,-475,-415,-438,-428,-571,-586,-600,-537,-568,-460,-499,-596,-714,-689,-720,-688,-684,-747,-820,-826,-752,-699,-704,-742,-706,-614,-610,-714,-720,-698,-547,-424,-541,-460,-463,-450,-568,-719,-798,-831,-677,-604,-526,-512,-472,-563,-543,-489,-469,-464,-524,-633,-517,-483,-463,-405,-398,-394,-466,-458,-400,-322,-317,-342,-401,-391,-405,-403,-441,-472,-451,-370,-428,-415,-446,-456,-475,-468,-427,-361,-435,-455,-447,-476,-421,-406,-384,-457,-371,-438,-413,-441,-483,-496,-476,-417,-487,-426,-462,-413,-420,-403,-438,-478,-439,-404,-475,-549,-555,-513,-516,-498,-462,-443,-513,-529,-478,-436,-553,-425,-592,-583,-539,-634
208,562.2400000000000091,-643,-555,-574,-540,-510,-594,-606,-569,-595,-591,-554,-572,-492,-1234,-468,-521,-582,-502,-459,-420,-398,-438,-466,-508,-563,-630,-576,-678,-639,-538,-575,-574,-630,-449,-417,-357,-375,-418,-509,-477,-486,-499,-560,-626,-705,-715,-630,-609,-618,-591,-581,-654,-728,-741,-695,-710,-734,-722,-623,-646,-659,-641,-566,-494,-482,-444,-453,-430,-592,-691,-595,-723,-570,-685,-530,-515,-412,-394,-487,-534,-472,-513,-430,-389,-443,-413,-381,-498,-669,-483,-603,-512,-476,-480,-497,-460,-434,-445,-352,-398,-434,-412,-403,-404,-425,-475,-401,-491,-517,-578,-640,-545,-536,-645,-535,-526,-543,-522,-529,-430,-554,-469,-407,-555,-613,-675,-744,-701,-583,-583,-549,-535,-429,-400,-380,-526,-559,-541,-466,-479,-490,-442,-358,-477,-531,-515,-371,-429,-404,-422,-350,-417,-452,-383,-460,-633,-629,-586,-548,-575,-569,-566,-574,-464,-564,-606,-484,-453,-402,-434,-456,-464,-442,-488,-416,-562,-597,-586,-537,-562,-447,-490,-584,-735,-686,-699,-697,-699,-730,-805,-834,-698,-705,-687,-728,-710,-612,-628,-702,-703,-688,-515,-438,-530,-488,-472,-465,-584,-663,-665,-843,-722,-574,-540,-471,-496,-561,-555,-466,-462,-455,-577,-628,-511,-465,-484,-411,-378,-382,-494,-472,-392,-323,-305,-334,-383,-404,-368,-440,-447,-451,-454,-381,-418,-429,-461,-473,-478,-481,-430,-430,-450,-467,-436,-472,-410,-360,-417,-425,-418,-433,-440,-482,-488,-492,-518,-405,-546,-418,-452,-469,-387,-414,-437,-450,-510,-406,-517,-574,-586,-465,-508,-529,-525,-459,-492,-490,-481,-480,-536,-443,-574,-533,-535,-601
209,565.4399999999999409,-640,-563,-567,-508,-514,-586,-593,-584,-583,-591,-560,-572,-237,-620,-589,-522,-563,-503,-461,-422,-394,-450,-463,-495,-554,-610,-567,-605,-639,-539,-583,-575,-614,-456,-416,-348,-384,-438,-521,-479,-484,-492,-554,-628,-707,-713,-621,-616,-627,-585,-605,-619,-714,-721,-664,-694,-738,-724,-639,-635,-663,-628,-565,-499,-482,-453,-459,-559,-589,-688,-606,-713,-571,-679,-528,-516,-407,-359,-477,-522,-475,-504,-432,-389,-426,-396,-365,-507,-673,-492,-596,-505,-474,-474,-490,-457,-445,-437,-415,-390,-417,-395,-405,-398,-425,-475,-437,-473,-524,-566,-623,-527,-522,-643,-516,-518,-520,-525,-544,-438,-553,-474,-410,-557,-625,-683,-723,-714,-630,-603,-554,-542,-387,-399,-394,-513,-542,-535,-516,-479,-485,-443,-363,-464,-531,-507,-463,-446,-391,-445,-379,-421,-419,-367,-451,-594,-598,-538,-570,-556,-569,-554,-549,-451,-567,-620,-480,-429,-416,-443,-423,-499,-430,-421,-419,-561,-597,-595,-545,-572,-450,-502,-577,-727,-679,-706,-666,-701,-724,-788,-810,-743,-750,-721,-718,-693,-632,-582,-696,-697,-707,-505,-435,-536,-453,-454,-447,-554,-701,-696,-831,-674,-588,-542,-477,-498,-556,-530,-473,-449,-442,-547,-627,-508,-479,-490,-408,-403,-382,-469,-448,-392,-304,-312,-329,-374,-407,-346,-406,-466,-435,-445,-375,-402,-393,-458,-467,-469,-466,-435,-423,-409,-457,-460,-490,-436,-416,-397,-434,-430,-451,-419,-451,-496,-496,-486,-372,-489,-426,-496,-411,-429,-406,-441,-454,-439,-407,-484,-540,-570,-505,-500,-500,-540,-476,-485,-497,-495,-449,-546,-442,-550,-563,-522,-631
210,568.6399999999999864,-632,-554,-567,-512,-514,-540,-577,-581,-582,-596,-557,-578,-632,-606,-580,-505,-570,-520,-446,-419,-390,-425,-460,-499,-561,-601,-543,-596,-618,-561,-568,-564,-613,-428,-412,-350,-386,-437,-513,-463,-473,-495,-562,-617,-697,-702,-626,-604,-617,-573,-570,-619,-709,-725,-682,-698,-716,-715,-630,-641,-652,-624,-561,-494,-479,-454,-451,-549,-582,-681,-588,-699,-561,-674,-529,-502,-409,-394,-465,-510,-475,-498,-420,-386,-426,-403,-382,-489,-667,-472,-590,-507,-477,-467,-483,-440,-430,-398,-380,-379,-414,-387,-394,-399,-422,-475,-443,-509,-508,-560,-619,-513,-529,-645,-543,-537,-536,-537,-540,-435,-544,-480,-400,-556,-621,-672,-723,-686,-616,-587,-556,-542,-431,-395,-370,-552,-559,-551,-477,-474,-484,-430,-365,-478,-529,-507,-460,-458,-394,-436,-358,-448,-451,-396,-458,-588,-619,-478,-557,-563,-577,-597,-553,-467,-561,-604,-552,-447,-416,-427,-467,-424,-416,-418,-422,-542,-583,-586,-502,-541,-447,-474,-588,-710,-670,-709,-671,-681,-727,-784,-807,-666,-722,-640,-714,-694,-610,-586,-707,-684,-668,-564,-431,-526,-431,-449,-457,-547,-704,-651,-863,-749,-577,-526,-479,-484,-592,-520,-479,-452,-449,-553,-622,-521,-471,-488,-396,-391,-376,-451,-468,-401,-310,-301,-333,-398,-394,-388,-398,-444,-446,-448,-371,-414,-417,-453,-458,-475,-469,-422,-399,-423,-470,-447,-472,-437,-400,-391,-459,-416,-455,-418,-436,-487,-481,-462,-332,-489,-409,-442,-461,-384,-417,-415,-483,-437,-411,-498,-549,-573,-488,-493,-491,-501,-451,-457,-494,-463,-445,-515,-457,-524,-526,-518,-607
211,571.8400000000000318,-633,-548,-576,-525,-518,-577,-582,-575,-589,-583,-545,-552,-585,-682,-674,-537,-563,-491,-437,-406,-396,-422,-456,-489,-539,-602,-567,-565,-630,-542,-567,-565,-605,-445,-422,-360,-377,-444,-510,-468,-469,-484,-547,-624,-687,-702,-616,-593,-618,-557,-563,-617,-703,-711,-669,-701,-707,-687,-635,-635,-648,-631,-576,-495,-474,-431,-451,-500,-580,-680,-591,-696,-562,-676,-525,-501,-411,-415,-454,-518,-465,-504,-420,-371,-410,-380,-374,-497,-664,-490,-598,-509,-470,-464,-481,-439,-418,-460,-348,-384,-405,-386,-397,-381,-404,-473,-460,-477,-507,-564,-624,-528,-525,-635,-535,-536,-501,-544,-534,-433,-545,-481,-387,-543,-619,-675,-716,-705,-619,-599,-557,-551,-420,-402,-379,-530,-551,-540,-474,-469,-467,-447,-348,-454,-524,-497,-442,-436,-384,-447,-359,-439,-439,-403,-452,-598,-611,-563,-536,-558,-565,-584,-571,-492,-568,-733,-505,-493,-410,-459,-404,-433,-408,-433,-419,-528,-592,-576,-530,-521,-423,-473,-566,-707,-668,-703,-649,-684,-714,-791,-777,-700,-674,-694,-714,-690,-603,-609,-707,-688,-673,-553,-430,-510,-448,-468,-454,-546,-649,-692,-814,-719,-571,-498,-481,-462,-552,-518,-459,-457,-442,-521,-600,-478,-468,-477,-401,-353,-385,-476,-454,-390,-322,-303,-318,-379,-364,-408,-411,-432,-455,-433,-363,-412,-389,-446,-452,-477,-478,-424,-398,-420,-417,-428,-481,-425,-392,-428,-444,-425,-415,-419,-470,-497,-456,-505,-452,-496,-467,-427,-475,-399,-411,-463,-470,-450,-393,-486,-525,-597,-494,-507,-462,-420,-447,-479,-507,-468,-465,-512,-425,-537,-566,-506,-608
212,575.0399999999999636,-614,-556,-693,-520,-524,-572,-579,-554,-589,-584,-552,-555,-592,-325,-505,-511,-566,-510,-447,-426,-384,-445,-477,-498,-553,-596,-559,-511,-650,-535,-575,-556,-606,-432,-421,-364,-390,-440,-497,-449,-464,-485,-531,-621,-688,-700,-605,-592,-613,-540,-579,-633,-705,-699,-676,-674,-729,-713,-625,-629,-665,-624,-571,-502,-469,-435,-454,-396,-573,-677,-580,-699,-561,-708,-520,-491,-394,-378,-459,-505,-458,-492,-414,-380,-415,-400,-376,-501,-653,-501,-594,-511,-465,-465,-486,-432,-421,-427,-343,-371,-404,-383,-384,-394,-412,-460,-433,-492,-505,-558,-623,-513,-517,-630,-529,-534,-529,-536,-532,-439,-535,-467,-385,-544,-593,-661,-713,-690,-621,-583,-558,-548,-392,-405,-380,-542,-542,-537,-473,-462,-467,-438,-363,-461,-524,-507,-440,-445,-393,-447,-378,-445,-417,-396,-457,-576,-615,-562,-534,-563,-567,-582,-571,-493,-565,-617,-542,-416,-387,-469,-429,-447,-444,-420,-427,-537,-573,-576,-535,-521,-432,-466,-577,-757,-662,-723,-680,-679,-697,-748,-792,-661,-732,-661,-716,-699,-587,-596,-701,-656,-683,-550,-420,-482,-489,-462,-446,-564,-656,-708,-779,-604,-575,-509,-455,-474,-604,-534,-458,-448,-438,-552,-592,-502,-480,-538,-378,-393,-376,-453,-444,-399,-296,-297,-340,-346,-379,-360,-393,-391,-447,-439,-391,-397,-402,-456,-453,-456,-421,-405,-406,-407,-467,-436,-465,-431,-404,-442,-435,-418,-444,-416,-443,-485,-465,-516,-443,-498,-410,-495,-399,-396,-405,-472,-510,-448,-425,-517,-539,-525,-488,-493,-473,-492,-459,-497,-469,-483,-500,-511,-476,-585,-561,-520,-575
213,578.2400000000000091,-616,-549,-484,-496,-507,-571,-585,-563,-576,-582,-544,-551,-268,-504,-618,-510,-565,-527,-397,-409,-393,-437,-460,-505,-534,-603,-568,-629,-605,-533,-570,-566,-603,-427,-420,-360,-392,-442,-507,-443,-458,-481,-551,-614,-690,-708,-612,-592,-607,-555,-567,-606,-698,-708,-666,-689,-727,-694,-620,-632,-650,-626,-563,-508,-471,-426,-445,-308,-582,-665,-587,-703,-560,-667,-525,-497,-412,-410,-468,-499,-451,-496,-408,-372,-400,-389,-376,-484,-652,-489,-589,-493,-470,-458,-485,-445,-425,-419,-397,-376,-401,-384,-387,-393,-421,-460,-449,-488,-501,-570,-610,-514,-525,-626,-537,-530,-532,-524,-525,-431,-538,-464,-401,-535,-609,-658,-699,-696,-632,-589,-557,-536,-405,-411,-366,-469,-534,-533,-466,-461,-468,-428,-360,-465,-515,-495,-464,-452,-392,-444,-368,-447,-437,-402,-433,-588,-595,-551,-539,-540,-543,-586,-520,-488,-561,-597,-487,-444,-438,-440,-413,-433,-408,-419,-409,-538,-573,-574,-507,-542,-420,-446,-566,-652,-638,-653,-650,-697,-694,-784,-773,-669,-718,-669,-702,-698,-598,-589,-711,-672,-673,-526,-423,-483,-493,-469,-448,-525,-634,-633,-778,-690,-564,-527,-470,-452,-578,-502,-465,-433,-438,-529,-603,-501,-472,-486,-383,-405,-379,-464,-451,-407,-295,-298,-336,-371,-372,-398,-407,-423,-444,-446,-400,-395,-401,-432,-461,-456,-459,-429,-363,-426,-452,-427,-474,-411,-395,-463,-465,-427,-467,-409,-402,-478,-513,-511,-395,-490,-378,-524,-380,-391,-451,-420,-511,-497,-423,-473,-543,-600,-457,-491,-462,-495,-466,-505,-512,-452,-494,-501,-468,-553,-545,-536,-615
214,581.4399999999999409,-622,-551,-561,-513,-511,-635,-602,-537,-561,-556,-540,-560,-801,-695,-572,-510,-564,-508,-409,-414,-405,-427,-460,-493,-539,-591,-543,-624,-627,-539,-567,-563,-601,-427,-410,-352,-392,-438,-484,-459,-451,-480,-543,-617,-675,-684,-614,-588,-602,-534,-570,-608,-709,-702,-658,-693,-705,-674,-635,-629,-636,-614,-562,-496,-488,-438,-451,-435,-583,-676,-567,-694,-563,-673,-524,-507,-405,-395,-457,-503,-455,-491,-403,-379,-412,-406,-385,-496,-647,-489,-590,-487,-452,-457,-469,-438,-429,-411,-353,-377,-381,-383,-390,-386,-414,-460,-449,-441,-495,-555,-613,-520,-525,-630,-548,-530,-516,-526,-550,-423,-521,-487,-391,-541,-600,-653,-702,-682,-613,-590,-535,-532,-372,-395,-415,-520,-546,-514,-489,-462,-466,-424,-362,-465,-513,-499,-456,-449,-397,-426,-350,-467,-430,-423,-452,-576,-589,-578,-523,-545,-540,-553,-558,-497,-558,-609,-541,-455,-409,-429,-431,-432,-405,-434,-428,-554,-566,-568,-511,-548,-435,-493,-574,-702,-642,-684,-606,-676,-698,-767,-814,-624,-716,-665,-700,-686,-596,-606,-697,-679,-655,-566,-418,-506,-450,-433,-443,-530,-658,-647,-747,-661,-564,-502,-500,-515,-537,-519,-464,-444,-429,-561,-593,-497,-478,-454,-390,-336,-371,-468,-454,-387,-296,-288,-320,-376,-380,-376,-391,-434,-434,-444,-363,-394,-404,-436,-462,-458,-453,-415,-383,-412,-456,-438,-471,-420,-399,-390,-447,-429,-469,-432,-428,-509,-497,-518,-394,-534,-452,-483,-348,-398,-412,-460,-502,-404,-459,-447,-542,-548,-473,-496,-459,-461,-465,-496,-498,-464,-517,-525,-502,-571,-555,-526,-615
215,584.6399999999999864,-634,-558,-544,-516,-502,-708,-568,-540,-557,-570,-544,-552,-772,-609,-600,-501,-557,-548,-502,-412,-383,-417,-469,-521,-542,-584,-555,-545,-619,-535,-554,-550,-597,-414,-415,-363,-375,-435,-493,-442,-457,-478,-543,-602,-678,-690,-609,-591,-598,-558,-564,-621,-690,-702,-655,-691,-700,-686,-617,-625,-638,-606,-558,-479,-468,-435,-448,-493,-578,-657,-576,-694,-563,-666,-539,-489,-414,-407,-463,-491,-433,-489,-402,-358,-418,-415,-377,-489,-643,-472,-573,-476,-462,-450,-472,-439,-417,-429,-347,-380,-406,-384,-395,-382,-402,-455,-441,-486,-494,-557,-603,-517,-516,-621,-545,-506,-495,-514,-532,-428,-536,-478,-406,-541,-596,-647,-701,-686,-618,-584,-545,-524,-409,-408,-359,-512,-529,-526,-457,-447,-471,-430,-360,-463,-522,-498,-443,-448,-367,-442,-360,-398,-438,-394,-445,-581,-594,-545,-520,-545,-573,-572,-567,-475,-551,-593,-516,-452,-410,-486,-424,-425,-421,-423,-431,-545,-566,-569,-447,-476,-424,-453,-580,-695,-653,-673,-673,-678,-703,-761,-834,-667,-696,-686,-697,-690,-583,-584,-691,-682,-666,-555,-422,-508,-482,-441,-455,-542,-606,-648,-754,-663,-574,-513,-502,-444,-558,-528,-451,-432,-427,-526,-600,-513,-480,-475,-402,-380,-379,-475,-457,-381,-275,-309,-327,-379,-368,-363,-409,-437,-421,-445,-369,-420,-410,-448,-461,-459,-456,-423,-366,-408,-460,-434,-463,-396,-401,-379,-452,-423,-466,-434,-439,-488,-473,-507,-360,-480,-453,-463,-518,-401,-435,-431,-470,-485,-444,-418,-545,-556,-476,-493,-433,-537,-443,-478,-497,-490,-465,-513,-450,-570,-553,-499,-570
216,587.8400000000000318,-614,-554,-406,-548,-494,-683,-564,-578,-551,-562,-533,-542,-895,-214,-545,-509,-553,-513,-465,-420,-390,-425,-468,-483,-539,-594,-563,-503,-611,-534,-565,-564,-573,-456,-415,-349,-366,-432,-494,-445,-460,-477,-549,-607,-658,-687,-601,-582,-591,-535,-575,-592,-697,-705,-657,-677,-710,-691,-617,-622,-626,-610,-546,-494,-473,-432,-452,-266,-584,-655,-570,-693,-556,-663,-517,-496,-405,-398,-463,-502,-439,-490,-413,-387,-412,-408,-377,-480,-640,-477,-559,-480,-454,-453,-477,-440,-426,-429,-362,-385,-408,-396,-387,-401,-412,-460,-424,-476,-491,-549,-599,-518,-516,-621,-541,-531,-518,-518,-532,-428,-525,-471,-410,-531,-597,-650,-696,-684,-584,-574,-538,-521,-411,-388,-365,-510,-531,-502,-465,-454,-458,-424,-360,-448,-510,-507,-448,-449,-385,-438,-360,-454,-384,-369,-448,-569,-569,-549,-525,-535,-535,-611,-568,-463,-544,-590,-519,-436,-404,-458,-453,-433,-414,-422,-392,-525,-552,-571,-529,-524,-452,-464,-559,-692,-657,-656,-672,-659,-689,-755,-756,-664,-614,-628,-680,-677,-598,-623,-711,-656,-651,-503,-425,-448,-429,-445,-432,-508,-617,-661,-767,-621,-561,-502,-482,-510,-549,-507,-456,-433,-433,-526,-588,-492,-477,-490,-395,-386,-373,-472,-452,-399,-310,-324,-332,-372,-396,-389,-386,-430,-446,-437,-383,-405,-397,-444,-470,-431,-457,-411,-370,-425,-426,-430,-455,-412,-412,-391,-468,-418,-451,-424,-417,-493,-504,-502,-392,-467,-429,-501,-381,-435,-400,-425,-498,-468,-426,-512,-528,-568,-439,-512,-501,-496,-431,-465,-494,-482,-468,-511,-450,-549,-539,-513,-613
217,591.0399999999999636,-617,-557,-525,-515,-490,-572,-554,-540,-560,-562,-532,-546,-716,-1134,-569,-507,-551,-485,-437,-421,-384,-433,-467,-490,-540,-583,-526,-623,-623,-523,-550,-544,-573,-443,-412,-356,-381,-426,-490,-438,-454,-478,-536,-599,-667,-684,-605,-579,-601,-524,-564,-581,-681,-705,-659,-685,-679,-689,-605,-623,-621,-600,-553,-492,-482,-448,-441,-515,-584,-654,-568,-687,-551,-651,-513,-501,-404,-387,-448,-494,-441,-494,-412,-381,-423,-388,-369,-475,-649,-476,-556,-483,-454,-460,-475,-433,-423,-426,-396,-381,-409,-388,-382,-393,-411,-464,-462,-477,-501,-552,-602,-509,-519,-613,-539,-542,-510,-513,-519,-428,-553,-470,-401,-533,-597,-654,-692,-660,-581,-572,-537,-519,-413,-386,-335,-521,-523,-520,-457,-454,-470,-429,-354,-444,-510,-500,-442,-450,-372,-438,-362,-443,-434,-387,-430,-574,-572,-545,-497,-534,-544,-611,-551,-466,-553,-592,-482,-440,-404,-413,-418,-442,-377,-443,-404,-541,-562,-571,-520,-472,-430,-481,-563,-677,-644,-665,-631,-652,-682,-762,-774,-650,-696,-623,-696,-666,-586,-587,-682,-634,-658,-526,-445,-465,-444,-432,-455,-575,-625,-655,-750,-668,-560,-523,-483,-457,-531,-506,-446,-439,-432,-510,-579,-474,-464,-519,-388,-393,-378,-461,-459,-388,-336,-305,-343,-395,-395,-368,-401,-431,-433,-446,-377,-380,-422,-434,-459,-454,-467,-401,-404,-403,-456,-409,-459,-413,-408,-371,-460,-402,-495,-439,-455,-488,-446,-478,-371,-473,-428,-489,-402,-436,-444,-393,-503,-458,-448,-528,-545,-592,-473,-499,-475,-495,-444,-494,-489,-477,-503,-513,-484,-572,-579,-523,-585
218,594.2400000000000091,-651,-550,-556,-489,-486,-570,-555,-568,-534,-553,-526,-534,-743,-578,-569,-505,-595,-489,-446,-419,-397,-437,-462,-493,-538,-583,-552,-643,-603,-532,-560,-551,-586,-445,-414,-355,-372,-412,-484,-448,-495,-473,-540,-593,-669,-687,-607,-595,-599,-540,-554,-622,-682,-689,-659,-669,-694,-683,-623,-612,-616,-606,-552,-487,-487,-422,-451,-275,-563,-662,-572,-679,-553,-675,-500,-498,-414,-402,-455,-486,-447,-487,-410,-390,-405,-396,-375,-477,-625,-465,-557,-476,-460,-466,-471,-448,-430,-434,-354,-387,-411,-386,-387,-395,-414,-454,-431,-494,-488,-533,-594,-499,-511,-612,-547,-522,-496,-506,-525,-440,-541,-458,-396,-533,-597,-639,-678,-660,-583,-593,-533,-514,-398,-420,-362,-494,-522,-511,-459,-461,-468,-423,-362,-445,-505,-507,-461,-437,-388,-443,-385,-450,-415,-383,-427,-544,-577,-510,-495,-549,-532,-496,-515,-445,-545,-596,-492,-446,-405,-430,-465,-438,-403,-533,-408,-544,-550,-551,-509,-483,-429,-466,-586,-687,-637,-671,-654,-643,-687,-748,-761,-625,-681,-639,-674,-674,-581,-589,-671,-651,-684,-470,-424,-463,-439,-457,-464,-545,-625,-633,-674,-687,-576,-515,-479,-385,-537,-502,-441,-426,-416,-508,-573,-474,-449,-510,-372,-391,-386,-474,-454,-390,-322,-331,-329,-385,-381,-347,-382,-410,-442,-443,-361,-397,-403,-429,-441,-442,-441,-424,-413,-408,-458,-434,-441,-428,-380,-490,-443,-411,-488,-440,-448,-496,-473,-516,-395,-495,-494,-412,-403,-415,-493,-436,-470,-484,-435,-535,-553,-553,-502,-472,-481,-526,-418,-460,-516,-479,-421,-499,-450,-567,-562,-549,-607
219,597.4399999999999409,-625,-539,-624,-518,-495,-409,-534,-539,-530,-546,-524,-539,-549,-949,-772,-510,-556,-533,-455,-408,-399,-443,-469,-476,-541,-580,-545,-433,-624,-521,-542,-556,-573,-450,-420,-356,-372,-409,-483,-432,-472,-483,-530,-592,-665,-675,-601,-574,-587,-524,-560,-560,-670,-672,-651,-662,-687,-685,-603,-619,-628,-597,-545,-490,-463,-442,-445,-672,-551,-644,-568,-672,-549,-665,-507,-493,-407,-431,-455,-480,-440,-491,-412,-380,-412,-398,-363,-456,-611,-471,-548,-465,-458,-449,-485,-442,-426,-417,-357,-390,-396,-390,-391,-394,-406,-467,-410,-463,-485,-573,-594,-491,-507,-616,-535,-518,-520,-508,-528,-426,-525,-465,-402,-534,-601,-640,-679,-657,-587,-583,-541,-519,-423,-399,-369,-496,-525,-522,-458,-461,-468,-419,-359,-443,-504,-502,-443,-441,-388,-447,-357,-429,-390,-379,-428,-598,-570,-521,-509,-536,-534,-534,-539,-491,-541,-592,-476,-437,-401,-436,-404,-399,-419,-429,-413,-537,-578,-561,-484,-565,-418,-482,-585,-697,-655,-697,-647,-631,-699,-797,-762,-670,-691,-652,-681,-665,-595,-569,-669,-664,-644,-523,-416,-480,-426,-431,-422,-558,-611,-617,-543,-650,-561,-489,-430,-479,-521,-510,-450,-430,-422,-507,-546,-471,-442,-420,-382,-388,-378,-446,-445,-385,-309,-310,-338,-371,-380,-358,-412,-406,-446,-432,-388,-399,-400,-435,-442,-445,-427,-421,-375,-410,-440,-425,-446,-397,-407,-454,-447,-413,-416,-388,-408,-462,-466,-485,-388,-542,-451,-464,-272,-424,-422,-443,-492,-502,-436,-481,-535,-574,-465,-499,-486,-450,-446,-448,-494,-474,-437,-519,-486,-538,-560,-515,-588
220,600.6399999999999864,-613,-538,-588,-494,-509,-606,-583,-534,-533,-543,-522,-526,-34,-439,-505,-510,-559,-517,-447,-413,-385,-449,-476,-481,-548,-591,-552,-793,-620,-551,-550,-547,-590,-442,-415,-346,-371,-413,-469,-448,-452,-480,-538,-586,-655,-676,-598,-572,-587,-540,-545,-595,-666,-692,-649,-644,-677,-675,-604,-608,-623,-601,-539,-484,-456,-427,-437,-532,-553,-646,-567,-662,-545,-638,-517,-497,-399,-352,-440,-477,-431,-488,-407,-365,-398,-395,-369,-463,-616,-465,-535,-462,-447,-450,-484,-438,-436,-404,-350,-398,-412,-388,-388,-397,-407,-466,-428,-474,-482,-524,-587,-491,-498,-613,-524,-502,-501,-504,-505,-429,-539,-461,-395,-532,-576,-632,-673,-652,-605,-567,-539,-512,-403,-400,-384,-513,-513,-517,-480,-459,-468,-429,-385,-450,-499,-498,-454,-441,-381,-433,-366,-424,-407,-372,-426,-551,-564,-547,-516,-518,-512,-568,-512,-468,-538,-573,-480,-446,-409,-446,-410,-440,-416,-388,-417,-508,-521,-535,-505,-508,-449,-465,-551,-677,-657,-654,-585,-637,-682,-744,-757,-662,-671,-653,-665,-662,-574,-583,-665,-607,-615,-549,-403,-506,-427,-423,-446,-534,-613,-622,-699,-660,-544,-500,-431,-449,-526,-502,-448,-439,-435,-509,-549,-467,-438,-469,-385,-395,-367,-448,-445,-392,-318,-347,-338,-400,-389,-339,-387,-418,-415,-435,-341,-383,-405,-435,-457,-446,-444,-406,-424,-397,-424,-425,-462,-420,-392,-426,-444,-413,-451,-431,-502,-489,-487,-457,-426,-470,-495,-493,-409,-403,-403,-447,-488,-500,-465,-476,-553,-598,-468,-472,-472,-431,-440,-465,-509,-470,-461,-501,-456,-555,-561,-516,-592
221,603.8400000000000318,-624,-544,-547,-482,-485,-566,-567,-526,-530,-537,-514,-531,-499,-395,-479,-492,-551,-496,-444,-407,-396,-440,-471,-464,-533,-581,-546,-534,-615,-517,-543,-538,-588,-444,-420,-358,-362,-426,-482,-438,-456,-480,-524,-579,-651,-654,-598,-571,-576,-532,-542,-596,-662,-665,-652,-661,-688,-666,-610,-599,-619,-594,-541,-489,-475,-439,-438,-533,-591,-644,-552,-659,-537,-660,-504,-484,-397,-389,-432,-476,-431,-489,-410,-387,-402,-391,-352,-482,-636,-458,-544,-459,-459,-453,-475,-428,-423,-432,-398,-381,-401,-381,-398,-398,-410,-468,-423,-489,-480,-537,-588,-507,-507,-599,-514,-488,-496,-502,-475,-419,-526,-463,-403,-529,-587,-636,-678,-674,-585,-567,-529,-510,-442,-400,-377,-518,-516,-512,-483,-461,-464,-432,-360,-445,-497,-497,-459,-464,-387,-439,-365,-441,-421,-366,-430,-462,-576,-478,-507,-514,-539,-536,-538,-470,-525,-575,-476,-447,-413,-426,-488,-439,-402,-422,-400,-547,-621,-563,-505,-494,-440,-466,-578,-683,-643,-669,-630,-616,-683,-759,-745,-644,-660,-640,-691,-658,-558,-581,-661,-658,-641,-507,-429,-461,-430,-448,-424,-502,-596,-649,-739,-627,-537,-496,-477,-470,-526,-497,-459,-436,-427,-514,-561,-473,-432,-415,-367,-368,-381,-372,-422,-381,-332,-286,-332,-367,-369,-354,-384,-396,-420,-434,-377,-421,-403,-438,-440,-439,-444,-412,-349,-398,-427,-415,-465,-400,-410,-406,-469,-413,-473,-424,-423,-468,-465,-475,-326,-478,-464,-455,-409,-401,-405,-443,-452,-450,-398,-482,-524,-551,-469,-499,-435,-452,-423,-480,-481,-447,-473,-490,-429,-546,-574,-503,-575
222,607.0399999999999636,-614,-536,-532,-484,-489,-546,-523,-543,-523,-533,-506,-518,-1292,-760,-535,-497,-449,-498,-437,-400,-386,-425,-464,-492,-548,-585,-557,-575,-610,-533,-556,-546,-580,-449,-416,-354,-365,-419,-479,-433,-453,-465,-530,-578,-635,-658,-583,-572,-569,-532,-544,-588,-659,-661,-631,-647,-662,-656,-595,-609,-609,-583,-545,-475,-457,-427,-438,-524,-550,-647,-552,-648,-536,-647,-509,-493,-414,-403,-439,-470,-428,-478,-409,-367,-395,-401,-343,-468,-604,-458,-552,-451,-458,-450,-473,-432,-413,-423,-355,-388,-403,-385,-386,-395,-410,-462,-441,-519,-476,-535,-586,-504,-506,-595,-529,-500,-495,-502,-499,-422,-520,-458,-391,-517,-582,-632,-656,-669,-591,-567,-539,-528,-417,-408,-373,-508,-513,-516,-460,-461,-470,-443,-371,-446,-493,-477,-451,-461,-378,-421,-383,-429,-417,-366,-424,-519,-572,-497,-513,-506,-525,-511,-540,-445,-538,-580,-485,-418,-405,-460,-421,-437,-427,-428,-400,-522,-536,-549,-493,-481,-467,-454,-572,-665,-648,-655,-612,-621,-676,-741,-736,-611,-683,-619,-685,-664,-569,-558,-663,-636,-627,-508,-431,-447,-443,-443,-422,-481,-613,-631,-725,-614,-534,-501,-468,-473,-559,-481,-467,-431,-424,-509,-550,-478,-430,-440,-367,-380,-369,-424,-450,-399,-320,-311,-320,-356,-364,-370,-383,-404,-419,-428,-442,-400,-397,-442,-443,-449,-451,-412,-396,-416,-428,-412,-438,-396,-413,-396,-469,-396,-427,-433,-560,-478,-446,-489,-429,-475,-483,-470,-451,-407,-435,-460,-494,-455,-440,-494,-521,-546,-487,-479,-453,-500,-408,-492,-451,-456,-482,-508,-466,-540,-539,-503,-582
223,610.2400000000000091,-584,-533,-448,-501,-462,-544,-579,-527,-518,-522,-500,-520,-771,-103,-548,-488,-430,-492,-427,-400,-387,-427,-456,-489,-543,-586,-545,-466,-604,-512,-545,-541,-582,-442,-416,-366,-369,-409,-478,-432,-471,-462,-514,-576,-634,-625,-586,-560,-590,-556,-540,-578,-652,-654,-630,-666,-654,-656,-575,-596,-614,-587,-534,-482,-450,-433,-439,-534,-564,-627,-562,-652,-541,-642,-495,-487,-395,-358,-436,-463,-434,-473,-399,-363,-380,-377,-357,-455,-602,-443,-535,-460,-448,-447,-471,-427,-414,-430,-358,-379,-415,-382,-396,-418,-411,-453,-429,-467,-481,-538,-581,-506,-493,-605,-514,-521,-497,-495,-499,-419,-519,-471,-380,-507,-582,-626,-656,-638,-597,-559,-526,-513,-386,-376,-382,-495,-506,-513,-471,-459,-470,-425,-359,-436,-492,-494,-438,-450,-398,-418,-351,-421,-389,-370,-418,-510,-565,-545,-502,-512,-539,-550,-533,-464,-528,-571,-456,-464,-403,-440,-443,-433,-382,-414,-420,-520,-542,-527,-491,-516,-439,-477,-567,-643,-626,-648,-612,-639,-656,-733,-740,-606,-644,-617,-648,-657,-563,-584,-645,-655,-588,-497,-440,-465,-441,-440,-410,-538,-591,-573,-733,-621,-544,-486,-459,-432,-537,-485,-455,-424,-417,-507,-545,-485,-435,-426,-366,-372,-372,-399,-427,-387,-319,-317,-325,-385,-369,-388,-374,-398,-421,-422,-328,-395,-405,-430,-445,-449,-453,-392,-372,-405,-429,-425,-461,-392,-394,-420,-445,-407,-439,-437,-442,-464,-449,-496,-418,-478,-454,-483,-418,-387,-401,-428,-441,-438,-417,-465,-520,-556,-449,-483,-446,-456,-435,-461,-466,-461,-487,-493,-475,-512,-557,-503,-566
224,613.4399999999999409,-605,-532,-511,-495,-492,-544,-545,-522,-511,-521,-499,-500,-407,-411,-533,-471,-637,-499,-423,-393,-385,-431,-465,-486,-533,-573,-545,-453,-610,-534,-559,-545,-574,-434,-409,-344,-369,-418,-470,-433,-466,-461,-510,-573,-640,-641,-584,-543,-569,-527,-531,-553,-650,-650,-644,-668,-653,-653,-592,-599,-609,-590,-535,-484,-460,-442,-442,-1010,-557,-635,-553,-654,-536,-620,-499,-476,-402,-379,-430,-449,-432,-467,-388,-364,-401,-375,-360,-452,-590,-460,-536,-458,-453,-445,-477,-429,-410,-406,-392,-382,-394,-390,-377,-389,-407,-457,-423,-466,-480,-532,-591,-522,-496,-590,-537,-529,-496,-503,-501,-412,-520,-449,-390,-515,-580,-626,-676,-724,-585,-568,-528,-515,-394,-388,-363,-493,-506,-511,-458,-460,-464,-429,-371,-439,-491,-479,-463,-415,-370,-426,-377,-417,-364,-364,-425,-532,-548,-434,-492,-501,-528,-566,-524,-504,-537,-534,-464,-411,-400,-422,-416,-429,-401,-419,-398,-512,-527,-532,-503,-520,-461,-478,-584,-680,-638,-639,-625,-625,-666,-740,-714,-610,-656,-571,-661,-640,-561,-560,-632,-615,-612,-510,-400,-464,-459,-417,-437,-508,-600,-613,-739,-599,-542,-482,-433,-462,-531,-522,-422,-419,-426,-479,-547,-436,-449,-437,-356,-378,-355,-428,-443,-372,-293,-297,-337,-388,-360,-358,-371,-399,-420,-404,-321,-398,-389,-434,-446,-448,-430,-410,-375,-400,-448,-427,-463,-393,-397,-400,-433,-397,-430,-432,-481,-482,-471,-509,-396,-455,-400,-422,-425,-376,-418,-419,-461,-435,-440,-510,-526,-535,-467,-483,-421,-452,-425,-456,-485,-466,-462,-497,-429,-524,-522,-493,-553
225,616.6399999999999864,-618,-535,-522,-485,-497,-529,-536,-508,-507,-518,-500,-502,-635,-576,-545,-486,-534,-497,-419,-395,-377,-409,-457,-500,-533,-575,-539,-597,-611,-521,-533,-532,-570,-444,-409,-352,-355,-404,-476,-424,-440,-453,-512,-565,-634,-644,-580,-549,-553,-531,-531,-564,-641,-644,-617,-643,-656,-642,-590,-592,-616,-585,-540,-456,-455,-437,-441,-770,-556,-629,-551,-653,-541,-622,-485,-474,-402,-418,-436,-463,-414,-468,-388,-366,-369,-382,-356,-442,-579,-455,-533,-460,-451,-442,-459,-414,-406,-409,-417,-376,-404,-368,-394,-392,-392,-454,-440,-477,-487,-535,-592,-497,-495,-584,-538,-499,-522,-493,-505,-415,-517,-447,-388,-524,-559,-609,-655,-529,-592,-552,-521,-500,-392,-394,-370,-475,-493,-491,-451,-461,-467,-444,-375,-440,-479,-480,-436,-420,-378,-414,-381,-439,-408,-364,-411,-536,-566,-481,-474,-556,-532,-541,-546,-474,-526,-534,-481,-450,-399,-432,-440,-438,-399,-422,-372,-534,-534,-538,-543,-496,-451,-477,-545,-664,-632,-627,-615,-641,-663,-709,-714,-552,-640,-615,-666,-637,-554,-550,-650,-628,-601,-517,-412,-454,-445,-425,-434,-521,-603,-610,-716,-600,-551,-504,-453,-439,-513,-472,-433,-423,-416,-488,-554,-451,-432,-427,-366,-369,-373,-438,-433,-381,-320,-326,-336,-364,-372,-343,-369,-428,-419,-423,-335,-393,-404,-431,-427,-441,-437,-404,-375,-388,-404,-414,-451,-386,-376,-402,-428,-405,-442,-427,-468,-485,-456,-473,-391,-471,-407,-461,-454,-408,-421,-444,-414,-439,-437,-488,-523,-556,-474,-501,-479,-521,-421,-455,-437,-425,-468,-486,-441,-496,-528,-505,-565
226,619.8400000000000318,-593,-517,-659,-491,-480,-557,-523,-512,-495,-511,-491,-508,-634,-579,-544,-490,-542,-489,-426,-395,-353,-409,-446,-450,-516,-559,-545,-560,-596,-513,-535,-528,-564,-412,-405,-345,-359,-400,-468,-443,-443,-440,-514,-562,-639,-652,-578,-560,-561,-518,-535,-572,-640,-627,-634,-623,-663,-624,-582,-587,-595,-586,-531,-474,-461,-436,-428,-607,-551,-627,-531,-639,-533,-626,-499,-471,-393,-395,-430,-454,-432,-458,-388,-359,-382,-401,-344,-449,-578,-453,-526,-445,-442,-450,-464,-431,-404,-392,-327,-371,-394,-381,-382,-388,-401,-451,-434,-506,-487,-540,-584,-510,-482,-570,-525,-508,-500,-501,-498,-413,-513,-448,-380,-512,-568,-615,-673,-607,-586,-545,-522,-498,-400,-397,-339,-485,-488,-513,-459,-451,-458,-427,-371,-435,-482,-477,-433,-427,-375,-428,-359,-429,-416,-370,-419,-490,-551,-574,-488,-456,-533,-592,-523,-469,-522,-540,-465,-399,-400,-429,-431,-423,-385,-325,-384,-494,-541,-544,-495,-501,-431,-471,-561,-666,-625,-635,-576,-633,-648,-694,-691,-583,-563,-649,-649,-639,-558,-533,-631,-623,-621,-470,-414,-492,-452,-429,-432,-525,-611,-638,-756,-658,-540,-498,-426,-464,-491,-489,-440,-412,-420,-500,-556,-458,-445,-442,-375,-368,-364,-445,-431,-371,-298,-292,-333,-341,-373,-345,-374,-402,-412,-414,-356,-382,-390,-437,-426,-453,-419,-418,-365,-399,-425,-403,-442,-404,-390,-445,-406,-411,-429,-429,-449,-458,-467,-484,-433,-460,-406,-423,-393,-388,-418,-420,-473,-420,-379,-504,-509,-571,-445,-471,-375,-488,-401,-467,-462,-431,-465,-483,-447,-556,-525,-486,-564
227,623.0399999999999636,-580,-526,-655,-524,-479,-538,-522,-502,-495,-510,-482,-482,-520,-548,-411,-495,-542,-522,-437,-398,-358,-410,-434,-456,-512,-567,-532,-553,-597,-518,-529,-522,-565,-424,-399,-348,-352,-405,-447,-413,-447,-446,-506,-560,-614,-636,-565,-550,-560,-520,-516,-557,-637,-655,-615,-636,-625,-638,-584,-585,-601,-576,-524,-474,-470,-428,-429,-730,-554,-628,-534,-637,-529,-611,-485,-472,-401,-391,-426,-451,-430,-454,-387,-359,-385,-381,-339,-448,-579,-445,-524,-448,-447,-445,-468,-429,-414,-400,-344,-382,-387,-373,-379,-397,-396,-444,-412,-472,-483,-529,-589,-504,-488,-569,-512,-520,-488,-494,-485,-420,-509,-446,-389,-512,-566,-611,-644,-629,-557,-562,-512,-505,-416,-372,-367,-465,-493,-503,-467,-449,-458,-448,-360,-441,-485,-483,-433,-430,-377,-427,-358,-451,-380,-375,-411,-553,-561,-468,-482,-488,-528,-503,-513,-463,-515,-562,-432,-443,-392,-426,-437,-423,-398,-422,-403,-526,-521,-546,-482,-512,-446,-457,-576,-652,-619,-635,-611,-633,-649,-674,-724,-612,-615,-593,-663,-626,-553,-566,-629,-647,-585,-505,-409,-480,-423,-425,-435,-530,-505,-565,-713,-592,-548,-485,-510,-460,-473,-471,-440,-414,-425,-475,-539,-454,-433,-405,-372,-341,-364,-426,-430,-365,-305,-303,-332,-310,-377,-366,-375,-400,-394,-417,-357,-388,-401,-420,-428,-470,-432,-403,-383,-397,-421,-403,-441,-415,-381,-409,-434,-423,-399,-429,-404,-472,-457,-480,-381,-445,-414,-436,-394,-384,-369,-426,-455,-480,-409,-486,-523,-489,-477,-494,-463,-469,-444,-460,-439,-414,-481,-477,-454,-530,-520,-485,-542
228,626.2400000000000091,-576,-512,-422,-481,-467,-523,-514,-517,-489,-502,-486,-498,-519,-533,-510,-480,-534,-471,-419,-404,-377,-407,-426,-438,-510,-557,-525,-570,-595,-493,-526,-519,-550,-409,-404,-355,-351,-392,-457,-419,-430,-434,-501,-552,-605,-631,-549,-536,-544,-522,-521,-563,-626,-628,-612,-651,-642,-688,-572,-581,-608,-564,-521,-464,-466,-437,-427,-231,-547,-617,-540,-631,-519,-603,-496,-479,-386,-385,-426,-446,-421,-454,-387,-352,-375,-379,-343,-449,-585,-441,-523,-430,-444,-431,-456,-421,-414,-417,-428,-382,-378,-372,-375,-375,-390,-451,-452,-464,-480,-527,-576,-497,-478,-582,-497,-494,-523,-487,-519,-417,-510,-446,-390,-496,-546,-601,-630,-632,-560,-541,-512,-509,-380,-401,-370,-497,-493,-487,-461,-445,-462,-423,-359,-440,-474,-484,-445,-429,-375,-423,-345,-422,-406,-384,-412,-561,-525,-494,-523,-486,-523,-576,-517,-425,-513,-546,-455,-424,-404,-373,-405,-428,-384,-424,-397,-530,-501,-538,-499,-490,-464,-451,-562,-639,-611,-624,-614,-606,-642,-691,-684,-598,-578,-593,-629,-629,-539,-565,-613,-628,-619,-480,-411,-470,-421,-434,-431,-512,-613,-625,-716,-559,-540,-473,-490,-423,-521,-464,-431,-426,-409,-506,-548,-435,-438,-429,-338,-342,-360,-414,-416,-363,-322,-292,-328,-369,-362,-356,-357,-381,-391,-404,-336,-380,-389,-423,-452,-437,-417,-410,-363,-419,-436,-400,-423,-412,-379,-406,-420,-432,-390,-420,-465,-449,-445,-469,-372,-453,-427,-434,-504,-389,-375,-450,-463,-403,-423,-436,-520,-563,-453,-495,-448,-466,-424,-450,-449,-428,-419,-477,-468,-560,-535,-477,-558
229,629.4400000000000546,-578,-513,-481,-520,-488,-661,-519,-490,-491,-503,-489,-505,-505,-543,-568,-485,-526,-494,-439,-405,-387,-424,-440,-436,-503,-545,-516,-742,-581,-512,-529,-518,-569,-425,-399,-337,-345,-390,-458,-412,-426,-433,-505,-548,-606,-625,-568,-535,-557,-514,-517,-546,-625,-636,-597,-630,-639,-638,-585,-591,-599,-575,-534,-463,-458,-427,-434,-519,-559,-613,-542,-622,-524,-602,-485,-471,-384,-384,-415,-453,-394,-453,-383,-352,-384,-369,-343,-436,-563,-438,-519,-446,-439,-428,-456,-420,-402,-389,-361,-393,-382,-366,-387,-396,-388,-446,-422,-455,-480,-524,-573,-499,-488,-584,-505,-495,-487,-497,-504,-416,-507,-449,-382,-504,-535,-600,-627,-616,-551,-521,-498,-486,-393,-383,-359,-486,-489,-497,-433,-446,-448,-424,-341,-423,-479,-473,-431,-457,-394,-422,-363,-386,-457,-365,-409,-527,-542,-481,-502,-490,-511,-534,-537,-479,-515,-542,-439,-417,-386,-495,-374,-389,-377,-399,-403,-513,-533,-513,-486,-460,-459,-480,-561,-654,-604,-619,-575,-618,-637,-691,-708,-593,-615,-653,-660,-622,-542,-540,-629,-636,-596,-492,-411,-451,-434,-415,-432,-488,-586,-603,-680,-652,-546,-481,-451,-491,-517,-479,-433,-406,-424,-497,-535,-443,-437,-428,-344,-306,-351,-418,-391,-368,-304,-307,-330,-334,-363,-332,-369,-402,-402,-409,-312,-367,-368,-427,-447,-434,-424,-398,-374,-417,-440,-425,-414,-395,-383,-397,-429,-404,-434,-414,-438,-469,-426,-501,-350,-508,-427,-450,-296,-379,-388,-389,-431,-431,-426,-460,-505,-528,-437,-449,-449,-511,-397,-456,-450,-421,-423,-467,-393,-508,-509,-488,-559
230,632.6399999999999864,-574,-529,-522,-481,-472,-598,-514,-507,-484,-503,-489,-495,-512,-457,-514,-486,-533,-519,-430,-406,-389,-408,-433,-455,-499,-545,-540,-628,-577,-492,-515,-522,-553,-421,-405,-342,-344,-394,-446,-413,-454,-435,-495,-552,-618,-638,-565,-545,-555,-507,-517,-536,-616,-628,-602,-629,-657,-628,-586,-592,-588,-569,-525,-473,-461,-435,-431,-524,-547,-618,-546,-631,-522,-605,-481,-464,-400,-389,-422,-446,-434,-458,-383,-350,-371,-386,-352,-443,-572,-441,-512,-445,-447,-446,-455,-409,-403,-402,-336,-390,-390,-371,-386,-389,-401,-447,-420,-434,-476,-501,-583,-502,-489,-580,-500,-494,-497,-494,-517,-413,-511,-445,-383,-493,-560,-582,-637,-614,-597,-556,-503,-500,-389,-392,-360,-491,-489,-503,-458,-443,-455,-423,-370,-417,-478,-483,-424,-420,-394,-409,-353,-408,-426,-357,-399,-522,-544,-489,-525,-488,-540,-518,-453,-451,-522,-542,-452,-417,-402,-402,-352,-438,-368,-412,-414,-504,-488,-522,-465,-497,-438,-494,-552,-647,-599,-595,-568,-612,-631,-686,-709,-618,-605,-604,-624,-626,-551,-570,-637,-611,-586,-467,-406,-432,-435,-409,-436,-495,-581,-585,-703,-605,-550,-497,-463,-433,-509,-488,-432,-414,-414,-498,-537,-468,-420,-436,-348,-367,-351,-433,-413,-341,-287,-289,-330,-329,-357,-339,-349,-402,-395,-414,-360,-393,-390,-435,-453,-451,-413,-419,-395,-397,-424,-417,-444,-414,-399,-393,-423,-393,-445,-408,-412,-462,-431,-484,-449,-464,-433,-477,-540,-388,-400,-421,-464,-416,-442,-495,-498,-488,-443,-442,-422,-436,-445,-440,-417,-412,-415,-477,-426,-505,-509,-499,-529
231,635.8400000000000318,-585,-515,-383,-485,-459,-532,-523,-498,-489,-502,-488,-510,-572,-711,-331,-491,-535,-491,-427,-401,-383,-447,-442,-463,-523,-556,-531,-591,-562,-503,-513,-501,-546,-414,-394,-348,-349,-393,-450,-404,-435,-435,-492,-577,-610,-623,-567,-548,-568,-512,-511,-551,-615,-623,-604,-626,-648,-625,-570,-590,-589,-561,-521,-500,-458,-454,-430,-515,-547,-621,-515,-637,-518,-616,-490,-476,-393,-336,-430,-451,-433,-467,-388,-351,-376,-379,-354,-447,-589,-450,-515,-441,-445,-440,-460,-426,-420,-409,-338,-398,-385,-376,-382,-416,-404,-445,-445,-460,-462,-527,-573,-493,-476,-574,-537,-494,-479,-495,-515,-420,-499,-441,-392,-498,-543,-585,-629,-624,-567,-531,-511,-500,-408,-396,-379,-482,-484,-493,-465,-440,-452,-416,-355,-413,-473,-473,-445,-431,-394,-439,-393,-431,-412,-358,-390,-494,-521,-485,-441,-490,-479,-544,-507,-494,-502,-538,-502,-455,-403,-434,-470,-441,-373,-406,-402,-500,-497,-523,-475,-527,-437,-439,-550,-634,-604,-608,-581,-593,-639,-679,-653,-577,-611,-551,-639,-628,-559,-581,-619,-586,-574,-494,-404,-419,-455,-418,-448,-516,-579,-564,-698,-620,-540,-488,-452,-443,-490,-475,-425,-408,-423,-492,-559,-448,-431,-432,-352,-361,-359,-396,-396,-364,-313,-309,-335,-385,-360,-353,-376,-409,-379,-399,-340,-391,-398,-413,-448,-437,-458,-414,-433,-394,-428,-409,-442,-419,-394,-439,-441,-399,-422,-400,-399,-477,-433,-485,-332,-451,-432,-464,-415,-406,-394,-409,-460,-454,-436,-466,-536,-537,-448,-453,-474,-456,-454,-444,-465,-436,-464,-472,-428,-495,-491,-462,-547
232,639.0399999999999636,-569,-530,-557,-489,-488,-530,-518,-495,-472,-498,-490,-495,-328,-546,-730,-497,-538,-525,-439,-407,-385,-447,-432,-490,-527,-557,-528,-562,-568,-518,-518,-516,-538,-416,-397,-357,-346,-387,-443,-399,-428,-439,-508,-572,-605,-633,-575,-555,-563,-526,-527,-564,-635,-626,-601,-621,-664,-632,-571,-577,-583,-573,-527,-481,-448,-449,-435,-389,-562,-610,-547,-629,-531,-612,-488,-470,-394,-412,-424,-460,-437,-458,-388,-364,-374,-387,-364,-453,-581,-459,-514,-438,-452,-443,-464,-423,-414,-412,-377,-373,-399,-378,-380,-397,-410,-452,-406,-454,-466,-512,-553,-503,-484,-570,-543,-498,-473,-491,-495,-425,-514,-445,-389,-498,-545,-591,-634,-623,-554,-526,-510,-499,-421,-386,-382,-506,-479,-505,-457,-437,-459,-418,-363,-425,-474,-495,-435,-429,-380,-429,-373,-419,-416,-377,-407,-514,-548,-473,-479,-497,-512,-527,-524,-441,-513,-541,-479,-438,-403,-414,-415,-424,-378,-403,-397,-522,-531,-530,-493,-499,-447,-487,-560,-642,-622,-625,-581,-634,-630,-695,-705,-612,-587,-659,-642,-635,-531,-543,-615,-616,-609,-522,-422,-450,-458,-407,-431,-505,-553,-575,-680,-616,-534,-491,-443,-439,-464,-487,-432,-410,-412,-482,-532,-461,-427,-426,-356,-364,-359,-416,-410,-366,-336,-316,-339,-337,-325,-325,-362,-394,-406,-400,-359,-367,-391,-421,-438,-452,-459,-403,-365,-402,-425,-406,-440,-386,-397,-438,-452,-403,-434,-434,-410,-430,-470,-461,-387,-465,-475,-431,-295,-392,-398,-419,-444,-435,-413,-458,-499,-526,-450,-438,-463,-458,-418,-480,-465,-424,-456,-516,-485,-503,-524,-468,-526
233,642.2400000000000091,-559,-530,-435,-484,-476,-542,-534,-496,-486,-496,-489,-498,-315,-539,-419,-490,-529,-482,-467,-413,-381,-429,-449,-463,-502,-558,-546,-542,-586,-505,-529,-507,-544,-415,-404,-354,-347,-395,-447,-412,-436,-430,-509,-554,-607,-618,-566,-547,-571,-527,-513,-550,-626,-632,-606,-637,-644,-644,-584,-579,-593,-570,-528,-460,-458,-438,-436,-713,-557,-621,-532,-628,-530,-601,-485,-473,-403,-403,-424,-465,-441,-469,-386,-366,-382,-387,-357,-455,-580,-428,-521,-445,-451,-442,-468,-422,-420,-410,-326,-395,-375,-392,-394,-418,-397,-449,-408,-467,-462,-530,-563,-499,-474,-576,-516,-491,-491,-485,-517,-408,-506,-443,-384,-495,-542,-607,-634,-617,-553,-551,-510,-498,-403,-372,-378,-472,-487,-491,-451,-438,-436,-421,-364,-440,-469,-472,-436,-437,-381,-414,-354,-449,-388,-364,-406,-511,-529,-433,-482,-502,-507,-538,-511,-446,-515,-547,-440,-396,-409,-428,-397,-419,-416,-396,-400,-514,-540,-531,-455,-447,-437,-462,-540,-635,-612,-610,-591,-576,-620,-662,-666,-604,-612,-581,-656,-629,-547,-557,-619,-611,-567,-496,-398,-413,-426,-408,-409,-517,-546,-573,-681,-586,-539,-483,-441,-479,-509,-483,-422,-415,-410,-487,-529,-437,-420,-398,-324,-360,-361,-408,-416,-386,-304,-330,-333,-365,-368,-353,-383,-414,-408,-421,-356,-388,-406,-429,-414,-446,-422,-412,-341,-385,-421,-406,-444,-407,-393,-445,-446,-407,-390,-407,-464,-470,-426,-446,-408,-461,-443,-455,-446,-404,-420,-414,-406,-438,-387,-471,-527,-526,-460,-467,-442,-419,-441,-492,-439,-413,-446,-456,-410,-522,-534,-485,-545
234,645.4400000000000546,-572,-529,-582,-481,-465,-539,-529,-512,-480,-498,-480,-509,-519,-906,-518,-511,-543,-481,-445,-412,-390,-426,-451,-479,-529,-561,-543,-528,-590,-522,-515,-522,-561,-389,-405,-358,-344,-403,-444,-405,-443,-442,-495,-548,-605,-633,-568,-542,-566,-526,-526,-576,-628,-626,-625,-665,-629,-638,-578,-579,-577,-597,-529,-487,-461,-438,-441,-605,-546,-620,-551,-615,-527,-591,-496,-481,-415,-446,-431,-465,-434,-484,-386,-365,-361,-397,-356,-431,-575,-458,-512,-445,-458,-437,-467,-424,-418,-442,-358,-384,-417,-382,-412,-413,-401,-456,-388,-447,-463,-510,-570,-486,-495,-572,-516,-493,-486,-493,-522,-416,-513,-454,-388,-497,-518,-592,-628,-629,-560,-545,-530,-511,-343,-419,-368,-475,-470,-488,-471,-438,-445,-408,-374,-418,-481,-472,-444,-409,-358,-441,-367,-441,-410,-361,-392,-544,-556,-480,-479,-500,-507,-479,-499,-489,-515,-555,-498,-407,-409,-432,-415,-421,-355,-417,-397,-497,-521,-505,-477,-513,-457,-479,-542,-624,-617,-603,-572,-607,-616,-686,-674,-591,-589,-611,-641,-621,-559,-542,-626,-601,-607,-480,-425,-428,-454,-416,-429,-496,-571,-604,-761,-577,-537,-511,-506,-408,-524,-477,-423,-407,-416,-485,-504,-434,-408,-420,-351,-373,-351,-412,-418,-355,-327,-295,-332,-373,-375,-349,-408,-402,-425,-394,-350,-391,-419,-441,-450,-443,-439,-405,-403,-399,-421,-443,-438,-427,-399,-365,-418,-438,-433,-412,-442,-462,-452,-458,-408,-465,-414,-424,-410,-363,-379,-410,-444,-419,-450,-467,-516,-537,-460,-456,-456,-475,-414,-442,-465,-430,-448,-480,-445,-513,-499,-466,-555
235,648.6399999999999864,-581,-535,-521,-506,-493,-540,-537,-497,-487,-495,-498,-510,-521,-503,-537,-507,-577,-493,-433,-417,-381,-424,-451,-431,-522,-568,-536,-486,-593,-515,-531,-527,-546,-415,-412,-375,-351,-394,-457,-417,-464,-446,-490,-546,-607,-649,-571,-549,-567,-511,-524,-557,-628,-618,-644,-619,-628,-637,-583,-577,-592,-557,-504,-489,-461,-427,-441,-536,-558,-613,-543,-630,-536,-586,-496,-479,-409,-409,-439,-466,-433,-474,-388,-369,-378,-389,-363,-433,-574,-455,-530,-438,-455,-454,-480,-431,-414,-386,-308,-403,-408,-390,-402,-417,-404,-455,-421,-455,-467,-509,-566,-510,-495,-569,-525,-507,-494,-494,-507,-410,-510,-453,-387,-504,-544,-596,-625,-634,-571,-549,-512,-499,-406,-406,-352,-487,-481,-477,-423,-428,-444,-414,-374,-426,-473,-474,-447,-438,-386,-428,-379,-419,-394,-357,-399,-544,-542,-475,-482,-486,-510,-447,-498,-483,-512,-534,-452,-419,-417,-438,-412,-418,-392,-421,-424,-491,-526,-550,-474,-555,-453,-472,-551,-638,-604,-605,-547,-599,-622,-671,-671,-615,-601,-609,-622,-605,-532,-544,-608,-595,-593,-489,-423,-453,-440,-415,-428,-547,-585,-600,-879,-583,-542,-476,-487,-453,-552,-464,-429,-410,-416,-470,-505,-450,-415,-434,-356,-354,-363,-415,-420,-384,-307,-314,-356,-385,-368,-340,-373,-413,-421,-443,-358,-399,-419,-423,-448,-440,-455,-412,-383,-410,-438,-416,-436,-423,-407,-460,-437,-419,-450,-441,-489,-459,-438,-459,-396,-454,-425,-470,-374,-396,-428,-421,-422,-426,-413,-488,-515,-574,-459,-488,-441,-460,-435,-432,-435,-453,-434,-466,-464,-523,-526,-477,-553
236,651.8400000000000318,-609,-545,-514,-498,-488,-239,-515,-499,-481,-491,-482,-538,-513,-234,-492,-494,-523,-499,-438,-414,-385,-426,-447,-468,-499,-562,-553,-563,-582,-491,-539,-522,-560,-420,-412,-348,-352,-393,-461,-406,-465,-442,-500,-544,-595,-647,-580,-556,-561,-520,-525,-573,-628,-637,-604,-649,-646,-618,-573,-586,-585,-568,-526,-483,-464,-438,-441,-528,-568,-594,-557,-635,-529,-606,-494,-491,-411,-411,-435,-457,-422,-461,-387,-364,-380,-383,-355,-469,-577,-452,-530,-440,-462,-452,-474,-425,-413,-402,-356,-395,-418,-386,-397,-412,-407,-461,-438,-455,-464,-522,-563,-505,-487,-582,-512,-496,-497,-496,-492,-417,-511,-453,-381,-501,-560,-588,-637,-627,-565,-541,-527,-512,-413,-404,-385,-476,-476,-478,-437,-440,-445,-428,-367,-422,-472,-476,-433,-404,-390,-439,-396,-421,-420,-361,-394,-464,-537,-486,-488,-499,-484,-519,-535,-433,-504,-545,-462,-436,-404,-441,-427,-424,-395,-447,-365,-505,-508,-534,-483,-503,-462,-483,-539,-634,-617,-614,-576,-599,-618,-662,-672,-595,-601,-573,-609,-598,-536,-536,-595,-596,-585,-487,-427,-429,-437,-409,-429,-508,-578,-415,-671,-632,-553,-494,-457,-473,-528,-481,-435,-411,-408,-469,-504,-423,-425,-419,-345,-364,-367,-472,-413,-402,-311,-310,-346,-402,-362,-356,-380,-420,-424,-425,-365,-388,-407,-423,-448,-453,-433,-431,-418,-427,-430,-419,-447,-411,-395,-406,-448,-410,-407,-428,-465,-479,-516,-483,-365,-460,-429,-506,-418,-412,-433,-430,-423,-498,-430,-478,-514,-535,-493,-470,-486,-445,-426,-451,-460,-420,-471,-476,-451,-524,-519,-478,-570
237,655.0399999999999636,-579,-540,-404,-508,-472,-661,-571,-502,-478,-485,-477,-502,-511,-329,-491,-491,-499,-525,-451,-417,-386,-417,-455,-481,-502,-557,-537,-412,-570,-506,-529,-534,-521,-423,-412,-361,-345,-405,-461,-414,-422,-445,-505,-550,-570,-620,-571,-535,-563,-517,-517,-557,-626,-641,-605,-638,-641,-639,-569,-591,-578,-573,-514,-472,-460,-437,-445,-452,-558,-623,-552,-631,-535,-615,-499,-487,-412,-394,-438,-456,-433,-461,-386,-359,-381,-400,-362,-455,-578,-445,-526,-439,-458,-439,-472,-430,-422,-411,-358,-406,-402,-376,-392,-394,-405,-445,-424,-445,-463,-526,-568,-508,-492,-566,-500,-490,-490,-501,-501,-416,-513,-459,-413,-514,-563,-601,-637,-622,-567,-554,-513,-504,-401,-393,-372,-466,-478,-495,-442,-428,-445,-421,-378,-427,-456,-474,-416,-421,-395,-436,-384,-436,-426,-375,-414,-513,-531,-488,-488,-475,-506,-482,-567,-471,-514,-506,-524,-443,-391,-446,-429,-416,-386,-402,-394,-483,-522,-516,-484,-494,-446,-472,-567,-625,-600,-591,-549,-576,-618,-654,-668,-566,-590,-608,-625,-611,-528,-538,-635,-603,-591,-536,-394,-461,-426,-412,-424,-527,-555,-571,-663,-660,-540,-505,-506,-439,-536,-475,-416,-406,-391,-466,-497,-444,-425,-421,-333,-361,-356,-403,-410,-400,-323,-325,-349,-365,-393,-375,-365,-404,-407,-417,-367,-383,-379,-436,-466,-456,-446,-417,-373,-409,-437,-411,-428,-405,-403,-440,-420,-403,-422,-431,-434,-476,-459,-480,-376,-421,-438,-411,-504,-389,-399,-418,-441,-422,-448,-455,-525,-550,-458,-483,-447,-434,-452,-429,-429,-434,-460,-473,-450,-498,-507,-476,-540
238,658.2400000000000091,-590,-541,-652,-493,-461,-536,-543,-509,-470,-494,-486,-492,-515,-530,-645,-489,-527,-486,-433,-404,-385,-423,-440,-482,-518,-553,-527,-497,-588,-504,-534,-531,-548,-412,-405,-351,-351,-399,-451,-406,-431,-448,-504,-544,-600,-612,-566,-546,-560,-523,-525,-524,-623,-623,-594,-608,-627,-629,-572,-583,-600,-567,-526,-479,-466,-436,-449,-541,-566,-607,-549,-630,-527,-597,-487,-484,-412,-404,-435,-455,-429,-464,-386,-364,-370,-393,-369,-451,-572,-467,-522,-441,-461,-456,-459,-423,-410,-425,-358,-393,-409,-373,-368,-393,-405,-435,-430,-444,-462,-518,-567,-504,-480,-562,-519,-493,-487,-491,-506,-428,-513,-465,-396,-503,-540,-602,-624,-615,-551,-536,-517,-496,-387,-404,-377,-478,-477,-487,-462,-441,-458,-427,-374,-429,-470,-466,-465,-439,-376,-428,-391,-425,-400,-374,-414,-515,-544,-526,-474,-482,-508,-536,-502,-447,-504,-526,-455,-431,-414,-449,-390,-419,-375,-398,-410,-493,-487,-509,-461,-490,-464,-477,-546,-618,-598,-607,-582,-600,-629,-715,-669,-622,-593,-603,-624,-614,-533,-534,-588,-585,-596,-516,-405,-444,-433,-413,-452,-506,-574,-591,-706,-627,-550,-491,-499,-444,-506,-465,-421,-407,-413,-466,-525,-429,-407,-408,-333,-353,-354,-353,-390,-366,-321,-312,-349,-381,-384,-359,-363,-413,-419,-413,-390,-391,-396,-437,-438,-452,-423,-413,-379,-383,-432,-422,-428,-399,-393,-406,-422,-414,-441,-423,-457,-474,-447,-445,-361,-446,-436,-409,-325,-406,-406,-436,-455,-438,-426,-451,-505,-549,-439,-488,-405,-482,-438,-448,-408,-432,-454,-467,-497,-492,-504,-476,-561
239,661.4400000000000546,-589,-527,-612,-495,-475,-545,-528,-498,-470,-487,-470,-475,-430,-524,-560,-491,-532,-498,-439,-399,-387,-423,-451,-499,-507,-544,-509,-552,-589,-508,-518,-516,-539,-427,-403,-353,-349,-395,-458,-412,-452,-450,-495,-539,-603,-620,-557,-544,-556,-507,-553,-550,-619,-622,-620,-607,-631,-624,-560,-582,-586,-570,-522,-460,-467,-433,-448,-524,-555,-607,-555,-623,-547,-619,-497,-483,-409,-342,-431,-449,-428,-462,-392,-380,-378,-385,-343,-452,-567,-440,-520,-446,-468,-450,-473,-434,-438,-417,-345,-401,-385,-371,-378,-407,-400,-444,-414,-470,-466,-508,-558,-503,-490,-567,-493,-486,-498,-503,-513,-426,-514,-465,-405,-510,-569,-597,-619,-620,-565,-536,-506,-504,-403,-395,-371,-481,-465,-491,-465,-441,-458,-435,-374,-437,-469,-486,-444,-446,-393,-436,-374,-437,-408,-355,-400,-513,-523,-518,-470,-465,-513,-526,-513,-469,-504,-539,-456,-439,-415,-436,-381,-433,-393,-443,-398,-502,-508,-513,-482,-492,-460,-496,-547,-452,-599,-579,-557,-593,-613,-662,-655,-566,-591,-580,-608,-613,-526,-532,-603,-590,-594,-474,-418,-439,-427,-411,-446,-448,-635,-598,-682,-570,-529,-508,-489,-450,-490,-471,-412,-408,-409,-490,-495,-467,-420,-434,-342,-355,-351,-380,-411,-370,-335,-318,-343,-376,-375,-376,-356,-394,-407,-419,-359,-390,-374,-429,-452,-446,-455,-407,-400,-408,-422,-420,-431,-418,-417,-392,-441,-423,-419,-419,-404,-462,-413,-479,-346,-447,-407,-457,-267,-384,-405,-442,-430,-465,-395,-447,-500,-499,-422,-477,-415,-453,-421,-455,-430,-446,-463,-488,-422,-493,-530,-470,-522
240,664.6399999999999864,-590,-525,-637,-468,-457,-619,-522,-490,-467,-480,-479,-489,-967,-624,-549,-478,-518,-493,-430,-426,-379,-425,-456,-464,-503,-555,-522,-551,-579,-506,-513,-507,-536,-427,-399,-351,-347,-406,-453,-409,-436,-433,-497,-543,-592,-614,-554,-538,-551,-493,-520,-536,-626,-621,-590,-612,-648,-632,-567,-581,-586,-568,-520,-478,-464,-440,-445,-527,-565,-611,-538,-623,-535,-602,-482,-482,-410,-381,-433,-449,-431,-464,-386,-353,-367,-392,-365,-447,-571,-449,-517,-437,-458,-445,-476,-436,-411,-389,-317,-380,-385,-362,-369,-387,-395,-445,-400,-450,-457,-510,-554,-501,-479,-570,-512,-502,-481,-494,-457,-443,-522,-456,-387,-516,-555,-572,-616,-619,-540,-548,-507,-505,-450,-397,-363,-479,-472,-474,-457,-439,-458,-420,-379,-448,-474,-470,-439,-438,-400,-422,-392,-427,-391,-367,-403,-523,-540,-483,-480,-401,-500,-536,-505,-483,-513,-530,-452,-428,-422,-426,-428,-428,-394,-400,-411,-498,-506,-504,-484,-504,-468,-475,-555,-633,-589,-591,-561,-594,-604,-666,-651,-573,-589,-576,-633,-605,-535,-525,-590,-595,-575,-503,-406,-405,-431,-415,-439,-489,-562,-589,-677,-553,-540,-494,-464,-474,-511,-468,-426,-413,-407,-511,-511,-437,-414,-388,-337,-348,-347,-424,-402,-361,-330,-314,-347,-373,-369,-349,-362,-385,-417,-422,-345,-381,-418,-419,-439,-434,-424,-413,-426,-396,-412,-406,-458,-413,-393,-442,-464,-414,-408,-437,-456,-456,-454,-447,-381,-466,-433,-439,-451,-400,-397,-372,-455,-458,-421,-479,-509,-518,-441,-482,-426,-460,-416,-430,-432,-452,-461,-445,-397,-501,-509,-475,-544
241,667.8400000000000318,-569,-524,-605,-493,-449,-742,-508,-496,-456,-484,-464,-483,-574,-243,-520,-481,-542,-505,-421,-402,-384,-422,-432,-462,-496,-543,-521,-561,-571,-504,-510,-502,-532,-420,-396,-345,-343,-394,-463,-407,-441,-434,-495,-532,-599,-611,-558,-543,-532,-486,-514,-533,-609,-583,-593,-606,-619,-608,-570,-577,-584,-564,-524,-467,-468,-449,-440,-523,-550,-570,-544,-617,-521,-611,-476,-478,-407,-399,-425,-447,-415,-469,-383,-362,-363,-376,-364,-421,-548,-450,-510,-436,-454,-446,-465,-431,-410,-413,-347,-377,-395,-375,-380,-398,-393,-440,-425,-458,-458,-516,-559,-497,-475,-575,-503,-494,-489,-495,-503,-438,-522,-457,-389,-502,-544,-587,-618,-603,-545,-546,-510,-493,-412,-412,-359,-490,-486,-486,-473,-443,-453,-425,-375,-423,-471,-476,-450,-446,-378,-432,-378,-425,-414,-364,-401,-498,-505,-481,-467,-494,-510,-503,-510,-473,-509,-527,-445,-480,-408,-429,-439,-458,-396,-405,-400,-495,-488,-506,-473,-497,-470,-442,-549,-615,-584,-590,-537,-578,-608,-641,-647,-551,-579,-578,-632,-603,-532,-542,-585,-590,-568,-482,-391,-431,-427,-410,-421,-450,-554,-588,-668,-578,-543,-481,-451,-428,-517,-502,-434,-416,-413,-478,-525,-430,-407,-427,-336,-360,-349,-414,-405,-364,-336,-317,-346,-369,-367,-361,-353,-377,-413,-426,-346,-370,-396,-422,-423,-432,-433,-414,-368,-391,-404,-399,-455,-406,-403,-403,-452,-424,-421,-426,-432,-456,-449,-472,-366,-440,-441,-467,-409,-411,-394,-425,-460,-439,-429,-460,-492,-529,-459,-464,-456,-436,-418,-446,-452,-442,-447,-454,-396,-505,-497,-502,-534
242,671.0399999999999636,-590,-525,-546,-476,-461,-506,-527,-488,-465,-476,-471,-512,-725,-534,-496,-480,-524,-449,-435,-412,-375,-420,-435,-455,-496,-550,-518,-527,-571,-532,-521,-504,-518,-400,-393,-351,-347,-393,-447,-407,-401,-431,-490,-540,-597,-608,-541,-521,-537,-523,-507,-555,-604,-611,-617,-610,-643,-568,-565,-578,-578,-570,-528,-486,-454,-433,-446,-527,-548,-604,-546,-611,-539,-595,-489,-473,-410,-407,-436,-448,-421,-452,-385,-360,-370,-386,-352,-427,-556,-439,-511,-434,-456,-436,-468,-421,-402,-405,-346,-392,-412,-373,-380,-395,-382,-442,-419,-445,-461,-524,-559,-494,-459,-560,-506,-488,-483,-489,-499,-433,-517,-453,-408,-502,-513,-578,-610,-603,-540,-519,-506,-492,-413,-401,-381,-472,-485,-487,-447,-440,-443,-415,-380,-424,-469,-468,-470,-425,-388,-433,-389,-443,-436,-375,-398,-544,-541,-504,-489,-487,-518,-532,-517,-446,-506,-542,-477,-383,-414,-416,-432,-415,-397,-399,-410,-507,-501,-492,-470,-536,-470,-460,-518,-612,-575,-581,-518,-587,-606,-651,-630,-555,-555,-562,-631,-594,-517,-532,-614,-568,-573,-473,-417,-441,-424,-405,-441,-501,-554,-588,-581,-619,-551,-519,-466,-430,-518,-467,-432,-412,-413,-469,-514,-441,-415,-413,-340,-358,-344,-396,-391,-369,-324,-321,-346,-382,-353,-375,-367,-388,-418,-415,-344,-381,-378,-426,-447,-446,-408,-420,-403,-389,-413,-416,-467,-404,-407,-429,-409,-403,-418,-399,-399,-474,-447,-471,-406,-447,-432,-416,-484,-403,-358,-402,-458,-461,-417,-459,-507,-520,-442,-464,-447,-411,-411,-444,-422,-440,-433,-472,-458,-456,-501,-492,-523
243,674.2400000000000091,-573,-530,-529,-479,-483,-563,-520,-494,-465,-479,-461,-471,-834,-793,-386,-485,-556,-484,-423,-416,-381,-394,-446,-473,-504,-551,-499,-542,-574,-485,-504,-492,-531,-405,-388,-350,-340,-384,-444,-392,-433,-434,-492,-539,-598,-605,-552,-523,-543,-519,-519,-529,-615,-618,-593,-616,-619,-625,-568,-577,-580,-568,-515,-489,-465,-432,-450,-1072,-548,-608,-540,-613,-520,-605,-486,-469,-405,-416,-432,-445,-424,-467,-384,-353,-373,-389,-351,-442,-550,-440,-504,-443,-454,-443,-459,-429,-412,-418,-336,-383,-382,-367,-384,-401,-391,-432,-416,-446,-459,-516,-562,-500,-473,-558,-493,-469,-491,-492,-500,-431,-518,-452,-376,-505,-549,-570,-615,-594,-562,-538,-508,-490,-410,-388,-378,-476,-461,-475,-446,-430,-454,-430,-384,-434,-465,-481,-452,-436,-404,-438,-374,-439,-415,-363,-414,-505,-554,-428,-475,-477,-505,-538,-492,-458,-513,-518,-476,-378,-407,-507,-421,-428,-369,-401,-398,-503,-526,-502,-434,-471,-436,-483,-580,-613,-591,-600,-559,-577,-584,-634,-621,-551,-581,-551,-611,-618,-533,-508,-591,-565,-596,-501,-422,-409,-418,-408,-421,-476,-531,-514,-652,-638,-542,-503,-477,-494,-528,-486,-401,-409,-409,-465,-501,-439,-430,-425,-334,-353,-344,-387,-382,-367,-323,-320,-336,-371,-366,-369,-360,-399,-407,-405,-351,-386,-393,-414,-430,-428,-456,-408,-373,-389,-405,-413,-425,-393,-391,-425,-424,-431,-423,-434,-419,-448,-452,-450,-373,-426,-421,-418,-397,-379,-370,-401,-446,-456,-417,-475,-487,-498,-439,-460,-456,-471,-425,-436,-418,-435,-419,-457,-426,-491,-500,-468,-533
244,677.4400000000000546,-551,-524,-581,-498,-472,-602,-516,-485,-448,-475,-467,-471,-471,-403,-686,-479,-523,-446,-432,-403,-386,-416,-457,-465,-516,-541,-537,-548,-579,-496,-506,-502,-529,-436,-403,-353,-341,-396,-444,-405,-428,-414,-496,-525,-569,-608,-556,-528,-532,-499,-511,-555,-610,-604,-610,-604,-622,-622,-571,-573,-586,-539,-522,-483,-452,-437,-449,-521,-549,-622,-557,-607,-529,-591,-489,-477,-412,-380,-423,-450,-429,-457,-378,-353,-365,-385,-341,-429,-554,-437,-504,-424,-441,-435,-452,-423,-414,-400,-329,-391,-386,-368,-377,-386,-385,-433,-430,-451,-462,-508,-558,-485,-466,-556,-493,-496,-499,-495,-494,-425,-500,-448,-395,-484,-533,-564,-592,-597,-522,-524,-496,-496,-410,-408,-358,-463,-483,-477,-453,-432,-440,-433,-379,-427,-463,-481,-444,-441,-398,-425,-410,-427,-417,-363,-382,-553,-539,-522,-480,-495,-502,-456,-544,-469,-503,-515,-484,-437,-405,-384,-441,-421,-354,-401,-395,-495,-506,-491,-431,-541,-438,-458,-549,-591,-586,-579,-563,-585,-591,-648,-633,-597,-591,-569,-625,-598,-531,-519,-586,-576,-580,-487,-410,-418,-418,-426,-429,-483,-564,-591,-699,-593,-535,-512,-477,-454,-538,-480,-424,-406,-402,-455,-503,-438,-410,-421,-345,-321,-356,-393,-381,-361,-302,-286,-334,-351,-388,-373,-369,-378,-404,-423,-338,-384,-400,-425,-433,-446,-425,-427,-384,-381,-424,-410,-448,-399,-406,-407,-436,-389,-433,-425,-432,-472,-458,-462,-467,-444,-456,-432,-319,-385,-408,-362,-449,-440,-440,-454,-511,-534,-459,-474,-439,-475,-402,-407,-418,-416,-428,-471,-462,-507,-516,-481,-530
245,680.6399999999999864,-577,-529,-571,-463,-461,-633,-488,-484,-453,-472,-467,-498,-828,-799,-535,-479,-546,-505,-441,-416,-387,-411,-433,-484,-507,-556,-524,-540,-577,-497,-508,-504,-544,-433,-404,-357,-333,-398,-449,-385,-421,-418,-489,-528,-582,-596,-549,-539,-542,-494,-500,-539,-618,-611,-616,-610,-634,-575,-567,-572,-579,-561,-521,-481,-453,-435,-446,-527,-555,-601,-540,-593,-518,-592,-491,-476,-411,-442,-427,-446,-424,-468,-383,-361,-367,-390,-344,-433,-530,-440,-506,-425,-451,-433,-460,-405,-409,-418,-338,-393,-392,-369,-381,-397,-379,-446,-417,-448,-457,-500,-552,-490,-473,-562,-493,-485,-475,-489,-502,-426,-508,-452,-382,-489,-535,-568,-606,-599,-523,-516,-503,-503,-410,-414,-386,-468,-450,-488,-448,-433,-450,-424,-375,-432,-463,-474,-422,-385,-389,-427,-369,-445,-406,-366,-402,-559,-536,-455,-454,-475,-500,-496,-493,-463,-500,-530,-497,-424,-419,-447,-430,-404,-378,-376,-384,-485,-522,-502,-421,-480,-446,-467,-555,-615,-597,-573,-552,-585,-585,-626,-625,-598,-527,-563,-609,-608,-536,-547,-567,-584,-555,-462,-414,-447,-451,-405,-425,-495,-515,-551,-659,-612,-536,-493,-441,-475,-469,-463,-415,-408,-393,-465,-516,-439,-401,-387,-349,-346,-348,-471,-401,-351,-312,-330,-342,-383,-361,-347,-357,-404,-407,-406,-358,-404,-388,-427,-415,-435,-418,-373,-373,-386,-403,-413,-421,-386,-398,-500,-443,-376,-438,-409,-430,-480,-459,-468,-368,-446,-408,-428,-403,-393,-394,-413,-454,-425,-437,-477,-487,-519,-447,-456,-457,-443,-419,-483,-446,-413,-431,-456,-449,-533,-509,-471,-511
246,683.8400000000000318,-588,-518,-382,-503,-481,-660,-558,-486,-440,-467,-458,-471,-575,-341,-528,-483,-525,-469,-422,-419,-390,-434,-441,-505,-503,-545,-521,-551,-578,-502,-512,-503,-533,-414,-409,-356,-340,-399,-449,-390,-422,-425,-481,-527,-571,-609,-544,-534,-550,-508,-510,-539,-611,-615,-608,-603,-634,-619,-573,-573,-570,-567,-518,-456,-458,-452,-450,-523,-553,-593,-536,-600,-530,-601,-482,-471,-412,-408,-427,-438,-423,-468,-383,-364,-360,-392,-352,-414,-544,-439,-496,-424,-447,-443,-465,-427,-410,-362,-349,-376,-385,-368,-376,-370,-392,-437,-412,-444,-459,-520,-563,-488,-480,-556,-503,-484,-482,-485,-472,-425,-498,-448,-383,-486,-537,-567,-586,-604,-508,-530,-503,-482,-404,-397,-378,-471,-480,-475,-463,-431,-445,-421,-390,-438,-460,-474,-428,-423,-383,-433,-387,-441,-400,-373,-390,-496,-530,-459,-470,-481,-510,-519,-491,-435,-495,-527,-467,-440,-400,-429,-482,-400,-354,-388,-422,-475,-492,-500,-506,-475,-448,-454,-545,-597,-583,-572,-586,-574,-603,-621,-643,-518,-565,-569,-602,-597,-513,-565,-570,-569,-575,-482,-415,-429,-436,-404,-430,-454,-562,-559,-665,-628,-535,-497,-470,-444,-559,-470,-427,-410,-404,-453,-488,-415,-408,-439,-325,-347,-355,-399,-379,-358,-323,-304,-339,-347,-372,-371,-363,-410,-409,-397,-350,-384,-398,-425,-433,-435,-408,-412,-395,-367,-419,-416,-427,-407,-390,-421,-438,-431,-448,-431,-437,-459,-432,-464,-371,-457,-486,-426,-483,-387,-404,-387,-472,-441,-413,-480,-452,-513,-435,-450,-446,-442,-380,-439,-435,-431,-471,-449,-412,-474,-489,-468,-530
247,687.0399999999999636,-617,-520,-863,-490,-482,-479,-522,-474,-452,-465,-462,-482,-617,-355,-573,-487,-525,-486,-442,-407,-385,-427,-442,-467,-502,-548,-528,-540,-577,-508,-517,-514,-530,-426,-408,-354,-336,-396,-458,-396,-416,-423,-491,-523,-585,-602,-546,-541,-547,-508,-515,-547,-610,-612,-624,-632,-626,-608,-570,-584,-583,-566,-512,-511,-459,-441,-449,-516,-546,-604,-563,-597,-520,-586,-490,-493,-403,-403,-425,-447,-440,-463,-376,-351,-346,-384,-360,-409,-543,-456,-494,-403,-459,-433,-464,-421,-403,-413,-342,-399,-385,-373,-380,-392,-387,-441,-429,-446,-460,-509,-559,-504,-466,-542,-491,-489,-486,-491,-529,-416,-492,-442,-379,-484,-547,-561,-597,-587,-549,-523,-496,-492,-392,-404,-372,-459,-457,-488,-450,-437,-450,-419,-379,-418,-459,-473,-444,-447,-390,-419,-379,-430,-412,-354,-389,-504,-518,-460,-454,-470,-481,-496,-464,-487,-501,-530,-440,-432,-425,-426,-356,-419,-388,-427,-389,-484,-504,-505,-497,-510,-464,-465,-519,-595,-575,-559,-532,-585,-575,-640,-630,-575,-603,-595,-621,-598,-514,-519,-589,-568,-584,-503,-411,-429,-451,-417,-419,-497,-559,-567,-656,-621,-524,-508,-498,-455,-480,-467,-414,-410,-405,-420,-490,-408,-396,-391,-321,-343,-343,-336,-407,-353,-324,-322,-346,-351,-380,-375,-346,-375,-415,-415,-338,-384,-394,-434,-440,-440,-417,-401,-425,-387,-437,-403,-441,-405,-407,-412,-450,-414,-436,-441,-457,-444,-428,-453,-360,-433,-417,-426,-460,-388,-375,-406,-434,-475,-427,-472,-503,-432,-410,-458,-449,-436,-404,-468,-417,-420,-477,-458,-437,-576,-516,-468,-543
248,690.2400000000000091,-575,-520,-589,-487,-468,-529,-503,-479,-437,-461,-448,-484,-510,-1051,-516,-483,-524,-499,-426,-413,-382,-432,-448,-456,-516,-541,-536,-547,-577,-515,-511,-504,-537,-401,-408,-370,-345,-382,-448,-403,-419,-441,-492,-524,-571,-597,-557,-533,-543,-485,-511,-534,-611,-605,-591,-608,-657,-596,-557,-574,-571,-563,-521,-478,-463,-445,-451,-524,-561,-607,-539,-601,-524,-607,-480,-477,-423,-406,-429,-446,-421,-456,-384,-353,-356,-384,-347,-420,-532,-434,-492,-425,-458,-432,-456,-415,-409,-410,-308,-403,-395,-375,-398,-401,-379,-434,-429,-448,-460,-515,-555,-489,-473,-547,-480,-495,-478,-482,-483,-411,-500,-441,-387,-485,-535,-567,-606,-583,-543,-525,-510,-483,-414,-400,-373,-470,-464,-466,-460,-427,-452,-408,-383,-424,-458,-469,-433,-437,-378,-424,-376,-425,-360,-358,-364,-484,-504,-448,-452,-479,-459,-505,-490,-464,-506,-532,-430,-516,-414,-474,-399,-370,-348,-451,-400,-487,-481,-500,-472,-474,-425,-476,-550,-595,-576,-577,-564,-569,-587,-593,-629,-549,-523,-613,-591,-588,-522,-535,-586,-550,-570,-472,-405,-421,-413,-419,-435,-476,-540,-573,-648,-542,-545,-480,-476,-447,-541,-462,-419,-411,-404,-481,-488,-440,-393,-391,-342,-350,-341,-389,-395,-366,-323,-316,-344,-386,-351,-360,-344,-403,-393,-423,-331,-394,-401,-430,-451,-440,-439,-409,-408,-403,-434,-426,-428,-388,-422,-375,-458,-396,-415,-427,-474,-455,-445,-488,-421,-420,-396,-454,-464,-385,-406,-390,-478,-399,-459,-472,-517,-518,-440,-457,-454,-392,-404,-434,-400,-430,-446,-453,-446,-505,-511,-467,-530
249,693.4400000000000546,-558,-530,-508,-477,-454,-528,-494,-465,-449,-462,-466,-484,-485,-730,-373,-480,-541,-516,-435,-419,-385,-428,-443,-512,-495,-545,-543,-579,-565,-493,-499,-520,-511,-387,-402,-362,-339,-393,-447,-395,-431,-432,-491,-527,-578,-590,-552,-533,-537,-508,-506,-539,-602,-613,-607,-606,-630,-605,-570,-581,-570,-564,-513,-442,-458,-443,-452,-529,-551,-604,-534,-601,-522,-573,-482,-489,-424,-403,-423,-444,-427,-453,-373,-372,-355,-381,-349,-425,-542,-426,-491,-430,-457,-442,-467,-431,-414,-409,-337,-393,-392,-372,-376,-400,-393,-436,-440,-448,-454,-518,-553,-499,-469,-554,-488,-475,-470,-480,-504,-418,-500,-444,-397,-489,-535,-559,-598,-601,-519,-529,-500,-484,-414,-403,-373,-457,-458,-474,-446,-437,-450,-416,-381,-419,-463,-474,-408,-407,-399,-422,-383,-446,-423,-371,-390,-497,-532,-472,-476,-469,-497,-509,-568,-459,-504,-519,-396,-426,-411,-420,-415,-409,-372,-389,-398,-488,-530,-497,-492,-487,-455,-474,-544,-609,-575,-554,-498,-567,-589,-646,-610,-550,-605,-619,-600,-595,-520,-542,-576,-601,-558,-441,-405,-441,-413,-400,-425,-468,-534,-583,-725,-624,-531,-513,-456,-448,-467,-479,-418,-389,-397,-447,-504,-435,-412,-382,-336,-355,-347,-399,-400,-364,-340,-317,-357,-348,-374,-355,-333,-388,-413,-398,-355,-391,-402,-417,-453,-440,-423,-420,-411,-397,-439,-416,-438,-420,-398,-403,-436,-411,-429,-420,-429,-466,-419,-451,-369,-444,-432,-466,-365,-397,-400,-400,-429,-403,-435,-480,-497,-512,-417,-504,-438,-475,-402,-429,-419,-444,-447,-464,-462,-487,-531,-478,-507
250,696.6399999999999864,-570,-519,-572,-506,-475,-522,-525,-469,-442,-467,-463,-484,-135,-706,-690,-496,-515,-489,-435,-431,-382,-427,-447,-476,-500,-540,-516,-516,-560,-507,-509,-509,-544,-437,-413,-357,-333,-395,-445,-404,-432,-429,-501,-523,-568,-607,-548,-529,-551,-530,-513,-537,-598,-605,-605,-629,-623,-616,-563,-567,-568,-570,-512,-466,-449,-449,-452,-533,-544,-609,-543,-600,-526,-593,-489,-483,-420,-382,-427,-448,-425,-447,-381,-361,-369,-401,-346,-425,-546,-449,-496,-420,-457,-444,-469,-424,-405,-414,-367,-391,-406,-366,-393,-399,-403,-440,-422,-445,-459,-502,-549,-491,-463,-540,-498,-463,-464,-470,-494,-416,-489,-437,-387,-480,-542,-567,-599,-595,-533,-530,-500,-484,-402,-412,-370,-466,-457,-476,-445,-432,-449,-430,-385,-428,-460,-467,-461,-464,-391,-436,-393,-422,-394,-359,-369,-487,-524,-456,-447,-482,-493,-522,-473,-498,-496,-516,-500,-410,-410,-443,-426,-407,-362,-429,-424,-466,-496,-480,-451,-458,-440,-457,-534,-583,-566,-552,-530,-572,-580,-635,-620,-519,-561,-564,-576,-604,-511,-527,-581,-570,-563,-467,-434,-435,-427,-396,-436,-453,-559,-562,-631,-600,-536,-484,-460,-457,-496,-467,-414,-408,-405,-464,-474,-411,-399,-384,-343,-344,-346,-379,-388,-375,-331,-319,-360,-392,-375,-354,-349,-392,-393,-397,-338,-383,-392,-418,-435,-432,-452,-425,-356,-383,-402,-403,-438,-410,-416,-445,-429,-417,-425,-414,-421,-468,-437,-476,-379,-471,-420,-446,-407,-401,-393,-373,-422,-460,-456,-467,-495,-505,-438,-496,-455,-468,-417,-438,-441,-421,-443,-477,-474,-500,-482,-499,-547
251,699.8400000000000318,-573,-535,-370,-496,-467,-542,-504,-468,-446,-459,-457,-477,-10,-722,-538,-486,-526,-485,-441,-404,-392,-423,-434,-472,-505,-549,-513,-592,-569,-474,-513,-505,-530,-416,-404,-354,-339,-388,-461,-403,-421,-448,-474,-509,-563,-594,-537,-524,-540,-510,-520,-563,-605,-618,-589,-616,-626,-620,-556,-568,-581,-576,-523,-479,-463,-452,-445,-526,-561,-605,-548,-607,-531,-598,-493,-481,-419,-403,-429,-454,-415,-442,-374,-349,-360,-379,-347,-423,-539,-448,-495,-425,-458,-439,-471,-426,-411,-408,-340,-401,-374,-373,-382,-406,-409,-447,-426,-447,-455,-506,-546,-486,-474,-538,-507,-464,-493,-475,-489,-414,-490,-446,-384,-488,-567,-545,-600,-592,-535,-529,-513,-488,-411,-395,-379,-467,-465,-472,-447,-430,-448,-420,-384,-421,-460,-471,-418,-440,-382,-400,-388,-447,-389,-308,-396,-488,-526,-445,-453,-463,-498,-495,-558,-424,-494,-540,-461,-414,-401,-438,-450,-411,-382,-415,-411,-494,-490,-496,-446,-487,-441,-481,-544,-588,-563,-566,-515,-581,-578,-639,-619,-515,-565,-573,-620,-623,-532,-506,-597,-573,-575,-466,-402,-442,-437,-404,-426,-491,-541,-565,-700,-594,-529,-496,-458,-458,-507,-481,-415,-398,-403,-466,-497,-418,-414,-392,-325,-339,-341,-379,-393,-378,-328,-319,-347,-352,-354,-361,-347,-360,-391,-403,-341,-387,-388,-435,-455,-426,-410,-419,-395,-390,-402,-396,-444,-414,-392,-402,-461,-401,-442,-415,-456,-467,-479,-436,-387,-413,-485,-447,-378,-394,-412,-420,-461,-419,-415,-472,-490,-544,-461,-465,-436,-466,-429,-449,-442,-452,-385,-434,-429,-491,-490,-496,-579
252,703.0399999999999636,-583,-512,-684,-488,-471,-520,-515,-476,-447,-465,-468,-484,-496,-1156,-536,-488,-530,-504,-449,-419,-391,-422,-446,-435,-502,-548,-521,-592,-591,-497,-512,-502,-523,-425,-413,-352,-329,-395,-440,-389,-434,-436,-501,-531,-574,-604,-552,-531,-538,-507,-506,-562,-613,-610,-604,-596,-618,-619,-565,-578,-582,-559,-520,-473,-473,-450,-457,-547,-555,-606,-547,-601,-524,-596,-494,-474,-438,-421,-420,-437,-433,-450,-383,-361,-358,-383,-341,-425,-520,-445,-502,-420,-459,-443,-472,-422,-423,-397,-319,-405,-372,-397,-384,-380,-393,-439,-426,-444,-452,-504,-549,-495,-461,-549,-484,-475,-489,-474,-488,-411,-502,-468,-397,-487,-554,-571,-599,-591,-518,-538,-512,-488,-413,-399,-384,-466,-453,-472,-449,-431,-445,-429,-383,-427,-463,-464,-458,-434,-404,-425,-419,-426,-391,-308,-384,-500,-517,-445,-471,-465,-505,-505,-494,-454,-496,-509,-499,-433,-415,-431,-389,-402,-367,-394,-400,-490,-494,-482,-453,-461,-444,-379,-542,-597,-577,-592,-547,-568,-602,-635,-600,-559,-518,-572,-567,-609,-525,-532,-570,-563,-593,-506,-431,-391,-420,-424,-431,-458,-535,-497,-659,-572,-526,-487,-491,-389,-508,-500,-411,-404,-407,-442,-488,-432,-401,-398,-332,-342,-356,-379,-393,-360,-341,-327,-350,-387,-362,-344,-341,-381,-419,-411,-359,-415,-412,-427,-459,-456,-426,-424,-371,-391,-422,-405,-442,-409,-427,-394,-456,-423,-379,-424,-431,-445,-461,-449,-400,-456,-423,-436,-389,-390,-410,-439,-454,-431,-418,-458,-493,-527,-440,-480,-443,-469,-408,-472,-409,-415,-463,-480,-442,-461,-533,-475,-525
253,706.2400000000000091,-569,-525,-438,-511,-483,-694,-507,-484,-446,-468,-471,-485,-485,181,-574,-495,-523,-496,-424,-398,-390,-441,-448,-452,-494,-542,-523,-596,-568,-510,-506,-505,-525,-394,-402,-356,-330,-388,-442,-398,-425,-430,-489,-525,-583,-601,-556,-528,-552,-518,-519,-541,-605,-616,-611,-604,-630,-610,-567,-564,-578,-569,-522,-503,-464,-454,-449,-527,-557,-622,-541,-603,-526,-564,-494,-485,-451,-427,-429,-442,-422,-470,-374,-355,-358,-389,-353,-412,-525,-459,-491,-425,-465,-448,-473,-432,-419,-388,-364,-390,-392,-371,-390,-397,-390,-434,-413,-453,-446,-503,-553,-484,-468,-535,-495,-484,-474,-488,-541,-426,-492,-453,-391,-489,-537,-575,-586,-588,-575,-535,-498,-492,-423,-403,-381,-476,-454,-486,-473,-439,-451,-427,-378,-421,-461,-471,-426,-430,-398,-439,-386,-438,-363,-370,-388,-465,-474,-452,-457,-467,-498,-534,-506,-455,-497,-518,-473,-448,-417,-434,-373,-433,-378,-397,-399,-488,-484,-474,-477,-484,-461,-471,-549,-589,-575,-572,-524,-583,-591,-632,-638,-543,-583,-563,-607,-607,-517,-539,-567,-586,-564,-492,-411,-421,-435,-378,-429,-485,-546,-631,-663,-608,-527,-492,-448,-450,-507,-473,-415,-420,-408,-468,-490,-432,-401,-393,-333,-350,-351,-379,-392,-369,-312,-320,-346,-380,-359,-349,-379,-376,-414,-418,-364,-393,-425,-428,-445,-441,-451,-420,-376,-431,-451,-422,-441,-437,-419,-408,-440,-439,-454,-436,-445,-458,-447,-484,-323,-448,-473,-430,-351,-413,-400,-398,-513,-443,-417,-465,-511,-508,-460,-469,-460,-446,-395,-436,-446,-436,-453,-476,-447,-504,-538,-490,-518
254,709.4400000000000546,-573,-524,-511,-474,-474,-491,-519,-480,-447,-472,-468,-489,-497,-516,-415,-504,-535,-497,-397,-414,-397,-424,-442,-460,-497,-537,-525,-479,-567,-502,-493,-498,-522,-412,-407,-359,-333,-397,-453,-391,-447,-424,-487,-525,-571,-605,-556,-519,-544,-515,-516,-577,-600,-619,-590,-610,-609,-609,-552,-573,-562,-568,-522,-497,-466,-447,-453,-255,-554,-607,-545,-610,-531,-596,-487,-482,-431,-444,-434,-445,-422,-452,-377,-360,-358,-385,-339,-416,-534,-453,-499,-432,-468,-442,-482,-426,-402,-418,-291,-402,-382,-360,-386,-403,-392,-442,-432,-441,-447,-504,-542,-484,-466,-546,-457,-495,-477,-500,-514,-431,-507,-439,-407,-494,-542,-575,-600,-583,-544,-546,-519,-492,-423,-408,-364,-476,-459,-477,-464,-440,-462,-430,-390,-429,-460,-464,-442,-431,-395,-440,-414,-424,-383,-353,-391,-448,-519,-525,-456,-461,-505,-517,-471,-456,-493,-517,-459,-428,-409,-412,-417,-416,-358,-395,-418,-501,-495,-503,-459,-481,-454,-497,-540,-556,-565,-557,-555,-579,-585,-661,-623,-527,-530,-552,-613,-596,-520,-507,-590,-578,-581,-482,-430,-444,-424,-409,-426,-465,-513,-567,-648,-591,-529,-508,-506,-452,-516,-469,-415,-403,-402,-464,-490,-428,-399,-380,-327,-358,-350,-388,-410,-370,-334,-327,-361,-397,-358,-372,-354,-378,-400,-384,-353,-387,-421,-443,-440,-446,-434,-404,-410,-395,-429,-419,-457,-389,-426,-509,-436,-420,-451,-442,-502,-457,-464,-466,-335,-468,-433,-404,-465,-419,-417,-438,-459,-426,-440,-456,-512,-527,-416,-480,-386,-432,-446,-456,-431,-428,-382,-460,-439,-499,-532,-484,-541
255,712.6399999999999864,-546,-536,-366,-482,-475,-514,-535,-487,-437,-471,-466,-487,-491,-199,-546,-483,-546,-499,-430,-421,-397,-428,-447,-461,-498,-552,-521,-475,-568,-501,-507,-495,-545,-399,-399,-362,-343,-393,-441,-389,-431,-430,-494,-524,-576,-591,-567,-521,-565,-509,-520,-540,-601,-626,-596,-614,-624,-614,-566,-555,-579,-564,-523,-487,-480,-440,-457,-252,-553,-608,-553,-600,-531,-593,-486,-489,-436,-421,-415,-442,-419,-453,-380,-362,-357,-383,-350,-442,-526,-437,-498,-426,-466,-455,-472,-437,-421,-403,-376,-408,-397,-372,-387,-409,-380,-440,-424,-443,-451,-508,-544,-483,-468,-539,-507,-480,-471,-489,-512,-429,-502,-451,-402,-484,-517,-567,-592,-583,-535,-536,-511,-496,-423,-405,-384,-470,-481,-490,-447,-436,-458,-426,-399,-445,-458,-477,-444,-464,-389,-440,-388,-417,-410,-367,-382,-448,-493,-416,-448,-460,-502,-503,-500,-447,-500,-524,-471,-432,-410,-379,-386,-414,-375,-388,-411,-504,-493,-492,-428,-488,-428,-474,-534,-588,-578,-570,-566,-590,-587,-603,-615,-583,-592,-597,-603,-603,-531,-530,-608,-577,-579,-454,-413,-428,-429,-412,-412,-527,-571,-532,-640,-559,-529,-509,-481,-452,-525,-471,-417,-413,-407,-451,-501,-439,-401,-379,-338,-329,-346,-411,-391,-377,-315,-334,-366,-380,-398,-383,-355,-371,-405,-434,-369,-409,-418,-432,-447,-468,-447,-426,-432,-410,-423,-430,-439,-421,-405,-338,-454,-417,-435,-424,-446,-471,-451,-469,-337,-460,-479,-432,-370,-401,-418,-441,-453,-451,-434,-496,-496,-522,-434,-460,-472,-425,-423,-441,-431,-435,-445,-481,-428,-527,-516,-500,-519
256,715.8400000000000318,-581,-539,-371,-502,-475,-546,-525,-483,-445,-467,-468,-490,-499,-624,-481,-489,-571,-484,-446,-405,-397,-423,-439,-476,-499,-552,-509,-539,-550,-512,-512,-509,-522,-414,-407,-365,-345,-393,-441,-403,-436,-426,-494,-533,-565,-593,-557,-536,-543,-525,-519,-536,-603,-601,-563,-605,-622,-599,-565,-570,-550,-568,-517,-493,-477,-464,-461,-753,-561,-600,-537,-619,-540,-597,-493,-489,-442,-420,-423,-447,-433,-448,-376,-364,-363,-390,-340,-417,-535,-445,-499,-418,-472,-449,-473,-432,-415,-403,-347,-421,-382,-377,-380,-394,-385,-442,-425,-448,-447,-497,-547,-504,-468,-541,-491,-493,-481,-486,-494,-435,-507,-442,-391,-495,-541,-555,-586,-590,-541,-525,-511,-489,-421,-414,-393,-463,-461,-483,-452,-435,-470,-420,-398,-414,-464,-480,-470,-456,-396,-447,-400,-401,-419,-396,-398,-512,-526,-398,-471,-464,-493,-519,-492,-443,-495,-497,-482,-402,-430,-456,-406,-409,-375,-410,-388,-486,-496,-505,-474,-449,-416,-464,-548,-605,-582,-545,-531,-585,-577,-616,-620,-561,-567,-507,-571,-599,-514,-534,-576,-569,-565,-485,-425,-377,-447,-409,-426,-476,-546,-560,-629,-548,-538,-506,-470,-487,-531,-461,-421,-409,-408,-448,-484,-428,-398,-351,-327,-333,-359,-396,-400,-386,-334,-340,-348,-371,-385,-393,-357,-384,-418,-439,-358,-396,-434,-439,-457,-446,-430,-403,-423,-418,-429,-428,-440,-420,-413,-467,-435,-442,-449,-441,-381,-480,-459,-439,-433,-457,-449,-428,-374,-415,-399,-425,-458,-437,-455,-455,-505,-530,-452,-457,-453,-521,-440,-463,-434,-423,-470,-461,-437,-473,-547,-488,-525
257,719.0399999999999636,-579,-532,-379,-490,-479,-515,-555,-481,-445,-467,-461,-496,-558,-474,-612,-491,-523,-466,-446,-429,-401,-439,-448,-487,-497,-557,-515,-548,-565,-502,-511,-488,-528,-423,-414,-360,-344,-391,-444,-393,-440,-420,-476,-519,-569,-596,-559,-534,-540,-533,-520,-494,-601,-610,-577,-607,-626,-618,-570,-577,-569,-576,-525,-481,-470,-442,-462,-247,-554,-597,-567,-599,-538,-601,-494,-501,-434,-425,-429,-447,-442,-456,-375,-364,-342,-378,-352,-425,-535,-476,-496,-428,-466,-454,-466,-430,-417,-414,-329,-400,-382,-366,-386,-400,-386,-444,-430,-450,-454,-508,-543,-495,-468,-547,-499,-480,-473,-489,-502,-434,-503,-455,-392,-497,-550,-572,-602,-592,-537,-528,-505,-492,-399,-412,-396,-474,-461,-482,-459,-442,-461,-435,-396,-427,-469,-471,-461,-454,-399,-438,-417,-445,-390,-378,-393,-471,-522,-461,-444,-461,-498,-541,-485,-461,-495,-530,-481,-505,-428,-447,-426,-418,-379,-399,-422,-484,-491,-499,-464,-491,-447,-498,-531,-575,-572,-554,-500,-560,-581,-622,-618,-557,-574,-559,-573,-597,-523,-544,-583,-547,-549,-478,-425,-418,-433,-423,-440,-452,-537,-584,-641,-555,-535,-485,-460,-447,-508,-478,-424,-408,-411,-457,-493,-429,-414,-391,-326,-370,-361,-406,-401,-362,-343,-329,-362,-370,-373,-373,-369,-363,-431,-404,-362,-405,-406,-429,-460,-431,-443,-395,-432,-414,-433,-428,-454,-422,-414,-429,-452,-417,-423,-459,-425,-455,-473,-481,-436,-433,-408,-466,-260,-396,-463,-424,-444,-447,-426,-479,-511,-536,-439,-477,-460,-464,-432,-439,-439,-416,-465,-460,-470,-514,-516,-486,-501
258,722.2400000000000091,-580,-536,-516,-461,-471,-903,-524,-488,-440,-468,-468,-492,-490,-1028,-529,-492,-527,-499,-446,-408,-400,-461,-433,-461,-524,-547,-525,-531,-584,-512,-518,-506,-530,-423,-412,-368,-348,-400,-450,-403,-433,-431,-483,-523,-535,-596,-546,-535,-537,-522,-508,-574,-608,-614,-591,-586,-639,-606,-572,-575,-583,-565,-523,-488,-477,-455,-462,-310,-563,-593,-535,-598,-532,-583,-495,-479,-430,-420,-419,-446,-429,-454,-374,-358,-356,-383,-349,-425,-531,-442,-495,-423,-466,-447,-465,-427,-419,-388,-369,-399,-389,-371,-385,-429,-381,-433,-439,-454,-454,-509,-546,-497,-472,-555,-490,-480,-500,-491,-502,-438,-506,-464,-419,-495,-537,-560,-590,-589,-537,-532,-515,-498,-424,-410,-395,-477,-466,-483,-472,-436,-458,-436,-403,-434,-469,-485,-459,-447,-407,-429,-403,-447,-447,-357,-400,-499,-555,-406,-453,-460,-488,-503,-480,-428,-499,-526,-473,-447,-432,-468,-415,-421,-409,-413,-421,-472,-490,-483,-493,-482,-444,-523,-550,-601,-574,-556,-554,-563,-574,-631,-615,-562,-555,-539,-571,-604,-516,-531,-581,-566,-537,-525,-433,-448,-467,-412,-444,-486,-535,-657,-644,-586,-536,-517,-482,-437,-556,-475,-419,-416,-408,-452,-494,-432,-396,-381,-325,-378,-360,-413,-405,-359,-339,-345,-370,-376,-396,-381,-375,-394,-426,-402,-355,-403,-392,-437,-450,-449,-441,-428,-428,-419,-413,-414,-449,-442,-423,-430,-410,-428,-454,-445,-454,-456,-471,-454,-407,-427,-423,-418,-482,-398,-444,-448,-447,-441,-424,-489,-478,-529,-439,-475,-419,-443,-416,-438,-382,-421,-456,-467,-467,-552,-524,-496,-559
259,725.4400000000000546,-548,-530,-420,-502,-481,-624,-540,-483,-445,-463,-462,-479,-642,-366,-536,-495,-536,-505,-454,-418,-400,-413,-450,-463,-507,-538,-523,-479,-564,-501,-519,-507,-523,-417,-414,-354,-349,-402,-450,-397,-436,-422,-475,-521,-547,-593,-551,-531,-553,-525,-500,-518,-597,-594,-606,-593,-620,-613,-566,-569,-588,-559,-520,-481,-478,-461,-466,-535,-556,-600,-542,-595,-543,-598,-499,-487,-428,-426,-426,-437,-431,-463,-381,-367,-356,-391,-326,-428,-521,-454,-489,-418,-469,-453,-475,-433,-411,-402,-314,-391,-367,-365,-380,-413,-388,-437,-430,-448,-454,-490,-538,-487,-473,-540,-504,-476,-501,-483,-468,-441,-504,-462,-392,-488,-517,-568,-583,-592,-534,-543,-516,-492,-410,-421,-400,-492,-460,-484,-466,-441,-475,-437,-396,-430,-463,-459,-428,-461,-401,-430,-399,-434,-394,-375,-406,-476,-517,-433,-477,-474,-503,-510,-510,-499,-502,-523,-472,-382,-430,-458,-419,-413,-378,-361,-408,-477,-501,-508,-450,-477,-459,-465,-537,-590,-576,-570,-531,-534,-583,-670,-612,-560,-573,-547,-600,-580,-536,-540,-558,-563,-567,-455,-397,-406,-451,-431,-444,-501,-553,-486,-637,-590,-537,-508,-468,-500,-486,-468,-422,-402,-424,-457,-489,-426,-412,-406,-350,-342,-359,-403,-408,-402,-336,-329,-364,-400,-394,-360,-349,-383,-401,-418,-374,-406,-387,-430,-467,-447,-416,-425,-422,-381,-439,-438,-440,-431,-435,-399,-450,-418,-443,-436,-373,-480,-473,-459,-368,-468,-448,-414,-414,-417,-400,-383,-483,-415,-444,-483,-485,-595,-460,-474,-451,-454,-403,-449,-428,-423,-477,-457,-444,-499,-521,-470,-515
260,728.6399999999999864,-572,-531,-631,-491,-473,-534,-498,-485,-443,-462,-457,-487,-513,-542,-548,-499,-542,-507,-448,-426,-405,-421,-444,-489,-498,-553,-531,-722,-573,-499,-514,-519,-524,-434,-423,-385,-342,-404,-439,-399,-452,-423,-483,-507,-557,-595,-543,-532,-545,-509,-522,-540,-605,-603,-594,-611,-622,-607,-573,-563,-575,-570,-517,-489,-477,-464,-462,-509,-558,-607,-536,-608,-526,-571,-492,-488,-426,-422,-422,-442,-429,-456,-372,-364,-360,-386,-352,-416,-507,-442,-493,-421,-471,-460,-459,-425,-418,-415,-351,-396,-383,-380,-381,-398,-389,-443,-409,-446,-455,-512,-553,-506,-472,-547,-503,-485,-488,-507,-488,-433,-521,-470,-411,-497,-535,-565,-582,-595,-552,-527,-521,-498,-409,-434,-397,-478,-460,-483,-457,-444,-463,-438,-410,-438,-461,-473,-432,-456,-400,-442,-415,-441,-471,-378,-385,-448,-517,-457,-469,-462,-499,-517,-488,-461,-498,-530,-471,-383,-431,-442,-374,-422,-385,-439,-424,-503,-478,-495,-444,-482,-474,-505,-532,-578,-576,-554,-537,-538,-578,-604,-611,-570,-536,-562,-602,-596,-520,-537,-564,-575,-571,-462,-429,-405,-454,-413,-436,-454,-533,-575,-582,-608,-530,-503,-477,-447,-524,-463,-410,-398,-416,-476,-485,-434,-416,-395,-339,-343,-364,-400,-409,-390,-375,-347,-365,-401,-389,-384,-375,-403,-427,-417,-348,-397,-393,-428,-445,-448,-446,-440,-409,-411,-400,-448,-456,-424,-421,-378,-443,-436,-482,-414,-453,-474,-449,-471,-357,-499,-424,-484,-349,-412,-426,-441,-477,-397,-423,-482,-517,-503,-444,-471,-395,-402,-437,-437,-436,-442,-458,-434,-427,-529,-522,-491,-556
261,731.8400000000000318,-607,-530,-803,-501,-464,-530,-519,-474,-436,-459,-459,-481,-635,-516,-538,-505,-542,-522,-447,-424,-395,-436,-451,-470,-511,-545,-521,-480,-587,-492,-517,-508,-520,-441,-419,-374,-349,-393,-442,-382,-437,-430,-484,-515,-579,-581,-559,-522,-520,-537,-507,-551,-604,-611,-602,-590,-615,-598,-563,-571,-577,-572,-528,-486,-473,-465,-462,-258,-561,-592,-537,-595,-536,-575,-498,-481,-431,-402,-429,-434,-428,-453,-374,-350,-346,-387,-361,-419,-515,-456,-486,-431,-457,-444,-463,-418,-414,-399,-355,-411,-388,-379,-394,-424,-397,-440,-439,-450,-453,-501,-549,-505,-466,-543,-498,-505,-485,-498,-513,-434,-510,-479,-405,-485,-536,-567,-584,-580,-541,-526,-510,-500,-394,-419,-403,-481,-473,-485,-457,-439,-461,-436,-396,-427,-457,-478,-452,-443,-415,-423,-411,-434,-434,-362,-406,-501,-528,-471,-423,-480,-494,-517,-465,-457,-502,-545,-421,-447,-439,-450,-401,-389,-392,-419,-405,-494,-487,-507,-444,-490,-460,-466,-550,-594,-566,-550,-587,-572,-571,-595,-610,-572,-560,-522,-590,-610,-515,-520,-566,-571,-549,-473,-434,-449,-476,-400,-435,-479,-527,-561,-645,-568,-537,-488,-463,-466,-508,-465,-420,-410,-410,-463,-489,-422,-408,-397,-325,-355,-358,-435,-381,-357,-355,-350,-361,-409,-381,-379,-345,-377,-422,-412,-358,-406,-399,-427,-453,-449,-447,-390,-413,-409,-421,-405,-431,-442,-414,-483,-456,-427,-450,-454,-437,-473,-461,-486,-396,-440,-452,-465,-378,-401,-362,-429,-443,-436,-444,-467,-488,-513,-451,-503,-421,-446,-438,-447,-448,-410,-467,-446,-463,-500,-513,-479,-520
262,735.0399999999999636,-593,-527,-863,-493,-473,-526,-530,-484,-433,-453,-455,-449,-464,-517,-538,-491,-548,-501,-462,-428,-397,-426,-455,-494,-507,-550,-518,-555,-584,-519,-513,-508,-527,-422,-421,-372,-340,-400,-447,-403,-432,-429,-498,-524,-546,-567,-546,-532,-542,-499,-497,-536,-599,-615,-586,-613,-617,-606,-565,-571,-558,-563,-527,-485,-473,-464,-457,-534,-559,-594,-532,-611,-534,-582,-503,-483,-440,-429,-422,-443,-433,-444,-359,-359,-346,-384,-359,-423,-533,-450,-484,-425,-459,-445,-475,-420,-409,-419,-342,-407,-385,-382,-387,-392,-397,-447,-434,-453,-454,-504,-539,-495,-478,-534,-500,-492,-483,-492,-509,-444,-509,-471,-428,-485,-520,-552,-582,-590,-540,-536,-521,-485,-427,-430,-393,-492,-464,-476,-458,-442,-469,-431,-408,-437,-462,-466,-441,-454,-393,-437,-414,-453,-422,-374,-383,-463,-539,-452,-458,-470,-500,-523,-494,-440,-500,-533,-480,-449,-434,-461,-520,-352,-367,-391,-419,-499,-478,-498,-469,-412,-461,-501,-559,-592,-569,-551,-509,-559,-565,-587,-592,-580,-502,-550,-607,-591,-510,-512,-573,-561,-542,-490,-453,-441,-431,-411,-439,-451,-511,-567,-664,-659,-542,-504,-465,-448,-490,-461,-427,-407,-400,-461,-485,-411,-403,-353,-330,-361,-360,-430,-416,-378,-354,-351,-359,-388,-382,-364,-379,-369,-440,-413,-365,-374,-391,-447,-447,-458,-423,-412,-368,-446,-462,-419,-434,-426,-433,-430,-425,-410,-426,-441,-445,-438,-476,-461,-349,-454,-394,-440,-456,-402,-395,-408,-464,-449,-454,-480,-502,-519,-448,-468,-474,-427,-431,-451,-406,-433,-441,-475,-474,-477,-504,-473,-493
263,738.2400000000000091,-571,-526,-623,-474,-478,-540,-511,-471,-434,-455,-454,-464,-482,-1057,-536,-478,-536,-502,-444,-417,-402,-433,-453,-452,-505,-540,-520,-639,-570,-506,-515,-499,-532,-436,-419,-375,-340,-397,-444,-406,-440,-427,-492,-517,-563,-586,-544,-523,-540,-513,-508,-543,-613,-587,-590,-615,-637,-622,-568,-569,-572,-556,-520,-487,-470,-445,-459,-531,-554,-601,-562,-594,-535,-587,-492,-496,-427,-406,-434,-438,-421,-463,-377,-359,-349,-392,-353,-417,-521,-429,-487,-422,-462,-445,-477,-424,-407,-433,-358,-403,-405,-370,-389,-410,-407,-443,-426,-441,-452,-477,-543,-510,-472,-544,-502,-486,-484,-495,-500,-445,-508,-449,-402,-490,-532,-556,-572,-581,-525,-529,-505,-500,-416,-398,-341,-485,-462,-491,-458,-444,-463,-438,-392,-443,-453,-490,-467,-424,-408,-448,-410,-455,-404,-371,-384,-468,-531,-470,-466,-481,-496,-507,-495,-381,-502,-518,-471,-440,-438,-445,-424,-419,-394,-404,-411,-468,-495,-497,-459,-499,-434,-462,-546,-587,-566,-545,-553,-542,-570,-621,-630,-527,-545,-531,-579,-596,-524,-498,-558,-579,-580,-484,-454,-440,-453,-393,-445,-484,-543,-568,-618,-573,-533,-506,-468,-432,-503,-474,-412,-395,-404,-436,-482,-409,-419,-422,-336,-344,-349,-382,-387,-381,-351,-351,-366,-399,-399,-387,-362,-419,-429,-411,-358,-387,-392,-437,-460,-429,-436,-418,-427,-417,-447,-433,-483,-400,-419,-398,-450,-436,-432,-463,-483,-499,-460,-453,-377,-460,-517,-412,-331,-402,-405,-423,-483,-448,-469,-481,-502,-549,-442,-469,-442,-512,-407,-447,-424,-441,-476,-471,-409,-553,-515,-472,-519
264,741.4400000000000546,-579,-521,-377,-503,-479,-529,-503,-451,-422,-456,-459,-473,-480,-875,-546,-505,-542,-495,-451,-435,-402,-436,-474,-463,-495,-563,-523,-622,-568,-495,-507,-522,-534,-446,-418,-373,-349,-398,-448,-396,-422,-432,-497,-504,-541,-590,-545,-524,-537,-505,-518,-534,-589,-586,-607,-610,-651,-569,-561,-566,-571,-560,-513,-478,-467,-460,-445,-503,-551,-585,-540,-587,-539,-602,-493,-488,-436,-430,-425,-431,-433,-458,-379,-367,-344,-381,-353,-428,-526,-444,-487,-408,-461,-456,-461,-423,-416,-417,-356,-403,-400,-375,-389,-404,-388,-447,-430,-455,-448,-502,-541,-501,-472,-563,-501,-480,-483,-488,-508,-436,-511,-456,-404,-504,-545,-563,-574,-562,-543,-532,-511,-499,-434,-444,-377,-480,-458,-496,-457,-446,-462,-443,-407,-435,-464,-475,-467,-450,-419,-431,-416,-436,-405,-379,-399,-503,-517,-457,-467,-466,-506,-496,-501,-455,-500,-539,-501,-441,-436,-467,-431,-422,-385,-408,-404,-479,-492,-492,-467,-463,-455,-491,-547,-576,-555,-560,-524,-568,-568,-611,-600,-565,-549,-539,-586,-576,-516,-529,-573,-549,-576,-485,-447,-438,-454,-388,-447,-495,-555,-573,-632,-553,-533,-487,-463,-446,-490,-472,-416,-402,-396,-450,-474,-422,-395,-435,-334,-344,-365,-410,-420,-393,-373,-373,-369,-412,-404,-413,-351,-380,-406,-429,-387,-396,-401,-431,-443,-452,-442,-417,-458,-423,-436,-453,-453,-413,-437,-436,-444,-436,-435,-421,-491,-481,-480,-492,-400,-450,-429,-463,-398,-424,-331,-410,-457,-470,-432,-485,-490,-558,-441,-457,-436,-434,-422,-443,-392,-438,-441,-431,-434,-414,-508,-489,-527
265,744.6399999999999864,-526,-534,-507,-493,-456,-482,-509,-480,-425,-461,-457,-474,-717,-325,-542,-502,-545,-509,-460,-425,-408,-430,-456,-472,-518,-553,-547,-580,-582,-512,-517,-508,-534,-435,-424,-383,-346,-400,-454,-401,-437,-430,-484,-518,-559,-578,-553,-533,-550,-527,-519,-532,-590,-604,-603,-612,-614,-600,-566,-570,-562,-569,-523,-495,-473,-462,-457,-752,-562,-579,-542,-593,-528,-596,-496,-490,-449,-424,-437,-439,-407,-464,-375,-359,-349,-405,-351,-413,-522,-450,-478,-412,-464,-452,-474,-435,-418,-404,-337,-404,-392,-371,-390,-443,-403,-440,-395,-445,-461,-511,-540,-499,-474,-536,-506,-496,-468,-487,-490,-452,-516,-466,-384,-488,-560,-551,-588,-579,-546,-527,-508,-495,-426,-462,-406,-475,-466,-485,-486,-443,-462,-433,-410,-432,-468,-485,-471,-452,-404,-452,-407,-463,-436,-365,-383,-491,-521,-473,-478,-465,-478,-504,-518,-493,-509,-522,-463,-433,-421,-430,-420,-421,-361,-404,-393,-498,-479,-504,-464,-492,-481,-492,-559,-571,-563,-552,-534,-583,-574,-635,-570,-553,-561,-543,-582,-599,-514,-523,-570,-556,-563,-464,-441,-451,-441,-421,-431,-455,-515,-570,-551,-664,-517,-514,-473,-446,-483,-455,-411,-397,-398,-447,-484,-420,-402,-386,-324,-345,-366,-393,-439,-376,-367,-338,-374,-374,-406,-366,-362,-383,-421,-400,-388,-422,-416,-440,-452,-460,-442,-420,-415,-414,-447,-416,-450,-410,-427,-453,-447,-431,-427,-443,-447,-470,-460,-438,-427,-421,-454,-468,-405,-425,-456,-422,-478,-457,-440,-469,-504,-580,-445,-485,-463,-504,-449,-445,-460,-438,-477,-474,-461,-527,-533,-487,-551
266,747.8400000000000318,-567,-535,-650,-522,-471,-325,-515,-477,-433,-462,-463,-468,-459,-131,-475,-500,-548,-529,-461,-433,-411,-437,-446,-466,-508,-542,-530,-538,-587,-512,-515,-506,-527,-419,-416,-372,-339,-398,-444,-395,-418,-432,-498,-514,-566,-577,-551,-526,-534,-473,-513,-538,-594,-604,-590,-600,-641,-613,-576,-567,-570,-552,-526,-510,-481,-466,-460,-507,-562,-597,-551,-579,-537,-590,-499,-491,-429,-428,-424,-448,-433,-472,-376,-367,-360,-401,-360,-431,-515,-450,-486,-414,-475,-455,-471,-433,-411,-416,-343,-413,-379,-375,-385,-406,-403,-452,-446,-444,-453,-507,-544,-503,-475,-548,-505,-468,-485,-491,-496,-450,-507,-462,-392,-501,-531,-552,-593,-584,-515,-544,-512,-507,-434,-471,-409,-482,-454,-491,-476,-450,-461,-429,-387,-433,-462,-483,-481,-444,-394,-442,-419,-446,-423,-383,-406,-483,-520,-457,-481,-456,-491,-521,-515,-420,-501,-531,-472,-443,-425,-483,-437,-421,-356,-401,-413,-499,-521,-493,-467,-490,-482,-491,-550,-601,-575,-556,-561,-561,-566,-598,-614,-603,-566,-584,-575,-591,-517,-519,-580,-550,-537,-491,-436,-412,-463,-406,-436,-529,-537,-571,-687,-548,-540,-510,-477,-468,-489,-436,-400,-403,-406,-451,-476,-407,-402,-391,-328,-350,-369,-398,-396,-380,-347,-371,-368,-398,-392,-390,-371,-404,-401,-431,-357,-413,-414,-448,-457,-451,-405,-454,-403,-414,-440,-426,-447,-426,-417,-411,-472,-409,-454,-435,-468,-471,-490,-447,-384,-489,-450,-453,-408,-415,-384,-420,-448,-440,-422,-469,-496,-511,-446,-486,-460,-443,-430,-453,-419,-464,-444,-457,-478,-511,-534,-456,-531
267,751.0399999999999636,-584,-547,-452,-504,-468,-537,-517,-475,-430,-456,-455,-478,-564,-232,-538,-502,-548,-502,-461,-433,-414,-433,-459,-427,-498,-547,-525,-590,-570,-495,-520,-511,-524,-445,-421,-372,-347,-397,-453,-397,-416,-427,-486,-519,-553,-599,-549,-531,-550,-520,-521,-567,-600,-598,-576,-609,-629,-610,-568,-569,-576,-564,-522,-493,-467,-457,-466,-538,-557,-600,-527,-595,-538,-580,-510,-479,-439,-407,-434,-444,-430,-472,-381,-367,-346,-396,-351,-418,-519,-444,-485,-421,-475,-457,-471,-430,-425,-425,-378,-417,-377,-377,-390,-420,-397,-449,-430,-456,-451,-516,-546,-503,-456,-536,-501,-482,-471,-502,-518,-453,-530,-454,-393,-505,-542,-559,-588,-585,-527,-527,-516,-494,-439,-409,-396,-482,-462,-487,-471,-447,-471,-450,-394,-442,-465,-475,-453,-476,-401,-433,-403,-462,-418,-396,-396,-445,-494,-462,-492,-449,-494,-509,-489,-466,-501,-531,-482,-435,-451,-398,-391,-423,-392,-422,-413,-492,-508,-488,-443,-501,-480,-492,-542,-551,-562,-570,-516,-579,-570,-563,-606,-520,-568,-586,-577,-593,-514,-469,-580,-570,-542,-454,-441,-397,-429,-417,-429,-501,-518,-607,-605,-597,-533,-499,-454,-504,-523,-466,-407,-405,-410,-461,-491,-408,-407,-377,-332,-357,-368,-398,-410,-383,-337,-356,-367,-391,-392,-357,-367,-379,-412,-419,-371,-389,-428,-435,-449,-456,-455,-425,-407,-429,-432,-422,-456,-423,-414,-443,-458,-439,-459,-432,-462,-430,-453,-463,-416,-473,-449,-472,-413,-420,-449,-419,-457,-445,-453,-505,-524,-563,-490,-460,-479,-438,-438,-447,-410,-439,-449,-456,-457,-543,-520,-482,-549
268,754.2400000000000091,-577,-516,-611,-497,-491,-403,-537,-478,-442,-450,-457,-482,-527,-528,-531,-490,-545,-520,-455,-440,-417,-437,-453,-470,-512,-560,-530,-561,-586,-513,-521,-509,-530,-443,-410,-371,-359,-402,-447,-405,-434,-438,-473,-517,-567,-582,-566,-525,-543,-506,-509,-539,-593,-607,-588,-587,-629,-593,-577,-570,-552,-567,-525,-491,-476,-462,-474,-596,-561,-600,-548,-591,-534,-578,-503,-490,-431,-443,-431,-454,-431,-472,-383,-370,-352,-391,-342,-430,-526,-439,-492,-427,-469,-440,-488,-438,-419,-424,-362,-394,-400,-372,-393,-415,-386,-446,-444,-452,-459,-516,-551,-503,-473,-539,-516,-502,-488,-492,-524,-459,-497,-456,-393,-504,-541,-558,-593,-586,-504,-523,-508,-496,-459,-429,-418,-479,-459,-493,-463,-451,-474,-438,-401,-433,-462,-478,-459,-451,-435,-465,-420,-447,-423,-373,-394,-511,-518,-461,-461,-485,-487,-503,-496,-455,-499,-521,-487,-461,-429,-480,-423,-410,-386,-411,-416,-498,-485,-489,-449,-480,-467,-497,-557,-625,-579,-552,-530,-556,-567,-603,-602,-559,-539,-546,-587,-600,-525,-519,-561,-590,-549,-478,-431,-459,-435,-390,-437,-510,-536,-397,-626,-575,-539,-479,-435,-477,-548,-489,-417,-404,-404,-463,-483,-423,-399,-375,-343,-356,-355,-398,-388,-380,-363,-360,-367,-411,-378,-371,-373,-412,-407,-408,-358,-406,-422,-428,-486,-455,-432,-430,-398,-421,-450,-443,-459,-446,-422,-458,-460,-457,-461,-443,-455,-476,-493,-457,-417,-442,-415,-427,-371,-417,-411,-446,-446,-459,-460,-465,-495,-517,-463,-466,-449,-439,-433,-447,-415,-458,-460,-437,-478,-495,-552,-486,-561
269,757.4400000000000546,-570,-534,-553,-508,-487,-438,-529,-478,-422,-455,-460,-479,-585,-496,-529,-500,-556,-491,-461,-435,-406,-413,-456,-481,-513,-542,-513,-553,-569,-503,-510,-497,-516,-413,-419,-357,-344,-405,-442,-404,-433,-440,-488,-516,-544,-601,-540,-537,-536,-542,-511,-528,-608,-604,-612,-583,-611,-601,-563,-569,-569,-567,-520,-499,-493,-466,-465,-472,-566,-597,-543,-612,-532,-605,-496,-495,-434,-430,-441,-437,-421,-453,-376,-367,-363,-417,-359,-411,-514,-447,-487,-428,-482,-452,-480,-444,-417,-455,-332,-401,-377,-378,-396,-416,-393,-448,-443,-460,-458,-509,-546,-510,-482,-537,-515,-482,-484,-503,-508,-452,-498,-457,-418,-496,-523,-563,-592,-586,-540,-561,-508,-508,-432,-427,-419,-491,-468,-479,-464,-450,-465,-439,-420,-433,-466,-478,-448,-458,-395,-446,-427,-447,-428,-379,-408,-485,-523,-439,-487,-479,-511,-578,-504,-500,-508,-513,-521,-443,-435,-415,-457,-431,-376,-424,-414,-490,-494,-502,-458,-487,-474,-487,-563,-498,-563,-563,-532,-575,-577,-606,-599,-511,-599,-557,-597,-591,-523,-522,-550,-586,-560,-478,-409,-406,-432,-404,-447,-468,-541,-551,-639,-566,-543,-491,-454,-476,-463,-462,-412,-398,-410,-456,-477,-421,-375,-384,-340,-346,-368,-412,-398,-386,-355,-372,-376,-387,-410,-400,-363,-434,-411,-432,-355,-392,-426,-450,-462,-448,-433,-434,-448,-443,-413,-420,-475,-427,-420,-438,-459,-459,-417,-408,-445,-463,-470,-441,-404,-447,-396,-438,-427,-404,-417,-440,-513,-455,-442,-502,-514,-520,-451,-483,-436,-462,-402,-444,-419,-455,-462,-466,-456,-483,-524,-481,-518
270,760.6399999999999864,-565,-531,-561,-500,-488,-554,-517,-483,-428,-453,-454,-475,-628,-516,-528,-497,-557,-493,-465,-443,-405,-413,-446,-493,-499,-543,-525,-500,-583,-487,-505,-512,-532,-436,-418,-385,-359,-408,-444,-393,-438,-419,-474,-519,-570,-574,-528,-529,-548,-559,-517,-527,-596,-606,-585,-598,-629,-623,-555,-571,-570,-546,-517,-498,-480,-475,-473,-682,-553,-595,-546,-599,-528,-579,-504,-486,-432,-431,-438,-445,-442,-465,-382,-376,-359,-399,-365,-411,-512,-449,-498,-438,-488,-453,-470,-431,-413,-419,-399,-408,-388,-371,-393,-413,-414,-456,-434,-458,-464,-507,-537,-510,-473,-549,-499,-488,-493,-494,-528,-451,-510,-454,-407,-493,-538,-560,-597,-591,-532,-536,-518,-497,-426,-430,-391,-475,-462,-494,-463,-457,-470,-444,-411,-439,-468,-485,-454,-448,-416,-450,-417,-453,-408,-382,-400,-487,-492,-473,-482,-461,-508,-573,-508,-467,-493,-506,-482,-446,-430,-469,-365,-428,-366,-412,-435,-465,-487,-485,-485,-492,-400,-504,-562,-571,-571,-536,-539,-560,-568,-602,-596,-572,-547,-542,-574,-608,-517,-492,-564,-544,-553,-458,-431,-376,-435,-407,-456,-467,-524,-576,-626,-567,-541,-492,-468,-457,-489,-456,-428,-405,-402,-494,-466,-406,-414,-394,-336,-342,-357,-394,-404,-385,-381,-327,-379,-411,-403,-374,-385,-408,-416,-407,-372,-382,-442,-452,-455,-456,-456,-424,-420,-415,-429,-435,-456,-405,-439,-470,-468,-438,-465,-424,-398,-496,-465,-450,-406,-459,-464,-457,-455,-395,-428,-423,-482,-453,-452,-492,-515,-519,-449,-466,-508,-457,-453,-449,-402,-410,-460,-431,-481,-490,-513,-496,-552
271,763.8400000000000318,-573,-517,-516,-496,-480,-716,-519,-467,-432,-452,-457,-482,-482,-515,-553,-505,-541,-527,-472,-430,-404,-443,-456,-468,-496,-546,-532,-553,-578,-471,-515,-503,-515,-424,-415,-375,-350,-397,-441,-413,-424,-427,-483,-524,-547,-591,-545,-528,-539,-499,-511,-527,-599,-602,-608,-610,-622,-599,-571,-573,-573,-564,-508,-497,-490,-477,-468,-454,-562,-603,-556,-584,-533,-588,-500,-498,-441,-431,-435,-442,-431,-461,-378,-373,-347,-392,-354,-418,-534,-456,-501,-427,-478,-471,-476,-450,-418,-408,-360,-408,-385,-379,-391,-411,-392,-445,-425,-457,-457,-516,-539,-509,-475,-547,-516,-501,-504,-500,-516,-450,-522,-478,-415,-490,-535,-553,-580,-585,-512,-532,-520,-503,-430,-423,-399,-498,-455,-495,-472,-446,-468,-449,-411,-425,-459,-485,-452,-434,-431,-435,-428,-457,-456,-372,-403,-490,-519,-389,-501,-475,-493,-514,-505,-465,-539,-527,-533,-422,-460,-476,-436,-429,-399,-417,-434,-505,-478,-489,-482,-485,-336,-467,-556,-571,-585,-556,-512,-562,-574,-578,-600,-554,-550,-540,-559,-594,-540,-552,-560,-549,-553,-508,-441,-409,-427,-416,-433,-467,-620,-549,-627,-607,-547,-514,-481,-418,-477,-475,-416,-399,-408,-497,-464,-405,-399,-376,-333,-364,-362,-394,-393,-383,-344,-334,-382,-396,-416,-385,-359,-406,-403,-424,-357,-424,-416,-451,-466,-457,-432,-434,-460,-435,-443,-437,-459,-421,-429,-475,-489,-436,-451,-430,-441,-467,-437,-485,-372,-529,-427,-481,-439,-412,-387,-435,-482,-457,-459,-461,-533,-575,-450,-440,-438,-438,-438,-444,-393,-430,-470,-442,-437,-513,-516,-494,-485
272,767.0399999999999636,-579,-520,-584,-518,-487,-455,-530,-471,-423,-446,-457,-474,-483,-555,-542,-499,-540,-507,-458,-428,-414,-444,-454,-479,-505,-548,-522,-549,-573,-504,-510,-507,-518,-412,-423,-377,-347,-409,-443,-394,-402,-432,-489,-510,-556,-583,-550,-526,-530,-547,-511,-541,-591,-605,-621,-583,-615,-610,-567,-570,-571,-565,-514,-489,-478,-461,-472,-632,-560,-591,-546,-593,-544,-583,-501,-482,-429,-439,-430,-436,-437,-461,-377,-361,-351,-405,-358,-421,-512,-446,-492,-431,-474,-454,-479,-440,-432,-444,-355,-411,-390,-376,-397,-405,-406,-448,-433,-457,-461,-508,-545,-508,-471,-533,-540,-482,-503,-500,-506,-458,-507,-460,-395,-490,-532,-554,-573,-581,-526,-543,-516,-498,-485,-442,-444,-504,-458,-493,-468,-456,-470,-445,-419,-438,-467,-479,-466,-442,-421,-454,-424,-452,-419,-387,-398,-495,-538,-449,-496,-475,-509,-504,-498,-480,-449,-524,-479,-440,-432,-446,-421,-445,-391,-403,-443,-454,-514,-499,-498,-476,-471,-534,-561,-533,-555,-525,-534,-569,-557,-660,-583,-561,-524,-530,-611,-592,-517,-536,-551,-555,-555,-515,-457,-410,-445,-410,-447,-492,-491,-564,-617,-608,-536,-516,-468,-448,-519,-459,-402,-407,-413,-452,-493,-445,-396,-392,-345,-350,-370,-392,-394,-389,-351,-365,-368,-401,-400,-399,-360,-403,-427,-416,-386,-414,-418,-459,-486,-464,-436,-424,-427,-435,-411,-430,-460,-444,-413,-444,-460,-430,-464,-446,-451,-472,-527,-465,-422,-425,-441,-462,-356,-410,-397,-445,-483,-424,-477,-477,-506,-545,-458,-468,-443,-456,-466,-486,-414,-453,-494,-444,-419,-490,-510,-484,-511
273,770.2400000000000091,-487,-528,-592,-512,-503,-537,-551,-518,-429,-461,-456,-473,-539,-95,-536,-503,-550,-517,-459,-430,-420,-443,-461,-489,-495,-542,-526,-455,-567,-518,-511,-500,-516,-463,-408,-371,-346,-403,-447,-399,-421,-435,-485,-508,-523,-583,-550,-528,-541,-491,-512,-566,-600,-593,-592,-591,-610,-597,-560,-570,-557,-582,-516,-500,-499,-474,-468,-632,-551,-597,-540,-588,-537,-583,-488,-484,-441,-427,-431,-446,-429,-455,-376,-361,-345,-402,-366,-420,-532,-465,-495,-423,-473,-456,-473,-436,-417,-476,-286,-417,-404,-377,-402,-427,-395,-446,-449,-458,-459,-537,-547,-498,-465,-542,-525,-504,-495,-501,-498,-449,-513,-465,-411,-499,-537,-556,-582,-579,-525,-528,-519,-508,-420,-426,-415,-484,-454,-505,-473,-458,-470,-441,-418,-420,-470,-481,-450,-443,-414,-443,-429,-447,-420,-361,-399,-528,-504,-474,-455,-463,-515,-477,-522,-437,-499,-510,-467,-422,-439,-447,-446,-376,-405,-417,-424,-511,-517,-512,-449,-454,-413,-514,-593,-610,-568,-575,-515,-560,-559,-577,-612,-521,-542,-552,-591,-585,-515,-545,-564,-533,-572,-483,-448,-472,-449,-405,-446,-458,-532,-531,-630,-564,-539,-492,-483,-487,-484,-469,-427,-401,-420,-451,-493,-429,-403,-394,-334,-352,-368,-409,-405,-373,-370,-358,-374,-382,-371,-392,-370,-394,-416,-428,-384,-405,-404,-451,-456,-448,-437,-439,-408,-437,-443,-448,-461,-417,-448,-411,-462,-445,-458,-438,-436,-483,-472,-496,-404,-487,-456,-457,-502,-423,-398,-441,-463,-466,-445,-506,-462,-497,-457,-469,-432,-436,-430,-446,-394,-431,-460,-461,-458,-552,-508,-500,-508
274,773.4400000000000546,-571,-539,-537,-547,-477,-545,-513,-553,-433,-453,-456,-476,-610,-1442,-544,-498,-545,-493,-468,-431,-408,-434,-436,-489,-512,-547,-530,-591,-571,-511,-502,-499,-512,-424,-428,-375,-346,-403,-458,-407,-433,-428,-488,-512,-558,-581,-551,-526,-541,-544,-515,-551,-602,-598,-576,-598,-574,-603,-569,-566,-560,-567,-529,-492,-483,-462,-473,-545,-568,-590,-550,-586,-530,-583,-503,-496,-440,-442,-437,-438,-437,-472,-382,-377,-352,-404,-351,-422,-513,-437,-499,-416,-481,-448,-483,-441,-426,-446,-333,-422,-386,-372,-392,-412,-391,-441,-425,-445,-456,-502,-549,-512,-471,-531,-512,-479,-504,-495,-512,-447,-523,-489,-407,-503,-546,-554,-571,-587,-527,-535,-512,-509,-417,-428,-415,-482,-464,-489,-467,-452,-470,-444,-417,-442,-464,-485,-463,-451,-420,-452,-430,-440,-432,-381,-404,-492,-522,-445,-474,-494,-498,-518,-491,-462,-492,-523,-483,-409,-450,-467,-418,-440,-388,-424,-406,-487,-476,-488,-480,-458,-507,-491,-561,-600,-564,-540,-515,-560,-570,-602,-564,-577,-565,-523,-613,-597,-517,-528,-573,-562,-539,-503,-458,-434,-461,-401,-425,-502,-507,-631,-621,-544,-541,-511,-456,-485,-515,-484,-404,-412,-422,-452,-488,-416,-397,-405,-351,-348,-374,-397,-420,-384,-371,-364,-380,-405,-405,-407,-371,-397,-418,-425,-368,-406,-407,-451,-436,-464,-444,-435,-413,-397,-468,-445,-450,-425,-435,-431,-440,-442,-483,-449,-461,-501,-470,-467,-401,-469,-408,-448,-505,-420,-401,-445,-453,-424,-491,-417,-499,-537,-430,-456,-441,-458,-429,-427,-415,-426,-495,-487,-500,-511,-509,-484,-507
275,776.6399999999999864,-572,-535,-549,-498,-478,-539,-526,-471,-413,-457,-457,-481,-561,-338,-646,-500,-536,-494,-458,-440,-413,-443,-463,-471,-506,-546,-512,-469,-557,-510,-509,-498,-514,-400,-422,-369,-343,-409,-456,-397,-422,-439,-486,-510,-547,-577,-555,-530,-544,-516,-509,-472,-601,-588,-616,-607,-615,-607,-565,-574,-561,-575,-519,-464,-489,-453,-480,-547,-561,-570,-544,-592,-534,-591,-511,-498,-443,-415,-436,-446,-434,-471,-379,-380,-346,-409,-369,-421,-524,-447,-489,-436,-487,-452,-474,-447,-420,-435,-345,-400,-407,-377,-394,-416,-386,-443,-448,-455,-454,-515,-548,-483,-483,-542,-502,-506,-486,-502,-497,-462,-492,-468,-399,-490,-540,-557,-587,-580,-540,-529,-524,-508,-438,-431,-408,-482,-464,-488,-464,-452,-468,-462,-416,-447,-463,-471,-461,-443,-423,-444,-435,-443,-439,-384,-389,-494,-518,-504,-471,-447,-502,-496,-504,-508,-496,-505,-482,-480,-436,-455,-462,-438,-391,-420,-430,-511,-464,-498,-455,-451,-477,-547,-571,-572,-540,-545,-514,-577,-564,-584,-589,-525,-543,-556,-584,-594,-510,-515,-549,-550,-578,-475,-436,-406,-434,-384,-447,-481,-546,-563,-577,-546,-537,-528,-452,-476,-506,-480,-428,-415,-414,-460,-474,-462,-402,-375,-349,-344,-375,-403,-401,-379,-358,-356,-384,-403,-394,-406,-364,-398,-423,-419,-356,-418,-419,-438,-481,-467,-433,-425,-411,-406,-422,-451,-470,-425,-451,-463,-474,-457,-481,-464,-502,-468,-483,-494,-359,-463,-450,-450,-363,-426,-398,-386,-441,-458,-461,-491,-528,-541,-472,-472,-444,-447,-446,-460,-417,-448,-479,-449,-401,-493,-519,-497,-521
276,779.8400000000000318,-571,-522,-374,-520,-498,-442,-504,-480,-425,-452,-458,-481,-452,164,-552,-506,-576,-496,-470,-432,-408,-443,-457,-470,-504,-544,-539,-560,-572,-512,-514,-508,-524,-432,-424,-385,-343,-396,-452,-396,-399,-423,-486,-510,-548,-588,-552,-537,-539,-511,-518,-555,-600,-596,-624,-596,-630,-595,-572,-572,-568,-569,-525,-477,-486,-479,-471,-352,-570,-597,-537,-591,-557,-568,-510,-497,-454,-428,-430,-441,-431,-439,-379,-383,-352,-402,-354,-405,-505,-444,-493,-430,-476,-455,-487,-437,-423,-441,-358,-428,-400,-377,-403,-412,-405,-442,-468,-449,-459,-520,-552,-505,-487,-535,-506,-507,-495,-492,-509,-458,-524,-455,-408,-489,-530,-562,-581,-571,-520,-538,-519,-497,-438,-432,-404,-481,-461,-490,-474,-454,-474,-448,-417,-435,-471,-498,-464,-458,-409,-451,-425,-458,-454,-373,-402,-485,-518,-453,-448,-455,-505,-504,-491,-510,-495,-516,-467,-464,-448,-469,-424,-440,-377,-416,-421,-509,-485,-500,-482,-461,-479,-537,-555,-574,-568,-537,-513,-557,-551,-604,-596,-532,-558,-526,-618,-606,-508,-528,-557,-547,-579,-504,-444,-444,-462,-408,-457,-419,-585,-565,-659,-595,-539,-498,-479,-501,-498,-478,-415,-411,-401,-448,-467,-439,-412,-394,-353,-360,-361,-375,-410,-378,-380,-370,-380,-421,-408,-403,-374,-399,-417,-409,-378,-408,-424,-457,-445,-463,-456,-435,-383,-411,-442,-455,-439,-438,-428,-466,-431,-467,-434,-421,-381,-481,-446,-452,-391,-473,-422,-423,-429,-412,-406,-425,-478,-462,-463,-456,-509,-531,-436,-492,-443,-416,-448,-450,-413,-425,-470,-450,-450,-506,-520,-488,-585
277,783.0399999999999636,-567,-535,-568,-502,-491,-491,-514,-479,-423,-462,-456,-492,-534,-513,-563,-509,-547,-508,-459,-444,-420,-452,-465,-459,-499,-558,-528,-604,-560,-530,-519,-496,-522,-443,-417,-383,-358,-402,-440,-399,-446,-429,-493,-517,-552,-584,-553,-529,-532,-519,-503,-532,-600,-602,-591,-604,-628,-588,-572,-573,-578,-574,-527,-484,-488,-472,-472,-240,-566,-578,-545,-584,-546,-579,-505,-509,-448,-448,-440,-452,-431,-466,-384,-363,-350,-404,-388,-429,-521,-467,-499,-424,-480,-448,-484,-451,-418,-428,-342,-420,-398,-373,-389,-414,-408,-446,-440,-465,-472,-510,-543,-522,-473,-536,-510,-500,-499,-501,-514,-454,-525,-465,-404,-492,-536,-557,-583,-586,-556,-526,-516,-499,-502,-442,-406,-491,-462,-496,-458,-464,-471,-457,-421,-444,-464,-489,-437,-453,-421,-449,-440,-446,-422,-388,-396,-488,-522,-465,-474,-463,-510,-516,-501,-485,-507,-520,-500,-448,-458,-462,-424,-421,-382,-372,-449,-481,-500,-496,-457,-415,-484,-543,-574,-582,-561,-551,-551,-534,-563,-596,-595,-549,-532,-544,-543,-585,-514,-530,-543,-560,-542,-474,-454,-465,-429,-402,-432,-458,-516,-597,-623,-607,-539,-491,-476,-508,-488,-468,-414,-411,-413,-457,-484,-429,-406,-408,-351,-345,-371,-409,-405,-394,-373,-367,-380,-436,-404,-392,-377,-404,-430,-419,-407,-391,-432,-454,-482,-468,-438,-424,-449,-417,-451,-442,-505,-440,-431,-425,-473,-432,-476,-450,-472,-483,-475,-475,-440,-468,-429,-436,-442,-440,-410,-456,-427,-468,-466,-477,-503,-510,-459,-478,-452,-469,-451,-430,-406,-457,-478,-474,-510,-489,-517,-471,-530
278,786.2400000000000091,-574,-533,-533,-490,-479,-546,-520,-470,-424,-448,-454,-473,-439,-522,-560,-504,-550,-525,-456,-444,-421,-484,-459,-469,-508,-559,-544,-629,-574,-513,-511,-516,-517,-423,-420,-388,-342,-406,-453,-403,-408,-437,-473,-507,-531,-596,-552,-527,-539,-501,-509,-553,-602,-604,-607,-600,-606,-606,-589,-580,-581,-568,-533,-520,-488,-488,-480,-408,-569,-581,-549,-602,-543,-584,-514,-499,-453,-436,-433,-450,-443,-454,-379,-386,-361,-389,-374,-409,-514,-441,-498,-427,-489,-462,-489,-436,-424,-438,-335,-420,-406,-379,-398,-427,-408,-454,-447,-461,-450,-517,-565,-522,-479,-541,-537,-516,-502,-504,-530,-449,-503,-475,-410,-497,-524,-561,-577,-594,-583,-526,-523,-500,-448,-435,-414,-482,-467,-488,-473,-453,-477,-446,-415,-436,-465,-497,-474,-455,-423,-449,-431,-453,-434,-379,-400,-518,-520,-446,-477,-469,-514,-538,-522,-452,-497,-538,-486,-470,-448,-458,-426,-438,-400,-380,-414,-505,-497,-497,-455,-485,-496,-500,-561,-527,-552,-534,-488,-546,-562,-619,-584,-575,-550,-567,-588,-588,-512,-533,-561,-574,-548,-493,-445,-460,-453,-408,-451,-466,-546,-557,-607,-586,-549,-508,-479,-503,-511,-482,-415,-409,-403,-452,-480,-431,-398,-383,-349,-375,-378,-418,-407,-381,-376,-371,-377,-414,-407,-379,-345,-415,-431,-426,-350,-423,-448,-452,-456,-456,-458,-455,-444,-462,-434,-450,-487,-451,-448,-451,-444,-473,-499,-446,-462,-459,-446,-473,-443,-480,-443,-468,-388,-419,-449,-397,-508,-462,-504,-533,-513,-520,-460,-483,-416,-433,-455,-444,-414,-430,-478,-446,-450,-499,-527,-477,-590
279,789.4400000000000546,-632,-540,-413,-520,-480,-539,-518,-485,-430,-451,-459,-486,-461,-547,-547,-507,-561,-522,-464,-436,-415,-449,-470,-482,-509,-545,-531,-545,-577,-516,-508,-501,-515,-441,-421,-389,-353,-403,-450,-398,-434,-441,-491,-504,-545,-581,-552,-524,-543,-500,-512,-536,-587,-614,-599,-612,-627,-617,-563,-568,-581,-558,-531,-507,-515,-475,-482,-556,-576,-602,-572,-593,-551,-598,-511,-500,-457,-442,-436,-456,-464,-470,-388,-366,-370,-407,-363,-430,-522,-454,-482,-427,-483,-453,-483,-439,-431,-443,-349,-419,-373,-378,-398,-442,-382,-450,-450,-467,-452,-528,-546,-514,-477,-534,-513,-500,-503,-508,-512,-464,-522,-470,-407,-505,-557,-561,-566,-573,-539,-520,-526,-516,-447,-433,-424,-492,-454,-492,-468,-458,-479,-446,-423,-458,-471,-488,-460,-480,-408,-447,-439,-450,-431,-353,-392,-445,-526,-454,-437,-474,-507,-503,-493,-510,-512,-523,-463,-447,-452,-455,-436,-444,-404,-389,-455,-504,-482,-491,-442,-469,-469,-502,-570,-540,-559,-551,-527,-526,-562,-630,-587,-535,-547,-549,-589,-584,-526,-542,-549,-586,-550,-484,-449,-437,-435,-431,-447,-483,-527,-554,-608,-630,-541,-505,-464,-483,-440,-475,-421,-417,-410,-466,-465,-427,-405,-415,-352,-355,-378,-399,-400,-404,-390,-369,-396,-404,-427,-397,-371,-402,-415,-428,-383,-424,-415,-475,-479,-462,-472,-452,-445,-431,-465,-436,-480,-439,-453,-499,-457,-452,-473,-456,-455,-467,-449,-467,-428,-397,-443,-460,-461,-423,-428,-432,-455,-448,-462,-534,-518,-548,-474,-509,-440,-472,-453,-460,-406,-445,-465,-465,-469,-503,-505,-492,-494
280,792.6399999999999864,-630,-528,-664,-550,-482,-552,-519,-471,-433,-459,-458,-495,-495,-588,-636,-510,-548,-509,-466,-450,-420,-450,-480,-470,-518,-555,-536,-438,-570,-515,-525,-513,-510,-433,-420,-382,-352,-419,-453,-396,-441,-430,-493,-505,-543,-582,-548,-530,-542,-502,-501,-535,-601,-614,-620,-597,-608,-617,-564,-564,-568,-576,-528,-493,-495,-487,-474,-297,-571,-595,-546,-615,-543,-592,-506,-504,-459,-457,-438,-446,-448,-473,-388,-371,-360,-413,-380,-429,-525,-462,-495,-434,-490,-458,-484,-453,-428,-480,-332,-427,-385,-381,-401,-427,-403,-456,-447,-464,-457,-513,-550,-510,-480,-551,-496,-497,-495,-505,-514,-464,-513,-476,-426,-492,-547,-549,-569,-587,-519,-527,-533,-512,-441,-438,-415,-496,-465,-491,-478,-459,-471,-461,-428,-452,-471,-492,-443,-450,-424,-456,-444,-481,-422,-432,-396,-527,-523,-449,-491,-463,-491,-506,-484,-465,-506,-529,-516,-464,-459,-490,-452,-431,-398,-422,-437,-515,-506,-495,-469,-477,-465,-504,-559,-597,-571,-577,-517,-564,-564,-656,-586,-539,-509,-582,-575,-594,-511,-541,-560,-553,-543,-461,-431,-410,-420,-425,-422,-436,-543,-553,-646,-602,-543,-515,-508,-493,-501,-492,-421,-410,-416,-465,-484,-427,-412,-426,-348,-351,-379,-385,-401,-361,-371,-374,-385,-389,-423,-393,-373,-402,-429,-432,-362,-407,-422,-458,-471,-462,-470,-455,-457,-413,-437,-446,-471,-436,-448,-465,-459,-435,-441,-420,-413,-469,-444,-477,-468,-504,-436,-468,-493,-423,-453,-436,-455,-429,-474,-516,-501,-544,-444,-483,-416,-465,-427,-421,-437,-422,-473,-451,-512,-506,-542,-495,-509
281,795.8400000000000318,-585,-539,-609,-517,-491,-544,-530,-463,-423,-451,-462,-477,-471,-411,-547,-506,-535,-538,-472,-444,-414,-436,-461,-444,-508,-554,-538,-539,-576,-512,-506,-505,-507,-440,-430,-400,-343,-391,-448,-403,-446,-432,-492,-507,-552,-585,-551,-531,-544,-504,-514,-566,-597,-607,-596,-610,-615,-602,-592,-579,-575,-558,-531,-507,-503,-469,-483,-830,-568,-602,-563,-594,-553,-586,-520,-508,-465,-450,-446,-464,-444,-474,-391,-392,-364,-395,-365,-425,-522,-465,-497,-448,-480,-471,-481,-459,-439,-459,-428,-421,-407,-378,-388,-420,-406,-454,-455,-454,-469,-513,-542,-506,-474,-546,-520,-503,-501,-511,-524,-456,-525,-464,-419,-493,-549,-555,-578,-592,-505,-536,-507,-503,-451,-445,-430,-479,-452,-515,-473,-462,-476,-416,-420,-444,-467,-499,-489,-461,-374,-443,-460,-462,-445,-401,-395,-508,-515,-467,-456,-474,-504,-524,-505,-494,-511,-534,-501,-468,-456,-505,-422,-440,-391,-419,-432,-501,-490,-493,-477,-498,-468,-509,-555,-583,-554,-544,-527,-568,-560,-558,-587,-573,-547,-557,-583,-590,-522,-523,-581,-573,-553,-470,-447,-406,-448,-409,-427,-492,-521,-559,-641,-576,-561,-521,-492,-449,-535,-476,-417,-413,-420,-457,-488,-443,-405,-357,-340,-361,-375,-404,-410,-412,-367,-394,-387,-390,-409,-407,-371,-420,-442,-439,-381,-421,-399,-458,-465,-465,-434,-437,-441,-453,-470,-442,-456,-435,-444,-462,-479,-441,-453,-468,-458,-489,-494,-459,-447,-463,-458,-453,-419,-411,-400,-430,-459,-459,-486,-499,-510,-550,-440,-505,-498,-478,-428,-477,-414,-460,-535,-461,-467,-483,-528,-501,-486
282,799.0399999999999636,-589,-542,-556,-526,-493,-517,-533,-467,-425,-449,-460,-480,-591,-437,-518,-516,-548,-511,-476,-447,-428,-441,-463,-480,-514,-549,-527,-543,-568,-512,-514,-499,-512,-451,-432,-380,-349,-413,-459,-408,-447,-436,-488,-510,-542,-580,-531,-542,-546,-508,-511,-537,-605,-606,-592,-608,-625,-612,-570,-576,-575,-577,-533,-517,-488,-486,-479,-548,-564,-593,-554,-592,-541,-576,-502,-504,-454,-450,-442,-454,-436,-467,-382,-379,-360,-411,-372,-436,-530,-460,-485,-430,-485,-474,-478,-450,-431,-458,-348,-413,-395,-382,-406,-409,-413,-450,-443,-457,-465,-522,-552,-515,-473,-532,-504,-514,-490,-507,-508,-458,-514,-470,-409,-505,-541,-554,-575,-568,-546,-537,-514,-500,-425,-443,-409,-485,-457,-496,-489,-459,-474,-466,-436,-453,-471,-497,-466,-463,-403,-453,-439,-455,-416,-358,-403,-513,-528,-475,-480,-490,-513,-491,-500,-486,-511,-531,-477,-471,-457,-487,-432,-423,-420,-399,-420,-492,-490,-508,-476,-483,-506,-521,-578,-594,-573,-571,-546,-562,-568,-601,-588,-541,-572,-522,-589,-592,-514,-530,-569,-560,-566,-551,-439,-431,-466,-409,-459,-493,-532,-585,-600,-576,-554,-508,-452,-458,-483,-443,-419,-412,-418,-450,-474,-423,-407,-399,-357,-353,-367,-394,-436,-381,-381,-363,-400,-433,-419,-416,-374,-425,-433,-450,-388,-404,-452,-457,-467,-463,-485,-441,-392,-426,-461,-455,-460,-433,-432,-463,-466,-429,-475,-438,-487,-480,-473,-445,-441,-469,-464,-456,-507,-428,-446,-440,-467,-439,-455,-490,-515,-567,-477,-468,-384,-536,-467,-446,-420,-430,-480,-471,-466,-535,-511,-497,-487
283,802.2400000000000091,-572,-539,-525,-531,-499,-527,-530,-478,-420,-450,-453,-479,-232,-632,-551,-525,-567,-527,-477,-454,-421,-490,-470,-477,-510,-549,-525,-565,-576,-517,-510,-511,-514,-388,-440,-382,-363,-408,-446,-406,-452,-430,-488,-508,-532,-575,-540,-517,-540,-515,-518,-533,-604,-606,-587,-593,-630,-592,-567,-566,-566,-575,-532,-487,-489,-482,-473,-542,-577,-594,-561,-588,-547,-589,-509,-477,-457,-439,-433,-455,-454,-474,-390,-370,-349,-405,-371,-425,-515,-458,-499,-438,-492,-452,-498,-443,-431,-492,-360,-433,-403,-387,-400,-421,-410,-460,-469,-467,-467,-513,-549,-516,-475,-536,-513,-514,-477,-512,-515,-473,-515,-461,-413,-502,-541,-570,-590,-615,-521,-541,-523,-496,-447,-414,-427,-485,-468,-493,-475,-461,-484,-446,-415,-453,-468,-491,-436,-474,-435,-452,-456,-476,-438,-378,-424,-483,-511,-469,-472,-483,-524,-447,-490,-469,-499,-532,-464,-465,-458,-461,-489,-456,-397,-400,-416,-500,-481,-506,-479,-481,-508,-508,-567,-564,-575,-537,-509,-565,-559,-577,-576,-550,-531,-549,-572,-596,-521,-506,-568,-568,-544,-475,-419,-377,-435,-405,-454,-469,-534,-561,-631,-573,-546,-507,-477,-499,-503,-461,-420,-418,-413,-450,-490,-458,-396,-387,-355,-373,-377,-404,-437,-408,-373,-359,-382,-381,-410,-419,-369,-393,-435,-430,-396,-406,-438,-463,-464,-475,-430,-452,-441,-440,-428,-457,-465,-422,-453,-468,-482,-462,-454,-476,-459,-486,-448,-496,-445,-444,-452,-451,-422,-425,-394,-418,-444,-458,-477,-424,-490,-544,-464,-470,-457,-503,-459,-472,-392,-432,-488,-448,-467,-513,-535,-486,-515
284,805.4400000000000546,-588,-533,-527,-534,-470,-550,-525,-471,-429,-445,-457,-476,-484,-73,-548,-521,-555,-500,-473,-452,-426,-425,-476,-436,-508,-551,-532,-577,-576,-517,-515,-508,-530,-470,-446,-380,-350,-397,-466,-392,-437,-434,-482,-514,-545,-578,-549,-524,-538,-522,-510,-525,-596,-586,-602,-615,-600,-613,-574,-569,-577,-572,-532,-502,-496,-485,-483,-446,-576,-580,-539,-585,-547,-584,-504,-499,-453,-449,-444,-446,-443,-479,-385,-385,-362,-403,-374,-433,-513,-462,-493,-441,-486,-456,-497,-453,-428,-439,-407,-430,-415,-383,-399,-425,-394,-458,-462,-466,-464,-528,-547,-518,-497,-531,-510,-518,-510,-504,-504,-463,-537,-476,-398,-500,-543,-568,-576,-588,-542,-549,-508,-518,-465,-452,-406,-467,-461,-507,-474,-470,-477,-449,-432,-445,-472,-496,-395,-467,-403,-457,-453,-471,-442,-406,-399,-491,-541,-459,-472,-472,-502,-514,-500,-449,-504,-528,-496,-454,-453,-493,-441,-405,-393,-425,-452,-472,-488,-512,-482,-502,-487,-526,-585,-593,-564,-552,-536,-565,-552,-604,-575,-561,-588,-542,-587,-585,-521,-524,-568,-544,-565,-481,-430,-463,-482,-403,-453,-486,-500,-494,-636,-553,-547,-513,-480,-471,-534,-463,-427,-418,-419,-458,-474,-443,-398,-400,-361,-364,-380,-397,-412,-395,-375,-351,-397,-409,-408,-405,-346,-404,-435,-420,-379,-431,-441,-455,-463,-462,-444,-446,-415,-450,-444,-454,-482,-445,-423,-368,-451,-465,-462,-462,-425,-478,-478,-466,-506,-462,-469,-524,-415,-398,-429,-428,-462,-486,-513,-510,-520,-540,-451,-453,-515,-475,-444,-463,-415,-438,-499,-486,-474,-511,-517,-505,-568
285,808.6399999999999864,-579,-554,-416,-522,-484,-543,-522,-479,-424,-453,-462,-493,-480,-543,-444,-522,-565,-532,-472,-442,-433,-447,-477,-476,-511,-550,-540,-563,-592,-510,-516,-504,-510,-447,-434,-393,-347,-409,-452,-401,-429,-429,-492,-509,-543,-582,-554,-527,-531,-499,-517,-536,-613,-603,-595,-591,-609,-595,-572,-574,-560,-571,-528,-510,-498,-508,-490,-585,-576,-617,-542,-589,-547,-580,-507,-494,-452,-444,-442,-446,-446,-466,-389,-385,-362,-416,-371,-435,-534,-471,-491,-425,-486,-455,-500,-455,-428,-440,-361,-433,-412,-383,-404,-421,-401,-459,-455,-454,-460,-519,-555,-516,-478,-542,-518,-508,-492,-508,-523,-466,-515,-474,-428,-491,-531,-560,-593,-582,-537,-538,-524,-508,-432,-445,-413,-485,-463,-507,-486,-465,-480,-454,-425,-454,-473,-490,-483,-447,-419,-451,-457,-451,-420,-394,-403,-505,-514,-432,-478,-547,-542,-504,-508,-480,-510,-531,-474,-456,-454,-475,-426,-438,-407,-423,-436,-501,-499,-490,-461,-503,-496,-516,-556,-579,-565,-535,-473,-572,-557,-668,-567,-514,-523,-547,-583,-589,-528,-521,-562,-554,-562,-482,-446,-429,-469,-412,-481,-468,-538,-567,-624,-546,-556,-520,-453,-496,-496,-472,-417,-422,-419,-465,-471,-435,-411,-369,-343,-368,-373,-396,-408,-389,-384,-354,-387,-431,-420,-379,-369,-374,-427,-408,-413,-426,-418,-446,-462,-466,-469,-426,-432,-415,-445,-457,-464,-464,-447,-496,-475,-448,-481,-452,-422,-468,-464,-472,-444,-457,-441,-459,-438,-441,-444,-416,-465,-438,-479,-521,-478,-452,-424,-484,-426,-467,-463,-500,-393,-465,-472,-460,-509,-498,-540,-489,-559
286,811.8400000000000318,-581,-540,-583,-472,-487,-624,-543,-462,-426,-448,-449,-477,-493,-516,-714,-525,-564,-539,-472,-450,-429,-444,-460,-480,-517,-550,-541,-570,-582,-532,-509,-504,-512,-444,-443,-391,-359,-404,-453,-407,-443,-431,-489,-514,-536,-588,-547,-513,-530,-530,-517,-519,-596,-597,-611,-605,-629,-573,-562,-583,-573,-570,-531,-472,-496,-468,-486,-574,-567,-610,-552,-587,-543,-571,-510,-503,-455,-452,-442,-453,-458,-470,-392,-374,-355,-405,-361,-430,-526,-455,-489,-433,-487,-472,-489,-456,-436,-456,-360,-421,-398,-382,-404,-440,-407,-450,-455,-452,-457,-529,-544,-514,-481,-548,-519,-509,-512,-511,-505,-470,-533,-494,-413,-495,-536,-557,-583,-586,-524,-535,-530,-504,-443,-458,-420,-489,-462,-500,-477,-459,-483,-457,-425,-456,-476,-485,-457,-467,-424,-458,-452,-473,-444,-394,-394,-515,-522,-497,-469,-440,-503,-472,-510,-443,-502,-523,-473,-454,-474,-473,-442,-441,-414,-419,-443,-505,-491,-503,-484,-567,-488,-544,-555,-513,-563,-541,-535,-567,-561,-592,-588,-543,-548,-544,-567,-609,-516,-534,-563,-558,-579,-482,-449,-444,-470,-409,-456,-507,-528,-552,-623,-551,-533,-508,-484,-467,-510,-489,-440,-422,-432,-455,-495,-431,-397,-396,-330,-349,-376,-382,-415,-392,-375,-383,-395,-418,-407,-403,-349,-417,-401,-455,-366,-421,-442,-452,-460,-475,-457,-440,-435,-429,-455,-465,-475,-440,-435,-478,-475,-451,-422,-445,-471,-486,-478,-468,-464,-453,-426,-452,-474,-432,-411,-466,-491,-465,-458,-461,-525,-519,-437,-462,-429,-450,-419,-444,-412,-443,-484,-477,-509,-478,-529,-499,-534
287,815.0399999999999636,-595,-558,-528,-521,-474,-479,-530,-484,-430,-459,-457,-476,-484,-527,-550,-518,-568,-506,-482,-441,-433,-446,-479,-465,-513,-553,-533,-494,-574,-512,-521,-516,-546,-432,-431,-394,-358,-408,-458,-397,-446,-431,-498,-500,-567,-607,-542,-519,-543,-531,-508,-545,-601,-612,-606,-604,-580,-614,-569,-570,-566,-577,-532,-493,-502,-488,-493,-517,-576,-598,-551,-587,-543,-573,-507,-488,-457,-443,-446,-452,-455,-472,-389,-380,-361,-418,-375,-439,-520,-452,-496,-430,-498,-465,-491,-449,-438,-453,-360,-426,-407,-382,-410,-406,-408,-464,-455,-452,-459,-519,-558,-531,-488,-532,-522,-493,-507,-499,-534,-481,-533,-471,-447,-504,-561,-559,-580,-562,-534,-532,-519,-509,-429,-436,-427,-486,-463,-487,-469,-473,-481,-454,-428,-459,-472,-490,-481,-472,-449,-454,-449,-482,-420,-402,-401,-501,-511,-451,-455,-462,-511,-510,-515,-494,-507,-525,-493,-506,-442,-484,-421,-431,-398,-415,-459,-499,-505,-494,-476,-547,-504,-579,-559,-583,-557,-549,-513,-554,-560,-604,-601,-557,-538,-545,-577,-598,-534,-535,-556,-554,-562,-494,-425,-449,-470,-394,-469,-522,-527,-574,-631,-607,-552,-513,-495,-521,-500,-472,-394,-431,-412,-469,-499,-439,-404,-416,-358,-344,-378,-395,-416,-399,-369,-373,-397,-430,-413,-413,-378,-412,-427,-425,-380,-414,-429,-462,-476,-464,-469,-456,-425,-441,-460,-450,-468,-469,-438,-425,-485,-445,-475,-467,-439,-463,-463,-476,-349,-454,-479,-489,-479,-441,-489,-431,-437,-478,-485,-535,-508,-557,-458,-509,-430,-463,-430,-443,-418,-438,-451,-448,-414,-501,-522,-483,-507
288,818.2400000000000091,-586,-545,-813,-503,-492,-635,-522,-484,-432,-451,-459,-484,-489,-437,-530,-503,-574,-502,-480,-452,-428,-434,-466,-441,-516,-556,-542,-532,-573,-523,-516,-521,-517,-453,-434,-391,-355,-413,-462,-400,-400,-438,-493,-508,-550,-581,-555,-537,-541,-529,-514,-553,-603,-603,-602,-593,-612,-597,-580,-570,-563,-571,-538,-517,-498,-487,-480,-290,-572,-599,-544,-592,-545,-599,-508,-505,-463,-453,-450,-446,-472,-464,-385,-389,-360,-424,-375,-428,-521,-453,-497,-435,-495,-473,-495,-458,-442,-452,-371,-429,-410,-386,-401,-427,-400,-452,-455,-468,-457,-530,-552,-549,-491,-539,-517,-516,-497,-509,-513,-476,-510,-481,-435,-501,-533,-560,-575,-589,-533,-534,-515,-518,-454,-452,-405,-487,-460,-496,-482,-466,-475,-466,-439,-453,-480,-489,-483,-485,-429,-462,-446,-460,-433,-427,-395,-488,-512,-431,-473,-443,-507,-521,-511,-495,-519,-555,-514,-405,-467,-482,-439,-435,-369,-392,-434,-507,-486,-496,-460,-447,-480,-523,-572,-569,-568,-554,-525,-566,-565,-587,-577,-601,-554,-503,-578,-600,-521,-536,-559,-544,-562,-473,-455,-430,-439,-422,-460,-456,-538,-561,-632,-573,-579,-518,-490,-486,-497,-470,-429,-423,-427,-461,-480,-427,-410,-386,-360,-359,-385,-399,-409,-389,-385,-378,-397,-408,-426,-409,-369,-410,-429,-440,-392,-430,-431,-456,-470,-458,-529,-437,-436,-436,-488,-445,-462,-438,-448,-485,-471,-456,-459,-455,-514,-455,-474,-476,-351,-457,-437,-447,-439,-445,-437,-420,-466,-509,-461,-482,-522,-548,-448,-500,-426,-461,-438,-460,-402,-456,-421,-449,-476,-505,-524,-481,-504
289,821.4400000000000546,-590,-550,-549,-552,-473,-564,-531,-478,-436,-457,-456,-488,-420,-683,-449,-525,-561,-523,-526,-435,-421,-460,-470,-489,-516,-559,-528,-551,-579,-512,-516,-511,-514,-456,-436,-396,-353,-413,-447,-426,-440,-427,-485,-505,-534,-582,-546,-518,-547,-523,-510,-529,-603,-600,-614,-601,-617,-600,-575,-580,-567,-580,-536,-500,-496,-486,-487,-510,-580,-593,-548,-584,-554,-587,-506,-505,-471,-448,-453,-451,-458,-485,-386,-389,-356,-416,-376,-432,-528,-457,-494,-435,-496,-451,-492,-457,-436,-448,-358,-429,-411,-398,-408,-419,-402,-447,-460,-458,-463,-530,-551,-516,-480,-551,-508,-509,-502,-523,-517,-473,-520,-491,-421,-504,-541,-555,-598,-577,-565,-545,-526,-505,-454,-461,-429,-490,-481,-511,-482,-468,-483,-473,-431,-445,-490,-498,-471,-477,-442,-476,-426,-465,-446,-405,-397,-486,-514,-462,-464,-454,-510,-529,-488,-497,-504,-545,-478,-478,-477,-470,-429,-422,-385,-429,-434,-489,-501,-497,-456,-431,-491,-541,-580,-580,-560,-534,-527,-567,-558,-582,-587,-573,-524,-532,-558,-598,-505,-531,-577,-553,-555,-484,-460,-435,-453,-406,-491,-446,-554,-576,-629,-563,-551,-539,-491,-512,-514,-485,-431,-431,-422,-463,-481,-432,-405,-388,-346,-360,-375,-414,-416,-401,-420,-417,-402,-414,-413,-420,-384,-380,-428,-430,-377,-406,-444,-453,-491,-466,-434,-462,-456,-428,-438,-459,-470,-446,-437,-483,-466,-472,-459,-477,-476,-469,-489,-457,-352,-488,-453,-489,-411,-431,-421,-403,-479,-476,-467,-486,-502,-550,-455,-469,-451,-437,-450,-454,-413,-446,-486,-461,-423,-556,-542,-487,-543
290,824.6399999999999864,-551,-549,-540,-520,-500,-553,-531,-478,-417,-451,-459,-483,-396,-527,-648,-524,-575,-505,-502,-457,-423,-450,-471,-473,-514,-553,-527,-586,-578,-524,-512,-503,-513,-440,-435,-398,-361,-412,-455,-398,-441,-435,-497,-510,-541,-588,-554,-523,-537,-539,-513,-543,-614,-599,-602,-599,-595,-606,-580,-580,-581,-572,-532,-475,-502,-476,-493,-548,-572,-579,-553,-595,-544,-581,-515,-513,-462,-464,-447,-436,-455,-480,-391,-378,-364,-421,-381,-438,-529,-464,-505,-441,-501,-463,-499,-463,-429,-465,-371,-438,-400,-389,-418,-439,-394,-451,-472,-464,-460,-540,-543,-529,-492,-548,-515,-530,-488,-511,-513,-479,-547,-490,-432,-509,-541,-556,-580,-589,-554,-543,-529,-521,-444,-458,-427,-487,-471,-498,-478,-468,-488,-457,-435,-457,-469,-495,-469,-474,-404,-460,-456,-455,-415,-400,-393,-493,-506,-455,-472,-475,-519,-513,-498,-478,-513,-522,-506,-497,-465,-482,-440,-435,-380,-352,-439,-506,-494,-488,-483,-490,-494,-531,-565,-613,-557,-551,-510,-554,-556,-598,-563,-598,-538,-519,-603,-580,-507,-533,-560,-560,-536,-483,-443,-481,-479,-413,-444,-467,-556,-550,-614,-531,-569,-526,-497,-509,-526,-476,-415,-414,-422,-457,-486,-440,-420,-421,-365,-362,-387,-412,-402,-398,-387,-386,-401,-421,-406,-431,-380,-413,-419,-458,-393,-423,-446,-459,-479,-466,-436,-442,-398,-434,-480,-463,-475,-439,-437,-373,-470,-469,-454,-457,-437,-482,-468,-503,-471,-451,-428,-463,-432,-444,-388,-438,-485,-519,-497,-505,-517,-571,-456,-479,-475,-398,-423,-439,-407,-444,-455,-451,-436,-441,-545,-483,-538
291,827.8400000000000318,-581,-549,-551,-526,-475,-471,-546,-479,-425,-453,-467,-488,-477,-529,-558,-526,-569,-506,-478,-455,-435,-452,-476,-457,-515,-563,-541,-561,-580,-514,-516,-518,-521,-442,-376,-400,-359,-421,-452,-410,-473,-428,-475,-506,-548,-592,-552,-530,-528,-504,-534,-590,-597,-610,-577,-598,-622,-603,-572,-575,-572,-578,-541,-511,-511,-488,-503,-589,-585,-594,-559,-595,-545,-616,-517,-500,-468,-461,-445,-447,-449,-480,-394,-385,-366,-417,-379,-432,-519,-479,-491,-429,-505,-473,-492,-453,-446,-461,-368,-429,-422,-392,-409,-438,-409,-469,-483,-476,-469,-522,-557,-528,-494,-556,-521,-518,-505,-514,-518,-464,-516,-474,-427,-492,-557,-550,-575,-585,-541,-527,-519,-523,-460,-451,-443,-487,-474,-512,-496,-471,-493,-452,-440,-474,-478,-506,-466,-476,-422,-468,-476,-474,-435,-397,-400,-482,-530,-463,-515,-483,-516,-537,-501,-491,-516,-535,-504,-452,-466,-488,-448,-441,-394,-407,-448,-500,-482,-488,-481,-477,-498,-537,-571,-555,-585,-523,-523,-568,-563,-605,-601,-545,-578,-556,-578,-636,-520,-544,-566,-556,-572,-456,-468,-429,-452,-429,-457,-465,-451,-579,-651,-584,-555,-527,-466,-486,-554,-477,-421,-418,-424,-461,-486,-427,-414,-401,-353,-369,-388,-398,-416,-397,-395,-397,-413,-445,-436,-407,-381,-419,-437,-411,-370,-408,-424,-467,-469,-471,-481,-427,-440,-436,-448,-468,-482,-461,-446,-497,-457,-456,-448,-443,-450,-477,-497,-473,-469,-520,-433,-477,-464,-426,-446,-399,-480,-460,-485,-483,-522,-543,-439,-487,-443,-513,-445,-485,-415,-460,-478,-468,-455,-519,-510,-494,-524
292,831.0399999999999636,-589,-553,-520,-516,-488,-564,-535,-473,-426,-443,-464,-499,-568,-590,-559,-518,-562,-520,-459,-449,-432,-456,-471,-485,-514,-553,-534,-442,-570,-519,-516,-506,-517,-451,-402,-401,-349,-407,-465,-408,-436,-431,-495,-514,-524,-584,-551,-538,-540,-521,-517,-542,-587,-610,-614,-588,-634,-595,-577,-578,-569,-575,-545,-511,-515,-480,-497,-746,-581,-592,-557,-591,-549,-586,-512,-510,-474,-457,-445,-447,-446,-484,-386,-390,-363,-427,-370,-437,-532,-474,-499,-433,-497,-478,-491,-459,-436,-481,-368,-435,-414,-394,-423,-451,-416,-470,-463,-470,-464,-524,-548,-520,-486,-543,-520,-508,-511,-515,-520,-474,-528,-482,-443,-501,-543,-548,-564,-582,-523,-544,-523,-518,-452,-454,-425,-491,-473,-503,-492,-474,-486,-470,-431,-466,-479,-500,-502,-475,-419,-456,-463,-462,-416,-390,-422,-528,-520,-472,-485,-518,-511,-561,-507,-503,-514,-539,-502,-466,-467,-482,-491,-437,-385,-422,-439,-515,-488,-498,-491,-484,-489,-505,-580,-612,-565,-541,-565,-570,-564,-593,-595,-552,-544,-543,-580,-623,-517,-501,-573,-558,-547,-487,-450,-426,-455,-419,-463,-529,-532,-555,-615,-602,-555,-509,-511,-474,-444,-481,-431,-424,-423,-462,-471,-426,-413,-389,-356,-368,-391,-409,-424,-414,-388,-384,-405,-434,-429,-426,-373,-418,-444,-445,-400,-416,-449,-472,-489,-465,-475,-464,-447,-435,-442,-447,-472,-458,-440,-502,-451,-452,-474,-487,-497,-489,-487,-482,-425,-489,-479,-455,-388,-457,-422,-410,-506,-480,-477,-472,-489,-519,-433,-486,-449,-520,-451,-466,-423,-454,-478,-451,-419,-528,-552,-490,-514
293,834.2400000000000091,-591,-551,-418,-516,-494,-590,-526,-487,-443,-452,-461,-483,-329,-717,-527,-504,-564,-541,-452,-459,-435,-460,-465,-480,-519,-553,-544,-564,-577,-517,-523,-517,-522,-427,-432,-396,-360,-411,-464,-409,-440,-439,-493,-516,-542,-586,-550,-524,-543,-516,-518,-524,-601,-574,-576,-610,-608,-610,-572,-579,-573,-587,-539,-520,-507,-502,-499,-177,-574,-589,-552,-583,-555,-584,-524,-518,-451,-460,-453,-441,-454,-480,-392,-402,-361,-422,-377,-440,-509,-466,-500,-440,-490,-468,-497,-469,-445,-474,-347,-423,-407,-388,-420,-434,-428,-458,-470,-478,-471,-521,-558,-526,-488,-541,-520,-514,-508,-515,-530,-470,-550,-473,-426,-505,-554,-554,-575,-571,-561,-535,-533,-512,-428,-448,-441,-506,-473,-490,-487,-472,-489,-465,-435,-461,-485,-509,-483,-482,-483,-463,-462,-461,-435,-389,-406,-485,-523,-467,-479,-460,-521,-514,-517,-467,-514,-520,-505,-474,-470,-451,-456,-437,-405,-427,-441,-495,-483,-498,-470,-462,-490,-518,-570,-515,-564,-557,-511,-595,-552,-599,-581,-540,-551,-540,-585,-589,-528,-544,-555,-531,-581,-461,-457,-456,-477,-414,-444,-494,-589,-585,-620,-571,-540,-538,-504,-501,-558,-478,-434,-419,-413,-462,-482,-457,-407,-407,-350,-368,-383,-417,-426,-391,-406,-375,-410,-431,-460,-387,-370,-422,-431,-451,-407,-430,-446,-465,-478,-467,-479,-446,-450,-431,-447,-458,-482,-453,-448,-492,-509,-466,-464,-475,-491,-495,-456,-485,-424,-488,-450,-472,-395,-442,-438,-427,-468,-491,-475,-508,-479,-530,-450,-480,-470,-487,-425,-427,-405,-446,-439,-480,-429,-497,-530,-506,-581
294,837.4400000000000546,-589,-542,-529,-517,-488,-473,-556,-477,-421,-456,-455,-494,-435,-517,-793,-523,-563,-514,-482,-463,-435,-470,-483,-470,-521,-552,-554,-609,-583,-540,-513,-520,-516,-439,-429,-387,-355,-421,-459,-400,-436,-434,-468,-506,-544,-581,-561,-535,-539,-516,-520,-511,-581,-606,-608,-606,-595,-620,-576,-579,-581,-585,-537,-513,-511,-493,-503,-843,-576,-584,-550,-585,-554,-583,-523,-525,-473,-459,-452,-456,-464,-471,-402,-390,-362,-411,-373,-429,-522,-457,-497,-436,-503,-478,-502,-471,-431,-461,-368,-430,-400,-396,-404,-443,-424,-465,-485,-481,-465,-515,-558,-531,-492,-545,-516,-511,-545,-520,-506,-473,-500,-477,-415,-504,-542,-560,-570,-582,-534,-544,-541,-523,-476,-462,-448,-500,-472,-509,-482,-477,-491,-470,-440,-465,-483,-504,-479,-485,-384,-470,-449,-466,-418,-386,-407,-505,-557,-451,-487,-470,-522,-504,-531,-447,-517,-546,-508,-472,-477,-417,-510,-437,-396,-431,-447,-498,-493,-496,-475,-493,-489,-527,-582,-566,-561,-543,-486,-558,-571,-594,-582,-584,-537,-550,-568,-596,-524,-522,-556,-585,-536,-490,-457,-436,-445,-410,-456,-452,-525,-572,-605,-535,-558,-531,-491,-479,-510,-502,-424,-405,-438,-464,-477,-434,-420,-372,-380,-359,-385,-410,-428,-409,-393,-389,-413,-422,-438,-420,-382,-411,-434,-431,-383,-433,-466,-455,-500,-472,-463,-459,-417,-435,-440,-457,-473,-441,-453,-411,-496,-464,-454,-445,-436,-478,-479,-466,-434,-460,-432,-494,-449,-436,-461,-435,-452,-442,-478,-543,-520,-514,-427,-474,-411,-449,-442,-449,-425,-447,-511,-444,-454,-513,-523,-489,-528
295,840.6399999999999864,-575,-545,-537,-526,-489,-539,-528,-483,-420,-461,-457,-484,-609,-518,-598,-519,-551,-518,-488,-446,-417,-473,-451,-508,-517,-559,-537,-608,-608,-522,-520,-513,-536,-445,-433,-404,-348,-407,-453,-394,-439,-433,-490,-506,-540,-585,-555,-526,-543,-529,-522,-539,-593,-621,-619,-599,-620,-602,-583,-588,-581,-585,-542,-530,-505,-488,-492,-560,-579,-597,-554,-582,-550,-621,-517,-510,-470,-456,-454,-457,-461,-490,-390,-389,-366,-415,-373,-426,-518,-477,-499,-437,-497,-472,-492,-451,-440,-459,-361,-418,-412,-392,-418,-418,-405,-464,-472,-465,-460,-552,-556,-521,-485,-537,-516,-512,-510,-516,-533,-480,-525,-479,-434,-508,-548,-552,-578,-587,-550,-546,-542,-513,-448,-462,-442,-492,-478,-503,-498,-475,-489,-477,-440,-460,-482,-506,-460,-483,-394,-484,-471,-474,-425,-396,-412,-500,-532,-460,-494,-476,-511,-511,-497,-472,-511,-521,-489,-466,-472,-422,-422,-424,-399,-410,-430,-482,-494,-496,-483,-482,-502,-529,-571,-577,-582,-560,-526,-536,-553,-574,-581,-544,-529,-534,-578,-594,-522,-518,-564,-577,-548,-530,-451,-414,-443,-414,-463,-491,-522,-578,-624,-552,-552,-522,-516,-456,-490,-483,-421,-421,-427,-454,-493,-446,-415,-392,-359,-371,-387,-425,-412,-398,-407,-377,-397,-429,-433,-423,-375,-402,-446,-429,-389,-446,-432,-481,-479,-473,-466,-475,-430,-440,-449,-485,-486,-460,-455,-528,-501,-456,-470,-482,-476,-504,-450,-471,-425,-513,-462,-520,-412,-448,-418,-445,-490,-406,-473,-480,-501,-563,-457,-444,-425,-478,-462,-465,-430,-468,-485,-457,-466,-502,-515,-509,-545
296,843.8400000000000318,-586,-530,-532,-522,-518,-549,-549,-468,-422,-452,-454,-479,-329,-305,-561,-521,-550,-525,-485,-440,-442,-486,-477,-481,-526,-551,-551,-535,-629,-515,-522,-520,-509,-438,-429,-399,-361,-412,-461,-403,-435,-430,-497,-503,-528,-621,-554,-537,-534,-519,-516,-552,-597,-606,-594,-606,-615,-592,-572,-568,-578,-582,-542,-517,-511,-504,-496,-574,-589,-639,-538,-594,-558,-590,-521,-518,-491,-501,-451,-441,-445,-470,-396,-391,-369,-399,-377,-440,-511,-477,-496,-431,-494,-469,-488,-464,-439,-461,-370,-443,-413,-401,-404,-445,-404,-466,-475,-473,-473,-531,-557,-518,-484,-550,-537,-517,-497,-518,-522,-480,-517,-483,-429,-507,-542,-550,-578,-584,-520,-548,-546,-525,-460,-489,-431,-474,-462,-514,-492,-474,-497,-469,-443,-469,-484,-499,-490,-466,-445,-463,-476,-481,-440,-397,-400,-495,-538,-576,-480,-476,-520,-517,-512,-483,-515,-509,-474,-458,-476,-504,-432,-428,-394,-432,-464,-507,-490,-495,-473,-477,-497,-516,-586,-602,-566,-554,-524,-554,-545,-588,-576,-526,-526,-551,-590,-599,-516,-519,-561,-557,-563,-516,-464,-416,-449,-427,-450,-516,-531,-568,-657,-620,-544,-536,-498,-458,-513,-477,-416,-414,-424,-469,-464,-447,-419,-368,-361,-361,-393,-430,-428,-397,-393,-397,-396,-419,-428,-389,-378,-410,-442,-427,-400,-422,-449,-481,-492,-468,-463,-464,-463,-444,-433,-461,-489,-450,-460,-392,-473,-473,-487,-456,-502,-499,-468,-495,-392,-472,-490,-456,-446,-459,-429,-473,-510,-490,-486,-498,-492,-511,-464,-479,-438,-476,-410,-460,-422,-447,-482,-460,-470,-498,-531,-500,-505
297,847.0399999999999636,-597,-536,-538,-527,-486,-550,-548,-474,-422,-454,-457,-473,-485,-723,-569,-520,-564,-527,-467,-464,-434,-456,-473,-501,-519,-555,-530,-643,-580,-514,-509,-513,-522,-445,-434,-401,-368,-426,-457,-412,-445,-441,-493,-510,-537,-570,-557,-540,-554,-483,-529,-538,-605,-612,-597,-611,-616,-607,-577,-581,-574,-571,-541,-522,-514,-496,-500,-558,-583,-607,-546,-587,-559,-590,-524,-512,-473,-449,-455,-459,-467,-489,-394,-393,-365,-421,-386,-426,-532,-467,-501,-426,-499,-485,-498,-458,-437,-463,-377,-445,-397,-389,-399,-447,-415,-469,-462,-461,-465,-521,-554,-534,-466,-546,-547,-518,-519,-511,-535,-475,-537,-486,-424,-504,-546,-558,-580,-588,-536,-539,-533,-521,-469,-474,-437,-470,-475,-496,-496,-484,-492,-464,-440,-457,-484,-524,-502,-520,-448,-466,-461,-486,-433,-430,-401,-532,-517,-518,-455,-486,-509,-516,-516,-483,-520,-556,-520,-479,-461,-467,-387,-429,-415,-435,-437,-509,-485,-504,-483,-470,-507,-518,-608,-563,-559,-545,-509,-567,-551,-600,-576,-541,-528,-513,-571,-584,-507,-560,-553,-554,-559,-504,-459,-437,-469,-435,-476,-496,-566,-570,-608,-579,-560,-519,-489,-486,-497,-480,-442,-430,-423,-463,-481,-477,-414,-435,-356,-363,-381,-433,-417,-393,-405,-378,-412,-438,-411,-407,-369,-397,-443,-447,-392,-432,-453,-472,-494,-475,-453,-478,-462,-461,-459,-453,-470,-435,-443,-458,-483,-451,-462,-462,-519,-508,-471,-479,-466,-493,-450,-486,-444,-455,-469,-415,-457,-446,-488,-510,-511,-533,-464,-503,-472,-471,-450,-438,-424,-451,-457,-478,-453,-538,-540,-510,-510
298,850.2400000000000091,-597,-552,-560,-474,-497,-486,-542,-495,-430,-468,-461,-486,-446,-469,-681,-519,-580,-484,-488,-459,-437,-436,-466,-482,-530,-564,-539,-447,-576,-525,-513,-503,-526,-447,-444,-400,-355,-414,-453,-410,-441,-446,-491,-516,-545,-593,-569,-547,-550,-516,-520,-560,-608,-607,-594,-593,-602,-590,-578,-583,-575,-579,-542,-523,-506,-497,-503,-578,-587,-597,-557,-582,-546,-596,-525,-520,-476,-483,-452,-453,-465,-486,-391,-399,-364,-421,-384,-433,-526,-487,-499,-431,-498,-478,-494,-467,-452,-466,-378,-437,-413,-394,-404,-435,-427,-460,-466,-478,-475,-533,-553,-534,-488,-551,-515,-494,-533,-523,-536,-474,-526,-485,-442,-522,-538,-561,-567,-580,-560,-541,-544,-523,-501,-453,-442,-495,-478,-519,-490,-475,-503,-476,-431,-466,-488,-495,-486,-519,-438,-474,-465,-469,-418,-410,-407,-536,-531,-475,-487,-485,-518,-632,-493,-514,-520,-508,-517,-470,-474,-500,-451,-441,-405,-431,-447,-500,-502,-523,-449,-500,-497,-538,-581,-563,-569,-544,-517,-562,-560,-585,-572,-567,-539,-538,-581,-571,-534,-560,-570,-540,-537,-490,-438,-435,-460,-440,-465,-470,-515,-570,-622,-536,-572,-528,-489,-486,-505,-495,-430,-420,-429,-467,-478,-432,-415,-387,-366,-374,-388,-399,-419,-403,-418,-397,-410,-455,-445,-429,-384,-417,-454,-463,-389,-422,-443,-472,-471,-474,-483,-463,-473,-480,-466,-476,-481,-476,-489,-482,-497,-494,-489,-484,-440,-471,-449,-466,-442,-471,-479,-444,-503,-450,-420,-431,-513,-488,-470,-520,-511,-506,-465,-477,-468,-467,-447,-449,-429,-461,-494,-459,-469,-486,-507,-488,-540
299,853.4400000000000546,-589,-554,-515,-565,-502,-730,-530,-474,-425,-455,-465,-489,-455,309,-474,-522,-568,-539,-496,-464,-438,-465,-462,-479,-519,-549,-550,-678,-574,-540,-530,-517,-515,-450,-440,-398,-379,-424,-468,-411,-453,-458,-502,-519,-542,-570,-565,-541,-554,-514,-526,-548,-602,-643,-612,-619,-630,-614,-588,-585,-603,-589,-545,-515,-519,-502,-498,-625,-584,-635,-568,-605,-573,-599,-537,-525,-486,-486,-454,-464,-458,-473,-399,-398,-364,-411,-385,-438,-516,-463,-501,-441,-508,-477,-513,-478,-449,-404,-382,-436,-414,-391,-411,-455,-416,-470,-465,-472,-465,-521,-557,-536,-481,-552,-520,-520,-522,-519,-551,-473,-524,-482,-419,-503,-553,-562,-577,-574,-522,-546,-538,-527,-460,-465,-438,-494,-485,-523,-497,-479,-505,-467,-446,-471,-484,-518,-480,-452,-449,-482,-465,-499,-469,-405,-407,-531,-561,-461,-477,-483,-537,-528,-537,-504,-519,-535,-469,-493,-476,-497,-460,-454,-399,-484,-454,-498,-495,-489,-459,-512,-508,-491,-560,-567,-554,-564,-525,-558,-554,-577,-579,-539,-521,-534,-582,-598,-530,-546,-550,-539,-556,-490,-474,-458,-467,-386,-454,-475,-520,-635,-622,-576,-534,-546,-502,-492,-525,-468,-438,-428,-442,-465,-485,-437,-420,-375,-365,-361,-387,-410,-439,-385,-390,-394,-401,-436,-439,-418,-372,-461,-431,-448,-386,-426,-460,-462,-483,-473,-439,-472,-479,-463,-473,-466,-470,-455,-444,-480,-494,-443,-502,-486,-523,-500,-488,-465,-432,-481,-531,-459,-396,-452,-432,-438,-507,-464,-473,-459,-510,-545,-473,-478,-458,-497,-447,-463,-401,-442,-504,-457,-469,-476,-564,-515,-560
300,856.6399999999999864,-602,-554,-562,-552,-549,-537,-544,-466,-440,-462,-468,-487,-483,-349,-565,-526,-581,-514,-487,-463,-432,-453,-477,-485,-527,-559,-549,-614,-578,-538,-529,-513,-525,-444,-457,-404,-368,-425,-470,-409,-411,-461,-505,-508,-562,-588,-556,-545,-554,-542,-534,-523,-609,-606,-590,-621,-627,-621,-580,-593,-573,-583,-543,-517,-514,-503,-509,-527,-578,-618,-568,-593,-558,-595,-528,-517,-488,-468,-445,-456,-467,-497,-399,-395,-375,-414,-376,-431,-521,-462,-507,-447,-501,-484,-511,-469,-447,-451,-393,-434,-422,-400,-415,-437,-407,-469,-469,-480,-469,-536,-558,-533,-496,-547,-551,-528,-465,-520,-534,-483,-519,-505,-444,-515,-554,-568,-583,-599,-521,-533,-557,-530,-447,-472,-463,-509,-477,-510,-500,-485,-495,-477,-449,-482,-494,-505,-504,-480,-445,-475,-476,-482,-444,-429,-385,-486,-528,-461,-515,-475,-532,-506,-499,-514,-518,-528,-501,-458,-477,-486,-434,-458,-353,-429,-462,-504,-478,-497,-488,-488,-491,-555,-581,-544,-565,-547,-511,-585,-556,-577,-565,-547,-543,-534,-568,-597,-531,-533,-590,-582,-567,-490,-473,-445,-452,-391,-485,-513,-537,-649,-617,-558,-570,-531,-528,-556,-521,-481,-427,-429,-430,-464,-481,-407,-412,-383,-358,-377,-397,-434,-465,-406,-418,-406,-405,-438,-450,-411,-385,-428,-456,-419,-418,-451,-446,-470,-496,-477,-456,-459,-443,-440,-476,-453,-486,-437,-491,-498,-506,-484,-471,-466,-528,-514,-463,-482,-464,-489,-483,-491,-375,-445,-460,-449,-484,-498,-495,-516,-510,-543,-441,-507,-470,-472,-437,-461,-404,-458,-468,-486,-502,-527,-536,-504,-463
301,859.8400000000000318,-607,-552,-540,-533,-490,-559,-545,-483,-423,-465,-461,-499,-492,-605,-528,-539,-573,-541,-489,-463,-446,-464,-486,-546,-517,-555,-561,-574,-558,-540,-524,-522,-517,-469,-450,-408,-357,-432,-469,-418,-460,-448,-495,-528,-551,-597,-560,-541,-557,-530,-543,-555,-607,-617,-623,-615,-635,-647,-589,-583,-579,-588,-540,-535,-523,-501,-505,-589,-576,-596,-569,-597,-560,-594,-531,-516,-491,-462,-466,-463,-473,-481,-400,-393,-366,-422,-386,-443,-521,-476,-504,-447,-504,-479,-503,-469,-449,-486,-386,-441,-406,-400,-417,-448,-424,-464,-465,-478,-471,-526,-555,-535,-492,-552,-534,-527,-524,-523,-532,-485,-525,-485,-445,-515,-540,-559,-576,-587,-557,-540,-546,-546,-476,-444,-441,-510,-491,-531,-502,-482,-498,-486,-452,-474,-493,-514,-490,-473,-411,-481,-485,-482,-442,-400,-420,-505,-508,-470,-473,-473,-529,-546,-526,-556,-529,-523,-508,-499,-484,-490,-464,-439,-392,-432,-455,-514,-498,-499,-516,-576,-518,-497,-592,-591,-578,-546,-527,-564,-558,-639,-578,-546,-557,-539,-579,-590,-521,-533,-562,-563,-574,-521,-494,-449,-465,-429,-482,-516,-552,-564,-638,-595,-556,-544,-511,-529,-533,-483,-422,-434,-436,-482,-489,-462,-407,-412,-354,-372,-393,-440,-414,-389,-400,-403,-422,-401,-437,-423,-387,-410,-450,-426,-373,-439,-454,-470,-491,-479,-457,-456,-500,-450,-467,-478,-491,-464,-470,-495,-499,-473,-512,-470,-521,-474,-492,-520,-456,-505,-509,-520,-446,-431,-494,-465,-493,-489,-492,-470,-522,-556,-466,-477,-484,-476,-462,-471,-410,-444,-440,-455,-466,-532,-538,-504,-558
302,863.0399999999999636,-603,-558,-547,-546,-505,-784,-553,-487,-431,-459,-468,-489,-544,-522,-564,-529,-582,-542,-498,-444,-452,-471,-480,-466,-535,-554,-563,-559,-589,-537,-523,-522,-521,-440,-442,-413,-372,-431,-470,-417,-469,-445,-497,-510,-537,-583,-568,-539,-559,-507,-541,-553,-602,-632,-626,-609,-620,-597,-583,-588,-591,-590,-545,-532,-523,-503,-521,-578,-588,-618,-565,-581,-559,-596,-534,-501,-486,-479,-461,-453,-470,-468,-399,-392,-359,-422,-390,-447,-535,-495,-510,-444,-514,-474,-508,-468,-453,-488,-379,-438,-421,-402,-428,-438,-435,-471,-481,-472,-468,-531,-568,-541,-494,-553,-532,-531,-531,-525,-536,-476,-559,-504,-454,-520,-548,-563,-569,-589,-552,-562,-541,-533,-484,-490,-447,-508,-485,-520,-503,-482,-506,-474,-455,-478,-495,-516,-470,-495,-452,-485,-478,-487,-446,-415,-427,-494,-539,-474,-473,-487,-519,-448,-505,-530,-525,-540,-502,-514,-472,-504,-408,-457,-400,-441,-453,-505,-527,-523,-503,-429,-532,-577,-585,-554,-593,-543,-569,-570,-566,-649,-575,-571,-539,-543,-586,-608,-544,-570,-587,-571,-569,-531,-456,-419,-484,-433,-489,-487,-548,-581,-589,-634,-567,-529,-520,-531,-495,-497,-429,-434,-441,-477,-500,-449,-410,-384,-383,-380,-401,-426,-441,-393,-408,-395,-412,-469,-444,-418,-389,-434,-453,-435,-411,-431,-455,-488,-505,-479,-461,-460,-488,-426,-466,-464,-481,-477,-462,-453,-479,-474,-505,-491,-479,-488,-437,-510,-439,-472,-492,-465,-428,-462,-454,-420,-507,-483,-491,-488,-515,-532,-481,-530,-475,-498,-446,-513,-412,-468,-482,-454,-481,-545,-543,-511,-521
303,866.2400000000000091,-607,-559,-549,-532,-490,-584,-540,-482,-444,-464,-466,-499,-816,-521,-594,-537,-569,-535,-501,-470,-442,-469,-502,-487,-527,-556,-537,-560,-580,-521,-518,-531,-524,-428,-448,-417,-363,-432,-464,-427,-467,-434,-492,-516,-560,-614,-570,-539,-550,-567,-530,-566,-607,-604,-594,-621,-643,-630,-586,-585,-577,-590,-546,-522,-531,-534,-519,-578,-589,-612,-585,-602,-568,-613,-537,-532,-485,-468,-466,-461,-461,-494,-411,-392,-373,-435,-389,-445,-522,-477,-513,-439,-528,-472,-509,-474,-459,-487,-392,-436,-423,-400,-419,-456,-433,-475,-472,-474,-477,-541,-570,-531,-509,-545,-520,-518,-511,-524,-571,-488,-552,-496,-449,-519,-552,-559,-580,-599,-555,-556,-545,-532,-482,-479,-422,-501,-484,-518,-503,-486,-505,-491,-464,-474,-499,-511,-503,-509,-479,-491,-482,-495,-453,-417,-409,-514,-533,-474,-485,-481,-486,-576,-515,-469,-529,-511,-513,-471,-473,-501,-481,-437,-423,-421,-459,-496,-512,-519,-465,-507,-506,-538,-583,-571,-571,-556,-592,-581,-561,-606,-598,-546,-543,-518,-574,-607,-529,-534,-559,-576,-574,-510,-476,-469,-470,-419,-476,-459,-614,-556,-635,-617,-552,-548,-503,-478,-511,-496,-432,-414,-444,-480,-492,-451,-427,-409,-367,-365,-406,-424,-414,-423,-397,-410,-420,-437,-412,-432,-382,-423,-456,-439,-409,-435,-458,-492,-496,-493,-474,-475,-449,-466,-491,-477,-497,-474,-493,-494,-487,-498,-508,-473,-480,-507,-488,-494,-412,-454,-478,-435,-428,-451,-434,-452,-497,-473,-464,-519,-516,-562,-453,-521,-467,-476,-472,-517,-423,-446,-487,-482,-494,-507,-549,-522,-613
304,869.4400000000000546,-626,-562,-454,-509,-488,-555,-564,-475,-435,-453,-465,-501,-513,-534,-610,-540,-573,-520,-492,-453,-440,-462,-483,-521,-518,-548,-548,-489,-598,-526,-526,-531,-523,-455,-447,-411,-376,-432,-469,-441,-456,-446,-487,-515,-550,-600,-562,-538,-563,-533,-546,-551,-609,-612,-618,-608,-633,-615,-593,-588,-584,-582,-552,-558,-520,-506,-516,-601,-601,-606,-566,-592,-569,-576,-526,-519,-463,-465,-466,-460,-470,-494,-396,-392,-370,-420,-385,-445,-522,-492,-505,-451,-523,-496,-505,-473,-453,-482,-385,-434,-424,-396,-410,-452,-424,-459,-483,-487,-476,-529,-554,-533,-504,-555,-560,-532,-522,-531,-538,-491,-537,-500,-446,-510,-563,-563,-579,-590,-499,-532,-541,-537,-471,-473,-464,-515,-492,-512,-507,-490,-507,-478,-464,-484,-487,-516,-488,-503,-436,-478,-500,-480,-425,-415,-419,-494,-543,-473,-516,-495,-514,-550,-539,-502,-531,-573,-516,-478,-472,-485,-446,-446,-391,-444,-444,-502,-502,-508,-465,-492,-503,-551,-595,-613,-581,-538,-508,-557,-569,-598,-593,-548,-514,-534,-580,-606,-538,-534,-564,-571,-564,-530,-479,-451,-478,-442,-478,-499,-488,-563,-654,-606,-556,-543,-517,-505,-549,-490,-442,-437,-449,-472,-489,-468,-428,-386,-371,-375,-406,-399,-450,-418,-416,-382,-424,-447,-466,-419,-377,-392,-451,-448,-407,-432,-485,-477,-523,-485,-455,-472,-456,-457,-496,-486,-503,-467,-463,-472,-488,-487,-516,-493,-506,-505,-515,-489,-389,-470,-506,-468,-466,-466,-454,-490,-460,-469,-504,-466,-529,-537,-455,-501,-483,-450,-470,-456,-441,-472,-480,-450,-518,-532,-555,-536,-558
305,872.6399999999999864,-609,-563,-520,-561,-503,-575,-550,-484,-430,-465,-464,-496,-496,-530,-610,-534,-575,-552,-483,-469,-440,-473,-480,-487,-521,-567,-563,-644,-570,-528,-527,-523,-526,-460,-446,-413,-365,-427,-472,-420,-458,-438,-494,-526,-562,-588,-562,-555,-552,-519,-532,-543,-613,-619,-605,-624,-645,-606,-580,-583,-578,-590,-547,-501,-531,-498,-513,-578,-592,-585,-563,-571,-566,-571,-527,-524,-485,-479,-466,-459,-456,-473,-411,-401,-362,-421,-388,-441,-533,-465,-509,-446,-512,-468,-511,-484,-457,-479,-376,-439,-413,-399,-432,-436,-429,-467,-470,-477,-474,-536,-571,-517,-493,-558,-534,-531,-516,-527,-541,-490,-539,-490,-442,-509,-556,-568,-581,-598,-562,-549,-546,-542,-512,-463,-469,-508,-482,-521,-502,-485,-500,-464,-455,-477,-485,-516,-498,-490,-445,-484,-472,-485,-459,-412,-422,-496,-546,-465,-490,-492,-528,-551,-522,-516,-530,-522,-508,-495,-487,-496,-494,-463,-407,-427,-468,-529,-512,-510,-507,-498,-531,-538,-601,-560,-572,-557,-540,-562,-563,-599,-567,-544,-540,-530,-597,-598,-531,-547,-559,-562,-577,-510,-467,-440,-465,-457,-490,-520,-500,-564,-623,-557,-565,-541,-501,-546,-483,-490,-457,-443,-439,-465,-496,-455,-428,-401,-376,-386,-412,-414,-426,-420,-411,-423,-419,-469,-417,-441,-391,-415,-459,-451,-381,-421,-463,-477,-519,-477,-478,-481,-493,-461,-472,-478,-486,-437,-484,-469,-512,-470,-493,-476,-480,-498,-500,-478,-389,-495,-444,-468,-412,-420,-434,-448,-445,-475,-498,-526,-529,-558,-487,-504,-432,-515,-451,-455,-421,-465,-478,-476,-511,-538,-561,-480,-560
306,875.8400000000000318,-640,-561,-551,-531,-475,-630,-552,-490,-430,-471,-465,-499,-634,-429,-636,-532,-582,-549,-490,-461,-443,-466,-482,-483,-513,-564,-544,-571,-577,-527,-526,-522,-524,-459,-451,-419,-368,-423,-465,-419,-470,-447,-486,-507,-545,-597,-553,-529,-553,-534,-532,-545,-602,-622,-616,-606,-635,-614,-588,-589,-592,-587,-558,-529,-533,-498,-509,-549,-588,-602,-554,-595,-559,-604,-533,-541,-488,-480,-468,-464,-469,-480,-409,-398,-367,-422,-393,-445,-532,-471,-513,-452,-515,-488,-506,-480,-446,-481,-385,-434,-432,-402,-412,-458,-416,-471,-496,-476,-480,-515,-566,-534,-486,-548,-529,-519,-506,-529,-523,-488,-530,-493,-421,-516,-538,-558,-585,-592,-542,-543,-558,-524,-483,-471,-485,-512,-485,-516,-505,-486,-502,-477,-453,-484,-491,-514,-507,-487,-450,-485,-493,-488,-453,-449,-427,-506,-547,-468,-505,-479,-525,-463,-533,-501,-530,-564,-502,-482,-471,-520,-455,-450,-410,-451,-432,-495,-495,-506,-486,-512,-508,-549,-589,-624,-572,-542,-506,-574,-557,-598,-586,-559,-554,-537,-573,-597,-530,-527,-570,-558,-565,-486,-479,-454,-483,-421,-472,-511,-591,-629,-618,-622,-573,-544,-494,-455,-488,-479,-442,-443,-446,-487,-498,-430,-419,-420,-380,-381,-402,-398,-431,-389,-433,-412,-430,-442,-426,-430,-392,-428,-457,-449,-403,-431,-468,-470,-497,-493,-493,-485,-495,-456,-469,-467,-481,-466,-486,-490,-487,-465,-511,-514,-520,-503,-480,-487,-446,-462,-456,-480,-382,-438,-441,-444,-489,-533,-499,-478,-516,-498,-460,-496,-501,-471,-452,-463,-426,-461,-483,-481,-457,-557,-537,-539,-525
307,879.0399999999999636,-581,-575,-400,-540,-466,-896,-550,-499,-445,-463,-479,-497,-433,170,-560,-536,-569,-512,-509,-466,-455,-471,-473,-488,-526,-563,-543,-546,-590,-539,-525,-523,-552,-454,-471,-404,-366,-424,-469,-396,-457,-457,-490,-520,-541,-589,-566,-542,-563,-518,-533,-548,-603,-618,-623,-605,-625,-618,-583,-590,-581,-593,-544,-556,-535,-491,-509,-682,-584,-607,-565,-598,-567,-581,-533,-518,-500,-480,-463,-465,-467,-489,-406,-401,-380,-432,-398,-443,-519,-486,-506,-447,-517,-473,-520,-472,-445,-490,-375,-456,-430,-412,-426,-449,-435,-480,-479,-486,-471,-550,-555,-539,-503,-555,-524,-540,-545,-526,-571,-495,-533,-491,-448,-522,-544,-573,-597,-596,-547,-570,-538,-529,-479,-479,-474,-506,-485,-512,-506,-495,-506,-474,-451,-484,-491,-507,-477,-473,-472,-482,-500,-489,-462,-407,-423,-450,-525,-394,-495,-496,-530,-533,-519,-541,-528,-559,-511,-495,-497,-450,-484,-443,-396,-440,-442,-519,-499,-511,-471,-489,-530,-541,-596,-601,-570,-534,-507,-585,-559,-593,-578,-569,-587,-533,-543,-583,-527,-550,-563,-566,-553,-527,-477,-434,-486,-412,-477,-460,-537,-581,-658,-605,-572,-548,-515,-504,-439,-500,-436,-432,-445,-482,-508,-447,-423,-394,-390,-394,-398,-428,-449,-412,-414,-402,-426,-474,-440,-402,-406,-425,-442,-465,-430,-439,-462,-478,-480,-486,-460,-483,-438,-439,-475,-471,-493,-468,-459,-515,-486,-473,-485,-486,-502,-515,-496,-509,-497,-445,-437,-505,-446,-439,-462,-453,-500,-490,-502,-533,-531,-483,-479,-464,-481,-490,-432,-453,-430,-460,-460,-468,-482,-526,-554,-520,-554
308,882.2400000000000091,-606,-560,-584,-564,-490,-467,-564,-477,-428,-461,-465,-503,-337,-634,-569,-535,-583,-518,-489,-448,-453,-464,-482,-466,-516,-559,-544,-598,-583,-513,-524,-523,-535,-453,-450,-424,-375,-434,-462,-409,-460,-453,-489,-506,-554,-580,-557,-546,-551,-538,-535,-552,-616,-603,-582,-614,-622,-541,-578,-579,-582,-588,-545,-525,-519,-494,-508,-567,-589,-609,-559,-578,-559,-593,-529,-533,-492,-472,-458,-457,-472,-497,-410,-395,-363,-415,-393,-436,-530,-471,-509,-440,-509,-463,-507,-479,-449,-511,-393,-453,-407,-400,-421,-446,-423,-463,-475,-474,-469,-529,-576,-552,-495,-547,-534,-521,-539,-527,-556,-477,-541,-480,-442,-513,-540,-561,-576,-599,-533,-546,-544,-528,-478,-474,-456,-517,-484,-516,-507,-474,-498,-489,-452,-485,-490,-514,-523,-485,-497,-484,-463,-491,-460,-410,-411,-472,-516,-388,-503,-460,-533,-558,-514,-498,-529,-535,-516,-508,-490,-506,-440,-454,-412,-453,-437,-540,-510,-513,-481,-504,-506,-562,-597,-564,-578,-541,-502,-575,-561,-578,-579,-600,-534,-551,-605,-637,-534,-544,-571,-570,-526,-528,-475,-462,-451,-415,-466,-498,-534,-563,-590,-611,-567,-541,-497,-474,-512,-496,-447,-437,-415,-476,-491,-444,-426,-407,-361,-370,-412,-432,-438,-418,-386,-437,-418,-437,-436,-457,-395,-428,-462,-473,-398,-436,-481,-481,-498,-488,-460,-470,-472,-442,-496,-484,-496,-468,-465,-524,-494,-478,-509,-494,-442,-496,-468,-506,-440,-474,-505,-530,-418,-466,-433,-469,-488,-458,-504,-548,-515,-553,-494,-493,-472,-450,-476,-476,-398,-447,-477,-455,-456,-544,-546,-516,-608
309,885.4400000000000546,-648,-560,-506,-536,-492,-572,-547,-483,-423,-462,-457,-500,-676,-626,-560,-536,-574,-552,-501,-481,-443,-466,-479,-481,-525,-547,-551,-558,-576,-524,-525,-516,-529,-459,-441,-421,-365,-430,-464,-418,-410,-437,-503,-512,-528,-582,-557,-549,-550,-533,-542,-574,-589,-607,-593,-611,-625,-597,-581,-583,-570,-575,-544,-531,-514,-506,-513,-569,-593,-611,-554,-595,-560,-592,-503,-525,-487,-481,-453,-468,-473,-472,-407,-387,-373,-438,-383,-431,-532,-482,-513,-452,-511,-483,-505,-474,-459,-492,-366,-444,-416,-390,-406,-450,-433,-465,-473,-482,-474,-549,-546,-533,-488,-538,-535,-524,-508,-524,-504,-482,-538,-491,-449,-510,-541,-559,-567,-592,-553,-539,-540,-534,-454,-468,-468,-500,-491,-536,-495,-483,-503,-489,-459,-480,-495,-511,-467,-495,-447,-476,-485,-504,-450,-413,-396,-483,-510,-542,-487,-488,-510,-509,-533,-516,-529,-508,-510,-473,-470,-477,-475,-449,-403,-448,-467,-510,-512,-510,-487,-505,-523,-528,-585,-595,-576,-548,-585,-558,-571,-622,-567,-539,-551,-521,-586,-626,-524,-541,-569,-552,-540,-512,-493,-443,-484,-436,-486,-483,-528,-572,-608,-571,-573,-553,-497,-479,-504,-501,-431,-430,-442,-458,-487,-463,-416,-402,-365,-359,-399,-410,-425,-410,-407,-407,-409,-444,-437,-435,-391,-409,-436,-462,-382,-432,-458,-465,-497,-490,-472,-462,-509,-454,-483,-473,-482,-442,-481,-483,-476,-482,-474,-488,-479,-494,-468,-466,-471,-483,-434,-479,-350,-465,-444,-458,-501,-494,-485,-555,-539,-524,-441,-493,-447,-524,-442,-473,-429,-463,-511,-475,-465,-516,-547,-521,-491
310,888.6399999999999864,-590,-572,-613,-520,-465,-574,-554,-491,-424,-465,-470,-495,-502,-481,-561,-543,-587,-527,-486,-492,-449,-461,-482,-500,-535,-575,-542,-533,-574,-527,-527,-515,-521,-459,-460,-415,-358,-422,-465,-415,-448,-446,-503,-518,-570,-613,-560,-537,-550,-496,-518,-548,-622,-619,-610,-597,-628,-589,-576,-588,-581,-585,-544,-531,-528,-502,-504,-567,-575,-596,-555,-592,-561,-588,-529,-521,-481,-481,-478,-465,-487,-485,-407,-396,-364,-412,-399,-443,-530,-469,-504,-435,-504,-473,-541,-472,-445,-481,-403,-450,-420,-402,-442,-466,-425,-479,-466,-468,-468,-538,-557,-530,-486,-541,-549,-530,-543,-520,-544,-480,-538,-488,-453,-515,-561,-559,-578,-603,-548,-545,-570,-532,-453,-463,-467,-500,-481,-524,-496,-476,-505,-482,-446,-493,-482,-524,-491,-482,-460,-488,-483,-487,-447,-410,-409,-500,-551,-405,-497,-487,-539,-537,-497,-468,-536,-545,-512,-502,-488,-513,-459,-447,-396,-448,-438,-516,-491,-521,-474,-529,-522,-554,-590,-537,-564,-550,-491,-575,-554,-585,-588,-592,-546,-563,-578,-608,-532,-551,-574,-583,-538,-516,-500,-432,-464,-443,-476,-476,-534,-589,-635,-570,-587,-548,-506,-504,-514,-500,-439,-443,-427,-488,-495,-438,-434,-397,-379,-378,-410,-451,-436,-428,-437,-426,-421,-432,-448,-436,-399,-435,-458,-451,-430,-447,-440,-478,-499,-492,-443,-474,-469,-452,-508,-484,-482,-463,-481,-517,-538,-498,-521,-482,-484,-504,-523,-503,-429,-513,-478,-477,-470,-448,-456,-445,-492,-508,-504,-554,-524,-481,-478,-525,-453,-495,-461,-449,-418,-451,-487,-496,-491,-559,-543,-529,-565
311,891.8400000000000318,-577,-547,-587,-547,-479,-533,-596,-485,-430,-462,-461,-505,-703,-521,-444,-531,-567,-498,-470,-470,-453,-451,-486,-533,-532,-555,-537,-480,-589,-517,-519,-519,-518,-469,-451,-407,-368,-419,-465,-410,-456,-439,-495,-505,-522,-590,-559,-535,-554,-548,-536,-554,-599,-620,-603,-620,-604,-588,-589,-579,-575,-579,-549,-526,-526,-524,-508,-577,-593,-583,-559,-578,-568,-592,-536,-531,-491,-472,-440,-452,-456,-476,-397,-399,-365,-425,-381,-425,-516,-472,-513,-455,-516,-484,-506,-489,-451,-485,-380,-446,-416,-399,-414,-448,-455,-474,-506,-464,-465,-541,-562,-531,-489,-544,-550,-513,-505,-529,-528,-489,-548,-491,-436,-498,-555,-551,-575,-583,-539,-552,-537,-532,-484,-463,-475,-523,-491,-512,-510,-483,-502,-481,-460,-473,-491,-516,-494,-465,-433,-484,-481,-482,-434,-410,-414,-491,-540,-499,-515,-485,-522,-586,-528,-482,-527,-525,-510,-490,-486,-495,-517,-470,-409,-433,-463,-518,-516,-507,-486,-497,-502,-547,-588,-576,-576,-565,-548,-571,-551,-601,-570,-533,-518,-566,-569,-576,-527,-576,-612,-559,-558,-484,-460,-430,-454,-418,-489,-497,-529,-568,-659,-571,-545,-547,-475,-502,-510,-490,-432,-431,-438,-459,-478,-436,-415,-417,-363,-385,-406,-417,-436,-410,-441,-389,-417,-456,-425,-443,-390,-429,-442,-451,-417,-440,-460,-463,-477,-483,-485,-469,-439,-426,-479,-475,-479,-464,-452,-509,-483,-474,-469,-477,-452,-507,-471,-502,-410,-505,-457,-484,-434,-450,-485,-438,-467,-445,-484,-532,-537,-542,-471,-506,-471,-489,-454,-445,-430,-473,-505,-467,-531,-552,-544,-528,-528
312,895.0399999999999636,-561,-561,-556,-507,-493,-465,-547,-494,-425,-461,-476,-499,-419,32,-656,-537,-570,-519,-503,-463,-451,-471,-471,-490,-522,-556,-543,-686,-582,-530,-540,-525,-523,-467,-433,-418,-361,-423,-453,-420,-422,-436,-487,-502,-545,-589,-556,-538,-553,-543,-541,-525,-611,-614,-609,-599,-611,-596,-586,-587,-577,-582,-555,-531,-528,-498,-508,-572,-586,-599,-567,-592,-566,-578,-523,-528,-477,-485,-472,-469,-468,-490,-401,-375,-378,-437,-394,-428,-515,-475,-508,-449,-499,-475,-515,-462,-451,-470,-387,-442,-428,-393,-413,-453,-415,-466,-448,-477,-478,-537,-564,-524,-495,-549,-547,-533,-520,-521,-540,-502,-535,-499,-436,-517,-529,-563,-571,-616,-538,-552,-548,-514,-482,-483,-470,-514,-479,-515,-481,-479,-504,-495,-452,-481,-492,-516,-528,-504,-451,-485,-487,-480,-461,-400,-405,-487,-531,-476,-505,-494,-494,-551,-542,-516,-525,-550,-510,-463,-483,-499,-503,-445,-407,-444,-460,-521,-520,-520,-486,-542,-522,-566,-597,-688,-581,-535,-533,-570,-549,-588,-580,-545,-495,-536,-571,-616,-531,-536,-546,-564,-548,-486,-481,-470,-483,-436,-473,-520,-556,-575,-661,-615,-570,-549,-505,-525,-517,-489,-447,-441,-432,-485,-496,-447,-426,-382,-376,-375,-401,-403,-439,-437,-432,-389,-410,-451,-450,-472,-370,-415,-452,-451,-373,-452,-444,-488,-510,-490,-460,-454,-479,-462,-477,-470,-518,-482,-461,-509,-537,-491,-491,-482,-529,-488,-462,-474,-421,-487,-500,-467,-517,-443,-458,-448,-480,-430,-511,-541,-512,-553,-457,-512,-428,-511,-430,-462,-410,-452,-492,-479,-483,-494,-550,-501,-622
313,898.2400000000000091,-606,-574,-570,-551,-475,-501,-532,-476,-437,-466,-475,-508,-451,-321,-593,-555,-604,-539,-511,-457,-451,-467,-487,-503,-523,-562,-565,-460,-594,-529,-540,-520,-524,-491,-462,-424,-376,-421,-467,-415,-464,-450,-495,-530,-548,-584,-544,-537,-543,-561,-523,-545,-639,-636,-612,-601,-598,-590,-587,-595,-581,-593,-543,-532,-519,-512,-521,-566,-581,-607,-559,-603,-567,-597,-527,-512,-486,-483,-471,-459,-494,-493,-411,-417,-367,-432,-407,-446,-531,-472,-511,-449,-507,-500,-523,-470,-450,-479,-391,-444,-405,-399,-418,-464,-433,-477,-479,-480,-475,-528,-553,-543,-494,-556,-560,-535,-529,-535,-573,-495,-535,-489,-432,-516,-547,-561,-581,-577,-548,-548,-570,-524,-465,-465,-450,-508,-482,-529,-497,-478,-514,-489,-455,-487,-497,-531,-489,-486,-451,-481,-473,-485,-467,-406,-382,-501,-534,-486,-487,-481,-552,-563,-519,-520,-529,-531,-532,-496,-488,-520,-466,-463,-429,-444,-447,-509,-492,-509,-511,-504,-513,-577,-604,-676,-562,-539,-523,-545,-566,-578,-582,-562,-542,-562,-604,-616,-552,-544,-555,-568,-567,-532,-483,-449,-472,-419,-476,-514,-554,-599,-663,-602,-573,-535,-522,-552,-527,-498,-439,-441,-448,-491,-494,-415,-434,-419,-388,-379,-403,-386,-457,-428,-418,-417,-424,-468,-458,-440,-384,-426,-472,-448,-398,-467,-474,-492,-504,-497,-474,-483,-448,-462,-499,-498,-516,-460,-465,-497,-498,-487,-538,-486,-473,-513,-487,-488,-465,-468,-472,-492,-431,-467,-478,-471,-493,-520,-518,-529,-527,-535,-468,-498,-465,-497,-486,-457,-408,-471,-505,-450,-469,-494,-546,-533,-546
