"","TRACE",1,2,3,4,5,6,7,8,9,10,11,12,13,14,15,16,17,18,19,20,21,22,23,24,25,26,27,28,29,30,31,32,33,34,35,36,37,38,39,40,41,42,43,44,45,46,47,48,49,50,51,52,53,54,55,56,57,58,59,60,61,62,63,64,65,66,67,68,69,70,71,72,73,74,75,76,77,78,79,80,81,82,83,84,85,86,87,88,89,90,91,92,93,94,95,96,97,98,99,100,101,102,103,104,105,106,107,108,109,110,111,112,113,114,115,116,117,118,119,120,121,122,123,124,125,126,127,128,129,130,131,132,133,134,135,136,137,138,139,140,141,142,143,144,145,146,147,148,149,150,151,152,153,154,155,156,157,158,159,160,161,162,163,164,165,166,167,168,169,170,171,172,173,174,175,176,177,178,179,180,181,182,183,184,185,186,187,188,189,190,191,192,193,194,195,196,197,198,199,200
"","Position (m)",0,1,2,3,4,5,6,7,8,9,10,11,12,13,14,15,16,17,18,19,20,21,22,23,24,25,26,27,28,29,30,31,32,33,34,35,36,37,38,39,40,41,42,43,44,45,46,47,48,49,50,51,52,53,54,55,56,57,58,59,60,61,62,63,64,65,66,67,68,69,70,71,72,73,74,75,76,77,78,79,80,81,82,83,84,85,86,87,88,89,90,91,92,93,94,95,96,97,98,99,100,101,102,103,104,105,106,107,108,109,110,111,112,113,114,115,116,117,118,119,120,121,122,123,124,125,126,127,128,129,130,131,132,133,134,135,136,137,138,139,140,141,142,143,144,145,146,147,148,149,150,151,152,153,154,155,156,157,158,159,160,161,162,163,164,165,166,167,168,169,170,171,172,173,174,175,176,177,178,179,180,181,182,183,184,185,186,187,188,189,190,191,192,193,194,195,196,197,198,199
"Point","Time (ns)"
1,-100,17,21,52,36,33,27,35,36,39,29,22,16,17,25,20,27,32,35,27,24,26,28,26,27,41,45,42,21,26,27,25,37,35,34,32,32,33,35,26,28,24,35,30,34,35,32,27,29,29,33,28,33,31,30,33,32,28,31,26,33,26,32,35,27,25,31,22,27,29,29,30,32,28,28,31,22,30,31,21,35,29,31,33,32,29,25,28,30,27,34,25,36,28,34,20,28,28,29,34,29,38,40,37,32,26,42,43,31,27,33,33,34,32,27,25,36,26,27,34,25,27,31,26,32,41,36,27,28,34,29,28,28,30,31,28,28,44,25,33,27,39,30,28,21,24,42,30,29,36,18,20,17,14,3,28,24,46,40,44,29,27,20,20,22,30,27,34,33,28,24,33,30,33,34,29,20,25,31,30,36,28,35,25,24,35,32,28,31,19,33,27,27,28,16,21,26,27,38,28,25
2,-98,35,38,65,50,48,43,51,52,53,45,38,32,33,41,36,43,47,49,43,40,42,43,42,43,54,58,56,37,42,43,42,52,50,50,48,48,48,50,42,44,41,50,46,49,51,48,42,44,44,47,44,48,46,46,48,47,44,46,42,47,43,46,50,43,42,47,39,43,45,45,45,47,43,44,46,37,46,46,38,50,45,47,49,47,45,41,44,46,43,49,42,51,44,49,37,44,44,45,50,45,52,54,51,47,42,55,57,46,43,49,48,49,48,42,41,51,43,42,48,40,43,45,41,47,54,50,43,43,49,45,43,43,46,47,41,42,57,41,47,42,55,46,45,38,42,56,46,45,52,35,36,33,29,17,44,40,60,55,59,46,42,37,37,39,45,43,49,48,43,40,48,45,48,48,44,38,42,46,45,50,45,50,41,39,50,47,43,46,36,48,43,42,43,33,36,42,42,53,44,41
3,-96,52,55,73,63,61,59,65,66,66,60,55,49,50,56,52,59,61,61,57,56,58,58,56,57,64,68,68,53,57,58,58,65,64,63,62,62,63,64,58,60,57,64,61,64,64,62,57,59,58,61,59,62,61,60,62,61,59,61,58,61,58,60,64,59,58,62,56,59,60,60,60,61,59,59,61,53,60,60,54,63,59,61,63,62,60,57,59,61,59,63,58,65,59,61,53,59,60,60,64,61,65,67,64,61,57,67,69,61,58,63,62,63,62,57,57,65,58,56,60,55,57,59,56,62,66,64,57,57,62,61,58,58,62,62,54,56,68,57,61,57,69,61,61,55,59,69,61,60,67,52,52,49,44,32,59,56,72,69,72,62,57,53,53,56,58,58,62,62,58,55,62,60,63,61,59,54,58,60,60,64,60,63,56,54,63,61,57,60,53,61,58,56,57,49,51,56,57,66,59,57
4,-94,67,69,76,74,72,72,75,76,75,73,69,65,65,69,67,72,72,70,69,70,70,71,68,69,70,73,76,67,71,71,72,74,74,73,74,72,74,75,72,73,71,75,74,76,75,73,70,71,70,73,72,73,73,72,74,73,72,73,71,73,71,72,74,72,71,74,70,73,73,73,72,73,71,72,73,68,72,71,68,73,72,73,74,73,73,71,73,74,72,73,71,76,71,70,68,73,73,73,76,74,73,76,74,73,69,75,78,73,71,75,73,74,74,70,69,76,71,67,70,68,69,70,69,73,74,75,69,68,72,74,72,71,73,75,65,67,76,70,72,70,80,75,74,70,74,79,74,73,80,68,67,64,59,49,73,71,80,78,81,75,71,68,69,71,69,71,72,72,70,69,74,72,75,73,70,68,71,72,71,75,73,74,69,68,73,72,69,71,67,72,71,69,69,65,66,69,69,75,72,69
5,-92,78,80,71,80,79,80,79,81,79,81,80,78,77,78,78,81,78,73,77,78,78,79,75,77,69,71,77,78,80,79,82,78,79,77,80,77,80,81,82,83,80,81,82,83,81,79,77,78,77,80,80,79,80,79,79,80,80,81,79,80,79,78,79,80,80,82,80,83,81,81,80,80,79,81,80,79,80,78,77,78,79,81,79,79,82,80,81,83,81,79,79,83,79,74,79,81,81,81,83,82,77,81,79,81,77,78,81,79,79,82,80,81,80,79,77,83,80,74,76,77,75,76,76,80,78,82,75,75,76,83,81,80,80,82,73,73,80,78,77,80,85,84,83,82,84,82,82,81,87,80,78,75,72,64,83,81,82,82,83,82,81,79,80,82,76,80,77,77,78,78,80,80,82,80,77,77,80,79,78,82,81,80,76,78,79,78,76,77,78,78,79,78,77,77,78,77,78,80,81,77
6,-90,82,84,56,79,78,80,75,77,75,82,85,86,84,81,83,83,77,69,78,81,79,81,75,77,60,60,71,84,82,80,85,74,76,73,78,74,78,79,85,86,83,80,83,83,79,77,79,79,78,80,82,77,80,80,78,79,82,82,81,81,81,78,76,81,82,83,82,86,83,82,82,80,80,83,81,85,81,79,80,76,80,82,77,79,83,82,83,85,84,79,80,83,81,70,84,83,82,84,84,84,72,79,77,82,79,74,75,79,80,83,80,81,80,83,78,83,81,75,75,80,75,76,77,81,74,82,74,74,73,85,84,83,79,82,76,73,76,79,77,84,82,87,85,88,87,78,83,83,87,87,84,81,80,76,86,86,77,78,77,82,85,85,86,86,76,82,75,75,79,82,79,81,83,81,77,79,81,80,79,83,82,78,76,82,77,78,76,77,81,78,82,81,80,84,84,79,80,76,83,78
7,-88,78,79,32,70,69,72,61,65,62,74,83,86,84,76,81,76,67,57,70,74,72,74,67,69,43,40,56,81,77,73,79,62,65,60,68,62,68,69,80,81,76,69,76,74,68,66,72,71,71,72,74,67,72,72,68,70,75,74,73,73,73,70,65,74,75,75,76,80,77,75,75,72,73,76,73,83,74,70,73,66,72,75,66,69,77,76,76,79,78,69,72,74,74,57,81,77,75,77,75,77,59,67,66,75,72,62,61,69,73,74,72,72,71,79,70,75,73,67,66,75,65,67,70,73,62,74,65,65,60,79,79,78,68,74,71,65,64,72,67,81,69,82,78,87,81,64,76,75,78,86,83,79,81,83,81,82,62,64,62,73,80,82,83,82,68,76,64,64,72,76,69,73,75,74,69,72,73,73,71,75,74,68,68,78,67,68,68,69,76,69,77,76,74,83,84,72,74,64,77,70
8,-86,64,65,-2,51,50,54,37,41,38,55,70,77,74,62,69,59,48,35,53,58,54,57,50,51,15,10,31,68,61,56,64,39,44,37,47,39,47,47,65,65,60,48,59,55,47,45,55,54,54,54,57,46,54,53,47,51,57,56,55,55,56,52,43,56,58,56,60,64,60,57,58,54,55,59,55,72,57,52,57,46,54,57,44,50,60,60,59,62,62,49,54,56,57,34,69,60,57,61,57,59,36,46,46,59,56,39,36,50,56,55,54,53,51,65,52,56,55,50,48,61,46,49,52,55,41,56,45,47,37,62,64,64,47,54,57,48,43,54,48,67,44,66,60,75,64,40,59,57,58,75,71,68,74,83,66,69,37,39,35,53,67,70,71,67,51,60,43,43,56,61,50,56,57,57,50,55,55,57,53,57,55,48,50,65,46,49,50,51,62,50,61,62,59,72,74,56,58,42,61,52
9,-84,39,39,-45,22,20,24,3,7,5,26,46,57,53,36,46,31,18,4,25,30,26,30,22,23,-21,-29,-5,45,35,28,37,6,12,3,15,6,15,16,38,38,32,17,30,25,15,13,27,26,27,26,29,15,26,25,16,22,29,27,27,27,28,23,10,26,30,27,32,37,33,29,31,26,27,32,27,50,29,24,29,16,26,28,12,19,32,33,31,34,35,19,25,27,29,1,45,32,28,33,28,31,2,14,15,31,28,7,0,20,27,26,25,23,21,41,23,27,26,23,19,36,17,20,24,26,9,27,15,18,4,35,38,38,16,24,34,21,11,26,18,43,9,40,31,52,36,5,30,28,27,53,50,46,56,73,40,44,1,4,-2,22,42,47,48,41,23,33,12,12,28,35,19,27,29,29,21,27,26,30,24,28,26,17,21,41,15,19,22,22,36,21,35,37,34,51,54,30,32,9,34,23
10,-82,3,3,-94,-16,-19,-16,-41,-36,-38,-14,11,25,20,0,13,-8,-22,-36,-13,-8,-13,-8,-17,-15,-65,-75,-49,10,-2,-10,-1,-36,-30,-40,-27,-36,-27,-26,0,0,-7,-25,-10,-16,-27,-29,-10,-12,-11,-12,-10,-26,-13,-15,-25,-19,-11,-12,-13,-12,-12,-16,-32,-14,-10,-13,-7,-2,-5,-10,-7,-13,-12,-7,-12,16,-10,-15,-9,-24,-14,-11,-31,-21,-7,-5,-8,-4,-3,-21,-14,-13,-10,-41,10,-7,-12,-5,-13,-8,-40,-28,-26,-8,-9,-35,-45,-21,-11,-15,-14,-17,-19,5,-17,-13,-14,-14,-19,1,-23,-18,-14,-13,-32,-12,-25,-21,-38,-4,1,2,-26,-17,1,-16,-30,-13,-21,8,-37,1,-9,17,-3,-40,-9,-12,-16,19,16,13,28,52,2,8,-44,-42,-49,-20,6,13,13,3,-14,-5,-28,-29,-10,-1,-21,-12,-11,-9,-18,-12,-14,-8,-15,-12,-14,-24,-18,6,-25,-21,-17,-17,-1,-18,-2,2,-2,19,23,-7,-5,-34,-4,-17
11,-80,-43,-44,-145,-62,-66,-64,-93,-87,-88,-63,-35,-18,-23,-46,-31,-56,-70,-83,-59,-55,-61,-55,-63,-62,-113,-125,-100,-36,-49,-57,-48,-86,-79,-90,-77,-86,-77,-77,-48,-48,-55,-75,-59,-66,-77,-78,-57,-59,-57,-60,-58,-75,-61,-63,-75,-67,-59,-61,-61,-60,-60,-63,-82,-63,-58,-63,-55,-50,-53,-59,-55,-61,-61,-55,-60,-28,-58,-63,-57,-72,-62,-59,-81,-71,-55,-53,-56,-53,-51,-70,-63,-62,-58,-90,-35,-55,-61,-53,-62,-57,-90,-77,-75,-55,-56,-83,-96,-69,-60,-64,-62,-66,-69,-40,-65,-62,-62,-60,-64,-44,-70,-65,-61,-60,-80,-61,-72,-67,-87,-53,-46,-44,-77,-67,-42,-61,-78,-60,-69,-37,-91,-47,-58,-29,-53,-93,-57,-61,-69,-25,-27,-31,-11,20,-46,-39,-96,-94,-103,-71,-40,-31,-33,-45,-60,-52,-76,-77,-57,-48,-70,-61,-59,-56,-66,-60,-63,-55,-62,-60,-63,-73,-65,-39,-74,-69,-64,-64,-48,-66,-48,-44,-47,-24,-19,-53,-51,-84,-52,-65
12,-78,-96,-97,-193,-114,-119,-119,-147,-142,-142,-118,-89,-70,-75,-99,-83,-111,-123,-133,-111,-109,-114,-109,-115,-115,-162,-175,-153,-89,-103,-111,-103,-139,-133,-144,-132,-140,-132,-132,-104,-104,-111,-131,-114,-121,-132,-133,-110,-112,-110,-113,-113,-129,-115,-117,-129,-122,-114,-115,-116,-114,-114,-116,-136,-118,-113,-118,-111,-107,-108,-113,-108,-114,-115,-110,-115,-81,-112,-116,-111,-124,-116,-114,-136,-125,-110,-108,-111,-108,-107,-124,-118,-118,-112,-142,-89,-110,-117,-108,-117,-112,-142,-132,-129,-109,-109,-136,-151,-123,-114,-119,-116,-120,-123,-94,-118,-117,-117,-110,-115,-96,-121,-116,-113,-114,-132,-115,-124,-118,-140,-109,-100,-97,-132,-123,-91,-110,-131,-114,-121,-90,-149,-103,-115,-83,-110,-150,-112,-117,-127,-80,-79,-82,-60,-23,-102,-93,-152,-151,-159,-128,-94,-84,-87,-101,-111,-106,-129,-130,-110,-102,-124,-115,-114,-109,-119,-114,-118,-108,-115,-115,-118,-127,-118,-91,-128,-122,-116,-116,-102,-119,-102,-96,-99,-76,-71,-106,-104,-138,-107,-118
13,-76,-153,-155,-233,-166,-172,-175,-200,-196,-194,-175,-147,-129,-133,-155,-140,-169,-176,-182,-165,-165,-169,-164,-168,-168,-205,-218,-204,-147,-159,-166,-161,-191,-187,-195,-187,-192,-186,-187,-162,-163,-169,-186,-172,-178,-187,-187,-165,-167,-164,-167,-169,-182,-170,-172,-183,-177,-170,-172,-172,-170,-170,-171,-190,-175,-171,-175,-169,-166,-165,-170,-164,-170,-171,-167,-171,-139,-169,-170,-167,-178,-171,-171,-190,-180,-168,-165,-169,-166,-164,-179,-174,-175,-168,-192,-147,-167,-174,-165,-174,-170,-193,-186,-183,-166,-164,-187,-203,-178,-170,-176,-172,-176,-179,-151,-173,-174,-174,-162,-167,-151,-173,-169,-167,-170,-184,-171,-177,-170,-191,-168,-158,-154,-187,-180,-143,-161,-183,-169,-175,-148,-207,-163,-173,-143,-170,-205,-170,-174,-188,-139,-137,-138,-114,-75,-161,-152,-205,-205,-214,-185,-152,-141,-146,-160,-164,-162,-181,-183,-165,-159,-178,-172,-171,-165,-173,-170,-174,-164,-170,-171,-175,-181,-171,-148,-181,-175,-169,-170,-159,-173,-158,-152,-154,-134,-128,-161,-160,-191,-164,-173
14,-74,-207,-210,-257,-213,-220,-226,-244,-242,-239,-227,-205,-188,-191,-208,-196,-222,-224,-223,-214,-217,-219,-216,-216,-218,-237,-249,-245,-204,-213,-218,-217,-236,-233,-239,-236,-237,-235,-236,-219,-220,-223,-236,-226,-231,-236,-234,-216,-218,-215,-218,-222,-230,-221,-223,-232,-228,-223,-224,-224,-222,-223,-221,-236,-228,-224,-229,-223,-223,-219,-222,-217,-222,-224,-221,-223,-198,-221,-221,-219,-225,-223,-224,-238,-230,-222,-219,-223,-221,-220,-228,-226,-228,-221,-234,-204,-222,-227,-219,-227,-224,-236,-235,-230,-219,-215,-231,-247,-227,-222,-228,-223,-226,-229,-206,-223,-227,-226,-210,-214,-203,-219,-217,-216,-221,-229,-224,-223,-217,-235,-224,-213,-208,-235,-232,-193,-208,-229,-221,-223,-205,-256,-220,-228,-203,-227,-252,-224,-228,-243,-199,-194,-194,-171,-133,-219,-210,-250,-252,-259,-237,-208,-198,-204,-217,-212,-216,-227,-229,-216,-213,-228,-224,-224,-217,-221,-221,-227,-216,-221,-224,-227,-230,-220,-203,-229,-224,-218,-219,-213,-222,-212,-206,-207,-191,-186,-212,-212,-238,-219,-223
15,-72,-253,-256,-259,-250,-257,-265,-273,-274,-270,-268,-255,-243,-244,-253,-245,-265,-259,-251,-253,-259,-258,-258,-253,-256,-252,-260,-270,-254,-258,-259,-263,-267,-267,-268,-272,-268,-271,-272,-266,-267,-268,-272,-269,-272,-271,-269,-256,-258,-256,-258,-264,-265,-262,-263,-268,-267,-265,-265,-265,-263,-264,-260,-269,-270,-267,-270,-267,-270,-264,-264,-260,-262,-265,-265,-264,-250,-264,-259,-261,-261,-263,-267,-272,-267,-266,-263,-267,-266,-265,-266,-266,-270,-264,-261,-253,-266,-269,-263,-269,-267,-265,-270,-265,-262,-256,-262,-275,-264,-263,-269,-262,-265,-268,-254,-262,-269,-266,-247,-250,-247,-253,-253,-255,-262,-260,-265,-257,-252,-264,-269,-259,-254,-271,-273,-235,-244,-262,-261,-259,-254,-291,-269,-272,-257,-274,-283,-267,-270,-287,-253,-245,-243,-223,-191,-267,-260,-279,-283,-287,-277,-256,-248,-255,-266,-250,-260,-260,-261,-257,-258,-265,-266,-267,-259,-259,-262,-267,-258,-260,-266,-268,-266,-258,-250,-264,-260,-255,-257,-258,-260,-257,-252,-250,-243,-238,-254,-255,-270,-264,-261
16,-70,-283,-286,-232,-268,-275,-285,-279,-283,-278,-291,-291,-284,-284,-282,-280,-291,-275,-258,-274,-283,-279,-282,-272,-276,-242,-246,-272,-289,-286,-282,-293,-276,-279,-274,-287,-277,-286,-288,-297,-298,-294,-288,-294,-293,-286,-283,-279,-280,-279,-280,-288,-279,-284,-284,-283,-286,-289,-288,-287,-287,-287,-280,-281,-293,-292,-294,-294,-299,-291,-287,-285,-285,-288,-291,-288,-288,-288,-280,-285,-277,-285,-291,-285,-285,-291,-290,-293,-294,-293,-284,-287,-293,-288,-267,-288,-292,-292,-290,-293,-292,-271,-284,-280,-287,-279,-271,-280,-282,-286,-290,-284,-285,-287,-286,-281,-293,-288,-266,-267,-275,-268,-271,-275,-284,-271,-288,-271,-268,-272,-298,-289,-284,-286,-294,-263,-262,-275,-282,-277,-288,-303,-300,-298,-296,-303,-292,-292,-294,-310,-293,-282,-277,-265,-244,-299,-294,-286,-290,-292,-297,-289,-283,-291,-297,-270,-287,-273,-274,-280,-287,-283,-289,-291,-284,-277,-284,-289,-283,-281,-290,-290,-283,-276,-282,-279,-278,-274,-276,-287,-280,-285,-283,-278,-282,-279,-279,-281,-281,-291,-281
17,-68,-289,-292,-173,-262,-267,-279,-256,-264,-258,-287,-303,-306,-302,-287,-293,-291,-265,-239,-270,-282,-275,-282,-265,-271,-203,-200,-244,-301,-290,-280,-297,-257,-264,-252,-274,-257,-273,-276,-302,-303,-295,-277,-293,-288,-274,-269,-277,-277,-277,-277,-286,-266,-280,-280,-272,-279,-287,-285,-283,-285,-284,-275,-265,-290,-290,-290,-294,-304,-292,-285,-286,-282,-285,-291,-285,-304,-287,-275,-284,-266,-282,-289,-270,-276,-292,-292,-294,-296,-296,-276,-283,-290,-287,-244,-300,-292,-289,-291,-290,-291,-250,-271,-268,-287,-278,-253,-255,-273,-284,-286,-279,-279,-279,-295,-275,-291,-284,-261,-260,-280,-256,-263,-270,-281,-255,-286,-259,-259,-251,-301,-295,-290,-273,-288,-269,-256,-261,-278,-268,-299,-284,-307,-298,-312,-306,-271,-292,-292,-305,-312,-297,-290,-288,-284,-307,-305,-262,-268,-264,-289,-298,-296,-304,-304,-265,-289,-259,-259,-278,-291,-274,-286,-290,-283,-270,-280,-285,-284,-277,-288,-285,-272,-269,-291,-268,-269,-267,-270,-290,-274,-289,-290,-282,-299,-299,-279,-283,-263,-294,-274
18,-66,-265,-267,-80,-224,-228,-241,-198,-211,-205,-250,-286,-299,-292,-261,-277,-258,-223,-188,-235,-250,-239,-249,-228,-234,-132,-120,-182,-283,-262,-246,-270,-205,-216,-196,-227,-204,-227,-230,-276,-277,-264,-232,-259,-250,-227,-221,-244,-243,-244,-243,-253,-221,-245,-243,-227,-240,-253,-250,-247,-251,-249,-238,-216,-253,-257,-254,-262,-276,-263,-251,-255,-247,-250,-259,-251,-291,-254,-238,-250,-224,-246,-255,-221,-233,-260,-261,-262,-266,-267,-235,-245,-255,-254,-188,-282,-261,-253,-261,-255,-258,-194,-225,-223,-256,-245,-203,-195,-231,-249,-248,-242,-240,-239,-273,-236,-256,-248,-226,-223,-255,-214,-224,-234,-246,-207,-251,-214,-218,-197,-271,-270,-266,-226,-248,-247,-220,-214,-242,-227,-281,-230,-281,-264,-299,-275,-214,-259,-257,-265,-300,-284,-275,-285,-302,-282,-285,-203,-210,-201,-247,-276,-280,-287,-278,-230,-259,-212,-211,-245,-264,-232,-252,-256,-252,-230,-243,-247,-253,-240,-254,-248,-229,-230,-270,-223,-227,-229,-233,-263,-235,-262,-267,-256,-289,-292,-249,-254,-212,-265,-235
19,-64,-205,-207,47,-153,-153,-166,-103,-120,-114,-176,-232,-257,-248,-200,-226,-189,-144,-103,-165,-182,-167,-181,-155,-162,-27,-6,-84,-229,-199,-177,-206,-116,-131,-103,-143,-114,-144,-147,-213,-213,-195,-149,-188,-174,-144,-137,-174,-174,-175,-172,-182,-139,-173,-170,-145,-164,-182,-178,-174,-180,-177,-165,-129,-180,-186,-181,-193,-210,-196,-179,-187,-176,-178,-191,-179,-242,-184,-165,-180,-146,-174,-184,-135,-155,-191,-194,-193,-198,-201,-157,-171,-182,-184,-97,-228,-193,-180,-193,-182,-187,-103,-141,-141,-188,-176,-117,-99,-154,-177,-174,-169,-165,-161,-216,-161,-184,-174,-156,-151,-196,-136,-151,-163,-174,-123,-180,-135,-143,-107,-204,-208,-207,-143,-171,-191,-150,-132,-170,-150,-226,-136,-218,-193,-249,-206,-119,-190,-184,-186,-252,-236,-225,-250,-293,-220,-229,-107,-113,-99,-166,-219,-229,-234,-216,-160,-193,-130,-128,-176,-201,-154,-180,-185,-184,-155,-171,-173,-186,-168,-183,-173,-149,-155,-214,-143,-150,-156,-160,-199,-161,-199,-208,-194,-243,-250,-183,-190,-125,-198,-159
20,-62,-107,-107,200,-46,-43,-53,27,7,12,-64,-140,-176,-164,-101,-137,-80,-30,16,-58,-75,-57,-75,-46,-53,108,137,49,-136,-96,-69,-103,8,-9,25,-21,12,-23,-27,-109,-109,-86,-29,-77,-60,-23,-16,-68,-67,-69,-65,-74,-20,-64,-59,-27,-50,-72,-69,-63,-71,-67,-55,-6,-67,-76,-68,-84,-105,-90,-70,-82,-67,-67,-84,-70,-154,-76,-55,-72,-31,-63,-75,-12,-38,-84,-88,-84,-92,-96,-42,-58,-70,-75,29,-135,-85,-68,-88,-70,-78,22,-20,-23,-82,-70,4,33,-39,-68,-61,-59,-51,-45,-121,-49,-73,-62,-51,-44,-99,-24,-42,-54,-65,-4,-70,-19,-33,18,-97,-108,-109,-22,-55,-100,-46,-15,-61,-37,-133,-3,-115,-83,-159,-97,14,-81,-72,-66,-165,-150,-137,-178,-248,-118,-132,25,20,40,-47,-122,-139,-141,-113,-54,-89,-12,-10,-70,-99,-39,-70,-75,-78,-43,-60,-60,-81,-58,-73,-60,-32,-44,-120,-25,-37,-47,-51,-97,-50,-98,-112,-96,-159,-170,-80,-87,-1,-93,-47
21,-60,28,29,369,93,101,95,188,166,169,84,-8,-55,-41,34,-10,65,117,163,82,67,86,66,95,89,265,302,210,-4,43,73,38,163,144,182,134,168,131,128,33,34,59,125,70,91,132,138,73,75,71,77,71,131,81,87,126,99,73,77,83,73,79,89,149,81,71,80,61,39,52,75,59,78,79,61,76,-27,68,89,72,116,82,71,144,112,61,55,61,52,47,107,90,78,70,183,-3,59,81,55,77,68,178,134,128,60,71,155,195,110,77,87,86,97,105,12,97,75,86,86,96,33,120,100,87,79,145,75,128,110,173,47,30,26,132,96,25,89,134,83,109,-1,164,26,65,-29,50,179,64,76,92,-36,-25,-11,-68,-164,23,3,188,185,209,108,12,-11,-9,28,85,52,137,141,72,40,110,76,71,63,102,85,88,59,86,73,88,118,101,11,125,110,96,92,43,95,40,21,38,-35,-51,58,51,155,49,100
22,-58,195,197,537,256,268,269,367,345,347,260,158,102,118,200,150,239,288,330,248,237,256,236,262,258,432,474,389,162,212,243,210,339,321,360,314,345,309,306,207,209,235,305,246,269,311,315,242,244,239,247,244,306,252,260,302,274,248,250,257,245,252,260,326,258,246,257,237,215,225,249,230,250,253,234,249,135,241,260,245,288,255,246,323,288,235,228,236,227,221,282,265,254,243,356,162,233,257,227,253,243,353,311,304,232,240,328,376,283,251,263,258,271,281,178,270,251,261,249,259,194,286,266,255,250,316,248,297,275,347,223,198,192,309,274,179,249,306,254,279,164,353,201,243,137,229,365,239,253,278,128,134,147,78,-40,196,172,371,370,398,289,179,151,156,202,250,223,309,313,241,209,283,251,245,232,272,258,263,228,257,247,264,293,270,174,298,281,263,261,213,266,208,186,202,123,103,225,218,333,223,272
23,-56,381,385,683,430,448,456,550,530,529,450,348,288,303,385,333,429,469,500,428,422,439,421,440,439,592,635,567,352,400,428,401,521,505,540,503,527,497,495,401,403,428,494,439,461,499,501,425,427,421,430,432,490,438,447,488,462,438,438,445,432,440,444,510,449,437,448,429,411,415,437,417,436,442,425,438,322,430,443,433,470,442,437,510,475,426,418,427,419,413,469,453,445,432,531,350,424,449,416,444,434,531,498,488,420,423,505,558,467,439,452,444,458,468,364,455,442,449,423,434,373,460,443,435,436,493,436,476,451,526,417,386,376,495,465,351,420,484,438,460,352,547,395,437,328,426,555,430,445,478,318,317,327,252,119,391,362,556,558,587,481,366,335,346,396,427,411,489,493,425,398,468,440,435,417,453,444,452,414,442,437,453,478,452,359,481,463,443,443,401,450,394,370,385,307,284,408,402,517,414,456
24,-54,569,574,782,597,619,636,713,699,696,634,543,486,499,571,523,617,642,655,603,605,617,604,612,615,721,760,724,547,588,609,594,687,677,702,680,693,674,673,597,599,619,674,629,648,676,675,605,606,600,609,618,663,619,629,664,643,624,622,628,616,623,622,680,635,625,634,619,606,604,621,602,618,626,613,622,519,616,621,617,642,624,624,684,653,615,608,617,610,604,648,636,632,618,688,544,613,636,604,630,621,691,674,663,606,604,668,720,642,622,636,623,638,648,554,632,629,633,591,601,552,622,611,610,617,657,621,643,618,687,610,575,563,668,649,525,584,651,616,632,544,723,591,628,527,621,727,619,633,671,518,508,513,440,305,588,557,721,728,753,664,557,526,541,592,599,599,657,660,606,586,643,625,622,600,626,624,635,597,621,622,637,652,626,546,652,636,616,617,589,626,581,556,568,500,476,588,585,686,604,632
25,-52,738,743,806,734,758,785,830,825,820,787,723,675,684,736,699,778,780,770,749,761,766,760,753,760,795,822,833,727,754,763,763,813,811,819,821,817,814,814,771,773,784,817,791,803,816,811,757,758,752,759,775,799,772,780,805,792,782,777,780,772,777,770,810,791,784,790,783,778,769,776,761,771,781,776,778,702,774,768,774,781,777,783,820,798,777,772,780,775,772,794,787,789,776,799,721,776,793,766,786,781,808,813,802,767,757,791,834,783,777,788,773,785,793,724,778,787,785,730,738,708,749,747,754,769,782,776,774,751,805,778,742,728,802,799,679,718,780,763,769,719,853,764,791,713,789,854,780,791,830,705,684,683,624,502,763,732,839,850,867,812,728,701,720,767,743,762,788,790,760,752,785,781,780,756,766,774,787,755,770,780,789,791,768,715,787,774,758,762,754,772,745,722,729,683,657,743,742,815,771,776
26,-50,858,864,725,812,837,872,872,880,872,880,858,829,832,852,832,883,857,817,839,862,857,861,836,847,786,794,864,862,869,860,880,868,877,863,895,871,888,890,893,894,892,896,895,899,889,881,853,852,849,853,876,871,866,873,881,880,883,874,873,871,873,858,871,887,886,887,890,896,879,874,865,865,877,883,876,844,876,856,874,858,872,885,888,879,884,882,887,886,886,878,878,887,877,838,852,884,891,872,883,883,853,886,876,873,855,846,870,860,874,879,863,871,876,847,863,886,878,812,816,814,812,823,840,863,840,875,841,823,852,890,857,842,868,886,788,794,843,851,844,847,904,885,895,855,901,904,885,890,922,850,819,810,777,688,887,859,879,894,899,893,851,833,853,889,831,871,853,853,859,867,863,879,881,857,844,865,878,858,860,880,881,864,850,837,857,851,841,848,866,858,856,839,841,826,802,843,846,874,883,859
27,-48,898,903,513,802,825,868,807,830,822,881,915,915,910,888,892,900,842,769,842,875,858,876,829,846,668,648,787,921,901,870,914,823,845,803,870,822,864,868,930,930,912,878,910,902,865,853,863,860,859,858,888,847,871,875,861,876,894,881,875,882,878,857,831,891,898,891,909,926,903,882,884,870,883,902,885,913,890,854,885,842,877,897,856,866,903,906,906,910,914,870,877,892,890,773,906,903,897,891,889,895,795,862,856,894,866,802,797,843,881,877,862,864,863,889,856,894,878,808,805,838,781,807,837,868,801,884,813,804,796,915,888,875,832,877,821,784,809,848,825,897,840,920,909,921,921,844,901,897,914,920,880,861,872,837,926,904,808,827,814,875,893,890,908,928,833,896,823,820,870,897,846,886,892,870,830,864,876,876,860,890,879,841,840,881,830,833,835,844,894,853,884,875,874,899,879,859,866,831,910,849
28,-46,827,830,147,674,692,738,606,648,640,756,862,899,884,811,846,795,705,597,727,770,740,773,703,724,416,359,574,870,817,761,829,648,686,609,716,642,712,718,849,847,809,731,802,780,711,697,754,748,751,744,779,697,755,755,714,746,783,767,753,771,760,734,661,769,787,769,805,835,807,768,783,753,765,801,771,874,782,730,776,702,759,787,693,727,800,810,803,813,824,737,752,772,781,576,848,802,777,790,769,785,606,710,710,796,759,630,585,699,766,748,738,731,722,818,726,777,754,686,676,748,624,671,713,750,635,771,661,664,610,816,801,792,664,738,749,658,648,721,681,833,629,833,797,875,814,644,794,778,768,880,834,802,874,916,845,831,596,619,582,723,819,839,849,847,719,803,668,660,764,811,702,771,780,764,691,739,747,776,738,778,752,688,708,812,674,690,708,719,804,725,795,797,794,869,852,757,767,658,818,714
29,-44,614,613,-387,401,411,455,244,305,300,475,664,746,720,591,661,539,419,278,466,516,473,522,431,454,12,-89,203,675,588,504,595,318,372,257,405,306,404,411,617,612,552,429,540,503,402,385,497,488,495,480,519,394,488,484,414,464,520,500,478,510,490,460,332,490,521,491,547,590,561,501,533,484,493,548,504,694,522,455,515,412,490,524,374,434,546,564,546,563,582,452,472,496,520,223,645,548,503,537,493,520,261,402,412,549,504,306,209,401,498,464,462,443,424,600,442,506,474,420,400,513,316,384,440,482,317,506,357,376,267,563,565,562,334,439,540,387,335,440,384,623,239,593,529,683,549,276,535,503,453,694,645,602,752,892,612,608,217,242,177,408,597,646,643,615,462,562,361,349,510,577,403,502,515,509,401,462,463,527,465,513,469,379,425,600,363,394,433,446,566,446,558,572,572,700,688,508,520,327,575,426
30,-42,232,226,-1092,-39,-42,-4,-296,-215,-215,15,291,425,387,203,310,105,-36,-204,37,88,35,98,-11,13,-552,-704,-341,308,188,74,186,-185,-115,-269,-83,-204,-80,-73,207,198,115,-51,99,49,-85,-101,68,56,69,44,83,-81,47,39,-61,5,79,57,26,73,42,12,-173,31,77,32,111,164,138,58,108,39,44,119,61,341,86,7,79,-49,45,83,-122,-35,114,142,112,136,164,-6,15,38,82,-302,267,118,49,106,38,77,-256,-80,-59,129,77,-189,-347,-74,54,0,10,-23,-54,207,-17,54,16,-13,-43,106,-164,-73,-4,39,-171,65,-117,-82,-249,128,150,157,-179,-44,171,-49,-152,-17,-88,236,-351,169,78,311,98,-279,97,47,-57,330,283,229,475,729,198,204,-347,-322,-419,-94,199,281,260,203,40,147,-117,-134,85,168,-74,55,70,78,-65,7,-2,104,18,70,7,-110,-30,215,-125,-77,-12,1,152,-7,146,174,184,363,354,86,98,-181,156,-38
31,-40,-337,-349,-1957,-658,-677,-653,-1018,-920,-912,-639,-277,-91,-138,-371,-229,-520,-670,-855,-573,-527,-588,-512,-634,-611,-1272,-1479,-1060,-252,-401,-542,-418,-867,-783,-974,-757,-894,-749,-743,-400,-413,-517,-716,-534,-596,-757,-770,-546,-562,-542,-579,-543,-739,-582,-595,-719,-642,-552,-576,-618,-554,-597,-623,-864,-624,-561,-623,-521,-462,-477,-576,-506,-597,-597,-503,-573,-207,-541,-628,-547,-692,-589,-550,-804,-690,-511,-474,-517,-487,-448,-651,-633,-615,-548,-1005,-306,-507,-599,-518,-613,-560,-951,-747,-711,-480,-537,-862,-1088,-737,-581,-659,-631,-680,-725,-382,-664,-593,-635,-625,-667,-491,-827,-715,-634,-594,-839,-567,-772,-719,-944,-506,-461,-443,-885,-724,-378,-662,-821,-666,-748,-348,-1151,-457,-571,-263,-556,-1026,-534,-606,-778,-236,-274,-337,18,399,-416,-403,-1102,-1079,-1211,-797,-397,-275,-323,-406,-560,-457,-774,-796,-525,-434,-740,-585,-567,-542,-717,-639,-660,-508,-617,-565,-649,-789,-670,-363,-801,-734,-639,-629,-454,-646,-459,-418,-389,-166,-175,-523,-515,-872,-456,-690
32,-38,-1097,-1117,-2956,-1455,-1494,-1491,-1914,-1801,-1783,-1488,-1051,-814,-868,-1136,-966,-1341,-1480,-1667,-1367,-1334,-1396,-1311,-1438,-1420,-2131,-2393,-1942,-1015,-1182,-1347,-1219,-1721,-1627,-1850,-1612,-1756,-1599,-1596,-1209,-1227,-1349,-1564,-1362,-1430,-1611,-1617,-1347,-1367,-1342,-1390,-1361,-1573,-1400,-1416,-1557,-1477,-1377,-1401,-1453,-1373,-1429,-1446,-1734,-1475,-1395,-1474,-1351,-1292,-1290,-1403,-1314,-1425,-1432,-1320,-1401,-963,-1363,-1451,-1364,-1514,-1413,-1378,-1665,-1531,-1331,-1285,-1344,-1307,-1258,-1478,-1472,-1466,-1372,-1877,-1084,-1328,-1442,-1340,-1460,-1394,-1814,-1593,-1541,-1280,-1339,-1705,-2004,-1588,-1408,-1512,-1461,-1527,-1587,-1174,-1500,-1436,-1479,-1418,-1470,-1284,-1672,-1539,-1449,-1417,-1680,-1391,-1605,-1536,-1809,-1344,-1275,-1244,-1781,-1602,-1111,-1455,-1669,-1508,-1593,-1140,-2155,-1291,-1422,-1052,-1419,-1958,-1363,-1456,-1710,-1019,-1040,-1109,-633,-124,-1238,-1221,-2038,-2019,-2186,-1698,-1199,-1035,-1117,-1220,-1339,-1255,-1605,-1633,-1324,-1233,-1593,-1418,-1401,-1356,-1556,-1477,-1513,-1312,-1441,-1394,-1499,-1656,-1494,-1142,-1662,-1577,-1449,-1442,-1257,-1473,-1262,-1211,-1151,-899,-913,-1324,-1324,-1740,-1265,-1529
33,-36,-2038,-2068,-4042,-2415,-2476,-2501,-2954,-2835,-2802,-2515,-2025,-1744,-1803,-2082,-1895,-2342,-2447,-2618,-2328,-2317,-2374,-2286,-2407,-2396,-3093,-3407,-2957,-1973,-2144,-2325,-2208,-2721,-2623,-2870,-2627,-2764,-2607,-2610,-2208,-2233,-2367,-2574,-2370,-2437,-2623,-2620,-2322,-2347,-2314,-2374,-2358,-2563,-2393,-2409,-2554,-2481,-2381,-2403,-2464,-2370,-2439,-2440,-2761,-2507,-2411,-2507,-2365,-2315,-2287,-2408,-2303,-2430,-2445,-2319,-2406,-1923,-2364,-2444,-2359,-2496,-2413,-2387,-2682,-2537,-2335,-2279,-2354,-2314,-2253,-2469,-2485,-2500,-2376,-2890,-2061,-2333,-2463,-2347,-2489,-2410,-2820,-2596,-2526,-2259,-2315,-2696,-3067,-2607,-2413,-2544,-2466,-2548,-2623,-2164,-2507,-2462,-2501,-2377,-2439,-2267,-2679,-2530,-2434,-2417,-2673,-2394,-2594,-2514,-2820,-2374,-2284,-2239,-2847,-2660,-2023,-2412,-2674,-2528,-2607,-2133,-3338,-2325,-2460,-2052,-2477,-3047,-2374,-2490,-2837,-2014,-2011,-2083,-1481,-851,-2256,-2244,-3129,-3115,-3314,-2779,-2199,-1992,-2117,-2227,-2280,-2234,-2589,-2622,-2295,-2219,-2616,-2431,-2415,-2351,-2565,-2491,-2545,-2297,-2438,-2404,-2527,-2693,-2486,-2115,-2688,-2587,-2425,-2425,-2247,-2470,-2252,-2197,-2091,-1834,-1862,-2305,-2318,-2761,-2258,-2540
34,-34,-3133,-3174,-5156,-3505,-3589,-3649,-4094,-3976,-3926,-3687,-3175,-2865,-2922,-3179,-2994,-3491,-3534,-3666,-3425,-3444,-3488,-3405,-3508,-3508,-4108,-4466,-4056,-3103,-3257,-3444,-3354,-3826,-3729,-3988,-3758,-3875,-3734,-3744,-3368,-3399,-3537,-3704,-3523,-3578,-3754,-3737,-3438,-3467,-3429,-3499,-3499,-3670,-3527,-3539,-3671,-3620,-3529,-3548,-3617,-3511,-3593,-3572,-3902,-3686,-3574,-3686,-3531,-3499,-3437,-3557,-3441,-3579,-3603,-3467,-3557,-3066,-3512,-3576,-3499,-3602,-3554,-3543,-3815,-3670,-3488,-3425,-3516,-3473,-3403,-3586,-3637,-3681,-3527,-4003,-3214,-3488,-3629,-3508,-3664,-3575,-3924,-3715,-3628,-3383,-3434,-3793,-4230,-3759,-3562,-3719,-3611,-3707,-3796,-3325,-3650,-3635,-3667,-3470,-3540,-3412,-3814,-3655,-3557,-3558,-3778,-3541,-3704,-3619,-3933,-3564,-3459,-3400,-4044,-3862,-3088,-3501,-3799,-3692,-3754,-3304,-4657,-3528,-3651,-3241,-3696,-4247,-3535,-3672,-4120,-3203,-3167,-3237,-2510,-1782,-3442,-3447,-4328,-4320,-4546,-4001,-3373,-3126,-3298,-3398,-3351,-3364,-3687,-3725,-3408,-3364,-3773,-3590,-3578,-3495,-3708,-3647,-3720,-3431,-3574,-3559,-3697,-3863,-3612,-3258,-3843,-3729,-3534,-3543,-3394,-3603,-3402,-3352,-3181,-2951,-3004,-3435,-3467,-3893,-3404,-3687
35,-32,-4334,-4386,-6219,-4675,-4780,-4879,-5268,-5161,-5093,-4946,-4456,-4136,-4186,-4380,-4219,-4736,-4685,-4754,-4606,-4666,-4685,-4616,-4688,-4702,-5109,-5497,-5172,-4359,-4471,-4652,-4605,-4973,-4887,-5141,-4946,-5027,-4918,-4939,-4637,-4674,-4808,-4895,-4765,-4797,-4942,-4909,-4644,-4678,-4635,-4713,-4733,-4835,-4748,-4752,-4847,-4835,-4769,-4782,-4858,-4745,-4836,-4789,-5096,-4956,-4832,-4956,-4795,-4791,-4690,-4798,-4676,-4818,-4851,-4713,-4799,-4351,-4755,-4792,-4730,-4775,-4783,-4793,-5001,-4875,-4738,-4670,-4776,-4734,-4656,-4773,-4871,-4956,-4772,-5152,-4497,-4742,-4884,-4771,-4931,-4835,-5065,-4890,-4787,-4602,-4645,-4937,-5427,-4988,-4801,-4983,-4843,-4950,-5050,-4613,-4875,-4902,-4921,-4647,-4722,-4674,-5022,-4860,-4764,-4789,-4938,-4780,-4879,-4798,-5087,-4861,-4753,-4681,-5312,-5151,-4263,-4673,-4985,-4946,-4979,-4609,-6043,-4849,-4941,-4577,-5022,-5490,-4792,-4948,-5499,-4541,-4468,-4530,-3687,-2895,-4744,-4783,-5568,-5566,-5812,-5306,-4674,-4392,-4616,-4682,-4502,-4592,-4841,-4882,-4610,-4617,-5006,-4839,-4834,-4738,-4931,-4891,-4983,-4664,-4797,-4808,-4954,-5107,-4816,-4526,-5068,-4948,-4724,-4743,-4648,-4818,-4661,-4629,-4373,-4210,-4303,-4665,-4722,-5074,-4653,-4914
36,-30,-5573,-5636,-7142,-5856,-5978,-6116,-6394,-6311,-6221,-6219,-5803,-5496,-5533,-5617,-5508,-6003,-5827,-5809,-5803,-5909,-5895,-5848,-5877,-5907,-6015,-6414,-6222,-5674,-5717,-5879,-5892,-6084,-6016,-6249,-6111,-6140,-6081,-6115,-5943,-5985,-6103,-6067,-6021,-6015,-6107,-6056,-5868,-5907,-5861,-5945,-5987,-5981,-5984,-5975,-6007,-6053,-6026,-6033,-6111,-5998,-6096,-6018,-6265,-6241,-6110,-6243,-6084,-6118,-5972,-6056,-5939,-6074,-6115,-5983,-6059,-5713,-6019,-6020,-5981,-5943,-6028,-6062,-6160,-6073,-6012,-5944,-6061,-6022,-5939,-5953,-6114,-6248,-6037,-6258,-5845,-6022,-6150,-6063,-6216,-6116,-6164,-6043,-5928,-5844,-5876,-6051,-6575,-6218,-6057,-6259,-6088,-6200,-6308,-5961,-6109,-6188,-6189,-5841,-5916,-5988,-6231,-6074,-5986,-6037,-6076,-6037,-6043,-5981,-6202,-6191,-6096,-6016,-6574,-6448,-5488,-5862,-6158,-6219,-6208,-5980,-7408,-6217,-6254,-5991,-6378,-6692,-6073,-6242,-6893,-5963,-5852,-5899,-4958,-4150,-6090,-6182,-6765,-6768,-7020,-6612,-6035,-5729,-6006,-6007,-5664,-5848,-5975,-6020,-5832,-5909,-6241,-6106,-6111,-6008,-6161,-6150,-6258,-5925,-6033,-6075,-6222,-6351,-6029,-5855,-6289,-6170,-5924,-5955,-5940,-6044,-5963,-5962,-5601,-5550,-5700,-5926,-6014,-6225,-5931,-6149
37,-28,-6765,-6837,-7828,-6963,-7096,-7270,-7375,-7328,-7217,-7411,-7127,-6865,-6881,-6803,-6778,-7202,-6870,-6744,-6929,-7086,-7029,-7015,-6989,-7035,-6735,-7122,-7109,-6962,-6908,-7035,-7124,-7064,-7025,-7217,-7156,-7120,-7127,-7177,-7194,-7241,-7331,-7126,-7196,-7137,-7155,-7085,-7025,-7066,-7021,-7106,-7170,-7017,-7146,-7115,-7056,-7181,-7210,-7209,-7286,-7181,-7281,-7170,-7314,-7447,-7316,-7450,-7304,-7385,-7194,-7241,-7140,-7257,-7304,-7186,-7246,-7070,-7214,-7171,-7160,-7015,-7197,-7260,-7198,-7172,-7219,-7154,-7279,-7247,-7162,-7034,-7272,-7463,-7232,-7228,-7170,-7235,-7336,-7295,-7424,-7326,-7126,-7077,-6957,-7019,-7041,-7043,-7575,-7359,-7239,-7454,-7255,-7368,-7477,-7283,-7261,-7400,-7378,-6967,-7037,-7271,-7352,-7212,-7133,-7211,-7103,-7222,-7110,-7079,-7185,-7462,-7401,-7318,-7734,-7658,-6682,-6983,-7228,-7419,-7352,-7331,-8647,-7536,-7495,-7396,-7668,-7751,-7285,-7459,-8197,-7383,-7235,-7262,-6249,-5485,-7385,-7554,-7818,-7821,-8067,-7822,-7369,-7052,-7378,-7281,-6751,-7044,-7000,-7046,-6985,-7153,-7387,-7299,-7315,-7217,-7309,-7332,-7452,-7126,-7194,-7271,-7410,-7502,-7160,-7159,-7413,-7305,-7047,-7091,-7180,-7191,-7218,-7266,-6778,-6887,-7115,-7131,-7256,-7251,-7148,-7301
38,-26,-7808,-7886,-8178,-7900,-8036,-8236,-8105,-8106,-7975,-8415,-8326,-8139,-8129,-7837,-7928,-8225,-7716,-7464,-7887,-8093,-7988,-8012,-7926,-7987,-7177,-7524,-7730,-8119,-7940,-8019,-8193,-7812,-7807,-7941,-7974,-7863,-7950,-8018,-8281,-8330,-8382,-7963,-8182,-8054,-7976,-7888,-8011,-8055,-8012,-8093,-8177,-7839,-8130,-8069,-7889,-8113,-8214,-8205,-8276,-8189,-8285,-8142,-8136,-8466,-8341,-8471,-8348,-8481,-8250,-8248,-8175,-8262,-8311,-8216,-8255,-8317,-8234,-8143,-8164,-7892,-8188,-8280,-8007,-8068,-8252,-8195,-8322,-8299,-8217,-7910,-8238,-8494,-8251,-7961,-8369,-8275,-8331,-8359,-8448,-8356,-7850,-7888,-7771,-8023,-8037,-7813,-8321,-8306,-8243,-8460,-8242,-8346,-8450,-8477,-8229,-8430,-8384,-7929,-7987,-8423,-8286,-8171,-8106,-8208,-7919,-8230,-7977,-7996,-7934,-8562,-8562,-8484,-8686,-8671,-7752,-7941,-8092,-8442,-8307,-8557,-9639,-8695,-8554,-8684,-8777,-8552,-8321,-8491,-9293,-8693,-8517,-8518,-7467,-6817,-8520,-8792,-8618,-8614,-8837,-8823,-8571,-8261,-8629,-8394,-7668,-8075,-7815,-7861,-7969,-8243,-8338,-8311,-8340,-8261,-8272,-8332,-8457,-8164,-8175,-8288,-8410,-8454,-8110,-8339,-8337,-8251,-7994,-8050,-8264,-8157,-8323,-8439,-7807,-8122,-8449,-8178,-8344,-8046,-8198,-8266
39,-24,-8591,-8672,-8100,-8564,-8690,-8902,-8476,-8537,-8387,-9116,-9280,-9203,-9162,-8607,-8848,-8959,-8259,-7870,-8569,-8819,-8662,-8730,-8583,-8655,-7249,-7525,-7979,-9027,-8700,-8720,-8984,-8221,-8256,-8315,-8451,-8263,-8437,-8524,-9085,-9134,-9139,-8467,-8860,-8649,-8458,-8357,-8717,-8763,-8727,-8798,-8896,-8339,-8825,-8725,-8396,-8737,-8924,-8908,-8968,-8909,-8995,-8825,-8622,-9182,-9071,-9189,-9099,-9285,-9025,-8963,-8931,-8975,-9023,-8959,-8971,-9337,-8966,-8826,-8880,-8466,-8889,-9007,-8476,-8647,-8995,-8952,-9074,-9062,-8988,-8470,-8898,-9222,-8979,-8352,-9325,-9027,-9019,-9140,-9171,-9091,-8232,-8363,-8260,-8743,-8755,-8254,-8702,-8950,-8954,-9163,-8936,-9023,-9114,-9426,-8902,-9162,-9091,-8623,-8662,-9333,-8927,-8847,-8795,-8916,-8419,-8948,-8542,-8627,-8343,-9371,-9463,-9402,-9316,-9368,-8593,-8632,-8645,-9175,-8965,-9542,-10258,-9573,-9311,-9730,-9580,-8981,-9064,-9221,-10052,-9769,-9580,-9553,-8506,-8044,-9369,-9772,-9050,-9031,-9213,-9494,-9525,-9243,-9637,-9226,-8309,-8827,-8315,-8359,-8674,-9066,-8983,-9027,-9071,-9029,-8940,-9037,-9158,-8926,-8867,-9012,-9106,-9098,-8771,-9280,-8952,-8900,-8660,-8726,-9079,-8833,-9165,-9368,-8577,-9140,-9586,-8958,-9167,-8501,-8966,-8935
40,-22,-9002,-9079,-7518,-8852,-8954,-9157,-8386,-8516,-8352,-9396,-9868,-9929,-9856,-9000,-9417,-9287,-8395,-7871,-8870,-9150,-8946,-9058,-8855,-8932,-6870,-7044,-7760,-9565,-9076,-9027,-9377,-8190,-8266,-8240,-8480,-8218,-8479,-8585,-9482,-9528,-9482,-8526,-9110,-8804,-8491,-8384,-9032,-9079,-9053,-9107,-9213,-8414,-9120,-8972,-8470,-8941,-9226,-9205,-9248,-9228,-9296,-9109,-8665,-9476,-9388,-9485,-9437,-9673,-9403,-9271,-9294,-9282,-9324,-9298,-9281,-10008,-9294,-9110,-9195,-8633,-9187,-9325,-8498,-8801,-9332,-9308,-9416,-9416,-9357,-8604,-9138,-9529,-9301,-8301,-9914,-9371,-9283,-9520,-9475,-9413,-8171,-8396,-8319,-9066,-9083,-8267,-8616,-9179,-9258,-9446,-9226,-9287,-9356,-10011,-9171,-9479,-9386,-8945,-8957,-9888,-9169,-9132,-9092,-9222,-8501,-9261,-8699,-8868,-8312,-9766,-9985,-9952,-9513,-9631,-9095,-8952,-8780,-9503,-9217,-10161,-10383,-10041,-9645,-10405,-9950,-8927,-9399,-9529,-10346,-10480,-10302,-10245,-9250,-9050,-9807,-10368,-9007,-8959,-9084,-9717,-10109,-9877,-10277,-9653,-8574,-9187,-8397,-8438,-8990,-9505,-9213,-9333,-9391,-9405,-9204,-9333,-9439,-9300,-9159,-9328,-9386,-9321,-9037,-9866,-9151,-9144,-8939,-9012,-9507,-9110,-9626,-9935,-8977,-9818,-10402,-9357,-9609,-8512,-9333,-9197
41,-20,-8931,-9000,-6381,-8668,-8732,-8901,-7749,-7952,-7781,-9149,-9967,-10192,-10089,-8905,-9523,-9102,-8035,-7386,-8693,-8983,-8740,-8891,-8646,-8719,-5981,-6021,-6993,-9615,-8959,-8839,-9259,-7631,-7747,-7629,-7962,-7642,-7980,-8104,-9357,-9397,-9299,-8044,-8823,-8415,-7978,-7874,-8855,-8900,-8888,-8919,-9022,-7969,-8912,-8707,-8014,-8624,-9013,-8990,-9010,-9040,-9083,-8893,-8173,-9241,-9185,-9253,-9254,-9525,-9272,-9067,-9157,-9077,-9108,-9125,-9079,-10205,-9112,-8896,-9004,-8301,-8981,-9127,-7977,-8430,-9154,-9154,-9238,-9251,-9212,-8212,-8853,-9307,-9109,-7723,-10017,-9199,-9014,-9388,-9253,-9213,-7585,-7890,-7855,-8885,-8921,-7764,-7974,-8897,-9051,-9203,-9009,-9036,-9073,-10116,-8936,-9271,-9164,-8799,-8777,-9979,-8917,-8928,-8897,-9022,-8078,-9063,-8358,-8626,-7756,-9631,-10012,-10021,-9178,-9353,-9154,-8806,-8407,-9322,-8964,-10295,-9903,-9977,-9442,-10578,-9767,-8293,-9214,-9305,-10053,-10695,-10561,-10473,-9581,-9710,-9709,-10454,-8397,-8305,-8356,-9383,-10206,-10048,-10426,-9558,-8366,-9045,-7971,-8009,-8816,-9449,-8928,-9120,-9192,-9284,-8965,-9115,-9194,-9177,-8949,-9130,-9142,-9027,-8809,-9983,-8836,-8885,-8734,-8809,-9438,-8889,-9596,-10026,-8900,-10035,-10773,-9270,-9561,-7987,-9190,-8953
42,-18,-8288,-8340,-4670,-7938,-7948,-8051,-6507,-6782,-6610,-8289,-9472,-9875,-9749,-8230,-9061,-8315,-7107,-6357,-7958,-8230,-7967,-8145,-7880,-7937,-4548,-4429,-5626,-9072,-8259,-8072,-8535,-6483,-6630,-6425,-6826,-6471,-6865,-7005,-8610,-8640,-8497,-6945,-7908,-7394,-6844,-6757,-8099,-8141,-8147,-8150,-8236,-6935,-8118,-7848,-6955,-7704,-8198,-8177,-8171,-8258,-8269,-8096,-7077,-8388,-8371,-8403,-8456,-8742,-8542,-8265,-8431,-8275,-8288,-8349,-8277,-9819,-8331,-8101,-8220,-7397,-8186,-8324,-6843,-7458,-8370,-8398,-8448,-8472,-8460,-7217,-7960,-8464,-8316,-6559,-9527,-8418,-8124,-8652,-8416,-8401,-6412,-6774,-6795,-8112,-8182,-6679,-6716,-8023,-8245,-8347,-8201,-8189,-8186,-9640,-8116,-8450,-8341,-8107,-8043,-9508,-8096,-8157,-8128,-8230,-7083,-8269,-7449,-7825,-6612,-8868,-9447,-9513,-8234,-8444,-8677,-8113,-7454,-8545,-8128,-9836,-8735,-9275,-8609,-10131,-8929,-7011,-8420,-8461,-9075,-10295,-10244,-10131,-9393,-9901,-8972,-9923,-7154,-7000,-6964,-8406,-9714,-9651,-9973,-8838,-7611,-8312,-6972,-7006,-8070,-8805,-8050,-8302,-8384,-8576,-8142,-8297,-8335,-8469,-8155,-8328,-8291,-8138,-8012,-9530,-7933,-8048,-7969,-8039,-8778,-8090,-8981,-9542,-8259,-9682,-10582,-8607,-8930,-6858,-8443,-8124
43,-16,-7010,-7037,-2406,-6611,-6555,-6558,-4634,-4975,-4812,-6757,-8301,-8886,-8747,-6910,-7955,-6866,-5573,-4759,-6613,-6833,-6575,-6762,-6510,-6536,-2576,-2279,-3645,-7857,-6914,-6670,-7138,-4717,-4882,-4602,-5033,-4680,-5095,-5248,-7170,-7187,-7012,-5189,-6305,-5690,-5049,-4996,-6710,-6747,-6772,-6742,-6798,-5276,-6683,-6341,-5253,-6133,-6725,-6711,-6673,-6825,-6798,-6667,-5340,-6860,-6887,-6878,-6983,-7253,-7149,-6807,-7054,-6816,-6809,-6910,-6819,-8762,-6892,-6674,-6789,-5880,-6749,-6858,-5061,-5838,-6919,-6978,-6986,-7016,-7035,-5573,-6403,-6942,-6861,-4782,-8364,-6966,-6555,-7246,-6904,-6916,-4629,-5009,-5101,-6690,-6812,-4982,-4816,-6512,-6785,-6822,-6747,-6696,-6643,-8506,-6664,-6957,-6862,-6818,-6705,-8406,-6657,-6766,-6733,-6790,-5479,-6821,-5930,-6419,-4853,-7407,-8216,-8352,-6637,-6851,-7596,-6821,-5880,-7114,-6659,-8702,-6832,-7860,-7082,-8972,-7365,-5050,-6957,-6937,-7347,-9183,-9263,-9131,-8594,-9513,-7516,-8689,-5249,-5013,-4885,-6732,-8556,-8606,-8834,-7421,-6261,-6927,-5362,-5393,-6695,-7504,-6531,-6822,-6909,-7219,-6686,-6824,-6808,-7113,-6724,-6866,-6779,-6608,-6596,-8433,-6399,-6584,-6596,-6652,-7461,-6664,-7711,-8409,-6990,-8671,-9734,-7306,-7651,-5095,-7030,-6658
44,-14,-5069,-5064,338,-4676,-4544,-4411,-2154,-2547,-2403,-4541,-6409,-7163,-7027,-4914,-6160,-4737,-3432,-2606,-4646,-4772,-4554,-4724,-4525,-4504,-113,372,-1081,-5930,-4901,-4617,-5040,-2349,-2513,-2181,-2588,-2285,-2675,-2836,-5009,-5009,-4823,-2779,-3996,-3293,-2596,-2595,-4669,-4698,-4744,-4678,-4690,-2996,-4593,-4176,-2910,-3902,-4576,-4577,-4504,-4723,-4654,-4593,-2971,-4641,-4718,-4664,-4814,-5030,-5071,-4677,-5006,-4685,-4654,-4789,-4688,-6984,-4777,-4602,-4692,-3749,-4657,-4712,-2637,-3569,-4782,-4873,-4829,-4860,-4916,-3276,-4173,-4725,-4728,-2406,-6483,-4822,-4292,-5148,-4702,-4740,-2252,-2602,-2778,-4598,-4794,-2682,-2295,-4356,-4655,-4615,-4635,-4547,-4439,-6675,-4570,-4775,-4716,-4918,-4749,-6638,-4594,-4745,-4696,-4684,-3274,-4701,-3802,-4401,-2494,-5223,-6287,-6506,-4384,-4561,-5876,-4912,-3687,-5011,-4548,-6848,-4197,-5696,-4841,-7043,-5047,-2426,-4804,-4715,-4850,-7301,-7564,-7422,-7127,-8455,-5308,-6709,-2700,-2364,-2141,-4354,-6692,-6868,-6961,-5275,-4305,-4868,-3149,-3176,-4677,-5521,-4363,-4662,-4750,-5192,-4585,-4679,-4597,-5087,-4641,-4725,-4592,-4432,-4554,-6653,-4231,-4488,-4603,-4636,-5461,-4601,-5759,-6591,-5066,-6948,-8167,-5343,-5697,-2707,-4928,-4549
45,-12,-2488,-2442,3446,-2163,-1951,-1652,860,433,550,-1676,-3799,-4692,-4581,-2261,-3678,-1959,-736,44,-2088,-2076,-1943,-2061,-1961,-1877,2746,3415,1980,-3296,-2244,-1947,-2266,555,418,768,449,647,339,177,-2147,-2128,-1961,227,-1018,-246,458,386,-2005,-2025,-2092,-1990,-1945,-149,-1883,-1389,20,-1053,-1787,-1807,-1699,-1983,-1870,-1911,-29,-1769,-1894,-1797,-1980,-2095,-2334,-1907,-2313,-1913,-1858,-2016,-1917,-4478,-2017,-1921,-1963,-1051,-1946,-1918,368,-697,-1989,-2112,-2010,-2034,-2127,-374,-1307,-1846,-1948,501,-3886,-2015,-1373,-2383,-1844,-1905,651,391,120,-1868,-2159,161,772,-1599,-1887,-1763,-1900,-1784,-1617,-4156,-1874,-1937,-1941,-2437,-2205,-4212,-1943,-2124,-2050,-1946,-521,-1942,-1112,-1808,398,-2339,-3675,-3984,-1526,-1614,-3523,-2412,-925,-2267,-1834,-4277,-890,-2799,-1918,-4340,-2002,788,-1992,-1831,-1622,-4638,-5137,-4996,-4972,-6674,-2362,-3986,422,872,1183,-1317,-4133,-4439,-4353,-2419,-1781,-2161,-386,-411,-2048,-2876,-1591,-1857,-1938,-2521,-1876,-1897,-1740,-2417,-1943,-1939,-1770,-1657,-1925,-4196,-1475,-1800,-2027,-2028,-2799,-1939,-3142,-4095,-2510,-4507,-5861,-2740,-3087,242,-2164,-1834
46,-10,657,750,6746,844,1134,1624,4277,3842,3923,1742,-531,-1515,-1453,976,-564,1379,2413,3082,977,1171,1170,1141,1094,1257,5854,6691,5399,-21,974,1253,1105,3874,3792,4118,3959,3991,3833,3676,1334,1374,1487,3716,2536,3347,3997,3833,1199,1189,1104,1239,1351,3153,1357,1925,3428,2314,1553,1508,1649,1307,1463,1288,3368,1663,1491,1627,1427,1465,977,1412,942,1411,1488,1322,1404,-1297,1301,1280,1309,2112,1294,1434,3836,2673,1372,1221,1383,1374,1244,3028,2098,1602,1392,3823,-633,1368,2108,967,1578,1499,3957,3853,3482,1414,1007,3435,4255,1662,1428,1642,1370,1496,1722,-1011,1330,1465,1366,540,844,-1190,1205,1010,1121,1338,2674,1366,2040,1272,3704,1160,-448,-852,1833,1891,-595,604,2305,1032,1390,-1047,2968,753,1595,-915,1681,4457,1389,1622,2236,-1242,-2028,-1899,-2161,-4164,1243,-586,3984,4561,4944,2272,-943,-1374,-1068,1066,1226,1110,2818,2794,1106,355,1687,1502,1436,714,1349,1434,1669,819,1281,1402,1592,1617,1201,-1123,1766,1385,1044,1084,447,1230,66,-985,606,-1394,-2852,427,104,3633,1177,1391
47,-8,4229,4375,10030,4212,4568,5264,7909,7497,7536,5560,3271,2264,2249,4666,3066,5129,5859,6348,4411,4826,4637,4742,4499,4755,9022,9994,8980,3769,4616,4840,4929,7430,7437,7689,7767,7569,7630,7487,5289,5349,5369,7511,6506,7319,7848,7573,4802,4806,4706,4868,5049,6743,4982,5615,7144,6042,5292,5219,5390,5002,5196,4858,7049,5499,5287,5452,5257,5502,4718,5134,4617,5141,5232,5076,5128,2446,5030,4854,4976,5586,4911,5194,7591,6378,5151,4977,5198,5215,5050,6767,5885,5463,5141,7385,3155,5179,5992,4759,5411,5321,7491,7612,7141,5101,4561,6971,7969,5273,5142,5444,5025,5137,5417,2638,4890,5277,5051,3878,4263,2311,4710,4518,4674,5023,6151,5078,5501,4697,7250,5124,3260,2766,5529,5793,2795,4007,5845,4742,4977,2722,7191,4818,5544,3114,5848,8388,5189,5487,6553,2773,1658,1763,1217,-974,5362,3365,7799,8503,8937,6244,2753,2214,2774,5039,4576,4802,6301,6276,4643,4034,5318,5265,5220,4374,4946,5165,5476,4480,4884,5149,5338,5232,4676,2446,5336,4916,4468,4556,4140,4757,3731,2617,4150,2283,765,4026,3744,7289,4948,4975
48,-6,8033,8234,13056,7757,8159,9059,11522,11167,11160,9565,7424,6474,6356,8619,7037,9083,9391,9638,8022,8692,8260,8543,8062,8419,12022,13080,12481,7886,8480,8612,9000,10999,11125,11252,11638,11152,11504,11382,9508,9589,9473,11382,10674,11444,11782,11381,8611,8630,8520,8701,8946,10403,8788,9473,10947,9917,9222,9120,9316,8900,9123,8597,10788,9524,9282,9463,9297,9801,8686,9052,8514,9072,9167,9039,9049,6577,8963,8603,8835,9161,8702,9152,11403,10201,9140,8951,9224,9277,9083,10623,9841,9523,9094,10970,7294,9211,10065,8790,9441,9352,11030,11437,10874,8989,8302,10552,11677,9026,9049,9433,8864,8926,9254,6606,8601,9289,8899,7389,7867,6119,8378,8212,8417,8908,9703,8989,9069,8277,10815,9343,7260,6688,9348,9873,6480,7618,9488,8665,8726,6847,11536,9187,9710,7559,10276,12329,9199,9551,11095,7225,5754,5826,5014,2785,9784,7674,11627,12447,12901,10371,6768,6150,6990,9292,8076,8714,9851,9823,8365,7967,9090,9224,9207,8265,8714,9093,9470,8373,8665,9096,9256,8977,8302,6336,9028,8592,8051,8193,8082,8442,7664,6533,7934,6354,4834,7870,7646,10983,8943,8715
49,-4,11823,12079,15569,11253,11669,12756,14844,14579,14527,13494,11682,10884,10636,12593,11119,12984,12761,12715,11576,12522,11794,12298,11547,12011,14602,15688,15626,12082,12319,12324,13060,14314,14591,14543,15297,14473,15179,15087,13728,13825,13534,15054,14766,15445,15522,14988,12384,12419,12308,12495,12790,13873,12527,13246,14572,13681,13086,12958,13172,12750,12991,12259,14321,13476,13215,13393,13282,14090,12625,12913,12384,12953,13035,12954,12913,10858,12849,12281,12633,12591,12414,13051,14999,13878,13081,12885,13196,13294,13079,14331,13704,13519,12994,14322,11546,13204,14058,12806,13408,13328,14313,15059,14420,12823,11983,13923,15106,12671,12897,13349,12637,12607,12971,10658,12213,13239,12648,10841,11427,10012,11977,11857,12111,12746,13081,12847,12500,11777,14138,13551,11310,10681,13032,13864,10241,11215,12987,12556,12394,11092,15713,13591,13824,12169,14688,15990,13158,13546,15572,11869,10035,10070,9024,6934,14237,12090,15188,16098,16538,14375,10860,10205,11338,13560,11492,12593,13214,13185,12028,11906,12754,13120,13136,12143,12411,12967,13391,12253,12377,12986,13087,12600,11837,10316,12590,12169,11559,11755,12027,12036,11621,10531,11720,10589,9138,11721,11569,14447,12903,12360
50,-2,15313,15619,17327,14445,14837,16071,17585,17441,17347,17053,15757,15209,14812,16308,15039,16538,15693,15323,14809,16033,14966,15729,14693,15259,16509,17554,18127,16066,15845,15694,16809,17091,17543,17278,18440,17245,18354,18299,17641,17749,17249,18221,18474,19010,18770,18100,15847,15900,15796,15976,16296,16867,15916,16645,17727,17042,16592,16446,16668,16266,16512,15566,17357,17055,16791,16944,16911,18055,16244,16430,15944,16499,16546,16527,16433,15007,16397,15612,16085,15600,15764,16598,18083,17120,16677,16482,16814,16962,16736,17595,17180,17149,16550,17166,15624,16861,17669,16516,17015,16954,17065,18177,17487,16315,15323,16806,17968,15928,16398,16900,16064,15891,16276,14516,15446,16831,16005,13970,14688,13730,15246,15192,15486,16255,16019,16365,15528,14941,16943,17440,15125,14471,16295,17465,13820,14546,16068,16136,15710,15172,19406,17721,17576,16641,18761,19056,16768,17172,19657,16407,14231,14231,12991,11235,18403,16316,18183,19139,19529,17946,14746,14106,15530,17536,14563,16151,16117,16088,15356,15565,16026,16663,16714,15729,15764,16504,16946,15839,15740,16528,16537,15819,15012,14115,15747,15375,14726,14974,15688,15266,15323,14339,15235,14711,13410,15309,15239,17390,16531,15633
51,0,18198,18548,18122,17072,17391,18711,19463,19464,19338,19934,19333,19130,18571,19463,18495,19438,17910,17210,17446,18930,17494,18542,17229,17884,17512,18445,19704,19517,18755,18432,19928,19050,19692,19183,20761,19185,20725,20713,20917,21031,20301,20576,21474,21817,21218,20420,18713,18786,18697,18856,19164,19099,18665,19376,20115,19703,19437,19286,19507,19151,19386,18232,19609,19952,19699,19802,19865,21363,19233,19304,18894,19409,19398,19448,19310,18710,19305,18313,18892,17910,18457,19486,20356,19628,19618,19432,19760,19960,19736,20112,19964,20101,19457,19236,19217,19870,20585,19614,19952,19918,19011,20493,19784,19160,18027,18924,19978,18513,19255,19783,18853,18482,18871,17878,18013,19755,18663,16505,17381,16996,17918,17945,18263,19144,18247,19245,17883,17501,18954,20685,18404,17767,18853,20363,16937,17347,18457,19115,18394,18779,22296,21238,20643,20639,22153,21215,19719,20114,23008,20508,18041,18015,16626,15397,21938,20028,20319,21254,21563,20766,18120,17555,19252,20892,17016,19082,18283,18259,18059,18642,18621,19549,19632,18731,18493,19406,19830,18835,18466,19420,19304,18349,17552,17442,18219,17932,17281,17572,18762,17847,18472,17666,18186,18412,17351,18348,18365,19524,19512,18247
52,2,20180,20563,17810,18885,19079,20404,20232,20393,20246,21845,22091,22314,21593,21764,21184,21390,19156,18155,19227,20930,19111,20459,18900,19625,17428,18181,20123,22119,20754,20258,22105,19939,20774,20015,21980,20044,22014,22049,23237,23348,22381,21838,23455,23562,22589,21680,20709,20802,20737,20860,21109,20308,20496,21158,21466,21384,21332,21193,21402,21121,21329,19987,20815,21871,21642,21671,21841,23683,21295,21250,20947,21400,21302,21421,21257,21649,21283,20113,20770,19266,20214,21424,21549,21128,21606,21435,21728,21975,21767,21601,21767,22075,21423,20292,22012,21929,22506,21802,21923,21922,19913,21731,21043,21066,19815,20028,20891,20160,21181,21711,20729,20100,20476,20445,19647,21717,20333,18186,19255,19535,19744,19861,20175,21133,19523,21203,19318,19209,19931,22968,20848,20279,20440,22265,19310,19364,19902,21216,20184,21602,24092,23812,22711,23817,24531,22190,21710,22071,25295,23827,21157,21125,19625,19096,24501,22900,21336,22165,22367,22535,20678,20252,22184,23303,18599,21092,19462,19449,19864,20839,20271,21488,21596,20866,20335,21394,21756,20957,20281,21371,21103,19928,19196,20006,19750,19583,18970,19289,20955,19512,20775,20221,20290,21376,20650,20561,20663,20590,21542,19935
53,4,21001,21403,16336,19678,19695,20922,19713,20033,19884,22539,23739,24448,23578,22950,22830,22142,19231,17994,19936,21790,19602,21242,19498,20262,16152,16666,19217,23580,21589,20938,23069,19572,20587,19597,21878,19636,21997,22082,24315,24415,23226,21780,24150,23990,22660,21666,21602,21715,21682,21756,21889,20288,21177,21758,21563,21855,22031,21929,22116,21935,22101,20604,20773,22562,22370,22299,22575,24728,22174,22026,21855,22229,22015,22193,22034,23526,22084,20791,21479,19465,20803,22162,21450,21395,22385,22231,22455,22739,22560,21831,22348,22816,22198,20158,23723,22780,23177,22823,22679,22709,19594,21675,21052,21785,20447,19929,20524,20654,21939,22441,21461,20518,20863,21950,20125,22465,20775,18797,20100,21102,20518,20726,21000,21987,19659,21998,19636,19864,19691,24011,22196,21752,20847,22924,20686,20382,20202,22205,20866,23356,24560,25142,23510,25852,25599,21768,22484,22787,26239,26044,23294,23284,21699,22001,25783,24635,21039,21655,21738,23003,22146,21923,24035,24483,19100,21928,19460,19470,20539,21900,20759,22234,22355,21893,21069,22230,22478,21957,20957,22136,21694,20340,19736,21546,20132,20118,19582,19911,22010,20043,21978,21747,21298,23309,23012,21709,21885,20388,22360,20476
54,6,20466,20872,13747,19313,19105,20118,17818,18285,18154,21846,24045,25265,24277,22826,23211,21518,18013,16645,19426,21337,18821,20724,18887,19651,13676,13908,16920,23672,21074,20311,22615,17851,19017,17844,20321,17864,20539,20672,23939,24017,22644,20264,23371,22927,21293,20252,21229,21361,21364,21382,21337,18919,20549,21017,20273,20963,21366,21327,21484,21421,21534,19934,19365,21853,21705,21510,21880,24278,21684,21464,21443,21726,21368,21581,21473,24101,21535,20194,20854,18385,20068,21527,19935,20288,21773,21635,21751,22054,21918,20652,21542,22145,21607,18743,24122,22234,22423,22488,22042,22098,17964,20193,19685,21140,19758,18519,18789,19856,21360,21808,20891,19582,19882,22183,19304,21825,19823,18191,19772,21510,20105,20395,20585,21542,18545,21461,18719,19335,18142,23607,22246,21990,19942,22170,20865,20249,19236,21917,20297,23816,23550,24998,22845,26472,25135,19832,21858,22082,25635,26886,24214,24263,22600,23798,25542,24995,19324,19605,19570,22000,22311,22350,24571,24213,18384,21407,18166,18212,19927,21633,19943,21617,21733,21637,20550,21747,21830,21658,20337,21542,20915,19453,19034,21859,19238,19402,18982,19296,21739,19295,21891,22044,21027,23965,24186,21617,21849,18807,21774,19725
55,8,18482,18873,10205,17742,17270,17946,14578,15160,15071,19693,22864,24578,23520,21288,22189,19439,15490,14131,17646,19494,16726,18838,17025,17742,10106,10035,13283,22257,19124,18314,20638,14790,16058,14783,17289,14745,17614,17791,21993,22040,20546,17265,21034,20308,18462,17420,19521,19670,19711,19668,19382,16190,18552,18877,17572,18660,19268,19321,19441,19510,19559,17924,16583,19670,19570,19233,19669,22214,19738,19494,19629,19820,19294,19507,19503,23213,19561,18271,18828,16004,17952,19445,16994,17769,19689,19560,19528,19824,19743,18023,19288,19981,19573,16060,23067,20206,20170,20707,19937,20007,15043,17267,16922,19055,17679,15797,15708,17727,19378,19746,18960,17247,17488,21022,17141,19721,17418,16317,18219,20653,18459,18813,18871,19733,16177,19524,16548,17582,15297,21647,20889,20883,17697,19937,19731,18901,16980,20278,18430,22839,21023,23242,20623,25492,23015,16383,19750,19876,23384,26164,23759,23911,22154,24228,23633,23827,16202,16015,15881,19465,21048,21400,23639,22373,16410,19444,15574,15672,17966,19942,17786,19565,19654,20018,18725,19876,19742,19974,18365,19519,18706,17233,17052,20830,17042,17399,17127,17399,20048,17224,20415,20997,19386,23182,23994,20200,20462,15848,19694,17636
56,10,15072,15429,5981,15022,14261,14476,10148,10798,10777,16132,20159,22305,21244,18340,19731,15949,11764,10586,14654,16300,13390,15630,13981,14601,5662,5290,8488,19310,15770,14998,17153,10528,11832,10562,12891,10422,13325,13539,18484,18491,16965,12886,17177,16193,14265,13277,16520,16683,16760,16657,16072,12209,15243,15398,13557,15016,15787,15961,16039,16245,16225,14636,12540,16065,16011,15518,15981,18542,16368,16164,16448,16554,15842,16008,16174,20811,16205,15083,15454,12424,14518,15963,12739,13923,16172,16041,15823,16078,16063,14026,15644,16369,16139,12239,20527,16727,16465,17506,16410,16477,10973,13003,12870,15574,14261,11884,11431,14345,16042,16306,15724,13584,13758,18454,13710,16200,13623,13233,15497,18525,15638,16033,15908,16606,12663,16233,13218,14676,11292,18146,18126,18429,14203,16281,17265,16372,13527,17329,15330,20389,17061,19856,16876,22835,19244,11555,16197,16215,19515,23794,21866,22169,20282,23115,20034,21093,11809,11016,10822,15459,18342,19043,21199,18963,13250,16073,11797,11967,14711,16847,14363,16127,16160,17068,15653,16662,16264,16933,15096,16111,15127,13766,13865,18447,13631,14186,14088,14290,16959,13901,17564,18598,16397,20901,22354,17483,17739,11637,16152,14280
57,12,10390,10693,1437,11319,10267,9906,4809,5467,5542,11339,16022,18488,17505,14112,15926,11219,7066,6258,10626,11913,9009,11271,9940,10411,674,26,2838,14937,11174,10540,12308,5329,6590,5455,7368,5165,7904,8147,13556,13513,12066,7365,11975,10779,8931,8057,12388,12559,12664,12511,11581,7213,10801,10767,8454,10230,11104,11424,11457,11794,11706,10253,7476,11216,11203,10546,10985,13404,11737,11649,12059,12096,11191,11256,11660,16965,11635,10813,10909,7863,9954,11256,7415,8965,11392,11245,10802,10979,11037,8872,10797,11479,11475,7528,16590,11961,11488,13038,11635,11675,6012,7637,7761,10869,9679,7019,6228,9909,11527,11667,11361,8795,8896,14587,9208,11438,8633,9114,11768,15232,11810,12218,11865,12331,8227,11761,8936,10798,6381,13250,14082,14744,9670,11387,13565,12806,9085,13226,11176,16552,11875,14959,11768,18554,13959,5616,11369,11273,14191,19819,18592,19091,17023,20393,14858,16878,6411,4876,4676,10179,14301,15370,17330,14118,9097,11458,7069,7330,10341,12491,9877,11478,11426,12938,11509,12271,11572,12685,10710,11491,10364,9256,9668,14819,9214,9957,10049,10155,12621,9521,13472,14957,12203,17185,19295,13605,13815,6425,11313,9848
58,14,4719,4950,-3007,6903,5582,4551,-1049,-449,-254,5616,10671,13301,12490,8854,10985,5547,1736,1490,5848,6615,3896,6050,5196,5465,-4450,-5326,-3255,9375,5624,5238,6381,-431,694,-162,1084,-646,1705,1967,7485,7385,6146,1061,5733,4391,2808,2107,7401,7570,7693,7504,6202,1550,5522,5286,2604,4618,5522,6008,5993,6447,6296,5078,1743,5429,5449,4629,4984,7078,6131,6240,6745,6736,5641,5546,6254,11877,6146,5756,5494,2657,4569,5624,1381,3225,5647,5467,4766,4822,4961,2895,5056,5614,5876,2274,11477,6199,5545,7578,5909,5896,525,1525,1942,5240,4231,1551,477,4733,6130,6129,6166,3203,3231,9652,3952,5738,2769,4248,7304,10990,7243,7635,7019,7195,3196,6401,4019,6232,925,7237,9003,10061,4422,5567,8843,8450,3968,8241,6259,11541,5799,8802,5598,12836,7439,-1043,5561,5355,7707,14416,14110,14845,12540,16122,8360,11402,384,-2012,-2148,3949,9161,10596,12243,8106,4253,5888,1735,2105,5150,7147,4641,5917,5749,7899,6578,6985,5961,7499,5502,5956,4729,4025,4763,10171,4109,5017,5307,5292,7308,4390,8398,10301,7072,12228,14972,8820,8941,578,5470,4646
59,16,-1542,-1401,-6912,2126,586,-1177,-6953,-6480,-6145,-629,4448,7047,6509,2924,5233,-661,-3794,-3305,697,786,-1542,360,127,153,-9258,-10295,-9304,2983,-481,-510,-231,-6294,-5401,-5831,-5502,-6548,-4818,-4548,669,506,-384,-5562,-1131,-2537,-3661,-4129,1931,2087,2213,2009,332,-4340,-195,-641,-3558,-1406,-550,111,46,594,393,-496,-4218,-880,-840,-1815,-1606,-33,-49,336,893,866,-402,-714,356,5871,136,304,-386,-2774,-1226,-524,-4907,-2867,-654,-886,-1870,-1978,-1753,-3470,-1163,-818,-255,-3104,5522,-155,-949,1516,-357,-451,-5048,-4883,-4145,-906,-1683,-4091,-5362,-776,248,95,534,-2766,-2811,3996,-1649,-489,-3538,-988,2460,6115,2289,2640,1742,1585,-2023,548,-1137,1347,-4639,508,3251,4723,-1125,-760,3413,3634,-1424,2744,955,5683,-734,1765,-1219,6007,88,-7935,-818,-1126,482,7892,8713,9710,7115,10503,923,5006,-5806,-9158,-9152,-2798,3273,5052,6268,1321,-885,-237,-3778,-3282,-464,1194,-936,-151,-464,2322,1236,1186,-166,1747,-135,-93,-1365,-1516,-453,4844,-1279,-240,243,93,1403,-1087,2706,4967,1374,6343,9653,3482,3473,-5448,-966,-923
60,18,-7906,-7869,-9867,-2607,-4286,-6799,-12396,-12111,-11618,-6913,-2209,143,-22,-3242,-910,-6921,-9043,-7688,-4390,-5118,-6834,-5337,-4830,-5079,-13301,-14416,-14792,-3778,-6659,-6239,-7042,-11758,-11191,-11061,-11869,-12033,-11154,-10883,-6398,-6627,-7027,-11982,-8116,-9494,-9975,-10159,-3584,-3457,-3343,-3538,-5558,-9967,-5888,-6544,-9542,-7360,-6629,-5797,-5910,-5301,-5536,-6006,-9917,-7219,-7173,-8286,-8284,-7427,-6322,-5593,-5036,-5049,-6458,-7038,-5565,-625,-5919,-5086,-6257,-7954,-6953,-6704,-10943,-8821,-7022,-7321,-8606,-8916,-8604,-9721,-7375,-7326,-6439,-8147,-837,-6618,-7502,-4680,-6678,-6883,-10231,-11078,-10006,-7083,-7585,-9430,-10791,-6154,-5647,-5958,-5077,-8617,-8732,-1947,-7119,-6751,-9783,-6154,-2352,999,-2650,-2355,-3532,-4045,-6980,-5333,-6088,-3440,-9832,-6446,-2727,-847,-6498,-7098,-2327,-1253,-6643,-2827,-4298,-596,-7221,-5668,-8176,-1496,-7591,-14517,-7279,-7671,-6975,670,2790,4054,1137,3865,-6960,-1862,-11644,-16014,-15784,-9546,-2919,-840,-162,-5748,-5864,-6437,-8994,-8361,-6039,-4904,-6382,-6244,-6726,-3346,-4083,-4675,-6336,-4124,-5743,-6181,-7433,-6896,-5530,-741,-6489,-5366,-4705,-4993,-4624,-6443,-3157,-625,-4438,-48,3714,-1985,-2160,-11150,-7500,-6395
61,20,-13843,-13922,-11547,-6878,-8588,-11818,-16877,-16826,-16167,-12718,-8793,-6914,-6612,-9165,-6970,-12713,-13524,-11237,-8960,-10612,-11492,-10549,-9228,-9766,-16179,-17284,-19223,-10387,-12388,-11451,-13515,-16329,-16169,-15371,-17484,-16602,-16774,-16506,-13168,-13463,-13242,-17659,-14677,-15937,-15618,-15479,-8681,-8599,-8517,-8673,-10968,-14837,-11068,-11928,-14846,-12743,-12200,-11215,-11378,-10744,-10991,-10972,-14856,-13061,-13022,-14249,-14504,-14544,-12166,-11050,-10540,-10509,-12013,-12902,-11008,-7111,-11513,-9939,-11611,-12403,-12105,-12398,-16211,-14129,-12926,-13306,-14897,-15440,-15041,-15338,-13063,-13381,-12162,-12413,-7105,-12660,-13584,-10498,-12532,-12872,-14562,-16545,-15138,-12770,-12972,-13994,-15323,-10917,-11057,-11524,-10179,-13830,-14011,-7684,-11964,-12521,-15426,-10792,-6707,-3921,-7159,-6925,-8348,-9211,-11229,-10743,-10388,-7701,-14185,-13078,-8434,-6175,-11211,-12914,-7935,-5807,-11234,-8004,-9047,-6803,-13135,-12947,-14723,-9146,-15030,-20236,-13292,-13747,-14103,-6740,-3199,-1688,-4927,-3349,-14726,-8681,-16617,-22019,-21487,-15750,-8910,-6596,-6546,-12554,-10217,-12192,-13438,-12664,-11087,-10637,-11210,-11851,-12517,-8629,-8923,-10117,-12045,-9633,-10840,-11800,-12961,-11629,-10002,-6107,-11053,-9900,-9084,-9500,-10264,-11194,-8699,-6003,-9873,-6452,-2390,-7126,-7485,-16020,-13589,-11289
62,22,-18827,-19028,-11746,-10308,-11912,-15767,-19963,-20167,-19343,-17541,-14777,-13582,-12739,-14367,-12454,-17531,-16797,-13598,-12591,-15224,-15061,-14805,-12656,-13476,-17597,-18599,-22169,-16301,-17157,-15673,-19112,-19568,-19877,-18347,-21855,-19813,-21187,-20919,-19087,-19445,-18494,-22089,-20281,-21339,-20113,-19631,-12918,-12900,-12868,-12956,-15419,-18502,-15270,-16326,-19010,-17081,-16768,-15666,-15877,-15262,-15493,-14939,-18588,-17892,-17873,-19179,-19730,-20815,-17068,-15552,-15135,-15034,-16575,-17793,-15493,-13058,-16152,-13809,-15963,-15684,-16204,-17102,-20241,-18315,-17849,-18317,-20204,-21001,-20517,-19828,-17731,-18463,-16923,-15515,-12761,-17765,-18681,-15433,-17409,-17905,-17639,-20805,-19082,-17458,-17353,-17363,-18530,-14619,-15501,-16115,-14311,-17913,-18156,-12711,-15723,-17285,-19948,-14472,-10211,-8208,-10858,-10670,-12277,-13453,-14377,-15207,-13635,-11049,-17289,-18838,-13366,-10785,-14814,-17693,-12965,-9647,-14786,-12339,-12873,-12428,-17970,-19500,-20308,-16368,-21649,-24586,-18339,-18826,-20337,-13780,-8761,-7055,-10579,-10613,-21788,-14902,-20258,-26654,-25754,-20875,-14182,-11718,-12356,-18539,-13512,-16990,-16685,-15776,-15143,-15503,-14967,-16473,-17328,-13061,-12862,-14682,-16803,-14308,-14969,-16458,-17454,-15268,-13441,-10772,-14540,-13417,-12483,-12998,-15008,-14887,-13432,-10689,-14449,-12342,-8163,-11496,-12040,-19604,-18701,-15152
63,24,-22389,-22713,-10414,-12594,-13937,-18258,-21332,-21781,-20804,-20946,-19663,-19325,-17894,-18428,-16906,-20935,-18517,-14531,-14939,-18548,-17170,-17706,-14788,-15857,-17392,-18204,-23324,-21016,-20517,-18505,-23345,-21147,-21958,-19686,-24578,-21333,-23987,-23712,-23646,-24063,-22308,-24856,-24451,-25244,-23069,-22247,-15926,-15993,-16025,-16017,-18501,-20609,-18107,-19342,-21661,-19983,-19906,-18743,-18999,-18447,-18632,-17533,-20759,-21267,-21278,-22624,-23485,-25712,-20575,-18690,-18398,-18209,-19717,-21263,-18608,-17957,-19410,-16326,-18902,-17458,-18846,-20382,-22656,-20990,-21337,-21889,-24048,-25102,-24539,-22779,-20954,-22117,-20287,-17175,-17316,-21472,-22341,-19035,-20864,-21527,-19170,-23473,-21470,-20708,-20312,-19213,-20090,-16896,-18571,-19314,-17086,-20448,-20752,-16566,-18015,-20595,-22902,-16842,-12549,-11472,-13442,-13269,-14967,-16381,-16129,-18317,-15524,-13179,-18840,-23221,-17066,-14248,-16945,-20985,-17010,-12463,-16976,-15446,-15432,-16986,-21298,-24786,-24436,-22590,-26904,-27153,-21961,-22448,-25159,-19893,-13421,-11607,-15330,-17362,-27585,-19997,-22205,-29492,-28177,-24456,-18257,-15739,-17088,-23186,-15403,-20383,-18409,-17382,-17820,-19053,-17281,-19683,-20717,-16241,-15553,-17976,-20191,-17741,-17749,-19733,-20495,-17449,-15505,-14297,-16612,-15579,-14570,-15136,-18409,-17150,-16922,-14251,-17742,-17210,-13112,-14714,-15415,-21544,-22358,-17613
64,26,-24167,-24607,-7670,-13554,-14469,-19032,-20813,-21461,-20353,-22611,-23029,-23666,-21638,-21019,-19950,-22599,-18478,-13938,-15785,-20291,-17577,-18970,-15426,-16682,-15565,-16110,-22533,-24107,-22130,-19662,-25827,-20881,-22190,-19235,-25383,-20974,-24897,-24599,-26434,-26900,-24315,-25676,-26815,-27303,-24221,-23091,-17451,-17619,-17728,-17599,-19922,-20945,-19308,-20704,-22559,-21176,-21310,-20157,-20455,-20009,-20117,-18500,-21152,-22857,-22903,-24242,-25404,-28801,-22344,-20170,-20016,-19732,-21132,-22977,-20062,-21373,-20977,-17244,-20134,-17519,-19753,-21919,-23214,-21890,-23048,-23671,-26056,-27353,-26720,-23902,-22425,-23997,-21933,-17251,-20360,-23430,-24226,-20963,-22564,-23397,-19008,-24295,-22067,-22192,-21545,-19357,-19829,-17511,-19975,-20820,-18236,-21147,-21512,-18875,-18590,-22118,-23959,-17667,-13521,-13416,-14723,-14513,-16179,-17721,-16326,-19784,-15880,-13912,-18675,-25819,-19171,-16231,-17375,-22456,-19750,-14049,-17608,-17053,-16503,-20068,-22811,-28345,-26717,-27297,-30340,-27663,-23811,-24262,-28146,-24574,-16767,-14968,-18752,-23043,-31631,-23511,-22233,-30237,-28490,-26146,-20743,-18278,-20313,-26072,-15672,-22035,-18423,-17308,-18850,-20943,-17909,-21170,-22353,-17877,-16765,-19721,-21904,-19629,-18918,-21318,-21784,-17943,-15981,-16337,-17062,-16178,-15144,-15693,-20120,-17739,-18834,-16348,-19436,-20617,-16798,-16503,-17304,-21622,-24192,-18424
65,28,-23948,-24489,-3792,-13150,-13469,-17990,-18412,-19175,-17967,-22362,-24578,-26232,-23641,-21949,-21334,-22349,-16641,-11887,-15060,-20301,-16200,-18466,-14522,-15877,-12282,-12496,-19817,-25283,-21808,-19014,-26308,-18755,-20520,-17011,-24164,-18721,-23797,-23455,-27177,-27682,-24298,-24427,-27146,-27317,-23463,-22087,-17383,-17669,-17859,-17590,-19543,-19458,-18759,-20289,-21618,-20547,-20826,-19774,-20107,-19806,-19805,-17743,-19714,-22484,-22567,-23847,-25270,-29783,-22184,-19848,-19826,-19451,-20663,-22753,-19712,-22986,-20692,-16472,-19520,-15829,-18804,-21546,-21840,-20910,-22789,-23458,-26004,-27508,-26817,-23065,-21985,-23907,-21689,-15758,-21608,-23436,-24143,-21015,-22326,-23320,-17169,-23175,-20801,-21735,-20900,-17768,-17742,-16390,-19576,-20484,-17645,-19878,-20309,-19397,-17357,-21672,-22949,-16856,-13073,-13869,-14650,-14336,-15823,-17351,-14968,-19471,-14686,-13213,-16799,-26364,-19460,-16535,-16035,-21924,-20980,-14332,-16642,-17030,-16014,-21391,-22357,-29841,-26904,-30071,-31633,-26005,-23690,-24068,-29017,-27417,-18497,-16869,-20528,-27166,-32767,-25106,-20287,-28758,-26595,-25749,-21384,-19085,-21723,-26911,-14261,-21757,-16704,-15545,-18121,-20976,-16766,-20772,-22059,-17823,-16421,-19781,-21784,-19811,-18366,-21057,-21179,-16680,-14814,-16681,-15842,-15161,-14160,-14604,-19943,-16570,-18978,-16772,-19357,-22240,-18881,-16728,-17540,-19791,-23985,-17497
66,30,-21691,-22313,802,-11497,-11063,-15210,-14313,-15075,-13805,-20196,-24165,-26794,-23727,-21179,-20958,-20186,-13142,-8602,-12861,-18593,-13135,-16236,-12197,-13538,-7864,-7699,-15376,-24412,-19540,-16599,-24708,-14933,-17070,-13207,-20993,-14736,-20743,-20332,-25768,-26300,-22214,-21167,-25385,-25259,-20857,-19329,-15779,-16192,-16459,-16041,-17398,-16273,-16517,-18147,-18930,-18154,-18482,-17632,-17988,-17867,-17727,-15335,-16567,-20149,-20265,-21429,-23044,-28525,-20075,-17755,-17831,-17379,-18329,-20581,-17592,-22636,-18568,-14088,-17099,-12526,-16055,-19274,-18634,-18120,-20547,-21222,-23840,-25492,-24762,-20306,-19649,-21822,-19556,-12874,-20931,-21456,-22072,-19164,-20142,-21272,-13838,-20196,-17773,-19337,-18392,-14584,-13997,-13630,-17408,-18331,-15367,-16691,-17194,-18058,-14402,-19254,-19880,-14471,-11303,-12817,-13320,-12826,-13969,-15318,-12221,-17410,-12090,-11206,-13382,-24757,-17878,-15130,-13033,-19383,-20633,-13375,-14197,-15411,-14054,-20825,-19963,-29100,-24925,-30640,-30620,-22252,-21572,-21843,-27656,-28159,-18455,-17182,-20485,-29349,-32767,-24603,-16487,-25098,-22576,-23250,-20087,-18070,-21172,-25581,-11284,-19533,-13400,-12255,-15693,-19122,-13942,-18505,-19831,-16097,-14599,-18187,-19845,-18291,-16153,-18966,-18712,-13766,-12122,-15285,-13079,-12646,-11737,-11975,-17854,-13729,-17326,-15479,-17502,-21907,-19162,-15410,-16119,-16176,-21693,-14911
67,32,-17540,-18215,5607,-8849,-7534,-10947,-8871,-9487,-8196,-16288,-21823,-25293,-21889,-18833,-18892,-16289,-8287,-4449,-9443,-15346,-8649,-12495,-8725,-9921,-2753,-2184,-9577,-21543,-15496,-12629,-21123,-9744,-12133,-8179,-16117,-9349,-15962,-15458,-22288,-22831,-18205,-16136,-21652,-21275,-16639,-15078,-12854,-13397,-13729,-13163,-13696,-11683,-12809,-14495,-14749,-14227,-14481,-13944,-14307,-14391,-14087,-11517,-12000,-16037,-16176,-17163,-18873,-25081,-16182,-14095,-14210,-13704,-14325,-16635,-13910,-20337,-14794,-10338,-13086,-7916,-11743,-15293,-13870,-13763,-16488,-17117,-19696,-21416,-20669,-15840,-15607,-17896,-15711,-8919,-18377,-17638,-18171,-15556,-16182,-17410,-9354,-15609,-13252,-15178,-14210,-10096,-8924,-9496,-13680,-14562,-11628,-11813,-12402,-14962,-9984,-15043,-14944,-10727,-8451,-10405,-10968,-10213,-10846,-11836,-8399,-13811,-8392,-8160,-8754,-21084,-14552,-12159,-8650,-15011,-18781,-11371,-10546,-12393,-10866,-18416,-15835,-26129,-20891,-28903,-27322,-16654,-17612,-17743,-24134,-26704,-16654,-15935,-18617,-29361,-30410,-22003,-11127,-19475,-16692,-18816,-16944,-15320,-18693,-22149,-7022,-15528,-8822,-7762,-11798,-15536,-9698,-14562,-15844,-12891,-11538,-15132,-16273,-15238,-12507,-15241,-14597,-9478,-8186,-12280,-9061,-8914,-8156,-8077,-14008,-9477,-14031,-12598,-14038,-19625,-17610,-12735,-13204,-11078,-17457,-10918
68,34,-11811,-12506,10076,-5576,-3296,-5610,-2576,-2885,-1613,-10973,-17757,-21850,-18296,-15186,-15366,-11006,-2523,107,-5197,-10891,-3160,-7613,-4512,-5423,2527,3505,-2917,-16908,-10017,-7468,-15824,-3653,-6145,-2409,-9946,-3030,-9839,-9219,-16994,-17536,-12593,-9736,-16241,-15685,-11193,-9742,-8965,-9634,-10008,-9306,-8807,-6124,-8014,-9707,-9479,-9153,-9195,-9082,-9429,-9735,-9247,-6678,-6444,-10501,-10647,-11393,-13077,-19684,-10839,-9229,-9303,-8769,-9012,-11257,-9032,-16288,-9724,-5613,-7857,-2448,-6258,-9960,-7972,-8237,-10951,-11472,-13877,-15565,-14831,-10035,-10207,-12452,-10497,-4324,-14168,-12298,-12765,-10509,-10782,-12058,-4175,-9819,-7654,-9605,-8694,-4721,-2986,-4401,-8760,-9538,-6800,-5633,-6324,-10386,-4514,-9390,-8499,-5959,-4876,-6922,-7934,-6850,-6815,-7273,-3938,-9038,-4016,-4461,-3367,-15610,-9783,-7931,-3312,-9155,-15625,-8617,-6086,-8320,-6826,-14383,-10347,-21115,-15092,-24942,-21941,-9620,-12135,-12100,-18701,-23140,-13277,-13316,-15089,-27144,-25438,-17488,-4646,-12265,-9361,-12789,-12223,-11100,-14501,-16863,-1896,-10078,-3414,-2521,-6821,-10538,-4442,-9302,-10442,-8545,-7609,-10957,-11411,-10975,-7800,-10237,-9205,-4241,-3425,-7967,-4217,-4382,-3828,-3319,-8735,-4219,-9407,-8423,-9294,-15577,-14370,-9034,-9114,-4938,-11596,-5913
69,36,-4967,-5647,13688,-2115,1157,276,3989,4151,5371,-4720,-12332,-16757,-13284,-10639,-10758,-4820,3603,4550,-604,-5678,2806,-2079,-50,-538,7432,8800,4012,-10899,-3586,-1599,-9234,2781,349,3537,-3011,3656,-2882,-2131,-10309,-10837,-5852,-2499,-9597,-8951,-5025,-3834,-4575,-5355,-5739,-4926,-3225,-133,-2624,-4268,-3633,-3436,-3127,-3542,-3845,-4378,-3694,-1315,-434,-4034,-4168,-4608,-6128,-12736,-4526,-3643,-3575,-3045,-2877,-4929,-3451,-10850,-3840,-410,-1917,3335,-118,-3765,-1478,-2053,-4417,-4758,-6835,-8377,-7692,-3386,-3930,-5953,-4390,417,-8689,-5897,-6317,-4481,-4419,-5682,1167,-3347,-1503,-3104,-2305,1041,3266,1138,-3141,-3747,-1373,1334,520,-4758,1484,-2786,-1039,-587,-1011,-2777,-4626,-3164,-2338,-2113,653,-3581,535,-564,2249,-8763,-4020,-2893,2453,-2304,-11463,-5468,-1296,-3648,-2399,-9101,-4002,-14420,-7973,-19022,-14852,-1682,-5607,-5388,-11775,-17736,-8667,-9653,-10227,-22822,-18570,-11415,2414,-3962,-1120,-5652,-6350,-5825,-8983,-10140,3574,-3656,2292,2931,-1260,-4594,1308,-3215,-4107,-3524,-3273,-6115,-5729,-5948,-2519,-4439,-3040,1419,1645,-2789,934,443,745,1788,-2505,1528,-3907,-3388,-3731,-10117,-9754,-4746,-4292,1695,-4578,-398
70,38,2423,1794,16001,1082,5298,6121,10206,10991,12138,1912,-6039,-10456,-7322,-5677,-5551,1695,9502,8370,3812,-227,8667,3546,4142,4192,11453,13167,10591,-4044,3216,4424,-1888,8961,6753,9069,4079,10106,4324,5213,-2784,-3288,1435,4960,-2279,-1645,1290,2075,-201,-1066,-1418,-531,2480,5704,2800,1263,2217,2353,3133,2105,1878,1130,2011,4019,5448,2776,2678,2610,1393,-4776,2183,2100,2423,2924,3505,1772,2264,-4524,2287,4719,4154,8845,6092,2708,5011,4204,2530,2447,867,-406,188,3534,2664,1041,2047,4800,-2445,1004,609,1974,2340,1157,6122,3221,4619,3747,4419,6660,9250,6551,2610,2240,4101,8497,7533,1383,7429,4180,6850,4926,2691,1555,-1465,387,2083,3097,4849,1998,4740,3053,7537,-1096,2182,2415,8062,4959,-6653,-2299,3317,1104,1912,-3070,2609,-6549,-97,-11568,-6570,6551,1407,1818,-3902,-10921,-3292,-5378,-4485,-16693,-10274,-4286,9453,4853,7422,2006,135,-25,-2658,-2533,8823,3165,7729,8023,4321,1735,6980,3123,2589,1634,965,-1124,223,-676,2794,1586,3318,6925,6470,2713,5830,5013,5031,6694,4108,7197,1924,1982,2104,-3732,-4216,-375,740,8223,3018,5071
71,40,9737,9193,16702,3604,8634,11328,15484,17014,18083,8332,551,-3498,-969,-818,-286,7929,14599,11125,7549,4924,13846,8688,7571,8244,14172,16166,16221,3051,9767,10031,5614,14313,12475,13631,10696,15732,11172,12192,4951,4478,8624,11998,5084,5604,7156,7412,3645,2732,2460,3372,7721,10812,7695,6319,7497,7627,8972,7271,7159,6219,7286,8770,10631,9304,9268,9631,8852,3570,8667,7420,8114,8568,9535,8230,7526,2103,8065,9227,9755,13513,11769,8848,10889,9944,9268,9520,8610,7727,8185,10127,8982,7927,8217,8369,3978,7796,7405,8253,8887,7853,10185,9285,10130,10336,10920,11630,14411,11278,7907,7834,9063,15242,14102,7445,12738,10880,14542,10126,5808,5581,1171,3377,5955,7798,8168,7118,8112,5957,11979,6760,8218,7417,12945,12007,-1575,555,7273,5411,5623,3141,8868,1894,7905,-3136,2290,14444,8296,8892,4282,-3252,2300,-982,1599,-9203,-1130,3303,15879,13570,15632,9551,6626,5710,3864,5321,13300,9773,12353,12221,9352,7843,12005,9105,9034,6379,4618,3490,5873,4301,7592,7246,9267,11709,10516,7954,9934,8807,8525,10862,10488,12222,7504,7119,7638,2997,1697,3570,5438,14051,10557,9941
72,42,16358,15925,15639,5135,10758,15359,19314,21666,22670,13974,6845,3507,5178,3444,4497,13299,18393,12488,10178,9278,17828,12822,9831,11162,15307,17493,20391,9749,15465,14696,12659,18339,16983,16764,16251,20022,17087,18215,12239,11798,15072,18001,11857,12165,12022,11664,6514,5599,5461,6339,11954,14685,11549,10385,11693,11854,13810,11414,11454,10365,11595,12448,14611,14946,14996,15844,15618,11636,14325,11778,12954,13355,14645,13847,11792,8412,12929,12631,14327,16848,16359,14069,15606,14623,15184,15844,15773,15390,15666,15826,14463,14113,13551,10767,9976,13880,13473,13772,14633,13813,12944,14294,14508,16068,16670,15523,18275,14823,12209,12480,13009,20991,19646,12839,16888,16705,21428,14606,8003,8850,2990,5461,8853,11485,10227,11246,10261,7803,15143,14155,13491,11565,16599,18232,3414,2832,10175,8802,8328,8946,14188,10254,15390,5635,11062,21390,14460,15222,12113,4638,7541,3040,7458,-914,8212,10706,21154,21594,22907,16355,12516,10791,9949,12753,16529,15572,15703,15077,13317,13143,15873,14157,14641,10202,7275,7251,10682,8481,11385,11984,14240,15275,13327,12372,12790,11384,10807,13829,16033,16097,12275,11481,12322,9454,7394,6633,9296,18652,17404,13720
73,44,21727,21423,12835,5491,11400,17786,21319,24514,25485,18349,12282,9948,10548,6692,8316,17301,20505,12285,11399,12429,20210,15524,10648,12616,14744,17010,22718,15448,19782,17990,18680,20669,19864,18146,20252,22589,21582,22779,18460,18049,20199,22445,17451,17466,15433,14430,8072,7212,7261,8041,14735,16941,13960,13047,14400,14604,17158,14091,14323,13142,14498,14670,17002,19178,19340,20707,21116,18779,18631,14736,16487,16841,18356,18106,14619,13811,16407,14564,17409,18489,19408,17873,18720,17799,19744,20869,21784,21992,22040,20151,18627,19079,17562,11774,14986,18721,18288,18017,19069,18518,14130,17802,17342,20430,21214,18027,20494,16810,15073,15720,15539,25253,23677,17040,19465,21124,26963,18038,9056,11006,3829,6416,10469,13760,10784,13948,10934,8380,16733,20474,17475,14393,18643,23096,8010,4376,11753,10911,9742,13801,18074,17880,21757,14077,19087,26863,19369,20262,18954,12091,11898,6251,12554,7550,17089,17295,24849,28389,28721,21856,17248,14691,14994,19121,18154,20039,17445,16279,15806,17122,18189,17796,18901,12696,8643,9786,14204,11454,13792,15338,17766,17247,14578,15481,14070,12434,11592,15258,20214,18432,15759,14601,15696,15047,12308,8462,11903,21610,22982,16029
74,46,25392,25225,8484,4644,10453,18336,21292,25279,26268,21094,16392,15269,14648,8638,10798,19567,20715,10513,11066,14110,20744,16518,9914,12433,12542,14762,22989,19637,22319,19620,23205,21091,20855,17626,22346,23202,24301,25513,23087,22696,23537,24939,21381,21043,17078,15464,8141,7400,7688,8300,15769,17355,14676,14042,15369,15601,18674,15013,15469,14269,15701,15211,17578,21609,21902,23798,24884,24431,21183,15999,18389,18718,20324,20617,15710,17797,18165,14812,18683,18237,20606,19896,19942,19178,22533,24163,26173,27032,26812,22748,21120,22416,19893,11328,18541,21905,21439,20597,21806,21565,13643,19503,18373,23035,24215,18971,20883,17019,16205,17239,16401,27664,25840,19635,20207,23733,30710,20194,8892,11823,3667,6170,10643,14371,9767,14941,10047,7633,16614,25192,19765,15572,18852,26185,11978,5145,11890,11519,9733,17260,20168,24187,26501,21545,25764,30454,22609,23583,24250,18487,14934,8316,16431,15556,24871,22514,26675,32767,32661,25602,20376,16997,18494,23873,17975,22773,17406,15684,16559,19395,18711,19670,21435,13598,8591,10868,16126,12947,14579,16983,19513,17406,14105,16927,13613,11816,10758,14967,22628,18986,17606,16142,17434,19266,15944,8855,12982,22661,26823,16641
75,48,27047,27016,2924,2722,7984,16918,19212,23865,24936,22003,18842,19026,17117,9148,11725,19891,18984,7338,9211,14212,19356,15698,7695,10618,8931,10967,21176,21944,22837,19456,25896,19575,19873,15242,22356,21808,25046,26204,25728,25345,24775,25261,23310,22589,16821,14697,6721,6164,6735,7110,14941,15889,13623,13285,14532,14747,18189,14067,14772,13640,15082,14016,16294,22012,22449,24853,26608,28145,21745,15448,18502,18836,20371,21152,14948,20001,18036,13336,18009,16077,19819,19943,19162,18639,23299,25444,28603,30135,29618,23420,21747,23869,20351,9528,20313,23168,22673,21278,22618,22709,11562,19270,17520,23656,25468,18337,19425,15407,15487,16890,15510,28016,25939,20368,19023,24290,32370,20956,7577,11228,2625,4802,9380,13244,7282,14117,7690,5667,14824,27921,20118,14938,17178,27240,15164,5210,10634,10577,8339,19016,20283,28693,29252,27475,30598,31905,23919,24908,27577,23297,16347,9044,18762,22510,31014,25927,26508,32767,32767,27290,21602,17454,20085,26590,15968,23534,15589,13329,15492,19738,17370,19602,22023,12816,7153,10435,16302,12853,13687,16768,19320,15718,11924,16518,11439,9567,8366,12955,23031,17690,17632,15932,17371,21729,17939,7776,12423,21717,28604,15501
76,50,26552,26647,-3395,-8,4232,13632,15249,20366,21585,21042,19461,20923,17757,8261,11052,18255,15452,3077,6032,12796,16150,13144,4228,7350,4286,5995,17438,22168,21286,17540,26575,16270,17021,11213,20295,18534,23797,24820,26166,25773,23787,23375,23076,21977,14713,12248,3986,3680,4564,4640,12325,12690,10912,10876,12007,12136,15729,11332,12298,11330,12708,11212,13287,20348,20934,23784,26147,29633,20264,13150,16842,17216,18502,19670,12405,20223,16039,10276,15433,12180,17096,18006,16460,16245,21972,24609,28901,31084,30254,22141,20483,23351,18920,6613,20146,22424,21912,20004,21453,21879,8132,17161,14889,22245,24916,16251,16278,12113,12986,14718,12963,26272,23956,19158,16009,22735,31806,20307,5302,9307,948,2530,6848,10481,3599,11558,4123,2730,11569,28438,18471,12517,13756,26175,17479,4722,8189,8204,5757,18932,18418,31065,29802,31423,32767,31122,23212,24139,28678,26131,16004,8402,19374,27909,32767,27255,24394,32767,32767,26792,20805,15994,19585,27024,12286,22253,12172,9430,12702,18111,14275,17594,20629,10439,4532,8602,14767,11235,11231,14728,17214,12332,8232,14251,7751,5906,4648,9394,21358,14654,15830,13971,15523,22218,18090,5363,10294,18867,28175,12729
77,52,23950,24151,-9958,-3175,-425,8760,9745,15052,16476,18348,18261,20845,16553,6178,8911,14825,10423,-1837,1875,10081,11402,9107,-106,2964,-921,323,12109,20302,17798,14078,25238,11491,12570,5918,16364,13671,20700,21503,24373,23954,20638,19435,20712,19277,10989,8409,267,270,1482,1208,8178,8082,6828,7087,8087,8040,11510,7073,8294,7592,8822,7093,8866,16765,17495,20690,23548,28790,16876,9350,13599,14041,14898,16317,8336,18452,12376,5934,11187,6885,12668,14266,12099,12236,18669,21734,27066,29827,28688,19054,17471,20947,15761,2933,18064,19764,19259,16897,18437,19182,3741,13412,10754,18936,22645,12957,11744,7440,8953,10944,9017,22563,20050,16108,11430,19194,29046,18329,2356,6285,-1039,-318,3349,6349,-873,7525,-260,-818,7194,26705,14951,8514,8888,23082,18894,3887,4887,4679,2320,17049,14760,31139,28123,32767,32767,28182,20580,21359,27478,26769,13947,6516,18264,31372,32767,26400,20535,32767,31350,24159,18049,12736,17008,25122,7236,19045,7484,4354,8462,14661,9702,13836,17397,6724,1071,5639,11727,8323,7492,11082,13406,7566,3383,10302,2911,1209,-13,4614,17730,10151,12373,10440,12078,20695,16372,1906,6825,14372,25564,8610
78,54,19457,19739,-16236,-6357,-5509,2738,3186,8348,10010,14212,15432,18861,13674,3242,5597,9937,4340,-6910,-2809,6414,5526,3981,-4827,-2085,-6164,-5511,5665,16529,12683,9415,22048,5683,6939,-145,10932,7645,16052,16550,20513,20055,15583,13772,16434,14741,6042,3611,-3987,-3630,-2097,-2753,2914,2526,1798,2341,3211,2886,5918,1709,3161,2825,3818,2085,3476,11587,12447,15844,19034,25697,11894,4445,9109,9629,9900,11411,3152,14862,7406,738,5663,663,6923,9070,6494,7002,13682,17070,23266,26484,25059,14448,13002,16905,11195,-1102,14265,15451,14985,12242,13860,14891,-1127,8411,5534,14024,18865,8785,6241,1825,3791,5947,4060,17177,14538,11492,5696,13964,24283,15180,-923,2499,-2973,-3354,-717,1250,-5640,2430,-4970,-4553,2144,22865,9860,3295,3010,18214,19413,2917,1144,397,-1544,13577,9658,28934,24363,32385,31372,23324,16280,16821,24092,25179,10384,3651,15593,32674,32767,23447,15273,32767,26704,19622,13582,7983,12562,21022,1248,14187,1973,-1416,3186,9704,4062,8674,12636,2065,-2786,1943,7539,4480,2882,6208,8270,1878,-2150,5017,-2595,-4031,-5127,-939,12435,4591,7591,5671,7375,17302,12940,-2186,2387,8631,20978,3560
79,56,13447,13781,-21728,-9129,-10499,-3884,-3846,794,2685,9044,11318,15221,9451,-116,1533,4063,-2270,-11634,-7514,2230,-965,-1740,-9409,-7276,-10927,-10967,-1322,11204,6393,3990,17320,-622,645,-6406,4503,973,10268,10385,14924,14422,9039,6858,10625,8787,380,-1618,-8263,-7527,-5705,-6752,-2942,-3420,-3650,-2846,-2089,-2794,-529,-4225,-2591,-2469,-1799,-3295,-2344,5280,6244,9671,12991,20617,5774,-1057,3820,4396,3971,5413,-2624,9796,1610,-4802,-626,-5925,371,2901,177,1045,7446,11016,17820,21331,19667,8733,7483,11605,5664,-5066,9098,9883,9498,6453,8139,9413,-5946,2662,-254,7941,13889,4109,254,-4210,-1985,221,-1428,10530,7868,5729,-675,7482,17855,11083,-4184,-1650,-4512,-6180,-4898,-4327,-10173,-3203,-9482,-8041,-3087,17233,3645,-2652,-3352,11961,19058,1998,-2588,-4172,-5366,8873,3590,24641,18830,29350,27037,16927,10708,10928,18810,21514,5665,171,11657,31752,32767,18652,9046,27753,20417,13567,7810,2185,6629,15046,-5168,8093,-3845,-7335,-2609,3700,-2142,2584,6788,-3047,-6554,-2015,2670,163,-2100,607,2310,-4180,-7819,-1135,-8206,-9258,-10153,-6745,5900,-1527,1938,114,1867,12340,8108,-6434,-2558,2144,14774,-1918
80,58,6415,6771,-26003,-11123,-14881,-10498,-10728,-7003,-4948,3326,6383,10329,4345,-3421,-2783,-2237,-8838,-15547,-11737,-2007,-7511,-7510,-13338,-12073,-14755,-15553,-8239,4823,-523,-1703,11484,-6859,-5745,-12283,-2334,-5788,3832,3511,8086,7551,1550,-733,3796,1953,-5427,-6714,-12045,-10929,-8876,-10294,-8802,-9160,-8947,-7910,-7240,-8412,-7231,-10138,-8394,-7739,-7472,-8497,-8019,-1591,-559,2705,5931,13970,-925,-6595,-1763,-1193,-2353,-1119,-8411,3732,-4459,-10148,-7096,-12286,-6411,-3672,-6262,-5075,500,4076,11174,14780,12942,2394,1393,5521,-312,-8571,3022,3559,3301,31,1780,3248,-10207,-3272,-6050,1209,8099,-696,-5713,-10106,-7804,-5674,-6931,3123,575,-662,-7115,283,10218,6309,-7114,-5744,-5381,-8439,-8750,-9857,-13970,-8802,-13292,-10888,-8008,10263,-3144,-8768,-9632,4804,17863,1257,-5879,-8540,-8693,3399,-2886,18615,11971,24230,20828,9476,4361,4188,12071,16099,238,-3506,6857,28710,27823,12419,2348,21029,12948,6506,1262,-4098,-272,7668,-11477,1267,-9436,-12851,-8359,-2801,-8367,-3884,383,-8086,-9756,-5742,-2352,-4136,-6923,-5151,-3892,-10022,-13066,-7598,-13348,-13910,-14553,-12268,-1352,-7658,-4061,-5713,-3933,6240,2312,-10349,-7503,-4541,7432,-7287
81,60,-1059,-710,-28729,-12067,-18205,-16497,-16855,-14427,-12335,-2434,1158,4703,-1103,-6221,-6831,-8370,-14813,-18273,-15032,-5851,-13557,-12794,-16168,-15989,-17300,-18877,-14485,-2024,-7463,-7175,5048,-12481,-11671,-17237,-8963,-12092,-2747,-3537,579,39,-6268,-8378,-3462,-5155,-10801,-11136,-14868,-13401,-11205,-12940,-14083,-14123,-13543,-12307,-11689,-13394,-13564,-15439,-13680,-12443,-12644,-12997,-13000,-8419,-7363,-4452,-1556,6303,-7599,-11609,-7125,-6672,-8515,-7583,-13625,-2770,-10233,-14793,-13150,-17853,-12826,-10050,-12229,-10796,-6563,-3179,3854,7341,5410,-4053,-4759,-821,-6190,-11305,-3442,-2976,-3061,-6488,-4678,-3061,-13470,-8822,-11309,-5613,1913,-5284,-11191,-15330,-13093,-11174,-11949,-4497,-6763,-7112,-13055,-7049,1914,1158,-9461,-9396,-5409,-9860,-11880,-14835,-16606,-13796,-15973,-12788,-12184,2505,-9912,-14477,-15283,-2723,15868,751,-8371,-12256,-11141,-2325,-9186,11337,4324,17415,13215,1525,-2214,-2831,4420,9394,-5400,-6960,1649,23807,20836,5257,-4320,13253,4833,-971,-5461,-10260,-7535,-529,-17168,-5740,-14309,-17460,-13513,-9205,-14081,-10157,-6016,-12540,-11988,-8786,-7001,-7944,-11083,-10485,-9732,-15081,-17374,-13795,-17494,-17479,-17852,-17006,-8749,-13274,-9857,-11279,-9501,-484,-3934,-13484,-11954,-10875,-492,-12034
82,62,-8367,-8052,-29695,-11817,-20131,-21330,-21692,-20898,-18961,-7759,-3811,-1079,-6330,-8136,-10132,-13768,-19709,-19563,-17060,-8932,-18608,-17113,-17572,-18626,-18352,-20678,-19534,-8714,-13840,-11984,-1456,-17019,-16632,-20825,-14794,-17455,-8984,-10240,-6970,-7464,-13773,-15461,-10536,-11914,-15224,-14424,-16374,-14615,-12390,-14357,-18260,-17818,-16961,-15568,-14966,-17230,-18940,-19597,-17942,-16107,-16817,-16349,-16813,-14612,-13581,-11195,-8849,-1763,-13650,-15603,-11797,-11614,-13990,-13394,-17748,-9114,-15183,-18306,-18236,-22134,-18321,-15657,-17185,-15608,-13158,-10175,-3574,-422,-2352,-10106,-10487,-6898,-11457,-13054,-9760,-9179,-9051,-12581,-10709,-8986,-15414,-13475,-15549,-11975,-4250,-9371,-15778,-19418,-17341,-15761,-16047,-11785,-13583,-13058,-17982,-13936,-6478,-4049,-11059,-12290,-4552,-10284,-13992,-18818,-17782,-17682,-17219,-13550,-15276,-5439,-16067,-19248,-19823,-10088,13132,464,-9818,-14949,-12433,-7781,-14758,3376,-3526,9415,4768,-6353,-8475,-9554,-3537,1956,-10752,-9822,-3509,17434,12587,-2268,-10493,4933,-3362,-8245,-11741,-15700,-14523,-8902,-21797,-12387,-18054,-20752,-17583,-14937,-18814,-15695,-11864,-15968,-12961,-10781,-10802,-10857,-14157,-14862,-14646,-18870,-20320,-19174,-20210,-19564,-19687,-20544,-15724,-17908,-14940,-16088,-14354,-7286,-10092,-15484,-15483,-16366,-8414,-15721
83,64,-14924,-14662,-28823,-10373,-20452,-24553,-24824,-25925,-24391,-12243,-8027,-6435,-10810,-8907,-12297,-17944,-23148,-19309,-17615,-10986,-22268,-20089,-17369,-19722,-17852,-20843,-22973,-14644,-19126,-15781,-7522,-20115,-20231,-22735,-19326,-21492,-14459,-16140,-13945,-14320,-20361,-21428,-16843,-17748,-18279,-16244,-16347,-14386,-12268,-14350,-20920,-19882,-18848,-17346,-16728,-19529,-22862,-22195,-20777,-18369,-19603,-18232,-19111,-19643,-18691,-16962,-15358,-9583,-18549,-18187,-15400,-15674,-18334,-18035,-20367,-14736,-18873,-20376,-21895,-24755,-22429,-20002,-20695,-19099,-18753,-16374,-10557,-7933,-9768,-15319,-15364,-12237,-15678,-13724,-15434,-14566,-14192,-17789,-15852,-14055,-15862,-16819,-18405,-17390,-9997,-12742,-19179,-22023,-20143,-19019,-18892,-18247,-19379,-17995,-21486,-19850,-14388,-8994,-11832,-14206,-2895,-9683,-14907,-21468,-17351,-20069,-16875,-13119,-17070,-12972,-21082,-22637,-22882,-16796,9740,322,-10109,-16368,-12435,-12497,-19129,-4661,-10995,816,-3894,-13614,-13930,-15454,-11191,-5619,-15370,-11806,-8197,10080,3661,-9581,-15783,-3405,-11083,-14725,-17004,-19888,-20627,-16804,-25024,-18184,-20386,-22451,-20197,-19496,-22199,-20040,-16688,-18042,-12530,-11494,-13390,-12589,-15846,-17851,-18163,-21027,-21616,-23261,-21204,-19911,-19841,-22582,-21758,-21196,-18877,-19732,-18099,-13639,-15650,-16123,-17766,-20615,-15769,-18028
84,66,-20221,-20025,-26171,-7865,-19120,-25867,-25992,-29141,-28296,-15593,-11091,-10843,-14105,-8420,-13077,-20539,-24890,-17553,-16648,-11888,-24276,-21476,-15544,-19168,-15896,-19416,-24544,-19294,-22903,-18328,-12714,-21555,-22207,-22816,-22184,-23948,-18846,-20871,-19794,-19956,-25510,-25828,-21881,-22176,-19694,-16425,-14734,-12684,-10827,-12884,-21796,-20117,-19010,-17454,-16792,-20055,-24964,-22964,-21926,-19016,-20752,-18482,-19703,-23103,-22284,-21292,-20569,-16543,-21882,-19122,-17678,-18605,-21222,-21109,-21220,-19146,-20995,-20833,-23806,-25495,-24816,-22715,-22466,-20995,-22919,-21329,-16604,-14662,-16307,-19342,-19058,-16449,-18536,-13327,-20043,-18745,-18108,-21745,-19748,-17903,-14799,-18583,-19654,-21470,-14988,-15263,-21216,-22937,-21240,-20667,-20280,-23470,-23748,-21521,-23294,-24364,-21293,-13378,-11790,-15040,-636,-8149,-14582,-22576,-15331,-20717,-14953,-11570,-17493,-19549,-24535,-24334,-24228,-22429,5816,213,-9276,-16396,-11160,-16098,-21951,-12178,-17553,-7768,-12151,-19783,-18186,-20092,-17976,-12744,-18892,-12741,-12079,2296,-5321,-16151,-19901,-11254,-17837,-19898,-20772,-22410,-25315,-23632,-26633,-22734,-21160,-22432,-21129,-22496,-23998,-22852,-20127,-18575,-10713,-10845,-14536,-12996,-16001,-19162,-19952,-21350,-21129,-25703,-20352,-18437,-18263,-22965,-26422,-22908,-21358,-21919,-20457,-19076,-20169,-15325,-18612,-23346,-22056,-18781
85,68,-23866,-23742,-21928,-4540,-16238,-25142,-25109,-30328,-30469,-17640,-12745,-13888,-15912,-6720,-12377,-21349,-24843,-14478,-14265,-11648,-24519,-21173,-12243,-17017,-12716,-16580,-24160,-22268,-24893,-19519,-16702,-21285,-22450,-21085,-23154,-24710,-21932,-24185,-24072,-23912,-28823,-28352,-25273,-24852,-19364,-14965,-11650,-9640,-8206,-10083,-20794,-18502,-17423,-15875,-15155,-18746,-25049,-21805,-21289,-17996,-20180,-17098,-18567,-24731,-24097,-23861,-24095,-22113,-23381,-18331,-18513,-20273,-22472,-22374,-20216,-21978,-21394,-19662,-23809,-24297,-25303,-23583,-22368,-21173,-25362,-24710,-21322,-20159,-21530,-21936,-21351,-19269,-19852,-11979,-23275,-21451,-20552,-24203,-22162,-20290,-12366,-18656,-19231,-23958,-18957,-16869,-21835,-22112,-20538,-20581,-20147,-27157,-26415,-23373,-23289,-27172,-26762,-16937,-11014,-14798,1945,-5884,-13099,-22074,-11898,-19553,-11625,-9096,-16605,-24720,-26149,-24182,-23785,-26669,1528,17,-7481,-15063,-8765,-18332,-23024,-18641,-22761,-15740,-19430,-24489,-20972,-23156,-23418,-18893,-21072,-12579,-14918,-5359,-13750,-21528,-22677,-18163,-23223,-23378,-22711,-23010,-28175,-28880,-26545,-25757,-20380,-20728,-20318,-23702,-24118,-23941,-21959,-17538,-7681,-8909,-14176,-12083,-14637,-18676,-19855,-19811,-18898,-26291,-17704,-15238,-15070,-21685,-29405,-22959,-22215,-22498,-21288,-23226,-23314,-13163,-17975,-24423,-26875,-17965
86,70,-25616,-25562,-16396,-726,-12048,-22428,-22268,-29429,-30836,-18354,-12895,-15309,-16087,-3996,-10272,-20342,-23072,-10380,-10707,-10402,-23042,-19229,-7755,-13469,-8645,-12637,-21906,-23335,-24982,-19371,-19288,-19404,-21005,-17720,-22200,-23811,-23619,-25956,-26480,-25883,-30055,-28844,-26788,-25591,-17352,-12034,-7362,-5523,-4668,-6213,-17997,-15194,-14239,-12763,-11984,-15721,-23098,-18799,-18932,-15423,-17964,-14244,-15849,-24434,-24029,-24508,-25702,-25891,-22952,-15912,-17930,-20656,-22050,-21755,-17440,-23019,-20080,-16995,-21917,-21276,-23877,-22561,-20444,-19671,-25939,-26329,-24443,-24096,-25121,-22995,-22153,-20564,-19597,-9867,-24942,-22559,-21419,-25048,-22995,-21119,-8837,-17095,-17234,-24739,-21718,-17562,-21099,-19654,-18114,-18805,-18568,-29135,-27254,-23441,-21519,-28114,-30481,-19462,-9633,-13587,4528,-3158,-10650,-20030,-7367,-16682,-7202,-5976,-14584,-28161,-25809,-22192,-21634,-29311,-2911,-365,-4989,-12528,-5524,-19090,-22310,-23621,-26308,-22570,-25251,-27493,-22161,-24480,-27164,-23637,-21791,-11390,-16600,-12357,-21071,-25378,-24058,-23770,-26965,-24932,-22657,-21611,-28950,-32168,-24813,-27104,-18187,-17523,-17868,-23046,-22610,-23272,-22117,-15053,-3736,-5902,-12403,-9999,-11923,-16452,-17897,-16562,-15119,-24973,-13478,-10574,-10529,-18875,-30529,-21411,-21430,-21466,-20590,-25839,-24878,-9847,-15951,-23851,-29951,-15717
87,72,-25398,-25403,-9974,3217,-6900,-17945,-17725,-26553,-29448,-17828,-11618,-15018,-14653,-555,-6988,-17657,-19779,-5637,-6322,-8384,-20035,-15826,-2473,-8852,-4082,-7971,-18033,-22438,-23220,-18014,-20411,-16151,-18058,-13041,-19456,-21413,-23916,-26185,-26880,-25740,-29130,-27315,-26358,-24379,-13883,-7946,-2255,-710,-570,-1649,-13654,-10511,-9760,-8424,-7599,-11256,-19271,-14188,-15072,-11553,-14334,-10226,-11843,-22289,-22150,-23245,-25328,-27633,-20675,-12117,-16083,-19830,-20072,-19354,-13144,-22217,-17213,-13095,-18311,-16697,-20690,-19775,-16898,-16676,-24669,-26148,-25845,-26284,-26908,-22537,-21498,-20343,-17885,-7223,-24988,-22086,-20747,-24298,-22285,-20434,-4586,-14107,-13899,-23845,-23177,-17392,-19169,-15809,-14204,-15534,-15741,-29364,-26288,-21778,-18184,-27181,-32274,-20818,-7809,-11591,6798,-277,-7505,-16641,-2150,-12365,-2096,-2537,-11697,-29693,-23569,-18538,-18001,-30273,-7258,-995,-2133,-9061,-1792,-18405,-19932,-26822,-28023,-27829,-29258,-28693,-21770,-24049,-29006,-26680,-21056,-9351,-17119,-18248,-26829,-27500,-24100,-27824,-28922,-24500,-20632,-18318,-27555,-32767,-21611,-26758,-14840,-13126,-14032,-20625,-19661,-20961,-20686,-11379,726,-2156,-9458,-7008,-8161,-12714,-14282,-11913,-10124,-21860,-8035,-4845,-5032,-14792,-29759,-18458,-19131,-18959,-18491,-26793,-24793,-5697,-12759,-21766,-31145,-12304
88,74,-23304,-23352,-3120,6932,-1219,-12061,-11878,-21955,-26476,-16260,-9147,-13109,-11794,3216,-2875,-13581,-15285,-670,-1524,-5887,-15808,-11261,3143,-3580,554,-3003,-12920,-19705,-19815,-15664,-20142,-11873,-13910,-7473,-15213,-17786,-22926,-24979,-25308,-23537,-26140,-23928,-24071,-21366,-9312,-3122,3204,4361,3686,3174,-8153,-4894,-4408,-3276,-2434,-5763,-13891,-8354,-10047,-6756,-9642,-5449,-6953,-18533,-18684,-20252,-23079,-27269,-16795,-7326,-13233,-17954,-16778,-15430,-7714,-19689,-13091,-8322,-13317,-10954,-16038,-15503,-12070,-12494,-21719,-24267,-25543,-26681,-26867,-20700,-19530,-18742,-14954,-4301,-23482,-20173,-18698,-22085,-20187,-18404,-38,-10026,-9579,-21444,-23331,-16449,-16282,-10935,-9177,-11097,-11958,-27932,-23679,-18581,-13612,-24506,-32106,-20953,-5716,-9047,8488,2460,-3978,-12201,3284,-6995,3222,886,-8263,-29289,-19644,-13537,-13231,-29584,-11256,-1882,736,-5008,2040,-16440,-16154,-28102,-27885,-31216,-31244,-28126,-19943,-21993,-28890,-27868,-18997,-6708,-16573,-22688,-30697,-27835,-22952,-30191,-29094,-22195,-16841,-13414,-24079,-32117,-17207,-24823,-10675,-7938,-9185,-16689,-15562,-17263,-17884,-6878,5263,1933,-5691,-3455,-3743,-7829,-9372,-6299,-4350,-17208,-1839,1453,953,-9783,-27194,-14397,-15574,-15235,-15226,-26097,-23123,-1102,-8712,-18408,-30461,-8089
89,76,-19580,-19653,3679,10108,4541,-5259,-5223,-16016,-22191,-13918,-5842,-9844,-7830,6907,1636,-8517,-9992,4105,3256,-3218,-10763,-5912,8625,1894,4872,1847,-7044,-15422,-15103,-12595,-18659,-6987,-8946,-1503,-9886,-13278,-20824,-22537,-21961,-19504,-21334,-18976,-20155,-16848,-4085,1957,8525,9236,7697,7803,-1981,1139,1324,2195,3011,260,-7408,-1776,-4280,-1467,-4322,-377,-1650,-13533,-13984,-15853,-19219,-24903,-11692,-2004,-9711,-15249,-12507,-10370,-1637,-15693,-8103,-3097,-7378,-4530,-10333,-10142,-6399,-7521,-17384,-20914,-23684,-25390,-25120,-17714,-16486,-16003,-11132,-1343,-20606,-17072,-15538,-18647,-16955,-15294,4376,-5267,-4697,-17814,-22258,-14850,-12718,-5462,-3492,-5912,-7577,-25034,-19710,-14175,-8223,-20352,-30080,-19903,-3521,-6210,9410,4799,-387,-7076,8464,-1052,8276,3990,-4614,-27065,-14387,-7618,-7752,-27383,-14660,-2982,3289,-749,5588,-13459,-11350,-27474,-26012,-32579,-31157,-25952,-16933,-18563,-26910,-27198,-15839,-3750,-15135,-25468,-32494,-26459,-20827,-30864,-27610,-18290,-11648,-7326,-18779,-28811,-11941,-21505,-6070,-2407,-3773,-11609,-10683,-12537,-14039,-1976,9437,5947,-1520,283,894,-2266,-3645,-241,1713,-11391,4589,7780,6924,-4254,-23057,-9595,-11107,-10641,-11105,-23875,-20051,3527,-4176,-14099,-28034,-3489
90,78,-14599,-14674,9947,12508,9938,1910,1691,-9206,-16938,-11108,-2143,-5620,-3174,10127,6087,-2941,-4345,8312,7613,-657,-5349,-208,13533,7119,8539,6200,-927,-10012,-9521,-9105,-16224,-1937,-3595,4369,-3967,-8276,-17829,-19123,-17180,-14026,-15097,-12857,-14952,-11229,1312,6806,13240,13491,11104,11821,4324,7047,6924,7488,8226,6281,-361,5018,1765,3858,1158,4519,3583,-7752,-8494,-10481,-14135,-20800,-5846,3348,-5882,-11966,-7657,-4649,4554,-10610,-2701,2143,-1004,2050,-4058,-4169,-380,-2193,-12056,-16412,-20517,-22635,-21909,-13879,-12669,-12448,-6804,1435,-16630,-13103,-11603,-14288,-12906,-11435,8264,-286,299,-13315,-20114,-12732,-8778,145,2345,-446,-2979,-20955,-14752,-8972,-2487,-15078,-26427,-17790,-1379,-3333,9476,6554,2977,-1665,12960,4945,12631,6534,-1060,-23268,-8252,-1280,-2035,-23894,-17260,-4205,5258,3338,8525,-9796,-5968,-25100,-22646,-31910,-29097,-22432,-13062,-14105,-23293,-24804,-11880,-772,-13028,-26517,-32197,-23571,-17981,-29942,-24708,-13182,-5542,-590,-12058,-23603,-6186,-17086,-1403,3014,1725,-5837,-5429,-7207,-9547,2881,12863,9495,2623,3837,5315,3457,2350,5716,7565,-4871,10722,13602,12398,1378,-17669,-4453,-6136,-5580,-6483,-20352,-15856,7799,464,-9201,-24115,1074
91,80,-8822,-8880,15260,13984,14580,8877,8314,-2049,-11110,-8133,1484,-926,1709,12553,10042,2653,1212,11652,11208,1572,-23,5409,17500,11695,11314,9755,4914,-3983,-3557,-5484,-13142,2853,1714,9677,2022,-3174,-14188,-15034,-11410,-7603,-7912,-6030,-8877,-4982,6406,10986,16953,16772,13625,14890,10228,12320,11911,12141,12743,11784,6678,11497,7630,8789,6344,8819,8296,-1697,-2703,-4632,-8302,-15359,216,8244,-2101,-8371,-2644,1223,10329,-4893,2659,6987,5276,8265,2276,1908,5489,3049,-6180,-11148,-16368,-18734,-17576,-9531,-8412,-8435,-2367,3856,-11883,-8630,-7257,-9360,-8393,-7187,11316,4473,4978,-8352,-17112,-10241,-4757,5440,7839,4832,1463,-16041,-9229,-3432,3122,-9116,-21476,-14813,578,-639,8699,7621,5874,3636,16430,10489,15939,8357,2142,-18247,-1755,4956,3455,-19408,-18904,-5428,6464,6917,10602,-5813,-484,-21269,-18123,-29346,-25305,-17900,-8692,-9022,-18373,-20943,-7456,1961,-10496,-25904,-29934,-19469,-14679,-27621,-20708,-7358,914,6205,-4430,-16872,-322,-11899,2990,7914,6852,143,-202,-1724,-4832,7273,15240,12251,6335,6892,9135,8825,8056,11050,12743,1847,16078,18441,16955,6711,-11423,636,-1080,-468,-1724,-15827,-10884,11384,4847,-4088,-19042,5216
92,82,-2751,-2774,19278,14478,18155,15108,14146,4929,-5114,-5261,4600,3714,6355,13959,13133,7797,6272,13924,13799,3325,4798,10516,20257,15306,13060,12305,10017,2119,2293,-1995,-9729,7018,6586,14032,7583,1666,-10151,-10577,-5165,-807,-325,1020,-2379,1399,10781,14145,19372,18827,15081,16776,15250,16526,15887,15771,16181,16319,13151,17176,12902,12967,10840,12184,12121,4126,2902,1183,-2230,-9069,5970,12267,1317,-4719,2136,6747,15215,968,7552,11081,10960,13651,8178,7599,10749,7803,-220,-5536,-11602,-14067,-12517,-5009,-4053,-4329,1804,5795,-6729,-4018,-2864,-4227,-3766,-2903,13325,8621,8970,-3332,-13505,-7527,-918,10028,12547,9502,5421,-10668,-3577,1985,8171,-2924,-15629,-11224,2245,1691,7190,7983,8136,8463,18637,15136,17963,9388,4803,-12416,4580,10598,8300,-14264,-19515,-6520,6831,9722,11679,-1862,4650,-16363,-12840,-25146,-20131,-12728,-4186,-3732,-12563,-15964,-2914,4233,-7780,-23813,-25967,-14521,-11176,-24166,-15981,-1342,7138,12471,3519,-9096,5296,-6295,6834,11960,11215,5854,4629,3483,-300,10842,16383,13986,9288,9214,12057,13378,12958,15317,16864,8262,20260,21922,20269,11399,-4753,5320,3666,4301,2830,-10645,-5513,14039,8665,887,-13214,8627
93,84,3115,3138,21777,14021,20451,20147,18776,11238,660,-2702,6849,7797,10347,14238,15099,12098,10499,15038,15253,4542,8772,14736,21647,17745,13750,13748,14014,7766,7572,1149,-6277,10279,10692,17153,12286,5938,-5957,-6042,1028,5777,7102,7820,4095,7447,14121,16056,20335,19520,15400,17369,19005,19350,18561,18114,18278,19546,18569,21657,17242,16126,14342,14395,14798,9266,7880,6492,3581,-2471,10944,15102,4129,-1238,6343,11488,18836,6501,11624,14162,15624,17832,13220,12480,15021,11742,5389,15,-6588,-9030,-7152,-629,95,-464,5394,7173,-1531,394,1248,763,650,1100,14198,11856,11999,1367,-9566,-4738,2518,13603,16120,13221,8638,-5211,1789,6859,12303,3049,-9327,-7312,3547,3531,5127,7693,9669,12513,19473,18542,18596,9638,6812,-6226,10265,15226,12164,-8814,-19095,-7358,6384,11578,11724,1748,9042,-10822,-7220,-19673,-14009,-7300,124,1364,-6312,-10278,1421,5897,-5093,-20529,-20670,-9131,-7696,-19884,-10908,4355,12585,17676,11186,-818,10355,-622,9940,14919,14516,10879,8767,8042,3695,13328,16227,14579,11259,10664,13890,16753,16637,18191,19654,13914,22984,23796,22135,15166,1903,9313,7770,8393,6885,-5169,-124,15621,11687,5416,-7054,11097
94,86,8329,8403,22661,12708,21366,23655,21917,16467,5869,-592,7994,10898,13349,13404,15804,15264,13654,15014,15550,5236,11658,17769,21628,18921,13452,14090,16662,12499,11898,3790,-3031,12463,13789,18885,15807,9413,-1825,-1684,6675,11598,13835,13944,10142,12762,16233,16623,19813,18837,14616,16679,21234,20616,19778,19035,18912,21252,22547,24651,20406,18112,16664,15360,16196,13359,11882,10900,8689,3903,14765,16566,6178,1886,9718,15108,20945,11288,14618,16070,18953,20555,17073,16221,18038,14628,10272,5139,-1672,-4005,-1884,3339,3772,2885,8169,7964,3370,4320,4812,5300,4580,4567,13956,13983,13898,5434,-5567,-2012,5386,15965,18333,15759,10941,-21,6514,10846,15264,8398,-3015,-3368,4441,4808,2737,6866,10447,15565,18955,20491,17862,9186,8130,-117,14895,18531,14821,-3410,-17727,-7844,5237,12409,10806,4775,12397,-5101,-1676,-13354,-7412,-1974,3963,5918,-74,-4318,5268,6879,-2611,-16394,-14494,-3706,-4420,-15099,-5856,9279,16800,21394,17994,7397,14607,4796,12206,16678,16577,14886,11994,11671,6882,14578,14825,14022,12138,11200,14563,18715,18808,19490,20964,18425,24101,23960,22477,17827,8130,12410,10987,11557,10209,243,4928,16095,13767,9256,-976,12526
95,88,12527,12651,21969,10687,20905,25431,23419,20312,10238,1012,7940,12708,15134,11580,15246,17130,15605,13967,14777,5474,13338,19408,20261,18859,12319,13432,17855,15968,14999,5834,-175,13508,15736,19203,17950,11947,2055,2289,11362,16198,19409,19035,15417,17039,17056,15888,17913,16878,12852,14831,21824,20296,19522,18540,18101,21373,24839,26001,22250,18882,17741,15115,16311,16164,14667,14125,12748,9568,17186,16615,7401,4514,12098,17391,21440,15001,16391,16753,20764,21701,19525,18619,19654,16332,14140,9531,2847,675,2934,6690,6782,5518,9989,8182,7684,7542,7635,9132,7816,7314,12720,14926,14616,8638,-1756,529,7582,17035,19094,17003,12252,4605,10321,13707,16916,12791,2893,333,4916,5505,260,5648,10510,17483,17210,20906,15904,8164,8781,5508,18180,20333,16165,1631,-15559,-7919,3571,12233,9081,7057,14537,370,3422,-6651,-821,2933,7123,9658,5730,1492,8409,7177,-461,-11783,-7926,1377,-1478,-10128,-1144,13077,19455,23341,23448,15006,17868,9677,13611,17238,17345,17652,14190,14192,9095,14561,12333,12404,11932,10870,14112,19171,19340,19184,20778,21526,23599,22457,21345,19286,13567,14498,13170,13643,12646,5267,9342,15520,14850,12238,4646,12919
96,90,15458,15626,19866,8133,19174,25422,23271,22592,13580,2120,6739,13069,15597,8976,13544,17655,16327,12089,13101,5360,13812,19559,17697,17682,10557,11950,17624,17960,16725,7242,2176,13461,16490,18203,18657,13486,5526,5726,14790,19244,23464,22824,19658,20085,16658,14014,14854,13843,10301,12036,20809,18501,17902,16758,15996,19983,25346,25682,22737,18494,17622,13810,15259,17570,16125,16012,15527,14133,18103,15342,7820,6560,13416,18256,20366,17424,16910,16262,21011,21288,20493,19593,19851,16829,16809,12970,6734,4748,7022,9287,9006,7324,10813,7880,11185,9922,9609,12077,10223,9237,10685,14720,14212,10850,1656,2780,9059,16845,18446,16963,12584,8435,13033,15317,17240,15997,8043,3562,4988,5651,-2079,4200,9941,18227,14457,19847,12959,6733,8836,10319,19959,20595,16212,6036,-12791,-7566,1602,11155,6765,8521,15409,5221,7771,-27,5320,7166,9477,12402,10743,6770,10697,6849,1280,-7061,-1454,5799,1050,-5261,2972,15521,20379,23398,27168,21519,20030,13789,14199,16703,16883,19073,15325,15542,10274,13357,8986,9898,10750,9790,12671,18168,18260,17393,19201,23070,21590,19464,18901,19537,17926,15547,14278,14603,14120,9628,12883,14032,14960,14270,9504,12375
97,92,16999,17196,16622,5237,16359,23719,21594,23261,15800,2801,4577,11980,14754,5858,10919,16919,15896,9622,10750,5002,13193,18245,14155,15590,8406,9873,16124,18409,17052,8022,3974,12452,16104,16080,17995,14053,8467,8527,16796,20561,25768,25141,22688,21822,15210,11255,10940,10008,7199,8568,18356,15460,15137,13924,12848,17280,24119,23794,21916,17084,16454,11677,13245,17603,16269,16537,16927,17328,17554,12956,7530,7987,13702,17749,17900,18465,16250,14737,19782,19459,20018,19188,18726,16194,18203,15323,9828,8034,10188,11064,10402,8278,10694,7141,13721,11399,10706,14031,11740,10310,8093,13494,12834,12036,4510,4663,9827,15528,16548,15754,12027,11319,14573,15668,16328,17887,12160,6147,4706,5316,-4090,2678,8858,17840,10977,17495,9330,5060,8397,14071,20216,19410,15084,9602,-9649,-6809,-444,9346,4108,9167,15075,9171,11155,6095,10632,10542,10972,14066,14691,11203,12066,6003,2580,-2561,4478,9318,3127,-744,6314,16517,19563,21615,28924,26539,21051,16959,14063,15260,15354,19160,15453,15762,10466,11143,5071,6733,8778,8123,10439,15876,15744,14365,16446,23040,18299,15269,15396,18653,21009,15606,14360,14490,14628,13117,15399,11825,14191,15332,13372,11065
98,94,17146,17359,12580,2188,12708,20537,18615,22394,16895,3155,1741,9592,12734,2516,7661,15097,14472,6826,7980,4505,11682,15611,9898,12828,6103,7455,13606,17392,16077,8224,5222,10681,14710,13103,16144,13740,10791,10645,17360,20138,26236,25917,24413,22277,12962,7930,6533,5698,3803,4732,14742,11491,11522,10340,8985,13557,21346,20547,19921,14846,14453,8999,10543,16402,15226,15797,16972,19016,15703,9751,6678,8805,13060,16030,14326,18150,14569,12383,17277,16455,18251,17556,16474,14577,18352,16549,12038,10436,12336,12023,10997,8433,9758,6068,15222,11987,10968,14967,12373,10572,5205,11448,10700,12249,6707,6125,9941,13297,13653,13578,10734,13184,14964,14859,14359,18444,15069,7987,4137,4598,-5638,1216,7394,16444,7082,14124,5352,3307,7580,16621,19058,16990,12992,12197,-6364,-5711,-2359,7021,1363,9064,13696,12043,13452,11356,14825,12954,11625,14658,17402,14562,12521,4778,3447,1446,9501,11786,4753,3228,8782,16108,17155,18200,28645,29785,20951,19075,13321,13145,12998,18027,14691,14985,9803,8173,897,3173,6250,6054,7659,12563,12090,10439,12801,21539,14030,10242,11141,16775,22711,14786,13547,13441,14238,15597,16818,9122,12689,15470,16117,9200
99,96,16012,16224,8120,-835,8507,16190,14642,20177,16942,3301,-1418,6179,9753,-770,4092,12434,12273,3957,5050,3948,9537,11908,5215,9660,3867,4950,10386,15111,13997,7926,5967,8385,12502,9578,13366,12685,12445,12074,16593,18123,24926,25181,24818,21564,10204,4377,2010,1258,369,832,10321,6962,7395,6348,4768,9171,17328,16238,16944,12003,11871,6073,7455,14204,13214,13987,15797,19197,12817,6069,5444,9064,11653,13341,10001,16612,12090,9448,13783,12590,15427,14926,13356,12190,17374,16691,13341,11937,13456,12216,10878,7904,8189,4773,15692,11761,10497,14927,12191,10120,2274,8826,8063,11616,8205,7141,9494,10413,10071,10694,8900,14041,14315,13075,11579,17753,16695,9051,3367,3613,-6645,-84,5687,14215,3083,10071,1357,1614,6502,17926,16704,13628,10204,13768,-3154,-4357,-3973,4414,-1237,8331,11506,13765,14636,15483,17714,14366,11510,14265,18803,16715,12134,3325,3920,4759,13344,13150,5956,6517,10354,14454,13437,13494,26425,31109,19810,20091,12104,10616,10096,15867,13205,13408,8486,4748,-3228,-511,3421,3769,4582,8559,7678,6010,8604,18773,9139,4795,6481,14091,23025,13241,12023,11653,13071,17009,17152,6160,10631,14784,17697,7007
100,98,13800,13997,3622,-3668,4054,11055,10027,16876,16080,3346,-4530,2110,6097,-3752,534,9217,9553,1243,2197,3385,7045,7474,400,6337,1875,2586,6807,11862,11080,7223,6281,5813,9712,5822,9970,11057,13409,12841,14714,14801,22035,23057,23956,19858,7233,921,-2264,-2977,-2867,-2848,5490,2259,3102,2289,556,4502,12442,11220,13225,8784,8968,3179,4278,11304,10510,11369,13621,17995,9223,2264,4009,8840,9679,9981,5319,14069,9071,6200,9638,8217,11838,11580,9673,9279,15455,15861,13773,12583,13617,11740,10171,6852,6202,3373,15206,10845,9436,14016,11307,9089,-475,5890,5187,10316,9021,7714,8601,7162,6140,7389,6732,13963,12800,10557,8272,15982,17064,9371,2488,2485,-7095,-1152,3869,11374,-732,5696,-2353,91,5272,18035,13449,9669,7019,14341,-202,-2850,-5169,1754,-3501,7116,8781,14370,14768,18306,19224,14812,10744,13039,18926,17628,11031,1800,4057,7255,15853,13449,6779,9042,11069,11806,8788,7932,22506,30500,17751,20021,10537,7922,6943,12933,11186,11265,6750,1195,-7019,-4057,536,1438,1451,4219,2928,1481,4203,15024,4002,-652,1761,10825,22031,11151,10002,9364,11293,17371,16485,3161,8210,13412,18155,4706
101,100,10778,10947,-572,-6171,-360,5539,5135,12813,14490,3379,-7255,-2201,2084,-6242,-2729,5740,6573,-1133,-383,2845,4485,2705,-4264,3076,247,549,3207,7999,7639,6218,6245,3203,6592,2128,6281,9038,13695,13000,12018,10556,17873,19745,21940,17370,4316,-2155,-5975,-6705,-5701,-6069,644,-2256,-1033,-1528,-3328,-81,7107,5873,9029,5411,5983,549,1282,8023,7418,8241,10719,15634,5278,-1337,2547,8229,7351,6269,667,10796,5782,2899,5200,3692,7805,7822,5738,6099,12830,14221,13420,12470,12949,10716,9028,5459,4020,1974,13896,9392,7949,12386,9868,7636,-2866,2889,2322,8551,9214,7870,7391,3825,2192,3950,4439,13083,10640,7583,4734,13362,16288,9036,1592,1335,-7025,-1957,2059,8158,-4121,1353,-5531,-1184,3986,17076,9632,5473,3730,14005,2350,-1295,-5883,-748,-5289,5579,5807,13972,13982,19759,19388,14379,9470,11173,17885,17358,9373,340,3929,8889,16994,12800,7273,10776,11022,8477,3647,1997,17251,28084,14940,18935,8735,5279,3814,9509,8831,8800,4845,-2171,-10232,-7234,-2189,-796,-1524,-111,-1748,-2776,-71,10624,-1019,-5709,-2699,7215,19886,8707,7706,6820,9092,16767,14963,327,5617,11515,17602,2485
102,102,7246,7378,-4182,-8226,-4468,39,312,8329,12374,3456,-9311,-6337,-1955,-8112,-5470,2280,3585,-3044,-2547,2336,2099,-1983,-8515,47,-952,-1034,-112,3897,3998,5016,5942,762,3389,-1251,2608,6807,13342,12620,8836,5830,12830,15511,18935,14327,1672,-4637,-8876,-9683,-7972,-8645,-3853,-6268,-4733,-4849,-6620,-4252,1742,574,4633,2077,3116,-1647,-1319,4678,4241,4906,7391,12405,1330,-4461,1201,7331,4876,2516,-3606,7098,2481,-223,815,-653,3644,3948,1845,2895,9751,11971,12399,11723,11619,9281,7603,3910,1856,672,11932,7573,6208,10223,8037,5927,-4772,47,-320,6533,8879,7655,5994,653,-1478,639,2204,11568,8075,4430,1242,10164,14553,8169,759,269,-6512,-2497,357,4808,-6903,-2646,-8000,-2166,2720,15236,5600,1377,607,12906,4410,208,-6107,-2924,-6521,3881,2849,12750,12461,19881,18330,13203,7843,8879,15867,16043,7346,-937,3612,9684,16838,11382,7488,11736,10344,4806,-1536,-3823,11108,24103,11568,16959,6797,2852,943,5881,6331,6245,2999,-5064,-12673,-9850,-4582,-2820,-4173,-4125,-5982,-6450,-3934,5922,-5602,-10046,-6627,3500,16808,6090,5343,4254,6667,15339,12773,-2183,3027,9266,16203,490
103,104,3512,3600,-7015,-9744,-8049,-5084,-4135,3760,9932,3597,-10509,-9922,-5714,-9307,-7538,-924,806,-4419,-4209,1852,76,-6195,-12126,-2633,-1719,-2094,-2907,-83,468,3716,5447,-1350,332,-4121,-783,4525,12414,11782,5501,1073,7343,10665,15142,10947,-544,-6388,-10812,-11740,-9564,-10451,-7694,-9535,-7786,-7493,-9135,-7751,-3266,-4334,307,-1049,517,-3311,-3376,1547,1248,1644,3933,8637,-2317,-6908,74,6249,2441,-1005,-7218,3281,-604,-2972,-3212,-4532,-351,227,-1747,-116,6470,9318,10851,10484,9814,7573,6043,2376,-110,-461,9512,5558,4374,7727,5982,4120,-6125,-2458,-2574,4456,8133,7130,4529,-2145,-4631,-2326,180,9607,5343,1355,-1960,6671,12091,6916,54,-624,-5662,-2793,-1158,1549,-8960,-6051,-9660,-2839,1535,12742,1677,-2327,-2130,11227,5934,1573,-5876,-4648,-7176,2163,134,10920,10421,18799,16250,11446,6018,6368,13109,13881,5140,-1947,3178,9720,15554,9411,7473,11982,9184,1124,-6341,-9084,4568,18897,7847,14256,4806,752,-1495,2322,3854,3793,1403,-7257,-14208,-11761,-6519,-4557,-6375,-7579,-9486,-9320,-7166,1253,-9485,-13415,-9813,-98,13056,3469,3088,1866,4207,13270,10130,-4248,591,6833,14152,-1179
104,106,-140,-97,-8969,-10667,-10928,-9531,-7963,-592,7348,3786,-10761,-12652,-8925,-9830,-8862,-3684,-1591,-5242,-5339,1382,-1464,-9597,-14914,-4901,-2101,-2628,-5009,-3626,-2685,2408,4821,-3025,-2386,-6354,-3683,2334,10997,10570,2312,-3299,1853,5537,10795,7428,-2249,-7354,-11717,-12789,-10416,-11429,-10657,-11893,-10054,-9356,-10775,-10398,-7595,-8560,-3701,-3834,-1717,-4417,-4813,-1149,-1339,-1308,613,4664,-5417,-8566,-770,5073,200,-4069,-9971,-374,-3291,-5204,-6633,-7724,-3932,-3118,-4834,-2760,3217,6471,8926,8896,7723,5725,4474,997,-1738,-1371,6842,3505,2587,5098,3863,2353,-6909,-4497,-4332,2488,7098,6365,3101,-4418,-7099,-4782,-1526,7392,2662,-1427,-4682,3153,9161,5428,-481,-1286,-4594,-2885,-2430,-1427,-10245,-8686,-10486,-3212,478,9836,-1862,-5415,-4321,9171,6920,2735,-5258,-5847,-7283,548,-2168,8711,8084,16716,13401,9291,4136,3832,9872,11115,2935,-2637,2693,9117,13377,7121,7266,11600,7700,-2274,-10412,-13420,-1879,12872,3993,11024,2832,-969,-3393,-937,1542,1595,194,-8591,-14765,-12878,-7930,-5957,-8054,-10302,-12069,-11264,-9624,-3081,-12483,-15665,-12123,-3381,8910,985,1075,-192,1878,10765,7254,-5796,-1574,4370,11654,-2472
105,108,-3464,-3466,-10031,-10971,-12991,-13076,-10993,-4474,4779,3984,-10086,-14320,-11380,-9737,-9445,-5873,-3486,-5547,-5956,916,-2469,-11944,-16747,-6738,-2184,-2683,-6329,-6487,-5250,1173,4111,-4207,-4619,-7886,-5952,345,9193,9073,-486,-6943,-3235,456,6146,3941,-3425,-7559,-11620,-12827,-10516,-11577,-12608,-13268,-11473,-10410,-11523,-12101,-11007,-11888,-7178,-6179,-3538,-4998,-5624,-3258,-3367,-3770,-2345,795,-7805,-9404,-1311,3883,-1729,-6519,-11759,-3629,-5448,-6831,-9272,-10082,-6907,-5915,-7271,-4909,188,3618,6772,7094,5522,3858,2994,-126,-2939,-2033,4119,1552,958,2521,1819,739,-7151,-5997,-5541,755,5893,5432,1792,-6076,-8787,-6626,-2845,5104,212,-3754,-6794,-147,6023,3847,-828,-1686,-3428,-2820,-3424,-3966,-10769,-10457,-10522,-3313,-420,6760,-4808,-7742,-5875,6942,7404,3650,-4346,-6497,-6913,-873,-3952,6340,5658,13881,10060,6920,2322,1435,6422,8005,888,-2988,2210,8020,10583,4739,6901,10700,6042,-5151,-13486,-16572,-7786,6465,218,7475,934,-2306,-4715,-3714,-497,-252,-556,-8995,-14338,-13166,-8787,-6994,-9178,-12199,-13645,-12259,-11245,-6840,-14494,-16747,-13499,-6191,4653,-1250,-608,-1825,-185,8034,4357,-6797,-3384,2010,8910,-3380
106,110,-6268,-6311,-10262,-10665,-14178,-15578,-13123,-7698,2348,4132,-8591,-14829,-12942,-9125,-9358,-7425,-4816,-5401,-6117,447,-2953,-13108,-17553,-8154,-2080,-2354,-6856,-8497,-7086,76,3353,-4892,-6268,-8715,-7520,-1360,7118,7379,-2723,-9617,-7583,-4268,1453,626,-4109,-7092,-10631,-11932,-9904,-10953,-13505,-13664,-12048,-10693,-11438,-12853,-13361,-14184,-9962,-8012,-4936,-5132,-5860,-4706,-4752,-5627,-4777,-2709,-9394,-9470,-1563,2739,-3269,-8265,-12569,-6303,-7001,-7820,-11031,-11533,-9146,-8054,-8977,-6488,-2464,923,4529,5195,3361,2073,1671,-933,-3672,-2439,1524,-192,-433,157,-31,-640,-6919,-6933,-6199,-657,4622,4402,658,-7088,-9674,-7815,-3752,2902,-1873,-5525,-8229,-3034,2920,2294,-993,-1824,-2272,-2648,-4125,-5962,-10597,-11352,-9868,-3184,-1142,3732,-7029,-9244,-6764,4728,7449,4296,-3237,-6616,-6167,-2036,-5172,3997,3319,10570,6512,4509,671,-699,3010,4810,-874,-3011,1773,6588,7465,2464,6402,9402,4345,-7344,-15406,-18399,-12783,109,-3281,3829,-836,-3290,-5480,-5888,-2190,-1700,-837,-8478,-12982,-12644,-9102,-7660,-9751,-13249,-14227,-12368,-12043,-9847,-15496,-16706,-13955,-8411,549,-3152,-1917,-2990,-1889,5276,1624,-7266,-4792,-140,6099,-3929
107,112,-8419,-8498,-9786,-9793,-14487,-16977,-14318,-10140,148,4170,-6460,-14187,-13549,-8109,-8719,-8326,-5570,-4899,-5903,-25,-2983,-13076,-17323,-9177,-1905,-1761,-6648,-9579,-8125,-832,2574,-5116,-7290,-8890,-8382,-2730,4894,5574,-4306,-11192,-10940,-8370,-3031,-2406,-4379,-6091,-8924,-10248,-8664,-9659,-13391,-13157,-11844,-10299,-10639,-12719,-14609,-15400,-11943,-9297,-5931,-4925,-5617,-5489,-5479,-6824,-6579,-5646,-10172,-8869,-1567,1689,-4379,-9282,-12465,-8278,-7924,-8183,-11882,-12076,-10583,-9479,-9934,-7470,-4633,-1484,2321,3300,1359,453,543,-1407,-3945,-2603,-796,-1651,-1543,-1868,-1603,-1736,-6303,-7324,-6347,-1707,3373,3339,-266,-7477,-9803,-8360,-4256,912,-3507,-6696,-8979,-5367,59,867,-1001,-1729,-1217,-2415,-4538,-7359,-9834,-11425,-8666,-2874,-1678,940,-8468,-9929,-7020,2691,7134,4672,-2032,-6262,-5158,-2906,-5841,1834,1208,7062,3022,2211,-747,-2485,-147,1764,-2264,-2745,1411,4976,4299,457,5793,7829,2723,-8766,-16125,-18878,-16600,-5794,-6334,291,-2430,-3975,-5758,-7397,-3494,-2740,-695,-7136,-10814,-11379,-8915,-7957,-9805,-13490,-13909,-11726,-12091,-12004,-15543,-15675,-13574,-9973,-3172,-4670,-2849,-3694,-3182,2663,-794,-7247,-5780,-2005,3376,-4168
108,114,-9842,-9952,-8756,-8431,-13965,-17289,-14605,-11742,-1760,4044,-3921,-12503,-13213,-6813,-7672,-8615,-5784,-4148,-5407,-497,-2662,-11953,-16119,-9838,-1769,-1041,-5821,-9734,-8372,-1515,1795,-4950,-7692,-8495,-8588,-3738,2645,3740,-5216,-11654,-13163,-11644,-7074,-5069,-4335,-4723,-6719,-7973,-6922,-7836,-12381,-11881,-10972,-9357,-9284,-11826,-14797,-15571,-13073,-10023,-6559,-4491,-5020,-5666,-5594,-7366,-7710,-7882,-10193,-7750,-1385,764,-5054,-9598,-11574,-9504,-8242,-7978,-11868,-11775,-11214,-10187,-10175,-7873,-6258,-3510,251,1489,-399,-941,-377,-1566,-3803,-2553,-2725,-2778,-2354,-3465,-2838,-2528,-5410,-7228,-6058,-2391,2211,2299,-969,-7308,-9267,-8317,-4395,-771,-4652,-7279,-9088,-7063,-2400,-366,-893,-1448,-329,-2158,-4681,-8145,-8614,-10788,-7082,-2436,-2031,-1474,-9137,-9871,-6724,951,6547,4797,-817,-5515,-4000,-3469,-6016,-45,-585,3613,-180,152,-1888,-3877,-2874,-939,-3236,-2247,1138,3328,1330,-1170,5092,6101,1260,-9403,-15696,-18099,-19079,-10906,-8808,-2952,-3808,-4423,-5646,-8239,-4399,-3402,-222,-5131,-7998,-9482,-8282,-7898,-9390,-13005,-12849,-10512,-11510,-13282,-14751,-13846,-12487,-10857,-6324,-5777,-3432,-3983,-4051,330,-2788,-6816,-6358,-3535,861,-4160
109,116,-10520,-10654,-7344,-6681,-12704,-16592,-14065,-12508,-3338,3718,-1220,-9966,-12013,-5359,-6371,-8366,-5533,-3254,-4727,-956,-2113,-9940,-14063,-10163,-1758,-329,-4531,-9040,-7892,-1958,1034,-4481,-7522,-7645,-8228,-4386,488,1956,-5500,-11094,-14211,-13951,-10476,-7302,-4086,-3167,-4253,-5334,-4832,-5651,-10645,-10010,-9571,-8016,-7555,-10340,-14045,-14804,-13367,-10210,-6862,-3939,-4203,-5343,-5191,-7303,-8179,-9350,-9562,-6282,-1082,-17,-5316,-9292,-10068,-9989,-8017,-7292,-11086,-10742,-11084,-10221,-9779,-7753,-7320,-5093,-1597,-176,-1862,-2070,-1095,-1459,-3323,-2327,-4190,-3555,-2878,-4587,-3709,-3024,-4349,-6724,-5424,-2736,1179,1327,-1458,-6681,-8199,-7774,-4222,-2092,-5314,-7327,-8641,-8094,-4349,-1364,-714,-1047,353,-1904,-4587,-8355,-7083,-9590,-5290,-1926,-2211,-3413,-9108,-9188,-5987,-413,5773,4701,331,-4475,-2799,-3735,-5782,-1580,-2013,440,-2913,-1575,-2736,-4859,-5049,-3153,-3782,-1589,958,1766,-1248,-2353,4318,4329,16,-9312,-14263,-16239,-20176,-14972,-10611,-5750,-4936,-4693,-5256,-8463,-4917,-3734,463,-2678,-4742,-7097,-7275,-7499,-8572,-11911,-11235,-8923,-10451,-13715,-13283,-11453,-10863,-11085,-8779,-6473,-3713,-3929,-4518,-1628,-4296,-6061,-6557,-4707,-1356,-3971
110,118,-10481,-10631,-5711,-4670,-10830,-15017,-12812,-12489,-4565,3180,1403,-6821,-10086,-3853,-4963,-7679,-4916,-2317,-3947,-1388,-1459,-7302,-11333,-10166,-1926,257,-2956,-7633,-6801,-2157,309,-3808,-6869,-6466,-7422,-4694,-1470,291,-5255,-9683,-14144,-15227,-13085,-9061,-3736,-1596,-1762,-2569,-2565,-3284,-8389,-7737,-7802,-6429,-5635,-8451,-12527,-13261,-12891,-9904,-6888,-3359,-3296,-4653,-4397,-6725,-8044,-10049,-8413,-4633,-724,-645,-5210,-8469,-8141,-9792,-7338,-6234,-9675,-9129,-10286,-9659,-8858,-7190,-7836,-6208,-3161,-1648,-3006,-2916,-1627,-1155,-2599,-1970,-5156,-3989,-3141,-5223,-4216,-3251,-3225,-5909,-4550,-2791,303,456,-1753,-5714,-6752,-6844,-3805,-3025,-5532,-6924,-7748,-8483,-5730,-2110,-513,-593,812,-1672,-4295,-8055,-5389,-8002,-3454,-1393,-2239,-4828,-8495,-8029,-4944,-1368,4893,4424,1357,-3247,-1643,-3727,-5241,-2749,-3068,-2287,-5053,-2915,-3295,-5444,-6600,-4792,-3929,-847,866,391,-3301,-3081,3493,2608,-977,-8596,-12029,-13540,-19955,-17829,-11698,-7990,-5791,-4832,-4697,-8152,-5085,-3801,1227,-27,-1282,-4394,-5967,-6785,-7424,-10338,-9267,-7153,-9069,-13393,-11328,-8746,-8889,-10722,-10464,-6779,-3755,-3619,-4631,-3159,-5297,-5084,-6422,-5519,-3213,-3664
111,120,-9793,-9953,-4001,-2535,-8494,-12731,-10991,-11773,-5433,2447,3737,-3346,-7612,-2382,-3570,-6669,-4046,-1420,-3143,-1778,-813,-4341,-8151,-9855,-2284,623,-1282,-5695,-5253,-2129,-362,-3029,-5845,-5086,-6301,-4699,-3140,-1192,-4609,-7651,-13102,-15480,-14799,-10319,-3369,-166,539,96,-297,-915,-5831,-5265,-5824,-4743,-3694,-6350,-10456,-11145,-11763,-9172,-6680,-2819,-2411,-3743,-3358,-5744,-7393,-10025,-6900,-2960,-368,-1118,-4797,-7258,-5988,-9014,-6313,-4926,-7801,-7108,-8946,-8606,-7542,-6288,-7853,-6856,-4400,-2893,-3834,-3479,-2000,-731,-1735,-1526,-5625,-4107,-3183,-5398,-4378,-3247,-2130,-4885,-3537,-2619,-408,-288,-1886,-4533,-5087,-5648,-3215,-3579,-5370,-6174,-6535,-8295,-6537,-2607,-329,-153,1057,-1467,-3850,-7338,-3671,-6197,-1723,-885,-2139,-5714,-7439,-6553,-3728,-1920,3976,4012,2219,-1939,-596,-3478,-4499,-3567,-3775,-4460,-6534,-3846,-3588,-5662,-7509,-5826,-3732,-98,848,-727,-4755,-3381,2640,1021,-1708,-7397,-9242,-10281,-18564,-19410,-12067,-9606,-6358,-4875,-4065,-7419,-4951,-3668,1942,2569,2137,-1552,-4436,-5786,-6023,-8423,-7129,-5370,-7515,-12440,-9084,-5968,-6754,-9860,-11367,-6732,-3622,-3142,-4455,-4247,-5810,-3984,-6009,-5985,-4677,-3294
112,122,-8556,-8716,-2326,-418,-5864,-9922,-8758,-10476,-5942,1559,5620,173,-4798,-1013,-2285,-5456,-3040,-626,-2368,-2108,-264,-1360,-4760,-9234,-2808,712,316,-3430,-3419,-1904,-959,-2232,-4578,-3627,-4996,-4450,-4456,-2444,-3707,-5258,-11286,-14787,-15579,-11067,-3049,1002,2477,2464,1807,1291,-3189,-2782,-3790,-3083,-1876,-4217,-8056,-8675,-10132,-8102,-6279,-2361,-1634,-2754,-2220,-4487,-6336,-9370,-5177,-1393,-59,-1441,-4146,-5791,-3792,-7783,-5056,-3487,-5645,-4863,-7212,-7186,-5973,-5154,-7442,-7066,-5293,-3888,-4366,-3777,-2240,-265,-831,-1040,-5632,-3949,-3045,-5163,-4235,-3058,-1135,-3751,-2481,-2289,-956,-892,-1890,-3262,-3360,-4308,-2521,-3784,-4904,-5185,-5131,-7623,-6802,-2871,-193,219,1112,-1290,-3299,-6313,-2046,-4340,-213,-439,-1945,-6105,-6091,-4920,-2470,-2110,3077,3511,2892,-646,298,-3029,-3650,-4065,-4179,-6027,-7351,-4381,-3648,-5556,-7802,-6277,-3267,590,883,-1544,-5594,-3314,1785,-369,-2186,-5871,-6160,-6748,-16222,-19743,-11763,-10573,-6637,-4840,-3433,-6385,-4573,-3401,2495,4869,5274,1246,-2758,-4542,-4448,-6297,-4980,-3704,-5918,-11003,-6742,-3333,-4632,-8617,-11528,-6385,-3375,-2582,-4062,-4911,-5886,-2853,-5376,-6133,-5732,-2900
113,124,-6888,-7041,-767,1546,-3113,-6792,-6274,-8731,-6098,582,6942,3468,-1864,210,-1167,-4152,-2005,24,-1663,-2363,127,1370,-1407,-8308,-3435,505,1684,-1054,-1472,-1522,-1462,-1487,-3199,-2199,-3630,-4002,-5376,-3427,-2693,-2762,-8933,-13281,-15444,-11308,-2813,1822,3927,4380,3604,3193,-659,-454,-1835,-1553,-289,-2205,-5545,-6073,-8169,-6793,-5725,-2001,-1023,-1807,-1116,-3086,-4995,-8200,-3387,-29,175,-1623,-3334,-4199,-1709,-6241,-3682,-2032,-3386,-2571,-5243,-5532,-4288,-3899,-6689,-6884,-5836,-4619,-4632,-3840,-2372,172,26,-554,-5240,-3567,-2769,-4592,-3838,-2731,-292,-2596,-1464,-1864,-1348,-1349,-1800,-2015,-1709,-2939,-1786,-3688,-4220,-4062,-3654,-6577,-6589,-2927,-119,487,1016,-1134,-2686,-5093,-609,-2572,993,-86,-1690,-6063,-4601,-3272,-1278,-2002,2240,2964,3367,546,1021,-2425,-2775,-4294,-4336,-6988,-7548,-4558,-3517,-5176,-7543,-6210,-2620,1161,949,-2045,-5852,-2960,959,-1519,-2433,-4175,-3032,-3213,-13184,-18933,-10867,-10910,-6641,-4732,-2854,-5173,-4013,-3054,2803,6672,7917,3831,-1011,-3104,-2778,-4081,-2937,-2236,-4376,-9234,-4470,-1010,-2670,-7116,-11031,-5799,-3069,-2012,-3527,-5189,-5597,-1774,-4585,-5996,-6382,-2511
114,126,-4921,-5061,623,3238,-413,-3539,-3693,-6676,-5913,-405,7653,6309,975,1258,-244,-2855,-1035,509,-1050,-2530,331,3630,1680,-7099,-4081,22,2702,1227,420,-1031,-1856,-848,-1830,-890,-2305,-3413,-5883,-4120,-1695,-398,-6294,-11138,-14467,-11067,-2672,2249,4818,5741,4986,4683,1593,1584,-68,-227,993,-432,-3117,-3540,-6049,-5349,-5057,-1738,-606,-998,-156,-1664,-3492,-6649,-1652,1071,319,-1678,-2436,-2602,139,-4529,-2293,-662,-1190,-395,-3197,-3778,-2615,-2625,-5687,-6373,-6041,-5082,-4669,-3706,-2418,525,761,-100,-4531,-3014,-2394,-3774,-3244,-2310,373,-1494,-548,-1403,-1596,-1659,-1650,-884,-248,-1640,-1068,-3354,-3398,-2901,-2208,-5278,-5986,-2806,-107,634,815,-989,-2051,-3786,575,-1003,1848,153,-1410,-5671,-3103,-1728,-236,-1677,1492,2408,3642,1570,1571,-1712,-1933,-4303,-4303,-7389,-7215,-4438,-3239,-4576,-6825,-5721,-1877,1574,1026,-2239,-5605,-2411,190,-2399,-2477,-2454,-82,89,-9724,-17151,-9488,-10668,-6393,-4549,-2354,-3896,-3333,-2675,2813,7826,9890,6054,730,-1534,-1091,-1882,-1080,-1003,-2957,-7281,-2403,882,-979,-5485,-9993,-5041,-2749,-1491,-2918,-5140,-5028,-810,-3694,-5616,-6643,-2142
115,128,-2794,-2912,1818,4562,2078,-354,-1158,-4446,-5409,-1320,7759,8514,3527,2116,484,-1648,-200,828,-537,-2601,347,5273,4310,-5641,-4646,-683,3291,3229,2118,-483,-2125,-346,-579,230,-1103,-2739,-5988,-4518,-818,1638,-3608,-8560,-12774,-10381,-2613,2281,5136,6497,5885,5697,3445,3239,1429,848,1939,1022,-932,-1248,-3938,-3873,-4312,-1559,-383,-390,581,-334,-1945,-4856,-70,1878,373,-1623,-1521,-1100,1666,-2785,-981,544,798,1528,-1223,-2049,-1065,-1423,-4534,-5606,-5934,-5279,-4516,-3420,-2394,753,1323,293,-3598,-2346,-1950,-2800,-2517,-1830,856,-502,223,-950,-1714,-1828,-1466,60,939,-493,-412,-2847,-2513,-1777,-875,-3840,-5088,-2541,-145,665,557,-845,-1428,-2491,1470,291,2343,271,-1139,-5023,-1707,-377,598,-1219,848,1872,3728,2379,1960,-936,-1165,-4142,-4130,-7309,-6469,-4093,-2860,-3814,-5762,-4926,-1121,1808,1093,-2157,-4954,-1754,-491,-2997,-2352,-829,2514,2974,-6111,-14612,-7755,-9927,-5928,-4287,-1942,-2651,-2591,-2295,2512,8248,11076,7795,2391,95,538,207,551,0,-1695,-5273,-636,2280,370,-3839,-8553,-4180,-2449,-1062,-2296,-4827,-4271,-7,-2761,-5035,-6543,-1798
116,130,-644,-735,2807,5455,4221,2589,1204,-2172,-4616,-2081,7313,9964,5629,2780,1033,-588,455,995,-126,-2571,200,6226,6341,-3993,-5035,-1525,3415,4803,3509,73,-2258,10,473,1119,-80,-2030,-5725,-4630,-135,3210,-1087,-5760,-10524,-9305,-2611,1950,4914,6650,6274,6210,4819,4457,2605,1653,2548,2115,895,676,-1977,-2456,-3529,-1439,-336,-11,1051,813,-459,-2955,1290,2393,348,-1480,-654,224,2825,-1128,182,1526,2463,3093,553,-458,276,-364,-3324,-4661,-5552,-5224,-4210,-3025,-2313,836,1682,604,-2539,-1617,-1464,-1764,-1717,-1322,1169,342,825,-539,-1716,-1865,-1270,772,1800,446,147,-2236,-1629,-753,285,-2372,-3998,-2163,-209,601,289,-690,-844,-1286,2068,1269,2498,268,-903,-4216,-499,721,1196,-708,314,1376,3640,2945,2209,-144,-491,-3853,-3860,-6846,-5447,-3602,-2421,-2945,-4475,-3944,-421,1857,1135,-1845,-4014,-1072,-1058,-3318,-2094,612,4627,5312,-2584,-11552,-5807,-8785,-5287,-3941,-1612,-1514,-1835,-1936,1918,7919,11418,8971,3898,1702,2042,2107,1944,809,-594,-3316,778,3177,1350,-2280,-6859,-3281,-2193,-753,-1709,-4319,-3412,610,-1835,-4297,-6123,-1476
117,132,1401,1341,3588,5888,5905,5142,3288,29,-3578,-2621,6408,10605,7164,3248,1432,288,907,1033,190,-2442,-71,6491,7690,-2231,-5170,-2407,3086,5840,4517,593,-2250,227,1270,1756,731,-1328,-5144,-4481,314,4236,1099,-2946,-7903,-7910,-2625,1322,4228,6249,6172,6241,5682,5222,3441,2190,2847,2844,2295,2150,-281,-1176,-2744,-1357,-427,138,1242,1707,877,-1072,2385,2639,260,-1273,111,1309,3600,347,1142,2248,3723,4229,2028,907,1346,500,-2141,-3615,-4945,-4937,-3786,-2562,-2186,773,1827,823,-1448,-875,-956,-750,-904,-810,1340,1018,1253,-188,-1617,-1787,-1076,1234,2316,1142,582,-1582,-797,133,1236,-963,-2812,-1703,-271,479,51,-519,-319,-232,2383,1922,2361,157,-724,-3342,469,1537,1558,-214,-113,933,3398,3259,2340,620,81,-3470,-3518,-6110,-4287,-3040,-1960,-2027,-3087,-2891,172,1735,1140,-1364,-2904,-430,-1489,-3378,-1734,1808,6184,7033,653,-8212,-3778,-7350,-4513,-3512,-1350,-541,-1110,-1610,1082,6891,10927,9537,5182,3203,3357,3757,3106,1474,356,-1490,1825,3610,1967,-884,-5054,-2402,-1995,-578,-1194,-3682,-2531,1031,-960,-3450,-5431,-1170
118,134,3223,3197,4163,5865,7053,7184,5009,2051,-2352,-2894,5162,10448,8062,3524,1711,964,1159,971,420,-2224,-413,6132,8339,-446,-4998,-3223,2353,6282,5104,1044,-2104,325,1788,2139,1323,-668,-4315,-4108,523,4699,2828,-307,-5105,-6277,-2615,485,3183,5379,5630,5841,6046,5555,3940,2482,2884,3234,3246,3141,1075,-90,-1993,-1291,-616,82,1174,2310,1992,687,3197,2657,131,-1029,735,2119,4004,1566,1868,2696,4536,4905,3134,1977,2110,1136,-1057,-2543,-4165,-4448,-3275,-2069,-2019,579,1770,941,-412,-165,-444,169,-129,-312,1402,1523,1514,94,-1432,-1609,-893,1451,2502,1585,883,-943,-55,854,1962,313,-1615,-1192,-302,340,-124,-327,137,634,2452,2269,1998,-40,-612,-2480,1168,2067,1702,211,-442,546,3027,3331,2376,1315,553,-3017,-3121,-5204,-3119,-2474,-1509,-1114,-1713,-1867,624,1469,1105,-780,-1736,125,-1767,-3204,-1303,2732,7164,8122,3447,-4820,-1794,-5730,-3652,-3005,-1139,238,-447,-1318,77,5273,9674,9489,6183,4513,4432,5105,4056,2049,1182,151,2526,3655,2265,297,-3268,-1592,-1858,-538,-777,-2979,-1692,1265,-174,-2538,-4524,-873
119,136,4726,4734,4535,5429,7627,8628,6308,3808,-1007,-2878,3704,9560,8302,3611,1895,1442,1232,839,573,-1931,-776,5265,8323,1267,-4503,-3879,1304,6121,5263,1402,-1827,335,2030,2289,1703,-74,-3314,-3557,511,4631,4031,1999,-2320,-4498,-2541,-461,1901,4151,4731,5091,5959,5504,4129,2564,2716,3331,3763,3661,2054,767,-1306,-1226,-856,-136,890,2606,2836,2232,3729,2497,-18,-774,1188,2638,4070,2484,2344,2876,4894,5123,3836,2717,2561,1533,-128,-1510,-3274,-3798,-2705,-1575,-1819,281,1534,961,500,475,54,937,562,155,1389,1863,1630,308,-1180,-1353,-723,1452,2394,1786,1047,-361,571,1403,2465,1404,-482,-657,-279,227,-217,-113,518,1296,2320,2351,1484,-294,-571,-1694,1598,2329,1665,534,-686,212,2552,3186,2334,1902,933,-2511,-2678,-4221,-2052,-1958,-1092,-258,-452,-950,921,1096,1026,-157,-608,565,-1888,-2835,-829,3378,7589,8609,5695,-1578,39,-4030,-2744,-2436,-961,808,125,-1059,-1006,3223,7788,8860,6847,5557,5227,6118,4813,2580,1911,1577,2926,3409,2306,1236,-1609,-889,-1780,-623,-475,-2268,-947,1329,493,-1608,-3465,-578
120,138,5836,5876,4702,4647,7629,9425,7146,5229,379,-2577,2167,8060,7913,3516,2004,1737,1160,666,659,-1582,-1109,4036,7729,2810,-3703,-4297,52,5396,5022,1652,-1435,290,2023,2236,1894,437,-2221,-2879,322,4109,4689,3850,278,-2668,-2375,-1412,510,2688,3571,4086,5494,5136,4052,2481,2409,3196,3897,3760,2654,1382,-706,-1150,-1107,-465,451,2608,3379,3494,4001,2211,-167,-535,1458,2869,3847,3082,2573,2811,4822,4920,4133,3115,2712,1701,608,-574,-2331,-3031,-2102,-1102,-1590,-84,1157,887,1234,1014,520,1514,1135,579,1334,2054,1626,463,-879,-1040,-564,1280,2052,1775,1085,132,1068,1781,2759,2275,530,-122,-186,173,-216,120,824,1754,2043,2224,897,-571,-592,-1030,1778,2358,1491,737,-859,-75,2001,2860,2228,2351,1226,-1967,-2190,-3238,-1168,-1526,-729,494,615,-195,1063,659,906,440,403,880,-1855,-2315,-339,3764,7520,8559,7345,1351,1638,-2344,-1829,-1821,-801,1173,591,-828,-2073,928,5438,7718,7139,6270,5716,6772,5390,3096,2563,2778,3089,2981,2168,1930,-158,-314,-1752,-812,-293,-1598,-332,1254,1021,-705,-2324,-284
121,140,6506,6574,4667,3612,7096,9565,7512,6265,1722,-2025,675,6101,6968,3247,2044,1872,985,475,688,-1203,-1372,2605,6677,4101,-2652,-4425,-1277,4191,4430,1792,-952,224,1811,2022,1928,855,-1115,-2129,10,3239,4828,5168,2541,-884,-2098,-2271,-865,1118,2258,2929,4743,4531,3763,2278,2023,2895,3719,3516,2903,1761,-208,-1062,-1335,-849,-78,2352,3615,4427,4041,1850,-297,-332,1546,2833,3391,3363,2573,2537,4377,4360,4054,3187,2597,1662,1134,225,-1396,-2198,-1491,-667,-1339,-476,684,732,1755,1430,935,1881,1565,944,1258,2118,1534,567,-551,-694,-414,988,1548,1595,1016,517,1432,2001,2867,2911,1379,386,-19,203,-123,367,1060,2027,1677,1951,312,-835,-660,-516,1742,2196,1227,823,-975,-322,1402,2397,2064,2637,1441,-1396,-1660,-2311,-514,-1197,-429,1101,1434,368,1067,201,753,958,1240,1075,-1682,-1694,145,3916,7039,8063,8390,3843,2945,-752,-940,-1184,-645,1350,938,-619,-3030,-1409,2821,6157,7041,6610,5888,7064,5794,3601,3152,3754,3086,2478,1931,2396,1033,123,-1757,-1078,-229,-1012,130,1071,1399,132,-1170,6
122,142,6718,6808,4430,2427,6106,9078,7416,6886,2937,-1275,-665,3861,5575,2818,2018,1877,750,286,665,-818,-1539,1128,5311,5074,-1432,-4245,-2552,2624,3556,1826,-406,165,1450,1693,1841,1177,-68,-1357,-361,2146,4511,5920,4357,766,-1706,-2956,-2115,-438,895,1716,3801,3768,3318,2001,1613,2492,3314,3023,2856,1927,180,-962,-1515,-1236,-630,1890,3557,5005,3885,1461,-396,-180,1464,2568,2765,3350,2374,2100,3634,3526,3653,2974,2264,1453,1448,857,-521,-1349,-894,-280,-1073,-855,161,510,2050,1706,1280,2034,1839,1238,1177,2077,1381,631,-218,-339,-266,636,962,1299,867,788,1668,2083,2819,3310,2040,849,218,323,50,619,1232,2141,1276,1596,-210,-1051,-751,-161,1536,1894,921,803,-1046,-540,784,1844,1848,2745,1578,-811,-1092,-1475,-103,-972,-199,1535,1973,730,957,-235,572,1358,1868,1163,-1391,-1023,598,3870,6246,7225,8860,5817,3927,681,-105,-551,-487,1365,1164,-429,-3795,-3593,143,4293,6554,6556,5750,7002,6019,4080,3678,4517,2988,1994,1670,2666,1941,425,-1777,-1390,-276,-544,432,814,1622,865,-72,284
123,144,6486,6589,4000,1200,4761,8029,6893,7082,3946,-400,-1772,1525,3864,2249,1919,1779,496,111,599,-454,-1594,-256,3779,5688,-139,-3769,-3655,838,2477,1762,169,133,999,1293,1669,1403,858,-613,-732,957,3827,6115,5653,2201,-1212,-3405,-3151,-1873,-422,535,2763,2924,2772,1691,1223,2046,2771,2384,2580,1914,461,-853,-1631,-1581,-1146,1285,3236,5226,3570,1080,-455,-87,1240,2119,2029,3084,2015,1550,2686,2512,3002,2530,1773,1119,1566,1311,249,-533,-333,54,-798,-1183,-365,240,2122,1838,1535,1989,1954,1449,1094,1950,1193,666,98,2,-117,280,371,943,669,950,1787,2049,2645,3484,2504,1246,505,526,284,865,1350,2130,886,1215,-619,-1190,-843,42,1210,1504,610,701,-1083,-733,172,1247,1580,2671,1639,-229,-499,-750,80,-837,-39,1779,2229,905,764,-615,372,1611,2274,1167,-1016,-352,999,3660,5241,6151,8818,7235,4577,1906,650,54,-323,1251,1268,-257,-4304,-5447,-2398,2257,5707,6114,5325,6611,6058,4498,4126,5080,2853,1602,1445,2780,2569,610,-1792,-1711,-416,-217,575,518,1697,1466,908,541
124,146,5850,5959,3395,33,3185,6520,5996,6865,4685,519,-2589,-727,1984,1568,1740,1605,255,-42,498,-132,-1537,-1437,2223,5931,1123,-3040,-4488,-1011,1279,1612,736,143,518,865,1443,1537,1616,63,-1048,-209,2882,5803,6396,3358,-640,-3581,-3907,-3100,-1615,-546,1710,2065,2178,1381,885,1604,2174,1694,2154,1763,645,-740,-1676,-1851,-1579,603,2697,5103,3134,736,-468,-55,906,1542,1239,2613,1538,939,1629,1417,2186,1925,1186,709,1516,1586,881,205,174,334,-521,-1432,-848,-55,1994,1826,1685,1771,1916,1566,1008,1756,988,676,377,309,38,-29,-157,582,456,1020,1806,1926,2375,3456,2771,1564,819,792,555,1094,1422,2031,543,859,-886,-1229,-908,113,813,1071,327,540,-1096,-907,-408,648,1263,2422,1624,331,103,-138,78,-767,58,1833,2221,918,518,-914,162,1707,2461,1108,-591,270,1329,3321,4122,4943,8342,8095,4906,2891,1305,607,-150,1045,1260,-104,-4518,-6832,-4625,181,4550,5318,4650,5930,5899,4809,4476,5454,2729,1347,1299,2780,2941,699,-1780,-2004,-629,-41,569,209,1637,1913,1719,762
125,148,4877,4984,2642,-988,1511,4677,4800,6268,5108,1399,-3085,-2734,81,810,1478,1378,49,-169,369,132,-1378,-2338,767,5815,2256,-2122,-4983,-2770,45,1387,1261,196,57,444,1192,1585,2176,639,-1271,-1248,1790,5062,6591,4191,-25,-3475,-4345,-4055,-2623,-1475,708,1241,1576,1094,618,1201,1593,1040,1652,1521,746,-626,-1651,-2022,-1895,-90,1997,4670,2608,448,-433,-73,504,893,450,1997,992,317,558,335,1291,1232,567,274,1336,1695,1354,831,612,561,-250,-1581,-1254,-354,1699,1682,1720,1418,1742,1584,908,1510,782,667,601,565,197,-254,-566,264,260,1019,1744,1741,2040,3253,2858,1791,1129,1090,834,1296,1457,1878,273,564,-998,-1157,-925,81,393,638,91,348,-1090,-1062,-933,83,902,2017,1531,848,687,365,-49,-731,100,1708,1987,805,252,-1116,-49,1651,2446,1005,-158,806,1572,2881,2972,3690,7525,8426,4940,3617,1841,1086,27,781,1152,25,-4424,-7653,-6395,-1803,3155,4228,3777,5011,5533,4963,4698,5652,2644,1251,1255,2708,3095,724,-1721,-2235,-889,-19,431,-87,1461,2194,2320,935
126,150,3653,3749,1780,-1796,-129,2642,3392,5341,5191,2163,-3260,-4365,-1702,18,1134,1114,-108,-271,222,327,-1136,-2919,-493,5379,3178,-1096,-5104,-4298,-1147,1101,1710,291,-344,57,936,1556,2523,1095,-1374,-2080,661,3997,6284,4675,592,-3102,-4452,-4696,-3404,-2222,-195,490,1002,843,429,860,1084,487,1146,1229,784,-513,-1558,-2084,-2078,-737,1198,3975,2024,224,-354,-128,76,229,-292,1295,422,-271,-442,-653,400,523,-26,-139,1071,1661,1661,1321,969,738,10,-1621,-1553,-631,1282,1424,1637,973,1456,1500,786,1226,580,637,760,759,361,-369,-819,28,109,970,1624,1518,1666,2910,2785,1923,1405,1384,1093,1459,1461,1699,89,353,-957,-973,-877,-18,-7,239,-86,146,-1070,-1196,-1384,-421,504,1484,1364,1298,1226,771,-233,-695,101,1433,1583,608,-11,-1216,-253,1458,2259,874,246,1224,1714,2368,1862,2468,6462,8282,4721,4079,2244,1477,205,495,961,127,-4036,-7870,-7610,-3577,1611,2923,2766,3916,4962,4919,4766,5682,2609,1307,1312,2597,3078,714,-1597,-2373,-1168,-137,185,-353,1195,2306,2690,1048
127,152,2275,2355,856,-2349,-1612,568,1868,4154,4937,2746,-3135,-5523,-3243,-761,716,827,-216,-347,66,450,-835,-3175,-1491,4680,3832,-47,-4853,-5480,-2226,765,2056,417,-653,-276,688,1460,2659,1419,-1348,-2655,-405,2725,5545,4810,1168,-2501,-4241,-5005,-3937,-2772,-968,-167,477,634,314,593,683,79,694,929,781,-397,-1406,-2034,-2124,-1291,361,3076,1409,67,-235,-198,-335,-398,-949,564,-129,-787,-1300,-1481,-413,-138,-543,-491,765,1516,1806,1663,1239,869,251,-1551,-1727,-867,791,1076,1442,483,1085,1320,634,914,388,588,847,885,524,-363,-896,-103,22,900,1466,1284,1278,2464,2582,1960,1619,1637,1308,1574,1441,1517,-5,237,-782,-686,-754,-146,-353,-99,-204,-48,-1038,-1304,-1747,-844,81,861,1129,1658,1686,1092,-407,-629,75,1046,1071,366,-249,-1220,-440,1158,1933,728,587,1503,1750,1805,843,1335,5245,7733,4293,4284,2504,1765,375,214,709,198,-3392,-7493,-8219,-5037,19,1501,1683,2712,4196,4646,4655,5549,2620,1486,1454,2471,2941,700,-1395,-2394,-1434,-373,-142,-578,866,2258,2823,1092
128,154,849,907,-74,-2631,-2838,-1397,330,2787,4371,3104,-2751,-6156,-4444,-1478,241,525,-279,-399,-87,507,-505,-3131,-2193,3789,4187,943,-4265,-6235,-3134,391,2279,562,-855,-544,457,1308,2603,1609,-1197,-2946,-1327,1367,4472,4613,1660,-1728,-3746,-4988,-4216,-3127,-1597,-718,19,465,264,403,406,-165,338,653,756,-274,-1203,-1882,-2043,-1719,-453,2040,786,-30,-82,-262,-691,-943,-1487,-143,-623,-1202,-1965,-2101,-1091,-695,-942,-750,460,1292,1808,1857,1422,958,470,-1381,-1769,-1041,278,670,1149,-6,662,1056,448,584,206,517,863,944,683,-242,-800,-117,12,832,1292,1058,900,1954,2281,1905,1750,1819,1458,1633,1398,1349,-17,214,-502,-318,-555,-268,-619,-359,-266,-220,-997,-1380,-2011,-1177,-349,191,835,1910,2040,1341,-516,-509,39,594,516,118,-448,-1138,-602,785,1509,571,837,1637,1679,1212,-47,331,3959,6864,3707,4251,2618,1945,530,-38,417,237,-2553,-6585,-8220,-6108,-1515,63,597,1470,3264,4136,4353,5260,2658,1745,1651,2344,2730,706,-1110,-2282,-1659,-695,-523,-757,504,2067,2730,1065
129,156,-526,-491,-955,-2653,-3731,-3122,-1126,1328,3541,3211,-2167,-6253,-5236,-2086,-263,216,-310,-430,-227,508,-173,-2832,-2593,2784,4239,1802,-3402,-6522,-3824,-10,2366,711,-944,-743,244,1112,2383,1675,-940,-2956,-2041,39,3172,4125,2034,-851,-3017,-4666,-4250,-3297,-2079,-1164,-365,332,261,284,254,-243,105,426,728,-138,-956,-1641,-1854,-2005,-1192,938,178,-78,93,-295,-960,-1371,-1885,-779,-1032,-1497,-2408,-2490,-1591,-1110,-1196,-897,192,1027,1691,1914,1522,1010,663,-1127,-1682,-1139,-212,238,779,-454,221,725,229,248,33,426,814,941,831,-22,-549,-17,81,782,1119,858,551,1417,1914,1771,1783,1906,1529,1632,1336,1201,40,272,-150,105,-287,-353,-788,-532,-283,-366,-946,-1417,-2171,-1415,-769,-482,498,2038,2262,1525,-516,-322,6,126,-18,-106,-600,-988,-730,377,1025,406,979,1627,1506,611,-789,-518,2676,5760,3014,4006,2585,2013,658,-245,111,244,-1592,-5250,-7659,-6742,-2892,-1288,-429,259,2206,3404,3863,4824,2698,2031,1864,2222,2484,749,-741,-2030,-1814,-1064,-927,-889,137,1755,2439,969
130,158,-1759,-1748,-1733,-2446,-4249,-4496,-2412,-131,2512,3068,-1449,-5846,-5584,-2544,-767,-96,-323,-442,-344,466,139,-2343,-2714,1741,4011,2475,-2345,-6340,-4266,-422,2313,851,-924,-872,49,884,2037,1630,-604,-2709,-2511,-1157,1763,3398,2264,56,-2119,-4078,-4058,-3300,-2420,-1510,-672,226,288,224,212,-176,4,268,712,18,-673,-1330,-1582,-2142,-1816,-162,-395,-92,280,-280,-1119,-1658,-2127,-1309,-1336,-1662,-2620,-2644,-1892,-1359,-1295,-923,-12,752,1487,1853,1547,1030,827,-809,-1476,-1154,-638,-185,363,-826,-207,350,-14,-82,-129,316,714,888,962,270,-176,181,221,764,961,694,247,890,1516,1569,1715,1885,1515,1568,1255,1076,146,393,235,550,35,-376,-851,-616,-265,-482,-885,-1408,-2227,-1561,-1156,-1112,138,2038,2336,1649,-387,-65,-7,-308,-477,-282,-699,-790,-816,-26,520,236,1005,1487,1243,22,-1375,-1200,1457,4510,2262,3584,2417,1973,748,-397,-188,224,-590,-3622,-6620,-6919,-4023,-2460,-1337,-858,1078,2487,3199,4251,2709,2290,2054,2099,2233,837,-296,-1642,-1877,-1436,-1324,-978,-212,1352,1988,812
131,160,-2776,-2787,-2364,-2060,-4383,-5442,-3456,-1504,1359,2692,-669,-5001,-5488,-2820,-1238,-405,-332,-438,-430,400,408,-1732,-2596,731,3548,2926,-1190,-5728,-4444,-829,2124,967,-808,-938,-131,635,1606,1495,-220,-2251,-2723,-2141,355,2500,2333,920,-1126,-3279,-3670,-3159,-2629,-1761,-903,139,327,210,255,4,28,186,717,197,-362,-969,-1254,-2139,-2295,-1194,-916,-86,466,-203,-1154,-1792,-2210,-1706,-1522,-1699,-2612,-2575,-1990,-1437,-1239,-833,-137,495,1230,1700,1510,1021,958,-453,-1172,-1084,-970,-569,-69,-1097,-592,-42,-268,-394,-279,192,579,797,1069,602,276,452,418,782,826,575,3,404,1115,1317,1551,1754,1415,1442,1153,969,280,554,616,982,390,-323,-807,-616,-225,-569,-813,-1349,-2184,-1621,-1489,-1661,-227,1909,2259,1714,-128,254,9,-667,-822,-393,-744,-564,-853,-389,28,61,917,1239,909,-533,-1808,-1715,350,3196,1497,3026,2128,1832,791,-494,-459,182,373,-1852,-5219,-6657,-4840,-3380,-2081,-1828,-59,1442,2393,3559,2662,2473,2183,1968,1998,968,208,-1130,-1831,-1769,-1684,-1030,-523,889,1424,605
132,162,-3525,-3553,-2812,-1552,-4156,-5920,-4207,-2713,164,2121,102,-3817,-4977,-2896,-1641,-706,-351,-420,-478,325,622,-1071,-2292,-185,2906,3142,-33,-4759,-4361,-1213,1813,1050,-612,-946,-301,374,1131,1293,176,-1637,-2684,-2857,-950,1502,2237,1674,-112,-2328,-3120,-2896,-2720,-1927,-1063,61,361,228,354,257,159,183,747,401,-32,-583,-898,-2014,-2612,-2104,-1367,-77,636,-62,-1064,-1773,-2138,-1957,-1591,-1619,-2412,-2317,-1900,-1354,-1045,-642,-178,278,952,1483,1422,986,1057,-83,-796,-935,-1187,-889,-484,-1254,-911,-424,-516,-671,-413,62,425,685,1148,939,758,763,650,833,718,498,-174,-14,739,1033,1304,1522,1237,1258,1030,874,419,728,961,1367,752,-187,-664,-540,-174,-630,-730,-1238,-2049,-1603,-1749,-2095,-573,1662,2036,1720,242,617,63,-916,-1027,-435,-739,-327,-837,-686,-421,-116,730,911,525,-1034,-2097,-2070,-615,1891,757,2375,1742,1601,781,-540,-686,125,1223,-96,-3590,-5997,-5300,-3996,-2630,-2607,-1137,338,1489,2770,2534,2542,2222,1815,1787,1133,748,-518,-1666,-2023,-1982,-1051,-781,400,799,364
133,164,-3977,-4018,-3060,-988,-3619,-5927,-4634,-3694,-997,1404,800,-2408,-4111,-2767,-1949,-992,-388,-392,-486,255,773,-422,-1864,-963,2152,3129,1039,-3529,-4036,-1555,1397,1089,-358,-904,-463,110,650,1049,552,-933,-2425,-3276,-2068,476,1984,2263,850,-1296,-2448,-2537,-2705,-2014,-1158,-12,378,260,476,539,367,251,803,625,307,-191,-539,-1791,-2762,-2847,-1735,-78,777,138,-858,-1611,-1928,-2056,-1551,-1442,-2060,-1911,-1648,-1133,-740,-374,-143,113,681,1230,1297,930,1120,279,-377,-720,-1282,-1124,-853,-1292,-1147,-770,-740,-902,-523,-64,270,565,1194,1248,1221,1081,892,909,635,461,-280,-344,407,735,994,1206,994,1023,886,781,544,892,1241,1678,1096,27,-434,-402,-121,-666,-634,-1075,-1834,-1518,-1918,-2391,-880,1316,1686,1665,686,999,157,-1036,-1084,-407,-684,-96,-765,-895,-803,-290,463,532,115,-1463,-2259,-2282,-1415,660,75,1676,1286,1293,712,-542,-856,61,1902,1507,-1872,-5012,-5388,-4285,-2966,-3169,-2095,-746,539,1913,2308,2473,2153,1632,1601,1312,1296,162,-1383,-2164,-2193,-1048,-978,-84,162,105
134,166,-4128,-4177,-3105,-428,-2847,-5497,-4733,-4404,-2050,599,1369,-903,-2971,-2443,-2139,-1254,-449,-359,-456,202,859,162,-1372,-1573,1351,2909,1950,-2151,-3502,-1834,899,1079,-70,-822,-618,-151,196,786,878,-206,-1988,-3397,-2935,-508,1592,2649,1692,-251,-1698,-2105,-2594,-2027,-1197,-86,369,292,591,807,617,379,880,860,642,188,-199,-1500,-2752,-3392,-2009,-98,875,379,-556,-1324,-1601,-2010,-1416,-1191,-1603,-1407,-1275,-808,-361,-59,-47,5,441,966,1147,856,1148,611,53,-456,-1258,-1265,-1152,-1218,-1291,-1056,-922,-1072,-603,-176,130,449,1203,1497,1619,1369,1118,995,573,453,-319,-574,135,439,643,827,701,748,719,682,638,1023,1436,1893,1398,308,-135,-217,-70,-680,-524,-866,-1555,-1375,-1988,-2537,-1132,896,1235,1550,1158,1369,289,-1020,-1000,-318,-586,118,-642,-1007,-1103,-454,145,136,-296,-1805,-2309,-2367,-2043,-448,-524,971,792,929,586,-515,-965,-5,2369,2838,-201,-3790,-5118,-4253,-3088,-3499,-2876,-1735,-399,1021,1978,2256,1968,1409,1433,1485,1819,872,-989,-2170,-2298,-1025,-1113,-538,-442,-155
135,168,-3997,-4049,-2960,73,-1926,-4698,-4522,-4816,-2939,-235,1770,574,-1655,-1947,-2198,-1483,-533,-325,-392,171,885,642,-871,-2002,564,2521,2644,-740,-2805,-2031,348,1016,230,-706,-764,-401,-208,526,1132,484,-1429,-3241,-3513,-1390,1090,2807,2360,739,-913,-1626,-2400,-1973,-1189,-164,329,313,673,1027,870,549,971,1092,959,536,106,-1170,-2599,-3722,-2184,-146,922,639,-185,-941,-1188,-1833,-1208,-896,-1092,-856,-824,-418,50,268,90,-47,246,712,981,766,1140,898,465,-166,-1126,-1308,-1363,-1046,-1340,-1266,-1047,-1171,-646,-265,16,349,1172,1663,1916,1598,1302,1075,521,460,-298,-702,-69,160,275,410,377,442,532,570,688,1103,1536,1997,1635,637,209,0,-26,-671,-399,-619,-1228,-1184,-1952,-2530,-1315,431,720,1377,1607,1697,450,-877,-796,-180,-450,309,-475,-1022,-1309,-601,-196,-247,-685,-2050,-2267,-2349,-2500,-1397,-1021,299,293,527,409,-469,-1009,-68,2605,3814,1304,-2433,-4533,-3929,-3009,-3598,-3438,-2563,-1269,130,1548,1900,1676,1145,1273,1625,2285,1571,-502,-2026,-2284,-987,-1188,-937,-977,-400
136,170,-3621,-3673,-2648,474,-950,-3620,-4040,-4927,-3619,-1039,1976,1907,-268,-1317,-2121,-1667,-636,-296,-303,165,858,996,-407,-2250,-156,2009,3089,595,-2000,-2132,-225,898,518,-564,-897,-634,-544,285,1300,1081,-805,-2850,-3787,-2121,513,2736,2816,1611,-138,-1121,-2133,-1854,-1143,-246,257,311,704,1170,1093,740,1067,1305,1245,841,366,-828,-2326,-3833,-2258,-222,909,888,220,-494,-723,-1548,-951,-585,-572,-309,-342,-5,452,576,241,-52,105,484,810,665,1098,1128,832,129,-907,-1259,-1476,-797,-1298,-1388,-1103,-1195,-645,-321,-64,269,1101,1729,2083,1741,1424,1130,469,468,-233,-733,-204,-92,-87,-19,41,120,327,438,689,1119,1535,1987,1792,991,574,232,12,-638,-260,-343,-870,-954,-1815,-2378,-1421,-46,178,1151,1982,1953,628,-627,-504,-10,-283,470,-275,-948,-1420,-722,-529,-592,-1030,-2193,-2153,-2247,-2796,-2163,-1407,-308,-181,111,192,-418,-994,-126,2610,4387,2551,-1046,-3697,-3367,-2755,-3481,-3756,-3179,-2021,-721,1032,1425,1291,842,1111,1711,2663,2215,53,-1731,-2142,-931,-1210,-1265,-1413,-618
137,172,-3055,-3102,-2207,749,-8,-2372,-3342,-4750,-4062,-1764,1978,3001,1084,-596,-1912,-1795,-750,-277,-198,180,789,1215,-13,-2333,-771,1424,3275,1761,-1148,-2126,-788,728,776,-402,-1010,-842,-804,77,1375,1547,-175,-2281,-3765,-2665,-98,2449,3037,2314,586,-613,-1806,-1676,-1068,-331,157,280,674,1221,1255,931,1157,1481,1486,1096,576,-498,-1960,-3736,-2233,-325,832,1096,623,-16,-241,-1182,-668,-283,-85,193,128,392,807,834,385,-21,19,292,639,558,1024,1295,1133,406,-626,-1131,-1491,-497,-1175,-1416,-1088,-1141,-599,-338,-108,211,991,1688,2107,1781,1466,1144,405,462,-140,-682,-275,-310,-423,-437,-288,-204,108,285,638,1064,1437,1865,1860,1342,935,465,45,-579,-109,-52,-498,-696,-1583,-2098,-1446,-503,-350,883,2243,2112,804,-300,-162,177,-92,600,-60,-803,-1440,-810,-827,-876,-1315,-2236,-1986,-2084,-2946,-2737,-1680,-827,-601,-296,-49,-371,-926,-178,2405,4552,3474,271,-2691,-2634,-2361,-3174,-3824,-3552,-2613,-1496,454,864,840,509,937,1722,2925,2764,645,-1293,-1869,-856,-1186,-1512,-1736,-798
138,174,-2358,-2400,-1676,887,822,-1065,-2491,-4316,-4256,-2367,1786,3787,2305,164,-1583,-1855,-864,-270,-90,211,693,1304,289,-2272,-1254,816,3215,2687,-306,-2011,-1308,512,985,-225,-1092,-1016,-985,-89,1360,1857,410,-1595,-3476,-3001,-700,1978,3019,2811,1220,-122,-1430,-1448,-973,-419,33,216,580,1174,1336,1101,1230,1606,1669,1298,736,-196,-1530,-3450,-2116,-446,696,1235,986,456,226,-765,-381,-10,338,618,551,740,1085,1023,502,33,-17,139,475,448,923,1399,1355,648,-309,-939,-1410,-173,-985,-1354,-1000,-1013,-507,-315,-117,174,842,1540,1983,1709,1420,1102,320,429,-40,-571,-293,-491,-717,-824,-593,-517,-120,110,537,937,1252,1645,1836,1664,1266,684,79,-493,54,241,-129,-419,-1272,-1711,-1392,-910,-827,585,2356,2159,961,66,192,361,113,699,154,-607,-1379,-859,-1065,-1085,-1528,-2186,-1782,-1880,-2968,-3120,-1842,-1240,-946,-670,-296,-334,-815,-223,2026,4338,4042,1431,-1604,-1809,-1868,-2712,-3651,-3671,-3018,-2163,-157,256,354,162,744,1649,3053,3182,1240,-734,-1471,-757,-1123,-1671,-1936,-934
139,176,-1597,-1632,-1099,894,1483,193,-1557,-3668,-4206,-2819,1424,4223,3310,911,-1153,-1837,-965,-278,9,252,582,1280,492,-2095,-1591,230,2941,3331,471,-1791,-1756,258,1133,-40,-1134,-1145,-1091,-210,1266,2003,908,-857,-2965,-3121,-1251,1366,2778,3080,1733,331,-1021,-1177,-864,-505,-108,119,429,1035,1324,1231,1278,1668,1786,1446,850,66,-1064,-3004,-1915,-575,506,1287,1278,889,647,-327,-108,222,680,944,896,1014,1265,1127,579,98,-13,27,321,341,801,1440,1489,841,16,-703,-1246,151,-746,-1209,-847,-821,-377,-255,-97,152,660,1293,1722,1525,1281,996,207,358,48,-425,-272,-634,-960,-1164,-859,-805,-348,-84,394,745,995,1342,1723,1933,1545,879,118,-377,224,522,224,-132,-900,-1246,-1264,-1241,-1221,272,2307,2083,1079,433,518,528,320,768,347,-387,-1252,-867,-1227,-1210,-1661,-2055,-1556,-1653,-2885,-3321,-1902,-1540,-1199,-988,-526,-309,-673,-262,1521,3805,4255,2366,-525,-968,-1319,-2135,-3266,-3547,-3223,-2694,-766,-358,-136,-183,529,1488,3034,3445,1801,-81,-959,-627,-1026,-1740,-2014,-1021
140,178,-833,-862,-519,790,1935,1309,-608,-2858,-3926,-3099,928,4300,4040,1595,-644,-1732,-1040,-300,90,294,469,1166,602,-1833,-1781,-294,2498,3676,1138,-1479,-2104,-19,1210,150,-1124,-1221,-1127,-286,1109,1993,1292,-129,-2286,-3032,-1711,669,2343,3115,2102,731,-594,-875,-746,-584,-258,-7,232,819,1220,1306,1294,1662,1835,1544,929,288,-589,-2434,-1643,-698,275,1240,1474,1254,1001,103,139,407,931,1164,1149,1199,1340,1145,611,163,23,-48,182,241,667,1426,1539,978,325,-441,-1012,450,-475,-994,-639,-580,-216,-164,-56,140,449,964,1343,1238,1053,820,60,243,104,-271,-231,-741,-1144,-1443,-1076,-1056,-571,-291,218,497,685,980,1531,2127,1751,1040,168,-230,397,778,547,154,-489,-732,-1071,-1477,-1508,-38,2094,1888,1140,763,786,663,518,807,504,-166,-1075,-834,-1302,-1249,-1711,-1858,-1321,-1417,-2717,-3360,-1871,-1724,-1353,-1230,-720,-294,-511,-295,945,3034,4141,3032,464,-183,-757,-1488,-2710,-3209,-3228,-3071,-1339,-936,-596,-507,296,1245,2870,3535,2295,630,-352,-461,-898,-1723,-1977,-1056
141,180,-120,-144,29,604,2165,2211,294,-1943,-3444,-3202,345,4040,4456,2172,-83,-1534,-1074,-333,144,329,365,991,631,-1515,-1833,-727,1941,3733,1666,-1093,-2329,-306,1214,337,-1054,-1234,-1101,-319,909,1850,1548,539,-1501,-2751,-2049,-57,1759,2928,2312,1064,-164,-555,-624,-653,-406,-154,6,546,1034,1318,1273,1590,1816,1599,980,471,-125,-1778,-1314,-799,21,1096,1559,1527,1271,501,356,548,1096,1282,1302,1290,1314,1081,600,223,77,-89,60,152,529,1364,1510,1058,598,-171,-726,706,-191,-723,-393,-308,-39,-52,-2,130,218,573,874,863,748,577,-119,83,116,-137,-188,-819,-1267,-1653,-1236,-1259,-779,-504,19,208,343,583,1274,2229,1869,1157,233,-55,567,999,833,430,-62,-199,-826,-1606,-1672,-327,1734,1584,1132,1023,971,756,694,817,611,32,-868,-763,-1289,-1206,-1683,-1611,-1087,-1184,-2485,-3256,-1764,-1799,-1404,-1379,-860,-284,-341,-321,351,2119,3751,3407,1294,488,-223,-816,-2033,-2698,-3049,-3282,-1841,-1443,-997,-790,53,934,2568,3449,2692,1358,325,-253,-737,-1624,-1835,-1041
142,182,497,478,512,373,2183,2851,1096,-980,-2798,-3128,-274,3486,4548,2608,500,-1242,-1057,-370,166,351,278,784,599,-1169,-1762,-1048,1326,3536,2034,-659,-2417,-582,1143,514,-919,-1178,-1023,-316,689,1605,1675,1108,-672,-2306,-2239,-752,1077,2549,2362,1320,250,-230,-498,-704,-545,-313,-231,243,784,1264,1215,1459,1736,1617,1015,624,310,-1075,-942,-863,-238,868,1528,1694,1451,848,541,654,1185,1310,1359,1292,1199,951,554,274,140,-103,-43,77,393,1262,1416,1083,820,91,-405,905,89,-417,-125,-25,139,69,53,114,-26,144,348,421,380,275,-327,-119,74,-46,-161,-871,-1333,-1789,-1333,-1406,-964,-716,-190,-105,-10,176,968,2229,1891,1226,316,146,729,1175,1073,684,359,326,-542,-1622,-1707,-579,1256,1190,1048,1188,1059,800,835,798,661,189,-649,-660,-1191,-1090,-1581,-1331,-861,-962,-2207,-3034,-1594,-1774,-1358,-1425,-930,-271,-174,-335,-207,1157,3151,3498,1916,1001,249,-161,-1290,-2067,-2712,-3326,-2243,-1850,-1318,-1017,-190,579,2149,3197,2968,2063,1041,-2,-541,-1449,-1601,-976
143,184,987,974,907,131,2015,3210,1757,-26,-2029,-2891,-875,2705,4327,2877,1077,-859,-978,-405,156,356,212,573,528,-816,-1591,-1249,709,3132,2240,-205,-2363,-830,1004,676,-720,-1053,-902,-286,470,1297,1684,1549,141,-1733,-2269,-1363,356,2016,2258,1493,633,86,-370,-732,-664,-472,-459,-64,494,1147,1120,1281,1606,1605,1044,757,703,-365,-542,-877,-480,577,1388,1747,1539,1131,700,736,1215,1266,1330,1216,1017,772,484,314,202,-95,-124,14,266,1131,1271,1060,980,333,-68,1041,351,-95,146,248,303,185,102,88,-272,-295,-200,-60,-30,-75,-557,-355,-26,-13,-166,-904,-1345,-1849,-1368,-1493,-1119,-917,-399,-422,-351,-218,632,2123,1813,1241,416,367,876,1302,1263,907,753,816,-232,-1529,-1616,-780,697,733,887,1243,1046,791,931,751,651,294,-433,-532,-1020,-913,-1417,-1031,-647,-757,-1898,-2719,-1376,-1661,-1226,-1365,-923,-249,-16,-335,-687,235,2415,3329,2303,1333,634,439,-537,-1371,-2253,-3210,-2523,-2136,-1543,-1174,-419,204,1640,2798,3107,2702,1760,287,-307,-1208,-1292,-864
144,186,1333,1325,1200,-85,1702,3293,2250,868,-1187,-2510,-1410,1774,3831,2969,1617,-395,-832,-427,115,341,170,381,440,-475,-1344,-1331,137,2582,2293,241,-2172,-1031,805,813,-460,-862,-749,-237,270,965,1597,1852,887,-1073,-2139,-1844,-348,1379,2019,1583,970,379,-239,-733,-755,-618,-659,-350,190,974,990,1070,1436,1567,1072,880,1047,316,-132,-831,-685,252,1156,1687,1542,1346,837,805,1203,1172,1234,1077,791,568,405,347,258,-71,-183,-35,153,978,1092,997,1075,545,264,1110,582,224,400,490,437,281,136,46,-509,-719,-734,-553,-460,-455,-798,-615,-178,-49,-212,-921,-1311,-1835,-1342,-1518,-1236,-1097,-595,-725,-661,-577,284,1915,1638,1199,529,598,1001,1375,1400,1090,1102,1250,89,-1335,-1412,-917,103,241,657,1185,938,732,973,676,586,339,-233,-386,-789,-691,-1201,-727,-448,-569,-1570,-2333,-1124,-1476,-1022,-1203,-838,-210,127,-316,-1055,-572,1617,2945,2451,1479,913,952,177,-663,-1712,-2950,-2665,-2291,-1665,-1254,-620,-162,1075,2281,3101,3239,2444,608,-34,-908,-923,-710
145,188,1531,1528,1383,-250,1295,3129,2562,1657,-321,-2013,-1839,775,3114,2884,2092,132,-616,-427,50,304,147,224,351,-159,-1049,-1304,-352,1945,2212,649,-1859,-1172,559,916,-154,-615,-573,-177,102,645,1439,2015,1524,-372,-1858,-2163,-984,692,1671,1590,1248,638,-108,-703,-813,-739,-817,-593,-101,759,831,842,1241,1507,1103,999,1336,937,272,-723,-835,-77,854,1526,1471,1490,959,872,1168,1048,1087,896,547,361,330,373,302,-37,-222,-74,54,810,894,902,1106,721,575,1115,772,521,620,685,530,348,148,-14,-727,-1102,-1222,-1029,-886,-847,-1040,-884,-374,-154,-304,-928,-1238,-1752,-1262,-1481,-1312,-1248,-769,-997,-925,-886,-60,1613,1373,1101,649,832,1100,1395,1484,1226,1391,1612,406,-1057,-1113,-985,-479,-251,371,1019,747,624,957,576,474,327,-58,-232,-519,-442,-949,-429,-265,-398,-1233,-1898,-851,-1235,-766,-954,-680,-149,250,-274,-1291,-1207,828,2401,2375,1450,1076,1353,807,7,-1132,-2568,-2665,-2316,-1684,-1258,-779,-492,491,1683,2953,3639,3053,947,277,-562,-510,-519
146,190,1587,1590,1456,-345,844,2762,2690,2305,517,-1432,-2131,-211,2241,2635,2476,699,-336,-398,-30,247,138,110,277,121,-731,-1187,-733,1283,2021,996,-1448,-1242,283,979,184,-328,-384,-116,-25,364,1237,2048,2020,328,-1449,-2302,-1506,7,1246,1521,1457,853,24,-642,-833,-826,-923,-779,-359,514,647,610,1030,1425,1136,1118,1565,1471,653,-554,-918,-382,511,1280,1339,1569,1070,941,1121,911,911,691,309,170,266,394,331,2,-241,-105,-32,631,689,785,1075,854,846,1062,914,779,791,818,573,375,134,-93,-916,-1425,-1638,-1461,-1286,-1229,-1270,-1148,-600,-320,-441,-927,-1136,-1608,-1134,-1388,-1342,-1363,-914,-1224,-1130,-1131,-384,1232,1034,947,762,1053,1167,1363,1514,1308,1609,1888,705,-714,-745,-980,-1005,-713,48,763,493,475,882,453,329,264,86,-77,-228,-181,-672,-145,-97,-240,-893,-1434,-567,-954,-479,-636,-461,-64,351,-209,-1388,-1637,107,1759,2111,1276,1124,1626,1321,599,-553,-2093,-2527,-2218,-1610,-1189,-888,-764,-74,1042,2673,3879,3551,1285,617,-180,-72,-298
147,192,1519,1528,1426,-366,397,2247,2647,2784,1280,-801,-2270,-1113,1284,2244,2747,1277,0,-332,-116,171,136,41,223,357,-415,-1002,-994,645,1751,1263,-970,-1237,-6,995,529,-20,-191,-59,-110,141,1018,1970,2359,983,-942,-2256,-1881,-625,779,1385,1589,1017,153,-551,-813,-871,-970,-900,-566,256,445,384,812,1320,1166,1234,1733,1899,993,-334,-925,-636,158,973,1162,1589,1170,1013,1071,775,721,479,94,10,221,410,345,41,-246,-133,-107,447,483,650,991,942,1062,959,1004,981,902,880,562,357,91,-188,-1067,-1670,-1961,-1827,-1638,-1582,-1476,-1391,-838,-534,-615,-919,-1012,-1413,-970,-1246,-1325,-1434,-1022,-1393,-1269,-1306,-675,791,638,741,856,1250,1199,1285,1493,1334,1749,2072,976,-329,-335,-905,-1436,-1115,-286,439,201,295,752,311,166,161,199,73,65,75,-384,117,56,-90,-557,-958,-284,-652,-180,-277,-199,44,431,-121,-1352,-1851,-502,1081,1705,993,1064,1763,1696,1084,-10,-1557,-2265,-2014,-1457,-1058,-939,-961,-587,399,2279,3943,3905,1602,975,223,375,-55
148,194,1349,1363,1306,-317,-5,1644,2451,3076,1926,-158,-2251,-1872,315,1744,2889,1832,378,-226,-195,80,130,10,192,546,-121,-774,-1134,73,1431,1437,-460,-1159,-290,959,859,289,-2,-10,-155,-14,804,1803,2533,1556,-375,-2036,-2090,-1161,306,1194,1642,1125,274,-435,-754,-870,-959,-953,-715,-1,230,170,594,1191,1185,1340,1837,2206,1279,-77,-857,-823,-180,631,954,1560,1256,1082,1021,646,534,275,-85,-108,193,420,342,75,-238,-161,-177,258,283,502,862,982,1209,816,1038,1118,946,870,499,295,19,-295,-1174,-1828,-2177,-2106,-1925,-1887,-1647,-1599,-1069,-776,-813,-903,-875,-1182,-781,-1065,-1264,-1458,-1089,-1499,-1339,-1408,-924,313,205,492,915,1408,1193,1164,1422,1301,1808,2161,1205,74,87,-765,-1744,-1435,-609,76,-106,95,574,158,0,34,282,210,343,313,-97,354,195,56,-228,-487,-11,-343,109,93,84,169,488,-15,-1198,-1858,-967,425,1213,646,912,1764,1922,1442,466,-992,-1901,-1723,-1244,-880,-932,-1073,-1016,-209,1795,3824,4091,1874,1331,633,809,197
149,196,1105,1123,1114,-211,-334,1012,2130,3178,2422,461,-2085,-2448,-601,1170,2891,2328,778,-81,-257,-23,113,8,179,683,135,-528,-1162,-404,1088,1514,44,-1015,-550,871,1150,578,175,28,-169,-104,612,1573,2550,2015,212,-1664,-2126,-1568,-140,961,1614,1176,384,-299,-660,-825,-896,-946,-804,-244,10,-29,377,1033,1183,1425,1876,2387,1497,199,-718,-931,-475,283,731,1490,1322,1139,968,528,358,91,-220,-182,180,420,322,100,-223,-189,-245,68,88,344,698,973,1278,643,1017,1180,919,789,389,192,-80,-409,-1233,-1893,-2282,-2287,-2133,-2127,-1775,-1760,-1274,-1022,-1020,-879,-733,-927,-580,-856,-1162,-1431,-1113,-1539,-1342,-1441,-1124,-180,-240,207,924,1513,1148,1007,1305,1211,1785,2156,1384,469,492,-571,-1910,-1654,-895,-294,-402,-114,360,-1,-156,-102,338,331,590,523,179,561,321,202,90,-33,242,-43,370,445,367,304,526,102,-949,-1686,-1274,-159,690,280,689,1639,1998,1666,855,-431,-1463,-1371,-991,-673,-870,-1100,-1342,-749,1249,3529,4093,2079,1662,1033,1214,450
150,198,815,835,870,-69,-571,404,1719,3093,2745,1022,-1790,-2818,-1406,563,2751,2732,1176,99,-292,-132,76,20,177,768,341,-285,-1095,-769,748,1497,508,-818,-769,736,1378,829,334,55,-160,-138,451,1304,2424,2340,779,-1174,-1993,-1825,-529,700,1512,1170,479,-150,-536,-739,-789,-887,-836,-462,-211,-215,163,846,1149,1478,1851,2443,1639,471,-521,-958,-710,-45,508,1388,1358,1170,907,420,202,-66,-311,-213,176,407,287,113,-204,-219,-314,-122,-101,178,508,914,1263,449,943,1165,826,647,242,55,-200,-525,-1244,-1869,-2277,-2365,-2253,-2290,-1852,-1863,-1435,-1249,-1214,-844,-589,-665,-379,-630,-1023,-1355,-1094,-1515,-1285,-1410,-1272,-662,-675,-100,871,1552,1062,822,1147,1069,1684,2062,1506,834,856,-338,-1930,-1763,-1121,-641,-666,-318,126,-155,-288,-230,374,433,797,697,437,739,434,352,394,389,467,235,590,752,626,440,545,223,-637,-1371,-1425,-634,191,-64,420,1403,1936,1759,1143,97,-980,-984,-720,-455,-763,-1047,-1549,-1197,673,3072,3907,2200,1945,1406,1570,690
151,200,506,527,599,87,-710,-137,1251,2840,2885,1495,-1393,-2976,-2060,-39,2474,3014,1547,307,-294,-240,16,31,178,802,492,-63,-954,-1017,427,1396,903,-584,-934,559,1528,1028,470,73,-137,-129,325,1020,2180,2518,1289,-604,-1711,-1921,-839,428,1341,1112,553,2,-391,-619,-651,-791,-822,-649,-424,-387,-49,629,1073,1487,1764,2382,1700,721,-280,-908,-869,-329,297,1262,1356,1165,831,320,70,-191,-361,-209,172,377,237,112,-184,-248,-386,-310,-286,6,301,807,1164,244,819,1072,672,456,70,-106,-334,-634,-1209,-1763,-2170,-2340,-2282,-2367,-1873,-1902,-1539,-1433,-1379,-796,-450,-409,-188,-401,-857,-1231,-1035,-1432,-1176,-1324,-1366,-1111,-1077,-416,751,1514,937,614,952,881,1511,1888,1565,1148,1156,-80,-1808,-1759,-1271,-938,-879,-503,-111,-296,-390,-335,394,516,957,830,671,885,536,506,678,768,657,479,758,990,841,565,547,336,-292,-963,-1430,-973,-240,-349,135,1078,1751,1732,1328,566,-486,-586,-452,-244,-623,-926,-1635,-1533,99,2479,3543,2221,2155,1733,1862,905
152,202,205,224,322,234,-756,-580,766,2446,2846,1859,-928,-2931,-2534,-598,2076,3149,1864,530,-257,-339,-70,28,174,788,587,127,-764,-1151,141,1226,1208,-331,-1034,354,1588,1167,583,85,-111,-94,233,739,1846,2547,1711,3,-1304,-1858,-1053,160,1115,1006,604,149,-234,-476,-496,-673,-775,-801,-625,-547,-257,386,950,1442,1618,2219,1682,931,-13,-789,-946,-550,109,1119,1309,1113,734,224,-38,-283,-374,-178,162,326,175,97,-166,-275,-458,-491,-466,-169,86,656,987,35,652,908,472,231,-112,-276,-473,-730,-1131,-1586,-1975,-2217,-2221,-2354,-1834,-1873,-1576,-1555,-1496,-732,-318,-172,-16,-179,-669,-1066,-940,-1300,-1028,-1195,-1407,-1508,-1428,-725,561,1392,772,390,727,657,1274,1645,1558,1394,1377,186,-1561,-1649,-1334,-1161,-1027,-659,-334,-416,-456,-407,403,578,1068,922,877,1003,629,664,939,1095,806,682,868,1146,998,670,535,433,54,-508,-1312,-1166,-567,-549,-140,692,1466,1603,1411,956,-11,-203,-202,-56,-465,-753,-1605,-1748,-443,1786,3019,2137,2272,1998,2076,1086
153,204,-67,-52,64,352,-721,-904,296,1945,2645,2099,-429,-2706,-2815,-1085,1580,3124,2102,754,-180,-421,-178,2,156,733,631,276,-547,-1183,-100,1005,1412,-76,-1064,133,1554,1242,671,94,-87,-49,168,477,1451,2435,2021,602,-807,-1648,-1164,-90,847,862,629,283,-74,-319,-338,-548,-708,-916,-806,-696,-461,122,778,1339,1422,1975,1591,1088,260,-613,-939,-692,-45,965,1212,1011,613,131,-122,-340,-358,-131,140,254,101,68,-152,-297,-527,-662,-640,-343,-130,467,744,-171,448,684,238,-9,-291,-444,-605,-807,-1019,-1354,-1709,-2011,-2075,-2250,-1735,-1774,-1539,-1602,-1552,-651,-193,39,129,26,-470,-866,-814,-1128,-854,-1034,-1398,-1836,-1710,-1011,307,1184,570,157,481,407,987,1345,1487,1561,1509,443,-1212,-1443,-1304,-1294,-1101,-774,-528,-507,-483,-437,407,623,1130,974,1052,1093,715,821,1172,1361,911,839,920,1214,1086,745,511,508,373,-54,-1100,-1212,-771,-648,-378,274,1110,1395,1403,1253,418,147,16,96,-302,-548,-1473,-1841,-924,1032,2367,1949,2282,2185,2203,1222
154,206,-293,-284,-158,430,-621,-1102,-127,1379,2309,2210,71,-2335,-2905,-1474,1015,2936,2241,963,-66,-477,-299,-54,121,646,629,385,-324,-1127,-293,754,1511,166,-1023,-87,1430,1253,733,103,-70,-9,121,242,1028,2201,2206,1155,-259,-1312,-1170,-307,555,689,628,396,77,-162,-191,-429,-634,-997,-961,-830,-655,-154,557,1178,1186,1672,1439,1185,522,-392,-851,-751,-157,805,1068,858,468,41,-182,-366,-321,-80,103,161,18,26,-143,-311,-587,-818,-804,-510,-339,248,449,-369,217,414,-12,-247,-453,-594,-718,-858,-881,-1085,-1393,-1735,-1853,-2060,-1577,-1609,-1428,-1565,-1537,-551,-78,215,244,206,-267,-642,-664,-930,-667,-855,-1344,-2083,-1911,-1261,2,894,336,-78,220,144,663,1003,1356,1641,1550,675,-792,-1161,-1184,-1328,-1099,-840,-676,-563,-472,-422,409,651,1148,990,1195,1159,794,974,1373,1560,971,947,917,1197,1101,783,475,554,642,359,-825,-1124,-843,-642,-559,-144,709,1132,1317,1450,780,446,194,205,-151,-331,-1258,-1818,-1320,261,1625,1665,2180,2282,2239,1306
155,208,-462,-459,-329,461,-476,-1177,-480,790,1873,2196,541,-1853,-2818,-1749,415,2593,2266,1140,77,-500,-424,-137,68,536,593,454,-114,-1002,-434,493,1512,382,-915,-290,1226,1204,771,114,-63,15,83,41,604,1866,2258,1625,301,-881,-1080,-481,254,495,601,483,213,-14,-64,-327,-564,-1046,-1087,-947,-835,-430,298,963,921,1337,1241,1222,756,-140,-690,-726,-224,643,881,662,303,-44,-222,-364,-270,-35,49,50,-72,-25,-140,-317,-635,-953,-952,-666,-536,9,123,-553,-29,115,-260,-466,-587,-716,-803,-880,-726,-797,-1046,-1409,-1567,-1792,-1363,-1384,-1248,-1442,-1448,-434,30,356,328,356,-71,-403,-499,-716,-479,-669,-1250,-2240,-2024,-1459,-336,531,75,-309,-44,-119,317,634,1169,1633,1504,867,-335,-822,-984,-1262,-1021,-853,-770,-581,-425,-362,412,667,1125,972,1304,1203,868,1114,1535,1692,988,1007,867,1105,1047,781,430,572,845,699,-519,-923,-792,-537,-667,-532,292,836,1171,1546,1059,684,328,268,-22,-121,-986,-1692,-1614,-481,836,1302,1969,2281,2184,1334
156,210,-569,-572,-441,446,-308,-1141,-747,220,1375,2067,954,-1302,-2576,-1904,-185,2115,2170,1271,242,-484,-540,-242,0,415,533,489,72,-829,-526,242,1428,560,-751,-464,958,1102,785,127,-65,18,44,-127,204,1459,2182,1984,833,-390,-905,-604,-38,292,549,539,323,115,34,-248,-508,-1067,-1178,-1039,-992,-695,11,703,642,993,1015,1201,951,128,-469,-623,-244,485,661,433,124,-123,-244,-339,-212,-2,-19,-74,-164,-83,-145,-316,-665,-1062,-1077,-803,-715,-236,-212,-718,-280,-193,-490,-651,-684,-800,-850,-869,-563,-508,-688,-1052,-1234,-1459,-1098,-1105,-1007,-1239,-1286,-300,129,462,382,471,111,-161,-326,-497,-300,-484,-1123,-2306,-2048,-1597,-684,110,-205,-530,-303,-370,-33,255,936,1541,1378,1010,125,-453,-719,-1103,-875,-810,-802,-561,-346,-262,417,672,1070,926,1377,1227,938,1234,1655,1757,966,1023,777,954,930,737,376,561,971,945,-211,-639,-635,-350,-696,-863,-115,529,981,1546,1246,852,415,286,74,66,-684,-1481,-1795,-1154,48,883,1660,2178,2041,1305
157,212,-614,-621,-492,392,-135,-1013,-920,-296,856,1841,1291,-723,-2211,-1940,-751,1528,1955,1341,413,-426,-631,-358,-78,293,458,496,224,-627,-571,15,1275,695,-544,-597,645,952,775,142,-76,-5,-6,-263,-156,1009,1987,2211,1299,124,-664,-674,-306,88,473,561,404,217,99,-194,-468,-1066,-1232,-1103,-1120,-936,-288,413,362,662,777,1131,1096,398,-204,-455,-220,332,420,186,-59,-193,-252,-297,-155,11,-100,-204,-258,-147,-159,-309,-675,-1140,-1172,-916,-870,-476,-534,-860,-524,-491,-687,-792,-741,-840,-853,-824,-399,-232,-339,-682,-868,-1076,-791,-784,-719,-967,-1060,-154,219,534,409,552,272,72,-154,-284,-138,-311,-972,-2280,-1984,-1667,-1020,-348,-496,-733,-547,-597,-372,-119,669,1371,1186,1096,556,-77,-409,-864,-669,-712,-770,-503,-239,-130,425,670,989,856,1413,1232,1001,1326,1729,1758,910,999,659,762,763,653,316,524,1018,1086,72,-305,-399,-103,-646,-1113,-487,230,764,1460,1340,948,458,263,133,215,-379,-1207,-1861,-1720,-696,432,1271,1976,1820,1218
158,214,-602,-612,-489,311,28,-818,-1000,-729,351,1541,1537,-152,-1757,-1866,-1251,870,1631,1341,578,-327,-686,-472,-158,179,379,483,337,-415,-575,-176,1074,783,-312,-684,309,764,739,156,-94,-53,-71,-374,-461,544,1692,2295,1670,621,-378,-688,-536,-108,376,548,450,287,130,-166,-446,-1044,-1249,-1133,-1211,-1141,-582,106,94,361,544,1021,1187,654,86,-239,-159,189,172,-64,-236,-252,-250,-247,-104,2,-191,-336,-350,-213,-183,-300,-665,-1185,-1230,-999,-996,-698,-824,-976,-747,-760,-838,-882,-754,-833,-808,-747,-243,17,-14,-317,-486,-659,-452,-433,-397,-642,-780,0,300,579,414,599,408,285,10,-84,2,-154,-802,-2170,-1840,-1667,-1318,-818,-785,-912,-767,-790,-683,-473,379,1137,943,1119,930,281,-77,-565,-420,-566,-679,-413,-110,24,436,661,886,767,1408,1217,1054,1381,1754,1702,829,942,523,548,559,534,249,467,988,1121,310,44,-118,177,-526,-1269,-805,-48,536,1301,1344,975,462,208,152,317,-96,-895,-1817,-2154,-1357,-23,827,1684,1532,1079
159,216,-543,-553,-441,215,168,-583,-997,-1060,-111,1191,1684,377,-1251,-1698,-1662,178,1217,1266,721,-192,-695,-569,-233,82,301,453,409,-208,-544,-324,845,823,-74,-723,-30,546,677,165,-119,-123,-155,-466,-705,92,1316,2234,1920,1063,-73,-653,-720,-288,258,502,461,322,130,-159,-441,-1006,-1229,-1128,-1262,-1300,-853,-204,-153,101,328,882,1220,883,379,4,-71,57,-71,-301,-398,-299,-244,-196,-67,-30,-287,-462,-438,-280,-218,-295,-637,-1195,-1248,-1050,-1090,-890,-1063,-1062,-940,-984,-935,-916,-725,-781,-718,-640,-98,231,274,28,-105,-227,-94,-66,-58,-283,-463,155,371,599,401,615,513,471,160,97,117,-18,-623,-1984,-1627,-1597,-1558,-1271,-1059,-1061,-955,-940,-951,-794,79,852,667,1079,1224,601,254,-228,-141,-378,-537,-297,33,187,450,646,767,660,1360,1180,1091,1393,1728,1597,729,856,379,329,334,387,176,393,890,1058,489,373,174,457,-351,-1322,-1054,-296,309,1086,1266,936,431,129,135,365,144,-572,-1676,-2438,-1905,-455,352,1314,1189,893
160,218,-449,-458,-362,116,275,-334,-926,-1281,-508,816,1730,837,-729,-1457,-1965,-505,737,1117,829,-30,-650,-633,-294,5,229,412,444,-19,-486,-426,606,816,153,-715,-352,305,587,166,-148,-210,-259,-546,-887,-328,886,2035,2034,1418,227,-576,-852,-446,125,423,437,324,104,-169,-447,-954,-1177,-1087,-1270,-1407,-1084,-501,-372,-112,136,723,1194,1067,653,250,29,-66,-298,-512,-539,-336,-239,-154,-47,-84,-386,-578,-519,-348,-264,-295,-595,-1171,-1222,-1065,-1147,-1041,-1239,-1114,-1091,-1148,-975,-896,-658,-687,-589,-507,31,404,516,341,260,202,270,302,279,88,-127,304,428,598,375,603,585,621,290,254,208,95,-440,-1734,-1359,-1462,-1722,-1679,-1304,-1174,-1104,-1043,-1165,-1071,-217,535,373,980,1423,864,561,120,147,-161,-354,-164,182,347,464,624,636,541,1267,1117,1104,1357,1652,1452,616,748,233,118,104,220,99,305,736,913,601,650,442,709,-141,-1273,-1223,-507,91,831,1118,839,371,35,84,360,323,-263,-1457,-2566,-2317,-843,-125,884,805,670
161,220,-334,-340,-267,24,345,-98,-806,-1393,-826,438,1678,1207,-223,-1166,-2153,-1142,221,900,890,147,-552,-654,-333,-51,165,362,445,142,-408,-483,371,767,352,-669,-640,52,469,155,-181,-310,-380,-618,-1009,-696,429,1713,2007,1659,497,-467,-929,-578,-21,315,382,294,58,-188,-458,-890,-1095,-1015,-1236,-1458,-1264,-773,-560,-279,-28,551,1111,1193,885,477,124,-179,-501,-690,-654,-367,-240,-128,-49,-157,-483,-677,-590,-414,-319,-304,-545,-1113,-1154,-1045,-1165,-1143,-1343,-1130,-1191,-1246,-956,-825,-560,-559,-428,-356,143,535,707,611,595,608,624,656,598,450,210,440,471,581,341,568,626,731,396,386,277,187,-262,-1435,-1053,-1270,-1800,-2014,-1506,-1246,-1211,-1097,-1316,-1293,-497,202,78,827,1516,1057,823,454,428,72,-148,-23,326,490,475,591,494,410,1131,1022,1085,1269,1525,1275,497,622,93,-76,-118,44,19,208,542,704,643,849,657,907,81,-1132,-1308,-678,-109,555,915,695,289,-65,8,303,431,8,-1184,-2547,-2584,-1167,-580,416,397,418
162,222,-211,-215,-172,-53,377,106,-657,-1405,-1058,79,1539,1474,236,-850,-2225,-1698,-300,628,895,324,-404,-624,-345,-86,109,307,419,268,-319,-499,155,680,507,-591,-882,-202,324,129,-216,-415,-512,-686,-1076,-1001,-30,1293,1842,1770,718,-338,-952,-680,-175,185,300,240,1,-210,-469,-813,-989,-916,-1163,-1452,-1383,-1008,-715,-404,-165,373,974,1246,1056,662,199,-288,-676,-829,-743,-396,-254,-124,-76,-244,-575,-757,-650,-476,-379,-322,-492,-1027,-1048,-991,-1143,-1191,-1372,-1109,-1236,-1271,-881,-711,-437,-407,-249,-194,237,623,845,834,887,975,952,980,883,783,529,556,496,550,302,514,635,798,477,491,326,257,-92,-1102,-724,-1031,-1786,-2254,-1652,-1275,-1272,-1100,-1399,-1455,-749,-130,-204,628,1504,1173,1022,751,682,305,67,115,455,605,481,544,344,271,951,892,1025,1129,1352,1074,375,481,-38,-245,-319,-133,-63,103,323,453,618,952,797,1029,291,-915,-1310,-811,-288,272,672,516,191,-162,-85,201,464,222,-884,-2395,-2705,-1417,-992,-66,-21,151
163,224,-94,-95,-88,-111,371,262,-500,-1334,-1204,-246,1326,1631,628,-532,-2188,-2145,-792,316,843,486,-217,-541,-327,-103,61,248,372,360,-225,-480,-35,564,611,-493,-1067,-446,156,88,-252,-519,-645,-750,-1096,-1236,-464,803,1553,1743,872,-203,-926,-749,-328,40,198,166,-60,-229,-472,-724,-864,-797,-1057,-1394,-1436,-1199,-838,-496,-277,191,788,1219,1147,786,240,-395,-821,-928,-805,-427,-284,-146,-126,-337,-657,-813,-694,-533,-439,-344,-439,-914,-908,-905,-1081,-1183,-1327,-1048,-1223,-1226,-758,-561,-298,-242,-63,-29,313,672,930,1004,1128,1286,1239,1262,1122,1067,814,646,503,507,262,448,616,824,531,570,359,309,65,-752,-390,-760,-1680,-2381,-1730,-1258,-1287,-1057,-1414,-1552,-965,-444,-460,396,1392,1208,1149,990,894,524,272,240,559,684,476,480,187,127,732,722,918,939,1135,856,252,329,-158,-389,-492,-300,-146,-8,95,181,532,951,847,1062,469,-646,-1236,-904,-444,-3,406,315,83,-251,-187,65,425,367,-583,-2137,-2692,-1585,-1344,-539,-433,-119
164,226,9,11,-24,-151,334,361,-350,-1199,-1271,-522,1057,1680,937,-231,-2054,-2463,-1228,-15,734,618,-3,-407,-279,-105,21,186,312,417,-131,-431,-192,425,658,-385,-1189,-668,-30,33,-286,-612,-770,-809,-1078,-1397,-850,277,1161,1583,947,-74,-858,-785,-474,-111,86,82,-117,-239,-463,-624,-726,-666,-926,-1287,-1423,-1338,-932,-565,-371,8,560,1107,1149,837,234,-504,-935,-990,-846,-462,-331,-195,-197,-430,-724,-842,-719,-579,-491,-368,-387,-780,-741,-790,-979,-1119,-1213,-948,-1150,-1114,-597,-387,-152,-73,117,131,372,688,968,1121,1309,1531,1472,1487,1303,1290,1050,705,492,453,222,374,574,811,559,623,379,345,204,-401,-67,-469,-1490,-2385,-1732,-1195,-1257,-971,-1364,-1584,-1136,-727,-681,141,1191,1166,1196,1156,1051,711,452,344,628,719,456,397,24,-21,482,512,760,704,882,625,129,168,-265,-505,-629,-450,-228,-122,-126,-92,397,844,803,1001,597,-349,-1096,-960,-574,-257,133,105,-26,-324,-289,-94,321,435,-305,-1804,-2563,-1673,-1622,-979,-824,-379
165,228,92,94,19,-174,270,400,-221,-1021,-1265,-742,753,1628,1153,35,-1841,-2642,-1582,-342,575,710,219,-231,-202,-98,-14,124,246,445,-44,-361,-313,275,650,-275,-1246,-855,-225,-33,-315,-688,-877,-859,-1028,-1484,-1169,-250,697,1305,940,39,-754,-786,-603,-260,-30,-5,-164,-237,-438,-512,-580,-529,-777,-1140,-1348,-1420,-998,-618,-450,-172,299,911,1057,805,177,-618,-1021,-1017,-867,-504,-395,-266,-282,-514,-768,-840,-722,-610,-527,-384,-336,-628,-555,-650,-840,-1002,-1041,-812,-1022,-943,-407,-200,-8,88,279,277,415,674,963,1186,1426,1699,1637,1647,1420,1443,1228,732,463,392,185,298,513,765,564,653,390,368,324,-64,232,-173,-1228,-2264,-1657,-1088,-1184,-851,-1256,-1552,-1256,-965,-861,-122,920,1053,1163,1240,1142,856,594,420,657,710,419,291,-142,-169,207,265,554,433,598,386,6,2,-359,-594,-728,-576,-306,-237,-330,-348,224,643,669,849,665,-51,-906,-979,-679,-480,-130,-100,-131,-379,-381,-261,167,427,-72,-1430,-2340,-1684,-1820,-1365,-1177,-616
166,230,151,154,40,-183,188,383,-119,-819,-1197,-900,436,1488,1275,257,-1567,-2680,-1836,-644,379,753,432,-26,-102,-85,-44,64,180,449,35,-275,-397,122,590,-172,-1240,-996,-417,-108,-335,-737,-954,-892,-954,-1501,-1406,-746,194,932,851,128,-625,-756,-706,-395,-140,-88,-197,-221,-393,-392,-429,-393,-618,-961,-1218,-1444,-1039,-665,-521,-348,16,640,874,689,68,-738,-1081,-1016,-873,-551,-471,-353,-373,-580,-783,-803,-699,-621,-540,-387,-281,-463,-356,-489,-669,-839,-819,-642,-844,-727,-201,-10,129,233,414,403,442,639,922,1202,1478,1786,1728,1733,1469,1520,1340,728,420,325,152,225,442,692,549,662,394,382,423,245,496,114,-908,-2026,-1504,-941,-1072,-703,-1100,-1460,-1324,-1151,-995,-380,598,881,1056,1239,1162,946,687,462,641,656,359,164,-309,-313,-80,-12,305,135,292,142,-118,-165,-438,-658,-787,-672,-378,-349,-506,-574,26,366,458,619,666,221,-683,-964,-757,-665,-370,-287,-224,-412,-457,-419,-21,351,103,-1046,-2049,-1627,-1934,-1678,-1478,-819
167,232,188,191,44,-183,96,320,-47,-610,-1077,-993,126,1279,1308,427,-1253,-2583,-1978,-901,159,745,619,191,13,-69,-69,7,120,436,105,-180,-445,-25,489,-81,-1175,-1083,-596,-184,-343,-755,-993,-902,-862,-1452,-1552,-1178,-312,494,691,187,-479,-694,-776,-508,-238,-159,-214,-192,-330,-263,-277,-259,-455,-762,-1044,-1409,-1053,-708,-585,-515,-277,311,609,494,-87,-861,-1116,-990,-865,-598,-553,-447,-460,-621,-763,-731,-647,-606,-523,-369,-218,-288,-151,-311,-470,-636,-562,-445,-625,-477,8,173,250,356,516,503,455,587,854,1171,1466,1791,1740,1744,1452,1522,1387,694,367,258,123,158,365,601,517,653,393,390,500,517,717,380,-550,-1685,-1280,-760,-926,-536,-906,-1317,-1338,-1279,-1081,-620,249,663,885,1157,1111,976,725,469,580,562,277,17,-471,-450,-367,-306,23,-177,-27,-105,-241,-328,-503,-695,-808,-737,-441,-454,-647,-760,-181,37,189,329,602,448,-445,-917,-808,-807,-573,-445,-300,-421,-510,-556,-222,222,213,-682,-1718,-1514,-1963,-1905,-1714,-976
168,234,206,209,38,-175,1,222,-3,-410,-919,-1024,-156,1023,1262,545,-917,-2366,-2006,-1096,-68,685,764,403,135,-52,-90,-44,68,412,163,-82,-459,-156,358,-5,-1057,-1112,-750,-259,-336,-736,-987,-884,-757,-1347,-1606,-1523,-787,27,473,214,-326,-606,-806,-592,-317,-215,-214,-149,-248,-130,-128,-132,-293,-552,-837,-1319,-1042,-751,-645,-667,-565,-56,281,232,-277,-985,-1126,-944,-845,-640,-630,-536,-531,-630,-704,-622,-564,-559,-470,-324,-143,-107,53,-121,-249,-405,-283,-227,-377,-210,208,338,353,451,583,573,455,525,765,1101,1395,1718,1674,1679,1372,1455,1368,637,309,194,101,102,289,499,473,628,390,394,557,743,889,614,-174,-1263,-997,-553,-753,-360,-688,-1130,-1300,-1345,-1119,-831,-105,417,664,1002,991,941,707,441,480,437,173,-145,-624,-576,-643,-604,-276,-488,-347,-350,-363,-482,-552,-708,-793,-767,-492,-546,-750,-900,-382,-314,-114,2,481,612,-211,-840,-830,-902,-730,-564,-352,-405,-535,-658,-416,56,258,-362,-1370,-1355,-1911,-2039,-1875,-1081
169,236,212,214,29,-164,-87,104,16,-228,-734,-996,-396,740,1152,613,-579,-2048,-1923,-1217,-285,581,856,590,251,-38,-107,-89,26,381,211,13,-443,-266,209,52,-898,-1083,-870,-326,-314,-678,-933,-833,-643,-1195,-1571,-1763,-1198,-433,216,209,-174,-496,-793,-642,-374,-251,-198,-94,-153,4,16,-12,-138,-340,-611,-1179,-1005,-792,-699,-801,-831,-435,-87,-78,-488,-1101,-1113,-882,-811,-670,-694,-609,-578,-603,-605,-477,-450,-480,-381,-251,-51,77,252,76,-16,-156,2,3,-112,61,390,478,433,519,615,613,444,458,663,998,1271,1574,1535,1543,1236,1328,1292,562,252,138,86,59,220,397,423,592,384,395,594,918,1010,808,198,-785,-670,-328,-559,-182,-459,-911,-1214,-1351,-1111,-1003,-442,157,409,788,812,845,637,380,348,289,49,-314,-762,-687,-894,-890,-576,-785,-659,-588,-479,-621,-585,-696,-747,-764,-529,-618,-813,-989,-566,-657,-424,-334,313,705,4,-736,-822,-950,-832,-638,-376,-366,-529,-714,-585,-123,245,-102,-1026,-1164,-1785,-2076,-1953,-1130
170,238,210,212,24,-151,-163,-19,17,-71,-534,-918,-580,453,994,638,-253,-1654,-1740,-1260,-476,441,887,737,350,-27,-120,-127,-8,346,247,100,-401,-348,55,91,-708,-1000,-947,-381,-276,-583,-833,-748,-524,-1007,-1455,-1889,-1521,-854,-59,175,-33,-372,-739,-655,-406,-269,-168,-32,-47,136,152,101,8,-136,-378,-997,-942,-829,-747,-909,-1062,-800,-469,-416,-703,-1200,-1075,-804,-763,-680,-734,-655,-592,-539,-469,-303,-308,-367,-258,-151,57,259,439,273,221,99,282,237,157,322,543,588,490,558,615,622,422,389,554,870,1105,1370,1332,1347,1055,1153,1166,476,199,95,78,29,161,299,369,547,377,395,611,1040,1081,954,547,-283,-317,-96,-352,-11,-231,-671,-1085,-1300,-1061,-1127,-741,-99,137,531,584,693,520,291,194,129,-90,-484,-878,-779,-1110,-1145,-858,-1054,-951,-815,-588,-738,-600,-660,-674,-729,-550,-667,-838,-1029,-720,-963,-715,-653,116,724,185,-610,-786,-951,-875,-662,-372,-304,-492,-721,-712,-295,185,91,-704,-951,-1595,-2020,-1947,-1123
171,240,207,208,26,-138,-224,-135,6,56,-332,-797,-704,182,805,626,49,-1212,-1476,-1224,-629,277,856,831,423,-23,-130,-158,-34,308,271,174,-341,-402,-92,112,-501,-873,-979,-422,-225,-456,-692,-629,-403,-794,-1275,-1900,-1738,-1206,-329,118,90,-239,-647,-632,-414,-267,-128,35,64,261,278,206,142,54,-150,-786,-854,-858,-784,-986,-1244,-1123,-837,-755,-902,-1275,-1014,-714,-699,-665,-741,-667,-570,-442,-300,-106,-144,-224,-107,-28,181,435,609,463,452,348,541,463,416,558,663,665,524,571,589,605,392,323,444,724,907,1121,1080,1101,841,943,1003,387,156,67,77,14,117,213,315,498,369,395,612,1111,1105,1051,853,213,41,132,-140,146,-15,-422,-921,-1198,-975,-1201,-989,-337,-133,248,324,496,367,183,32,-32,-237,-645,-968,-850,-1282,-1354,-1105,-1281,-1213,-1023,-683,-829,-598,-602,-579,-667,-552,-688,-828,-1022,-834,-1208,-964,-931,-94,674,324,-467,-722,-909,-861,-638,-339,-223,-425,-677,-786,-441,94,217,-414,-728,-1352,-1879,-1860,-1062
172,242,206,207,38,-125,-266,-234,-11,151,-141,-645,-766,-59,604,587,315,-749,-1152,-1116,-734,102,766,862,460,-28,-139,-184,-56,264,283,230,-270,-427,-223,116,-292,-712,-965,-448,-165,-307,-517,-483,-282,-570,-1045,-1804,-1840,-1469,-575,42,188,-107,-523,-576,-399,-248,-80,103,174,375,392,303,264,223,63,-557,-744,-875,-810,-1029,-1365,-1384,-1163,-1070,-1069,-1314,-930,-611,-615,-619,-711,-640,-511,-315,-111,101,34,-58,63,111,313,598,758,637,666,579,768,673,653,761,746,708,536,564,543,565,357,263,338,570,691,842,793,820,608,714,815,299,125,55,84,13,87,142,265,445,359,394,599,1135,1085,1097,1101,674,385,347,67,284,179,-176,-731,-1053,-858,-1222,-1173,-546,-388,-41,48,265,191,62,-127,-185,-384,-788,-1025,-897,-1404,-1505,-1303,-1457,-1436,-1206,-759,-889,-578,-526,-468,-581,-535,-679,-788,-972,-901,-1373,-1152,-1148,-299,563,415,-316,-632,-828,-792,-568,-280,-129,-332,-585,-800,-545,-10,281,-164,-502,-1070,-1666,-1698,-954
173,244,209,211,60,-113,-289,-308,-28,215,30,-476,-771,-256,404,530,540,-293,-791,-950,-787,-73,624,827,456,-43,-148,-206,-78,212,279,265,-195,-426,-330,105,-93,-532,-907,-458,-103,-145,-321,-316,-165,-347,-787,-1615,-1827,-1628,-780,-45,258,18,-379,-493,-365,-216,-29,169,278,474,491,389,371,368,251,-325,-616,-875,-820,-1035,-1417,-1563,-1424,-1336,-1190,-1311,-823,-499,-513,-542,-640,-573,-419,-169,87,306,216,123,241,254,446,743,879,787,855,782,954,857,858,921,789,718,530,540,484,508,320,211,240,416,468,552,490,523,368,480,615,220,106,59,96,24,73,89,219,392,348,391,574,1117,1029,1094,1280,1075,696,539,263,398,343,57,-525,-876,-720,-1191,-1289,-715,-613,-319,-228,15,4,-62,-272,-320,-523,-904,-1047,-917,-1470,-1588,-1440,-1572,-1610,-1355,-812,-916,-541,-435,-348,-477,-500,-642,-722,-884,-919,-1448,-1266,-1290,-484,407,458,-164,-520,-713,-678,-460,-200,-26,-220,-453,-754,-598,-112,293,44,-283,-764,-1397,-1475,-809
174,246,215,218,88,-102,-294,-356,-42,249,170,-301,-726,-404,219,463,718,134,-420,-740,-787,-236,441,728,407,-71,-159,-226,-103,150,259,276,-124,-403,-410,82,84,-345,-812,-453,-44,16,-116,-138,-54,-135,-518,-1352,-1705,-1678,-930,-135,295,128,-223,-390,-317,-174,22,230,370,556,573,464,463,487,409,-101,-475,-857,-813,-1005,-1399,-1649,-1601,-1533,-1254,-1261,-697,-378,-393,-435,-529,-470,-300,-13,277,495,391,305,414,392,569,863,967,906,1010,947,1091,1006,1020,1033,796,698,508,504,420,442,283,169,154,271,252,266,189,225,137,254,415,151,100,78,114,44,73,54,180,340,333,386,539,1064,943,1047,1383,1396,957,699,438,485,473,268,-313,-677,-568,-1113,-1334,-840,-797,-572,-489,-237,-181,-181,-394,-431,-647,-988,-1032,-910,-1481,-1601,-1512,-1624,-1729,-1464,-839,-908,-488,-336,-224,-360,-446,-579,-636,-765,-885,-1431,-1300,-1350,-635,222,454,-17,-392,-573,-527,-324,-107,78,-97,-294,-652,-596,-198,268,209,-78,-452,-1090,-1207,-640
175,248,224,228,120,-94,-285,-375,-51,256,274,-133,-642,-500,58,393,849,511,-61,-504,-740,-378,232,572,316,-112,-172,-245,-133,74,220,260,-64,-363,-459,48,229,-164,-687,-433,6,165,85,42,49,56,-256,-1037,-1491,-1624,-1018,-222,302,217,-66,-275,-257,-126,72,284,447,619,637,526,539,578,532,102,-328,-817,-786,-939,-1310,-1639,-1681,-1644,-1254,-1161,-556,-251,-257,-303,-386,-338,-164,139,446,651,546,476,568,513,671,954,1019,986,1122,1067,1174,1113,1135,1096,768,654,475,463,357,375,250,140,83,141,55,0,-92,-55,-75,49,228,97,105,107,134,71,85,36,148,290,316,378,498,985,835,962,1407,1622,1158,822,587,545,565,447,-105,-469,-410,-995,-1313,-917,-935,-786,-719,-476,-351,-287,-487,-515,-747,-1033,-980,-876,-1436,-1545,-1517,-1610,-1788,-1527,-835,-867,-421,-233,-102,-237,-375,-493,-535,-622,-803,-1327,-1253,-1327,-742,25,412,116,-253,-414,-354,-171,-8,175,29,-121,-504,-542,-257,219,334,107,-149,-764,-911,-457
176,250,233,236,151,-87,-263,-369,-53,240,340,17,-531,-547,-73,325,931,824,264,-262,-652,-491,12,371,187,-165,-189,-263,-168,-16,162,220,-19,-312,-479,8,335,1,-540,-402,42,291,269,211,142,220,-16,-693,-1204,-1475,-1041,-299,278,283,81,-155,-191,-76,117,329,505,662,683,573,600,644,619,276,-181,-755,-738,-841,-1157,-1535,-1660,-1659,-1189,-1013,-403,-122,-111,-152,-217,-186,-22,277,581,765,670,622,693,609,744,1009,1032,1023,1187,1138,1204,1173,1197,1108,712,591,434,421,300,311,224,124,30,32,-115,-231,-337,-304,-257,-127,61,57,118,143,155,102,106,34,122,244,294,365,453,887,713,846,1358,1748,1289,903,704,576,619,591,90,-262,-254,-843,-1232,-947,-1021,-954,-907,-688,-496,-373,-549,-569,-819,-1037,-892,-815,-1341,-1425,-1457,-1533,-1785,-1539,-799,-794,-343,-133,13,-113,-291,-391,-424,-462,-679,-1147,-1133,-1228,-798,-165,340,231,-110,-247,-172,-13,88,259,149,53,-323,-443,-284,159,423,266,129,-436,-606,-273
177,252,237,240,177,-82,-233,-340,-47,208,368,141,-406,-550,-171,263,968,1063,538,-30,-534,-571,-204,139,31,-227,-209,-280,-209,-117,85,156,6,-255,-472,-34,400,144,-381,-359,63,387,427,362,224,352,192,-343,-867,-1248,-1000,-359,231,323,212,-36,-123,-26,156,363,545,685,709,605,644,684,669,416,-41,-671,-669,-715,-949,-1346,-1539,-1576,-1060,-823,-243,8,40,9,-34,-24,116,390,670,825,754,733,777,672,779,1027,1005,1015,1202,1158,1180,1184,1207,1074,633,516,390,382,255,258,208,120,-4,-50,-248,-418,-534,-508,-400,-267,-78,31,136,181,176,134,132,44,102,201,268,346,405,780,584,708,1243,1773,1350,941,786,583,637,695,262,-65,-106,-669,-1102,-932,-1057,-1068,-1046,-862,-607,-435,-581,-595,-858,-999,-772,-729,-1200,-1251,-1339,-1399,-1720,-1499,-734,-694,-256,-38,116,7,-196,-279,-306,-292,-520,-907,-951,-1062,-802,-332,248,324,29,-81,5,137,174,324,254,213,-126,-311,-278,99,478,394,370,-124,-308,-100
178,254,235,237,195,-78,-197,-294,-34,166,362,234,-278,-517,-236,209,965,1223,750,177,-398,-617,-400,-105,-140,-293,-230,-294,-253,-226,-8,72,11,-197,-440,-75,425,259,-219,-306,68,447,550,486,292,450,361,-6,-504,-961,-903,-398,166,339,321,76,-54,21,188,385,565,688,717,620,672,703,686,520,88,-566,-578,-565,-701,-1087,-1328,-1398,-876,-599,-83,132,189,170,151,136,239,469,709,829,791,798,816,697,774,1004,939,965,1167,1128,1109,1147,1166,998,539,435,346,348,224,220,202,130,-18,-104,-341,-551,-673,-658,-501,-367,-185,18,157,217,195,165,160,62,86,161,238,321,358,669,455,559,1075,1706,1341,938,832,566,623,758,406,111,27,-482,-934,-878,-1044,-1127,-1131,-989,-681,-470,-584,-594,-863,-920,-625,-621,-1021,-1036,-1172,-1215,-1595,-1407,-639,-570,-163,48,205,117,-93,-160,-184,-118,-336,-627,-721,-844,-755,-466,149,392,160,77,166,268,244,366,336,349,70,-159,-241,47,504,489,564,158,-32,53
179,256,223,224,205,-74,-159,-235,-14,119,331,292,-157,-458,-271,165,926,1306,893,346,-257,-630,-565,-345,-312,-356,-249,-304,-295,-336,-112,-25,-4,-143,-388,-111,413,345,-60,-245,59,471,633,579,346,516,488,299,-138,-639,-758,-411,93,333,405,178,12,64,212,395,567,673,707,620,684,701,673,589,202,-443,-465,-398,-426,-776,-1042,-1138,-645,-353,73,248,328,322,326,284,341,510,695,776,778,813,804,683,728,942,838,877,1086,1052,997,1063,1079,887,436,353,304,321,208,199,208,152,-11,-127,-390,-629,-750,-748,-556,-425,-258,15,178,247,210,191,186,86,75,126,205,291,312,560,332,406,871,1559,1270,897,842,531,581,782,518,262,142,-292,-741,-790,-987,-1132,-1160,-1063,-714,-477,-562,-570,-834,-804,-457,-495,-813,-792,-967,-991,-1416,-1265,-519,-428,-67,124,278,215,13,-40,-62,53,-139,-326,-462,-591,-662,-555,52,437,276,219,300,372,293,383,390,451,252,-2,-179,8,506,549,704,400,211,181
180,258,201,201,205,-66,-119,-168,12,75,281,318,-51,-382,-279,130,858,1317,967,470,-121,-611,-690,-561,-471,-409,-265,-306,-334,-442,-221,-128,-35,-94,-320,-137,372,403,89,-177,41,463,677,637,386,552,573,561,209,-301,-578,-398,20,309,463,265,75,101,228,392,550,640,679,604,679,682,636,625,299,-303,-332,-219,-142,-435,-703,-814,-383,-98,220,351,450,455,479,411,414,511,633,671,716,775,743,630,644,845,709,756,963,935,854,939,951,750,330,275,267,302,207,196,225,183,14,-122,-396,-649,-763,-777,-565,-444,-298,21,196,270,221,213,209,111,68,94,168,255,268,459,222,260,648,1349,1147,823,820,483,518,770,595,383,238,-107,-534,-675,-893,-1085,-1136,-1083,-706,-458,-522,-528,-774,-657,-275,-355,-585,-533,-734,-739,-1189,-1079,-379,-272,29,190,334,298,119,77,59,216,61,-24,-191,-321,-531,-595,-34,461,373,339,400,443,320,375,416,517,404,146,-101,-16,486,575,789,595,414,280
181,260,170,169,197,-54,-79,-98,41,38,223,315,36,-298,-266,104,767,1265,976,547,0,-565,-768,-740,-602,-446,-273,-300,-363,-533,-326,-231,-77,-52,-242,-150,310,434,223,-102,18,427,681,661,411,562,618,770,518,30,-376,-358,-46,273,495,336,131,132,236,375,518,591,634,573,656,646,578,634,379,-152,-183,-35,134,-85,-332,-447,-104,153,352,436,548,561,602,510,456,474,529,523,609,688,637,542,529,716,558,611,805,786,688,780,791,593,227,205,235,289,219,208,251,222,56,-90,-362,-616,-716,-745,-533,-427,-307,33,209,285,229,229,226,134,62,66,130,214,227,368,127,127,422,1097,985,724,769,425,443,728,638,473,312,64,-325,-543,-768,-993,-1062,-1051,-660,-415,-466,-470,-686,-484,-88,-205,-348,-270,-486,-469,-923,-853,-224,-109,124,247,372,364,220,191,177,366,253,262,74,-50,-370,-585,-100,465,450,432,464,478,324,346,412,543,518,274,-15,-27,451,568,822,739,574,349
182,262,130,129,180,-35,-39,-27,72,12,164,287,100,-214,-238,83,662,1161,928,576,99,-499,-797,-869,-696,-460,-272,-284,-380,-605,-421,-326,-125,-18,-159,-150,237,441,338,-22,-3,371,652,653,422,551,630,920,775,335,-165,-293,-96,229,502,390,182,157,235,345,471,527,574,528,616,595,506,620,440,6,-22,146,389,251,43,-64,174,387,465,501,617,635,688,577,468,404,393,346,465,558,493,426,392,563,395,451,621,613,509,597,608,427,130,143,207,280,238,234,284,265,110,-35,-293,-535,-615,-660,-463,-378,-290,47,217,292,232,239,237,152,59,42,91,171,188,288,50,14,209,823,796,609,695,363,362,662,649,533,367,216,-123,-399,-621,-863,-946,-969,-580,-352,-399,-403,-574,-294,98,-53,-111,-14,-232,-194,-629,-598,-60,57,215,296,395,414,315,297,290,500,429,519,319,207,-192,-526,-141,455,504,496,490,480,308,299,383,533,588,374,68,-24,402,533,809,831,692,389
183,264,85,84,158,-8,0,40,103,0,111,243,139,-139,-200,67,548,1016,833,562,172,-417,-779,-939,-742,-448,-260,-258,-381,-650,-496,-405,-174,7,-75,-134,162,428,431,61,-18,304,594,616,419,522,612,1010,969,599,42,-208,-127,183,488,425,224,175,225,302,409,449,498,468,557,529,424,588,484,165,143,317,606,552,398,309,435,592,553,541,653,671,734,610,451,309,238,154,296,395,321,289,242,394,229,285,422,425,327,399,411,259,43,90,183,273,262,267,319,308,172,38,-197,-414,-470,-529,-363,-305,-251,63,219,291,232,243,239,164,56,22,53,125,150,220,-8,-75,23,547,597,484,605,300,282,579,632,564,403,345,63,-251,-458,-702,-796,-846,-473,-274,-325,-330,-444,-95,275,98,117,225,19,77,-317,-321,105,219,300,339,403,448,400,396,397,614,579,735,532,438,-6,-426,-155,434,535,531,482,450,276,242,334,491,612,441,143,-12,346,476,757,876,769,404
184,266,36,36,130,26,39,101,131,2,67,188,155,-76,-159,54,430,845,705,512,217,-326,-719,-948,-739,-408,-237,-223,-366,-665,-546,-463,-217,24,5,-103,93,400,501,144,-23,232,515,555,405,481,572,1042,1096,810,235,-108,-137,138,454,442,257,186,206,246,336,359,407,395,479,448,334,541,510,318,305,470,776,802,710,648,661,757,615,554,654,670,737,610,410,199,76,-38,113,212,134,140,89,219,67,121,217,233,149,195,209,95,-34,44,159,264,284,302,352,347,236,122,-82,-264,-293,-364,-242,-215,-197,78,214,284,229,240,233,169,52,5,18,79,114,164,-46,-138,-127,288,399,359,505,241,209,486,593,570,424,448,227,-106,-289,-520,-621,-689,-346,-185,-247,-255,-301,103,435,240,329,442,256,333,1,-34,266,373,376,376,401,468,472,485,496,706,699,904,704,634,176,-291,-140,405,545,539,446,396,233,181,273,424,593,472,202,7,286,404,677,877,809,399
185,268,-12,-12,100,68,77,154,153,15,34,128,148,-29,-119,40,312,659,557,434,236,-232,-623,-897,-686,-343,-204,-181,-335,-650,-566,-495,-251,35,77,-60,38,359,547,225,-14,164,424,477,379,431,515,1018,1152,960,402,0,-125,98,404,439,280,191,180,180,251,257,303,307,382,353,241,482,518,456,453,596,889,985,959,930,839,876,647,541,621,631,701,578,349,83,-80,-217,-71,23,-55,-11,-57,45,-82,-34,16,43,-19,-5,12,-59,-101,3,134,249,297,333,380,379,297,211,44,-97,-98,-178,-108,-115,-133,90,202,271,221,232,220,165,48,-8,-13,34,79,118,-69,-176,-236,60,214,240,402,187,148,392,537,558,432,526,367,32,-118,-327,-430,-508,-207,-92,-167,-181,-153,292,574,370,516,631,473,568,312,252,415,511,441,406,389,476,530,562,583,774,786,1022,831,787,345,-133,-100,372,536,523,387,324,185,122,207,341,537,470,242,31,228,325,579,842,818,379
186,270,-57,-56,67,113,114,199,169,36,12,69,123,-1,-85,24,200,469,401,338,232,-140,-500,-792,-589,-256,-162,-133,-288,-604,-554,-499,-272,39,139,-7,0,311,570,301,9,105,326,388,345,376,446,946,1142,1045,538,108,-96,64,341,418,292,189,147,105,156,146,188,207,268,245,146,411,507,572,578,687,941,1092,1130,1137,959,943,647,501,557,558,629,519,276,-28,-218,-369,-241,-160,-232,-153,-190,-118,-213,-174,-171,-136,-172,-192,-174,-197,-159,-36,103,224,297,353,396,399,350,297,171,77,100,16,28,-13,-65,97,184,252,210,219,200,154,43,-18,-39,-8,45,80,-77,-190,-303,-127,53,131,299,141,102,303,472,530,429,579,479,158,47,-131,-232,-314,-64,1,-86,-110,-4,462,684,482,674,787,664,774,607,527,547,630,492,428,371,473,571,625,656,817,839,1089,912,896,492,39,-38,338,510,488,315,242,137,72,144,250,452,438,264,57,176,246,473,779,800,349
187,272,-97,-94,34,160,148,232,177,63,-1,15,84,10,-60,5,94,286,249,235,210,-54,-360,-641,-454,-153,-113,-84,-230,-530,-510,-475,-277,38,188,54,-17,262,571,368,45,59,230,294,305,317,371,835,1071,1066,637,208,-53,37,268,381,294,181,109,25,56,30,65,95,139,127,51,331,478,658,671,737,930,1119,1215,1259,1014,959,618,438,465,457,529,438,196,-126,-331,-487,-388,-322,-386,-279,-303,-264,-322,-294,-337,-297,-307,-357,-340,-318,-209,-76,64,185,278,357,398,404,388,374,289,244,290,205,158,84,2,100,159,228,194,199,175,135,36,-26,-60,-46,10,48,-75,-184,-329,-268,-81,37,203,101,72,224,403,493,419,609,563,269,202,59,-36,-115,76,90,-8,-46,140,606,763,572,800,909,823,947,875,781,656,723,527,441,349,463,595,669,712,834,857,1108,947,960,611,212,42,304,470,439,237,160,94,35,91,159,349,384,267,84,134,173,369,697,761,313
188,274,-128,-126,2,202,178,255,176,90,-8,-31,36,5,-46,-18,-2,118,109,132,175,23,-212,-457,-293,-44,-61,-36,-164,-434,-437,-424,-266,35,225,116,-14,214,552,425,92,28,141,200,260,258,294,692,948,1027,696,295,-3,17,190,329,284,168,68,-55,-47,-86,-62,-24,0,1,-43,242,430,709,723,741,860,1067,1212,1291,1004,924,560,355,353,335,406,342,115,-204,-411,-563,-500,-453,-505,-379,-391,-386,-407,-393,-476,-435,-422,-495,-482,-420,-254,-120,15,129,236,339,382,392,408,435,390,395,456,375,272,169,63,97,129,199,174,175,144,111,26,-33,-77,-79,-23,19,-68,-162,-321,-359,-182,-40,115,69,56,157,336,451,403,620,622,364,342,237,151,78,206,171,66,13,273,719,808,639,891,996,946,1082,1107,1003,738,788,545,442,324,447,601,693,748,825,843,1082,942,981,698,377,133,272,420,382,160,83,59,14,53,78,240,315,256,112,105,112,274,602,705,276
189,276,-151,-148,-28,237,203,266,168,114,-9,-67,-15,-12,-43,-45,-88,-30,-10,38,135,89,-66,-254,-118,66,-9,8,-93,-320,-341,-348,-238,32,249,178,10,173,518,467,147,12,62,112,212,200,219,530,784,936,715,362,50,4,110,266,266,152,27,-131,-147,-198,-186,-146,-142,-128,-133,147,363,720,731,698,735,944,1125,1236,933,844,479,259,229,200,270,236,39,-256,-455,-595,-571,-544,-581,-449,-452,-481,-466,-467,-584,-547,-515,-601,-595,-501,-295,-169,-46,56,170,298,344,360,407,474,468,520,590,515,365,239,114,88,95,164,148,145,110,83,14,-39,-89,-107,-56,-7,-58,-131,-285,-405,-252,-101,39,44,52,106,275,408,384,614,656,440,464,396,323,259,320,240,134,64,390,795,819,681,948,1047,1033,1179,1296,1185,789,822,544,432,298,426,589,693,761,792,801,1017,903,963,751,524,229,243,365,323,92,17,36,10,34,11,134,239,235,141,91,67,192,502,637,241
190,278,-163,-160,-53,261,222,267,152,133,-8,-93,-64,-38,-51,-75,-162,-153,-104,-40,96,145,71,-46,59,168,41,49,-21,-195,-228,-254,-194,30,262,236,51,142,471,493,205,10,-2,32,164,143,147,358,593,802,696,407,100,-4,34,197,239,133,-11,-197,-238,-299,-301,-264,-281,-254,-218,47,280,689,692,611,567,762,966,1103,809,727,380,156,99,63,130,127,-27,-281,-462,-584,-597,-590,-611,-485,-485,-545,-500,-517,-658,-629,-586,-673,-677,-561,-332,-226,-119,-35,80,231,285,307,381,485,515,611,682,618,430,288,152,73,59,124,116,111,73,52,0,-45,-96,-129,-86,-33,-49,-96,-230,-411,-291,-146,-25,23,57,71,224,366,362,595,670,499,567,532,474,421,414,296,194,109,487,833,797,697,971,1063,1081,1236,1436,1322,809,825,526,411,273,403,561,669,750,736,735,922,835,913,770,645,323,218,307,267,38,-32,26,22,33,-37,42,167,209,171,92,39,127,405,561,209
191,280,-164,-162,-72,272,234,258,131,144,-4,-107,-105,-67,-67,-107,-223,-249,-173,-98,61,191,192,153,225,256,87,83,47,-66,-105,-147,-138,33,266,285,104,123,415,502,260,21,-51,-35,117,91,81,185,387,638,643,427,143,-7,-33,127,206,112,-43,-249,-315,-384,-401,-371,-408,-370,-295,-52,184,619,609,485,368,536,750,906,645,584,272,54,-25,-69,-6,22,-80,-279,-433,-534,-579,-590,-593,-486,-489,-579,-511,-541,-698,-681,-635,-711,-727,-600,-365,-287,-203,-141,-32,139,203,233,330,467,530,662,728,675,462,314,176,54,21,79,79,72,35,21,-14,-50,-101,-145,-113,-60,-44,-60,-165,-385,-304,-178,-77,5,67,51,183,328,338,566,666,540,647,643,601,558,484,338,246,148,562,832,744,688,963,1047,1093,1252,1525,1408,797,796,490,378,248,377,516,622,714,659,650,803,748,836,757,736,409,198,251,218,1,-62,27,47,51,-61,-29,104,184,203,109,28,80,314,481,182
192,282,-155,-154,-84,267,237,241,108,147,1,-110,-133,-95,-87,-138,-272,-318,-215,-135,36,228,293,332,370,327,127,112,109,63,20,-32,-70,42,264,324,165,115,354,492,308,40,-85,-91,73,42,23,22,180,456,562,424,177,-6,-89,59,169,92,-68,-282,-371,-446,-480,-458,-515,-471,-360,-146,80,513,488,329,153,287,497,663,456,424,161,-39,-137,-185,-131,-74,-119,-253,-372,-449,-520,-546,-533,-454,-467,-584,-501,-543,-706,-702,-661,-716,-745,-619,-395,-352,-293,-259,-161,23,101,138,255,416,509,669,726,685,461,315,185,31,-16,30,37,30,-3,-8,-29,-55,-102,-154,-135,-86,-43,-29,-97,-336,-297,-197,-117,-10,77,42,154,294,314,531,650,565,705,725,700,667,530,364,288,182,612,797,667,658,927,1003,1071,1231,1561,1442,757,741,439,336,224,348,458,551,653,564,550,669,648,741,717,792,482,182,199,179,-17,-73,39,82,84,-63,-74,57,165,236,140,33,51,232,401,160
193,284,-137,-137,-89,249,231,217,82,142,8,-102,-146,-116,-109,-167,-307,-359,-232,-149,22,258,372,480,486,377,160,135,164,184,141,83,6,58,258,352,228,118,291,463,344,63,-106,-133,30,-2,-27,-125,-16,269,461,399,201,-2,-131,-2,131,74,-82,-294,-403,-481,-531,-521,-594,-549,-410,-232,-28,378,337,154,-64,35,228,397,258,260,56,-118,-229,-278,-237,-156,-143,-205,-287,-339,-426,-465,-436,-394,-421,-562,-473,-523,-685,-695,-666,-691,-733,-619,-419,-416,-385,-383,-300,-110,-20,26,157,334,453,634,675,647,427,292,178,6,-51,-20,-8,-14,-39,-35,-43,-59,-101,-157,-152,-111,-47,-5,-34,-274,-275,-208,-146,-25,85,43,136,264,290,492,624,576,741,780,773,747,552,376,321,212,637,730,569,610,868,934,1018,1173,1544,1424,690,662,376,288,200,317,388,462,569,455,441,527,541,633,655,814,538,170,154,151,-15,-66,59,121,126,-44,-90,31,155,272,180,50,37,163,323,142
194,286,-112,-112,-87,218,218,188,57,130,16,-85,-141,-128,-128,-191,-328,-376,-229,-143,21,281,427,591,568,407,187,153,208,293,251,192,86,82,251,367,287,127,227,415,362,86,-118,-163,-10,-42,-70,-249,-191,88,346,357,214,4,-156,-53,93,58,-87,-283,-408,-488,-553,-553,-641,-601,-443,-303,-132,222,167,-26,-266,-203,-34,129,67,103,-36,-176,-295,-344,-320,-221,-152,-144,-185,-213,-306,-355,-313,-311,-356,-517,-430,-486,-638,-662,-650,-640,-694,-601,-434,-475,-473,-506,-441,-256,-155,-101,40,222,364,556,581,564,361,246,156,-21,-82,-71,-54,-57,-73,-58,-55,-61,-97,-153,-163,-135,-55,11,18,-208,-244,-211,-165,-40,88,49,126,238,265,452,593,574,755,808,817,796,551,374,346,241,638,638,458,546,791,846,940,1083,1477,1357,603,566,306,238,177,284,310,358,465,337,328,385,435,521,576,802,573,162,118,136,5,-44,83,160,174,-6,-78,27,156,308,228,76,37,106,249,128
195,288,-81,-81,-79,177,197,155,33,112,25,-59,-120,-126,-141,-207,-336,-372,-208,-119,32,298,458,661,613,417,207,168,242,387,345,290,167,114,244,369,337,139,166,351,360,103,-122,-184,-48,-78,-106,-347,-337,-77,227,303,217,13,-164,-91,57,44,-80,-252,-385,-465,-542,-552,-652,-622,-456,-358,-228,55,-10,-199,-440,-407,-271,-122,-104,-37,-110,-212,-333,-380,-376,-267,-148,-74,-75,-80,-171,-225,-176,-213,-276,-453,-376,-434,-572,-606,-615,-570,-632,-566,-440,-523,-551,-620,-576,-408,-298,-237,-92,85,247,440,448,441,268,180,120,-49,-110,-119,-99,-99,-102,-76,-63,-60,-90,-144,-167,-156,-66,17,57,-145,-209,-209,-176,-55,85,57,123,215,241,411,558,561,749,809,834,817,529,360,362,267,617,529,341,472,700,745,842,965,1365,1246,501,458,231,186,155,247,226,246,347,214,215,249,333,409,486,760,586,157,91,131,39,-10,109,194,221,45,-41,44,169,344,279,107,47,61,183,117
196,290,-46,-47,-67,130,169,119,11,89,34,-27,-83,-111,-145,-213,-331,-351,-175,-82,53,311,467,689,621,409,220,179,266,461,421,371,246,151,240,358,372,150,107,271,336,110,-124,-198,-85,-110,-136,-417,-448,-218,110,241,213,23,-158,-116,24,33,-65,-201,-336,-415,-501,-518,-626,-611,-448,-392,-309,-111,-180,-353,-575,-566,-466,-338,-244,-153,-162,-224,-340,-386,-404,-292,-134,-2,34,51,-32,-89,-37,-110,-188,-376,-316,-373,-492,-531,-563,-485,-551,-516,-433,-555,-611,-716,-695,-556,-443,-378,-233,-72,107,293,287,287,153,97,72,-78,-133,-164,-140,-138,-126,-89,-67,-57,-81,-129,-163,-172,-77,17,80,-89,-173,-202,-180,-71,74,63,123,195,217,372,522,540,724,788,825,809,491,337,372,291,577,410,225,393,601,636,728,824,1213,1098,389,345,156,138,132,207,140,131,220,92,106,123,240,302,391,691,577,154,72,136,83,32,132,219,261,102,15,80,192,379,327,138,63,28,125,107
197,292,-12,-12,-52,79,137,82,-9,64,42,8,-34,-83,-137,-210,-314,-316,-135,-38,81,318,455,678,596,386,227,188,280,513,475,434,318,192,238,334,389,154,50,180,288,102,-127,-206,-121,-141,-161,-458,-521,-328,3,176,201,33,-138,-128,-3,25,-42,-137,-266,-341,-433,-455,-565,-568,-418,-405,-371,-268,-334,-476,-662,-670,-608,-506,-346,-238,-191,-214,-319,-362,-403,-298,-113,66,135,171,100,43,94,-9,-97,-291,-253,-306,-404,-444,-498,-392,-458,-453,-413,-567,-648,-787,-790,-691,-583,-516,-376,-240,-48,122,105,111,24,1,13,-107,-153,-204,-177,-171,-145,-96,-67,-49,-69,-110,-154,-182,-87,10,88,-46,-141,-190,-178,-86,56,66,123,176,193,335,486,511,682,745,794,778,438,306,376,313,522,289,115,311,498,523,605,666,1029,921,274,234,85,93,108,163,55,19,91,-24,5,12,157,204,296,601,546,151,61,146,132,77,150,231,291,160,85,129,222,410,369,166,81,3,75,97
198,294,20,20,-36,28,102,46,-27,37,49,45,22,-42,-119,-196,-288,-273,-91,9,112,319,426,632,542,351,230,195,286,544,507,476,381,235,237,301,385,148,-4,80,217,79,-132,-212,-155,-169,-180,-472,-556,-406,-88,112,184,44,-109,-128,-27,19,-14,-65,-180,-250,-343,-367,-475,-496,-367,-397,-412,-405,-460,-561,-697,-716,-689,-617,-406,-291,-197,-183,-273,-315,-377,-285,-87,125,221,272,215,162,205,83,-9,-204,-192,-237,-312,-350,-421,-297,-358,-382,-378,-556,-657,-826,-853,-806,-709,-645,-514,-412,-211,-64,-85,-76,-112,-101,-52,-135,-168,-237,-206,-197,-158,-99,-63,-39,-55,-87,-139,-186,-93,-1,82,-15,-112,-176,-170,-100,34,63,122,157,171,300,450,476,626,686,743,724,377,269,374,332,457,173,18,233,395,411,475,497,821,724,161,128,20,52,84,115,-25,-85,-34,-130,-86,-82,85,117,205,496,495,146,56,160,181,121,161,230,307,211,158,185,255,435,401,188,97,-14,33,86
199,296,48,49,-21,-20,64,12,-43,10,52,80,81,6,-89,-171,-253,-226,-49,55,142,314,381,558,465,308,228,200,285,554,518,497,433,274,237,258,359,131,-57,-24,127,38,-143,-217,-188,-195,-194,-460,-555,-450,-161,54,164,54,-74,-118,-44,16,17,10,-86,-148,-238,-262,-361,-400,-298,-369,-429,-515,-551,-604,-682,-704,-708,-668,-425,-311,-184,-137,-207,-248,-329,-256,-59,172,286,350,307,258,289,159,69,-120,-134,-171,-222,-253,-339,-204,-255,-304,-331,-520,-635,-828,-879,-891,-814,-756,-640,-577,-373,-255,-275,-263,-247,-205,-123,-164,-181,-264,-228,-217,-164,-98,-54,-25,-38,-63,-120,-182,-96,-14,64,3,-88,-157,-159,-113,7,53,117,137,149,267,413,437,560,612,676,654,310,230,367,346,385,67,-64,160,297,304,345,323,598,517,55,33,-35,17,57,65,-98,-175,-149,-221,-163,-159,25,42,120,382,427,139,54,173,225,159,163,214,306,250,229,240,287,452,420,202,110,-26,-2,73
200,298,70,70,-9,-62,27,-19,-55,-15,52,111,137,59,-52,-139,-213,-178,-11,94,169,300,326,463,374,260,223,205,279,544,510,499,471,308,235,209,313,101,-107,-126,23,-19,-160,-221,-218,-218,-203,-426,-521,-461,-212,3,141,62,-37,-101,-57,14,48,81,9,-43,-125,-147,-232,-284,-215,-324,-423,-592,-603,-604,-618,-640,-670,-660,-406,-301,-154,-80,-128,-169,-263,-214,-31,204,330,402,371,326,342,215,134,-43,-83,-110,-139,-160,-253,-119,-157,-224,-271,-460,-582,-792,-863,-940,-891,-843,-746,-727,-526,-440,-453,-438,-372,-305,-194,-192,-193,-284,-241,-229,-166,-94,-44,-11,-20,-38,-98,-173,-94,-27,38,10,-68,-134,-144,-122,-20,37,107,117,128,236,375,393,484,528,597,571,240,190,355,354,311,-24,-128,95,206,203,216,151,369,307,-40,-49,-81,-14,29,12,-162,-249,-248,-294,-224,-218,-25,-22,43,264,347,129,54,182,258,189,154,185,290,273,290,288,313,457,424,206,116,-33,-30,57
201,300,85,85,0,-98,-9,-46,-65,-38,48,134,187,113,-8,-100,-169,-131,20,124,187,278,264,356,276,211,216,209,270,518,485,483,495,333,230,154,248,59,-154,-222,-89,-87,-182,-225,-243,-237,-205,-374,-460,-443,-241,-38,116,68,1,-79,-65,14,76,144,97,57,-13,-31,-95,-156,-123,-265,-394,-632,-613,-562,-515,-533,-582,-600,-356,-265,-111,-18,-42,-83,-184,-162,-3,222,350,427,404,365,364,249,181,24,-41,-56,-65,-74,-169,-44,-66,-144,-202,-379,-500,-716,-806,-948,-934,-899,-825,-854,-661,-611,-610,-593,-481,-395,-263,-219,-203,-297,-247,-235,-163,-90,-32,4,-3,-14,-74,-158,-88,-39,8,9,-51,-107,-126,-127,-46,15,92,96,108,208,336,345,403,437,510,479,172,150,337,354,239,-96,-172,39,124,109,93,-13,144,105,-122,-118,-116,-42,-2,-41,-214,-304,-327,-348,-271,-262,-65,-76,-25,147,257,114,54,185,278,208,137,145,257,278,336,324,329,451,413,200,116,-38,-52,40
202,302,92,92,6,-126,-42,-68,-69,-57,41,150,226,163,39,-57,-123,-89,43,142,196,248,198,244,178,165,207,212,258,478,447,454,503,347,221,97,169,10,-196,-307,-202,-163,-206,-228,-262,-251,-201,-307,-377,-400,-248,-68,90,72,35,-55,-67,15,100,193,173,146,91,79,39,-24,-27,-196,-345,-634,-582,-483,-381,-394,-455,-497,-280,-209,-61,44,45,3,-97,-103,23,227,350,427,408,373,354,260,209,78,-7,-12,-4,1,-90,18,13,-69,-128,-281,-393,-605,-710,-913,-938,-920,-874,-950,-773,-759,-739,-719,-566,-470,-327,-245,-213,-306,-247,-234,-159,-87,-22,16,12,7,-52,-140,-79,-49,-23,2,-36,-77,-105,-128,-70,-11,72,74,90,181,294,295,318,344,418,384,108,113,311,345,171,-148,-198,-7,51,23,-22,-163,-68,-83,-190,-171,-142,-67,-33,-94,-254,-341,-382,-381,-301,-290,-98,-121,-84,35,163,94,50,179,282,214,111,96,211,264,361,342,332,432,387,185,109,-40,-70,20
203,304,94,93,9,-146,-70,-83,-70,-69,32,156,252,204,84,-12,-78,-53,56,149,192,209,132,135,88,124,197,214,246,429,398,413,497,348,205,40,82,-45,-233,-377,-307,-239,-231,-229,-273,-257,-188,-230,-281,-336,-237,-88,65,73,65,-30,-65,18,119,227,232,219,182,177,165,105,68,-120,-280,-599,-513,-375,-227,-235,-302,-363,-188,-138,-8,102,126,85,-8,-39,48,221,333,406,386,356,319,250,219,117,19,23,44,62,-19,66,77,-1,-51,-171,-267,-465,-579,-835,-902,-904,-887,-1010,-855,-876,-835,-809,-625,-525,-382,-268,-223,-309,-241,-229,-153,-86,-14,24,24,23,-31,-119,-69,-57,-52,-7,-22,-45,-82,-123,-89,-39,48,53,73,156,249,242,234,251,326,289,50,80,279,327,109,-181,-208,-44,-12,-55,-128,-296,-262,-251,-243,-211,-159,-90,-67,-145,-282,-358,-414,-394,-317,-306,-125,-159,-135,-68,69,70,43,162,269,206,79,43,154,233,365,341,321,400,347,161,95,-39,-82,1
204,306,89,88,11,-157,-93,-92,-65,-76,22,154,264,236,125,30,-35,-22,61,144,177,163,69,36,9,91,187,216,234,375,344,365,477,335,181,-15,-9,-100,-262,-426,-397,-309,-252,-225,-273,-253,-167,-147,-176,-259,-211,-99,40,72,90,-5,-57,22,131,245,272,273,255,258,276,224,157,-41,-200,-528,-413,-246,-66,-69,-136,-210,-88,-60,46,153,196,158,79,25,72,207,303,368,345,317,264,223,210,142,36,49,79,109,42,100,126,57,23,-57,-130,-302,-420,-718,-826,-848,-864,-1030,-904,-957,-894,-860,-653,-557,-424,-286,-231,-307,-232,-221,-149,-88,-11,26,30,33,-15,-100,-60,-65,-77,-18,-9,-12,-57,-113,-103,-68,22,33,58,132,201,187,151,163,238,199,-1,49,239,299,55,-195,-203,-72,-66,-126,-222,-409,-429,-394,-281,-238,-169,-112,-100,-192,-298,-357,-422,-389,-319,-312,-149,-193,-178,-160,-23,42,31,135,239,185,42,-13,90,187,346,321,295,356,296,132,78,-37,-90,-18
205,308,81,80,13,-159,-110,-94,-55,-75,13,143,262,254,159,68,4,2,59,128,151,113,12,-48,-52,66,177,217,222,318,287,313,444,308,150,-67,-98,-152,-282,-454,-466,-365,-266,-215,-263,-239,-137,-63,-71,-173,-172,-101,17,68,108,17,-46,28,136,246,292,305,308,319,366,328,235,37,-112,-427,-288,-105,92,92,29,-52,12,19,96,194,253,220,159,88,96,187,266,319,289,263,195,181,187,154,48,65,101,140,92,121,159,105,91,56,9,-128,-243,-566,-713,-756,-805,-1009,-917,-998,-915,-871,-650,-564,-452,-299,-238,-302,-221,-211,-147,-96,-14,20,29,36,-3,-82,-54,-73,-97,-27,3,19,-32,-98,-111,-95,-5,14,43,108,151,132,72,82,156,117,-44,23,193,262,9,-193,-186,-92,-113,-192,-303,-498,-566,-509,-305,-255,-174,-133,-133,-234,-303,-342,-409,-368,-310,-310,-172,-224,-214,-240,-109,11,14,98,193,153,4,-66,24,132,309,283,257,302,237,100,58,-32,-92,-34
206,310,71,70,15,-154,-120,-90,-41,-67,7,125,247,259,183,99,39,21,49,103,115,59,-36,-113,-96,51,167,216,211,262,230,258,398,268,110,-113,-178,-197,-291,-458,-507,-403,-271,-198,-241,-214,-100,19,30,-84,-126,-95,-4,62,121,38,-31,34,134,234,292,316,340,359,432,411,298,111,-19,-301,-146,38,236,239,182,101,106,96,141,223,294,267,230,148,119,164,226,265,228,201,122,131,153,155,55,75,112,157,129,131,176,141,150,161,143,48,-57,-389,-568,-631,-714,-949,-896,-999,-897,-843,-616,-546,-463,-305,-242,-292,-208,-201,-148,-109,-24,5,20,32,3,-69,-53,-82,-111,-36,15,47,-7,-79,-114,-119,-31,-3,30,83,98,75,-1,10,83,46,-77,-1,141,216,-29,-177,-162,-108,-155,-252,-370,-563,-670,-595,-318,-264,-175,-153,-165,-269,-298,-313,-379,-335,-292,-302,-193,-252,-245,-307,-186,-22,-9,51,135,110,-35,-114,-42,71,254,231,208,240,175,66,39,-24,-89,-47
207,312,61,60,18,-141,-125,-82,-24,-53,4,103,219,250,197,123,69,34,35,73,72,5,-75,-159,-120,44,158,212,200,208,175,203,343,215,64,-154,-246,-232,-290,-439,-518,-418,-264,-174,-208,-177,-56,94,120,2,-76,-85,-23,54,127,56,-14,42,127,209,276,308,351,379,473,470,345,177,75,-159,2,174,360,362,314,237,188,164,178,240,317,300,289,202,141,141,186,209,166,137,49,76,111,146,59,80,114,162,155,132,181,165,198,252,263,216,126,-196,-398,-480,-594,-853,-842,-961,-845,-780,-556,-504,-456,-301,-243,-278,-195,-190,-152,-126,-42,-19,3,19,3,-61,-59,-95,-121,-43,23,69,15,-57,-111,-137,-54,-18,17,57,43,20,-67,-51,21,-12,-102,-21,84,164,-60,-153,-135,-119,-193,-307,-424,-605,-740,-652,-321,-267,-175,-172,-193,-297,-285,-276,-335,-293,-268,-290,-215,-279,-271,-361,-253,-57,-36,-3,68,59,-71,-154,-103,10,188,168,152,175,112,34,22,-14,-80,-55
208,314,52,51,24,-123,-123,-70,-5,-34,3,77,182,227,198,137,92,43,19,38,26,-47,-102,-184,-127,45,147,206,187,158,124,148,277,152,12,-187,-299,-256,-277,-399,-499,-407,-243,-141,-165,-131,-8,160,197,80,-26,-70,-38,45,128,71,5,49,115,176,245,283,343,380,490,505,373,234,164,-9,148,296,456,457,416,348,254,222,208,246,325,318,333,248,160,119,149,156,109,78,-15,22,68,131,63,82,111,156,170,128,175,178,232,325,363,365,296,2,-212,-310,-453,-725,-758,-885,-763,-686,-473,-440,-432,-288,-238,-261,-183,-180,-160,-147,-65,-50,-21,0,-3,-59,-71,-111,-129,-50,28,82,34,-34,-104,-150,-73,-31,3,29,-12,-34,-125,-101,-30,-58,-118,-39,26,108,-86,-122,-106,-129,-230,-358,-465,-626,-778,-682,-316,-267,-175,-188,-218,-317,-267,-233,-282,-247,-241,-275,-237,-304,-292,-403,-309,-92,-67,-63,-6,3,-103,-185,-156,-49,115,101,93,109,52,6,9,-1,-66,-58
209,316,44,43,30,-100,-117,-57,14,-13,5,51,137,194,189,143,108,49,1,2,-22,-94,-119,-189,-118,51,136,194,173,110,76,94,204,81,-44,-213,-334,-266,-254,-341,-451,-372,-209,-101,-114,-77,41,215,258,148,20,-53,-49,34,124,82,24,56,99,138,205,246,319,363,482,513,384,279,245,141,282,397,523,520,486,430,300,266,227,240,317,321,361,284,177,100,116,108,62,27,-67,-26,26,113,67,83,105,144,175,120,161,182,253,377,439,488,443,195,-20,-129,-297,-574,-648,-778,-657,-569,-374,-359,-390,-265,-229,-240,-171,-169,-169,-170,-94,-89,-51,-25,-16,-64,-91,-131,-134,-58,27,85,48,-11,-95,-158,-89,-42,-13,-1,-66,-85,-175,-141,-70,-91,-128,-55,-32,49,-106,-90,-80,-138,-265,-404,-493,-626,-787,-688,-305,-266,-176,-202,-238,-327,-243,-188,-225,-200,-213,-260,-259,-327,-310,-433,-353,-127,-101,-124,-80,-54,-130,-206,-200,-101,41,32,34,46,-1,-17,1,13,-47,-56
210,318,38,38,38,-73,-107,-44,31,8,9,24,87,151,168,139,118,51,-17,-33,-67,-134,-125,-176,-98,59,122,178,155,66,32,41,124,5,-101,-231,-350,-263,-221,-268,-378,-314,-163,-56,-57,-18,90,257,301,202,61,-35,-57,23,116,90,42,62,81,99,159,200,283,332,453,499,379,311,314,283,398,472,558,551,522,479,326,296,238,226,295,310,372,308,189,83,88,68,25,-12,-103,-66,-10,94,73,85,98,128,173,112,144,178,260,407,487,580,561,371,167,51,-136,-405,-519,-645,-532,-436,-264,-265,-334,-233,-213,-215,-159,-159,-179,-193,-126,-131,-85,-54,-33,-75,-115,-154,-140,-68,19,76,55,9,-84,-160,-100,-52,-31,-35,-119,-132,-215,-170,-101,-112,-132,-70,-87,-10,-123,-59,-58,-147,-299,-443,-510,-611,-771,-673,-291,-264,-177,-213,-252,-329,-217,-144,-170,-156,-186,-244,-281,-347,-323,-452,-387,-160,-135,-184,-153,-110,-151,-216,-232,-145,-31,-33,-20,-11,-46,-35,-2,27,-25,-49
211,320,34,34,46,-45,-93,-32,44,28,13,0,35,101,139,128,121,50,-32,-65,-106,-164,-121,-150,-70,67,105,156,134,25,-9,-12,39,-74,-157,-241,-349,-248,-181,-186,-284,-236,-107,-6,2,42,135,285,325,241,94,-18,-60,13,103,95,58,66,62,60,110,150,238,289,406,463,358,329,369,409,490,521,565,550,524,496,332,310,238,203,263,286,367,319,195,69,65,34,-1,-38,-123,-94,-38,77,80,88,93,112,165,105,126,169,256,416,506,636,643,522,340,223,23,-228,-377,-493,-396,-295,-150,-164,-265,-192,-192,-187,-146,-148,-188,-214,-159,-175,-119,-84,-54,-90,-143,-180,-148,-81,3,56,53,25,-73,-157,-108,-63,-52,-73,-169,-175,-247,-191,-124,-125,-132,-85,-137,-67,-137,-33,-42,-157,-332,-476,-517,-582,-734,-642,-275,-263,-180,-222,-260,-321,-190,-104,-119,-117,-161,-229,-300,-362,-331,-461,-410,-192,-168,-241,-219,-163,-166,-217,-253,-179,-97,-91,-69,-61,-81,-46,-1,40,-1,-39
212,322,31,31,55,-17,-77,-22,53,44,17,-22,-17,48,103,109,118,48,-44,-91,-136,-183,-108,-113,-38,71,86,129,108,-15,-49,-65,-48,-151,-208,-243,-330,-222,-136,-99,-177,-146,-43,45,61,101,174,299,332,265,120,-1,-60,3,88,96,70,67,42,25,63,100,188,239,346,410,326,335,407,512,554,541,545,522,497,483,319,309,228,174,222,252,347,316,195,57,45,6,-16,-52,-125,-108,-57,64,90,93,93,98,155,102,111,157,242,404,499,656,688,641,491,376,172,-50,-227,-331,-256,-154,-39,-63,-188,-145,-165,-158,-132,-135,-194,-232,-190,-217,-152,-114,-77,-109,-172,-205,-158,-99,-21,24,42,36,-64,-150,-115,-76,-78,-115,-216,-211,-272,-206,-141,-130,-130,-99,-182,-121,-150,-14,-33,-166,-363,-501,-514,-544,-682,-598,-259,-263,-184,-227,-260,-306,-162,-71,-75,-84,-139,-215,-316,-372,-335,-461,-422,-221,-200,-290,-277,-208,-174,-209,-262,-203,-153,-140,-109,-102,-106,-51,2,52,22,-26
213,324,29,29,62,11,-59,-13,57,55,19,-40,-64,-5,62,87,110,45,-53,-110,-156,-189,-88,-69,-6,69,63,96,78,-54,-87,-118,-135,-224,-252,-237,-298,-186,-87,-13,-63,-47,26,95,116,154,205,301,323,273,136,14,-55,-6,71,94,77,65,24,-5,20,53,138,184,276,345,286,329,429,589,587,536,503,472,446,443,290,294,210,140,175,208,312,300,187,45,27,-16,-22,-55,-112,-108,-64,55,100,101,96,88,144,104,100,144,220,375,468,641,695,722,611,505,305,120,-77,-165,-118,-18,63,34,-107,-94,-135,-126,-117,-120,-194,-243,-216,-253,-180,-140,-100,-129,-198,-228,-170,-120,-53,-17,21,39,-58,-142,-120,-91,-108,-161,-260,-242,-289,-216,-155,-133,-127,-113,-218,-169,-162,-2,-31,-176,-389,-516,-503,-499,-621,-546,-242,-264,-188,-228,-253,-282,-136,-45,-41,-58,-120,-201,-327,-375,-334,-452,-426,-245,-227,-331,-322,-245,-177,-194,-262,-218,-199,-180,-141,-133,-122,-53,6,59,42,-13
214,326,27,27,67,37,-40,-7,57,60,19,-55,-106,-56,20,61,97,41,-57,-120,-164,-183,-62,-24,22,60,37,59,43,-92,-124,-169,-220,-287,-286,-223,-254,-142,-37,69,50,54,95,143,166,201,226,291,301,268,144,26,-48,-12,53,89,81,59,8,-29,-17,11,89,127,202,272,240,313,434,636,592,508,444,405,377,383,248,267,183,104,125,158,264,271,171,34,11,-35,-23,-49,-86,-96,-60,52,112,111,105,85,134,110,95,133,194,332,417,596,667,763,696,604,416,277,68,-3,12,106,153,120,-26,-42,-102,-95,-100,-103,-189,-246,-234,-280,-201,-161,-121,-150,-220,-246,-183,-146,-90,-65,-8,36,-54,-133,-125,-109,-141,-209,-299,-265,-299,-223,-169,-136,-125,-126,-246,-211,-173,0,-36,-185,-409,-520,-484,-450,-554,-489,-226,-264,-190,-225,-239,-252,-111,-27,-16,-40,-105,-188,-331,-371,-328,-436,-421,-265,-249,-360,-353,-270,-175,-173,-252,-223,-233,-209,-163,-155,-130,-52,9,62,57,0
215,328,24,24,71,61,-20,-1,53,59,16,-65,-139,-101,-21,35,82,37,-56,-122,-159,-165,-32,20,44,43,8,18,5,-129,-161,-218,-298,-340,-309,-203,-202,-93,13,143,157,151,161,186,208,237,237,272,268,250,144,37,-37,-16,36,81,80,51,-6,-47,-46,-22,45,72,127,197,193,289,423,655,570,461,376,328,297,309,198,229,150,67,74,104,207,231,148,23,-5,-50,-21,-37,-52,-72,-46,54,123,122,118,89,127,122,97,124,165,281,351,526,610,766,744,669,501,413,203,149,131,214,227,193,51,8,-67,-64,-81,-83,-177,-240,-243,-296,-212,-176,-139,-167,-233,-256,-196,-175,-132,-116,-44,25,-55,-124,-133,-131,-178,-259,-333,-282,-304,-229,-185,-141,-125,-140,-266,-244,-183,-6,-46,-192,-421,-512,-458,-399,-486,-431,-210,-262,-190,-217,-217,-216,-87,-16,-1,-28,-91,-173,-328,-358,-315,-412,-408,-280,-263,-376,-369,-284,-167,-149,-236,-222,-256,-229,-178,-170,-133,-50,8,59,65,10
216,330,20,20,72,81,2,5,47,54,13,-70,-162,-138,-57,11,66,34,-51,-115,-142,-135,0,60,58,19,-22,-24,-37,-165,-198,-264,-367,-377,-320,-177,-145,-42,60,206,251,239,221,222,241,263,238,244,228,224,137,46,-23,-17,20,72,74,40,-18,-58,-66,-47,7,21,56,123,147,261,399,646,526,401,302,247,212,227,143,182,111,30,24,49,143,182,119,11,-21,-64,-18,-22,-13,-41,-24,61,132,133,135,99,125,137,106,119,136,224,276,437,528,732,754,698,560,526,322,285,235,303,282,248,119,55,-32,-34,-60,-61,-158,-225,-241,-299,-213,-182,-152,-181,-237,-257,-206,-204,-174,-168,-86,9,-58,-117,-142,-158,-216,-308,-362,-292,-304,-235,-204,-151,-128,-152,-277,-269,-193,-19,-60,-196,-423,-492,-424,-347,-419,-374,-193,-256,-187,-205,-190,-176,-65,-12,6,-20,-79,-157,-316,-336,-296,-381,-387,-287,-270,-378,-370,-285,-155,-124,-215,-214,-269,-240,-186,-179,-132,-49,3,49,66,17
217,332,15,14,70,99,24,13,39,45,7,-72,-173,-163,-87,-10,50,32,-41,-100,-115,-96,31,91,61,-13,-53,-66,-79,-199,-233,-304,-423,-399,-317,-146,-87,9,102,256,330,314,272,250,263,278,228,211,182,191,125,54,-8,-15,7,61,65,27,-28,-63,-77,-62,-23,-24,-8,55,105,229,365,612,463,332,227,168,128,143,87,129,68,-6,-23,-4,77,127,86,-1,-36,-76,-17,-6,27,-4,3,70,139,143,153,115,127,154,121,118,110,166,198,337,429,666,727,694,590,612,424,401,321,372,318,286,177,95,2,-6,-38,-38,-132,-201,-228,-289,-202,-179,-158,-189,-229,-245,-212,-231,-214,-214,-129,-13,-64,-112,-154,-187,-253,-355,-384,-296,-301,-242,-227,-167,-134,-163,-279,-284,-201,-39,-76,-197,-413,-459,-383,-295,-355,-318,-175,-246,-179,-187,-158,-133,-46,-14,6,-17,-66,-140,-296,-306,-271,-343,-359,-287,-269,-367,-355,-273,-140,-98,-191,-202,-273,-244,-190,-185,-131,-50,-9,32,58,20
218,334,8,8,66,113,46,23,32,34,2,-70,-173,-177,-109,-27,36,33,-27,-76,-78,-51,61,112,55,-49,-84,-107,-122,-230,-266,-336,-465,-403,-301,-113,-31,56,139,291,388,372,313,270,275,281,210,173,135,154,109,59,9,-10,-3,49,53,13,-35,-64,-80,-68,-45,-61,-62,-4,68,197,323,557,389,260,157,96,52,63,32,73,23,-40,-65,-53,11,68,49,-15,-52,-88,-20,7,64,34,33,81,144,151,172,135,133,171,139,121,87,111,121,233,321,574,669,659,594,669,505,496,389,421,336,305,222,128,33,19,-14,-13,-101,-169,-204,-265,-182,-167,-158,-191,-209,-222,-210,-254,-249,-253,-170,-38,-72,-108,-168,-217,-288,-396,-400,-294,-295,-250,-254,-189,-143,-172,-273,-289,-208,-62,-93,-194,-392,-415,-336,-244,-295,-265,-154,-230,-165,-164,-122,-89,-28,-18,2,-15,-54,-119,-267,-269,-240,-300,-326,-280,-259,-342,-327,-250,-121,-74,-166,-186,-269,-243,-190,-188,-131,-55,-26,9,42,18
219,336,-1,-1,59,122,69,35,25,23,-4,-63,-162,-177,-120,-37,26,36,-9,-47,-35,-1,87,123,40,-89,-114,-145,-164,-258,-293,-360,-489,-390,-274,-78,20,96,169,311,425,412,340,280,276,273,183,132,88,114,90,62,26,-3,-10,37,38,-2,-41,-61,-76,-66,-59,-90,-105,-52,37,166,275,487,308,188,94,33,-13,-10,-17,15,-22,-71,-102,-96,-51,10,12,-29,-68,-100,-26,17,94,70,62,92,144,156,189,156,142,187,160,128,68,61,51,133,211,464,583,596,575,698,564,566,440,449,338,308,253,152,61,42,9,11,-67,-131,-171,-229,-153,-147,-151,-184,-178,-186,-200,-269,-275,-280,-207,-63,-80,-107,-183,-247,-317,-430,-409,-287,-286,-259,-283,-216,-153,-178,-261,-285,-211,-87,-109,-187,-360,-360,-283,-194,-239,-214,-131,-207,-147,-137,-84,-46,-12,-23,-5,-14,-40,-97,-231,-225,-203,-252,-286,-264,-240,-306,-286,-217,-101,-53,-141,-169,-260,-238,-190,-192,-134,-64,-50,-20,18,11
220,338,-11,-10,49,128,90,50,20,12,-9,-53,-141,-164,-119,-40,20,42,12,-13,11,48,107,121,16,-129,-141,-179,-202,-282,-315,-372,-495,-362,-237,-44,63,129,191,318,441,433,355,280,267,255,150,90,43,74,69,64,42,6,-14,24,23,-17,-46,-55,-67,-59,-67,-110,-136,-89,13,136,225,407,226,121,40,-18,-66,-70,-60,-40,-66,-99,-132,-131,-106,-45,-25,-43,-84,-111,-37,21,116,101,89,101,141,157,203,176,154,198,179,136,54,19,-9,40,106,343,478,513,535,701,602,613,473,459,325,295,269,166,85,61,32,33,-31,-88,-130,-184,-117,-121,-137,-170,-137,-140,-180,-275,-289,-293,-236,-87,-87,-107,-197,-275,-338,-454,-410,-276,-275,-267,-313,-248,-164,-181,-242,-271,-212,-112,-123,-176,-317,-297,-225,-145,-186,-166,-104,-178,-123,-105,-45,-5,3,-28,-13,-12,-25,-73,-190,-177,-162,-200,-242,-241,-213,-260,-235,-176,-79,-34,-118,-150,-246,-230,-189,-197,-142,-77,-77,-53,-12,0
221,340,-22,-21,37,129,109,66,17,4,-12,-40,-111,-140,-108,-36,19,51,34,23,57,94,119,108,-14,-167,-165,-208,-235,-301,-330,-372,-483,-320,-193,-13,97,152,204,311,436,434,356,272,250,229,113,48,1,36,48,63,55,15,-15,13,7,-31,-49,-49,-54,-47,-69,-122,-155,-113,-5,108,175,321,146,61,-5,-56,-104,-117,-95,-92,-108,-123,-156,-157,-152,-95,-60,-56,-98,-120,-50,20,127,123,110,107,134,153,211,193,165,204,195,145,44,-15,-57,-39,11,219,361,415,479,679,617,636,489,453,301,271,272,172,105,77,54,53,5,-43,-84,-133,-77,-91,-116,-149,-89,-87,-151,-269,-290,-290,-254,-107,-93,-107,-210,-299,-350,-466,-403,-261,-262,-275,-342,-281,-174,-180,-217,-250,-209,-135,-134,-161,-266,-229,-164,-97,-136,-119,-75,-142,-95,-72,-8,32,16,-31,-20,-10,-11,-47,-143,-125,-118,-146,-194,-211,-181,-206,-177,-130,-57,-20,-97,-132,-230,-221,-188,-204,-155,-94,-108,-88,-47,-15
222,342,-35,-34,22,124,124,82,16,-1,-14,-24,-75,-105,-86,-25,22,61,57,58,99,134,121,85,-48,-202,-185,-231,-263,-315,-335,-360,-453,-266,-145,15,121,165,209,294,412,417,344,255,225,197,73,7,-37,0,27,60,66,24,-14,2,-8,-44,-53,-42,-39,-33,-66,-127,-162,-126,-17,81,125,234,73,9,-40,-83,-127,-150,-122,-138,-144,-143,-172,-174,-187,-137,-92,-69,-112,-129,-66,13,127,135,124,110,123,145,212,203,175,202,205,153,38,-39,-93,-102,-71,99,239,310,411,637,613,638,491,434,269,238,263,171,120,91,74,70,39,1,-36,-78,-35,-58,-91,-120,-36,-28,-112,-250,-276,-272,-259,-123,-94,-107,-219,-315,-351,-464,-388,-244,-248,-281,-367,-313,-182,-176,-189,-221,-202,-155,-141,-144,-210,-158,-102,-50,-87,-74,-43,-103,-65,-37,26,63,27,-32,-25,-6,4,-21,-95,-72,-72,-90,-144,-177,-143,-148,-116,-81,-35,-9,-79,-113,-212,-211,-189,-213,-172,-112,-139,-124,-85,-33
223,344,-48,-48,4,115,134,97,16,-4,-13,-7,-34,-62,-56,-9,30,73,79,90,135,163,115,52,-83,-230,-201,-248,-284,-322,-330,-335,-407,-205,-95,38,134,168,207,267,373,385,320,231,195,159,33,-31,-70,-33,7,55,73,32,-11,-8,-22,-55,-55,-35,-24,-18,-60,-126,-160,-130,-25,56,78,150,8,-34,-66,-99,-138,-169,-141,-177,-175,-159,-182,-181,-210,-170,-119,-81,-124,-135,-82,1,116,137,130,108,109,132,205,205,181,193,207,158,35,-54,-114,-148,-136,-12,119,203,338,578,591,620,480,403,232,199,245,162,130,101,91,83,69,43,10,-23,4,-25,-62,-87,17,32,-67,-218,-248,-239,-251,-132,-93,-107,-224,-322,-339,-448,-365,-225,-233,-284,-386,-341,-186,-167,-157,-187,-191,-170,-145,-125,-151,-88,-42,-5,-40,-30,-10,-61,-33,-2,56,89,37,-29,-27,-1,18,4,-46,-20,-25,-36,-93,-138,-102,-88,-55,-33,-15,-2,-63,-96,-193,-200,-191,-224,-193,-132,-169,-158,-123,-52
224,346,-63,-62,-15,100,138,107,16,-3,-9,12,8,-14,-19,11,40,86,99,117,161,180,98,12,-118,-251,-212,-259,-297,-322,-315,-299,-348,-141,-47,55,137,162,196,234,322,339,287,200,162,119,-6,-67,-98,-61,-11,47,75,38,-8,-17,-34,-64,-58,-30,-11,-5,-53,-119,-150,-125,-30,31,34,71,-46,-69,-84,-107,-138,-174,-152,-206,-199,-170,-185,-181,-222,-194,-141,-91,-133,-139,-97,-14,96,129,127,102,94,115,189,198,181,175,200,159,34,-60,-124,-177,-184,-108,7,101,262,507,554,586,458,364,192,159,219,149,136,109,104,91,93,80,54,29,39,6,-31,-50,69,90,-16,-174,-207,-192,-229,-134,-87,-104,-222,-320,-316,-418,-336,-206,-216,-282,-397,-362,-186,-154,-124,-150,-175,-180,-144,-105,-93,-23,14,37,6,12,22,-18,0,30,80,108,45,-24,-26,4,30,27,1,31,20,16,-44,-97,-61,-30,3,13,2,2,-51,-80,-174,-190,-193,-236,-216,-150,-195,-188,-159,-71
225,348,-78,-77,-35,81,134,113,16,0,-4,32,49,37,22,34,53,97,115,137,175,182,71,-32,-150,-263,-218,-264,-302,-314,-290,-254,-279,-76,-3,66,130,148,179,196,263,284,245,166,126,79,-41,-97,-120,-85,-28,37,72,41,-5,-24,-43,-70,-60,-27,-1,6,-45,-108,-133,-113,-33,8,-6,1,-90,-94,-97,-108,-129,-169,-156,-226,-215,-175,-183,-174,-223,-208,-157,-99,-140,-139,-110,-32,69,112,117,91,77,95,166,182,176,151,184,154,34,-59,-122,-189,-214,-185,-90,10,189,429,505,538,426,319,153,119,188,132,139,114,114,95,112,112,91,74,68,33,0,-11,115,141,36,-120,-154,-136,-196,-129,-77,-99,-213,-307,-280,-375,-299,-185,-199,-276,-398,-375,-180,-137,-91,-111,-157,-184,-139,-85,-39,37,65,77,50,52,53,24,30,59,99,119,52,-15,-23,10,39,48,44,77,62,64,3,-56,-21,23,55,53,17,3,-41,-66,-155,-178,-194,-247,-240,-167,-216,-212,-191,-89
226,350,-92,-92,-56,57,122,112,16,5,4,51,88,86,63,57,66,107,125,148,176,171,36,-77,-175,-265,-217,-261,-298,-298,-256,-200,-203,-14,35,71,116,128,156,155,200,223,199,128,91,40,-72,-122,-137,-105,-42,25,65,41,-2,-29,-50,-73,-62,-25,6,12,-37,-94,-111,-98,-36,-15,-41,-60,-123,-113,-104,-105,-114,-155,-153,-236,-221,-175,-175,-161,-215,-213,-166,-105,-142,-136,-119,-51,37,87,99,77,59,72,137,156,164,120,160,144,35,-52,-111,-187,-227,-243,-170,-68,121,346,446,480,386,270,115,83,154,114,138,118,121,95,124,136,121,112,89,55,28,27,153,183,87,-59,-92,-73,-153,-117,-64,-92,-197,-282,-235,-320,-258,-165,-180,-264,-389,-377,-169,-117,-58,-72,-135,-182,-130,-66,10,87,108,112,93,90,80,62,59,83,111,125,57,-5,-18,15,45,64,82,117,99,105,46,-17,16,70,98,85,29,2,-33,-53,-136,-167,-195,-258,-261,-179,-229,-229,-216,-104
227,352,-106,-106,-75,30,103,103,13,11,13,68,122,132,102,78,78,113,130,149,164,146,-5,-121,-193,-257,-212,-253,-286,-275,-214,-141,-126,42,66,71,96,104,130,114,137,159,150,89,56,4,-97,-141,-147,-119,-55,12,54,39,0,-33,-53,-73,-63,-25,8,15,-30,-77,-87,-81,-38,-37,-72,-110,-145,-124,-109,-99,-96,-135,-145,-236,-218,-168,-162,-144,-199,-209,-169,-107,-140,-128,-123,-68,3,56,75,60,42,48,102,124,145,84,128,128,34,-42,-94,-173,-226,-279,-230,-129,61,264,381,414,340,220,80,51,120,94,134,119,124,92,131,154,143,140,102,70,54,61,182,214,133,7,-26,-8,-102,-100,-49,-82,-174,-248,-181,-256,-212,-144,-160,-247,-369,-368,-151,-94,-27,-35,-110,-174,-117,-48,51,128,143,143,132,124,102,96,83,102,116,124,61,7,-11,19,47,77,113,151,130,140,84,19,49,108,132,109,38,1,-26,-42,-118,-155,-193,-264,-278,-187,-234,-237,-234,-115
228,354,-118,-118,-93,1,77,87,9,17,23,83,150,171,136,97,87,116,128,141,140,108,-50,-160,-202,-240,-201,-239,-266,-244,-166,-80,-49,89,89,66,72,78,100,74,77,97,100,50,24,-27,-115,-154,-152,-129,-65,-2,40,33,1,-36,-54,-71,-62,-26,6,14,-23,-58,-62,-64,-42,-57,-98,-150,-158,-131,-111,-92,-77,-111,-132,-226,-206,-155,-146,-124,-177,-198,-165,-107,-133,-116,-122,-82,-31,24,49,41,26,24,65,86,121,47,90,106,33,-29,-73,-151,-213,-296,-268,-173,10,186,312,343,289,170,51,25,88,76,127,119,124,86,132,165,157,159,107,79,74,91,199,233,173,73,41,56,-48,-79,-33,-70,-146,-205,-122,-185,-163,-124,-140,-225,-338,-348,-129,-70,2,-2,-84,-160,-101,-33,82,158,169,169,168,153,120,125,103,115,117,118,63,20,-3,22,47,85,137,177,154,166,115,52,76,136,154,124,43,-1,-20,-32,-101,-141,-188,-267,-289,-189,-230,-236,-244,-122
229,356,-127,-127,-108,-29,45,63,2,20,32,94,171,202,163,110,93,114,119,122,104,61,-96,-193,-202,-213,-185,-219,-239,-206,-114,-20,22,126,103,58,47,51,69,36,22,39,52,13,-6,-54,-126,-159,-152,-133,-73,-16,23,25,0,-37,-53,-66,-61,-28,1,9,-18,-39,-37,-47,-47,-75,-119,-179,-164,-132,-112,-85,-60,-86,-115,-208,-185,-136,-126,-103,-152,-181,-156,-103,-122,-101,-116,-92,-63,-10,21,22,11,2,28,45,92,8,48,80,30,-15,-51,-124,-191,-293,-286,-199,-31,113,242,269,236,123,26,5,58,59,119,117,121,79,129,169,163,169,105,82,88,115,204,237,203,136,106,114,7,-55,-16,-56,-114,-156,-61,-110,-112,-105,-119,-198,-298,-317,-102,-45,26,26,-57,-142,-83,-20,105,178,186,189,199,177,131,147,118,123,112,108,64,32,5,23,43,89,154,195,170,185,139,79,97,154,165,129,46,-2,-14,-23,-84,-127,-179,-264,-293,-184,-218,-226,-244,-124
230,358,-133,-133,-120,-58,9,34,-8,22,38,101,183,222,181,116,94,106,104,96,60,7,-140,-217,-193,-180,-165,-195,-205,-163,-60,36,84,151,109,47,23,25,38,1,-26,-13,7,-22,-33,-76,-130,-158,-146,-132,-78,-30,6,14,-4,-38,-50,-60,-57,-31,-8,0,-14,-20,-15,-34,-52,-90,-136,-199,-163,-130,-111,-79,-44,-61,-96,-181,-157,-112,-104,-81,-125,-160,-142,-96,-107,-82,-105,-97,-90,-41,-7,3,-2,-18,-9,4,61,-28,6,52,25,-2,-29,-94,-162,-275,-284,-208,-61,47,174,196,181,79,6,-8,32,44,109,114,115,72,124,168,163,171,97,80,97,131,198,230,222,191,164,165,59,-30,-1,-41,-79,-103,1,-36,-63,-87,-97,-167,-252,-277,-72,-20,47,49,-30,-119,-63,-9,119,189,196,203,224,194,137,162,128,126,104,95,63,43,13,23,38,90,163,205,179,196,157,100,111,163,166,126,47,-1,-8,-15,-68,-110,-166,-255,-289,-174,-197,-207,-235,-122
231,360,-134,-135,-128,-86,-28,0,-20,20,42,101,186,231,189,116,90,93,82,62,10,-51,-179,-231,-175,-141,-142,-167,-167,-115,-7,86,135,164,107,35,1,0,7,-31,-66,-57,-33,-53,-57,-93,-128,-151,-135,-127,-82,-43,-13,2,-9,-39,-46,-52,-53,-34,-18,-11,-12,-1,4,-24,-59,-103,-148,-211,-158,-126,-110,-73,-33,-40,-76,-149,-123,-84,-80,-60,-98,-135,-124,-87,-88,-61,-89,-97,-111,-68,-33,-14,-13,-34,-42,-35,28,-60,-34,22,20,8,-9,-65,-129,-243,-266,-202,-82,-9,108,124,127,40,-9,-16,11,32,98,110,108,66,117,163,158,166,86,74,99,139,183,211,230,237,212,205,106,-5,13,-25,-43,-48,58,36,-15,-68,-75,-134,-200,-229,-40,3,62,65,-4,-92,-41,1,125,192,199,211,241,206,137,171,133,124,93,81,60,51,19,22,31,88,166,207,179,199,168,115,119,161,157,115,45,1,-1,-8,-53,-93,-149,-239,-277,-158,-170,-182,-219,-115
232,362,-131,-132,-131,-111,-66,-37,-35,14,40,95,180,227,186,109,81,76,55,24,-43,-107,-210,-234,-150,-99,-116,-136,-125,-64,43,128,174,165,99,23,-19,-22,-23,-59,-98,-93,-68,-80,-77,-106,-121,-138,-121,-118,-83,-55,-30,-12,-16,-41,-42,-43,-47,-37,-30,-23,-11,15,19,-17,-65,-113,-156,-217,-149,-119,-108,-70,-25,-22,-55,-113,-84,-53,-54,-40,-73,-110,-103,-76,-67,-38,-71,-92,-125,-90,-55,-30,-22,-47,-70,-70,-4,-87,-70,-7,13,16,7,-38,-95,-202,-233,-185,-95,-56,46,57,75,6,-18,-19,-6,22,86,105,100,61,109,155,150,157,73,66,95,139,159,183,226,269,249,233,144,17,25,-8,-9,5,110,101,30,-51,-54,-98,-146,-176,-8,25,73,76,21,-63,-19,9,125,189,197,214,252,211,133,174,134,119,81,66,56,57,24,20,24,84,162,201,173,195,173,125,121,152,140,99,43,5,6,-2,-39,-75,-129,-218,-256,-137,-139,-152,-195,-105
233,364,-124,-125,-131,-133,-101,-74,-50,3,34,81,163,212,172,95,66,54,25,-17,-95,-159,-231,-227,-120,-56,-89,-102,-80,-13,89,159,199,156,86,10,-34,-42,-51,-83,-123,-122,-96,-102,-94,-115,-110,-121,-103,-106,-83,-64,-46,-26,-25,-42,-38,-35,-40,-39,-42,-35,-12,28,29,-14,-72,-120,-160,-216,-139,-112,-105,-67,-21,-9,-36,-74,-44,-22,-29,-21,-49,-84,-80,-62,-46,-16,-51,-82,-132,-105,-73,-42,-29,-57,-92,-98,-33,-107,-100,-33,5,21,18,-14,-62,-156,-191,-159,-100,-94,-11,-5,27,-22,-24,-18,-18,15,74,99,91,58,102,145,139,146,61,58,88,132,130,148,211,288,272,248,173,37,35,8,23,54,153,157,69,-34,-32,-63,-91,-120,23,45,79,80,43,-32,4,16,120,181,191,211,254,209,125,172,131,111,69,51,50,59,27,18,17,78,152,189,161,186,172,129,117,136,117,78,39,10,14,5,-25,-56,-106,-190,-227,-112,-104,-118,-165,-93
234,366,-111,-113,-126,-150,-133,-108,-66,-11,21,61,138,185,149,75,47,28,-7,-58,-143,-204,-241,-210,-87,-16,-61,-67,-35,37,127,180,210,139,68,-1,-45,-59,-76,-103,-140,-142,-119,-120,-108,-120,-97,-101,-83,-91,-81,-72,-61,-39,-36,-45,-34,-27,-33,-40,-54,-47,-14,38,35,-15,-78,-125,-162,-212,-128,-105,-101,-66,-22,0,-18,-35,-5,8,-4,-5,-28,-58,-58,-48,-24,5,-30,-69,-132,-114,-86,-52,-34,-63,-108,-119,-59,-120,-122,-57,-3,22,25,4,-32,-106,-143,-126,-100,-124,-61,-60,-16,-44,-26,-14,-26,9,61,91,81,58,96,135,127,134,52,50,78,119,97,110,188,293,282,251,192,53,42,24,51,97,186,203,103,-18,-11,-28,-38,-63,52,61,82,80,62,-2,25,22,112,171,181,204,250,203,115,165,124,101,57,38,43,58,28,16,12,71,138,170,143,172,167,129,109,115,91,56,35,16,22,12,-11,-36,-81,-158,-192,-85,-68,-83,-133,-78
235,368,-95,-96,-117,-163,-159,-138,-81,-28,4,33,103,148,117,50,24,0,-40,-96,-184,-237,-239,-184,-53,21,-33,-32,9,83,158,190,208,115,49,-11,-52,-71,-97,-120,-152,-156,-135,-132,-119,-122,-81,-78,-62,-74,-77,-77,-73,-52,-47,-49,-32,-20,-25,-40,-63,-57,-17,43,35,-18,-84,-128,-160,-204,-118,-97,-96,-66,-25,4,-2,2,32,36,19,9,-11,-35,-35,-34,-4,24,-9,-53,-125,-116,-95,-59,-39,-66,-116,-132,-79,-125,-135,-75,-11,19,27,17,-6,-58,-92,-91,-97,-146,-105,-108,-53,-60,-24,-8,-29,6,48,83,72,60,92,124,114,122,46,45,66,102,64,71,157,284,279,243,200,65,47,38,74,132,208,236,129,-2,10,6,12,-7,78,75,80,75,77,28,46,29,104,160,170,192,239,191,103,155,115,90,46,26,35,53,28,14,8,64,121,147,123,156,159,125,98,91,63,34,31,22,31,18,2,-17,-55,-122,-152,-57,-33,-49,-98,-63
236,370,-75,-77,-103,-170,-178,-162,-94,-46,-17,1,62,103,79,23,0,-29,-71,-129,-214,-259,-226,-151,-20,52,-6,3,51,125,181,190,196,87,29,-18,-55,-80,-114,-133,-158,-164,-145,-138,-126,-122,-65,-55,-40,-57,-71,-80,-82,-63,-59,-53,-30,-14,-17,-38,-69,-65,-21,44,31,-23,-88,-128,-157,-195,-109,-90,-89,-65,-30,5,11,36,64,60,40,21,4,-14,-15,-20,14,40,10,-35,-113,-111,-97,-63,-42,-67,-118,-136,-94,-124,-140,-87,-19,14,25,26,16,-12,-42,-56,-90,-161,-143,-146,-83,-71,-21,0,-28,5,36,73,64,64,90,113,103,111,44,44,55,84,33,35,123,262,263,225,199,74,50,51,92,158,219,256,149,14,30,36,56,44,100,85,75,68,89,56,64,37,97,149,158,178,222,176,91,141,103,79,37,17,26,45,25,13,6,58,101,121,100,138,149,118,85,66,36,13,26,28,40,25,14,1,-28,-84,-109,-29,-1,-17,-64,-48
237,372,-53,-54,-87,-173,-190,-179,-104,-66,-41,-35,15,51,37,-6,-26,-57,-99,-156,-234,-266,-202,-114,10,77,19,37,89,161,195,182,175,57,10,-23,-54,-85,-126,-141,-160,-166,-150,-140,-129,-119,-50,-33,-19,-39,-63,-80,-88,-72,-70,-57,-30,-9,-10,-35,-72,-70,-26,41,23,-30,-90,-127,-152,-185,-102,-83,-82,-64,-37,2,21,65,91,79,57,30,16,5,4,-6,29,53,28,-17,-96,-101,-95,-63,-45,-66,-114,-132,-102,-117,-137,-94,-26,6,20,30,33,28,5,-23,-83,-170,-173,-176,-106,-76,-16,8,-24,4,25,64,56,69,89,103,91,103,47,46,46,65,6,3,87,231,238,199,190,79,52,63,105,175,218,263,160,29,49,64,95,92,117,92,69,58,96,81,80,46,92,139,145,162,200,158,78,125,89,67,30,9,16,35,22,12,6,51,80,94,77,119,137,110,71,42,11,-6,21,32,48,32,27,19,-3,-46,-65,-2,28,11,-31,-33
238,374,-29,-30,-68,-171,-195,-187,-110,-84,-66,-72,-35,-4,-6,-34,-50,-83,-122,-174,-241,-260,-169,-74,35,95,42,68,123,189,200,167,148,29,-6,-24,-50,-85,-133,-146,-158,-165,-149,-136,-129,-113,-35,-11,1,-21,-55,-78,-90,-79,-79,-61,-30,-6,-2,-29,-71,-72,-31,34,13,-37,-91,-124,-145,-174,-95,-77,-74,-63,-43,-3,29,88,110,93,72,38,26,21,20,6,42,62,43,0,-75,-85,-88,-61,-47,-62,-104,-121,-103,-104,-126,-95,-33,-4,12,30,46,61,46,6,-75,-175,-196,-198,-121,-76,-10,16,-17,5,14,54,48,74,89,94,81,96,54,52,40,47,-15,-23,52,193,206,168,174,81,53,73,113,182,208,258,165,44,66,88,128,133,130,95,61,47,100,102,94,55,90,131,133,143,175,138,65,107,75,56,23,4,6,23,18,13,8,46,59,66,55,100,124,100,57,19,-11,-21,16,35,56,39,38,35,20,-9,-21,22,52,35,-1,-19
239,376,-4,-5,-46,-163,-191,-187,-111,-100,-89,-109,-85,-60,-50,-60,-72,-105,-140,-183,-235,-240,-130,-35,56,107,62,96,150,210,198,147,118,4,-19,-23,-43,-81,-134,-147,-153,-160,-145,-128,-124,-105,-21,8,19,-4,-44,-72,-89,-83,-86,-64,-31,-4,4,-22,-66,-70,-36,25,2,-44,-90,-119,-137,-163,-90,-70,-65,-59,-47,-9,35,105,123,102,82,44,35,34,32,18,52,68,56,16,-52,-66,-77,-57,-48,-57,-90,-105,-99,-88,-110,-91,-38,-14,4,27,54,87,79,30,-67,-176,-213,-210,-130,-73,-3,23,-9,7,6,44,41,79,88,85,71,90,64,61,37,33,-30,-42,21,152,169,135,155,81,55,82,117,182,190,242,164,57,82,108,154,167,138,96,52,37,99,119,105,66,90,125,121,124,148,117,53,88,60,45,19,0,-3,10,13,14,11,40,38,38,35,82,111,89,44,0,-28,-32,11,37,62,47,49,49,41,26,20,43,71,54,26,-7
240,378,19,19,-24,-151,-181,-179,-108,-111,-109,-142,-133,-114,-90,-82,-91,-124,-151,-182,-217,-209,-86,2,71,112,79,121,172,222,189,124,88,-15,-26,-19,-34,-73,-130,-143,-146,-151,-137,-116,-115,-94,-9,25,34,12,-33,-64,-86,-84,-90,-66,-31,-3,10,-13,-57,-64,-40,14,-11,-50,-87,-112,-127,-151,-85,-64,-55,-55,-50,-14,39,116,129,105,88,49,42,45,42,27,59,71,65,31,-28,-45,-63,-51,-47,-50,-73,-84,-90,-69,-89,-83,-43,-24,-5,23,59,104,103,47,-61,-174,-222,-214,-132,-67,3,29,1,9,-2,35,35,83,87,76,61,86,75,72,38,24,-37,-53,-5,109,130,102,133,79,57,89,117,175,165,218,157,70,97,125,175,194,141,95,44,27,96,131,114,77,93,121,109,104,120,97,42,69,45,35,15,-2,-12,-2,9,15,16,34,18,13,17,65,98,79,33,-15,-40,-39,7,36,67,54,59,61,60,57,57,60,84,68,48,4
241,380,42,41,-1,-133,-164,-165,-101,-119,-124,-169,-176,-165,-127,-101,-105,-137,-155,-173,-189,-168,-41,36,80,112,93,140,187,227,175,100,60,-27,-29,-13,-24,-62,-121,-135,-136,-141,-126,-100,-102,-80,1,38,46,25,-20,-54,-79,-81,-91,-65,-31,-2,15,-4,-44,-55,-42,2,-22,-55,-82,-104,-116,-139,-80,-57,-45,-48,-50,-19,41,121,129,103,90,53,49,54,50,35,64,71,72,42,-5,-23,-46,-43,-45,-41,-55,-62,-77,-49,-66,-72,-46,-33,-13,19,61,114,119,58,-55,-169,-224,-210,-129,-59,8,34,11,12,-7,28,30,85,84,66,50,82,87,84,43,20,-38,-56,-24,68,92,70,110,75,60,95,115,162,137,187,145,82,109,137,189,214,141,92,37,19,90,139,119,88,99,118,98,85,93,77,32,50,30,25,12,-3,-19,-13,5,18,20,29,-1,-8,3,50,85,70,24,-26,-47,-42,2,34,70,60,68,72,75,85,90,73,93,77,65,14
242,382,61,61,21,-111,-142,-145,-90,-121,-133,-189,-212,-208,-157,-115,-115,-145,-153,-155,-153,-121,3,65,85,108,104,155,194,223,156,77,36,-33,-26,-5,-13,-49,-106,-124,-125,-128,-113,-82,-86,-63,10,47,55,37,-8,-42,-70,-76,-88,-63,-30,-1,19,6,-29,-43,-43,-9,-33,-58,-76,-94,-103,-126,-75,-50,-35,-40,-47,-22,43,120,123,98,89,55,55,61,54,41,66,70,74,51,17,0,-28,-34,-42,-32,-36,-38,-62,-29,-42,-59,-48,-41,-20,14,61,117,126,63,-50,-161,-219,-200,-122,-49,13,37,20,15,-11,21,24,84,79,56,40,77,97,96,50,21,-32,-52,-37,32,56,42,88,71,63,101,112,146,107,151,131,92,119,146,198,227,137,87,32,12,82,141,122,98,105,114,86,66,67,60,22,32,16,16,9,-4,-25,-21,2,21,25,23,-16,-27,-9,37,72,61,18,-31,-49,-42,-3,30,71,66,76,81,88,107,116,82,97,82,78,22
243,384,78,78,41,-86,-116,-121,-77,-118,-137,-201,-239,-243,-181,-124,-121,-148,-144,-130,-110,-70,44,87,84,101,111,164,194,212,135,56,18,-31,-19,5,-1,-34,-89,-108,-112,-115,-100,-63,-66,-45,17,53,59,46,5,-29,-59,-69,-82,-58,-28,-1,22,16,-12,-30,-42,-19,-42,-60,-69,-83,-90,-112,-69,-43,-25,-30,-41,-23,43,115,113,88,84,57,60,65,57,46,67,67,74,57,37,20,-9,-24,-38,-22,-17,-16,-46,-10,-20,-45,-48,-45,-24,11,59,114,124,61,-47,-151,-209,-185,-111,-39,16,39,29,17,-12,16,19,80,72,45,29,72,104,106,60,27,-21,-42,-42,2,24,18,69,67,68,105,109,128,77,115,114,101,126,152,203,234,131,81,28,8,72,139,122,108,112,111,75,47,43,43,14,16,3,7,6,-4,-29,-27,0,23,28,18,-29,-40,-16,25,60,53,14,-32,-47,-39,-7,25,71,70,82,88,97,124,137,88,97,84,88,29
244,386,90,90,59,-58,-87,-95,-61,-110,-134,-203,-256,-268,-198,-129,-122,-145,-130,-101,-65,-18,79,104,81,93,116,167,188,195,112,38,6,-23,-7,16,10,-19,-68,-90,-97,-100,-86,-44,-46,-26,23,55,61,52,18,-16,-47,-60,-73,-51,-25,0,24,25,6,-15,-39,-28,-49,-60,-61,-71,-75,-97,-63,-36,-16,-21,-33,-22,42,106,99,76,77,57,65,68,57,49,65,62,70,61,53,38,8,-15,-33,-12,-1,4,-31,7,1,-32,-47,-48,-26,9,56,105,116,55,-44,-139,-192,-165,-99,-30,18,39,37,19,-12,13,14,73,62,33,19,65,107,113,70,37,-6,-28,-40,-22,-2,-1,53,63,73,109,105,110,50,79,97,107,131,154,204,235,122,74,25,5,62,133,120,116,118,106,63,30,22,29,6,0,-8,-1,4,-4,-30,-30,0,26,31,12,-39,-50,-21,15,49,46,13,-29,-41,-33,-10,19,68,73,87,93,103,135,151,90,95,82,93,36
245,388,97,98,74,-28,-57,-68,-45,-99,-125,-195,-262,-283,-207,-130,-120,-138,-111,-68,-18,30,108,114,74,83,116,165,176,173,88,23,0,-10,8,27,21,-4,-45,-70,-81,-85,-72,-26,-24,-5,27,53,59,54,29,-3,-34,-48,-62,-42,-20,1,26,32,22,0,-33,-35,-53,-59,-52,-58,-60,-82,-56,-30,-9,-11,-23,-18,41,95,83,63,68,56,68,69,56,50,62,56,64,61,67,53,24,-6,-27,-4,13,21,-17,21,18,-20,-45,-47,-25,8,53,93,102,45,-41,-124,-171,-142,-85,-21,19,38,42,21,-10,11,9,63,49,21,8,57,105,116,79,50,12,-11,-34,-38,-22,-15,40,60,78,112,103,93,26,46,81,112,134,154,201,230,111,67,23,5,51,124,115,121,122,98,50,14,4,17,0,-13,-18,-9,1,-4,-28,-29,1,29,33,6,-44,-55,-23,7,37,40,14,-22,-33,-27,-13,13,64,73,91,96,106,141,158,90,90,79,96,41
246,390,100,101,84,3,-26,-41,-29,-84,-112,-179,-257,-287,-210,-127,-116,-128,-89,-34,26,75,130,118,67,73,114,157,159,146,65,12,0,6,24,38,30,10,-22,-47,-64,-70,-58,-10,-3,14,31,49,53,54,38,9,-21,-36,-49,-31,-14,3,27,37,38,15,-26,-40,-55,-55,-43,-45,-45,-66,-48,-24,-3,-3,-12,-13,38,81,65,48,58,54,71,69,53,50,57,49,55,60,76,64,37,3,-21,4,25,33,-6,33,31,-10,-41,-44,-23,9,49,78,83,31,-39,-108,-146,-117,-72,-14,18,35,46,22,-6,11,4,51,35,9,-2,47,99,114,87,64,30,7,-23,-47,-36,-24,30,56,82,115,101,78,7,18,66,114,133,151,195,221,98,59,22,6,42,112,108,124,123,89,38,0,-10,6,-6,-24,-26,-15,-3,-4,-25,-25,5,31,33,0,-47,-55,-22,1,27,35,17,-11,-22,-19,-14,8,58,72,93,98,107,143,160,87,83,75,95,46
247,392,99,100,92,33,4,-16,-13,-67,-94,-156,-242,-280,-207,-123,-109,-114,-66,-1,66,112,143,117,58,64,110,144,138,117,44,6,5,25,42,48,39,24,1,-25,-46,-55,-46,4,17,32,34,44,46,51,45,20,-8,-23,-34,-19,-7,6,27,40,50,28,-18,-42,-55,-50,-33,-32,-30,-50,-40,-19,0,5,-1,-6,35,65,47,33,47,51,71,67,50,49,52,42,46,57,83,71,46,9,-16,10,33,41,2,41,40,-2,-36,-38,-18,11,45,61,62,17,-37,-90,-118,-92,-59,-8,16,32,47,22,-1,12,-1,36,19,-3,-11,37,88,107,92,79,47,24,-10,-49,-45,-29,23,53,86,116,99,66,-7,-4,54,113,130,146,187,207,84,51,21,8,33,99,99,124,121,76,24,-13,-22,-3,-11,-32,-31,-21,-6,-3,-19,-19,10,34,32,-5,-45,-51,-20,-4,17,30,21,2,-11,-10,-15,3,51,68,93,98,105,141,158,82,76,71,94,50
248,394,94,94,96,62,32,8,2,-49,-73,-126,-216,-262,-197,-116,-101,-99,-41,29,100,141,150,112,51,56,103,128,114,87,25,2,14,43,58,57,46,36,22,-2,-28,-40,-34,15,34,48,36,37,37,46,49,29,4,-10,-19,-7,1,9,28,41,60,40,-7,-42,-51,-44,-24,-19,-16,-34,-32,-16,2,10,9,2,31,50,30,20,36,47,70,65,47,47,45,34,35,53,85,73,51,14,-11,15,38,45,8,46,44,3,-30,-31,-12,14,40,43,39,2,-33,-71,-89,-67,-47,-4,13,28,46,22,5,13,-5,20,3,-15,-18,25,72,95,94,93,61,40,3,-47,-49,-30,17,50,87,116,98,57,-16,-19,44,111,125,140,177,191,69,43,21,12,25,84,89,120,116,62,11,-23,-30,-10,-14,-37,-35,-25,-9,-2,-11,-10,17,35,31,-9,-41,-44,-16,-8,8,25,25,16,1,-1,-14,-1,43,63,91,97,101,135,151,76,68,66,91,54
249,396,85,86,96,88,58,30,16,-30,-50,-92,-183,-236,-183,-108,-93,-83,-18,56,127,161,149,105,44,50,95,110,90,58,8,1,25,61,73,64,52,46,42,20,-10,-25,-24,23,48,61,37,30,28,39,50,36,14,3,-3,6,10,13,28,40,66,49,4,-39,-45,-36,-14,-7,-3,-19,-24,-13,2,13,18,11,27,34,13,7,26,42,68,61,44,45,39,26,25,48,84,71,53,17,-7,18,40,45,10,47,45,6,-24,-22,-5,17,35,27,17,-12,-30,-51,-59,-43,-36,-1,10,23,43,22,12,15,-9,3,-13,-25,-24,14,54,79,92,103,73,53,16,-41,-49,-29,14,47,87,115,97,50,-19,-27,38,107,119,132,166,172,54,34,21,16,19,69,77,114,107,45,-1,-32,-35,-16,-16,-40,-37,-27,-11,-1,-1,2,24,36,28,-11,-33,-34,-12,-10,0,22,30,30,13,8,-11,-3,35,56,88,94,96,126,140,69,61,62,87,56
250,398,74,75,94,111,81,50,28,-10,-26,-55,-143,-202,-164,-99,-85,-67,3,78,146,172,143,95,40,44,85,90,65,30,-5,3,37,76,86,69,58,55,59,40,7,-11,-14,27,58,70,39,23,19,30,49,40,24,15,13,19,19,18,29,38,70,56,15,-34,-37,-26,-4,5,9,-4,-16,-11,1,14,24,18,23,19,-1,-3,17,36,63,57,41,42,32,18,16,44,81,66,51,18,-3,19,40,42,11,46,42,8,-16,-12,2,20,30,11,-4,-25,-25,-31,-30,-22,-27,0,6,18,39,22,19,18,-12,-13,-28,-33,-28,2,33,60,85,110,80,62,26,-33,-46,-27,10,43,83,111,96,46,-17,-29,35,101,110,123,153,150,38,25,21,20,14,55,64,104,94,28,-13,-38,-38,-20,-18,-40,-36,-28,-13,0,10,14,33,37,26,-12,-22,-22,-6,-11,-6,18,34,44,25,16,-6,-3,27,48,84,91,89,116,128,62,54,58,83,58
251,400,62,62,90,130,100,67,40,9,-1,-18,-99,-163,-142,-90,-77,-52,22,94,157,175,132,85,37,41,75,69,41,6,-15,7,49,87,95,72,61,62,73,57,24,3,-5,29,63,76,39,18,10,22,45,42,32,27,28,32,28,23,29,34,70,61,26,-27,-27,-15,5,17,21,10,-9,-10,-2,14,29,25,18,5,-13,-11,9,30,56,53,39,39,27,11,9,39,75,57,46,18,0,20,36,36,10,42,36,7,-8,-2,8,22,25,-3,-22,-35,-19,-11,-3,-3,-19,0,2,14,34,22,26,20,-15,-27,-41,-39,-30,-8,12,38,75,113,84,67,34,-24,-42,-24,7,39,77,105,94,44,-12,-24,35,94,101,114,139,128,23,17,21,24,11,42,51,92,79,11,-23,-42,-38,-23,-17,-38,-34,-27,-14,2,21,28,42,37,23,-10,-10,-9,0,-11,-11,15,38,56,35,25,0,-2,19,40,78,86,82,104,114,55,48,55,79,60
252,402,50,50,84,144,116,83,51,27,22,17,-54,-119,-117,-79,-69,-38,38,105,161,171,117,74,36,39,65,50,19,-15,-21,11,60,95,100,73,64,67,84,72,39,16,3,28,64,77,39,14,4,13,39,42,38,37,43,43,36,28,29,29,67,62,37,-18,-15,-3,15,27,31,22,-1,-9,-5,12,31,29,14,-7,-23,-17,2,22,49,48,38,37,22,5,4,34,66,46,38,16,2,19,31,28,7,36,28,6,-1,7,14,24,19,-15,-37,-42,-13,7,22,14,-13,0,-2,9,28,22,32,22,-17,-40,-51,-43,-29,-17,-9,15,61,110,82,67,38,-15,-37,-21,3,34,68,97,91,43,-3,-14,38,87,92,104,124,104,8,9,20,28,10,31,38,77,62,-5,-31,-44,-36,-24,-16,-33,-30,-24,-14,5,32,41,50,37,21,-6,3,5,6,-9,-14,12,41,67,45,33,7,2,12,32,72,81,74,92,100,48,43,53,76,60
253,404,39,39,76,154,128,97,60,44,43,49,-9,-74,-90,-67,-61,-25,50,110,157,160,101,64,37,38,55,31,0,-31,-25,15,68,97,101,71,66,70,91,82,52,28,11,25,60,74,38,11,-1,5,32,41,43,45,55,52,43,33,30,25,63,61,46,-8,-2,9,24,37,40,33,5,-8,-8,9,31,32,9,-18,-30,-20,-3,15,39,43,38,35,18,1,1,30,56,34,30,13,4,17,23,19,4,28,19,4,6,15,19,24,13,-25,-49,-46,-7,23,43,27,-7,-1,-6,5,22,22,37,24,-18,-51,-58,-43,-27,-24,-28,-7,44,103,77,63,38,-9,-32,-20,-2,28,56,87,86,44,8,-1,43,79,82,94,108,80,-7,0,21,31,10,21,25,62,44,-19,-37,-44,-32,-23,-13,-26,-24,-20,-13,9,42,54,58,37,19,-1,17,19,11,-6,-16,10,42,74,54,41,16,7,8,24,65,75,66,81,86,42,39,50,73,60
254,406,29,29,68,158,136,109,69,60,61,77,34,-28,-61,-55,-53,-14,58,109,147,144,84,56,39,38,45,15,-15,-43,-26,19,73,96,99,68,66,71,94,89,63,40,18,21,53,67,36,10,-4,-1,23,37,46,52,66,60,49,37,30,20,56,58,53,2,11,21,33,46,48,42,12,-6,-11,6,29,32,4,-27,-35,-22,-8,7,29,37,38,32,15,-1,0,26,45,21,21,10,5,14,15,11,1,19,10,2,13,22,22,22,6,-32,-56,-47,0,37,59,38,-2,-3,-9,1,15,22,41,25,-18,-58,-62,-42,-24,-30,-44,-28,25,91,67,55,35,-4,-28,-19,-8,21,42,73,79,45,19,15,50,71,72,84,92,56,-20,-7,21,33,12,13,14,45,25,-31,-40,-41,-27,-21,-10,-18,-18,-15,-10,13,52,65,64,37,18,6,31,32,17,-2,-15,8,41,79,61,49,26,13,5,18,57,68,59,70,73,36,36,49,70,59
255,408,21,21,60,156,139,118,76,73,76,100,71,16,-33,-42,-46,-5,63,104,132,125,67,49,42,39,35,1,-27,-50,-24,22,76,90,92,62,64,69,94,92,71,49,24,16,42,56,32,11,-4,-6,14,33,47,56,73,66,53,40,29,15,49,53,58,12,23,32,41,53,55,50,18,-4,-13,2,24,30,-1,-33,-38,-22,-11,-1,19,31,37,30,14,-2,2,22,33,9,11,7,7,9,5,2,-1,10,1,0,18,27,24,20,-1,-38,-60,-45,7,49,72,45,2,-4,-11,-2,10,22,42,24,-17,-62,-62,-38,-19,-33,-56,-46,6,74,55,44,29,-1,-25,-20,-15,13,26,58,71,47,30,32,57,63,63,73,77,33,-32,-14,21,35,15,8,3,28,7,-39,-41,-37,-20,-17,-5,-9,-10,-10,-6,17,59,74,68,36,18,14,44,44,22,2,-13,7,40,81,66,56,36,21,4,12,49,62,53,61,62,31,33,47,67,58
256,410,16,16,51,149,138,125,82,84,86,116,102,56,-5,-28,-37,3,64,95,114,104,51,42,44,39,26,-10,-35,-53,-22,24,74,80,82,55,61,64,89,90,76,57,29,11,29,42,27,11,-3,-9,6,27,47,59,78,69,56,41,28,10,40,46,59,21,34,42,47,58,59,55,23,-2,-14,-2,18,25,-6,-39,-39,-22,-14,-8,8,25,36,27,12,-2,4,18,20,-2,3,4,8,4,-4,-6,-4,1,-7,-2,22,30,24,16,-8,-41,-61,-40,12,57,80,50,7,-5,-12,-5,5,21,42,22,-16,-63,-59,-32,-13,-33,-64,-60,-13,55,40,31,20,-2,-24,-23,-23,5,10,41,60,48,41,48,64,56,54,63,61,10,-43,-21,21,36,19,5,-5,12,-9,-45,-40,-31,-13,-11,0,1,-3,-4,-2,22,65,80,70,35,19,23,55,53,26,7,-9,5,36,79,70,62,45,29,4,8,41,55,48,54,52,27,32,45,64,56
257,412,13,13,43,137,133,128,86,93,93,126,126,91,22,-13,-28,9,62,83,94,82,36,37,46,38,17,-19,-39,-53,-18,24,69,67,70,46,56,58,82,86,77,62,33,5,14,26,20,12,-1,-10,-2,21,45,59,80,69,56,41,27,6,31,38,58,28,42,50,52,61,62,58,27,1,-14,-5,11,18,-11,-42,-40,-21,-17,-15,-2,18,33,24,11,0,8,14,8,-12,-4,2,8,-1,-13,-12,-6,-8,-13,-3,25,32,23,11,-15,-42,-58,-34,18,62,83,53,10,-5,-13,-7,1,20,39,19,-14,-60,-53,-24,-8,-32,-67,-71,-30,34,24,17,9,-4,-23,-26,-31,-4,-7,23,48,48,49,63,71,50,47,54,45,-10,-51,-26,20,36,24,3,-12,-2,-23,-47,-36,-23,-5,-5,5,10,4,2,3,27,68,83,70,34,20,31,65,61,30,13,-5,4,32,75,72,67,54,37,7,5,33,48,43,48,44,24,31,43,61,53
258,414,12,13,35,120,125,129,88,98,95,130,143,120,46,2,-18,15,58,68,73,60,23,33,47,37,10,-25,-40,-50,-13,23,62,53,56,37,50,50,72,78,76,64,36,0,-1,9,12,13,3,-10,-8,14,42,57,79,67,54,39,25,3,22,29,54,33,47,56,56,61,62,59,30,5,-12,-9,3,10,-17,-44,-39,-21,-19,-20,-11,12,30,20,10,1,10,10,-3,-19,-9,0,8,-7,-21,-17,-7,-15,-18,-4,26,32,21,6,-22,-42,-53,-25,22,64,83,54,14,-5,-13,-9,-2,19,34,15,-12,-55,-45,-16,-2,-30,-67,-76,-45,12,8,3,-3,-8,-24,-29,-39,-12,-23,4,35,47,55,75,76,45,40,44,30,-29,-58,-30,19,35,29,3,-17,-15,-34,-46,-31,-15,2,3,11,18,11,8,9,32,69,82,67,32,22,38,72,65,33,17,0,3,26,68,72,71,61,44,11,4,25,41,40,44,39,22,30,41,57,50
259,416,14,14,28,99,113,125,88,101,94,128,152,142,68,18,-8,20,52,53,51,40,12,30,46,34,3,-28,-38,-44,-9,21,52,37,40,27,42,40,60,68,71,64,38,-5,-16,-9,3,12,6,-8,-13,8,37,53,75,62,50,36,22,1,13,20,48,35,50,59,57,59,60,58,32,8,-9,-11,-5,1,-22,-45,-38,-21,-22,-25,-20,4,24,16,8,3,12,5,-13,-24,-13,0,7,-12,-27,-20,-9,-21,-21,-4,26,31,19,1,-28,-41,-46,-17,25,64,80,53,18,-4,-12,-9,-4,17,28,9,-9,-47,-34,-7,3,-26,-63,-78,-57,-9,-8,-11,-14,-13,-25,-33,-47,-20,-37,-15,21,45,58,83,80,40,34,34,15,-45,-62,-32,17,33,34,4,-20,-26,-42,-44,-25,-7,10,10,15,25,16,14,14,36,67,77,61,30,24,44,76,67,35,22,5,2,20,59,70,73,66,50,16,3,18,34,37,43,36,22,29,39,53,46
260,418,17,17,21,75,98,119,86,101,90,121,154,157,87,33,4,24,45,37,31,22,3,26,44,31,-3,-29,-34,-37,-4,17,40,21,25,16,33,30,47,56,64,61,38,-8,-28,-25,-6,11,9,-6,-15,3,32,47,68,55,44,31,18,-1,4,11,40,35,50,60,56,55,56,55,33,12,-5,-13,-12,-8,-27,-45,-37,-22,-24,-29,-26,-3,18,11,6,4,13,0,-21,-27,-14,0,6,-17,-32,-22,-9,-26,-23,-5,24,28,16,-5,-32,-38,-38,-8,26,61,73,51,21,-3,-11,-10,-5,14,20,3,-6,-37,-22,2,7,-21,-56,-75,-66,-29,-23,-24,-25,-19,-27,-36,-52,-26,-50,-32,7,42,59,88,81,36,30,25,2,-58,-63,-33,15,30,38,6,-22,-35,-47,-39,-18,2,17,17,19,30,21,19,20,40,64,69,54,28,26,49,78,67,36,25,9,2,13,49,66,73,69,55,21,3,13,28,36,42,35,22,29,37,48,43
261,420,21,22,16,50,82,109,82,98,85,111,150,165,102,48,17,30,38,22,12,6,-3,23,40,26,-7,-28,-28,-28,0,13,28,7,10,7,24,20,34,44,56,56,37,-10,-38,-39,-16,9,12,-2,-16,-1,26,40,59,47,37,26,14,-2,-3,4,30,33,47,59,54,49,51,51,33,16,-1,-13,-18,-17,-31,-44,-36,-23,-27,-31,-31,-9,10,6,4,5,12,-5,-27,-27,-14,1,4,-21,-35,-23,-10,-29,-23,-4,22,25,13,-10,-36,-34,-29,1,27,56,65,48,24,-1,-9,-9,-5,11,11,-4,-3,-25,-10,10,11,-15,-46,-68,-71,-47,-36,-34,-34,-25,-28,-37,-56,-31,-59,-48,-6,37,56,88,80,33,25,16,-11,-68,-62,-33,11,27,42,9,-22,-41,-49,-33,-10,10,23,23,22,34,25,23,25,43,58,59,45,25,27,51,77,64,36,26,13,1,7,38,60,71,69,57,26,4,8,22,34,43,35,24,29,35,43,39
262,422,25,27,12,26,64,96,76,93,78,99,142,167,113,62,31,35,31,9,-4,-7,-9,20,35,21,-11,-25,-20,-19,3,9,16,-6,-3,-2,15,10,21,32,46,49,35,-10,-44,-51,-24,6,13,2,-15,-4,19,32,49,39,29,20,10,-2,-8,-3,20,29,42,56,50,43,45,46,33,19,5,-12,-23,-25,-34,-42,-34,-24,-28,-31,-34,-15,2,1,2,5,10,-10,-30,-25,-12,2,2,-23,-35,-22,-10,-30,-21,-4,18,21,9,-14,-37,-30,-19,9,27,49,55,44,27,1,-7,-8,-4,7,2,-11,1,-13,2,17,13,-10,-36,-59,-71,-62,-46,-42,-41,-30,-28,-38,-57,-34,-66,-60,-19,32,52,85,76,31,22,7,-23,-75,-59,-31,7,23,44,12,-20,-44,-47,-25,-3,17,29,29,24,36,28,27,30,45,50,46,35,22,28,52,74,59,35,27,15,1,1,26,53,67,67,57,30,6,4,17,34,45,37,26,29,34,39,35
263,424,30,31,9,2,45,81,69,87,72,86,130,163,121,74,45,41,25,-3,-18,-17,-12,17,29,15,-13,-20,-12,-9,6,6,4,-17,-14,-10,6,2,9,20,36,42,32,-9,-47,-58,-32,2,13,6,-13,-6,13,23,38,29,21,14,7,-1,-12,-7,11,25,37,51,45,36,38,41,33,23,10,-10,-25,-31,-35,-39,-32,-25,-30,-30,-35,-20,-6,-5,-1,4,6,-14,-32,-22,-9,3,1,-24,-34,-20,-9,-30,-19,-3,14,17,6,-17,-37,-25,-10,16,26,42,45,39,28,3,-4,-7,-3,4,-6,-16,4,0,14,22,14,-5,-24,-48,-69,-73,-54,-48,-45,-33,-28,-36,-56,-35,-69,-70,-30,25,45,78,70,29,19,-1,-33,-78,-53,-27,3,19,44,14,-18,-46,-44,-17,4,24,33,33,25,37,30,31,33,45,42,33,24,19,28,52,68,53,33,25,16,0,-5,15,45,60,62,55,33,8,2,14,34,48,41,28,29,32,34,30
264,426,34,35,6,-19,28,65,60,79,66,73,116,155,125,85,59,48,20,-12,-28,-24,-14,13,23,10,-14,-14,-4,0,9,2,-6,-25,-23,-16,-2,-5,-1,10,26,34,29,-7,-47,-62,-37,-3,12,9,-9,-6,8,15,27,20,14,9,3,1,-13,-10,2,21,30,45,38,29,31,36,33,27,16,-6,-26,-34,-34,-35,-28,-25,-30,-28,-34,-24,-14,-10,-4,3,2,-17,-31,-18,-6,4,0,-23,-32,-17,-8,-28,-15,-2,10,13,3,-19,-36,-19,-1,21,24,35,35,35,29,6,-1,-6,-2,0,-14,-21,7,11,24,26,14,0,-13,-35,-63,-81,-59,-50,-47,-35,-27,-33,-52,-34,-68,-76,-40,18,36,69,63,27,16,-9,-41,-77,-44,-21,0,15,44,16,-15,-45,-39,-9,11,29,36,35,25,36,30,33,36,44,32,19,14,15,28,49,61,45,30,22,15,0,-10,4,35,51,55,50,34,10,1,11,34,51,44,31,29,31,30,26
265,428,37,38,4,-35,11,48,51,71,60,61,101,143,125,93,73,55,16,-19,-37,-29,-16,10,16,4,-14,-8,3,9,11,-1,-13,-29,-29,-20,-9,-11,-9,1,17,26,25,-3,-42,-61,-41,-9,9,12,-4,-5,4,7,16,12,6,4,0,3,-13,-11,-5,17,24,38,32,22,25,31,32,30,22,-1,-23,-36,-31,-29,-24,-25,-30,-24,-32,-27,-21,-14,-7,1,-3,-20,-29,-13,-2,5,-1,-22,-28,-13,-6,-25,-11,-1,6,9,0,-20,-33,-14,6,25,22,28,26,30,30,8,1,-4,-1,-4,-20,-24,10,22,32,28,13,3,-2,-22,-55,-84,-61,-50,-46,-35,-24,-28,-45,-30,-64,-79,-46,10,27,57,54,25,14,-15,-47,-73,-33,-15,-3,11,41,18,-11,-42,-32,-1,17,33,38,37,24,33,30,35,38,41,22,6,3,12,26,45,52,36,25,18,13,-1,-14,-6,25,41,46,44,34,12,1,10,34,54,48,34,30,29,27,23
266,430,38,40,3,-48,-3,30,40,61,55,51,86,128,123,99,85,62,14,-23,-42,-32,-16,6,9,-1,-13,-3,10,17,13,-3,-19,-32,-33,-23,-14,-15,-15,-5,10,19,22,2,-35,-56,-42,-15,5,13,0,-3,0,1,6,4,0,0,-2,6,-12,-10,-10,14,18,31,26,17,19,28,32,33,27,4,-19,-34,-26,-23,-20,-23,-28,-20,-28,-29,-26,-18,-10,-2,-7,-21,-26,-8,1,6,-2,-19,-23,-9,-4,-21,-7,0,2,5,-3,-20,-28,-8,13,28,20,22,17,25,29,10,4,-2,0,-8,-25,-25,13,31,38,28,11,6,7,-9,-45,-84,-60,-48,-42,-33,-20,-21,-36,-25,-57,-77,-51,2,17,45,44,23,11,-20,-51,-66,-21,-7,-4,7,38,19,-8,-39,-25,6,23,35,38,37,21,30,29,35,38,38,13,-6,-6,9,24,40,42,26,20,13,10,-2,-17,-14,14,29,35,35,32,13,3,9,33,55,52,36,30,27,23,19
267,432,37,39,0,-56,-16,14,30,52,50,42,72,113,118,103,96,69,14,-25,-45,-33,-16,3,3,-5,-11,3,16,23,14,-5,-23,-32,-34,-24,-18,-17,-20,-11,3,13,18,7,-26,-48,-42,-20,0,13,5,0,-2,-5,-3,-3,-6,-3,-4,9,-9,-8,-13,11,12,23,19,12,15,24,32,35,31,10,-13,-30,-20,-16,-14,-20,-26,-15,-23,-29,-31,-21,-13,-4,-12,-21,-22,-4,4,6,-2,-16,-16,-5,-2,-16,-3,1,-1,1,-6,-20,-23,-2,18,29,18,16,10,21,28,12,6,-1,0,-11,-28,-24,16,38,42,27,8,8,14,3,-33,-80,-56,-43,-37,-29,-15,-13,-26,-18,-48,-72,-52,-5,7,31,34,21,9,-25,-53,-55,-7,2,-4,3,33,18,-5,-34,-18,13,26,35,37,36,18,26,27,34,37,33,4,-15,-13,6,21,34,31,16,14,6,5,-4,-19,-21,3,16,23,26,29,14,4,10,32,56,54,37,30,25,20,15
268,434,35,37,-2,-59,-26,-2,19,42,44,35,59,96,111,103,103,75,14,-26,-46,-33,-17,0,-3,-8,-9,7,19,27,15,-6,-25,-30,-33,-25,-21,-19,-22,-14,-2,8,15,12,-15,-38,-39,-25,-6,11,9,3,-4,-9,-11,-9,-10,-5,-5,11,-5,-5,-14,9,8,16,14,8,11,22,31,37,35,16,-6,-25,-13,-8,-8,-17,-22,-10,-18,-28,-33,-24,-16,-7,-15,-21,-17,0,7,6,-1,-12,-10,0,1,-10,1,2,-4,-3,-9,-19,-17,3,23,29,16,12,4,17,26,14,8,0,0,-14,-30,-21,18,44,43,24,6,9,20,13,-22,-73,-50,-37,-30,-23,-9,-5,-14,-11,-36,-64,-51,-12,-2,18,23,18,6,-27,-52,-42,8,11,-3,0,27,17,-2,-28,-12,18,29,34,35,33,15,21,24,32,34,27,-5,-23,-19,3,17,27,20,6,8,-1,0,-6,-20,-27,-7,3,11,15,24,14,6,10,30,55,55,37,29,23,17,11
269,436,30,32,-5,-58,-33,-16,8,32,39,30,47,80,103,101,108,79,15,-24,-46,-32,-17,-4,-8,-11,-8,10,21,30,15,-7,-25,-27,-31,-24,-23,-20,-23,-16,-5,4,13,17,-4,-26,-35,-30,-12,8,12,6,-4,-12,-17,-13,-14,-7,-5,13,-2,-1,-13,8,4,10,8,4,8,20,30,37,37,22,2,-17,-6,0,-2,-12,-18,-5,-13,-27,-35,-25,-18,-10,-17,-20,-13,3,8,5,-1,-7,-2,4,3,-5,5,3,-6,-7,-11,-18,-11,8,25,28,14,9,0,13,23,16,10,1,-1,-16,-29,-17,20,46,43,20,3,9,24,21,-11,-64,-43,-30,-22,-17,-3,4,-3,-3,-23,-53,-48,-18,-10,7,13,15,3,-29,-49,-28,23,21,0,-2,20,14,0,-23,-6,21,29,32,31,30,11,16,20,29,30,20,-12,-28,-23,1,13,19,9,-4,1,-8,-6,-8,-21,-31,-17,-9,-2,5,18,12,8,11,28,53,55,35,27,20,14,7
270,438,23,25,-9,-54,-37,-27,-3,21,32,25,37,64,92,96,110,81,17,-22,-43,-31,-17,-7,-13,-13,-6,11,22,30,15,-7,-24,-23,-28,-22,-23,-20,-23,-16,-7,1,11,21,8,-13,-29,-33,-18,3,13,7,-5,-14,-22,-17,-16,-7,-5,14,1,3,-11,7,1,4,4,1,5,18,28,37,38,26,9,-9,1,7,4,-7,-13,-1,-9,-25,-35,-25,-21,-13,-19,-18,-8,5,9,5,0,-1,5,7,6,1,8,4,-8,-10,-14,-17,-6,12,27,27,13,7,-2,10,20,17,11,2,-2,-18,-27,-12,21,47,40,16,1,9,25,27,0,-53,-35,-23,-14,-9,3,12,8,4,-10,-40,-43,-23,-17,-4,3,11,-1,-29,-44,-11,37,30,4,-4,13,10,2,-17,-1,23,28,28,27,25,6,10,16,24,25,12,-18,-31,-24,-1,9,11,-2,-13,-7,-15,-12,-10,-21,-34,-26,-21,-14,-6,12,10,10,10,24,49,52,32,25,17,10,3
271,440,15,16,-13,-47,-39,-36,-12,11,26,21,28,50,81,89,108,81,18,-18,-40,-30,-17,-11,-17,-15,-5,11,20,29,13,-7,-22,-20,-24,-19,-23,-20,-23,-16,-9,-1,9,24,18,-1,-22,-35,-25,-2,13,8,-4,-14,-25,-19,-18,-8,-5,14,3,5,-8,6,-2,-1,0,-1,3,16,26,35,38,30,17,0,7,14,9,-2,-7,2,-5,-22,-34,-25,-22,-15,-19,-16,-4,7,9,4,2,4,11,10,8,6,11,5,-9,-13,-16,-15,-1,15,27,24,12,7,-4,7,18,18,11,2,-4,-19,-24,-6,22,45,36,12,-1,8,25,31,9,-40,-26,-15,-6,-1,10,20,18,10,2,-27,-35,-26,-22,-13,-6,6,-5,-27,-36,5,50,38,8,-5,5,6,2,-12,3,22,25,23,21,19,2,4,12,18,18,5,-22,-33,-24,-3,4,3,-12,-22,-14,-22,-17,-12,-21,-36,-34,-32,-25,-15,5,7,11,9,18,43,47,28,22,13,6,-1
272,442,6,7,-18,-39,-39,-43,-20,2,18,17,21,37,70,79,102,79,20,-15,-36,-28,-18,-14,-20,-16,-5,10,18,27,11,-7,-20,-16,-20,-16,-22,-18,-21,-15,-9,-1,9,27,27,11,-14,-36,-30,-9,11,8,-4,-14,-26,-20,-18,-8,-5,12,4,7,-5,5,-3,-5,-3,-3,1,15,24,33,37,31,23,9,13,20,14,4,-1,5,-1,-19,-32,-24,-24,-16,-19,-14,-1,8,8,3,3,10,17,12,10,11,13,6,-10,-16,-19,-14,3,17,27,22,11,6,-4,5,15,18,11,1,-6,-19,-20,0,22,42,31,7,-3,7,23,32,16,-28,-16,-7,2,7,15,26,27,15,14,-12,-27,-28,-26,-19,-13,1,-9,-25,-27,21,61,45,13,-6,-2,0,1,-7,5,20,20,16,14,12,-3,-1,7,12,12,-3,-25,-32,-23,-4,0,-5,-21,-29,-21,-27,-22,-14,-20,-36,-40,-40,-34,-24,-3,4,10,8,12,34,40,22,17,9,2,-5
273,444,-3,-3,-22,-29,-37,-47,-26,-7,11,13,15,25,58,68,94,75,21,-10,-30,-26,-18,-17,-22,-17,-5,7,14,23,9,-7,-17,-13,-16,-13,-20,-17,-19,-13,-8,-1,9,28,35,21,-6,-34,-34,-15,8,7,-4,-13,-26,-20,-18,-7,-5,10,4,8,-2,4,-4,-8,-5,-4,0,13,21,29,35,32,28,17,17,24,18,9,5,8,2,-16,-29,-23,-24,-17,-18,-12,2,9,8,3,5,16,22,14,11,16,15,7,-10,-18,-20,-13,7,18,25,19,10,7,-3,3,12,18,11,1,-8,-19,-14,7,21,37,24,3,-4,5,21,32,22,-15,-7,0,9,14,20,31,33,19,24,1,-18,-28,-28,-24,-20,-4,-13,-21,-16,37,69,50,17,-6,-10,-6,0,-2,6,15,14,9,7,5,-8,-6,2,5,4,-10,-27,-31,-20,-5,-4,-12,-29,-36,-27,-32,-26,-16,-19,-36,-45,-47,-41,-31,-10,-1,9,5,5,25,31,15,12,5,-3,-9
274,446,-13,-13,-25,-20,-33,-48,-31,-15,3,9,11,16,46,56,83,69,21,-6,-24,-23,-18,-20,-23,-17,-6,4,9,18,6,-7,-14,-10,-12,-10,-17,-15,-16,-11,-7,0,10,29,40,29,2,-31,-36,-21,4,5,-4,-11,-25,-19,-17,-7,-6,6,2,7,0,3,-5,-10,-6,-5,-1,12,18,26,32,32,31,24,21,27,21,14,11,9,4,-13,-25,-20,-23,-16,-16,-10,4,9,7,3,6,21,26,15,12,19,16,8,-9,-20,-22,-11,9,18,23,15,9,7,-2,2,9,18,10,0,-11,-18,-9,12,20,31,18,0,-4,4,17,30,26,-3,2,7,16,21,25,34,37,20,31,14,-9,-27,-28,-26,-25,-9,-16,-16,-5,50,75,54,21,-5,-17,-13,-2,1,6,10,8,2,-1,-4,-12,-11,-2,-1,-3,-16,-27,-28,-17,-6,-8,-19,-36,-40,-32,-35,-28,-17,-18,-35,-48,-52,-46,-36,-16,-5,7,1,-2,14,20,7,7,0,-7,-13
275,448,-21,-21,-27,-11,-29,-46,-34,-22,-3,5,7,9,35,43,71,61,20,-2,-18,-20,-17,-22,-24,-17,-6,0,4,13,3,-6,-12,-8,-8,-6,-14,-12,-14,-9,-6,2,11,29,44,36,9,-27,-36,-25,-1,2,-4,-9,-22,-17,-15,-7,-6,2,0,5,2,1,-5,-11,-7,-5,-2,11,15,22,28,31,33,30,23,29,23,19,16,11,5,-10,-21,-17,-21,-15,-15,-7,6,10,7,3,8,25,29,16,13,23,16,8,-9,-21,-22,-10,11,17,20,12,8,8,-1,1,7,17,10,0,-12,-16,-4,17,18,25,12,-2,-3,3,13,26,28,8,10,13,21,27,28,35,38,20,36,25,0,-24,-26,-27,-28,-14,-20,-11,6,61,78,55,24,-4,-24,-19,-5,4,6,3,1,-6,-9,-12,-15,-14,-6,-7,-10,-22,-27,-24,-13,-7,-12,-24,-42,-44,-36,-37,-30,-18,-17,-34,-50,-54,-49,-40,-22,-9,3,-4,-10,2,8,-1,1,-4,-12,-17
276,450,-28,-29,-28,-4,-25,-43,-34,-28,-10,2,5,3,25,31,57,51,19,2,-12,-17,-16,-23,-24,-17,-8,-3,-1,8,1,-6,-10,-6,-5,-3,-11,-10,-11,-8,-4,4,13,29,46,40,16,-21,-35,-29,-7,-2,-5,-7,-18,-15,-13,-7,-7,-3,-3,2,3,-1,-5,-11,-6,-4,-2,10,12,18,25,29,34,34,25,30,25,23,21,12,6,-6,-16,-14,-18,-14,-12,-5,7,9,6,3,11,28,31,16,13,25,16,9,-8,-22,-22,-9,12,16,16,9,7,8,1,1,6,17,9,-1,-14,-14,2,21,15,18,6,-4,-2,2,10,22,28,17,17,17,25,31,30,34,38,19,39,34,9,-21,-23,-26,-30,-18,-23,-6,17,70,79,54,27,-3,-29,-24,-7,6,4,-3,-6,-13,-17,-20,-18,-17,-9,-12,-16,-27,-25,-20,-9,-8,-15,-29,-46,-45,-38,-37,-30,-18,-16,-32,-50,-54,-50,-42,-27,-13,-1,-10,-18,-10,-4,-9,-5,-9,-16,-20
277,452,-33,-34,-27,2,-20,-38,-34,-32,-15,-2,3,-1,16,19,43,41,17,6,-5,-13,-15,-24,-24,-16,-9,-7,-5,3,-2,-5,-8,-5,-3,-1,-8,-8,-9,-7,-3,6,15,27,45,42,21,-14,-31,-31,-12,-5,-5,-5,-14,-12,-11,-7,-9,-8,-7,-2,3,-2,-4,-10,-6,-3,-1,9,10,15,21,28,34,37,25,29,26,26,25,13,7,-3,-10,-11,-15,-11,-10,-2,7,9,6,4,13,30,32,16,13,26,16,9,-7,-22,-21,-7,12,14,12,6,6,8,2,1,5,16,8,-1,-14,-11,6,24,12,11,1,-5,-1,2,6,17,28,25,23,21,28,34,30,32,36,16,39,40,16,-16,-19,-24,-30,-21,-25,-1,27,76,76,51,28,-1,-32,-29,-9,7,2,-9,-12,-20,-24,-27,-21,-19,-12,-16,-22,-30,-23,-16,-5,-9,-17,-32,-49,-46,-39,-35,-29,-17,-15,-30,-48,-53,-49,-42,-30,-16,-7,-15,-26,-22,-17,-16,-10,-13,-20,-23
278,454,-36,-37,-25,6,-16,-32,-32,-35,-20,-6,1,-4,8,7,29,31,14,9,1,-9,-13,-24,-23,-15,-10,-10,-10,-1,-4,-5,-6,-5,-2,1,-5,-6,-6,-6,-2,8,17,26,43,42,25,-7,-26,-31,-16,-9,-6,-4,-10,-9,-9,-8,-10,-13,-11,-7,1,-4,-3,-9,-5,-1,0,9,8,12,18,25,32,38,25,28,26,28,28,13,8,0,-5,-7,-11,-9,-8,0,7,8,6,5,14,30,32,16,13,27,15,9,-6,-21,-18,-5,11,11,8,3,4,7,4,2,4,15,6,-2,-14,-7,10,26,9,5,-3,-5,1,2,2,12,26,31,27,24,30,36,30,29,33,12,38,44,22,-11,-14,-21,-30,-23,-26,3,35,78,71,47,29,1,-34,-32,-11,8,0,-14,-18,-26,-31,-33,-22,-19,-14,-19,-26,-32,-21,-12,-2,-10,-19,-33,-50,-44,-38,-32,-27,-16,-13,-28,-45,-49,-45,-40,-33,-19,-12,-21,-32,-33,-29,-23,-15,-18,-24,-25
279,456,-37,-38,-22,8,-13,-26,-29,-37,-24,-9,-1,-6,1,-3,15,20,12,11,7,-5,-10,-24,-22,-14,-12,-13,-14,-6,-6,-4,-5,-5,-1,3,-3,-4,-5,-6,-1,10,18,23,40,40,28,0,-20,-29,-19,-13,-8,-3,-6,-7,-8,-8,-12,-17,-16,-12,-1,-6,-3,-8,-3,0,2,9,6,9,15,23,30,38,25,26,25,29,30,14,8,3,0,-3,-7,-6,-6,2,7,7,5,6,16,30,31,15,12,26,14,8,-5,-19,-15,-3,11,8,4,0,2,6,5,3,4,13,5,-2,-14,-4,13,26,6,-1,-7,-4,3,2,0,8,23,35,30,25,31,36,29,25,29,8,34,46,26,-5,-8,-17,-28,-25,-26,7,41,78,64,41,29,2,-34,-34,-13,7,-2,-18,-22,-31,-36,-37,-22,-19,-15,-21,-28,-33,-19,-8,0,-11,-20,-34,-50,-42,-36,-29,-23,-14,-12,-25,-41,-44,-41,-37,-34,-21,-17,-26,-38,-43,-40,-29,-20,-22,-27,-27
280,458,-36,-37,-18,8,-10,-21,-25,-37,-27,-13,-2,-7,-5,-11,3,10,9,13,13,0,-7,-23,-21,-14,-13,-16,-17,-10,-8,-4,-4,-6,-1,3,-1,-3,-4,-6,-1,10,19,20,35,37,29,7,-13,-26,-22,-16,-9,-3,-3,-5,-6,-9,-14,-21,-20,-18,-5,-8,-3,-7,-2,2,3,9,5,7,12,20,27,36,24,24,24,29,30,13,8,5,5,0,-3,-4,-4,4,6,6,5,7,17,29,29,14,11,25,13,8,-4,-17,-12,0,10,6,1,-3,0,4,6,4,4,11,4,-2,-12,-1,15,24,3,-6,-9,-3,4,2,-3,3,19,38,32,26,30,36,27,21,24,4,30,44,28,1,-3,-14,-26,-25,-25,10,46,74,55,34,28,4,-33,-34,-13,7,-5,-22,-26,-35,-40,-40,-21,-17,-15,-22,-30,-33,-16,-5,1,-12,-21,-33,-48,-38,-33,-24,-20,-12,-11,-22,-36,-38,-35,-33,-33,-22,-22,-31,-42,-51,-49,-33,-24,-25,-29,-28
281,460,-34,-35,-13,8,-9,-16,-21,-37,-29,-16,-4,-7,-10,-18,-7,1,6,14,17,4,-4,-21,-20,-13,-14,-17,-19,-13,-9,-4,-4,-6,-1,3,1,-2,-3,-7,-2,10,18,16,29,32,28,13,-5,-22,-23,-18,-11,-3,-1,-4,-6,-11,-16,-25,-24,-23,-9,-11,-4,-5,-1,3,5,9,4,6,10,17,24,33,22,22,22,27,30,12,8,7,9,3,0,-2,-2,6,6,5,4,7,18,26,26,12,10,23,12,7,-3,-13,-7,2,9,3,-3,-6,-3,2,6,5,5,10,3,-1,-10,2,15,22,0,-10,-10,-2,6,2,-4,-1,15,39,32,25,29,34,24,16,19,1,24,41,29,6,3,-10,-24,-24,-24,13,47,68,44,26,26,5,-29,-33,-13,5,-7,-23,-28,-37,-43,-42,-19,-15,-15,-22,-29,-31,-14,-2,1,-13,-22,-32,-45,-34,-29,-19,-16,-10,-9,-19,-30,-32,-29,-28,-32,-23,-27,-35,-45,-57,-56,-35,-28,-28,-31,-28
282,462,-30,-32,-8,6,-8,-12,-18,-35,-31,-18,-7,-8,-15,-24,-16,-7,3,15,21,8,-1,-18,-18,-13,-15,-19,-20,-15,-9,-4,-4,-7,-2,2,1,-2,-3,-8,-3,8,16,12,22,26,27,18,3,-16,-22,-20,-12,-4,0,-4,-5,-12,-18,-27,-27,-27,-14,-13,-6,-5,0,4,6,9,4,4,8,14,20,29,20,20,20,25,28,11,8,9,12,5,3,0,0,7,5,3,2,8,18,23,23,10,8,21,10,6,-2,-10,-3,5,7,0,-6,-8,-5,0,6,6,5,8,2,-1,-7,5,15,18,-3,-13,-10,-1,7,3,-5,-4,12,38,31,24,27,31,21,11,15,-2,19,36,29,10,7,-7,-21,-22,-21,14,47,60,33,18,23,5,-25,-30,-13,3,-9,-24,-29,-38,-45,-41,-17,-13,-14,-21,-28,-29,-12,-1,0,-14,-21,-30,-41,-29,-24,-13,-11,-8,-8,-16,-23,-25,-22,-22,-30,-23,-30,-38,-47,-61,-61,-36,-31,-30,-33,-28
283,464,-27,-28,-3,3,-7,-10,-14,-33,-32,-20,-9,-9,-18,-28,-24,-14,1,15,24,11,3,-15,-16,-13,-16,-19,-21,-17,-10,-4,-5,-8,-3,1,1,-2,-3,-8,-4,5,14,8,15,19,24,22,10,-10,-21,-20,-13,-6,0,-4,-6,-14,-20,-29,-30,-31,-18,-16,-8,-5,0,4,7,9,3,2,5,11,16,25,18,17,17,22,25,10,8,10,14,7,5,1,2,8,4,2,1,9,17,19,19,8,6,18,8,5,0,-6,2,7,6,-2,-8,-10,-8,-2,5,6,5,5,1,0,-5,7,14,13,-5,-15,-10,1,7,3,-5,-6,8,36,29,23,25,27,18,7,10,-4,13,30,27,14,10,-5,-18,-20,-18,14,44,49,21,10,19,6,-19,-26,-12,1,-11,-24,-30,-38,-45,-39,-14,-11,-12,-19,-25,-25,-10,0,-2,-15,-21,-27,-36,-24,-19,-8,-7,-6,-6,-13,-17,-18,-16,-17,-27,-22,-32,-40,-47,-63,-63,-36,-33,-32,-34,-27
284,466,-23,-24,2,1,-7,-8,-11,-31,-32,-22,-11,-10,-21,-30,-29,-20,-1,14,25,14,5,-12,-14,-13,-16,-19,-21,-18,-10,-3,-5,-9,-5,-1,0,-2,-3,-8,-6,2,10,3,8,13,21,25,16,-4,-18,-20,-15,-8,-2,-5,-6,-15,-21,-29,-31,-33,-22,-18,-10,-5,0,3,7,8,2,1,3,7,11,20,15,15,15,18,21,8,8,11,15,8,6,1,3,8,3,0,-1,9,16,15,14,6,4,14,7,5,1,-2,6,9,5,-4,-10,-12,-10,-5,4,7,5,3,-1,0,-1,8,11,8,-8,-16,-9,2,8,3,-4,-7,5,32,26,20,22,23,15,3,6,-5,7,23,24,16,12,-3,-15,-17,-14,13,39,38,10,3,14,6,-13,-22,-10,-1,-12,-24,-29,-37,-44,-36,-11,-8,-10,-17,-22,-21,-8,0,-4,-16,-20,-24,-30,-18,-14,-3,-4,-4,-5,-9,-11,-11,-10,-11,-24,-21,-33,-40,-46,-63,-63,-34,-34,-33,-34,-26
285,468,-19,-20,6,-1,-7,-7,-8,-28,-31,-23,-13,-11,-23,-31,-33,-23,-3,13,25,15,8,-9,-12,-13,-16,-19,-19,-18,-9,-3,-6,-9,-6,-3,-1,-2,-3,-8,-7,-3,5,-2,1,6,18,27,21,3,-14,-19,-15,-10,-4,-7,-7,-16,-21,-28,-32,-34,-26,-20,-12,-6,-1,2,6,7,1,-1,0,3,7,15,13,13,12,14,17,7,8,12,16,8,6,2,5,8,3,-1,-2,9,14,10,10,3,2,10,5,4,2,2,10,11,4,-5,-12,-13,-12,-7,3,7,5,1,-2,1,2,9,9,3,-10,-17,-8,2,7,4,-3,-8,2,29,22,18,19,19,12,0,3,-5,2,16,20,17,13,-1,-13,-14,-11,12,33,26,-2,-4,9,5,-6,-16,-9,-3,-14,-22,-28,-35,-41,-32,-8,-6,-9,-14,-17,-16,-6,-1,-6,-16,-18,-21,-23,-13,-9,1,0,-3,-3,-6,-6,-5,-5,-7,-20,-19,-33,-39,-43,-60,-62,-31,-34,-33,-34,-24
286,470,-15,-17,9,-2,-6,-6,-6,-24,-28,-23,-15,-12,-25,-30,-34,-26,-4,12,25,17,10,-5,-10,-13,-14,-17,-18,-18,-9,-3,-6,-9,-7,-4,-2,-2,-3,-8,-8,-7,0,-7,-5,1,15,27,26,9,-10,-17,-15,-11,-6,-9,-8,-17,-21,-27,-31,-33,-28,-21,-14,-7,-2,1,5,7,1,-3,-2,0,3,10,10,11,9,9,13,5,8,13,16,9,7,2,6,7,2,-2,-2,9,12,6,5,1,0,7,3,3,3,6,13,12,3,-6,-13,-14,-13,-10,1,6,4,-1,-2,1,5,10,6,-3,-11,-16,-7,3,7,3,-2,-8,0,24,18,15,15,14,9,-2,1,-4,-3,8,15,17,13,-1,-10,-10,-7,10,25,14,-12,-9,3,4,0,-11,-7,-6,-15,-21,-26,-32,-37,-27,-5,-4,-6,-10,-12,-11,-5,-2,-8,-16,-16,-18,-17,-8,-4,5,2,-1,-1,-2,-1,0,0,-3,-17,-17,-31,-37,-39,-56,-58,-28,-34,-32,-33,-21
287,472,-13,-14,12,-2,-5,-5,-3,-20,-24,-22,-17,-13,-26,-29,-34,-26,-5,11,23,17,12,-1,-7,-12,-13,-15,-15,-16,-8,-3,-6,-9,-8,-6,-3,-1,-2,-7,-9,-11,-6,-12,-10,-4,13,28,29,15,-5,-13,-14,-13,-9,-11,-9,-17,-20,-24,-29,-32,-29,-22,-16,-9,-4,0,4,5,0,-4,-4,-3,-1,6,8,9,7,6,8,4,8,14,15,8,7,2,7,6,1,-2,-3,9,9,1,1,-1,-2,3,1,2,5,9,16,12,2,-6,-13,-14,-14,-11,0,4,3,-4,-3,2,7,9,3,-8,-12,-15,-5,2,6,3,-1,-7,-2,20,14,13,12,9,6,-3,-1,-3,-6,1,10,16,12,-1,-8,-7,-3,7,17,2,-22,-14,-3,3,5,-6,-4,-8,-15,-19,-23,-27,-31,-21,-2,-2,-4,-7,-7,-6,-4,-4,-10,-16,-14,-15,-11,-3,1,7,4,0,1,1,4,4,3,0,-13,-14,-29,-34,-34,-51,-53,-24,-33,-30,-31,-17
288,474,-10,-11,13,-1,-3,-4,-1,-15,-20,-21,-17,-14,-26,-27,-33,-26,-5,10,21,17,13,2,-3,-11,-10,-12,-12,-14,-8,-3,-6,-8,-8,-7,-3,-1,-1,-5,-9,-14,-11,-16,-15,-7,10,27,30,20,1,-9,-12,-13,-11,-12,-10,-16,-18,-20,-26,-28,-29,-21,-17,-10,-6,-1,3,4,-1,-5,-6,-6,-4,1,7,7,5,2,4,3,7,14,14,8,8,3,8,5,0,-3,-2,9,7,-2,-2,-3,-3,0,-1,2,6,12,17,12,1,-7,-12,-14,-13,-13,-2,2,1,-6,-4,2,9,9,0,-12,-13,-14,-4,2,5,3,0,-7,-3,15,10,10,9,5,3,-4,-2,-1,-9,-5,5,13,9,-2,-6,-3,1,5,9,-8,-30,-18,-8,1,9,-1,-2,-10,-16,-17,-20,-23,-25,-15,1,0,-2,-3,-2,-2,-3,-5,-12,-15,-12,-11,-5,1,5,10,6,2,2,4,7,8,6,3,-9,-11,-25,-29,-29,-44,-46,-20,-30,-28,-28,-13
289,476,-8,-9,14,2,0,-2,1,-10,-14,-18,-17,-14,-25,-24,-31,-24,-5,8,19,17,13,6,0,-9,-8,-9,-10,-12,-7,-3,-6,-7,-8,-8,-4,0,0,-3,-9,-17,-16,-19,-18,-10,8,26,31,24,6,-5,-10,-13,-12,-13,-11,-15,-15,-16,-21,-24,-27,-19,-18,-12,-8,-3,2,3,-1,-6,-8,-8,-7,-2,5,6,4,0,1,2,7,14,13,8,8,4,9,4,0,-3,-1,9,4,-5,-5,-4,-4,-3,-2,1,6,14,18,12,1,-6,-12,-13,-13,-14,-5,0,-1,-8,-4,2,10,7,-2,-15,-13,-13,-3,1,3,2,1,-5,-4,11,6,7,6,1,1,-4,-3,1,-11,-10,0,10,6,-3,-4,-1,4,3,1,-18,-36,-21,-14,0,11,4,0,-12,-15,-14,-16,-17,-19,-9,3,1,-1,0,2,3,-2,-5,-12,-14,-9,-8,1,5,9,11,7,3,4,7,10,10,8,4,-6,-8,-21,-23,-22,-37,-39,-16,-28,-25,-25,-9
290,478,-7,-8,14,5,4,1,4,-4,-8,-15,-17,-15,-24,-21,-27,-21,-4,7,16,16,14,9,4,-6,-4,-6,-7,-10,-6,-3,-5,-5,-8,-8,-5,0,1,-1,-8,-19,-20,-22,-20,-11,7,24,31,27,11,0,-7,-12,-13,-14,-11,-14,-12,-11,-16,-18,-24,-16,-17,-13,-10,-4,0,1,-2,-7,-10,-10,-9,-6,3,5,3,-2,-2,2,7,13,11,7,9,5,9,3,-1,-3,0,8,2,-7,-6,-5,-4,-5,-4,1,7,15,17,11,0,-6,-11,-11,-12,-15,-7,-3,-4,-9,-5,2,11,6,-4,-17,-13,-11,-3,0,2,1,2,-4,-4,7,2,5,3,-2,-1,-4,-3,3,-12,-14,-4,6,3,-4,-3,1,6,1,-6,-26,-40,-23,-18,-2,12,8,1,-13,-15,-11,-12,-12,-11,-3,5,3,1,3,6,7,0,-5,-13,-12,-7,-4,6,8,12,12,8,4,5,10,12,12,9,5,-3,-5,-16,-17,-16,-29,-32,-12,-24,-21,-21,-5
291,480,-6,-6,13,9,9,5,6,1,-3,-11,-16,-15,-22,-17,-23,-18,-3,6,13,15,13,11,7,-3,-1,-3,-4,-8,-6,-3,-5,-4,-8,-8,-5,0,2,1,-6,-20,-23,-23,-22,-11,6,22,30,29,16,5,-3,-11,-13,-14,-11,-12,-9,-6,-9,-12,-19,-13,-16,-14,-12,-5,-1,0,-2,-8,-11,-11,-10,-8,2,4,2,-4,-4,1,7,13,10,7,9,6,8,2,-2,-3,1,7,0,-8,-8,-6,-4,-7,-4,1,7,16,16,9,0,-6,-9,-10,-10,-15,-9,-6,-7,-11,-5,2,11,4,-6,-18,-13,-9,-3,-2,0,0,3,-3,-4,4,0,3,1,-5,-3,-4,-4,5,-12,-17,-8,2,0,-5,-2,3,8,-1,-13,-32,-43,-23,-21,-4,12,11,3,-14,-14,-8,-7,-6,-4,3,7,4,2,6,10,10,1,-5,-12,-10,-4,-1,10,11,14,13,9,5,7,11,14,13,9,6,0,-2,-11,-11,-10,-22,-24,-9,-20,-17,-17,-1
292,482,-6,-6,12,13,13,10,9,7,2,-8,-15,-15,-20,-13,-19,-14,-2,5,10,14,13,14,10,0,2,0,-2,-6,-6,-4,-4,-2,-7,-8,-5,0,3,2,-5,-20,-25,-24,-22,-11,5,19,28,30,20,10,0,-9,-12,-14,-10,-10,-5,-1,-3,-6,-14,-9,-14,-15,-13,-6,-3,-2,-3,-8,-11,-12,-11,-10,0,3,1,-5,-6,1,7,11,8,6,10,7,8,1,-3,-2,2,5,-2,-8,-8,-6,-4,-8,-5,1,7,16,14,8,-1,-5,-7,-8,-8,-15,-11,-10,-9,-12,-4,2,10,2,-8,-18,-12,-8,-3,-3,-1,-1,3,-1,-4,1,-3,1,-1,-7,-5,-4,-4,6,-12,-19,-11,-3,-4,-7,-2,3,8,-3,-18,-36,-44,-24,-24,-7,11,13,3,-14,-13,-5,-3,-1,3,8,8,4,3,7,12,13,3,-4,-11,-7,-2,2,13,13,16,13,10,6,7,13,15,13,9,6,2,0,-7,-5,-4,-14,-17,-6,-16,-13,-12,3
293,484,-5,-5,9,16,18,15,11,12,7,-4,-13,-14,-17,-10,-14,-11,-1,3,8,12,12,15,13,3,5,2,-1,-5,-6,-5,-4,-1,-6,-8,-5,0,3,3,-3,-19,-26,-23,-21,-10,4,16,25,30,23,14,4,-6,-11,-12,-9,-7,-2,3,3,1,-8,-5,-11,-15,-14,-8,-4,-5,-4,-8,-12,-12,-12,-12,-2,1,0,-6,-7,0,6,10,6,6,10,8,6,0,-4,-2,3,3,-4,-9,-9,-6,-3,-9,-5,1,7,15,12,6,-1,-4,-6,-6,-7,-15,-12,-13,-12,-12,-4,2,8,0,-9,-18,-11,-7,-3,-5,-3,-2,3,0,-4,-1,-4,0,-3,-8,-6,-4,-4,6,-11,-19,-13,-7,-8,-8,-2,2,8,-5,-22,-39,-44,-23,-25,-8,8,13,4,-14,-12,-2,1,4,9,12,8,4,4,9,14,15,4,-2,-9,-4,1,5,16,15,17,14,11,7,8,13,15,13,9,6,4,2,-2,0,1,-7,-10,-3,-11,-10,-8,7
294,486,-5,-5,7,18,21,19,13,16,11,0,-12,-13,-14,-6,-10,-7,0,2,5,11,10,17,15,6,7,4,1,-4,-6,-6,-4,0,-6,-7,-6,-1,2,4,-2,-17,-26,-22,-20,-8,4,13,21,28,25,17,7,-4,-9,-11,-8,-5,2,7,9,7,-2,-2,-8,-14,-15,-9,-6,-7,-5,-8,-12,-13,-13,-14,-4,0,-1,-6,-8,0,5,8,4,5,9,8,5,-1,-4,-2,2,1,-5,-9,-9,-6,-2,-9,-5,1,7,13,10,4,-1,-3,-4,-4,-5,-14,-14,-16,-14,-12,-4,1,6,-2,-10,-16,-10,-6,-4,-6,-5,-3,3,0,-4,-3,-5,-2,-5,-9,-8,-4,-5,5,-10,-19,-15,-11,-11,-10,-3,1,7,-7,-25,-41,-42,-22,-25,-10,5,13,4,-13,-10,0,5,9,15,16,8,4,4,9,15,16,6,-1,-7,-1,3,7,18,17,18,14,12,7,8,13,15,12,9,5,6,4,2,5,6,-1,-4,-1,-7,-6,-3,10
295,488,-5,-4,4,19,24,23,15,20,13,3,-10,-12,-10,-3,-6,-4,1,2,3,9,9,17,16,9,8,5,1,-4,-7,-7,-4,0,-5,-7,-6,-2,2,5,-1,-15,-25,-20,-18,-7,3,10,17,26,26,19,10,-1,-7,-8,-6,-2,5,10,14,12,4,2,-5,-13,-15,-10,-8,-10,-6,-9,-12,-13,-13,-15,-7,-2,-3,-7,-8,-1,4,5,2,4,9,7,3,-2,-4,-2,1,-1,-7,-9,-9,-5,-2,-9,-5,1,6,11,7,3,-1,-2,-2,-2,-3,-13,-15,-18,-15,-12,-4,0,4,-5,-11,-15,-9,-5,-5,-8,-6,-4,2,1,-4,-4,-6,-3,-7,-10,-9,-4,-6,4,-8,-18,-16,-15,-13,-11,-4,-1,5,-9,-27,-40,-38,-21,-24,-12,0,12,3,-11,-8,3,8,13,19,18,8,4,4,9,15,17,7,1,-4,1,5,9,19,18,19,14,12,8,8,13,14,11,8,5,7,5,5,9,10,5,1,0,-4,-2,0,12
296,490,-4,-4,0,19,25,26,16,23,16,5,-8,-10,-7,0,-2,-1,2,1,2,8,8,17,17,11,10,6,2,-4,-8,-8,-4,1,-4,-6,-6,-3,1,4,0,-13,-22,-17,-15,-5,2,7,14,23,27,21,12,2,-4,-5,-4,1,8,12,18,17,10,5,-2,-11,-14,-11,-11,-13,-8,-9,-12,-13,-14,-15,-9,-4,-5,-7,-8,-2,3,3,1,3,7,6,2,-2,-3,-2,0,-4,-8,-9,-8,-4,-1,-8,-4,1,5,9,5,1,-1,-1,0,0,-1,-12,-15,-19,-16,-11,-3,0,1,-7,-11,-13,-9,-5,-7,-9,-8,-5,1,0,-4,-6,-7,-4,-9,-10,-10,-4,-7,2,-7,-16,-17,-17,-15,-13,-6,-3,2,-11,-28,-39,-34,-19,-23,-13,-4,10,2,-9,-6,4,10,16,23,19,7,3,4,8,14,17,8,3,-1,4,7,11,20,19,19,15,13,8,8,12,13,10,8,5,8,6,7,12,12,9,5,2,0,1,4,13
297,492,-4,-4,-3,17,24,28,17,26,17,8,-6,-8,-4,3,1,2,2,0,1,7,6,17,17,12,10,6,2,-5,-8,-9,-5,1,-4,-6,-6,-4,0,4,0,-10,-19,-13,-12,-4,1,4,10,20,26,22,14,5,-1,-2,-2,3,10,13,21,21,15,8,1,-9,-13,-12,-13,-16,-10,-10,-12,-14,-14,-16,-11,-7,-7,-8,-8,-2,2,1,-1,3,6,5,1,-2,-3,-2,-2,-7,-10,-9,-8,-3,0,-8,-4,1,4,7,3,0,-1,0,2,2,0,-10,-15,-20,-17,-10,-3,-1,-2,-9,-11,-12,-8,-5,-8,-10,-10,-7,0,0,-4,-7,-7,-5,-10,-10,-11,-5,-8,0,-5,-14,-17,-19,-17,-14,-8,-6,-1,-13,-28,-37,-30,-17,-21,-13,-8,8,1,-7,-4,6,12,19,25,19,5,2,3,7,13,16,9,5,2,6,8,12,20,19,19,15,14,9,8,12,12,10,7,5,9,7,9,14,14,13,8,2,3,4,7,14
298,494,-4,-3,-5,14,23,28,18,27,18,10,-3,-6,-1,5,4,4,3,0,0,6,5,16,16,13,10,6,1,-5,-9,-9,-5,0,-3,-5,-6,-4,-1,3,1,-7,-14,-9,-8,-2,0,2,6,16,25,22,16,8,2,1,1,5,12,14,24,24,19,10,5,-5,-11,-12,-14,-18,-12,-11,-12,-14,-14,-15,-13,-9,-9,-8,-8,-3,0,-1,-2,2,4,4,0,-2,-2,-2,-4,-9,-11,-9,-7,-2,1,-7,-3,1,4,5,1,0,-1,2,3,3,1,-9,-15,-20,-17,-9,-3,-2,-5,-10,-11,-10,-7,-5,-10,-11,-12,-8,-2,-1,-4,-8,-7,-6,-12,-10,-12,-5,-9,-1,-4,-12,-16,-21,-18,-15,-10,-9,-5,-14,-28,-34,-24,-15,-19,-13,-12,5,-1,-4,-1,6,13,20,26,18,4,1,3,6,11,15,10,6,4,8,9,13,20,19,18,15,15,9,7,11,11,9,7,5,10,7,11,16,15,15,10,3,6,6,9,14
299,496,-3,-3,-8,11,20,27,17,28,19,12,0,-3,2,6,6,6,3,0,0,5,4,14,15,13,10,5,1,-6,-9,-9,-6,0,-3,-4,-6,-4,-2,2,1,-3,-9,-5,-4,-1,0,0,3,13,23,21,16,10,6,4,3,8,14,14,25,26,23,12,8,-2,-9,-11,-16,-21,-14,-11,-12,-14,-14,-15,-15,-11,-11,-9,-8,-3,-1,-3,-3,1,2,3,-1,-1,-1,-2,-6,-11,-12,-9,-6,-2,1,-7,-2,1,3,3,0,-1,0,3,5,5,3,-7,-14,-20,-16,-8,-3,-3,-8,-12,-11,-9,-7,-6,-12,-12,-13,-9,-4,-2,-5,-9,-7,-7,-12,-10,-12,-6,-9,-3,-3,-10,-15,-21,-18,-15,-12,-11,-8,-16,-27,-31,-19,-12,-16,-13,-16,2,-2,-2,1,7,13,21,26,16,2,0,2,4,9,14,11,7,6,9,10,13,20,19,18,16,15,9,7,10,11,9,8,6,10,7,11,16,16,16,12,4,8,9,11,14
300,498,-3,-3,-10,7,16,24,16,28,20,14,3,0,4,7,8,7,3,0,0,5,3,12,13,13,9,5,0,-6,-9,-9,-6,0,-2,-3,-6,-4,-3,1,2,0,-4,0,0,1,-1,-2,0,9,20,20,17,12,9,8,6,10,14,14,26,27,26,14,11,2,-5,-10,-17,-23,-15,-12,-11,-13,-13,-14,-16,-14,-13,-9,-8,-4,-2,-4,-4,1,1,2,-1,0,0,-2,-7,-13,-13,-9,-5,-1,2,-6,-2,1,2,2,-1,-1,1,4,6,6,3,-5,-13,-18,-15,-6,-3,-4,-11,-13,-11,-8,-7,-6,-13,-13,-15,-10,-6,-3,-5,-10,-7,-8,-13,-10,-12,-6,-10,-4,-2,-7,-14,-21,-18,-16,-14,-13,-11,-17,-25,-27,-14,-10,-14,-12,-19,0,-4,1,3,7,13,21,25,13,1,-1,1,3,7,12,11,8,8,11,11,14,19,19,17,15,15,10,7,9,10,10,9,7,11,8,12,16,15,17,13,4,10,11,13,13
301,500,-3,-2,-11,3,12,20,15,26,21,15,6,2,6,8,9,8,3,0,0,4,3,11,11,13,8,4,0,-6,-8,-9,-6,-1,-1,-2,-5,-4,-3,0,2,4,2,4,4,2,-1,-3,-2,7,17,19,17,14,12,11,9,11,15,13,26,27,27,16,14,6,-2,-8,-16,-24,-16,-12,-11,-12,-13,-13,-16,-15,-14,-10,-8,-4,-3,-5,-4,1,0,1,-1,0,1,-2,-8,-14,-13,-8,-5,0,2,-5,-1,1,1,0,-2,-1,1,6,7,6,4,-4,-11,-16,-13,-5,-3,-5,-13,-13,-10,-7,-7,-8,-15,-13,-16,-11,-7,-4,-6,-11,-7,-9,-13,-10,-12,-6,-10,-5,-2,-5,-13,-20,-17,-16,-16,-15,-14,-18,-24,-23,-9,-8,-11,-10,-20,-2,-5,4,5,7,13,19,23,10,-1,-1,1,2,5,10,11,8,10,11,11,14,19,18,16,15,15,10,7,9,10,10,10,8,11,8,12,16,15,17,14,5,12,13,14,12
302,502,-2,-2,-12,-1,7,16,13,24,21,17,9,5,8,8,10,8,3,1,1,4,3,9,9,11,6,3,-1,-5,-7,-8,-6,-1,-1,-1,-4,-3,-3,0,3,8,7,9,8,4,-1,-4,-3,4,15,17,17,16,14,14,11,13,15,13,25,26,28,17,17,10,2,-6,-16,-24,-17,-13,-11,-12,-12,-12,-15,-16,-15,-10,-7,-4,-3,-5,-4,1,-1,1,0,1,1,-2,-8,-15,-13,-6,-4,0,3,-5,-1,0,0,-1,-2,0,2,7,8,7,4,-2,-9,-14,-12,-4,-3,-6,-14,-13,-9,-7,-7,-9,-16,-14,-17,-12,-9,-5,-6,-12,-7,-10,-12,-9,-11,-6,-9,-5,-1,-3,-12,-19,-16,-16,-17,-16,-16,-18,-22,-20,-4,-5,-8,-8,-21,-4,-6,6,6,6,12,17,20,7,-2,-1,0,0,3,8,10,9,10,11,11,14,18,18,14,14,14,10,7,9,10,11,11,9,12,9,12,15,14,16,14,6,13,14,16,11
303,504,-2,-2,-13,-5,3,10,10,21,20,18,12,7,9,7,10,8,3,1,1,3,2,7,7,10,5,3,-1,-5,-6,-7,-6,-2,-1,-1,-3,-2,-3,-1,3,11,12,12,11,5,-1,-4,-4,2,12,16,17,17,16,16,13,14,14,12,23,24,28,17,18,14,6,-3,-14,-24,-17,-13,-10,-10,-11,-11,-14,-17,-15,-10,-7,-4,-4,-5,-3,1,-1,2,0,2,2,-1,-7,-15,-13,-5,-4,0,2,-4,-1,0,0,-1,-2,0,3,7,8,7,4,-1,-7,-12,-10,-3,-3,-6,-15,-12,-9,-7,-7,-10,-17,-14,-18,-13,-10,-6,-7,-13,-7,-11,-12,-8,-10,-6,-8,-4,-1,-2,-10,-17,-14,-16,-18,-17,-18,-19,-20,-17,-1,-3,-4,-6,-20,-5,-6,9,8,6,11,15,16,4,-3,-1,0,-1,1,6,9,8,11,11,11,14,17,16,12,13,13,10,8,10,11,12,12,11,12,9,12,14,12,15,14,6,14,15,17,10
304,506,-2,-1,-13,-8,-2,5,7,18,19,19,15,9,9,6,10,8,3,1,1,3,2,5,5,8,3,2,-1,-4,-4,-5,-6,-2,0,0,-2,-1,-3,-1,4,13,16,15,13,6,-1,-4,-4,1,9,14,16,17,18,18,15,15,13,11,21,22,26,18,20,18,10,0,-12,-22,-17,-12,-9,-9,-9,-10,-13,-17,-15,-9,-7,-4,-4,-5,-2,2,-1,3,1,3,2,-1,-6,-14,-11,-4,-4,0,2,-4,-1,-1,-1,-2,-2,0,3,8,8,6,3,1,-4,-9,-8,-2,-3,-6,-14,-11,-8,-7,-7,-11,-17,-14,-18,-13,-11,-7,-7,-14,-7,-11,-10,-8,-9,-5,-7,-3,0,0,-9,-15,-13,-15,-18,-16,-18,-18,-19,-14,3,-1,-1,-4,-19,-5,-6,10,9,6,9,12,12,1,-3,-1,-1,-1,-1,4,8,8,11,11,10,14,15,15,11,12,12,10,8,10,11,14,14,13,13,10,13,13,11,14,13,7,15,16,17,10
305,508,-1,-1,-13,-10,-6,-1,3,13,17,19,17,11,9,5,9,7,3,2,1,2,2,3,3,6,2,1,-1,-3,-2,-4,-5,-2,0,1,-1,0,-2,-1,4,15,19,17,15,6,-1,-4,-4,0,6,11,15,17,18,19,16,15,12,11,18,20,24,17,20,20,14,3,-9,-20,-16,-12,-8,-8,-8,-8,-11,-16,-14,-9,-7,-4,-5,-5,-1,2,0,4,2,4,2,0,-5,-13,-10,-3,-4,0,2,-3,-1,-1,-1,-2,-1,1,4,8,8,5,3,2,-2,-6,-6,-1,-3,-6,-13,-9,-7,-7,-8,-11,-17,-14,-17,-13,-12,-8,-7,-14,-7,-11,-9,-6,-7,-4,-5,-2,0,1,-8,-13,-11,-15,-17,-16,-18,-18,-17,-11,6,1,2,-2,-16,-5,-5,12,9,6,8,9,8,-2,-3,-1,-1,-2,-2,2,6,7,10,10,10,13,14,13,8,10,11,9,9,11,12,15,15,14,13,10,13,12,10,12,13,8,16,16,18,9
306,510,-1,-1,-13,-13,-9,-6,0,8,14,18,19,12,8,4,8,6,3,2,1,1,1,2,1,4,0,0,-1,-2,0,-2,-4,-2,0,1,0,0,-1,0,5,16,21,18,16,7,-1,-3,-3,-1,3,9,14,17,18,19,17,15,11,10,15,16,21,16,19,22,17,6,-5,-17,-15,-11,-8,-7,-7,-7,-9,-15,-13,-8,-6,-4,-5,-5,0,3,1,5,2,4,3,1,-4,-11,-8,-3,-4,0,1,-3,-1,-2,-1,-2,-1,1,4,8,7,5,2,3,0,-3,-4,-1,-3,-6,-12,-7,-6,-7,-8,-11,-16,-13,-16,-12,-12,-8,-7,-14,-7,-10,-7,-5,-5,-2,-3,0,0,2,-7,-12,-9,-14,-17,-14,-18,-17,-15,-8,8,2,4,0,-12,-4,-4,13,10,6,6,6,4,-4,-3,-1,-1,-3,-4,0,4,6,9,9,9,12,12,11,6,8,9,9,9,12,12,16,15,15,13,10,12,11,8,11,12,9,16,16,18,8
307,512,0,0,-12,-15,-12,-10,-4,3,10,17,19,12,7,2,6,5,3,1,1,0,1,0,-1,2,-1,0,-1,-1,2,-1,-3,-2,0,1,1,1,-1,0,5,16,22,18,15,7,0,-2,-2,-1,1,7,13,16,18,19,17,15,10,9,12,13,17,15,18,23,19,8,-2,-13,-13,-10,-7,-6,-6,-6,-7,-13,-11,-7,-6,-5,-5,-4,1,4,2,6,2,5,3,1,-2,-9,-7,-2,-3,-1,0,-2,-1,-2,-2,-2,0,2,4,7,6,4,1,4,2,-1,-2,-1,-3,-5,-10,-5,-5,-7,-8,-11,-14,-12,-14,-11,-11,-8,-6,-14,-7,-9,-4,-4,-2,-1,-1,1,1,2,-6,-10,-8,-13,-15,-13,-16,-15,-14,-6,9,4,6,2,-8,-3,-2,14,10,6,5,3,0,-5,-3,-1,-1,-3,-4,-2,3,5,8,8,8,11,10,9,4,6,6,8,9,12,13,16,16,16,14,11,12,10,7,9,12,10,15,15,17,8
308,514,0,0,-11,-16,-14,-14,-7,-2,6,14,19,11,5,0,4,3,2,1,0,-1,0,-1,-2,0,-2,-1,0,0,3,1,-2,-2,0,2,2,2,0,0,5,16,21,17,15,6,0,-1,-1,-1,-1,5,11,14,17,18,17,14,9,9,8,10,13,13,16,22,20,10,2,-9,-11,-8,-5,-5,-4,-5,-6,-11,-9,-6,-5,-5,-5,-3,2,5,3,6,3,5,3,1,-1,-7,-5,-2,-3,-1,-1,-2,-1,-3,-2,-1,0,2,4,6,5,2,0,5,3,1,-1,0,-3,-4,-7,-3,-4,-6,-7,-10,-12,-11,-12,-9,-10,-7,-5,-13,-6,-8,-2,-2,0,1,1,2,1,2,-5,-9,-6,-11,-14,-11,-14,-14,-12,-4,10,5,8,4,-4,-1,0,14,10,6,4,0,-3,-6,-2,-1,-2,-4,-5,-3,1,4,6,7,7,10,7,6,1,3,4,7,9,13,13,16,16,16,14,11,12,9,6,8,11,10,14,14,16,8
309,516,1,1,-10,-17,-16,-17,-10,-7,1,11,18,10,3,-2,1,2,1,0,-1,-3,-1,-2,-3,-2,-3,-1,0,0,5,2,-1,-2,0,1,2,3,1,1,5,15,20,15,13,6,1,0,0,-1,-3,3,9,13,15,17,16,13,7,8,5,6,8,10,13,21,21,12,5,-4,-8,-6,-4,-4,-3,-4,-4,-9,-7,-4,-5,-4,-5,-2,3,6,5,7,3,6,3,2,0,-5,-4,-2,-3,-2,-2,-2,-2,-3,-2,-1,0,2,3,4,4,1,0,5,4,3,1,0,-2,-3,-4,-1,-3,-6,-6,-9,-10,-9,-9,-8,-9,-6,-4,-12,-5,-6,1,0,3,2,3,3,1,2,-5,-8,-5,-10,-12,-10,-12,-12,-10,-2,10,6,9,5,1,1,3,14,10,6,2,-2,-6,-7,-2,-1,-2,-4,-5,-4,-1,2,5,5,6,8,4,3,-1,1,2,6,9,12,12,16,15,16,13,10,12,8,5,7,10,10,13,13,15,7
310,518,2,2,-8,-18,-17,-19,-13,-11,-3,7,16,8,1,-3,-1,0,1,-1,-2,-4,-1,-3,-4,-3,-3,-1,1,1,6,3,0,-1,0,1,2,3,2,1,5,13,18,13,11,5,2,1,1,-1,-4,1,8,11,14,16,15,12,6,8,2,3,4,7,10,19,20,12,8,0,-4,-4,-3,-3,-2,-2,-2,-6,-5,-3,-4,-4,-5,-1,4,7,6,7,4,6,4,2,0,-3,-2,-1,-2,-2,-3,-2,-2,-3,-2,-1,0,2,3,3,2,0,-1,5,5,5,2,0,-1,-2,-1,1,-1,-5,-5,-7,-7,-7,-5,-5,-7,-4,-2,-10,-4,-4,3,1,5,4,5,3,1,2,-4,-7,-4,-8,-10,-8,-10,-9,-8,-1,10,6,10,6,5,3,5,14,10,6,1,-3,-7,-7,-1,-1,-2,-4,-6,-5,-2,1,4,4,4,6,2,1,-3,-2,-1,5,8,12,11,14,14,15,13,10,11,6,4,6,10,9,12,12,13,7
311,520,3,3,-5,-19,-18,-20,-14,-15,-7,3,13,6,-1,-5,-4,-2,-1,-2,-3,-5,-2,-3,-4,-4,-3,-1,1,2,6,5,1,-1,0,1,2,3,2,2,4,11,15,10,9,5,3,2,2,-1,-5,-1,6,9,12,14,13,11,5,8,-1,0,0,5,7,16,19,13,11,5,0,-1,-1,-2,-1,-1,0,-4,-2,-1,-3,-3,-5,0,4,7,7,7,4,6,4,2,0,-1,-1,-1,-2,-2,-3,-2,-2,-3,-2,-1,0,1,2,1,1,-1,-2,6,6,6,4,0,-1,-1,2,3,0,-3,-3,-4,-4,-5,-2,-3,-5,-2,-1,-8,-2,-2,5,3,7,5,6,3,1,2,-4,-6,-3,-7,-8,-6,-7,-7,-5,1,9,6,10,6,9,5,8,13,10,6,1,-4,-8,-6,-1,0,-2,-5,-6,-6,-4,-1,2,3,3,4,-1,-2,-5,-4,-3,3,7,11,10,13,12,14,12,9,10,5,3,5,9,9,10,10,11,6
312,522,4,4,-3,-19,-18,-21,-15,-18,-11,-2,9,4,-2,-6,-6,-4,-2,-3,-4,-6,-2,-4,-4,-4,-3,-1,2,3,7,6,3,0,-1,1,2,4,2,2,4,8,11,7,6,4,3,3,2,-1,-6,-2,4,7,10,12,12,10,5,7,-3,-2,-3,2,3,13,17,13,13,10,4,3,1,0,1,0,2,-1,0,0,-2,-2,-4,1,5,7,8,7,5,7,4,1,1,1,0,-1,-2,-2,-4,-2,-2,-3,-2,-1,0,1,2,0,0,-1,-2,5,6,7,5,1,0,1,5,5,1,-2,-1,-2,0,-3,1,-1,-2,-1,1,-6,-1,0,7,4,9,6,7,2,1,1,-3,-5,-2,-5,-6,-5,-4,-4,-3,2,9,6,9,6,13,7,10,13,10,6,0,-5,-9,-6,0,0,-2,-5,-6,-7,-5,-2,1,2,1,2,-4,-5,-7,-7,-5,2,6,10,8,10,10,12,10,8,9,5,3,4,8,8,7,8,9,6
313,524,5,5,0,-18,-19,-21,-16,-20,-14,-6,5,1,-4,-7,-8,-6,-3,-5,-5,-7,-3,-4,-4,-4,-2,-1,2,4,7,6,4,0,-1,0,2,3,2,2,3,6,8,4,4,3,3,4,3,0,-6,-3,3,5,8,10,10,9,4,7,-4,-4,-6,0,0,9,14,12,15,14,8,6,4,2,3,1,4,1,2,2,0,-1,-3,2,5,6,9,7,6,7,4,1,1,3,1,0,-1,-2,-4,-2,-2,-3,-2,-1,0,1,1,-2,-1,-2,-2,5,6,8,5,1,2,2,7,6,3,0,1,1,3,0,5,2,1,1,3,-3,1,2,8,5,10,6,7,0,1,1,-2,-4,-1,-4,-3,-3,-1,-1,0,4,8,6,8,6,16,9,12,12,10,6,1,-5,-8,-4,0,0,-2,-4,-5,-7,-6,-3,0,1,0,0,-7,-7,-8,-9,-7,1,4,8,6,7,7,9,9,7,8,4,2,4,7,6,5,6,7,5
314,526,6,7,3,-17,-19,-20,-16,-21,-16,-11,1,-2,-5,-7,-10,-8,-5,-6,-6,-8,-3,-4,-3,-3,-2,0,2,4,7,7,5,1,-1,0,2,3,2,2,2,3,4,1,1,2,3,4,3,0,-6,-3,1,3,6,8,8,8,4,7,-5,-5,-8,-2,-2,5,11,11,16,18,12,10,7,5,4,3,5,3,4,4,1,0,-2,3,5,6,9,7,7,7,4,1,1,4,2,0,-1,-2,-3,-1,-2,-2,-2,-1,-1,0,0,-3,-2,-2,-2,5,5,8,6,2,3,4,9,7,4,3,4,4,6,3,8,4,3,3,4,0,3,4,9,6,10,6,7,-2,1,1,-1,-3,0,-2,-1,-2,1,1,2,5,7,5,7,6,18,11,14,11,9,6,1,-4,-7,-3,1,0,-2,-4,-5,-7,-6,-3,-1,0,-2,-2,-9,-9,-9,-10,-9,-1,3,5,3,4,4,7,7,6,7,3,2,3,6,5,3,3,5,4
315,528,8,8,5,-16,-18,-19,-16,-22,-18,-14,-4,-4,-6,-7,-11,-10,-6,-7,-7,-8,-3,-4,-2,-3,-1,1,3,5,6,7,5,2,0,-1,1,3,2,1,0,0,0,-2,-1,2,3,4,3,0,-5,-3,0,2,4,5,6,7,4,7,-5,-5,-9,-3,-5,1,7,9,17,21,16,13,9,7,6,4,7,5,6,5,3,2,0,4,5,4,9,6,8,7,4,0,1,5,3,0,-1,-2,-3,-1,-2,-2,-1,-1,-1,0,0,-4,-3,-3,-2,4,5,8,7,3,4,5,10,7,5,5,7,8,9,5,10,6,6,5,5,3,4,6,9,6,10,6,7,-4,1,1,0,-2,1,0,2,0,3,4,5,6,7,4,6,5,19,12,15,10,9,6,2,-3,-5,-1,2,0,-1,-3,-4,-7,-7,-3,-2,-1,-3,-3,-11,-10,-10,-11,-10,-2,1,3,1,1,1,4,5,5,5,3,2,3,5,4,1,1,3,3
316,530,9,9,8,-14,-18,-18,-15,-21,-19,-18,-8,-7,-6,-7,-12,-11,-8,-8,-7,-8,-3,-4,-2,-2,0,1,3,5,6,7,6,2,0,-1,1,2,1,0,-1,-2,-4,-4,-4,1,2,4,2,0,-4,-2,0,0,3,3,4,6,4,6,-4,-5,-9,-4,-6,-3,3,7,16,24,19,16,12,10,8,6,8,7,7,6,4,3,1,4,5,3,8,5,9,7,4,0,2,6,4,0,0,-1,-2,-1,-1,-1,-1,-1,-2,-1,-1,-4,-3,-3,-2,4,4,8,7,4,5,6,11,7,7,8,9,11,12,8,12,8,8,7,6,6,5,7,9,6,9,5,6,-6,1,0,1,-1,2,2,4,1,5,6,7,7,6,4,5,4,20,13,16,9,9,7,3,-2,-3,1,2,1,-1,-2,-4,-7,-7,-4,-3,-2,-4,-4,-12,-11,-10,-12,-10,-3,-1,0,-2,-2,-2,1,3,3,4,2,2,3,4,2,0,-1,1,1
317,532,10,10,10,-11,-16,-17,-14,-21,-20,-20,-13,-9,-6,-6,-12,-13,-9,-9,-8,-8,-3,-3,-1,-1,1,2,3,5,6,6,6,2,0,-1,1,1,0,-1,-3,-5,-7,-6,-6,0,1,3,2,0,-2,-1,-1,-1,1,2,2,5,4,6,-3,-5,-9,-5,-8,-7,0,5,16,25,21,19,14,12,10,7,9,8,8,7,5,4,2,5,4,1,7,5,9,6,4,1,3,6,4,0,0,-1,-2,0,-1,-1,-1,-2,-2,-2,-1,-5,-4,-2,-1,3,3,7,7,4,5,7,10,7,8,10,12,13,14,10,14,10,9,8,7,8,7,8,9,6,8,4,5,-8,1,0,3,1,4,4,6,2,7,8,9,7,6,3,4,4,20,13,16,8,9,7,4,0,0,3,3,1,-1,-1,-3,-6,-6,-4,-3,-2,-5,-5,-12,-11,-10,-12,-11,-4,-3,-2,-5,-5,-5,-2,1,1,2,2,2,3,3,1,-2,-2,-1,0
318,534,10,11,12,-8,-15,-15,-13,-20,-20,-22,-16,-10,-6,-5,-12,-13,-10,-9,-8,-7,-3,-3,-1,0,2,2,4,5,5,6,6,3,0,-1,1,0,-1,-2,-4,-7,-9,-7,-7,-1,0,2,1,-1,-1,0,-1,-2,0,0,0,4,4,6,-2,-4,-8,-5,-8,-10,-4,3,14,25,22,20,16,14,12,8,9,9,9,7,6,5,4,5,3,0,5,3,9,6,3,1,3,7,4,1,1,0,-1,1,0,0,-1,-2,-3,-2,-2,-5,-4,-2,-1,3,3,7,7,5,6,7,10,7,8,12,14,15,16,12,15,11,11,9,8,10,7,8,8,5,7,3,4,-9,2,1,4,3,5,6,8,3,8,10,11,8,6,2,3,3,20,14,16,7,9,8,4,1,2,5,3,1,0,0,-2,-6,-6,-3,-4,-3,-5,-5,-12,-11,-9,-12,-10,-5,-4,-5,-7,-8,-7,-5,-1,0,1,1,2,3,2,0,-3,-4,-2,-1
319,536,11,11,13,-5,-12,-13,-11,-19,-20,-23,-19,-11,-6,-5,-11,-14,-11,-9,-8,-7,-3,-3,-1,0,2,3,4,4,5,5,5,3,0,-1,0,-1,-1,-3,-6,-8,-11,-8,-8,-2,-2,1,0,-1,1,1,-1,-2,-2,-2,-1,3,5,5,0,-2,-6,-5,-8,-12,-7,1,12,23,22,21,18,15,13,10,9,9,9,7,6,5,5,4,2,-2,3,2,8,5,3,2,4,7,4,1,2,0,-1,2,0,0,-1,-2,-3,-3,-2,-4,-4,-2,0,2,2,6,7,6,6,7,9,7,9,14,16,17,17,13,15,11,11,9,8,11,8,8,7,5,5,2,3,-9,2,1,6,5,6,7,9,4,9,11,12,8,6,1,2,2,19,13,16,6,8,8,5,3,4,7,4,2,1,1,-1,-5,-6,-3,-4,-3,-5,-5,-11,-10,-8,-11,-10,-6,-6,-7,-9,-10,-9,-7,-3,-2,-1,1,2,3,2,-1,-4,-5,-4,-3
320,538,11,12,14,-1,-9,-10,-9,-17,-19,-23,-21,-12,-5,-3,-11,-14,-11,-9,-7,-6,-3,-3,-1,0,3,3,4,4,4,4,5,2,1,-1,0,-1,-2,-4,-7,-9,-12,-8,-9,-3,-3,-1,0,0,2,2,0,-2,-2,-3,-2,3,5,5,1,-1,-4,-4,-7,-13,-9,-1,10,21,21,20,18,16,14,11,9,9,8,7,6,5,5,4,1,-3,1,1,7,4,3,3,5,7,4,2,2,1,0,2,1,1,-1,-3,-3,-3,-2,-4,-3,-1,0,1,2,6,7,6,6,7,7,6,10,15,17,18,18,14,15,11,12,9,8,12,8,8,6,4,4,1,2,-9,3,2,7,7,7,9,10,6,10,12,13,8,5,1,2,2,17,13,15,5,8,9,6,4,6,8,4,2,2,2,0,-4,-5,-3,-5,-3,-5,-5,-10,-9,-7,-10,-9,-6,-7,-9,-10,-12,-10,-8,-5,-3,-2,0,2,3,1,-1,-4,-5,-5,-4
321,540,12,12,15,3,-6,-7,-6,-15,-18,-22,-23,-12,-5,-2,-9,-13,-11,-9,-7,-6,-2,-3,-1,1,3,4,4,4,4,3,4,2,1,0,1,-2,-3,-5,-7,-10,-12,-8,-8,-4,-4,-2,-1,0,3,3,0,-2,-3,-4,-3,2,5,4,3,1,-2,-4,-6,-13,-11,-2,7,18,19,19,18,17,15,11,8,9,7,6,6,5,6,3,0,-4,-1,0,5,3,3,4,6,7,4,3,3,1,0,3,1,1,-1,-3,-3,-3,-2,-4,-3,-1,1,1,2,5,6,6,6,7,6,5,10,15,18,18,18,15,14,11,11,8,7,13,8,8,5,3,2,0,1,-8,3,2,9,9,9,10,12,7,11,12,13,8,5,1,1,2,16,12,13,4,8,9,6,5,7,9,4,3,2,3,1,-3,-4,-3,-5,-3,-4,-4,-8,-8,-5,-8,-7,-6,-7,-10,-11,-13,-11,-9,-6,-4,-2,0,2,3,1,-1,-4,-5,-6,-5
322,542,12,13,16,6,-2,-3,-4,-13,-17,-21,-23,-11,-4,-1,-8,-12,-10,-8,-6,-5,-2,-3,-1,1,3,4,5,4,3,3,3,2,1,0,1,-2,-3,-5,-8,-10,-12,-7,-8,-4,-6,-3,-1,0,4,4,1,-2,-3,-4,-4,2,5,3,4,2,1,-3,-5,-12,-12,-3,4,14,17,17,17,17,15,12,8,9,7,6,6,5,6,2,-1,-5,-2,-2,3,2,3,5,7,7,4,3,4,2,1,4,2,1,-1,-3,-3,-3,-2,-3,-2,0,2,1,2,4,6,6,5,6,4,5,10,15,17,17,17,15,13,10,10,8,6,12,7,7,4,2,1,-1,1,-6,4,3,10,11,9,12,12,8,11,12,13,7,5,1,1,2,14,11,12,3,7,8,6,6,8,9,4,3,3,4,2,-1,-3,-2,-4,-3,-3,-3,-6,-6,-4,-6,-6,-6,-8,-11,-11,-13,-11,-10,-6,-4,-2,0,2,3,1,-1,-4,-5,-6,-5
323,544,13,13,17,10,2,1,-1,-10,-15,-19,-22,-10,-3,0,-6,-11,-9,-7,-6,-4,-2,-3,-1,1,3,4,5,5,3,2,3,2,2,1,1,-2,-3,-5,-8,-9,-10,-6,-7,-4,-6,-3,-2,0,5,5,1,-1,-2,-4,-4,1,5,3,6,4,3,-1,-3,-11,-11,-4,2,10,14,14,16,16,14,12,7,8,6,5,6,5,6,2,-2,-5,-4,-3,1,1,4,5,7,7,4,4,4,2,1,5,3,1,-1,-3,-3,-3,-2,-3,-2,1,2,1,2,3,5,6,5,5,2,4,9,15,16,16,16,15,11,10,9,7,5,12,7,6,3,2,0,-1,1,-4,4,4,11,13,10,13,13,9,11,12,12,7,5,1,1,2,12,10,10,2,7,8,6,6,9,10,4,4,4,6,4,0,-2,-2,-4,-3,-2,-3,-4,-4,-2,-4,-4,-6,-7,-11,-11,-12,-11,-9,-7,-4,-2,1,3,3,1,-1,-4,-5,-6,-5
324,546,14,14,18,13,6,5,2,-7,-12,-17,-20,-9,-2,1,-4,-9,-8,-5,-5,-4,-2,-3,-1,1,4,4,5,5,3,2,2,2,2,2,2,-1,-3,-4,-7,-8,-9,-4,-6,-4,-7,-4,-2,1,6,5,2,0,-1,-4,-4,1,4,2,7,5,5,0,-1,-8,-11,-4,0,7,10,11,13,15,14,12,7,8,5,5,5,4,6,1,-2,-5,-5,-4,0,0,4,6,7,7,4,4,4,3,1,5,3,1,0,-3,-3,-3,-2,-2,-1,1,3,1,2,3,5,6,4,4,1,4,9,13,15,15,15,14,10,9,8,6,4,11,6,5,2,1,-1,-1,1,-1,5,5,12,14,11,14,14,10,11,11,11,6,5,2,1,2,10,9,8,1,6,7,5,6,9,9,4,4,5,7,5,1,0,-1,-3,-2,-1,-1,-1,-2,-1,-2,-2,-5,-7,-11,-10,-11,-9,-9,-6,-3,-2,1,3,3,1,0,-3,-4,-6,-5
325,548,14,15,19,16,10,9,5,-4,-10,-14,-18,-7,-1,2,-2,-7,-6,-4,-4,-3,-2,-2,0,1,4,4,5,5,3,2,2,2,3,3,2,-1,-2,-4,-6,-7,-7,-2,-4,-4,-7,-4,-2,1,6,5,3,1,0,-3,-3,0,4,1,7,7,7,2,1,-6,-9,-3,-2,3,7,7,11,13,12,12,6,7,4,4,5,4,6,1,-2,-5,-6,-4,-2,0,4,6,8,6,4,4,4,3,1,6,3,1,0,-2,-2,-3,-2,-1,-1,2,3,1,2,2,4,5,3,3,0,3,8,12,13,13,13,13,9,8,7,5,4,10,5,4,1,1,-1,-1,1,2,5,6,12,15,11,14,14,10,10,10,10,5,4,2,1,2,9,7,6,1,5,6,5,6,9,9,4,5,5,8,6,3,1,0,-2,-1,0,0,1,0,1,0,0,-4,-6,-10,-9,-9,-8,-7,-6,-3,-1,2,3,4,2,1,-1,-3,-6,-4
326,550,16,16,19,18,14,13,8,-1,-7,-10,-15,-5,0,3,0,-4,-4,-2,-3,-2,-1,-2,0,1,4,4,5,5,3,2,1,2,3,3,3,0,-1,-3,-5,-5,-4,-1,-3,-3,-6,-3,-1,2,6,5,3,2,1,-2,-2,0,3,0,7,7,8,3,3,-3,-7,-2,-3,-1,4,4,8,11,11,12,6,7,4,4,4,3,5,1,-2,-3,-6,-5,-3,0,4,7,8,6,4,4,4,3,1,6,4,1,0,-2,-1,-2,-1,-1,0,2,4,2,3,2,4,5,3,2,-1,3,7,10,10,10,11,11,7,7,6,4,3,8,4,4,1,1,-1,0,1,5,5,6,12,15,11,14,14,11,9,9,8,5,4,3,2,3,7,6,4,0,4,5,4,5,8,8,4,6,6,8,7,4,3,1,-1,0,2,1,4,1,2,2,2,-3,-5,-9,-8,-7,-6,-5,-5,-1,1,3,4,4,3,2,0,-1,-5,-3
327,552,17,18,20,19,17,16,10,3,-4,-7,-12,-3,1,4,2,-2,-2,-1,-2,-2,-1,-1,0,1,4,4,5,5,3,2,1,2,4,4,4,0,0,-1,-3,-3,-2,1,-1,-3,-5,-3,-1,2,5,5,4,3,2,-1,-1,0,2,-1,7,8,9,4,5,1,-4,0,-3,-3,1,1,6,9,9,11,6,7,4,3,4,3,5,0,-2,-2,-6,-5,-3,-1,4,7,8,6,5,4,4,3,1,6,4,1,0,-1,-1,-1,-1,0,0,3,4,2,3,2,3,4,2,1,-2,3,6,8,8,8,9,10,6,6,5,3,2,7,4,3,1,1,-1,1,2,7,5,7,12,15,11,14,14,12,9,8,7,4,3,4,2,3,5,5,2,-1,3,4,4,5,7,7,4,6,6,9,8,5,4,2,0,0,3,2,5,3,3,4,4,-1,-3,-7,-6,-5,-4,-4,-3,0,2,4,5,5,4,3,1,0,-3,-2
328,554,19,19,20,20,19,19,12,6,0,-3,-9,-1,2,4,4,0,0,1,-1,-1,-1,-1,1,1,3,4,5,5,4,2,2,2,4,5,4,1,1,0,-1,-1,0,3,0,-2,-4,-2,0,2,4,4,4,3,3,0,0,-1,1,-2,6,7,9,5,6,4,-1,1,-3,-5,-1,-1,3,6,7,10,6,7,4,3,3,2,4,1,-1,-1,-6,-4,-3,-1,4,6,7,6,5,4,4,3,1,6,4,1,0,0,0,-1,-1,1,1,3,5,3,4,2,3,3,1,0,-2,3,5,6,5,6,7,8,5,6,4,3,2,7,3,3,1,2,-1,2,3,9,5,7,11,15,11,14,14,12,8,6,5,4,3,5,3,3,4,3,0,-2,2,3,3,4,6,6,4,7,7,9,8,7,6,3,2,1,4,3,7,4,4,6,5,0,-2,-5,-4,-2,-1,-2,-2,1,3,5,5,6,5,4,3,1,-2,0
329,556,20,21,20,20,20,20,13,8,3,0,-5,1,3,5,6,3,2,3,0,0,-1,0,1,1,3,4,5,5,4,2,2,2,5,5,4,1,2,1,1,1,2,4,2,-1,-2,-1,0,2,3,3,4,4,4,2,1,-1,0,-3,5,7,9,6,7,6,2,3,-2,-6,-3,-3,0,4,5,9,5,7,4,3,3,2,4,1,0,1,-5,-4,-3,-1,4,6,7,6,5,4,4,3,1,5,4,1,1,1,1,0,0,1,2,4,5,4,4,2,3,3,1,0,-1,3,4,4,3,3,5,6,4,5,3,2,2,6,3,3,1,2,0,2,3,11,5,7,11,15,11,14,13,12,7,5,4,3,2,5,3,4,2,2,-2,-3,1,2,3,4,6,6,4,7,7,9,9,8,7,4,3,2,5,4,8,5,5,7,6,2,0,-3,-2,0,1,0,-1,2,5,6,6,6,6,5,4,3,0,1
330,558,22,22,20,18,20,20,13,10,6,4,-2,3,4,5,7,5,4,4,1,1,0,1,2,1,3,3,4,5,4,2,2,3,5,5,4,2,3,3,2,2,4,4,3,0,-1,0,1,2,2,2,4,5,5,3,2,-1,-1,-4,3,6,8,6,8,9,4,5,-1,-7,-4,-5,-2,1,3,8,5,7,4,3,3,2,3,1,1,2,-4,-3,-3,-1,4,5,7,6,6,4,4,3,2,5,4,1,1,1,2,1,1,2,3,4,5,4,5,2,3,3,1,0,-1,3,3,3,1,1,3,5,4,5,3,3,3,6,3,2,1,3,1,3,4,12,5,7,10,14,10,13,13,12,5,4,2,3,2,6,4,4,1,1,-3,-3,0,1,3,4,5,5,4,7,6,9,9,8,8,5,5,3,5,4,8,6,6,8,7,3,1,-1,0,2,2,2,1,3,6,6,6,7,7,6,5,4,1,2
331,560,23,24,20,17,19,18,12,12,8,7,2,5,5,5,8,6,5,5,2,1,0,1,2,2,2,3,4,4,4,2,2,3,5,5,4,2,3,4,4,3,5,5,4,1,1,1,1,2,1,1,3,5,5,4,3,-1,-3,-5,1,4,6,6,8,10,7,6,0,-6,-4,-5,-3,-1,1,7,5,7,4,3,3,2,3,2,2,4,-3,-2,-2,-1,3,5,6,6,6,4,4,3,2,5,4,2,2,2,3,2,2,3,4,5,5,5,5,2,3,2,1,0,0,3,2,1,-1,0,2,3,3,5,3,3,3,6,3,3,1,3,1,4,4,13,5,7,9,13,10,12,12,11,4,2,1,2,2,7,4,4,0,0,-4,-4,-1,0,2,3,4,4,4,7,6,8,8,9,9,6,6,4,6,5,8,6,6,9,8,4,3,1,1,4,4,3,2,4,6,7,6,8,8,6,6,5,2,3
332,562,24,25,19,14,17,16,11,13,11,10,5,6,5,5,9,8,7,6,3,2,1,2,3,2,2,2,3,3,4,2,3,3,5,5,4,2,4,5,5,4,6,5,4,2,3,2,2,1,0,0,3,5,6,5,4,-2,-3,-6,-1,2,5,6,8,11,8,7,1,-6,-4,-5,-4,-3,0,5,5,8,5,3,3,2,3,2,3,5,-2,-1,-1,-1,3,4,6,6,6,5,4,3,2,4,4,2,2,3,4,3,2,4,5,5,5,5,5,3,3,2,2,1,1,3,1,0,-2,-1,1,2,3,5,3,4,4,6,3,3,1,4,2,4,4,13,4,6,8,12,9,11,11,11,3,1,0,2,1,7,4,3,-2,-2,-5,-4,-2,-1,2,3,4,4,4,7,5,8,8,9,9,7,7,5,6,5,7,6,6,9,8,5,4,3,3,5,5,4,2,4,6,7,6,8,8,7,7,6,4,4
333,564,25,25,18,11,14,12,9,14,13,13,8,7,5,5,9,9,8,7,4,3,1,3,3,2,2,1,2,2,3,2,3,3,5,5,4,3,4,6,6,5,7,5,4,2,4,3,2,1,-1,-2,2,4,5,5,5,-2,-4,-7,-3,0,3,5,7,12,10,7,2,-4,-3,-5,-5,-4,-2,4,5,8,5,3,3,2,3,3,4,5,0,0,-1,-1,2,4,6,6,7,5,4,3,2,4,3,2,2,4,4,4,3,5,6,5,5,5,5,3,3,3,2,2,3,3,0,0,-3,-2,0,1,3,5,4,5,5,7,4,3,1,4,2,4,4,13,4,6,7,11,8,10,10,10,2,0,-1,2,1,7,4,3,-3,-3,-6,-5,-3,-2,2,3,3,4,3,7,5,6,7,9,9,7,8,5,5,5,6,6,6,9,8,6,4,5,4,6,5,5,3,4,6,7,6,8,9,7,7,6,5,5
334,566,25,25,17,8,11,8,7,13,15,15,11,8,5,5,9,10,9,7,5,4,2,3,3,2,1,0,1,2,3,2,3,3,4,5,3,3,5,6,7,5,7,4,4,3,5,3,2,0,-2,-3,1,4,5,6,5,-1,-5,-7,-5,-2,0,4,6,12,10,8,3,-3,-2,-4,-5,-5,-3,3,5,8,6,4,3,3,2,4,4,6,2,2,0,-1,1,3,5,6,7,5,4,3,2,4,3,3,2,4,5,4,4,6,7,5,5,5,5,3,3,3,2,3,4,3,0,-1,-3,-2,-1,1,3,5,4,6,6,7,4,3,1,4,2,4,3,12,3,5,6,9,7,9,9,9,2,0,-1,2,1,6,4,2,-4,-4,-6,-5,-4,-2,1,3,3,3,3,6,4,5,5,8,9,7,8,5,5,4,5,5,5,8,7,6,5,6,5,6,6,5,3,3,5,6,5,8,8,7,8,6,5,5
335,568,25,25,15,5,8,4,4,13,16,17,13,9,5,4,9,10,9,8,6,5,3,4,3,2,1,0,0,1,2,2,3,3,4,4,3,3,5,7,8,5,6,4,4,3,7,3,2,-1,-3,-4,1,3,5,6,5,-1,-5,-8,-7,-4,-2,3,5,11,10,7,4,-1,-1,-3,-4,-5,-4,1,4,8,6,4,3,3,2,4,5,6,3,3,0,-1,0,2,4,5,7,5,4,3,3,4,3,3,3,5,5,5,5,6,8,5,5,5,4,4,3,3,3,4,5,3,0,-1,-3,-2,-1,0,3,6,5,6,6,8,5,3,1,4,2,4,3,11,3,5,5,8,7,8,8,8,1,-1,-1,1,1,6,3,1,-5,-5,-7,-5,-4,-3,1,3,3,3,3,5,3,3,4,7,8,6,8,5,4,4,3,4,4,7,7,6,5,7,5,6,5,4,3,3,4,5,4,7,8,7,7,6,6,5
336,570,24,24,13,2,4,0,2,11,17,19,16,9,5,4,9,11,9,8,6,6,3,4,3,2,0,-1,-1,0,1,1,3,3,4,4,2,3,5,7,8,5,6,3,4,3,7,4,1,-1,-4,-5,0,2,4,6,5,-1,-5,-7,-8,-5,-4,1,3,10,10,7,5,1,1,-1,-3,-5,-4,0,4,8,6,4,4,3,2,5,5,6,5,4,1,-1,-1,1,4,5,7,5,4,3,3,4,3,3,3,5,5,5,5,7,8,5,4,5,4,4,3,4,4,5,6,3,0,0,-3,-2,-1,0,2,5,5,7,6,8,5,3,1,3,2,4,2,9,2,4,4,7,6,7,7,7,0,-1,-2,1,0,5,2,0,-6,-6,-7,-5,-5,-3,1,3,3,3,2,4,1,1,3,6,7,6,8,5,3,3,2,3,3,6,6,6,5,7,6,6,4,3,2,2,2,3,2,6,7,6,7,5,6,5
337,572,22,22,10,0,1,-4,-1,10,17,20,17,9,5,3,8,11,9,8,7,7,4,4,3,2,-1,-2,-1,0,0,1,3,2,3,3,2,3,5,6,8,5,5,2,4,3,7,3,0,-2,-4,-5,-1,1,3,5,5,0,-4,-7,-8,-6,-5,0,2,8,9,6,5,2,2,1,-2,-4,-4,-1,3,7,7,4,4,3,2,5,5,6,6,5,1,-1,-1,1,3,4,6,5,4,3,3,3,3,4,3,5,5,6,6,7,8,5,4,4,3,4,3,4,4,5,7,3,0,0,-2,-1,-1,0,2,5,5,6,6,8,5,3,1,3,1,3,1,7,1,4,3,6,5,7,6,5,0,-2,-1,1,0,3,1,-1,-8,-7,-7,-5,-5,-3,1,3,3,3,2,3,0,0,1,5,5,5,7,4,3,2,0,2,2,5,4,5,4,7,5,5,4,2,2,1,1,2,1,5,6,5,6,5,5,4
338,574,19,19,7,-2,-2,-8,-3,8,17,20,19,9,4,3,8,11,9,7,7,7,4,4,2,2,-1,-2,-2,-1,-1,1,3,2,3,3,2,2,4,6,7,4,4,1,3,3,7,3,0,-3,-4,-6,-2,0,2,5,5,0,-3,-6,-8,-7,-6,-1,0,6,7,5,5,3,4,2,-1,-3,-4,-2,3,6,6,5,4,3,2,5,5,5,7,5,1,-1,-2,0,2,3,6,4,5,3,4,3,3,4,3,5,5,6,6,7,7,4,3,3,3,3,3,4,4,6,7,3,0,1,-1,0,-1,0,2,4,4,6,5,7,5,3,1,2,1,2,0,6,1,3,2,5,4,6,5,4,0,-2,-1,0,-1,2,-1,-2,-9,-8,-6,-4,-6,-3,0,2,3,2,1,2,-1,-2,-1,3,3,3,6,4,2,2,-1,2,1,4,3,4,4,7,5,4,2,1,1,-1,-1,0,-1,3,4,3,4,4,5,3
339,576,16,16,4,-3,-4,-10,-5,6,16,20,19,9,4,2,7,10,8,7,7,8,4,4,2,1,-2,-3,-3,-1,-1,0,2,2,2,2,1,2,4,5,7,4,3,0,2,3,7,2,-1,-4,-4,-6,-3,-2,0,4,4,1,-2,-4,-8,-7,-7,-2,-1,4,6,4,5,4,4,3,1,-2,-3,-2,2,5,6,4,4,3,2,5,4,5,7,5,1,-1,-3,-1,0,2,5,4,5,3,4,3,3,4,3,4,5,6,6,7,6,4,2,2,2,3,3,4,4,6,7,3,1,2,-1,0,0,0,1,3,4,5,4,6,4,2,1,2,0,1,-1,4,0,3,2,5,3,5,4,3,-1,-2,-1,-1,-1,0,-2,-3,-10,-8,-6,-4,-6,-3,0,2,3,2,0,1,-2,-3,-2,1,1,2,4,3,1,1,-2,1,1,3,2,3,3,6,4,3,1,0,0,-2,-3,-2,-3,1,2,2,3,2,4,2
340,578,12,12,0,-4,-6,-12,-7,4,15,19,19,9,4,2,7,10,8,7,7,8,4,3,1,1,-2,-3,-4,-2,-2,0,2,1,2,2,1,2,3,5,6,3,2,0,2,2,6,1,-2,-4,-4,-6,-4,-3,-1,3,4,2,-1,-3,-6,-7,-7,-3,-2,2,4,3,4,5,5,4,2,-1,-2,-3,1,4,5,4,4,3,2,4,4,4,7,5,1,-1,-3,-2,-1,1,4,3,5,3,4,3,3,4,3,4,4,5,5,6,5,3,2,1,1,3,2,4,4,6,7,3,1,3,0,1,0,0,0,2,2,4,3,4,3,1,0,1,0,0,-2,3,-1,2,1,4,2,4,2,2,-1,-1,-1,-1,-2,-2,-4,-4,-11,-9,-6,-4,-6,-3,0,1,2,1,-1,0,-3,-4,-3,0,-1,0,3,2,0,0,-2,0,0,2,0,2,2,5,3,2,0,-2,-1,-3,-5,-4,-4,-1,0,0,1,1,3,1
341,580,8,8,-3,-5,-7,-12,-8,3,13,18,18,9,4,2,6,10,7,6,7,8,4,3,0,0,-3,-4,-4,-2,-3,-1,1,1,1,1,0,2,3,4,5,3,1,-1,1,1,4,0,-3,-5,-4,-6,-5,-4,-2,1,3,2,0,-1,-5,-6,-6,-3,-3,0,2,1,3,5,5,5,3,1,-1,-3,0,3,5,4,4,3,1,3,3,3,7,5,1,0,-4,-3,-3,0,3,3,5,3,4,3,3,4,3,4,4,5,5,5,4,1,1,0,0,2,2,4,4,6,6,2,1,3,1,1,0,0,-1,1,1,2,1,2,2,0,0,1,-1,0,-3,1,-2,2,1,3,1,3,1,1,-1,-1,-1,-2,-2,-3,-5,-5,-12,-9,-6,-3,-6,-3,-1,0,2,0,-1,-1,-3,-5,-4,-2,-2,-1,1,1,-1,0,-3,0,0,0,-1,1,1,4,2,1,-1,-3,-2,-4,-7,-5,-6,-3,-2,-2,0,-1,2,0
342,582,3,3,-7,-5,-7,-11,-8,1,11,15,17,9,4,2,5,9,7,5,6,8,4,3,0,0,-3,-4,-4,-2,-3,-1,1,0,1,1,0,1,2,3,4,2,0,-1,1,1,3,-1,-4,-5,-4,-6,-6,-5,-3,0,2,3,2,1,-3,-5,-6,-4,-3,-2,0,0,2,4,4,5,4,2,0,-3,-1,1,4,3,3,2,1,3,2,2,6,4,1,0,-4,-3,-4,-1,2,2,4,3,5,2,3,4,2,3,3,4,4,4,2,0,0,-1,0,1,1,3,3,5,5,2,2,4,1,2,0,0,-2,-1,-1,0,-2,-1,1,-1,-1,0,-1,-1,-3,0,-2,1,0,2,0,2,1,0,-1,-1,-1,-2,-3,-5,-6,-6,-12,-9,-5,-3,-6,-3,-2,-1,0,-1,-2,-2,-4,-6,-5,-4,-4,-2,-1,0,-1,0,-2,0,-1,0,-1,-1,0,3,1,-1,-2,-4,-3,-4,-8,-7,-7,-4,-4,-4,-2,-2,1,-2
343,584,-2,-2,-10,-4,-7,-10,-8,0,8,13,15,8,3,2,5,8,6,5,5,7,4,2,-1,-1,-3,-4,-4,-2,-3,-1,0,0,1,0,0,1,2,2,3,1,0,-1,0,0,1,-2,-5,-6,-4,-6,-6,-6,-5,-1,1,3,3,3,-1,-4,-4,-4,-4,-4,-1,-1,1,4,3,5,4,3,1,-3,-1,0,2,2,3,1,1,2,1,0,5,3,1,0,-4,-4,-5,-2,1,2,4,3,5,2,2,4,2,2,2,3,3,2,0,-1,-1,-2,-1,1,0,3,2,4,3,1,2,4,1,2,0,0,-3,-3,-3,-3,-4,-4,-1,-2,-1,-1,-2,-2,-4,-2,-3,0,-1,1,-1,1,0,-1,-1,-1,-1,-3,-3,-6,-7,-7,-13,-9,-5,-3,-6,-3,-2,-3,-1,-2,-3,-3,-4,-6,-6,-5,-6,-4,-2,-1,-2,-1,-2,0,-1,-1,-2,-2,-1,1,0,-2,-3,-4,-4,-5,-9,-8,-7,-6,-6,-5,-4,-3,-1,-3
344,586,-7,-7,-13,-3,-6,-7,-7,-2,5,9,13,7,3,2,4,8,5,4,4,6,3,1,-2,-2,-3,-4,-4,-2,-4,-2,0,0,0,0,0,1,1,1,2,1,-1,-1,0,-1,-1,-4,-6,-6,-4,-6,-7,-7,-6,-2,-1,3,4,5,2,-2,-3,-3,-4,-5,-2,-2,0,3,2,4,4,3,1,-3,-2,-1,1,2,2,1,1,1,0,-1,3,2,0,0,-4,-4,-6,-3,0,1,3,3,4,1,2,3,2,2,2,2,1,0,-2,-3,-2,-3,-2,0,-1,2,1,2,2,0,2,4,1,1,0,-1,-4,-5,-4,-5,-6,-6,-3,-3,-2,-1,-2,-3,-4,-3,-4,0,-1,0,-1,0,-1,-2,-1,-1,-2,-4,-4,-7,-8,-8,-13,-9,-5,-3,-7,-3,-3,-4,-2,-4,-4,-4,-4,-6,-6,-6,-7,-5,-4,-1,-2,-1,-1,0,0,-2,-2,-3,-2,0,-1,-2,-3,-5,-4,-5,-9,-8,-8,-7,-8,-7,-5,-5,-2,-4
345,588,-12,-12,-16,-3,-4,-4,-6,-2,2,6,10,6,3,2,4,7,4,3,3,5,3,1,-2,-2,-3,-4,-4,-2,-3,-2,0,0,0,0,0,1,1,1,1,1,-1,-1,0,-1,-2,-5,-6,-6,-4,-5,-7,-8,-6,-4,-2,3,5,6,4,0,-1,-3,-3,-5,-3,-3,-1,2,1,3,4,4,2,-2,-2,-2,0,1,1,0,0,0,-1,-2,2,0,0,0,-4,-5,-7,-4,-2,0,2,2,4,1,1,3,2,1,1,1,0,-2,-4,-4,-3,-4,-2,-1,-1,1,0,1,0,0,1,3,1,1,-1,-1,-5,-6,-6,-7,-8,-9,-5,-4,-2,-2,-2,-3,-5,-4,-4,-1,-2,-1,-2,-1,-2,-2,-1,-2,-2,-4,-4,-8,-9,-8,-13,-9,-5,-2,-6,-3,-4,-5,-4,-5,-4,-5,-4,-6,-6,-6,-7,-5,-5,-2,-2,-1,-1,0,0,-2,-3,-3,-2,-1,-1,-3,-4,-5,-4,-5,-9,-9,-8,-8,-9,-8,-6,-5,-3,-5
346,590,-17,-17,-18,-2,-3,-1,-4,-3,-1,2,7,5,3,2,3,6,4,2,2,4,2,0,-2,-2,-3,-3,-3,-2,-3,-1,-1,0,0,0,0,1,1,0,0,0,-1,-1,0,-1,-4,-5,-6,-6,-4,-5,-8,-8,-7,-5,-3,3,6,7,6,2,1,-2,-3,-5,-4,-4,-2,1,0,1,3,4,2,-2,-2,-3,-2,0,1,0,0,-1,-1,-3,0,-1,0,0,-4,-5,-7,-4,-2,-1,1,2,4,0,1,3,2,1,0,0,-1,-3,-5,-5,-4,-4,-2,-1,-2,-1,-1,-1,-1,-1,1,3,1,0,-1,-2,-6,-8,-8,-9,-10,-11,-6,-5,-3,-2,-3,-4,-5,-5,-5,-2,-3,-3,-3,-2,-3,-3,-1,-2,-2,-4,-5,-8,-9,-8,-13,-8,-5,-2,-6,-4,-5,-6,-6,-6,-5,-6,-4,-5,-5,-6,-7,-6,-5,-3,-2,-1,0,0,0,-2,-3,-4,-3,-2,-2,-3,-4,-4,-4,-5,-9,-9,-8,-8,-9,-8,-7,-6,-4,-6
347,592,-21,-21,-19,-1,-2,2,-2,-4,-4,-1,4,4,3,2,3,5,3,2,1,3,1,0,-2,-2,-3,-2,-3,-2,-3,-1,-1,0,0,0,0,1,1,0,0,0,-1,-1,0,-2,-5,-6,-6,-5,-4,-5,-8,-8,-7,-6,-4,3,6,8,7,4,2,-2,-2,-5,-4,-4,-3,0,-2,0,2,3,2,-2,-2,-4,-3,-1,0,-1,0,-1,-2,-4,-2,-2,0,-1,-4,-5,-7,-4,-3,-2,0,1,3,-1,0,2,1,0,0,-1,-3,-5,-7,-6,-4,-4,-2,-2,-2,-2,-2,-2,-3,-2,0,1,0,-1,-2,-3,-6,-9,-9,-11,-11,-13,-8,-6,-3,-3,-3,-4,-5,-6,-5,-2,-4,-4,-4,-3,-4,-4,-1,-2,-3,-4,-5,-8,-9,-8,-12,-8,-5,-2,-6,-4,-6,-7,-7,-7,-5,-6,-4,-5,-5,-6,-7,-6,-6,-3,-2,-1,1,1,0,-2,-3,-4,-3,-3,-2,-3,-3,-4,-4,-4,-8,-8,-7,-8,-10,-9,-8,-6,-5,-6
348,594,-25,-25,-20,-1,0,6,-1,-4,-6,-5,1,3,3,2,2,4,2,1,1,2,1,-1,-2,-2,-2,-1,-2,-1,-2,-1,-1,0,0,0,0,1,1,0,0,0,-1,0,0,-2,-6,-6,-6,-5,-4,-5,-8,-8,-7,-6,-4,2,6,8,9,5,4,-1,-2,-4,-4,-4,-3,-1,-3,-1,1,2,2,-1,-2,-4,-3,-2,0,-1,0,-2,-3,-4,-3,-3,-1,-1,-4,-4,-6,-4,-4,-2,-1,1,3,-1,0,2,1,0,-1,-2,-4,-6,-7,-6,-4,-4,-2,-2,-3,-3,-3,-4,-4,-3,-1,0,-1,-2,-3,-4,-7,-10,-10,-12,-11,-14,-9,-7,-4,-3,-3,-4,-5,-6,-5,-3,-5,-5,-4,-3,-5,-5,-1,-2,-3,-4,-5,-8,-8,-7,-11,-7,-4,-2,-6,-4,-6,-8,-8,-8,-5,-6,-3,-4,-4,-5,-6,-5,-6,-3,-2,-1,1,1,1,-2,-2,-4,-3,-3,-2,-3,-3,-3,-4,-4,-7,-7,-6,-8,-10,-8,-8,-6,-5,-6
349,596,-28,-28,-20,0,1,8,1,-4,-8,-8,-2,2,2,2,1,3,1,0,0,1,0,-1,-2,-2,-1,0,-1,-1,-1,0,0,0,0,0,0,1,1,0,-1,1,0,0,0,-2,-6,-6,-5,-4,-4,-5,-7,-8,-7,-7,-5,1,5,8,9,6,5,0,-1,-3,-4,-4,-4,-1,-3,-2,-1,1,2,-1,-2,-4,-4,-2,-1,-1,0,-2,-3,-4,-4,-4,-1,-1,-3,-4,-5,-4,-4,-2,-1,0,2,-2,-1,1,1,0,-2,-3,-5,-7,-8,-6,-4,-4,-2,-2,-3,-3,-4,-5,-5,-4,-1,-1,-2,-3,-3,-5,-7,-10,-10,-12,-11,-15,-10,-7,-4,-4,-3,-4,-5,-7,-5,-4,-6,-6,-5,-4,-5,-5,-2,-2,-3,-4,-5,-7,-7,-6,-10,-6,-4,-2,-5,-4,-6,-8,-9,-8,-5,-6,-3,-3,-3,-5,-5,-5,-6,-3,-2,-1,2,1,1,-2,-2,-3,-3,-4,-2,-3,-2,-2,-3,-3,-5,-6,-5,-8,-9,-8,-7,-5,-5,-6
350,598,-30,-30,-19,0,1,10,2,-4,-11,-11,-5,1,2,2,1,2,0,0,-1,0,0,-1,-1,-1,0,1,0,0,-1,0,0,0,0,0,1,1,1,0,-1,1,0,1,0,-1,-6,-5,-4,-3,-3,-4,-7,-7,-7,-7,-5,0,5,7,9,7,6,1,0,-2,-3,-4,-3,-1,-4,-3,-2,0,1,0,-1,-4,-4,-3,-1,-1,0,-2,-3,-5,-5,-4,-2,-2,-3,-3,-4,-3,-4,-2,-1,0,2,-2,-1,1,1,-1,-2,-4,-6,-7,-7,-6,-4,-3,-2,-3,-3,-4,-4,-6,-6,-4,-2,-3,-2,-4,-4,-5,-7,-10,-9,-12,-11,-15,-10,-7,-4,-4,-3,-4,-4,-7,-5,-4,-6,-7,-5,-5,-6,-6,-2,-2,-3,-3,-5,-6,-6,-6,-9,-5,-4,-1,-5,-4,-6,-8,-10,-8,-5,-6,-2,-2,-3,-4,-4,-4,-5,-3,-2,-1,2,1,1,-2,-2,-3,-2,-4,-2,-2,-2,-2,-2,-2,-4,-5,-4,-7,-8,-7,-7,-5,-5,-5
351,600,-31,-31,-18,0,2,12,3,-4,-12,-14,-7,0,2,2,0,1,-1,-1,-1,0,0,-1,0,0,1,2,1,0,0,1,0,1,0,1,1,1,1,0,-1,1,1,1,1,-1,-6,-4,-3,-2,-3,-4,-6,-6,-6,-7,-5,-1,3,7,9,7,6,2,1,-1,-2,-3,-3,-1,-4,-3,-2,-1,1,0,-1,-4,-4,-3,-2,-1,0,-2,-3,-4,-6,-5,-2,-2,-2,-2,-3,-2,-4,-1,-2,0,1,-2,-1,0,0,-1,-2,-4,-6,-7,-7,-5,-3,-2,-2,-2,-3,-4,-4,-6,-7,-5,-3,-4,-3,-4,-4,-6,-6,-10,-9,-11,-10,-14,-10,-7,-4,-5,-3,-4,-4,-7,-5,-5,-6,-8,-5,-5,-6,-6,-2,-2,-2,-3,-5,-5,-5,-5,-7,-4,-3,-1,-4,-4,-6,-8,-10,-7,-4,-6,-2,-1,-2,-2,-2,-3,-4,-3,-2,-1,2,1,1,-2,-1,-3,-2,-3,-2,-2,-1,-1,-2,-1,-2,-4,-2,-6,-7,-5,-5,-3,-4,-4
352,602,-31,-32,-16,0,2,13,3,-3,-13,-16,-9,-1,2,2,0,0,-1,-1,-1,-1,0,-1,1,1,2,3,2,1,1,2,1,1,0,1,1,2,1,0,0,2,1,2,1,0,-5,-3,-1,-1,-2,-3,-5,-5,-5,-6,-5,-2,2,5,8,7,7,3,2,0,-1,-2,-3,-1,-4,-3,-3,-2,0,0,-1,-3,-4,-3,-2,-1,0,-1,-2,-4,-6,-5,-3,-2,-1,-1,-1,-1,-4,-1,-2,0,1,-2,-1,0,0,-1,-3,-4,-6,-6,-5,-4,-3,-1,-1,-2,-2,-4,-4,-6,-7,-5,-3,-5,-3,-5,-5,-6,-6,-9,-7,-9,-8,-12,-9,-6,-4,-5,-3,-3,-3,-6,-4,-5,-7,-8,-5,-5,-6,-6,-2,-1,-2,-2,-5,-4,-4,-3,-5,-3,-2,0,-3,-4,-6,-7,-9,-6,-3,-5,-1,0,-1,-1,-1,-1,-3,-3,-1,-1,2,1,0,-1,-1,-2,-1,-3,-1,-1,0,0,-1,0,-1,-2,-1,-4,-5,-3,-4,-2,-4,-3
353,604,-30,-31,-14,-1,1,13,3,-3,-14,-17,-10,-1,2,2,-1,-1,-2,-1,-1,-1,0,0,2,2,3,4,3,2,2,2,2,2,1,1,1,2,1,1,0,2,2,2,1,1,-4,-1,0,1,-2,-2,-4,-4,-4,-5,-5,-2,1,4,7,7,6,4,3,1,0,-2,-2,-1,-3,-3,-3,-2,0,0,0,-2,-3,-2,-2,-1,0,-1,-2,-3,-6,-5,-3,-1,0,0,0,0,-3,0,-2,0,1,-1,-1,0,0,-1,-2,-4,-5,-5,-4,-2,-2,0,-1,-2,-1,-3,-4,-6,-6,-4,-4,-6,-4,-5,-5,-6,-5,-7,-6,-7,-6,-10,-8,-6,-3,-5,-3,-3,-3,-6,-3,-5,-6,-8,-5,-6,-6,-5,-2,-1,-1,-1,-4,-3,-2,-2,-3,-1,-1,1,-1,-3,-5,-6,-8,-5,-2,-4,-1,1,0,0,1,0,-2,-2,-1,-1,1,0,0,-1,-1,-1,0,-2,0,0,1,1,0,0,1,-1,1,-3,-3,-1,-2,-1,-3,-2
354,606,-29,-30,-12,-1,1,12,3,-2,-14,-18,-12,-2,2,2,-1,-1,-2,-2,-1,-1,0,0,2,3,4,5,4,2,3,3,2,2,1,2,2,2,2,1,1,2,3,3,2,1,-2,1,2,2,-1,-1,-2,-2,-2,-4,-4,-3,0,3,5,6,6,4,3,2,0,-1,-1,0,-2,-2,-3,-3,-1,0,0,-2,-3,-2,-2,-1,0,-1,-1,-2,-5,-5,-3,-1,1,1,1,1,-2,0,-1,0,1,-1,0,0,0,-1,-2,-3,-4,-3,-2,0,0,1,0,-1,-1,-3,-3,-5,-5,-4,-4,-7,-3,-5,-4,-6,-4,-6,-4,-5,-4,-8,-7,-5,-3,-5,-2,-2,-2,-5,-2,-5,-6,-8,-5,-5,-6,-5,-1,0,1,0,-3,-2,-1,-1,-1,0,0,1,0,-2,-4,-4,-7,-4,-1,-3,0,1,1,1,3,1,-1,-1,-1,0,1,0,0,-1,0,0,0,-1,0,1,2,2,1,1,3,1,2,-1,-1,1,0,1,-2,0
355,608,-27,-28,-9,-1,0,11,2,-2,-14,-19,-12,-3,1,2,-2,-2,-2,-1,-1,0,0,1,3,4,5,6,5,3,4,4,3,3,2,2,2,2,2,2,1,3,3,3,2,2,0,2,4,4,0,1,-1,0,-1,-3,-3,-3,-1,2,4,6,5,5,4,3,1,0,0,1,-1,-1,-3,-3,-1,0,0,-1,-2,-1,-2,-1,0,0,0,-1,-4,-4,-3,0,2,2,2,2,-1,0,-1,0,0,0,1,0,0,-1,-2,-3,-3,-1,0,2,1,2,1,-1,0,-2,-2,-4,-4,-3,-4,-7,-3,-5,-4,-5,-3,-4,-2,-2,-1,-5,-5,-3,-2,-4,-2,-1,-1,-4,-1,-4,-5,-7,-4,-5,-5,-4,-1,1,2,1,-2,0,1,0,1,2,1,2,2,-1,-3,-2,-5,-2,0,-2,1,2,2,3,4,3,1,-1,0,0,0,0,0,-1,0,0,1,0,1,2,3,3,1,2,4,3,3,0,1,3,1,2,0,1
356,610,-24,-25,-6,0,-1,9,2,-1,-14,-18,-12,-3,1,1,-2,-2,-2,-1,0,1,1,1,4,5,6,7,5,4,5,4,3,3,3,3,2,2,3,2,2,3,4,3,2,3,1,4,5,5,2,2,1,1,0,-1,-2,-3,-2,1,2,5,5,5,4,4,2,1,0,2,0,0,-2,-2,-1,0,0,0,-1,-1,-1,0,0,1,1,0,-3,-3,-3,1,3,2,3,3,0,1,0,1,1,1,2,1,1,0,-1,-1,-1,1,2,3,2,4,1,0,1,-1,0,-2,-2,-2,-3,-6,-2,-4,-3,-4,-1,-2,1,0,1,-2,-3,-2,-1,-4,-1,-1,0,-3,0,-4,-4,-6,-4,-5,-4,-3,0,2,3,3,-1,1,2,1,3,4,3,3,3,0,-1,-1,-3,0,1,-1,1,3,3,4,6,4,2,0,1,1,0,0,-1,0,0,1,2,1,2,3,3,4,2,2,5,4,5,2,3,4,3,3,1,2
357,612,-21,-22,-3,0,-1,8,1,0,-12,-18,-12,-3,2,1,-2,-2,-2,-1,1,1,1,2,4,5,6,7,6,4,6,5,4,4,3,3,3,3,3,3,3,4,4,3,3,4,3,6,7,7,3,4,3,3,2,0,-1,-3,-3,0,1,4,4,5,4,4,3,2,1,2,1,1,-1,-2,0,1,1,1,0,0,-1,0,0,1,2,1,-2,-2,-2,2,4,3,4,4,0,1,1,2,1,2,3,1,1,0,0,0,1,4,5,5,4,5,2,1,2,1,1,0,-1,-1,-2,-6,-2,-3,-2,-3,0,1,3,3,3,1,-1,0,0,-3,-1,0,1,-2,1,-3,-3,-5,-3,-4,-3,-2,1,3,5,4,0,2,3,2,5,6,4,4,5,1,0,1,0,2,2,1,1,3,3,4,7,5,3,1,1,1,0,0,-1,0,1,2,3,2,2,4,4,4,3,3,6,5,6,3,4,6,5,5,2,4
358,614,-17,-18,0,1,-1,6,0,1,-11,-17,-12,-3,2,1,-2,-2,-2,0,1,2,1,2,5,6,6,7,6,5,6,5,4,4,4,4,3,3,3,4,3,4,5,3,3,4,5,8,8,8,4,5,5,5,4,2,0,-2,-3,-1,-1,3,3,5,4,5,3,3,2,3,2,3,1,-1,0,1,1,2,1,1,-1,0,1,2,2,3,0,-1,-1,3,5,3,4,4,1,2,2,3,1,3,4,2,2,1,1,2,3,6,7,7,5,6,3,2,3,2,3,2,1,1,-1,-5,0,-2,-1,-1,2,3,5,5,6,4,2,1,1,-2,0,1,2,-1,3,-1,-1,-4,-2,-3,-2,-1,2,4,6,5,1,3,5,3,7,7,6,5,6,2,2,3,2,3,3,2,2,4,3,5,7,5,5,2,2,2,0,0,-1,1,1,2,3,3,3,4,4,5,4,3,7,7,7,5,6,7,6,6,3,5
359,616,-13,-15,2,2,0,5,0,2,-9,-15,-11,-4,2,1,-1,-1,-1,0,2,3,2,3,5,6,6,7,7,5,6,5,5,4,4,4,4,3,4,4,4,4,5,3,3,5,6,9,9,9,6,7,7,7,5,4,2,-2,-3,-1,-2,2,2,5,4,5,4,3,3,4,3,4,2,1,1,1,1,2,2,2,0,1,1,2,3,4,1,1,1,4,5,4,5,5,2,3,3,4,2,5,5,3,2,2,2,3,5,8,9,8,6,7,4,3,4,3,4,4,3,2,0,-3,1,-1,1,1,4,5,7,7,8,7,4,3,2,0,1,2,4,1,4,0,0,-2,-1,-3,-1,0,3,5,8,6,3,4,6,4,9,9,7,6,7,4,3,5,5,5,4,3,2,4,4,5,7,6,5,3,3,3,0,0,0,1,2,3,4,3,3,5,5,5,5,4,8,8,8,6,8,8,7,6,4,6
360,618,-9,-10,5,3,0,4,0,3,-6,-13,-9,-4,2,2,-1,0,0,1,3,4,2,3,5,7,6,6,7,6,6,5,5,5,4,4,4,3,4,5,5,5,5,4,3,5,7,10,10,10,7,9,9,8,6,5,3,0,-3,-1,-2,2,2,4,4,5,4,4,4,4,4,5,4,2,2,2,2,3,3,2,1,1,1,3,4,5,3,3,2,5,6,4,5,5,3,4,5,5,3,6,6,3,3,3,3,5,7,10,10,9,7,8,5,4,4,5,5,5,5,4,1,-1,2,1,2,3,5,7,8,9,9,9,6,4,3,1,1,3,4,2,5,1,2,-1,0,-2,0,2,4,6,9,7,4,5,7,4,10,10,8,7,8,5,5,7,7,7,5,4,2,4,4,5,7,6,6,4,3,4,0,1,0,2,2,4,4,4,4,5,5,6,5,4,9,8,8,7,9,9,7,7,4,7
361,620,-5,-6,6,5,2,4,0,4,-4,-10,-8,-4,3,2,0,1,0,2,4,5,2,3,5,7,5,6,6,6,6,5,5,5,4,4,4,4,4,5,5,5,6,4,3,5,8,10,11,10,8,10,11,10,8,6,4,1,-2,-1,-2,1,1,4,4,5,5,5,5,4,5,6,5,3,3,3,2,4,3,3,2,2,2,3,4,7,5,5,4,6,6,4,5,6,4,4,6,6,3,7,7,4,4,3,4,6,9,11,11,10,7,8,6,4,5,6,6,7,7,5,3,1,3,3,4,4,6,9,9,10,10,11,7,5,4,2,2,4,5,3,6,3,3,1,1,0,1,3,5,7,9,7,5,6,7,5,12,12,9,8,9,6,6,8,9,8,5,5,3,3,4,5,7,6,7,4,4,4,1,1,1,2,3,4,4,5,4,6,5,6,6,5,9,9,8,8,10,9,8,7,5,7
362,622,-1,-2,8,6,3,4,0,6,-1,-8,-7,-4,3,2,1,2,1,2,5,6,2,4,4,7,5,5,6,6,6,4,5,5,4,4,5,4,4,5,5,5,6,4,3,6,9,11,11,11,9,11,12,11,9,8,5,2,-1,0,-2,1,1,4,4,5,5,5,5,5,6,7,7,5,4,4,3,4,4,4,2,2,2,4,5,7,6,6,5,6,6,4,5,6,5,5,7,7,4,8,8,5,4,4,5,7,10,12,12,10,8,9,6,5,5,7,7,8,8,6,4,3,4,4,5,6,8,10,10,11,11,13,9,6,5,3,3,4,6,4,7,4,4,2,2,1,3,4,5,7,10,8,7,7,8,5,12,12,9,8,9,7,7,9,10,9,6,6,3,3,3,4,6,5,7,5,4,5,1,2,1,3,4,4,5,5,5,6,5,6,7,5,9,9,9,9,10,9,8,7,5,7
363,624,3,2,9,7,5,4,1,7,2,-5,-5,-3,3,3,3,3,2,3,5,7,2,4,4,6,4,4,5,6,6,4,5,4,4,4,5,4,4,5,5,5,5,4,3,6,9,10,10,10,10,12,13,11,9,9,6,4,1,1,-1,1,1,3,4,5,5,6,5,5,6,7,8,6,5,4,4,5,4,4,3,3,3,4,5,8,8,8,7,7,6,4,5,6,5,6,7,7,5,8,9,6,5,5,6,8,11,12,12,10,8,9,7,6,5,8,8,9,9,7,5,5,5,6,6,7,8,12,10,11,11,13,9,7,5,4,3,5,6,4,7,5,5,3,3,2,4,5,6,7,10,8,8,7,8,5,13,13,10,8,9,8,7,9,11,10,6,7,3,3,3,4,5,5,7,5,5,6,2,3,2,4,4,5,5,5,5,5,5,6,7,6,9,9,8,9,11,9,7,6,6,7
364,626,6,5,10,8,6,4,2,9,4,-2,-3,-3,3,3,4,4,3,4,6,7,2,4,3,6,3,3,4,6,5,3,4,4,4,3,4,4,4,5,5,5,5,4,3,6,8,10,10,10,11,12,13,12,9,9,7,5,2,2,-1,1,1,3,4,5,5,6,6,5,6,7,8,7,6,5,4,5,4,4,3,3,3,4,5,8,9,9,8,7,6,4,5,6,6,6,8,8,5,8,9,6,5,6,7,9,11,12,12,10,7,9,7,6,5,8,8,9,10,7,7,7,6,7,7,9,9,12,10,11,10,13,10,7,6,5,4,5,7,5,7,6,6,5,3,3,5,5,6,7,9,8,9,8,9,6,13,13,10,8,9,8,8,10,12,10,6,7,3,3,3,3,4,4,6,5,5,6,3,4,3,5,5,5,4,5,5,5,5,6,7,6,9,9,8,10,11,8,7,6,6,7
365,628,9,8,10,9,8,5,3,10,7,1,-2,-3,3,3,5,6,4,4,6,7,2,4,3,5,2,1,3,5,4,3,4,3,3,3,4,3,3,4,4,4,5,4,3,5,8,9,9,9,11,12,13,12,9,9,7,7,3,2,0,1,1,3,4,4,5,6,5,4,6,7,8,8,7,6,5,5,5,4,4,3,4,4,5,8,10,11,8,7,5,4,5,5,6,5,8,8,6,8,9,6,5,6,7,9,11,12,11,9,7,9,7,7,5,8,8,9,10,8,7,8,7,8,8,9,9,12,9,10,9,13,10,7,6,6,4,5,6,5,7,7,7,5,4,4,5,6,6,6,9,8,10,8,9,6,13,13,10,8,9,8,7,9,12,10,6,7,3,2,3,2,3,3,6,5,5,7,4,4,3,5,5,5,4,5,5,5,4,5,7,6,8,9,7,10,10,7,6,5,6,7
366,630,11,11,9,9,9,6,5,11,9,4,0,-3,3,4,6,7,5,4,6,7,1,3,2,4,1,0,2,4,3,2,3,3,2,2,4,3,3,3,4,3,4,3,3,5,7,7,7,8,10,12,13,11,9,9,8,7,5,3,1,2,2,2,3,4,5,6,5,4,5,6,8,8,7,6,6,6,5,4,4,4,4,4,4,8,10,11,9,7,5,3,5,5,6,5,8,8,6,8,9,7,5,6,7,9,11,11,10,8,6,8,7,7,5,8,7,9,10,7,8,10,7,9,8,10,8,12,8,9,8,12,9,7,6,6,4,5,6,4,7,7,7,6,4,5,6,6,5,5,7,7,10,9,9,6,13,12,9,7,8,8,7,9,12,9,5,7,3,2,2,2,1,3,5,5,5,7,4,5,4,6,6,5,4,5,4,4,4,4,7,5,7,8,6,9,10,6,5,4,6,6
367,632,12,12,8,9,10,6,6,12,11,7,1,-3,2,3,7,8,6,5,6,7,1,3,2,4,0,-1,1,4,2,1,3,2,2,1,3,2,2,2,3,3,3,3,3,4,5,5,6,7,10,11,12,10,8,8,7,8,6,4,2,2,2,2,3,4,4,5,5,3,5,5,8,8,7,7,6,6,5,4,4,4,4,3,4,7,10,11,9,7,5,3,4,4,5,4,8,7,6,7,8,6,5,6,7,8,10,9,8,6,5,7,7,6,5,8,6,8,9,7,8,11,6,9,8,10,7,11,7,7,6,10,8,6,5,6,4,4,5,4,6,7,7,6,5,5,6,6,4,4,6,7,10,9,9,6,12,11,8,7,7,7,7,8,11,8,5,7,3,2,2,1,0,2,4,5,4,6,5,5,4,6,6,5,3,5,4,3,3,4,6,5,6,7,5,9,9,5,4,3,5,5
368,634,13,13,7,8,11,6,8,13,13,10,3,-3,1,3,7,8,6,5,6,6,1,3,1,3,-1,-2,0,3,1,0,2,1,1,0,2,1,1,1,2,2,2,2,3,4,4,4,4,5,9,10,11,9,7,7,7,8,6,4,3,2,2,1,2,3,4,5,4,3,4,4,7,7,6,7,7,6,4,3,4,3,4,3,3,6,9,11,9,7,4,3,4,3,4,3,7,7,6,6,7,6,5,6,6,8,8,7,7,5,4,6,6,6,4,7,5,7,8,6,7,11,6,9,8,9,6,9,5,6,4,8,7,5,4,5,4,3,5,3,5,7,7,7,5,6,6,5,3,3,4,6,10,9,8,6,11,10,7,6,6,6,6,7,9,7,4,6,3,2,2,0,-1,1,3,4,4,6,5,5,4,6,6,5,3,4,4,2,2,3,6,4,5,6,4,8,8,3,3,3,5,4
369,636,13,13,5,7,11,6,9,14,15,12,4,-3,0,2,7,9,7,4,5,5,1,3,1,2,-2,-3,-1,2,0,0,1,0,0,-1,1,1,0,0,0,1,1,2,2,3,2,2,2,4,7,8,9,7,5,6,6,8,7,4,4,2,2,1,2,2,3,4,3,2,3,3,5,7,6,7,7,6,4,3,4,3,4,3,3,5,8,10,8,7,4,3,3,2,4,2,6,6,5,5,6,5,4,6,5,6,7,5,5,3,3,5,5,5,3,6,4,5,7,5,6,11,5,8,7,8,5,7,3,4,2,6,6,4,4,5,3,2,3,2,4,7,6,7,5,6,6,5,2,2,3,5,9,9,8,7,10,9,5,4,5,5,5,5,8,5,3,5,3,1,1,-1,-2,0,2,3,3,5,5,5,4,6,6,4,2,4,3,1,1,1,4,4,4,5,3,7,7,2,2,2,4,3
370,638,12,12,3,5,10,5,10,14,17,14,5,-3,-1,1,7,8,7,4,4,4,1,2,0,1,-2,-3,-2,1,-1,-1,0,0,-1,-2,0,0,-1,-1,-1,-1,0,1,1,2,0,0,1,2,6,7,7,5,4,5,5,7,7,4,4,2,3,0,1,2,2,3,2,1,2,1,4,5,5,6,7,6,4,3,4,3,3,2,2,3,7,9,8,6,4,3,3,2,3,2,5,5,5,3,4,4,3,5,4,5,5,3,3,1,2,4,4,5,3,5,3,4,5,3,5,10,4,7,6,7,3,5,1,2,0,3,4,2,3,4,3,2,2,1,3,6,5,6,5,6,6,4,1,0,1,4,8,8,7,7,8,7,4,3,4,4,4,4,6,4,1,4,2,1,1,-1,-3,-1,0,2,2,4,4,5,4,5,5,4,2,3,2,0,0,0,3,3,2,3,2,5,5,0,1,1,3,2
371,640,10,11,1,3,9,4,10,14,18,16,6,-3,-2,0,6,8,6,4,4,3,1,2,0,0,-3,-4,-3,0,-2,-2,0,-1,-2,-3,-1,-1,-2,-3,-2,-2,-1,0,1,0,-1,-2,-1,0,4,5,5,3,2,3,4,6,6,3,4,2,3,0,0,1,2,2,1,0,1,0,2,4,4,6,6,6,3,2,3,2,3,2,2,2,5,7,7,6,3,3,2,1,2,1,4,3,4,2,3,3,2,4,3,4,3,1,1,0,1,3,3,4,2,4,1,2,3,2,4,9,3,6,5,5,1,3,-1,0,-2,1,2,1,2,3,2,1,1,0,2,5,5,6,5,6,5,3,0,-1,-1,3,7,8,6,6,7,5,2,2,3,3,3,3,4,2,0,3,2,1,1,-2,-4,-2,-1,2,1,3,4,4,3,4,4,3,1,3,1,0,-1,-1,2,1,0,2,0,4,3,-1,0,0,2,1
372,642,8,9,-2,1,7,3,11,14,19,18,7,-3,-3,-1,5,7,6,3,3,2,1,2,0,0,-3,-4,-3,-1,-3,-2,-1,-2,-3,-3,-2,-2,-3,-4,-4,-3,-2,-1,0,-1,-3,-4,-3,-1,2,2,2,1,0,1,2,5,6,2,4,2,2,-1,0,0,1,1,0,-1,0,-1,1,2,2,5,6,5,3,2,3,1,2,1,1,0,3,6,6,5,3,2,2,0,1,0,2,1,3,0,1,2,1,3,2,2,1,-1,0,-1,0,1,2,3,1,3,0,1,2,0,2,8,1,5,3,3,-1,0,-3,-2,-3,-1,0,0,1,1,1,0,0,0,1,4,4,5,4,5,4,2,-1,-3,-3,2,6,7,5,6,5,3,1,0,2,1,2,1,2,0,-1,2,2,1,1,-2,-4,-2,-2,1,0,2,3,3,3,3,3,2,0,2,1,-1,-1,-2,0,0,-1,0,-1,3,2,-2,-1,-1,1,0
373,644,5,6,-4,-1,5,2,11,13,19,19,8,-3,-4,-3,3,5,5,2,2,1,1,2,0,-1,-3,-4,-4,-2,-3,-2,-2,-3,-3,-4,-3,-3,-4,-5,-5,-4,-3,-2,-1,-2,-4,-6,-4,-3,0,0,0,-1,-2,0,1,3,5,1,4,1,2,-1,-1,-1,0,-1,-1,-2,-1,-2,-1,0,1,4,5,5,2,1,2,1,2,1,0,-1,1,4,5,4,3,2,2,0,0,-1,0,0,2,-2,-1,1,0,2,1,1,-1,-3,-2,-2,0,0,1,2,0,1,-1,-1,0,-2,1,6,0,3,2,1,-3,-2,-5,-4,-5,-3,-1,-2,0,0,0,-1,-1,-1,0,3,3,4,4,5,3,1,-2,-3,-4,1,4,6,4,6,3,2,-1,-1,0,0,1,0,0,-2,-2,1,1,0,1,-2,-4,-3,-3,0,0,1,2,2,2,2,2,1,0,1,0,-2,-2,-3,-1,-1,-3,-1,-2,1,0,-3,-2,-2,0,-1
374,646,3,3,-7,-3,3,0,10,12,19,20,9,-3,-5,-4,1,4,3,1,1,0,1,2,0,-1,-3,-3,-4,-2,-4,-3,-2,-3,-4,-4,-4,-4,-5,-5,-6,-5,-4,-4,-2,-4,-6,-7,-5,-4,-2,-2,-2,-3,-3,-2,-1,1,3,0,4,1,2,-2,-2,-1,-1,-2,-2,-3,-2,-3,-2,-1,0,2,4,4,2,1,1,0,1,0,0,-2,-1,1,3,3,2,2,1,0,-1,-2,-1,-2,0,-3,-3,0,-1,1,-1,-1,-3,-5,-3,-3,-1,-1,0,1,-1,0,-2,-2,-2,-3,-1,4,-1,1,0,-1,-4,-4,-6,-5,-6,-5,-3,-3,-1,-1,-1,-2,-2,-1,-1,2,2,4,3,4,2,0,-3,-4,-5,0,3,4,3,5,2,0,-2,-2,-1,-1,0,-1,-2,-3,-3,0,1,0,1,-2,-4,-3,-3,-1,-1,0,1,1,1,1,1,0,-1,0,-1,-3,-3,-4,-3,-2,-4,-3,-3,-1,-2,-4,-2,-2,-1,-2
375,648,0,0,-9,-5,1,-2,10,11,18,21,10,-2,-7,-6,-1,1,2,1,0,-1,1,2,0,-1,-3,-3,-4,-3,-4,-3,-3,-3,-4,-5,-4,-4,-5,-6,-6,-6,-5,-5,-3,-5,-7,-8,-6,-5,-4,-4,-4,-4,-4,-3,-2,0,2,-1,3,0,1,-2,-2,-2,-2,-3,-2,-3,-3,-4,-4,-3,-2,1,3,4,1,0,1,0,1,0,-1,-3,-2,0,2,2,2,2,1,0,-1,-3,-3,-3,-1,-4,-4,-2,-2,0,-2,-2,-4,-6,-4,-4,-1,-2,-1,0,-1,-1,-3,-3,-4,-4,-2,2,-3,0,-2,-2,-6,-6,-7,-6,-6,-6,-4,-3,-2,-2,-1,-2,-3,-1,-2,0,1,3,2,3,1,-1,-4,-4,-6,-1,1,3,2,4,0,-2,-3,-3,-2,-2,-1,-2,-4,-4,-4,-1,0,0,0,-2,-4,-3,-4,-2,-2,-2,0,0,-1,0,0,-1,-2,-1,-2,-4,-3,-5,-4,-3,-6,-4,-4,-2,-3,-5,-3,-3,-1,-3
376,650,-3,-3,-11,-7,-1,-3,9,9,18,21,11,-2,-7,-7,-3,-1,1,0,0,-1,1,2,0,-1,-2,-2,-4,-3,-4,-2,-3,-3,-4,-5,-5,-4,-5,-6,-7,-6,-6,-6,-4,-6,-7,-9,-7,-6,-5,-6,-6,-6,-5,-5,-3,-2,1,-2,2,0,1,-3,-3,-3,-2,-4,-3,-4,-4,-5,-5,-4,-3,-1,2,3,1,0,0,-1,0,0,-1,-4,-4,-2,1,1,1,2,1,0,-2,-3,-4,-4,-2,-5,-5,-3,-3,-1,-3,-3,-5,-7,-5,-4,-2,-3,-2,-1,-2,-2,-4,-4,-5,-5,-4,0,-4,-1,-3,-4,-7,-7,-7,-6,-7,-7,-5,-4,-3,-2,-2,-3,-4,-1,-3,-1,0,2,1,2,0,-2,-4,-4,-6,-1,0,2,1,3,-2,-3,-4,-4,-2,-3,-2,-3,-5,-5,-4,-2,0,0,0,-1,-3,-3,-4,-2,-3,-3,-2,-1,-2,-2,-1,-2,-3,-2,-3,-4,-4,-5,-5,-4,-7,-5,-5,-4,-5,-5,-4,-3,-2,-3
377,652,-6,-5,-12,-9,-3,-5,8,7,16,21,12,-1,-8,-9,-5,-3,-1,-1,-1,-2,1,2,0,-1,-2,-2,-4,-3,-3,-2,-3,-3,-4,-4,-5,-5,-5,-6,-7,-6,-6,-6,-5,-7,-8,-9,-7,-7,-6,-7,-7,-6,-6,-5,-4,-4,-1,-3,1,-1,0,-3,-3,-3,-3,-4,-3,-4,-4,-5,-6,-6,-4,-2,0,2,1,0,0,-1,-1,-1,-2,-5,-5,-4,0,0,1,2,2,0,-2,-3,-5,-5,-3,-6,-6,-4,-4,-2,-3,-4,-6,-7,-6,-5,-2,-3,-2,-2,-2,-3,-4,-4,-6,-6,-5,-1,-4,-3,-4,-5,-8,-8,-7,-6,-6,-7,-5,-4,-3,-3,-2,-3,-4,-1,-3,-2,-1,1,1,1,-1,-2,-4,-4,-6,-2,-1,0,0,2,-3,-4,-5,-5,-3,-3,-2,-3,-6,-6,-4,-3,0,0,0,-1,-2,-2,-4,-2,-3,-4,-3,-2,-2,-3,-3,-3,-3,-3,-4,-4,-4,-5,-6,-4,-7,-6,-6,-5,-6,-6,-4,-3,-3,-4
378,654,-8,-7,-12,-10,-4,-6,7,5,15,20,12,-1,-8,-10,-8,-6,-3,-1,-2,-2,1,2,1,-1,-1,-1,-3,-3,-3,-2,-3,-3,-4,-4,-5,-4,-5,-6,-6,-6,-6,-7,-6,-8,-8,-9,-7,-7,-7,-8,-8,-7,-6,-6,-5,-5,-2,-4,0,-1,0,-3,-4,-3,-3,-5,-4,-5,-5,-5,-6,-6,-5,-3,-1,1,0,0,0,-1,-1,-1,-2,-5,-5,-5,-2,-2,0,2,2,1,-2,-3,-5,-6,-4,-6,-7,-5,-5,-3,-4,-5,-6,-8,-6,-5,-2,-4,-3,-2,-2,-4,-4,-4,-7,-6,-5,-3,-5,-4,-5,-6,-8,-9,-7,-6,-6,-7,-5,-4,-3,-3,-3,-3,-4,-1,-3,-3,-2,0,0,0,-2,-3,-3,-3,-5,-2,-3,-1,-2,1,-4,-5,-5,-5,-4,-4,-2,-4,-6,-6,-4,-3,0,0,0,-1,-1,-2,-4,-3,-3,-4,-3,-3,-3,-4,-4,-4,-4,-3,-4,-4,-4,-5,-6,-5,-8,-7,-6,-6,-7,-6,-4,-3,-3,-4
379,656,-9,-9,-13,-11,-6,-6,5,4,13,20,13,0,-8,-11,-10,-8,-4,-2,-2,-2,2,2,1,-1,-1,-1,-2,-3,-3,-1,-3,-3,-3,-3,-5,-4,-4,-5,-6,-6,-6,-7,-7,-9,-7,-8,-7,-7,-8,-9,-9,-7,-6,-6,-5,-6,-3,-5,0,-1,-1,-3,-4,-3,-3,-5,-4,-5,-5,-5,-6,-7,-5,-4,-2,0,0,0,0,-1,-1,-1,-2,-5,-6,-6,-3,-3,0,2,2,1,-2,-2,-5,-6,-5,-6,-7,-5,-5,-4,-4,-5,-7,-7,-6,-5,-2,-4,-3,-3,-2,-4,-4,-4,-8,-6,-6,-5,-5,-5,-6,-6,-8,-8,-6,-5,-5,-6,-5,-4,-3,-3,-3,-2,-4,-1,-4,-3,-2,-1,-1,-1,-3,-3,-3,-2,-4,-2,-3,-2,-3,0,-5,-6,-6,-6,-4,-4,-2,-4,-6,-6,-4,-3,-1,0,0,0,0,-1,-3,-3,-3,-5,-4,-4,-4,-4,-4,-5,-4,-4,-5,-4,-4,-5,-6,-5,-8,-7,-6,-7,-7,-5,-4,-3,-3,-4
380,658,-10,-10,-12,-11,-7,-7,4,2,11,18,13,1,-7,-11,-11,-10,-5,-2,-2,-2,2,2,2,-1,0,0,-2,-2,-2,-1,-2,-3,-2,-3,-4,-4,-4,-4,-5,-5,-6,-7,-7,-9,-7,-7,-7,-7,-8,-9,-9,-7,-6,-6,-5,-6,-4,-5,-1,-1,-1,-3,-3,-3,-3,-5,-3,-4,-5,-5,-6,-7,-6,-5,-3,-1,0,1,0,-1,-1,-1,-2,-4,-5,-6,-3,-4,-1,1,2,2,-1,-2,-5,-6,-5,-5,-7,-5,-5,-4,-5,-5,-6,-7,-6,-4,-2,-4,-3,-3,-2,-4,-4,-4,-8,-6,-6,-6,-5,-5,-6,-6,-7,-8,-5,-5,-4,-5,-5,-3,-3,-3,-3,-2,-3,0,-3,-4,-3,-2,-1,-2,-3,-3,-2,-1,-3,-2,-4,-3,-3,-1,-6,-6,-6,-5,-4,-4,-3,-3,-6,-5,-3,-3,-1,0,0,0,1,-1,-3,-3,-3,-5,-4,-4,-4,-5,-5,-5,-4,-5,-5,-4,-3,-4,-6,-5,-7,-7,-6,-7,-8,-5,-4,-3,-3,-3
381,660,-10,-10,-11,-12,-8,-7,3,0,10,17,14,3,-6,-11,-13,-12,-6,-3,-2,-2,2,2,2,0,0,1,-1,-2,-1,-1,-2,-2,-2,-2,-3,-3,-3,-3,-4,-4,-5,-6,-7,-8,-6,-6,-6,-7,-8,-9,-9,-7,-5,-6,-5,-7,-4,-5,-2,-2,-2,-2,-3,-3,-3,-5,-3,-4,-4,-5,-6,-7,-6,-6,-4,-2,0,1,0,-1,-1,-1,-2,-4,-5,-6,-4,-4,-1,1,2,2,-1,-1,-5,-6,-5,-4,-6,-5,-5,-5,-5,-5,-6,-6,-6,-4,-2,-5,-3,-3,-1,-4,-3,-4,-8,-5,-6,-6,-4,-5,-6,-6,-6,-7,-4,-4,-3,-4,-4,-3,-3,-3,-2,-1,-2,0,-3,-4,-3,-3,-2,-3,-3,-3,-1,0,-1,-2,-4,-4,-4,-2,-7,-6,-5,-5,-4,-4,-2,-3,-5,-5,-2,-3,-1,0,0,1,1,0,-2,-3,-3,-5,-4,-4,-4,-5,-5,-6,-4,-5,-5,-4,-3,-4,-6,-4,-6,-6,-6,-7,-8,-5,-4,-3,-3,-3
382,662,-10,-10,-9,-11,-8,-7,2,-1,8,15,14,4,-5,-10,-13,-13,-7,-3,-2,-2,2,2,2,0,1,1,0,-1,-1,0,-2,-2,-1,-1,-2,-2,-2,-2,-3,-4,-4,-6,-6,-8,-5,-5,-5,-6,-8,-9,-8,-6,-4,-5,-4,-6,-5,-5,-2,-2,-2,-2,-3,-2,-3,-4,-2,-3,-4,-4,-6,-7,-6,-6,-4,-2,0,1,0,0,-1,-1,-1,-3,-4,-5,-4,-5,-1,1,2,3,0,0,-4,-5,-5,-3,-5,-5,-4,-5,-5,-5,-5,-5,-5,-4,-2,-5,-3,-3,0,-4,-3,-3,-7,-5,-5,-7,-4,-5,-6,-5,-5,-5,-2,-2,-1,-3,-3,-2,-2,-2,-2,-1,-1,0,-3,-4,-3,-4,-2,-3,-3,-2,0,1,0,-1,-4,-4,-4,-3,-7,-6,-5,-5,-4,-4,-2,-3,-4,-4,-2,-3,-1,0,0,1,2,0,-2,-2,-3,-5,-4,-4,-4,-5,-6,-6,-4,-5,-5,-3,-3,-3,-5,-4,-5,-6,-5,-7,-8,-4,-4,-3,-3,-3
383,664,-9,-9,-7,-11,-8,-6,1,-3,6,14,13,5,-3,-9,-14,-14,-8,-3,-2,-2,2,2,3,0,1,1,0,-1,0,0,-1,-1,0,0,-2,-1,-1,-1,-2,-2,-3,-5,-5,-7,-3,-4,-4,-6,-7,-8,-7,-5,-3,-4,-4,-6,-5,-4,-3,-2,-2,-1,-2,-2,-2,-3,-2,-2,-3,-3,-5,-6,-5,-6,-5,-3,0,1,1,0,-1,0,-1,-2,-3,-5,-4,-5,-2,0,2,3,1,1,-3,-4,-5,-2,-4,-4,-4,-5,-4,-5,-5,-4,-5,-3,-2,-4,-2,-2,0,-3,-2,-3,-7,-3,-5,-7,-3,-5,-5,-5,-3,-4,-1,-1,0,-2,-2,-1,-2,-1,-1,0,0,0,-2,-4,-3,-4,-3,-3,-3,-1,1,2,1,-1,-4,-4,-4,-4,-7,-5,-4,-4,-4,-3,-2,-2,-3,-3,-1,-2,-1,0,0,2,3,1,-1,-2,-2,-4,-4,-4,-4,-5,-5,-5,-4,-5,-4,-3,-2,-2,-4,-3,-4,-5,-4,-7,-7,-3,-3,-2,-2,-2
384,666,-7,-7,-4,-10,-8,-6,0,-4,4,12,13,7,-2,-8,-13,-14,-8,-3,-2,-1,3,2,3,1,2,2,1,-1,1,1,-1,-1,1,1,-1,-1,0,0,0,-1,-2,-3,-4,-5,-2,-2,-3,-5,-6,-7,-6,-4,-2,-3,-3,-5,-4,-3,-3,-1,-2,-1,-1,-1,-1,-2,-1,-1,-2,-2,-4,-5,-5,-6,-5,-4,0,1,1,1,0,0,-1,-1,-1,-4,-4,-5,-2,-1,1,3,1,1,-2,-3,-4,-1,-3,-4,-3,-5,-4,-4,-4,-3,-4,-3,-2,-4,-2,-2,1,-2,-1,-2,-6,-2,-4,-6,-2,-4,-4,-4,-2,-2,0,0,1,0,-1,0,-1,0,0,1,0,0,-2,-4,-3,-4,-3,-3,-2,-1,2,3,2,-1,-3,-4,-4,-4,-6,-5,-3,-3,-3,-3,-2,-2,-2,-1,0,-1,-1,0,0,2,3,1,0,-2,-1,-4,-3,-4,-3,-5,-5,-5,-3,-5,-4,-2,-1,-1,-3,-2,-3,-4,-3,-6,-6,-2,-3,-2,-2,-1
385,668,-5,-5,-2,-9,-8,-6,0,-5,2,10,12,8,0,-6,-12,-14,-8,-3,-1,-1,3,2,3,1,2,2,1,0,1,1,-1,0,1,1,0,0,1,1,1,0,-1,-2,-3,-4,0,-1,-2,-4,-5,-6,-5,-4,-1,-2,-2,-4,-4,-2,-3,-1,-2,0,0,0,-1,-1,0,0,-1,-1,-3,-4,-4,-5,-4,-4,0,1,1,2,0,0,0,0,0,-3,-3,-5,-2,-1,1,3,2,1,-1,-2,-3,1,-1,-3,-2,-5,-4,-4,-3,-3,-3,-2,-2,-4,-2,-1,2,-2,0,-1,-4,-1,-3,-5,-1,-4,-3,-3,0,-1,2,1,2,1,1,1,0,0,0,1,1,0,-1,-4,-3,-4,-3,-3,-2,0,3,4,3,0,-3,-4,-4,-4,-6,-4,-2,-2,-3,-2,-1,-2,-1,0,1,-1,-1,0,0,2,3,2,1,-1,-1,-3,-2,-3,-2,-4,-4,-4,-3,-4,-3,-1,-1,0,-2,-1,-2,-3,-2,-5,-5,-2,-2,-1,-1,-1
386,670,-2,-2,1,-8,-8,-5,-1,-5,1,9,11,9,2,-4,-11,-13,-8,-3,-1,-1,2,2,3,1,2,2,2,0,1,1,0,0,2,2,1,1,2,2,2,1,0,0,-1,-2,1,1,-1,-3,-3,-5,-4,-3,0,-1,-2,-2,-3,-1,-3,-1,-2,0,1,1,0,0,0,1,0,0,-2,-3,-3,-5,-4,-4,0,1,2,2,1,1,0,1,1,-2,-2,-4,-2,-2,0,2,2,2,0,0,-2,2,0,-2,-1,-4,-3,-3,-2,-2,-3,-1,-2,-4,-2,-1,2,-1,1,0,-3,0,-1,-4,0,-3,-2,-2,1,1,3,2,3,2,1,1,1,1,1,2,2,0,0,-3,-2,-4,-3,-2,-1,1,3,4,4,0,-2,-3,-3,-4,-5,-3,-1,-1,-2,-1,-1,-1,0,1,2,0,0,0,0,2,3,2,1,-1,0,-2,-2,-3,-1,-3,-4,-3,-2,-4,-2,-1,0,1,-1,0,-1,-2,-1,-4,-4,-1,-1,-1,-1,0
387,672,1,1,4,-6,-7,-5,-1,-5,0,7,10,10,4,-2,-10,-12,-7,-3,-1,-1,2,2,3,1,2,2,2,1,2,1,0,1,2,3,2,2,3,3,3,2,2,1,0,0,3,2,0,-2,-2,-4,-3,-2,1,0,-1,-1,-3,0,-2,-1,-1,1,1,1,1,1,1,2,1,1,-1,-2,-2,-4,-4,-4,0,1,2,3,2,2,1,2,2,-1,-2,-4,-2,-2,-1,2,2,2,1,1,-1,3,1,0,0,-3,-3,-3,-1,-1,-2,-1,-2,-3,-1,0,3,0,1,1,-1,1,0,-3,1,-2,-1,-1,3,2,3,2,3,3,2,2,2,2,2,3,3,0,0,-3,-2,-4,-2,-2,0,2,4,5,5,1,-1,-2,-2,-4,-4,-2,0,0,-2,0,-1,-1,1,2,2,1,0,0,0,2,3,2,2,0,1,-1,-1,-2,-1,-2,-3,-2,-1,-3,-1,0,0,1,0,0,0,-1,0,-3,-3,0,-1,0,0,1
388,674,3,4,7,-4,-6,-4,-2,-5,-1,6,9,11,6,0,-8,-11,-6,-3,-1,0,2,2,3,2,2,2,2,1,2,1,0,1,3,3,3,2,4,4,4,3,3,3,2,2,4,3,1,0,-1,-2,-1,-1,2,0,0,0,-2,1,-2,0,-1,2,2,2,1,2,2,3,2,2,0,0,-1,-3,-3,-4,-1,1,2,3,2,2,2,2,3,0,-1,-3,-2,-2,-1,1,2,2,2,2,0,4,2,1,1,-3,-2,-2,-1,0,-1,0,-1,-3,-1,0,3,1,2,1,0,2,1,-2,2,-1,0,0,4,3,4,3,4,3,3,3,2,3,3,3,3,0,1,-2,-1,-3,-2,-1,1,2,4,4,5,1,0,-1,-1,-3,-2,-1,1,1,-1,0,0,-1,2,3,3,1,0,0,-1,2,3,2,2,0,1,0,0,-1,0,-1,-1,-1,0,-1,0,1,1,2,1,1,1,1,1,-2,-2,1,0,0,0,1
389,676,6,6,9,-2,-5,-4,-2,-5,-2,5,8,11,7,2,-6,-9,-5,-2,0,0,2,2,2,2,3,2,2,1,2,1,0,1,3,3,3,3,4,5,5,4,4,4,4,4,5,4,2,1,1,-1,0,0,2,1,1,1,-1,2,-2,0,0,2,3,3,2,3,3,4,3,3,2,1,0,-2,-3,-4,-1,0,2,3,3,3,2,3,3,1,1,-2,-2,-2,-2,1,2,2,3,3,1,5,3,2,2,-2,-1,-1,0,0,0,0,-1,-2,-1,0,4,2,3,2,2,3,2,0,3,0,1,1,4,4,4,3,4,4,3,3,3,4,3,3,4,0,2,-1,0,-2,-1,0,1,3,4,4,5,2,1,0,0,-3,-1,0,2,2,0,1,0,0,3,4,3,2,0,0,0,2,3,2,2,1,2,0,1,-1,1,0,0,1,1,0,1,2,1,2,2,1,2,2,2,0,-1,1,0,1,1,2
390,678,9,9,12,0,-4,-4,-2,-5,-2,4,7,12,8,4,-3,-7,-4,-2,0,0,2,2,2,2,3,2,3,1,2,1,0,2,3,4,3,3,4,5,5,5,5,6,6,6,6,5,3,2,2,1,1,1,3,2,1,2,0,3,-1,0,0,2,3,3,2,3,3,5,4,3,3,2,1,-1,-2,-4,-1,0,2,3,3,3,2,3,4,2,1,-1,-1,-2,-2,0,2,2,4,4,2,5,4,3,3,-1,0,-1,1,1,0,1,0,-1,0,1,4,3,3,3,4,4,3,1,3,1,2,1,5,4,4,3,4,4,4,3,4,4,4,3,4,1,2,0,0,-1,-1,0,2,3,4,3,5,2,2,1,1,-2,0,1,3,3,0,2,1,0,4,4,3,2,1,0,0,1,2,2,3,1,2,1,1,0,2,1,1,2,2,1,2,3,2,3,2,2,3,2,3,1,0,2,1,1,1,2
391,680,11,12,13,2,-2,-3,-2,-5,-2,3,6,12,9,5,-1,-5,-3,-2,0,0,1,2,2,2,2,2,3,2,2,0,0,2,3,4,4,4,5,5,6,6,6,7,7,8,7,6,3,3,3,2,2,1,3,2,2,3,0,4,-1,1,0,2,3,3,3,4,3,5,5,4,4,3,2,0,-1,-3,-2,-1,1,3,3,3,3,4,4,3,2,0,-1,-2,-2,0,2,2,4,4,2,5,5,4,4,0,0,0,1,1,1,2,0,0,0,1,4,4,4,4,5,5,4,3,3,1,3,2,5,4,4,3,4,4,4,4,4,5,4,3,4,1,3,1,1,0,0,1,3,3,3,3,5,3,3,2,1,-1,2,2,4,4,1,3,1,0,4,5,3,3,1,0,0,1,2,2,3,1,2,2,2,1,2,2,2,4,3,3,3,3,2,3,3,2,4,3,3,2,2,2,2,2,2,2
392,682,13,14,15,4,-1,-2,-2,-5,-2,2,5,12,10,6,1,-3,-3,-2,0,-1,1,1,1,2,2,2,3,2,2,0,0,2,3,4,4,4,5,5,6,6,7,8,8,9,8,6,4,4,4,3,3,2,4,3,2,4,1,4,0,1,1,2,3,4,3,4,4,6,5,5,4,4,3,1,-1,-3,-2,-1,1,3,3,3,3,4,4,4,3,1,0,-1,-2,-1,1,2,4,4,3,5,5,4,4,1,1,1,2,1,2,2,1,1,0,1,3,4,4,4,6,5,5,4,4,2,3,2,5,4,4,3,3,4,4,4,4,5,4,3,3,1,3,2,2,1,1,2,3,3,3,2,4,3,3,3,2,0,3,3,5,4,2,3,2,1,4,5,3,3,1,1,0,1,1,2,3,2,3,2,2,1,3,3,3,5,4,4,4,4,2,3,3,2,4,4,4,3,3,3,2,2,2,3
393,684,15,16,16,6,1,-2,-1,-4,-2,1,4,11,10,7,2,-1,-2,-2,-1,-1,0,1,1,2,2,2,3,2,2,0,1,2,3,4,4,4,5,5,6,6,8,9,9,10,8,7,5,4,5,4,4,3,4,3,2,4,1,4,0,1,1,2,3,3,3,5,4,6,5,5,5,5,3,2,0,-2,-2,-2,0,2,3,3,3,4,4,4,3,2,0,-1,-2,-1,1,2,4,4,4,4,5,5,4,2,2,1,2,2,2,3,2,2,1,1,3,4,4,5,7,6,5,5,4,3,3,2,5,4,3,3,3,4,4,4,4,5,4,3,3,1,3,2,2,2,1,3,3,3,2,1,4,3,4,4,3,1,4,4,5,5,3,4,2,1,4,5,3,3,2,1,0,1,1,1,3,2,3,3,3,2,3,3,4,6,5,5,5,4,3,3,3,2,4,4,4,4,3,3,2,2,2,3
394,686,16,17,16,8,3,-1,-1,-3,-2,1,3,11,10,8,4,0,-1,-2,-1,-1,0,1,1,2,2,2,2,2,2,0,1,2,3,4,4,4,4,5,6,7,8,9,9,10,8,7,5,5,5,5,4,3,4,3,2,4,1,4,0,1,1,2,3,3,3,5,4,5,5,5,6,5,4,3,0,-2,-2,-2,0,1,3,3,3,4,4,4,3,2,1,0,-2,-1,1,1,3,4,4,4,4,5,4,3,3,2,2,2,3,3,2,3,1,1,2,4,4,5,8,6,5,6,4,3,4,2,4,3,3,3,2,3,3,4,4,5,4,3,3,1,3,3,3,3,2,3,3,3,2,1,3,4,4,4,4,1,5,4,5,5,3,4,2,1,4,4,3,3,2,1,1,1,0,1,3,2,3,3,3,2,4,4,5,6,5,6,5,5,3,3,3,2,4,4,4,4,4,3,3,2,2,3
395,688,17,18,16,9,4,0,0,-3,-2,1,2,10,9,8,5,1,-1,-2,-1,-2,0,1,1,2,2,1,2,2,1,0,1,1,3,4,4,4,4,5,6,7,8,9,10,10,8,7,5,5,6,5,5,3,4,3,2,4,1,4,0,1,1,2,2,3,3,4,4,5,5,5,6,6,4,4,0,-1,-2,-2,-1,1,3,3,3,3,3,4,3,3,1,0,-2,-2,0,1,3,3,4,3,4,5,4,4,3,3,3,3,3,4,3,3,1,1,1,4,4,5,8,6,5,6,4,3,4,2,3,3,2,2,2,3,3,4,4,4,4,2,2,1,3,3,3,3,3,3,3,2,1,0,3,4,4,5,4,2,5,5,6,5,4,4,2,1,4,4,3,3,2,2,1,1,0,1,2,2,3,3,3,3,4,5,5,7,6,7,6,5,3,3,3,2,4,4,3,5,4,3,3,2,2,3
396,690,18,19,16,10,6,1,1,-2,-1,1,2,9,8,8,5,2,0,-2,-2,-2,-1,0,0,2,1,1,2,2,1,0,1,1,2,3,3,3,3,4,6,6,8,9,9,10,8,7,5,6,6,5,5,3,4,3,2,3,1,4,0,0,0,1,2,2,2,4,3,4,5,5,6,6,5,4,1,-1,-2,-2,-1,0,2,3,3,3,3,4,3,3,2,1,-1,-2,0,0,2,3,4,2,3,4,3,4,4,3,3,3,4,4,3,4,2,1,1,4,4,5,8,5,5,6,3,3,4,2,3,2,2,2,1,3,3,3,4,4,3,2,2,1,3,4,3,4,3,3,3,2,1,0,2,4,4,5,4,2,6,5,5,5,4,4,3,2,3,4,2,3,2,2,2,1,0,1,2,2,2,3,3,3,4,5,5,7,6,7,6,5,4,2,3,2,4,4,3,5,5,3,3,2,2,2
397,692,18,19,15,10,7,2,1,-1,-1,0,2,9,8,8,6,2,0,-2,-2,-3,-1,0,0,1,1,1,2,1,1,0,1,1,2,3,3,3,3,4,5,6,7,8,8,9,7,6,5,6,6,5,5,3,3,2,2,3,1,3,0,0,0,1,1,1,2,3,3,4,4,4,6,6,5,5,1,0,-2,-3,-2,-1,1,2,2,3,2,3,2,4,2,1,-1,-2,0,0,1,2,3,1,2,4,3,4,4,4,4,4,4,4,3,4,2,1,0,3,4,5,8,5,5,6,3,3,3,1,2,2,1,1,1,2,2,3,3,3,3,2,1,1,2,4,3,4,3,3,2,1,0,0,2,4,4,5,4,3,6,6,5,5,4,4,3,2,3,3,2,3,2,2,2,1,0,1,2,2,2,3,3,3,3,5,5,7,6,8,6,5,4,2,3,2,3,4,3,4,4,3,3,2,2,2
398,694,18,18,14,10,7,3,2,0,0,1,2,8,7,7,6,2,0,-3,-3,-3,-2,-1,-1,1,0,1,1,1,1,1,1,1,1,3,3,3,2,3,5,5,7,7,7,8,6,6,5,6,5,5,5,3,3,2,2,2,1,2,0,0,0,0,0,0,1,2,2,3,3,4,5,6,5,5,1,1,-2,-2,-2,-2,1,2,2,2,2,3,2,4,2,2,-1,-2,-1,-1,1,1,3,-1,1,3,2,4,4,4,4,4,4,4,3,5,2,1,-1,2,3,4,7,4,4,6,3,3,3,1,1,1,1,1,0,2,2,2,3,2,2,1,1,1,2,4,3,4,3,3,2,0,0,0,2,4,4,4,4,3,6,6,5,5,4,4,3,2,2,2,1,3,2,2,2,1,0,1,2,2,2,3,2,3,3,5,5,6,5,7,5,5,4,2,3,2,3,3,2,4,4,2,3,2,1,2
399,696,17,18,12,10,8,3,2,1,0,1,2,7,6,6,6,2,-1,-3,-4,-4,-3,-1,-1,0,0,0,1,1,1,1,2,1,1,2,2,2,2,2,4,5,6,6,6,7,5,5,5,6,5,5,4,3,2,2,2,1,1,2,0,-1,-1,0,0,0,0,1,2,2,3,3,5,5,5,5,1,1,-2,-2,-3,-2,0,1,1,2,1,2,1,3,2,2,0,-2,-1,-1,0,0,2,-2,0,2,1,4,4,5,4,4,4,4,3,5,2,1,-1,2,2,4,6,4,4,5,2,3,3,1,1,0,0,1,0,2,2,2,2,2,1,1,0,1,2,3,3,4,3,3,2,0,0,-1,1,4,3,4,3,3,6,6,4,4,4,4,3,2,2,2,1,3,2,2,3,1,0,1,1,2,1,3,2,3,3,5,5,6,5,7,5,5,4,2,3,2,3,3,2,3,4,2,2,2,1,1
400,698,16,17,11,9,8,4,3,2,1,1,2,7,5,6,5,2,-1,-4,-4,-4,-3,-2,-2,0,-1,0,0,1,1,1,2,1,0,2,2,2,1,2,3,4,5,4,5,6,4,5,5,5,5,5,4,3,2,1,1,1,0,1,0,-1,-1,-1,-1,-1,-1,0,1,1,2,2,4,4,4,5,1,2,-1,-2,-3,-3,-1,0,1,1,1,1,0,3,2,2,0,-2,-1,-1,-1,-1,1,-2,-1,1,1,3,4,5,4,5,4,3,3,5,2,1,-2,1,2,3,5,3,3,4,2,3,2,1,0,0,0,0,-1,1,1,1,1,1,0,0,-1,1,1,3,2,4,3,3,1,-1,0,-1,1,3,3,3,3,3,5,5,3,4,4,3,2,3,1,1,0,2,2,2,3,2,0,1,1,2,1,3,2,3,2,4,4,5,4,6,4,4,4,2,3,2,2,2,1,3,3,1,2,1,1,0
401,700,15,15,9,8,8,4,3,2,2,1,2,6,4,5,5,1,-2,-4,-5,-5,-4,-3,-2,-1,-1,-1,0,1,1,1,2,0,0,1,1,1,1,1,2,3,3,3,3,4,3,4,4,5,4,4,3,2,1,1,1,0,0,0,0,-1,-2,-1,-2,-2,-1,-1,0,-1,1,1,3,3,4,4,2,2,-1,-2,-3,-3,-2,0,0,1,0,1,0,3,2,1,0,-2,-1,-1,-1,-2,1,-3,-2,1,0,3,4,5,4,5,4,3,3,4,2,1,-2,1,1,2,4,2,2,3,1,2,2,1,0,0,0,0,-1,1,1,0,0,0,0,0,-1,1,1,3,2,3,3,2,1,-1,0,0,1,2,2,3,2,2,5,5,3,3,3,3,2,3,1,1,0,2,1,2,3,2,0,1,1,2,1,3,2,3,2,4,4,4,3,6,4,4,4,2,3,2,2,2,1,2,3,1,1,1,0,0
402,702,13,13,8,6,7,4,3,3,2,2,2,6,4,4,4,1,-2,-4,-5,-5,-4,-3,-3,-1,-2,-1,-1,1,1,1,2,0,0,1,0,1,0,1,2,2,2,1,1,2,1,3,4,4,3,4,3,2,1,1,0,-1,0,-1,-1,-2,-2,-1,-2,-3,-2,-1,0,-2,0,0,2,2,3,4,2,2,0,-1,-3,-4,-3,-1,0,0,0,0,-1,2,1,1,0,-1,-1,-1,-2,-2,0,-4,-2,0,-1,2,3,5,4,5,4,3,2,4,2,1,-2,0,0,1,3,1,1,2,1,2,2,1,-1,0,0,0,-1,0,0,0,-1,-1,-1,-1,-2,1,0,2,1,2,2,2,0,-1,0,0,0,2,1,2,1,2,4,4,2,2,3,2,2,3,1,0,0,1,1,2,3,2,1,1,1,2,1,3,1,3,2,3,3,2,2,4,3,3,3,2,2,2,2,1,0,1,2,0,1,0,0,-1
403,704,11,12,6,5,6,3,3,3,2,2,3,6,3,4,4,0,-2,-4,-5,-5,-5,-4,-3,-2,-2,-1,-1,0,1,1,2,0,-1,0,0,0,0,0,1,1,1,0,-1,1,0,2,4,4,3,3,2,2,1,0,0,-1,-1,-2,-1,-2,-2,-1,-3,-4,-3,-2,-1,-3,-1,-1,1,1,2,3,2,3,0,-1,-3,-4,-3,-2,-1,0,-1,-1,-1,2,1,1,0,-1,-1,-1,-2,-3,-1,-4,-3,-1,-1,2,3,4,4,5,4,2,2,3,2,1,-2,0,0,0,1,0,1,2,1,2,1,1,-1,0,-1,0,-1,0,0,-1,-1,-1,-1,-1,-2,1,0,2,1,2,2,1,0,-1,0,0,0,1,1,1,1,2,3,3,1,2,2,1,1,3,1,0,-1,1,1,2,3,2,1,1,1,1,1,2,1,2,1,2,2,1,1,3,2,2,3,2,2,2,2,1,0,1,1,0,0,0,-1,-1
404,706,10,10,4,3,5,3,3,3,3,2,3,5,3,3,3,0,-3,-4,-5,-6,-5,-4,-3,-3,-3,-2,-2,0,1,1,2,0,-1,0,-1,0,0,0,0,0,-1,-2,-2,-1,-1,1,3,3,2,3,2,1,0,0,0,-2,-1,-3,-1,-2,-2,-1,-3,-4,-3,-3,-2,-3,-2,-1,0,0,1,2,2,3,1,0,-3,-4,-4,-3,-2,-1,-1,-1,-1,1,0,0,0,-1,-1,-1,-3,-3,-1,-4,-3,-1,-2,1,2,4,4,5,3,2,1,2,2,1,-2,0,-1,-1,0,-1,0,1,1,2,1,1,-1,0,-1,0,-1,0,-1,-1,-2,-2,-2,-2,-2,0,0,1,0,1,1,1,0,-1,0,0,-1,0,0,0,0,1,2,3,0,1,2,1,1,3,0,-1,-1,0,1,2,3,3,1,1,1,1,1,2,1,2,1,2,1,0,1,2,1,2,2,2,2,2,1,1,0,0,1,-1,0,-1,-1,-1
405,708,8,7,2,2,4,2,2,3,3,2,3,5,3,3,3,0,-2,-4,-5,-6,-5,-5,-4,-3,-3,-2,-2,0,1,1,2,0,-1,-1,-1,-1,-1,0,-1,-1,-2,-3,-4,-2,-3,1,2,3,2,2,2,1,0,0,0,-2,-1,-3,-1,-2,-2,-1,-3,-4,-4,-3,-2,-4,-3,-2,-1,-1,0,1,2,3,1,0,-2,-4,-4,-3,-2,-1,-1,-1,-1,1,0,0,0,-1,0,-1,-3,-3,-1,-3,-3,-2,-2,0,2,3,3,5,3,1,1,2,2,1,-2,0,-1,-1,-1,-1,0,0,1,1,1,1,0,0,-1,-1,-1,0,-1,-2,-2,-3,-2,-2,-2,0,-1,1,0,0,1,0,0,-1,0,0,-1,-1,-1,0,0,1,1,2,-1,0,1,0,1,2,0,-1,-1,0,1,2,3,3,2,2,1,1,1,2,1,2,0,1,1,-1,0,1,1,1,2,2,2,2,1,0,0,0,0,-1,-1,-1,-1,-2
406,710,6,5,1,0,3,1,1,2,3,2,4,5,3,3,3,0,-2,-4,-5,-6,-5,-5,-4,-4,-3,-2,-2,0,0,1,2,0,-1,-1,-1,-1,-1,-1,-1,-2,-3,-4,-5,-4,-4,0,2,2,1,2,1,1,-1,0,-1,-3,-1,-3,-1,-2,-2,-1,-3,-4,-4,-3,-3,-5,-3,-3,-2,-2,0,1,2,3,2,1,-2,-4,-4,-4,-3,-1,-2,-2,-2,0,-1,-1,0,0,0,-1,-2,-3,-1,-3,-3,-2,-2,0,1,3,3,4,2,1,0,1,2,1,-1,0,-1,-2,-2,-2,-1,0,1,1,1,2,0,0,0,-1,-1,0,-1,-2,-3,-3,-3,-2,-2,0,-1,0,-1,0,0,0,0,-1,0,0,-1,-2,-1,-1,-1,0,0,1,-1,0,0,0,1,2,0,-1,-1,0,0,1,2,3,2,2,1,1,1,2,1,2,0,0,0,-2,-1,0,0,0,2,2,2,1,1,0,0,-1,0,-2,-1,-2,-2,-2
407,712,4,3,-1,-1,2,0,1,2,2,2,4,5,3,3,4,1,-2,-3,-5,-5,-5,-5,-4,-4,-3,-3,-2,0,0,1,2,0,-1,-1,-1,-1,-1,-1,-2,-3,-4,-4,-6,-4,-5,-1,1,1,1,2,1,1,-1,0,-1,-3,-1,-4,-1,-1,-1,-1,-2,-4,-4,-3,-3,-5,-4,-3,-3,-2,-1,0,2,3,2,1,-2,-3,-4,-4,-3,-2,-2,-2,-2,0,-1,-1,0,0,0,-1,-2,-3,-1,-2,-2,-2,-2,0,1,2,2,4,2,0,0,1,1,1,-1,0,-2,-2,-3,-2,-1,-1,1,1,2,2,0,0,0,0,-1,0,-1,-2,-3,-3,-3,-3,-2,0,-1,0,-1,-1,0,0,0,0,0,0,-2,-2,-2,-1,-1,0,-1,0,-2,-1,0,-1,0,2,0,-1,-1,0,0,1,2,3,2,2,1,2,1,2,1,2,-1,0,-1,-3,-2,-1,-1,0,1,2,2,1,1,0,0,-1,-1,-2,-1,-2,-2,-2
408,714,2,1,-2,-3,1,-1,0,1,2,2,4,5,3,3,4,2,-1,-2,-4,-5,-5,-5,-4,-4,-3,-3,-2,0,0,1,1,0,-1,-1,-1,-2,-1,-1,-2,-3,-5,-5,-6,-5,-5,-2,1,1,1,2,1,1,-1,0,-1,-2,-1,-3,-1,-1,-1,0,-2,-3,-3,-3,-3,-5,-4,-3,-3,-3,-2,-1,2,2,2,1,-1,-3,-4,-4,-3,-2,-2,-2,-2,0,-1,-1,1,0,0,0,-1,-2,-1,-1,-1,-2,-2,-1,1,1,2,3,2,0,0,1,1,1,0,0,-1,-2,-3,-2,-1,-1,1,1,2,2,1,1,0,0,0,0,-1,-2,-3,-3,-3,-3,-2,0,-1,0,-1,-1,0,0,0,0,0,0,-2,-3,-2,-2,-1,0,-1,0,-2,-1,0,-1,0,2,0,-1,-1,-1,0,1,1,2,2,2,2,2,2,2,1,1,-1,-1,-1,-3,-2,-2,-1,-1,1,2,2,1,1,0,0,-1,-1,-2,-2,-2,-2,-2
409,716,0,0,-3,-3,0,-1,-1,0,1,2,4,5,4,4,5,3,0,-1,-3,-5,-4,-5,-4,-4,-3,-3,-2,0,0,1,1,0,-1,-1,-1,-2,-1,-1,-2,-4,-5,-5,-6,-5,-6,-2,0,0,0,2,1,1,-1,0,-1,-2,-1,-3,-1,-1,0,0,-1,-2,-3,-3,-3,-5,-4,-4,-3,-3,-3,-2,2,2,2,2,-1,-2,-4,-4,-3,-2,-2,-2,-1,0,-1,-1,1,1,1,1,0,-1,-1,0,-1,-2,-1,-1,0,1,1,2,1,0,0,1,2,1,1,1,-1,-2,-3,-2,-1,-1,2,2,2,2,1,1,0,0,0,0,-1,-2,-3,-3,-3,-3,-2,0,-1,0,-1,-1,-1,0,0,0,0,0,-3,-3,-2,-2,-1,-1,-2,-1,-2,-1,0,-1,0,2,1,-1,-1,-1,0,0,1,2,3,3,2,2,2,2,1,1,-1,-1,-2,-4,-2,-3,-2,-1,0,1,2,1,1,0,0,0,-1,-1,-1,-2,-1,-2
410,718,-1,-2,-3,-4,-1,-2,-2,-1,1,1,4,5,4,4,5,4,1,0,-3,-4,-4,-5,-4,-4,-3,-2,-2,0,0,0,1,0,0,0,-1,-2,-1,-1,-2,-4,-5,-5,-6,-5,-6,-2,0,0,0,2,1,1,-1,0,0,-1,0,-2,0,0,0,1,0,-1,-2,-2,-3,-4,-4,-3,-3,-4,-3,-3,2,2,2,2,0,-1,-3,-4,-3,-2,-2,-1,-1,0,-1,-1,1,1,1,2,1,0,0,1,0,-1,-1,-1,0,0,1,2,1,0,0,1,2,2,2,1,-1,-2,-3,-2,-1,-1,2,2,2,3,2,2,1,0,0,0,-1,-1,-2,-2,-3,-2,-1,0,-1,0,-1,-1,-1,0,0,0,0,0,-3,-3,-2,-1,-1,-1,-2,-1,-2,-2,0,-1,0,1,1,0,-1,-1,0,0,0,2,3,3,3,2,2,2,1,1,-1,-1,-2,-4,-2,-3,-2,-1,0,1,1,1,1,0,1,0,-1,-1,-1,-2,-1,-1
411,720,-3,-3,-4,-4,-2,-2,-2,-1,0,0,3,5,4,4,6,5,3,1,-2,-3,-3,-4,-3,-4,-3,-2,-2,0,0,0,0,0,0,0,-1,-1,-1,-1,-2,-4,-5,-4,-5,-5,-6,-3,-1,-1,0,2,1,1,0,0,0,-1,0,-2,0,1,1,1,1,0,-1,-1,-3,-4,-3,-3,-3,-3,-3,-3,1,1,2,2,0,-1,-2,-3,-2,-2,-2,-1,-1,0,-1,-1,1,1,1,2,2,1,1,2,1,-1,0,-1,0,-1,0,1,1,0,0,1,2,2,2,1,0,-1,-3,-2,-1,0,3,2,2,3,2,2,1,1,1,1,0,-1,-2,-2,-2,-2,-1,0,-1,0,0,-1,-1,0,0,0,0,0,-3,-3,-2,-1,-1,-1,-2,-2,-2,-2,0,-1,0,1,1,0,-1,-1,0,0,0,1,3,3,3,2,3,2,1,1,-1,-1,-2,-4,-2,-3,-2,-1,0,1,1,1,1,1,1,0,0,-1,-1,-1,-1,-1
412,722,-4,-4,-4,-4,-2,-3,-3,-2,-1,-1,3,4,4,5,7,6,4,2,-1,-2,-2,-4,-3,-3,-2,-2,-1,0,0,0,0,0,0,0,0,-1,-1,-1,-2,-3,-5,-4,-5,-4,-5,-3,-1,-1,0,2,1,1,0,1,0,0,1,-1,1,1,2,2,1,1,0,0,-2,-3,-3,-2,-3,-3,-3,-4,1,1,1,2,1,0,-2,-3,-2,-2,-2,-1,-1,0,-1,0,2,2,2,3,3,2,1,3,2,0,0,0,0,-1,0,0,0,0,0,1,2,2,3,2,0,-1,-2,-2,0,0,3,2,3,3,3,3,2,1,2,1,0,0,-1,-1,-2,-2,0,0,-1,0,0,-1,-1,0,0,1,0,0,-3,-2,-2,-1,-1,-1,-2,-2,-1,-1,0,0,0,1,1,1,0,0,0,0,-1,1,2,3,3,3,3,2,1,1,-1,-1,-2,-3,-2,-3,-2,-1,-1,0,1,1,1,1,1,1,0,0,0,-1,0,-1
413,724,-4,-5,-4,-4,-2,-3,-3,-3,-2,-2,2,4,5,5,7,7,5,2,0,-2,-1,-3,-2,-3,-2,-2,-1,0,-1,0,0,1,1,0,0,-1,-1,-1,-2,-3,-4,-3,-3,-4,-5,-3,-2,-1,0,2,1,1,0,1,1,1,2,0,2,2,2,2,2,2,1,0,-1,-2,-2,-2,-2,-3,-3,-4,0,0,1,2,1,0,-1,-2,-2,-2,-2,-1,-1,0,0,0,2,2,2,3,3,3,2,4,3,1,1,0,-1,-1,-1,0,0,0,0,2,2,3,3,2,1,0,-2,-1,0,1,3,2,3,3,3,3,2,2,2,2,1,0,0,-1,-1,-1,0,0,-1,0,0,0,0,0,1,1,0,0,-2,-2,-2,-1,-1,-1,-2,-2,-1,-1,0,0,0,1,1,1,0,0,0,0,-1,1,2,2,3,3,3,2,2,1,-1,-1,-2,-3,-2,-3,-2,-1,-1,0,1,0,1,1,2,1,0,1,0,0,0,0
414,726,-5,-5,-4,-3,-2,-2,-4,-4,-3,-3,1,4,5,5,8,9,6,3,1,-1,-1,-2,-1,-2,-1,-1,-1,1,-1,0,0,1,1,1,1,0,-1,-1,-2,-2,-3,-2,-2,-3,-4,-3,-2,-1,0,2,1,2,1,1,1,2,2,1,2,2,3,2,3,3,2,1,-1,-1,-1,-1,-1,-2,-3,-4,0,-1,0,1,1,1,0,-2,-1,-2,-1,-1,0,1,0,0,2,2,2,3,4,4,3,5,4,1,2,0,-1,-2,-1,-1,0,0,0,2,2,3,3,2,1,1,-1,-1,1,1,3,2,3,3,4,4,3,2,3,2,1,1,1,0,0,-1,1,1,0,0,0,0,0,0,1,1,0,0,-2,-1,-1,0,-1,-1,-2,-2,0,-1,0,0,1,1,2,2,0,0,0,-1,-1,0,2,2,3,3,3,2,2,1,0,-1,-1,-2,-2,-3,-2,-1,-1,0,0,0,1,1,2,2,1,1,1,0,0,0
415,728,-5,-6,-4,-2,-2,-2,-4,-5,-4,-4,1,3,5,6,8,9,7,4,2,0,0,-2,-1,-2,-1,-1,0,1,-1,0,0,1,2,1,2,0,0,-1,-1,-2,-2,-1,-1,-2,-3,-2,-2,-1,0,2,2,2,1,2,2,3,3,2,3,3,4,2,3,4,3,2,0,0,0,0,0,-1,-3,-4,0,-1,-1,1,1,1,1,-1,-1,-2,-1,-1,0,1,1,1,2,2,2,3,4,4,3,5,4,2,2,1,-1,-2,-2,-2,0,0,1,3,2,3,4,2,1,1,0,0,1,2,3,2,3,3,4,4,3,3,3,3,2,2,2,1,0,0,1,1,0,0,1,1,0,0,1,1,0,0,-1,-1,-1,0,0,-1,-2,-1,0,-1,1,1,1,1,2,2,1,0,0,-1,-1,0,2,2,3,3,3,2,2,1,0,-1,-1,-2,-1,-2,-2,-1,-1,-1,0,0,0,1,2,2,1,2,1,1,1,0
416,730,-6,-6,-4,-1,-2,-2,-4,-5,-5,-5,0,3,5,6,8,10,7,5,3,1,1,-1,0,-1,0,0,0,1,0,0,0,1,2,1,2,0,0,0,-1,-1,-1,0,0,-1,-2,-2,-2,-1,-1,1,1,2,2,2,2,4,4,3,4,3,4,2,4,4,3,3,1,1,0,1,0,-1,-2,-4,0,-2,-1,0,1,1,1,-1,0,-2,-1,-1,0,1,1,1,3,3,2,3,4,5,4,5,4,2,2,1,-1,-2,-2,-2,0,1,1,3,2,3,3,2,2,2,1,1,1,2,3,2,3,3,4,4,4,3,3,3,2,2,2,2,1,1,1,1,0,1,1,1,0,0,1,1,0,0,-1,0,0,1,0,-1,-2,-1,0,0,1,1,1,1,2,2,1,1,0,-1,-2,-1,1,1,3,3,3,2,2,1,0,0,-1,-1,-1,-2,-1,-1,-1,-1,0,0,0,1,2,2,2,2,2,1,1,1
417,732,-6,-6,-3,0,-1,-1,-4,-5,-6,-6,-1,2,5,6,8,10,7,5,3,2,1,0,0,0,0,0,1,1,0,0,-1,1,2,2,2,1,0,0,0,0,0,1,1,0,-1,-2,-2,-1,-1,1,1,2,2,2,3,4,4,4,4,4,4,2,4,5,4,3,1,2,1,2,1,0,-2,-4,-1,-2,-2,0,1,2,2,0,0,-2,-1,-1,1,1,2,1,3,3,2,2,5,5,4,5,4,2,2,1,-1,-2,-2,-2,0,1,1,3,2,2,3,2,2,2,2,1,2,2,3,2,3,3,4,4,4,3,3,4,3,2,3,3,2,1,2,0,0,1,1,1,0,1,1,1,0,1,0,1,0,1,0,-1,-1,-1,0,0,1,1,1,1,2,3,1,1,1,-1,-2,-1,1,1,2,2,3,2,2,1,0,0,0,0,0,-1,-1,-1,-1,-1,-1,0,0,1,2,2,2,3,2,2,2,1
418,734,-6,-6,-3,1,-1,-1,-3,-6,-6,-7,-2,2,5,6,8,11,8,5,4,2,2,0,0,0,1,0,1,1,0,0,-1,1,2,2,3,1,1,0,0,0,1,2,2,1,0,-1,-2,-1,-1,0,1,2,2,3,3,5,5,5,5,4,4,2,4,5,4,3,2,2,2,2,2,0,-1,-3,-1,-3,-2,-1,1,2,2,0,0,-2,-1,-1,1,1,2,2,3,3,2,2,4,5,4,5,4,2,2,1,-1,-2,-2,-3,0,1,1,3,2,2,3,2,2,2,2,1,2,3,2,2,2,3,4,4,4,3,3,4,3,3,3,3,2,2,2,0,0,1,1,1,0,1,1,1,0,1,0,1,0,1,0,-1,-1,-1,1,0,1,1,1,1,2,3,1,1,1,0,-1,-1,0,0,2,2,2,1,2,1,1,0,0,0,0,-1,-1,-1,-1,-1,-1,0,0,1,2,3,2,3,3,2,2,2
419,736,-6,-5,-2,1,0,0,-3,-6,-7,-8,-3,1,4,5,8,10,7,5,4,3,2,0,0,0,1,1,1,0,0,0,-1,1,2,2,3,1,1,0,0,1,2,2,3,2,1,-1,-2,-1,-1,-1,1,1,2,3,3,5,5,5,5,4,4,2,4,5,4,3,2,3,2,3,2,1,-1,-3,-1,-3,-3,-1,1,2,2,1,0,-2,-1,-1,1,1,2,2,3,3,2,2,4,5,4,5,4,2,2,1,-1,-2,-2,-3,0,1,1,3,1,1,2,2,2,2,3,2,2,2,1,1,2,2,3,4,4,3,3,4,3,3,4,4,3,3,2,0,0,1,1,2,0,1,1,1,0,1,1,1,1,1,0,-1,-1,0,1,0,1,1,1,1,2,3,1,1,1,0,-1,-1,0,0,1,1,2,1,2,1,1,0,0,1,0,-1,-1,-1,-1,-2,-1,-1,0,0,2,3,2,3,3,2,2,2
420,738,-5,-5,-2,2,0,0,-3,-6,-7,-8,-4,1,4,5,8,10,7,5,4,3,2,1,1,0,1,1,1,0,0,0,-1,1,2,1,3,2,1,1,0,2,3,3,4,2,2,0,-1,-1,-2,-1,0,1,2,3,3,5,5,5,5,4,4,1,3,4,4,3,3,3,2,3,2,1,0,-2,-1,-3,-3,-2,1,1,2,1,1,-2,-1,-1,1,0,2,2,2,3,1,2,4,4,3,4,3,2,1,1,-1,-2,-2,-3,-1,1,1,2,0,1,1,1,2,2,3,2,2,2,1,1,1,2,3,3,3,3,3,4,3,3,4,4,3,3,2,0,0,1,1,2,1,1,1,1,0,1,1,2,1,1,0,0,-1,0,1,1,1,1,1,1,2,2,2,1,1,0,-1,-2,-1,-1,0,1,1,0,2,1,1,0,0,1,0,0,-1,-1,-2,-2,-2,-1,-1,0,1,2,2,3,3,2,2,2
421,740,-5,-5,-1,3,1,1,-3,-6,-7,-9,-4,0,4,5,7,10,7,5,4,4,2,1,1,1,1,1,1,0,0,0,-1,1,2,1,2,2,1,1,1,2,4,3,4,3,3,0,-1,-1,-2,-2,0,1,2,2,3,5,5,5,5,4,4,1,3,4,4,3,3,3,2,3,2,1,0,-2,-1,-3,-3,-2,1,1,2,1,1,-2,-1,-1,1,0,1,1,2,3,1,1,3,3,2,3,2,1,1,1,-1,-2,-2,-3,-1,1,1,2,0,0,1,1,2,2,3,2,1,2,0,0,1,1,2,3,3,3,3,4,3,3,4,4,3,3,2,0,0,1,1,2,1,1,1,1,0,1,1,2,1,1,0,0,-1,0,1,1,0,1,1,0,2,2,1,1,1,0,-1,-2,-1,-2,0,0,0,0,1,1,1,0,0,1,1,0,-1,-1,-2,-2,-2,-1,-1,0,1,2,2,3,3,2,2,2
422,742,-5,-5,-1,3,1,1,-3,-5,-7,-9,-5,0,3,4,7,9,6,5,4,4,2,1,1,1,1,1,1,0,0,0,-1,1,2,1,2,2,1,1,1,2,4,3,4,3,4,0,-1,-1,-2,-3,-1,0,2,2,3,4,4,5,4,3,3,1,2,3,4,2,3,3,2,3,2,1,0,-1,-1,-3,-3,-2,1,1,2,1,1,-2,-1,-1,1,-1,1,1,2,2,1,1,2,2,2,2,1,1,0,0,-1,-2,-2,-3,-1,1,1,1,-1,-1,0,0,1,2,3,1,1,1,-1,0,1,1,2,2,2,2,2,4,3,3,3,4,3,3,2,0,1,1,1,1,1,1,1,1,0,1,2,2,1,1,0,0,0,0,1,1,0,1,1,0,1,2,1,1,1,0,0,-2,-1,-2,-1,0,0,0,1,0,1,0,0,2,1,0,-1,-1,-2,-2,-2,-1,-1,0,1,2,2,2,2,2,2,2
423,744,-5,-5,-1,4,1,1,-2,-5,-7,-9,-5,-1,3,4,6,8,6,4,4,4,2,1,0,0,1,1,1,-1,0,0,-1,0,1,1,2,2,1,1,1,3,4,3,4,3,4,1,0,-1,-2,-3,-1,0,2,2,3,4,3,4,4,3,3,0,1,3,3,2,3,2,2,3,2,1,1,-1,-1,-3,-3,-3,0,1,2,2,1,-1,0,-1,0,-1,1,1,1,2,1,0,1,2,1,1,0,0,0,0,-1,-1,-2,-3,-1,0,1,0,-1,-1,-1,0,1,1,2,1,0,1,-2,-1,0,0,1,2,2,2,2,3,3,2,3,4,3,3,2,0,1,1,1,1,0,0,1,1,0,1,2,2,1,0,0,0,0,0,0,1,0,1,0,0,1,1,1,1,1,0,0,-1,-2,-2,-2,-1,-1,-1,1,0,1,0,0,2,1,0,-1,-1,-2,-2,-2,-1,-1,-1,0,1,2,2,2,2,1,2
424,746,-5,-5,0,4,1,2,-2,-5,-7,-9,-6,-2,2,3,6,7,5,4,3,4,2,1,0,0,0,1,0,-1,0,0,0,0,1,0,1,2,1,1,1,3,4,3,4,3,4,1,0,0,-2,-4,-2,-1,1,1,2,3,3,4,3,3,2,0,0,2,3,1,2,2,2,3,1,1,1,0,-1,-2,-2,-3,0,0,1,2,0,-1,0,-1,0,-2,0,1,1,2,1,0,0,1,0,0,0,-1,-1,0,-1,-1,-1,-3,-1,0,0,-1,-2,-2,-2,-1,0,1,2,1,0,0,-3,-1,0,0,1,1,1,1,1,3,3,2,3,3,3,3,2,0,1,1,1,1,0,0,1,1,0,1,2,1,1,0,0,0,0,0,0,1,0,0,0,0,1,1,1,1,1,0,0,-1,-2,-2,-2,-2,-2,-1,0,0,1,0,0,2,1,0,-1,-1,-2,-2,-2,-1,-1,-1,0,1,2,2,1,2,1,2
425,748,-5,-5,0,5,1,2,-2,-4,-7,-9,-6,-2,1,3,5,7,4,3,3,4,2,1,0,0,0,0,0,-1,0,0,0,0,0,0,1,2,1,1,1,3,4,2,4,3,4,1,1,0,-2,-4,-2,-1,0,1,2,2,2,3,2,2,2,0,0,1,2,1,2,2,1,2,1,0,1,0,-1,-2,-2,-2,0,0,1,2,0,-1,0,-1,0,-2,0,0,0,1,0,-1,-1,0,-1,-1,-1,-1,-1,-1,-1,-1,-1,-3,-1,0,0,-2,-2,-3,-2,-1,0,0,1,0,-1,0,-3,-1,-1,0,0,0,0,1,1,2,2,2,2,3,2,3,1,1,1,1,1,1,0,1,1,1,0,1,2,1,1,0,0,0,0,0,0,1,-1,0,0,-1,0,0,1,1,1,1,0,-1,-2,-2,-3,-2,-2,-1,0,0,1,1,0,2,0,0,0,-1,-2,-2,-2,-1,-1,-1,0,1,1,1,1,1,1,2
426,750,-5,-5,0,5,1,2,-2,-4,-6,-9,-6,-3,0,2,5,6,4,3,2,4,1,1,0,0,0,0,0,-2,0,0,0,0,0,-1,0,1,1,1,1,3,4,2,3,2,4,2,1,0,-1,-4,-3,-1,0,0,1,1,1,2,2,1,1,-1,-1,1,1,0,2,1,1,2,1,0,1,1,-1,-1,-1,-2,0,0,1,2,0,-1,0,0,0,-2,-1,0,0,1,0,-1,-1,-1,-2,-1,-2,-2,-2,-1,-1,-1,-1,-2,-2,0,0,-2,-3,-3,-2,-1,-1,0,0,0,-1,-1,-3,-2,-1,-1,-1,0,0,0,0,2,2,1,2,2,2,3,1,1,1,1,1,1,0,1,1,1,0,1,2,1,1,0,0,0,0,0,0,0,-1,0,0,-1,0,0,0,1,0,1,1,-1,-1,-2,-3,-2,-2,-2,0,0,1,1,1,1,0,0,0,-1,-2,-1,-2,-1,-1,-1,-1,0,1,1,0,1,1,2
427,752,-5,-5,0,5,1,2,-2,-3,-6,-8,-6,-3,-1,1,4,5,3,3,2,3,1,1,0,0,0,0,0,-2,0,0,0,0,-1,-1,0,1,1,1,1,2,3,1,2,2,4,2,1,0,-1,-3,-3,-2,-1,0,1,0,0,1,1,1,0,-1,-1,0,1,0,1,1,1,1,0,0,1,1,-1,0,0,-1,0,0,1,2,1,0,1,0,-1,-3,-1,0,-1,0,0,-2,-2,-2,-2,-2,-2,-2,-2,-2,-1,0,-1,-2,-2,0,0,-3,-3,-3,-3,-2,-1,-1,0,-1,-2,-1,-4,-2,-2,-1,-1,-1,-1,0,0,1,1,1,1,2,1,2,1,1,2,1,1,1,1,1,1,1,0,1,2,1,1,0,0,0,0,0,0,0,-1,0,-1,-1,0,0,0,1,0,1,1,0,-1,-2,-3,-2,-3,-2,-1,0,1,1,1,1,0,0,0,0,-1,-1,-2,-1,-1,-1,-1,0,1,1,0,1,0,1
428,754,-5,-5,0,5,2,2,-2,-3,-6,-8,-7,-4,-2,0,3,4,3,2,2,3,1,1,0,0,0,0,0,-2,0,0,0,0,-1,-1,-1,1,1,1,1,2,3,1,1,1,3,2,1,0,-1,-3,-3,-2,-2,-1,0,0,-1,0,0,0,0,-1,-2,0,0,0,1,1,1,1,0,0,1,2,-1,1,1,0,0,0,1,2,1,0,1,0,-1,-3,-1,-1,-2,0,-1,-2,-2,-2,-3,-3,-3,-3,-2,-2,-1,0,0,-2,-2,-1,-1,-3,-3,-3,-3,-2,-1,-1,-1,-1,-2,-2,-4,-2,-2,-1,-2,-1,-1,-1,0,1,1,1,1,1,1,2,1,1,2,1,1,1,1,1,1,2,0,1,2,1,1,0,0,1,0,0,0,0,-1,0,-1,-1,0,-1,0,1,0,1,1,0,-1,-2,-3,-2,-3,-2,-1,0,1,1,1,1,0,1,0,0,-1,-1,-2,-1,-1,-1,-1,0,0,0,0,0,0,1
429,756,-5,-5,0,5,2,2,-2,-2,-6,-8,-7,-5,-3,-1,2,4,3,2,2,3,1,1,0,0,0,0,0,-1,0,0,0,0,-1,-1,-1,1,1,1,1,2,2,0,1,1,3,2,2,1,0,-2,-2,-2,-2,-1,-1,-1,-1,-1,-1,0,-1,-1,-2,0,0,0,1,1,1,0,0,0,1,2,0,2,2,0,0,0,1,2,1,1,1,0,-1,-3,-2,-1,-2,-1,-1,-2,-3,-3,-3,-3,-3,-3,-2,-2,-1,0,0,-1,-1,-1,-1,-4,-2,-2,-2,-2,-1,-1,-2,-1,-2,-2,-3,-2,-2,-2,-2,-1,-2,-1,0,0,1,1,1,1,0,2,1,2,2,1,1,1,1,1,1,2,1,1,2,1,1,1,0,1,1,0,0,0,0,-1,-1,-1,0,-1,0,1,0,1,1,1,0,-1,-2,-2,-2,-1,-1,0,1,1,1,1,1,1,0,0,0,0,-1,0,-1,0,-1,0,0,0,-1,0,0,1
430,758,-5,-5,-1,5,1,2,-2,-2,-5,-8,-7,-6,-4,-1,1,3,2,2,2,3,1,1,0,0,0,0,0,-1,0,0,0,0,-2,-2,-1,0,0,1,1,1,1,0,0,0,2,1,2,1,0,-2,-2,-2,-3,-2,-1,-2,-2,-1,-1,-1,-1,-1,-2,-1,0,0,1,1,1,0,0,0,1,3,0,2,3,1,0,0,1,2,1,2,2,1,-1,-2,-2,-1,-3,-2,-1,-1,-3,-3,-3,-3,-3,-3,-2,-2,0,1,0,-1,-1,0,-1,-4,-2,-2,-2,-1,-2,-1,-2,-1,-2,-1,-3,-2,-2,-2,-3,-2,-2,-1,-1,0,0,0,0,0,0,1,1,2,2,1,2,1,1,1,1,2,1,1,2,1,1,1,1,1,1,1,1,1,0,0,0,0,0,-1,0,1,0,1,1,1,0,0,-2,-2,-2,-1,0,0,1,1,1,1,1,1,1,1,0,0,-1,0,0,0,-1,0,0,0,-1,0,0,1
431,760,-5,-5,-1,4,1,1,-2,-1,-5,-7,-7,-6,-5,-2,1,2,2,2,2,3,1,1,1,0,0,0,0,-1,0,0,1,0,-2,-1,-1,0,0,1,1,1,1,0,-1,-1,1,1,2,1,1,-1,-1,-1,-3,-2,-1,-2,-2,-2,-2,-1,-1,0,-2,-1,0,0,1,1,1,0,0,0,1,3,0,3,3,2,0,1,1,2,1,2,2,1,0,-2,-2,-1,-3,-2,-1,-1,-3,-3,-3,-3,-3,-2,-1,-2,0,1,1,0,-1,0,0,-3,-1,-1,-1,-1,-1,-1,-2,-1,-2,-1,-2,-1,-2,-2,-3,-2,-2,-1,-1,-1,0,0,0,0,0,1,1,2,2,1,2,1,1,2,1,2,1,1,2,1,1,1,1,1,1,1,1,1,1,0,0,0,0,-1,0,1,0,1,1,2,1,0,-1,-1,-2,-1,0,0,1,1,1,1,1,1,1,1,1,1,0,0,0,0,-1,0,0,0,-1,0,0,1
432,762,-5,-5,-1,4,1,1,-2,-1,-5,-7,-8,-7,-6,-3,0,1,2,2,2,3,1,1,1,0,0,0,0,-1,1,0,1,0,-2,-1,-1,0,0,0,1,1,0,-1,-1,-1,0,1,1,1,1,0,-1,-1,-3,-2,-2,-3,-3,-2,-2,-1,-1,0,-1,-1,0,0,1,1,1,0,0,0,2,4,1,4,4,3,1,1,1,2,2,3,2,2,0,-2,-1,-1,-3,-2,-1,-1,-3,-3,-3,-3,-2,-2,-1,-1,0,1,1,0,0,0,0,-3,-1,-1,0,-1,-1,-1,-3,-1,-1,-1,-2,-1,-2,-2,-3,-2,-2,-1,0,-1,0,0,0,0,0,1,1,2,2,2,2,1,1,2,2,2,1,1,2,1,1,1,1,1,1,1,1,1,1,0,0,0,0,-1,0,1,0,1,1,2,1,1,-1,-1,-1,0,0,0,1,1,1,1,1,1,1,1,1,1,1,1,0,1,-1,0,0,0,-1,0,0,1
433,764,-5,-5,-2,3,1,1,-2,0,-5,-7,-8,-8,-7,-4,-1,1,1,2,2,3,1,1,1,1,0,0,0,0,1,1,1,0,-2,-1,-1,0,0,0,1,0,0,-1,-2,-1,-1,0,1,1,2,1,0,-1,-3,-2,-2,-3,-3,-3,-3,-1,-2,0,-1,-1,0,0,1,2,1,0,0,1,2,4,1,4,4,3,1,1,1,2,2,4,2,2,0,-1,-1,-1,-3,-2,-1,-1,-2,-3,-2,-3,-2,-2,0,-1,1,2,1,1,0,0,0,-3,0,0,0,0,-1,-1,-2,-1,-1,0,-1,-1,-2,-2,-3,-2,-2,0,0,-1,0,0,0,0,0,1,1,2,2,2,2,1,2,2,2,2,1,1,2,1,2,2,1,1,2,1,1,1,2,0,1,1,1,0,0,1,0,1,1,2,2,1,0,0,-1,0,0,1,1,2,2,1,1,1,2,2,2,2,1,1,0,1,0,0,0,0,0,0,0,0
434,766,-5,-5,-2,2,1,1,-2,0,-5,-7,-8,-9,-7,-5,-2,0,1,2,2,3,2,1,1,1,0,0,1,0,1,1,1,0,-1,-1,-1,0,0,0,0,0,-1,-1,-2,-2,-1,0,1,1,2,1,1,0,-3,-2,-2,-3,-3,-3,-3,-1,-1,0,0,-1,0,0,1,2,2,1,1,1,2,4,2,4,4,4,1,2,1,2,2,4,3,2,1,-1,-1,-1,-3,-3,-1,-1,-2,-2,-2,-3,-1,-1,0,-1,1,2,2,1,0,0,0,-2,1,1,1,0,-1,0,-2,-1,0,0,-1,0,-2,-2,-3,-2,-2,0,0,-1,0,0,0,0,0,0,1,1,2,2,2,2,2,2,2,1,2,1,2,2,2,2,1,2,2,2,2,1,2,1,1,1,1,0,0,1,0,1,1,2,2,2,1,0,0,1,1,1,1,2,2,1,1,2,2,2,2,2,2,1,1,1,0,0,0,0,0,0,0,0
435,768,-5,-5,-2,2,1,1,-2,0,-4,-7,-8,-9,-8,-5,-3,-1,0,2,2,3,2,1,1,1,0,0,1,1,1,1,1,1,-1,-1,-1,0,0,0,0,-1,-1,-1,-3,-2,-2,-1,1,1,2,2,1,0,-3,-2,-2,-3,-2,-3,-3,-1,-1,1,0,0,0,1,1,2,2,1,1,2,3,4,2,5,5,4,2,2,2,2,2,5,3,3,1,0,-1,-1,-3,-3,-1,-1,-2,-2,-1,-2,-1,0,1,0,2,2,2,2,1,0,0,-1,2,2,2,1,0,0,-2,0,0,1,0,0,-2,-2,-3,-2,-2,0,0,-1,0,0,0,-1,0,0,1,1,2,2,2,2,2,2,2,1,2,1,2,2,2,2,2,2,2,2,2,2,3,1,2,2,1,0,0,1,0,0,1,2,2,2,2,1,0,1,1,1,1,2,2,1,1,2,2,2,2,2,2,1,1,1,0,0,0,0,0,0,1,1
436,770,-5,-5,-3,0,0,1,-2,0,-4,-7,-8,-10,-9,-6,-4,-2,0,1,2,3,2,1,1,1,0,1,1,1,2,1,1,1,-1,0,-1,0,0,0,0,-1,-2,-2,-3,-2,-2,-1,0,0,2,2,2,0,-2,-2,-2,-3,-2,-3,-3,-1,-1,1,1,0,0,1,1,3,3,1,2,2,3,5,2,5,5,4,2,3,2,2,2,5,3,3,2,0,0,-1,-3,-2,-1,-1,-1,-1,-1,-2,0,0,1,1,2,2,2,2,1,0,1,-1,2,2,2,1,0,0,-1,0,1,1,1,0,-1,-1,-3,-2,-1,0,0,-1,0,0,0,-1,0,0,0,1,2,2,2,2,2,2,2,1,2,2,3,2,3,2,2,2,2,2,2,2,3,2,2,2,2,1,0,1,0,0,1,2,2,2,2,1,1,2,1,1,1,2,2,1,1,2,2,2,3,3,2,1,1,2,0,0,1,0,0,1,1,1
437,772,-5,-4,-3,-1,0,0,-2,0,-4,-7,-9,-10,-9,-6,-5,-2,0,1,2,3,1,1,1,2,0,1,1,1,2,1,1,1,-1,0,-1,0,0,0,0,-1,-2,-2,-3,-2,-3,-1,0,0,2,2,2,1,-2,-2,-2,-3,-2,-3,-2,-1,-1,1,1,0,0,1,1,3,3,2,2,3,3,5,3,5,4,4,3,3,2,2,3,5,3,3,2,1,0,0,-2,-2,-1,-1,0,-1,0,-1,1,1,2,1,2,2,2,2,1,0,1,0,3,2,3,2,1,0,-1,0,1,1,1,0,-1,-1,-3,-1,-1,0,0,-1,0,0,1,-1,0,0,0,0,2,2,2,2,2,2,2,1,2,2,3,3,3,3,2,2,3,3,2,2,3,2,2,2,2,1,0,1,0,0,1,2,2,2,2,2,1,2,1,1,1,1,2,1,1,2,2,2,3,2,3,1,2,2,1,0,1,0,1,1,1,1
438,774,-5,-4,-4,-2,-1,0,-2,0,-4,-7,-9,-10,-9,-6,-5,-3,-1,1,2,2,1,1,1,2,0,0,1,1,1,1,1,1,0,0,0,0,0,0,-1,-1,-2,-2,-2,-2,-3,-2,-1,0,1,2,2,1,-1,-1,-2,-2,-2,-2,-2,-1,-1,1,1,0,0,1,1,3,3,2,3,3,4,5,3,5,4,4,3,3,2,2,2,5,3,3,2,1,0,0,-1,-2,-1,0,0,0,0,0,1,1,2,1,2,2,2,2,2,0,1,0,3,3,3,2,1,0,0,1,2,2,1,0,-1,-1,-3,-1,-1,0,0,-1,0,0,1,0,0,0,0,0,1,2,2,2,2,2,2,0,2,2,3,3,3,3,2,2,3,3,2,2,3,2,2,3,2,1,1,0,1,0,1,2,2,2,3,2,2,2,1,1,1,1,1,1,1,2,2,2,3,2,3,1,2,1,1,0,1,0,1,1,1,1
439,776,-5,-4,-4,-3,-1,0,-2,0,-4,-7,-8,-10,-9,-6,-6,-3,-1,1,2,2,1,1,1,2,0,0,1,1,1,1,1,1,0,0,0,0,0,0,-1,-2,-2,-2,-2,-2,-3,-2,-1,0,1,2,2,1,-1,-1,-2,-2,-1,-2,-2,-1,-1,1,1,0,0,1,1,3,3,3,3,4,4,5,3,4,4,4,3,3,2,2,2,5,2,3,2,2,1,0,-1,-2,-1,0,1,0,1,0,1,2,2,2,2,2,2,2,2,0,1,1,3,3,3,2,1,1,0,1,2,2,2,1,0,-1,-2,-1,-1,0,0,-1,0,0,1,0,0,0,0,-1,1,2,1,2,2,2,1,0,2,2,3,3,3,2,2,2,2,3,2,2,3,2,2,3,2,1,1,0,1,0,1,2,2,2,3,2,2,2,1,1,0,1,1,1,1,2,1,2,2,2,3,1,2,1,1,0,1,0,1,1,2,1
440,778,-4,-4,-4,-4,-2,-1,-2,0,-3,-6,-8,-10,-9,-6,-6,-4,-1,0,2,2,1,1,1,2,0,0,1,1,1,0,1,0,0,0,0,0,0,0,-1,-2,-2,-1,-2,-2,-3,-2,-1,-1,1,2,2,1,0,-1,-2,-2,-1,-2,-1,-1,-1,1,1,0,0,1,1,3,3,3,3,4,4,4,4,4,4,4,3,3,2,2,2,4,2,3,2,2,1,1,0,-1,-1,0,1,1,1,1,2,2,2,2,2,2,2,3,2,0,1,1,3,2,3,2,1,1,1,1,2,2,2,1,0,-1,-2,-1,-1,0,0,-1,0,0,0,0,0,0,0,-1,0,1,1,1,2,2,1,0,2,1,2,3,3,2,2,2,2,3,1,2,2,2,2,2,2,1,1,0,1,0,1,1,2,2,3,2,2,2,1,0,0,1,1,1,1,2,1,1,2,2,2,1,2,1,1,0,1,0,1,1,1,0
441,780,-4,-3,-4,-5,-2,-1,-2,0,-3,-6,-8,-9,-8,-6,-6,-4,-2,0,2,1,1,1,1,2,0,0,0,1,0,0,1,0,0,1,0,0,0,0,-1,-1,-2,-1,-1,-1,-3,-2,-1,-1,0,1,2,1,0,0,-1,-1,-1,-2,-1,-1,-1,0,1,0,0,1,1,3,3,3,4,4,4,4,4,4,3,3,3,3,2,1,2,4,2,3,2,3,1,1,1,-1,-1,1,1,1,2,1,2,2,2,2,2,2,2,3,2,0,1,1,3,2,3,2,2,1,1,1,2,1,2,1,0,0,-2,-1,-1,0,0,-1,0,0,0,0,0,0,0,-1,0,1,1,1,2,1,1,0,2,1,2,3,2,2,2,1,2,2,1,1,2,2,2,2,2,1,1,0,1,0,1,1,1,2,3,2,2,2,1,0,0,0,1,1,1,2,1,1,1,1,2,1,2,1,1,0,0,0,1,1,1,0
442,782,-4,-3,-4,-6,-3,-2,-2,0,-3,-5,-7,-9,-8,-5,-6,-4,-2,0,1,1,1,1,1,1,0,0,0,1,0,0,0,0,0,1,0,0,0,0,-1,-1,-2,-1,-1,-1,-2,-2,-2,-1,0,1,2,1,0,0,-1,-1,0,-2,-1,-1,-1,0,1,0,0,1,1,3,3,3,4,4,4,4,4,4,3,3,3,3,2,1,2,3,2,2,2,3,1,1,1,-1,-1,1,1,2,2,1,2,3,2,2,2,1,2,3,2,0,1,2,2,2,2,2,2,1,2,1,2,1,2,1,1,0,-1,-1,-1,0,0,0,0,0,0,0,0,0,0,-1,0,0,0,0,2,1,1,-1,1,1,2,2,2,2,2,1,1,2,0,1,1,1,1,2,2,1,1,0,1,0,0,0,1,1,2,2,2,1,0,0,-1,0,0,1,1,2,0,1,1,1,2,1,2,0,1,0,0,0,1,0,1,0
443,784,-3,-3,-4,-7,-3,-2,-2,0,-2,-4,-6,-8,-7,-4,-5,-4,-1,0,1,1,1,1,1,1,0,-1,0,1,0,-1,0,0,0,1,0,0,0,0,-1,-1,-1,-1,0,-1,-2,-2,-2,-1,0,0,1,1,1,0,-1,-1,0,-2,-1,-1,-1,0,1,0,0,1,1,2,3,3,4,4,4,4,4,3,3,3,3,2,2,1,1,3,2,2,2,3,2,1,2,0,0,1,1,2,2,2,2,3,2,2,2,1,1,3,2,0,1,2,2,1,2,2,2,1,2,1,1,1,2,1,1,0,0,-1,0,0,0,0,0,0,0,0,1,0,0,-1,0,0,0,0,1,1,0,-1,1,1,1,2,2,1,1,1,1,1,0,0,0,1,1,1,2,1,1,0,1,0,0,0,0,1,2,1,1,1,0,0,-1,0,0,1,1,1,0,0,1,0,1,1,1,0,1,0,0,0,1,0,1,0
444,786,-3,-3,-4,-7,-3,-3,-2,0,-1,-3,-5,-7,-6,-4,-5,-3,-1,0,1,1,1,1,1,1,-1,-1,-1,1,-1,-1,-1,-1,0,1,0,0,0,0,-1,-1,-1,0,0,0,-1,-1,-2,-1,-1,0,1,1,1,0,0,0,0,-2,-1,-1,-1,-1,0,-1,0,0,1,2,2,3,4,4,4,3,4,3,3,2,2,2,2,1,1,2,1,2,2,3,2,1,2,0,0,0,1,2,2,2,2,3,2,2,1,1,1,3,2,0,0,2,1,1,1,2,2,1,2,1,1,0,2,0,1,0,0,0,0,-1,0,0,0,0,0,0,1,0,0,-1,-1,0,0,0,1,0,0,-1,1,1,1,2,2,1,1,0,1,1,0,0,-1,0,0,0,1,1,0,0,1,0,0,0,0,0,1,1,1,0,-1,-1,-1,-1,-1,0,1,1,0,0,0,0,1,0,1,0,0,0,0,0,0,0,1,-1
445,788,-3,-2,-4,-7,-3,-3,-1,0,-1,-2,-4,-5,-4,-3,-4,-3,-1,0,1,1,2,1,1,0,-1,-1,-1,0,-1,-1,-1,-1,0,0,0,0,0,0,0,0,0,0,1,0,0,0,-1,0,-1,-1,0,0,1,0,0,0,0,-2,0,-1,-1,-1,0,-1,0,0,0,1,2,2,3,4,3,3,4,3,2,2,2,2,2,1,1,1,1,2,2,4,2,2,2,1,0,0,1,2,2,2,1,3,1,2,1,1,1,3,2,1,0,2,1,0,1,1,2,1,2,1,1,0,1,0,1,1,1,0,0,-1,-1,0,0,0,0,0,0,0,0,-1,-1,-1,-1,-1,1,0,0,-1,0,0,0,1,1,1,1,0,0,0,-1,-1,-2,0,0,0,1,1,0,0,1,0,0,-1,0,0,1,1,1,0,-1,-1,-1,-1,-1,0,0,1,-1,0,0,0,0,0,1,0,0,0,0,0,0,0,0,-1
446,790,-2,-2,-3,-6,-3,-3,-1,0,0,-1,-3,-4,-3,-2,-3,-2,0,0,1,1,2,2,1,0,0,-1,-1,0,-1,-1,-1,-1,0,0,0,0,0,0,0,0,0,1,1,1,0,0,-1,0,-1,-1,0,0,1,0,0,0,0,-2,0,-1,0,-1,0,-1,0,0,0,0,1,2,3,3,3,3,4,3,2,2,2,1,2,1,1,1,1,2,2,4,2,2,3,1,0,0,1,2,2,2,1,3,1,2,1,1,1,3,2,1,0,2,1,0,0,1,2,2,3,1,1,0,1,0,1,1,1,0,0,-1,-1,0,0,0,0,0,0,0,1,0,-1,-1,-1,-1,0,0,0,-1,0,0,0,1,1,0,1,0,0,0,-1,-1,-2,-1,-1,-1,0,0,0,0,1,0,0,-1,-1,0,0,0,1,0,-1,-1,-2,-1,-1,0,0,0,-1,0,0,-1,0,0,1,0,0,0,0,0,0,0,0,-1
447,792,-2,-2,-3,-5,-3,-2,-1,0,0,0,-2,-2,-2,-1,-2,-1,0,1,1,1,2,2,1,0,0,-1,-1,0,-2,-1,-2,-2,-1,0,0,-1,0,0,0,1,1,1,2,1,1,1,0,1,0,-1,0,0,1,0,0,1,0,-2,0,-1,0,-2,-1,-1,0,-1,0,0,1,1,3,3,3,2,4,3,2,2,2,1,2,1,1,0,1,1,2,4,3,2,3,2,1,1,1,2,1,2,1,3,1,1,1,0,1,2,2,1,0,2,0,0,0,1,2,2,3,1,0,0,1,1,1,1,2,0,0,-1,-1,0,0,0,0,1,0,0,1,0,-1,-1,-1,-1,0,0,0,-1,0,0,0,0,1,0,0,0,0,-1,-1,-1,-3,-1,-1,-1,0,0,0,0,0,0,0,-1,-1,-1,0,0,0,-1,-1,-1,-2,-1,-1,0,0,0,-1,0,-1,-1,0,0,0,0,0,0,0,0,0,-1,0,-1
448,794,-2,-2,-3,-5,-2,-2,0,0,1,1,0,-1,0,0,-1,0,1,1,1,1,3,2,2,0,0,-1,-1,0,-2,-1,-2,-2,-1,0,0,-1,0,0,1,1,1,1,2,2,2,2,0,1,0,-1,0,0,1,0,1,1,0,-1,0,-1,0,-2,-1,-1,0,-1,0,-1,0,1,2,3,2,2,3,3,2,1,2,1,2,1,1,0,1,1,2,4,3,2,3,2,1,1,2,2,1,2,1,3,1,1,1,0,1,2,2,1,0,2,0,0,-1,1,2,2,3,1,0,0,1,1,1,1,2,1,0,-1,-1,0,0,1,0,1,0,0,1,1,-1,-1,-1,-1,0,0,0,-1,0,0,-1,0,0,0,0,-1,-1,-1,-1,-2,-3,-1,-1,-2,-1,0,0,0,0,0,-1,-1,-1,-1,0,0,0,-1,-1,-1,-1,-1,-1,0,0,0,-1,-1,-1,-1,0,0,0,0,0,0,0,0,-1,-1,-1,-2
449,796,-1,-1,-2,-4,-2,-1,0,0,1,1,1,0,1,1,0,1,2,2,2,2,3,3,2,0,0,0,-1,0,-1,-1,-2,-2,-1,0,0,-1,0,1,1,2,2,2,3,2,2,2,1,1,0,-1,0,0,1,0,1,1,0,-1,0,-1,0,-2,-1,-1,0,-2,0,-1,0,0,2,2,2,2,3,2,2,1,1,0,1,1,1,0,1,1,2,4,3,2,3,3,2,1,2,2,1,2,1,3,0,1,1,0,1,2,1,1,1,2,0,0,-1,1,2,2,3,1,0,0,1,1,2,1,2,1,1,-1,-1,0,0,1,0,1,0,1,1,1,-1,-1,-1,-1,-1,-1,0,-1,0,0,-1,-1,0,-1,0,-1,-1,-1,-1,-2,-3,-2,-2,-2,-1,0,0,0,0,0,-1,-1,-1,-1,-1,0,0,-1,-1,-1,-1,-1,-1,0,0,0,-1,0,-1,-1,0,0,0,0,0,0,0,0,-1,-1,-1,-2
450,798,-1,-1,-2,-2,-1,-1,1,0,1,2,2,2,2,2,1,2,2,2,2,2,4,3,2,0,1,0,-1,0,-1,-1,-2,-2,-1,0,-1,-1,-1,1,1,2,2,2,3,3,3,3,2,2,1,0,0,0,1,0,1,1,1,-1,0,-1,0,-2,-2,-1,0,-2,-1,-2,-1,-1,1,1,1,1,3,2,1,1,1,0,1,1,1,0,1,1,2,4,3,2,4,3,2,2,2,2,1,3,1,3,0,1,0,0,1,2,1,1,1,2,0,0,-1,1,2,2,3,1,1,0,1,1,2,1,3,1,1,-1,-1,0,0,1,0,1,0,1,1,2,-1,0,0,-1,-1,-1,0,0,0,0,-1,-1,0,-1,0,-1,-1,-1,-1,-2,-3,-2,-2,-2,-1,0,0,0,0,1,-1,-1,-1,-1,-1,0,0,-1,-1,-1,-1,-1,-1,0,0,-1,0,0,0,-1,0,0,0,0,0,0,0,0,-1,-1,-1,-2
451,800,-1,-1,-1,-2,0,0,1,0,1,2,3,3,3,2,2,2,3,3,3,3,4,4,3,0,1,0,0,0,-1,0,-2,-2,-1,0,-1,-1,-1,1,1,2,3,2,3,3,3,4,2,2,1,0,0,0,1,1,1,1,1,-1,0,0,0,-1,-2,0,0,-2,-1,-2,-2,-1,0,1,1,1,2,2,1,1,1,0,1,1,1,0,1,1,2,3,3,2,4,3,2,2,2,2,1,3,1,3,0,1,0,0,0,2,1,2,1,2,0,0,-1,1,2,2,3,1,1,1,2,1,2,1,3,1,1,0,-1,0,0,1,0,1,0,1,1,2,0,0,0,-1,-1,0,0,0,0,0,-1,-1,0,-1,0,-1,-1,-1,0,-1,-3,-1,-1,-2,-1,0,0,0,0,1,0,-1,-1,-1,-1,0,0,-1,-1,0,-1,-1,-1,0,0,-1,0,0,0,-1,0,0,0,0,0,0,0,0,-1,-1,-1,-1
452,802,0,0,-1,-1,0,1,1,0,1,2,3,3,4,3,2,3,3,3,3,3,4,4,3,1,2,1,1,0,0,0,-1,-1,-1,0,-1,-1,-1,0,1,2,3,2,3,3,4,4,3,3,2,0,0,0,1,1,1,2,1,0,0,0,0,-1,-2,0,0,-2,-1,-2,-2,-2,-1,0,0,1,2,2,1,1,1,0,1,1,1,0,1,1,2,3,3,2,4,4,3,3,2,2,1,3,1,3,0,1,0,0,0,1,1,2,1,2,0,0,0,1,2,2,3,2,1,1,2,1,2,1,3,1,2,0,0,0,0,1,1,1,0,1,1,3,0,0,0,-1,-1,0,0,0,0,0,-1,-1,0,-1,0,-1,-1,-1,0,-1,-2,-1,-1,-2,-1,0,0,0,0,1,0,-1,-1,-1,-1,0,0,-1,-1,0,0,0,0,0,0,-1,0,0,0,0,0,0,0,0,0,0,0,0,-1,-1,-1,-1
453,804,0,0,0,0,1,1,1,0,1,2,4,4,4,3,3,3,3,3,3,4,4,4,3,1,2,2,1,0,1,0,-1,-1,-1,0,-1,-1,-1,0,1,2,3,3,3,3,4,4,3,3,2,1,0,0,1,1,2,2,1,0,1,0,0,-1,-2,0,0,-2,-1,-3,-3,-2,-1,-1,0,0,1,2,1,1,0,0,1,1,1,0,1,1,1,3,3,2,4,4,3,3,2,2,1,3,1,3,0,1,0,0,0,1,1,2,1,2,0,1,0,1,1,2,3,2,2,2,2,1,2,1,3,2,2,0,0,0,0,2,1,1,0,1,1,3,0,1,0,0,-1,0,0,1,0,0,-1,-1,0,0,0,-1,0,-1,0,-1,-2,-1,-1,-1,-1,0,0,1,0,1,0,0,-1,0,-1,0,0,0,0,0,0,0,0,0,0,-1,0,0,0,0,0,0,0,1,1,0,0,1,0,0,-1,-1
454,806,1,1,1,1,1,2,2,0,1,2,3,4,4,3,3,3,3,3,4,4,4,4,3,1,3,2,2,0,1,1,0,-1,0,0,0,-1,-1,0,1,2,3,2,3,3,4,4,3,3,3,1,1,0,1,1,2,2,1,1,1,1,1,0,-2,0,0,-2,-1,-3,-3,-3,-2,-1,-1,0,1,1,0,0,0,0,0,1,1,0,1,1,1,2,3,2,4,4,3,3,2,2,1,3,1,3,0,0,0,0,0,0,1,2,1,2,0,1,0,1,1,2,3,2,2,2,2,2,2,1,3,2,2,0,0,1,0,1,1,1,0,1,0,3,0,1,1,0,-1,0,0,1,0,0,-1,-1,0,0,0,-1,0,0,1,0,-1,0,0,-1,-1,0,0,1,0,1,0,0,-1,0,-1,0,0,0,0,1,1,0,0,0,0,0,1,1,1,0,0,0,0,1,1,0,0,1,0,0,-1,0
455,808,2,2,1,1,1,2,1,0,1,2,3,3,4,2,3,3,3,3,4,5,4,4,3,2,3,3,2,1,2,1,0,0,0,0,0,-1,0,0,1,1,2,2,2,3,4,4,3,3,3,2,1,1,2,1,2,2,2,2,1,1,1,0,-1,1,0,-2,-1,-2,-3,-3,-2,-2,-2,-1,0,1,0,0,0,0,0,1,1,0,1,1,1,2,2,2,4,5,4,3,2,2,2,3,2,3,0,0,0,0,0,0,0,2,1,2,1,2,0,1,1,2,3,2,3,3,3,2,2,1,2,2,2,1,0,1,0,1,1,1,0,1,0,3,0,1,1,1,-1,0,0,1,0,0,-1,-1,0,0,0,-1,0,0,1,0,0,0,0,0,0,0,0,1,0,1,0,0,0,0,-1,0,0,0,0,1,1,1,1,0,0,0,1,1,1,1,1,0,0,1,1,0,0,1,0,0,-1,0
456,810,2,3,2,1,1,2,1,0,0,1,3,3,3,2,3,3,3,3,4,5,4,4,3,2,3,3,3,1,2,2,1,0,1,0,0,0,0,0,1,1,2,2,2,2,3,4,3,3,3,2,1,1,2,2,2,2,2,2,2,2,1,1,-1,1,0,-1,-1,-2,-3,-3,-3,-2,-2,-1,-1,0,-1,0,0,0,0,1,1,0,1,1,0,2,2,2,4,5,4,3,2,2,2,3,2,3,0,0,0,0,0,-1,0,2,1,2,1,2,1,1,1,2,2,2,3,4,3,2,2,1,2,2,2,1,0,1,0,1,1,1,0,1,0,2,0,1,1,1,-1,0,1,1,0,0,0,-1,0,0,0,-1,0,1,2,1,1,1,1,0,0,0,0,1,0,1,0,1,0,0,-1,0,0,1,1,2,1,1,1,0,0,0,1,1,1,1,1,0,0,1,1,0,1,1,0,0,-1,1
457,812,3,4,3,1,1,2,1,0,0,0,2,2,3,1,2,2,2,3,4,5,4,4,3,2,4,3,3,2,3,2,2,1,1,0,0,0,0,0,1,1,2,2,2,2,3,3,3,3,3,3,2,1,2,2,2,2,2,3,2,2,1,1,0,1,1,-1,-1,-2,-3,-3,-3,-3,-3,-2,-1,0,-1,0,-1,0,0,1,1,0,0,1,0,1,2,2,4,5,4,3,3,2,2,3,2,3,0,0,0,0,0,-1,0,1,1,2,1,2,1,2,1,2,2,2,3,4,3,2,2,1,2,2,2,1,1,1,0,1,1,1,0,1,0,2,0,2,1,1,0,0,1,1,0,1,0,0,0,0,0,0,0,1,2,1,2,1,2,1,0,0,0,1,0,1,1,1,0,1,0,1,0,1,1,2,2,1,1,0,0,0,1,1,2,1,1,1,0,1,1,1,1,0,0,0,0,1
458,814,4,4,4,1,0,2,1,0,0,0,1,1,2,1,2,2,1,2,3,5,3,3,3,3,4,4,4,2,3,3,2,2,2,1,0,0,0,0,1,0,1,1,1,2,3,3,3,2,3,3,2,2,3,2,2,2,2,3,3,3,2,2,1,2,1,-1,-1,-1,-3,-3,-3,-3,-3,-2,-2,-1,-1,-1,-1,0,0,1,1,0,0,0,0,1,1,1,4,4,3,3,3,2,2,3,2,3,0,0,0,0,0,-1,0,1,1,2,1,2,1,2,0,2,2,2,3,5,3,3,3,1,2,2,2,1,1,1,1,0,1,1,0,1,0,2,0,2,2,2,0,1,1,1,1,1,0,0,0,0,0,0,1,2,2,2,3,2,2,1,1,1,0,0,0,1,1,1,1,1,0,1,0,2,2,2,2,1,2,0,0,1,2,1,2,2,1,1,0,1,1,1,1,0,1,0,0,2
459,816,5,5,5,1,0,2,0,0,-1,-1,0,0,1,0,1,1,1,1,3,4,3,3,2,3,3,4,4,2,4,3,3,2,2,1,1,0,0,0,1,0,1,1,1,1,2,2,2,2,3,3,2,2,3,2,2,3,3,4,3,3,2,2,1,2,1,0,-1,-1,-3,-3,-3,-3,-3,-2,-3,-2,-2,-1,-1,0,0,0,0,0,0,0,0,1,1,1,3,4,3,3,3,2,2,2,3,3,1,0,0,0,0,-1,0,1,1,1,1,2,2,2,0,2,1,2,3,5,4,3,3,2,2,2,2,2,1,1,1,0,0,0,0,1,0,1,0,2,2,2,0,1,1,1,1,1,1,0,0,1,0,0,1,2,2,2,3,3,2,2,1,1,0,0,0,1,1,1,1,1,0,1,1,2,2,2,2,2,2,1,0,1,2,2,2,2,1,1,0,1,1,1,1,0,1,1,0,2
460,818,6,6,5,1,-1,1,0,0,-1,-1,-1,-1,0,-1,0,0,0,1,2,4,2,2,2,3,3,4,4,2,4,3,3,3,3,2,1,1,1,1,1,0,1,1,1,1,2,1,2,1,2,3,2,2,3,3,2,3,3,4,3,3,2,3,2,2,1,1,0,0,-2,-2,-3,-4,-3,-3,-3,-2,-2,-1,-1,0,0,0,0,0,0,0,0,0,1,1,3,4,3,3,3,2,2,2,3,3,1,0,0,0,0,-1,0,1,1,1,2,2,2,2,0,2,1,2,3,5,4,3,3,2,2,2,2,2,1,1,1,0,0,0,0,0,0,1,1,2,2,2,1,1,1,1,1,1,1,1,0,1,0,0,1,2,3,2,4,3,3,2,2,1,1,0,0,0,1,1,1,1,1,1,1,2,2,2,2,2,2,1,1,1,2,2,2,2,1,1,1,1,1,1,1,0,1,1,0,2
461,820,7,7,6,1,-1,1,0,-1,-1,-2,-2,-1,-1,-2,-1,-1,-1,0,2,3,1,2,2,3,3,4,3,3,4,3,4,3,3,2,2,1,1,1,1,0,0,1,0,1,1,1,1,1,2,3,2,2,3,3,2,3,3,5,4,4,3,3,3,3,2,2,0,1,-2,-1,-3,-3,-3,-3,-3,-3,-2,-1,-1,0,0,0,0,0,0,0,0,0,1,1,2,3,3,3,3,2,3,2,3,3,1,0,0,0,0,-1,0,1,1,1,2,2,2,1,0,1,1,1,2,5,3,3,3,2,2,2,2,2,2,1,1,0,0,0,0,0,0,0,1,2,2,3,1,1,1,1,1,1,1,1,1,1,0,1,1,3,3,3,4,3,3,3,2,1,1,0,0,0,1,1,1,2,1,1,1,3,2,2,2,2,2,1,1,2,2,2,2,2,1,1,1,1,1,1,1,0,1,1,1,3
462,822,7,8,7,1,-1,0,-1,-1,-2,-2,-2,-2,-2,-2,-1,-2,-2,-1,1,3,1,1,1,3,3,3,3,3,4,3,4,3,4,3,3,2,2,1,1,1,0,0,0,0,1,0,0,0,2,3,3,3,3,3,2,3,3,5,4,4,3,4,4,3,2,2,1,1,-1,-1,-2,-3,-3,-3,-3,-3,-2,-1,-1,0,0,0,0,0,0,0,0,0,0,0,2,3,3,3,3,2,3,2,3,2,2,1,0,0,0,-1,0,1,1,1,2,2,2,1,0,1,0,1,2,4,3,3,3,2,2,3,2,2,2,2,1,0,0,0,1,0,1,0,1,2,2,3,1,1,2,1,1,1,2,2,1,2,1,1,1,3,3,3,4,4,3,3,3,2,1,0,0,0,1,1,1,2,1,1,1,3,2,2,2,2,2,2,1,2,2,2,2,2,2,1,1,1,1,1,2,0,1,1,1,3
463,824,8,8,7,1,-1,0,-1,-1,-2,-2,-3,-3,-3,-3,-2,-3,-3,-2,0,2,1,1,1,3,2,3,3,3,4,3,5,4,4,3,3,2,2,2,1,1,1,0,0,0,0,0,0,0,2,3,3,3,4,4,2,3,3,5,4,5,4,4,4,4,2,3,2,2,0,0,-1,-2,-2,-3,-3,-3,-2,-1,-1,0,0,0,0,0,0,0,0,0,0,0,1,3,3,2,3,2,3,2,3,2,2,1,0,1,0,-1,0,1,1,1,2,2,2,1,0,1,0,1,2,4,3,3,3,3,2,3,2,3,2,2,1,0,0,0,1,1,1,0,1,2,2,3,2,1,2,1,1,1,2,2,1,2,1,1,1,3,3,3,4,4,3,3,3,2,1,0,0,0,1,1,2,2,2,1,1,3,2,2,2,2,2,2,2,2,2,2,2,2,2,1,1,1,1,2,2,0,1,1,1,3
464,826,9,9,8,1,-1,0,-1,-1,-2,-2,-3,-3,-3,-3,-3,-4,-3,-2,0,1,0,1,1,3,2,3,2,3,3,3,5,4,5,4,4,3,3,2,2,1,1,1,0,0,0,0,0,0,1,3,3,3,4,4,3,3,4,5,5,5,4,5,5,4,3,4,2,3,1,2,0,-2,-2,-3,-3,-3,-2,-1,-1,0,0,0,0,0,0,0,0,0,0,0,1,3,3,2,2,2,3,2,4,2,2,1,1,1,1,-1,1,1,1,1,2,2,2,2,0,1,0,0,1,4,3,3,3,3,3,3,2,3,2,3,2,0,1,0,1,1,1,0,2,2,2,3,2,2,2,1,1,2,3,2,1,3,1,1,1,3,3,3,4,4,3,3,3,2,1,0,0,0,1,1,2,2,2,2,1,3,2,2,2,2,2,2,2,3,2,2,1,2,2,2,2,2,1,2,2,1,2,1,2,3
465,828,9,10,8,1,-1,-1,-1,0,-2,-2,-3,-3,-3,-3,-3,-4,-3,-3,-1,1,0,1,1,3,2,3,2,3,3,3,5,4,5,4,4,3,3,3,2,2,1,1,0,0,0,-1,-1,0,1,3,3,3,4,4,3,4,4,5,5,5,4,5,5,4,3,5,3,4,3,3,1,-1,-1,-2,-3,-3,-2,-1,-1,0,0,0,0,0,1,0,1,0,0,0,1,3,2,2,2,3,3,2,4,2,2,1,1,1,1,0,1,1,1,1,2,2,2,2,1,1,0,0,1,3,2,3,3,3,3,4,2,3,3,3,2,1,1,0,1,1,1,0,2,2,2,3,2,2,2,1,1,2,3,3,2,3,2,2,1,3,2,3,3,4,3,3,4,2,1,0,0,1,1,1,2,2,2,2,1,3,2,2,2,3,3,3,2,3,2,2,1,2,2,2,2,2,2,2,2,1,2,2,2,3
466,830,10,10,8,2,-1,-1,-1,0,-2,-2,-3,-3,-3,-3,-3,-5,-4,-3,-1,0,0,1,1,3,2,2,2,3,3,3,5,4,5,4,5,3,4,3,3,2,2,1,1,0,0,-1,-1,-1,1,3,2,3,4,4,3,4,4,5,5,5,5,5,6,5,4,6,4,5,4,4,2,0,0,-2,-2,-2,-1,-1,0,0,0,1,0,0,1,1,1,1,0,0,0,2,2,1,3,3,3,2,3,2,3,2,1,1,1,0,2,1,1,1,2,1,2,2,1,1,-1,0,0,3,2,3,3,4,3,4,2,3,3,4,3,1,1,1,1,1,2,0,2,2,2,3,3,2,2,1,1,2,3,3,2,4,2,2,1,3,2,3,3,4,3,3,4,3,2,1,0,1,1,1,2,2,2,2,1,3,2,2,2,3,3,3,2,3,2,2,1,2,2,2,2,2,2,3,3,1,2,2,2,3
467,832,10,10,8,2,0,-1,-1,0,-1,-1,-3,-3,-3,-3,-3,-5,-4,-3,-1,0,0,1,1,3,2,2,1,3,3,3,5,4,5,5,5,4,4,3,3,3,2,1,1,1,0,-1,-1,0,1,3,2,3,4,4,3,4,4,5,5,5,5,6,6,5,4,6,5,6,5,5,3,1,1,-1,-2,-2,-1,-1,0,1,0,1,1,0,1,1,1,1,0,1,0,2,2,1,3,3,3,2,3,2,3,2,2,2,2,1,2,2,2,1,2,1,2,2,1,0,-1,-1,0,2,1,3,3,4,3,4,2,3,3,4,3,2,2,1,2,1,2,0,3,3,2,3,3,2,2,1,1,2,3,3,3,4,2,2,2,3,2,3,2,3,3,3,4,3,2,1,1,1,1,1,2,2,2,2,1,3,2,2,2,3,3,3,3,3,2,2,1,2,2,2,3,3,2,3,3,2,3,2,3,3
468,834,11,11,8,3,0,0,-1,0,-1,-1,-3,-3,-3,-2,-3,-5,-4,-3,-2,0,0,1,1,3,2,2,1,3,2,3,5,4,5,4,5,4,4,4,3,3,3,2,1,1,0,0,0,0,1,3,2,3,4,4,3,4,4,5,5,5,5,6,6,5,5,6,5,6,6,6,4,2,2,0,-1,-1,0,0,0,1,1,1,1,1,2,1,2,1,0,1,0,2,2,1,3,3,3,2,3,2,3,2,2,2,2,2,2,2,2,1,2,1,2,2,1,0,-1,-1,-1,2,0,2,2,4,3,4,2,3,3,5,4,2,2,2,2,2,2,1,3,3,2,3,3,3,2,1,1,2,3,3,3,4,3,2,2,2,2,3,2,3,3,3,4,3,2,1,1,1,1,1,2,2,2,2,1,3,1,2,2,3,3,3,3,3,2,2,1,2,2,2,3,3,2,3,4,2,3,3,3,3
469,836,11,11,8,3,1,0,0,0,-1,-1,-2,-2,-2,-2,-3,-4,-3,-3,-2,-1,0,2,1,3,2,1,1,3,2,3,4,4,5,4,5,4,4,4,4,4,3,2,1,1,0,0,0,0,1,3,2,3,3,4,3,4,3,5,4,5,5,5,6,5,5,7,6,7,7,7,5,3,3,1,0,-1,0,0,1,1,1,1,1,1,2,2,2,1,0,1,0,2,2,1,3,3,3,2,3,2,3,2,2,2,3,2,3,2,2,1,2,1,2,2,1,0,-1,-1,-1,1,0,2,2,3,3,4,2,3,3,5,4,3,3,2,2,2,2,1,3,3,2,2,3,3,3,1,1,2,3,3,3,4,3,2,1,2,1,2,1,2,2,3,4,3,2,2,1,1,2,1,2,1,2,2,1,3,1,2,2,3,3,3,3,3,2,2,1,2,2,3,3,4,2,4,4,3,3,3,3,3
470,838,11,10,7,3,1,0,0,1,0,-1,-2,-2,-2,-1,-3,-4,-3,-3,-2,-1,0,2,1,3,2,1,1,2,1,2,4,4,4,4,5,4,4,4,4,4,4,2,2,2,0,0,0,0,1,2,2,2,3,3,3,3,3,4,4,5,5,5,6,4,5,6,6,7,7,7,5,4,3,2,1,0,1,1,1,1,1,1,1,1,2,2,2,1,1,1,0,2,1,1,3,3,3,2,2,1,2,2,2,2,3,2,3,2,2,2,2,1,2,2,1,0,-1,-1,-1,1,-1,1,1,3,3,4,2,3,3,5,4,3,3,2,2,2,2,1,3,3,2,2,3,3,2,1,1,2,3,3,3,4,3,2,1,2,1,2,0,2,2,3,4,3,2,2,2,2,2,1,1,1,2,2,1,3,1,2,2,3,3,3,3,3,2,1,1,1,2,3,4,4,3,4,4,3,4,3,4,3
471,840,10,10,6,3,1,1,0,1,0,0,-1,-2,-1,-1,-3,-3,-2,-3,-2,-1,0,2,2,3,2,1,1,2,1,2,4,3,3,3,4,4,4,3,4,4,4,2,2,2,1,1,1,1,1,2,2,2,3,3,3,3,3,3,3,4,4,5,5,4,4,6,6,6,7,7,6,4,4,2,2,1,1,1,1,1,1,1,1,1,2,2,2,1,1,1,0,2,1,1,3,2,3,2,2,1,2,2,2,2,3,3,3,2,3,2,1,1,2,2,1,0,-1,-1,-2,0,-2,1,0,2,2,3,2,3,3,5,4,4,3,3,2,2,2,1,3,3,1,2,2,3,2,1,1,1,2,3,3,4,2,2,1,1,0,2,0,1,2,3,4,3,2,2,2,2,2,1,1,1,2,2,1,2,1,1,1,3,3,2,2,3,2,1,1,1,2,3,4,4,3,4,4,3,4,3,4,3
472,842,10,9,5,3,2,1,1,1,0,0,-1,-1,-1,0,-2,-3,-2,-2,-2,-1,0,2,1,2,1,1,0,2,1,2,3,3,3,2,4,3,3,3,4,4,4,2,2,2,1,1,1,1,1,2,1,2,2,2,2,2,2,3,3,3,4,4,4,3,4,5,5,6,7,7,6,5,4,3,2,2,1,1,1,0,1,1,1,1,2,2,2,1,1,1,0,1,1,1,2,2,2,2,1,1,2,2,2,2,3,3,3,2,3,2,1,1,1,1,1,0,-1,-1,-2,0,-2,0,-1,1,2,2,1,2,2,5,4,4,3,3,2,2,1,1,2,2,1,1,2,3,2,1,1,1,1,2,3,3,2,1,1,0,0,1,-1,0,1,2,3,3,2,2,2,2,2,1,1,1,1,1,1,2,0,1,1,3,2,2,2,2,2,1,1,1,2,2,3,4,2,4,4,4,4,3,4,2
473,844,9,9,4,3,2,1,1,1,0,0,-1,-1,0,0,-2,-2,-1,-2,-2,-2,0,1,1,2,1,0,0,1,0,1,2,2,2,1,3,2,3,2,3,3,3,2,2,2,1,1,1,1,1,1,1,1,2,2,2,2,1,2,2,2,3,3,3,2,3,4,5,5,6,6,6,5,4,3,3,2,2,1,1,0,0,1,1,1,2,2,1,1,0,1,0,1,0,1,2,2,2,1,1,0,1,2,2,2,3,2,2,2,2,2,1,0,1,1,0,0,-1,-1,-2,-1,-3,-1,-2,0,1,1,1,1,1,4,4,4,3,3,2,1,1,1,2,2,1,1,1,2,1,0,0,0,0,1,2,2,1,1,0,0,-1,0,-2,0,1,2,3,2,2,2,2,1,1,0,1,0,1,1,1,1,0,1,0,2,2,1,1,1,1,0,0,0,1,2,3,3,2,4,4,3,3,3,4,2
474,846,8,7,3,2,1,1,1,1,1,0,-1,-1,0,0,-2,-2,-1,-2,-2,-2,0,1,1,1,1,0,0,1,0,0,1,1,1,0,2,2,2,1,2,3,2,1,2,2,1,1,1,1,0,1,1,1,1,1,1,1,0,1,1,1,2,2,2,1,2,3,4,4,5,5,5,4,4,3,3,2,2,1,1,0,0,0,0,1,1,1,1,0,0,1,-1,0,0,0,1,1,1,1,0,-1,1,1,2,2,2,2,2,1,2,1,1,0,0,1,0,-1,-1,-1,-2,-2,-4,-2,-2,-1,-1,0,0,0,0,3,3,3,2,2,1,1,0,1,1,1,0,0,1,1,1,0,0,-1,-1,0,2,1,1,0,-1,-1,-1,-1,-2,-1,0,1,2,1,1,2,2,1,1,0,0,0,0,1,0,0,-1,0,-1,2,1,0,1,1,0,0,0,0,1,1,2,2,2,4,4,3,3,2,3,1
475,848,6,6,2,2,1,0,1,1,1,0,0,-1,0,0,-2,-2,-1,-1,-2,-2,-1,0,0,1,1,0,0,0,-1,0,0,0,0,-1,1,1,1,0,1,2,1,1,1,1,1,1,1,1,0,0,0,0,0,0,0,0,-1,-1,-1,0,1,1,0,0,1,2,2,2,4,4,4,4,3,3,3,2,1,1,0,0,0,0,0,0,0,0,0,-1,0,0,-2,-1,-1,-1,0,0,0,0,-1,-1,0,1,1,1,1,2,1,1,1,1,0,0,0,0,0,-1,-2,-1,-2,-2,-4,-3,-3,-2,-2,-1,-1,-1,0,2,2,2,1,2,1,0,0,1,0,0,-1,-1,0,1,0,-1,-1,-2,-2,-1,0,0,0,-1,-1,-2,-2,-1,-3,-2,-1,0,0,0,1,2,1,1,1,0,0,-1,0,0,0,-1,-1,-1,-1,1,0,-1,0,0,0,-1,-1,-1,0,1,1,2,1,3,3,2,2,2,3,1
476,850,5,4,1,1,0,0,0,1,1,0,0,-1,0,0,-2,-1,-1,-1,-2,-3,-1,0,0,0,0,-1,-1,-1,-2,-1,-1,-1,-1,-2,0,0,0,-1,0,1,0,0,0,1,0,1,1,1,0,-1,-1,-1,-1,-1,-1,-1,-2,-2,-2,-2,-1,-1,-1,-1,0,0,1,1,2,2,3,3,3,3,3,2,1,0,0,-1,-1,-1,-1,0,0,0,-1,-1,-1,-1,-2,-2,-2,-2,-1,-1,-1,-1,-2,-2,-1,0,0,1,1,1,0,0,1,0,0,-1,-1,-1,-1,-1,-2,-1,-2,-3,-5,-4,-4,-3,-3,-3,-2,-2,-2,1,0,1,0,1,0,0,-1,0,-1,-1,-1,-2,-1,0,-1,-1,-2,-2,-3,-2,-1,-2,-1,-2,-2,-3,-3,-2,-3,-3,-2,-1,-1,-1,0,1,1,0,0,-1,-1,-1,-1,-1,-1,-2,-2,-1,-2,0,-1,-2,-1,-1,-1,-2,-1,-2,-1,0,0,0,0,2,2,2,1,1,2,0
477,852,3,2,-1,0,-1,-1,0,0,1,0,-1,-2,0,-1,-2,-1,-1,-1,-3,-3,-1,-1,-1,-1,-1,-1,-1,-2,-2,-2,-2,-2,-2,-3,-1,-1,-1,-1,-1,-1,-1,-1,0,0,0,0,0,0,-1,-1,-1,-2,-2,-2,-2,-3,-3,-3,-3,-3,-2,-2,-2,-2,-1,-2,-1,-1,0,0,2,2,2,2,2,2,0,0,-1,-1,-2,-2,-2,-1,-1,-1,-2,-2,-2,-1,-3,-3,-3,-2,-2,-2,-2,-2,-3,-3,-2,0,0,0,0,0,0,-1,0,-1,-1,-1,-2,-2,-2,-2,-2,-2,-3,-4,-5,-5,-5,-4,-5,-4,-3,-3,-3,-1,-1,0,-1,0,-1,-1,-2,-1,-2,-2,-2,-2,-2,-2,-2,-2,-3,-3,-5,-4,-2,-4,-2,-2,-3,-3,-3,-3,-3,-4,-3,-2,-2,-2,-1,0,0,-1,-1,-1,-1,-2,-2,-1,-2,-3,-2,-2,-3,-2,-2,-3,-2,-3,-2,-3,-2,-3,-2,-1,-1,-1,0,1,1,1,0,0,1,-1
478,854,1,0,-2,-2,-1,-1,-1,0,1,0,-1,-2,-1,-1,-3,-1,-1,-1,-3,-3,-2,-2,-2,-2,-1,-2,-2,-2,-3,-3,-3,-3,-3,-4,-2,-2,-2,-2,-2,-2,-2,-2,-1,-1,-1,0,0,0,-2,-2,-2,-3,-3,-3,-3,-4,-4,-4,-4,-5,-4,-3,-4,-3,-3,-3,-2,-2,-1,-1,0,1,1,1,1,1,0,-1,-2,-2,-2,-3,-2,-1,-2,-2,-3,-3,-2,-2,-4,-4,-3,-3,-3,-3,-3,-3,-4,-4,-2,-1,-1,-1,-1,0,-1,-2,-1,-2,-2,-2,-2,-2,-2,-2,-3,-2,-3,-5,-6,-5,-6,-5,-6,-5,-4,-4,-3,-3,-3,-2,-2,-1,-2,-2,-3,-2,-3,-3,-3,-3,-3,-3,-3,-3,-3,-4,-6,-5,-4,-5,-3,-3,-3,-4,-4,-4,-4,-5,-5,-4,-4,-3,-1,-1,0,-1,-1,-2,-2,-3,-2,-2,-2,-4,-3,-3,-4,-3,-3,-4,-3,-4,-3,-3,-3,-3,-3,-3,-2,-3,-1,0,-1,-1,-1,-1,0,-2
479,856,-1,-2,-3,-3,-2,-2,-1,0,1,0,-1,-2,-1,-2,-3,-2,-1,-1,-3,-4,-2,-2,-3,-3,-2,-2,-2,-3,-4,-4,-4,-4,-4,-5,-3,-2,-3,-3,-3,-3,-4,-3,-2,-1,-1,-1,-1,-1,-2,-3,-3,-4,-4,-4,-4,-5,-5,-5,-6,-6,-5,-5,-5,-5,-4,-5,-4,-4,-3,-3,-1,0,-1,0,0,0,-1,-2,-2,-3,-3,-4,-3,-2,-3,-3,-4,-4,-3,-3,-5,-5,-4,-4,-4,-4,-4,-4,-5,-5,-3,-2,-1,-1,-2,-1,-2,-3,-2,-3,-2,-3,-3,-3,-3,-2,-3,-2,-3,-5,-6,-6,-6,-6,-7,-7,-5,-5,-4,-4,-4,-3,-3,-2,-3,-3,-4,-3,-4,-4,-4,-4,-4,-4,-4,-4,-4,-5,-7,-7,-6,-7,-4,-4,-4,-5,-4,-5,-4,-6,-6,-5,-6,-4,-2,-1,-1,-2,-2,-2,-3,-3,-3,-3,-3,-5,-3,-4,-5,-4,-4,-5,-4,-5,-5,-4,-3,-4,-4,-4,-4,-4,-2,-2,-3,-2,-3,-2,-1,-3
480,858,-4,-4,-4,-4,-3,-2,-2,-1,2,0,-1,-2,-1,-3,-3,-2,-1,-1,-3,-4,-3,-3,-4,-4,-2,-3,-2,-4,-4,-4,-5,-4,-5,-5,-4,-3,-4,-4,-4,-4,-5,-4,-3,-2,-2,-1,-1,-2,-3,-4,-4,-4,-5,-5,-5,-6,-6,-6,-7,-7,-6,-6,-6,-6,-5,-6,-6,-6,-5,-5,-3,-1,-2,-1,-1,-1,-2,-2,-3,-3,-4,-4,-4,-3,-4,-4,-4,-5,-4,-3,-5,-6,-5,-4,-5,-5,-5,-5,-5,-6,-4,-2,-2,-2,-3,-2,-3,-4,-3,-3,-3,-3,-4,-4,-3,-3,-3,-2,-3,-6,-6,-6,-6,-6,-8,-8,-6,-6,-5,-6,-6,-5,-5,-3,-4,-3,-4,-4,-5,-6,-4,-5,-5,-5,-5,-4,-5,-6,-8,-8,-7,-8,-5,-5,-5,-5,-5,-6,-4,-7,-7,-7,-7,-5,-3,-2,-2,-3,-3,-3,-3,-4,-3,-4,-4,-6,-4,-5,-6,-5,-5,-6,-5,-6,-6,-5,-4,-5,-5,-5,-5,-6,-3,-3,-5,-3,-4,-3,-2,-4
481,860,-6,-6,-5,-5,-4,-3,-2,-1,2,0,-1,-3,-2,-3,-4,-2,-1,-1,-3,-4,-3,-4,-5,-4,-3,-3,-3,-5,-5,-5,-6,-5,-5,-6,-5,-4,-4,-4,-5,-6,-6,-5,-4,-3,-2,-2,-2,-2,-3,-5,-4,-5,-6,-6,-5,-6,-6,-7,-7,-8,-7,-7,-7,-7,-6,-8,-7,-7,-7,-7,-4,-2,-3,-2,-2,-2,-3,-3,-4,-4,-4,-5,-4,-3,-5,-5,-5,-6,-4,-4,-6,-7,-5,-5,-7,-5,-5,-5,-6,-6,-4,-3,-2,-2,-4,-2,-4,-5,-4,-4,-3,-4,-4,-5,-4,-3,-4,-3,-3,-7,-6,-6,-6,-6,-8,-8,-7,-6,-5,-7,-7,-6,-6,-4,-5,-4,-5,-5,-6,-7,-5,-6,-5,-7,-6,-5,-5,-7,-9,-9,-8,-10,-6,-5,-5,-6,-5,-6,-4,-7,-8,-8,-9,-6,-3,-3,-3,-3,-4,-3,-3,-4,-4,-4,-4,-7,-4,-5,-6,-6,-6,-7,-6,-7,-6,-6,-5,-5,-6,-6,-6,-7,-4,-4,-7,-5,-6,-4,-4,-5
482,862,-8,-8,-6,-5,-4,-3,-3,-1,2,0,-1,-3,-2,-4,-4,-3,-2,-1,-3,-4,-3,-4,-5,-5,-3,-3,-3,-6,-5,-5,-7,-6,-6,-6,-5,-4,-4,-4,-5,-6,-7,-5,-4,-3,-3,-3,-3,-3,-4,-5,-5,-6,-6,-7,-6,-7,-7,-8,-8,-9,-8,-8,-8,-8,-7,-9,-8,-8,-8,-8,-6,-3,-4,-4,-3,-3,-4,-4,-4,-4,-5,-6,-5,-4,-6,-6,-6,-6,-5,-4,-6,-8,-6,-5,-8,-6,-6,-6,-6,-7,-5,-4,-3,-3,-4,-3,-4,-5,-5,-5,-4,-4,-5,-5,-4,-3,-4,-3,-3,-7,-6,-6,-6,-6,-9,-9,-7,-6,-6,-8,-8,-8,-7,-4,-6,-5,-5,-6,-6,-8,-6,-6,-6,-7,-7,-5,-6,-7,-10,-10,-9,-11,-6,-6,-6,-6,-5,-7,-4,-8,-9,-9,-10,-6,-4,-4,-3,-4,-4,-4,-4,-4,-4,-5,-5,-7,-5,-6,-7,-7,-7,-7,-7,-7,-7,-6,-5,-6,-7,-7,-8,-9,-5,-6,-8,-6,-7,-5,-5,-6
483,864,-9,-10,-6,-6,-4,-4,-3,-1,2,1,-1,-2,-3,-4,-4,-3,-2,-1,-3,-4,-3,-4,-6,-5,-4,-3,-3,-6,-5,-6,-7,-6,-6,-6,-6,-4,-4,-4,-6,-7,-7,-6,-5,-4,-3,-3,-3,-4,-4,-6,-5,-6,-7,-7,-6,-7,-7,-8,-8,-10,-8,-9,-8,-8,-8,-9,-9,-9,-9,-9,-6,-4,-5,-5,-4,-4,-4,-4,-5,-4,-5,-6,-5,-4,-6,-6,-6,-6,-5,-4,-6,-8,-6,-5,-8,-6,-6,-6,-7,-7,-5,-4,-3,-3,-5,-3,-4,-6,-6,-5,-4,-5,-5,-5,-4,-3,-4,-3,-2,-7,-5,-6,-5,-5,-9,-9,-7,-6,-6,-9,-9,-9,-8,-5,-7,-5,-6,-6,-7,-8,-6,-7,-6,-8,-7,-6,-6,-7,-10,-10,-10,-11,-7,-6,-6,-6,-5,-7,-4,-8,-10,-10,-11,-7,-4,-4,-4,-4,-5,-4,-4,-4,-4,-5,-5,-8,-5,-6,-7,-8,-8,-7,-7,-8,-8,-7,-6,-6,-7,-8,-9,-10,-6,-7,-10,-7,-8,-5,-5,-7
484,866,-11,-11,-6,-6,-4,-4,-3,-1,2,1,-1,-2,-3,-4,-4,-3,-2,-1,-3,-4,-3,-4,-6,-5,-4,-3,-3,-6,-5,-6,-7,-6,-6,-6,-6,-4,-4,-3,-6,-7,-8,-6,-5,-4,-3,-4,-4,-4,-5,-6,-5,-6,-7,-7,-6,-7,-7,-8,-8,-10,-8,-9,-9,-8,-8,-10,-9,-9,-9,-10,-7,-5,-6,-6,-5,-5,-5,-4,-5,-4,-5,-6,-5,-5,-7,-6,-7,-6,-6,-4,-6,-8,-6,-6,-9,-6,-7,-6,-7,-7,-5,-4,-3,-3,-5,-3,-5,-6,-6,-6,-4,-5,-5,-6,-4,-3,-4,-4,-2,-7,-5,-6,-5,-4,-8,-8,-7,-6,-5,-9,-10,-10,-8,-5,-7,-5,-5,-6,-7,-9,-6,-7,-6,-8,-8,-6,-6,-7,-9,-11,-11,-12,-7,-6,-5,-6,-4,-7,-4,-8,-11,-10,-11,-7,-4,-5,-4,-4,-5,-5,-4,-4,-4,-5,-5,-8,-5,-6,-7,-8,-8,-8,-7,-8,-8,-7,-6,-6,-8,-9,-9,-10,-7,-8,-11,-8,-9,-6,-6,-8
485,868,-12,-12,-6,-6,-4,-4,-3,-1,2,1,0,-2,-3,-4,-4,-4,-2,-1,-3,-4,-3,-4,-6,-5,-4,-3,-3,-6,-5,-5,-7,-6,-6,-5,-6,-4,-4,-3,-6,-7,-8,-6,-5,-4,-4,-4,-4,-4,-5,-6,-5,-6,-7,-7,-6,-7,-7,-8,-8,-10,-8,-9,-8,-8,-8,-10,-9,-9,-10,-10,-7,-5,-6,-6,-6,-6,-5,-4,-5,-4,-5,-6,-5,-5,-6,-6,-7,-6,-6,-4,-6,-8,-6,-5,-9,-6,-7,-6,-6,-7,-5,-4,-3,-3,-5,-3,-4,-6,-6,-6,-4,-5,-5,-6,-4,-3,-4,-4,-2,-7,-5,-5,-4,-4,-7,-8,-7,-6,-5,-9,-10,-10,-8,-5,-7,-5,-5,-7,-7,-9,-6,-7,-6,-8,-8,-5,-6,-6,-9,-10,-11,-12,-7,-6,-5,-5,-4,-7,-4,-7,-11,-11,-11,-6,-4,-5,-4,-4,-5,-5,-3,-4,-4,-5,-5,-8,-5,-6,-7,-9,-9,-7,-7,-8,-8,-7,-6,-6,-8,-9,-10,-11,-7,-8,-12,-9,-9,-6,-7,-8
486,870,-12,-12,-5,-5,-4,-3,-3,0,3,2,0,-1,-2,-3,-4,-4,-2,-1,-3,-4,-3,-4,-6,-5,-4,-3,-3,-6,-5,-5,-7,-6,-5,-5,-6,-4,-3,-2,-5,-7,-7,-5,-5,-4,-4,-4,-4,-4,-5,-6,-5,-6,-7,-7,-6,-6,-6,-7,-8,-9,-8,-9,-8,-8,-8,-9,-9,-9,-10,-10,-7,-5,-6,-7,-6,-6,-5,-4,-5,-4,-5,-6,-5,-5,-6,-6,-7,-6,-5,-4,-5,-8,-5,-5,-9,-6,-6,-6,-6,-6,-4,-4,-3,-3,-5,-3,-4,-6,-6,-6,-4,-5,-5,-5,-4,-2,-4,-4,-1,-6,-4,-4,-3,-2,-6,-7,-6,-5,-4,-8,-9,-10,-8,-5,-8,-5,-5,-7,-6,-8,-6,-7,-6,-8,-8,-5,-6,-6,-8,-10,-10,-11,-6,-6,-5,-4,-3,-7,-3,-7,-12,-11,-11,-6,-4,-5,-4,-4,-5,-5,-3,-4,-4,-5,-5,-8,-5,-6,-6,-8,-9,-7,-7,-7,-8,-7,-6,-6,-8,-9,-10,-11,-7,-9,-13,-9,-10,-6,-7,-8
487,872,-13,-13,-5,-5,-3,-3,-2,0,3,3,1,0,-2,-3,-4,-4,-2,-1,-3,-4,-3,-4,-6,-5,-3,-2,-3,-6,-4,-4,-6,-5,-5,-4,-5,-4,-3,-1,-5,-6,-7,-5,-4,-4,-4,-4,-4,-4,-5,-6,-5,-6,-7,-6,-6,-6,-6,-7,-7,-8,-7,-9,-7,-8,-8,-9,-9,-9,-9,-9,-7,-5,-6,-7,-6,-6,-5,-4,-5,-4,-5,-6,-5,-5,-6,-6,-6,-5,-5,-4,-4,-7,-5,-4,-8,-5,-6,-5,-5,-6,-4,-4,-3,-3,-5,-2,-4,-6,-6,-5,-3,-5,-4,-5,-4,-2,-4,-4,-1,-6,-3,-4,-2,-1,-5,-6,-5,-4,-3,-8,-9,-10,-8,-5,-7,-5,-4,-6,-6,-8,-6,-7,-6,-8,-7,-5,-5,-5,-7,-9,-10,-11,-6,-6,-4,-4,-2,-6,-3,-6,-11,-11,-11,-5,-3,-5,-4,-4,-5,-5,-3,-3,-4,-5,-5,-7,-4,-6,-6,-8,-8,-7,-6,-7,-8,-7,-6,-5,-7,-9,-10,-11,-7,-9,-13,-9,-10,-6,-7,-8
488,874,-12,-12,-4,-4,-3,-3,-2,1,4,3,2,1,-1,-2,-3,-3,-2,-1,-3,-3,-3,-3,-5,-4,-3,-2,-3,-5,-4,-3,-6,-4,-4,-3,-5,-3,-2,-1,-4,-6,-6,-4,-4,-4,-4,-4,-4,-4,-4,-5,-5,-5,-6,-6,-5,-5,-5,-6,-6,-8,-7,-8,-7,-7,-7,-8,-8,-8,-9,-9,-7,-5,-6,-7,-6,-6,-5,-4,-4,-3,-4,-5,-4,-4,-5,-5,-6,-5,-5,-3,-3,-6,-4,-3,-8,-4,-5,-5,-4,-5,-4,-4,-3,-3,-5,-2,-3,-5,-6,-5,-3,-4,-4,-5,-3,-2,-3,-4,-1,-5,-3,-3,-1,0,-4,-5,-5,-3,-2,-7,-8,-10,-7,-4,-7,-4,-4,-6,-5,-7,-5,-6,-5,-7,-7,-4,-4,-4,-6,-8,-9,-10,-5,-5,-3,-3,-2,-6,-3,-6,-11,-10,-10,-4,-3,-4,-4,-3,-5,-5,-2,-3,-3,-5,-4,-6,-4,-5,-5,-8,-8,-6,-6,-6,-8,-6,-6,-5,-7,-9,-10,-11,-7,-9,-13,-9,-9,-6,-7,-8
489,876,-12,-12,-3,-3,-2,-2,-1,1,4,4,2,2,-1,-2,-3,-3,-2,-1,-2,-3,-2,-2,-4,-3,-3,-2,-2,-5,-3,-3,-5,-4,-3,-3,-4,-3,-1,0,-3,-5,-6,-4,-3,-3,-3,-4,-4,-4,-4,-5,-4,-5,-6,-5,-4,-4,-5,-5,-5,-7,-6,-8,-6,-7,-7,-7,-7,-7,-8,-8,-6,-4,-5,-7,-6,-6,-5,-4,-4,-3,-4,-4,-4,-4,-4,-4,-5,-4,-4,-3,-3,-5,-3,-2,-7,-4,-4,-4,-4,-4,-3,-3,-2,-3,-5,-1,-3,-5,-5,-4,-2,-4,-3,-4,-3,-1,-3,-3,0,-4,-2,-2,0,1,-2,-3,-4,-2,-1,-6,-7,-9,-6,-4,-6,-4,-3,-6,-5,-7,-5,-6,-5,-6,-6,-3,-4,-4,-5,-7,-8,-9,-4,-5,-3,-2,-1,-5,-2,-5,-11,-10,-10,-3,-2,-4,-4,-3,-5,-5,-2,-2,-3,-4,-4,-6,-4,-5,-5,-7,-8,-6,-5,-6,-7,-6,-6,-4,-6,-9,-9,-10,-6,-9,-13,-9,-9,-6,-6,-8
490,878,-11,-11,-2,-3,-1,-2,-1,2,4,4,3,2,0,-1,-2,-3,-2,-1,-2,-2,-2,-2,-4,-3,-2,-1,-2,-4,-2,-2,-4,-3,-2,-2,-4,-2,-1,1,-2,-4,-5,-3,-3,-3,-3,-3,-4,-4,-4,-4,-4,-4,-5,-4,-4,-3,-4,-4,-4,-6,-5,-7,-5,-6,-6,-7,-6,-6,-7,-7,-5,-4,-5,-6,-6,-6,-4,-3,-3,-2,-3,-4,-3,-4,-4,-4,-4,-3,-4,-2,-2,-4,-2,-1,-7,-3,-4,-3,-3,-4,-3,-3,-2,-2,-5,-1,-2,-4,-5,-4,-2,-4,-3,-4,-3,-1,-2,-3,0,-3,-1,-1,1,2,-1,-2,-3,-1,0,-5,-6,-8,-6,-3,-6,-3,-2,-5,-4,-6,-4,-5,-4,-5,-5,-3,-3,-3,-3,-6,-7,-8,-3,-4,-2,-1,0,-5,-2,-4,-10,-9,-9,-2,-2,-3,-4,-2,-4,-4,-1,-2,-2,-4,-3,-5,-3,-4,-4,-6,-7,-5,-4,-5,-7,-5,-5,-4,-6,-8,-9,-10,-6,-8,-12,-8,-9,-6,-6,-8
491,880,-11,-11,-1,-2,0,-1,0,2,5,5,4,3,1,0,-2,-3,-1,-1,-2,-2,-1,-1,-3,-2,-2,-1,-1,-4,-2,-1,-3,-2,-2,-1,-3,-2,0,1,-1,-4,-4,-3,-2,-3,-3,-3,-4,-3,-3,-4,-3,-4,-5,-4,-3,-3,-3,-3,-3,-5,-4,-6,-4,-5,-5,-6,-6,-5,-6,-6,-5,-3,-4,-6,-6,-6,-4,-3,-3,-2,-3,-3,-3,-3,-3,-3,-4,-2,-3,-1,-1,-4,-1,0,-6,-2,-3,-2,-2,-3,-2,-3,-2,-2,-4,0,-2,-4,-4,-3,-1,-4,-2,-3,-2,0,-2,-3,1,-3,-1,-1,2,3,0,-1,-2,0,0,-4,-5,-7,-5,-2,-5,-3,-2,-5,-3,-5,-4,-5,-4,-5,-5,-2,-3,-2,-2,-5,-6,-7,-2,-4,-1,0,1,-4,-1,-3,-10,-9,-8,-1,-2,-3,-3,-2,-4,-4,-1,-1,-2,-3,-3,-4,-3,-3,-3,-5,-7,-4,-4,-4,-6,-5,-5,-3,-5,-8,-8,-9,-6,-8,-12,-8,-8,-5,-6,-7
492,882,-10,-10,0,-1,0,-1,0,2,5,6,4,4,2,1,-1,-2,-1,-1,-2,-1,-1,-1,-3,-2,-1,0,-1,-3,-1,-1,-2,-2,-1,-1,-3,-1,1,2,-1,-3,-3,-2,-2,-2,-2,-3,-3,-3,-3,-3,-3,-3,-4,-3,-3,-2,-3,-3,-2,-4,-3,-6,-4,-4,-5,-5,-5,-4,-5,-5,-4,-3,-3,-5,-5,-5,-4,-2,-2,-1,-2,-2,-2,-3,-2,-3,-3,-2,-2,-1,0,-3,0,0,-6,-2,-2,-1,-1,-2,-2,-2,-2,-2,-4,0,-2,-3,-4,-3,-1,-3,-2,-3,-2,0,-2,-3,1,-2,-1,0,3,3,1,0,-1,1,1,-3,-4,-7,-4,-1,-5,-2,-1,-4,-3,-5,-3,-4,-3,-4,-4,-2,-2,-2,-1,-4,-5,-6,-2,-3,-1,0,2,-4,-1,-3,-9,-8,-7,-1,-1,-3,-3,-2,-3,-4,-1,-1,-1,-3,-3,-4,-3,-3,-3,-5,-6,-4,-3,-4,-6,-5,-4,-3,-5,-7,-7,-8,-5,-7,-11,-8,-8,-5,-5,-7
493,884,-9,-9,1,-1,1,0,1,3,6,6,5,5,2,1,-1,-2,-1,0,-2,-1,-1,0,-2,-1,-1,0,-1,-3,0,0,-2,-1,-1,0,-2,-1,1,2,0,-2,-3,-2,-1,-2,-2,-3,-3,-3,-2,-3,-3,-3,-4,-3,-2,-2,-2,-2,-2,-3,-3,-5,-3,-4,-4,-5,-4,-4,-5,-4,-3,-2,-3,-5,-5,-5,-3,-2,-2,-1,-2,-2,-2,-2,-2,-2,-2,-1,-2,-1,0,-2,1,1,-6,-1,-2,-1,-1,-1,-1,-2,-2,-2,-4,0,-1,-3,-4,-2,0,-3,-2,-2,-2,1,-1,-3,1,-1,0,0,3,4,2,1,-1,1,2,-2,-4,-6,-4,-1,-4,-1,-1,-4,-2,-4,-3,-4,-3,-3,-4,-2,-2,-1,-1,-3,-5,-5,-1,-3,0,1,2,-3,-1,-2,-9,-8,-7,0,-1,-2,-3,-1,-3,-4,0,-1,-1,-3,-3,-3,-2,-2,-3,-4,-6,-3,-3,-3,-5,-4,-4,-2,-4,-7,-7,-8,-5,-7,-11,-7,-7,-4,-5,-6
494,886,-9,-9,1,0,1,0,1,3,6,6,5,5,3,2,0,-2,-1,0,-2,-1,-1,0,-2,-1,-1,0,-1,-2,0,0,-1,-1,0,0,-2,-1,1,3,0,-2,-2,-1,-1,-1,-2,-2,-3,-3,-2,-3,-2,-2,-3,-2,-2,-1,-2,-2,-1,-3,-2,-5,-2,-3,-4,-4,-4,-3,-4,-4,-3,-2,-2,-4,-5,-5,-3,-2,-1,0,-1,-2,-1,-2,-1,-2,-2,-1,-1,0,1,-2,1,1,-6,-1,-1,0,0,-1,-1,-2,-2,-1,-4,1,-1,-2,-3,-2,0,-3,-1,-2,-1,1,-1,-3,1,-1,0,1,4,4,2,1,0,2,2,-1,-3,-6,-3,0,-4,-1,0,-3,-2,-3,-2,-4,-2,-3,-3,-1,-1,-1,0,-3,-4,-4,-1,-3,0,1,3,-3,0,-2,-9,-7,-6,1,-1,-2,-3,-1,-3,-4,0,0,-1,-2,-2,-3,-2,-2,-2,-4,-5,-3,-3,-3,-5,-4,-4,-2,-4,-7,-6,-7,-4,-7,-11,-7,-7,-4,-4,-6
495,888,-8,-8,2,0,1,0,1,3,6,6,5,6,3,2,0,-1,-1,0,-2,-1,0,0,-2,-1,-1,0,0,-2,0,1,-1,0,0,1,-2,-1,2,3,0,-1,-2,-1,0,-1,-2,-2,-3,-2,-2,-3,-2,-2,-3,-2,-2,-1,-1,-1,-1,-2,-2,-5,-2,-3,-4,-4,-3,-3,-4,-3,-3,-1,-2,-4,-4,-5,-3,-1,-1,0,-1,-1,-1,-2,-1,-1,-2,0,-1,0,1,-1,2,1,-6,0,-1,0,0,-1,-1,-2,-1,-1,-3,1,-1,-2,-3,-2,0,-3,-1,-2,-1,1,-1,-2,1,-1,0,1,4,4,3,2,0,2,2,-1,-3,-5,-3,0,-4,-1,0,-3,-2,-3,-2,-3,-2,-2,-3,-1,-1,0,0,-2,-4,-4,0,-3,0,2,3,-3,0,-1,-8,-7,-6,1,-1,-2,-2,-1,-3,-4,0,0,-1,-2,-2,-3,-2,-2,-2,-3,-5,-3,-2,-2,-5,-4,-4,-2,-4,-6,-6,-7,-4,-6,-10,-7,-7,-4,-4,-6
496,890,-8,-8,2,0,1,1,1,3,6,7,5,6,3,2,0,-1,-1,0,-1,-1,0,0,-2,-1,0,1,0,-2,0,1,-1,0,0,1,-1,-1,2,3,1,-1,-2,-1,0,-1,-2,-2,-3,-2,-2,-2,-2,-2,-3,-2,-1,-1,-1,-1,-1,-2,-2,-5,-2,-3,-3,-3,-3,-3,-4,-3,-2,-1,-2,-4,-4,-4,-3,-1,-1,0,-1,-1,-1,-2,-1,-1,-1,0,-1,0,1,-1,2,1,-5,0,0,0,0,0,-1,-2,-1,-1,-3,1,-1,-2,-3,-1,0,-2,-1,-2,-1,1,-1,-2,1,0,0,1,4,5,3,2,0,2,3,-1,-2,-5,-3,0,-4,-1,0,-3,-2,-3,-2,-3,-2,-2,-3,-1,-1,0,1,-2,-3,-4,0,-2,0,2,3,-2,0,-1,-8,-7,-6,1,-1,-1,-2,-1,-3,-3,0,0,-1,-2,-2,-3,-2,-1,-2,-3,-5,-3,-2,-2,-5,-4,-4,-2,-4,-6,-6,-7,-4,-6,-10,-7,-6,-4,-4,-6
497,892,-8,-8,2,0,1,1,1,3,6,7,5,6,3,3,0,-1,-1,0,-1,-1,0,1,-2,0,0,1,0,-2,0,1,-1,0,1,1,-1,-1,2,3,1,-1,-1,-1,0,-1,-2,-2,-3,-2,-2,-2,-2,-2,-3,-2,-1,-1,-1,-1,-1,-2,-1,-5,-2,-3,-3,-3,-3,-2,-3,-3,-2,-1,-2,-4,-4,-4,-3,-1,-1,0,-1,-1,-1,-1,-1,-1,-1,0,-1,0,1,-1,2,1,-5,0,0,0,0,0,-1,-2,-1,-1,-3,1,0,-2,-3,-1,0,-2,-1,-1,-1,1,-1,-2,1,0,0,1,4,5,3,2,0,2,3,0,-2,-5,-2,0,-3,-1,0,-3,-2,-3,-2,-3,-2,-2,-3,-1,-1,0,1,-2,-3,-4,0,-2,1,2,3,-2,0,-1,-8,-7,-5,1,0,-1,-2,-1,-2,-3,0,0,-1,-2,-2,-3,-2,-1,-2,-3,-5,-3,-2,-2,-5,-3,-3,-2,-3,-6,-6,-6,-4,-6,-10,-6,-6,-4,-4,-6
498,894,-8,-8,2,0,2,1,1,3,6,7,5,6,3,3,0,-1,-1,0,-1,-1,0,1,-2,0,0,1,0,-2,1,1,-1,0,1,1,-1,0,2,3,1,-1,-1,-1,0,-1,-2,-2,-3,-2,-2,-2,-2,-2,-3,-1,-1,-1,-1,-1,0,-2,-1,-5,-2,-3,-3,-3,-3,-2,-3,-3,-2,-1,-2,-4,-4,-4,-3,-1,-1,0,-1,-1,-1,-1,-1,-1,-1,0,-1,0,2,-1,2,1,-5,0,0,0,0,0,0,-2,-1,-1,-3,1,0,-2,-3,-1,0,-2,-1,-1,-1,1,-1,-2,2,0,0,1,4,5,3,2,0,3,3,0,-2,-5,-2,0,-3,-1,0,-3,-1,-3,-2,-3,-2,-2,-3,-1,-1,0,1,-2,-3,-4,0,-2,1,2,3,-2,0,-1,-8,-7,-5,1,0,-1,-2,-1,-2,-3,0,0,-1,-2,-2,-2,-2,-1,-2,-3,-5,-3,-2,-2,-5,-3,-3,-1,-3,-6,-6,-6,-4,-6,-10,-6,-6,-4,-4,-6
499,896,-8,-8,2,0,2,1,1,3,6,7,5,6,3,3,0,-1,0,0,-1,-1,0,1,-2,0,0,1,0,-2,1,1,0,0,1,1,-1,0,2,3,1,-1,-1,-1,0,-1,-2,-2,-3,-2,-2,-2,-2,-2,-3,-1,-1,-1,-1,-1,0,-2,-1,-5,-2,-3,-3,-3,-3,-2,-3,-3,-2,-1,-2,-4,-4,-4,-3,-1,-1,0,-1,-1,-1,-1,-1,-1,-1,0,-1,0,2,-1,2,1,-5,0,0,0,0,0,0,-2,-1,-1,-3,1,0,-2,-3,-1,0,-2,-1,-1,-1,1,-1,-2,2,0,0,1,4,5,3,2,0,3,3,0,-2,-5,-2,0,-3,-1,0,-3,-1,-3,-2,-3,-2,-2,-3,-1,-1,0,1,-2,-3,-4,0,-2,1,2,3,-2,0,-1,-8,-7,-5,1,0,-1,-2,-1,-2,-3,0,0,-1,-2,-2,-2,-2,-1,-2,-3,-5,-3,-2,-2,-5,-3,-3,-1,-3,-6,-6,-6,-4,-6,-10,-6,-6,-4,-4,-6
500,898,-8,-8,2,0,2,1,1,3,6,7,5,6,3,3,0,-1,0,0,-1,-1,0,1,-2,0,0,1,0,-2,1,1,0,0,1,1,-1,0,2,3,1,-1,-1,-1,0,-1,-2,-2,-3,-2,-2,-2,-2,-2,-3,-1,-1,-1,-1,-1,0,-2,-1,-5,-2,-3,-3,-3,-3,-2,-3,-3,-2,-1,-2,-4,-4,-4,-3,-1,-1,0,-1,-1,-1,-1,-1,-1,-1,0,-1,0,2,-1,2,1,-5,0,0,0,0,0,0,-2,-1,-1,-3,1,0,-2,-3,-1,0,-2,-1,-1,-1,1,-1,-2,2,0,0,1,4,5,3,2,0,3,3,0,-2,-5,-2,0,-3,-1,0,-3,-1,-3,-2,-3,-2,-2,-3,-1,-1,0,1,-2,-3,-3,0,-2,1,2,3,-2,0,-1,-8,-7,-5,1,0,-1,-2,-1,-2,-3,0,0,-1,-2,-2,-2,-2,-1,-2,-3,-5,-3,-2,-2,-5,-3,-3,-1,-3,-6,-6,-6,-4,-6,-10,-6,-6,-4,-4,-6
501,900,-8,-8,2,0,2,1,1,3,6,7,5,6,3,3,0,-1,0,0,-1,-1,0,1,-2,0,0,1,0,-2,1,1,0,0,1,1,-1,0,2,3,1,-1,-1,-1,0,-1,-2,-2,-3,-2,-2,-2,-2,-2,-3,-1,-1,-1,-1,-1,0,-2,-1,-5,-2,-3,-3,-3,-3,-2,-3,-3,-2,-1,-2,-4,-4,-4,-3,-1,-1,0,-1,-1,-1,-1,-1,-1,-1,0,-1,0,2,-1,2,1,-5,0,0,0,0,0,0,-2,-1,-1,-3,1,0,-2,-3,-1,0,-2,-1,-1,-1,1,-1,-2,2,0,0,1,4,5,3,2,0,3,3,0,-2,-5,-2,0,-3,-1,0,-3,-1,-3,-2,-3,-2,-2,-3,-1,-1,0,1,-2,-3,-3,0,-2,1,2,3,-2,0,-1,-8,-7,-5,1,0,-1,-2,-1,-2,-3,0,0,-1,-2,-2,-2,-2,-1,-2,-3,-5,-3,-2,-2,-5,-3,-3,-1,-3,-6,-6,-6,-4,-6,-10,-6,-6,-4,-4,-6
