"","TRACE",1,2,3,4,5,6,7,8,9,10,11,12,13,14,15,16,17,18,19,20,21,22,23,24,25,26,27,28,29,30,31,32,33,34,35,36,37,38,39,40,41,42,43,44,45,46,47,48,49,50,51,52,53,54,55,56,57,58,59,60,61,62,63,64,65,66,67,68,69,70,71,72,73,74,75,76,77,78,79,80,81,82,83,84,85,86,87,88,89,90,91,92,93,94,95,96,97,98,99,100,101,102,103,104,105,106,107,108,109,110,111,112,113,114,115,116,117,118,119,120,121,122,123,124,125,126,127,128,129,130,131,132,133,134,135,136,137,138,139,140,141,142,143,144,145,146,147,148,149,150,151,152,153,154,155,156,157,158,159,160,161,162,163,164,165,166,167,168,169,170,171,172,173,174,175,176,177,178,179,180,181,182,183,184,185,186,187,188,189,190,191,192,193,194,195,196,197,198
"","Position (m)",0,1,2,3,4,5,6,7,8,9,10,11,12,13,14,15,16,17,18,19,20,21,22,23,24,25,26,27,28,29,30,31,32,33,34,35,36,37,38,39,40,41,42,43,44,45,46,47,48,49,50,51,52,53,54,55,56,57,58,59,60,61,62,63,64,65,66,67,68,69,70,71,72,73,74,75,76,77,78,79,80,81,82,83,84,85,86,87,88,89,90,91,92,93,94,95,96,97,98,99,100,101,102,103,104,105,106,107,108,109,110,111,112,113,114,115,116,117,118,119,120,121,122,123,124,125,126,127,128,129,130,131,132,133,134,135,136,137,138,139,140,141,142,143,144,145,146,147,148,149,150,151,152,153,154,155,156,157,158,159,160,161,162,163,164,165,166,167,168,169,170,171,172,173,174,175,176,177,178,179,180,181,182,183,184,185,186,187,188,189,190,191,192,193,194,195,196,197
"Point","Time (ns)"
1,-100.1599999999999966,-15,4,5,3,3,4,-1,6,-4,0,-3,6,4,5,5,1,4,3,3,-3,-1,0,3,2,-36,23,-13,7,2,5,1,1,-1,-4,-4,13,5,-12,4,4,1,-8,-3,7,2,8,0,4,-2,16,-7,7,-19,-9,1,-5,2,3,-4,-1,4,1,0,3,-1,10,-5,13,-3,-1,1,5,7,-13,16,-4,3,-2,-2,-5,5,0,8,6,-1,-4,2,-5,-3,-5,-7,14,-9,1,6,5,-5,-4,11,1,-2,9,-8,-4,2,-2,3,-7,-13,-2,3,-4,3,6,7,-10,-1,-4,1,2,0,-11,5,19,-2,-1,-1,22,-1,3,10,0,3,8,8,3,0,-4,1,-11,-5,0,-3,0,2,1,0,4,1,10,-1,3,11,0,4,18,5,-2,0,6,17,-11,11,-17,6,-16,-2,11,8,-3,2,8,-2,19,-7,7,14,1,3,1,9,2,-6,5,-4,2,10,4,-3,-1,-6,0,0,2,-1,-1,-2,-3
2,-96.95999999999999375,22,5,-8,-9,0,-8,2,-3,0,-2,-9,7,0,0,6,-5,1,0,1,-2,-6,-1,3,6,6,-1,2,-1,5,0,1,-4,4,-1,-5,-5,-2,-1,-4,-3,-3,8,-1,-4,1,-2,-8,4,-5,-1,16,0,3,2,-2,-8,-6,-2,3,-1,2,5,-8,4,3,-5,10,-10,-1,6,0,4,1,17,6,-2,-3,-14,4,5,0,-6,7,-17,-7,-1,-4,-2,4,2,-3,-13,7,3,2,-1,2,0,-4,3,9,-2,-7,5,-3,-4,10,4,17,2,2,0,-5,2,-13,0,-4,-8,1,-3,-1,-7,-5,8,4,-1,0,-7,-1,9,4,5,-9,7,0,2,7,-8,-15,4,3,7,6,-1,1,3,-10,2,1,-6,8,0,0,5,1,-4,2,-4,6,-10,-3,6,0,1,3,12,4,1,5,5,3,-5,8,6,-9,4,-5,-5,3,-10,6,-2,0,-3,-3,-2,5,3,11,4,-2,-6,5,-8,-6,0,-2,6
3,-93.75999999999999091,5,0,-8,-1,0,4,-6,5,1,9,-11,-6,-4,3,-7,-1,0,-17,9,10,1,4,-6,1,6,-4,-5,-3,6,-2,2,-5,-5,1,6,8,-4,-2,-2,-5,0,4,5,-2,-2,-3,1,-4,4,-2,-12,-5,7,3,-8,-1,7,-2,5,-7,-7,-2,7,-5,3,-13,2,-2,-5,-2,-2,2,7,-8,-4,1,-3,3,-3,-2,5,1,-1,7,-2,10,1,3,-1,-7,2,2,10,-2,3,-6,-6,-2,-8,-3,-2,1,9,-2,2,-2,13,-6,0,-4,-5,-8,8,11,2,-2,1,-3,-8,-8,0,6,1,-16,-8,-1,1,-11,-14,5,3,-4,6,-14,0,3,1,1,-1,-1,-6,1,16,4,2,-5,-2,-5,3,-4,-6,1,-10,3,11,1,4,-7,-10,4,-6,-1,-9,-4,4,-4,12,-11,6,0,3,5,3,0,1,4,8,14,1,-9,-3,1,0,-3,10,3,9,10,-2,-3,-1,-3,0,10,2,-1,-4,-2
4,-90.56000000000000227,15,-3,1,-2,5,0,-3,6,7,0,-5,2,-2,6,-4,-2,3,4,7,7,-2,10,1,-6,4,-1,10,2,4,-5,10,7,0,1,3,-10,-3,-7,-7,0,4,4,-9,6,-3,9,2,-6,3,6,18,3,-13,10,-6,3,-1,4,0,-8,1,-3,10,-1,-2,7,4,-9,-2,2,1,-1,2,-11,2,-8,7,-1,-4,-11,8,1,4,-3,7,3,7,6,-4,1,8,10,2,-14,-2,-5,1,6,5,-9,-6,-5,-3,-1,-2,6,0,5,-3,6,1,0,-2,-1,3,8,1,5,7,5,10,8,2,7,4,6,4,9,4,-6,-6,5,-2,0,10,5,5,7,1,3,0,-7,6,2,-1,0,4,-8,1,-4,7,3,1,-3,8,-13,-5,11,6,5,-4,6,0,12,-4,-1,0,3,6,8,1,2,6,3,7,-7,-7,5,-2,4,-8,-12,5,6,1,-5,-7,-17,-4,-1,-6,0,5,0,7,5,3,-4
5,-87.35999999999999943,-5,7,-1,1,-1,4,-5,3,2,14,4,-6,-6,4,1,3,-2,3,-10,2,-7,0,10,1,-8,-3,5,-9,-1,-8,11,0,2,2,2,5,-1,-7,10,2,4,-1,6,-5,5,10,-3,5,-1,5,3,-6,6,-2,8,8,5,9,11,-3,-2,5,1,-2,0,0,0,3,-2,4,-7,-8,8,15,7,2,2,0,4,2,-4,0,-1,1,0,11,3,3,-15,-5,3,-11,2,0,10,8,6,-1,10,6,-3,-2,6,-2,10,1,11,9,3,-4,-2,-3,0,9,1,5,-3,4,-5,-4,-1,-3,10,4,-3,7,-3,-1,9,1,-3,-3,-3,11,-10,8,8,15,-13,4,-2,2,4,0,5,7,10,2,-3,-1,-5,-5,-3,6,-10,1,-6,2,4,-1,11,-17,-7,-7,2,4,2,0,-3,8,3,5,-8,5,2,1,7,-2,-5,0,6,1,4,1,5,-1,6,12,-3,-15,0,1,-3,4,-2,-8,-5,7
6,-84.15999999999999659,3,-6,11,2,-7,-4,6,-4,0,2,-2,0,4,0,-5,11,-3,4,-2,1,5,7,0,1,7,3,-1,7,-4,-7,7,3,3,-6,-3,-4,4,3,-5,4,0,-6,4,4,5,1,6,-15,4,0,11,10,2,-3,9,1,3,0,-1,3,-7,-1,-2,6,4,-1,1,-7,0,9,-2,4,1,-1,0,9,5,-2,0,0,4,1,-5,-8,5,-1,-2,0,12,6,-1,-8,3,-1,-8,1,6,5,0,-8,19,-5,-5,-4,-1,18,-19,-6,-1,9,-2,8,4,-3,5,3,7,1,1,-5,-10,9,2,-1,-1,0,-1,-2,-12,4,5,4,-1,-4,-4,3,6,-3,7,3,3,8,-2,1,0,8,4,-5,5,-12,-5,-5,5,-4,4,2,-19,3,16,0,4,-9,-12,-4,2,-19,5,4,2,-9,-5,0,-1,0,-3,-8,-10,2,0,-8,-2,6,-4,7,3,8,3,6,-3,-6,5,8,2,-6,2,4,2,-4
7,-80.95999999999999375,-11,11,-5,4,-2,-8,5,-7,-4,-3,15,10,4,0,3,-6,3,3,-11,-2,-1,-4,7,-11,-3,-6,7,-3,5,5,2,9,6,-1,0,10,1,12,13,-1,-5,7,3,-2,1,-14,0,-1,11,-9,-5,4,-3,1,1,3,-8,1,4,7,1,-1,2,-3,6,3,-2,-16,1,-6,0,-5,7,-3,-1,12,0,1,4,0,2,5,10,15,3,-4,0,3,-4,-4,4,8,7,7,-10,6,5,6,-4,4,17,1,15,2,7,-11,14,3,-6,6,6,0,-4,8,8,3,0,-4,3,-3,10,13,6,4,9,-5,-5,-8,0,-2,-13,3,6,7,4,1,7,1,3,-10,7,-6,-5,0,-1,2,-8,5,-3,-4,-4,-5,3,7,-5,2,7,6,10,0,-20,0,2,1,7,-2,-8,3,-1,-17,-6,-8,3,-9,-8,-5,-4,-1,3,-5,-6,7,-4,4,-1,-1,-3,-1,-3,-2,-3,2,-6,19,2,6,3,-1
8,-77.75999999999999091,0,-9,-11,-6,8,-4,1,-4,2,-8,6,-3,4,-2,5,-6,-2,-3,1,-5,-1,1,-10,-1,-4,5,-3,0,6,2,-12,-11,-5,-5,6,-10,2,5,-10,-10,-2,-2,8,-7,0,3,-1,3,3,3,2,1,-2,7,-3,-6,4,2,5,8,-7,2,5,2,0,2,-11,3,-1,-7,8,11,-8,3,-1,-8,-2,4,1,-4,-2,-1,-10,13,-3,-7,9,-2,-8,0,13,-13,3,3,3,-1,9,-4,-6,1,19,5,2,-3,6,10,23,-2,-16,11,3,-4,-6,-2,-1,-1,7,-6,1,7,-2,-12,-3,-18,-1,4,-4,0,6,-2,-1,8,1,-11,-5,10,-2,-1,-7,-1,6,-10,4,1,3,-4,4,11,7,1,20,8,-8,4,-6,7,-2,-1,2,5,-23,3,-7,-3,-6,7,-4,8,-11,0,2,1,-7,0,-1,-2,3,-2,3,4,-3,-23,-4,-3,12,-2,1,-18,-1,1,4,-2,4,0,-4,6,3,0
9,-74.55999999999998806,-2,5,9,10,-4,9,-5,-1,-1,-8,4,0,3,-4,-1,1,3,-4,0,-3,21,-1,2,1,11,1,2,-6,-8,11,-2,5,5,-3,4,-2,5,-4,0,0,3,-12,-1,-1,5,-3,5,2,-2,-1,-7,-1,0,-10,-4,9,-1,11,-7,0,9,-5,-3,3,1,-1,-8,2,7,6,1,6,-7,0,0,2,2,4,11,3,-10,8,6,-1,-4,8,-3,-1,6,-3,-3,0,4,-5,-1,3,-10,1,5,2,-21,-4,4,1,-1,5,-5,10,17,-17,-4,8,-3,2,-4,-6,-2,1,7,-7,-7,-2,-1,-2,3,7,-8,2,2,8,-2,3,3,-10,-1,-10,-2,25,2,10,9,0,12,2,-3,6,2,-1,-11,-3,5,0,10,5,13,-1,1,4,-6,-20,16,1,1,7,1,-4,5,-2,-2,3,12,5,0,-3,-3,-4,-8,-1,-2,17,-2,6,3,6,-7,-4,4,7,-1,0,-1,4,-7,2,0,5,2,0
10,-71.35999999999999943,-4,2,7,-8,0,-3,4,-1,2,0,10,-5,-3,-11,2,3,8,4,2,-3,0,-2,-2,6,15,-1,-3,7,5,9,3,1,12,4,0,-8,3,7,-4,-2,2,0,-11,-4,8,2,-2,7,2,-3,4,-4,-2,-3,9,1,-1,0,-4,9,2,-1,7,-2,-2,-4,0,-6,-4,-3,1,-2,-5,-3,-1,-7,-3,0,-12,0,0,-1,2,-1,-5,1,-2,2,2,5,-6,7,-4,2,0,15,4,2,6,5,9,14,2,0,-6,-1,1,1,-8,4,-5,5,0,-7,-4,4,1,-2,0,-1,-2,10,-1,9,5,-6,9,-8,9,-11,0,0,7,16,4,4,3,6,-4,4,-3,0,3,1,7,5,-3,-8,-5,4,-2,-1,2,5,-2,-5,5,3,-1,9,2,6,-5,0,6,1,-2,-9,-8,1,3,-6,6,-1,-9,-8,-5,-1,0,1,13,5,-10,-5,-1,-5,-4,-7,4,-5,-10,-5,-5,-4,2,-2,-5,2
11,-68.15999999999999659,-3,7,-3,-1,6,5,8,-3,4,4,-6,-4,-3,5,3,1,3,-7,-4,0,3,0,3,7,6,-10,6,-1,6,3,5,5,12,9,-3,-1,0,4,-3,0,2,5,3,-1,1,5,-8,9,-2,-3,-8,-8,19,-1,-7,-3,-3,-6,-3,3,3,0,8,1,-1,0,3,1,1,-2,0,-3,-7,-2,3,-3,-5,-4,1,-4,-11,2,2,4,-2,-7,6,1,6,-3,-7,-3,1,-3,-7,-7,12,-6,-5,6,-3,5,6,13,0,-14,-9,-7,3,-14,2,-4,3,8,-15,0,1,4,-6,2,0,0,-2,-13,2,0,16,0,8,2,-3,4,2,-7,-2,-2,-8,-7,-8,0,9,7,-5,-3,0,-5,12,3,-2,0,-3,-4,6,3,-5,3,4,0,2,2,3,9,18,10,-9,9,6,-1,1,5,-10,-5,-4,-5,4,-5,-9,-2,1,-7,-3,9,-9,-12,-9,3,-4,-1,9,0,4,-4,-1,-11,1,2,-3,-1
12,-64.95999999999999375,1,-7,10,7,-3,-3,4,-8,-8,-1,-4,1,-9,2,-1,5,7,7,10,3,-7,-3,0,-2,-18,16,1,-1,-9,-9,-3,0,-3,5,-2,-2,5,8,-4,-2,5,3,1,2,-1,-10,2,7,1,-3,7,2,-10,-1,3,4,2,-1,-7,3,-2,5,-19,-3,-1,3,9,-7,6,-7,-6,-7,-2,5,-8,-1,3,9,1,1,1,2,-2,-8,3,-2,-17,3,14,3,0,2,-2,-7,3,-1,-2,11,-4,-1,3,7,-5,-5,8,-15,-17,3,5,-9,-2,11,-6,0,6,-5,-3,3,8,12,3,-7,-7,-2,-4,-4,-4,-4,-3,-4,-18,8,-6,-2,-4,-2,-1,-4,4,-5,-13,0,-6,-3,5,-7,6,4,1,5,-4,3,-10,-15,-3,-3,3,-1,-7,-27,-9,0,11,-8,-1,4,-5,-2,-4,-3,3,-1,7,6,-4,2,3,-4,-1,7,-7,4,-2,3,2,1,-6,6,-14,1,0,-1,-6,-11,9,0,-2,-3
13,-61.75999999999999091,11,4,3,0,13,3,-7,-2,1,-6,0,2,3,-7,-4,0,-6,1,-6,-2,3,0,-9,4,2,6,-4,0,-6,-3,1,-6,-4,7,3,-3,-2,0,5,0,-1,-1,1,3,-4,9,4,-1,2,-5,-9,-2,5,-4,4,6,2,1,-1,1,5,6,10,4,5,8,0,3,0,-12,5,5,-2,0,-2,15,9,4,1,3,2,-7,-1,-3,2,8,-4,9,4,0,-6,5,-7,14,-1,3,-17,3,-8,8,-7,-3,0,-6,1,-15,-2,-2,-1,6,0,3,8,-29,-8,3,1,11,1,7,-1,-3,-2,2,-2,8,0,-6,0,-1,12,-9,-14,8,10,-19,-13,-8,9,3,-2,3,-4,2,-1,0,0,-1,-6,3,6,-2,9,-4,-9,-1,9,-6,-2,3,4,6,5,12,8,5,3,7,2,-2,2,4,0,-8,9,12,-3,-3,0,-2,4,-1,4,-7,3,1,-4,-5,1,8,3,12,5,-7,7,-4,1,-6
14,-58.55999999999999517,1,5,6,-1,2,10,-3,0,5,1,-2,2,1,-1,8,-5,-2,0,-11,2,1,-5,-5,-4,-4,-13,6,2,-11,-4,-6,9,-6,-1,3,4,2,3,10,-5,5,3,-5,0,-5,-9,8,-2,-5,0,-9,-3,8,2,-1,-5,1,0,-4,3,-4,-4,5,1,6,12,3,1,9,0,-1,6,7,-1,-8,-5,-3,-5,-4,-1,-4,0,4,-5,-3,-6,9,-10,-4,4,6,-3,2,9,5,-9,1,-4,-3,-7,-4,-5,5,6,-9,4,-14,5,1,4,-4,0,-3,15,7,-2,-5,-6,6,-11,3,-10,-3,1,-1,8,-1,3,-7,-11,4,-3,3,-8,-5,4,5,-1,17,-2,-2,0,-8,-1,-8,6,-4,8,6,3,-2,-2,-4,2,6,-4,11,-8,1,0,16,11,0,2,-2,5,0,6,4,0,-1,0,-1,-4,7,21,-2,-4,5,-2,1,10,5,-3,3,2,3,-9,1,22,3,0,-4,-7,-5,-3,4,7
15,-55.35999999999999233,-10,1,5,0,0,-4,-1,-6,-6,3,-2,5,-2,8,2,0,2,-1,8,-8,-9,9,-6,-4,6,2,-6,1,2,-8,-5,0,-4,2,-3,6,1,2,4,8,-9,8,4,3,-7,-2,-1,2,-1,5,-6,5,-1,2,-4,2,-1,-6,6,-7,2,5,-12,1,-4,0,-4,5,-3,2,4,5,3,20,-7,-1,-1,1,8,6,-5,1,-3,0,1,-1,-3,-2,-8,4,5,4,-6,1,-4,-4,7,-8,17,-2,-9,-1,-5,6,1,3,4,6,9,3,-1,-9,-1,-5,2,2,-3,10,-3,-2,8,12,13,7,1,6,7,2,8,1,5,-4,5,8,-2,2,-1,1,6,-5,6,1,-5,1,-10,-10,1,5,4,6,-3,15,10,4,-5,1,-1,6,6,-3,-6,13,-11,3,-4,4,-4,1,3,1,5,-4,-5,0,6,9,5,0,0,-5,-8,9,6,-7,-1,-1,-2,11,17,2,5,3,6,-5,3,-8,0,6
16,-52.15999999999999659,-2,-4,-10,-1,-5,2,8,0,0,-4,-4,-4,2,1,-2,-6,-7,-6,3,2,-3,-8,3,0,-10,-14,2,4,-6,-7,-3,0,-1,0,-2,7,-1,-1,1,3,-7,4,4,-2,1,-1,-1,1,1,-1,1,-7,0,-1,1,-8,-2,-12,1,2,5,9,-6,-4,-3,-4,-6,-3,10,-1,0,-10,5,-18,9,-2,-1,9,6,7,1,-4,-6,3,-2,1,-1,-1,0,-1,-2,12,1,-11,3,-4,1,-3,-6,-1,-7,-3,-2,1,-3,4,2,-9,-1,8,-2,2,5,-2,1,-3,8,0,-1,0,-5,1,5,2,-1,3,-1,-3,-13,-6,-3,2,1,-15,-2,1,-4,-3,1,-4,-6,2,-7,3,-1,-1,8,-1,-3,15,0,2,0,-6,10,-1,-2,-6,-23,-1,-1,0,-2,-3,2,0,14,-8,-9,8,-1,-7,2,5,-5,1,9,-6,-7,4,1,-5,6,14,7,0,4,5,1,5,-4,-2,10,10,-5,-1,-1,-3
17,-48.95999999999999375,-8,-2,4,8,-4,3,5,9,1,-2,-16,-5,-1,2,4,1,1,-3,20,7,1,2,7,-6,5,-15,5,-5,2,-1,-2,3,0,5,-2,5,-6,-6,-2,-1,4,-1,-9,-8,-8,-2,-7,0,-5,0,9,1,5,3,-8,3,-10,1,-2,0,-3,-12,-8,0,1,-4,-2,5,-1,0,-1,-4,-5,14,3,8,-1,-4,-18,2,5,4,0,1,2,-10,-5,-1,10,3,2,-11,-2,-3,3,-3,2,-1,-14,4,-9,-2,-11,-8,-2,-4,5,-1,-1,7,5,-10,0,3,17,2,-4,-8,-1,-6,4,18,-7,-15,-1,-12,6,7,-10,6,0,3,11,4,1,-7,-5,-1,-1,17,-2,4,-2,0,2,4,-8,-7,5,-12,-1,-2,-9,1,-2,9,-20,-8,0,-2,-3,-7,6,2,-6,-2,3,-3,9,0,-11,16,-2,6,16,-2,9,7,2,2,5,-1,6,-3,-2,2,1,-8,2,-3,13,0,8,11,1,-2,3,-7
18,-45.75999999999999091,-3,-10,-20,-11,1,5,-10,1,-10,7,6,7,-1,1,-1,1,-4,11,-2,6,11,-7,5,5,-6,1,-4,-1,4,4,-4,-4,-5,-4,-1,0,0,-4,4,-2,-3,0,4,-1,-3,3,-6,-8,5,5,-1,13,-7,2,5,2,1,1,15,-5,-1,0,3,0,-3,2,5,12,-3,8,6,-1,9,-9,-6,-8,-1,-8,6,-5,-1,-6,0,10,-3,-2,2,-5,3,6,2,2,-4,9,4,3,-14,-4,6,10,-1,4,1,-4,-5,23,-13,2,3,-3,1,0,-2,-7,-5,-8,-5,-1,-3,5,5,12,4,4,-4,-18,-9,2,13,5,1,-8,7,-3,3,6,3,-1,7,11,4,-9,6,2,-3,-2,-13,5,0,-6,-8,2,-5,-7,-5,0,14,3,7,3,6,1,-16,-5,9,15,0,1,5,-2,4,-5,-2,-2,-9,1,9,-2,-2,12,-3,-5,6,-10,-20,-5,-7,4,-11,1,0,0,-4,9,-2,4,0,2
19,-42.55999999999999517,-7,-3,-19,2,-3,-3,-4,9,0,4,1,1,7,-6,-1,0,-11,3,-14,-6,-23,1,-6,-12,-16,-4,-13,0,0,10,-5,-20,-7,0,-3,-3,-7,-4,-8,6,-2,-2,-1,6,-1,-6,2,-2,2,-2,0,-10,8,-1,-9,-41,-35,10,-9,-4,-17,-47,-127,-7,-5,-1,3,-49,-208,-35,-2,-1,8,1,-6,3,-2,3,-2,4,-2,-51,-86,-24,7,2,3,5,-2,-1,6,10,1,-2,0,-5,14,-6,-32,-27,-36,-11,-6,-4,-7,17,-7,-1,0,-6,-3,3,1,-3,-10,-1,5,-3,-9,6,-30,-19,-15,-9,3,-5,3,2,13,1,-8,-2,-6,-7,-51,-65,-19,-4,-4,-6,-75,-98,-24,-3,6,1,7,-1,-3,-6,1,-5,-1,-1,-4,-11,-6,5,-16,15,-9,-5,10,5,-6,-17,-1,-5,-4,1,-10,2,1,-1,5,-6,-4,3,-3,3,-8,-6,-8,-4,-9,4,-5,15,0,-4,4,6,-24,-58,-13,-5,-4,-2
20,-39.35999999999999233,-117,-144,-133,-138,-145,-152,-124,-77,-93,-124,-172,-197,-131,-139,-96,-137,-94,-61,-212,-156,-225,-93,-133,-105,-232,-166,-208,-123,-62,-85,-172,-193,-167,-127,-109,-121,-88,-112,-105,-155,-190,-184,-95,-46,-93,-152,-167,-151,-117,-75,-146,-90,-56,-47,-209,-342,-300,-92,-139,-171,-221,-330,-507,-151,-69,-63,-87,-410,-834,-341,-77,-34,-58,-97,-145,-67,-54,-27,-70,-85,-67,-386,-444,-248,-48,-60,-58,-98,-84,-65,-79,-174,-100,-214,-95,-52,-55,-146,-261,-224,-256,-237,-141,-37,-65,-89,-108,-79,-54,-89,-90,-134,-120,-112,-72,-126,-145,-117,-101,-84,-335,-375,-169,-63,-131,-81,-78,-101,-74,-138,-97,-109,-45,-69,-293,-384,-195,-104,-69,-252,-537,-560,-339,-107,-55,-35,-57,-67,-83,-98,-110,-112,-101,-69,-69,-79,-75,-66,-77,-80,-67,-74,-59,-79,-100,-118,-107,-88,-107,-145,-104,-63,-93,-74,-78,-144,-162,-177,-90,-109,-107,-83,-48,-51,-61,-54,-50,-58,-97,-83,-76,-197,-250,-418,-222,-138,-34,-70
21,-36.15999999999998948,-1031,-948,-936,-1023,-1017,-1254,-871,-558,-654,-885,-1456,-1437,-1020,-1261,-662,-1153,-793,-398,-1527,-1424,-1541,-795,-1172,-918,-1542,-1475,-1516,-977,-508,-638,-1432,-1508,-1458,-873,-875,-921,-650,-856,-790,-1149,-1490,-1396,-703,-425,-671,-1376,-1242,-1394,-880,-609,-1091,-724,-424,-276,-1215,-1666,-1611,-528,-1010,-1078,-1528,-1638,-1816,-1221,-497,-684,-638,-1705,-2135,-1649,-560,-304,-436,-835,-824,-534,-379,-345,-402,-439,-341,-1693,-1748,-1554,-302,-361,-374,-608,-522,-453,-539,-1167,-692,-1518,-628,-360,-375,-1425,-1587,-1533,-1553,-1542,-1307,-278,-460,-710,-881,-552,-433,-712,-765,-854,-1129,-801,-716,-1038,-1085,-894,-668,-780,-1650,-1675,-1467,-481,-988,-524,-560,-842,-537,-926,-595,-905,-302,-570,-1607,-1687,-1496,-919,-322,-1566,-1840,-1882,-1653,-1002,-469,-322,-434,-514,-490,-764,-819,-797,-577,-453,-498,-557,-663,-486,-613,-596,-438,-490,-459,-503,-680,-701,-609,-532,-668,-1003,-638,-479,-666,-558,-512,-942,-1351,-1459,-524,-694,-890,-565,-334,-408,-419,-289,-336,-390,-809,-526,-474,-1510,-1562,-1710,-1536,-1349,-209,-447
22,-32.95999999999999375,-2324,-2247,-2244,-2325,-2329,-2570,-2179,-1869,-1970,-2201,-2759,-2755,-2328,-2570,-1970,-2468,-2118,-1720,-2845,-2721,-2837,-2100,-2486,-2221,-2860,-2805,-2830,-2295,-1816,-1953,-2741,-2807,-2761,-2177,-2188,-2223,-1948,-2165,-2098,-2465,-2799,-2703,-2013,-1741,-1977,-2690,-2555,-2694,-2182,-1918,-2433,-2041,-1715,-1594,-2524,-2962,-2924,-1830,-2313,-2393,-2828,-2955,-3157,-2532,-1800,-1985,-1963,-3021,-3459,-2953,-1874,-1610,-1729,-2128,-2125,-1849,-1697,-1668,-1707,-1740,-1650,-3004,-3060,-2869,-1614,-1676,-1684,-1915,-1830,-1765,-1850,-2464,-1995,-2821,-1933,-1664,-1695,-2728,-2891,-2845,-2845,-2851,-2613,-1586,-1772,-2008,-2199,-1862,-1734,-2004,-2077,-2164,-2442,-2120,-2027,-2347,-2389,-2212,-1960,-2099,-2962,-2988,-2782,-1791,-2296,-1835,-1875,-2143,-1844,-2246,-1882,-2202,-1608,-1881,-2923,-2994,-2809,-2226,-1618,-2876,-3157,-3191,-2924,-2311,-1772,-1629,-1749,-1825,-1783,-2081,-2135,-2099,-1861,-1767,-1817,-1867,-1962,-1792,-1901,-1910,-1767,-1809,-1756,-1807,-1997,-2003,-1915,-1852,-1972,-2322,-1944,-1787,-1968,-1875,-1818,-2229,-2662,-2771,-1837,-2014,-2185,-1863,-1640,-1719,-1732,-1598,-1641,-1713,-2140,-1843,-1784,-2817,-2877,-3020,-2833,-2656,-1519,-1759
23,-29.75999999999999091,-3639,-3560,-3553,-3650,-3646,-3871,-3493,-3182,-3283,-3507,-4093,-4068,-3639,-3878,-3285,-3781,-3419,-3021,-4132,-4033,-4154,-3404,-3791,-3536,-4164,-4096,-4140,-3604,-3121,-3264,-4054,-4125,-4082,-3490,-3489,-3523,-3255,-3483,-3397,-3775,-4107,-4024,-3323,-3036,-3295,-3995,-3867,-4006,-3493,-3229,-3738,-3335,-3013,-2898,-3825,-4247,-4237,-3141,-3626,-3711,-4140,-4263,-4440,-3837,-3119,-3288,-3259,-4346,-4772,-4257,-3183,-2909,-3043,-3465,-3434,-3179,-2991,-2971,-3026,-3049,-2958,-4317,-4368,-4171,-2918,-2983,-2996,-3227,-3134,-3078,-3166,-3785,-3303,-4129,-3232,-2977,-3008,-4050,-4194,-4163,-4165,-4159,-3930,-2900,-3075,-3312,-3511,-3163,-3056,-3314,-3382,-3481,-3760,-3426,-3330,-3670,-3710,-3527,-3274,-3387,-4267,-4285,-4091,-3098,-3601,-3133,-3169,-3454,-3147,-3555,-3226,-3515,-2923,-3197,-4231,-4298,-4120,-3525,-2932,-4186,-4465,-4485,-4242,-3622,-3089,-2939,-3052,-3127,-3104,-3392,-3442,-3412,-3204,-3069,-3124,-3174,-3284,-3100,-3190,-3197,-3081,-3106,-3068,-3123,-3288,-3304,-3233,-3153,-3287,-3637,-3253,-3104,-3281,-3172,-3133,-3550,-3965,-4084,-3145,-3316,-3498,-3172,-2966,-3021,-3042,-2904,-2955,-3004,-3440,-3149,-3099,-4124,-4187,-4337,-4149,-3969,-2825,-3064
24,-26.55999999999999162,-4954,-4858,-4859,-4945,-4954,-5182,-4788,-4494,-4588,-4814,-5395,-5369,-4951,-5187,-4586,-5079,-4714,-4332,-5438,-5346,-5455,-4711,-5108,-4844,-5461,-5416,-5450,-4911,-4443,-4582,-5364,-5435,-5374,-4781,-4807,-4850,-4574,-4794,-4702,-5086,-5414,-5317,-4634,-4347,-4603,-5292,-5176,-5320,-4793,-4532,-5033,-4652,-4327,-4219,-5135,-5580,-5527,-4459,-4925,-5019,-5450,-5567,-5761,-5152,-4425,-4597,-4588,-5647,-6079,-5585,-4489,-4222,-4349,-4755,-4755,-4470,-4309,-4276,-4337,-4373,-4267,-5630,-5673,-5481,-4232,-4308,-4302,-4531,-4448,-4369,-4462,-5093,-4624,-5441,-4541,-4281,-4316,-5360,-5515,-5468,-5473,-5463,-5220,-4215,-4397,-4623,-4798,-4476,-4357,-4634,-4698,-4784,-5060,-4726,-4649,-4968,-5012,-4826,-4594,-4721,-5569,-5597,-5408,-4401,-4915,-4445,-4483,-4776,-4465,-4867,-4502,-4821,-4224,-4499,-5532,-5617,-5426,-4838,-4241,-5501,-5765,-5793,-5570,-4937,-4392,-4242,-4372,-4427,-4411,-4689,-4752,-4728,-4500,-4378,-4417,-4489,-4581,-4409,-4523,-4508,-4400,-4427,-4380,-4423,-4612,-4614,-4558,-4479,-4601,-4936,-4564,-4406,-4589,-4486,-4430,-4861,-5282,-5378,-4455,-4636,-4801,-4486,-4262,-4336,-4358,-4213,-4261,-4324,-4744,-4451,-4401,-5423,-5494,-5623,-5450,-5278,-4132,-4373
25,-23.35999999999999233,-6253,-6171,-6162,-6256,-6265,-6495,-6107,-5798,-5901,-6121,-6702,-6691,-6263,-6493,-5903,-6397,-6035,-5634,-6749,-6652,-6764,-6026,-6404,-6149,-6793,-6715,-6752,-6215,-5746,-5884,-6681,-6734,-6685,-6102,-6110,-6152,-5877,-6093,-6013,-6385,-6264,-6636,-5940,-5663,-5909,-6609,-6479,-6610,-6100,-5841,-6340,-5970,-5630,-5511,-6456,-4274,-4394,-5759,-6236,-6314,-6756,-6703,-4463,-6458,-5742,-5906,-5878,-4372,-4784,-4295,-5803,-5543,-5658,-6081,-6053,-5778,-5620,-5587,-5646,-5668,-5582,-4336,-4388,-4175,-5539,-5614,-5606,-5841,-5753,-5695,-5779,-6392,-5929,-6753,-5849,-5598,-5627,-6664,-6800,-6758,-6785,-6776,-6541,-5521,-5709,-5934,-6128,-5787,-5674,-5944,-6008,-6089,-6378,-6037,-5950,-6271,-6325,-6140,-5893,-6021,-6884,-6922,-6718,-5725,-6217,-5756,-5795,-6082,-5771,-6188,-5832,-6126,-5541,-5810,-6844,-6922,-6739,-6165,-5534,-4342,-4478,-4503,-4260,-6245,-5708,-5562,-5686,-5749,-5720,-6015,-6056,-6042,-5809,-5692,-5746,-5784,-5900,-5736,-5832,-5847,-5683,-5730,-5694,-5764,-5924,-5943,-5857,-5776,-5909,-6244,-5877,-5721,-5901,-5789,-5774,-6149,-6588,-6693,-5767,-5935,-6119,-5784,-5573,-5644,-5664,-5528,-5570,-5618,-6049,-5763,-5727,-6741,-6799,-4340,-6764,-6587,-5447,-5672
26,-20.15999999999999304,-4957,-4868,-4877,-4967,-4964,-5199,-4813,-4605,-4604,-4833,-5413,-5381,-4968,-5208,-4644,-5096,-5234,-4637,-5454,-5358,-5471,-4756,-5114,-4850,-5490,-5415,-5460,-4923,-6791,-4586,-5369,-5446,-5393,-4808,-4870,-5055,-4584,-4813,-4950,-5107,-4964,-5338,-4643,-6706,-4615,-5305,-5187,-5326,-4814,-6294,-5046,-4660,-5587,-4302,-5138,-2963,-3073,-4572,-4944,-5064,-5459,-5396,-3162,-5160,-7046,-6593,-4603,-3045,-3462,-2981,-4836,-6845,-6971,-4756,-5326,-6493,-6926,-6898,-6909,-6119,-6881,-3025,-3082,-2870,-6855,-6918,-6933,-5502,-5533,-6996,-7087,-5132,-4630,-5452,-4558,-6904,-6933,-5372,-5518,-5468,-5484,-5481,-5242,-6826,-7014,-7255,-6530,-6684,-6979,-4676,-4710,-4792,-5085,-4751,-4659,-4996,-5011,-4836,-4611,-4719,-5593,-5614,-5411,-4428,-4933,-4582,-5671,-4851,-6926,-4883,-4542,-4825,-6844,-4539,-5547,-5636,-5449,-5974,-6852,-3052,-3161,-3191,-2949,-4957,-4408,-4265,-4395,-4451,-4434,-4711,-4762,-5436,-4516,-6335,-4448,-4499,-4592,-4431,-4552,-4545,-4406,-4437,-4390,-4442,-4646,-4646,-4554,-5614,-4608,-4957,-4673,-4549,-4612,-4506,-4500,-4876,-5284,-5396,-4478,-4641,-4820,-4491,-4279,-4354,-4377,-4228,-4284,-4336,-4764,-4478,-4425,-5451,-5512,-3004,-5443,-5285,-6750,-4379
27,-16.95999999999999019,-3638,-3571,-3564,-3657,-3655,-3887,-3506,-3289,-3296,-3522,-4102,-4073,-3661,-3905,-3339,-3789,-3909,-3328,-4140,-4053,-4158,-3450,-3801,-3545,-4186,-4110,-4147,-3617,-5470,-3272,-4077,-4127,-4092,-3493,-3562,-3744,-3270,-3500,-3626,-3790,-3639,-4020,-3332,-5395,-3303,-3988,-3872,-4013,-3501,-4985,-3730,-3351,-4276,-2992,-3830,-1637,-1758,-3258,-3631,-3739,-4164,-4079,-1852,-3853,-5746,-5277,-3273,-1727,-2141,-1671,-3530,-5537,-5680,-3446,-4008,-5189,-5629,-5620,-5610,-4819,-5593,-1711,-1758,-1557,-5556,-5618,-5629,-4203,-4228,-5688,-5802,-3791,-3310,-4153,-3244,-5599,-5642,-4075,-4219,-4161,-4182,-4160,-3934,-5540,-5705,-5941,-5219,-5366,-5672,-3358,-3415,-3483,-3768,-3439,-3366,-3668,-3700,-3523,-3303,-3417,-4281,-4303,-4099,-3120,-3615,-3275,-4371,-3543,-5621,-3576,-3219,-3538,-5560,-3226,-4234,-4295,-4130,-4663,-5556,-1728,-1842,-1871,-1638,-3642,-3110,-2976,-3066,-3142,-3113,-3411,-3447,-4114,-3193,-5017,-3139,-3201,-3291,-3107,-3206,-3231,-3078,-3137,-3066,-3132,-3326,-3324,-3244,-4305,-3303,-3640,-3367,-3265,-3308,-3184,-3183,-3568,-3976,-4090,-3169,-3331,-3506,-3186,-2966,-3036,-3054,-2921,-2962,-3028,-3463,-3163,-3113,-4132,-4190,-1702,-4135,-3964,-5452,-3074
28,-13.75999999999999091,-2330,-2237,-2240,-2352,-2336,-2564,-2178,-1978,-1978,-2209,-2787,-2761,-2344,-2574,-2028,-2473,-2596,-2009,-2824,-2737,-2831,-2123,-2484,-2219,-2869,-2784,-2827,-2297,-4158,-1952,-2748,-2818,-2773,-2176,-2245,-2427,-1957,-2179,-2303,-2462,-2320,-2707,-2030,-4078,-1978,-2687,-2549,-2690,-2168,-3676,-2418,-2040,-2943,-1663,-2507,-335,-446,-1942,-2314,-2430,-2856,-2771,-526,-2537,-4430,-3970,-1974,-411,-848,-354,-2208,-4239,-4346,-2114,-2698,-3863,-4319,-4296,-4271,-3511,-4276,-396,-452,-249,-4247,-4307,-4308,-2870,-2909,-4363,-4455,-2472,-1995,-2831,-1925,-4274,-4325,-2747,-2897,-2853,-2853,-2844,-2613,-4227,-4395,-4628,-3918,-4040,-4357,-2048,-2092,-2177,-2459,-2107,-2020,-2343,-2382,-2210,-1979,-2102,-2955,-2971,-2781,-1801,-2297,-1959,-3049,-2247,-4298,-2253,-1936,-2211,-4238,-1907,-2918,-2975,-2810,-3342,-4246,-407,-526,-553,-321,-2323,-1781,-1635,-1753,-1829,-1788,-2086,-2143,-2807,-1881,-3699,-1814,-1884,-1979,-1806,-1907,-1917,-1765,-1823,-1766,-1815,-2005,-1997,-1930,-3001,-1996,-2329,-2051,-1938,-1995,-1872,-1871,-2231,-2670,-2772,-1849,-2007,-2188,-1871,-1646,-1744,-1737,-1600,-1667,-1715,-2135,-1844,-1804,-2812,-2909,-406,-2820,-2659,-4143,-1751
29,-10.55999999999999162,-994,-919,-934,-1007,-1019,-1252,-875,-652,-659,-880,-1482,-1457,-1028,-1256,-697,-1159,-1293,-683,-1522,-1421,-1538,-799,-1167,-907,-1567,-1495,-1529,-988,-2829,-625,-1440,-1499,-1450,-860,-924,-1100,-624,-861,-983,-1153,-1018,-1406,-694,-2754,-650,-1361,-1239,-1373,-851,-2349,-1096,-708,-1633,-343,-1215,958,858,-614,-990,-1119,-1545,-1466,746,-1229,-3103,-2635,-638,873,430,927,-881,-2931,-3024,-809,-1384,-2543,-2989,-2969,-2965,-2183,-2949,885,832,1043,-2915,-2972,-2987,-1555,-1571,-3056,-3138,-1174,-674,-1519,-612,-2962,-3002,-1430,-1598,-1533,-1568,-1543,-1287,-2903,-3058,-3311,-2587,-2724,-3030,-709,-758,-870,-1135,-807,-717,-1047,-1079,-899,-642,-779,-1682,-1702,-1465,-466,-982,-635,-1729,-911,-2974,-933,-609,-889,-2906,-582,-1620,-1699,-1493,-2021,-2928,879,748,707,955,-1003,-466,-326,-430,-501,-474,-756,-826,-1484,-573,-2373,-496,-557,-660,-478,-582,-598,-467,-481,-450,-501,-689,-697,-608,-1675,-670,-1022,-735,-614,-659,-543,-547,-909,-1358,-1464,-532,-686,-874,-540,-324,-395,-435,-282,-329,-386,-817,-517,-480,-1521,-1591,867,-1516,-1340,-2828,-427
30,-7.359999999999991438,257,-964,-16,-698,267,30,230,633,618,391,-188,-176,241,6,584,137,3,594,-232,-2703,-2351,476,-472,390,-341,-203,-325,300,-1548,649,-1440,-1204,-159,-16,362,171,646,427,285,134,269,-121,579,-1464,619,-91,41,-96,406,-1059,172,560,-345,971,76,1823,1377,660,290,160,-291,-824,-520,66,-1831,-1368,632,-412,-771,2250,399,-1609,-1733,468,-114,-1257,-1705,-1673,-1675,-897,-1661,-395,1758,2351,-1623,-1685,-1690,-276,-301,-1760,-1851,108,587,-233,674,-1671,-1709,-156,-297,-240,-255,-264,-14,-1611,-1766,-2038,-1326,-1432,-1752,566,508,437,148,497,571,237,210,382,626,489,-398,-440,-194,814,298,639,-450,362,-1701,340,693,395,-1602,718,-317,-381,-209,-731,-1610,2204,1996,1049,-361,195,808,971,845,777,812,515,463,-202,721,-1089,792,729,627,819,694,709,835,799,830,775,224,574,679,-399,617,260,546,673,610,726,734,166,-59,-177,764,621,416,745,963,891,870,1023,963,908,462,757,821,-209,-265,2227,-220,-165,-1512,858
31,-4.15999999999999126,-993,-2175,-1246,-1924,-929,-1128,-992,-386,-648,-827,-1253,-1255,-925,-1161,-682,-1098,926,1920,-1168,-3745,-3275,1829,-1659,-842,-1063,-1214,-1361,-950,-2493,-612,-2528,-2141,-1234,-1250,-874,-218,-625,425,1676,1581,-785,1340,1102,-2202,-654,-1227,-1151,-1267,-632,-2360,-1031,-683,-1635,-345,-990,1709,1163,2028,-882,-66,-1102,-1126,858,-1094,-1478,-32,1992,-249,3063,1824,1741,-333,-422,1796,999,-182,-406,-416,-351,-1912,-323,-424,2634,3095,-301,-369,-393,854,956,-573,-512,-1089,-670,-1286,-590,-345,-381,1410,-728,143,318,-1134,1361,-318,-3091,-682,76,-91,-1646,-541,571,1518,-26,-775,-691,964,982,1756,1989,1837,1445,-1061,-1321,1226,-901,2014,526,-819,-361,-845,-583,626,-325,2056,-473,-172,1554,644,-279,1339,2556,2121,-1110,-1059,-502,645,1548,2056,460,-657,-328,692,-548,173,-378,-561,-616,2147,-532,-563,-461,-491,-442,-486,-1040,-644,-597,-1662,-647,-968,1747,1288,-669,-568,-581,-1003,-1181,-1213,2142,1274,1809,2087,2302,2225,2184,2360,2305,2245,1230,1271,1923,1397,-876,2298,-889,-1257,-210,2222
32,-0.9599999999999909717,751,-256,843,-144,1192,1075,640,434,358,841,1544,2004,1008,640,189,905,1749,2368,2195,-1556,438,2785,148,374,2542,1334,2134,920,-2153,420,213,800,1235,353,390,1450,196,1651,2940,4025,2126,4522,2198,-2187,557,998,1549,942,788,-1771,1013,468,-1455,-431,2499,6670,5252,2867,995,2206,2024,3850,7204,1031,-1108,356,2836,5706,12089,7276,2319,-700,-316,3055,2899,477,-391,-729,191,-1206,267,5441,7952,6777,-373,-185,-302,1847,1589,-231,76,1503,509,2096,551,-226,-374,3231,3141,3419,3973,2590,3531,-625,-2696,151,1122,399,-1507,403,1537,3586,1733,435,128,2845,3242,3294,3266,5496,7147,5621,1238,1650,923,2721,1057,260,88,1078,510,2047,-576,2619,3529,4978,4317,1715,2000,5618,10841,10169,4786,328,-375,158,1716,2498,1251,245,995,2098,480,630,105,104,26,2460,135,133,-146,39,-143,-27,-168,879,564,-979,669,1063,2869,1476,276,-79,-187,1078,1148,1465,3049,2304,3315,2680,2118,2275,2471,2311,2235,2259,2187,1857,2402,4381,2903,8328,2643,520,1543,2604
33,2.240000000000009095,18893,15324,15896,17720,18304,23685,14971,8953,10912,15570,27958,26982,18568,24343,10901,21723,16026,7898,28570,25004,26465,16630,21724,16759,28457,28616,28504,17767,6049,10401,26149,27614,28143,14766,15680,16974,10720,16623,15943,23820,28979,28786,13698,4626,11078,26647,23162,26937,15848,8358,20570,12307,4384,2961,21410,30610,30156,10469,18112,20364,28542,27991,28283,22970,6567,12356,13337,28398,27978,31077,11221,3612,5986,17175,15638,8737,5191,4877,5273,4229,4291,28415,30564,32589,3439,5039,5112,11090,9359,6488,8493,21292,11354,28597,9673,4601,5161,30828,28520,29687,29795,28559,27636,3145,4167,11957,17219,9188,5021,12064,14861,16677,22308,14105,12401,21132,21712,18633,13272,19065,30795,28430,28626,8925,17770,10335,9906,15091,8584,16458,9191,17430,3483,11869,28487,28409,31210,18431,5159,31008,30769,29802,28465,18573,7078,5201,8252,10245,7733,13669,14793,15154,8662,7102,7707,8683,11103,9980,9648,9616,6704,7287,6537,7589,11161,11004,9424,7111,10600,18090,12547,9131,10862,8831,7940,15773,25860,28029,10376,13576,18206,11390,6940,8443,8629,5698,6771,8027,16776,9876,9361,31224,28557,31006,28869,26256,3853,9065
34,5.440000000000009273,27756,26554,27502,26814,27773,27547,27746,28399,28140,27912,27344,27372,27823,27539,28100,27641,29661,30804,27262,24801,25157,30556,27022,27868,27149,27308,27195,27808,26313,28154,26083,26305,27333,27498,27858,28524,28155,29163,30395,30252,27781,30022,29892,26604,28108,27402,27538,27399,28098,26418,27673,28062,27141,28422,27563,29303,28848,30829,27780,28563,27232,26681,29579,27583,27337,28793,30780,27089,26668,29767,30544,28505,28381,30555,29733,28618,28431,28458,28477,26907,28806,27106,29255,31281,28496,28572,28414,29623,29745,28207,28251,27635,28112,27287,28179,28453,28432,29961,27211,28379,28487,27250,30030,28528,25740,28101,28814,28682,27169,28258,29367,30263,28681,27992,28079,29716,29728,30526,30842,32767,29486,27122,27318,29996,27807,30762,29304,27903,28436,27865,28210,29380,28508,30815,27178,27101,29903,29374,30465,29700,29461,28494,27156,27742,28356,29514,30389,30864,29238,28098,28408,29450,28234,28979,28402,28237,28143,30927,28231,28201,28345,28314,28366,28304,27757,28119,28208,27149,28154,27807,30573,30125,28153,28262,28244,27685,27439,27327,30869,30005,30532,30857,31078,31008,31000,31167,31086,31028,30013,30040,30729,29915,27248,29698,27560,27329,30789,30948
35,8.64000000000000945,26448,25246,26193,25504,26465,26238,26436,27091,26831,26602,26035,26061,26513,26230,26791,26346,28352,29495,25954,23494,23849,29248,28310,28202,27864,25999,25886,26499,25004,26845,25257,25310,27224,26910,26549,27215,26846,27854,29087,28944,26473,28714,28583,25295,26800,26094,26230,26091,26790,25110,26365,26754,27977,28249,26255,27995,27539,29521,26487,27254,26696,27857,30890,28860,26027,27482,29471,25944,26189,28458,29234,27195,27072,29247,28425,27309,27121,27148,27167,25596,27497,25871,27945,29972,27186,27263,27105,28315,28437,26899,26943,26326,26803,25978,26870,27144,27122,28654,25902,27071,27179,25942,28722,27218,24430,26792,27505,27373,25860,26949,28057,28954,27371,26683,26770,28407,28418,29217,29532,31953,28177,25813,26010,28688,26498,29454,27994,26595,27127,26555,26902,28070,27198,29507,25870,25793,28595,28066,29157,28391,28152,27186,27969,26432,27045,28203,29078,29554,27929,26789,27099,28141,26925,27669,27093,26927,26834,29618,26922,26892,27036,27004,27057,26994,26446,26809,26897,25838,26844,26496,29262,28814,26842,26951,26935,28389,26718,27349,29560,28696,29223,29548,29769,29699,29691,29859,29776,29719,28704,28731,29420,28606,25938,28389,26252,26021,29481,29641
36,11.84000000000001052,25140,25636,24883,24195,25156,24928,25127,25781,25537,26156,27322,27320,25204,24921,28085,27658,27044,28188,24646,22294,22901,27941,29623,29515,29177,26544,27196,27792,23696,28124,26569,26095,28418,28222,27840,26328,28145,28059,27780,27635,25164,27404,27274,23988,28079,27401,27481,26810,27504,23802,27661,28050,29291,29563,27557,29310,28748,28214,27800,25945,27769,29169,32202,30172,24717,26172,28161,27255,27500,27278,27924,25886,25763,27938,27117,25999,25811,25838,25857,24286,26187,27182,26920,28664,25878,25954,25797,27006,27128,25590,25635,26454,25494,27120,28162,25835,25812,27346,24682,25762,25871,24634,27414,25908,23121,25483,26196,26065,24550,25640,26748,27644,26061,26488,27751,27098,27108,27907,28223,30644,26867,24504,24701,27379,25196,28146,26685,25287,25818,25246,25591,26761,25888,28198,24562,24485,27287,26758,27848,27599,28024,28143,29282,27722,27859,28192,27767,28244,26620,25479,26142,26832,25765,26360,25783,25618,27528,28309,26807,28205,28320,28296,27164,26390,27753,28103,27313,25581,28132,25194,27952,27503,28135,28256,28156,29701,27585,28022,28252,27840,27924,28239,28460,28390,28381,28550,28467,28410,27394,27421,28110,27297,24629,27099,24943,27110,28174,28334
37,15.04000000000000981,23832,26950,23574,22885,23847,23619,23836,24472,26849,27468,28633,28632,26496,26209,29397,28970,27763,26880,24521,22343,24215,26634,30936,30829,30490,27856,28509,29105,25002,29436,27882,27408,29731,29536,29153,27640,29457,29372,26473,26390,14974,28101,28570,25291,29392,28716,28795,28123,28818,25105,28974,29363,30604,30877,28871,-32767,-31324,26905,29114,25706,29081,26123,-31537,31484,26029,27468,26851,-32767,-32767,-32767,29179,24577,24453,26629,26722,25836,24815,24528,24637,25561,24878,-32767,-32767,-32767,26104,24645,24488,25698,25820,24282,24327,27766,25689,28432,29474,27127,25906,28643,25995,26636,27032,25931,28544,24598,22782,24174,24888,26526,25849,26948,28035,27959,27349,27800,29063,27613,26930,26597,26913,29335,28134,25801,25470,26130,26509,29273,26575,26599,27103,26545,26887,28055,27054,28336,23433,23176,25979,25450,26540,-32420,-32767,-32767,-32767,29033,29170,29503,29060,27998,25364,26673,27454,27881,27076,25050,26874,26500,28840,29528,28119,29517,29631,29607,28475,27702,29065,29415,28624,26891,29443,26504,29217,28797,29446,29567,29468,31013,28898,28896,26944,28423,28522,27928,28005,29679,28655,28855,28941,29695,28688,28701,29395,25988,25043,-32767,26066,28424,26866,27026
38,18.24000000000000909,-32767,-32767,-32767,-32767,-32767,-32767,-32767,-32767,-32767,-32767,-32767,-32767,-32767,-32767,-32767,-32767,-23734,-30426,-32767,-32767,-32767,-32767,-32767,-32767,-32767,-32767,-32767,-32767,19478,-32767,-32767,-32767,-32767,-32767,-32767,-31179,-32767,-32767,-31726,-32767,-32767,-32767,-32767,20027,-32767,-32767,-32767,-32767,-32767,5242,-32767,-32767,-2190,-31083,-32767,-32767,-32767,-32767,-32767,-32767,-32767,-32767,-30709,-32288,27340,13016,-32767,-32767,-32767,-32767,-26486,25869,23144,-32767,-23931,12342,26126,25840,24699,5437,23862,-32767,-32767,-32767,27416,24105,23180,-16641,-13596,24713,24305,-32767,-32767,-32767,-32767,28439,27217,-32767,-32767,-32767,-32767,-32767,-32767,25883,24093,22865,3519,17337,27161,-32767,-32767,-32767,-32767,-32767,-32767,-32767,-32767,-32767,-32767,-32767,-32767,-32767,-32767,-32767,-32767,-31343,-7742,-32767,24597,-32767,-32767,-32767,28366,-32767,-32767,-32767,-32767,-12182,25444,-32767,-32767,-32767,-32767,-32767,-32767,-32767,-32767,-32767,-32767,-32767,-32767,-18692,-32767,9234,-32767,-32767,-32767,-32767,-32767,-32767,-32767,-32767,-32767,-32767,-32767,-32767,-32767,-8627,-32767,-32767,-32268,-31805,-32767,-32767,-32767,-32767,-32767,-32767,-32767,-32767,-32767,-32767,-32767,-32767,-32767,-32767,-32767,-32767,-32767,-32767,-32767,-32767,-32767,-32767,-32767,-32767,25558,-32767
39,21.44000000000001194,-32767,-32767,-32767,-32767,-32767,-32767,-32767,-32767,-32767,-32767,-32767,-32767,-32767,-32767,-32767,-32767,-32767,-32767,-32767,-32767,-32767,-32767,-31972,-32079,-32418,-32767,-32767,-32767,-32767,-32767,-32767,-32767,-32767,-32767,-32767,-32767,-32767,-32767,-32767,-32767,-32767,-32767,-32767,-32767,-32767,-32767,-32767,-32767,-32767,-32767,-32767,-32767,-32303,-32030,-32767,-32283,-32767,-32767,-32767,-32767,-32767,-32767,-29740,-32767,-32767,-32767,-32767,-32767,-32767,-32767,-32767,-32767,-32767,-32767,-32767,-32767,-32767,-32767,-32767,-32767,-32767,-32767,-32767,-32767,-32767,-32767,-32767,-32767,-32767,-32767,-32767,-32767,-32767,-32767,-32767,-32767,-32767,-32767,-32767,-32767,-32767,-32767,-32767,-32767,-32767,-32767,-32767,-32767,-32767,-32767,-32767,-32767,-32767,-32767,-32767,-32767,-32767,-32767,-32767,-32767,-32767,-32767,-32767,-32767,-32767,-32767,-32767,-32767,-32767,-32767,-32767,-32767,-32767,-32767,-32767,-32767,-32767,-32767,-32767,-32767,-32767,-32767,-32314,-32767,-32767,-32767,-32767,-32767,-32767,-32767,-32767,-32767,-32767,-32767,-32767,-32767,-32767,-32767,-32767,-32767,-32767,-32767,-32767,-32767,-32767,-32767,-32767,-32767,-32767,-32767,-32767,-32767,-32767,-32767,-32767,-31897,-32767,-32767,-32767,-32767,-32767,-32767,-32767,-32767,-32767,-32767,-32767,-32767,-32767,-32767,-32767,-32767,-32767,-32767,-32767,-32767,-32767,-32767
40,24.64000000000001123,-32767,-32767,-32767,-32767,-32767,-32767,-32767,-32767,-32767,-32767,-32767,-32767,-32767,-32767,-32202,-32627,-32767,-32767,-32767,-32767,-32767,-32767,-30658,-30766,-31106,-32767,-32767,-32491,-32767,-32161,-32767,-32767,-32032,-32060,-32443,-32767,-32138,-32223,-32767,-32767,-32767,-32767,-32767,-32767,-32202,-32767,-32767,-32767,-32767,-32767,-32619,-32232,-30990,-31119,-32721,-30968,-31533,-32767,-32481,-32767,-32767,-32767,-30034,-32767,-32767,-32767,-32767,-32767,-32767,-32767,-32421,-32767,-32767,-32767,-32767,-32767,-32767,-32767,-32767,-32767,-32767,-32767,-32767,-31618,-32767,-32767,-32767,-32767,-32767,-32767,-32767,-32767,-32767,-32767,-32122,-32767,-32767,-32767,-32767,-32767,-32767,-32767,-32767,-32767,-32767,-32767,-32767,-32767,-32767,-32767,-32767,-32767,-32767,-32767,-32534,-32767,-32767,-32767,-32767,-32767,-32767,-32767,-32767,-32767,-32767,-32322,-32767,-32767,-32767,-32767,-32767,-32767,-32767,-32767,-32767,-32767,-32767,-32767,-32767,-32686,-32259,-32138,-31001,-32569,-32432,-32101,-32543,-32767,-32767,-32767,-32767,-32767,-32767,-32767,-32767,-32767,-32758,-32069,-32767,-32081,-31966,-31992,-32767,-32767,-32537,-32186,-32767,-32767,-32159,-32767,-32385,-32767,-32156,-32034,-32131,-30647,-32767,-32767,-32767,-32767,-32767,-32767,-32767,-31918,-32767,-32742,-32657,-31902,-32767,-32767,-32205,-32767,-32767,-32767,-32767,-32767,-32767,-32767
41,27.84000000000001052,-32767,-32767,-32767,-32767,-32767,-32767,-32767,-32767,-32767,-32767,-31655,-31657,-32767,-32767,-30890,-31315,-32519,-32767,-32767,-32767,-32767,-32767,-30100,-30963,-30683,-32426,-31775,-31178,-32767,-31148,-32750,-32767,-31276,-31102,-31130,-32642,-30825,-30931,-32767,-32767,-32767,-32183,-31715,-32767,-31326,-31563,-31486,-32157,-31459,-32767,-31306,-30919,-30405,-32369,-31445,-29654,-30219,-32767,-31826,-32767,-32767,-32767,-30964,-32767,-32767,-32767,-32767,-31721,-31477,-31698,-31110,-32767,-32767,-32767,-32767,-32767,-32767,-32767,-32767,-32767,-32767,-31793,-32056,-30305,-32767,-32767,-32767,-32767,-32767,-32767,-32767,-32520,-32767,-31854,-30810,-32767,-32767,-31637,-32767,-32767,-32767,-32767,-31736,-32767,-32767,-32767,-32767,-32767,-32767,-32767,-32252,-32328,-32767,-32485,-31221,-32670,-32767,-32767,-32767,-32767,-32151,-32767,-32767,-32767,-32767,-31009,-32767,-32767,-32767,-32767,-32767,-32232,-32767,-31946,-32767,-32767,-32767,-32767,-32767,-31373,-30945,-30824,-29688,-31258,-31121,-30790,-31231,-32291,-32767,-32767,-32767,-32405,-32767,-32767,-32767,-32767,-31446,-30757,-32165,-30813,-31054,-30924,-31811,-32586,-31236,-30874,-31667,-32767,-30849,-32767,-31074,-31495,-30846,-30739,-30819,-30853,-32767,-32767,-32767,-32767,-32040,-32355,-32279,-30606,-31631,-31429,-31345,-30590,-31598,-31585,-30894,-32767,-32767,-31868,-32767,-32018,-32767,-32767
42,31.04000000000000981,-32767,-8730,-32649,-15832,-32767,-32767,-32767,-32767,-32767,-31505,-30344,-30346,-32480,-32764,-29977,-30643,-31207,-32767,-32767,24938,17349,-32767,-15814,-32270,-29349,-31113,-28363,-29865,-32767,-31743,-1391,-13845,-30857,-20844,-30461,-31329,-29669,-30937,-32515,-32579,-32546,-30871,-30402,-32767,-30038,-30249,-31137,-31089,-30145,-32767,-30504,-29907,-30896,-32767,-31401,-18117,-9158,-32419,-32767,-32767,-32767,-16894,32767,-32767,-32767,-31510,-32130,32767,32767,-30742,-29886,-32767,-32767,-32767,-32767,-32767,-32767,-32767,-32767,-32767,-32767,32767,-20205,-29282,-32767,-32767,-32767,-32767,-32767,-32767,-32767,-31208,-32767,-30542,-29497,-31845,-32767,-30323,-32767,-32332,-31936,-32767,-30422,-32767,-32767,-32767,-32767,-32758,-32767,-32026,-30939,-31016,-31626,-31172,-29908,-31358,-32045,-32413,-32767,-32282,-30840,-32767,-32767,-32767,-32767,-29984,-32398,-32371,-31870,-32430,-32090,-30919,-31920,-30633,-32767,-32767,-32767,-32767,-32767,-30061,-26976,-3561,32767,-28181,-31321,-32040,-29920,-30979,-32767,-32299,-32341,-31093,-31898,-32767,-32100,-32473,-30716,-29444,-31678,-30448,-31517,-31904,-30515,-31274,-23262,-32139,-30377,-32156,-31566,-32475,-29763,-30184,-32156,-32048,-30105,-26545,-32767,-32767,-32767,-32767,-31329,-31042,-30965,-29293,-30320,-30116,-30033,-29277,-30286,-30272,-29582,-32767,-32767,-30556,-32767,-29096,-32767,-32767
43,34.24000000000000909,23866,25337,24828,26490,29770,29723,27633,22299,29960,32767,32767,32767,32767,32767,32767,32767,-18377,-31761,32328,27700,31826,-32602,32767,32319,32767,32767,32767,32767,23920,32767,31602,28206,32767,32767,32767,14319,32767,3243,-31906,-31267,32767,-29602,-10305,18545,32767,32767,32767,32767,31477,32767,32767,32767,32767,31219,32767,32767,32767,-31254,31092,11205,30989,32219,32767,29228,-11299,-32724,-30820,32767,32767,32767,-30863,-32767,-32767,-32767,-32767,-32767,-32767,-32767,-32767,26536,-32767,32767,32767,757,-32767,-32767,-32767,-32767,-32767,-32767,-32767,32767,32767,32767,32767,-30533,-31761,-29626,31265,6429,3557,32767,-27411,-32767,30650,-32767,-32767,-32767,-3062,30286,2578,-22011,9976,32767,32767,-13644,-14938,-31102,-32550,-30971,-22357,32767,32767,-8845,32526,-30320,-21527,32767,-30558,31869,32511,-2264,-30627,-29320,31310,28560,-32767,-32767,-32767,32767,32767,32767,32767,32767,32767,6933,-15880,-28174,10202,32536,22444,-17592,32767,-31189,32149,32767,32767,-28550,32424,32767,32767,32320,32767,32767,31677,32083,32767,32076,32656,32767,-24981,-13711,32067,32174,32767,32767,30030,25790,-32767,-17086,-30896,-29927,-29653,-28640,-29072,-28822,-28721,-28191,-14963,-8029,-22892,-31701,32550,32767,26109,32767,-32767,-32767
44,37.44000000000001194,25180,26272,25625,26990,30408,30981,28947,29381,30629,32767,32767,32767,32767,32767,32767,32767,32767,32538,32767,29023,32767,32767,32767,32392,32767,32767,32767,32767,32767,32767,31868,29333,32767,32095,32767,32767,32767,32767,32767,32767,32767,32767,32767,32767,32767,32767,31784,32730,32767,32767,32767,32767,32767,31508,32767,32767,32767,32767,30466,32767,32135,32604,32767,30113,28583,31499,32767,32767,32767,32767,32767,32767,26820,21032,21949,27247,31644,31896,32561,32003,23200,32767,32767,32767,31082,27169,26843,28434,29554,28101,28982,32767,32767,32767,32767,32767,32767,32767,29990,32767,32767,32767,32767,32767,31961,26895,30275,31033,31832,32767,32767,32767,32767,32767,32767,32767,32767,32767,32479,-29659,32767,32767,32767,32767,32767,32767,32767,32767,32767,30563,31202,32767,32767,32767,32668,29933,31247,32581,-16371,32767,32767,32767,32767,32767,31590,30870,32767,32767,32767,32767,32767,32767,32767,32767,32767,32767,32767,32767,32651,32767,32767,31589,32767,32767,30368,30775,32641,30766,31347,31831,32767,32727,30757,30864,32767,32767,30525,26681,24452,31160,32767,32767,32767,32767,32767,32767,32767,32767,32767,32767,32767,32767,32767,32767,32767,32767,-24311,28524
45,40.64000000000001478,26617,27535,26301,27233,30020,31633,30084,30068,31952,32767,32767,32767,32705,32767,32767,32767,32767,32767,32767,30485,32767,32767,32767,32767,32767,32767,31920,31871,32767,32767,32767,30663,32767,31536,32767,32767,32767,32767,32767,32767,32767,32767,32165,32767,32767,32767,31069,32069,32767,32767,32767,32767,32767,32022,32767,32767,32767,32767,31000,32767,32767,32767,32767,31442,28759,30257,32767,32767,32767,32767,32767,32767,28189,22449,22892,28638,30387,30624,31741,30774,32767,32767,32767,32767,30596,30907,27913,29696,30292,29277,29026,32767,32767,32767,32767,32767,32767,32767,29609,32767,32767,32767,32767,32767,32767,28294,30965,31040,32039,32767,32767,32767,32767,32767,32767,32767,32767,32767,32767,32767,32767,32767,32767,32767,32767,32767,32767,32767,32767,29387,29989,31982,32767,32767,32767,31565,32741,32767,32767,32767,32767,32767,32767,32767,30335,29591,31740,32767,32767,32767,32767,32767,32767,32767,32767,32767,32767,32767,32767,32767,32767,31958,32677,32767,29991,30672,31638,29751,30500,30656,32767,31477,29537,30412,32767,32767,31010,27886,25723,31900,32767,32767,32767,32767,32767,32767,32767,32767,32767,32767,32767,32767,32767,32767,32767,32767,31472,29696
46,43.84000000000001052,28832,29655,27466,28255,30135,32324,30581,31383,32767,32767,32767,32767,32579,32767,32767,32767,32767,32767,32767,32614,32767,32767,32767,32767,32767,32767,31920,31417,32767,32767,32767,32767,32767,32062,32767,32767,32767,32767,32767,32767,32765,32767,31465,32767,32767,32767,31497,32484,32767,32767,32767,32767,32767,32761,32767,32767,32767,32767,32382,32767,32767,32767,-28865,32767,30393,30379,32767,32767,32767,32767,32767,32767,29862,24483,24897,30411,29539,29629,31235,30304,32767,32767,32767,32767,30890,31681,28714,31175,31392,30977,30262,32767,32767,32767,32767,32767,32767,32767,31397,32767,32767,32767,32767,32767,32767,30151,32358,32195,32767,32767,32767,32767,32767,32767,32767,32767,32767,32767,32767,32767,32767,32767,32767,32767,32767,32767,32767,32767,32767,29633,29176,31451,32199,32767,32767,32767,32767,32767,32767,32767,32767,32767,32767,32767,30224,28756,30803,32767,32767,32767,32767,32767,32767,32767,32767,32767,32767,32767,32767,32767,32767,32767,32767,32767,31107,31899,32318,30210,31207,30215,32767,30584,29626,31111,32767,32767,32514,30244,27419,32767,32767,32767,32767,32767,32767,32767,32767,32767,32767,32767,32767,32767,32767,32767,32767,32767,32177,30902
47,47.04000000000001336,31453,32276,29428,29884,31321,32767,30990,32767,32767,32767,32767,32767,32767,32767,32767,32767,32767,32767,32767,32767,32767,32767,-28158,-3402,-12580,32767,32656,32676,32767,32767,26185,27275,8250,15779,32767,32767,32767,32767,32767,32767,32765,32767,32615,32767,32767,32767,32505,32767,32767,32767,32767,32767,-16791,6128,32767,32767,32767,32767,32767,32767,18498,-26229,-27972,-28420,32767,32463,32767,32767,20632,32767,32767,32767,32483,27104,27518,32767,30821,29629,31786,32288,32767,32767,32767,32767,32432,32767,30562,32767,32767,32767,32767,32767,32767,32767,32767,32767,32767,32767,32767,32767,32767,32767,32767,32767,32767,32767,32767,32767,32767,32767,32767,32767,32767,32767,32767,32767,32767,32767,32767,32767,32767,32767,32767,32767,32767,32767,32767,32767,32767,30938,29803,31910,32767,32767,32767,32767,32767,32767,32767,32767,32767,32767,-12164,32767,31589,30561,32246,32767,32767,32767,32767,32767,32767,32767,32767,32767,32767,32767,32767,32767,32767,32767,32767,32767,32767,32767,32767,32008,32767,30876,32767,31034,31593,32767,32767,-12520,19467,-906,29764,32767,32767,32767,32767,32767,32767,32767,32767,32767,32767,32767,32767,32767,32767,32767,32767,32767,32767,32767
48,50.24000000000000909,32767,-7585,31841,32079,32767,32767,31776,32767,32767,19994,-28232,-29571,32767,32767,-27730,-28398,32767,32767,32767,31279,31857,32767,-26264,-25262,-25874,-7670,-31392,-30250,32767,-25175,-24993,-15358,-23037,-29570,-28103,27370,-25408,4732,32767,32767,32767,32767,32767,32767,-21176,-24947,-29811,-16701,-11108,32767,-26301,-25695,-26876,-29310,-27106,-24851,-21501,32767,-29083,32767,-20562,-28244,-26979,-27298,32767,32767,32767,-23238,-22577,32767,32767,32767,32767,29726,30140,32767,32611,30931,32447,32767,32767,-24633,32064,32767,32767,32767,32669,32767,32767,32767,32767,-1354,32767,-20760,-25214,32767,32767,32767,32767,32767,32767,32767,32767,32767,32767,32767,32767,32767,32767,32767,32767,32767,32767,7750,-15879,32767,32767,32767,32767,32767,32767,32767,32767,32767,32767,32767,32767,32767,32767,32268,31282,32767,32767,32767,32767,32767,32767,32767,32767,25377,11935,-12622,-23112,-26627,-19690,692,32767,32767,32767,32767,32585,32767,32767,32767,32767,32767,-11766,32767,9252,-24525,-24608,-26923,2710,20542,-29728,-28619,-6514,7779,-29699,31773,32767,32602,-30909,-30578,-23768,-26760,-18589,-15334,31847,25829,32767,32767,32767,32767,32767,32767,32767,32767,32767,32767,32767,32767,32767,32767,32767,-21739,32767,32767
49,53.44000000000001194,32767,-28116,32767,32767,32767,32767,32767,32767,-24315,-22843,-27730,-29055,-28891,-25394,-26309,-26392,-10977,32767,6953,78,-24664,32767,-23643,-22743,-24277,-25992,-29483,-28265,-27805,-24241,-23449,-27147,-24419,-27158,-26421,-26613,-24922,-21028,32767,32767,-30002,-15177,-28203,-24549,-20901,-23442,-29296,-30009,-24906,-25326,-25369,-24380,-25117,-27464,-25167,-22545,-21790,32767,-26548,15476,-25631,-27098,-26087,-25755,-27276,-27454,32767,-22568,-21234,-23176,-21995,32767,32767,32347,9910,8230,26847,32767,31101,-27109,32767,-23378,-24978,-25303,-2392,32767,32767,32767,32767,32767,32767,-29550,-3353,-24219,-23894,-27689,3526,-24559,-28349,-14627,-18356,-23637,-14934,32767,16864,32767,32767,-4442,-25568,-26130,-27686,-4404,-29813,-28935,-23341,-811,15384,32767,32767,32767,-23310,-23427,-10472,32767,-22293,-17012,12712,-27262,-25963,-31667,-31824,-30442,-26221,5159,32767,32767,32767,32767,32767,-25601,-22333,-20086,-21527,-25350,-29811,-29731,-27920,8676,32767,-19070,-22133,-15166,-24800,32767,-19661,-15154,-25211,-18656,-24099,-22862,-23823,-25307,-25113,-25523,-27632,-26873,-26664,-29132,-28095,-32152,-28778,-30182,-28755,-29085,-25512,-25530,-28014,-18672,32767,-8215,-5661,17686,20774,-25095,-2548,1767,-3340,-21795,-25164,-22090,-23051,32767,-1481,-23736,-19832,-25454,32767,32767
50,56.64000000000001478,32767,-23188,32767,32767,21156,17131,28159,32767,-23085,-21980,-26032,-26860,-27461,-24198,-24539,-24578,-23960,-2818,-25477,-1666,-24664,20179,-21075,-20541,-22780,-24700,-27290,-25796,-26425,-22893,-22551,-25673,-22606,-24679,-24095,-25147,-23652,-19697,-19245,-26565,-29880,-28561,-26120,-23215,-19897,-21651,-27136,-28153,-23479,-24450,-23993,-22842,-23668,-25357,-23114,-23056,-22417,-10001,-23927,-21513,-24519,-26300,-27710,-24612,-25098,-25208,-23757,-24211,-22706,-23879,-21660,-20134,32767,32767,-5317,-27933,-28755,-29569,-30880,-25714,32767,-24748,-26011,-26115,-27576,21328,32767,32767,32767,-2682,7756,-27302,-30245,-23643,-21980,-25803,-26723,-24864,-26401,-23286,-20499,-23026,-18603,-23056,-24328,32767,-16193,-23241,-23458,-24596,-26987,-27889,-28571,-27482,-22467,-19006,-20321,-20342,17434,32767,-23440,-22408,-22239,-8878,-22125,-19534,-20710,-25615,-26303,-30886,-30195,-28889,-28706,-22738,-21625,29632,32767,18871,32767,-26194,-23285,-21613,-22683,-23480,-27270,-27109,-25777,-28569,-27059,-20974,-20748,-20608,-24137,-18249,-23213,-23586,-23092,-18822,-22135,-21489,-22375,-23683,-23231,-23925,-25713,-24941,-24665,-26906,-26082,-30438,-27912,-28001,-26498,-27440,-24373,-24050,-13835,11165,32767,-18060,-21895,-21573,-22209,-24080,-26963,-22292,-23101,-21225,-24495,-20911,-21827,-20444,-22457,-24688,-22844,-23664,32767,32767
51,59.84000000000001052,11840,32767,11378,-6412,-27620,-27453,7723,271,-25099,-23881,-26682,-27143,-28035,-24975,-25432,-25648,-24013,-27808,-27878,-4923,-27269,-24470,-21714,-21459,-24079,-25660,-27653,-26055,-24997,-24257,-24467,9642,-23135,-24980,-24538,-25624,-24564,-21313,-20625,-27925,-30247,-28844,-26503,-22124,-21342,-22561,-27544,-28713,-24564,-23980,-25053,-24136,-23855,-25901,-23825,-23926,-23558,-19613,-23999,-22251,-9917,-7542,-20528,21544,-23963,-23568,-24781,-25513,-24305,-25169,-22567,-19182,32767,32767,3314,-27867,-26733,-26948,-29270,-25305,-23238,-26130,-27009,-26847,-25646,-22798,32767,32767,11641,-23158,-20503,-27394,-31288,-25585,-22878,-23181,-25547,-26377,-27276,-23752,-21971,-24708,-20206,-22409,-23996,32767,-22781,-21615,-21494,-25445,-27924,-28770,-28945,-28227,-23939,-20238,-21715,-22767,-28990,-27081,-24935,-23882,-22994,-25109,-24728,-20755,-20116,-26024,-25453,-32426,-30807,-29341,-27576,-24180,-22564,-12218,10753,-25442,-24685,-26881,-24486,-23475,-24090,-24314,-27295,-27104,-26082,-28990,-27948,-22741,-22231,-20895,-25390,-23378,-24094,-23822,-23576,-19875,-23204,-22721,-23469,-25130,-24557,-25249,-26725,-25894,-25515,-26370,-26864,-31136,-28125,-27960,-27174,-28370,-25234,-24927,11521,32767,32767,-9223,-22878,-22832,-23522,-25009,-27874,-23696,-24564,-22757,-25839,-21654,-22738,-22155,-23548,-25530,-23778,-24665,5218,27535
52,63.04000000000001336,-1902,32767,-6379,-29720,-27681,-27643,-23778,-26543,-27220,-25811,-27283,-27562,-28724,-25805,-26524,-26989,-24632,-28216,-28336,-25430,-28551,-26325,-23169,-23024,-25387,-26524,-28145,-26492,-25969,-25474,-26279,32767,-19401,-25678,-25432,-26065,-25171,-23133,-22463,-29051,-30530,-29120,-27312,-23588,-22607,-23682,-28089,-29135,-25548,-25152,-26136,-25479,-25016,-16829,-24792,-25157,-24808,-20481,-24988,-23033,14044,13470,9910,32767,-25937,-24770,-25630,-26474,-25835,-26909,-24070,-20493,5937,32767,32767,-8626,-27402,-26930,-29988,-27441,-24212,-27440,-27997,-27703,-26485,-23514,6182,2376,-8828,-19366,-25517,-27549,-32102,-27461,-24295,-23180,-25772,-26587,-28244,-24733,-23736,-26426,-21873,-23713,-25510,4914,-23172,-22753,-22908,-26433,-28708,-29432,-29180,-28747,-25013,-21792,-23286,-24230,-30071,-28514,-26227,-25398,-24029,-25236,-27195,-22978,-21156,-26321,-26395,-32767,-31713,-29823,-28867,-25793,-23708,-23380,-22145,-25616,-25128,-27612,-25869,-25401,-25658,-25374,-27530,-27434,-26560,-29149,-28414,-24388,-23630,-21712,-26198,-24727,-25337,-24433,-24342,-21385,-24517,-23769,-24601,-26808,-26321,-26832,-27940,-27117,-26626,-27289,-27876,-31793,-28456,-28218,-28115,-29341,-25853,-24069,16823,32767,25727,4496,-23977,-24149,-24819,-26027,-28782,-25023,-25993,-24298,-26960,-22651,-23825,-23379,-24626,-26446,-24858,-25771,-23072,16639
53,66.24000000000000909,-9728,32767,-13814,-29436,-28121,-27850,-30206,-27551,-1567,-27327,-27995,-28223,-29537,-26742,-27652,-28499,-25404,-28714,-28922,-32400,-28777,-27332,-6273,12561,-4449,-27405,-28842,-27132,-27023,-19077,-19011,17481,-10334,-17930,-26575,-26495,-25654,-24334,-24314,-30032,-30933,-29412,-28395,-25121,-12879,-24883,-29026,-29535,-26355,-26232,-27390,-26745,-7655,32767,-25104,-26654,-26097,-21814,-10728,-23952,16026,9964,24906,32767,-27873,-26687,-26510,-27171,-27170,-28738,-25670,-21801,-16590,32767,32767,32767,-28170,-27084,-30534,-29406,-25513,-28665,-29015,-28798,-27589,-24710,-21462,-28319,-26204,2341,-26564,-27848,-32671,-29337,-26342,-23180,-25772,-26587,-28873,-26394,-25448,-28075,-23303,-24992,-26496,-26946,-13020,-24342,-24957,-27537,-29460,-29901,-29402,-29178,-25768,-23432,-24882,-25660,-30761,-29045,-27185,-26629,-25431,-25236,-28337,-25362,-22887,-26679,-26828,-32767,-32767,-30548,-29710,-27264,-25094,-24095,-22706,-25772,-25546,-28436,-27261,-27089,-27242,-26661,-28191,-28058,-26996,-29202,-28656,-25695,-24988,-22633,-26921,-26004,-26723,-25500,-25635,-22987,-25812,-23519,-15783,-22288,-28044,-28356,-28916,-28490,-27977,-28647,-28993,-32452,-28890,-28754,-29197,-29841,-26381,11647,4934,22378,11134,5246,-18198,-25473,-26153,-27245,-29814,-26302,-27308,-25740,-27881,-23863,-25036,-24670,-25745,-27536,-26034,-22798,-23680,-1737
54,69.44000000000001194,-6257,-4481,-24802,-24210,-29012,-28430,-30783,-28560,25154,-28282,-28977,-29185,-30493,-27761,-18693,-13799,-26303,-29502,-29709,-32496,-22091,-27622,15730,32767,28793,-28340,-29814,-28009,-27909,20026,19140,-8071,-2688,15087,-11676,-27019,-22389,6752,-25389,-30909,-31516,-29833,-29483,-26649,-24355,-26174,-6020,-23959,-27119,-27309,-15832,-20450,18314,32767,4263,-4838,-20636,-23704,32767,-25095,7479,-1254,18737,19242,7182,-28700,-27499,-27840,-20344,-21438,-24880,-22847,-25543,32767,31593,32767,-29001,-27766,-31056,-30748,-27104,-29847,-30112,-22848,-22860,-26297,-28988,-28537,-28100,10467,-21349,-28326,-32767,-31036,-28590,-23840,-25772,-26587,-28460,-28331,-27179,-29474,-24487,-26132,-27256,-27705,-501,-18266,-24386,-28818,-30070,-30356,-29769,-29777,-26458,-24957,-26427,-27019,-31291,-29464,-27895,-27497,-26879,-25596,-13398,-19885,-25192,-27409,-26957,-32767,-32767,-31747,-30157,-28344,-26600,-25091,-23278,-26068,-25920,-29346,-27338,-28406,-28642,-28012,8397,32767,-27371,-29295,-28885,-26703,-6015,-23691,-27823,-27085,-28001,-26869,-12754,-24575,-6419,-1315,17379,27694,-28959,-29570,32767,32767,-28930,-28643,20633,-32767,-29520,-29684,32767,32767,-12081,16878,-8872,-637,-3963,-1558,-11386,-26708,-27417,-28676,-30986,-27561,-28530,-27057,-28776,-25253,-26330,-25878,-26961,-28835,-27209,2790,-24380,-25657
55,72.64000000000001478,-24307,-21513,-27969,-21472,-30126,-29241,-31614,-28514,5409,-23857,-25684,-5144,-31598,-22754,26156,22865,-27325,-30541,-30726,-30086,-26682,-19750,16428,26736,21366,-29453,20502,32767,-28689,25927,19315,-21808,1569,29444,21227,-27754,-10901,10769,-9774,-31671,-32262,-29390,13485,-28112,-26192,-19918,32767,18739,-19939,-28400,1967,7941,17550,18245,20507,25482,28840,-22137,32767,-21705,-9976,-7804,8502,-6091,32767,32767,-28601,-26057,-12660,11135,29065,-23477,-26008,-115,23855,11534,-29896,-28772,-31841,-28734,-28642,-21494,-24756,-117,12974,-23748,-30059,-28843,-25647,-2457,-1439,-28993,-32767,-18896,-30625,-25787,-25772,-11214,32767,-30034,-29078,-24332,-25763,-27130,-27837,-28050,1022,25664,7176,-30236,-30847,-30881,-30363,-8794,-26162,-26309,-27928,-28311,-31861,-29906,-28487,-28143,-28048,-26883,2973,13276,-27451,-28697,-27044,28395,20686,2638,-30383,-28995,-27954,-26396,-24102,-26575,-26275,-134,-3789,-28323,-12722,-2314,32767,32767,32767,-29526,-29270,-22376,4181,-24853,-28904,-27938,-29165,-19190,11542,-14675,20178,12064,17859,32767,17993,-6473,32767,32767,31952,32767,32767,-3286,-30335,32767,32767,32767,-7061,1377,-14429,-15962,-16266,-5752,-5693,-22988,-28627,-13599,-30615,-28290,-29670,-22477,-10972,-17666,-22023,-27018,-28271,-3261,-7894,12989,-17843,-29911
56,75.84000000000001762,-31560,-20358,-19201,-9056,-11755,-26141,-30149,-13944,-12554,-13320,3401,32767,14645,9007,32767,27049,-26975,-31636,-29077,-27960,-24061,-7761,17199,2244,552,-23614,32767,32767,-5171,6867,106,-22838,2000,26364,30620,-3615,-9663,-1665,-18954,-32339,12528,32767,32767,-7571,-24751,-5273,32767,29781,-3403,-21042,2989,15688,12175,-3543,20944,26883,32767,-26189,17572,-9416,-20312,-2826,2330,-18300,32690,32767,-29692,-22951,-9570,19166,32767,-18257,-26644,-26493,-273,-31783,27857,15435,-1670,32767,-29867,-5573,-1416,9251,25278,-3998,-31069,-29197,-16667,-18293,13742,-2133,-31129,7313,-20084,-28335,-15798,1447,32767,663,-15302,10924,-26971,-28059,-25678,-28212,-3356,27022,11477,-5879,-5174,-12510,1306,17119,-7084,-25080,-22758,-29524,-32603,-30417,-28737,-25374,-26249,-27831,-3423,15785,-13333,-27334,-27327,32767,32057,31828,19045,-4713,-26384,-25198,-25101,-20806,-26084,20988,8958,-16707,3092,18884,32767,32767,32767,5092,-27607,-3152,-2768,-25560,-23968,-28649,-13941,-8430,13728,7744,19831,10734,583,22298,32767,17760,32767,32767,32767,32767,32767,32767,32767,32767,32767,32767,-13459,-10631,-9461,-21458,-25116,-9535,-3995,-17126,-16852,18696,17074,-8819,-4591,-4590,14777,-8116,16442,-27421,-9309,12720,-2246,10741,-4112,-30847
57,79.04000000000002046,-29574,-23399,-10765,2455,18763,-6172,-21417,-8800,-24378,-10639,23705,32767,32767,11166,16426,17693,12832,-2165,12465,-26459,-21857,-13178,22524,-11630,-9990,9789,32767,32767,8455,-10003,-18017,-21771,2348,22900,21500,11221,-2911,-15168,-26428,-15970,32767,32767,32767,3765,-23391,10234,26893,25296,6695,-4721,1910,4790,2475,-6371,14221,11825,13019,-26955,-6546,-8653,-22741,5067,-1384,-24031,1119,32767,-13190,-13787,-6079,7181,9474,-18972,-24816,-32767,-21785,-30334,32767,32767,23451,32767,-28571,3207,10203,13046,17500,5004,-21800,-23906,-11580,-23718,5136,32767,3931,5449,5894,-7503,-5936,5458,24218,32767,8076,1153,-25544,-26338,-23450,-25755,-7296,7341,1348,13352,26834,32767,32767,16759,-1438,-3615,-4318,-28030,-31007,-31066,2760,2103,-24274,-26859,-20595,3139,-1131,6784,-13772,32767,32767,32767,32767,13230,-24660,-23872,-23533,4056,6502,17196,8496,-3392,12983,17988,32767,32767,32767,32767,-11216,-3679,-14413,-24110,-10865,-2091,10079,-6600,4302,14107,4201,-4824,-15920,-1711,17832,14731,16764,10230,32080,31264,28373,32767,32767,32767,32767,17276,-11456,-5998,-4170,-23572,-30090,-12150,-3979,-11588,-9086,22540,32767,141,7197,1705,10943,-1804,30455,2779,1036,2355,-6014,5803,-1337,-23843
58,82.24000000000000909,-27815,-26081,-4632,4023,26119,18042,11486,-12766,-24410,-7059,32767,32767,30450,4689,4005,9419,30944,32767,32415,-13913,-20545,-22936,9676,-18759,-9504,28002,32767,32767,10521,-14792,-22568,-16901,7836,13158,12520,15674,9957,-20911,-24412,25460,32767,32767,32767,-7408,-10315,16960,22604,27173,9066,-1525,7944,531,-2546,-5692,5163,-1878,-12069,-25633,-7272,-9682,-16342,7317,-326,-25114,-24335,17513,11961,1643,-1164,-5056,-17152,-17724,-23157,-32637,-32767,-28898,32767,32767,23464,27378,-19229,8121,15145,16312,5375,-3136,-6151,-17277,-10067,-26935,-13717,32767,32767,-4048,30125,25988,-1088,4391,-2161,32767,1837,-20446,-24252,-24787,-21286,-21720,-5531,-9291,-3853,9191,32284,32767,32767,22293,1086,-510,-3835,-25019,-24868,-17334,24897,15844,-9683,-25392,-23542,-10627,-2298,25765,5396,18217,32767,32767,26575,4897,-22977,-22316,-14465,12786,22231,12385,3497,5409,14160,14761,19067,32767,32767,32767,6543,-15578,-20054,-22619,-8729,7919,21401,4124,4060,2854,-11905,-14560,-18325,-15142,-4346,2096,-6416,-10046,1836,5535,2114,32767,32767,32767,18899,473,5320,4075,-2051,-22734,-30312,-11711,-4788,-6007,-2878,9328,23185,-1588,4064,2282,1711,6103,13902,7631,-7585,-6362,-4853,4001,-5685,-15178
59,85.44000000000001194,-26186,-24186,-9591,834,11650,20617,29169,-17534,-22598,-503,32767,27799,18208,4621,-637,1413,26235,32767,25947,9489,-16278,-22339,-8457,-23204,-5091,27206,21998,10671,11112,-12951,-20238,-8968,15569,-932,6777,23544,22889,-18734,-22459,32767,32767,32767,11446,-10342,11469,14708,15113,28097,21366,-4084,12979,1885,-2271,-2673,-6353,-9295,-22000,-24016,-7080,-5171,-320,6731,7825,-18635,-24824,-11442,21789,20099,2836,-11668,-22825,-13703,-21670,-31037,-31321,-27275,6982,32767,23155,-8344,-812,11362,17798,16578,2750,-9659,-5204,-11976,-12783,-25028,-24330,32767,32767,-2948,26968,32767,3828,3944,-6201,4936,-10129,-21239,-13563,-22926,-19352,-21172,-2518,-17056,-8089,7814,26434,32767,32767,21755,9487,-6182,-8528,-6280,32767,32767,24988,9238,18542,-14993,-23001,-17118,-6054,28364,21900,5951,23130,25914,13664,2814,-7123,-20643,-5988,15177,21475,13402,861,6033,10137,12701,6596,-5806,5016,32767,23327,-19761,-21720,309,2722,-1063,12166,17965,4812,-11047,-19427,-13360,-12148,-19456,-14106,-4409,-15231,-15948,-10907,-4951,-7818,20438,32767,28481,-7606,-6240,20959,13045,-361,-14509,-23121,-9694,-4131,452,3124,4642,16713,269,4756,2102,2847,8857,-5767,-3181,-10210,-1519,1116,1127,-10544,-11150
60,88.64000000000001478,-23526,-22294,-18930,-11756,-1727,8848,21315,-14702,-21136,8395,31556,12964,10985,5280,-2523,-4927,16541,25590,21201,32767,19833,-12747,-20319,-22604,92,25482,6005,-9291,12763,-7539,-10987,-2651,13401,-11221,-2068,25992,28234,-13998,-16054,28555,32767,32767,-5293,-4665,16408,7991,-79,17360,24607,9054,11285,1940,-2851,-1209,-13093,-13399,-20939,-8555,-11547,2198,17075,8525,14743,-8641,-22677,-22487,19783,30461,6585,-14457,-19107,-8491,-15079,-29121,-29496,-20688,-4174,9533,22114,-22726,7565,13198,15270,12719,841,-9535,-9050,-2414,-16202,-23114,-23895,32767,32767,8602,9677,32767,17766,14078,-4251,-13704,-9043,-5413,11774,19234,-13475,-19198,-5463,-20859,-13189,12094,20372,25121,32767,19806,19992,-8074,-8378,9675,32767,32767,21197,2075,26528,21413,-22010,-19970,-6235,22997,32767,6426,3985,13215,6768,4199,3588,-13432,-3744,13252,13016,10217,881,5673,6005,7226,-3599,-24438,-15439,26829,32767,-12056,-17288,24211,26182,-5114,-317,17210,-1019,-19428,-19503,-5287,-1055,-17377,-16978,-5700,-15818,-15611,-14213,-11192,-12437,11106,29413,2424,-21504,-3907,32767,17568,307,-6182,-14953,-8050,-2914,5363,7360,6149,14091,6857,9751,2566,9035,2324,-12453,-7908,-2292,6501,4650,-1547,-11456,-12452
61,91.84000000000001762,879,-19600,-18414,-13845,-12964,-74,1656,-10963,-7999,17781,14341,-4158,2992,2916,-4617,-9915,7504,12484,14704,32767,32767,7049,-23755,-20684,995,21135,-8048,-19435,13070,-293,6093,9291,6125,-18020,-12138,18981,21994,-2807,-900,22363,12382,11111,-17901,1793,16496,2043,-11269,3058,14059,21997,9043,-317,-1518,-5450,-14342,-15646,-14744,7523,-21530,4735,22057,12662,15904,1830,-20603,-20368,14558,28366,10518,-12153,-9370,-1116,-6261,-26970,-27345,7091,-9497,-16638,17414,-21151,7236,11963,9387,5610,-2124,-7753,-10659,7603,-12592,-18301,-19088,6932,32767,21385,-3456,20224,32767,32767,-6337,-14185,-3494,12702,24508,30346,23464,-17476,-9771,-19096,-16535,9781,16971,16063,16369,16523,23474,-4345,-1927,19121,32767,32767,21266,4757,14147,32767,5095,-18420,-5474,15896,32767,8803,-7276,-491,9248,1861,3446,-5847,-5367,8502,3500,2836,1101,9327,4168,-372,-14334,-23814,-22063,14500,28195,5106,-3637,30369,32767,2750,-5175,1207,-7427,-18643,-14795,2843,6736,-11398,-14319,-2611,-13576,-13357,-13186,-15306,-13050,5113,9812,-15496,-22116,442,30698,10030,-1562,-2983,-9522,-6910,1359,9216,10761,6006,9213,12676,11905,6997,14401,-3523,-8429,-4433,6539,8115,4308,-3910,-9540,-13288
62,95.04000000000002046,19105,2229,-11412,-12719,-16205,-5780,-11987,-5389,13491,23191,-1766,-14717,-6710,-733,-4036,-6328,-2967,2717,2931,29711,32767,26986,-23643,-13777,2702,9873,-14898,-20302,6684,8962,20920,15971,-522,-20682,-15574,7075,10527,10858,13962,18523,-5513,-9347,-20596,5076,19245,-2191,-14874,-6148,7553,17668,7511,3909,5231,-12955,-10582,-11626,-3670,5093,-24902,3848,15686,15683,12261,10959,-10261,-21210,7758,20276,14850,-4734,660,8223,-3035,-24765,-25913,24571,-9072,-20206,9236,-13829,2355,11609,3934,-2882,-4979,-6940,-7588,10343,-3369,-6002,-2814,-14616,16020,26233,-5751,-16922,32767,32767,-7328,-13127,3372,18238,20353,20666,32767,-2809,-13057,-15552,-15720,2504,7951,4559,-5509,3803,20812,2437,6459,20834,25730,28807,19207,11605,2340,32767,32767,-9342,-5954,3539,32767,11286,-9716,-9051,10641,4601,3281,-678,-7823,1653,-1752,-3601,2589,17407,6152,-3398,-21418,-24478,-22118,-1434,15979,19250,10441,18988,27762,11349,-5296,-12262,-10835,-9803,-5328,9510,6750,-72,-5045,2458,-7498,-8018,-8844,-14796,-10285,-3169,-8321,-21977,-14666,-1117,14253,2849,-2760,323,-3690,-3798,2376,10323,13100,1127,1782,14957,12512,11628,13481,-6195,-3981,1898,8927,2046,1078,-2870,-7904,-11211
63,98.24000000000000909,24924,21630,4439,-8504,-16919,-8060,-17534,1890,28207,26012,-9250,-18748,-10326,-2822,-2321,-236,-9079,-7527,-6564,6981,32767,32767,-9694,-2166,6532,29,-17098,-18098,955,10541,24952,12186,-7953,-17251,-11137,-5757,-1332,18355,21772,10262,-16129,-17707,-14871,9980,14388,-605,-16950,-12087,3893,12225,2384,8651,10994,-11060,-7789,-4277,4010,-344,-24268,1585,2091,13015,4192,14444,15052,-13687,1259,10513,16733,8234,8819,13854,-2676,-22679,-15623,25662,-7933,-21101,-1081,10653,943,10447,1830,-6330,-5287,-3550,-1063,6857,6324,7233,11190,-21957,1800,23016,-1407,-22880,11687,12372,-2902,-11040,15505,19431,18401,12134,32767,17371,-14354,-5636,-4595,-1103,-2043,-3773,-16657,-7730,12505,10684,13198,16397,14652,14242,15423,17373,13,6814,32767,11327,-4822,-9046,17021,11086,-9810,-13619,10805,12386,3712,-184,-8387,-6743,-3956,-6622,7284,23968,10556,-2062,-23018,-24856,-15605,-14573,240,23655,15632,4684,9134,13496,746,-14186,-11581,5357,4785,8739,4233,10645,9058,9202,-542,-2145,-3978,-10332,-6323,-8655,-16520,-21614,-7269,-2943,-789,-4314,-1854,4456,3341,1465,1997,9344,10208,-2392,-3905,12093,12697,14510,8691,-3571,-484,5638,7509,-2145,1251,402,-5635,-6605
64,101.4400000000000119,17905,23878,18004,745,-16984,-14077,-16992,7477,29304,25047,-11980,-16713,-8693,-3020,315,5264,-8667,-13704,-11073,-8330,12514,28560,9196,12258,5094,-3930,-15162,-15012,987,5342,20667,8173,-10800,-8787,-2811,-13223,-10693,21265,25946,2774,-19360,-19313,-5552,13967,8504,3324,-15029,-17227,-390,7690,1357,8227,2686,-3625,-2921,3623,5647,1319,-3522,-41,-10136,3648,-2621,12753,26774,6178,-703,1051,14194,18529,13902,15756,-4029,-17639,4848,11642,-6717,-21950,-8471,29060,4002,7651,666,-4302,-2305,2072,4620,1059,10160,18407,12416,-21701,-5320,19900,9916,-23760,-19260,-21676,-1883,-254,20656,18922,19083,10894,17578,25923,-7630,7312,13601,414,-7339,-10839,-21800,-15128,270,16722,16321,13274,2968,-583,8767,16514,5027,-16267,32767,32006,4431,-15504,-320,3519,-4638,-14332,5781,15046,7646,-1056,-7503,-13825,-8007,-6708,10834,24270,13166,1738,-19085,-17662,-12395,-22435,-11866,18755,11636,-1048,-3826,12938,8173,-6563,-5766,15468,9558,2605,3670,14873,18435,13862,2761,2873,970,-3619,-1841,-11045,-17203,-18827,-2603,-3555,-9547,-10525,-486,5736,8077,5916,3253,9118,8105,-1889,-5730,8418,10092,12929,1443,1129,2319,9355,5699,-1407,3699,1430,-4851,-595
65,104.6400000000000148,7584,17137,15564,5648,-8431,-14656,-13967,8360,17862,13501,-10261,-11702,-6596,-1341,265,8648,-5717,-12741,-9336,-17324,-15220,6391,21384,26435,3984,-4611,-10976,-10762,1846,1481,9086,2862,-6976,445,2381,-14627,-15049,17291,25028,-1918,-17390,-19836,466,14699,6045,4224,-6232,-18920,-6150,4203,4341,4860,-6435,193,3807,9185,5548,11611,25171,2175,-16001,-8288,-6621,9217,24483,22671,-1377,-6596,8438,19760,15027,13852,-5701,-4843,14503,-4603,-5454,-18970,-14007,23673,10997,4525,352,600,2980,12279,6695,-5410,8165,25122,5406,-19147,-12464,18866,24272,-25047,-25935,-27478,-11082,15367,17654,15903,12494,8707,2636,17946,3531,17357,28147,2351,-8995,-16707,-23201,-18452,-9130,17173,15485,11265,-7724,-10732,-539,8059,12616,-20757,5186,32767,20552,-15679,-13661,-8764,3770,-9617,-6126,10968,13099,869,-5560,-15856,-10656,-5609,10009,17097,12215,5923,-9640,-11118,-13952,-25729,-18483,8892,9196,305,-7165,9994,10425,3692,6588,16871,8029,-3950,4046,10879,16104,11152,2037,5315,5811,6435,-141,-12002,-15493,-12941,-574,-6114,-12960,-11197,613,6246,7786,8456,4789,8174,7907,1939,-3875,5794,5928,9176,-4800,5277,4283,9910,5621,1718,4815,-1612,-4397,4704
66,107.8400000000000176,-4813,5740,7352,6063,1777,-6434,-5924,7675,7025,-1693,-4605,-5265,-4284,-349,-3310,2841,-3349,-6706,-5677,-18890,-22537,-12927,25005,30963,7550,-4310,-5158,-5678,-3455,673,-2927,-3876,-1281,8655,3031,-13354,-11757,7719,19417,-5528,-13856,-17570,-276,13485,5541,5231,-3352,-16003,-8410,2888,2922,2985,-5746,2707,5716,7871,7116,24071,32767,6795,-16268,-18061,-8881,3897,15859,23814,-27,-8565,2073,12285,9345,6219,-5980,7837,11747,-11776,-4918,-6730,-15679,7089,17506,2449,1162,3594,6677,20751,8010,-10120,3036,23971,-174,-15925,-19224,13413,27852,-10184,-26549,-28039,-23019,21164,16614,8300,5423,4293,-4602,3168,7971,19997,32622,5654,-13354,-17804,-20378,-15217,-11854,12628,12596,8331,-12618,-14609,-7693,-2191,12390,-13325,-21950,18666,32767,-8168,-22379,-17773,4348,610,-16615,795,15696,7279,-2098,-13846,-13082,-4878,4719,6673,6305,6000,2001,-4569,-16088,-25221,-19731,112,13562,2536,-3802,3883,6325,10035,14863,15406,5941,-4229,2788,1511,4452,2301,-2700,3690,8566,13580,-1729,-11298,-11576,-4275,-2696,-8777,-10344,-5991,2725,6644,1222,6946,5543,4825,5070,6139,-1443,3845,2286,4834,-6627,8474,5108,6775,6942,5742,3686,-6179,-2569,8220
67,111.0400000000000205,-11123,-1782,2305,1947,6283,-1699,4127,8609,-5373,-12086,-2611,1042,-1870,2268,-4267,-6050,-1258,-1485,-1088,-18680,-23974,-21784,16221,27467,13280,-978,-1850,-72,-7185,-53,-7346,-7024,1301,13420,-265,-7645,-5951,945,10995,-9459,-10831,-14033,-3996,10633,3036,2760,-4530,-10964,-7156,1990,2055,2507,830,4881,3076,3482,9612,28400,28430,8448,-11934,-22990,-9777,-415,6975,12773,1528,-5738,-2667,2208,-1939,-5061,-3638,18054,7349,-7479,-4440,238,-10129,-6774,15358,2374,2121,3290,2718,18074,8718,-9236,-332,15581,1652,-12371,-22123,2860,21101,20342,-27376,-28833,-27868,14389,19407,2356,6457,-128,-10334,-8642,6645,14468,22286,7892,-10006,-16538,-15281,-9748,-9664,6744,9970,5489,-12643,-15108,-11568,-8786,4273,8220,-25254,-5406,32107,4240,-25093,-24608,-4419,8663,-11683,-10325,11632,14575,3255,-9895,-14680,-5417,-2353,-3318,-1606,86,9137,5078,-15319,-22334,-16677,-4145,16850,3998,-433,-3146,2133,12611,13527,11223,7260,3383,2627,-4066,-6085,-5946,-5117,2212,7287,10309,-1656,-9117,-7986,269,-2828,-7796,-3375,436,5837,4055,-4155,2682,4742,3221,2659,4183,-1324,1089,-765,-356,-5271,9496,5889,3959,8112,7758,1550,-7391,27,7151
68,114.2400000000000091,-9333,-5248,-1315,-3167,7579,2094,6542,7308,-13856,-18526,-5448,2303,-15,5264,-1320,-9308,-1763,-841,3012,-11174,-25317,-22905,2464,18661,11796,2754,473,4409,-7517,-58,-5997,-6032,2109,10413,-2436,-1924,-779,-3869,1163,-12867,-8971,-11742,-6047,4933,2024,-973,-5378,-5184,-4516,2250,1956,-496,958,4337,1984,2212,10933,24259,11630,4345,-6043,-23092,-12082,-2958,1816,739,83,-122,-3960,-3779,-10154,-14486,-18,22203,6590,2696,-2141,-103,-2192,-14007,6716,2941,2758,533,-5993,6069,6336,-3591,214,7653,9381,-6939,-18226,-6881,10747,32767,-28551,-29400,-25947,-1370,18897,2545,4945,-2741,-14102,-14336,2534,5859,10545,6292,-3578,-13206,-8342,-5573,-5868,607,7351,2268,-9453,-14476,-13923,-12125,-5446,21601,-23003,-22096,13837,15449,-22024,-26247,-12349,6971,4843,-12657,3855,17183,6911,-5413,-14866,-5600,-7397,-11006,-8240,-6315,9785,11772,-5990,-16631,-9443,-2390,13343,3679,-2104,-6409,-746,12292,8976,5171,11888,13466,3531,-5513,-8195,-8154,-2506,726,5554,3688,1455,-5084,-6198,767,-4356,-4401,915,5997,7599,1485,-4280,-1421,4747,3652,467,-1195,-2306,-1436,-4476,-6454,-3784,8895,6079,2496,7462,6297,513,-3994,2516,4693
69,117.4400000000000119,-3607,-1893,-4387,-4226,6458,8607,8768,1865,-13256,-18348,-6701,1433,3564,6803,963,-6008,-1985,-3749,1850,3450,-15858,-18681,-4703,5692,5404,3336,1535,3513,-6063,-60,-5613,-5083,3497,3568,-1918,-2492,3751,-6157,-7420,-13863,-7093,-8064,-6236,182,2646,-1688,-1337,-941,-2836,365,803,-601,441,-935,3112,4338,9192,14733,-2336,-1682,-294,-17218,-12827,-4162,-821,-7391,-3896,5168,-2057,-5234,-11704,-17882,3204,20798,10140,7500,1329,-1268,1714,-12219,-332,2112,3054,-3302,-13732,-8605,-19,4272,4681,2286,16590,3120,-8306,-12698,-1804,23930,13200,8252,-15631,-17398,8592,8557,1276,-4586,-16327,-15268,-3083,-1974,-231,4660,-1285,-2728,272,-610,-2303,-3679,2497,-1157,-5444,-12137,-16399,-12739,-10894,14564,-1977,-24701,-8051,16917,-11102,-20483,-16428,-2313,10705,-2484,-411,13706,7726,-3061,-12992,-5059,-8528,-14434,-12030,-9271,5603,13115,6470,-5521,660,2781,3684,1964,-5110,-6244,-1314,9983,5039,1672,15561,17454,4387,-2876,-3077,-4335,2877,1585,2303,-1580,5587,3490,-3763,-1109,-4768,-2085,230,8879,6197,-459,-927,-3123,4426,2512,-2041,-4277,-2921,-990,-7434,-9254,-2278,7029,5912,1044,4963,3204,501,800,4480,2585
70,120.6400000000000148,768,-1110,-4058,654,6382,10446,9538,-2352,-9442,-10938,-4613,3022,4221,6728,2937,824,1301,-5720,-2486,6235,5534,-2381,-8019,-8577,-2314,515,2332,3538,-2028,-2627,-5928,-4412,2215,-380,-1121,-628,5934,-4504,-10397,-12450,-4516,-2985,-3038,-1600,2640,2372,4805,2188,-2153,-4701,-4130,-142,3955,-1022,2969,4063,5226,4023,-11671,-5655,4442,-5756,-10497,-2761,-6044,-11596,-7373,6079,1818,-4448,-7788,-15034,6633,15743,11317,6723,4152,446,-717,-5922,-2434,52,1541,-6725,-16874,-18610,-8990,9654,9508,-1205,15508,14047,1254,-13775,-11191,6394,32767,32767,12674,-22431,-7867,10626,2964,-1731,-15346,-13858,-5124,-6664,-8242,2033,4491,3652,7226,4955,-1055,-4404,-2644,-2721,-3076,-8507,-16043,-10766,-11068,1120,18415,-18882,-22741,9322,3681,-10381,-16440,-10534,4421,11361,2814,7674,5116,-4002,-9348,-4267,-6442,-13547,-12007,-8885,588,10682,15682,9472,10001,4984,-6536,-119,-4302,-4988,637,4897,2938,1413,12585,11077,3750,1200,4102,2124,4038,2626,-1246,-2443,8066,8894,-3296,-4116,-2699,-2388,-1434,7567,1059,-3003,1202,-425,3620,239,-4100,-5717,-3117,403,-7939,-7530,-1496,4001,3958,-21,1439,-309,791,4070,5549,985
71,123.8400000000000176,2881,-3504,-4304,6991,6600,8528,6809,-2557,-5351,72,-1471,4553,4446,4445,5608,8019,3903,-3676,-7331,-1306,17351,14854,-7704,-18679,-8981,-4776,3524,6073,903,-2519,-5153,-3324,-776,-3592,-616,3851,4664,-1998,-9842,-7955,-150,2965,2945,-910,948,6526,7611,3688,1467,-6983,-9525,-1159,-1280,321,4693,3053,812,-4473,-16572,-5844,6524,5404,-6469,-3134,-9388,-14472,-7768,2237,4178,-2420,-2561,-5165,10175,8035,7067,1068,4791,4552,-3727,567,-358,-2245,-2395,-8715,-14174,-21751,-17439,8062,11337,-3484,6523,17884,4927,-12029,-16184,-3814,32767,32767,32767,-17835,-22112,3802,6715,795,-10469,-10351,-3686,-9743,-11896,-277,5974,4789,13342,6624,-993,-4100,-5950,-2909,-3128,-5065,-10559,-7760,-8124,-8452,22335,50,-26121,-1551,15087,1256,-15124,-12638,-2430,18736,11226,3997,1528,-5070,-4874,-1339,-3811,-10031,-8568,-6862,-3840,5869,19356,20510,13986,2155,-11404,-2661,-2581,-2390,1695,-784,2123,3108,3369,866,413,3250,7002,4512,819,1765,-4033,486,6207,5961,-1255,-5757,-1346,-3298,-2098,3438,-6508,-5844,3772,4138,1891,-599,-4048,-5104,-3664,-1717,-6409,-4336,-1527,717,802,-543,-2150,-3161,1200,5805,5340,386
72,127.0400000000000205,2835,-4737,-3653,7963,4320,6218,4044,-131,2143,5659,1729,3134,5703,1316,7885,12545,6073,-516,-9399,-7654,7243,17451,-2967,-19988,-12397,-7482,2827,6449,1340,234,-4310,-2211,-2224,-4074,1623,5753,4072,-1706,-6817,-1183,4259,6090,7611,-563,-1807,6884,7993,5520,2228,-5120,-8887,-5692,-9971,-2141,7870,4245,-2355,-9552,-15232,-2765,6529,11022,581,-5125,-11903,-15385,-6425,-3217,2238,-403,1080,7831,13310,-530,-334,-6367,3669,7103,-4476,1265,2372,-4413,-7670,-8608,-5716,-20139,-20291,-398,7658,-4424,-2396,13459,3307,-10333,-18350,-8424,19506,21067,32767,-7277,-27380,-9404,6473,373,-3245,-4997,-3562,-10300,-13286,-1876,4921,9968,14317,8846,1247,-4692,-6934,-2958,-963,-771,-775,-4063,-4356,-11309,10632,19119,-22720,-11414,18530,12014,-12015,-11841,-6102,14564,18672,5497,3178,-2629,1639,2449,-1185,-5547,-3134,-4323,-7090,-1219,17466,23395,13481,-2231,-10236,-4299,-2672,323,-441,-5568,936,3311,-6533,-8273,-3773,2722,3284,1307,-1926,-967,-3920,3186,1510,428,2067,-3125,-1763,-1917,-306,-893,-9125,-7608,2812,5520,-648,-774,-1743,-1468,-3552,-5577,-3308,-981,-1074,-1793,-2589,-960,-4692,-5008,1116,5734,4863,187
73,130.2400000000000091,628,-5308,-2752,1882,348,2424,-272,4112,6688,5123,5395,156,3196,-208,7393,9834,8824,2126,-7395,-10409,-3737,6367,1044,-13807,-12638,-5326,1043,4885,2808,1758,1232,-1322,-3950,-1657,3435,6778,3433,-100,-2370,4550,7364,7823,8793,-2129,-4427,2289,7330,7580,1965,-4602,-5742,-9344,-8752,-4549,7890,4296,-3237,-11003,-8461,1992,6429,10655,7498,-5851,-11556,-11748,-4483,-6701,-2668,-292,1913,17222,15269,-7145,-9226,-9709,2857,5763,-1705,-603,3002,-6020,-11534,-6711,4566,-11067,-20257,-10775,-1069,-4428,-7251,5366,1647,-8728,-18524,-9626,8772,8511,30901,10007,-22957,-20130,151,1787,5856,618,-4868,-8478,-12479,-4261,3532,11191,12267,10396,6797,-4667,-6629,-2455,1886,2488,8464,1236,-1789,-9239,-3687,23058,-4644,-16787,11624,16451,-4278,-9219,-4321,3514,15225,7399,4680,1803,9892,3677,859,-855,2727,-2099,-8935,-5978,10696,19185,9905,-3636,-5469,-2906,-1288,677,-4378,-8448,-2656,-1470,-13684,-13714,-6432,295,-3305,-2292,-724,-2835,-952,2517,-3519,-4816,2200,730,-2814,1644,1799,-3204,-7100,-7218,-1020,3825,-2558,-1010,1181,2156,-1042,-8401,-469,2305,134,-3054,-4059,-1256,-5512,-5329,1078,4347,4482,352
74,133.4400000000000261,-1772,-7992,-2658,-2967,-2784,-307,-2305,4839,5360,3462,4645,-2067,-3961,-1411,1761,1764,8879,5334,-2292,-6836,-8533,-6020,1422,-4724,-9801,-2035,-665,2641,5260,3161,4122,-3541,-3079,-836,3724,8043,2784,3668,-463,7094,7718,7416,5533,-4815,-5975,-3528,6223,8348,3130,-5564,-5565,-8302,-3495,-2812,2821,1871,-3209,-10142,1405,7312,7191,7951,9374,-5324,-8585,-3248,-948,-8105,-6910,-2612,1269,19869,14357,-9402,-14871,-7449,939,3699,2102,-2475,945,-6325,-11853,-4134,9367,626,-8511,-14281,-10784,-5244,-7934,-1878,1765,-6069,-14995,-10156,4538,4225,10217,21149,-9218,-21114,-8981,3766,14549,5991,-5020,-6797,-9882,-5728,1911,9763,11224,9471,13487,-1069,-5529,-1170,3384,3782,10733,8067,1660,-6254,-12520,11385,15669,-15461,-2028,14204,7075,-6629,-3488,-3338,5144,5244,4700,8547,15197,2430,-283,2537,5473,-90,-9343,-7758,1386,10832,5414,-608,629,1211,4071,-1195,-6355,-8317,-7368,-8667,-15953,-13925,-6416,-2030,-6837,-1715,1877,-1995,2707,-671,-6505,-7706,366,3436,-2151,3054,1998,-4152,-4766,-5889,-3021,520,-1495,-887,2772,3850,2204,-6673,-260,4191,2224,-3032,-3684,-723,-4932,-4402,914,3101,3650,907
75,136.6400000000000148,-2469,-6084,-2774,-7241,-4164,-964,-1988,802,4371,1723,892,-3280,-9112,-1886,-5665,-5699,4389,8160,4930,1224,-8951,-10591,-1092,1169,-4410,-1096,-2290,-564,6612,1964,3027,-3832,-2602,-2163,1589,5928,4529,6108,678,6918,5179,4032,77,-5819,-5329,-6677,3487,7753,6364,-1872,-4112,-5681,-2073,-226,-1046,-407,-3912,-7844,10543,9931,5581,4813,6624,-3771,-7141,4876,4428,-7216,-8866,-5269,1052,18018,9326,-7409,-14879,-3778,-1906,851,4534,-1168,-2512,-5245,-8780,-2283,6667,8128,9616,-9558,-16712,-7782,-5608,-4509,1652,-3455,-8433,-11243,-146,-939,-472,19155,6032,-13916,-15928,5183,18715,11440,-2065,-4311,-7874,-6161,2237,7659,7911,9451,18024,3954,-3344,37,1641,3667,7309,12723,7056,-3494,-13965,-2236,21674,-7330,-13034,8755,16765,-5104,-8170,-8183,-4667,4016,7430,14368,16689,1547,-3194,3344,5297,2919,-7675,-8079,-6102,2288,2554,3637,5487,5130,8104,-1548,-4450,-5320,-10397,-11897,-12779,-8753,-4446,-3402,-5484,1435,4131,798,2333,-2925,-6376,-6710,-402,4622,1625,2833,1614,-4254,-2237,-1674,-2480,-2434,1410,-430,3034,4132,4450,-2185,627,4257,3126,-2288,-3120,35,-3792,-3105,740,3044,3123,921
76,139.8400000000000034,-2146,192,-2235,-6548,-3454,-1284,-2130,-3832,715,1859,-776,-3326,-8224,-2600,-8894,-9519,-1812,8215,9971,7987,-1986,-6937,-4850,2567,969,-532,-3993,-3915,5479,477,2708,1386,-1693,-3326,-197,3018,4652,6108,2977,3335,2864,482,-3424,-6658,-5134,-6457,304,5894,7285,2903,16,1162,2196,3961,-2264,-2438,-4042,-3952,11902,8454,2657,1985,987,-3352,-5094,8924,8048,-4816,-8891,-6446,2063,13588,2270,-3696,-9162,-408,-3643,-1232,6607,105,-7115,-4580,-4722,-1712,608,9803,22572,682,-16750,-10985,-2636,-3011,1565,-1859,-1399,-7199,-6599,-8166,-4832,12716,13110,-4210,-17074,4129,17577,17483,4392,-310,-5416,-6481,-734,3870,4619,5392,15585,8490,642,264,-1570,2818,2169,10992,11396,231,-11706,-11184,12238,5119,-15640,113,17361,-6,-14863,-11405,-10585,1737,10017,16607,15908,1709,-3979,2291,4733,6428,-3037,-7899,-10955,-4559,821,6222,6980,5856,7169,119,294,-1933,-10757,-10956,-7389,-861,-1780,-3444,-708,3838,4538,3751,313,-3912,-4976,-3020,-968,3251,8128,4039,1182,-2707,-72,3783,-416,-4639,868,-189,1563,2488,4647,2068,2526,2898,2352,-1336,-2623,-262,-2724,-1078,996,3375,3408,527
77,143.0400000000000205,-3995,4044,-605,-4339,-634,691,-3010,-6198,-1870,2680,-1236,-1544,-2175,-3064,-5639,-8740,-6339,5799,10135,11332,8802,1268,-5909,90,2967,-1107,-3966,-6303,2819,-551,1610,5586,1085,-2780,-1408,1345,2898,4492,3267,-508,211,-1357,-4926,-5125,-4058,-2240,-2173,2438,5352,3474,3320,7357,9239,7937,-2648,-4567,-2384,317,6828,3493,-10,-172,-3709,-4749,-2889,8043,8612,-1212,-7231,-5055,4660,7631,-4078,68,755,2167,-2526,-1714,5141,1325,-9429,-4572,-1536,-1175,-2900,8297,23460,10769,-9781,-12257,-2581,897,1788,-957,4114,2057,-12692,-14063,-9094,4941,11265,2598,-13015,-241,15018,20685,10305,3029,-1768,-4501,-5342,-241,-192,-785,6472,11355,5800,-709,-3439,1536,-1061,6648,11062,5920,-7330,-13478,-899,14040,-9891,-7958,10884,7505,-17852,-14335,-13603,-3976,9654,14819,12629,2855,-1262,967,4137,9005,4309,-5954,-12631,-10205,-1209,5522,5325,2954,2582,2168,4384,257,-8450,-7200,-2472,6151,1458,-677,3967,2681,1882,3553,82,-5050,-3979,-64,-1414,2366,13029,5827,1669,407,127,5677,1936,-3797,-1990,-294,-983,-601,1642,5234,3226,1271,1477,-548,-1374,-1141,-1687,559,1593,2848,3548,424
78,146.2400000000000091,-4993,3334,1021,-1473,1444,1725,-2712,-6482,-875,2062,-1064,-830,3324,-1916,976,-2976,-7517,2890,6992,10719,17109,11368,-1076,-1523,2915,-1503,-1499,-6102,589,-1498,1537,7838,637,-846,-1379,-1073,566,2039,1672,-1497,-1774,-1507,-4514,-1075,-915,2045,-4485,-847,2862,3226,5931,8944,11129,8945,-1528,-4447,-862,4043,556,-2283,-2378,-1631,-5469,-5024,-1619,5133,6950,3199,-3688,-1877,7040,769,-7840,3087,8933,3771,752,-83,1163,797,-9764,-4153,902,1237,-1336,7417,15310,14275,1567,-8729,-5248,3204,2715,-546,7014,9743,-14191,-14711,-13120,-1975,7948,5094,-5600,-4793,12551,18558,13831,6783,2016,-589,-7264,-7972,-7521,-5194,-3693,11326,8856,-1655,-3557,715,-2174,3014,6222,11083,-793,-9646,-8194,14351,1542,-11864,3702,14266,-12419,-17611,-17815,-11184,4944,10616,6922,5380,2707,857,2152,9226,10812,-1547,-11061,-13867,-4369,3134,2053,360,-1281,3886,5519,329,-3502,-2159,2798,8315,5305,2688,5379,-1393,-1283,1168,-546,-4790,-3090,113,-453,4152,11137,7465,1672,1503,515,4716,3670,-1519,-4428,-1768,-2109,-2091,-1852,5737,3203,358,709,-81,943,-1699,-727,1548,1458,1294,2611,355
79,149.4400000000000261,-1803,-1118,-526,897,2177,-327,-941,-4316,-415,1170,-550,-17,4337,-191,5733,4948,-4464,-2100,2119,5739,16381,15985,5770,-214,304,-904,1156,-2071,-372,-2255,2591,7953,-309,312,-232,-3897,-2807,-976,418,-1314,-1757,-1159,-2259,1123,3196,4015,-3655,-3388,-2677,4920,6829,6157,9322,6287,926,-1715,767,6178,-3742,-5143,-2556,-1501,-5627,-4958,-430,772,4017,6550,1631,1412,5946,-5310,-8576,3735,11455,4746,3272,3771,-1692,-651,-8381,-2172,3700,5738,3293,8128,5609,10002,8550,-1523,-6575,1986,2566,-22,7631,10045,-9693,-9610,-15201,-5254,6267,6584,2523,-6956,4656,13061,14871,11891,5192,723,-6663,-15298,-14125,-8339,-9835,8579,8399,-1318,-1986,510,-2345,-657,853,11639,7898,-3526,-8844,9096,12734,-9949,-1042,15624,1864,-17756,-22088,-15691,-2245,6344,1557,7112,5971,1758,-134,7058,13287,4523,-6116,-13492,-7284,-972,-1084,-174,-1687,5883,4550,435,2259,3027,8741,8163,8252,5010,3757,-4707,-2708,-1328,-2273,-3928,-1962,-1016,1766,4372,4618,5237,-475,-540,1870,2508,997,-1584,-4806,-3101,-2719,-2462,-4370,4266,2645,175,-815,561,2544,-1231,547,2467,168,-534,849,508
80,152.6400000000000148,4369,-2074,-1745,1555,1350,-1147,704,341,-1051,41,752,1989,3250,211,5333,8643,758,-7973,-2357,1184,6274,10516,7961,3080,-1702,148,3271,2876,-1162,-966,3186,4986,-268,1479,493,-4085,-6653,-4894,-252,-849,-619,466,-755,2217,6085,3659,-1268,-4989,-7474,2605,5825,4258,7365,3196,1155,1046,2933,5888,-5792,-4737,-1489,-423,-2981,-3342,-738,-3314,1192,7500,6614,4573,2083,-9250,-7751,1875,8608,4398,4025,6247,-383,-1177,-5783,410,6702,10287,8015,9484,-1424,1583,7251,5400,-5437,-1185,761,2334,6847,4964,-1938,-814,-12482,-7424,3828,9001,8428,-5389,-7766,6181,10202,12913,7402,-1683,-7619,-15008,-17708,-9388,-11525,3815,5998,465,589,288,-2313,-3231,-2042,7341,15140,2018,-5423,3159,17200,-1988,-4977,11009,18951,-12428,-23136,-17930,-7973,1328,-550,6803,7488,3026,-1002,2656,11502,9064,764,-9923,-9133,-5302,-2609,-15,218,7338,4559,3337,8000,7981,12158,6948,8890,5518,484,-4325,-2513,-3924,-3900,-3392,287,-272,3622,2792,-2073,-2290,-1315,-2202,1494,-727,-2918,-944,-3015,-3823,-2899,-2677,-4574,1776,1398,162,-1922,1470,2861,435,2405,3573,-945,-2290,-1128,731
81,155.8400000000000318,7608,-62,-628,2137,-1030,-3259,706,4096,-582,-1220,2747,2989,1506,-497,1111,5288,2914,-10575,-5982,-643,-3489,689,5869,5885,455,660,4048,5760,-1567,1848,1818,1034,557,3351,2130,-3294,-9184,-7941,-741,1393,1467,4429,-635,3061,5418,2779,-536,-6569,-7582,-710,3897,1169,1397,364,-1127,1784,4106,3656,-4717,-3199,-573,680,484,1092,201,-4626,-2078,6629,9406,7048,-1656,-11144,-6423,-1212,2968,3686,3887,6121,3964,-1366,-2474,2316,9318,12009,10808,9110,-5012,-6583,511,6700,-3337,-4909,-76,4628,6065,670,3928,4932,-2545,-9580,-930,9976,12044,-302,-15456,-283,3588,5940,6992,-1080,-6606,-10999,-14571,-9483,-10019,-1286,3159,2565,3017,-87,-2025,-3803,-3087,2463,16092,7814,-1225,-1636,13166,9377,-7553,3329,26649,-689,-18577,-20132,-14074,-4517,-1042,4100,7744,3603,-981,-2059,7228,11339,6578,-3078,-8380,-8291,-3442,-377,2409,6631,3795,6257,11260,11077,11267,4821,6377,3868,-1790,-510,-1366,-4917,-4974,-1222,3644,1954,3754,512,-7458,-6954,-831,-1587,270,-1912,-2519,24,-716,-2552,-1466,-1699,-2944,-188,66,4,-1229,1960,2708,2897,4235,4623,-984,-4077,-2482,954
82,159.0400000000000205,7854,4235,1571,1440,-3313,-5687,438,6633,-190,-1432,2984,3320,164,-1355,-3605,-1328,870,-8802,-7731,-840,-6905,-6189,3644,8236,3836,2127,2049,5384,-1241,2974,-1279,-3215,2257,3790,3683,-2690,-7510,-8958,-1221,4499,4270,6893,1504,2747,2881,121,-1773,-7921,-6311,-1502,484,-882,-5319,-3917,-3291,1019,2899,1431,-1986,-1818,-471,1025,1937,5411,4213,-3825,-4508,4877,10028,7829,-3111,-10718,-5748,-4139,-2337,3093,1509,2994,5743,2943,1442,3374,8997,10399,10286,5031,-5166,-9949,-4972,1978,-2829,-7583,-592,6881,5793,388,5535,5157,7136,-7738,-6711,6422,12928,6317,-13748,-6153,1766,-2064,2905,515,-4246,-6195,-7624,-6655,-8633,-5809,-121,3692,4079,-197,-1544,-3375,-3203,-829,11510,13549,1625,-3893,5479,15629,-5796,-4681,18788,13809,-5252,-18671,-20437,-11584,-4004,1708,7182,3290,-1235,-4973,2058,10782,9019,4104,-4999,-8607,-3597,-842,2734,2017,100,5681,10065,10738,8114,2131,1068,601,-1319,2953,-543,-3980,-4419,3117,5890,3974,2836,-2641,-8923,-6773,-2810,299,-57,-1040,-934,-1635,-195,-141,954,-251,-942,-1015,-299,-494,-63,1944,2318,4526,5561,5128,-410,-4607,-3282,824
83,162.2400000000000091,3880,9324,6574,4138,-3489,-5499,1561,6845,2002,-1288,1601,1872,-254,-1333,-6068,-6010,-2099,-3351,-5170,-1539,-4828,-7488,532,7630,7659,5195,-311,1607,-2130,2805,-3967,-5781,2803,3156,2197,-63,-3587,-8513,-2164,3894,5190,6301,5342,2387,34,-2711,-2845,-7363,-5244,-1452,-2319,-1667,-7215,-5997,-3092,-267,897,360,877,-886,-1756,-418,3069,7873,8007,-1335,-4728,2340,8921,6743,-1686,-7989,-5137,-5523,-4489,1183,-759,-1230,4458,8727,6915,3486,6202,6378,5876,-487,-2993,-6350,-4705,-2226,-3746,-8717,-3530,7889,6027,1342,4286,3291,7469,-2007,-10431,-504,9567,8648,-6970,-10409,3632,-2276,-3375,-1206,-2173,-3778,-362,-2262,-7785,-9231,-3322,3481,3361,437,-623,-2478,-2982,-3226,4189,14697,4558,-6070,-710,12177,115,-10130,2509,20961,13806,-8426,-21004,-17619,-10082,1077,5419,2858,-1269,-5819,-1783,7246,9650,6819,-580,-5754,-3125,-884,670,-2425,-3791,2078,5323,6999,3579,-845,-3618,-2909,76,3112,-7,-2544,-2322,5781,5089,4498,1017,-3665,-6107,-5028,-3478,2733,811,841,-198,-1606,-147,1271,2070,276,-54,-1552,-543,-310,1153,1750,1827,4500,5918,4262,369,-3429,-3347,39
84,165.4400000000000261,-2541,6807,9840,6732,-1350,-3101,780,3069,3567,122,-416,-647,-51,-94,-5429,-7033,-3683,2651,394,-3625,-2305,-4802,-2555,3767,8571,7256,206,-2606,-4113,499,-2910,-4838,2854,2428,-954,2329,-62,-5361,-4094,1502,2960,3712,9070,3033,-2424,-4218,-3070,-3435,-1864,-1777,-2963,-1934,-6722,-5995,-1211,-163,-837,-195,3742,5,-3076,-2412,2801,8928,9659,2157,-3766,-522,5953,4831,807,-3257,-3757,-5164,-4451,-1741,-2305,-3673,1341,11483,12300,3588,2630,860,-443,-4250,159,1679,-164,-3466,-3909,-7886,-8562,5991,4466,2055,1940,1074,3011,3142,-8927,-6715,3553,5475,-1027,-11002,2836,4584,-3331,-2611,989,-2090,1545,1384,-5679,-11613,-5700,1807,1673,1591,1596,-1474,-2642,-4856,-3526,9208,7740,-6693,-4082,2205,7779,-11715,-10634,17866,27992,11671,-9208,-17915,-13123,-387,3678,2872,-412,-4911,-3849,2623,7772,6326,3074,-1763,-1878,-1234,-2692,-4629,-5568,-1125,1034,739,-2746,-3996,-6082,-4904,446,1436,922,-878,1513,4875,2654,3705,-1456,-3413,-2550,-3728,-944,3050,2854,3094,2074,970,1997,1938,496,1048,132,-1041,-881,-10,1726,1415,891,3056,4375,1750,933,-1480,-2590,-763
85,168.6400000000000148,-8128,-72,7689,4763,2051,1703,-224,-359,1441,653,-2155,-1916,-101,749,-2480,-4552,-2727,5649,4903,-4283,-3054,-2891,-3464,-1350,4086,5558,1480,-4646,-4488,-3010,-791,-1759,3056,1731,-2789,1237,3796,-684,-5545,-1360,-840,124,9011,4162,-3567,-5242,-4112,636,1464,-609,-2031,-3361,-5059,-5024,610,434,-1686,134,4709,1530,-2238,-3461,1915,7381,9475,4187,-1893,-2897,1404,2928,2972,2563,-757,-3385,-4055,-4745,-3489,-3920,-1983,8505,13837,4563,-561,-4023,-5714,-4641,2415,8848,5477,-1485,-1254,-4820,-11866,1042,729,2210,-339,26,254,5117,-1657,-8751,-3113,1279,1165,-9312,-2602,8987,4538,-2363,2373,6245,371,761,-784,-11800,-6784,-339,422,2769,3998,-929,-2022,-5170,-8170,953,8549,-3827,-6707,-5822,10760,-7507,-16282,9446,28203,30061,12086,-8560,-8695,-5533,1476,2743,1035,-2968,-4759,-1665,4277,5253,4537,1532,-381,-2367,-4881,-5246,-4420,-2479,-1791,-5030,-8157,-6413,-5748,-4239,-432,-137,975,1718,5443,2274,851,1075,-2758,-2679,148,-2786,1008,2212,4334,3117,3910,3453,3200,1652,-1180,1024,343,-302,-762,63,1049,317,-440,811,1444,-1341,1334,284,-1577,-1041
86,171.8400000000000318,-9785,-5750,1395,-203,3511,5234,677,-1614,594,-762,-2965,-2224,-667,942,1437,-661,-775,4747,6404,-2232,-5238,-1625,-4533,-6359,-1319,1930,1872,-4140,-3485,-5145,-184,3043,3330,610,-2660,-1657,5249,4043,-3266,-4947,-3082,-2575,3316,3412,-3056,-5326,-4389,2260,840,564,-230,-2159,78,-2160,1260,-72,-1437,623,3246,2100,-1588,-3953,1632,4543,4883,4788,-242,-4222,-3190,867,3672,7120,3874,-906,-4066,-7028,-3926,-3254,-4713,1286,11673,6416,-2400,-6889,-7338,-3220,2334,10026,9846,4094,2928,-961,-10525,-6246,-3649,1396,-378,858,-446,5017,5645,-6035,-7513,-1604,1101,-7376,-9550,3909,11060,1912,2586,12061,5571,-2899,3490,-8224,-6970,-2071,-205,3818,5693,-600,-1387,-4425,-9015,-4696,6139,1961,-8987,-7726,5448,919,-14077,-114,16224,29353,26567,7616,1006,-10847,-3668,1701,2138,-1079,-5101,-3916,1045,3821,4559,3220,279,-3975,-5518,-5009,-2586,-2313,-4379,-6536,-8689,-6627,-3589,-1532,-1505,-1082,-54,4972,6150,-255,145,-2180,-2544,-1834,704,-522,1043,1836,3461,1336,2299,3314,2582,568,-1758,-198,1433,-120,-361,-182,457,-603,-1287,-1262,-1332,-3386,1381,1310,-883,-749
87,175.0400000000000205,-4919,-7379,-5336,-3992,3131,5554,2024,-2453,-311,-140,-2962,-1983,-1589,1306,4470,2717,1822,2626,5161,1805,-3719,-701,-4492,-9439,-5057,-1822,2524,-629,-1090,-5684,-815,5763,2409,405,-2134,-2869,3531,8831,1569,-5822,-4466,-4763,-3064,585,-1187,-3364,-2614,1977,-567,-875,575,56,2411,1078,1177,2,-686,576,558,1196,-823,-3162,646,2157,1268,3687,122,-4479,-5912,-1342,2393,8768,7936,1489,-3959,-7809,-3357,-2364,-6514,-5890,7078,7682,-2845,-7252,-5619,-2408,840,6857,11525,10287,5953,1924,-5376,-11183,-8111,-974,1631,2813,-10,2802,7788,-859,-7790,-3953,847,-5700,-13352,-4895,8519,8709,5787,7413,10501,51,3286,-2013,-6256,-3195,-60,3835,6636,533,-1277,-2976,-7506,-7536,2000,5571,-9315,-7342,-1661,8655,-4207,-6684,1231,14060,24215,19063,10157,-9760,-9846,-953,2612,664,-5181,-4831,-999,2895,4294,3973,474,-3028,-4634,-4086,257,-570,-5534,-4949,-4705,-3497,-1360,1251,-1602,-1633,-132,6061,3607,-1341,-724,-2571,-1496,-885,-8,2829,871,692,638,-282,-435,1688,1332,256,-1493,-1025,2289,25,-120,-243,49,-1173,-1529,-2604,-3208,-4112,904,2095,-468,-383
88,178.2400000000000091,3685,-4703,-9063,-6111,343,4386,1110,-1590,-1979,1162,-1891,-1228,-2055,1936,4609,4465,3654,1495,2574,5405,751,-441,-2021,-8704,-6327,-4200,1474,4595,1521,-3858,-1944,4812,514,-79,-580,-2584,112,9133,6123,-2010,-4826,-6492,-5853,-2216,1074,-295,-496,458,-161,-2469,-632,167,-470,1507,170,50,223,69,-2152,172,-59,-922,482,305,-1098,1269,1230,-3300,-6473,-3532,-498,7332,9660,3241,-3781,-6594,-1737,-1531,-6871,-10065,1205,6362,-1915,-5413,-2526,-2248,-1239,2819,9918,13291,8311,2813,611,-10687,-10470,-5008,2475,3287,1573,-51,5743,3267,-5247,-5401,425,-3585,-12807,-10661,-1273,10068,9769,4480,7489,5808,2484,2792,-3876,-3802,424,2263,5623,2712,-832,-1894,-4787,-7612,-2352,6015,-6011,-7040,-7531,10630,8513,-8455,-8194,-1126,6831,16341,11874,-2802,-12382,-5029,2451,2343,-4177,-5555,-2208,2920,4184,4554,1487,902,-1910,-2273,3447,953,-4143,-1831,81,365,187,2088,-180,-1262,1488,4410,-3,-675,-1920,-732,112,834,722,5268,2112,-866,-1739,-1614,-1777,153,780,329,-105,-545,2704,384,52,-86,-722,-1879,-1991,-3093,-3732,-3603,404,2757,113,-354
89,181.4400000000000261,9572,654,-8814,-7761,-3051,406,-326,-871,-2290,912,1287,-232,-2035,1995,2465,4026,3812,2039,-385,4359,4909,16,801,-3944,-5248,-3916,-1373,7743,2881,-110,-2704,929,-760,-1062,2072,-1084,-1684,4239,8033,2808,-3378,-7064,-5664,-3143,2929,2716,1516,-949,-125,-1240,-2557,-476,-387,601,-851,-898,-59,-1073,-3550,-762,851,1979,1893,-354,-3526,-206,1835,-1295,-4880,-5346,-3448,3367,7844,3184,-3940,-4102,-1083,-1657,-6495,-9917,-4280,2500,-36,-1720,47,-1635,-3149,-838,5412,11700,10274,3975,5813,-5543,-8328,-8856,-782,-932,2170,-1111,1863,4310,-2711,-5282,-93,-509,-7789,-11332,-7475,5996,10459,7588,5870,6739,4127,4017,-201,-3533,47,-147,3289,4429,941,-1602,-2277,-5623,-5087,3648,355,-6925,-10567,5052,15094,-5189,-9600,-8674,-6804,3555,4833,4100,-9075,-8413,921,4082,-1590,-5779,-3732,1822,3496,4383,2409,3789,1184,-29,4035,1255,-631,1199,2099,2402,918,604,1319,290,2566,907,-1961,27,-2563,-171,1399,2496,3048,5118,2410,-1668,-2044,-2244,-1500,-875,-190,733,1667,854,2493,584,-708,-208,-1125,-1700,-1811,-3288,-2979,-2328,-377,2788,981,-375
90,184.6400000000000148,10625,5084,-5530,-6433,-5297,-3396,-2076,-1760,-747,-353,3296,1145,-1018,463,-307,2132,2133,2192,-2863,320,5992,1251,2061,2995,-2553,-2794,-2617,4989,2413,3474,-1658,-3598,-2099,-1127,4371,1887,-1011,-546,5746,4704,-1525,-6406,-4026,-2403,3536,5512,3499,-1177,925,-642,-3238,-502,550,184,-1701,-1626,-875,-2526,-4216,-1389,2234,4803,2264,-173,-2977,-1557,1049,568,-2681,-5458,-5103,-918,3202,1399,-3119,-1697,-2375,-2872,-5229,-7113,-7513,-2367,1459,2242,1864,-601,-3286,-3108,271,6260,9961,8108,9512,2437,-3031,-8571,-7180,-8313,-559,-476,-753,3039,-1194,-4930,-525,3088,-488,-7672,-7313,693,5836,10440,6911,5181,5158,4004,3023,-1669,-1160,-1995,457,4331,3035,-876,-1147,-3225,-6015,-176,5642,-4257,-11046,-2169,11846,1731,-3624,-6375,-7154,-6958,-3334,5659,-1798,-8061,-2641,5105,2008,-4639,-5633,-451,1771,3308,2542,2313,3050,2194,2672,423,2530,2191,1461,1455,464,-1070,1318,2109,577,-2777,-698,-817,-2452,-1072,1454,3313,5108,3336,2132,-2208,-1558,-1680,-141,-272,-731,384,1945,1989,1588,495,-408,-671,-1013,-539,-751,-2674,-1826,-1060,-1325,1758,1955,-155
91,187.8400000000000318,6940,6285,13,-1367,-4654,-5271,-3903,-3074,-819,-635,1991,2146,770,-1333,-2238,131,280,1004,-3381,-2745,2522,2244,1915,7455,583,-2135,-2893,-896,1347,4389,348,-6877,-3227,-1106,3694,4827,105,-2411,1871,3342,45,-4351,-3009,-838,3058,7231,4926,-285,3485,-980,-1836,-766,425,-416,-1349,-1080,-1366,-3700,-4424,-1259,2632,4955,2311,23,-1663,-2427,722,1558,-1005,-4554,-4744,-3211,-1363,-253,-531,84,-4363,-4949,-2936,-4051,-8810,-6233,1770,4281,2832,-162,-2002,-3736,-4421,-667,7546,10549,10972,7491,2118,-4201,-10219,-11567,-5406,148,-1034,1092,157,-5115,-1085,4902,4967,-1946,-2767,-2016,-2028,5991,7561,5929,4463,4357,3826,807,-2240,-2274,-1885,2735,4442,1956,-670,-1908,-5830,-1854,6529,902,-10220,-7227,2725,7036,4620,434,-215,-7995,-6146,2379,4020,-3960,-5725,3731,5160,-1788,-5751,-3165,-687,1215,1477,-1061,3149,3329,17,-44,3665,1420,174,-411,-858,-1320,179,2251,-2406,-4300,559,-1765,-1125,-986,613,3054,4466,1721,1374,-1115,-1298,581,1344,388,-1369,-475,1480,1676,498,574,1125,-712,-987,-882,-533,-795,-620,-95,-2096,17,2485,418
92,191.0400000000000205,1797,4490,6036,4275,-1617,-4751,-3949,-2928,-1273,-744,392,1833,1862,-2242,-2194,-1670,-436,-191,-2323,-4007,-1019,2496,1422,6419,2282,-1226,-4253,-5857,413,2701,1645,-5955,-3827,-1911,647,5405,1711,-2259,-1612,-402,2052,-948,-3159,-182,1585,6419,5784,1691,4089,89,163,-559,1953,-555,-307,-50,-1592,-4666,-3823,-464,2543,3725,2187,740,1151,-594,378,1351,305,-2759,-2401,-3153,-4167,-704,3043,2028,-5168,-6709,-1209,-975,-8189,-7741,962,4119,2152,-622,-1153,-3759,-7327,-6069,3015,8786,9932,8056,5262,28,-6631,-7465,-8725,-544,137,-107,1360,-3411,-1773,3631,6710,3366,2057,-947,-5870,-4989,6187,7951,4558,4300,3014,2136,-2456,-2041,-3678,301,4841,4904,891,-2428,-4542,-2295,4170,5903,-6471,-9534,-6819,6819,7924,5284,6103,-1705,-4153,-829,5199,960,-6208,-2,5978,2572,-3204,-4992,-3139,-1452,-890,-3010,1204,2180,-2958,-447,2690,476,-438,-808,-1390,-513,-752,338,-3764,-3703,-869,-1463,1061,372,85,2339,2286,548,-409,609,-529,1593,1575,359,-1847,-1058,861,1237,-740,735,1648,-164,-712,-1440,-101,1215,478,477,-2565,-1679,2052,1272
93,194.2400000000000091,-1259,2933,10150,8680,2139,-2331,-2706,-2321,-790,-913,2,1356,2218,-2258,-1440,-2360,-760,-852,-787,-3074,-2416,2543,937,1919,3663,-335,-3755,-8128,525,980,1748,-1479,-2198,-3314,-2869,3108,3010,867,-3058,-3540,2894,3238,-2461,-1657,-703,2805,5913,4159,3134,1418,1773,240,2420,1578,1117,1112,-1060,-5068,-2440,438,2013,2779,651,881,3267,2381,436,396,675,-330,600,-1845,-4233,717,6700,3789,-4647,-6696,-1287,1572,-5334,-6915,-552,2246,-35,-1560,-1127,-3618,-7673,-8751,-3250,4386,6698,7533,6276,3163,-69,388,-7074,-2356,1188,-411,1421,529,-2727,644,4421,5867,3212,506,-3282,-12392,-3131,6013,5859,4219,2362,1230,-1232,-2049,-5191,-2040,3644,6184,2676,-3430,-2658,-2886,917,8473,616,-9266,-11792,2338,4563,5316,6650,5580,178,-667,3286,4530,-4461,-3855,4275,6152,1316,-4574,-4539,-3511,-3034,-2893,-787,-347,-3393,-1490,515,269,-189,120,87,119,-1348,-2534,-2708,-2320,-3289,175,2978,1340,247,1157,239,-331,-1949,1043,142,958,1096,-58,-1350,-1266,661,771,-892,47,1348,413,-40,-318,985,2482,1193,1036,-2114,-2790,879,1542
94,197.4400000000000261,-3084,2952,11170,11026,6536,914,-655,-1069,-1041,-566,-366,726,2037,-1224,-789,-1887,-1328,-1301,853,-710,-2641,1510,1091,-1336,3495,1297,-1937,-6054,-10,720,2341,2613,-259,-2657,-4487,-1041,2831,2878,-1417,-3965,1983,6525,-758,-2962,-2630,-747,5114,5155,2759,2868,2726,670,655,2894,2544,1655,-519,-4402,-366,583,1054,1375,-843,-55,2132,3858,854,-540,465,1124,2350,-714,-2011,3401,9012,5081,-1984,-3857,-1549,1995,-2291,-4827,-2191,-405,-2183,-2121,-910,-2913,-5928,-8744,-7823,-154,3795,5464,6032,5747,4895,6182,-479,-4277,147,4,831,3388,-3094,-2773,404,4454,2344,-252,568,-8645,-13036,-1937,5892,4011,2442,123,339,-2423,-6091,-3237,965,6477,3895,-2841,-1623,-3459,-1147,7946,8960,-6334,-10813,-2861,-1708,1090,1787,6982,3822,1432,2290,6045,-1020,-6263,1417,6687,5104,-1120,-3409,-3804,-3324,-1293,-1465,-2547,-2013,-2650,-2518,-607,292,1543,2119,335,-1895,-3945,-543,-1165,-3720,1874,3392,1568,1112,410,-1493,-1205,-1678,118,561,-260,39,-471,-444,-967,29,155,-200,-388,597,766,562,607,1487,2799,1542,1510,-767,-2725,-559,940
95,200.6400000000000148,-3685,2201,9084,10905,10549,4672,2270,176,-2190,-508,-852,-238,1434,66,-76,-1604,-2299,-1689,1701,1737,-923,27,889,-1479,645,1565,546,-1030,-222,1188,3256,3531,475,-814,-3904,-4171,1547,2399,824,-1303,635,7345,1487,-2382,-4049,-3082,2558,5165,3006,4428,3318,1029,168,3025,2514,1063,-230,-2309,1626,77,-440,305,-1093,-914,201,3053,1127,-525,156,1645,1782,-138,905,5519,8685,5863,2407,1091,-660,31,-674,-2294,-3354,-2541,-3095,-1435,-222,-1642,-3499,-7159,-9077,-4145,1047,2503,4422,7222,6413,7173,5106,-3871,-3176,-307,889,4314,-1717,-4913,-2167,586,860,-1383,1153,2526,-13532,-11774,1460,4039,2658,455,949,-2439,-5854,-3073,-1832,5062,5428,95,-1586,-3970,-1929,4270,13677,-187,-6642,-6153,-7447,-4979,-4442,2114,4048,3044,2634,6019,3118,-6467,-1750,4666,6309,3045,-331,-2461,-1504,763,-1137,-3313,-650,-2166,-5338,-2234,764,2453,2745,602,-1997,-3397,730,-139,-1228,2025,2027,1686,2198,12,-2772,-1855,-1270,-556,583,-818,-1430,-1085,401,-296,-544,-323,4,-809,-68,389,891,780,1562,2255,1244,1748,705,-1577,-1580,216
96,203.8400000000000318,-3436,-507,3593,7758,11561,8149,5270,1870,-1781,-1812,-770,-751,393,762,776,-1630,-2625,-2090,1234,3107,986,-1531,421,-397,-2394,314,3546,3908,615,1284,4174,3345,394,923,-1772,-4111,25,1258,1431,3497,315,4899,3136,-1029,-4487,-4973,-652,4936,3390,4294,3324,1409,266,2759,1846,521,521,1008,3252,-491,-1376,-423,-1156,-2476,-1439,519,1197,228,-285,1043,-46,-140,2559,5858,6100,6001,7010,5661,1185,-1629,-1002,149,-3567,-3423,-2339,274,697,-230,-1173,-4456,-7477,-7100,-2135,438,1386,5984,4841,5213,6535,-2197,-5714,-1568,384,2999,1325,-4162,-3289,-1899,-1142,-1933,-29,6475,-5648,-16251,-6848,3801,3377,1857,695,-1747,-4104,-2477,-3875,31,6235,4774,-1201,-4314,-2612,-145,13027,6878,-2769,-6699,-9345,-9137,-9198,-3792,524,3053,2715,3770,6083,-4225,-4754,954,4521,4701,2687,-1,1151,2162,-523,-2136,542,-415,-5708,-3153,710,2336,1588,782,-1671,-1909,926,1559,2324,1160,-63,1359,2183,-978,-3141,-2955,-1029,76,-90,-892,-2230,-2015,451,477,-1036,-815,-673,-923,-972,29,1056,1265,1461,1074,379,1570,2056,-225,-1917,-191
97,207.0400000000000205,-3021,-4625,-3174,1029,7708,8764,7065,4651,780,-2216,-500,-1195,-620,1021,1383,-869,-2184,-2342,129,2231,1069,-2512,395,617,-2912,-573,4640,6756,1291,710,3765,3053,612,1566,-67,-1769,-1459,-23,878,5905,1088,711,3268,-159,-4001,-4988,-3485,4027,2838,2346,2138,1003,-202,1739,590,-457,1055,3831,4494,-632,-1254,-1134,-765,-3260,-2617,-1864,577,1094,-276,-129,-1236,-419,2274,3916,2861,5531,9924,8458,3489,-984,-972,1860,-2515,-2955,-590,2098,1730,1129,24,-1312,-3696,-7668,-5507,-1508,-739,1529,2840,3222,5129,-26,-5272,-2703,-96,1226,4127,-456,-3231,-2391,-2890,-1684,-1390,-107,3382,-10444,-13919,883,3659,2873,146,-726,-1281,-2164,-4536,-4857,4971,8850,1158,-3704,-3513,-2835,7198,11113,1477,-4658,-6637,-8649,-9624,-7419,-3752,1608,1822,-115,6284,60,-6540,-3658,788,3125,3330,2236,3038,2223,255,776,1221,485,-2458,-2444,342,936,131,314,-771,226,1598,3271,4150,215,-1773,183,822,-2063,-2466,-3297,354,453,-677,-1186,-3013,-1998,-147,711,-873,-1333,-871,-471,-1665,-229,615,1064,593,109,-513,661,2817,749,-1561,-222
98,210.2400000000000091,-2107,-7573,-8935,-6210,610,5027,6544,6111,3878,409,-1024,-1618,-1703,871,1156,977,-463,-1284,-924,280,323,-2897,-207,1220,-1991,-741,3841,5756,1134,124,1267,2179,993,846,695,667,-2089,-1529,-296,3766,1712,-2042,2251,638,-2745,-3943,-5247,2143,863,825,723,949,299,333,-219,-703,1260,4969,4767,258,-800,-1233,-164,-2139,-2480,-2372,-411,1611,29,-431,-1037,-787,826,862,350,4099,9167,8317,5531,1211,735,1986,-767,-1633,808,3045,2129,1476,109,1513,563,-5108,-7726,-3369,-668,-2399,1662,1170,2365,2067,-2925,-3225,-108,1202,4645,3843,-890,-1629,-3492,-1629,-1580,-5364,5228,2820,-13035,-4213,2726,2977,-263,69,1243,-1749,-3882,-5741,1945,9282,4988,-2363,-4217,-4503,494,10727,7241,-1130,-1671,-3099,-4958,-6845,-5109,-34,919,-2563,2944,4219,-5866,-6888,-3235,-14,1494,3105,2781,1678,1452,3691,1192,207,2642,225,-416,-1167,-897,-730,1005,2949,3121,3602,3698,-160,-2524,-767,-1426,-2562,-1685,-1770,1003,515,-595,-1157,-1801,-898,292,757,-290,-1621,-1309,-207,-1923,-543,-48,571,11,-860,-910,-393,1947,1420,-563,-68
99,213.4400000000000261,-830,-7518,-11927,-11516,-6676,530,3576,5280,5059,3348,-1237,-1815,-2716,230,587,2326,1542,819,-1124,-1069,-744,-2410,-1607,699,-716,-480,1237,1817,-481,-275,-1708,1049,1456,-197,1799,1298,-1529,-2723,-1566,-231,844,-2439,804,1126,-787,-3380,-5333,-527,-1581,-194,-606,1049,235,-1423,-775,-323,1637,4614,3754,1193,-517,-1341,-671,-1331,-1392,-2056,-636,1308,530,-65,-86,-783,-651,-1693,-1424,1633,5903,6090,6384,3500,3757,1158,491,-383,1368,3078,1839,776,229,2632,2974,-773,-6057,-4631,-564,-1886,719,-1052,686,2547,58,-2345,-439,2134,3565,6256,3484,4,-2808,-1682,309,-3682,2416,12013,-3757,-8270,629,2271,-76,782,2159,-1060,-2734,-4088,-1269,5246,7787,395,-4310,-4677,-4231,6485,10941,2244,2142,2948,1789,-2157,-3244,-1493,401,-1756,-1099,5721,-2752,-7442,-6077,-3339,-990,2203,1188,737,2216,4365,761,356,5564,2960,-1217,-2401,-2048,-1563,2968,5380,3858,2517,2566,-110,-2551,-1476,-2822,-2386,-463,783,680,534,-229,-729,-227,-337,-45,315,-86,-1388,-1677,-500,-1736,-540,-41,979,17,-1299,-849,-1011,34,1649,654,165
100,216.6400000000000148,-784,-5321,-11010,-13097,-11038,-3344,-171,3783,4921,4149,103,-2131,-3253,-959,-242,2789,3099,2303,-327,-1972,-1845,-728,-2264,-1609,770,229,-1562,-1646,-1163,-1167,-3874,125,1468,668,2861,1056,-798,-2799,-2530,-3438,-912,-1449,33,822,874,-1970,-4697,-3620,-3253,-1348,-1436,614,189,-2352,-1770,-330,1588,3566,1981,1585,46,-1948,-1233,-812,-624,-1350,-488,783,1368,855,706,-347,-1679,-3584,-2818,-983,2660,3523,5292,5262,6842,692,857,254,1359,2817,1492,101,255,1811,3008,3379,-1507,-4781,-1361,353,180,-1736,-450,2983,2537,-377,-281,1787,1769,5808,5950,1818,-418,-1311,1998,2675,1424,11356,6735,-8273,-3005,619,646,1542,2252,-212,-1360,-2163,-3720,-313,7985,3994,-2358,-3623,-6573,832,9749,4875,4628,5474,6668,3360,39,-2442,-281,1156,-2265,4421,1185,-5196,-6900,-5237,-2590,335,-416,87,2151,2624,368,1076,4023,3399,-1379,-2888,-3062,-1513,3626,5845,2871,1353,1134,-358,-1810,-2004,-2749,-1621,732,3403,573,-154,336,-49,476,917,108,849,524,-596,-1186,-273,-275,-419,-397,504,-408,-682,-637,-1509,-1712,1354,1526,576
101,219.8400000000000318,-2712,-1853,-6198,-9734,-11100,-6023,-3128,1719,4721,3571,1493,-1252,-2685,-1787,-1036,2188,3476,2323,-186,-2096,-1824,1455,-1769,-3550,1818,666,-2349,-3056,-236,-1546,-4167,-786,759,1868,3076,1045,-391,-2423,-2640,-4083,-1708,589,31,526,2063,237,-3250,-5760,-4617,-1857,-1774,407,238,-2131,-1976,-55,1023,2021,-258,1383,434,-1433,-1160,126,-281,-669,-373,352,2081,1807,996,227,-2162,-4563,-3777,-2288,-166,1164,3051,5612,7527,1297,759,323,1001,2317,1353,-229,143,697,1506,4714,2336,-3349,-3328,480,259,-463,-1164,3139,4062,1236,-258,-349,-195,2994,4247,2856,1985,-99,1591,7621,2988,5217,10924,-3993,-6316,-1517,1305,1898,2597,780,357,-1337,-4949,-4412,4379,7211,921,-1825,-6470,-3572,4092,5486,4928,4451,6685,6363,2744,-2102,-1322,3291,-192,1671,3360,-1454,-5313,-4809,-2770,-1424,-1208,48,1201,-186,68,2033,920,1375,-532,-2764,-2762,-588,2793,3491,457,501,-596,-401,-504,-1948,-2127,-789,1931,3464,-58,-358,-109,792,1625,2456,1109,762,671,464,-385,209,676,-418,-685,-125,-662,-446,-487,-1808,-2554,574,1840,1038
102,223.0400000000000205,-3887,974,734,-2635,-7664,-6650,-5013,-927,2370,2755,1977,904,-873,-1483,-1142,787,2431,1490,-544,-1293,-358,2811,-553,-3305,2088,1182,-1490,-2110,705,-657,-2647,-2070,-313,2125,2485,1384,144,-1516,-1914,-2743,-1396,2213,-212,331,3229,2060,-658,-5950,-4712,-2287,-1473,-365,-481,-1943,-1674,-320,69,171,-2248,595,688,-460,-1425,523,57,-345,-266,41,2339,2053,981,480,-2261,-4329,-4046,-2779,-1913,-88,1622,3909,4288,2441,1017,258,452,1157,832,-428,358,318,-548,3077,3696,-1267,-4904,-1357,623,1445,254,2452,4540,1775,-866,-2504,-1708,-130,968,2382,3158,2065,-415,6856,4261,-709,8649,1830,-6629,-3763,1359,1630,2550,1645,1593,-1224,-5251,-6187,-353,8628,4374,229,-5301,-5594,-1860,3211,2858,2198,3767,5592,3914,-1066,-2419,2361,2558,-445,3034,1596,-2338,-2754,-2164,-2541,-1434,-122,-200,-2327,215,2406,-719,-1137,61,-1642,-925,903,1140,-273,-1888,-564,-2114,-235,710,-1429,-1725,183,2437,1123,434,-1138,-346,1294,1652,1308,560,-177,-173,847,-18,-473,395,220,305,176,-931,-759,-167,-1419,-2147,-365,1466,1173
103,226.2400000000000091,-2458,2200,5604,4245,-2763,-5635,-4845,-2857,-803,1342,2198,2258,1520,-473,-669,-726,733,57,-739,-124,1202,2377,669,-1201,1171,1939,-245,-173,1075,805,-819,-2786,-952,1109,688,1702,875,-363,-951,-1046,-825,1229,-2,288,3603,4072,1378,-5329,-3914,-2489,-1003,-1231,-933,-1833,-1117,-955,-905,-1406,-3404,85,607,-486,-1628,316,73,-761,-373,-296,1879,1504,657,142,-1880,-3413,-3688,-3145,-2727,-212,1232,1205,-844,3053,1836,343,-66,-288,-9,-59,1006,260,-1932,343,2199,640,-4230,-3133,282,2189,2228,2306,3428,1363,-1613,-3622,-2573,-1982,-1542,291,2601,2262,-2235,930,3104,-3170,2895,5615,-4244,-5099,782,1426,1563,1994,2107,-52,-4775,-5725,-3298,7818,8052,2117,-3252,-5625,-5201,-628,-116,-516,253,2629,3721,-317,-2853,-1220,2992,-343,2209,2870,570,-577,-1653,-3082,-1582,-632,-1563,-2825,345,923,-1062,-2700,-265,639,2064,2267,-521,-3365,-3155,-1831,-2656,-395,1401,-779,-1668,1053,786,-626,275,-1628,226,717,349,675,946,114,-122,1161,545,-415,916,1124,478,-195,-1227,-1090,84,-522,-1085,-1004,605,752
104,229.4400000000000261,1205,2571,6547,7314,1575,-2841,-2966,-3276,-2952,-542,1776,2261,3423,787,-1,-1364,-1092,-1709,-944,655,2188,372,760,1310,-390,1392,1160,1166,797,1586,543,-2782,-541,-86,-862,1671,942,895,226,25,-584,-946,-251,820,2754,5147,3029,-3596,-2657,-2391,-824,-1205,-1101,-919,-416,-893,-1555,-2355,-3071,-144,517,-452,-1022,116,-390,-963,-1018,-679,758,678,-114,-502,-1464,-2409,-3193,-3214,-2836,-91,1179,-1133,-4830,2327,2521,724,-22,-1484,-549,846,1839,24,-2171,-2534,-681,1594,-1748,-2945,-929,984,3128,2247,1893,1708,-683,-3536,-2684,-2641,-2561,-1551,330,0,-2876,-5239,-860,-2532,-1886,5433,-675,-3881,52,1482,514,1801,2332,1505,-3323,-3964,-4237,4365,10566,3892,-772,-4739,-6465,-3945,-2607,-2742,-2757,-539,2268,-29,-2380,-4609,417,1570,2381,3298,2615,736,-1001,-2890,-1626,-941,-2247,-1621,-267,-1473,-1340,-2417,-295,3162,5090,3171,-1240,-4486,-3206,-2725,-2509,-645,1093,-378,-928,1116,-1345,-1467,-1186,-230,-252,335,843,1362,1698,684,976,1631,1230,402,1142,1448,307,-836,-1086,-1277,-54,546,81,-1078,-208,-56
105,232.6400000000000148,4478,2686,4485,5713,3935,753,-553,-2758,-3577,-2098,231,1940,4100,2302,921,-936,-2413,-2933,-782,1291,1698,-1582,489,2578,-1154,-325,1302,837,353,934,1109,-1758,-194,-663,-1146,442,613,1799,1505,163,-761,-2650,-851,1407,2136,4599,4581,-566,-534,-1382,-890,-1024,-1323,301,375,-98,-1867,-2808,-1906,46,1085,460,158,543,44,-265,-1225,-924,-355,11,-655,-1080,-1121,-1459,-2314,-2903,-2556,-193,585,-2738,-5707,488,2193,1301,290,-1919,-554,1700,2057,-168,-1328,-3862,-2571,1356,711,-1609,-2193,-923,2345,1619,1103,3087,2406,-1614,-2378,-2805,-1621,-1656,-1396,-2265,-2581,-6785,-5322,-2259,-3318,2526,2605,-1030,-752,1510,391,1116,2148,1656,-815,-1798,-3879,-3,9640,4904,2085,-3321,-5918,-4745,-3323,-2822,-4096,-2730,202,180,-1469,-5476,-2999,2791,3804,4262,3986,1665,-20,-1458,-1092,-911,-1755,-191,-1319,-3014,-1651,-423,1106,5045,6284,3299,-1163,-3656,-2439,-2914,-1899,-559,465,170,540,360,-1543,-2490,-1238,1059,-225,357,1202,588,403,-5,717,697,1363,1111,1120,924,624,-1161,-776,-851,-482,1114,773,-774,-763,-894
106,235.8400000000000318,5377,3452,1842,1831,3952,2793,709,-2101,-2776,-2646,-1389,1365,3382,3669,1825,-236,-2514,-2623,-263,1309,32,-1590,484,2060,-1117,-1682,-141,-205,106,-458,588,-215,-364,-657,-938,-1105,68,1948,2293,217,-1017,-3535,-1355,1280,1928,3486,4583,2194,1806,47,-491,-693,-1015,892,630,398,-1745,-2905,-661,586,1436,1709,1377,1207,903,742,-308,-1193,-1068,-493,-455,-1256,-755,-885,-1360,-2398,-2299,-1072,-749,-3215,-3667,-1401,962,1765,301,-1638,-447,1830,1778,363,513,-2535,-2953,157,2123,-924,-2795,-2313,-467,913,1436,4374,4455,1686,-1376,-2039,-361,-1003,-2582,-2746,-2564,-4806,-7036,-3020,-2336,111,3783,1430,-1096,1409,1482,280,942,746,1415,876,-3206,-3194,4700,5610,5271,-908,-3287,-3181,-2263,-1589,-3326,-3526,-1305,280,-372,-3690,-4680,1337,4728,5667,5485,2932,1540,625,-34,-537,-396,322,-1648,-2537,-1026,1963,3501,5072,4829,2116,-866,-1665,-1822,-2176,-858,-208,-350,1011,1626,-83,-980,-2109,-1103,1102,812,-245,536,-289,-864,-223,-85,186,1717,1258,1203,108,351,-1175,-157,14,-582,660,802,-504,-971,-1447
107,239.0400000000000205,4693,3681,436,-574,2865,2706,334,-1641,-2102,-2572,-1620,664,2025,3982,2286,136,-1753,-1339,793,676,-1172,-459,402,521,-697,-2258,-1473,-637,-62,-1406,382,1266,-198,-650,-837,-2010,-802,1400,2056,688,-1146,-3375,-1435,633,1230,1413,3401,4117,3066,784,230,-500,-319,1027,375,627,-1254,-2447,208,512,1277,2122,2041,1691,1492,1379,925,-1069,-1268,-827,241,-696,-232,-351,-714,-1664,-2236,-2421,-2399,-2218,-561,-2544,-466,1556,157,-1685,-699,1374,1754,1892,2457,-233,-2340,-855,2037,-638,-2692,-3378,-3746,-544,1608,4121,3867,4304,509,-867,-362,-1023,-2805,-1941,-2366,-3563,-5125,-2994,-1648,-316,2803,2884,-451,843,3247,70,-783,285,2168,2948,-2612,-5332,-1731,4798,7479,2281,-240,-743,-840,-248,-1401,-2860,-1657,465,613,-889,-4350,-2149,3344,5987,6539,4329,2797,2015,822,-391,484,225,-957,-453,728,3421,5008,3302,1666,148,-461,182,-1357,-790,306,-292,-1012,1534,2161,48,-553,-1212,-999,1024,975,9,507,-126,-138,35,507,306,2205,1494,867,-611,-311,-901,646,687,85,149,655,-307,-1170,-1602
108,242.2400000000000091,3574,2608,-393,-736,1641,1453,-103,-1474,-2042,-2294,-1206,-99,684,3077,2155,337,-978,313,1984,309,-976,578,-5,-642,-662,-1673,-1792,-438,-850,-1617,498,2395,586,-369,-616,-1982,-1142,466,1240,797,-530,-2266,-1300,143,471,-545,1560,4852,3589,983,779,163,768,656,353,606,-344,-1398,492,-66,325,1621,1842,1547,1753,1648,1698,-92,-1376,-779,943,537,637,448,-104,-815,-2117,-3217,-3812,-473,1397,-2854,-1581,727,-153,-2030,-1205,1013,2053,3652,3643,1367,-1195,-495,1275,-26,-2317,-3674,-5720,-3006,504,1554,1385,4821,2447,-253,-1363,-1765,-2278,-1097,-1277,-3211,-2155,-1759,-1573,25,1792,2964,311,-334,4276,825,-1933,156,2171,2984,-1184,-6524,-7021,1095,8094,4646,2155,853,4,-291,-82,-1629,-1480,647,1142,1299,-2966,-5202,192,4253,5839,4623,2884,2388,871,-159,595,520,880,2143,2627,3494,4471,906,-1847,-1805,4,1112,-269,481,1113,-691,-811,1692,2166,258,-291,-286,839,-125,806,970,567,-310,-521,-366,641,126,1450,914,-56,-1029,-986,-689,912,996,919,355,405,32,-1227,-1469
109,245.4400000000000261,1746,819,-333,-189,931,134,561,-1368,-2153,-2192,-1176,-900,-810,1238,1587,301,284,2006,2106,330,169,1056,-444,-1213,-601,-489,-859,-468,-1897,-1647,572,2402,1346,141,-293,-908,-965,-425,289,710,549,-433,-1164,-170,-536,-1541,-396,3850,2699,1225,976,1219,1584,188,400,161,761,64,524,-675,-1027,521,1267,475,978,1480,1403,1012,-1373,-580,1213,1999,1492,1044,375,222,-1433,-2814,-3846,839,1602,-2497,-1948,-99,-548,-1692,-1378,844,2343,4256,3657,1355,422,466,1306,829,-1305,-2662,-5535,-4804,-1501,-1345,-397,3374,3962,296,-2289,-2186,-1859,-1569,323,-1377,-252,-1046,-1737,-284,1720,2252,606,-1779,2293,2096,-2067,-932,1582,1420,461,-6355,-9634,-3242,5930,6010,3771,1376,-169,-1060,-176,-558,-1412,722,1160,2083,-1020,-5809,-2876,1097,3550,3435,2225,1885,867,922,749,1326,2779,3721,3072,2308,2110,-1268,-4136,-3020,227,1138,1553,1210,856,-616,142,1553,1646,629,-511,1617,1141,-597,832,1306,-120,-904,-1287,-741,-349,-213,216,-334,-895,-1016,-1399,-227,740,886,952,881,307,449,-881,-1080
110,248.6400000000000148,-405,-648,-258,469,707,-263,1135,-527,-1931,-1871,-1320,-1307,-1971,-927,321,438,2151,3402,1243,343,872,457,-376,-1166,32,831,557,-999,-2464,-1585,321,1365,1068,590,333,407,-237,-963,-542,569,1295,1256,-548,-627,-1915,-1855,-1563,1835,1400,1281,758,1111,1396,131,329,-335,1539,1630,1024,-1087,-1713,-252,558,-486,-497,715,498,1199,-1025,-378,880,2726,1751,1005,830,1115,-519,-1682,-2370,1170,836,-1545,-1627,-635,-457,-581,-1012,514,1942,3317,2677,655,1481,1209,1652,1744,-20,-847,-3498,-5371,-3644,-3061,-265,1931,4290,1119,-2331,-2104,-1761,-2162,830,1947,848,-1561,-2786,-1236,1807,1847,411,-2822,-2221,2405,-652,-1895,210,-425,545,-4514,-9422,-5806,384,5970,3715,1204,-759,-1357,-1113,-264,-1269,584,876,1624,966,-3637,-4455,-2315,717,1925,1624,1438,1719,2250,1457,1895,2913,3280,1987,535,-1032,-2810,-4437,-2795,0,658,2598,1181,-49,5,879,1022,1210,462,529,2143,1186,-174,304,572,-422,-539,-981,-787,-1135,-497,-662,-973,-1235,-696,-1086,627,481,509,524,928,380,598,-269,-437
111,251.8400000000000318,-1690,-1000,-64,1032,433,600,826,819,-770,-853,-936,-1380,-2248,-2904,-1218,982,3666,3975,699,129,715,-382,-36,-122,616,1569,1080,-983,-2361,-1088,-206,246,164,703,480,1415,820,-852,-970,352,1528,2158,382,-1395,-3043,-2013,-1686,-22,590,923,256,50,645,289,357,-128,1726,2887,1446,-1076,-1894,-839,-259,-871,-1203,-55,40,774,-304,-94,195,2140,1523,822,1194,1360,375,-99,-407,877,356,-124,-1050,-887,-50,636,-314,-82,629,1530,1395,676,1769,978,1282,2071,1400,1207,-773,-4664,-5082,-3559,558,1353,3226,2693,-703,-869,-1468,-1439,-303,4364,2283,-1432,-4457,-2376,746,1830,239,-2929,-6267,873,1700,-510,-794,-1455,-506,-1437,-6595,-6505,-5668,3113,2725,897,-833,-1348,-1466,-586,-794,108,740,714,2455,-84,-4348,-4906,-1973,868,1113,1294,2558,2845,2138,1779,1569,1456,383,-1355,-3743,-3695,-3123,-1426,-489,63,2309,580,-645,410,1085,342,629,412,2079,1729,1378,360,-350,-163,-234,-64,-580,-640,-1268,-783,-1475,-1014,-842,-444,-634,986,105,-107,54,495,819,479,378,334
112,255.0400000000000205,-2520,-655,556,735,549,974,339,1386,1004,688,-52,-859,-1733,-4198,-2677,1238,3871,3459,616,63,-244,-761,110,947,893,1248,1248,-305,-1732,-193,-804,-608,-418,395,254,1404,1419,-171,-645,227,1217,2303,1047,-1846,-3060,-2009,-1260,-983,96,688,135,-586,-373,648,621,542,1514,3130,1365,-706,-1787,-1437,-598,-874,-993,-659,19,303,284,127,-661,678,1072,1008,1534,1280,1176,1178,1013,453,573,1338,-323,-899,345,1304,225,-923,-1125,-398,283,1246,1862,251,629,1925,2332,2461,1844,-3036,-5497,-3437,679,1069,1764,4375,2553,1338,400,509,-960,2929,3566,883,-4083,-3881,-942,1492,858,-1611,-7431,-1933,3350,2375,-251,-1289,-631,983,-2436,-5928,-9152,-1029,1832,1226,-56,-1020,-1336,-972,-490,-359,836,279,2979,2721,-2921,-5833,-4017,-345,456,1315,2457,2358,1898,1093,97,-572,-1107,-2607,-5240,-3879,-1357,258,-424,-200,1291,243,-637,371,771,-404,-405,1045,2419,1360,528,391,-831,-876,-214,21,349,-137,-1037,-1419,-2034,-907,-639,-267,-294,784,-358,-655,-113,-150,1071,524,877,983
113,258.2400000000000091,-2938,-699,768,470,527,668,222,971,2341,1990,1013,67,-995,-4325,-3556,517,2655,1971,687,337,-834,-227,433,1130,792,615,855,415,-446,718,-942,-920,-565,-15,270,312,1148,586,-134,124,524,1717,1248,-1397,-1864,-1682,-1301,-1361,-771,576,197,-577,-1451,706,835,1104,1223,2381,984,-358,-1192,-1454,-619,-587,-474,-801,-140,-62,520,20,-1212,-953,568,1578,1969,1285,1903,1550,1514,35,904,2260,479,-649,486,1385,409,-1852,-2494,-1801,-230,1767,1768,46,204,1693,2624,2853,3627,-575,-4312,-3339,-495,609,381,4589,5706,4193,4315,2545,499,-674,2618,3551,-23,-4927,-2629,176,1689,553,-5099,-4329,2617,4340,1987,-578,164,2637,1522,-3549,-9361,-4396,1035,1835,1465,-217,-564,-978,-544,-490,726,743,2452,3606,-1031,-4752,-5010,-2313,-287,1218,1556,1138,915,376,-788,-2056,-2295,-2851,-5039,-3270,37,1145,250,266,288,249,-4,346,395,-787,-1046,1126,2296,482,-409,-253,-682,-1364,-93,805,1380,786,-664,-1521,-1968,-721,-504,160,329,660,-641,-920,-34,-617,407,683,1227,1247
114,261.4399999999999977,-2172,-985,754,359,543,275,-231,508,2376,2468,1718,608,-566,-3101,-3160,-946,495,-4,504,766,241,1556,961,725,322,-95,35,721,1089,1186,-767,-947,-121,-230,83,-766,436,1014,77,310,-54,1018,1230,-2,-142,-1428,-1916,-1604,-1645,-115,-94,-602,-1838,49,911,1077,616,1104,315,-60,-281,-1046,-750,-195,192,-379,-648,-286,593,-388,-1332,-1931,218,2158,2207,1603,2181,1480,1186,-441,931,2212,1125,-309,91,1016,484,-2215,-2852,-2260,0,1625,1425,552,-24,1516,2615,2957,3909,2043,-1563,-2929,-2435,-669,-377,3091,6178,5669,6934,4092,3071,-1613,-1082,3250,4674,-3641,-4245,-1713,1783,2215,-683,-4611,112,3355,4178,960,1765,3047,3378,-110,-6004,-5886,-12,2203,2832,1514,468,-276,-442,-497,243,1331,1393,2538,179,-2468,-4851,-4037,-1294,606,345,-169,-256,-107,-1379,-2675,-2775,-2447,-3457,-1645,725,1041,471,1188,-260,345,618,815,296,-896,-614,1269,1507,-21,-1204,-715,-504,-566,-489,363,1391,988,158,-840,-1687,-469,-117,605,782,350,-689,-896,-4,-653,-672,617,1414,1266
115,264.6400000000000432,-723,-1500,192,670,455,-310,-442,247,1230,2094,1503,657,-550,-1190,-1750,-2388,-2184,-1829,-233,1216,2554,3464,1636,517,-49,-716,-636,526,2487,1685,-380,-763,383,-518,-216,-1311,-542,1116,223,621,-190,521,1309,1649,1313,-1248,-2507,-1451,-1811,-680,-529,-271,-865,-779,653,423,-154,-62,-471,167,414,-523,-719,113,386,-75,-1017,-440,599,-676,-1189,-1886,156,2346,2207,2080,2200,1498,765,-831,726,1394,1319,-81,-498,548,560,-1626,-2288,-2160,125,980,1149,600,-526,839,1951,2559,3187,3523,1407,-1794,-3930,-3019,-1126,838,4040,4619,6160,6035,4812,568,-3134,-322,5518,-203,-4639,-3309,821,2823,3239,-2797,-2251,1081,4452,3129,3237,2315,3636,3131,-992,-4951,-1133,1849,3415,2624,1334,480,-19,-611,-380,1022,193,637,493,-391,-3971,-4285,-1948,-304,-821,-1226,-1149,-836,-1713,-2226,-2195,-1673,-1434,209,972,188,245,1582,-238,438,1112,1301,450,-746,182,1074,246,-307,-1490,-879,-179,40,-1190,-490,339,254,383,-8,-1175,-388,110,662,986,-89,-554,-513,-189,-338,-1319,91,1301,1204
116,267.8400000000000318,82,-1492,-663,826,108,-479,-19,435,391,964,816,362,-284,735,171,-2807,-4411,-2996,-1033,1204,3953,4023,2002,609,-444,-954,-1222,327,2956,2247,391,-154,454,-913,-711,-1359,-1205,657,424,528,-85,367,1423,2387,1771,-958,-2263,-1448,-1507,-1225,-853,320,421,-1263,-114,-411,-770,-669,-988,455,780,-208,-774,119,270,-167,-903,-476,539,-625,-978,-1286,317,2060,2139,2333,1930,1420,625,-608,778,412,923,-15,-815,196,811,-692,-1511,-1951,-341,626,1166,141,-1293,-385,460,1259,2127,3958,2956,-267,-4361,-5357,-2286,-703,1511,2032,3352,5152,4432,2626,-2276,-3783,1635,3266,-2906,-4104,-909,2379,5165,457,-3143,-1165,2274,4173,4236,1694,3158,4570,3268,-2640,-2204,567,2884,3050,1953,1306,508,-667,-1069,-71,-921,-843,358,659,-2251,-3033,-1656,-1093,-1684,-1876,-1793,-1558,-1343,-890,-958,-822,383,1551,717,-555,18,784,12,504,1493,1380,564,-47,588,280,-849,-934,-1344,-959,-282,-517,66,505,306,232,229,555,-295,-319,219,681,1295,-50,11,153,-220,-148,-909,-664,758,1030
117,271.0400000000000205,374,-740,-914,-19,-216,22,723,823,57,-123,234,-66,338,2253,2048,-2092,-5189,-3698,-1532,319,2846,2582,1647,719,-568,-862,-1475,103,2097,1995,1162,481,251,-599,-1260,-914,-1160,-259,514,-16,165,555,1412,2015,1083,-208,-993,-1431,-768,-1368,-909,384,836,-1012,-1119,-898,-979,-853,-1213,705,1057,-58,-695,-64,80,-438,-484,-193,372,-255,-784,-777,372,1411,1837,2079,1338,961,667,155,714,-309,166,-152,-747,194,953,187,-921,-1783,-1193,136,779,25,-1637,-1824,-1199,-771,718,3386,3100,1193,-3591,-6150,-3602,-1470,-252,-237,707,1345,2399,2652,307,-3281,-2863,4119,58,-3727,-2581,1306,4980,3854,-2052,-3124,-1062,2825,4198,1848,2012,3741,5139,-389,-2470,-984,1504,3425,2485,1757,895,-812,-1459,-1211,-1578,-1352,38,767,-179,-1096,-892,-1554,-2158,-2087,-1966,-1645,-312,581,199,-19,1821,1958,194,-603,-101,-299,221,659,1742,1091,371,735,837,-536,-1867,-1121,-755,-752,-1067,-461,1303,1001,635,778,875,1110,652,185,364,945,1087,248,597,1096,98,-368,-71,-939,28,710
118,274.2400000000000091,472,224,-573,-831,-853,440,1202,1085,-16,-754,-487,-394,790,3086,3174,-577,-4303,-3763,-1809,-792,45,-128,583,726,112,-500,-703,95,1031,678,1556,707,-149,-391,-1126,-270,-1012,-1335,335,-580,340,774,1379,880,11,537,640,-842,-70,-896,-682,-110,714,-462,-1833,-1110,-927,-1055,-1037,933,1123,263,-482,-365,-52,-387,-186,80,60,157,-432,-354,170,611,1214,1260,688,464,741,802,286,-641,-462,-302,-285,461,843,797,-457,-1645,-1962,-820,-167,82,-1175,-2855,-2532,-2711,-1066,2071,2791,2230,-1340,-4906,-4334,-2663,-1144,-626,-1112,-775,386,2412,3361,794,-3228,1466,2104,-2029,-3618,-2,3432,5204,327,-3490,-4064,-60,2430,2495,1479,1945,4377,1203,-1955,-1845,221,2551,2459,1587,950,-610,-1196,-1653,-1572,-868,-87,291,1171,533,-517,-1629,-2131,-1802,-1431,-808,685,1252,850,806,2674,1691,-396,-258,-208,-821,284,651,1581,501,110,1300,1096,-1465,-2435,-966,200,-57,-694,584,1236,229,-230,292,1160,1199,1107,647,354,426,328,140,943,2084,706,-380,259,-602,-604,184
119,277.4399999999999977,628,689,-95,-1116,-1319,224,1031,1119,368,-966,-1190,-611,926,3247,3180,1116,-2149,-3065,-1591,-1844,-2699,-2648,-835,755,1050,355,785,649,359,-699,1476,966,-548,-600,-454,61,-773,-1976,-293,-693,524,1153,1275,-287,-546,944,1686,-177,221,-289,-233,-426,473,-49,-1842,-1014,-565,-1074,-492,1015,1148,634,-247,-789,-189,-69,6,46,-270,404,255,110,-177,-202,317,277,-97,-185,610,838,-262,-664,-749,-323,249,709,695,1215,256,-1154,-2324,-1858,-1195,-10,-201,-2746,-3237,-3615,-2660,859,2653,3036,1782,-2017,-3769,-3694,-1575,150,-1055,-479,-1184,2385,5194,5595,575,-1924,1647,152,-3550,-1538,1076,4076,2487,-1951,-5355,-2882,-706,2589,2047,413,2679,1894,-1362,-2060,-834,1017,1744,1180,737,18,-480,-1230,-951,-62,139,-10,1697,1164,-282,-1387,-1440,-1141,-454,330,1108,1185,1277,1598,2763,1082,-565,-85,-270,-535,201,499,755,-188,-122,1522,718,-2017,-2278,-804,530,1259,426,1526,860,226,-680,-479,430,874,1326,789,255,-349,-378,95,1080,2400,1314,194,22,62,-941,-503
120,280.6400000000000432,999,945,-135,-1081,-1302,-370,62,680,706,-604,-1303,-547,783,2480,2032,2305,514,-1721,-1057,-2468,-4407,-4322,-1982,370,1992,1653,2053,1367,-171,-1375,808,994,-774,-878,-8,71,-254,-1948,-1319,-442,680,1544,756,-800,-441,1239,1767,321,118,97,242,-521,154,219,-1120,-417,-39,-764,58,707,1020,1025,248,-832,-494,231,262,-271,-472,538,1214,648,-357,-741,-503,-557,-901,-972,145,599,-785,-513,-705,-207,534,618,586,1607,1243,-121,-2303,-2506,-2049,-222,784,-1333,-2466,-2698,-3046,-166,2657,3458,3997,1876,-2115,-3581,-2124,556,74,339,-1508,667,5464,8153,5239,-2704,-778,1197,-2094,-2713,-1332,1681,3284,974,-3898,-4348,-3510,1331,2865,-302,1522,2010,-635,-1659,-1418,-199,847,632,357,637,351,-335,-112,332,553,307,1632,1191,-2,-773,-383,-194,414,991,837,804,1587,2057,2065,378,10,-36,-124,5,56,298,-407,-771,-238,875,-399,-2103,-1642,-864,959,2168,1669,1435,375,-177,-634,-916,22,607,1125,634,112,-916,-950,-117,684,1520,1307,994,-279,395,-831,-1037
121,283.8400000000000318,1195,914,-434,-853,-1123,-717,-972,-178,535,88,-789,-62,598,889,85,2558,2665,6,-597,-2339,-4720,-4818,-2654,-520,2349,2793,2638,1354,-519,-1091,-218,295,-925,-744,137,48,220,-1278,-1968,-391,543,1353,251,-462,263,1451,1385,598,-97,365,536,-554,-156,392,-26,295,319,-395,354,60,551,1362,896,-285,-649,112,341,-504,-546,602,1848,1312,-210,-914,-1023,-1189,-1397,-1271,-587,205,-1078,-357,-350,57,553,225,493,1984,1956,891,-1840,-2395,-2229,-505,1129,703,-426,-487,-1851,-1067,2183,3356,4652,4733,357,-2523,-2635,-109,523,665,167,-1467,3327,6890,7643,147,-2457,537,-212,-2933,-3194,-733,2574,3242,-385,-3475,-4428,-867,2583,367,719,2297,329,-1148,-1895,-1566,-327,145,-230,1154,887,479,379,183,884,1113,1215,1175,277,-1,475,741,862,1149,411,409,1605,1969,989,-72,663,287,159,123,-26,-128,-1182,-1115,-566,-375,-1850,-1418,-812,-589,1601,2091,2583,953,93,-1248,-1009,-884,-51,478,742,593,-50,-1301,-1397,-372,-111,-217,392,1656,495,-74,-700,-1151
122,287.0400000000000205,857,537,-488,-1294,-817,-625,-1218,-945,32,574,182,549,679,-785,-1462,1843,3693,1827,-213,-1506,-3693,-3964,-2812,-1209,1628,2887,2352,690,-832,-265,-869,-831,-1013,-7,206,52,285,-192,-1917,-604,237,392,-123,412,1359,1399,972,655,74,349,519,-168,-414,337,907,689,285,-307,364,-569,-102,1230,1300,378,-422,-262,226,-459,-505,518,1713,1847,233,-899,-1393,-1630,-1524,-1173,-1120,-263,-1128,-292,68,466,357,-193,418,1847,1994,1443,-881,-1428,-1418,-565,608,1881,1592,1654,172,-1366,756,2242,4017,4972,2560,-1104,-2589,-1544,-391,146,1746,-1541,-952,1742,6498,4427,-1486,-847,776,-2203,-3889,-2425,739,3416,3213,-621,-3388,-2997,576,1455,532,2021,1277,-593,-2113,-2355,-1465,-460,-804,1044,810,889,661,40,941,1594,980,1187,720,469,905,1382,1073,734,68,132,994,1281,-10,-238,742,648,408,-14,-25,-570,-1346,-1161,-947,-1926,-2732,-517,299,845,1957,1686,2289,49,-877,-1330,-1317,-666,-395,-57,379,315,-305,-1087,-1270,-651,-638,-1765,-1145,1464,2271,-238,-808,-912
123,290.2400000000000091,448,348,-371,-1450,-399,-122,-732,-1249,-418,665,1075,1029,693,-1848,-1921,658,3918,3526,338,-526,-1722,-2378,-2379,-1626,259,1746,1307,-1,-1108,313,-1023,-1790,-907,774,715,109,22,722,-1131,-655,-315,-892,-566,1181,1952,1275,728,680,635,266,196,446,-567,193,1412,654,24,-446,369,-859,-519,721,1384,857,73,-378,-63,-201,-367,273,1048,1956,679,-859,-1680,-1987,-1472,-929,-1198,-683,-818,-187,308,762,115,-466,150,1027,1534,1463,165,-110,-279,-318,-228,1223,2433,2380,1699,-1020,-985,260,2179,3495,3202,187,-1797,-2923,-2158,-1081,1133,-316,-4200,-4261,1908,6962,1835,-1655,154,-1018,-2963,-3217,-1244,1754,4817,2642,-1186,-3967,-2368,852,920,1283,1655,59,-1666,-2177,-1805,-1238,-1110,213,522,907,871,185,822,1563,1084,955,1058,666,1008,1416,1304,144,-117,-137,161,299,-598,-204,288,565,512,-131,-201,-785,-1114,-776,-1103,-2794,-2416,178,1643,2425,2548,759,823,-770,-1515,-233,-306,-300,-430,-565,322,-118,-277,-364,-246,-813,-924,-2446,-2194,44,2944,748,-692,-697
124,293.4399999999999977,348,308,-146,-599,1,304,34,-750,-681,504,1503,1284,295,-2065,-1442,-257,3315,4276,1148,87,145,-845,-1307,-2100,-1248,122,21,-171,-933,397,-965,-2094,-616,1229,1384,376,-109,885,41,-495,-1038,-1952,-1133,1327,1589,1181,672,621,675,204,32,771,-315,338,1469,379,-264,-341,441,-639,-630,189,1090,1197,494,-109,-243,83,-188,-140,277,1507,781,-848,-1797,-2046,-1137,-531,-962,-973,-521,-22,401,785,7,-661,-363,-29,685,1019,945,939,537,-33,-608,-83,1624,1427,2015,-465,-2297,-1748,-227,1497,2553,869,-937,-3281,-3459,-2425,-872,756,-4231,-7673,-4058,6130,5387,-891,-1105,-76,-1113,-3184,-2485,-607,3677,4475,1452,-3203,-4696,-978,613,591,1307,506,-960,-1741,-1433,-1381,-1089,-564,266,741,1003,482,685,1348,1199,664,978,683,976,987,1171,-338,-396,-255,-379,-444,-731,-177,-132,171,248,-161,-485,-679,-813,-89,-972,-2572,-1393,710,2693,3497,1806,-547,-841,-775,-946,664,841,273,-307,-558,280,-92,153,469,945,-329,-434,-2045,-2259,-1735,1424,1945,9,-551
125,296.6400000000000432,225,154,228,646,441,221,581,-169,-687,156,1434,1051,-265,-1559,-622,-597,2096,3731,1759,514,1319,659,81,-2010,-2276,-1534,-1123,20,-184,168,-605,-1289,75,1214,1365,895,288,371,969,-213,-1454,-2406,-1540,571,704,725,606,609,557,198,293,747,194,401,1052,82,-245,150,554,-203,-569,-487,405,1190,680,243,-88,121,-52,-547,-389,680,569,-791,-1629,-1714,-565,-5,-558,-989,-493,104,356,609,-6,-763,-889,-940,-338,363,1349,1481,1156,348,-176,-676,45,-108,1226,-230,-2585,-2921,-2309,-501,1582,1076,-454,-2381,-3595,-3202,-2569,713,-1736,-6761,-7794,2453,6766,1640,-1464,-271,237,-2261,-2738,-2370,833,3431,3140,-881,-4849,-2394,-813,66,610,734,-219,-915,-905,-911,-718,-1018,-3,632,995,834,563,974,1159,552,447,621,820,487,289,-538,-642,-210,-568,-573,-605,-95,-42,-120,-43,-196,-798,-478,-478,266,-829,-1317,-57,1243,2881,3064,186,-1678,-1562,-319,-9,478,640,495,-439,-620,-255,-117,167,877,1319,203,392,-800,-1409,-2443,-1465,1808,1076,-153
126,299.8400000000000318,-66,-11,570,1648,897,-112,298,92,-447,-55,773,361,-736,-788,-84,-750,654,2296,1967,1181,1763,2001,1237,-1070,-2765,-2961,-1907,-98,541,103,39,146,905,850,753,1383,1000,35,1357,110,-1273,-2155,-1575,-679,-289,33,429,586,532,401,671,578,695,382,351,-60,127,840,785,130,-300,-983,-382,847,735,512,276,-19,1,-678,-713,-117,244,-462,-1223,-967,-105,372,-185,-826,-330,122,257,377,-50,-689,-1178,-1476,-1078,-252,1367,1637,1519,812,756,-185,-1035,-1112,24,-306,-2037,-3009,-3394,-1697,897,1254,-318,-1115,-2613,-2729,-2789,-302,762,-2561,-7110,-2140,5136,4514,-330,-1329,-276,-948,-2281,-3007,-2247,295,2662,1697,-2603,-3045,-2377,-485,-35,739,578,-232,-380,-177,-202,-995,-227,522,873,1151,534,483,922,286,-224,298,332,27,-731,-544,-546,-279,-567,-362,-289,144,320,-208,-212,-401,-998,-371,-198,37,-647,452,987,1626,2391,557,-1417,-2046,-1268,-268,154,-214,550,323,-361,-539,-345,-282,384,841,1089,624,879,548,52,-1747,-3730,78,1701,601
127,303.0400000000000205,-314,-119,833,2118,1205,-292,-291,135,-202,-28,-169,-471,-987,-26,155,-640,-781,446,1647,2098,1936,2782,2018,342,-2594,-3633,-2378,-588,900,86,734,1484,1383,397,-12,1326,1525,196,1260,371,-665,-1425,-1230,-1639,-1016,-589,104,480,419,514,674,647,1063,533,-209,41,677,1325,931,341,-123,-1114,-1045,310,623,694,550,-32,-46,-556,-610,-617,38,-4,-481,-114,312,569,74,-508,58,-6,140,80,-102,-435,-1073,-1620,-1394,-559,1264,1440,1416,1115,1270,876,-1024,-1080,-957,-395,-1254,-2389,-3215,-1772,538,1447,43,-33,-982,-1175,-1557,-1474,1246,1945,-3000,-5409,1639,5722,2048,-2072,-2155,-265,-1384,-2703,-4303,-2815,639,2751,562,-2954,-3210,-1188,-172,910,1263,542,197,541,408,-682,-378,247,555,1213,591,50,322,-341,-788,-169,-369,-381,-1164,-621,-91,-350,-503,-286,229,457,475,-210,-446,-655,-887,-165,-135,-547,-4,1796,1547,1873,1089,-1729,-2712,-1221,-872,-488,-119,-694,255,72,-80,-407,-393,-463,551,700,611,852,852,1520,1240,-230,-3876,-1981,1321,1453
128,306.2400000000000091,-419,-145,942,1942,1316,-198,-482,-102,76,-7,-821,-1091,-813,512,385,-402,-1915,-1067,978,2790,2417,3093,2352,1455,-1837,-3178,-2486,-1162,795,48,1106,2345,1694,69,-351,635,1348,752,874,512,50,-485,-651,-1928,-1297,-863,-290,314,210,598,448,581,949,637,-460,255,1033,1377,781,433,-91,-988,-1375,-419,245,660,517,166,16,-217,-285,-729,-15,467,459,594,675,786,319,-98,447,-92,-46,-245,-28,-27,-618,-1483,-1284,-419,1135,1061,1033,948,975,1355,-195,-121,-1201,-542,-809,-1381,-1708,-1181,138,1656,983,878,698,225,46,-2043,128,3943,1608,-5814,-1971,4402,4540,-1461,-3447,-838,-460,-1839,-4376,-4069,-1666,2260,2640,-1196,-3482,-1895,-139,1181,1753,1362,702,785,951,-269,-567,-383,33,834,526,-262,-615,-1024,-1128,-508,-913,-604,-793,-619,335,-160,-472,-312,642,687,325,-153,-647,-622,-372,58,-91,-752,966,2079,2209,1638,-552,-3207,-2286,-131,-386,-702,-196,-374,-419,32,244,-59,-479,-514,47,411,7,662,330,1635,1771,1231,-1847,-2950,202,1782
129,309.4400000000000546,-361,-96,588,1210,1211,243,-287,-215,380,-75,-1066,-1318,-326,860,647,-277,-2354,-2208,268,2713,3080,3114,2160,1660,-629,-1764,-1859,-1656,336,160,944,2591,1774,35,-267,-232,444,1396,572,548,659,346,-86,-1584,-1402,-711,-430,175,140,599,174,69,536,580,-441,302,892,1116,349,429,32,-570,-1176,-902,-224,326,297,492,275,177,28,-623,-62,803,1245,1063,707,825,619,419,782,-63,-247,-483,140,444,-161,-1118,-759,56,1014,741,561,367,266,963,757,979,-517,-759,-584,-322,171,-373,-615,1422,1866,1421,1782,880,870,-1708,-1275,2718,3822,-3348,-4517,1656,5575,858,-2686,-2047,-354,-789,-2983,-3203,-3115,689,3011,1687,-2847,-2166,-95,1284,1804,1709,1274,987,1230,127,-641,-1165,-645,118,262,-429,-1316,-1303,-1095,-665,-929,-641,-239,-334,425,210,-427,-289,650,783,130,-3,-570,-322,203,83,-4,-231,1540,1855,2630,1218,-2234,-3056,-1016,495,-299,-624,454,601,-35,578,608,615,-43,-260,-86,211,-98,469,-85,966,1858,2066,979,-2143,-888,1088
130,312.6400000000000432,-300,-31,180,292,856,743,78,70,390,-273,-988,-1027,79,1042,845,-239,-2156,-2698,-593,1642,3216,2732,1234,1269,668,108,-712,-1726,-195,100,556,2159,1505,297,-125,-791,-522,1555,534,612,1007,861,176,-802,-1399,-587,-385,-17,89,246,-201,-456,-92,326,-254,152,388,631,-280,287,306,238,-535,-832,-466,-160,130,781,606,569,208,-501,-225,937,1611,1300,486,561,826,1061,1067,110,-290,-587,279,692,69,-581,-63,588,939,428,157,-205,-433,165,1087,1364,422,-793,-345,494,1180,223,-1067,718,2027,1489,1973,864,453,-624,-2125,-432,2669,200,-4718,-1059,4520,3928,327,-2480,-1234,-411,-1272,-1568,-3272,-1118,1806,3600,-98,-1818,-77,949,1399,2168,1764,1270,1342,570,-489,-1600,-1326,-644,-58,-400,-1307,-960,-732,-648,-436,-664,-35,187,240,443,-163,-133,323,630,139,157,-111,80,298,-32,385,730,1448,1626,2301,238,-3213,-1571,-282,199,-193,315,1145,1893,1154,1489,1347,1231,657,225,87,154,312,547,-68,210,1507,2074,2963,-57,-1319,-197
131,315.8400000000000318,-281,-1,29,-390,160,683,503,475,220,-507,-748,-368,220,929,842,-210,-1683,-2419,-1427,198,2385,1882,278,827,1455,1618,485,-1194,-547,-232,340,1127,1032,583,29,-836,-1017,952,685,808,902,808,-132,-333,-1139,-909,-423,-261,-132,-95,-502,-529,-594,3,77,-43,-226,-34,-781,57,536,1046,259,-543,-406,-581,-81,795,805,898,246,-444,-508,662,1589,1375,334,176,771,1460,1081,329,-203,-516,269,551,82,6,444,875,860,234,-211,-504,-616,-160,907,1162,779,-491,-140,968,1006,344,-916,118,1341,1018,1240,565,-462,298,-1682,-2637,74,2253,-2293,-2640,2162,5974,4111,-996,-1731,-949,-1,-619,-2362,-2204,84,3683,3144,-739,-168,96,613,1751,1925,1433,1353,1036,-178,-1384,-1623,-1217,-291,-260,-663,-202,-241,-325,-15,-815,-165,649,19,186,333,32,-34,147,149,259,436,246,112,31,954,1365,1061,1288,1356,-1156,-2427,-112,-78,-300,238,1218,1132,1815,1619,1623,1559,1224,1155,508,176,150,502,346,-56,-41,989,1458,3075,1753,-980,-1309
132,319.0400000000000205,-460,-197,-113,-700,-532,108,730,699,42,-644,-446,222,265,575,534,-128,-1136,-1596,-1765,-923,925,781,-117,526,1702,2258,1405,-361,-680,-440,95,-105,340,556,187,-560,-992,-52,684,1068,573,297,-580,-349,-721,-1349,-644,-387,-403,-420,-622,-386,-543,-237,373,-236,-715,-570,-908,-174,736,1457,969,-92,-204,-640,-405,488,766,1040,291,-384,-787,171,1200,1123,98,-196,449,1381,798,412,-56,-323,77,183,57,534,710,863,666,5,-492,-535,-337,206,641,786,540,23,43,894,465,112,-531,-356,268,59,49,-60,-542,787,-217,-2445,-1819,2071,1023,-2543,-324,5873,6697,1954,-1131,-1170,388,-520,-1190,-2357,-1297,2459,4458,1594,-219,-938,-455,473,1509,1416,1244,1331,284,-715,-1338,-1406,-588,-206,258,570,343,-58,-55,-874,-297,691,-138,-237,601,4,-365,-466,35,405,570,133,195,276,1114,1304,810,801,-63,-1999,-668,641,-233,-441,603,1213,1173,711,1056,683,709,644,886,598,210,91,206,-145,-250,60,555,510,1790,2226,-209,-1631
133,322.2400000000000091,-651,-334,-187,-894,-791,-376,728,709,-94,-467,-136,571,264,79,12,1,-440,-622,-1356,-1387,-745,-346,-94,537,1557,2010,1807,497,-697,-393,-387,-970,-420,320,312,-188,-632,-991,424,1038,293,-31,-710,-406,-161,-1295,-1119,-454,-473,-651,-553,-389,-217,-366,350,-329,-735,-721,-682,-230,752,1379,1285,429,97,-309,-577,-52,509,924,374,-315,-824,-291,494,577,-81,-563,65,768,377,314,102,-98,-149,-160,104,745,666,561,225,-498,-568,-384,29,549,426,424,158,654,503,436,105,-433,-285,-895,-767,-673,-873,-790,56,1041,1139,-880,-2287,473,2728,-1141,-2053,3994,7430,4748,653,-236,23,-664,-356,-1814,-2078,442,3591,3625,24,-1376,-1054,-470,752,1059,1129,1215,823,131,-615,-1182,-956,-146,949,1045,916,40,-468,-540,-311,251,-259,-396,256,-258,-613,-891,-166,410,281,84,822,480,577,993,825,139,-1611,-1907,731,657,-226,-130,644,889,959,-346,-57,-382,-383,-457,-30,459,70,-77,-325,-683,-672,112,93,-506,187,1471,466,-1056
134,325.4400000000000546,-549,-324,-325,-896,-869,-271,499,452,-146,-40,167,719,153,-345,-575,104,371,166,-398,-1418,-2101,-1192,8,568,1099,1185,1578,1125,-408,-395,-863,-1381,-1034,-53,303,238,-260,-1365,24,641,143,-26,-434,-269,156,-573,-1256,-403,-364,-558,-382,-458,139,-255,116,-223,-375,-669,-290,-145,505,813,1134,695,312,29,-504,-616,219,569,357,-179,-606,-582,-273,-9,-82,-715,-381,-70,-111,131,180,109,-275,-347,171,708,402,114,-423,-977,-575,-229,164,367,192,49,19,1199,1236,295,-29,-800,-464,-1335,-1277,-823,-962,-1088,289,997,1684,490,-1574,-1317,1904,331,-2444,1553,6378,6276,2835,1392,-43,-225,337,-953,-1941,-1724,1819,3567,716,-1083,-1044,-855,-57,401,915,888,1051,1011,262,-735,-1121,-116,1062,1213,1287,30,-844,62,-235,-289,-263,-161,-287,-620,-754,-1045,-509,231,64,335,1409,503,-50,812,671,-673,-2435,-1282,1119,399,-349,456,599,722,124,-1237,-1068,-1031,-1088,-1066,-983,0,-248,-334,-878,-1080,-978,-78,-465,-1028,-923,285,735,-75
135,328.6400000000000432,-140,-168,-402,-704,-850,117,258,96,-126,227,543,638,-11,-578,-1060,62,1027,873,590,-1369,-2694,-1631,-134,419,456,319,754,1408,199,-374,-1038,-1595,-1430,-555,190,424,151,-889,-364,38,33,114,149,107,148,309,-583,-161,-10,-394,-178,-192,260,-209,-134,73,69,-556,-105,-2,79,48,694,678,253,304,-304,-864,-134,42,128,-59,-285,-663,-806,-421,16,-690,-697,-836,-608,-60,196,243,-290,-369,273,609,176,-343,-1018,-1248,-631,-298,-78,-211,-228,-479,-8,1530,1760,648,167,-625,-816,-1453,-1281,-533,-355,-739,-231,571,1552,1264,-491,-2202,-413,661,-1890,-768,3514,6198,4660,3045,992,752,906,-213,-1088,-3242,-300,1652,1374,-496,-901,-1014,-710,-312,440,477,822,1632,895,-240,-831,-282,630,1154,1304,142,-791,306,42,-638,-195,137,-473,-799,-821,-1078,-770,-48,175,768,1371,269,-82,448,-134,-1496,-2155,-590,731,227,294,830,514,271,-886,-1642,-1688,-1383,-1494,-1093,-1446,-357,-318,-516,-1147,-958,-962,-503,-1008,-983,-1169,-531,621,740
136,331.8400000000000318,324,120,-370,-549,-680,332,49,-135,-44,207,880,417,-97,-665,-1139,3,1308,1431,1049,-1181,-2568,-1776,-486,-51,13,-231,-105,1319,674,-60,-1062,-1518,-1415,-951,-77,341,623,79,-498,-583,-149,396,766,601,182,608,328,118,372,-75,107,273,-59,-239,-268,349,264,-545,-112,58,-448,-606,16,427,234,464,-61,-698,-496,-533,-330,-17,13,-460,-992,-625,78,-518,-791,-1276,-938,-180,213,272,-203,-326,309,545,17,-661,-1403,-1200,-725,-473,-559,-958,-669,-955,-61,1545,1868,1075,552,-128,-893,-1395,-941,-12,175,31,-961,-206,878,1639,530,-1732,-2395,-367,-1238,-2471,-235,4548,5521,4369,2939,1684,1240,251,-53,-2891,-2259,-214,1021,239,-562,-974,-1049,-816,-164,126,499,1532,1091,104,-419,-562,-133,830,1014,438,-83,192,361,-687,-161,176,-278,-554,-791,-874,-764,-290,395,1103,638,83,255,-253,-1185,-1965,-1176,231,327,362,1378,803,588,-184,-1077,-875,-1408,-1414,-1409,-1011,-1281,-445,-56,-444,-1019,-554,-615,-900,-1280,-736,-633,-706,349,1032
137,335.0400000000000205,779,325,-186,-511,-480,253,-222,-165,80,223,922,184,-38,-727,-785,-17,1182,1671,850,-913,-2017,-1713,-815,-625,-143,-435,-487,861,689,377,-947,-1137,-1042,-1127,-610,221,989,1031,-255,-974,-467,637,1276,1069,321,269,639,205,365,406,509,520,-392,-304,-250,392,87,-623,-224,-34,-848,-938,-640,75,170,455,200,-200,-681,-1008,-804,-122,220,-220,-927,-675,-10,-235,-735,-1334,-957,-229,106,276,-63,-214,278,513,-97,-838,-1416,-828,-823,-720,-962,-1475,-812,-1090,11,1368,1678,1202,830,361,-598,-1011,-315,262,198,547,-1114,-1128,-148,1592,1365,-447,-2886,-1725,-857,-3134,-3264,1703,4848,4985,4786,2736,1732,805,356,-1393,-3066,-1478,13,869,-233,-741,-985,-1019,-742,-103,222,768,761,235,-194,-789,-769,274,587,795,970,40,389,-323,-222,-32,87,-21,-624,-472,-492,-443,435,984,-424,37,398,-1001,-1875,-1735,-236,814,168,642,1900,929,512,-508,-675,-107,-589,-1030,-603,-473,-517,-176,206,-219,-514,-155,-118,-980,-1264,-532,58,-337,158,835
138,338.2400000000000091,1046,436,3,-374,-287,-32,-331,-127,176,346,521,11,103,-647,-173,-9,686,1312,315,-440,-1186,-1337,-1018,-895,-248,-195,-300,241,193,549,-732,-855,-509,-1020,-1107,163,1138,1506,287,-999,-641,537,1445,1241,360,-175,304,49,-20,477,727,524,-368,-425,-124,147,-237,-631,-311,-137,-917,-905,-837,-184,-26,322,488,309,-607,-1193,-1026,-301,276,-131,-728,-593,-174,18,-480,-961,-786,-240,-32,249,83,22,246,439,-68,-776,-1058,-337,-911,-856,-1061,-1521,-678,-804,117,989,1282,1116,807,770,83,-192,40,-43,-264,333,-512,-1753,-992,1107,1957,836,-1967,-2301,-837,-2725,-4465,-1351,2602,4390,5465,3772,2619,1306,102,-619,-2360,-2761,-891,961,-172,-561,-849,-960,-1108,-274,-11,-143,94,303,-149,-875,-1029,-338,172,1047,1714,73,34,317,-338,-430,135,355,-285,-32,-122,-480,107,305,-1009,99,-34,-1441,-1898,-1018,261,940,319,969,1959,929,86,-706,-322,30,-255,-517,-53,162,66,251,197,84,74,431,501,-680,-1087,-485,185,169,156,462
139,341.4400000000000546,989,438,78,-72,35,-191,-320,-123,189,458,-12,-182,179,-293,468,55,143,485,-152,91,-308,-782,-1069,-930,-305,137,199,-146,-566,225,-357,-847,-146,-687,-1158,156,912,1300,843,-618,-482,351,1208,1001,374,-176,-174,-196,-466,253,622,412,-96,-456,3,-113,-424,-484,-286,-169,-642,-580,-648,-282,-25,15,662,572,-382,-1072,-869,-374,151,-139,-442,-432,-214,230,-90,-375,-569,-242,-68,196,226,233,241,276,76,-499,-541,0,-881,-859,-849,-1175,-515,-437,189,476,734,892,552,984,820,472,-124,-335,-603,-34,295,-1332,-1185,387,2287,1442,-504,-1727,-926,-1606,-3762,-3415,-139,2537,4634,3926,3380,1658,12,-334,-1657,-3426,-1366,393,43,-647,-777,-770,-1175,-485,-14,-730,-410,387,-80,-717,-979,-841,-236,998,1689,244,-395,738,-367,-759,-188,287,103,305,190,-523,-362,-430,-777,187,-658,-1386,-1264,-425,296,592,662,1392,1183,163,-385,-614,-90,349,269,-11,87,366,379,337,-5,19,297,534,779,-21,-747,-505,-272,335,274,215
140,344.6400000000000432,562,430,89,384,378,-96,-297,-170,235,458,-453,-371,174,192,854,151,-188,-494,-355,527,478,-231,-871,-787,-174,321,631,-148,-1122,-312,156,-804,-174,-408,-810,79,387,768,1003,126,-38,263,718,498,440,224,-277,-493,-684,91,330,52,200,-229,28,-197,-364,-289,-264,-161,-304,-335,-329,-318,36,-205,528,610,-147,-640,-422,-230,45,-131,-119,-272,-180,369,335,217,-259,-220,-80,123,354,438,296,125,133,-130,-69,142,-495,-662,-474,-530,-381,-186,151,-149,89,361,121,967,1282,822,-255,-307,-460,-149,755,-46,-574,-121,2115,1596,741,-492,-793,-569,-2200,-4003,-2584,-127,2599,3159,3476,2023,446,80,-908,-2472,-1611,-458,302,-524,-772,-660,-1092,-665,-40,-792,-520,385,138,-295,-717,-1062,-598,633,1031,522,-550,339,-80,-812,-617,97,432,610,382,-413,-679,-696,-132,148,-1014,-1034,-397,30,269,384,947,1027,-162,-932,-739,-487,-211,396,667,489,302,472,704,369,-107,-72,322,292,655,734,-243,-553,-833,60,340,164
141,347.8400000000000318,-47,213,177,848,651,55,-232,-244,221,240,-587,-494,50,532,809,233,-359,-1143,-455,832,973,71,-307,-488,34,361,611,94,-1082,-610,636,-384,-450,-284,-341,-261,-102,151,668,835,482,339,119,-60,514,677,43,-661,-536,-67,-47,-283,310,163,8,-169,-166,-97,-236,-108,-60,-244,-118,-373,97,-129,214,368,62,-104,170,107,121,-36,52,-126,-137,366,604,668,103,-175,-134,44,399,578,406,12,97,141,202,272,169,-142,-45,118,-309,-78,-125,-789,-621,-293,-359,804,1330,1046,13,-103,-20,-25,600,1157,717,-310,1067,1574,1408,596,-403,-128,-873,-3350,-3858,-2635,-97,1836,2717,2042,981,404,403,-726,-1595,-912,220,39,-729,-701,-951,-745,-269,-406,-245,307,478,257,-294,-1045,-823,101,306,783,-188,-489,368,-526,-808,-10,688,787,472,-50,-584,-372,316,-73,-906,-534,286,610,498,383,943,278,-974,-1151,-1044,-608,-273,152,767,941,615,573,722,264,-252,-109,297,103,446,879,369,-537,-976,-431,237,294
142,351.0400000000000205,-514,-243,261,1129,975,68,-191,-224,146,-134,-443,-484,-79,645,494,170,-511,-1263,-481,858,1099,121,296,-74,137,351,350,284,-464,-476,905,330,-568,-221,17,-645,-457,-456,-13,1033,875,389,-360,-483,575,987,402,-498,-244,-244,-418,-368,247,463,-16,-149,11,68,-136,-49,43,-212,-129,-311,73,19,-54,-54,251,411,659,472,283,117,110,-53,-83,324,610,874,384,-89,-142,-10,341,691,470,-110,-25,276,269,288,694,477,459,603,-211,-17,-529,-1323,-1164,-809,-514,308,893,1106,559,225,419,212,331,1530,1724,-338,-510,1329,1523,964,-4,-251,-74,-2034,-3665,-4026,-2827,-65,1274,1688,1505,680,1072,754,-965,-899,-71,424,-532,-713,-752,-723,-466,45,210,154,655,819,5,-903,-878,-388,-173,801,500,-996,465,-52,-567,23,839,799,436,398,-140,42,233,-353,-420,58,798,1055,688,398,638,-337,-1229,-917,-930,-605,-12,183,639,928,751,577,515,-172,-486,-209,210,-137,365,344,699,-116,-663,-715,-24,408
143,354.2400000000000091,-650,-616,315,1120,1148,24,-66,-83,-25,-384,-240,-260,-98,584,184,-34,-616,-1035,-305,609,926,289,554,335,133,187,-47,158,396,7,917,1057,-377,-122,165,-775,-789,-864,-707,667,1009,259,-602,-514,492,950,614,-87,16,-412,-654,-313,70,419,-78,-157,80,186,92,2,34,-253,-224,-192,-139,8,-232,-347,406,902,926,709,437,285,132,-60,-31,331,437,771,505,11,-68,-66,258,651,425,-234,-111,270,197,286,970,968,859,837,-159,-84,-751,-1619,-1489,-1026,-425,-280,250,976,1047,524,819,541,410,1120,1586,-181,-1593,754,1373,851,102,-647,113,-684,-2467,-4077,-4748,-2086,-419,1008,1814,1167,1090,1857,71,-1009,-247,305,-394,-666,-606,-620,-538,239,515,50,531,1016,196,-663,-730,-699,-401,512,942,-830,0,384,110,168,794,679,376,627,468,40,-299,-490,179,579,1062,1124,721,568,-12,-992,-1245,-666,-711,-242,273,321,458,665,875,592,326,-463,-444,-134,259,-145,288,-270,503,552,-123,-584,-305,304
144,357.4400000000000546,-589,-687,230,865,934,72,116,32,-211,-326,-72,2,-20,393,-32,-158,-535,-634,-58,140,586,579,561,530,122,-35,-472,-202,1086,615,739,1481,120,87,231,-631,-1042,-1056,-1226,-58,740,6,-595,-155,338,633,655,310,204,-386,-671,-270,-181,114,-175,-202,42,288,428,49,16,-344,-283,-213,-381,-47,-258,-336,477,1156,914,730,476,356,132,-105,6,305,269,464,475,162,21,-107,161,509,251,-322,-114,192,198,313,1002,1247,985,840,-212,-187,-749,-1606,-1608,-969,-286,-577,-258,658,1146,730,1047,1164,856,491,543,-21,-1520,-100,1102,663,37,-1009,-261,118,-994,-2952,-5312,-3594,-2055,334,1805,1690,1159,1727,748,-1013,-406,-60,-358,-541,-493,-434,-603,159,465,119,256,734,363,-233,-518,-746,-529,86,803,-76,-689,688,875,429,565,472,409,694,750,-246,-769,-429,494,936,1109,931,656,505,-850,-1485,-928,-345,-453,196,228,222,81,252,760,700,323,-305,-59,-4,331,148,141,-461,40,967,470,-156,-427,-58
145,360.6400000000000432,-342,-455,-14,379,463,178,205,61,-263,-160,49,230,103,137,-176,-44,-177,-114,86,-301,203,730,591,490,64,-270,-744,-496,1408,1062,527,1391,587,378,414,-412,-1034,-1095,-1323,-621,183,-170,-357,335,228,159,498,476,254,-146,-373,-202,-332,-63,-220,-337,-18,410,720,105,115,-306,-229,-240,-420,-46,-118,-66,493,1085,687,531,323,284,135,-74,75,289,132,44,296,277,80,-117,50,286,-11,-289,-92,52,232,319,794,1187,865,638,-125,-191,-566,-1227,-1362,-854,-193,-596,-545,182,777,803,1408,1853,1386,61,-644,-58,-624,-776,554,525,-94,-1116,-1028,308,229,-1192,-4239,-4110,-3412,-404,1448,1795,1295,681,533,-518,-444,-225,-275,-340,-363,-304,-682,-109,132,231,79,184,438,297,-280,-727,-567,-202,203,747,-857,731,1376,685,336,244,440,555,566,-412,-757,-278,411,1096,1118,706,589,46,-1446,-1549,-793,-194,-55,461,334,153,-252,-116,329,485,199,-22,166,94,384,397,110,-166,-150,780,846,263,-348,-484
146,363.8400000000000318,-28,0,-202,-146,0,236,214,67,-233,-9,199,364,232,-77,-335,189,343,416,176,-512,-90,721,621,394,-46,-529,-794,-498,1301,1028,430,978,696,689,666,-186,-871,-1034,-952,-790,-457,-217,70,657,65,-314,212,418,219,108,100,-23,-318,-3,-237,-458,-63,470,742,189,304,10,-16,-158,-256,19,96,256,457,700,329,186,46,132,168,92,136,273,45,-279,77,250,42,-122,-99,-13,-225,-170,-120,-29,232,292,523,915,578,342,160,38,-215,-478,-763,-617,-261,-459,-455,-126,325,644,1687,1991,1593,106,-1237,-328,196,-982,-251,321,-78,-930,-1778,-32,804,325,-1939,-3379,-4040,-1165,806,1423,1189,-263,-103,191,-101,-144,1,-52,-197,-98,-569,-468,-385,154,54,-342,338,680,-47,-644,-517,-246,-367,1054,-72,494,1331,826,135,23,335,272,124,-363,-248,-170,213,1088,938,668,439,-669,-1797,-1191,-835,-53,542,787,299,-179,-347,-261,-129,-60,93,-23,263,282,388,538,113,344,165,193,618,431,-161,-689
147,367.0400000000000205,152,339,-142,-501,-366,183,268,72,-203,31,297,401,297,-161,-431,211,716,861,282,-484,-241,538,533,297,-184,-682,-580,-283,883,608,422,499,555,939,853,106,-679,-967,-508,-635,-886,-187,502,678,-164,-514,-29,305,257,306,489,179,-102,47,-217,-357,16,486,518,243,384,404,195,16,-46,32,282,439,362,231,-16,-100,-210,-19,235,324,174,94,8,-380,-49,87,-30,-111,-261,-346,-374,-92,-152,-49,177,184,290,543,231,120,488,401,210,383,-4,-399,-375,-303,-264,-234,35,413,1350,1274,1148,434,-844,-472,146,-766,-914,59,211,-453,-1883,-558,588,979,421,-1671,-3401,-1837,8,942,726,-435,-481,703,125,141,383,260,116,165,-217,-637,-755,-122,15,-397,224,618,129,-475,-391,-178,-348,773,1146,290,818,681,-6,-183,105,-7,-207,-248,238,-88,150,916,537,576,16,-1252,-1494,-614,-395,377,1150,490,-328,-761,-520,-298,-434,-656,-49,138,374,475,219,475,177,738,776,-175,-128,329,-33,-574
148,370.2400000000000091,191,437,20,-677,-586,153,337,166,-99,-38,260,374,251,-194,-407,13,733,1043,383,-257,-268,212,246,262,-297,-651,-157,39,256,102,330,171,478,956,910,373,-352,-889,-249,-440,-974,-196,686,429,-295,-418,-147,287,391,392,625,365,184,11,-119,-62,209,440,213,171,307,644,357,192,108,-4,367,531,238,-130,-251,-292,-349,-128,296,508,159,-160,-2,-284,-7,-48,33,-36,-357,-565,-445,-93,-90,-19,46,53,115,105,-54,24,715,643,669,1025,527,-240,-317,-152,-38,-152,-25,167,384,129,245,639,6,-409,-557,-493,-1015,-71,583,190,-1126,-1020,-277,563,1802,283,-1711,-2214,-702,595,272,123,-239,749,192,373,732,587,502,385,281,-432,-807,-456,-47,-4,121,235,249,-173,-247,-39,97,511,1863,415,55,381,-77,-300,-85,-150,-367,-235,433,58,187,522,49,147,-465,-1345,-572,160,322,887,1107,91,-434,-462,-416,-280,-648,-1057,-595,110,254,402,-166,278,161,792,1279,67,-607,-45,-72,-317
149,373.4400000000000546,130,375,158,-599,-595,102,386,375,35,-138,113,336,68,-217,-232,-98,467,949,429,64,-233,-57,-102,153,-345,-307,303,273,-342,-301,73,113,525,760,716,571,86,-583,-137,-458,-730,-209,510,127,-267,-217,-130,380,531,394,498,471,455,19,38,352,450,333,-9,38,136,650,445,243,134,-60,337,453,66,-350,-332,-363,-347,-85,348,605,142,-397,-41,-71,164,-9,147,43,-347,-656,-414,-62,7,29,-58,-24,-156,-358,-226,85,799,732,963,1205,699,36,-99,70,257,108,27,-84,-745,-910,-557,353,595,-231,-1077,-510,-646,-1,805,951,143,-1158,-1207,-417,1802,1671,337,-1929,-1355,240,282,754,558,447,243,393,975,848,756,531,728,88,-421,-600,-122,405,58,-87,243,188,-111,162,504,613,1542,744,-578,-80,-100,-267,-219,-212,-411,-279,371,303,310,4,-387,-379,-710,-762,533,800,900,966,661,202,-240,151,128,-125,-634,-1045,-866,-92,-29,38,-520,41,-29,576,1290,594,-171,-428,-245,-168
150,376.6400000000000432,7,295,208,-407,-475,-4,308,470,205,-136,-20,253,-123,-155,-5,-83,106,619,447,403,-109,-244,-390,-139,-237,103,604,317,-650,-443,-246,195,661,509,354,686,531,-17,-123,-586,-398,-174,81,-150,-69,-14,16,496,630,416,227,351,467,95,200,660,630,253,-35,-106,-18,416,355,123,52,-123,191,190,-153,-448,-307,-278,-126,80,434,577,120,-512,-154,178,322,179,269,109,-256,-574,-314,73,69,-7,-44,-44,-427,-749,-295,213,705,685,1046,1038,638,442,278,300,447,289,39,-283,-1426,-1488,-924,-205,440,-28,-925,-616,-96,221,799,1607,1313,-680,-1595,-1113,930,1986,1899,-1013,-1749,-353,573,1323,1459,229,63,316,999,1047,920,530,944,665,287,-372,-155,499,174,-203,184,419,28,225,605,872,638,768,-709,-570,-104,-121,-293,-221,-401,-209,277,474,425,-456,-731,-716,-660,211,1324,1134,1191,697,285,232,396,634,620,95,-394,-559,-704,-58,-48,-178,-579,-148,-365,145,717,927,707,-406,-426,-194
151,379.8400000000000318,-17,274,151,-222,-335,-115,114,420,371,-30,-74,139,-240,-41,221,-16,-102,243,433,643,65,-386,-593,-473,-185,420,659,179,-620,-462,-548,191,812,325,0,713,877,578,-107,-597,-178,-187,-356,-376,160,192,186,619,680,366,-63,103,326,149,344,742,625,261,33,-195,-142,110,178,27,-16,-140,-47,-168,-342,-421,-236,-75,155,264,426,458,89,-389,-251,290,418,378,363,125,-107,-355,-130,210,116,34,9,-31,-576,-927,-316,174,539,603,915,633,519,844,665,476,427,240,-47,-341,-1383,-1434,-937,-663,-353,-53,-290,-467,306,409,603,1742,1777,236,-1074,-1128,-108,1394,2435,337,-1722,-1044,693,1810,1964,275,-137,160,747,983,908,339,763,1051,1035,121,-96,284,321,-78,84,397,150,132,507,791,-185,266,-403,-947,-121,44,-285,-340,-282,39,123,500,405,-785,-958,-842,-321,974,1467,970,925,168,-12,227,986,1083,849,161,8,13,-399,-68,128,-113,-367,-266,-645,-450,-122,902,1391,85,-436,-326
152,383.0400000000000205,123,183,33,-79,-213,-164,-74,284,373,200,-1,-29,-228,75,396,31,-139,-82,229,679,273,-438,-645,-657,-156,487,477,-9,-404,-493,-671,55,865,200,-238,632,1033,1017,34,-418,-84,-378,-594,-537,267,410,315,657,536,188,-249,-131,136,179,474,589,477,298,147,-122,-134,-63,-3,65,57,-37,-244,-462,-411,-349,-165,186,407,377,322,221,97,-109,-240,239,396,460,350,100,59,-98,7,267,157,113,66,-62,-576,-864,-328,-40,335,433,556,152,398,934,891,525,155,-48,-171,-262,-783,-895,-862,-957,-1224,-401,338,-7,392,302,337,1222,1452,1051,58,-506,-812,290,1881,1535,-1006,-1468,227,1827,1864,513,-68,-142,289,779,817,126,328,970,1407,646,-19,-34,315,270,-45,211,179,-56,264,214,-509,-376,37,-879,-290,47,-313,-437,-127,356,-38,437,124,-958,-887,-770,152,1188,978,448,276,-280,-436,79,1046,768,662,383,368,573,15,-236,-44,-41,0,-359,-802,-1007,-976,508,1556,678,-203,-445
153,386.2400000000000091,244,25,-39,1,-159,-136,-171,75,228,412,120,-273,-170,149,428,100,-121,-273,-106,509,342,-341,-582,-666,-139,364,164,-178,-260,-484,-631,-206,702,153,-216,436,921,1135,279,-8,29,-608,-660,-584,164,604,426,518,205,5,-326,-329,-140,168,523,288,129,285,212,25,24,-152,-134,183,230,129,-332,-613,-429,-263,-68,349,535,401,168,-26,98,144,-109,111,278,353,225,39,179,132,86,205,161,203,162,-61,-408,-591,-298,-279,-10,187,58,-259,222,693,843,370,-183,-383,-359,-126,-106,-317,-800,-1111,-1487,-806,630,553,288,-47,106,475,856,1429,1177,412,-918,-765,631,2014,144,-1371,-818,1056,1290,781,253,-231,-58,508,691,20,-83,394,1165,967,52,-314,161,562,-23,-100,63,-204,-131,-385,-525,-696,83,-335,-535,-197,-329,-378,1,583,19,252,-265,-956,-597,-587,325,842,156,-59,-375,-823,-686,-71,415,-82,-92,314,392,738,406,-167,-252,14,261,-374,-697,-1181,-1643,-292,1077,1044,200,-352
154,389.4400000000000546,278,-118,-65,97,-76,-114,-222,-176,72,455,235,-428,-177,149,348,122,-141,-377,-401,144,247,-122,-353,-507,-38,72,-140,-199,-266,-341,-459,-483,274,214,49,163,561,895,487,517,216,-759,-687,-520,-84,544,478,218,-185,-99,-231,-406,-363,48,454,-45,-224,101,112,214,205,-142,-148,264,325,215,-364,-598,-423,-244,4,331,459,357,-21,-180,94,285,119,7,91,125,25,-23,214,267,125,109,161,273,303,-60,-160,-155,-165,-458,-390,-258,-401,-495,17,255,435,87,-372,-525,-437,-53,223,30,-787,-1119,-1121,-892,394,805,188,-405,-160,5,572,1250,1721,1235,-426,-1367,-650,1469,1094,-774,-1844,-445,504,1003,662,-37,-92,196,464,68,-287,-337,393,891,203,-376,-64,499,135,-328,-182,-300,-545,-630,-487,-542,-154,264,-603,-556,-387,-204,129,584,306,-29,-613,-705,-309,-382,232,156,-445,-262,-720,-891,-443,-64,-407,-570,-639,-120,121,390,473,-26,-245,0,356,-368,-354,-868,-1790,-1321,-62,949,630,12
155,392.6400000000000432,165,-170,-55,175,72,-128,-272,-338,11,395,266,-386,-200,83,219,84,-168,-460,-579,-241,106,89,41,-166,103,-172,-377,-77,-280,-164,-177,-591,-215,225,304,-31,91,473,558,861,340,-703,-765,-403,-295,222,346,-152,-501,-129,-62,-229,-392,-69,249,-242,-448,-203,-118,291,311,-53,-132,241,259,194,-281,-477,-448,-311,-14,181,252,243,-89,-177,108,351,309,-8,-128,-159,-227,-98,197,316,144,13,110,323,438,-5,90,233,74,-363,-692,-574,-717,-448,-206,-223,-129,-230,-425,-457,-392,-145,139,-4,-700,-943,-486,-450,-103,586,143,-548,-462,-195,696,855,1528,1563,304,-1193,-1398,354,1210,-69,-2096,-2023,-214,1058,963,283,39,-61,189,177,-164,-815,-464,448,337,-203,-301,173,241,-277,-307,-360,-720,-592,-457,-218,-294,418,-328,-667,-425,-55,227,454,497,-289,-727,-214,-106,-208,-95,-448,-397,69,-293,-256,-11,-123,-786,-804,-684,-473,-299,-192,261,-144,-264,-115,312,-366,19,-306,-1229,-2108,-1390,380,953,526
156,395.8400000000000318,-24,-96,-33,237,249,-162,-341,-407,-3,326,173,-157,-183,-13,127,34,-166,-453,-544,-504,-45,190,438,240,206,-272,-466,5,-187,5,84,-542,-575,-17,357,-86,-309,113,510,880,365,-367,-693,-375,-399,-199,53,-482,-626,-158,125,75,-274,-153,-29,-245,-500,-526,-366,241,301,31,-130,113,86,107,-188,-294,-462,-365,-70,-30,9,112,-60,-83,121,331,376,-7,-342,-407,-392,-92,120,277,159,-23,61,332,380,59,358,546,294,-83,-703,-683,-816,-200,-270,-562,-669,-458,-365,-298,-335,-290,-167,-295,-502,-611,92,289,-400,83,100,-399,-595,-299,939,549,914,1282,894,-400,-1451,-754,536,396,-1608,-2712,-795,663,871,557,87,-223,-24,273,91,-845,-1030,-140,400,36,-455,-207,242,9,-193,-294,-617,-458,-257,-3,-78,304,127,-510,-287,96,282,358,387,-409,-574,259,56,-82,-489,-625,188,720,598,574,435,-169,-766,-708,-677,-778,-706,-823,-194,-244,-237,-322,52,-244,240,227,-311,-2112,-2386,-444,966,978
157,399.0400000000000205,-196,-85,-2,255,348,-159,-384,-397,16,248,91,119,-35,-136,32,-5,-104,-334,-355,-570,-149,252,679,598,255,-288,-401,-31,-53,152,187,-304,-679,-399,94,-56,-422,-75,347,643,304,33,-373,-343,-401,-468,-384,-687,-551,-129,263,378,-15,-191,-261,-149,-416,-752,-460,141,197,128,-85,-46,-88,-32,-106,-105,-340,-313,-187,-214,-196,-4,27,60,203,267,324,-6,-472,-528,-390,-71,39,143,109,-21,60,220,145,94,529,689,371,185,-487,-576,-678,-2,-168,-663,-976,-531,-193,-145,-194,-336,-525,-701,-370,-159,547,860,-279,-386,9,-59,-383,-399,995,431,331,656,1106,527,-788,-1502,-456,360,-573,-2298,-1269,3,610,673,43,-292,-191,243,258,-475,-1095,-633,352,228,-399,-438,155,347,88,-105,-315,-257,120,133,322,254,471,-13,14,245,299,256,24,-365,-134,455,195,120,-604,-338,741,1101,1296,1028,499,-350,-631,-339,-440,-889,-909,-1097,-709,-180,-41,-433,-274,-187,316,491,449,-1241,-2659,-1194,563,1151
158,402.2400000000000091,-344,-188,-4,196,311,-63,-348,-335,64,127,43,242,181,-216,-114,-10,13,-178,-161,-472,-176,367,683,781,261,-179,-208,-133,-30,301,184,-6,-603,-762,-358,-37,-186,-61,191,325,240,334,63,-221,-366,-587,-699,-752,-392,-105,325,551,237,-171,-328,-49,-290,-749,-426,17,23,200,86,-161,-187,-138,-69,110,-137,-145,-274,-347,-290,-127,105,166,204,184,188,8,-489,-493,-292,-47,-30,-23,40,-3,70,23,-98,122,548,629,291,316,-216,-332,-392,80,-61,-577,-882,-470,6,22,-93,-261,-736,-960,-336,326,895,1022,191,-616,-144,215,28,-383,705,377,57,154,878,1114,233,-1602,-1285,-107,434,-1198,-1587,-661,258,534,-22,-286,-274,111,290,67,-677,-779,133,309,-97,-379,80,549,367,83,75,-38,366,355,527,348,466,510,350,362,285,137,-280,-97,343,455,305,362,-343,95,881,932,1280,793,-21,-704,-498,-176,-109,-479,-596,-580,-775,-164,15,-386,-386,-160,345,485,824,77,-1926,-1577,-129,955
159,405.4400000000000546,-334,-347,-58,61,177,61,-196,-234,83,-52,-69,228,317,-194,-260,-35,97,-8,0,-243,-170,476,575,751,252,-11,-25,-165,-90,372,136,170,-432,-934,-733,-81,128,33,99,91,172,527,443,31,-300,-578,-671,-667,-199,-156,270,512,333,-65,-275,-55,-164,-522,-252,-127,-148,216,237,-178,-187,-179,-29,263,165,70,-242,-420,-341,-219,99,216,139,89,26,30,-407,-330,-186,24,-70,-142,-36,-3,35,-237,-258,152,422,383,120,275,80,-52,-110,7,-81,-331,-518,-316,132,190,39,-137,-689,-904,-302,684,1092,914,661,-545,-311,317,332,-262,196,182,31,-103,481,1265,1007,-1100,-1711,-598,985,-19,-1710,-1285,-145,263,-70,-280,-337,-44,179,522,-15,-500,-161,309,309,-20,68,528,492,192,302,48,321,558,401,303,240,780,541,368,206,-105,-377,241,524,396,351,501,178,391,434,174,487,89,-624,-778,-337,-194,-36,149,40,195,-189,-109,-80,-249,-366,-151,261,346,853,1216,-390,-1394,-780,426
160,408.6400000000000432,-196,-337,-123,-72,-49,38,12,-46,5,-302,-217,122,334,-78,-357,-73,141,138,137,-13,-73,455,426,491,271,163,98,-60,-88,277,168,209,-304,-824,-864,-214,304,155,95,-36,105,675,667,328,-208,-457,-465,-487,-35,-218,131,245,261,46,-201,-118,-25,-163,-21,-215,-271,165,350,-76,-110,-153,-6,347,428,235,-101,-354,-317,-264,50,125,17,28,-102,33,-219,-106,-67,49,-54,-150,-85,-63,-62,-409,-303,101,180,48,-47,37,198,86,62,-143,-121,-2,-113,-128,131,287,214,-12,-463,-566,-134,780,1128,804,906,-125,-366,272,453,-93,-398,-30,161,41,219,912,1125,-256,-1673,-900,1183,754,-1490,-1641,-631,-63,-109,-283,-443,-160,-26,721,593,-16,-298,214,658,398,94,284,425,209,288,-63,43,422,113,-67,-43,690,521,226,87,-385,-315,388,359,294,345,502,602,460,-327,-868,-651,-487,-734,-348,-3,-5,22,530,740,807,664,184,-102,-165,-357,-106,139,90,691,1800,1220,-614,-1158,-289
161,411.839999999999975,22,-130,-167,-164,-276,-97,230,188,-173,-507,-352,-27,291,71,-316,-114,103,237,261,124,21,279,193,152,185,219,163,9,-8,89,247,136,-217,-526,-729,-371,231,218,172,-106,63,804,672,516,-69,-316,-246,-259,10,-175,-55,-133,155,165,-94,-132,127,203,150,-229,-291,50,329,133,-3,-134,6,325,551,361,118,-173,-293,-272,-65,-39,-139,-3,-157,21,-7,93,23,80,40,-99,-109,-149,-217,-428,-210,46,-115,-243,-189,-148,145,65,96,-198,-91,283,232,100,81,297,360,32,-132,54,188,581,1037,691,899,386,-261,118,352,-8,-907,-250,247,467,257,187,614,437,-965,-668,988,1087,-888,-1578,-1026,-350,-159,-265,-550,-261,-233,626,917,403,-225,93,761,609,145,-37,254,152,48,-261,-314,-66,-146,-470,-201,315,363,84,-34,-591,-237,202,114,193,316,376,781,250,-922,-1502,-1322,-755,-468,236,425,325,236,639,976,1185,1239,548,104,12,-106,24,88,-75,391,1726,2097,440,-1096,-943
162,415.0399999999999636,224,56,-144,-280,-386,-211,363,387,-333,-640,-440,-135,255,223,-152,-143,-25,255,399,147,32,0,-92,-61,56,276,122,-14,90,-38,351,37,-172,-132,-374,-513,-21,143,249,-133,26,765,530,519,102,-151,-93,11,14,-87,-213,-455,47,220,0,-75,247,449,182,-152,-195,-63,186,326,78,-29,28,253,516,432,317,20,-190,-266,-254,-233,-261,-48,-151,-17,184,207,126,125,129,2,-96,-275,-312,-296,-46,-18,-318,-378,-293,-221,25,-34,70,-150,50,424,414,293,29,203,278,-17,243,746,613,380,676,433,716,754,-42,-103,132,70,-1180,-411,77,729,408,-330,-107,764,306,-1,252,1045,-27,-1163,-1157,-608,-228,-243,-588,-325,-371,276,714,566,-33,-5,503,561,162,-206,74,33,-216,-481,-613,-645,-279,-493,-182,-89,195,19,-203,-596,-201,-158,-64,132,406,351,725,13,-1064,-1402,-1258,-660,131,746,760,627,527,696,783,1138,1409,784,438,338,302,254,128,-8,-4,1138,2027,1220,-612,-1273
163,418.2400000000000091,348,221,-9,-289,-371,-236,325,434,-383,-630,-419,-147,187,326,59,-149,-195,164,463,187,28,-220,-354,-179,-31,220,101,-60,136,-35,335,57,-120,158,50,-521,-341,-2,273,-113,-4,572,377,372,278,-1,-23,252,133,51,-277,-570,-77,159,35,-7,311,525,80,-22,-51,-111,-12,355,168,65,42,125,349,454,397,188,-77,-218,-401,-384,-238,-62,-100,-4,293,277,234,187,161,74,-59,-317,-298,-146,49,-95,-361,-401,-296,-251,-45,-67,80,18,246,442,434,384,47,40,61,-42,591,1241,1012,336,145,88,298,841,198,-221,-170,124,-1072,-557,-294,441,407,-437,-573,688,1547,608,-620,547,748,-426,-972,-729,-278,-187,-469,-275,-339,-115,157,407,157,-59,73,332,150,-124,-143,-125,-313,-601,-718,-974,-369,-98,-52,-290,57,108,-332,-403,-230,-397,-83,143,474,502,524,-197,-829,-874,-771,-233,687,950,850,868,910,695,542,696,1198,851,715,666,652,456,254,130,-224,277,1301,1275,20,-1102
164,421.4399999999999977,384,376,102,-165,-264,-105,181,228,-275,-496,-302,-82,85,352,197,-93,-293,37,366,290,52,-376,-523,-211,-43,142,108,-58,148,68,225,145,-39,267,366,-393,-590,-153,145,13,-31,297,231,249,412,144,-40,393,247,223,-282,-447,-186,14,14,94,322,480,-52,69,71,-131,-165,213,224,189,95,-28,152,405,375,278,49,-136,-424,-372,-182,-71,-35,45,327,320,325,226,123,126,4,-245,-184,4,98,-103,-204,-233,-125,-137,22,8,120,223,317,352,355,334,44,-120,-179,45,778,1430,1298,437,-327,-272,-169,620,306,-198,-428,119,-772,-646,-741,-290,132,-326,-534,503,2135,789,-980,-132,1220,462,-468,-647,-273,-83,-236,-102,-148,-327,-407,84,268,-85,-279,72,192,-1,-318,-255,-280,-537,-670,-994,-498,252,133,-266,21,216,-239,-91,-270,-409,-51,137,427,503,186,-353,-489,-264,-249,25,722,706,590,809,1071,714,379,213,647,621,819,848,813,565,346,172,-102,-489,409,775,483,-532
165,424.6399999999999864,319,427,201,-63,-121,76,23,-57,-131,-280,-85,-2,-68,285,241,7,-251,-71,181,390,157,-403,-516,-256,-10,83,140,31,192,112,56,184,62,232,420,-175,-602,-277,-49,149,-55,-36,79,166,462,258,-31,429,289,289,-181,-186,-233,-103,-68,146,237,335,-93,115,150,-73,-220,42,204,271,135,-132,-26,254,290,267,114,-47,-342,-271,-121,-79,51,86,306,320,355,209,45,141,85,-83,-18,68,100,4,47,117,152,92,163,130,227,300,262,189,196,201,18,-231,-250,168,826,1259,1311,611,-511,-534,-545,198,296,-84,-444,-57,-511,-635,-1037,-1051,-316,-97,-39,400,1726,842,-571,-507,1250,1241,180,-317,-213,38,79,111,113,-281,-668,-241,270,-75,-437,-186,232,60,-399,-373,-170,-264,-448,-750,-498,217,329,-99,46,171,43,180,-179,-245,37,102,268,158,-222,-511,-133,158,-60,111,320,263,189,269,757,713,373,-149,-19,171,669,831,784,657,356,171,217,-711,-284,193,595,158
166,427.839999999999975,208,366,146,4,55,277,-29,-259,-66,-2,115,65,-181,155,240,126,-75,-144,-43,381,229,-282,-389,-305,-19,41,138,162,282,74,-83,168,127,115,274,43,-412,-337,-200,202,-36,-277,-32,102,423,310,-3,408,226,234,-58,51,-129,-156,-181,76,96,193,-31,142,190,-3,-134,-66,164,274,173,-135,-144,47,135,197,154,34,-166,-131,-60,-86,82,104,265,258,324,156,-22,147,144,132,123,129,75,117,298,473,425,249,266,258,372,261,92,-10,45,69,-77,-262,-102,242,691,853,1007,654,-428,-743,-733,-191,243,84,-279,-281,-402,-556,-1025,-1464,-746,132,528,376,814,831,246,-304,934,1619,734,145,-99,117,342,244,286,-90,-516,-437,126,-3,-365,-350,86,61,-342,-394,-79,118,-85,-225,-391,-137,454,166,16,36,318,347,83,-3,151,-17,3,-364,-565,-442,226,361,-18,140,-52,-72,65,-323,55,366,379,-171,-516,-215,251,580,576,635,240,148,362,-418,-561,-114,449,597
167,431.0399999999999636,77,181,90,130,241,429,25,-313,-89,233,255,103,-209,-20,150,259,137,-139,-196,220,190,-64,-200,-335,-98,-59,113,260,330,-10,-216,81,145,111,43,172,-94,-379,-252,134,-9,-343,-42,50,276,252,57,334,79,162,27,211,32,-97,-220,-71,-105,90,116,142,203,92,36,-66,134,223,196,-65,-211,-221,-33,83,160,106,35,19,6,-83,93,145,210,140,199,56,-49,106,172,277,242,176,47,186,403,662,591,341,373,370,491,201,-78,-193,-62,-50,-138,-201,49,271,435,359,504,507,-255,-768,-752,-461,171,243,-3,-357,-307,-392,-702,-1324,-928,181,860,322,-132,549,927,232,552,1415,1026,518,94,159,497,235,333,97,-115,-402,-187,26,-169,-444,-249,30,-125,-230,-44,392,302,323,-165,-446,318,363,-129,-195,388,411,441,235,185,-137,-347,-787,-742,-179,461,504,149,178,-136,-110,163,-402,-561,-134,281,-32,-741,-420,-174,175,225,498,59,208,213,-25,-410,-137,281,669
168,434.2400000000000091,-15,2,80,280,446,487,106,-207,-87,358,343,89,-160,-194,21,333,321,-50,-258,-21,72,176,60,-304,-203,-131,65,328,328,-97,-287,29,121,257,-41,165,169,-363,-231,-14,19,-291,2,-33,43,152,150,188,-86,81,74,243,70,-1,-130,-196,-245,35,285,150,166,144,193,-32,122,141,184,25,-231,-393,-187,19,186,173,196,142,49,-65,70,164,144,14,40,-24,-55,39,150,364,320,224,43,175,338,580,549,358,412,432,592,177,-163,-254,-77,-90,-58,-84,167,338,242,-52,9,213,-116,-507,-610,-569,47,305,272,-209,-70,-150,-210,-808,-825,49,699,188,-617,24,1245,792,216,830,960,653,286,190,471,149,183,163,312,-155,-438,-69,-12,-439,-582,-81,146,62,31,479,581,712,165,-474,-39,336,-252,-361,229,468,697,437,84,-244,-613,-900,-736,191,530,532,442,264,51,67,157,-168,-687,-446,-54,-12,-737,-411,-407,-154,-104,250,-105,280,-29,105,-62,-59,206,518
169,437.4399999999999977,-62,-76,137,417,611,452,137,-45,-14,392,351,87,-80,-277,-103,296,415,90,-199,-250,-84,306,328,-170,-240,-195,13,327,252,-122,-322,-27,126,400,63,121,276,-231,-245,-171,71,-94,89,-119,-189,27,197,-40,-219,-30,70,195,37,54,59,-203,-279,-30,403,195,129,172,202,17,80,78,150,58,-211,-473,-277,-41,210,232,277,182,98,15,58,129,83,-114,-97,-86,-76,-22,108,355,326,218,38,31,140,247,329,265,376,441,560,210,-131,-184,43,-50,110,122,234,324,107,-307,-348,-164,-76,-57,-311,-515,-143,227,451,141,372,190,336,-112,-509,-186,139,9,-598,-465,1040,1021,-14,104,609,604,454,266,331,58,-78,67,466,144,-471,-299,-21,-320,-731,-245,296,355,187,466,695,814,498,-239,-397,59,-209,-406,-117,428,673,525,-131,-276,-668,-708,-465,388,489,513,723,406,358,284,83,64,-395,-520,-391,-207,-582,-266,-423,-330,-353,-60,-193,329,-51,-24,190,-6,191,319
170,440.6399999999999864,-104,-52,186,473,646,374,141,75,147,344,290,74,-50,-271,-163,160,417,273,-46,-342,-215,243,480,62,-185,-145,-49,258,63,-96,-305,-135,184,396,270,80,218,-42,-331,-307,120,153,174,-128,-307,-65,207,-258,-294,-160,19,144,-34,81,273,-45,-224,-121,399,184,86,145,179,33,25,9,82,57,-152,-402,-309,-52,205,237,273,170,105,71,48,30,-5,-207,-197,-155,-110,-92,45,294,249,196,47,-120,-101,-173,51,179,261,322,377,199,-6,-14,248,29,216,261,255,317,84,-303,-511,-416,-58,292,101,-301,-241,28,434,510,892,585,780,565,-124,-351,-448,-177,-277,-544,334,860,-68,-446,139,399,477,286,129,-50,-288,-141,311,288,-300,-461,-169,-146,-547,-361,236,540,414,421,610,667,618,96,-473,-332,-58,-326,-431,209,398,402,-191,-233,-545,-358,-21,332,287,565,804,483,531,379,72,244,-70,-432,-633,-450,-469,-80,-322,-395,-488,-268,-159,222,64,-223,112,27,171,209
171,443.839999999999975,-109,-1,190,433,556,261,115,143,288,284,176,49,-100,-199,-147,-24,346,430,127,-240,-216,55,386,249,-79,-53,-22,141,-167,-31,-250,-259,226,257,343,149,113,106,-403,-377,150,264,235,-72,-294,-76,125,-424,-310,-277,-26,61,-76,29,393,146,-120,-259,263,145,57,82,77,-24,-53,-10,40,60,-71,-240,-250,-57,177,234,222,116,117,148,47,-80,-124,-228,-237,-193,-166,-148,-2,214,165,140,36,-189,-323,-485,-227,96,116,183,77,140,145,163,352,122,213,347,287,298,164,-171,-494,-501,-20,451,440,-26,-194,-135,273,658,1243,921,998,977,197,-319,-774,-274,109,-276,-445,313,-34,-644,-267,105,326,196,-81,-154,-396,-345,-76,205,-51,-366,-309,29,-101,-355,49,591,555,363,407,370,423,381,-277,-500,59,-121,-525,-179,9,97,-98,-205,-311,81,370,183,106,557,682,398,502,266,37,226,44,-412,-690,-617,-428,9,-250,-399,-582,-365,-82,20,138,-233,-183,7,178,155
172,447.0399999999999636,-122,-21,143,320,372,111,84,169,338,205,50,-14,-157,-121,-98,-166,229,467,225,-40,-154,-143,97,312,83,37,79,58,-303,24,-97,-305,191,103,227,285,55,149,-365,-342,113,284,217,39,-126,-36,49,-474,-270,-351,-24,-9,-53,-23,373,268,-27,-395,35,67,3,45,-21,-139,-130,-21,35,63,27,-25,-157,-41,103,177,181,84,104,166,24,-193,-227,-221,-214,-206,-192,-190,-45,145,88,95,48,-204,-434,-618,-439,-27,-79,14,-225,66,247,275,337,186,160,377,300,262,215,-43,-408,-464,5,397,511,181,-43,-184,39,541,1209,1015,1028,1039,363,-143,-754,-254,330,76,-835,-426,-78,-555,-483,-181,82,13,-237,-216,-365,-442,-405,-28,175,-70,-272,140,368,-142,-90,490,513,285,128,29,187,464,-25,-430,23,76,-383,-550,-343,-149,96,-138,-70,465,521,63,37,320,453,190,214,-40,-59,27,-54,-481,-601,-623,-397,-39,-219,-436,-618,-436,-62,-102,100,-43,-395,-57,186,158
173,450.2400000000000091,-120,-96,72,169,118,-56,11,209,316,116,-57,-80,-140,-35,8,-204,24,326,213,169,-60,-263,-243,225,199,63,165,-2,-279,60,80,-270,68,-62,21,386,107,61,-204,-191,32,170,142,147,69,27,23,-379,-181,-354,-3,-48,13,-45,267,250,33,-446,-194,-78,-38,-35,-112,-220,-179,-29,64,90,89,125,-38,-23,5,93,127,72,98,128,-10,-254,-289,-184,-224,-201,-191,-151,-29,62,14,46,64,-168,-364,-564,-532,-141,-253,-155,-431,-43,277,285,239,186,91,336,251,197,108,-12,-310,-358,-67,278,326,288,105,-134,-181,243,860,909,788,844,363,126,-410,-204,325,437,-715,-1022,-303,-374,-438,-409,-169,-200,-295,-233,-239,-420,-568,-256,248,273,-17,192,619,211,-57,272,295,122,-159,-241,-14,429,116,-179,-144,166,-126,-728,-573,-315,186,-12,172,635,411,53,73,-14,232,64,-199,-416,-269,-140,-204,-489,-466,-419,-304,-154,-264,-502,-579,-439,-118,-70,3,181,-349,-152,178,157
174,453.4399999999999977,-62,-151,1,-4,-144,-204,-54,249,254,44,-86,-96,-33,59,116,-166,-193,55,70,246,64,-279,-429,22,220,39,101,-52,-123,59,211,-154,-120,-288,-166,351,206,-36,-17,9,-87,-47,-13,208,248,113,74,-179,-86,-266,22,-99,57,-52,88,133,49,-378,-369,-216,-62,-40,-166,-214,-154,-22,73,140,199,247,69,-25,-86,-17,62,72,77,49,-87,-255,-270,-127,-201,-176,-154,-105,-22,-18,-30,20,68,-70,-161,-366,-494,-240,-396,-296,-484,-126,212,229,86,141,82,215,175,34,-140,-88,-158,-243,-82,54,127,263,116,-94,-294,-104,348,553,405,457,285,327,-60,-134,192,683,-254,-1158,-599,-225,-293,-466,-371,-349,-279,-215,-154,-284,-476,-352,208,479,282,227,569,497,104,-18,31,-80,-392,-329,-71,283,117,35,-253,174,103,-611,-614,-406,43,152,387,510,241,113,123,-207,2,-139,-543,-650,-511,-335,-249,-437,-320,-113,-137,-222,-309,-482,-478,-374,-186,-13,-29,252,-96,-227,97,135
175,456.6399999999999864,5,-95,-70,-157,-321,-310,-76,234,187,-13,-133,-59,113,145,166,-106,-331,-266,-120,200,152,-191,-411,-139,112,11,-101,-141,53,57,287,-16,-286,-514,-309,187,215,-76,130,161,-183,-244,-182,174,301,224,150,30,51,-105,13,-123,32,-76,-83,7,39,-238,-444,-301,-74,1,-121,-123,-88,-52,54,154,251,300,136,-47,-174,-121,-8,66,31,-37,-155,-217,-213,-56,-152,-128,-55,-6,-14,-95,-32,13,100,49,80,-106,-351,-343,-469,-392,-478,-206,53,92,-90,75,55,48,6,-195,-435,-228,-68,-94,-71,-150,-25,173,50,-97,-282,-339,-148,95,-39,34,193,398,194,-63,75,587,281,-840,-781,-137,-170,-382,-497,-367,-162,-175,-120,-141,-244,-272,127,494,471,229,340,575,279,-249,-227,-246,-419,-331,-134,139,74,125,-160,98,258,-267,-448,-411,-184,249,464,262,146,179,114,-170,-264,-429,-650,-692,-703,-510,-267,-241,-196,124,83,-273,-309,-348,-292,-314,-234,-149,18,257,201,-176,-28,92
176,459.839999999999975,113,19,-67,-237,-401,-360,-72,165,85,-75,-152,-9,178,165,137,-60,-378,-464,-286,59,220,-28,-241,-224,-93,-39,-276,-259,160,67,298,88,-344,-590,-391,-27,108,-53,210,193,-227,-391,-326,87,266,319,220,201,228,71,2,-155,-55,-104,-207,-98,48,-78,-470,-310,-59,47,-52,29,-6,-76,28,172,286,315,176,-54,-210,-167,-64,23,-27,-90,-201,-164,-110,8,-121,-85,52,75,-24,-118,-20,70,150,217,286,170,-158,-346,-500,-420,-449,-285,-117,-74,-243,-23,-6,-68,-196,-360,-618,-399,-98,41,-10,-223,-40,98,-13,-102,-192,-465,-519,-370,-439,-282,178,385,392,47,-118,172,568,-195,-688,-137,-104,-236,-482,-309,-56,-96,-97,-43,-1,-88,55,322,467,182,57,416,356,-300,-414,-293,-244,-260,-215,25,19,161,4,2,297,99,-167,-376,-333,301,436,85,145,170,68,-88,-521,-642,-559,-561,-726,-555,-280,30,-14,187,309,-188,-213,-115,-58,-181,-231,-414,59,195,340,12,-136,10
177,463.0399999999999636,139,159,-19,-239,-400,-330,-70,62,-14,-108,-120,32,145,128,53,-65,-351,-499,-336,-92,230,207,-4,-196,-260,-79,-328,-350,171,88,195,144,-292,-438,-329,-227,-69,59,241,107,-235,-469,-421,-13,183,338,266,330,375,221,-11,-175,-152,-170,-276,-146,43,17,-419,-228,-55,27,4,158,34,-99,-22,105,268,296,186,-57,-203,-166,-102,-34,-96,-108,-208,-116,-11,68,-71,-41,123,118,-18,-118,-4,109,209,357,427,311,27,-215,-391,-361,-409,-333,-256,-272,-358,-99,6,-100,-276,-456,-637,-474,-178,90,91,-173,1,79,-9,-31,-86,-451,-723,-694,-684,-419,176,342,501,98,-330,-371,402,509,-241,-196,-93,-95,-326,-171,49,-29,-36,23,152,111,-9,74,285,66,-196,139,245,-191,-472,-230,-34,-158,-278,-93,-35,183,125,-43,225,360,168,-183,-245,289,385,87,197,121,45,-113,-641,-621,-400,-325,-527,-480,-203,251,208,170,429,-28,27,138,148,-52,-185,-558,-22,70,285,247,-140,-97
178,466.2400000000000091,114,195,50,-197,-383,-263,-99,-35,-80,-110,-32,41,68,49,-62,-97,-279,-373,-254,-178,189,412,235,-114,-307,-131,-232,-360,111,107,76,186,-133,-120,-156,-379,-214,176,258,11,-244,-446,-450,-106,74,247,272,386,423,294,-29,-183,-243,-201,-302,-167,24,67,-279,-110,-71,-50,45,226,23,-102,-81,25,185,243,209,-9,-152,-162,-109,-80,-145,-122,-174,-46,78,119,1,-9,137,113,9,-82,19,127,257,401,445,391,186,-89,-208,-239,-299,-310,-359,-386,-419,-154,38,-67,-308,-426,-510,-413,-217,67,188,-26,-2,84,39,96,27,-336,-742,-804,-630,-395,206,243,532,204,-514,-729,-84,934,382,-134,-79,18,-80,-36,95,41,95,109,197,202,-38,-143,-19,-82,-305,-133,34,-52,-309,-162,131,-16,-288,-163,-67,194,221,-45,98,459,496,139,79,245,342,263,319,108,41,-244,-651,-364,-196,5,-152,-290,-39,358,412,196,445,131,305,392,330,45,-98,-420,-293,-51,114,377,-13,-192
179,469.4399999999999977,22,126,71,-170,-368,-207,-139,-137,-130,-60,53,57,0,-36,-119,-105,-192,-186,-70,-167,104,505,378,0,-254,-159,-84,-247,22,94,-17,178,62,273,69,-421,-238,234,257,-45,-208,-375,-391,-184,-22,59,184,405,361,292,-34,-129,-197,-189,-251,-160,-24,124,-49,-11,-91,-142,16,217,17,-123,-129,-53,97,158,221,48,-42,-112,-105,-84,-165,-121,-140,10,157,113,48,11,98,77,22,-39,27,94,226,332,325,323,286,47,25,-68,-142,-174,-339,-371,-392,-199,20,-49,-209,-292,-301,-242,-129,7,199,75,-58,67,97,222,114,-149,-612,-645,-428,-218,225,173,511,237,-574,-872,-539,832,895,47,-40,87,140,90,113,110,235,231,184,150,-69,-262,-272,-170,-286,-322,-180,20,3,-90,186,137,-141,-193,-62,155,221,17,43,463,682,518,388,238,277,372,391,164,-28,-347,-493,-10,65,328,297,83,131,395,488,286,406,254,461,538,508,149,-20,-160,-501,-175,-71,284,150,-214
180,472.6399999999999864,-71,26,-4,-156,-306,-161,-151,-210,-155,6,107,52,-22,-92,-110,-52,-55,-29,134,-103,0,406,427,107,-135,-122,81,-60,-65,57,-64,134,201,520,237,-342,-200,203,222,-31,-129,-205,-279,-239,-112,-117,29,344,205,227,46,-8,-52,-106,-188,-120,-64,169,198,79,-105,-210,-61,139,40,-98,-137,-108,0,99,217,135,9,-60,-58,-79,-120,-159,-95,90,194,100,104,17,45,34,27,-1,-1,26,120,155,114,181,301,156,190,56,53,-22,-244,-274,-312,-236,-87,-68,-85,-98,-38,-24,24,-20,132,91,-82,22,128,271,194,33,-394,-359,-169,6,236,72,434,236,-511,-862,-778,336,1026,284,24,134,263,194,110,133,325,371,195,25,-105,-280,-359,-186,-185,-368,-328,30,216,8,194,262,106,-166,-28,74,143,128,128,478,669,719,557,209,133,320,297,127,-157,-416,-242,223,211,419,631,484,303,333,492,346,346,244,429,493,649,197,51,32,-496,-355,-218,56,185,-131
181,475.839999999999975,-130,-122,-121,-154,-195,-135,-126,-241,-140,113,144,14,-26,-123,-78,33,94,104,261,-3,-92,159,321,215,32,-38,179,159,-92,-44,-100,95,266,539,275,-180,-138,117,154,19,33,16,-115,-266,-202,-250,-143,205,60,160,109,133,124,65,-118,-79,-55,198,400,118,-95,-224,-92,36,72,-16,-123,-181,-90,46,183,161,85,13,0,-19,-77,-128,-39,147,173,76,145,59,13,-13,22,7,-58,-81,-74,-93,-120,41,219,172,250,133,149,24,-131,-160,-200,-262,-229,-136,88,95,247,180,139,31,-4,77,-82,-74,108,230,234,209,-132,-90,67,207,188,-46,212,181,-334,-693,-751,-239,701,485,117,153,294,228,95,136,336,427,206,-75,-160,-263,-288,-118,-24,-294,-349,-10,275,141,114,313,275,-152,-9,-51,57,231,325,439,474,698,525,145,-36,100,23,-51,-299,-359,-69,249,172,318,682,718,496,282,336,341,250,135,282,326,652,189,124,98,-369,-489,-343,-167,76,-66
182,479.0399999999999636,-164,-179,-224,-130,-4,-71,-112,-220,-80,181,133,-52,-38,-115,-53,118,207,162,266,78,-171,-130,127,291,232,89,199,286,-27,-138,-103,77,232,343,201,5,-29,59,57,91,178,196,78,-273,-295,-319,-281,31,-36,134,200,265,340,244,-66,-24,-17,225,459,148,-93,-196,-139,-62,69,66,-49,-181,-128,8,112,190,137,104,28,35,-25,-101,31,195,143,66,163,67,22,-9,-18,-37,-107,-184,-253,-313,-287,-90,99,136,228,121,187,-17,-68,-89,-94,-230,-290,-181,102,202,406,243,171,88,-112,18,-54,-163,40,123,204,322,77,76,180,289,107,-162,-55,90,-33,-279,-547,-611,125,551,230,177,256,238,85,119,263,366,166,-115,-215,-214,-167,-34,56,-132,-250,-101,158,227,57,281,311,-107,25,-125,10,269,460,357,168,431,334,18,-173,-180,-278,-270,-377,-202,38,144,92,166,507,626,567,285,119,225,121,14,114,85,526,189,216,78,-213,-482,-377,-342,-92,-51
183,482.2400000000000091,-112,-198,-250,-102,171,93,-104,-156,-3,149,90,-67,-61,-97,-50,146,251,177,165,103,-217,-352,-90,291,354,214,168,296,29,-187,-94,85,150,77,91,114,83,8,-43,135,300,342,246,-243,-373,-339,-335,-116,-80,128,271,378,482,408,30,-43,57,206,376,148,-78,-133,-143,-135,7,87,6,-162,-158,-30,38,176,203,145,82,16,26,-28,111,210,84,54,154,87,52,10,-52,-79,-125,-257,-390,-436,-352,-166,-18,65,132,68,116,-44,-38,-23,-9,-152,-223,-160,107,221,416,182,154,146,-119,-8,-16,-209,-56,13,122,340,174,126,181,253,-2,-252,-295,-20,272,295,-205,-763,-444,407,318,168,218,218,86,127,132,167,65,-88,-214,-152,5,81,100,21,-124,-174,10,186,51,149,280,-26,50,-150,21,279,411,210,-174,69,87,-153,-344,-429,-499,-413,-389,15,117,82,26,15,225,324,430,246,-48,19,38,-34,-2,-46,314,184,316,86,-42,-276,-260,-414,-259,-57
184,485.4399999999999977,2,-176,-227,-68,270,274,-22,-61,49,41,24,-40,-64,-89,-49,123,240,178,14,49,-210,-442,-272,222,466,336,128,198,23,-168,-93,61,58,-175,1,177,150,-28,-116,165,362,415,319,-165,-377,-337,-323,-195,-69,135,265,425,477,449,122,34,96,167,215,111,-48,-91,-129,-178,-75,80,32,-114,-176,-101,-29,186,279,192,83,-3,63,79,204,200,41,33,129,96,90,28,-88,-113,-125,-280,-414,-416,-310,-195,-73,-22,26,4,74,-31,-4,40,75,-41,-115,-121,8,122,286,100,71,149,-22,40,8,-228,-165,-87,6,272,190,98,103,106,-133,-274,-478,-163,523,776,219,-731,-769,102,340,176,225,184,112,150,47,-63,-46,-17,-135,-59,106,143,97,68,-28,-160,-84,63,87,16,153,54,48,-68,112,190,154,4,-443,-224,-178,-295,-485,-624,-588,-471,-292,152,226,-2,-7,-79,-44,10,109,114,-126,-178,-66,-23,-44,-67,32,131,353,179,161,-24,-64,-323,-414,-94
185,488.6399999999999864,56,-127,-171,-3,276,366,156,36,54,-73,-38,37,-26,-64,-35,55,131,110,-96,-71,-180,-376,-309,83,503,406,108,56,-72,-91,-63,50,5,-308,-63,174,147,-77,-120,175,350,373,322,-70,-323,-310,-275,-217,-42,95,164,368,351,384,231,85,110,115,63,48,-29,-77,-96,-218,-137,52,45,-34,-151,-176,-82,184,318,220,62,3,89,169,262,167,5,-2,92,109,123,24,-69,-74,-119,-235,-368,-292,-212,-122,-69,-65,13,6,122,22,37,110,153,44,-16,-94,-42,14,132,37,-10,136,92,100,34,-189,-220,-186,-79,159,158,57,27,-96,-275,-279,-528,-260,631,1028,589,-520,-844,-243,247,195,218,173,152,200,-10,-211,-123,47,10,39,166,168,79,57,17,-94,-92,-4,71,-64,37,149,135,25,121,39,-213,-238,-546,-393,-326,-365,-551,-665,-585,-450,-147,246,289,-52,-66,-132,-223,-254,-199,-73,-168,-288,-133,9,-45,-74,-203,41,261,297,349,251,104,-138,-480,-120
186,491.839999999999975,88,-22,-109,35,219,371,360,152,19,-179,-111,98,56,-9,11,-41,0,49,-124,-164,-150,-236,-230,-50,418,414,117,-64,-187,-28,8,-6,-16,-279,-100,132,86,-95,-66,188,258,310,258,36,-190,-265,-208,-184,-35,13,26,194,126,237,295,171,107,73,-9,-3,-13,-84,-81,-241,-165,4,29,59,-134,-238,-126,156,283,222,44,-9,104,205,279,99,-12,-14,67,137,118,33,-4,-6,-85,-156,-225,-117,-106,-43,-47,-57,30,72,240,123,99,178,188,96,23,-94,-156,-108,-9,-3,-36,101,133,111,75,-91,-240,-237,-135,11,122,91,-59,-277,-386,-261,-461,-272,543,983,825,-105,-740,-475,25,184,184,138,162,166,-34,-236,-105,94,141,159,179,145,52,17,46,23,-18,-6,-11,-46,-17,190,194,118,68,-178,-504,-474,-448,-400,-321,-355,-471,-536,-484,-342,49,238,291,11,-74,-119,-265,-375,-422,-233,-169,-334,-197,13,-24,-108,-380,-100,59,369,485,444,214,46,-382,-111
187,495.0399999999999636,85,55,15,87,123,280,454,257,-37,-243,-149,108,127,97,43,-96,-104,-9,-83,-146,-112,-99,-74,-156,227,324,131,-94,-234,9,53,-78,-40,-128,-100,69,-3,-102,6,171,136,204,152,153,3,-145,-116,-128,-85,-105,-115,-57,-144,35,285,231,113,62,-40,-41,-15,-91,-52,-230,-141,11,13,132,-56,-223,-156,89,215,154,28,8,106,192,219,74,-18,-10,62,119,91,39,85,47,-26,-51,-47,54,-20,14,-27,29,71,144,312,182,149,223,190,160,50,-67,-218,-195,-112,10,5,52,54,49,100,37,-207,-257,-180,-95,114,163,-35,-373,-458,-252,-344,-174,368,629,915,406,-487,-614,-232,97,74,64,126,106,-32,-154,-22,150,256,238,121,46,0,9,43,111,84,47,-85,-3,8,157,195,166,-74,-362,-629,-571,-277,-292,-259,-256,-259,-290,-290,-105,277,290,286,90,42,3,-165,-302,-440,-335,-177,-274,-240,11,-36,-157,-447,-176,-166,278,497,523,249,113,-179,-49
188,498.2400000000000091,13,117,124,99,35,135,375,306,-88,-258,-141,45,146,209,65,-89,-113,-31,-33,-57,-46,6,52,-152,-7,192,151,-15,-181,14,56,-135,-92,55,-42,18,-66,-78,85,118,3,80,84,243,198,11,-26,-76,-154,-208,-250,-296,-366,-159,200,220,124,58,-57,-48,20,-47,-43,-157,-85,15,3,154,29,-139,-154,-18,91,81,9,1,83,162,159,17,-32,3,51,117,77,78,143,105,39,41,77,153,54,56,9,72,137,201,314,205,177,196,184,227,102,-42,-228,-222,-167,34,63,-5,-54,-83,75,151,-136,-243,-205,-151,129,206,-10,-356,-469,-243,-221,-75,125,199,780,828,-56,-566,-398,-69,-56,-45,51,3,-32,-32,97,213,319,272,57,-51,-4,8,49,150,164,104,-69,8,-20,45,78,132,-224,-446,-596,-502,-92,-178,-219,-149,-57,-18,-90,147,404,263,197,159,205,126,8,-131,-303,-349,-227,-176,-234,-38,-150,-214,-457,-178,-333,153,421,499,257,117,24,45
189,501.4399999999999977,-7,124,230,111,-10,0,217,292,-78,-212,-106,-30,96,288,123,-37,-96,-59,-3,41,46,61,106,-97,-187,19,134,100,-59,-26,10,-154,-97,149,54,6,-62,-33,145,25,-78,29,32,284,346,201,48,-65,-222,-276,-319,-473,-488,-269,81,140,109,55,-64,-33,53,32,2,-44,-15,13,-4,147,100,-13,-137,-160,-83,-1,-7,23,66,110,63,-28,-47,27,47,110,79,142,190,145,90,159,162,186,99,16,24,134,159,206,203,203,168,154,183,255,145,35,-135,-171,-145,43,69,-99,-168,-171,-23,207,3,-190,-209,-171,137,203,71,-260,-390,-250,-102,17,-86,-165,477,985,434,-363,-397,-211,-175,-143,-68,-81,3,78,206,263,336,237,-25,-104,3,20,88,163,192,182,1,-67,-100,-97,-4,61,-272,-353,-431,-336,24,-121,-192,-62,119,150,87,362,402,181,107,150,294,201,148,62,-83,-279,-216,-53,-202,-80,-263,-242,-440,-134,-343,-13,230,374,232,118,134,154
190,504.6399999999999864,-8,114,284,136,-37,-70,29,203,-22,-95,-53,-61,56,302,202,24,-67,-79,-21,96,110,96,86,-44,-281,-154,77,200,84,-22,-31,-129,-74,151,101,13,-12,31,161,-72,-140,-52,0,283,418,357,125,-75,-240,-287,-324,-489,-489,-333,-41,49,89,59,-58,-21,82,124,81,62,45,-2,-7,90,129,80,-91,-267,-232,-86,17,52,63,52,-22,-81,-73,29,49,84,106,194,221,161,151,216,200,171,121,-10,13,160,154,168,69,179,149,119,162,215,193,132,14,-20,-112,35,8,-204,-202,-224,-137,195,149,-79,-187,-173,102,163,88,-114,-250,-209,-6,54,-217,-375,94,846,841,-38,-236,-259,-255,-199,-160,-146,25,159,222,270,283,135,-59,-130,27,28,137,153,149,232,66,-139,-208,-175,-52,-59,-231,-182,-180,-105,79,-109,-156,12,277,237,230,422,255,28,-24,123,262,210,169,160,82,-135,-141,42,-150,-144,-294,-267,-398,-84,-214,-179,33,99,135,131,171,159
191,507.839999999999975,87,121,294,169,-37,-101,-125,77,67,62,6,-41,17,231,234,115,-13,-122,-30,71,163,126,45,-14,-267,-250,-7,260,190,22,-83,-83,-34,113,99,56,82,114,116,-143,-179,-102,-26,231,390,409,206,-76,-186,-240,-266,-391,-357,-348,-133,-59,47,65,-37,21,126,195,166,131,87,-41,-31,-1,113,125,-47,-322,-294,-107,47,90,55,29,-62,-132,-93,15,5,55,116,216,205,168,196,250,197,159,129,-28,-1,107,79,98,-10,131,129,109,140,151,193,225,176,144,-10,36,-79,-278,-185,-202,-217,97,225,44,-114,-196,35,64,75,40,-79,-101,71,51,-276,-487,-291,487,991,360,-60,-235,-262,-219,-229,-160,8,170,187,209,209,31,-75,-103,2,76,196,145,51,172,65,-172,-326,-182,-97,-133,-87,53,107,126,111,-97,-117,70,332,323,352,375,94,-113,-126,85,163,142,91,113,173,43,44,116,-86,-144,-217,-171,-282,-27,-27,-251,-146,-123,4,137,188,96
192,511.0399999999999636,148,119,229,166,-12,-120,-242,-69,134,206,61,16,6,106,197,155,27,-129,-33,64,196,144,-8,-20,-215,-305,-100,229,295,112,-42,-32,12,47,72,98,139,152,75,-154,-179,-107,-32,147,282,377,246,-47,-73,-141,-171,-181,-166,-295,-169,-95,15,55,5,79,145,215,212,153,79,-64,-54,-90,64,105,-10,-285,-297,-142,58,132,53,-5,-98,-148,-80,-5,-13,15,105,200,185,191,216,230,160,128,117,5,-9,6,6,-24,-69,96,130,89,84,88,169,291,288,259,68,54,-133,-285,-151,-182,-198,-41,230,172,-25,-199,-84,-62,21,110,109,70,102,-9,-273,-499,-549,75,879,656,122,-141,-193,-183,-269,-196,-67,114,105,87,68,-51,-70,-81,-34,118,243,123,-56,23,41,-154,-314,-140,-151,-141,64,211,326,266,98,-73,-78,126,326,372,474,242,-61,-205,-195,-14,45,39,-10,38,158,201,210,188,0,-77,-84,-22,-113,63,92,-268,-244,-246,-136,100,205,23
193,514.2400000000000091,130,117,103,145,42,-102,-302,-193,175,278,107,54,30,-27,86,176,76,-93,-26,78,188,160,-16,-20,-154,-306,-198,78,357,225,42,22,45,9,49,118,184,160,29,-143,-175,-134,-21,48,127,228,228,23,25,-29,-62,49,68,-145,-145,-103,-45,23,49,110,166,218,181,160,37,-97,-75,-172,-20,11,-9,-187,-239,-125,71,147,52,-40,-98,-128,-52,-37,-41,-18,70,161,138,191,186,174,126,87,103,74,-12,-125,-85,-108,-98,84,151,92,40,23,95,276,343,287,145,71,-99,-242,-103,-126,-125,-170,138,217,76,-171,-158,-177,-125,117,259,235,124,-63,-283,-459,-635,-246,519,731,229,-31,-94,-138,-247,-205,-129,27,-17,-56,-83,-106,-64,-65,-65,151,241,64,-147,-213,-16,-94,-191,-101,-165,-99,182,255,397,287,52,-77,-39,162,244,415,506,107,-198,-259,-201,-94,-71,-71,-74,-7,129,312,332,231,80,40,43,138,130,156,138,-219,-226,-250,-176,23,182,-29
194,517.4399999999999409,46,82,0,100,96,-101,-320,-275,144,246,132,44,33,-112,-55,150,126,-7,19,63,141,160,11,-12,-111,-258,-252,-97,355,265,113,71,61,-12,35,115,178,118,-40,-118,-112,-108,17,-39,-25,50,133,85,101,51,95,270,250,26,-61,-88,-76,-9,58,140,191,215,151,155,10,-82,-82,-189,-119,-90,-25,-71,-148,-85,95,136,38,-24,-85,-78,-9,-63,-72,-47,7,79,100,159,143,95,64,58,84,106,-36,-208,-168,-188,-157,71,151,40,1,-47,28,228,259,245,169,55,-21,-106,-45,-57,-55,-223,-9,184,148,-108,-209,-286,-225,73,361,355,159,-72,-304,-319,-501,-430,92,608,299,39,-22,-78,-161,-163,-154,-79,-114,-183,-188,-149,-63,-67,-83,136,149,18,-190,-404,-137,-1,66,-43,-159,-58,201,271,376,142,-39,-40,30,177,215,424,447,-17,-266,-262,-192,-152,-181,-147,-121,-40,85,302,356,251,136,166,167,266,382,214,130,-140,-204,-148,-121,-58,136,-61
195,520.6399999999999864,-35,16,-79,42,116,-111,-281,-290,69,153,120,23,-5,-168,-179,42,148,121,67,53,59,128,70,-7,-92,-181,-261,-220,233,239,171,96,63,-39,28,119,143,37,-109,-74,-19,-50,23,-66,-120,-114,12,124,117,120,220,366,348,193,53,-46,-125,-53,30,147,172,206,102,152,7,-54,-72,-202,-204,-169,-27,28,-23,16,89,93,44,-27,-55,-13,15,-50,-82,-70,-66,-17,43,101,55,7,10,3,62,82,-56,-205,-205,-211,-187,25,131,45,-28,-94,-61,110,177,164,102,5,34,48,26,29,7,-193,-146,98,186,8,-206,-301,-273,-10,359,391,233,-47,-323,-69,-315,-455,-269,334,312,91,10,-34,-57,-83,-121,-126,-174,-222,-228,-122,-71,-61,-36,32,3,-21,-185,-465,-267,85,304,30,-122,22,142,194,248,-6,-78,40,113,213,221,367,268,-94,-240,-127,-108,-176,-233,-180,-159,-83,22,199,253,206,145,225,238,329,547,196,116,-1,-144,-61,-3,-75,99,-78
196,523.8400000000000318,-129,-73,-107,16,104,-125,-201,-243,-52,42,62,-1,-55,-185,-234,-85,136,232,131,34,-30,90,107,-14,-77,-96,-191,-265,38,149,165,98,58,-10,38,88,56,-19,-164,-28,69,-2,11,-61,-156,-207,-89,113,135,193,304,367,365,310,123,-20,-132,-130,-4,89,132,199,81,143,33,-28,-45,-170,-225,-192,-41,87,81,47,78,80,37,21,-16,40,45,-27,-83,-94,-129,-103,-22,25,-27,-56,-28,-22,30,43,-52,-122,-149,-162,-167,-39,77,48,-27,-110,-114,-7,48,66,-20,-101,43,153,85,103,60,-138,-214,3,180,116,-143,-241,-221,-30,291,353,332,76,-199,179,-95,-354,-466,47,249,114,8,4,37,15,-47,-130,-172,-211,-204,-92,-69,-21,26,-76,-119,-59,-160,-386,-345,110,394,127,-21,20,52,103,127,-108,-76,117,216,198,197,171,42,-121,-76,107,46,-99,-195,-181,-164,-104,-52,6,54,130,124,226,288,326,522,118,112,126,-99,-41,86,-18,87,-68
197,527.0399999999999636,-178,-150,-125,-32,56,-79,-65,-163,-155,-59,-7,-29,-92,-184,-218,-157,80,272,158,26,-69,55,88,-36,-75,-16,-65,-243,-191,33,129,109,38,29,62,54,-8,-43,-162,6,126,45,-4,-49,-125,-213,-134,82,164,261,334,306,337,345,137,8,-115,-207,-49,47,74,172,68,130,73,26,-23,-115,-193,-151,-35,135,140,110,84,44,35,48,31,89,54,-12,-79,-94,-181,-178,-93,-64,-84,-106,-58,-44,18,2,-15,9,-78,-86,-94,-133,-14,23,-31,-81,-126,-97,-10,-52,-145,-171,5,167,121,175,79,-56,-208,-68,146,185,-62,-109,-72,30,202,276,364,178,13,299,91,-233,-511,-208,134,135,27,35,111,115,33,-83,-109,-144,-138,-26,-2,46,39,-139,-204,-114,-97,-227,-270,74,329,197,65,37,-3,16,17,-80,-39,174,258,148,67,-114,-216,-125,122,292,219,16,-109,-133,-113,-73,-110,-171,-122,24,116,185,283,257,375,16,77,222,-49,-78,107,79,98,-22
198,530.2400000000000091,-142,-191,-123,-83,-11,1,91,-53,-208,-121,-26,-31,-96,-163,-131,-158,4,229,147,29,-65,40,41,-23,-55,20,51,-175,-332,-93,56,94,13,44,100,20,-62,-34,-119,19,134,37,-14,-48,-85,-141,-128,54,162,315,300,231,233,299,106,63,-75,-233,-79,-35,10,118,78,140,114,59,-15,-39,-134,-80,1,133,156,109,51,-9,17,44,56,111,63,4,-48,-85,-190,-227,-157,-141,-135,-139,-67,-34,-12,-26,34,100,-7,1,-53,-183,-106,-35,-17,-41,-121,-139,-63,-149,-183,-181,-37,140,162,215,149,7,-140,-91,84,196,33,13,57,109,126,156,275,236,263,303,156,-105,-438,-389,-19,112,56,72,169,174,100,-14,-42,-40,-36,52,96,91,18,-139,-240,-161,-30,-65,-84,10,127,242,140,-1,-2,15,-35,27,70,167,226,31,-128,-380,-391,-87,246,392,306,130,-17,-57,0,31,-119,-293,-234,-90,100,130,256,126,159,-23,61,247,13,-142,62,148,121,47
199,533.4399999999999409,-98,-164,-120,-146,-69,116,214,52,-210,-142,-37,-20,-68,-117,-26,-103,-56,112,101,58,-22,14,-17,-12,2,50,118,-91,-371,-201,-10,74,16,53,100,1,-67,-23,-60,-3,62,-15,-48,-60,-54,-56,-69,47,164,278,212,155,172,201,23,62,-21,-217,-90,-69,-44,62,115,142,125,83,5,56,-53,-10,33,121,142,82,25,-36,-21,23,15,109,58,0,-23,-62,-148,-225,-212,-204,-158,-143,-70,-26,-61,-37,79,134,37,68,-19,-207,-227,-118,-39,-11,-96,-149,-139,-218,-147,-125,-40,110,177,229,173,84,-25,-91,32,182,93,98,166,214,65,49,88,220,411,249,162,-32,-331,-450,-134,70,105,132,211,222,132,26,37,53,74,109,196,115,-35,-115,-251,-191,2,111,136,-29,-63,240,186,25,36,-45,-61,125,183,170,146,-85,-278,-528,-403,-22,274,317,299,174,96,53,126,162,-95,-312,-268,-189,39,54,178,16,-50,-23,75,214,74,-138,-21,149,139,118
200,536.6399999999999864,-4,-83,-127,-193,-104,179,292,138,-157,-125,-29,-32,-43,-85,42,-34,-70,1,13,89,53,-16,-61,0,32,66,99,-6,-309,-260,-61,57,9,37,58,-7,-68,-9,24,-37,-24,-66,-76,-100,-44,17,15,74,154,177,93,44,74,100,-55,37,27,-138,-91,-67,-86,3,107,133,102,85,38,119,42,61,61,93,109,29,-29,-69,-48,-20,9,86,41,11,-6,-25,-97,-199,-230,-215,-149,-126,-54,-33,-107,-27,83,121,27,67,-13,-220,-297,-190,-83,-14,-33,-176,-247,-235,-72,-27,-5,106,171,216,175,138,85,-70,-46,134,143,156,220,263,38,-32,-114,149,418,172,100,-8,-200,-420,-229,21,138,151,194,215,147,46,80,115,149,163,215,119,-72,-134,-228,-200,25,252,301,-18,-170,164,213,101,29,-103,-93,187,262,150,33,-147,-345,-482,-284,42,218,157,161,173,206,183,214,223,4,-262,-208,-211,-50,-1,34,-104,-211,-16,78,132,136,-72,-77,93,123,185
201,539.8400000000000318,72,9,-116,-185,-132,173,284,202,-51,-88,-17,-37,-43,-41,71,32,-91,-100,-88,70,92,-33,-60,1,40,44,51,10,-185,-239,-113,64,47,68,-25,-19,-52,4,94,-10,-114,-123,-127,-134,-45,84,106,125,141,57,-8,-68,-46,-8,-110,-28,41,-26,-65,-84,-116,-78,51,94,95,52,62,169,125,112,85,53,50,-43,-91,-86,-64,-70,-7,40,8,15,42,36,-32,-143,-223,-223,-133,-102,-21,-74,-121,1,63,70,15,44,-4,-174,-289,-235,-137,-34,-12,-166,-279,-180,22,86,68,123,172,170,149,197,162,-46,-97,85,145,166,291,244,0,-115,-266,30,269,43,44,-30,-75,-311,-236,-20,145,171,191,152,150,66,98,128,183,195,186,111,-60,-160,-187,-177,24,349,356,21,-178,30,171,183,-21,-161,-164,174,278,151,-80,-181,-296,-266,-85,105,96,-30,7,135,285,300,246,163,127,-86,-136,-193,-94,-72,-124,-167,-268,-2,87,54,141,3,-71,12,67,220
202,543.0399999999999636,133,76,-19,-106,-102,118,228,219,76,-43,-12,-38,-19,-9,43,60,-65,-163,-142,6,98,-54,-45,11,60,18,-25,18,-61,-176,-119,38,114,71,-85,-59,-44,6,121,24,-162,-160,-143,-141,-41,102,175,166,112,-62,-126,-193,-143,-108,-132,-85,31,79,-28,-86,-126,-142,-53,10,79,62,86,185,157,152,93,6,-6,-73,-139,-111,-79,-81,-21,-4,0,30,69,48,24,-82,-192,-208,-93,-39,-10,-106,-108,4,28,4,22,23,29,-70,-239,-221,-168,-53,-12,-150,-232,-83,110,195,171,154,122,84,132,236,197,6,-123,25,119,209,299,181,-48,-168,-310,-97,78,-91,2,-31,36,-157,-203,-40,126,150,129,85,118,75,89,98,173,163,110,90,-43,-172,-125,-126,54,361,306,60,-110,-112,71,197,-48,-185,-184,63,208,91,-136,-201,-188,-15,73,135,-34,-156,-89,36,248,292,192,44,177,147,-28,-116,-77,-127,-237,-230,-233,-29,16,-10,116,95,-31,-55,-36,181
203,546.2400000000000091,143,134,70,-2,-80,45,123,201,167,9,-32,-18,1,31,12,26,-54,-149,-134,-71,38,-38,-3,29,50,-15,-78,14,33,-86,-118,31,156,59,-124,-74,-44,-24,86,66,-118,-153,-142,-100,-25,110,209,136,53,-140,-214,-278,-235,-191,-82,-98,5,115,-9,-87,-132,-200,-162,-92,72,98,96,150,195,168,85,-40,-58,-79,-176,-137,-90,-64,-19,-41,-8,34,67,90,64,-46,-144,-180,-88,-5,35,-103,-69,-5,-14,-45,37,15,62,32,-113,-150,-155,-57,3,-95,-147,-8,156,257,229,145,77,21,105,244,182,60,-125,-70,98,238,282,91,-103,-190,-258,-183,-121,-184,-10,0,90,25,-122,-25,95,106,75,9,67,74,50,51,103,64,35,59,0,-137,-87,-55,81,281,210,114,-10,-156,-32,99,-76,-167,-163,-64,56,-15,-95,-156,-57,171,159,99,-93,-160,-128,-54,113,183,88,-49,132,299,72,-27,-19,-170,-294,-253,-156,-68,-97,-63,58,151,55,-90,-137,103
204,549.4399999999999409,157,181,195,97,-35,-21,13,166,219,61,-39,30,22,88,-7,-29,-55,-102,-79,-110,-32,-32,1,40,57,-29,-86,22,86,0,-65,4,134,32,-102,-127,-61,-66,36,82,-18,-87,-104,-12,-10,92,191,60,-30,-191,-255,-312,-279,-222,-27,-43,-24,116,21,-100,-118,-231,-236,-182,37,139,99,136,194,187,77,-55,-89,-79,-167,-140,-84,-57,-28,-62,-3,38,87,90,77,4,-85,-126,-58,6,-2,-86,-25,-42,-56,-58,61,24,105,110,6,-65,-110,-49,15,-14,-22,75,169,250,216,132,34,-42,59,200,157,122,-67,-127,105,213,193,6,-152,-151,-142,-200,-253,-239,-45,17,91,117,-4,-38,51,59,9,-40,-3,46,8,-7,13,-41,-32,33,54,-22,-54,-21,82,188,131,141,-1,-112,-118,-53,-129,-103,-81,-147,-95,-69,-42,-61,79,238,147,40,-99,-117,-111,-97,-44,5,-5,-91,56,304,124,35,25,-208,-257,-205,-111,-123,-201,-137,-16,105,71,-96,-204,-16
205,552.6399999999999864,146,207,250,167,21,-45,-80,117,208,119,-43,66,72,136,6,-67,-62,-50,19,-97,-86,-50,-11,72,67,-3,-56,26,101,70,11,-20,59,-28,-75,-145,-88,-107,-32,75,74,25,-21,51,24,68,146,-32,-128,-212,-262,-287,-236,-225,5,11,-10,60,29,-102,-115,-212,-258,-238,-37,139,99,93,181,156,60,-70,-98,-95,-136,-120,-76,-42,-41,-56,12,43,67,68,67,19,-43,-77,-46,-8,6,-37,-9,-66,-74,-44,58,35,115,152,92,13,-41,-13,62,68,79,133,161,202,144,58,-17,-97,-25,139,146,168,24,-164,117,197,103,-96,-171,-100,-19,-187,-292,-268,-81,-9,73,120,68,-24,-11,2,-58,-56,-71,-3,-50,-58,-88,-119,-89,28,109,87,-6,10,82,87,39,159,64,-28,-148,-199,-177,-34,7,-164,-177,-81,11,65,146,237,115,-50,-90,-123,-137,-159,-167,-135,-35,-81,0,207,149,71,22,-216,-196,-105,-37,-133,-240,-173,-88,46,38,-76,-220,-112
206,555.8400000000000318,157,213,271,192,80,-60,-133,69,179,126,0,93,101,165,38,-72,-62,-10,72,-32,-117,-69,-30,55,68,0,-19,16,104,105,51,-39,-54,-75,-35,-125,-122,-121,-82,45,134,142,89,119,67,38,29,-132,-238,-235,-192,-203,-213,-190,23,31,13,1,34,-88,-91,-177,-237,-262,-112,91,135,68,134,116,9,-61,-98,-67,-86,-112,-78,-24,-31,-38,3,31,20,30,39,26,2,-40,-31,-10,-10,-3,6,-104,-62,-14,49,54,118,139,151,87,39,32,103,145,180,155,80,106,38,-30,-43,-119,-89,71,145,182,120,-137,125,151,7,-162,-170,-58,28,-152,-276,-228,-121,-31,2,57,74,-19,-69,-53,-108,-113,-135,-51,-94,-103,-158,-160,-84,-2,141,163,64,46,53,-18,-31,128,138,9,-118,-256,-152,12,77,-107,-174,-52,78,197,199,205,91,-85,-104,-137,-196,-202,-229,-164,-2,-44,-50,87,140,55,-18,-200,-101,-17,24,-120,-238,-202,-141,-11,-31,-69,-172,-171
207,559.0399999999999636,130,198,221,169,116,-32,-118,-14,108,106,63,100,139,173,64,-34,-26,13,116,15,-98,-83,-31,8,46,31,42,41,112,125,70,-25,-141,-111,-17,-72,-109,-103,-92,5,158,232,190,141,105,10,-78,-222,-284,-241,-110,-99,-145,-126,23,64,48,-18,26,-41,-53,-134,-156,-222,-161,23,154,44,80,48,-47,-52,-78,-74,-37,-86,-62,-22,-32,-39,0,16,-1,-2,0,23,21,25,-5,12,-3,25,-7,-106,-38,-2,52,43,112,111,161,127,114,57,99,168,240,156,-10,-8,-42,-96,-59,-100,-151,-5,138,176,187,-49,130,81,-67,-186,-117,-26,36,-85,-156,-164,-84,-59,-91,-20,40,-16,-105,-105,-140,-143,-140,-100,-136,-139,-192,-157,-94,-12,131,222,159,93,4,-100,-91,26,167,48,-99,-226,-109,38,90,-29,-139,-31,142,291,235,197,95,-80,-111,-144,-227,-178,-182,-112,35,21,-82,-23,74,53,-4,-139,13,75,84,-86,-156,-216,-180,-54,-119,-75,-98,-144
208,562.2400000000000091,80,109,121,135,131,-15,-91,-81,29,91,95,75,122,142,77,43,4,13,91,41,-43,-45,-36,-53,-9,49,102,42,117,137,74,-23,-161,-116,-15,-20,-58,-65,-57,-47,137,256,263,132,103,-29,-183,-262,-299,-218,-40,9,-58,-70,14,80,67,-8,30,-3,-25,-82,-56,-141,-166,-46,113,41,4,-47,-74,-27,-48,-40,-13,-28,-49,-11,-36,-35,-38,6,-24,-57,-30,23,58,81,51,21,10,28,4,-61,-16,-5,14,31,69,92,145,140,180,73,70,168,250,130,-85,-116,-74,-126,-79,-89,-164,-77,103,146,220,61,90,-14,-125,-166,-47,-46,22,-35,-67,-22,-22,-44,-169,-87,-49,-41,-112,-131,-173,-154,-144,-102,-150,-150,-182,-122,-68,-22,109,232,266,159,-42,-181,-165,-70,126,38,-56,-126,5,74,86,18,-53,-16,149,338,239,187,105,-40,-70,-109,-132,-27,-57,-36,32,44,-66,-94,16,14,5,-48,68,129,116,-50,-58,-174,-149,-93,-176,-89,-25,-86
209,565.4399999999999409,41,36,11,96,132,10,-46,-123,-53,35,123,57,81,95,93,95,49,29,20,64,35,7,-22,-81,-63,77,146,90,116,126,54,-25,-131,-88,-10,29,8,-10,0,-39,79,235,265,116,67,-90,-231,-278,-236,-130,32,82,5,-26,23,72,56,15,31,36,3,-32,33,-40,-116,-83,81,62,-33,-121,-87,-8,6,17,50,11,-20,1,-34,-29,-45,-26,-75,-96,-63,23,98,136,93,60,14,30,-5,-15,-3,-18,-22,-3,2,41,114,144,227,79,27,127,236,115,-115,-179,-72,-87,-86,-37,-138,-142,31,105,194,162,34,-111,-191,-113,26,-35,8,13,15,121,65,-16,-165,-86,-91,-54,-104,-133,-164,-144,-115,-89,-126,-123,-137,-74,-29,-36,41,223,322,224,-70,-226,-206,-155,28,33,-16,17,104,81,66,28,13,-4,164,313,205,176,91,20,-27,-24,55,139,102,54,9,42,-40,-111,-33,4,-9,56,99,121,108,10,27,-124,-102,-38,-157,-93,46,-23
210,568.6399999999999864,3,-55,-55,61,127,20,1,-116,-99,23,97,25,26,41,78,136,89,31,-45,46,69,74,5,-84,-93,76,166,139,107,96,21,-30,-68,-41,2,57,80,45,45,1,24,150,195,88,-1,-121,-233,-212,-96,3,83,137,73,18,47,42,29,48,41,71,35,12,98,73,-36,-78,-5,24,-46,-152,-77,17,46,51,64,51,16,-10,-20,-13,-22,-49,-87,-109,-80,35,149,204,124,83,39,45,29,52,14,-14,-52,-57,-45,-13,73,107,218,64,-10,69,140,102,-88,-187,-76,-11,-61,-4,-93,-168,-66,42,135,223,-23,-130,-198,-28,103,20,53,55,119,264,149,15,-51,-62,-84,-65,-70,-87,-117,-106,-63,-43,-73,-73,-68,-17,-37,-37,14,194,302,226,-51,-236,-219,-164,-105,-10,55,115,182,116,53,22,62,25,115,172,138,107,69,14,13,89,211,237,215,105,-41,21,8,-74,-94,7,-39,122,68,78,52,24,58,-39,-18,6,-84,-51,90,48
211,571.8400000000000318,-45,-78,-67,41,105,35,11,-84,-107,-6,43,-13,-36,-12,49,129,117,38,-65,25,67,104,36,-71,-83,66,142,146,75,68,-16,-10,22,19,37,66,110,89,74,46,0,43,91,52,-67,-139,-201,-90,56,129,124,139,117,60,50,12,11,57,46,94,65,65,146,155,40,-61,-60,-20,-64,-123,-53,37,85,79,87,111,47,-2,-20,-9,-11,-66,-104,-107,-68,53,193,232,149,116,64,81,86,94,21,-30,-94,-101,-129,-70,16,87,141,27,-51,-7,70,62,-12,-150,-81,22,-21,23,-7,-170,-147,-33,64,220,-54,-155,-186,14,151,66,97,103,203,309,202,83,113,35,-27,-31,-40,-45,-39,-60,-20,5,6,-3,0,5,-21,-48,-7,146,255,202,-5,-196,-179,-120,-143,-74,123,182,227,154,39,22,-2,48,21,-33,-5,-41,-6,-29,39,167,258,202,190,77,-74,-23,24,-61,-102,-19,-41,163,32,5,-30,39,44,35,62,76,49,26,106,88
212,575.0399999999999636,-71,-124,-63,31,61,31,15,-48,-92,-36,6,-54,-72,-45,4,94,128,53,-44,-22,53,90,41,-39,-23,63,86,110,39,14,2,-9,66,58,69,64,111,114,58,78,-15,-67,-39,-6,-89,-131,-131,61,184,227,159,138,109,99,48,-11,-10,54,36,87,78,112,144,201,102,-52,-113,-79,-70,-75,-17,40,106,133,104,124,62,-9,-23,0,-4,-75,-103,-105,-60,81,187,218,163,119,59,99,119,117,39,-16,-106,-112,-169,-101,-35,32,53,7,-63,-78,-20,5,36,-106,-99,19,9,45,57,-132,-202,-102,-12,175,-71,-143,-158,36,146,122,113,143,255,285,179,178,262,129,66,29,8,5,50,20,17,47,74,60,54,40,-16,-47,-16,95,185,152,50,-105,-115,-60,-113,-89,165,191,202,170,49,28,-78,15,-101,-242,-139,-209,-132,-65,48,222,213,104,70,-27,-121,-49,1,-41,-72,3,-12,149,6,-61,-114,34,64,110,112,118,166,96,97,80
213,578.2400000000000091,-99,-133,-59,-3,1,4,10,-37,-62,-64,-45,-72,-83,-82,-28,54,113,54,-19,-31,7,30,30,36,52,49,32,31,1,-37,1,10,69,76,91,79,98,116,44,69,-22,-127,-139,-69,-91,-100,-32,184,255,279,168,137,112,113,28,-40,-19,36,15,82,96,132,129,194,123,-59,-149,-125,-60,-26,22,52,122,115,117,136,87,-1,-23,-7,5,-61,-80,-72,-24,81,154,165,145,103,72,153,142,110,44,-1,-87,-85,-162,-118,-80,-27,-28,5,-54,-117,-97,-47,49,-66,-128,-41,20,54,87,-69,-204,-163,-82,100,-70,-96,-108,25,131,141,99,162,278,196,144,249,341,186,128,94,45,44,138,77,67,74,114,118,88,57,14,-25,5,37,91,91,48,3,-32,5,-27,-40,139,169,170,174,58,61,-66,-23,-225,-379,-274,-329,-243,-76,49,168,126,-22,-83,-192,-179,-89,-40,-51,-35,-6,-1,128,2,-91,-157,40,83,170,141,161,218,141,72,29
214,581.4399999999999409,-136,-132,-79,-69,-85,-26,-6,-31,-59,-78,-81,-67,-68,-89,-48,15,68,49,0,-33,-32,-15,20,93,116,27,-24,-40,-32,-51,6,22,35,76,79,83,78,96,42,38,-37,-134,-187,-122,-73,-46,52,258,258,255,156,117,125,122,5,-47,-34,11,4,90,88,133,109,130,96,-32,-154,-134,-44,27,44,37,91,99,95,123,99,24,-8,-6,-21,-36,-46,-17,8,58,73,103,110,88,81,155,145,97,46,40,-25,-22,-117,-106,-105,-69,-96,-2,-20,-115,-134,-99,20,-48,-124,-85,-6,44,83,0,-170,-191,-118,34,-67,-42,-31,29,94,106,81,155,208,87,116,259,306,197,157,125,98,78,163,126,89,62,112,138,128,66,29,18,8,-11,-5,48,67,106,62,41,72,26,91,135,90,103,62,86,-56,-86,-293,-425,-336,-363,-285,-75,32,60,-24,-120,-253,-302,-237,-132,-99,-109,-46,-34,-48,87,21,-44,-166,27,110,205,138,121,203,150,28,-22
215,584.6399999999999864,-166,-139,-125,-155,-140,-55,-31,-48,-69,-114,-108,-46,-60,-84,-38,-18,42,46,12,-3,-44,-56,16,127,168,29,-92,-86,-51,-55,1,11,7,63,51,71,49,73,46,-30,-68,-122,-184,-159,-49,18,117,258,208,190,129,99,137,122,-30,-52,-45,-3,7,73,87,116,59,53,50,-25,-127,-113,-23,46,67,48,59,77,72,98,98,23,7,-19,-32,-11,-1,-14,23,27,4,36,71,51,98,141,124,88,55,87,30,46,-51,-70,-108,-103,-108,0,-8,-72,-180,-158,-24,-23,-98,-116,-58,13,65,49,-106,-187,-142,-51,-61,-23,37,32,40,44,48,151,116,-2,107,222,207,175,158,136,140,102,155,140,92,46,97,144,146,77,58,59,13,-55,-77,2,63,174,153,68,124,92,61,94,6,-2,52,84,-57,-156,-314,-392,-330,-328,-250,-78,-25,-125,-182,-203,-350,-302,-250,-170,-119,-136,-84,-32,-61,45,44,-1,-129,30,105,196,107,40,140,110,-18,-82
216,587.8400000000000318,-185,-128,-169,-224,-167,-64,-42,-54,-92,-127,-125,-43,-64,-60,-27,-54,16,58,39,16,-30,-64,12,138,146,25,-100,-104,-49,-36,16,-4,-16,38,13,40,20,36,25,-89,-108,-84,-152,-169,-33,63,138,193,106,106,56,75,139,108,-43,-57,-20,0,-7,49,71,96,22,-28,-1,-35,-79,-101,-16,60,73,35,32,15,49,75,82,47,21,-21,-51,-12,37,42,39,0,-49,-26,24,16,75,89,82,76,65,98,84,107,22,-32,-82,-125,-119,2,29,-23,-146,-166,-49,-6,-60,-78,-91,-39,24,61,-44,-139,-156,-82,-63,6,73,38,-2,5,55,92,15,-55,57,96,78,127,116,119,136,110,107,134,73,9,73,117,124,75,84,69,19,-89,-130,-49,67,211,220,59,35,95,23,12,-53,-99,-47,-11,-56,-223,-306,-329,-271,-237,-175,-91,-83,-225,-261,-263,-315,-197,-147,-162,-138,-149,-71,-40,-85,-1,79,51,-51,13,73,135,48,-44,31,25,-70,-111
217,591.0399999999999636,-174,-144,-204,-234,-163,-61,-36,-48,-90,-128,-106,-44,-75,-43,-12,-49,-3,60,63,17,-4,-38,29,115,132,5,-98,-88,-43,-16,2,-5,-16,-2,-28,0,-21,6,-17,-115,-124,-63,-97,-133,-13,110,130,77,10,8,-5,37,114,88,-56,-27,14,15,-17,39,61,60,-40,-75,-51,-7,-32,-36,-7,80,82,31,-12,5,10,17,56,57,52,-17,-58,6,64,57,40,-43,-84,-60,-34,-33,50,23,34,84,76,94,101,113,90,28,-59,-118,-128,-3,36,10,-119,-143,-56,-6,-4,-37,-94,-85,-34,41,8,-89,-127,-123,-80,25,85,31,-41,2,39,35,-91,-86,-29,-33,-33,81,80,58,86,102,80,112,47,-24,38,68,86,37,53,62,14,-115,-147,-74,58,207,200,43,-67,38,29,-59,-84,-143,-121,-81,-68,-259,-258,-212,-156,-126,-89,-74,-105,-236,-280,-216,-199,-35,21,-58,-109,-94,-73,-51,-86,-24,77,59,47,37,31,29,-8,-132,-79,-53,-109,-118
218,594.2400000000000091,-122,-121,-172,-172,-127,-43,-23,-47,-81,-110,-84,-53,-72,-34,-1,-51,-17,60,87,43,16,-7,46,87,78,2,-45,-53,-32,-2,-13,-18,-14,-45,-87,-44,-57,-49,-49,-117,-103,-43,-37,-53,8,97,102,-33,-77,-85,-63,0,73,48,-56,0,31,31,-22,15,41,31,-62,-86,-74,-10,18,12,-8,70,69,24,-49,-72,-30,-40,19,55,72,10,-43,3,58,59,46,-40,-91,-83,-64,-39,2,-54,-13,67,62,75,129,123,124,81,-7,-87,-121,-26,41,44,-87,-106,-41,43,42,2,-59,-137,-77,3,28,-12,-88,-141,-89,-19,71,36,-58,22,36,-23,-115,-105,-115,-141,-99,-1,39,15,28,49,15,52,7,-44,-14,0,40,27,16,20,-48,-140,-167,-81,67,169,137,-23,-140,-76,-43,-119,-128,-160,-207,-196,-83,-177,-168,-45,-27,-29,14,9,-78,-157,-163,-82,-13,106,163,100,-39,-17,-13,-36,-18,-40,23,69,151,68,-5,-82,-76,-171,-170,-122,-124,-98
219,597.4399999999999409,-108,-71,-121,-93,-69,-13,18,-24,-34,-73,-66,-52,-61,-33,-22,-42,-37,28,65,44,30,15,40,21,-18,-11,8,-9,-23,-1,-13,-21,-10,-87,-125,-90,-90,-93,-87,-92,-57,-34,-1,25,33,81,61,-120,-150,-143,-140,-34,-1,4,-27,26,36,34,-1,-21,15,5,-67,-84,-65,-15,67,40,7,46,61,8,-67,-75,-61,-47,-18,42,82,54,4,16,56,47,40,-32,-72,-103,-101,-62,-56,-110,-32,12,23,43,104,98,125,107,15,-35,-113,-45,6,30,-38,-51,-26,79,80,37,-20,-85,-111,-36,51,51,-59,-150,-95,-39,72,6,-51,48,31,-56,-87,-107,-172,-194,-120,-31,-3,-38,-33,8,-40,2,-34,-58,-59,-71,-13,-6,-16,-18,-87,-149,-163,-68,18,107,33,-66,-194,-183,-158,-170,-134,-134,-209,-224,-68,-71,-41,118,109,79,89,118,1,4,2,85,140,167,188,209,77,68,53,14,64,-39,-20,29,192,66,-39,-185,-147,-205,-219,-157,-120,-74
220,600.6399999999999864,-20,-12,-26,-7,-15,6,43,31,23,-27,-24,-33,-32,-54,-35,-53,-63,-21,28,16,19,-1,7,-46,-90,-37,50,45,-20,-17,-24,-9,-39,-105,-140,-141,-111,-123,-127,-37,-11,-32,21,111,47,33,16,-142,-167,-174,-128,-52,-82,-48,-16,18,39,22,12,-30,-2,-1,-52,-64,-46,16,81,59,29,30,30,14,-62,-97,-72,-90,-59,44,81,69,51,26,31,35,41,1,-44,-98,-97,-72,-104,-127,-88,-36,-9,3,73,54,90,99,65,12,-105,-58,-11,57,36,-2,-10,89,95,31,12,-88,-90,-66,42,88,-2,-145,-83,-53,39,-4,-26,53,-13,-55,-72,-104,-197,-189,-98,-58,-40,-55,-85,-49,-69,-47,-60,-57,-83,-117,-74,-29,-41,-68,-119,-167,-154,-76,7,15,-73,-121,-157,-243,-275,-182,-133,-103,-136,-208,5,56,138,283,230,204,177,195,107,136,148,163,217,192,143,215,200,136,91,61,128,-41,-43,-4,169,26,-74,-200,-182,-194,-227,-156,-89,-50
221,603.8400000000000318,44,43,56,72,47,20,57,74,65,45,11,-15,10,-56,-59,-72,-113,-79,-52,-26,-11,-16,-58,-122,-163,-77,43,63,-39,-39,-31,-16,-51,-134,-121,-157,-121,-130,-112,2,54,-2,22,139,59,-4,-22,-123,-155,-158,-103,-65,-114,-71,20,44,28,22,26,-35,-18,-23,-20,-53,-29,46,80,68,28,18,9,10,-35,-68,-93,-108,-77,26,67,91,89,49,24,27,39,11,-20,-82,-89,-80,-133,-150,-131,-105,-54,-35,21,4,62,97,93,54,-65,-61,10,69,91,55,-6,79,73,23,30,-17,-77,-69,14,102,35,-118,-68,-48,1,-14,-12,23,-42,-63,-53,-67,-149,-125,-76,-72,-47,-38,-108,-95,-109,-92,-76,-46,-86,-132,-111,-60,-56,-86,-134,-156,-130,-71,-38,-80,-137,-143,-141,-231,-338,-190,-99,-39,-23,-99,77,162,282,387,307,286,246,192,183,218,220,194,248,198,75,97,236,185,132,81,150,-45,-38,-16,137,-10,-89,-168,-176,-174,-197,-120,-60,-29
222,607.0399999999999636,87,99,129,106,65,30,65,128,112,93,61,18,49,-63,-80,-95,-153,-148,-124,-67,-44,-41,-107,-185,-213,-106,5,54,-54,-75,-48,-39,-79,-109,-91,-156,-113,-103,-70,30,91,37,59,108,59,-8,-44,-76,-86,-92,-54,-67,-127,-85,29,30,-6,-3,48,-24,-22,-33,8,-24,-7,48,56,54,43,4,-9,20,-19,-51,-82,-95,-82,3,36,102,132,63,16,10,35,32,-3,-57,-77,-85,-132,-136,-144,-141,-92,-74,-26,-38,26,66,116,93,-7,-27,16,108,140,77,-5,42,58,12,17,20,-25,-60,4,79,42,-71,-44,-24,-14,-12,-7,-39,-68,-55,-45,-48,-71,-53,-62,-78,-52,-36,-78,-93,-131,-117,-74,-36,-53,-112,-128,-63,-58,-109,-131,-139,-113,-73,-56,-171,-191,-146,-108,-182,-310,-177,-83,-7,89,48,146,264,381,393,322,337,269,162,198,214,201,161,216,161,44,-20,182,217,164,85,129,-40,-33,-24,75,-46,-58,-96,-96,-82,-133,-62,-15,-4
223,610.2400000000000091,113,118,144,112,68,42,60,130,144,145,87,30,65,-39,-98,-109,-170,-197,-171,-107,-75,-67,-142,-204,-212,-152,-57,16,-81,-91,-61,-83,-89,-81,-57,-97,-89,-61,-14,46,97,70,86,67,47,-36,-66,-21,-27,-8,-2,-56,-126,-70,64,33,-8,-19,30,-19,-21,-33,20,4,0,58,48,62,49,-1,-19,11,33,6,-38,-57,-54,4,21,102,142,79,12,15,33,45,13,-28,-72,-84,-110,-100,-150,-146,-116,-106,-39,-59,17,36,86,111,59,-17,17,99,142,112,10,-6,30,8,17,26,18,-35,-8,39,56,-17,-15,-22,-39,-19,-27,-82,-88,-51,-43,2,5,-6,-47,-96,-61,-13,-58,-93,-121,-103,-48,-15,-29,-67,-116,-64,-57,-89,-98,-97,-59,-62,-82,-220,-185,-125,-54,-85,-197,-121,-49,24,130,202,209,327,404,334,289,349,256,135,143,160,144,111,158,99,37,-71,54,207,176,111,106,-47,-35,-23,21,-54,-9,-25,-14,20,-26,-2,24,33
224,613.4399999999999409,131,117,133,105,57,55,45,117,149,164,112,49,79,-7,-101,-103,-167,-211,-190,-111,-81,-66,-160,-200,-196,-186,-108,-43,-99,-112,-95,-113,-96,-49,-25,-51,-50,-22,37,43,80,78,75,20,4,-27,-54,27,58,81,63,-29,-81,-66,58,23,2,-27,21,-18,-22,-22,48,22,12,65,49,46,26,-12,-20,10,45,43,1,-10,-29,8,6,74,132,74,32,38,38,43,23,-16,-53,-53,-64,-77,-133,-151,-122,-95,-53,-59,7,24,78,115,113,13,18,53,109,119,15,-45,0,28,16,46,43,3,-8,-2,47,25,27,21,-34,-10,-54,-110,-105,-45,-43,19,66,54,-37,-71,-53,-21,-37,-69,-118,-94,-35,15,10,-14,-81,-50,-42,-71,-55,-28,-14,-62,-90,-210,-148,-62,11,17,-26,-64,-36,30,141,301,234,309,373,264,213,294,206,69,62,59,75,48,68,37,55,-56,-73,143,170,101,85,-29,-34,-26,-31,-26,78,64,75,138,69,62,68,65
225,616.6399999999999864,128,95,100,64,56,64,26,91,129,145,108,64,81,40,-73,-77,-123,-172,-157,-100,-74,-69,-133,-129,-153,-172,-134,-100,-118,-106,-121,-122,-98,-13,29,20,7,19,44,31,46,47,59,-38,-35,-23,-56,56,125,132,76,-6,-42,-31,59,14,0,-39,-9,-31,-60,-13,42,51,28,21,31,17,16,1,-20,-2,42,78,53,60,19,12,-11,36,96,68,40,36,33,40,30,10,-24,-23,-31,-61,-105,-134,-97,-80,-76,-43,3,1,52,114,157,42,-31,-2,84,108,51,-38,-16,38,31,46,63,28,2,-42,30,71,64,42,-15,-9,-78,-125,-88,-58,-46,30,85,75,-23,-36,-38,-25,-18,-49,-56,-53,-3,44,38,43,-17,-27,-37,-17,9,57,54,-40,-101,-165,-80,1,73,129,120,42,-15,25,140,304,211,228,273,136,112,196,144,21,-40,-52,-9,14,9,-18,72,11,-119,49,113,60,53,8,-35,-27,-85,3,104,146,146,218,151,115,106,98
226,619.8400000000000318,110,75,61,20,51,50,5,45,84,109,93,73,83,56,-32,-20,-55,-116,-71,-64,-44,-46,-74,-53,-88,-136,-144,-140,-107,-70,-128,-108,-81,45,81,65,49,44,50,31,0,2,21,-59,-60,-29,-31,67,139,136,66,-17,-31,-25,24,2,6,-35,-28,-61,-67,-15,38,67,46,3,-8,5,-19,-13,-15,-5,57,111,96,79,61,6,-15,7,49,48,54,49,32,11,19,18,10,18,-1,-11,-57,-81,-52,-38,-49,-36,-4,-29,14,92,156,46,-39,-30,42,91,62,-34,-22,32,62,64,39,49,9,-51,7,101,92,56,15,-15,-76,-115,-74,-60,-51,33,88,72,-1,1,-29,-17,-3,-24,-15,-20,23,62,57,88,46,-3,-2,25,68,117,92,-45,-101,-110,11,76,137,179,199,144,21,33,122,278,168,131,135,13,4,58,51,-34,-99,-100,-60,-70,-50,-32,60,74,-61,-44,36,35,31,34,-3,-9,-109,49,117,186,183,250,212,154,140,119
227,623.0399999999999636,78,23,37,42,48,19,10,10,39,74,69,75,79,80,19,42,21,-45,18,7,7,-2,7,22,11,-50,-91,-123,-61,-24,-95,-68,-14,99,122,113,116,76,46,20,-22,-30,-30,-58,-70,-36,8,58,102,84,25,-13,-5,-26,-31,-18,-9,-53,-34,-64,-64,-16,44,75,62,-16,-50,-47,-24,-31,-23,-4,64,83,101,102,62,8,-25,-21,5,32,60,48,26,23,23,33,30,45,18,8,-1,-31,-1,-7,-45,-16,-2,-31,-15,68,143,41,-44,-62,-20,44,82,-1,-15,54,86,59,40,57,16,-41,5,120,97,66,25,-14,-42,-48,-59,-60,-40,26,71,54,11,45,3,-16,19,24,41,16,44,62,72,117,109,29,2,83,137,169,113,-34,-90,-54,86,153,180,218,255,174,73,46,109,176,104,31,-34,-84,-76,-88,-48,-60,-115,-127,-100,-78,-60,-28,62,93,28,-86,-64,-25,16,54,46,13,-113,79,89,189,210,207,233,157,147,122
228,626.2400000000000091,24,4,11,34,41,9,-14,-17,10,11,46,65,71,84,96,98,94,23,103,64,54,40,83,95,81,37,-15,-69,-11,37,-35,-19,44,148,148,141,144,120,59,26,-24,-47,-60,-51,-52,-33,29,51,35,-10,-11,-22,4,-17,-62,-53,-31,-50,-38,-82,-69,-29,19,52,47,-16,-79,-43,-51,-36,-41,-14,37,81,113,101,62,-14,-11,-23,-25,15,52,49,20,10,3,41,62,48,43,40,45,35,33,24,-15,-13,-2,-24,-10,30,96,48,-48,-70,-55,-5,64,20,-5,54,88,86,26,47,27,-10,1,98,95,55,33,-9,10,-3,-31,-58,2,48,76,37,42,64,24,-4,39,29,80,47,57,52,60,123,124,72,75,109,187,173,97,-37,-65,0,129,190,199,223,229,178,116,56,97,77,35,-34,-101,-140,-149,-213,-147,-101,-100,-116,-90,-49,-45,9,58,102,111,-55,-132,-40,-5,68,91,29,-48,53,45,157,166,141,211,145,134,119
229,629.4400000000000546,-5,-7,11,41,25,-3,-18,-31,-2,14,20,51,51,83,131,138,140,101,131,102,77,79,140,154,154,122,51,5,58,78,41,40,73,148,155,170,169,137,73,36,-2,-22,-61,-18,2,5,64,59,-27,-65,-32,-23,21,13,-88,-75,-63,-55,-55,-63,-65,-42,-22,35,41,-27,-87,-64,-43,-45,-48,-24,-2,69,100,75,63,6,-6,-19,-42,-2,48,53,14,9,17,52,55,40,32,63,80,72,58,37,-10,2,-18,-14,-8,-4,35,30,-11,-58,-82,-50,67,51,8,28,74,66,43,18,21,15,10,57,62,35,27,6,60,33,3,-30,36,36,43,2,36,75,14,5,48,55,102,63,48,43,54,87,114,94,92,122,159,146,56,-45,-45,39,137,202,172,206,178,129,99,70,71,-14,-39,-77,-167,-199,-196,-290,-197,-91,-63,-81,-62,-25,-19,36,59,78,132,7,-128,-69,-23,76,101,57,0,21,-3,103,111,56,151,106,103,98
230,632.6399999999999864,-1,-22,-3,34,8,-3,-17,-32,-34,-24,-28,24,22,75,150,153,171,137,145,128,90,109,169,182,192,188,126,47,108,109,118,93,127,124,134,161,159,134,90,61,14,9,-29,10,45,37,75,32,-52,-117,-73,-17,26,20,-89,-86,-65,-57,-50,-32,-34,-33,-41,13,22,-20,-77,-81,-59,-52,-39,-35,-11,46,75,50,47,-8,6,-24,-38,-14,33,47,19,17,27,45,32,19,46,70,93,90,61,47,0,-7,-45,-21,-7,-37,-4,18,11,-36,-91,-67,37,77,32,15,43,42,25,-5,19,23,28,32,32,16,0,4,76,54,29,-8,56,43,2,-12,51,58,25,14,54,68,111,74,31,24,10,45,89,107,109,129,132,90,-11,-33,3,73,127,177,160,177,126,91,89,98,38,-80,-94,-111,-172,-189,-201,-294,-206,-96,-32,-20,-13,7,18,62,60,56,120,52,-82,-52,-54,103,108,77,74,-34,-43,45,51,31,79,48,63,70
231,635.8400000000000318,-15,-22,13,38,3,-11,-13,-21,-41,-41,-31,-4,-2,66,128,145,174,166,122,102,80,105,166,164,184,205,150,78,123,126,172,142,139,66,97,150,115,93,113,65,37,38,19,45,93,95,80,13,-54,-98,-64,-8,47,46,-62,-59,-61,-51,-69,6,-34,-37,-67,-16,9,-6,-37,-51,-50,-54,-51,-49,-36,5,33,27,29,4,25,-42,-44,-14,23,40,18,-7,20,34,24,7,21,74,108,106,61,45,-17,-9,-43,-14,-4,-64,-39,6,22,-29,-112,-82,11,97,49,-10,1,14,32,-13,7,20,23,-29,-9,-4,-23,6,68,50,51,58,68,11,-12,3,50,32,24,11,44,52,74,68,46,9,-23,-11,54,93,102,110,85,42,-50,-30,40,102,96,126,102,124,97,45,78,85,-2,-118,-113,-106,-142,-173,-164,-214,-160,-78,6,36,-14,18,33,59,51,44,74,54,-16,-42,-57,117,96,118,127,-49,-71,-19,-15,2,19,-10,20,27
232,639.0399999999999636,-46,-12,6,13,-2,1,-3,-26,-58,-61,-36,-20,-14,45,94,120,141,163,94,86,71,90,130,140,168,200,155,114,123,123,171,190,143,35,44,96,61,53,100,91,42,54,69,74,125,124,79,-15,-39,-62,-55,5,58,61,-19,-35,-45,-47,-50,34,20,-31,-67,-23,5,6,-4,-29,-53,-50,-57,-62,-31,-17,23,17,16,9,22,-38,-49,-27,3,22,9,2,28,20,7,0,40,71,108,82,60,32,-7,-10,-66,-25,-10,-63,-59,3,11,-23,-78,-77,-21,80,70,-23,-22,-3,28,-5,-2,14,-15,-51,-26,-18,-28,0,38,31,74,86,74,3,-13,9,41,-18,11,4,27,29,52,50,34,5,-46,-63,14,55,88,64,-1,-17,-48,17,93,98,61,60,53,56,25,18,74,60,-41,-159,-115,-109,-105,-108,-102,-91,-107,-54,32,85,35,34,52,26,41,40,34,31,53,11,-43,81,88,135,137,-37,-78,-57,-55,-46,-41,-48,-31,-13
233,642.2400000000000091,-17,4,5,-1,3,0,7,-12,-77,-73,-35,-24,-35,25,71,78,120,172,62,59,59,84,84,74,122,172,123,103,115,110,160,205,158,25,0,30,0,-2,67,75,32,55,86,116,115,127,70,-33,-15,-14,-15,25,63,74,11,-11,-39,-29,-30,58,41,-21,-57,-24,-10,2,44,10,-48,-64,-52,-50,-59,-58,-14,-3,3,26,21,-41,-54,-22,-4,3,1,4,24,4,10,-5,27,44,93,94,64,12,-4,-22,-64,-23,-36,-78,-61,-5,4,-21,-34,-56,-46,78,78,-19,-47,-12,22,5,-6,-5,-30,-53,-34,-21,-37,-9,-2,6,75,98,51,-11,-28,26,19,-29,-15,-5,16,12,36,57,31,4,-68,-79,-23,16,59,8,-37,-55,-22,48,103,111,17,-5,11,-6,-12,22,80,35,-60,-141,-106,-117,-86,-36,-2,17,-47,-15,68,116,60,41,38,3,22,12,-11,-2,75,54,-38,28,71,112,118,-3,-62,-86,-77,-61,-77,-75,-61,-51
234,645.4400000000000546,24,33,7,-3,15,11,24,-5,-61,-73,-23,-13,-39,1,40,31,78,146,46,29,34,73,37,39,79,97,82,83,111,92,135,178,138,10,-47,-30,-67,-48,18,38,21,33,92,131,92,93,43,-43,6,22,27,42,58,67,57,33,-23,-22,-11,57,55,-5,-57,-20,-5,6,59,28,-35,-62,-51,-48,-69,-66,-25,-18,3,7,7,-36,-62,-30,-13,-21,-7,3,16,-14,13,1,30,54,85,87,55,5,12,-6,-45,-22,-52,-67,-59,-7,15,-20,-27,-40,-61,20,72,2,-55,-37,-1,25,3,-12,-39,-67,-26,-6,-24,-28,-32,-3,73,96,29,-33,-34,22,-2,-58,-21,-10,4,14,11,38,36,3,-36,-79,-53,-19,6,-29,-78,-64,10,94,93,96,-11,-41,-31,-36,-10,26,66,-20,-79,-127,-91,-106,-53,45,72,92,-15,13,73,84,97,51,26,-16,10,-11,-49,-59,61,77,-26,-44,16,62,55,43,-41,-97,-85,-50,-96,-97,-92,-65
235,648.6399999999999864,49,46,7,5,25,25,19,-7,-50,-56,-12,-2,-43,-12,17,-6,45,133,39,11,4,54,-6,0,28,35,43,67,118,74,93,132,110,8,-80,-84,-104,-72,-26,-10,-2,16,59,96,52,30,3,-27,6,28,39,39,37,51,75,51,5,-13,17,48,64,7,-20,-12,-18,5,54,50,-11,-41,-40,-39,-39,-86,-75,-33,-11,3,1,-29,-55,-31,-29,-41,-24,1,-2,-24,7,16,14,38,71,62,42,9,20,2,-18,-21,-62,-62,-47,-7,12,-20,-13,-19,-60,-19,29,13,-40,-53,-17,24,-12,-18,-27,-42,-13,-26,-2,-17,-43,-5,44,54,-12,-40,-53,-13,-48,-63,-41,-11,9,25,9,27,24,0,-19,-51,-47,-50,-22,-33,-86,-70,30,96,85,68,-24,-75,-117,-124,-10,14,34,-38,-96,-95,-86,-99,-47,97,112,116,39,35,39,82,123,64,16,18,-15,-49,-55,-88,7,32,-17,-84,-50,-19,-26,37,-3,-60,-75,-76,-82,-97,-98,-79
236,651.8400000000000318,72,66,6,14,18,27,14,-7,-24,-27,7,8,-27,-17,-3,-19,15,93,18,-6,-1,23,-25,-31,-15,23,17,44,115,65,36,63,74,3,-91,-125,-113,-89,-70,-57,-16,11,41,37,13,-20,-39,-18,12,53,63,45,10,23,78,68,40,1,21,37,58,25,-6,-19,-25,-6,46,37,-3,-27,-28,-37,-36,-85,-80,-42,-19,-3,-2,-19,-40,-30,-44,-51,-26,-9,-9,-3,24,43,34,38,41,55,26,21,30,27,-5,-8,-58,-47,-47,-19,-10,12,10,-2,-47,-56,-9,20,-11,-44,-9,34,14,-7,-8,-18,-13,-6,-14,-23,-26,9,16,18,-27,-10,-54,-61,-52,-33,-31,-3,28,39,1,24,14,-1,28,-6,-41,-57,-35,-58,-94,-53,39,91,44,42,-16,-93,-135,-133,-13,22,-2,-64,-90,-72,-83,-69,-28,98,102,111,85,72,5,20,114,61,40,28,-35,-99,-76,-84,-38,-15,-20,-104,-101,-117,-80,28,39,-18,-48,-68,-70,-74,-82,-66
237,655.0399999999999636,66,61,32,25,25,26,7,-1,-9,6,16,16,-16,-14,-11,-31,-18,32,4,-11,-5,0,-45,-41,-43,-22,3,37,110,46,24,-6,29,-15,-89,-131,-96,-80,-100,-110,-34,26,24,-9,-35,-81,-52,1,2,37,65,31,-9,-4,62,71,63,18,38,31,38,35,24,-34,-46,-10,26,14,17,-3,-17,-33,-37,-65,-86,-57,-32,2,-21,-10,-32,-17,-41,-59,-32,-17,-11,-1,33,35,33,27,19,21,9,30,56,51,27,-15,-37,-40,-36,-26,18,22,38,18,-44,-93,-50,8,4,-34,-22,23,20,2,9,17,-5,-7,-8,-2,-17,18,-21,-32,-43,-8,-51,-75,-70,-32,-10,3,31,40,1,14,9,-5,48,42,1,-31,-49,-57,-62,-34,45,74,36,35,-9,-87,-132,-126,-4,24,-33,-78,-94,-70,-59,-14,-12,77,80,95,112,63,-10,-5,75,42,46,14,-66,-118,-95,-77,-73,-50,-25,-93,-145,-179,-106,8,61,25,-14,-52,-61,-41,-62,-40
238,658.2400000000000091,23,63,42,18,26,18,-6,-12,13,38,13,11,8,-5,-35,-44,-40,-12,-7,-13,-13,-27,-46,-44,-38,-32,-2,36,90,32,-20,-49,-34,-43,-76,-118,-69,-65,-121,-111,-22,36,11,-56,-77,-87,-83,-4,7,51,47,15,-25,-25,55,68,79,53,53,5,38,39,23,-35,-51,-20,-11,-12,28,9,6,-19,-15,-48,-54,-47,-35,-9,-22,-2,-5,-19,-47,-72,-43,-23,-20,8,28,42,29,-3,-13,-17,-11,33,72,71,39,5,-13,-16,-50,-33,7,17,45,37,-20,-100,-79,-16,17,2,-19,14,23,19,18,18,3,-21,-5,11,7,34,-36,-53,-49,9,-27,-73,-53,-14,4,25,29,30,-1,7,2,3,76,82,30,-26,-48,-62,-54,-7,30,66,29,52,-1,-66,-75,-100,-11,-1,-56,-68,-85,-58,-38,20,24,44,25,91,118,68,-17,-23,-33,9,50,-16,-86,-104,-114,-60,-92,-82,-33,-85,-177,-180,-101,-2,66,68,9,-33,-54,-1,-20,-34
239,661.4400000000000546,40,33,35,-10,12,7,-10,-7,38,64,28,9,24,7,-39,-53,-43,-49,-17,-12,-24,-35,-37,-35,-42,-21,1,34,68,6,-25,-74,-97,-69,-47,-83,-44,-35,-111,-88,-13,45,25,-80,-96,-90,-66,-7,20,42,22,7,-41,-46,43,76,86,72,61,-14,22,26,25,-31,-53,-20,-13,-17,15,30,32,-1,-20,-28,-49,-44,-21,-21,-16,5,-5,-22,-45,-78,-55,-25,-24,2,17,32,17,-10,-50,-62,-20,23,80,67,52,-7,8,5,-28,-30,7,46,75,43,-19,-87,-93,-42,-6,11,-16,12,23,13,30,22,9,-11,10,35,30,25,-52,-59,-49,19,-6,-40,-30,-6,14,42,31,26,5,-12,0,-7,67,82,52,3,-52,-72,-43,-2,23,56,37,54,-6,-29,-50,-58,-13,-45,-68,-69,-58,-13,-2,52,52,0,-11,57,95,35,-5,-38,-51,-29,22,-52,-104,-82,-98,-68,-92,-90,-30,-65,-149,-156,-99,-6,73,80,30,-31,-39,33,8,-15
240,664.6399999999999864,7,16,19,-19,-14,-29,-27,-14,42,68,16,3,13,11,-52,-46,-62,-96,-26,-8,-7,-51,-31,-12,-26,-21,17,40,25,-12,-44,-99,-136,-84,-22,-31,-25,-20,-76,-61,-14,35,9,-81,-92,-61,-54,-9,18,30,-5,-16,-43,-57,27,65,89,107,78,5,-17,14,19,-22,-49,-19,-21,-8,36,47,44,15,14,-5,-36,-33,-27,-3,-5,10,-1,-22,-55,-77,-62,-34,-17,20,-7,15,22,-22,-78,-63,-35,19,34,47,51,9,17,12,-39,-31,0,60,63,37,-20,-75,-91,-37,-9,28,-3,18,24,23,28,20,7,-11,28,44,4,22,-50,-65,-52,3,30,-8,-20,-10,9,36,16,6,2,-25,1,0,51,76,52,13,-65,-63,-13,9,10,35,25,35,5,2,6,-30,-27,-63,-89,-48,-24,17,41,50,48,-24,-37,33,58,13,6,-49,-74,-56,-25,-91,-111,-49,-75,-51,-78,-77,-22,-52,-108,-90,-71,-9,47,48,32,-19,-27,37,32,-1
241,667.8400000000000318,-29,-20,-16,-25,-44,-49,-29,2,44,50,2,2,12,2,-43,-42,-82,-114,-19,-18,-3,-37,-18,2,1,-12,9,43,-7,-45,-37,-82,-129,-93,-7,6,-1,-13,-54,-22,14,23,-16,-61,-71,-47,-20,0,16,19,-11,-32,-32,-59,2,39,77,124,57,-12,-15,-4,23,-24,-23,-34,-36,-35,29,57,58,47,21,25,-5,-15,-29,-34,-28,10,0,-26,-56,-57,-68,-48,-22,11,8,8,21,-34,-75,-73,-46,-19,18,9,44,26,13,9,-21,-18,-12,37,54,14,-16,-70,-77,-38,-16,40,-6,-2,9,36,24,14,8,21,51,63,4,20,-53,-32,-28,3,43,50,11,-16,5,11,-9,-14,-7,-17,-4,14,37,56,46,24,-56,-53,31,10,11,30,40,24,12,24,36,12,-45,-44,-80,-27,-4,28,31,61,46,-38,-47,-13,-2,-19,11,-42,-86,-63,-77,-90,-94,-28,-21,-17,-48,-52,-16,-29,-22,-21,-40,-12,22,15,12,9,-8,45,43,13
242,671.0399999999999636,-54,-54,-30,-34,-59,-53,-22,-4,29,16,-20,-5,2,-9,-31,-40,-81,-96,-16,6,6,-15,2,8,13,3,8,36,-39,-78,-51,-61,-122,-68,9,44,17,-6,1,20,23,-21,-21,-27,-36,-20,1,11,21,-4,-2,-28,-16,-51,-24,9,62,127,50,9,-28,-19,1,-16,-15,-30,-51,-22,21,56,69,54,28,29,8,-10,-13,-21,-34,-1,-2,-33,-65,-48,-66,-53,-15,6,5,17,20,-32,-55,-66,-46,-43,-27,-8,40,25,-1,17,-15,-15,20,37,43,22,-5,-49,-35,-23,-10,35,22,-1,6,35,19,18,9,25,41,36,-16,9,-31,-11,-11,15,63,64,5,-15,0,2,-30,-33,-9,-22,3,13,7,15,28,-4,-44,-26,36,25,5,4,13,-10,-5,40,60,34,-55,-103,-73,-10,20,85,53,33,9,-35,-20,-43,-38,-10,18,-26,-54,-96,-123,-89,-52,22,5,-10,-13,-13,-12,-10,31,43,13,-34,-2,-24,-4,10,13,36,38,21
243,674.2400000000000091,-80,-71,-52,-52,-81,-64,-23,-5,3,-31,-23,-4,-20,-29,-27,-37,-74,-87,-15,9,11,-2,4,11,30,-9,8,13,-88,-71,-59,-52,-80,-37,18,59,24,-2,28,46,17,-38,-43,-4,-1,1,17,12,5,-16,-18,-24,-7,-20,-21,-9,35,95,30,24,-19,-16,4,-1,0,-17,-45,-17,15,54,74,59,49,44,17,-9,-11,-30,-25,-4,-3,-53,-66,-38,-46,-37,-31,2,3,12,19,-20,-40,-43,-45,-26,-44,-45,28,13,8,2,3,2,18,24,29,16,-16,-22,-8,9,15,20,10,7,5,27,21,8,4,12,26,9,-14,-6,2,-5,3,15,38,51,20,-8,-9,-26,-68,-47,-32,-23,-5,8,-2,-9,-3,-6,-35,3,32,20,17,1,-12,-14,8,45,77,34,-82,-101,-54,-3,54,79,64,24,-2,-27,-6,-78,-69,-16,-9,-15,-53,-64,-130,-82,-6,39,25,16,30,2,-3,26,80,66,28,-46,-32,-62,-10,16,36,18,27,22
244,677.4400000000000546,-50,-61,-62,-39,-69,-61,-10,-6,-25,-61,-34,-17,-46,-39,-15,-19,-52,-65,-34,-10,-6,7,12,0,22,-9,-9,-5,-111,-68,-61,-36,-26,0,26,37,13,-2,33,69,8,-65,-54,19,26,-6,15,14,-3,-27,-4,-9,15,3,-40,-29,11,70,10,32,-4,-17,-5,5,13,-13,-20,-5,22,58,88,74,48,46,42,6,-10,-25,-23,-5,-4,-35,-54,-41,-32,-34,-32,-20,-2,-1,9,-19,-22,-10,-33,-62,-63,-49,10,5,3,-1,-5,1,-1,9,14,4,-1,4,18,34,16,-12,20,-13,-2,21,9,-1,1,12,19,-21,-21,-23,11,12,37,-29,8,16,2,10,-23,-55,-62,-55,-42,-35,-1,-8,-21,-34,-42,-31,-11,27,43,24,13,-24,-40,-28,1,37,22,22,-87,-85,-56,20,65,71,76,16,-28,-31,2,-81,-71,-28,-23,-23,-47,-54,-105,-32,35,48,33,39,46,22,8,48,118,112,56,-38,-82,-72,-9,45,52,13,17,14
245,680.6399999999999864,-62,-60,-49,-43,-44,-37,-16,-13,-52,-81,-29,-33,-49,-45,-21,-31,-36,-47,-37,-24,-12,1,-4,-6,17,-3,-24,-40,-123,-66,-41,-5,-1,44,33,16,-3,-2,52,75,-9,-65,-57,26,48,29,26,12,-1,-23,-15,1,17,25,-26,-43,-14,39,-8,39,13,12,5,12,19,13,-15,17,27,56,75,74,34,40,23,4,-5,-27,-12,-6,-2,-28,-36,-18,-18,-22,-22,-12,-3,-3,7,-20,-27,8,-19,-55,-46,-60,-6,5,14,15,23,5,-3,-4,-14,-7,26,23,32,44,17,-29,20,-17,-9,11,6,-14,12,-1,-4,-38,-7,-32,11,12,50,12,0,-5,2,31,-23,-63,-73,-56,-51,-52,-13,-16,-27,-50,-64,-49,2,32,34,32,8,-36,-46,-37,-1,31,20,2,-75,-55,-19,17,53,65,58,17,-30,-30,-3,-70,-52,-33,-28,-16,-41,-16,-66,6,54,54,40,70,60,52,43,56,119,111,70,-32,-98,-77,0,43,49,11,14,12
246,683.8400000000000318,-32,-51,-45,-34,-17,-13,-4,-8,-60,-75,-34,-40,-52,-44,-29,-22,-21,-33,-48,-22,-18,-16,-8,-28,-7,-34,-44,-55,-123,-50,-27,14,32,80,38,-10,-1,7,54,60,-18,-51,-37,15,38,39,31,-7,-18,-15,-15,7,26,23,-22,-45,-33,3,-25,29,30,22,11,26,28,2,5,19,37,71,60,67,60,54,19,17,-8,-5,-13,1,8,-10,-13,8,8,-17,-6,-11,-5,-21,-32,-9,-9,22,-4,-26,-59,-39,-21,3,21,37,31,6,-9,-32,-24,-9,29,39,30,25,13,-43,-7,-26,-9,5,-3,1,1,11,-15,-43,1,-30,34,42,55,23,-19,-39,2,33,-8,-54,-58,-51,-47,-40,-26,-22,-32,-61,-76,-42,11,24,20,17,-1,-47,-56,-58,-33,-8,-9,-15,-53,-9,9,17,40,33,33,12,13,-11,-13,-51,-30,-32,-21,-7,-34,5,-28,22,54,37,63,68,69,62,52,57,102,99,59,-43,-104,-69,-8,26,44,5,9,8
247,687.0399999999999636,-26,-23,-41,-3,4,8,0,-12,-64,-60,-26,-62,-34,-39,-33,-30,-5,-15,-55,-35,-23,-34,-28,-25,-44,-40,-55,-84,-128,-35,-4,24,39,91,45,-26,-12,25,55,42,-18,-32,-20,7,36,31,15,-9,-11,-10,3,15,19,33,-12,-50,-48,-30,-24,26,36,32,21,35,34,27,16,39,37,50,47,56,59,43,41,5,-6,8,-8,9,17,-3,3,28,16,5,3,-12,-18,-17,-14,3,20,29,6,-26,-45,-41,-39,-1,24,37,56,25,-14,-26,-35,4,41,46,21,3,2,-39,-31,-11,-19,-15,-10,0,1,-4,-21,-36,5,-30,51,42,48,22,-43,-42,13,30,5,-37,-41,-41,-30,-29,-31,-38,-38,-64,-81,-41,7,8,0,2,-10,-44,-41,-48,-9,-28,-23,-19,-23,17,44,11,23,-2,12,29,21,-12,-12,-19,-5,-11,3,-22,-2,18,27,45,41,29,61,58,55,53,47,59,64,56,27,-20,-81,-60,-14,36,42,-1,13,25
248,690.2400000000000091,-4,-13,-7,16,45,49,12,-28,-50,-42,-33,-56,-22,-49,-37,-26,1,-3,-49,-33,-41,-43,-39,-37,-73,-72,-79,-94,-123,-22,11,21,53,81,39,-19,-8,23,35,1,-17,-7,1,-6,28,27,16,-11,-13,-15,8,23,34,44,-6,-30,-58,-57,-28,10,34,46,34,43,40,57,40,51,29,40,20,43,49,47,41,19,12,18,0,14,25,19,38,43,30,24,14,-6,-25,-15,-26,7,42,28,23,-1,-21,-35,-40,-7,15,40,66,42,5,-22,-30,1,29,67,20,-34,-14,-10,-45,-5,-35,-23,-5,-1,0,10,-33,-5,24,-17,46,29,18,-10,-20,-24,26,45,11,-15,-18,-24,-12,-41,-57,-32,-52,-60,-59,-26,6,-1,-6,-4,-23,-35,-41,-58,-37,-41,-55,-40,14,43,37,25,2,-33,-5,20,42,33,-7,25,10,14,6,19,12,18,49,42,22,0,34,45,24,47,52,50,32,21,5,-10,-33,-42,-26,28,29,0,10,34
249,693.4400000000000546,-1,10,-3,17,55,47,3,-35,-29,-3,-42,-43,-6,-47,-43,-23,-13,4,-48,-34,-26,-57,-38,-38,-79,-96,-95,-111,-106,-21,4,21,71,57,30,8,13,25,21,-30,-5,4,5,-15,2,33,11,4,1,-12,-1,22,15,19,-6,-4,-49,-73,-23,-5,31,43,47,56,46,42,54,60,34,20,0,26,29,39,23,27,27,25,6,10,29,49,63,50,54,37,24,1,-2,-15,-15,34,41,24,34,48,0,-13,-37,11,13,50,96,50,-3,-10,-8,19,46,49,3,-31,-25,-31,-38,-17,-32,-52,7,21,12,4,0,-6,27,0,45,27,9,-4,-22,-11,18,19,8,13,0,-4,14,-3,-37,-30,-51,-56,-46,2,16,-9,-40,-25,-27,-21,-31,-65,-40,-56,-62,-35,23,53,63,22,3,-30,-31,15,47,38,22,59,28,28,17,30,49,23,50,30,-2,-17,-3,12,10,24,41,37,-20,-33,-23,17,5,-41,-38,7,18,0,22,42
250,696.6399999999999864,10,15,16,54,62,46,6,-25,1,5,-28,-15,17,-29,-23,-10,0,0,-16,-28,-34,-36,-32,-36,-84,-80,-84,-100,-79,-21,-20,2,50,17,12,29,38,26,8,-44,6,18,17,-23,-14,17,16,7,-5,-15,9,15,21,19,5,-15,-50,-78,-24,-14,15,46,47,51,50,52,53,44,18,-2,-17,14,30,36,42,24,23,31,-8,12,26,63,69,62,57,51,39,7,-16,-24,-4,27,48,24,40,33,0,6,-12,1,26,39,77,48,16,7,2,19,35,37,-1,-49,-37,-12,-27,-23,-18,-54,-3,41,5,15,16,29,30,26,36,10,-5,-37,-11,6,20,-7,21,34,30,20,22,2,-39,-30,-44,-40,-13,9,21,1,-24,-37,-36,-32,-19,-72,-51,-66,-77,-28,38,82,72,50,8,-47,-43,-13,40,42,51,76,34,15,24,38,61,39,58,27,-8,-35,-40,-44,4,16,33,16,-45,-97,-34,41,39,-24,-53,12,4,14,34,53
251,699.8400000000000318,11,14,40,63,54,40,-10,-8,31,28,-7,8,22,-16,-9,7,14,15,20,-18,-17,1,-9,-18,-59,-76,-72,-74,-33,-35,-27,-2,26,-27,-9,55,56,34,-19,-50,11,37,6,-19,-29,3,18,21,0,6,1,9,15,-9,2,-21,-37,-69,-15,-28,11,34,30,45,47,33,35,24,6,-21,-27,3,30,19,32,31,24,31,3,-5,26,63,81,72,63,58,42,17,-8,-11,0,25,57,20,44,40,18,31,0,7,24,31,58,46,24,11,15,17,35,25,0,-40,-31,1,-11,-28,-11,-36,-18,35,19,11,10,37,38,53,27,1,-16,-30,31,11,8,-1,24,45,39,23,31,21,-9,-16,-39,-20,14,21,33,23,-22,-48,-34,-20,-14,-46,-45,-70,-48,-29,45,57,57,46,23,-13,-30,-37,8,52,75,78,49,36,31,49,37,29,38,20,-13,-34,-47,-53,-3,7,17,-8,-81,-110,-26,43,41,11,-47,-35,-8,8,36,51
252,703.0399999999999636,24,24,66,52,48,16,5,14,33,24,17,24,27,3,13,11,17,26,21,5,7,21,4,-13,-41,-33,-34,-40,9,-36,-34,-24,-19,-61,-22,56,79,27,-10,-41,9,39,13,-17,-35,-8,4,22,12,13,-2,11,6,-14,-14,-8,-21,-59,0,-42,-14,13,26,31,32,28,41,6,0,-39,-39,-15,7,8,1,18,22,15,14,0,22,62,75,66,64,71,36,17,4,-12,-2,19,45,26,35,74,42,63,29,14,14,9,26,35,11,4,-9,14,24,40,-1,-12,-16,-20,10,-17,2,-35,-8,21,27,10,38,33,30,57,-5,-23,-30,-51,28,27,11,-7,20,47,58,43,35,27,0,-8,-29,-6,26,44,48,30,-2,-23,-18,-16,-10,-26,-38,-57,-4,5,40,29,48,42,38,15,-33,-49,-13,41,57,47,45,31,21,40,47,25,23,-10,-12,-20,-35,-51,-29,10,-23,-52,-92,-82,-44,40,47,44,-30,-65,-27,0,34,45
253,706.2400000000000091,24,24,62,30,30,9,19,38,49,34,34,32,25,17,27,19,32,24,45,16,25,32,23,7,1,9,-2,-8,46,-26,-56,-41,-65,-73,-34,53,55,33,-2,-22,7,15,6,-11,-32,-25,-1,21,5,27,5,8,-29,-15,-15,-12,-24,-47,-7,-19,-13,3,1,1,20,31,22,3,-8,-27,-49,-19,-10,14,14,1,8,13,12,3,8,54,80,84,67,40,27,16,9,-1,-18,1,24,21,22,29,36,54,39,24,16,-9,-1,26,-5,-8,7,-6,18,29,23,-3,2,8,14,-19,7,3,-13,14,16,9,15,34,43,61,-17,-23,-27,-4,37,28,10,-4,11,43,55,50,38,42,8,-2,-11,9,41,50,62,49,5,-14,-17,-18,-13,-7,-33,-25,-3,26,32,10,12,35,28,36,-2,-34,-49,15,24,24,46,31,11,1,5,19,9,-16,-8,-27,-17,-18,-18,-16,-27,-62,-62,-28,-30,26,46,65,2,-70,-23,-9,23,13
254,709.4400000000000546,1,34,58,23,6,1,25,55,45,35,38,28,16,28,41,33,34,24,46,37,41,46,23,14,6,15,33,44,74,-5,-35,-61,-88,-81,-42,13,30,17,-6,4,4,9,-6,-19,-31,-36,-5,21,6,39,6,7,-11,-12,-4,3,-7,-30,-4,-30,-18,-21,-17,-14,4,10,19,4,-12,-28,-47,-45,-9,0,-5,0,7,15,5,7,5,36,56,49,56,32,16,8,17,0,-2,-8,4,-3,11,11,37,47,42,25,6,-16,-24,3,-5,-13,1,-6,6,19,26,42,10,3,12,3,15,14,-17,-3,9,3,12,40,24,30,-24,-27,-36,3,45,28,18,-18,12,28,47,51,30,40,19,11,11,27,39,53,53,35,34,6,-1,-7,7,13,-2,11,40,51,38,9,-5,-7,19,32,-1,-39,-56,-7,3,22,47,15,0,-13,4,1,-11,0,-11,-2,1,-2,-9,-19,-56,-69,-38,-1,-15,21,41,76,24,-47,-49,-7,1,-17
255,712.6399999999999864,39,26,41,15,-9,8,37,57,35,34,46,29,24,37,44,51,47,25,45,46,54,47,23,20,19,33,63,70,91,18,-2,-57,-83,-66,-36,-6,0,17,4,29,-4,2,-7,-9,-20,-34,-24,8,11,38,34,5,-11,5,-7,5,3,-16,-10,-36,-24,-37,-30,-32,-9,6,8,5,-11,-36,-41,-36,-21,-8,-7,-9,-5,0,12,7,2,10,28,39,48,17,22,9,14,-2,-11,0,-8,-9,-11,19,32,28,38,18,2,-18,-36,-5,5,-4,-3,-13,-12,19,38,41,11,25,17,20,16,15,-18,-20,2,10,17,37,-2,9,-28,-34,-44,25,38,26,16,8,7,29,40,40,19,22,24,13,17,32,46,44,40,36,51,36,14,13,16,14,14,35,62,45,39,-19,-26,19,0,23,-3,-15,-44,-30,-24,18,40,5,3,-13,-19,-22,9,8,-5,22,16,9,-12,-30,-57,-67,-2,43,1,8,43,52,47,-16,-41,-16,-28,-39
256,715.8400000000000318,21,27,13,3,-25,-4,40,51,23,36,48,20,15,43,47,43,20,11,37,60,49,44,23,36,39,53,75,76,92,56,-4,-41,-79,-35,-30,-47,-32,-3,14,29,0,-17,-12,1,10,-20,-33,-6,18,30,18,6,10,16,-4,9,21,-12,8,-23,-39,-35,-33,-34,-10,1,11,-15,-15,-25,-35,-48,-19,-19,9,-15,-15,3,22,9,6,1,15,24,23,40,9,19,16,17,-13,-25,-23,-19,-30,-22,23,27,31,15,-14,-19,-44,-23,-4,-3,-22,-26,-14,6,53,50,19,33,-1,20,14,14,-14,-40,-22,19,8,7,-16,-13,-39,-31,-20,25,20,23,12,14,-7,12,20,24,19,18,19,33,34,40,36,19,13,13,31,44,26,8,19,36,20,64,53,45,15,-23,-53,-49,-25,4,8,2,-39,-40,-36,-2,4,-1,-11,-10,-23,-20,6,8,1,18,23,28,0,-39,-40,-34,17,45,15,-12,43,47,41,-11,-37,-31,-54,-47
257,719.0399999999999636,35,33,-7,-20,-23,8,40,43,23,35,26,14,2,33,44,38,39,11,23,46,31,43,29,34,48,54,80,72,90,79,18,-26,-38,-5,-23,-60,-63,-28,2,26,7,-29,-15,15,10,-20,-24,-11,12,23,7,11,3,16,-6,26,17,5,4,-7,-40,-39,-40,-30,-21,-9,1,-26,-20,-35,-18,-33,-32,-11,-15,-3,-8,1,29,14,10,-8,6,10,16,11,8,11,21,9,2,-25,-37,-18,-35,-25,13,3,21,5,-5,-22,-35,-22,9,13,-32,-14,-33,9,39,54,29,28,-6,14,-1,17,-18,-48,-12,0,3,9,-34,-38,-18,-10,15,42,2,10,11,12,-2,-2,4,-1,-14,-1,20,27,27,42,19,2,-6,11,33,42,30,8,-3,39,48,60,49,40,8,-11,-45,-67,-47,-9,7,19,-10,-43,-43,-30,-22,-1,1,0,-20,-17,-9,22,15,17,12,17,0,-61,-34,-6,36,24,39,-6,16,19,36,24,-23,-38,-64,-47
258,722.2400000000000091,32,28,-14,-19,-16,12,24,32,22,17,10,12,-2,39,35,34,26,16,15,19,39,35,32,25,69,50,58,57,81,71,46,7,3,18,-5,-48,-71,-31,-6,10,-2,-34,-13,19,32,7,-24,-19,9,7,5,4,9,19,17,23,27,15,11,-12,-34,-34,-34,-19,-22,-17,-23,-20,-23,-28,-8,-35,-32,-33,-28,-9,-5,3,27,14,9,-20,-14,-1,-1,12,20,18,18,16,1,-6,-53,-33,-34,-10,11,-8,-11,-11,-8,-18,-30,-18,16,26,4,-27,-26,-12,29,51,41,40,16,2,-9,-1,4,-35,-20,-20,3,-20,-49,-36,-33,-9,30,32,5,7,-7,9,4,-11,-16,-10,-26,-11,18,26,41,42,29,-6,-18,-10,21,42,30,2,8,32,56,60,47,31,-4,-35,-46,-54,-58,-41,2,30,4,-50,-47,-51,-30,-14,-10,-11,-40,-16,-1,12,32,24,14,14,-10,-35,-5,24,36,16,37,-20,-13,-14,26,36,-17,-38,-63,-41
259,725.4400000000000546,18,5,-28,-13,-11,12,17,18,28,17,-8,1,8,32,20,26,17,12,19,21,3,23,25,21,35,55,41,47,62,55,45,30,32,25,-3,-45,-56,-46,-13,-14,-11,-28,-13,25,41,14,-8,-7,-7,-8,2,7,4,3,13,24,9,14,2,-9,-15,-22,-11,-6,-19,-19,-22,-18,-33,-24,-8,-27,-33,-23,-16,-1,6,-1,23,17,13,-24,-21,-16,-10,14,26,32,15,24,-6,-28,-40,-31,-30,-36,-5,-16,-30,-38,-22,-16,-38,-22,20,43,19,-9,-18,-14,16,45,43,56,1,12,-2,17,14,-28,-26,-13,-23,-27,-44,-47,-23,15,41,19,-44,-14,-10,19,1,-6,-27,-16,-44,-23,8,29,37,32,26,-16,-43,-10,4,28,14,-5,-12,30,39,32,27,12,-31,-29,-26,-63,-63,-47,7,35,22,-42,-30,-52,-34,-18,-19,-23,-26,-18,-3,24,46,28,16,-7,-20,-31,-9,31,13,7,22,-4,-31,-29,35,50,-1,-26,-51,-32
260,728.6399999999999864,7,-8,-21,-31,3,15,-4,12,26,3,-14,7,17,36,15,3,-3,23,3,-5,-7,10,28,18,46,40,9,36,38,39,51,47,64,37,10,-28,-36,-41,-21,-20,-17,-28,-10,19,32,25,5,-9,-10,-20,-14,-14,2,-3,26,15,21,22,6,8,-11,-6,10,10,-6,-24,-17,-29,-26,6,8,-24,-27,-32,-22,2,10,5,15,17,11,-19,-36,-30,-12,-3,13,22,11,22,19,-12,-40,-22,-6,-29,-16,-30,-29,-33,-16,-11,-23,-21,12,45,29,16,-7,-9,20,41,35,18,12,-5,-2,13,15,-23,-17,-22,-11,-31,-36,-49,-12,44,56,6,-17,-16,-6,-18,2,-15,-28,-31,-30,-19,-9,5,25,32,8,-19,-43,-13,-4,10,-7,-11,3,21,39,19,10,-16,-21,-16,-21,-16,-35,-42,-3,29,9,-19,-32,-50,-46,-7,-23,-33,-15,-10,2,22,40,33,11,-10,-31,-3,20,33,3,-12,-7,-17,-45,-43,16,24,-3,-8,-34,-38
261,731.8400000000000318,-1,-16,-20,-6,8,3,2,18,17,-3,-8,9,12,24,5,-3,6,24,3,-18,-25,-5,7,10,35,13,-1,12,7,13,39,70,75,43,14,-10,-16,-22,-32,-26,-16,-21,-8,9,16,26,19,-7,-18,-22,-12,-17,-10,-15,9,9,11,14,8,13,1,5,7,11,-5,-16,-12,-13,-18,0,1,-6,-23,-49,-13,12,27,19,19,23,19,-17,-39,-29,-18,0,15,27,13,34,21,0,-28,-5,2,4,-9,-26,-44,-30,-20,-2,-17,-26,5,42,35,15,8,-12,-11,7,31,19,9,-3,-1,24,28,6,-28,-22,-37,-43,-12,-31,4,34,30,-2,-31,-9,-11,-23,-8,-15,-20,-41,-25,-26,-8,6,12,20,7,-12,-30,-19,2,-28,-23,-11,-28,15,4,0,-32,-28,-32,-25,-4,-2,-35,-24,-8,14,22,17,-17,-31,-25,-2,-13,-26,-15,-7,-3,21,31,26,4,-24,-31,8,21,17,8,3,-17,2,-47,-21,4,14,23,16,-22,-38
262,735.0399999999999636,-19,-20,-13,-12,14,-2,5,0,5,-1,0,8,13,19,-10,-7,-11,26,-4,-18,-25,-18,-5,9,0,3,-8,-3,-25,2,44,66,79,34,25,11,12,-11,-19,-36,-30,-14,2,-7,-3,23,25,10,-18,-30,-24,-46,-23,-24,9,-3,-1,16,-1,9,8,4,19,18,-8,-13,-23,-6,5,13,9,-6,-20,-20,0,16,13,1,18,21,14,-12,-29,-49,-18,-5,16,16,12,23,26,-11,-17,10,9,-10,-42,-35,-40,-24,-21,2,-2,-10,-13,23,28,32,13,-24,-21,-8,1,-3,7,4,4,14,28,9,-2,-17,-32,-35,3,-10,28,44,28,-4,-14,-13,-15,-18,-14,-22,-29,-20,-18,-14,-13,-2,-2,2,-1,-25,-21,-12,-27,-25,-27,-11,-6,-1,7,-12,-46,-36,-18,8,5,5,2,-9,-14,9,29,32,-9,-32,-32,-20,-10,-14,-8,3,10,4,14,19,17,-6,-21,28,14,10,18,-19,-16,-27,-25,-10,-9,-13,38,23,-6,-15
263,738.2400000000000091,-21,-15,-14,11,12,0,-7,-3,-5,2,1,20,23,6,-25,-23,-7,9,-3,-19,-29,-28,-24,-2,13,-2,-18,-10,-44,-12,33,54,81,48,30,20,33,9,-6,-16,-21,-10,2,-17,-14,-3,15,16,-22,-34,-26,-37,-32,-26,4,-1,-4,12,-7,17,8,8,8,7,-1,-3,-22,1,20,16,18,10,-21,-8,8,20,17,21,24,4,8,-4,-21,-34,-24,-14,5,7,-3,8,17,5,0,10,12,-13,-44,-32,-35,-13,-3,6,-2,-11,-4,-6,41,54,25,-17,-24,-21,-15,-2,-3,-2,5,16,21,26,4,-10,-10,-19,11,10,44,52,13,3,-18,-11,-18,-27,-16,-16,-23,-20,-27,-17,-14,-11,-13,-10,-15,6,-5,-24,-38,-45,-27,-17,20,-10,-11,-26,-39,-39,-18,39,17,-2,-11,-11,-2,-27,28,41,8,6,-27,-30,-8,13,3,-7,-1,-10,3,18,9,5,-3,9,13,-2,0,5,2,-15,-8,-2,-19,-2,33,29,-1,-26
264,741.4400000000000546,0,-5,-3,22,5,10,3,-11,-13,-2,11,16,15,-8,-23,-10,-6,16,-6,-21,-30,-33,-31,-2,25,-7,-11,-19,-62,-16,21,43,59,32,26,39,38,21,10,-2,3,16,10,-19,-26,-18,1,-1,-9,-28,-29,-26,-33,-6,-1,-16,7,7,11,6,18,22,10,10,-6,-13,-9,4,31,30,19,9,-6,-7,-15,11,12,20,13,15,8,13,-12,-21,-18,-12,-7,-1,-7,-7,0,17,31,5,7,7,-29,-36,-22,-1,5,14,8,-4,-13,-13,5,40,17,-26,-30,-45,-13,-21,-4,1,2,5,15,29,11,8,-17,-16,35,35,56,18,-10,6,11,4,-12,-26,-9,-7,-24,-35,-9,-3,-16,-5,-10,-23,-20,-1,5,0,-40,-50,-27,-6,12,-8,-22,-28,-41,-39,-14,24,30,18,1,-16,-7,-21,19,48,30,3,-7,-26,1,37,27,9,-6,-24,-2,-7,24,24,9,25,8,3,-8,12,11,-8,9,5,-22,-6,38,33,18,-13
265,744.6399999999999864,-7,-12,16,-1,6,-6,-9,-25,-28,-3,17,24,3,-17,-22,-14,-9,-9,-16,4,-19,-44,-27,-15,-10,2,-9,-20,-42,-10,7,31,44,31,27,42,34,34,18,14,23,36,0,-25,-33,-14,-1,-2,-13,-25,-12,-23,-5,0,-4,-33,-8,4,10,15,6,12,6,1,-2,-11,-12,3,18,20,22,15,10,14,20,19,9,10,-1,4,3,14,5,-27,-14,-14,-11,-15,-14,-15,-4,10,18,18,3,-16,-18,-5,-6,0,0,10,21,0,-17,-37,38,18,20,12,-36,-53,-28,-28,-9,20,7,6,9,32,30,6,-16,19,40,62,49,16,-19,10,20,8,-8,-12,-6,-6,-3,-3,-14,2,-15,-18,-15,-30,-27,4,2,-9,-34,-42,-16,13,18,-12,-22,-29,-28,-43,0,19,22,26,11,8,-17,-21,13,27,39,19,-11,-14,10,46,36,35,-16,-36,-11,-19,-5,12,29,20,-15,-4,-4,1,18,-7,20,19,-9,-21,20,23,23,6
266,747.8400000000000318,-20,-4,6,14,-11,-12,-23,-31,-25,-4,20,20,5,-28,-14,-14,-3,-17,-11,3,-12,-36,-32,-10,1,-11,-8,-26,-29,-5,-6,13,16,14,35,50,31,32,24,16,27,24,14,-19,-34,-39,-12,-12,-7,-11,-20,-15,-15,-6,-22,-27,-6,1,-3,3,16,6,0,-9,-8,-4,-5,23,16,30,17,1,8,4,4,46,5,-12,0,-3,-7,18,22,13,-19,-31,-29,-30,-23,-16,-10,26,24,17,-8,-15,-14,1,12,14,7,1,5,3,-16,-39,7,14,18,-23,-21,-44,-27,-25,22,12,6,2,7,29,33,25,4,29,30,71,43,-2,-20,4,25,13,9,13,4,8,7,9,7,-1,-14,-20,-29,-31,-30,-4,15,-5,-30,-13,-8,19,11,-1,-23,-11,-11,-7,7,29,17,21,26,19,-13,-24,2,31,36,24,1,-6,7,34,56,43,-19,-33,-27,-25,11,2,46,22,-1,12,-9,7,10,11,32,30,5,-7,0,13,36,24
267,751.0399999999999636,-11,-6,6,4,0,-18,-19,-31,-27,-4,18,-1,-14,-30,-8,-9,-13,-11,-15,1,-3,-29,-29,-28,-34,11,-15,-23,-18,-10,-14,-18,5,11,24,45,24,25,22,33,29,61,19,-8,-35,-33,-22,-30,-4,-10,-14,1,6,-15,-24,-14,-7,6,3,7,18,15,-17,-16,-15,-1,-8,2,-2,9,14,14,3,1,15,5,13,-11,-1,-3,-12,25,21,6,-15,-27,-35,-35,-26,-24,-9,9,20,1,-11,21,-7,16,14,19,-3,-2,6,-5,-12,-19,-14,-7,-6,-9,-18,-43,-19,-8,-5,8,5,1,1,25,20,12,28,20,32,56,8,-36,1,6,27,22,22,13,18,8,17,8,18,9,-18,-19,-6,-25,-28,0,2,-8,-6,-13,-2,34,11,-5,0,-13,-5,24,20,-4,27,24,26,16,-6,-5,-20,12,37,32,6,1,9,24,42,22,-10,-38,-34,-40,-13,20,42,36,-4,7,-2,12,9,29,17,36,11,-5,-12,9,41,35
268,754.2400000000000091,-6,-7,0,7,4,-5,-22,-25,-19,-4,6,-5,-19,-30,-1,-12,-25,-20,-7,3,6,-19,-22,-32,-35,-9,-7,-14,-5,2,-35,-17,-26,-5,20,25,20,33,24,24,27,41,25,0,-16,-11,-27,-42,-7,-1,-6,13,10,-16,-15,-14,4,3,3,5,14,3,-5,-25,-15,-9,0,-2,-1,11,-1,5,3,15,12,-7,3,-15,-19,-12,-12,12,27,27,-17,-32,-35,-36,-32,-29,-29,2,18,-3,3,-9,38,13,12,15,8,-7,-5,-13,-8,-32,-37,-5,-20,-2,-6,-17,-8,-13,22,11,18,-5,2,4,10,17,11,28,10,40,-6,-17,-2,0,26,26,38,36,30,27,8,-1,16,-3,1,-23,-3,-10,-20,1,19,-1,-6,-6,11,31,18,1,8,-1,5,37,25,31,23,47,39,32,15,17,-5,-16,27,23,20,15,-8,4,41,24,9,-10,-39,-39,-30,-10,41,39,-1,7,-4,14,-10,18,22,36,4,-4,-21,5,42,47
269,757.4400000000000546,-9,3,5,-8,3,-9,-19,-26,-6,-10,0,-15,-16,-19,3,-3,-20,-27,-7,-2,8,-8,-15,-28,-38,-9,3,-13,10,-2,-13,-30,-23,1,8,29,13,23,17,34,29,28,20,7,-5,-17,-11,-33,-23,5,1,11,7,5,-14,2,-5,15,5,7,16,-9,-23,-17,-10,2,-4,-23,2,-7,-1,12,15,12,4,-4,-3,-10,-25,-22,-14,16,28,20,-9,-29,-27,-22,-12,-20,-14,11,15,-9,1,6,20,10,31,18,7,-10,-2,-1,-8,-22,-5,-39,-17,-16,-11,-2,-7,8,5,19,6,-10,-5,-3,19,20,28,24,7,6,-21,-10,-8,-27,27,15,46,33,24,27,18,13,15,3,8,-9,-5,-3,-2,-9,18,0,19,8,24,35,21,12,6,12,37,31,38,-2,20,22,37,32,24,4,-20,-14,-1,10,7,26,-1,-14,19,11,15,2,-38,-23,-21,8,21,26,19,11,8,-10,-29,36,11,21,-3,-1,-21,-1,37,42
270,760.6399999999999864,-1,8,-2,4,6,0,-7,-10,1,-4,-7,-24,-18,-8,-2,-5,-12,-14,-10,-13,5,1,-2,-7,-35,-20,-3,7,17,2,-24,-24,-33,-11,0,3,12,8,16,19,12,34,20,18,10,3,-14,-23,-11,4,29,19,18,-4,-13,-12,5,12,0,7,3,-5,-13,-29,-9,2,10,2,-16,1,-13,0,-4,10,4,-20,-13,-19,-17,-28,-16,3,6,0,-6,-13,-31,-15,-3,-6,-3,8,15,6,9,38,17,27,27,16,4,-13,0,0,-7,-7,-47,-36,-19,0,-7,9,4,-1,15,13,13,1,-9,-6,15,8,20,25,-2,-21,-33,8,-4,-21,-1,15,24,51,31,27,18,8,8,17,7,-4,5,10,17,-1,2,5,9,24,26,28,29,14,6,22,43,42,28,21,11,26,39,30,23,24,0,-36,-5,-3,19,6,2,-33,-9,-7,30,11,-32,-37,-35,2,5,14,26,16,7,-20,-3,6,16,11,-5,1,-22,3,25,25
271,763.8400000000000318,11,-7,11,5,-6,-3,2,5,11,-10,-16,-21,-17,6,7,-3,-9,-15,-14,-2,-2,5,2,-19,-20,-12,3,8,19,-3,-7,-6,-28,-13,-6,7,-1,-2,9,17,7,-1,11,27,23,16,3,-19,-7,2,19,20,-1,15,1,3,8,3,-2,7,8,-12,-16,-17,-13,-8,5,-14,-16,-25,-17,14,13,4,-3,-12,-15,-13,-22,-26,-18,-4,-3,-11,-9,-18,-15,-3,9,9,14,1,14,1,15,9,10,16,23,3,3,-10,-3,1,-1,8,-31,-41,-27,1,6,17,13,10,11,14,15,-11,-5,-12,-7,1,26,21,-11,-46,-38,-4,7,5,-19,4,18,34,32,23,14,21,18,7,17,10,5,13,12,-3,-11,-10,13,29,22,7,8,29,19,33,35,28,10,-6,2,16,41,26,29,25,-6,-24,-37,-9,7,25,8,-31,-35,-2,40,25,-11,-13,-21,-4,-7,10,17,24,15,4,-23,4,-9,-22,-6,8,2,2,13,16
272,767.0399999999999636,3,6,-3,-6,-2,-5,7,-1,4,-5,-32,-21,-5,9,-4,-5,5,-14,-11,-14,4,12,16,1,-20,-14,-3,14,18,1,5,-7,-24,-20,-9,-12,-6,-15,3,9,8,-1,10,28,26,24,10,-7,-13,2,0,3,6,7,5,20,-7,1,-3,8,-8,-22,-19,-11,-5,10,1,-7,-25,-19,-13,-15,21,16,-2,-20,-26,-12,-13,-18,-21,-25,-15,-10,-11,0,-7,2,27,18,21,3,18,3,25,11,16,21,21,0,-8,-8,-3,19,15,-2,-28,-45,-29,-24,7,30,13,-6,0,4,7,2,-13,-8,-19,9,26,-3,-16,-52,-17,-28,-8,-16,-14,0,11,38,20,19,15,22,28,13,25,19,16,9,20,-5,-3,-4,13,31,21,13,1,16,27,31,13,22,12,4,4,-3,19,35,43,26,4,-30,-39,-31,7,9,7,-12,-29,-4,24,28,9,-8,-16,-22,1,-11,20,26,4,-3,-2,-4,-23,-25,-11,0,8,-8,-2,10
273,770.2400000000000091,1,-14,-15,8,-3,15,12,8,0,-18,-33,-12,1,16,1,-3,11,10,-8,-18,1,17,11,2,-6,-21,9,9,24,-5,3,-2,-24,-14,-8,-18,-13,-17,-6,7,6,8,1,26,39,25,12,3,9,-9,1,5,6,12,23,18,-5,-8,-9,7,4,-8,-3,-2,5,-10,0,-9,-10,-14,-21,-8,5,0,6,-25,-23,-11,-13,-13,-25,-21,-25,-27,-13,7,3,8,14,31,34,24,10,4,21,31,22,11,14,5,8,-4,2,12,9,26,-1,-34,-22,11,18,28,9,3,1,-2,-2,-14,-3,-5,-25,-6,3,-11,-14,-54,-22,-4,-15,23,-26,-1,7,16,11,16,27,17,10,13,25,19,-2,17,17,-2,-24,-10,9,21,17,9,4,24,25,26,6,-2,13,-14,-13,-13,18,25,30,8,4,-17,-32,-26,-11,-10,4,-24,-58,-19,7,25,34,19,-17,-14,-32,-18,17,6,12,21,0,-15,-11,-41,-18,12,12,-9,-5,5
274,773.4400000000000546,8,3,0,-2,-11,6,7,18,0,-13,-13,-7,12,10,-3,11,3,1,-8,-3,-1,11,10,13,-11,-4,-1,16,19,-7,-5,2,-22,-1,-9,-24,-18,-19,-13,-1,2,-14,17,23,26,42,16,11,8,-9,-18,-3,-2,20,16,15,-7,-5,-10,3,1,-9,4,2,3,-2,4,-8,-12,-25,-13,-5,12,7,-17,-26,-13,1,-1,11,-19,-35,-42,-40,-7,-4,4,13,29,22,26,-1,9,20,14,6,37,21,7,-4,5,3,9,9,-5,-2,-9,-19,-15,19,14,23,11,-7,3,-2,-2,-7,-16,-3,-22,-20,-6,-28,-22,-37,-18,-18,-3,10,8,6,-15,-3,2,10,15,22,42,16,23,21,-3,0,9,-5,-17,-12,4,22,2,-2,-2,7,21,17,5,10,-22,-38,-21,-15,-1,8,20,-2,-8,-9,-29,-18,-25,10,7,-3,-15,-27,2,31,42,39,1,-21,-30,-39,4,-4,2,17,20,0,-14,-51,-6,8,7,-17,0,7
275,776.6399999999999864,-3,5,2,-13,-4,-10,-3,7,-5,-9,-7,6,0,8,4,12,8,-4,2,-6,-13,21,13,9,-2,-3,-5,6,8,-9,-5,11,0,-3,-4,-26,-25,-26,-18,-3,-4,-8,8,26,29,20,6,8,9,0,-3,-9,-3,22,25,4,-9,-7,-19,2,-11,-2,-4,10,-1,-7,3,5,-18,-22,-5,0,13,1,-20,-12,-14,-2,12,16,-9,-46,-33,-41,-3,10,21,17,15,15,12,-4,5,18,9,8,29,11,-4,-6,1,11,24,17,7,-2,-21,-18,-8,6,14,21,17,8,-3,-6,-12,-16,-7,1,-23,-32,-31,-26,-26,-36,-14,-16,-5,19,-17,8,-9,2,-13,-13,15,18,26,17,11,10,-6,-6,3,0,-17,5,14,15,16,2,0,11,4,3,-9,-5,-20,-27,-20,-13,-4,8,3,-6,-17,5,-13,-13,-20,-19,4,-8,-6,-17,-25,8,49,42,30,-10,-18,-27,0,-15,8,7,23,-2,-6,-31,-10,8,2,4,0,4
276,779.8400000000000318,7,6,16,-5,-11,-3,7,9,-3,-9,-6,13,3,-1,-4,6,7,-1,4,0,2,13,14,0,4,10,-1,5,10,0,1,9,-4,-3,-10,-21,-19,-24,-3,-8,4,-9,2,12,20,17,1,14,1,10,11,-13,2,8,9,7,7,-10,-15,-4,-12,7,10,15,10,-7,-2,6,0,-18,-2,-2,19,20,2,-15,-11,4,3,20,-4,-42,-36,-40,-10,12,23,14,14,9,20,6,11,4,-1,26,3,5,0,-7,14,23,13,-3,3,4,-8,4,1,8,3,21,6,4,-16,-1,-10,-9,-18,-9,-19,-27,-9,-16,-22,-11,-8,-12,-6,-8,9,-19,-21,-21,-31,-30,11,16,2,12,12,0,-3,-15,1,-2,-8,-1,-4,-3,-5,-11,-10,2,-5,-11,5,-28,-17,-31,-21,5,-18,8,0,-20,0,2,21,-4,-13,-14,-8,-10,-17,-28,-32,-5,30,56,31,18,-8,-24,-7,-19,11,19,21,20,-2,-5,5,1,2,0,-4,-3
277,783.0399999999999636,14,10,-16,-21,0,0,0,-1,-12,-9,7,9,7,4,4,11,6,9,17,6,2,8,5,12,5,-6,6,-3,-8,3,-3,2,5,-8,-21,-26,-16,-12,-4,-13,-12,-16,2,6,20,14,4,21,22,9,-2,-9,-1,4,4,14,5,2,-6,-5,-6,10,15,13,8,3,3,5,-1,-7,0,12,27,1,-2,-5,-7,11,-11,3,2,-26,-47,-25,-9,-6,18,9,-6,-1,6,-2,13,14,-2,-23,-6,-1,-14,2,25,28,18,2,-2,1,3,21,1,4,-9,9,1,17,0,-7,-19,0,-16,-27,-20,-38,-24,-36,-9,-1,8,-4,-1,9,-1,-19,-41,-38,-37,-34,0,10,5,10,4,-2,-12,-8,-6,-1,10,18,4,0,-4,-14,-16,-18,-5,-14,-15,-6,-28,8,-10,6,-19,0,-15,-7,-3,15,14,7,7,-11,-19,-12,-11,-33,-23,-21,19,46,46,17,-12,-18,-4,-14,14,-4,8,0,13,6,7,-4,1,2,-5,-5
278,786.2400000000000091,-2,7,17,-2,-3,0,-2,-2,-12,7,8,8,5,-3,2,-2,10,-4,1,-5,-4,-5,-4,7,19,-7,-9,-2,-7,13,12,15,12,-3,-23,-23,-15,-10,-9,-13,-8,-1,10,3,1,3,-4,11,9,19,19,-3,-1,-8,8,9,-1,0,-7,-19,2,9,5,14,11,-3,-4,-4,-3,-5,14,14,8,-3,5,-2,4,7,5,0,3,-21,-32,-17,-6,2,7,3,-11,-18,-6,5,1,9,-6,-20,-9,-14,-7,2,0,8,9,3,-3,3,9,19,11,-4,-12,-10,-6,0,-3,-7,-1,-13,-9,-12,-17,-19,-25,-32,-5,10,16,14,-5,16,-2,-19,-34,-28,-33,-27,-5,-7,-1,-13,-6,2,-14,-9,-13,-13,11,9,-2,-11,-10,-23,-12,-11,-21,-21,-21,-17,-22,-7,-9,-19,-18,-30,-19,-10,-3,17,24,14,-3,-28,-29,-1,0,1,-26,-15,15,26,40,34,17,-6,-19,-11,-6,1,17,-2,24,9,6,-4,-8,0,-15,-15
279,789.4400000000000546,12,12,-4,-1,-11,-9,-11,-2,-7,5,22,17,2,-1,1,-1,-4,-2,7,2,-6,-6,-5,12,24,9,7,-13,-17,9,-3,3,11,-15,-21,-10,-7,-5,-19,-19,-17,4,-4,-12,-12,-6,7,21,12,21,16,12,-5,-4,-1,-5,16,-2,15,-8,2,7,15,9,10,4,7,1,8,3,12,18,11,10,6,8,0,2,3,6,-10,-20,-13,4,-2,4,-9,-11,-10,-24,-25,-6,-10,0,-7,2,-26,-15,-21,0,5,11,10,7,2,-11,8,26,11,4,-2,-15,-14,-17,-11,-16,-5,2,-5,-8,-1,-9,-19,-18,3,0,4,17,0,11,-4,-21,-32,-24,-28,-22,-5,-11,-3,5,-8,-12,1,-9,-7,-6,8,28,12,-13,-24,-18,-20,-10,-27,-22,-7,-30,-9,11,1,-31,-15,-51,-25,6,21,11,22,20,11,-9,-32,0,-2,9,-8,-17,7,25,30,34,7,13,-9,-1,2,-14,-9,-8,16,10,-9,-1,-6,-13,-10,-6
280,792.6399999999999864,-1,13,11,-5,2,-2,-5,-13,-3,10,12,2,-8,-5,3,2,-3,1,3,19,-3,-15,-3,13,19,4,4,-2,-16,-5,11,9,-3,-11,-12,-3,3,-7,-11,-14,-15,-14,-9,-12,-15,-21,3,21,13,8,9,8,-12,-10,-16,-10,6,12,11,-13,-6,4,0,18,3,4,-10,-11,-5,7,7,19,13,13,3,18,5,0,7,-18,2,-7,-5,38,-3,-5,-13,-19,-18,-38,-17,-15,-19,-8,0,-21,-44,-17,-19,5,-3,4,-14,-8,-6,12,11,15,33,12,-10,-28,-11,0,-11,-17,1,-2,5,-11,4,2,-5,5,1,5,11,10,7,-3,-12,-28,-6,0,-27,-14,-13,-7,-12,7,-9,1,6,-3,-3,-3,10,9,-5,-22,-18,-18,-29,-36,-20,-23,1,-11,1,12,-9,-20,-23,-29,0,12,30,16,6,17,14,4,-4,-1,-3,10,9,5,4,-6,22,23,24,8,-5,-11,-16,-27,-1,-17,7,5,14,18,-2,-3,-12,-8
281,795.8400000000000318,12,5,4,18,-3,-13,-5,-6,11,21,9,3,-4,-8,-1,0,-6,-5,-1,13,6,-7,-2,11,21,15,0,1,-18,-11,-4,8,2,-10,-4,-9,5,12,-2,-12,-9,6,0,-16,-9,-7,-3,18,12,8,6,15,6,-17,-13,-9,5,3,4,-1,-2,-1,7,6,8,15,-9,-3,-11,5,9,4,9,15,19,12,13,9,-12,-23,-6,26,16,1,7,-6,-8,-22,-29,-18,-11,-17,-16,-12,-12,-22,-11,-23,-6,15,6,-4,-14,-14,-4,-5,28,30,17,-4,-7,-11,-9,-14,9,-15,5,10,9,11,17,-1,4,16,6,26,1,5,19,-20,-21,2,-3,3,-1,-8,-5,-5,-4,0,-4,6,7,-2,-7,3,11,-4,-7,-13,-15,-24,-17,-29,-12,-7,-25,-13,6,6,8,-12,-25,-19,11,4,19,-3,9,15,7,-3,-5,-3,6,15,21,13,-4,-14,-1,5,4,33,4,-3,-7,-13,-7,-23,-8,7,19,12,2,-7,-14,3
282,799.0399999999999636,27,-3,-1,2,-5,-11,-6,-7,5,18,6,-5,3,-2,-14,-6,3,-5,-3,11,4,-4,-1,-3,24,10,8,-4,-16,-19,12,-8,-2,-10,-4,4,6,5,5,-7,-13,-13,-6,-15,-21,-4,8,12,-1,7,9,26,-11,-25,-13,-7,5,-1,1,4,-2,-1,-6,15,8,3,0,0,5,5,5,-3,-19,13,7,25,14,1,-18,-26,-1,14,14,29,11,-6,-14,-15,-19,-12,-19,-22,-29,-25,-13,12,-6,-13,4,0,12,-5,-9,-12,8,-10,30,32,18,7,8,-16,1,4,2,-10,0,14,21,10,17,35,10,5,23,17,10,10,10,-13,-19,-2,8,-5,4,12,8,-4,-6,9,4,10,13,3,-6,5,5,-2,15,-15,-23,-29,-13,-24,-5,-2,0,0,28,9,6,-10,-22,-20,-14,12,6,10,-13,5,11,14,7,0,9,-3,27,17,-5,-21,-15,8,15,0,0,-9,-19,-17,0,-31,-26,10,16,11,-4,3,-10,0
283,802.2400000000000091,23,5,9,6,8,7,7,1,13,1,6,-8,-6,-6,-2,-10,-6,-4,8,0,7,1,5,1,4,2,-8,-2,-11,-6,9,-4,-9,-2,16,16,14,15,8,2,2,-7,-17,-15,-23,-19,4,11,6,6,20,17,2,-6,-16,-3,-5,-7,6,-5,4,2,17,9,0,13,-8,-5,9,11,-5,-2,-27,0,20,26,17,-6,-15,-18,-5,20,23,29,15,-2,-10,-12,-11,-17,-28,-25,-34,-23,-13,-13,3,5,-1,1,2,-10,-27,-17,-5,4,17,20,22,10,5,-8,-2,-7,-25,-5,0,16,16,18,18,31,14,23,7,25,5,1,9,-18,2,-6,22,4,8,15,9,-2,-7,-1,-6,11,5,10,3,17,12,15,-3,9,-2,-17,-2,-14,-5,-8,10,0,24,22,5,-3,-12,-3,0,1,8,15,-10,2,16,12,18,6,-4,10,30,28,-9,-23,-21,-18,3,16,-3,-1,-21,-23,-2,-27,-25,11,9,-7,-2,-1,-3,4
284,805.4400000000000546,-14,-9,7,-8,-3,2,-5,-4,9,8,-7,-13,7,-4,-6,-8,-4,4,7,4,5,3,3,-4,14,-8,-1,-3,-7,-4,9,-4,0,22,15,8,2,17,7,-4,-2,-4,-25,-24,-13,-1,-8,13,1,-3,-8,3,9,-14,-11,-9,14,-4,15,7,-7,-6,2,-4,8,3,2,9,10,-1,-3,-8,-17,-6,17,13,14,-10,-19,-20,2,22,32,28,16,-15,-8,-4,-3,-4,-18,-18,-29,-23,-22,-17,4,3,10,14,-10,-9,-17,-10,0,13,12,-1,19,19,1,-3,-7,3,-3,-1,-3,11,29,21,28,22,17,15,12,19,19,-5,0,-17,1,6,5,-2,20,26,7,5,2,3,17,0,20,17,7,9,10,4,6,9,7,-21,-3,-2,0,4,7,1,3,-2,7,7,-2,-9,12,8,8,6,3,22,0,14,15,14,21,9,11,30,5,-13,-10,1,0,13,22,-4,-25,-4,-30,-10,-32,4,6,1,6,4,1,-20
285,808.6399999999999864,-7,-3,1,4,12,13,6,7,11,-5,-6,-10,7,1,-2,-6,-14,4,-3,-7,4,6,3,-2,-7,-7,2,-10,4,10,0,-2,9,7,11,15,12,10,6,7,1,-22,-19,-12,0,-4,6,8,7,10,3,-2,5,2,-2,-10,-14,-3,15,-2,1,13,-13,9,1,-7,-10,0,17,12,-2,-6,-21,5,25,17,6,-6,-15,-8,-3,20,21,31,17,1,-14,-13,-1,6,-11,-7,-20,-21,-15,19,6,16,-2,-9,-8,-7,-9,-11,10,10,1,-8,5,-1,10,-10,-7,-1,-3,-2,-2,9,26,26,26,5,12,17,-5,25,-1,8,2,-23,10,11,7,-13,14,19,4,11,8,1,26,5,8,16,20,22,18,11,10,23,4,4,10,-1,3,2,15,17,5,8,18,13,21,13,-16,-3,-9,11,15,-6,0,24,27,21,14,2,9,11,11,-4,-17,-11,-9,-6,4,4,-13,-25,-33,0,-18,2,5,-7,1,12,0,-7
286,811.8400000000000318,-8,0,-11,6,11,7,8,7,12,-3,-11,-9,-3,-6,3,-8,7,11,6,3,9,7,8,-5,-12,7,-20,-4,13,9,-17,-10,6,23,3,12,5,2,5,7,-3,-5,-17,-15,-4,15,9,5,15,6,0,-1,6,0,1,5,-9,-7,0,-9,1,-4,5,1,2,-5,4,16,16,0,-3,-1,-11,-6,11,1,9,-2,-5,-5,4,17,17,10,9,14,-2,0,2,5,-2,-8,-19,-23,-14,-21,0,-7,2,-11,-18,-4,-13,-2,9,26,1,0,-13,6,7,18,-3,-1,11,7,15,-2,15,32,26,24,17,15,8,11,2,3,-15,13,25,31,7,-8,4,4,-12,22,0,-1,0,2,7,13,14,30,10,19,16,11,23,12,6,10,-3,6,0,15,3,12,9,17,22,-10,-4,-5,-13,21,14,8,5,-11,15,27,2,11,-6,5,6,-6,-6,-11,-3,-16,19,-3,-2,-2,-39,12,-11,-6,-4,-6,7,-1,-2,-5
287,815.0399999999999636,-10,-4,-8,6,7,9,0,8,3,-9,-4,-9,1,-2,-4,5,10,13,-8,4,1,10,13,-9,-17,-4,2,5,17,13,-8,-7,3,2,5,5,0,0,-9,7,-10,-4,-14,-10,5,13,6,9,7,7,-3,-5,22,22,3,7,-14,-12,-16,-4,-2,-2,8,-5,-1,1,3,15,0,5,-1,-13,-5,-13,-20,1,5,9,1,5,7,13,22,22,4,9,0,11,16,2,-2,6,-3,-10,-13,-8,-5,-3,-6,-11,-21,-7,-3,5,5,16,10,-12,-2,4,20,9,8,-3,-8,4,-1,6,9,18,12,21,-2,5,2,4,3,-11,-3,19,14,8,4,-13,7,-10,-18,3,5,-10,2,-2,9,15,28,18,14,11,13,18,31,22,20,7,-3,-2,12,21,10,6,23,20,13,6,-13,-12,-9,5,13,5,-4,11,11,20,1,6,-2,-10,11,-1,-9,-20,5,-4,-13,-7,8,12,-8,15,1,-9,-14,-7,3,3,-6,0
288,818.2400000000000091,-16,-5,-5,16,2,9,18,9,0,-2,-3,-8,-4,-2,-3,9,4,4,11,-2,-4,14,0,-4,-22,-9,8,1,20,5,-7,-6,9,-1,4,-1,-1,-6,5,2,4,-21,-11,0,-2,2,13,8,10,6,0,-7,-9,17,13,2,-6,-9,-5,0,10,-3,6,-4,0,2,4,3,14,7,-4,-12,-11,5,-19,-5,2,4,8,6,6,13,14,3,1,5,4,17,11,12,1,21,13,6,-18,2,-5,-2,-4,-12,-15,-11,-5,13,0,3,-1,-1,-8,14,10,6,-4,-7,-4,7,10,9,7,14,1,8,8,-5,-2,-11,-1,-30,-12,8,25,0,2,-11,-7,-1,-9,-3,4,-10,-1,-5,-4,10,16,10,-6,1,9,20,17,34,27,18,4,11,10,14,-6,-1,30,-4,10,1,-17,-7,-13,-9,3,-13,9,1,7,22,10,6,-9,-13,-3,1,4,-2,-20,-14,-15,-18,4,20,15,14,5,14,-6,-2,1,0,2,5
289,821.4400000000000546,-13,1,3,2,7,5,15,16,-8,-12,-13,-6,-3,0,1,5,6,-1,1,-3,0,10,1,-4,-10,-7,-3,11,9,-6,-16,1,10,-5,-9,-8,-9,-1,2,-2,4,4,-11,-1,10,4,15,11,15,3,9,-7,13,17,6,6,-3,-16,-4,-5,-10,5,2,-5,5,-1,-1,3,-4,13,-1,-9,1,-12,-9,-3,-2,8,20,27,9,5,14,7,-3,15,18,28,8,11,7,-1,14,-2,-4,-21,-11,-7,-8,-18,-28,-8,6,15,12,4,-4,-11,-3,-22,2,15,2,3,-2,3,4,3,5,14,-5,-6,-8,2,-7,1,-13,-11,-6,12,19,-3,-7,-9,-10,-15,-7,-8,-4,-27,-8,-6,1,5,15,7,8,7,-5,8,15,24,24,29,12,9,-3,15,-2,1,10,26,15,14,-12,-25,-9,-9,-10,0,15,5,11,7,19,12,-1,-17,-9,-7,5,12,3,-14,-14,-7,1,17,30,19,12,8,-11,-9,0,2,8,-2
290,824.6399999999999864,-4,2,-7,-5,5,6,5,8,-6,-6,-4,-4,-5,-7,8,3,0,5,-4,-6,3,4,1,-16,-21,-7,6,9,-5,-13,-3,-7,-11,-3,3,0,1,3,6,-12,-7,3,0,9,5,-1,16,8,18,2,10,4,13,15,10,1,-12,-10,-6,-5,1,5,6,-5,-1,11,24,17,22,11,5,-2,4,-12,-13,-16,-7,10,5,24,12,10,13,-7,7,18,30,11,8,16,7,10,12,4,-6,-14,-10,-9,-9,-19,-12,-3,5,13,3,-4,10,-8,-4,-7,-8,7,-10,-3,-15,-11,2,-3,-2,-4,-9,-11,-1,4,-11,-16,-9,-2,4,-13,2,-6,-3,-28,1,-11,-14,-5,4,-7,-8,-10,7,8,12,-1,-6,-9,-10,10,9,20,19,14,15,10,-8,-6,-3,-20,-2,3,10,22,-18,-7,-21,-22,-18,11,18,0,17,9,13,4,-1,-5,-15,-8,7,6,3,-11,-27,-12,18,4,32,15,25,13,7,-7,10,6,4,-8
291,827.8400000000000318,-3,3,3,-5,3,4,6,3,-3,-16,-17,1,-8,-2,3,-8,-1,-5,-7,-9,-2,1,-2,-3,-1,-16,-1,6,-12,-9,-2,-10,-5,-5,-3,-4,4,3,-5,0,6,-15,-3,8,11,10,8,-5,-1,6,3,10,8,18,14,6,3,-11,9,9,7,2,-8,-2,0,18,9,8,4,17,-2,-12,-3,-21,-4,-9,-8,0,24,31,17,13,2,-11,2,12,14,27,8,11,-3,12,15,9,5,6,-18,-9,-1,-8,5,-5,-1,3,2,4,-7,5,2,-6,-14,-8,1,10,-2,-7,-8,-9,-11,-14,-18,-1,-9,-12,-5,-19,-13,-12,-19,7,-5,-11,-7,16,2,-5,-8,-5,-19,-11,-3,-2,3,8,-2,-2,-8,-11,-17,-6,1,11,9,8,11,-2,-2,-6,-14,9,-10,7,10,8,8,-6,4,-16,-9,3,13,8,11,0,-13,0,1,-16,-30,-24,8,7,-10,-8,-17,5,2,32,27,30,36,11,-3,2,2,3,0,-11
292,831.0399999999999636,-9,-4,-7,14,6,4,2,-1,-14,-7,6,7,-7,-1,10,0,6,9,-5,-2,0,-10,-9,3,-8,0,-4,-6,-8,-10,-13,-10,-11,-6,-7,6,4,5,-13,-5,5,25,1,10,10,-1,5,1,0,14,1,9,6,7,9,0,-3,-6,3,5,-3,4,-3,0,2,6,31,3,10,2,8,11,3,-7,-9,-14,-4,-3,12,22,18,1,-15,-5,7,13,34,20,12,21,10,-6,5,8,8,-5,-5,-20,-1,-12,-13,3,2,10,8,7,-15,0,-8,-5,-15,-9,4,6,9,-4,-25,-12,-13,-15,-16,-16,-3,-6,-6,-7,-7,3,22,9,-4,-11,1,-4,4,0,0,-11,-12,-7,-11,1,4,5,-3,-1,-5,-15,-8,-28,-10,5,-2,14,8,-3,-25,-15,-8,10,-3,10,-1,2,-1,-2,-5,-16,-2,-13,13,7,-6,8,-1,4,6,-14,-27,-21,-16,-1,-4,3,-18,6,19,13,13,14,20,15,-11,1,8,-5,-4,-6
293,834.2400000000000091,-8,0,6,1,6,1,-1,-5,-7,1,-3,3,-5,5,-2,6,-11,-3,-1,3,-2,-3,-4,10,5,-8,7,-9,-15,-8,-4,-11,-12,-4,3,3,-2,2,-9,-2,-3,9,6,2,-2,0,2,0,-8,-2,4,-2,12,8,6,4,5,0,-9,1,-1,1,16,-2,4,3,18,15,5,-6,7,8,16,-15,-14,-5,-7,3,16,25,19,3,5,-12,-2,23,21,13,12,9,16,-1,8,12,19,-2,-9,-11,-20,9,-2,5,5,12,3,2,12,2,-6,-15,-7,3,2,-9,-12,-6,-13,-13,-10,-27,-14,-25,2,4,0,-16,0,0,5,3,1,-16,3,18,5,12,12,-8,-6,-3,-11,5,9,2,0,-14,-5,-12,-6,-17,-10,4,-10,13,-7,-8,-19,-25,-7,-3,-25,-1,-2,21,11,15,-16,-4,9,11,10,29,9,-20,11,19,-11,-16,-29,-15,-14,-17,-7,5,-7,10,9,7,10,14,20,10,2,12,4,-14,-7,-4
294,837.4400000000000546,-9,6,1,6,0,9,-5,-2,-5,10,-6,11,-3,5,-5,1,3,-7,11,10,-3,-4,-15,11,15,-1,0,-12,-8,-6,-7,-11,-9,-3,2,3,3,3,2,-7,-3,6,21,7,6,-4,-1,-11,-13,-2,-5,4,-6,18,-3,4,5,-1,-3,-1,8,-7,4,2,2,8,-3,-3,16,1,7,7,11,-8,-11,-16,-15,1,15,22,23,16,3,2,6,17,20,13,5,4,13,7,1,3,22,35,2,-13,-5,8,25,2,13,5,11,10,-16,-2,7,-12,-8,-11,-11,5,5,-7,-10,-10,-25,-29,-20,-3,-28,8,8,-6,2,4,7,0,-11,-2,20,18,-1,6,6,-5,-4,1,1,1,7,2,-1,-9,0,-10,-7,-16,-6,4,-18,-9,-8,-10,-17,-31,-3,-15,-25,-12,-1,8,0,3,12,2,1,3,-16,2,7,3,-2,-25,-11,-20,-11,-4,-24,-12,2,0,12,7,-3,0,-5,13,20,1,15,8,0,-15,-7,-8
295,840.6399999999999864,1,0,6,2,9,5,4,-2,-3,-4,2,-2,2,4,5,4,2,-5,-1,1,16,0,-2,11,16,5,0,-5,-8,7,-1,-3,1,7,-4,2,6,8,-3,-4,-6,18,19,7,3,-5,-13,-12,-4,-12,-12,3,-2,-6,-2,-1,12,13,-6,0,1,-12,-8,3,5,10,4,8,-3,2,8,3,-6,5,14,-5,-6,-4,6,5,1,1,1,-3,12,9,11,9,3,13,-1,-8,4,16,24,-4,9,14,14,10,17,16,15,3,5,8,-21,-8,0,10,1,-14,-9,1,-9,4,-6,-10,-14,-37,-9,1,14,2,11,-4,1,12,7,-13,-4,11,25,16,15,13,17,0,-4,9,2,6,3,-5,4,-3,-6,-6,2,-7,-4,6,-6,3,-10,-17,-31,-16,-15,-17,-14,-11,-27,-13,15,9,16,-9,7,-7,-8,6,4,8,6,-9,-28,-20,-4,-5,-35,-13,-15,8,24,6,-10,-6,10,0,-3,7,14,2,-12,-10,-5,2
296,843.8400000000000318,20,-2,-3,11,12,7,-6,-1,3,6,0,7,7,4,2,11,-2,3,5,11,-1,-1,2,11,7,21,8,1,2,4,-8,2,-1,2,3,4,5,1,7,14,14,13,21,6,-11,-22,1,-10,-18,-15,-20,-9,0,-12,1,4,9,5,0,7,-4,3,16,4,8,-5,9,4,-2,4,11,9,8,25,-10,-3,-8,0,7,-10,18,6,7,9,7,10,4,5,3,5,5,0,-8,6,18,11,11,12,14,3,14,12,20,-1,-12,-6,40,3,1,-19,7,-5,-5,-11,5,-4,-3,-8,-25,-21,-5,6,5,2,13,13,1,14,-7,27,7,14,9,29,5,13,6,1,4,-1,9,6,-3,-3,-6,-7,6,-2,4,1,11,7,-1,-6,-24,-17,-3,-8,-18,7,-13,-4,-14,-13,-10,1,-5,17,2,-2,-8,-8,-1,4,11,-4,-22,-14,4,4,-25,-35,-11,11,18,11,-11,-12,-13,-18,-5,17,20,-2,-15,-7,-4,3
297,847.0399999999999636,19,6,14,-9,9,-3,-10,7,1,4,11,2,5,9,8,11,-7,-3,3,6,7,2,6,10,12,14,-4,0,12,12,13,-4,2,1,4,6,3,3,12,6,11,10,16,6,-6,-16,-10,-15,-14,-19,1,-8,-9,-14,-9,-5,2,16,-5,12,5,8,11,6,2,11,-1,3,-4,21,7,14,2,5,-5,-5,14,0,-2,-1,1,-3,4,-2,-1,6,5,-3,4,-3,4,12,-1,18,11,29,29,17,18,10,6,4,6,0,2,0,18,-1,13,5,1,-5,-3,2,-2,7,-3,-8,-24,-14,3,-8,-4,2,2,5,-1,-8,3,-20,-3,17,6,15,8,9,12,3,-2,15,3,2,-4,-7,-7,-4,-4,9,-5,0,2,1,2,2,-5,-5,20,2,-1,-15,-23,-13,-26,-20,-3,-6,8,8,6,6,3,5,7,-5,-9,-24,-30,-7,7,1,-15,-26,-14,-4,12,13,3,-18,-5,-16,-19,5,-7,-8,-24,-10,-12,7
298,850.2400000000000091,1,7,11,7,2,-2,-15,3,14,9,9,7,7,4,8,-1,5,-5,11,8,2,0,2,5,13,6,-9,10,4,17,19,6,14,12,3,5,9,0,19,8,11,15,15,8,-6,-3,-31,-17,-19,-14,-24,-11,-2,-17,-8,-9,-6,8,-13,3,8,2,-20,-4,-1,-15,1,-2,-7,-2,-1,6,17,26,3,9,-5,3,-3,-7,2,-3,-1,7,8,-10,-8,-7,5,1,18,-10,9,19,13,-6,17,26,14,13,14,9,6,6,4,5,-7,5,-4,12,10,-3,6,-9,2,3,-3,-2,-8,-5,-8,5,-3,-2,-5,0,0,-4,-13,9,13,20,7,3,7,3,7,5,-11,11,1,3,-24,-10,-19,-5,-1,3,2,2,1,0,2,-13,-4,4,2,2,8,-8,-9,-26,-27,-35,-9,-10,-5,3,-1,2,3,1,-10,3,11,-5,-13,-4,-1,17,-4,-12,-17,11,-6,16,-5,-12,-12,-24,-9,-16,-3,-12,-13,-6,-1,11
299,853.4400000000000546,11,12,-3,5,-6,-9,6,5,6,5,6,9,7,4,2,-5,-1,-5,8,9,17,0,3,-5,12,7,2,-3,13,6,1,13,12,4,1,6,3,5,14,12,8,-4,20,0,-5,-8,-16,-15,-20,-8,-25,-9,-9,-19,-4,9,8,19,-4,6,6,3,-19,2,0,26,-6,-14,-2,-4,0,9,-3,0,0,-1,3,2,-6,-16,-3,-8,0,-11,1,-11,-7,-9,-1,-6,-2,12,8,12,-3,3,12,19,11,7,4,7,17,0,-3,-7,3,-3,-1,16,2,4,-3,-13,4,8,7,-10,-10,-4,-9,-16,-6,-9,-17,2,6,5,-19,9,-7,12,-2,0,7,1,-9,-9,1,0,-1,-1,-14,-19,-14,11,-4,-1,8,-5,-4,-5,0,-12,-3,5,16,6,1,-10,-1,-19,-6,-3,-8,-10,14,13,8,11,6,0,-5,-10,1,-18,-3,8,0,0,-4,-5,1,-7,1,-3,-6,12,-16,-27,-21,-18,-23,-4,-23,-1,5,11
300,856.6399999999999864,2,-2,7,-2,-7,-10,-1,-3,4,0,7,3,4,2,-7,-8,-15,12,-4,-3,-7,2,1,4,-17,-1,-1,8,-1,-2,5,11,10,-5,5,-7,-8,-8,3,18,5,1,3,-3,-6,-4,-16,-19,-17,-9,-2,-4,-7,-8,-7,0,-3,12,16,1,7,-6,12,0,0,-15,-13,-15,-7,-4,0,2,2,4,11,4,3,2,0,-15,-10,-10,-6,-3,-2,-10,-15,-4,-3,-7,2,4,13,3,-4,29,10,21,12,8,2,7,-3,0,-4,1,0,-7,-7,6,-4,1,7,1,12,12,5,6,-1,-9,-4,-19,-10,-11,-13,-5,-3,3,1,-8,-2,7,-3,-5,-12,-6,-10,-5,11,0,0,-7,-17,-24,-15,-3,-8,8,3,-9,-1,-3,-4,-19,3,12,5,6,14,-5,-6,-12,3,-15,-11,-11,1,7,4,8,9,3,-5,-8,-35,3,14,12,-6,-6,16,11,-2,-3,6,-4,-1,-4,-22,-24,-14,-31,-17,-16,-18,6,11,9
301,859.8400000000000318,8,-3,-9,-14,-23,-16,-1,-4,0,1,9,7,4,2,-4,-5,4,6,-5,1,-2,5,1,-14,-24,-3,10,-9,-4,-3,12,17,2,-2,3,8,-6,-13,2,12,3,3,-7,-1,3,-5,-2,-9,-1,-14,4,-14,-16,-12,0,5,0,17,-2,-5,4,-5,-15,4,-4,-11,-15,-7,-14,-5,-1,2,-16,1,0,12,2,-1,-12,-3,-15,-15,-16,7,-4,-9,-13,-16,-2,-9,2,11,10,0,-6,-11,0,4,20,3,12,-3,-9,6,-11,-3,-9,-13,-8,1,2,5,20,11,-10,0,15,6,-1,-3,-4,-5,-10,-21,-20,-6,-4,10,-9,-11,10,2,-16,-9,-17,-4,-13,-3,0,7,-3,-15,-20,-24,-28,-5,-9,2,1,-7,-4,-26,-12,-14,-2,17,11,15,5,1,-4,13,9,-2,16,21,0,-8,-8,11,5,-1,-11,-16,-14,6,8,15,5,-2,16,20,13,6,-15,8,8,0,-16,-18,-29,-32,-19,-18,-8,7,7,-2
302,863.0399999999999636,-24,-10,-11,-1,-8,-4,-5,-1,-3,-1,-3,4,1,-2,-9,-8,2,-9,-1,-2,-7,2,6,-9,0,-19,-9,0,6,-17,8,8,3,-8,-3,-4,-2,0,-2,3,-5,-19,-7,0,1,5,-7,-13,-3,-10,-13,-6,-17,-11,-1,-1,-1,8,9,-3,3,-1,-18,3,-6,0,-7,-25,-12,2,-10,-14,4,-7,10,10,7,3,-5,-6,-6,-17,0,-7,-14,-18,-22,-8,-6,-6,-3,8,14,-3,-15,-14,-1,5,6,7,6,-2,-3,-3,-4,-7,-9,-8,-4,-15,5,0,21,9,20,5,7,0,13,3,8,-8,4,-5,-14,-17,9,1,-9,-1,2,-14,-24,5,-18,-21,-7,0,4,-2,-14,-19,-21,-19,-20,-8,-7,-4,-6,17,-5,3,-13,-4,2,16,13,24,12,9,4,-33,2,4,13,4,-13,2,3,2,0,-7,-20,-14,-3,-6,10,21,4,-3,22,11,30,-14,-15,-5,10,3,-13,-16,-19,-35,-18,-23,-5,-8,8,-2
303,866.2400000000000091,-13,-6,5,2,-8,-7,2,-2,-2,-7,5,-3,-6,-10,-15,0,-9,-1,-13,-2,-7,6,0,-18,-14,12,-10,-7,-5,-16,7,5,-10,-5,-6,-8,-12,-8,-3,-5,-7,5,-9,-5,-3,-4,-6,-12,-10,-10,-9,-1,-15,-10,-5,-10,-8,-2,-4,-5,-3,-5,15,5,-4,-10,-11,10,-14,-7,-11,-15,5,6,21,4,2,0,-3,-4,-14,-5,-9,-15,-8,-9,-12,-17,-14,2,-4,14,4,-9,-9,13,-1,-1,-9,6,-3,-6,-9,-14,-15,-12,-25,1,-1,-23,8,4,12,0,-11,-8,1,8,3,6,-2,8,1,0,-8,5,-4,6,-6,7,-4,-17,-19,-27,-13,-17,-23,-2,-3,-5,-23,-19,-13,-12,-13,-24,-9,-14,-2,12,-2,-19,-11,-2,17,8,13,5,-2,26,16,13,14,12,15,1,-1,-4,-7,3,-15,-30,-13,-11,-19,4,11,5,3,6,14,24,15,4,-9,-3,2,5,1,5,-24,-21,-25,-2,-3,2,4,-5
304,869.4400000000000546,3,6,-4,-9,-16,-4,2,-6,-7,3,4,-5,-2,-11,-14,-2,-4,4,-1,-6,-12,0,-11,-9,-13,-5,-1,-4,-3,0,-9,7,-8,-4,-9,-12,-7,-13,-7,-5,-4,2,-15,-7,-2,24,4,-1,1,-1,0,-3,-4,3,-8,-3,5,-5,3,-4,-7,0,-5,-9,-7,4,-7,7,-4,-13,1,-8,-7,-9,13,-12,-1,-8,-7,-5,-7,-6,-7,-4,-7,-12,-14,-3,2,-4,1,3,6,0,-9,-24,-8,-11,-8,9,-4,-11,-11,-14,-11,-25,-25,15,-1,11,-4,9,22,8,7,-1,3,-4,9,10,-1,0,9,-11,7,-6,-20,-10,20,-1,-18,-10,-31,-6,-12,-19,-11,-5,5,-2,-14,-10,-13,-12,-20,-13,-24,-7,-5,1,-7,-6,-4,6,21,8,17,-2,5,5,9,10,14,14,16,20,-9,6,2,-12,-5,3,-10,-18,12,4,11,-2,10,-4,10,10,12,7,-2,1,9,18,2,11,-8,-30,-14,1,2,8,2,-2
305,872.6399999999999864,-1,2,-7,-2,1,1,-5,-15,-7,-1,-3,-7,-5,-20,3,-2,-4,-16,6,4,-7,-7,-8,-17,-9,7,-2,-3,-8,3,-4,-1,-7,-11,-12,-7,-18,-15,-8,-11,-3,-16,-5,-5,0,-4,-4,5,1,8,3,6,-7,-3,-4,-12,2,-5,-1,-12,-7,17,-3,-5,-6,-5,-5,4,2,-15,-12,-9,-4,5,8,12,-4,-7,-11,-6,-9,-10,-2,-13,-10,-17,-9,0,-8,0,7,-3,-3,-6,0,-10,1,-13,-11,-7,-8,-14,-3,-10,-7,2,-4,-4,-10,7,-6,14,3,10,-2,-10,-13,-8,-1,7,8,6,6,9,-1,6,-5,6,7,2,-14,-14,-20,-24,-19,-15,-15,-11,-9,-12,-5,-8,-8,-5,-2,-9,-1,-2,-2,-8,-9,-5,-4,16,5,11,7,16,3,3,16,28,21,-1,14,9,6,-8,12,-8,1,-14,-5,-9,8,4,15,10,0,6,5,11,6,-3,-2,-2,4,2,16,-2,-3,-19,-12,4,7,3,-1,0
306,875.8400000000000318,2,-1,9,-10,0,5,-3,-8,-3,-10,-5,-10,4,-11,5,3,2,-3,4,-8,-5,-2,-2,-7,-3,-6,-3,8,1,7,-4,-8,-6,-6,-5,-25,-6,-12,-19,-10,-5,-2,-2,-4,2,-5,-1,0,1,6,13,-1,5,5,3,-2,-1,-5,18,-13,-2,-1,0,-11,-8,-15,-5,3,-9,-8,-7,-11,-4,12,-4,5,2,-2,-11,0,-4,-8,-13,-9,-12,-11,3,-6,-1,-1,-3,8,-12,-12,-3,9,-9,2,-13,-8,-3,-19,-19,-10,-13,-4,-24,-11,-11,-9,10,4,-6,5,10,-8,-2,1,9,9,1,3,6,11,3,5,12,6,6,8,-8,-23,-10,-10,-8,-4,-7,9,-9,-16,-10,-5,2,0,-2,-6,-9,7,9,9,-6,-17,6,-3,3,11,-10,0,3,-16,11,4,9,14,3,9,6,15,7,-14,-6,10,0,-5,-25,-11,-11,-1,11,11,17,16,8,-9,-1,-10,0,-3,12,19,-5,-5,6,3,14,1,1,6
307,879.0399999999999636,-7,-12,13,-9,-1,7,2,-7,-1,11,-5,-9,8,-4,1,-8,7,-11,-7,2,0,-3,-3,-6,9,2,1,5,3,4,-15,-15,-3,-1,-9,-12,-9,-19,-4,-15,-9,-10,-12,7,5,5,5,6,8,6,7,2,-2,-6,-12,-4,-4,-11,3,-1,-3,-12,-6,-6,-17,-12,-3,-16,1,-10,-3,-6,-7,-7,-24,7,1,-14,4,-5,-15,5,-11,-10,-12,-1,-1,-7,-8,-19,5,-16,-8,-2,-1,-26,-6,-14,-4,-18,-28,-8,-17,-15,-11,8,10,3,-1,2,-7,1,-22,5,-12,-8,-7,11,11,-3,-1,-6,-1,-5,4,-6,3,0,7,-21,-22,-11,-10,-12,-13,-16,6,-20,-2,-19,-3,-1,-4,4,2,1,0,-1,2,3,-7,-6,9,5,4,1,-6,2,0,10,16,8,-6,14,-6,2,28,5,3,-12,0,-10,8,3,9,6,10,0,-2,11,5,-1,5,0,0,-5,4,14,17,5,-3,8,4,11,13,-6,2,1
308,882.2400000000000091,1,-16,-9,-5,-11,6,15,5,0,-7,-4,-1,0,-7,-5,-7,-6,-4,-3,-3,-10,-8,-11,1,-6,-8,-4,-2,-2,9,-16,-7,2,-7,-11,-23,-20,-10,-12,-9,-2,-12,-7,-12,3,-5,6,13,0,-1,12,-1,4,1,10,-1,-3,-3,-9,2,-12,-3,-16,-15,-6,-6,-5,-4,4,-7,-9,-16,0,-3,13,-2,1,-1,1,-4,-10,-5,-2,1,-5,-13,-13,-13,-2,0,3,-5,-10,-17,-2,-3,-12,-23,-8,-11,0,-6,-13,-14,1,-14,6,-3,-6,1,-1,6,-8,-7,4,2,-2,2,-2,-1,-9,-10,9,13,0,1,1,-7,11,-5,-4,3,2,-7,-10,-5,1,6,-12,2,-2,6,0,13,10,2,1,-18,2,-5,-11,-13,-15,1,1,-4,-19,-10,4,-4,-8,11,-9,19,-7,1,5,-2,3,-12,-2,27,11,12,-2,-6,6,-9,11,14,5,0,-9,5,3,-5,-15,-12,2,-8,3,3,-1,-1,22,5,4,-3
309,885.4400000000000546,-9,3,0,6,-2,3,1,6,-4,-4,-15,-4,-3,11,5,-6,13,-4,-1,-11,-2,-7,5,10,5,10,5,2,-4,-3,1,3,3,-1,-3,3,0,10,-9,-15,0,18,-5,-8,-6,4,14,14,12,17,-5,0,14,12,-4,-12,-12,-9,-4,7,-4,-14,-2,-4,-10,-5,0,-3,-13,0,-7,-4,4,6,0,4,-3,-13,-3,11,1,4,-13,18,-9,-2,-10,4,-3,2,-12,-2,-7,-9,-9,19,-12,-15,-8,-14,0,-6,-14,-13,-2,9,4,2,-7,7,-19,-11,-10,-15,6,-9,-7,0,0,-5,-13,7,-10,7,13,4,0,-12,-5,-9,-7,-2,10,-5,5,5,2,-5,-5,-17,-4,2,9,13,16,8,10,1,-9,-10,0,-3,-1,-3,-9,-13,-5,-8,-9,-5,2,11,3,12,13,15,16,-2,-4,-5,9,16,12,23,3,10,17,6,0,-1,10,-1,-11,-1,7,-9,2,-15,-5,11,2,9,14,6,6,12,7,-7
310,888.6399999999999864,6,13,0,15,16,-4,12,10,9,-10,-3,-2,-7,0,-2,-10,-16,-4,-15,-1,-3,-10,-6,1,10,-13,5,-1,-2,-1,-15,-12,-6,-8,-1,-6,-1,-4,-12,-4,-6,-12,-13,-4,-8,-19,-1,3,-1,3,-7,4,6,4,3,6,-5,-17,-3,-11,4,9,0,-8,-10,-4,-17,-9,4,8,-11,-5,1,-8,15,-4,0,2,-3,3,-2,5,-2,-3,4,9,12,-3,-2,-2,-19,-11,-7,-30,5,-14,-5,-4,-13,-9,-18,2,-4,-4,16,4,1,-4,13,-13,-8,-8,-11,-3,-14,4,2,-2,2,3,-2,-6,-5,-5,1,4,-1,-13,-11,-7,15,5,14,-2,-7,2,-4,4,-5,-3,15,-8,19,15,30,18,10,-8,-12,0,-9,1,0,-1,-4,-14,12,-12,0,-2,2,-9,-3,-12,-5,1,-6,-6,-11,-5,-9,-14,7,11,1,9,6,12,13,7,3,-17,-4,-11,0,-11,-15,-12,-12,4,19,35,16,15,18,17,-2,-3
311,891.8400000000000318,16,-4,10,5,1,0,-4,6,-4,-10,-17,-14,1,-1,-3,10,-8,-1,3,1,5,-4,-8,6,1,-8,9,1,-11,-8,-4,-7,-4,2,5,1,-7,6,-3,-8,0,-6,-9,-9,0,12,12,11,-5,-4,16,5,4,16,-3,-17,2,-6,-6,-6,2,-7,3,-6,-3,-13,-6,-16,-13,-25,-3,0,8,6,5,0,-1,9,4,-6,-1,-2,9,22,-7,-2,6,14,12,-6,-6,-8,-5,-7,-10,-8,-7,-17,-1,-7,-6,-2,6,-4,1,1,16,7,-2,-3,0,1,-5,-6,-4,0,-5,-5,0,1,0,-18,6,2,11,0,-2,-18,-21,2,15,11,20,18,3,-10,6,2,2,3,2,1,19,18,17,14,10,1,-7,-20,0,-4,-9,-1,-8,-15,-12,-7,-17,-9,-9,-8,5,-13,9,-19,-18,-4,-12,-2,-5,-3,-4,13,-3,-6,-5,-1,8,-3,-17,-7,-22,-15,14,-11,-26,-24,-10,10,36,34,25,8,8,6,-5,8
312,895.0399999999999636,9,6,4,10,6,-8,-7,4,-4,-7,-20,-1,-17,7,13,1,5,3,-8,-2,-3,4,-9,0,-7,-7,-11,-2,-7,-3,8,0,-1,9,-4,1,9,7,8,-12,-5,3,16,-1,-13,-4,8,9,6,-1,3,0,6,-1,6,5,3,-8,6,-12,-26,-15,7,-5,-5,-6,-7,-11,4,-1,3,-5,-6,5,-20,-4,6,0,-4,-1,-2,9,-7,-38,5,5,12,14,13,7,-8,-13,-4,6,-5,1,-19,-16,-14,-7,-17,5,9,9,-7,4,-5,0,8,-13,-2,-12,-15,0,-13,-5,0,-12,-8,-15,-19,-6,-5,-4,13,-6,-14,-11,-13,5,19,-4,25,7,6,11,9,-11,-15,3,-3,9,6,8,18,2,23,8,-12,-9,2,9,-6,-7,-8,-21,-21,-15,-2,-2,-11,4,-23,-6,-7,-4,-5,-13,-5,-2,-18,-10,-12,-15,4,4,-1,-1,7,3,-24,-20,-13,-2,3,-15,-10,-5,0,3,30,25,11,20,3,-9,-6,16
313,898.2400000000000091,-12,4,-6,22,12,-1,10,1,-6,-2,7,3,-16,8,-7,-4,2,-6,-7,-9,1,-8,5,-1,4,-17,-6,-3,-13,-6,-4,3,-5,2,3,1,-2,4,-4,-10,-3,-13,6,-12,-11,-16,-5,-11,-8,-2,0,-2,-1,11,4,10,-5,-8,-11,-17,-3,8,-16,15,-2,-19,-11,2,-6,9,1,0,-6,-3,1,-17,-22,-10,-9,-13,-11,-11,-6,-10,8,5,15,9,1,8,-7,-15,-14,20,-8,-27,-15,-8,-8,-4,-1,7,-8,3,6,-9,20,-5,-7,-9,-8,-15,2,-13,-11,-6,-9,-12,-6,13,-6,-13,-20,5,-16,2,-7,-9,-13,10,8,19,17,8,19,14,-1,1,2,8,-1,7,1,7,13,8,8,-6,-2,0,3,-3,10,-4,-19,-19,-20,-11,-4,1,-3,-1,-8,-10,-23,-25,-25,-15,-4,6,-14,-14,-13,1,-11,-19,-17,-10,7,-1,-17,-11,-21,-8,-9,-14,-10,-24,-4,4,12,36,19,8,2,14,9,4
