x,E,N,z,h
1.367620346,259961.2861,4203339.794,3558.639404,20.7312694204394
1.395530965,259961.31,4203339.78,3558.639404,20.7349522724111
1.423441584,259961.3338,4203339.765,3558.634521,20.7386351243827
1.451352204,259961.3577,4203339.751,3558.634766,20.7423179764864
1.479262823,259961.3816,4203339.737,3558.635254,20.746000828458
1.507173442,259961.4055,4203339.722,3558.630615,20.7496836804297
1.535084062,259961.4293,4203339.708,3558.631592,20.7533665325333
1.562994681,259961.4532,4203339.693,3558.62793,20.757049384505
1.5909053,259961.4771,4203339.679,3558.628662,20.7607322364767
1.61881592,259961.501,4203339.664,3558.629395,20.7644150885803
1.646726539,259961.5249,4203339.65,3558.624268,20.768097940552
1.674637158,259961.5487,4203339.635,3558.625244,20.7717807925237
1.702547778,259961.5726,4203339.621,3558.618652,20.7754636446273
1.730458397,259961.5965,4203339.606,3558.619873,20.779146496599
1.758369016,259961.6204,4203339.592,3558.621094,20.7828293485706
1.786279635,259961.6442,4203339.578,3558.614014,20.7865122005423
1.814190255,259961.6681,4203339.563,3558.616455,20.7901950526459
1.842100874,259961.692,4203339.549,3558.609619,20.7938779046176
1.870011493,259961.7159,4203339.534,3558.614258,20.7975607565893
1.897922113,259961.7397,4203339.52,3558.619385,20.8012436086929
1.925832732,259961.7636,4203339.505,3558.614746,20.8049264606646
1.953743351,259961.7875,4203339.491,3558.621338,20.8086093126363
1.981653971,259961.8114,4203339.476,3558.617188,20.8122921647399
2.00956459,259961.8353,4203339.462,3558.626709,20.8159750167116
2.037475209,259961.8591,4203339.447,3558.633789,20.8196578686832
2.065385828,259961.883,4203339.433,3558.631836,20.8233407206549
2.093296448,259961.9069,4203339.419,3558.640137,20.8270235727585
2.121207067,259961.9308,4203339.404,3558.638428,20.8307064247302
2.149117686,259961.9546,4203339.39,3558.645752,20.8343892767019
2.177028306,259961.9785,4203339.375,3558.652832,20.8380721288055
2.204938925,259962.0024,4203339.361,3558.649658,20.8417549807772
2.232849544,259962.0263,4203339.346,3558.653809,20.8454378327489
2.260760164,259962.0502,4203339.332,3558.650146,20.8491206848525
2.288670783,259962.074,4203339.317,3558.652588,20.8528035368242
2.316581402,259962.0979,4203339.303,3558.65332,20.8564863887959
2.344492022,259962.1218,4203339.288,3558.648438,20.8601692408995
2.372402641,259962.1457,4203339.274,3558.648193,20.8638520928712
2.40031326,259962.1695,4203339.26,3558.646484,20.8675349448428
2.428223879,259962.1934,4203339.245,3558.639893,20.8712177968145
2.456134499,259962.2173,4203339.231,3558.637939,20.8749006489181
2.484045118,259962.2412,4203339.216,3558.630371,20.8785835008898
2.511955737,259962.2651,4203339.202,3558.627441,20.8822663528615
2.539866357,259962.2889,4203339.187,3558.624023,20.8859492049651
2.567776976,259962.3128,4203339.173,3558.617676,20.8896320569368
2.595687595,259962.3367,4203339.158,3558.614746,20.8933149089085
2.623598215,259962.3606,4203339.144,3558.608154,20.8969977610121
2.651508834,259962.3844,4203339.13,3558.60498,20.9006806129838
2.679419453,259962.4083,4203339.115,3558.602539,20.9043634649554
2.707330072,259962.4322,4203339.101,3558.595215,20.9080463169271
2.735240692,259962.4561,4203339.086,3558.592773,20.9117291690307
2.763151311,259962.48,4203339.072,3558.58667,20.9154120210024
2.79106193,259962.5038,4203339.057,3558.585205,20.9190948729741
2.81897255,259962.5277,4203339.043,3558.58374,20.9227777250777
2.846883169,259962.5516,4203339.028,3558.579102,20.9264605770494
2.874793788,259962.5755,4203339.014,3558.579102,20.9301434290211
2.902704408,259962.5993,4203338.999,3558.575195,20.9338262811247
2.930615027,259962.6232,4203338.985,3558.575684,20.9375091330964
2.958525646,259962.6471,4203338.971,3558.577148,20.941191985068
2.986436265,259962.671,4203338.956,3558.573975,20.9448748370397
3.014346885,259962.6949,4203338.942,3558.576172,20.9485576891434
3.042257504,259962.7187,4203338.927,3558.573486,20.952240541115
3.070168123,259962.7426,4203338.913,3558.576416,20.9559233930867
3.098078743,259962.7665,4203338.898,3558.582031,20.9596062451903
3.125989362,259962.7904,4203338.884,3558.579346,20.963289097162
3.153899981,259962.8142,4203338.869,3558.591553,20.9669719491337
3.181810601,259962.8381,4203338.855,3558.591797,20.9706548012373
3.20972122,259962.862,4203338.84,3558.612305,20.974337653209
3.237631839,259962.8859,4203338.826,3558.635742,20.9780205051807
3.265542459,259962.9097,4203338.812,3558.637939,20.9817033572843
3.293453078,259962.9336,4203338.797,3558.654053,20.985386209256
3.321363697,259962.9575,4203338.783,3558.655518,20.9890690612276
3.349274316,259962.9814,4203338.768,3558.668457,20.9927519131993
3.377184936,259963.0053,4203338.754,3558.682373,20.9964347653029
3.405095555,259963.0291,4203338.739,3558.683105,21.0001176172746
3.433006174,259963.053,4203338.725,3558.692871,21.0038004692463
3.460916794,259963.0769,4203338.71,3558.701172,21.0074833213499
3.488827413,259963.1008,4203338.696,3558.701416,21.0111661733216
3.516738032,259963.1246,4203338.682,3558.710205,21.0148490252933
3.544648652,259963.1485,4203338.667,3558.710449,21.0185318773969
3.572559271,259963.1724,4203338.653,3558.718994,21.0222147293686
3.60046989,259963.1963,4203338.638,3558.723145,21.0258975813402
3.628380509,259963.2202,4203338.624,3558.722412,21.0295804333119
3.656291129,259963.244,4203338.609,3558.723877,21.0332632854155
3.684201748,259963.2679,4203338.595,3558.723145,21.0369461373872
3.712112367,259963.2918,4203338.58,3558.724121,21.0406289893589
3.740022987,259963.3157,4203338.566,3558.725098,21.0443118414625
3.767933606,259963.3395,4203338.551,3558.723633,21.0479946934342
3.795844225,259963.3634,4203338.537,3558.724121,21.0516775454059
3.823754845,259963.3873,4203338.523,3558.723145,21.0553603975095
3.851665464,259963.4112,4203338.508,3558.723145,21.0590432494812
3.879576083,259963.4351,4203338.494,3558.7229,21.0627261014528
3.907486703,259963.4589,4203338.479,3558.722168,21.0664089535565
3.935397322,259963.4828,4203338.465,3558.72168,21.0700918055282
3.963307941,259963.5067,4203338.45,3558.719971,21.0737746574998
3.99121856,259963.5306,4203338.436,3558.718506,21.0774575094715
4.01912918,259963.5544,4203338.421,3558.716553,21.0811403615751
4.047039799,259963.5783,4203338.407,3558.711914,21.0848232135468
4.074950418,259963.6022,4203338.392,3558.703125,21.0885060655185
4.102861038,259963.6261,4203338.378,3558.689697,21.0921889176221
4.130771657,259963.65,4203338.364,3558.673096,21.0958717695938
4.158682276,259963.6738,4203338.349,3558.657959,21.0995546215655
4.186592896,259963.6977,4203338.335,3558.645996,21.1032374736691
4.214503515,259963.7216,4203338.32,3558.634277,21.1069203256408
4.242414134,259963.7455,4203338.306,3558.623047,21.1106031776124
4.270324753,259963.7693,4203338.291,3558.611328,21.1142860295841
4.298235373,259963.7932,4203338.277,3558.602539,21.1179688816877
4.326145992,259963.8171,4203338.262,3558.596191,21.1216517336594
4.354056611,259963.841,4203338.248,3558.590088,21.1253345856311
4.381967231,259963.8648,4203338.233,3558.584961,21.1290174377347
4.40987785,259963.8887,4203338.219,3558.581787,21.1327002897064
4.437788469,259963.9126,4203338.205,3558.579834,21.1363831416781
4.465699089,259963.9365,4203338.19,3558.577881,21.1400659937817
4.493609708,259963.9604,4203338.176,3558.577393,21.1437488457534
4.521520327,259963.9842,4203338.161,3558.577637,21.147431697725
4.549430946,259964.0081,4203338.147,3558.577393,21.1511145496967
4.577341566,259964.032,4203338.132,3558.578857,21.1547974018003
4.605252185,259964.0559,4203338.118,3558.579346,21.158480253772
4.633162804,259964.0797,4203338.103,3558.581787,21.1621631057437
4.661073424,259964.1036,4203338.089,3558.584229,21.1658459578473
4.688984043,259964.1275,4203338.075,3558.584961,21.169528809819
4.716894662,259964.1514,4203338.06,3558.588135,21.1732116617907
4.744805282,259964.1753,4203338.046,3558.588867,21.1768945138943
4.772715901,259964.1991,4203338.031,3558.591309,21.180577365866
4.80062652,259964.223,4203338.017,3558.594482,21.1842602178377
4.82853714,259964.2469,4203338.002,3558.594971,21.1879430699413
4.856447759,259964.2708,4203337.988,3558.598389,21.191625921913
4.884358378,259964.2946,4203337.973,3558.598389,21.1953087738846
4.912268997,259964.3185,4203337.959,3558.602539,21.1989916258563
4.940179617,259964.3424,4203337.944,3558.606934,21.2026744779599
4.968090236,259964.3663,4203337.93,3558.606445,21.2063573299316
4.996000855,259964.3902,4203337.916,3558.610596,21.2100401819033
5.023911475,259964.414,4203337.901,3558.610352,21.2137230340069
5.051822094,259964.4379,4203337.887,3558.614014,21.2174058859786
5.079732713,259964.4618,4203337.872,3558.617188,21.2210887379503
5.107643333,259964.4857,4203337.858,3558.616943,21.2247715900539
5.135553952,259964.5095,4203337.843,3558.62085,21.2284544420256
5.163464571,259964.5334,4203337.829,3558.620361,21.2321372939972
5.19137519,259964.5573,4203337.814,3558.624756,21.2358201459689
5.21928581,259964.5812,4203337.8,3558.63208,21.2395029980725
5.247196429,259964.6051,4203337.785,3558.631348,21.2431858500442
5.275107048,259964.6289,4203337.771,3558.637207,21.2468687020159
5.303017668,259964.6528,4203337.757,3558.635742,21.2505515541195
5.330928287,259964.6767,4203337.742,3558.642334,21.2542344060912
5.358838906,259964.7006,4203337.728,3558.650391,21.2579172580629
5.386749526,259964.7244,4203337.713,3558.64917,21.2616001101665
5.414660145,259964.7483,4203337.699,3558.657471,21.2652829621382
5.442570764,259964.7722,4203337.684,3558.665771,21.2689658141098
5.470481384,259964.7961,4203337.67,3558.664551,21.2726486662135
5.498392003,259964.82,4203337.655,3558.675537,21.2763315181851
5.526302622,259964.8438,4203337.641,3558.674072,21.2800143701568
5.554213241,259964.8677,4203337.626,3558.683838,21.2836972221285
5.582123861,259964.8916,4203337.612,3558.693115,21.2873800742321
5.61003448,259964.9155,4203337.598,3558.690674,21.2910629262038
5.637945099,259964.9393,4203337.583,3558.700684,21.2947457781755
5.665855719,259964.9632,4203337.569,3558.698975,21.2984286302791
5.693766338,259964.9871,4203337.554,3558.709229,21.3021114822508
5.721676957,259965.011,4203337.54,3558.718994,21.3057943342225
5.749587577,259965.0348,4203337.525,3558.716064,21.3094771863261
5.777498196,259965.0587,4203337.511,3558.726318,21.3131600382978
5.805408815,259965.0826,4203337.496,3558.725586,21.3168428902694
5.833319434,259965.1065,4203337.482,3558.737549,21.3205257422411
5.861230054,259965.1304,4203337.468,3558.748535,21.3242085943447
5.889140673,259965.1542,4203337.453,3558.748291,21.3278914463164
5.917051292,259965.1781,4203337.439,3558.760986,21.3315742982881
5.944961912,259965.202,4203337.424,3558.760986,21.3352571503917
5.972872531,259965.2259,4203337.41,3558.775146,21.3389400023634
6.00078315,259965.2497,4203337.395,3558.790039,21.3426228543351
6.02869377,259965.2736,4203337.381,3558.789551,21.3463057064387
6.056604389,259965.2975,4203337.366,3558.803711,21.3499885584104
6.084515008,259965.3214,4203337.352,3558.803467,21.353671410382
6.112425627,259965.3453,4203337.337,3558.817139,21.3573542623537
6.140336247,259965.3691,4203337.323,3558.830811,21.3610371144573
6.168246866,259965.393,4203337.309,3558.831543,21.364719966429
6.196157485,259965.4169,4203337.294,3558.844482,21.3684028184007
6.224068105,259965.4408,4203337.28,3558.845215,21.3720856705043
6.251978724,259965.4646,4203337.265,3558.856689,21.375768522476
6.279889343,259965.4885,4203337.251,3558.867188,21.3794513744477
6.307799963,259965.5124,4203337.236,3558.866943,21.3831342265513
6.335710582,259965.5363,4203337.222,3558.874023,21.386817078523
6.363621201,259965.5602,4203337.207,3558.873291,21.3904999304946
6.391531821,259965.584,4203337.193,3558.881104,21.3941827825983
6.41944244,259965.6079,4203337.178,3558.887451,21.3978656345699
6.447353059,259965.6318,4203337.164,3558.886719,21.4015484865416
6.475263678,259965.6557,4203337.15,3558.893555,21.4052313385133
6.503174298,259965.6795,4203337.135,3558.902588,21.4089141906169
6.531084917,259965.7034,4203337.121,3558.901855,21.4125970425886
6.558995536,259965.7273,4203337.106,3558.911621,21.4162798945603
6.586906156,259965.7512,4203337.092,3558.911377,21.4199627466639
6.614816775,259965.7751,4203337.077,3558.919434,21.4236455986356
6.642727394,259965.7989,4203337.063,3558.925049,21.4273284506073
6.670638014,259965.8228,4203337.048,3558.924316,21.4310113027109
6.698548633,259965.8467,4203337.034,3558.928467,21.4346941546826
6.726459252,259965.8706,4203337.02,3558.927979,21.4383770066542
6.754369871,259965.8944,4203337.005,3558.931152,21.4420598586259
6.782280491,259965.9183,4203336.991,3558.933838,21.4457427107295
6.81019111,259965.9422,4203336.976,3558.933594,21.4494255627012
6.838101729,259965.9661,4203336.962,3558.936035,21.4531084146729
6.866012349,259965.99,4203336.947,3558.935791,21.4567912667765
6.893922968,259966.0138,4203336.933,3558.938232,21.4604741187482
6.921833587,259966.0377,4203336.918,3558.940918,21.4641569707199
6.949744207,259966.0616,4203336.904,3558.940918,21.4678398228235
6.977654826,259966.0855,4203336.889,3558.945801,21.4715226747952
7.005565445,259966.1093,4203336.875,3558.947266,21.4752055267668
7.033476065,259966.1332,4203336.861,3558.954834,21.4788883788705
7.061386684,259966.1571,4203336.846,3558.961914,21.4825712308421
7.089297303,259966.181,4203336.832,3558.9646,21.4862540828138
7.117207922,259966.2048,4203336.817,3558.976563,21.4899369347855
7.145118542,259966.2287,4203336.803,3558.982666,21.4936197868891
7.173029161,259966.2526,4203336.788,3559,21.4984264500605
7.20093978,259966.2765,4203336.774,3559.019043,21.5033624909115
7.2288504,259966.3004,4203336.759,3559.025635,21.5082985319393
7.256761019,259966.3242,4203336.745,3559.039795,21.5132345727903
7.284671638,259966.3481,4203336.73,3559.044922,21.5181706136413
7.312582258,259966.372,4203336.716,3559.055908,21.5231066546691
7.340492877,259966.3959,4203336.702,3559.062988,21.5280426955201
7.368403496,259966.4197,4203336.687,3559.064941,21.5329787363711
7.396314115,259966.4436,4203336.673,3559.071777,21.5379147772221
7.424224735,259966.4675,4203336.658,3559.073486,21.5428508182499
7.452135354,259966.4914,4203336.644,3559.079346,21.5477868591009
7.480045973,259966.5153,4203336.629,3559.084717,21.5527228999518
7.507956593,259966.5391,4203336.615,3559.085449,21.5576589409797
7.535867212,259966.563,4203336.6,3559.09082,21.5625949818307
7.563777831,259966.5869,4203336.586,3559.097412,21.5675310226816
7.591688451,259966.6108,4203336.571,3559.097168,21.5724670637095
7.61959907,259966.6346,4203336.557,3559.105713,21.5774031045604
7.647509689,259966.6585,4203336.543,3559.103516,21.5823391454114
7.675420308,259966.6824,4203336.528,3559.11084,21.5872751862624
7.703330928,259966.7063,4203336.514,3559.114014,21.5922112272902
7.731241547,259966.7302,4203336.499,3559.105469,21.5971472681412
7.759152166,259966.754,4203336.485,3559.106201,21.6020833089922
7.787062786,259966.7779,4203336.47,3559.096924,21.60701935002
7.814973405,259966.8018,4203336.456,3559.097168,21.611955390871
7.842884024,259966.8257,4203336.441,3559.097656,21.616891431722
7.870794644,259966.8495,4203336.427,3559.092285,21.6218274727498
7.898705263,259966.8734,4203336.413,3559.093994,21.6267635136008
7.926615882,259966.8973,4203336.398,3559.090576,21.6316995544518
7.954526502,259966.9212,4203336.384,3559.092285,21.6366355954796
7.982437121,259966.9451,4203336.369,3559.094727,21.6415716363306
8.01034774,259966.9689,4203336.355,3559.092285,21.6465076771816
8.038258359,259966.9928,4203336.34,3559.094727,21.6514437180325
8.066168979,259967.0167,4203336.326,3559.093018,21.6563797590604
8.094079598,259967.0406,4203336.311,3559.095215,21.6613157999114
8.121990217,259967.0644,4203336.297,3559.097168,21.6662518407623
8.149900837,259967.0883,4203336.282,3559.095459,21.6711878817902
8.177811456,259967.1122,4203336.268,3559.097656,21.6761239226411
8.205722075,259967.1361,4203336.254,3559.095947,21.6810599634921
8.233632695,259967.1599,4203336.239,3559.0979,21.68599600452
8.261543314,259967.1838,4203336.225,3559.100098,21.6909320453709
8.289453933,259967.2077,4203336.21,3559.098877,21.6958680862219
8.317364552,259967.2316,4203336.196,3559.101074,21.7008041270729
8.345275172,259967.2555,4203336.181,3559.100098,21.7057401681007
8.373185791,259967.2793,4203336.167,3559.102051,21.7106762089517
8.40109641,259967.3032,4203336.152,3559.104248,21.7156122498027
8.42900703,259967.3271,4203336.138,3559.103027,21.7205482908305
8.456917649,259967.351,4203336.123,3559.10498,21.7254843316815
8.483555162,259967.3749,4203336.112,3559.10376,21.7301952215523
8.510192675,259967.3988,4203336.1,3559.105713,21.7349061114232
8.536830189,259967.4227,4203336.088,3559.105225,21.7396170014709
8.563467702,259967.4467,4203336.077,3559.107178,21.7443278913418
8.590105215,259967.4706,4203336.065,3559.106445,21.7490387812126
8.616742728,259967.4945,4203336.053,3559.108643,21.7537496710835
8.643380242,259967.5185,4203336.042,3559.10791,21.7584605611312
8.670017755,259967.5424,4203336.03,3559.110107,21.7631714510021
8.696655268,259967.5663,4203336.018,3559.108887,21.7678823408729
8.723292781,259967.5902,4203336.006,3559.111084,21.7725932307438
8.749930295,259967.6142,4203335.995,3559.109863,21.7773041207915
8.776567808,259967.6381,4203335.983,3559.111816,21.7820150106623
8.803205321,259967.662,4203335.971,3559.110107,21.7867259005332
8.829842834,259967.6859,4203335.96,3559.112305,21.7914367904041
8.856480348,259967.7099,4203335.948,3559.110107,21.7961476804518
8.883117861,259967.7338,4203335.936,3559.112549,21.8008585703226
8.909755374,259967.7577,4203335.924,3559.110352,21.8055694601935
8.936392887,259967.7816,4203335.913,3559.113281,21.8102803500643
8.963030401,259967.8056,4203335.901,3559.11084,21.8149912401121
8.989667914,259967.8295,4203335.889,3559.114746,21.8197021299829
9.016305427,259967.8534,4203335.878,3559.111816,21.8244130198538
9.04294294,259967.8773,4203335.866,3559.116455,21.8291239097246
9.069580454,259967.9013,4203335.854,3559.112793,21.8338347997723
9.096217967,259967.9252,4203335.842,3559.118164,21.8385456896432
9.12285548,259967.9491,4203335.831,3559.114502,21.8432565795141
9.149492993,259967.9731,4203335.819,3559.120361,21.8479674693849
9.176130507,259967.997,4203335.807,3559.11499,21.8526783594326
9.20276802,259968.0209,4203335.796,3559.121094,21.8573892493035
9.229405533,259968.0448,4203335.784,3559.115234,21.8621001391743
9.256043046,259968.0688,4203335.772,3559.122559,21.8668110290452
9.28268056,259968.0927,4203335.76,3559.116455,21.8715219190929
9.309318073,259968.1166,4203335.749,3559.124023,21.8762328089638
9.335955586,259968.1405,4203335.737,3559.11792,21.8809436988346
9.362593099,259968.1645,4203335.725,3559.125732,21.8856545887055
9.389230612,259968.1884,4203335.714,3559.121094,21.8903654785764
9.415868126,259968.2123,4203335.702,3559.128662,21.8950763686241
9.442505639,259968.2362,4203335.69,3559.124023,21.8997872584949
9.469143152,259968.2602,4203335.679,3559.131104,21.9044981483658
9.495780665,259968.2841,4203335.667,3559.125977,21.9092090382366
9.522418179,259968.308,4203335.655,3559.131348,21.9139199282843
9.549055692,259968.3319,4203335.643,3559.126221,21.9186308181552
9.575693205,259968.3559,4203335.632,3559.120361,21.9233417080261
9.602330718,259968.3798,4203335.62,3559.125732,21.9280525978969
9.628968232,259968.4037,4203335.608,3559.119141,21.9327634879446
9.655605745,259968.4277,4203335.597,3559.124268,21.9374743778155
9.682243258,259968.4516,4203335.585,3559.117676,21.9421852676863
9.708880771,259968.4755,4203335.573,3559.123047,21.9468961575572
9.735518285,259968.4994,4203335.561,3559.116211,21.9516070476049
9.762155798,259968.5234,4203335.55,3559.119873,21.9563179374758
9.788793311,259968.5473,4203335.538,3559.112549,21.9610288273466
9.815430824,259968.5712,4203335.526,3559.116455,21.9657397172175
9.842068338,259968.5951,4203335.515,3559.108887,21.9704506072652
9.868705851,259968.6191,4203335.503,3559.112061,21.9751614971361
9.895343364,259968.643,4203335.491,3559.104492,21.9798723870069
9.921980877,259968.6669,4203335.479,3559.106934,21.9845832768778
9.948618391,259968.6908,4203335.468,3559.099609,21.9892941669255
9.975255904,259968.7148,4203335.456,3559.101318,21.9940050567963
10.00189342,259968.7387,4203335.444,3559.094727,21.9987159471978
10.02853093,259968.7626,4203335.433,3559.09668,22.0034268365381
10.05516844,259968.7865,4203335.421,3559.090576,22.0081377258784
10.08180596,259968.8105,4203335.409,3559.092285,22.0128486169872
10.10844347,259968.8344,4203335.398,3559.087646,22.0175595063275
10.13508098,259968.8583,4203335.386,3559.0896,22.0222703956678
10.1617185,259968.8823,4203335.374,3559.085205,22.0269812867766
10.18835601,259968.9062,4203335.362,3559.088623,22.0316921761169
10.21499352,259968.9301,4203335.351,3559.085205,22.0364030654572
10.24163104,259968.954,4203335.339,3559.089111,22.041113956566
10.26826855,259968.978,4203335.327,3559.084717,22.0458248459063
10.29490606,259969.0019,4203335.316,3559.087646,22.0505357352467
10.32154358,259969.0258,4203335.304,3559.082764,22.0552466263555
10.34818109,259969.0497,4203335.292,3559.084229,22.0599575156958
10.3748186,259969.0737,4203335.28,3559.077393,22.0646684050361
10.40145612,259969.0976,4203335.269,3559.078369,22.0693792961449
10.42809363,259969.1215,4203335.257,3559.072021,22.0740901854852
10.45473114,259969.1454,4203335.245,3559.072266,22.0788010748255
10.48136866,259969.1694,4203335.234,3559.066162,22.0835119659343
10.50800617,259969.1933,4203335.222,3559.066406,22.0882228552746
10.53464368,259969.2172,4203335.21,3559.061768,22.0929337446149
10.5612812,259969.2411,4203335.198,3559.0625,22.0976446357238
10.58791871,259969.2651,4203335.187,3559.05835,22.1023555250641
10.61455622,259969.289,4203335.175,3559.059814,22.1070664144044
10.64119373,259969.3129,4203335.163,3559.055908,22.1117773037447
10.66783125,259969.3368,4203335.152,3559.057617,22.1164881948535
10.69446876,259969.3608,4203335.14,3559.054199,22.1211990841938
10.72110627,259969.3847,4203335.128,3559.055664,22.1259099735341
10.74774379,259969.4086,4203335.117,3559.052979,22.1306208646429
10.7743813,259969.4326,4203335.105,3559.054443,22.1353317539832
10.80101881,259969.4565,4203335.093,3559.052246,22.1400426433235
10.82765633,259969.4804,4203335.081,3559.053711,22.1447535344323
10.85429384,259969.5043,4203335.07,3559.051758,22.1494644237726
10.88093135,259969.5283,4203335.058,3559.053223,22.1541753131129
10.90756887,259969.5522,4203335.046,3559.051758,22.1588862042218
10.93420638,259969.5761,4203335.035,3559.053223,22.1635970935621
10.96084389,259969.6,4203335.023,3559.051514,22.1683079829024
10.98748141,259969.624,4203335.011,3559.049561,22.1730188740112
11.01411892,259969.6479,4203334.999,3559.05127,22.1777297633515
11.04075643,259969.6718,4203334.988,3559.049072,22.1824406526918
11.06739395,259969.6957,4203334.976,3559.051758,22.1871515438006
11.09403146,259969.7197,4203334.964,3559.048828,22.1918624331409
11.12066897,259969.7436,4203334.953,3559.051758,22.1965733224812
11.14730649,259969.7675,4203334.941,3559.04834,22.20128421359
11.173944,259969.7914,4203334.929,3559.052246,22.2059951029303
11.20058151,259969.8154,4203334.917,3559.048584,22.2107059922707
11.22721903,259969.8393,4203334.906,3559.052734,22.2154168833795
11.25385654,259969.8632,4203334.894,3559.049316,22.2201277727198
11.28049405,259969.8872,4203334.882,3559.053223,22.2248386620601
11.30713157,259969.9111,4203334.871,3559.049805,22.2295495531689
11.33376908,259969.935,4203334.859,3559.053467,22.2342604425092
11.36040659,259969.9589,4203334.847,3559.050293,22.2389713318495
11.38704411,259969.9829,4203334.836,3559.054199,22.2436822229583
11.41368162,259970.0068,4203334.824,3559.051025,22.2483931122986
11.44031913,259970.0307,4203334.812,3559.055176,22.2531040016389
11.46695665,259970.0546,4203334.8,3559.05249,22.2578148927478
11.49359416,259970.0786,4203334.789,3559.057129,22.2625257820881
11.52023167,259970.1025,4203334.777,3559.053955,22.2672366714284
11.54686919,259970.1264,4203334.765,3559.05957,22.2719475625372
11.5735067,259970.1503,4203334.754,3559.057861,22.2766584518775
11.60014421,259970.1743,4203334.742,3559.063477,22.2813693412178
11.62678172,259970.1982,4203334.73,3559.061523,22.2860802305581
11.65341924,259970.2221,4203334.718,3559.068359,22.2907911216669
11.68005675,259970.246,4203334.707,3559.066895,22.2955020110072
11.70669426,259970.27,4203334.695,3559.07373,22.3002129003475
11.73333178,259970.2939,4203334.683,3559.071777,22.3049237914563
11.75996929,259970.3178,4203334.672,3559.077881,22.3096346807966
11.7866068,259970.3418,4203334.66,3559.076904,22.3143455701369
11.81324432,259970.3657,4203334.648,3559.082031,22.3190564612458
11.83988183,259970.3896,4203334.636,3559.081055,22.3237673505861
11.86651934,259970.4135,4203334.625,3559.085205,22.3284782399264
11.89315686,259970.4375,4203334.613,3559.084229,22.3331891310352
11.91979437,259970.4614,4203334.601,3559.088135,22.3379000203755
11.94643188,259970.4853,4203334.59,3559.086914,22.3426109097158
11.9730694,259970.5092,4203334.578,3559.090332,22.3473218008246
11.99970691,259970.5332,4203334.566,3559.089355,22.3520326901649
12.02634442,259970.5571,4203334.555,3559.093262,22.3567435795052
12.05298194,259970.581,4203334.543,3559.091797,22.361454470614
12.07961945,259970.6049,4203334.531,3559.097656,22.3661653599544
12.10625696,259970.6289,4203334.519,3559.096924,22.3708762492947
12.13289448,259970.6528,4203334.508,3559.103027,22.3755871404035
12.15953199,259970.6767,4203334.496,3559.102295,22.3802980297438
12.1861695,259970.7006,4203334.484,3559.108643,22.3850089190841
12.21280702,259970.7246,4203334.473,3559.108398,22.3897198101929
12.23944453,259970.7485,4203334.461,3559.116943,22.3944306995332
12.26608204,259970.7724,4203334.449,3559.116943,22.3991415888735
12.29271956,259970.7964,4203334.437,3559.126465,22.4038524799823
12.31935707,259970.8203,4203334.426,3559.127686,22.4085633693226
12.34599458,259970.8442,4203334.414,3559.139648,22.4132742586629
12.3726321,259970.8681,4203334.402,3559.141602,22.4179851497718
12.39926961,259970.8921,4203334.391,3559.144287,22.4226960391121
12.42590712,259970.916,4203334.379,3559.15625,22.4274069284524
12.45254464,259970.9399,4203334.367,3559.15918,22.4321178195612
12.47918215,259970.9638,4203334.355,3559.170654,22.4368287089015
12.50581966,259970.9878,4203334.344,3559.17334,22.4415395982418
12.53245718,259971.0117,4203334.332,3559.180664,22.4462504893506
12.55909469,259971.0356,4203334.32,3559.182861,22.4509613786909
12.5857322,259971.0595,4203334.309,3559.189453,22.4556722680312
12.61236971,259971.0835,4203334.297,3559.193848,22.4603831573715
12.63900723,259971.1074,4203334.285,3559.204834,22.4650940484803
12.66564474,259971.1313,4203334.274,3559.207764,22.4698049378206
12.69228225,259971.1552,4203334.262,3559.214111,22.4745158271609
12.71891977,259971.1792,4203334.25,3559.214111,22.4792267182698
12.74555728,259971.2031,4203334.238,3559.218018,22.4839376076101
12.77219479,259971.227,4203334.227,3559.216797,22.4886484969504
12.79883231,259971.251,4203334.215,3559.219482,22.4933593880592
12.82546982,259971.2749,4203334.203,3559.217773,22.4980702773995
12.85210733,259971.2988,4203334.192,3559.219238,22.5027811667398
12.87874485,259971.3227,4203334.18,3559.216797,22.5074920578486
12.90538236,259971.3467,4203334.168,3559.217285,22.5122029471889
12.93201987,259971.3706,4203334.156,3559.215088,22.5169138365292
12.95865739,259971.3945,4203334.145,3559.214355,22.521624727638
12.9852949,259971.4184,4203334.133,3559.209229,22.5263356169784
13.01193241,259971.4424,4203334.121,3559.200928,22.5310465063187
13.03856993,259971.4663,4203334.11,3559.189941,22.5357573974275
13.06520744,259971.4902,4203334.098,3559.177979,22.5404682867678
13.09184495,259971.5141,4203334.086,3559.167725,22.5451791761081
13.11848247,259971.5381,4203334.074,3559.160645,22.5498900672169
13.14511998,259971.562,4203334.063,3559.152344,22.5546009565572
13.17175749,259971.5859,4203334.051,3559.148193,22.5593118458975
13.19839501,259971.6098,4203334.039,3559.141602,22.5640227370063
13.22503252,259971.6338,4203334.028,3559.13916,22.5687336263466
13.25167003,259971.6577,4203334.016,3559.134766,22.5734445156869
13.27830755,259971.6816,4203334.004,3559.131348,22.5781554067958
13.30494506,259971.7055,4203333.993,3559.126709,22.5828662961361
13.33158257,259971.7295,4203333.981,3559.124512,22.5875771854764
13.35822009,259971.7534,4203333.969,3559.12207,22.5922880765852
13.3848576,259971.7773,4203333.957,3559.121582,22.5969989659255
13.41149511,259971.8013,4203333.946,3559.119873,22.6017098552658
13.43813263,259971.8252,4203333.934,3559.119629,22.6064207463746
13.46477014,259971.8491,4203333.922,3559.118164,22.6111316357149
13.49140765,259971.873,4203333.911,3559.119385,22.6158425250552
13.51804517,259971.897,4203333.899,3559.118652,22.620553416164
13.54468268,259971.9209,4203333.887,3559.121826,22.6252643055043
13.57132019,259971.9448,4203333.875,3559.121094,22.6299751948446
13.5979577,259971.9687,4203333.864,3559.124512,22.634686084185
13.62459522,259971.9927,4203333.852,3559.124023,22.6393969752938
13.65123273,259972.0166,4203333.84,3559.132324,22.6441078646341
13.67787024,259972.0405,4203333.829,3559.131348,22.6488187539744
13.70450776,259972.0644,4203333.817,3559.141357,22.6535296450832
13.73114527,259972.0884,4203333.805,3559.140869,22.6582405344235
13.75778278,259972.1123,4203333.793,3559.153564,22.6629514237638
13.7844203,259972.1362,4203333.782,3559.153076,22.6676623148726
13.81105781,259972.1601,4203333.77,3559.152832,22.6723732042129
13.83769532,259972.1841,4203333.758,3559.168457,22.6770840935532
13.86433284,259972.208,4203333.747,3559.170654,22.6817949846621
13.89097035,259972.2319,4203333.735,3559.188477,22.6865058740024
13.91760786,259972.2559,4203333.723,3559.191895,22.6912167633427
13.94424538,259972.2798,4203333.711,3559.203369,22.6951962909347
13.97088289,259972.3037,4203333.7,3559.205078,22.6961931113244
13.9975204,259972.3276,4203333.688,3559.215332,22.697189931714
14.02415792,259972.3516,4203333.676,3559.216553,22.6981867524779
14.05079543,259972.3755,4203333.665,3559.225342,22.6991835728676
14.07743294,259972.3994,4203333.653,3559.226563,22.7001803932572
14.10407046,259972.4233,4203333.641,3559.23584,22.7011772140211
14.13070797,259972.4473,4203333.63,3559.237793,22.7021740344108
14.15734548,259972.4712,4203333.618,3559.247314,22.7031708548004
14.183983,259972.4951,4203333.606,3559.248291,22.7041676755643
14.21062051,259972.519,4203333.594,3559.258057,22.705164495954
14.23725802,259972.543,4203333.583,3559.259766,22.7061613163437
14.26389554,259972.5669,4203333.571,3559.269775,22.7071581371075
14.29053305,259972.5908,4203333.559,3559.27124,22.7081549574972
14.31717056,259972.6147,4203333.548,3559.279297,22.7091517778869
14.34380808,259972.6387,4203333.536,3559.280762,22.7101485986508
14.37044559,259972.6626,4203333.524,3559.286865,22.7111454190404
14.3970831,259972.6865,4203333.512,3559.287842,22.7121422394301
14.42372062,259972.7105,4203333.501,3559.292236,22.713139060194
14.45035813,259972.7344,4203333.489,3559.292969,22.7141358805836
14.47699564,259972.7583,4203333.477,3559.300537,22.7151327009733
14.50363316,259972.7822,4203333.466,3559.301758,22.7161295217372
14.53027067,259972.8062,4203333.454,3559.310791,22.7171263421269
14.55690818,259972.8301,4203333.442,3559.311768,22.7181231625165
14.58354569,259972.854,4203333.43,3559.320068,22.7191199829062
14.61018321,259972.8779,4203333.419,3559.320557,22.7201168036701
14.63682072,259972.9019,4203333.407,3559.326904,22.7211136240597
14.66345823,259972.9258,4203333.395,3559.32666,22.7221104444494
14.69009575,259972.9497,4203333.384,3559.329834,22.7231072652133
14.71673326,259972.9736,4203333.372,3559.328857,22.724104085603
14.74337077,259972.9976,4203333.36,3559.331299,22.7251009059926
14.77000829,259973.0215,4203333.349,3559.330322,22.7260977267565
14.7966458,259973.0454,4203333.337,3559.332031,22.7270945471462
14.82328331,259973.0693,4203333.325,3559.330322,22.7280913675358
14.84992083,259973.0933,4203333.313,3559.331787,22.7290881882997
14.87655834,259973.1172,4203333.302,3559.329346,22.7300850086894
14.90319585,259973.1411,4203333.29,3559.329834,22.731081829079
14.92983337,259973.1651,4203333.278,3559.326904,22.7320786498429
14.95647088,259973.189,4203333.267,3559.327148,22.7330754702326
14.98310839,259973.2129,4203333.255,3559.32373,22.7340722906223
15.00974591,259973.2368,4203333.243,3559.32373,22.7350691113861
15.03638342,259973.2608,4203333.231,3559.319336,22.7360659317758
15.06302093,259973.2847,4203333.22,3559.319336,22.7370627521655
15.08965845,259973.3086,4203333.208,3559.314941,22.7380595729294
15.11629596,259973.3325,4203333.196,3559.314941,22.739056393319
15.14293347,259973.3565,4203333.185,3559.310059,22.7400532137087
15.16957099,259973.3804,4203333.173,3559.310791,22.7410500344726
15.1962085,259973.4043,4203333.161,3559.306641,22.7420468548622
15.22284601,259973.4282,4203333.149,3559.302734,22.7430436752519
15.24948353,259973.4522,4203333.138,3559.304688,22.7440404960158
15.27612104,259973.4761,4203333.126,3559.301514,22.7450373164055
15.30275855,259973.5,4203333.114,3559.303467,22.7460341367951
15.32939607,259973.5239,4203333.103,3559.301025,22.747030957559
15.35603358,259973.5479,4203333.091,3559.303955,22.7480277779487
15.38267109,259973.5718,4203333.079,3559.301758,22.7490245983383
15.40930861,259973.5957,4203333.068,3559.307617,22.7500214191022
15.43594612,259973.6197,4203333.056,3559.306641,22.7510182394919
15.46258363,259973.6436,4203333.044,3559.314209,22.7520150598816
15.48922115,259973.6675,4203333.032,3559.313721,22.7530118806454
15.51585866,259973.6914,4203333.021,3559.323242,22.7540087010351
15.54249617,259973.7154,4203333.009,3559.323975,22.7550055214248
15.56913368,259973.7393,4203332.997,3559.334473,22.7560023418144
15.5957712,259973.7632,4203332.986,3559.335938,22.7569991625783
15.62240871,259973.7871,4203332.974,3559.348633,22.757995982968
15.64904622,259973.8111,4203332.962,3559.35083,22.7589928033577
15.67568374,259973.835,4203332.95,3559.363037,22.7599896241215
15.70232125,259973.8589,4203332.939,3559.364746,22.7609864445112
15.72895876,259973.8828,4203332.927,3559.376709,22.7619832649009
15.75559628,259973.9068,4203332.915,3559.377686,22.7629800856648
15.78223379,259973.9307,4203332.904,3559.385742,22.7639769060544
15.8088713,259973.9546,4203332.892,3559.386475,22.7649737264441
15.83550882,259973.9785,4203332.88,3559.39502,22.765970547208
15.86214633,259974.0025,4203332.868,3559.395264,22.7669673675976
15.88878384,259974.0264,4203332.857,3559.404053,22.7679641879873
15.91542136,259974.0503,4203332.845,3559.404053,22.7689610087512
15.94205887,259974.0742,4203332.833,3559.41333,22.7699578291408
15.96869638,259974.0982,4203332.822,3559.413574,22.7709546495305
15.9953339,259974.1221,4203332.81,3559.424805,22.7719514702944
16.02197141,259974.146,4203332.798,3559.425293,22.7729482906841
16.04860892,259974.17,4203332.787,3559.431396,22.7739451110737
16.07524644,259974.1939,4203332.775,3559.430176,22.7749419318376
16.10188395,259974.2178,4203332.763,3559.432617,22.7759387522273
16.12852146,259974.2417,4203332.751,3559.430908,22.7769355726169
16.15515898,259974.2657,4203332.74,3559.432861,22.7779323933808
16.18179649,259974.2896,4203332.728,3559.430664,22.7789292137705
16.208434,259974.3135,4203332.716,3559.432129,22.7799260341602
16.23507152,259974.3374,4203332.705,3559.429932,22.780922854924
16.26170903,259974.3614,4203332.693,3559.431152,22.7819196753137
16.28834654,259974.3853,4203332.681,3559.427979,22.7829164957034
16.31498406,259974.4092,4203332.669,3559.428711,22.7839133164673
16.34162157,259974.4331,4203332.658,3559.425537,22.7849101368569
16.36825908,259974.4571,4203332.646,3559.425781,22.7859069572466
16.3948966,259974.481,4203332.634,3559.423584,22.7869037780105
16.42153411,259974.5049,4203332.623,3559.423828,22.7879005984001
16.44817162,259974.5288,4203332.611,3559.422119,22.7888974187898
16.47480913,259974.5528,4203332.599,3559.421143,22.7898942391795
16.50144665,259974.5767,4203332.587,3559.417969,22.7908910599434
16.52808416,259974.6006,4203332.576,3559.416992,22.791887880333
16.55472167,259974.6246,4203332.564,3559.412354,22.7928847007227
16.58135919,259974.6485,4203332.552,3559.407715,22.7938815214866
16.6079967,259974.6724,4203332.541,3559.407715,22.7948783418762
16.63463421,259974.6963,4203332.529,3559.403564,22.7958751622659
16.66127173,259974.7203,4203332.517,3559.404297,22.7968719830298
16.68790924,259974.7442,4203332.506,3559.400391,22.7978688034194
16.71454675,259974.7681,4203332.494,3559.402344,22.7988656238091
16.74118427,259974.792,4203332.482,3559.398682,22.799862444573
16.76782178,259974.816,4203332.47,3559.400879,22.8008592649627
16.79445929,259974.8399,4203332.459,3559.396973,22.8018560853523
16.82109681,259974.8638,4203332.447,3559.399658,22.8028529061162
16.84773432,259974.8877,4203332.435,3559.395264,22.8038497265059
16.87437183,259974.9117,4203332.424,3559.396973,22.8048465468955
16.90100935,259974.9356,4203332.412,3559.392578,22.8058433676594
16.92764686,259974.9595,4203332.4,3559.395264,22.8068401880491
16.95428437,259974.9834,4203332.388,3559.391113,22.8078370084388
16.98092189,259975.0074,4203332.377,3559.394531,22.8088338292026
17.0075594,259975.0313,4203332.365,3559.390869,22.8098306495923
17.03419691,259975.0552,4203332.353,3559.395508,22.810827469982
17.06083443,259975.0792,4203332.342,3559.391602,22.8118242907459
17.08747194,259975.1031,4203332.33,3559.396729,22.8128211111355
17.11410945,259975.127,4203332.318,3559.392578,22.8138179315252
17.14074697,259975.1509,4203332.306,3559.397461,22.8148147522891
17.16738448,259975.1749,4203332.295,3559.393066,22.8158115726787
17.19402199,259975.1988,4203332.283,3559.396484,22.8168083930684
17.22065951,259975.2227,4203332.271,3559.390625,22.8178052138323
17.24729702,259975.2466,4203332.26,3559.392822,22.818802034222
17.27393453,259975.2706,4203332.248,3559.38623,22.8197988546116
17.30057205,259975.2945,4203332.236,3559.388428,22.8207956753755
17.32720956,259975.3184,4203332.225,3559.381348,22.8217924957652
17.35384707,259975.3423,4203332.213,3559.383301,22.8227893161548
17.38048459,259975.3663,4203332.201,3559.376953,22.8237861369187
17.4071221,259975.3902,4203332.189,3559.378906,22.8247829573084
17.43375961,259975.4141,4203332.178,3559.374756,22.8257797776981
17.46039712,259975.438,4203332.166,3559.377441,22.8267765980877
17.48703464,259975.462,4203332.154,3559.373779,22.8277734188516
17.51367215,259975.4859,4203332.143,3559.377441,22.8287702392413
17.54030966,259975.5098,4203332.131,3559.374023,22.8297670596309
17.56694718,259975.5338,4203332.119,3559.377686,22.8307638803948
17.59358469,259975.5577,4203332.107,3559.373779,22.8317607007845
17.6202222,259975.5816,4203332.096,3559.376465,22.8327575211741
17.64685972,259975.6055,4203332.084,3559.371826,22.833754341938
17.67349723,259975.6295,4203332.072,3559.373779,22.8347511623277
17.70013474,259975.6534,4203332.061,3559.369141,22.8357479827174
17.72677226,259975.6773,4203332.049,3559.369629,22.8367448034812
17.75340977,259975.7012,4203332.037,3559.36499,22.8377416238709
17.78004728,259975.7252,4203332.025,3559.36499,22.8387384442606
17.8066848,259975.7491,4203332.014,3559.361328,22.8397352650245
17.83332231,259975.773,4203332.002,3559.361328,22.8407320854141
17.85995982,259975.7969,4203331.99,3559.358154,22.8417289058038
17.88659734,259975.8209,4203331.979,3559.357666,22.8427257265677
17.91323485,259975.8448,4203331.967,3559.355713,22.8437225469573
17.93987236,259975.8687,4203331.955,3559.35498,22.844719367347
17.96650988,259975.8926,4203331.943,3559.353516,22.8457161881109
17.99314739,259975.9166,4203331.932,3559.351807,22.8467130085006
18.0197849,259975.9405,4203331.92,3559.349609,22.8477098288902
18.04642242,259975.9644,4203331.908,3559.346191,22.8487066496541
18.07305993,259975.9884,4203331.897,3559.342529,22.8497034700438
18.09969744,259976.0123,4203331.885,3559.3396,22.8507002904334
18.12633496,259976.0362,4203331.873,3559.336426,22.8516971111973
18.15297247,259976.0601,4203331.862,3559.332764,22.852693931587
18.17960998,259976.0841,4203331.85,3559.329346,22.8536907519767
18.2062475,259976.108,4203331.838,3559.326172,22.8546875727405
18.23288501,259976.1319,4203331.826,3559.32373,22.8556843931302
18.25952252,259976.1558,4203331.815,3559.321045,22.8566812135199
18.28616004,259976.1798,4203331.803,3559.319824,22.8576780342838
18.31279755,259976.2037,4203331.791,3559.317139,22.8586748546734
18.33943506,259976.2276,4203331.78,3559.316895,22.8596716750631
18.36607258,259976.2515,4203331.768,3559.313477,22.860668495827
18.39271009,259976.2755,4203331.756,3559.313477,22.8616653162166
18.4193476,259976.2994,4203331.744,3559.310059,22.8626621366063
18.44526483,259976.3233,4203331.734,3559.311035,22.8636320029079
18.47118206,259976.3472,4203331.725,3559.308105,22.8646018692095
18.49709928,259976.3712,4203331.715,3559.310303,22.8655717351369
18.52301651,259976.3951,4203331.705,3559.308105,22.8665416014385
18.54893374,259976.419,4203331.695,3559.306641,22.8675114677401
18.57485097,259976.4429,4203331.685,3559.3125,22.8684813340417
18.60076819,259976.4669,4203331.675,3559.312744,22.8694511999691
18.62668542,259976.4908,4203331.665,3559.32251,22.8704210662707
18.65260265,259976.5147,4203331.655,3559.32373,22.8713909325723
18.67851988,259976.5386,4203331.645,3559.33374,22.8723607988739
18.7044371,259976.5626,4203331.635,3559.335205,22.8733306648013
18.73035433,259976.5865,4203331.625,3559.335938,22.8743005311029
18.75627156,259976.6104,4203331.615,3559.343994,22.8752703974045
18.78218879,259976.6343,4203331.605,3559.343506,22.8762402637061
18.80810601,259976.6582,4203331.595,3559.348145,22.8772101296335
18.83402324,259976.6822,4203331.585,3559.34668,22.8781799959351
18.85994047,259976.7061,4203331.575,3559.344482,22.8791498622367
18.8858577,259976.73,4203331.565,3559.346924,22.8801197285383
18.91177492,259976.7539,4203331.555,3559.344482,22.8810895944657
18.93769215,259976.7779,4203331.545,3559.346191,22.8820594607673
18.96360938,259976.8018,4203331.535,3559.343018,22.8830293270689
18.9895266,259976.8257,4203331.525,3559.343994,22.8839991929963
19.01544383,259976.8496,4203331.515,3559.339844,22.8849690592979
19.04136106,259976.8736,4203331.505,3559.335938,22.8859389255995
19.06727829,259976.8975,4203331.495,3559.33667,22.8869087919011
19.09319551,259976.9214,4203331.485,3559.332275,22.8878786578285
19.11911274,259976.9453,4203331.475,3559.332275,22.8888485241301
19.14502997,259976.9693,4203331.465,3559.327148,22.8898183904317
19.1709472,259976.9932,4203331.455,3559.321777,22.8907882567333
19.19686442,259977.0171,4203331.445,3559.320801,22.8917581226607
19.22278165,259977.041,4203331.435,3559.313965,22.8927279889623
19.24869888,259977.0649,4203331.425,3559.312256,22.8936978552639
19.27461611,259977.0889,4203331.416,3559.306152,22.8946677215655
19.30053333,259977.1128,4203331.406,3559.30542,22.8956375874929
19.32645056,259977.1367,4203331.396,3559.300537,22.8966074537945
19.35236779,259977.1606,4203331.386,3559.295898,22.8975773200961
19.37828502,259977.1846,4203331.376,3559.296387,22.8985471863977
19.40420224,259977.2085,4203331.366,3559.293213,22.8995170523251
19.43011947,259977.2324,4203331.356,3559.293457,22.9004869186267
19.4560367,259977.2563,4203331.346,3559.290527,22.9014567849283
19.48195393,259977.2803,4203331.336,3559.288086,22.9024266512299
19.50787115,259977.3042,4203331.326,3559.288818,22.9033965171573
19.53378838,259977.3281,4203331.316,3559.286621,22.9043663834589
19.55970561,259977.352,4203331.306,3559.287354,22.9053362497605
19.58562284,259977.376,4203331.296,3559.284912,22.9063061160621
19.61154006,259977.3999,4203331.286,3559.286133,22.9072759819895
19.63745729,259977.4238,4203331.276,3559.283691,22.9082458482911
19.66337452,259977.4477,4203331.266,3559.281006,22.9092157145927
19.68929175,259977.4716,4203331.256,3559.283447,22.9101855808943
19.71520897,259977.4956,4203331.246,3559.280762,22.9111554468217
19.7411262,259977.5195,4203331.236,3559.284424,22.9121253131233
19.76704343,259977.5434,4203331.226,3559.280762,22.9130951794249
19.79296066,259977.5673,4203331.216,3559.274902,22.9140650457265
19.81887788,259977.5913,4203331.206,3559.280273,22.9150349116539
19.84479511,259977.6152,4203331.196,3559.273926,22.9160047779555
19.87071234,259977.6391,4203331.186,3559.280762,22.9169746442571
19.89662956,259977.663,4203331.176,3559.273193,22.9179445101845
19.92254679,259977.687,4203331.166,3559.281738,22.9189143764861
19.94846402,259977.7109,4203331.156,3559.272705,22.9198842427877
19.97438125,259977.7348,4203331.146,3559.263916,22.9208541090893
20.00029847,259977.7587,4203331.136,3559.270264,22.9218239750167
20.0262157,259977.7827,4203331.126,3559.26001,22.9227938413183
20.05213293,259977.8066,4203331.116,3559.265625,22.9237637076199
20.07805016,259977.8305,4203331.106,3559.256348,22.9247335739216
20.10396738,259977.8544,4203331.097,3559.248291,22.9257034398489
20.12988461,259977.8783,4203331.087,3559.252441,22.9266733061505
20.15580184,259977.9023,4203331.077,3559.244385,22.9276431724522
20.18171907,259977.9262,4203331.067,3559.248535,22.9286130387538
20.20763629,259977.9501,4203331.057,3559.241211,22.9295829046811
20.23355352,259977.974,4203331.047,3559.245361,22.9305527709828
20.25947075,259977.998,4203331.037,3559.239258,22.9315226372844
20.28538798,259978.0219,4203331.027,3559.234375,22.932492503586
20.3113052,259978.0458,4203331.017,3559.238037,22.9334623695133
20.33722243,259978.0697,4203331.007,3559.23291,22.934432235815
20.36313966,259978.0937,4203330.997,3559.236816,22.9354021021166
20.38905689,259978.1176,4203330.987,3559.231445,22.9363719684182
20.41497411,259978.1415,4203330.977,3559.228027,22.9373418343455
20.44089134,259978.1654,4203330.967,3559.229736,22.9383117006472
20.46680857,259978.1894,4203330.957,3559.225586,22.9392815669488
20.4927258,259978.2133,4203330.947,3559.226074,22.9402514332504
20.51864302,259978.2372,4203330.937,3559.221924,22.9412212991778
20.54456025,259978.2611,4203330.927,3559.221436,22.9421911654794
20.57047748,259978.285,4203330.917,3559.217529,22.943161031781
20.59639471,259978.309,4203330.907,3559.214844,22.9441308980826
20.62231193,259978.3329,4203330.897,3559.214355,22.94510076401
20.64822916,259978.3568,4203330.887,3559.212158,22.9460706303116
20.67414639,259978.3807,4203330.877,3559.211182,22.9470404966132
20.70006361,259978.4047,4203330.867,3559.209473,22.9480103625406
20.72598084,259978.4286,4203330.857,3559.208252,22.9489802288422
20.75189807,259978.4525,4203330.847,3559.205566,22.9499500951438
20.7778153,259978.4764,4203330.837,3559.203125,22.9509199614454
20.80373252,259978.5004,4203330.827,3559.201172,22.9518898273728
20.82964975,259978.5243,4203330.817,3559.197998,22.9528596936744
20.85556698,259978.5482,4203330.807,3559.195313,22.953829559976
20.88148421,259978.5721,4203330.797,3559.194092,22.9547994262776
20.90740143,259978.5961,4203330.788,3559.193115,22.955769292205
20.93331866,259978.62,4203330.778,3559.192627,22.9567391585066
20.95923589,259978.6439,4203330.768,3559.190918,22.9577090248082
20.98515312,259978.6678,4203330.758,3559.189941,22.9586788911098
21.01107034,259978.6918,4203330.748,3559.187744,22.9596487570372
21.03698757,259978.7157,4203330.738,3559.186279,22.9606186233388
21.0629048,259978.7396,4203330.728,3559.182373,22.9615884896404
21.08882203,259978.7635,4203330.718,3559.178223,22.962558355942
21.11473925,259978.7874,4203330.708,3559.17627,22.9635282218694
21.14065648,259978.8114,4203330.698,3559.172119,22.964498088171
21.16657371,259978.8353,4203330.688,3559.169922,22.9654679544726
21.19249094,259978.8592,4203330.678,3559.165039,22.9664378207742
21.21840816,259978.8831,4203330.668,3559.161133,22.9674076867016
21.24432539,259978.9071,4203330.658,3559.159424,22.9683775530032
21.27024262,259978.931,4203330.648,3559.15625,22.9693474193048
21.29615985,259978.9549,4203330.638,3559.155029,22.9703172856064
21.32207707,259978.9788,4203330.628,3559.1521,22.9712871515338
21.3479943,259979.0028,4203330.618,3559.151367,22.9722570178354
21.37391153,259979.0267,4203330.608,3559.149414,22.973226884137
21.39982876,259979.0506,4203330.598,3559.147461,22.9741967504386
21.42574598,259979.0745,4203330.588,3559.147461,22.975166616366
21.45166321,259979.0985,4203330.578,3559.145508,22.9761364826676
21.47758044,259979.1224,4203330.568,3559.145264,22.9771063489692
21.50349766,259979.1463,4203330.558,3559.142822,22.9780762148966
21.52941489,259979.1702,4203330.548,3559.140137,22.9790460811982
21.55533212,259979.1941,4203330.538,3559.139648,22.9800159474998
21.58124935,259979.2181,4203330.528,3559.13623,22.9809858138014
21.60716657,259979.242,4203330.518,3559.135742,22.9819556797288
21.6330838,259979.2659,4203330.508,3559.131836,22.9829255460304
21.65900103,259979.2898,4203330.498,3559.130859,22.983895412332
21.68491826,259979.3138,4203330.488,3559.126953,22.9848652786336
21.71083548,259979.3377,4203330.478,3559.123535,22.985835144561
21.73675271,259979.3616,4203330.469,3559.12207,22.9868050108626
21.76266994,259979.3855,4203330.459,3559.118164,22.9877748771642
21.78858717,259979.4095,4203330.449,3559.116455,22.9887447434658
21.81450439,259979.4334,4203330.439,3559.112549,22.9897146093932
21.84042162,259979.4573,4203330.429,3559.108398,22.9906844756948
21.86633885,259979.4812,4203330.419,3559.106201,22.9916543419964
21.89225608,259979.5052,4203330.409,3559.102295,22.992624208298
21.9181733,259979.5291,4203330.399,3559.101074,22.9935940742254
21.94409053,259979.553,4203330.389,3559.098633,22.994563940527
21.97000776,259979.5769,4203330.379,3559.098145,22.9955338068286
21.99592499,259979.6008,4203330.369,3559.096436,22.9965036731302
22.02184221,259979.6248,4203330.359,3559.095215,22.9974735390576
22.04775944,259979.6487,4203330.349,3559.095215,22.9984434053592
22.07367667,259979.6726,4203330.339,3559.093994,22.9994132716608
22.0995939,259979.6965,4203330.329,3559.094482,23.0003831379624
22.12551112,259979.7205,4203330.319,3559.093018,23.0013530038898
22.15142835,259979.7444,4203330.309,3559.092285,23.0023228701914
22.17734558,259979.7683,4203330.299,3559.092773,23.003292736493
22.20326281,259979.7922,4203330.289,3559.091797,23.0042626027946
22.22918003,259979.8162,4203330.279,3559.093018,23.005232468722
22.25509726,259979.8401,4203330.269,3559.091797,23.0062023350236
22.28101449,259979.864,4203330.259,3559.093506,23.0071722013252
22.30693171,259979.8879,4203330.249,3559.092529,23.0081420672526
22.33284894,259979.9119,4203330.239,3559.091064,23.0091119335542
22.35876617,259979.9358,4203330.229,3559.092529,23.0100817998558
22.3846834,259979.9597,4203330.219,3559.091064,23.0110516661574
22.41060062,259979.9836,4203330.209,3559.092529,23.0120215320848
22.43651785,259980.0075,4203330.199,3559.09082,23.0129913983864
22.46243508,259980.0315,4203330.189,3559.087891,23.013961264688
22.48835231,259980.0554,4203330.179,3559.089111,23.0149311309896
22.51426953,259980.0793,4203330.169,3559.086426,23.015900996917
22.54018676,259980.1032,4203330.16,3559.088135,23.0168708632186
22.56610399,259980.1272,4203330.15,3559.085205,23.0178407295202
22.59202122,259980.1511,4203330.14,3559.087891,23.0188105958218
22.61793844,259980.175,4203330.13,3559.084473,23.0197804617492
22.64385567,259980.1989,4203330.12,3559.080566,23.0207503280508
22.6697729,259980.2229,4203330.11,3559.082764,23.0217201943524
22.69569013,259980.2468,4203330.1,3559.078857,23.022690060654
22.72160735,259980.2707,4203330.09,3559.080566,23.0236599265814
22.74752458,259980.2946,4203330.08,3559.075439,23.024629792883
22.77344181,259980.3186,4203330.07,3559.078125,23.0255996591846
22.79935904,259980.3425,4203330.06,3559.07251,23.0265695254862
22.82527626,259980.3664,4203330.05,3559.067871,23.0275393914136
22.85119349,259980.3903,4203330.04,3559.069092,23.0285092577152
22.87711072,259980.4142,4203330.03,3559.065918,23.0294791240168
22.90302795,259980.4382,4203330.02,3559.067139,23.0304489903184
22.92894517,259980.4621,4203330.01,3559.064209,23.0314188562458
22.9548624,259980.486,4203330,3559.062012,23.0323887225474
22.98077963,259980.5099,4203329.99,3559.063965,23.033358588849
23.00669686,259980.5339,4203329.98,3559.062012,23.0343284551506
23.03261408,259980.5578,4203329.97,3559.064209,23.035298321078
23.05853131,259980.5817,4203329.96,3559.0625,23.0362681873796
23.08444854,259980.6056,4203329.95,3559.064941,23.0372380536812
23.11036577,259980.6296,4203329.94,3559.063232,23.0382079199828
23.13628299,259980.6535,4203329.93,3559.061768,23.0391777859102
23.16220022,259980.6774,4203329.92,3559.064209,23.0401476522118
23.18811745,259980.7013,4203329.91,3559.062744,23.0411175185134
23.21403467,259980.7253,4203329.9,3559.06543,23.0420873844408
23.2399519,259980.7492,4203329.89,3559.063477,23.0430572507424
23.26586913,259980.7731,4203329.88,3559.062256,23.044027117044
23.29178636,259980.797,4203329.87,3559.067139,23.0449969833456
23.31770358,259980.821,4203329.86,3559.065186,23.045966849273
23.34362081,259980.8449,4203329.85,3559.070313,23.0469367155746
23.36953804,259980.8688,4203329.841,3559.069336,23.0479065818762
23.39545527,259980.8927,4203329.831,3559.074219,23.0488764481778
23.42137249,259980.9166,4203329.821,3559.073242,23.0498463141052
23.44728972,259980.9406,4203329.811,3559.072266,23.0508161804068
23.47320695,259980.9645,4203329.801,3559.076904,23.0517860467084
23.49912418,259980.9884,4203329.791,3559.075928,23.05275591301
23.5250414,259981.0123,4203329.781,3559.080322,23.0537257789374
23.55095863,259981.0363,4203329.771,3559.078857,23.054695645239
23.57687586,259981.0602,4203329.761,3559.077637,23.0556655115406
23.60279309,259981.0841,4203329.751,3559.082031,23.0566353778422
23.62871031,259981.108,4203329.741,3559.081543,23.0576052437696
23.65462754,259981.132,4203329.731,3559.084961,23.0585751100712
23.68054477,259981.1559,4203329.721,3559.084473,23.0595449763728
23.706462,259981.1798,4203329.711,3559.089355,23.0605148426744
23.73237922,259981.2037,4203329.701,3559.089355,23.0614847086018
23.75829645,259981.2277,4203329.691,3559.089111,23.0624545749034
23.78421368,259981.2516,4203329.681,3559.093018,23.063424441205
23.81013091,259981.2755,4203329.671,3559.092773,23.0643943075067
23.83604813,259981.2994,4203329.661,3559.095459,23.065364173434
23.86196536,259981.3233,4203329.651,3559.095215,23.0663340397356
23.88788259,259981.3473,4203329.641,3559.094971,23.0673039060373
23.91379982,259981.3712,4203329.631,3559.09668,23.0682737723389
23.93971704,259981.3951,4203329.621,3559.09668,23.0692436382662
23.96563427,259981.419,4203329.611,3559.098633,23.0702135045678
23.9915515,259981.443,4203329.601,3559.098877,23.0711833708695
24.01746872,259981.4669,4203329.591,3559.10376,23.0721532367968
24.04338595,259981.4908,4203329.581,3559.104492,23.0731231030984
24.06930318,259981.5147,4203329.571,3559.105469,23.0740929694001
24.09522041,259981.5387,4203329.561,3559.107666,23.0750628357017
24.12113763,259981.5626,4203329.551,3559.108398,23.076032701629
24.14705486,259981.5865,4203329.541,3559.111572,23.0770025679306
24.17297209,259981.6104,4203329.532,3559.112305,23.0779724342323
24.19888932,259981.6344,4203329.522,3559.11377,23.0789423005339
24.22480654,259981.6583,4203329.512,3559.120117,23.0799121664612
24.25072377,259981.6822,4203329.502,3559.121094,23.0808820327629
24.276641,259981.7061,4203329.492,3559.12915,23.0818518990645
24.30255823,259981.73,4203329.482,3559.130127,23.0828217653661
24.32847545,259981.754,4203329.472,3559.140137,23.0837916312935
24.35439268,259981.7779,4203329.462,3559.141602,23.0847614975951
24.38030991,259981.8018,4203329.452,3559.143311,23.0857313638967
24.40622714,259981.8257,4203329.442,3559.153564,23.0867012301983
24.43214436,259981.8497,4203329.432,3559.154297,23.0876710961257
24.45806159,259981.8736,4203329.422,3559.160889,23.0886409624273
24.48397882,259981.8975,4203329.412,3559.161621,23.0896108287289
24.50989605,259981.9214,4203329.402,3559.161865,23.0905806950305
24.53581327,259981.9454,4203329.392,3559.166504,23.0915505609579
24.5617305,259981.9693,4203329.382,3559.166992,23.0925204272595
24.58764773,259981.9932,4203329.372,3559.170898,23.0934902935611
24.61356496,259982.0171,4203329.362,3559.171387,23.0944601598627
24.63948218,259982.0411,4203329.352,3559.174316,23.0954300257901
24.66539941,259982.065,4203329.342,3559.174561,23.0963998920917
24.69131664,259982.0889,4203329.332,3559.175049,23.0973697583933
24.71723387,259982.1128,4203329.322,3559.178711,23.0983396246949
24.74315109,259982.1367,4203329.312,3559.179688,23.0993094906223
24.76906832,259982.1607,4203329.302,3559.184814,23.1002793569239
24.79498555,259982.1846,4203329.292,3559.186768,23.1012492232255
24.82090277,259982.2085,4203329.282,3559.188477,23.1022190891529
24.84682,259982.2324,4203329.272,3559.196045,23.1031889554545
24.87273723,259982.2564,4203329.262,3559.197021,23.1041588217561
24.89865446,259982.2803,4203329.252,3559.199219,23.1051286880577
24.92457168,259982.3042,4203329.242,3559.198242,23.1060985539851
24.95048891,259982.3281,4203329.232,3559.19873,23.1070684202867
24.97640614,259982.3521,4203329.223,3559.19751,23.1080382865883
25.00232337,259982.376,4203329.213,3559.196045,23.1090081528899
25.02824059,259982.3999,4203329.203,3559.196045,23.1099780188173
25.05415782,259982.4238,4203329.193,3559.194092,23.1109478851189
25.08007505,259982.4478,4203329.183,3559.192871,23.1119177514205
25.10599228,259982.4717,4203329.173,3559.190186,23.1128876177221
25.1319095,259982.4956,4203329.163,3559.1875,23.1138574836495
25.15782673,259982.5195,4203329.153,3559.183838,23.1148273499511
25.18374396,259982.5434,4203329.143,3559.180176,23.1157972162527
25.20966119,259982.5674,4203329.133,3559.177246,23.1167670825543
25.23557841,259982.5913,4203329.123,3559.174072,23.1177369484817
25.26149564,259982.6152,4203329.113,3559.172119,23.1187068147833
25.28741287,259982.6391,4203329.103,3559.170654,23.1196766810849
25.3133301,259982.6631,4203329.093,3559.169189,23.1206465473865
25.33924732,259982.687,4203329.083,3559.168457,23.1216164133139
25.36516455,259982.7109,4203329.073,3559.167236,23.1225862796155
25.39108178,259982.7348,4203329.063,3559.166992,23.1235561459171
25.41699901,259982.7588,4203329.053,3559.164551,23.1245260122187
25.44291623,259982.7827,4203329.043,3559.165039,23.1254958781461
25.46883346,259982.8066,4203329.033,3559.161377,23.1264657444477
25.49475069,259982.8305,4203329.023,3559.156738,23.1274356107493
25.52066792,259982.8545,4203329.013,3559.158936,23.1284054770509
25.54658514,259982.8784,4203329.003,3559.154541,23.1293753429783
25.57250237,259982.9023,4203328.993,3559.157959,23.1303452092799
25.5984196,259982.9262,4203328.983,3559.153809,23.1315171711208
25.62433682,259982.9502,4203328.973,3559.14917,23.1331091277119
25.65025405,259982.9741,4203328.963,3559.155029,23.1347010849172
25.67617128,259982.998,4203328.953,3559.151855,23.1362930421225
25.70208851,259983.0219,4203328.943,3559.15918,23.1378849993279
25.72800573,259983.0458,4203328.933,3559.157227,23.139476955919
25.75392296,259983.0698,4203328.923,3559.166992,23.1410689131243
25.77984019,259983.0937,4203328.913,3559.165527,23.1426608703296
25.80575742,259983.1176,4203328.904,3559.164307,23.144252827535
25.83167464,259983.1415,4203328.894,3559.176514,23.1458447841261
25.85759187,259983.1655,4203328.884,3559.174805,23.1474367413314
25.8835091,259983.1894,4203328.874,3559.1875,23.1490286985367
25.90942633,259983.2133,4203328.864,3559.187012,23.1506206557421
25.93534355,259983.2372,4203328.854,3559.185547,23.1522126123332
25.96126078,259983.2612,4203328.844,3559.19873,23.1538045695385
25.98717801,259983.2851,4203328.834,3559.196777,23.1553965267438
26.01309524,259983.309,4203328.824,3559.209229,23.1569884839492
26.03901246,259983.3329,4203328.814,3559.207031,23.1585804405403
26.06492969,259983.3569,4203328.804,3559.217529,23.1601723977456
26.09084692,259983.3808,4203328.794,3559.213379,23.161764354951
26.11676415,259983.4047,4203328.784,3559.205322,23.1633563121563
26.14268137,259983.4286,4203328.774,3559.211426,23.1649482687474
26.1685986,259983.4525,4203328.764,3559.196289,23.1665402259527
26.19451583,259983.4765,4203328.754,3559.199707,23.1681321831581
26.22043306,259983.5004,4203328.744,3559.182617,23.1697241403634
26.24635028,259983.5243,4203328.734,3559.167725,23.1713160969545
26.27226751,259983.5482,4203328.724,3559.169189,23.1729080541598
26.29818474,259983.5722,4203328.714,3559.156494,23.1745000113652
26.32410197,259983.5961,4203328.704,3559.1604,23.1760919685705
26.35001919,259983.62,4203328.694,3559.149658,23.1776839251616
26.37593642,259983.6439,4203328.684,3559.154541,23.1792758823669
26.40185365,259983.6679,4203328.674,3559.144775,23.1808678395723
26.42777088,259983.6918,4203328.664,3559.136963,23.1824597967776
26.4536881,259983.7157,4203328.654,3559.14209,23.1840517533687
26.47960533,259983.7396,4203328.644,3559.134766,23.185643710574
26.50552256,259983.7636,4203328.634,3559.13916,23.1872356677794
26.53143978,259983.7875,4203328.624,3559.132813,23.1888276243705
26.55735701,259983.8114,4203328.614,3559.126953,23.1904195815758
26.58327424,259983.8353,4203328.604,3559.132813,23.1920115387812
26.60919147,259983.8592,4203328.595,3559.128174,23.1936034959865
26.63510869,259983.8832,4203328.585,3559.13501,23.1951954525776
26.66102592,259983.9071,4203328.575,3559.130859,23.1967874097829
26.68694315,259983.931,4203328.565,3559.139404,23.1983793669883
26.71286038,259983.9549,4203328.555,3559.136719,23.1999713241936
26.7387776,259983.9789,4203328.545,3559.133545,23.2015632807847
26.76469483,259984.0028,4203328.535,3559.14502,23.20315523799
26.79061206,259984.0267,4203328.525,3559.143799,23.2047471951954
26.81652929,259984.0506,4203328.515,3559.159424,23.2063391524007
26.84244651,259984.0746,4203328.505,3559.157959,23.2079311089918
26.86836374,259984.0985,4203328.495,3559.156006,23.2095230661971
26.89428097,259984.1224,4203328.485,3559.174072,23.2111150234025
26.9201982,259984.1463,4203328.475,3559.168945,23.2127069806078
26.94611542,259984.1703,4203328.465,3559.184814,23.2142989371989
26.97203265,259984.1942,4203328.455,3559.179688,23.2158908944042
26.99794988,259984.2181,4203328.445,3559.192383,23.2174828516096
27.02386711,259984.242,4203328.435,3559.184082,23.2190748088149
27.04978433,259984.2659,4203328.425,3559.175049,23.220666765406
27.07570156,259984.2899,4203328.415,3559.184082,23.2222587226114
27.10161879,259984.3138,4203328.405,3559.173584,23.2238506798167
27.12753602,259984.3377,4203328.395,3559.180176,23.225442637022
27.15345324,259984.3616,4203328.385,3559.167236,23.2270345936131
27.17937047,259984.3856,4203328.375,3559.154541,23.2286265508185
27.2052877,259984.4095,4203328.365,3559.156982,23.2302185080238
27.23120493,259984.4334,4203328.355,3559.145996,23.2318104652291
27.25712215,259984.4573,4203328.345,3559.14624,23.2334024218202
27.28303938,259984.4813,4203328.335,3559.140137,23.2349943790256
27.30895661,259984.5052,4203328.325,3559.140869,23.2365863362309
27.33487383,259984.5291,4203328.315,3559.136963,23.238178292822
27.36079106,259984.553,4203328.305,3559.134277,23.2397702500273
27.38670829,259984.577,4203328.295,3559.134766,23.2413622072327
27.41262552,259984.6009,4203328.285,3559.132568,23.242954164438
27.43854274,259984.6248,4203328.276,3559.132813,23.2445461210291
27.46445997,259984.6487,4203328.266,3559.130615,23.2461380782344
27.4903772,259984.6726,4203328.256,3559.13208,23.2477300354398
27.51629443,259984.6966,4203328.246,3559.131348,23.2493219926451
27.54221165,259984.7205,4203328.236,3559.131104,23.2509139492362
27.56812888,259984.7444,4203328.226,3559.132813,23.2525059064415
27.59404611,259984.7683,4203328.216,3559.132568,23.2540978636469
27.61996334,259984.7923,4203328.206,3559.135742,23.2556898208522
27.64588056,259984.8162,4203328.196,3559.135498,23.2572817774433
27.67179779,259984.8401,4203328.186,3559.135498,23.2588737346487
27.69771502,259984.864,4203328.176,3559.139648,23.260465691854
27.72363225,259984.888,4203328.166,3559.140381,23.2620576490593
27.74954947,259984.9119,4203328.156,3559.146973,23.2636496056504
27.7754667,259984.9358,4203328.146,3559.148438,23.2652415628558
27.80138393,259984.9597,4203328.136,3559.155762,23.2668335200611
27.82730116,259984.9837,4203328.126,3559.156738,23.2684254772664
27.85321838,259985.0076,4203328.116,3559.156982,23.2700174338575
27.87913561,259985.0315,4203328.106,3559.161621,23.2716093910629
27.90505284,259985.0554,4203328.096,3559.161133,23.2732013482682
27.93097007,259985.0794,4203328.086,3559.163818,23.2747933054736
27.95688729,259985.1033,4203328.076,3559.163086,23.2763852620646
27.98280452,259985.1272,4203328.066,3559.162354,23.27797721927
28.00872175,259985.1511,4203328.056,3559.164795,23.2795691764753
28.03463898,259985.175,4203328.046,3559.164063,23.2811611336807
28.0605562,259985.199,4203328.036,3559.165771,23.2827530902717
28.08647343,259985.2229,4203328.026,3559.165039,23.2843450474771
28.11239066,259985.2468,4203328.016,3559.16626,23.2859370046824
28.13830788,259985.2707,4203328.006,3559.165283,23.2875289612735
28.16422511,259985.2947,4203327.996,3559.163574,23.2891209184789
28.19014234,259985.3186,4203327.986,3559.164795,23.2907128756842
28.21605957,259985.3425,4203327.976,3559.160889,23.2923048328895
28.24197679,259985.3664,4203327.967,3559.162109,23.2938967894806
28.26789402,259985.3904,4203327.957,3559.154785,23.295488746686
28.29381125,259985.4143,4203327.947,3559.14624,23.2970807038913
28.31972848,259985.4382,4203327.937,3559.147949,23.2986726610966
28.34604967,259985.4621,4203327.926,3559.141113,23.3002894314102
28.37237086,259985.486,4203327.915,3559.145264,23.3019062017238
28.39869205,259985.5099,4203327.903,3559.141846,23.3035229720373
28.42501324,259985.5338,4203327.892,3559.146973,23.3051397423509
28.45133444,259985.5576,4203327.881,3559.145508,23.3067565132787
28.47765563,259985.5815,4203327.87,3559.151855,23.3083732835922
28.50397682,259985.6054,4203327.859,3559.151123,23.3099900539058
28.53029801,259985.6293,4203327.848,3559.159424,23.3116068242193
28.5566192,259985.6532,4203327.837,3559.159668,23.3132235945329
28.5829404,259985.6771,4203327.826,3559.1604,23.3148403654607
28.60926159,259985.701,4203327.815,3559.169189,23.3164571357742
28.63558278,259985.7249,4203327.804,3559.169678,23.3180739060878
28.66190397,259985.7488,4203327.793,3559.179688,23.3196906764014
28.68822516,259985.7726,4203327.782,3559.180664,23.3213074467149
28.71454636,259985.7965,4203327.771,3559.194092,23.3229242176427
28.74086755,259985.8204,4203327.76,3559.196289,23.3245409879563
28.76718874,259985.8443,4203327.749,3559.20752,23.3261577582698
28.79350993,259985.8682,4203327.738,3559.208984,23.3277745285834
28.81983112,259985.8921,4203327.727,3559.216553,23.3293912988969
28.84615232,259985.916,4203327.716,3559.217773,23.3310080698247
28.87247351,259985.9399,4203327.705,3559.223877,23.3326248401383
28.8987947,259985.9637,4203327.693,3559.225098,23.3342416104518
28.92511589,259985.9876,4203327.682,3559.230225,23.3358583807654
28.95143708,259986.0115,4203327.671,3559.231934,23.337475151079
28.97775828,259986.0354,4203327.66,3559.233887,23.3390919220068
29.00407947,259986.0593,4203327.649,3559.241943,23.3407086923203
29.03040066,259986.0832,4203327.638,3559.248535,23.3423254626339
29.05672185,259986.1071,4203327.627,3559.261963,23.3439422329474
29.08304304,259986.131,4203327.616,3559.270508,23.345559003261
29.10936424,259986.1548,4203327.605,3559.282227,23.3471757741888
29.13568543,259986.1787,4203327.594,3559.290283,23.3487925445023
29.16200662,259986.2026,4203327.583,3559.302979,23.3504093148159
29.18832781,259986.2265,4203327.572,3559.310303,23.3520260851294
29.214649,259986.2504,4203327.561,3559.320557,23.353642855443
29.2409702,259986.2743,4203327.55,3559.325928,23.3552596263708
29.26729139,259986.2982,4203327.539,3559.334473,23.3568763966844
29.29361258,259986.3221,4203327.528,3559.339355,23.3584931669979
29.31993377,259986.346,4203327.517,3559.343018,23.3601099373115
29.34625496,259986.3698,4203327.506,3559.348633,23.361726707625
29.37257616,259986.3937,4203327.495,3559.35083,23.3633434785528
29.39889735,259986.4176,4203327.483,3559.354492,23.3649602488664
29.42521854,259986.4415,4203327.472,3559.356201,23.3665770191799
29.45153973,259986.4654,4203327.461,3559.360352,23.3681937894935
29.47786092,259986.4893,4203327.45,3559.362061,23.369810559807
29.50418212,259986.5132,4203327.439,3559.366455,23.3714273307348
29.53050331,259986.5371,4203327.428,3559.368408,23.3730441010484
29.5568245,259986.5609,4203327.417,3559.374756,23.374660871362
29.58314569,259986.5848,4203327.406,3559.377197,23.3762776416755
29.60946688,259986.6087,4203327.395,3559.385498,23.3778944119891
29.63578808,259986.6326,4203327.384,3559.388672,23.3795111829169
29.66210927,259986.6565,4203327.373,3559.391602,23.3811279532304
29.68843046,259986.6804,4203327.362,3559.402832,23.382744723544
29.71475165,259986.7043,4203327.351,3559.404053,23.3843614938575
29.74107284,259986.7282,4203327.34,3559.412109,23.3859782641711
29.76739404,259986.7521,4203327.329,3559.411133,23.3875950350989
29.79371523,259986.7759,4203327.318,3559.415283,23.3892118054124
29.82003642,259986.7998,4203327.307,3559.413574,23.390828575726
29.84635761,259986.8237,4203327.296,3559.415771,23.3924453460396
29.8726788,259986.8476,4203327.285,3559.413818,23.3940621163531
29.899,259986.8715,4203327.273,3559.415283,23.3956788872809
29.92532119,259986.8954,4203327.262,3559.413574,23.3972956575945
29.95164238,259986.9193,4203327.251,3559.415283,23.398912427908
29.97796357,259986.9432,4203327.24,3559.41333,23.4005291982216
30.00428476,259986.967,4203327.229,3559.414551,23.4021459685351
30.03060596,259986.9909,4203327.218,3559.412598,23.4037627394629
30.05692715,259987.0148,4203327.207,3559.410889,23.4053795097765
30.08324834,259987.0387,4203327.196,3559.412598,23.40699628009
30.10956953,259987.0626,4203327.185,3559.411377,23.4086130504036
30.13589072,259987.0865,4203327.174,3559.413574,23.4102298207172
30.16221192,259987.1104,4203327.163,3559.412354,23.411846591645
30.18853311,259987.1343,4203327.152,3559.414795,23.4134633619585
30.2148543,259987.1581,4203327.141,3559.414307,23.4150801322721
30.24117549,259987.182,4203327.13,3559.417969,23.4166969025856
30.26749668,259987.2059,4203327.119,3559.418213,23.4183136728992
30.29381788,259987.2298,4203327.108,3559.423096,23.419930443827
30.32013907,259987.2537,4203327.097,3559.424805,23.4215472141405
30.34646026,259987.2776,4203327.086,3559.431641,23.4231639844541
30.37278145,259987.3015,4203327.074,3559.434082,23.4247807547676
30.39910264,259987.3254,4203327.063,3559.437012,23.4263975250812
30.42542384,259987.3493,4203327.052,3559.445068,23.428014296009
30.45174503,259987.3731,4203327.041,3559.448242,23.4296310663226
30.47806622,259987.397,4203327.03,3559.455566,23.4312478366361
30.50438741,259987.4209,4203327.019,3559.458496,23.4328646069497
30.5307086,259987.4448,4203327.008,3559.468018,23.4344813772632
30.5570298,259987.4687,4203326.997,3559.472656,23.436098148191
30.58335099,259987.4926,4203326.986,3559.484375,23.4377149185046
30.60967218,259987.5165,4203326.975,3559.490234,23.4393316888181
30.63599337,259987.5404,4203326.964,3559.505371,23.4409484591317
30.66231456,259987.5642,4203326.953,3559.511963,23.4425652294452
30.68863576,259987.5881,4203326.942,3559.518799,23.4441820003731
30.71495695,259987.612,4203326.931,3559.519775,23.4457987706866
30.74127814,259987.6359,4203326.92,3559.520264,23.4474155410002
30.76759933,259987.6598,4203326.909,3559.520996,23.4490323113137
30.79392052,259987.6837,4203326.898,3559.520996,23.4506490816273
30.82024172,259987.7076,4203326.887,3559.52124,23.4522658525551
30.84656291,259987.7315,4203326.876,3559.521484,23.4538826228686
30.8728841,259987.7554,4203326.864,3559.521484,23.4554993931822
30.89920529,259987.7792,4203326.853,3559.521729,23.4571161634957
30.92552648,259987.8031,4203326.842,3559.521729,23.4587329338093
30.95184768,259987.827,4203326.831,3559.521729,23.4603497047371
30.97816887,259987.8509,4203326.82,3559.521973,23.4619664750507
31.00449006,259987.8748,4203326.809,3559.522461,23.4635832453642
31.03081125,259987.8987,4203326.798,3559.522949,23.4652000156778
31.05713244,259987.9226,4203326.787,3559.523682,23.4668167859913
31.08345364,259987.9465,4203326.776,3559.524414,23.4684335569191
31.10977483,259987.9703,4203326.765,3559.524414,23.4700503272327
31.13609602,259987.9942,4203326.754,3559.525146,23.4716670975462
31.16241721,259988.0181,4203326.743,3559.525391,23.4732838678598
31.1887384,259988.042,4203326.732,3559.526367,23.4749006381733
31.2150596,259988.0659,4203326.721,3559.5271,23.4765174091011
31.24138079,259988.0898,4203326.71,3559.52832,23.4781341794147
31.26770198,259988.1137,4203326.699,3559.529053,23.4797509497283
31.29402317,259988.1376,4203326.688,3559.530273,23.4813677200418
31.32034436,259988.1615,4203326.677,3559.532227,23.4829844903554
31.34666556,259988.1853,4203326.666,3559.53418,23.4846012612832
31.37298675,259988.2092,4203326.654,3559.53833,23.4862180315967
31.39930794,259988.2331,4203326.643,3559.541992,23.4878348019103
31.42562913,259988.257,4203326.632,3559.549316,23.4894515722238
31.45195032,259988.2809,4203326.621,3559.554688,23.4910683425374
31.47827152,259988.3048,4203326.61,3559.561035,23.4926851134652
31.50459271,259988.3287,4203326.599,3559.569092,23.4943018837787
31.5309139,259988.3526,4203326.588,3559.575195,23.4959186540923
31.55723509,259988.3764,4203326.577,3559.580322,23.4975354244059
31.58355628,259988.4003,4203326.566,3559.584961,23.4991521947194
31.60987748,259988.4242,4203326.555,3559.589844,23.5007689656472
31.63619867,259988.4481,4203326.544,3559.594482,23.5023857359608
31.66251986,259988.472,4203326.533,3559.598633,23.5040025062743
31.68884105,259988.4959,4203326.522,3559.603516,23.5056192765879
31.71516224,259988.5198,4203326.511,3559.608154,23.5072360469014
31.74148344,259988.5437,4203326.5,3559.612305,23.5088528178292
31.76780463,259988.5675,4203326.489,3559.615723,23.5104695881428
31.79412582,259988.5914,4203326.478,3559.620117,23.5120863584563
31.82044701,259988.6153,4203326.467,3559.624268,23.5137031287699
31.8467682,259988.6392,4203326.456,3559.629395,23.5153198990835
31.8730894,259988.6631,4203326.444,3559.633301,23.5169366700113
31.89941059,259988.687,4203326.433,3559.638428,23.5185534403248
31.92573178,259988.7109,4203326.422,3559.642578,23.5201702106384
31.95205297,259988.7348,4203326.411,3559.648438,23.5217869809519
31.97837416,259988.7587,4203326.4,3559.652832,23.5234037512655
32.00469536,259988.7825,4203326.389,3559.657227,23.5250205221933
32.03101655,259988.8064,4203326.378,3559.659424,23.5266372925068
32.05733774,259988.8303,4203326.367,3559.661133,23.5282540628204
32.08365893,259988.8542,4203326.356,3559.661621,23.5298708331339
32.10998012,259988.8781,4203326.345,3559.662354,23.5314876034475
32.13630132,259988.902,4203326.334,3559.662354,23.5331043743753
32.16262251,259988.9259,4203326.323,3559.662598,23.5347211446889
32.1889437,259988.9498,4203326.312,3559.662842,23.5363379150024
32.21526489,259988.9736,4203326.301,3559.663086,23.537954685316
32.24158608,259988.9975,4203326.29,3559.66333,23.5395714556295
32.26790728,259989.0214,4203326.279,3559.66333,23.5411882265573
32.29422847,259989.0453,4203326.268,3559.663574,23.5428049968709
32.32054966,259989.0692,4203326.257,3559.663574,23.5444217671844
32.34687085,259989.0931,4203326.246,3559.664063,23.546038537498
32.37319204,259989.117,4203326.234,3559.663818,23.5476553078115
32.39951324,259989.1409,4203326.223,3559.664551,23.5492720787393
32.42583443,259989.1648,4203326.212,3559.664307,23.5508888490529
32.45215562,259989.1886,4203326.201,3559.667236,23.5525056193665
32.47847681,259989.2125,4203326.19,3559.66748,23.55412238968
32.504798,259989.2364,4203326.179,3559.66748,23.5557391599936
32.5311192,259989.2603,4203326.168,3559.676025,23.5573559309214
32.55744039,259989.2842,4203326.157,3559.676514,23.5589727012349
32.58376158,259989.3081,4203326.146,3559.691406,23.5605894715485
32.61008277,259989.332,4203326.135,3559.693115,23.562206241862
32.63640396,259989.3559,4203326.124,3559.705566,23.5638230121756
32.66272516,259989.3797,4203326.113,3559.705566,23.5654397831034
32.68904635,259989.4036,4203326.102,3559.714111,23.5670565534169
32.71536754,259989.4275,4203326.091,3559.713135,23.5686733237305
32.74168873,259989.4514,4203326.08,3559.718018,23.5702900940441
32.76800992,259989.4753,4203326.069,3559.717773,23.5719068643576
32.79433112,259989.4992,4203326.058,3559.720703,23.5735236352854
32.82065231,259989.5231,4203326.047,3559.720703,23.575140405599
32.8469735,259989.547,4203326.036,3559.724121,23.5767571759125
32.87329469,259989.5709,4203326.024,3559.723877,23.5783739462261
32.89961588,259989.5947,4203326.013,3559.723633,23.5799907165396
32.92593708,259989.6186,4203326.002,3559.727539,23.5816074874674
32.95225827,259989.6425,4203325.991,3559.727539,23.583224257781
32.97857946,259989.6664,4203325.98,3559.731934,23.5848410280946
33.00490065,259989.6903,4203325.969,3559.731934,23.5864577984081
33.03122184,259989.7142,4203325.958,3559.736572,23.5880745687217
33.05754304,259989.7381,4203325.947,3559.736572,23.5896913396495
33.08386423,259989.762,4203325.936,3559.740723,23.591308109963
33.11018542,259989.7858,4203325.925,3559.740967,23.5929248802766
33.13650661,259989.8097,4203325.914,3559.743408,23.5945416505901
33.1628278,259989.8336,4203325.903,3559.743896,23.5961584209037
33.189149,259989.8575,4203325.892,3559.746338,23.5977751918315
33.21547019,259989.8814,4203325.881,3559.74707,23.599391962145
33.24179138,259989.9053,4203325.87,3559.747803,23.6010087324586
33.26811257,259989.9292,4203325.859,3559.751465,23.6026255027721
33.29443376,259989.9531,4203325.848,3559.751953,23.6042422730857
33.32075496,259989.9769,4203325.837,3559.756592,23.6058590440135
33.34707615,259990.0008,4203325.826,3559.757568,23.6074758143271
33.37339734,259990.0247,4203325.814,3559.761963,23.6090925846406
33.39971853,259990.0486,4203325.803,3559.762695,23.6107093549542
33.42603972,259990.0725,4203325.792,3559.767578,23.6123261252677
33.45236092,259990.0964,4203325.781,3559.768066,23.6139428961955
33.47868211,259990.1203,4203325.77,3559.771729,23.6155596665091
33.5050033,259990.1442,4203325.759,3559.771484,23.6171764368226
33.53132449,259990.1681,4203325.748,3559.773193,23.6187932071362
33.55764568,259990.1919,4203325.737,3559.772217,23.6204099774498
33.58396688,259990.2158,4203325.726,3559.771729,23.6220267483776
33.61028807,259990.2397,4203325.715,3559.772949,23.6236435186911
33.63660926,259990.2636,4203325.704,3559.772217,23.6252602890047
33.66293045,259990.2875,4203325.693,3559.773438,23.6268770593182
33.68925164,259990.3114,4203325.682,3559.772705,23.6284938296318
33.71557284,259990.3353,4203325.671,3559.773926,23.6301106005596
33.74189403,259990.3592,4203325.66,3559.773193,23.6317273708731
33.76821522,259990.383,4203325.649,3559.77417,23.6333441411867
33.79453641,259990.4069,4203325.638,3559.773438,23.6349609115002
33.8208576,259990.4308,4203325.627,3559.774414,23.6365776818138
33.8471788,259990.4547,4203325.616,3559.773438,23.6381944527416
33.87349999,259990.4786,4203325.604,3559.77417,23.6398112230552
33.89982118,259990.5025,4203325.593,3559.772705,23.6414279933687
33.92614237,259990.5264,4203325.582,3559.77124,23.6430447636823
33.95246356,259990.5503,4203325.571,3559.77124,23.6446615339958
33.97878476,259990.5742,4203325.56,3559.769531,23.6462783049236
34.00510595,259990.598,4203325.549,3559.769287,23.6478950752372
34.03142714,259990.6219,4203325.538,3559.767578,23.6495118455507
34.05774833,259990.6458,4203325.527,3559.767578,23.6511286158643
34.08406952,259990.6697,4203325.516,3559.765869,23.6527453861778
34.11039072,259990.6936,4203325.505,3559.766357,23.6543621571056
34.13671191,259990.7175,4203325.494,3559.764893,23.6559789274192
34.1630331,259990.7414,4203325.483,3559.766113,23.6575956977328
34.18935429,259990.7653,4203325.472,3559.764893,23.6592124680463
34.21567548,259990.7891,4203325.461,3559.767822,23.6608292383599
34.24199668,259990.813,4203325.45,3559.766357,23.6624460092877
34.26831787,259990.8369,4203325.439,3559.770264,23.6640627796012
34.29463906,259990.8608,4203325.428,3559.768799,23.6656795499148
34.32096025,259990.8847,4203325.417,3559.767578,23.6672963202283
34.34728144,259990.9086,4203325.406,3559.771973,23.6689130905419
34.37360264,259990.9325,4203325.394,3559.770264,23.6705298614697
34.39992383,259990.9564,4203325.383,3559.774414,23.6721466317832
34.42624502,259990.9803,4203325.372,3559.773438,23.6737634020968
34.45256621,259991.0041,4203325.361,3559.778564,23.6753801724104
34.4788874,259991.028,4203325.35,3559.777832,23.6769969427239
34.5052086,259991.0519,4203325.339,3559.783936,23.6786137136517
34.53152979,259991.0758,4203325.328,3559.783203,23.6802304839653
34.55785098,259991.0997,4203325.317,3559.788818,23.6818472542788
34.58417217,259991.1236,4203325.306,3559.787598,23.6834640245924
34.61049336,259991.1475,4203325.295,3559.791504,23.6850807949059
34.63681456,259991.1714,4203325.284,3559.790283,23.6866975658337
34.66313575,259991.1952,4203325.273,3559.788574,23.6883143361473
34.68945694,259991.2191,4203325.262,3559.791016,23.6899311064608
34.71577813,259991.243,4203325.251,3559.789063,23.6915478767744
34.74209932,259991.2669,4203325.24,3559.790771,23.693164647088
34.76842052,259991.2908,4203325.229,3559.788818,23.6947814180158
34.79474171,259991.3147,4203325.218,3559.791016,23.6963981883293
34.8210629,259991.3386,4203325.207,3559.789063,23.6980149586429
34.84738409,259991.3625,4203325.196,3559.791016,23.6996317289564
34.87370528,259991.3863,4203325.184,3559.789307,23.70124849927
34.90002648,259991.4102,4203325.173,3559.791504,23.7028652701978
34.92634767,259991.4341,4203325.162,3559.790039,23.7044820405113
34.95266886,259991.458,4203325.151,3559.792725,23.7060988108249
34.97899005,259991.4819,4203325.14,3559.790771,23.7077155811384
35.00531124,259991.5058,4203325.129,3559.789063,23.709332351452
35.03163244,259991.5297,4203325.118,3559.791992,23.7109491223798
35.05795363,259991.5536,4203325.107,3559.789551,23.7125658926934
35.08427482,259991.5775,4203325.096,3559.79248,23.7141826630069
35.11059601,259991.6013,4203325.085,3559.789307,23.7157994333205
35.1369172,259991.6252,4203325.074,3559.79126,23.717416203634
35.1632384,259991.6491,4203325.063,3559.787354,23.7190329745618
35.18955959,259991.673,4203325.052,3559.790039,23.7206497448754
35.21588078,259991.6969,4203325.041,3559.7854,23.7222665151889
35.24220197,259991.7208,4203325.03,3559.788818,23.7238832855025
35.26852316,259991.7447,4203325.019,3559.783691,23.725500055816
35.29484436,259991.7686,4203325.008,3559.788574,23.7271168267438
35.32116555,259991.7924,4203324.997,3559.782959,23.7287335970574
35.34748674,259991.8163,4203324.986,3559.777588,23.730350367371
35.37380793,259991.8402,4203324.974,3559.781982,23.7319671376845
35.40012912,259991.8641,4203324.963,3559.7771,23.7335839079981
35.42645032,259991.888,4203324.952,3559.782227,23.7352006789259
35.45277151,259991.9119,4203324.941,3559.77832,23.7368174492394
35.4790927,259991.9358,4203324.93,3559.785156,23.738434219553
35.50541389,259991.9597,4203324.919,3559.780762,23.7400509898665
35.53173508,259991.9836,4203324.908,3559.789063,23.7416677601801
35.55805627,259992.0074,4203324.897,3559.784668,23.7432845304936
35.58437747,259992.0313,4203324.886,3559.792969,23.7449013014215
35.61069866,259992.0552,4203324.875,3559.789063,23.746518071735
35.63701985,259992.0791,4203324.864,3559.796875,23.7481348420486
35.66334104,259992.103,4203324.853,3559.794189,23.7497516123621
35.68966223,259992.1269,4203324.842,3559.801758,23.7513683826757
35.71598343,259992.1508,4203324.831,3559.799805,23.7529851536035
35.74230462,259992.1747,4203324.82,3559.797852,23.754601923917
35.76862581,259992.1985,4203324.809,3559.802734,23.7562186942306
35.794947,259992.2224,4203324.798,3559.80127,23.7578354645441
35.82126819,259992.2463,4203324.787,3559.807617,23.7594522348577
35.84758939,259992.2702,4203324.776,3559.806152,23.7610690057855
35.87391058,259992.2941,4203324.764,3559.812744,23.7626857760991
35.90023177,259992.318,4203324.753,3559.811035,23.7643025464126
35.92655296,259992.3419,4203324.742,3559.81958,23.7659193167262
35.95287415,259992.3658,4203324.731,3559.817627,23.7675360870397
35.97919535,259992.3896,4203324.72,3559.824463,23.7691528579675
36.00551654,259992.4135,4203324.709,3559.822021,23.7707696282811
36.03183773,259992.4374,4203324.698,3559.828857,23.7723863985946
36.05815892,259992.4613,4203324.687,3559.825439,23.7740031689082
36.08448011,259992.4852,4203324.676,3559.822021,23.7756199392217
36.11080131,259992.5091,4203324.665,3559.824951,23.7772367101495
36.1371225,259992.533,4203324.654,3559.821777,23.7788534804631
36.16344369,259992.5569,4203324.643,3559.823242,23.7804702507767
36.18976488,259992.5808,4203324.632,3559.820313,23.7820870210902
36.21608607,259992.6046,4203324.621,3559.821777,23.7837037914038
36.24240727,259992.6285,4203324.61,3559.818604,23.7853205623316
36.26872846,259992.6524,4203324.599,3559.820068,23.7869373326451
36.29504965,259992.6763,4203324.588,3559.816406,23.7885541029587
36.32137084,259992.7002,4203324.577,3559.817871,23.7901708732722
36.34769203,259992.7241,4203324.566,3559.813721,23.7917876435858
36.37401323,259992.748,4203324.554,3559.814697,23.7934044145136
36.40033442,259992.7719,4203324.543,3559.808594,23.7950211848271
36.42665561,259992.7957,4203324.532,3559.802246,23.7966379551407
36.4529768,259992.8196,4203324.521,3559.803223,23.7982547254542
36.47929799,259992.8435,4203324.51,3559.797119,23.7998714957678
36.50561919,259992.8674,4203324.499,3559.798828,23.8014882666956
36.53194038,259992.8913,4203324.488,3559.79248,23.8031050370092
36.55826157,259992.9152,4203324.477,3559.793701,23.8047218073227
36.58458276,259992.9391,4203324.466,3559.785889,23.8063385776363
36.61090395,259992.963,4203324.455,3559.789063,23.8079553479498
36.63722515,259992.9869,4203324.444,3559.782471,23.8095721188776
36.66354634,259993.0107,4203324.433,3559.784424,23.8111888891912
36.68986753,259993.0346,4203324.422,3559.7771,23.8128056595047
36.71618872,259993.0585,4203324.411,3559.779297,23.8144224298183
36.74250991,259993.0824,4203324.4,3559.773682,23.8160392001319
36.76883111,259993.1063,4203324.389,3559.776855,23.8176559710597
36.7951523,259993.1302,4203324.378,3559.773193,23.8192727413732
36.82147349,259993.1541,4203324.367,3559.771484,23.8208895116868
36.84779468,259993.178,4203324.356,3559.774414,23.8225062820003
36.87411587,259993.2018,4203324.344,3559.773682,23.8241230523139
36.90043707,259993.2257,4203324.333,3559.776855,23.8257398232417
36.92675826,259993.2496,4203324.322,3559.7771,23.8273565935552
36.95307945,259993.2735,4203324.311,3559.780273,23.8289733638688
36.97940064,259993.2974,4203324.3,3559.78125,23.8305901341823
37.00572183,259993.3213,4203324.289,3559.7854,23.8322069044959
37.03204303,259993.3452,4203324.278,3559.786865,23.8338236754237
37.05836422,259993.3691,4203324.267,3559.791992,23.8354404457373
37.08468541,259993.393,4203324.256,3559.793457,23.8370572160508
37.1110066,259993.4168,4203324.245,3559.79834,23.8386739863644
37.13732779,259993.4407,4203324.234,3559.799805,23.8402907566779
37.16364899,259993.4646,4203324.223,3559.80127,23.8419075276057
37.18997018,259993.4885,4203324.212,3559.804199,23.8435242979193
37.21629137,259993.5124,4203324.201,3559.805664,23.8451410682328
37.24261256,259993.5363,4203324.19,3559.810059,23.8467578385464
37.26893375,259993.5602,4203324.179,3559.814209,23.8483746088599
37.29525495,259993.5841,4203324.168,3559.821045,23.8499913797877
37.32157614,259993.6079,4203324.157,3559.823242,23.8516081501013
37.34789733,259993.6318,4203324.146,3559.824707,23.8532249204149
37.37421852,259993.6557,4203324.134,3559.825684,23.8548416907284
37.40053971,259993.6796,4203324.123,3559.828125,23.856458461042
37.42686091,259993.7035,4203324.112,3559.829834,23.8580752319698
37.4531821,259993.7274,4203324.101,3559.833008,23.8596920022833
37.47950329,259993.7513,4203324.09,3559.834717,23.8613087725969
37.50582448,259993.7752,4203324.079,3559.836914,23.8629255429104
37.53214567,259993.799,4203324.068,3559.841064,23.864542313224
37.55846687,259993.8229,4203324.057,3559.84375,23.8661590841518
37.58478806,259993.8468,4203324.046,3559.847168,23.8677758544653
37.61110925,259993.8707,4203324.035,3559.848389,23.8693926247789
37.63743044,259993.8946,4203324.024,3559.850586,23.8710093950925
37.66375163,259993.9185,4203324.013,3559.851563,23.872626165406
37.69007283,259993.9424,4203324.002,3559.856934,23.8742429363338
37.71639402,259993.9663,4203323.991,3559.859863,23.8758597066474
37.74271521,259993.9902,4203323.98,3559.871338,23.8774764769609
37.7690364,259994.014,4203323.969,3559.874023,23.8790932472745
37.79535759,259994.0379,4203323.958,3559.882813,23.880710017588
37.82167879,259994.0618,4203323.947,3559.885742,23.8823267885158
37.84799998,259994.0857,4203323.936,3559.887695,23.8839435588294
37.87432117,259994.1096,4203323.924,3559.89502,23.8855603291429
37.90064236,259994.1335,4203323.913,3559.896973,23.8871770994565
37.92696355,259994.1574,4203323.902,3559.901123,23.8887938697701
37.95328475,259994.1813,4203323.891,3559.9021,23.8904106406979
37.97960594,259994.2051,4203323.88,3559.905273,23.8920274110114
38.00592713,259994.229,4203323.869,3559.905762,23.893644181325
38.03224832,259994.2529,4203323.858,3559.908936,23.8957933910076
38.05856951,259994.2768,4203323.847,3559.910645,23.9007089801008
38.08489071,259994.3007,4203323.836,3559.916992,23.9056245710614
38.1112119,259994.3246,4203323.825,3559.919678,23.9105401601546
38.13753309,259994.3485,4203323.814,3559.930908,23.9154557492477
38.16385428,259994.3724,4203323.803,3559.936035,23.9203713383408
38.19017547,259994.3963,4203323.792,3559.952393,23.925286927434
38.21649667,259994.4201,4203323.781,3559.95752,23.9302025183946
38.24281786,259994.444,4203323.77,3559.961182,23.9351181074878
38.26913905,259994.4679,4203323.759,3559.970215,23.9400336965809
38.29546024,259994.4918,4203323.748,3559.97168,23.944949285674
38.32178143,259994.5157,4203323.737,3559.974609,23.9498648747672
38.34810263,259994.5396,4203323.726,3559.973633,23.9547804657278
38.37442382,259994.5635,4203323.714,3559.975586,23.959696054821
38.40074501,259994.5874,4203323.703,3559.974365,23.9646116439141
38.4270662,259994.6112,4203323.692,3559.975342,23.9695272330072
38.45338739,259994.6351,4203323.681,3559.973145,23.9744428221004
38.47970859,259994.659,4203323.67,3559.972656,23.979358413061
38.50602978,259994.6829,4203323.659,3559.969238,23.9842740021542
38.53235097,259994.7068,4203323.648,3559.967773,23.9891895912473
38.55867216,259994.7307,4203323.637,3559.960693,23.9941051803404
38.58499335,259994.7546,4203323.626,3559.950928,23.9990207694336
38.61131455,259994.7785,4203323.615,3559.94751,24.0039363603942
38.63763574,259994.8024,4203323.604,3559.940186,24.0088519494874
38.66395693,259994.8262,4203323.593,3559.9375,24.0137675385805
38.69027812,259994.8501,4203323.582,3559.930664,24.0186831276736
38.71659931,259994.874,4203323.571,3559.929199,24.0235987167668
38.74292051,259994.8979,4203323.56,3559.92041,24.0285143077274
38.7692417,259994.9218,4203323.549,3559.918945,24.0334298968206
38.79556289,259994.9457,4203323.538,3559.909424,24.0383454859137
38.82188408,259994.9696,4203323.527,3559.908691,24.0432610750068
38.84820527,259994.9935,4203323.516,3559.900391,24.0481766641
38.87452647,259995.0173,4203323.504,3559.900879,24.0530922550607
38.90084766,259995.0412,4203323.493,3559.894531,24.0580078441538
38.92716885,259995.0651,4203323.482,3559.889648,24.0629234332469
38.95349004,259995.089,4203323.471,3559.893066,24.06783902234
38.97981123,259995.1129,4203323.46,3559.888428,24.0727546114332
39.00613243,259995.1368,4203323.449,3559.893311,24.0776702023939
39.03245362,259995.1607,4203323.438,3559.888428,24.082585791487
39.05877481,259995.1846,4203323.427,3559.895264,24.0875013805801
39.085096,259995.2084,4203323.416,3559.890137,24.0924169696733
39.11141719,259995.2323,4203323.405,3559.897949,24.0973325587664
39.13773839,259995.2562,4203323.394,3559.892822,24.1022481497271
39.16405958,259995.2801,4203323.383,3559.899902,24.1071637388202
39.19038077,259995.304,4203323.372,3559.895508,24.1120793279133
39.21670196,259995.3279,4203323.361,3559.901123,24.1169949170065
39.24302315,259995.3518,4203323.35,3559.897217,24.1219105060996
39.26934435,259995.3757,4203323.339,3559.891846,24.1268260970603
39.29566554,259995.3996,4203323.328,3559.897461,24.1317416861534
39.32198673,259995.4234,4203323.317,3559.892578,24.1366572752465
39.34830792,259995.4473,4203323.306,3559.897705,24.1415728643397
39.37462911,259995.4712,4203323.294,3559.893799,24.1464884534328
39.40095031,259995.4951,4203323.283,3559.898193,24.1514040443935
39.4272715,259995.519,4203323.272,3559.894287,24.1563196334866
39.45359269,259995.5429,4203323.261,3559.898193,24.1612352225797
39.47991388,259995.5668,4203323.25,3559.893555,24.1661508116729
39.50623507,259995.5907,4203323.239,3559.89624,24.171066400766
39.53255627,259995.6145,4203323.228,3559.890381,24.1759819917267
39.55887746,259995.6384,4203323.217,3559.89209,24.1808975808198
39.58519865,259995.6623,4203323.206,3559.886475,24.1858131699129
39.61151984,259995.6862,4203323.195,3559.888672,24.1907287590061
39.63784103,259995.7101,4203323.184,3559.883057,24.1956443480992
39.66416223,259995.734,4203323.173,3559.878174,24.2005599390599
39.69048342,259995.7579,4203323.162,3559.881104,24.205475528153
39.71680461,259995.7818,4203323.151,3559.876465,24.2103911172461
39.7431258,259995.8057,4203323.14,3559.880127,24.2153067063393
39.76944699,259995.8295,4203323.129,3559.875977,24.2202222954324
39.79576819,259995.8534,4203323.118,3559.879883,24.2251378863931
39.82208938,259995.8773,4203323.107,3559.875977,24.2300534754862
39.84841057,259995.9012,4203323.096,3559.880127,24.2349690645793
39.87473176,259995.9251,4203323.084,3559.875732,24.2398846536725
39.90105295,259995.949,4203323.073,3559.879395,24.2448002427656
39.92737415,259995.9729,4203323.062,3559.874512,24.2497158337263
39.95369534,259995.9968,4203323.051,3559.877686,24.2546314228194
39.98001653,259996.0206,4203323.04,3559.873047,24.2595470119125
40.00633772,259996.0445,4203323.029,3559.867432,24.2644626010057
40.03265891,259996.0684,4203323.018,3559.869629,24.2693781900988
40.05898011,259996.0923,4203323.007,3559.86377,24.2742937810595
40.0853013,259996.1162,4203322.996,3559.867432,24.2792093701526
40.11162249,259996.1401,4203322.985,3559.861084,24.2841249592457
40.13794368,259996.164,4203322.974,3559.865234,24.2890405483389
40.16426487,259996.1879,4203322.963,3559.859375,24.293956137432
40.19058607,259996.2117,4203322.952,3559.862793,24.2988717283927
40.21690726,259996.2356,4203322.941,3559.856934,24.3037873174858
40.24322845,259996.2595,4203322.93,3559.859619,24.3087029065789
40.26954964,259996.2834,4203322.919,3559.852539,24.3136184956721
40.29587083,259996.3073,4203322.908,3559.854248,24.3185340847652
40.32219203,259996.3312,4203322.897,3559.845215,24.3234496757259
40.34851322,259996.3551,4203322.886,3559.835938,24.328365264819
40.37483441,259996.379,4203322.874,3559.835693,24.3332808539122
40.4011556,259996.4029,4203322.863,3559.825195,24.3381964430053
40.42747679,259996.4267,4203322.852,3559.826416,24.3431120320984
40.45379799,259996.4506,4203322.841,3559.816895,24.3480276230591
40.48011918,259996.4745,4203322.83,3559.819092,24.3529432121522
40.50644037,259996.4984,4203322.819,3559.808838,24.3578588012454
40.53276156,259996.5223,4203322.808,3559.815674,24.3627743903385
40.55908275,259996.5462,4203322.797,3559.806396,24.3676899794316
40.58540395,259996.5701,4203322.786,3559.814209,24.3726055703923
40.61172514,259996.594,4203322.775,3559.805908,24.3775211594854
40.63804633,259996.6178,4203322.764,3559.814697,24.3824367485786
40.66436752,259996.6417,4203322.753,3559.807129,24.3873523376717
40.69068871,259996.6656,4203322.742,3559.800049,24.3922679267648
40.71700991,259996.6895,4203322.731,3559.811035,24.3971835177255
40.7433311,259996.7134,4203322.72,3559.802002,24.4020991068186
40.76965229,259996.7373,4203322.709,3559.811523,24.4070146959118
40.79597348,259996.7612,4203322.698,3559.802246,24.4119302850049
40.82229467,259996.7851,4203322.687,3559.811279,24.416845874098
40.84861587,259996.809,4203322.676,3559.801758,24.4217614650587
40.87493706,259996.8328,4203322.664,3559.808594,24.4266770541518
40.90125825,259996.8567,4203322.653,3559.798096,24.431592643245
40.92757944,259996.8806,4203322.642,3559.803223,24.4365082323381
40.95390063,259996.9045,4203322.631,3559.790771,24.4414238214312
40.98022183,259996.9284,4203322.62,3559.792725,24.4463394123919
41.00654302,259996.9523,4203322.609,3559.781006,24.451255001485
41.03286421,259996.9762,4203322.598,3559.781494,24.4561705905782
41.0591854,259997.0001,4203322.587,3559.769287,24.4610861796713
41.08550659,259997.0239,4203322.576,3559.757568,24.4660017687644
41.11182779,259997.0478,4203322.565,3559.756592,24.4709173597251
41.13814898,259997.0717,4203322.554,3559.748047,24.4758329488182
41.16447017,259997.0956,4203322.543,3559.747803,24.4807485379114
41.19079136,259997.1195,4203322.532,3559.740723,24.4856641270045
41.21711255,259997.1434,4203322.521,3559.740723,24.4905797160976
41.24343375,259997.1673,4203322.51,3559.735107,24.4954953070583
41.26975494,259997.1912,4203322.499,3559.735107,24.5004108961514
41.29607613,259997.2151,4203322.488,3559.730713,24.5053264852446
41.32239732,259997.2389,4203322.477,3559.731445,24.5102420743377
41.34871851,259997.2628,4203322.466,3559.728027,24.5151576634308
41.37503971,259997.2867,4203322.454,3559.729492,24.5200732543915
41.4013609,259997.3106,4203322.443,3559.727295,24.5249888434846
41.42768209,259997.3345,4203322.432,3559.725342,24.5299044325778
41.45400328,259997.3584,4203322.421,3559.727539,24.5348200216709
41.48032447,259997.3823,4203322.41,3559.726074,24.539735610764
41.50664567,259997.4062,4203322.399,3559.72876,24.5446512017247
41.53296686,259997.43,4203322.388,3559.727783,24.5495667908178
41.55928805,259997.4539,4203322.377,3559.731689,24.554482379911
41.58560924,259997.4778,4203322.366,3559.731445,24.5593979690041
41.61193043,259997.5017,4203322.355,3559.736084,24.5643135580972
41.63825163,259997.5256,4203322.344,3559.736084,24.5692291490579
41.66457282,259997.5495,4203322.333,3559.740723,24.574144738151
41.69089401,259997.5734,4203322.322,3559.741211,24.5790603272442
41.7172152,259997.5973,4203322.311,3559.746094,24.5839759163373
41.74353639,259997.6211,4203322.3,3559.74707,24.5888915054304
41.76985759,259997.645,4203322.289,3559.747803,24.5938070963911
41.79617878,259997.6689,4203322.278,3559.752441,24.5987226854842
41.82249997,259997.6928,4203322.267,3559.753174,24.6036382745774
41.84882116,259997.7167,4203322.256,3559.758057,24.6085538636705
41.87514235,259997.7406,4203322.244,3559.759033,24.6134694527636
41.90146355,259997.7645,4203322.233,3559.763672,24.6183850437243
41.92778474,259997.7884,4203322.222,3559.764893,24.6233006328175
41.95410593,259997.8123,4203322.211,3559.770996,24.6282162219106
41.98042712,259997.8361,4203322.2,3559.772705,24.6331318110037
42.00674831,259997.86,4203322.189,3559.779053,24.6380474000968
42.03306951,259997.8839,4203322.178,3559.779785,24.6429629910575
42.0593907,259997.9078,4203322.167,3559.782959,24.6478785801507
42.08571189,259997.9317,4203322.156,3559.782715,24.6527941692438
42.11203308,259997.9556,4203322.145,3559.785156,24.6577097583369
42.13835427,259997.9795,4203322.134,3559.784668,24.6626253474301
42.16467547,259998.0034,4203322.123,3559.78418,24.6675409383907
42.19099666,259998.0272,4203322.112,3559.785645,24.6724565274839
42.21731785,259998.0511,4203322.101,3559.784668,24.677372116577
42.24363904,259998.075,4203322.09,3559.786133,24.6822877056701
42.26996023,259998.0989,4203322.079,3559.784912,24.6872032947633
42.29628143,259998.1228,4203322.068,3559.785889,24.6921188857239
42.32260262,259998.1467,4203322.057,3559.784668,24.6970344748171
42.34892381,259998.1706,4203322.046,3559.7854,24.7019500639102
42.375245,259998.1945,4203322.034,3559.783691,24.7068656530033
42.40177324,259998.2184,4203322.023,3559.78418,24.7118199095246
42.42830149,259998.2423,4203322.012,3559.781006,24.7167741679133
42.45482973,259998.2662,4203322,3559.779541,24.7217284244346
42.48135797,259998.2902,4203321.989,3559.77417,24.7266826809558
42.50788622,259998.3141,4203321.977,3559.771729,24.7316369393446
42.53441446,259998.338,4203321.966,3559.765869,24.7365911958658
42.5609427,259998.3619,4203321.954,3559.760254,24.741545452387
42.58747094,259998.3859,4203321.943,3559.76123,24.7464997089082
42.61399919,259998.4098,4203321.931,3559.75708,24.751453967297
42.64052743,259998.4337,4203321.92,3559.758789,24.7564082238182
42.66705567,259998.4576,4203321.908,3559.755127,24.7613624803395
42.69358391,259998.4815,4203321.897,3559.758057,24.7663167368607
42.72011216,259998.5055,4203321.885,3559.754883,24.7712709952495
42.7466404,259998.5294,4203321.874,3559.758545,24.7762252517707
42.77316864,259998.5533,4203321.863,3559.755371,24.7811795082919
42.79969689,259998.5772,4203321.851,3559.76001,24.7861337666807
42.82622513,259998.6012,4203321.84,3559.757813,24.7910880232019
42.85275337,259998.6251,4203321.828,3559.764893,24.7960422797231
42.87928161,259998.649,4203321.817,3559.761719,24.8009965362444
42.90580986,259998.6729,4203321.805,3559.770752,24.8059507946331
42.9323381,259998.6969,4203321.794,3559.767578,24.8109050511544
42.95886634,259998.7208,4203321.782,3559.777588,24.8158593076756
42.98539459,259998.7447,4203321.771,3559.773926,24.8208135660644
43.01192283,259998.7686,4203321.759,3559.784668,24.8257678225856
43.03845107,259998.7926,4203321.748,3559.779541,24.8307220791068
43.06497931,259998.8165,4203321.736,3559.7854,24.8356763356281
43.09150756,259998.8404,4203321.725,3559.77832,24.8406305940168
43.1180358,259998.8643,4203321.713,3559.780518,24.8455848505381
43.14456404,259998.8882,4203321.702,3559.771973,24.8505391070593
43.17109228,259998.9122,4203321.691,3559.772461,24.8554933635805
43.19762053,259998.9361,4203321.679,3559.762207,24.8604476219693
43.22414877,259998.96,4203321.668,3559.749512,24.8654018784905
43.25067701,259998.9839,4203321.656,3559.747314,24.8703561350117
43.27720526,259999.0079,4203321.645,3559.730957,24.8753103934005
43.3037335,259999.0318,4203321.633,3559.728516,24.8802646499217
43.33026174,259999.0557,4203321.622,3559.711914,24.885218906443
43.35678998,259999.0796,4203321.61,3559.709229,24.8901731629642
43.38331823,259999.1036,4203321.599,3559.690674,24.895127421353
43.40984647,259999.1275,4203321.587,3559.687988,24.9000816778742
43.43637471,259999.1514,4203321.576,3559.67334,24.9050359343954
43.46290295,259999.1753,4203321.564,3559.672363,24.9099901909166
43.4894312,259999.1993,4203321.553,3559.658936,24.9149444493054
43.51595944,259999.2232,4203321.542,3559.657959,24.9198987058266
43.54248768,259999.2471,4203321.53,3559.646973,24.9248529623479
43.56901593,259999.271,4203321.519,3559.647705,24.9298072207366
43.59554417,259999.2949,4203321.507,3559.638672,24.9347614772579
43.62207241,259999.3189,4203321.496,3559.641113,24.9397157337791
43.64860065,259999.3428,4203321.484,3559.634521,24.9446699903003
43.6751289,259999.3667,4203321.473,3559.637939,24.9496242486891
43.70165714,259999.3906,4203321.461,3559.631836,24.9545785052103
43.72818538,259999.4146,4203321.45,3559.636963,24.9595327617316
43.75471363,259999.4385,4203321.438,3559.631836,24.9644870201203
43.78124187,259999.4624,4203321.427,3559.636719,24.9694412766416
43.80777011,259999.4863,4203321.415,3559.631836,24.9743955331628
43.83429835,259999.5103,4203321.404,3559.635254,24.979349789684
43.8608266,259999.5342,4203321.393,3559.630859,24.9843040480728
43.88735484,259999.5581,4203321.381,3559.631836,24.989258304594
43.91388308,259999.582,4203321.37,3559.627197,24.9942125611152
43.94041132,259999.606,4203321.358,3559.623291,24.9991668176365
43.96693957,259999.6299,4203321.347,3559.624023,25.0041210760252
43.99346781,259999.6538,4203321.335,3559.62085,25.0090753325465
44.01999605,259999.6777,4203321.324,3559.621094,25.0140295890677
44.0465243,259999.7017,4203321.312,3559.618408,25.0189838474565
44.07305254,259999.7256,4203321.301,3559.618164,25.0239381039777
44.09958078,259999.7495,4203321.289,3559.615723,25.0288923604989
44.12610902,259999.7734,4203321.278,3559.615234,25.0338466170202
44.15263727,259999.7973,4203321.266,3559.613525,25.0388008754089
44.17916551,259999.8213,4203321.255,3559.612793,25.0437551319301
44.20569375,259999.8452,4203321.243,3559.609863,25.0487093884514
44.232222,259999.8691,4203321.232,3559.608154,25.0536636468401
44.25875024,259999.893,4203321.221,3559.604004,25.0586179033614
44.28527848,259999.917,4203321.209,3559.600586,25.0635721598826
44.31180672,259999.9409,4203321.198,3559.594971,25.0685264164038
44.33833497,259999.9648,4203321.186,3559.588867,25.0734806747926
44.36486321,259999.9887,4203321.175,3559.580566,25.0784349313138
44.39139145,260000.0127,4203321.163,3559.570801,25.0833891878351
44.41791969,260000.0366,4203321.152,3559.555176,25.0883434443563
44.44444794,260000.0605,4203321.14,3559.538574,25.0932977027451
44.47097618,260000.0844,4203321.129,3559.52124,25.0982519592663
44.49750442,260000.1084,4203321.117,3559.506348,25.1032062157875
44.52403267,260000.1323,4203321.106,3559.492676,25.1081604741763
44.55056091,260000.1562,4203321.094,3559.484375,25.1131147306975
44.57708915,260000.1801,4203321.083,3559.47583,25.1180689872187
44.60361739,260000.204,4203321.072,3559.468262,25.12302324374
44.63014564,260000.228,4203321.06,3559.463867,25.1279775021287
44.65667388,260000.2519,4203321.049,3559.453613,25.13293175865
44.68320212,260000.2758,4203321.037,3559.449951,25.1378860151712
44.70973037,260000.2997,4203321.026,3559.438232,25.14284027356
44.73625861,260000.3237,4203321.014,3559.435791,25.1477945300812
44.76278685,260000.3476,4203321.003,3559.427002,25.1527487866024
44.78931509,260000.3715,4203320.991,3559.427246,25.1577030431237
44.81584334,260000.3954,4203320.98,3559.420166,25.1626573015124
44.84237158,260000.4194,4203320.968,3559.422363,25.1676115580337
44.86889982,260000.4433,4203320.957,3559.415771,25.1725658145549
44.89542806,260000.4672,4203320.945,3559.418457,25.1775200710761
44.92195631,260000.4911,4203320.934,3559.413086,25.1824743294649
44.94848455,260000.5151,4203320.923,3559.41626,25.1874285859861
44.97501279,260000.539,4203320.911,3559.411377,25.1923828425073
45.00154104,260000.5629,4203320.9,3559.416016,25.1973371008961
45.02806928,260000.5868,4203320.888,3559.411621,25.2022913574173
45.05459752,260000.6107,4203320.877,3559.417236,25.2072456139386
45.08112576,260000.6347,4203320.865,3559.413818,25.2121998704598
45.10765401,260000.6586,4203320.854,3559.420898,25.2171541288486
45.13418225,260000.6825,4203320.842,3559.418213,25.2221083853698
45.16071049,260000.7064,4203320.831,3559.427002,25.227062641891
45.18723873,260000.7304,4203320.819,3559.424561,25.2320168984122
45.21376698,260000.7543,4203320.808,3559.434814,25.236971156801
45.24029522,260000.7782,4203320.796,3559.433594,25.2419254133222
45.26682346,260000.8021,4203320.785,3559.432617,25.2468796698435
45.29335171,260000.8261,4203320.773,3559.446777,25.2518339282322
45.31987995,260000.85,4203320.762,3559.446777,25.2567881847535
45.34640819,260000.8739,4203320.751,3559.462402,25.2617424412747
45.37293643,260000.8978,4203320.739,3559.463135,25.2666966977959
45.39946468,260000.9218,4203320.728,3559.478516,25.2716509561847
45.42599292,260000.9457,4203320.716,3559.47876,25.2766052127059
45.45252116,260000.9696,4203320.705,3559.491943,25.2815594692272
45.47904941,260000.9935,4203320.693,3559.491943,25.2865137276159
45.50557765,260001.0174,4203320.682,3559.506104,25.2914679841372
45.53210589,260001.0414,4203320.67,3559.505859,25.2964222406584
45.55863413,260001.0653,4203320.659,3559.517578,25.3013764971796
45.58516238,260001.0892,4203320.647,3559.516602,25.3063307555684
45.61169062,260001.1131,4203320.636,3559.523926,25.3112850120896
45.63821886,260001.1371,4203320.624,3559.522461,25.3162392686108
45.6647471,260001.161,4203320.613,3559.528564,25.3211935251321
45.69127535,260001.1849,4203320.602,3559.527344,25.3261477835208
45.71780359,260001.2088,4203320.59,3559.531006,25.3311020400421
45.74433183,260001.2328,4203320.579,3559.529785,25.3360562965633
45.77086008,260001.2567,4203320.567,3559.533203,25.3410105549521
45.79738832,260001.2806,4203320.556,3559.531494,25.3459648114733
45.82391656,260001.3045,4203320.544,3559.534668,25.3509190679945
45.8504448,260001.3285,4203320.533,3559.532471,25.3558733245157
45.87697305,260001.3524,4203320.521,3559.535156,25.3608275829045
45.90350129,260001.3763,4203320.51,3559.532715,25.3657818394258
45.93002953,260001.4002,4203320.498,3559.528076,25.370736095947
45.95655778,260001.4241,4203320.487,3559.530029,25.3756903543357
45.98308602,260001.4481,4203320.475,3559.521729,25.380644610857
46.00961426,260001.472,4203320.464,3559.522217,25.3855988673782
46.0361425,260001.4959,4203320.453,3559.508301,25.3905531238994
46.06267075,260001.5198,4203320.441,3559.50708,25.3955073822882
46.08919899,260001.5438,4203320.43,3559.490967,25.4004616388094
46.11572723,260001.5677,4203320.418,3559.490479,25.4054158953307
46.14225547,260001.5916,4203320.407,3559.476563,25.4103701518519
46.16878372,260001.6155,4203320.395,3559.477539,25.4153244102407
46.19531196,260001.6395,4203320.384,3559.466797,25.4202786667619
46.2218402,260001.6634,4203320.372,3559.469727,25.4252329232831
46.24836845,260001.6873,4203320.361,3559.46167,25.4301871816719
46.27489669,260001.7112,4203320.349,3559.4646,25.4351414381931
46.30142493,260001.7352,4203320.338,3559.458252,25.4400956947143
46.32795317,260001.7591,4203320.326,3559.461914,25.4450499512356
46.35448142,260001.783,4203320.315,3559.456787,25.4500042096243
46.38100966,260001.8069,4203320.303,3559.460938,25.4549584661456
46.4075379,260001.8309,4203320.292,3559.456543,25.4599127226668
46.43406615,260001.8548,4203320.281,3559.460938,25.4648669810556
46.46059439,260001.8787,4203320.269,3559.456787,25.4698212375768
46.48712263,260001.9026,4203320.258,3559.461182,25.474775494098
46.51365087,260001.9265,4203320.246,3559.457031,25.4797297506193
46.54017912,260001.9505,4203320.235,3559.461914,25.484684009008
46.56670736,260001.9744,4203320.223,3559.458252,25.4896382655293
46.5932356,260001.9983,4203320.212,3559.45459,25.4945925220505
46.61976384,260002.0222,4203320.2,3559.459961,25.4995467785717
46.64629209,260002.0462,4203320.189,3559.455811,25.5045010369605
46.67282033,260002.0701,4203320.177,3559.4646,25.5094552934817
46.69934857,260002.094,4203320.166,3559.459717,25.5144095500029
46.72587682,260002.1179,4203320.154,3559.470459,25.5193638083917
46.75240506,260002.1419,4203320.143,3559.467041,25.5243180649129
46.7789333,260002.1658,4203320.132,3559.476318,25.5292723214342
46.80546154,260002.1897,4203320.12,3559.472168,25.5342265779554
46.83198979,260002.2136,4203320.109,3559.483887,25.5391808363442
46.85851803,260002.2376,4203320.097,3559.478516,25.5441350928654
46.88504627,260002.2615,4203320.086,3559.48877,25.5490893493866
46.91157452,260002.2854,4203320.074,3559.485107,25.5540436077754
46.93810276,260002.3093,4203320.063,3559.49292,25.5589978642966
46.964631,260002.3332,4203320.051,3559.488525,25.5639521208178
46.99115924,260002.3572,4203320.04,3559.499512,25.5689063773391
47.01768749,260002.3811,4203320.028,3559.493164,25.5738606357278
47.04421573,260002.405,4203320.017,3559.505615,25.5788148922491
47.07074397,260002.4289,4203320.005,3559.50293,25.5837691487703
47.09727221,260002.4529,4203319.994,3559.515869,25.5887234052915
47.12380046,260002.4768,4203319.983,3559.513672,25.5936776636803
47.1503287,260002.5007,4203319.971,3559.529297,25.5986319202015
47.17685694,260002.5246,4203319.96,3559.52832,25.6035861767228
47.20338519,260002.5486,4203319.948,3559.546143,25.6085404351115
47.22991343,260002.5725,4203319.937,3559.546631,25.6134946916328
47.25644167,260002.5964,4203319.925,3559.547852,25.618448948154
47.28296991,260002.6203,4203319.914,3559.566162,25.6234032046752
47.30949816,260002.6443,4203319.902,3559.567383,25.628357463064
47.3360264,260002.6682,4203319.891,3559.589844,25.6333117195852
47.36255464,260002.6921,4203319.879,3559.591797,25.6382659761064
47.38908288,260002.716,4203319.868,3559.61499,25.6432202326277
47.41561113,260002.7399,4203319.856,3559.618408,25.6481744910164
47.44213937,260002.7639,4203319.845,3559.646484,25.6531287475377
47.46866761,260002.7878,4203319.833,3559.648926,25.6580830040589
47.49519586,260002.8117,4203319.822,3559.665527,25.6630372624477
47.5217241,260002.8356,4203319.811,3559.666016,25.6679915189689
47.54825234,260002.8596,4203319.799,3559.677246,25.6729457754901
47.57478058,260002.8835,4203319.788,3559.67749,25.6779000320113
47.60130883,260002.9074,4203319.776,3559.684814,25.6828542904001
47.62783707,260002.9313,4203319.765,3559.684814,25.6878085469213
47.65436531,260002.9553,4203319.753,3559.688232,25.6927628034426
47.68089356,260002.9792,4203319.742,3559.687988,25.6977170618313
47.7074218,260003.0031,4203319.73,3559.691162,25.7026713183526
47.73395004,260003.027,4203319.719,3559.69043,25.7076255748738
47.76047828,260003.051,4203319.707,3559.693604,25.712579831395
47.78700653,260003.0749,4203319.696,3559.692871,25.7175340897838
47.81353477,260003.0988,4203319.684,3559.700195,25.722488346305
47.84006301,260003.1227,4203319.673,3559.698975,25.7274426028263
47.86659125,260003.1466,4203319.662,3559.707031,25.7323968593475
47.8931195,260003.1706,4203319.65,3559.70459,25.7373511177363
47.91964774,260003.1945,4203319.639,3559.711182,25.7423053742575
47.94617598,260003.2184,4203319.627,3559.707764,25.7472596307787
47.97270423,260003.2423,4203319.616,3559.703125,25.7522138891675
47.99923247,260003.2663,4203319.604,3559.705566,25.7571681456887
48.02576071,260003.2902,4203319.593,3559.696533,25.7621224022099
48.05228895,260003.3141,4203319.581,3559.694336,25.7670766587312
48.0788172,260003.338,4203319.57,3559.679199,25.7720309171199
48.10534544,260003.362,4203319.558,3559.671631,25.7769851736412
48.13187368,260003.3859,4203319.547,3559.654541,25.7819394301624
48.15840193,260003.4098,4203319.535,3559.645264,25.7868936885512
48.18493017,260003.4337,4203319.524,3559.633301,25.7918479450724
48.21145841,260003.4577,4203319.513,3559.627197,25.7968022015936
48.23798665,260003.4816,4203319.501,3559.619873,25.8017564581149
48.2645149,260003.5055,4203319.49,3559.615479,25.8058276366192
48.29104314,260003.5294,4203319.478,3559.610352,25.809167927139
48.31757138,260003.5533,4203319.467,3559.607666,25.8125082176588
48.34409962,260003.5773,4203319.455,3559.605225,25.8158485081787
48.37062787,260003.6012,4203319.444,3559.604736,25.8191887999576
48.39715611,260003.6251,4203319.432,3559.602783,25.8225290904775
48.42368435,260003.649,4203319.421,3559.600586,25.8258693809973
48.4502126,260003.673,4203319.409,3559.593994,25.8292096727763
48.47674084,260003.6969,4203319.398,3559.588379,25.8325499632961
48.50326908,260003.7208,4203319.386,3559.57959,25.8358902538159
48.52979732,260003.7447,4203319.375,3559.562744,25.8392305443358
48.55632557,260003.7687,4203319.363,3559.55127,25.8425708361147
48.58285381,260003.7926,4203319.352,3559.533691,25.8459111266346
48.60938205,260003.8165,4203319.341,3559.52124,25.8492514171544
48.6359103,260003.8404,4203319.329,3559.512207,25.8525917089334
48.66243854,260003.8644,4203319.318,3559.507813,25.8559319994532
48.68896678,260003.8883,4203319.306,3559.501221,25.859272289973
48.71549502,260003.9122,4203319.295,3559.49585,25.8626125804929
48.74202327,260003.9361,4203319.283,3559.489746,25.8659528722718
48.76855151,260003.9601,4203319.272,3559.484863,25.8692931627917
48.79507975,260003.984,4203319.26,3559.476318,25.8726334533115
48.82160799,260004.0079,4203319.249,3559.470459,25.8759737438313
48.84813624,260004.0318,4203319.237,3559.461182,25.8793140356103
48.87466448,260004.0557,4203319.226,3559.45459,25.8826543261302
48.90119272,260004.0797,4203319.214,3559.442871,25.88599461665
48.92772097,260004.1036,4203319.203,3559.437012,25.889334908429
48.95424921,260004.1275,4203319.192,3559.42749,25.8926751989488
48.98077745,260004.1514,4203319.18,3559.426025,25.8960154894686
49.00730569,260004.1754,4203319.169,3559.418213,25.8993557799884
49.03383394,260004.1993,4203319.157,3559.418701,25.9026960717674
49.06036218,260004.2232,4203319.146,3559.411377,25.9060363622873
49.08689042,260004.2471,4203319.134,3559.413818,25.9093766528071
49.11341867,260004.2711,4203319.123,3559.406494,25.9127169445861
49.13994691,260004.295,4203319.111,3559.409668,25.9160572351059
49.16647515,260004.3189,4203319.1,3559.404053,25.9193975256257
49.19300339,260004.3428,4203319.088,3559.407471,25.9227378161456
49.21953164,260004.3668,4203319.077,3559.403564,25.9260781079245
49.24605988,260004.3907,4203319.065,3559.4104,25.9294183984444
49.27258812,260004.4146,4203319.054,3559.406738,25.9327586889642
49.29911636,260004.4385,4203319.043,3559.405518,25.936098979484
49.32564461,260004.4624,4203319.031,3559.422363,25.939439271263
49.35217285,260004.4864,4203319.02,3559.422119,25.9427795617828
49.37870109,260004.5103,4203319.008,3559.44043,25.9461198523027
49.40522934,260004.5342,4203318.997,3559.438965,25.9494601440816
49.43175758,260004.5581,4203318.985,3559.453369,25.9528004346015
49.45828582,260004.5821,4203318.974,3559.452148,25.9561407251213
49.48481406,260004.606,4203318.962,3559.462891,25.9594810156411
49.51134231,260004.6299,4203318.951,3559.460938,25.9628213074201
49.53787055,260004.6538,4203318.939,3559.469727,25.9661615979399
49.56439879,260004.6778,4203318.928,3559.468018,25.9695018884598
49.59092703,260004.7017,4203318.916,3559.475098,25.9728421789796
49.61745528,260004.7256,4203318.905,3559.472168,25.9761824707586
49.64398352,260004.7495,4203318.893,3559.477783,25.9795227612784
49.67051176,260004.7735,4203318.882,3559.474609,25.9828630517982
49.69704001,260004.7974,4203318.871,3559.47998,25.9862033435772
49.72356825,260004.8213,4203318.859,3559.476318,25.989543634097
49.75009649,260004.8452,4203318.848,3559.480713,25.9928839246169
49.77662473,260004.8691,4203318.836,3559.477051,25.9962242151367
49.80315298,260004.8931,4203318.825,3559.480225,25.9995645069157
49.82968122,260004.917,4203318.813,3559.476318,26.0029047974355
49.85620946,260004.9409,4203318.802,3559.479004,26.0062450879553
49.88273771,260004.9648,4203318.79,3559.474609,26.0095853797343
49.90926595,260004.9888,4203318.779,3559.476563,26.0129256702541
49.93579419,260005.0127,4203318.767,3559.471436,26.016265960774
49.96232243,260005.0366,4203318.756,3559.46582,26.0196062512938
49.98885068,260005.0605,4203318.744,3559.46875,26.0229465430728
50.01537892,260005.0845,4203318.733,3559.463379,26.0262868335926
50.04190716,260005.1084,4203318.722,3559.465576,26.0296271241124
50.0684354,260005.1323,4203318.71,3559.460449,26.0329674146323
50.09496365,260005.1562,4203318.699,3559.464111,26.0363077064112
50.12149189,260005.1802,4203318.687,3559.459473,26.0396479969311
50.14802013,260005.2041,4203318.676,3559.463623,26.0429882874509
50.17454838,260005.228,4203318.664,3559.459229,26.0463285792299
50.20107662,260005.2519,4203318.653,3559.463623,26.0496688697497
50.22760486,260005.2758,4203318.641,3559.459717,26.0530091602695
50.2541331,260005.2998,4203318.63,3559.464111,26.0563494507894
50.28066135,260005.3237,4203318.618,3559.459717,26.0596897425683
50.30718959,260005.3476,4203318.607,3559.464844,26.0630300330882
50.33371783,260005.3715,4203318.595,3559.460938,26.066370323608
50.36024608,260005.3955,4203318.584,3559.467041,26.069710615387
50.38677432,260005.4194,4203318.573,3559.463867,26.0730509059068
50.41330256,260005.4433,4203318.561,3559.470947,26.0763911964266
50.4398308,260005.4672,4203318.55,3559.467773,26.0797314869465
50.46635905,260005.4912,4203318.538,3559.477539,26.0830717787255
50.49288729,260005.5151,4203318.527,3559.475098,26.0864120692453
50.51941553,260005.539,4203318.515,3559.487061,26.0897523597651
50.54594377,260005.5629,4203318.504,3559.482666,26.0930926502849
50.57247202,260005.5869,4203318.492,3559.493408,26.0964329420639
50.59900026,260005.6108,4203318.481,3559.487793,26.0997732325838
50.6255285,260005.6347,4203318.469,3559.481445,26.1031135231036
50.65205675,260005.6586,4203318.458,3559.488037,26.1064538148826
50.67858499,260005.6825,4203318.446,3559.480469,26.1097941054024
50.70511323,260005.7065,4203318.435,3559.485107,26.1131343959222
50.73164147,260005.7304,4203318.423,3559.477295,26.116474686442
50.75816972,260005.7543,4203318.412,3559.479492,26.119814978221
50.78469796,260005.7782,4203318.401,3559.470215,26.1231552687409
50.8112262,260005.8022,4203318.389,3559.470703,26.1264955592607
50.83775445,260005.8261,4203318.378,3559.460693,26.1298358510397
50.86428269,260005.85,4203318.366,3559.459473,26.1331761415595
50.89081093,260005.8739,4203318.355,3559.449951,26.1365164320793
50.91733917,260005.8979,4203318.343,3559.448975,26.1398567225992
50.94386742,260005.9218,4203318.332,3559.438965,26.1431970143781
50.97039566,260005.9457,4203318.32,3559.436279,26.146537304898
50.9969239,260005.9696,4203318.309,3559.426758,26.1498775954178
51.02345214,260005.9936,4203318.297,3559.424561,26.1532178859376
51.04998039,260006.0175,4203318.286,3559.415771,26.1565581777166
51.07650863,260006.0414,4203318.274,3559.414063,26.1598984682364
51.10303687,260006.0653,4203318.263,3559.405762,26.1632387587563
51.12956512,260006.0893,4203318.252,3559.404541,26.1665790505352
51.15609336,260006.1132,4203318.24,3559.396973,26.1699193410551
51.1826216,260006.1371,4203318.229,3559.395996,26.1732596315749
51.20914984,260006.161,4203318.217,3559.389893,26.1765999220947
51.23567809,260006.1849,4203318.206,3559.389648,26.1799402138737
51.26220633,260006.2089,4203318.194,3559.383789,26.1832805043935
51.28873457,260006.2328,4203318.183,3559.378418,26.1866207949134
51.31526282,260006.2567,4203318.171,3559.378418,26.1899610866923
51.34179106,260006.2806,4203318.16,3559.373779,26.1933013772122
51.3683193,260006.3046,4203318.148,3559.373535,26.196641667732
51.39484754,260006.3285,4203318.137,3559.368652,26.1999819582518
51.42137579,260006.3524,4203318.125,3559.36792,26.2033222500308
51.44790403,260006.3763,4203318.114,3559.363525,26.2066625405506
51.47443227,260006.4003,4203318.103,3559.362305,26.2100028310705
51.50096051,260006.4242,4203318.091,3559.357422,26.2133431215903
51.52748876,260006.4481,4203318.08,3559.355225,26.2166834133693
51.554017,260006.472,4203318.068,3559.349121,26.2200237038891
51.58054524,260006.496,4203318.057,3559.344971,26.2233639944089
51.60707349,260006.5199,4203318.045,3559.334473,26.2267042861879
51.63360173,260006.5438,4203318.034,3559.327637,26.2300445767077
51.66012997,260006.5677,4203318.022,3559.311523,26.2333848672276
51.68665821,260006.5916,4203318.011,3559.299805,26.2367251577474
51.71318646,260006.6156,4203317.999,3559.282227,26.2400654495264
51.7397147,260006.6395,4203317.988,3559.270752,26.2434057400462
51.76624294,260006.6634,4203317.976,3559.253906,26.246746030566
51.79277118,260006.6873,4203317.965,3559.243652,26.2500863210859
51.81929943,260006.7113,4203317.953,3559.232178,26.2534266128648
51.84582767,260006.7352,4203317.942,3559.227051,26.2567669033847
51.87235591,260006.7591,4203317.931,3559.220947,26.2601071939045
51.89888416,260006.783,4203317.919,3559.217773,26.2634474856835
51.9254124,260006.807,4203317.908,3559.21167,26.2667877762033
51.95194064,260006.8309,4203317.896,3559.206787,26.2701280667231
51.97846888,260006.8548,4203317.885,3559.204102,26.273468357243
52.00499713,260006.8787,4203317.873,3559.199219,26.276808649022
52.03152537,260006.9027,4203317.862,3559.196533,26.2801489395418
52.05805361,260006.9266,4203317.85,3559.19043,26.2834892300616
52.08458186,260006.9505,4203317.839,3559.188232,26.2868295218406
52.1111101,260006.9744,4203317.827,3559.18042,26.2901698123604
52.13763834,260006.9983,4203317.816,3559.176758,26.2935101028802
52.16416658,260007.0223,4203317.804,3559.16748,26.2968503934001
52.19069483,260007.0462,4203317.793,3559.160645,26.3001906851791
52.21722307,260007.0701,4203317.782,3559.146484,26.3035309756989
52.24375131,260007.094,4203317.77,3559.136963,26.3068712662187
52.27027955,260007.118,4203317.759,3559.125977,26.3102115567385
52.2968078,260007.1419,4203317.747,3559.118896,26.3135518485175
52.32333604,260007.1658,4203317.736,3559.111084,26.3168921390373
52.34986428,260007.1897,4203317.724,3559.104492,26.3202324295572
52.37639253,260007.2137,4203317.713,3559.097656,26.3235727213362
52.40292077,260007.2376,4203317.701,3559.094727,26.326913011856
52.42944901,260007.2615,4203317.69,3559.090088,26.3302533023758
52.45597725,260007.2854,4203317.678,3559.088623,26.3335935928956
52.4825055,260007.3094,4203317.667,3559.084229,26.3369338846746
52.50903374,260007.3333,4203317.655,3559.083496,26.3402741751945
52.53557052,260007.3572,4203317.644,3559.078613,26.3436155410243
52.56210731,260007.3811,4203317.632,3559.077393,26.3469569081132
52.58864409,260007.405,4203317.621,3559.070801,26.350298273943
52.61518087,260007.4289,4203317.609,3559.069336,26.3536396397728
52.64171765,260007.4528,4203317.598,3559.059814,26.3569810056026
52.66825444,260007.4767,4203317.586,3559.046631,26.3603223726916
52.69479122,260007.5006,4203317.575,3559.04126,26.3636637385214
52.721328,260007.5246,4203317.563,3559.025146,26.3670051043512
52.74786478,260007.5485,4203317.552,3559.021729,26.370346470181
52.77440157,260007.5724,4203317.54,3559.005859,26.3736878372699
52.80093835,260007.5963,4203317.529,3559.004395,26.3770292030997
52.82747513,260007.6202,4203317.517,3558.990234,26.3803705689295
52.85401191,260007.6441,4203317.506,3558.992676,26.3837119347593
52.8805487,260007.668,4203317.494,3558.980713,26.3870533018483
52.90708548,260007.6919,4203317.483,3558.985596,26.3903946676781
52.93362226,260007.7158,4203317.471,3558.975586,26.3937360335079
52.96015904,260007.7397,4203317.46,3558.984863,26.3970773993377
52.98669583,260007.7637,4203317.448,3558.978516,26.4004187664266
53.01323261,260007.7876,4203317.437,3558.988281,26.4037601322565
53.03976939,260007.8115,4203317.425,3558.983887,26.4071014980863
53.06630618,260007.8354,4203317.414,3558.996338,26.4104428651752
53.09284296,260007.8593,4203317.402,3558.994141,26.413784231005
53.11937974,260007.8832,4203317.391,3559.004883,26.4171255968348
53.14591652,260007.9071,4203317.379,3559.00415,26.4204669626646
53.17245331,260007.931,4203317.368,3559.013428,26.4238083297536
53.19899009,260007.9549,4203317.356,3559.013672,26.4271496955834
53.22552687,260007.9788,4203317.345,3559.024658,26.4304910614132
53.25206365,260008.0027,4203317.333,3559.025391,26.433832427243
53.27860044,260008.0267,4203317.322,3559.036133,26.4371737943319
53.30513722,260008.0506,4203317.31,3559.037598,26.4405151601617
53.331674,260008.0745,4203317.299,3559.052246,26.4438565259915
53.35821078,260008.0984,4203317.287,3559.055176,26.4471978918213
53.38474757,260008.1223,4203317.276,3559.057617,26.4505392589103
53.41128435,260008.1462,4203317.264,3559.071045,26.4538806247401
53.43782113,260008.1701,4203317.253,3559.074463,26.4572219905699
53.46435792,260008.194,4203317.241,3559.091797,26.4605633576588
53.4908947,260008.2179,4203317.229,3559.094971,26.4639047234886
53.51743148,260008.2418,4203317.218,3559.118164,26.4672460893184
53.54396826,260008.2658,4203317.206,3559.123291,26.4705874551482
53.57050505,260008.2897,4203317.195,3559.147217,26.4739288222372
53.59704183,260008.3136,4203317.183,3559.150146,26.477270188067
53.62357861,260008.3375,4203317.172,3559.174072,26.4806115538968
53.65011539,260008.3614,4203317.16,3559.177734,26.4839529197266
53.67665218,260008.3853,4203317.149,3559.193359,26.4872942868156
53.70318896,260008.4092,4203317.137,3559.197021,26.4906356526454
53.72972574,260008.4331,4203317.126,3559.206787,26.4939770184752
53.75626252,260008.457,4203317.114,3559.20874,26.497318384305
53.78279931,260008.4809,4203317.103,3559.214844,26.5006597513939
53.80933609,260008.5049,4203317.091,3559.216309,26.5040011172237
53.83587287,260008.5288,4203317.08,3559.220703,26.5073424830535
53.86240965,260008.5527,4203317.068,3559.221924,26.5106838488833
53.88894644,260008.5766,4203317.057,3559.225342,26.5140252159723
53.91548322,260008.6005,4203317.045,3559.226563,26.5173665818021
53.94202,260008.6244,4203317.034,3559.229736,26.5207079476319
53.96855679,260008.6483,4203317.022,3559.231689,26.5240493147208
53.99509357,260008.6722,4203317.011,3559.23584,26.5273906805506
54.02163035,260008.6961,4203316.999,3559.238281,26.5307320463804
54.04816713,260008.72,4203316.988,3559.242188,26.5340734122102
54.07470392,260008.7439,4203316.976,3559.243652,26.5374147792992
54.1012407,260008.7679,4203316.965,3559.246582,26.540756145129
54.12777748,260008.7918,4203316.953,3559.24707,26.5440975109588
54.15431426,260008.8157,4203316.942,3559.247559,26.5474388767886
54.18085105,260008.8396,4203316.93,3559.249756,26.5507802438776
54.20738783,260008.8635,4203316.919,3559.25,26.5541216097074
54.23392461,260008.8874,4203316.907,3559.251953,26.5574629755372
54.26046139,260008.9113,4203316.896,3559.251953,26.560804341367
54.28699818,260008.9352,4203316.884,3559.25415,26.5641457084559
54.31353496,260008.9591,4203316.873,3559.253662,26.5674870742857
54.34007174,260008.983,4203316.861,3559.255859,26.5708284401155
54.36660853,260009.007,4203316.85,3559.255127,26.5741698072045
54.39314531,260009.0309,4203316.838,3559.256836,26.5775111730343
54.41968209,260009.0548,4203316.827,3559.255615,26.5808525388641
54.44621887,260009.0787,4203316.815,3559.25708,26.5841939046939
54.47275566,260009.1026,4203316.804,3559.253174,26.5875352717828
54.49929244,260009.1265,4203316.792,3559.253174,26.5908766376126
54.52582922,260009.1504,4203316.781,3559.248779,26.5942180034424
54.552366,260009.1743,4203316.769,3559.248779,26.5975593692722
54.57890279,260009.1982,4203316.758,3559.244873,26.6009007363612
54.60543957,260009.2221,4203316.746,3559.245361,26.604242102191
54.63197635,260009.2461,4203316.734,3559.242188,26.6075834680208
54.65851313,260009.27,4203316.723,3559.243652,26.6109248338506
54.68504992,260009.2939,4203316.711,3559.241455,26.6142662009395
54.7115867,260009.3178,4203316.7,3559.243164,26.6176075667693
54.73812348,260009.3417,4203316.688,3559.240967,26.6209489325992
54.76466026,260009.3656,4203316.677,3559.243652,26.624290298429
54.79119705,260009.3895,4203316.665,3559.241699,26.6276316655179
54.81773383,260009.4134,4203316.654,3559.245361,26.6309730313477
54.84427061,260009.4373,4203316.642,3559.242676,26.6343143971775
54.8708074,260009.4612,4203316.631,3559.246582,26.6376557642665
54.89734418,260009.4851,4203316.619,3559.244385,26.6409971300963
54.92388096,260009.5091,4203316.608,3559.242188,26.6443384959261
54.95041774,260009.533,4203316.596,3559.246094,26.6476798617559
54.97695453,260009.5569,4203316.585,3559.24292,26.6510212288448
55.00349131,260009.5808,4203316.573,3559.247803,26.6543625946746
55.03002809,260009.6047,4203316.562,3559.244629,26.6577039605044
55.05656487,260009.6286,4203316.55,3559.249756,26.6610453263342
55.08310166,260009.6525,4203316.539,3559.24707,26.6643866934232
55.10963844,260009.6764,4203316.527,3559.252686,26.667728059253
55.13617522,260009.7003,4203316.516,3559.249268,26.6710694250828
55.162712,260009.7242,4203316.504,3559.257568,26.6744107909126
55.18924879,260009.7482,4203316.493,3559.253418,26.6777521580015
55.21578557,260009.7721,4203316.481,3559.262939,26.6810935238313
55.24232235,260009.796,4203316.47,3559.259033,26.6844348896611
55.26885914,260009.8199,4203316.458,3559.268555,26.6877762567501
55.29539592,260009.8438,4203316.447,3559.263428,26.6911176225799
55.3219327,260009.8677,4203316.435,3559.270996,26.6944589884097
55.34846948,260009.8916,4203316.424,3559.266113,26.6978003542395
55.37500627,260009.9155,4203316.412,3559.272217,26.7011417213285
55.40154305,260009.9394,4203316.401,3559.266602,26.7044830871583
55.42807983,260009.9633,4203316.389,3559.271484,26.7078244529881
55.45461661,260009.9873,4203316.378,3559.265381,26.7111658188179
55.4811534,260010.0112,4203316.366,3559.269775,26.7145071859068
55.50769018,260010.0351,4203316.355,3559.263184,26.7178485517366
55.53422696,260010.059,4203316.343,3559.268066,26.7211899175664
55.56076374,260010.0829,4203316.332,3559.260498,26.7245312833962
55.58730053,260010.1068,4203316.32,3559.263672,26.7278726504852
55.61383731,260010.1307,4203316.309,3559.256104,26.731214016315
55.64037409,260010.1546,4203316.297,3559.248779,26.7345553821448
55.66691087,260010.1785,4203316.286,3559.251953,26.7378967479746
55.69344766,260010.2024,4203316.274,3559.244385,26.7412381150635
55.71998444,260010.2263,4203316.262,3559.248535,26.7445794808933
55.74652122,260010.2503,4203316.251,3559.241211,26.7479208467231
55.77305801,260010.2742,4203316.239,3559.244141,26.7512622138121
55.79959479,260010.2981,4203316.228,3559.238037,26.7546035796419
55.82613157,260010.322,4203316.216,3559.240234,26.7579449454717
55.85266835,260010.3459,4203316.205,3559.234619,26.7612863113015
55.87920514,260010.3698,4203316.193,3559.235352,26.7646276783905
55.90574192,260010.3937,4203316.182,3559.230469,26.7679690442203
55.9322787,260010.4176,4203316.17,3559.230469,26.7713104100501
55.95881548,260010.4415,4203316.159,3559.225098,26.7746517758799
55.98535227,260010.4654,4203316.147,3559.224365,26.7779931429688
56.01188905,260010.4894,4203316.136,3559.219238,26.7813345087986
56.03842583,260010.5133,4203316.124,3559.218018,26.7846758746284
56.06496261,260010.5372,4203316.113,3559.214111,26.789229007228
56.0914994,260010.5611,4203316.101,3559.214355,26.793912314961
56.11803618,260010.585,4203316.09,3559.212158,26.7985956209292
56.14457296,260010.6089,4203316.078,3559.213135,26.8032789268974
56.17110975,260010.6328,4203316.067,3559.21167,26.8079622346304
56.19764653,260010.6567,4203316.055,3559.213135,26.8126455405986
56.22418331,260010.6806,4203316.044,3559.212158,26.8173288465668
56.25072009,260010.7045,4203316.032,3559.213623,26.822012152535
56.27725688,260010.7285,4203316.021,3559.212402,26.826695460268
56.30379366,260010.7524,4203316.009,3559.213623,26.8313787662362
56.33033044,260010.7763,4203315.998,3559.212402,26.8360620722044
56.35686722,260010.8002,4203315.986,3559.214111,26.8407453781726
56.38340401,260010.8241,4203315.975,3559.212891,26.8454286859056
56.40994079,260010.848,4203315.963,3559.21167,26.8501119918738
56.43647757,260010.8719,4203315.952,3559.212891,26.854795297842
56.46301435,260010.8958,4203315.94,3559.21167,26.8594786038102
56.48955114,260010.9197,4203315.929,3559.212891,26.8641619115432
56.51608792,260010.9436,4203315.917,3559.211426,26.8688452175114
56.5426247,260010.9675,4203315.906,3559.212646,26.8735285234796
56.56916148,260010.9915,4203315.894,3559.210938,26.8782118294478
56.59569827,260011.0154,4203315.883,3559.212158,26.8828951371808
56.62223505,260011.0393,4203315.871,3559.209717,26.887578443149
56.64877183,260011.0632,4203315.86,3559.210938,26.8922617491172
56.67530862,260011.0871,4203315.848,3559.205811,26.8969450568502
56.7018454,260011.111,4203315.837,3559.206787,26.9016283628184
56.72838218,260011.1349,4203315.825,3559.198486,26.9063116687866
56.75491896,260011.1588,4203315.814,3559.199219,26.9109949747548
56.78145575,260011.1827,4203315.802,3559.186768,26.9156782824879
56.80799253,260011.2066,4203315.79,3559.187988,26.920361588456
56.83452931,260011.2306,4203315.779,3559.175537,26.9250448944242
56.86106609,260011.2545,4203315.767,3559.178955,26.9297282003924
56.88760288,260011.2784,4203315.756,3559.169678,26.9344115081255
56.91413966,260011.3023,4203315.744,3559.173584,26.9390948140937
56.94067644,260011.3262,4203315.733,3559.167969,26.9437781200618
56.96721322,260011.3501,4203315.721,3559.173828,26.94846142603
56.99375001,260011.374,4203315.71,3559.170654,26.9531447337631
57.02028679,260011.3979,4203315.698,3559.179199,26.9578280397313
57.04682357,260011.4218,4203315.687,3559.177734,26.9625113456995
57.07336036,260011.4457,4203315.675,3559.188232,26.9671946534325
57.09989714,260011.4697,4203315.664,3559.187744,26.9718779594007
57.12643392,260011.4936,4203315.652,3559.200195,26.9765612653689
57.1529707,260011.5175,4203315.641,3559.200684,26.9812445713371
57.17950749,260011.5414,4203315.629,3559.201904,26.9859278790701
57.20604427,260011.5653,4203315.618,3559.218262,26.9906111850383
57.23258105,260011.5892,4203315.606,3559.219971,26.9952944910065
57.25911783,260011.6131,4203315.595,3559.234863,26.9999777969747
57.28565462,260011.637,4203315.583,3559.237061,27.0046611047077
57.3121914,260011.6609,4203315.572,3559.246338,27.0093444106759
57.33872818,260011.6848,4203315.56,3559.247314,27.0140277166441
57.36526496,260011.7088,4203315.549,3559.25293,27.0187110226123
57.39180175,260011.7327,4203315.537,3559.25293,27.0233943303453
57.41833853,260011.7566,4203315.526,3559.256104,27.0280776363135
57.44487531,260011.7805,4203315.514,3559.255127,27.0327609422817
57.4714121,260011.8044,4203315.503,3559.257813,27.0374442500147
57.49794888,260011.8283,4203315.491,3559.256104,27.0421275559829
57.52448566,260011.8522,4203315.48,3559.26001,27.0468108619511
57.55102244,260011.8761,4203315.468,3559.258057,27.0514941679193
57.57755923,260011.9,4203315.457,3559.263916,27.0561774756523
57.60409601,260011.9239,4203315.445,3559.261475,27.0608607816205
57.63063279,260011.9478,4203315.434,3559.272949,27.0655440875887
57.65716957,260011.9718,4203315.422,3559.268799,27.0702273935569
57.68370636,260011.9957,4203315.411,3559.282715,27.0749107012899
57.71024314,260012.0196,4203315.399,3559.278809,27.0795940072581
57.73677992,260012.0435,4203315.388,3559.292969,27.0842773132263
57.7633167,260012.0674,4203315.376,3559.290283,27.0889606191945
57.78985349,260012.0913,4203315.365,3559.306152,27.0936439269276
57.81639027,260012.1152,4203315.353,3559.304199,27.0983272328957
57.84292705,260012.1391,4203315.342,3559.32373,27.1030105388639
57.86946383,260012.163,4203315.33,3559.320313,27.1076938448321
57.89600062,260012.1869,4203315.318,3559.316895,27.1123771525652
57.9225374,260012.2109,4203315.307,3559.335205,27.1170604585334
57.94907418,260012.2348,4203315.295,3559.331787,27.1217437645015
57.97561097,260012.2587,4203315.284,3559.343994,27.1264270722346
58.00214775,260012.2826,4203315.272,3559.342529,27.1311103782028
58.02868453,260012.3065,4203315.261,3559.346924,27.135793684171
58.05522131,260012.3304,4203315.249,3559.34668,27.1404769901392
58.0817581,260012.3543,4203315.238,3559.348145,27.1451602978722
58.10829488,260012.3782,4203315.226,3559.348389,27.1498436038404
58.13483166,260012.4021,4203315.215,3559.351563,27.1545269098086
58.16136844,260012.426,4203315.203,3559.352783,27.1592102157768
58.18790523,260012.45,4203315.192,3559.358398,27.1638935235098
58.21444201,260012.4739,4203315.18,3559.360107,27.168576829478
58.24097879,260012.4978,4203315.169,3559.368652,27.1732601354462
58.26751557,260012.5217,4203315.157,3559.37207,27.1779434414144
58.29405236,260012.5456,4203315.146,3559.38501,27.1826267491474
58.32058914,260012.5695,4203315.134,3559.389648,27.1873100551156
58.34712592,260012.5934,4203315.123,3559.404053,27.1919933610838
58.37366271,260012.6173,4203315.111,3559.407959,27.1966766688168
58.40019949,260012.6412,4203315.1,3559.415527,27.201359974785
58.42673627,260012.6651,4203315.088,3559.41626,27.2060432807532
58.45327305,260012.689,4203315.077,3559.418213,27.2107265867214
58.47980984,260012.713,4203315.065,3559.418457,27.2154098944544
58.50634662,260012.7369,4203315.054,3559.419922,27.2200932004226
58.5328834,260012.7608,4203315.042,3559.419922,27.2247765063908
58.55942018,260012.7847,4203315.031,3559.421875,27.229459812359
58.58595697,260012.8086,4203315.019,3559.421875,27.234143120092
58.61249375,260012.8325,4203315.008,3559.423828,27.2388264260602
58.63903053,260012.8564,4203314.996,3559.423584,27.2435097320284
58.66556731,260012.8803,4203314.985,3559.423096,27.2481930379966
58.6921041,260012.9042,4203314.973,3559.425049,27.2528763457296
58.71864088,260012.9281,4203314.962,3559.424561,27.2575596516978
58.74517766,260012.9521,4203314.95,3559.426514,27.262242957666
58.77171444,260012.976,4203314.939,3559.426025,27.2669262636342
58.79825123,260012.9999,4203314.927,3559.427979,27.2716095713673
58.82478801,260013.0238,4203314.916,3559.427002,27.2762928773354
58.85132479,260013.0477,4203314.904,3559.429443,27.2809761833036
58.87786158,260013.0716,4203314.893,3559.428467,27.2856594910367
58.90439836,260013.0955,4203314.881,3559.431396,27.2903427970049
58.93093514,260013.1194,4203314.87,3559.430176,27.2950261029731
58.95747192,260013.1433,4203314.858,3559.434082,27.2997094089412
58.98400871,260013.1672,4203314.847,3559.432861,27.3043927166743
59.01054549,260013.1912,4203314.835,3559.437256,27.3090760226425
59.03708227,260013.2151,4203314.823,3559.435791,27.3137593286107
59.06361905,260013.239,4203314.812,3559.440918,27.3184426345789
59.09015584,260013.2629,4203314.8,3559.440186,27.3231259423119
59.11669262,260013.2868,4203314.789,3559.446777,27.3278092482801
59.1432294,260013.3107,4203314.777,3559.445313,27.3324925542483
59.16976618,260013.3346,4203314.766,3559.45166,27.3371758602165
59.19630297,260013.3585,4203314.754,3559.450439,27.3418591679495
59.22283975,260013.3824,4203314.743,3559.45752,27.3465424739177
59.24937653,260013.4063,4203314.731,3559.455566,27.3512257798859
59.27591332,260013.4302,4203314.72,3559.46167,27.3559090876189
59.3024501,260013.4542,4203314.708,3559.460693,27.3605923935871
59.32898688,260013.4781,4203314.697,3559.46582,27.3652756995553
59.35552366,260013.502,4203314.685,3559.464844,27.3699590055235
59.38206045,260013.5259,4203314.674,3559.462891,27.3746423132565
59.40859723,260013.5498,4203314.662,3559.467285,27.3793256192247
59.43513401,260013.5737,4203314.651,3559.46582,27.3840089251929
59.46167079,260013.5976,4203314.639,3559.468506,27.3886922311611
59.48820758,260013.6215,4203314.628,3559.467041,27.3933755388941
59.51474436,260013.6454,4203314.616,3559.468994,27.3980588448623
59.54128114,260013.6693,4203314.605,3559.466797,27.4027421508305
59.56781792,260013.6933,4203314.593,3559.468262,27.4074254567987
59.59435471,260013.7172,4203314.582,3559.465576,27.4121087645317
59.62089149,260013.7411,4203314.57,3559.467041,27.4167920704999
59.64742827,260013.765,4203314.559,3559.463379,27.4214753764681
59.67396505,260013.7889,4203314.547,3559.465332,27.4261586824363
59.70050184,260013.8128,4203314.536,3559.461426,27.4308419901693
59.72703862,260013.8367,4203314.524,3559.462646,27.4355252961375
59.7535754,260013.8606,4203314.513,3559.458008,27.4402086021057
59.78011219,260013.8845,4203314.501,3559.459473,27.4448919098388
59.80664897,260013.9084,4203314.49,3559.453369,27.4495752158069
59.83318575,260013.9324,4203314.478,3559.454102,27.4542585217751
59.85972253,260013.9563,4203314.467,3559.44751,27.4589418277433
59.88625932,260013.9802,4203314.455,3559.448975,27.4636251354764
59.9127961,260014.0041,4203314.444,3559.442871,27.4683084414446
59.93933288,260014.028,4203314.432,3559.443848,27.4729917474128
59.96586966,260014.0519,4203314.421,3559.437744,27.4776750533809
59.99240645,260014.0758,4203314.409,3559.438477,27.482358361114
60.01894323,260014.0997,4203314.398,3559.433105,27.4870416670822
60.04548001,260014.1236,4203314.386,3559.434082,27.4917249730504
60.07201679,260014.1475,4203314.375,3559.430908,27.4964082790186
60.09855358,260014.1714,4203314.363,3559.432617,27.5010915867516
60.12509036,260014.1954,4203314.351,3559.429688,27.5057748927198
60.15162714,260014.2193,4203314.34,3559.427002,27.510458198688
60.17816393,260014.2432,4203314.328,3559.429932,27.515141506421
60.20470071,260014.2671,4203314.317,3559.427002,27.5198248123892
60.23123749,260014.291,4203314.305,3559.431152,27.5245081183574
60.25777427,260014.3149,4203314.294,3559.427734,27.5291914243256
60.28431106,260014.3388,4203314.282,3559.433105,27.5338747320586
60.31084784,260014.3627,4203314.271,3559.429688,27.5385580380268
60.33738462,260014.3866,4203314.259,3559.435547,27.543241343995
60.3639214,260014.4105,4203314.248,3559.432373,27.5479246499632
60.39045819,260014.4345,4203314.236,3559.438965,27.5526079576962
60.41699497,260014.4584,4203314.225,3559.435791,27.5572912636644
60.44353175,260014.4823,4203314.213,3559.443359,27.5619745696326
60.47006853,260014.5062,4203314.202,3559.439941,27.5666578756008
60.49660532,260014.5301,4203314.19,3559.448242,27.5713411833338
60.5231421,260014.554,4203314.179,3559.445557,27.576024489302
60.54967888,260014.5779,4203314.167,3559.450195,27.5807077952702
60.57621566,260014.6018,4203314.156,3559.44751,27.5853911012384
60.60275245,260014.6257,4203314.144,3559.451416,27.5900744089714
60.62928923,260014.6496,4203314.133,3559.448975,27.5947577149396
60.65582601,260014.6736,4203314.121,3559.451904,27.5994410209078
60.6823628,260014.6975,4203314.11,3559.44873,27.6041243286409
60.70889958,260014.7214,4203314.098,3559.451416,27.608807634609
60.73543636,260014.7453,4203314.087,3559.44751,27.6134909405772
60.76197314,260014.7692,4203314.075,3559.449219,27.6181742465454
60.78850993,260014.7931,4203314.064,3559.443848,27.6228575542785
60.81504671,260014.817,4203314.052,3559.445801,27.6275408602467
60.84158349,260014.8409,4203314.041,3559.440674,27.6322241662148
60.86812027,260014.8648,4203314.029,3559.442627,27.636907472183
60.89465706,260014.8887,4203314.018,3559.438232,27.6415907799161
60.92119384,260014.9126,4203314.006,3559.434814,27.6462740858843
60.94773062,260014.9366,4203313.995,3559.437012,27.6509573918525
60.9742674,260014.9605,4203313.983,3559.434326,27.6556406978206
61.00080419,260014.9844,4203313.972,3559.436523,27.6603240055537
61.02734097,260015.0083,4203313.96,3559.433838,27.6650073115219
61.05387775,260015.0322,4203313.949,3559.435303,27.6696906174901
61.08041454,260015.0561,4203313.937,3559.430908,27.6743739252231
61.10695132,260015.08,4203313.926,3559.432861,27.6790572311913
61.1334881,260015.1039,4203313.914,3559.427979,27.6837405371595
61.16002488,260015.1278,4203313.903,3559.429932,27.6884238431277
61.18656167,260015.1517,4203313.891,3559.424072,27.6931071508607
61.21309845,260015.1757,4203313.879,3559.427246,27.6977904568289
61.23963523,260015.1996,4203313.868,3559.418945,27.7024737627971
61.26617201,260015.2235,4203313.856,3559.420898,27.7071570687653
61.2927088,260015.2474,4203313.845,3559.413086,27.7118403764983
61.31924558,260015.2713,4203313.833,3559.414063,27.7165236824665
61.34578236,260015.2952,4203313.822,3559.40332,27.7212069884347
61.37231914,260015.3191,4203313.81,3559.402344,27.7258902944029
61.39885593,260015.343,4203313.799,3559.390869,27.7305736021359
61.42539271,260015.3669,4203313.787,3559.388916,27.7352569081041
61.45192949,260015.3908,4203313.776,3559.380615,27.7399402140723
61.47846628,260015.4148,4203313.764,3559.380615,27.7446235218053
61.50500306,260015.4387,4203313.753,3559.376709,27.7493068277735
61.53153984,260015.4626,4203313.741,3559.376465,27.7539901337417
61.55807662,260015.4865,4203313.73,3559.37207,27.7586734397099
61.58461341,260015.5104,4203313.718,3559.371582,27.7633567474429
61.61115019,260015.5343,4203313.707,3559.365479,27.7680400534111
61.63768697,260015.5582,4203313.695,3559.357666,27.7727233593793
61.66422375,260015.5821,4203313.684,3559.355713,27.7774066653475
61.69076054,260015.606,4203313.672,3559.349609,27.7820899730805
61.71729732,260015.6299,4203313.661,3559.348145,27.7867732790487
61.7438341,260015.6538,4203313.649,3559.344971,27.7914565850169
61.77037088,260015.6778,4203313.638,3559.344482,27.7961398909851
61.79690767,260015.7017,4203313.626,3559.343262,27.8008231987182
61.82344445,260015.7256,4203313.615,3559.343018,27.8055065046863
61.84998123,260015.7495,4203313.603,3559.342529,27.8101898106545
61.87651801,260015.7734,4203313.592,3559.342285,27.8148731166227
61.9030548,260015.7973,4203313.58,3559.341553,27.8195564243558
61.92959158,260015.8212,4203313.569,3559.341064,27.824239730324
61.95612836,260015.8451,4203313.557,3559.340332,27.8289230362921
61.98266515,260015.869,4203313.546,3559.338867,27.8336063440252
62.00920193,260015.8929,4203313.534,3559.337158,27.8382896499934
62.03573871,260015.9169,4203313.523,3559.331543,27.8429729559616
62.06227549,260015.9408,4203313.511,3559.329102,27.8476562619298
62.08881228,260015.9647,4203313.5,3559.324463,27.8523395696628
62.11534906,260015.9886,4203313.488,3559.322754,27.857022875631
62.14188584,260016.0125,4203313.477,3559.320557,27.8617061815992
62.16842262,260016.0364,4203313.465,3559.318604,27.8663894875674
62.19495941,260016.0603,4203313.454,3559.31665,27.8710727953004
62.22149619,260016.0842,4203313.442,3559.316162,27.8757561012686
62.24803297,260016.1081,4203313.431,3559.315918,27.8804394072368
62.27456975,260016.132,4203313.419,3559.315674,27.885122713205
62.30110654,260016.156,4203313.407,3559.31543,27.889806020938
62.32764332,260016.1799,4203313.396,3559.315674,27.8944893269062
62.3541801,260016.2038,4203313.384,3559.315918,27.8991726328744
62.38071689,260016.2277,4203313.373,3559.316406,27.9038559406074
62.40725367,260016.2516,4203313.361,3559.317383,27.9085392465756
62.43379045,260016.2755,4203313.35,3559.318359,27.9132225525438
62.46032723,260016.2994,4203313.338,3559.31958,27.917905858512
62.48686402,260016.3233,4203313.327,3559.320801,27.922589166245
62.5134008,260016.3472,4203313.315,3559.321533,27.9272724722132
62.53993758,260016.3711,4203313.304,3559.322266,27.9319557781814
62.56647436,260016.395,4203313.292,3559.32251,27.9366390841496
62.59301115,260016.419,4203313.281,3559.322754,27.9413223918826
62.61954793,260016.4429,4203313.269,3559.322754,27.9460056978508
62.64608471,260016.4668,4203313.258,3559.32373,27.950689003819
62.67262149,260016.4907,4203313.246,3559.323486,27.9553723097872
62.69915828,260016.5146,4203313.235,3559.326904,27.9600556175202
62.72569506,260016.5385,4203313.223,3559.327637,27.9647389234884
62.75223184,260016.5624,4203313.212,3559.338379,27.9694222294566
62.77876862,260016.5863,4203313.2,3559.340576,27.9741055354248
62.80530541,260016.6102,4203313.189,3559.354248,27.9787888431579
62.83184219,260016.6341,4203313.177,3559.355469,27.983472149126
62.85837897,260016.6581,4203313.166,3559.37085,27.9881554550942
62.88491576,260016.682,4203313.154,3559.371338,27.9928387628273
62.91145254,260016.7059,4203313.143,3559.381592,27.9975220687955
62.93798932,260016.7298,4203313.131,3559.381348,28.0022053747637
62.9645261,260016.7537,4203313.12,3559.387939,28.0068886807318
62.99106289,260016.7776,4203313.108,3559.387207,28.0115719884649
63.01759967,260016.8015,4203313.097,3559.391113,28.0162552944331
63.04413645,260016.8254,4203313.085,3559.390381,28.0209386004013
63.07067323,260016.8493,4203313.074,3559.394043,28.0256219063695
63.09721002,260016.8732,4203313.062,3559.39209,28.0303052141025
63.1237468,260016.8972,4203313.051,3559.391113,28.0349885200707
63.15028358,260016.9211,4203313.039,3559.393555,28.0396718260389
63.17682036,260016.945,4203313.028,3559.392578,28.0443551320071
63.20335715,260016.9689,4203313.016,3559.394775,28.0490384397401
63.22989393,260016.9928,4203313.005,3559.392822,28.0537217457083
63.25643071,260017.0167,4203312.993,3559.394775,28.0584050516765
63.2829675,260017.0406,4203312.982,3559.39209,28.0630883594095
63.30950428,260017.0645,4203312.97,3559.392578,28.0677716653777
63.33604106,260017.0884,4203312.959,3559.387939,28.0724549713459
63.36257784,260017.1123,4203312.947,3559.387207,28.0771382773141
63.38911463,260017.1362,4203312.935,3559.380859,28.0818215850471
63.41565141,260017.1602,4203312.924,3559.379395,28.0865048910153
63.44218819,260017.1841,4203312.912,3559.371826,28.0911881969835
63.46872497,260017.208,4203312.901,3559.368896,28.0958715029517
63.49526176,260017.2319,4203312.889,3559.361572,28.1005548106847
63.52179854,260017.2558,4203312.878,3559.359863,28.1052381166529
63.54833532,260017.2797,4203312.866,3559.354492,28.1099214226211
63.5748721,260017.3036,4203312.855,3559.353516,28.1146047285893
63.60140889,260017.3275,4203312.843,3559.350098,28.1192880363223
63.62794567,260017.3514,4203312.832,3559.349121,28.1239713422905
63.65448245,260017.3753,4203312.82,3559.345459,28.1286546482587
63.68101923,260017.3993,4203312.809,3559.343994,28.1333379542269
63.70755602,260017.4232,4203312.797,3559.341064,28.1380212619599
63.7340928,260017.4471,4203312.786,3559.3396,28.1427045679281
63.76062958,260017.471,4203312.774,3559.336426,28.1473878738963
63.78716637,260017.4949,4203312.763,3559.335205,28.1520711816294
63.81370315,260017.5188,4203312.751,3559.331787,28.1567544875976
63.84023993,260017.5427,4203312.74,3559.328613,28.1614377935657
63.86677671,260017.5666,4203312.728,3559.319824,28.1661210995339
63.8933135,260017.5905,4203312.717,3559.309082,28.170804407267
63.91985028,260017.6144,4203312.705,3559.301514,28.1754877132352
63.94611192,260017.6383,4203312.694,3559.290039,28.1801224615108
63.97237356,260017.6622,4203312.683,3559.287109,28.1847572097865
63.99863521,260017.6861,4203312.673,3559.282471,28.189391959827
64.02489685,260017.71,4203312.662,3559.281494,28.1940267081026
64.05115849,260017.7339,4203312.651,3559.278076,28.1986614563783
64.07742013,260017.7577,4203312.64,3559.277832,28.203296204654
64.10368178,260017.7816,4203312.629,3559.275879,28.2079309546944
64.12994342,260017.8055,4203312.618,3559.276123,28.2125657029701
64.15620506,260017.8294,4203312.607,3559.274414,28.2172004512458
64.1824667,260017.8533,4203312.596,3559.274902,28.2218351995214
64.20872835,260017.8772,4203312.585,3559.273438,28.2264699495619
64.23498999,260017.9011,4203312.574,3559.27124,28.2311046978376
64.26125163,260017.9249,4203312.563,3559.273193,28.2357394461132
64.28751327,260017.9488,4203312.552,3559.271484,28.2403741943889
64.31377492,260017.9727,4203312.541,3559.27417,28.2450089444294
64.34003656,260017.9966,4203312.531,3559.272949,28.249643692705
64.3662982,260018.0205,4203312.52,3559.276123,28.2542784409807
64.39255984,260018.0444,4203312.509,3559.275146,28.2589131892564
64.41882149,260018.0682,4203312.498,3559.280518,28.2635479392969
64.44508313,260018.0921,4203312.487,3559.279297,28.2681826875725
64.47134477,260018.116,4203312.476,3559.287842,28.2728174358482
64.49760641,260018.1399,4203312.465,3559.287598,28.2774521841238
64.52386806,260018.1638,4203312.454,3559.286621,28.2820869341643
64.5501297,260018.1877,4203312.443,3559.295166,28.28672168244
64.57639134,260018.2115,4203312.432,3559.293945,28.2913564307157
64.60265298,260018.2354,4203312.421,3559.300537,28.2959911789913
64.62891463,260018.2593,4203312.41,3559.299316,28.3006259290318
64.65517627,260018.2832,4203312.4,3559.303223,28.3052606773075
64.68143791,260018.3071,4203312.389,3559.302246,28.3098954255831
64.70769955,260018.331,4203312.378,3559.305176,28.3145301738588
64.7339612,260018.3549,4203312.367,3559.304199,28.3191649238993
64.76022284,260018.3787,4203312.356,3559.306152,28.3237996721749
64.78648448,260018.4026,4203312.345,3559.304932,28.3284344204506
64.81274612,260018.4265,4203312.334,3559.306396,28.3330691687263
64.83900777,260018.4504,4203312.323,3559.305176,28.3377039187667
64.86526941,260018.4743,4203312.312,3559.303223,28.3423386670424
64.89153105,260018.4982,4203312.301,3559.304688,28.3469734153181
64.91779269,260018.522,4203312.29,3559.30249,28.3516081635937
64.94405434,260018.5459,4203312.279,3559.303467,28.3562429136342
64.97031598,260018.5698,4203312.269,3559.300293,28.3608776619099
64.99657762,260018.5937,4203312.258,3559.30127,28.3655124101855
65.02283926,260018.6176,4203312.247,3559.297607,28.3701471584612
65.04910091,260018.6415,4203312.236,3559.297852,28.3747819085017
65.07536255,260018.6654,4203312.225,3559.293213,28.3794166567774
65.10162419,260018.6892,4203312.214,3559.292725,28.384051405053
65.12788583,260018.7131,4203312.203,3559.287354,28.3886861533287
65.15414748,260018.737,4203312.192,3559.281738,28.3933209033692
65.18040912,260018.7609,4203312.181,3559.281494,28.3979556516448
65.20667076,260018.7848,4203312.17,3559.275635,28.4025903999205
65.2329324,260018.8087,4203312.159,3559.275635,28.4072251481961
65.25919405,260018.8325,4203312.148,3559.270752,28.4118598982366
65.28545569,260018.8564,4203312.137,3559.270996,28.4164946465123
65.31171733,260018.8803,4203312.127,3559.26709,28.421129394788
65.33797897,260018.9042,4203312.116,3559.267822,28.4257641430636
65.36424062,260018.9281,4203312.105,3559.264893,28.4303988931041
65.39050226,260018.952,4203312.094,3559.266113,28.4350336413798
65.4167639,260018.9758,4203312.083,3559.263672,28.4396683896554
65.44302554,260018.9997,4203312.072,3559.262207,28.4443031379311
65.46928719,260019.0236,4203312.061,3559.264893,28.4489378879716
65.49554883,260019.0475,4203312.05,3559.263428,28.4535726362472
65.52181047,260019.0714,4203312.039,3559.266357,28.4582073845229
65.54807211,260019.0953,4203312.028,3559.265381,28.4628421327986
65.57433376,260019.1192,4203312.017,3559.269043,28.4674768828391
65.6005954,260019.143,4203312.006,3559.268066,28.4721116311147
65.62685704,260019.1669,4203311.996,3559.27417,28.4767463793904
65.65311868,260019.1908,4203311.985,3559.273438,28.481381127666
65.67938033,260019.2147,4203311.974,3559.280273,28.4860158777065
65.70564197,260019.2386,4203311.963,3559.279541,28.4906506259822
65.73190361,260019.2625,4203311.952,3559.284912,28.4952853742578
65.75816525,260019.2863,4203311.941,3559.28418,28.4999201225335
65.7844269,260019.3102,4203311.93,3559.283203,28.504554872574
65.81068854,260019.3341,4203311.919,3559.288086,28.5091896208497
65.83695018,260019.358,4203311.908,3559.287109,28.5138243691253
65.86321182,260019.3819,4203311.897,3559.29126,28.518459117401
65.88947347,260019.4058,4203311.886,3559.290039,28.5230938674415
65.91573511,260019.4296,4203311.875,3559.295166,28.5277286157171
65.94199675,260019.4535,4203311.865,3559.293701,28.5323633639928
65.96825839,260019.4774,4203311.854,3559.299316,28.5369981122684
65.99452004,260019.5013,4203311.843,3559.297852,28.5416328623089
66.02078168,260019.5252,4203311.832,3559.303223,28.5462676105846
66.04704332,260019.5491,4203311.821,3559.301758,28.5509023588603
66.07330496,260019.573,4203311.81,3559.300293,28.5555371071359
66.09956661,260019.5968,4203311.799,3559.306152,28.5601718571764
66.12582825,260019.6207,4203311.788,3559.304688,28.5648066054521
66.15208989,260019.6446,4203311.777,3559.311523,28.5694413537277
66.17835153,260019.6685,4203311.766,3559.310303,28.5740761020034
66.20461318,260019.6924,4203311.755,3559.318848,28.5787108520439
66.23087482,260019.7163,4203311.744,3559.317383,28.5833456003195
66.25713646,260019.7401,4203311.734,3559.325928,28.5879803485952
66.2833981,260019.764,4203311.723,3559.324951,28.5926150968709
66.30965975,260019.7879,4203311.712,3559.333008,28.5972498469114
66.33592139,260019.8118,4203311.701,3559.331543,28.601884595187
66.36218303,260019.8357,4203311.69,3559.339111,28.6065193434627
66.38844467,260019.8596,4203311.679,3559.337402,28.6111540917383
66.41470632,260019.8835,4203311.668,3559.335693,28.6157888417788
66.44096796,260019.9073,4203311.657,3559.343018,28.6204235900545
66.4672296,260019.9312,4203311.646,3559.341064,28.6250583383301
66.49349124,260019.9551,4203311.635,3559.347168,28.6296930866058
66.51975289,260019.979,4203311.624,3559.344238,28.6343278366463
66.54601453,260020.0029,4203311.613,3559.349121,28.638962584922
66.57227617,260020.0268,4203311.602,3559.345947,28.6435973331976
66.59853781,260020.0506,4203311.592,3559.349365,28.6482320814733
66.62479946,260020.0745,4203311.581,3559.346191,28.6528668315138
66.6510611,260020.0984,4203311.57,3559.348389,28.6575015797894
66.67732274,260020.1223,4203311.559,3559.345703,28.6621363280651
66.70358438,260020.1462,4203311.548,3559.342773,28.6667710763407
66.72984603,260020.1701,4203311.537,3559.344971,28.6714058263812
66.75610767,260020.1939,4203311.526,3559.342285,28.6760405746569
66.78236931,260020.2178,4203311.515,3559.344238,28.6806753229326
66.80863095,260020.2417,4203311.504,3559.341797,28.6853100712082
66.8348926,260020.2656,4203311.493,3559.34375,28.6899448212487
66.86115424,260020.2895,4203311.482,3559.341553,28.6945795695244
66.88741588,260020.3134,4203311.471,3559.343506,28.6992143178
66.91367752,260020.3373,4203311.461,3559.341309,28.7038490660757
66.93993917,260020.3611,4203311.45,3559.343262,28.7084838161162
66.96620081,260020.385,4203311.439,3559.341064,28.7131185643918
66.99246245,260020.4089,4203311.428,3559.338867,28.7177533126675
67.01872409,260020.4328,4203311.417,3559.341064,28.7223880609432
67.04498574,260020.4567,4203311.406,3559.338623,28.7270228109837
67.07124738,260020.4806,4203311.395,3559.340088,28.7316575592593
67.09750902,260020.5044,4203311.384,3559.337646,28.736292307535
67.12377066,260020.5283,4203311.373,3559.339111,28.7409270558106
67.15003231,260020.5522,4203311.362,3559.336426,28.7455618058511
67.17629395,260020.5761,4203311.351,3559.337646,28.7501965541268
67.20255559,260020.6,4203311.34,3559.333984,28.7548313024024
67.22881723,260020.6239,4203311.33,3559.335205,28.7594660506781
67.25507888,260020.6477,4203311.319,3559.331055,28.7641008007186
67.28134052,260020.6716,4203311.308,3559.332764,28.7687355489943
67.30760216,260020.6955,4203311.297,3559.327393,28.7733702972699
67.3338638,260020.7194,4203311.286,3559.322021,28.7780050455456
67.36012545,260020.7433,4203311.275,3559.325195,28.7826397955861
67.38638709,260020.7672,4203311.264,3559.320313,28.7872745438617
67.41264873,260020.7911,4203311.253,3559.324463,28.7919092921374
67.43891037,260020.8149,4203311.242,3559.320068,28.796544040413
67.46517202,260020.8388,4203311.231,3559.323486,28.8011787904535
67.49143366,260020.8627,4203311.22,3559.319336,28.8058135387292
67.5176953,260020.8866,4203311.209,3559.322754,28.8104482870049
67.54395694,260020.9105,4203311.198,3559.319092,28.8150830352805
67.57021859,260020.9344,4203311.188,3559.321045,28.819717785321
67.59648023,260020.9582,4203311.177,3559.317139,28.8243525335967
67.62274187,260020.9821,4203311.166,3559.312744,28.8289872818723
67.64900351,260021.006,4203311.155,3559.312744,28.833622030148
67.67526516,260021.0299,4203311.144,3559.30835,28.8382567801885
67.7015268,260021.0538,4203311.133,3559.30835,28.8428915284641
67.72778844,260021.0777,4203311.122,3559.303711,28.8475262767398
67.75405008,260021.1015,4203311.111,3559.303711,28.8521610250155
67.78031173,260021.1254,4203311.1,3559.298584,28.856795775056
67.80657337,260021.1493,4203311.089,3559.29834,28.8614305233316
67.83283501,260021.1732,4203311.078,3559.292969,28.8660652716073
67.85909665,260021.1971,4203311.067,3559.29248,28.8707000198829
67.8853583,260021.221,4203311.057,3559.287109,28.8753347699234
67.91161994,260021.2449,4203311.046,3559.28125,28.8799695181991
67.93788158,260021.2687,4203311.035,3559.279297,28.8846042664747
67.96414322,260021.2926,4203311.024,3559.271729,28.8892390147504
67.99040487,260021.3165,4203311.013,3559.266602,28.8938737647909
68.01666651,260021.3404,4203311.002,3559.25708,28.8985085130666
68.04292815,260021.3643,4203310.991,3559.251709,28.9031432613422
68.06918979,260021.3882,4203310.98,3559.243408,28.9077780096179
68.09545144,260021.412,4203310.969,3559.239258,28.9124127596584
68.12171308,260021.4359,4203310.958,3559.233643,28.917047507934
68.14797472,260021.4598,4203310.947,3559.230713,28.9216822562097
68.17423636,260021.4837,4203310.936,3559.225586,28.9263170044853
68.20049801,260021.5076,4203310.926,3559.223633,28.9309517545258
68.22675965,260021.5315,4203310.915,3559.218018,28.9355865028015
68.25302129,260021.5554,4203310.904,3559.213135,28.9402212510772
68.27928293,260021.5792,4203310.893,3559.212402,28.9448559993528
68.30554458,260021.6031,4203310.882,3559.208984,28.9494907493933
68.33180622,260021.627,4203310.871,3559.208984,28.954125497669
68.35806786,260021.6509,4203310.86,3559.205811,28.9587602459446
68.3843295,260021.6748,4203310.849,3559.206055,28.9633949942203
68.41059115,260021.6987,4203310.838,3559.202393,28.9680297442608
68.43685279,260021.7225,4203310.827,3559.203125,28.9726644925364
68.46311443,260021.7464,4203310.816,3559.199463,28.9772992408121
68.48937607,260021.7703,4203310.805,3559.200928,28.9819339890878
68.51563772,260021.7942,4203310.795,3559.197266,28.9865687391283
68.54189936,260021.8181,4203310.784,3559.193359,28.9912034874039
68.568161,260021.842,4203310.773,3559.197021,28.9958382356796
68.59442264,260021.8658,4203310.762,3559.193359,29.0004729839552
68.62068429,260021.8897,4203310.751,3559.197754,29.0051077339957
68.64694593,260021.9136,4203310.74,3559.19458,29.0097424822714
68.67320757,260021.9375,4203310.729,3559.198975,29.014377230547
68.69946921,260021.9614,4203310.718,3559.195313,29.0190119788227
68.72573086,260021.9853,4203310.707,3559.200195,29.0236467288632
68.7519925,260022.0092,4203310.696,3559.19751,29.0282814771389
68.77825414,260022.033,4203310.685,3559.202148,29.0329162254145
68.80451578,260022.0569,4203310.674,3559.199463,29.0375509736902
68.83077743,260022.0808,4203310.663,3559.206299,29.0421857237307
68.85703907,260022.1047,4203310.653,3559.205078,29.0468204720063
68.88330071,260022.1286,4203310.642,3559.203857,29.051455220282
68.90956235,260022.1525,4203310.631,3559.210938,29.0560899685576
68.935824,260022.1763,4203310.62,3559.209961,29.0607247185981
68.96208564,260022.2002,4203310.609,3559.215576,29.0653594668738
68.98834728,260022.2241,4203310.598,3559.213135,29.0699942151495
69.01460892,260022.248,4203310.587,3559.215332,29.0746289634251
69.04087057,260022.2719,4203310.576,3559.211914,29.0792637134656
69.06713221,260022.2958,4203310.565,3559.213379,29.0838984617413
69.09339385,260022.3196,4203310.554,3559.210205,29.0885332100169
69.11965549,260022.3435,4203310.543,3559.210449,29.0931679582926
69.14591714,260022.3674,4203310.532,3559.207031,29.0978027083331
69.17217878,260022.3913,4203310.522,3559.203369,29.1024374566087
69.19844042,260022.4152,4203310.511,3559.202393,29.1070722048844
69.22470206,260022.4391,4203310.5,3559.197754,29.1117069531601
69.25096371,260022.463,4203310.489,3559.196045,29.1163417032006
69.27722535,260022.4868,4203310.478,3559.190674,29.1209764514762
69.30348699,260022.5107,4203310.467,3559.188721,29.1256111997519
69.32974863,260022.5346,4203310.456,3559.183105,29.1302459480275
69.35601028,260022.5585,4203310.445,3559.179443,29.134880698068
69.38227192,260022.5824,4203310.434,3559.171387,29.1395154463437
69.40853356,260022.6063,4203310.423,3559.165527,29.1441501946193
69.4347952,260022.6301,4203310.412,3559.156982,29.148784942895
69.46105685,260022.654,4203310.401,3559.147461,29.1534196929355
69.48731849,260022.6779,4203310.391,3559.141602,29.1580544412112
69.51358013,260022.7018,4203310.38,3559.130859,29.1626891894868
69.53984177,260022.7257,4203310.369,3559.125488,29.1673239377625
69.56610342,260022.7496,4203310.358,3559.113281,29.171958687803
69.59236506,260022.7734,4203310.347,3559.108398,29.1765934360786
69.6186267,260022.7973,4203310.336,3559.095215,29.1812281843543
69.64488834,260022.8212,4203310.325,3559.090332,29.1788129078988
69.67114999,260022.8451,4203310.314,3559.078369,29.1749890319319
69.69741163,260022.869,4203310.303,3559.076172,29.1711651574211
69.72367327,260022.8929,4203310.292,3559.066162,29.1673412829104
69.74993491,260022.9168,4203310.281,3559.062988,29.1635174083996
69.77619656,260022.9406,4203310.27,3559.05249,29.1596935324327
69.8024582,260022.9645,4203310.26,3559.042725,29.1558696579219
69.82871984,260022.9884,4203310.249,3559.039795,29.1520457834112
69.85498148,260023.0123,4203310.238,3559.029785,29.1482219089004
69.88124313,260023.0362,4203310.227,3559.028076,29.1443980329335
69.90750477,260023.0601,4203310.216,3559.018311,29.1405741584227
69.93376641,260023.0839,4203310.205,3559.01709,29.136750283912
69.96002805,260023.1078,4203310.194,3559.008057,29.1329264094012
69.9862897,260023.1317,4203310.183,3559.006836,29.1291025334343
70.01255134,260023.1556,4203310.172,3558.997559,29.1252786589235
70.03881298,260023.1795,4203310.161,3558.996338,29.1214547844128
70.06507462,260023.2034,4203310.15,3558.985596,29.117630909902
70.09133627,260023.2273,4203310.139,3558.973389,29.1138070339351
70.11759791,260023.2511,4203310.128,3558.971436,29.1099831594243
70.14385955,260023.275,4203310.118,3558.957275,29.1061592849136
70.17012119,260023.2989,4203310.107,3558.953369,29.1023354104028
70.19638284,260023.3228,4203310.096,3558.937988,29.0985115344359
70.22264448,260023.3467,4203310.085,3558.935059,29.0946876599251
70.24890612,260023.3706,4203310.074,3558.921631,29.0908637854144
70.27516776,260023.3944,4203310.063,3558.918213,29.0870399109036
70.30142941,260023.4183,4203310.052,3558.904541,29.0832160349367
70.32769105,260023.4422,4203310.041,3558.901611,29.0793921604259
70.35395269,260023.4661,4203310.03,3558.888184,29.0755682859152
70.38021433,260023.49,4203310.019,3558.875488,29.0717444114044
70.40647598,260023.5139,4203310.008,3558.871826,29.0679205354375
70.43273762,260023.5377,4203309.997,3558.858154,29.0640966609268
70.45899926,260023.5616,4203309.987,3558.853271,29.060272786416
70.4852609,260023.5855,4203309.976,3558.838379,29.0564489119052
70.51152255,260023.6094,4203309.965,3558.833008,29.0526250359383
70.53778419,260023.6333,4203309.954,3558.819092,29.0488011614276
70.56404583,260023.6572,4203309.943,3558.814697,29.0449772869168
70.59030747,260023.6811,4203309.932,3558.802002,29.041153412406
70.61656912,260023.7049,4203309.921,3558.799805,29.0373295364391
70.64283076,260023.7288,4203309.91,3558.78833,29.0335056619284
70.6690924,260023.7527,4203309.899,3558.786865,29.0296817874176
70.69535404,260023.7766,4203309.888,3558.776367,29.0258579129068
70.72161569,260023.8005,4203309.877,3558.76709,29.0220340369399
70.74787733,260023.8244,4203309.866,3558.766846,29.0182101624292
70.77413897,260023.8482,4203309.856,3558.758301,29.0143862879184
70.80040061,260023.8721,4203309.845,3558.759277,29.0105624134076
70.82666226,260023.896,4203309.834,3558.750488,29.0067385374407
70.8529239,260023.9199,4203309.823,3558.751953,29.00291466293
70.87918554,260023.9438,4203309.812,3558.746338,28.9990907884192
70.90544718,260023.9677,4203309.801,3558.748535,28.9952669139084
70.93170883,260023.9915,4203309.79,3558.744385,28.9914430379415
70.95797047,260024.0154,4203309.779,3558.747314,28.9876191634308
70.98423211,260024.0393,4203309.768,3558.743652,28.98379528892
71.01049375,260024.0632,4203309.757,3558.73999,28.9799714144092
71.0367554,260024.0871,4203309.746,3558.743164,28.9761475384423
71.06301704,260024.111,4203309.735,3558.739502,28.9723236639316
71.08927868,260024.1349,4203309.724,3558.741943,28.9684997894208
71.11554032,260024.1587,4203309.714,3558.738037,28.96467591491
71.14180197,260024.1826,4203309.703,3558.740479,28.9608520389431
71.16806361,260024.2065,4203309.692,3558.736572,28.9570281644324
71.19432525,260024.2304,4203309.681,3558.738281,28.9532042899216
71.22058689,260024.2543,4203309.67,3558.734863,28.9493804154108
71.24684854,260024.2782,4203309.659,3558.737305,28.9455565394439
71.27261594,260024.302,4203309.649,3558.733398,28.9418046296596
71.29838335,260024.3259,4203309.64,3558.729736,28.9380527184192
71.32415075,260024.3498,4203309.63,3558.731201,28.9343008086348
71.34991816,260024.3737,4203309.62,3558.727783,28.9305488973944
71.37568557,260024.3976,4203309.611,3558.730469,28.926796986154
71.40145297,260024.4214,4203309.601,3558.728271,28.9230450763696
71.42722038,260024.4453,4203309.591,3558.726807,28.9192931651292
71.45298778,260024.4692,4203309.582,3558.730225,28.9155412553449
71.47875519,260024.4931,4203309.572,3558.729248,28.9117893441044
71.5045226,260024.517,4203309.562,3558.732422,28.908037432864
71.53029,260024.5408,4203309.552,3558.731689,28.9042855230797
71.55605741,260024.5647,4203309.543,3558.731445,28.9005336118392
71.58182481,260024.5886,4203309.533,3558.735352,28.8967817020549
71.60759222,260024.6125,4203309.523,3558.735596,28.8930297908145
71.63335963,260024.6364,4203309.514,3558.739746,28.889277879574
71.65912703,260024.6602,4203309.504,3558.740479,28.8855259697897
71.68489444,260024.6841,4203309.494,3558.741211,28.8817740585493
71.71066184,260024.708,4203309.485,3558.744385,28.8780221487649
71.73642925,260024.7319,4203309.475,3558.744873,28.8742702375245
71.76219666,260024.7558,4203309.465,3558.746826,28.8705183262841
71.78796406,260024.7796,4203309.456,3558.747559,28.8667664164997
71.81373147,260024.8035,4203309.446,3558.750732,28.8630145052593
71.83949887,260024.8274,4203309.436,3558.751953,28.859262595475
71.86526628,260024.8513,4203309.427,3558.753174,28.8555106842345
71.89103369,260024.8752,4203309.417,3558.758545,28.8517587729941
71.91680109,260024.899,4203309.407,3558.76001,28.8480068632098
71.9425685,260024.9229,4203309.398,3558.766113,28.8442549519693
71.96833591,260024.9468,4203309.388,3558.767578,28.8405030407289
71.99410331,260024.9707,4203309.378,3558.768555,28.8367511309446
72.01987072,260024.9946,4203309.369,3558.773682,28.8329992197042
72.04563812,260025.0184,4203309.359,3558.774658,28.8292473099198
72.07140553,260025.0423,4203309.349,3558.781006,28.8254953986794
72.09717294,260025.0662,4203309.34,3558.782471,28.821743487439
72.12294034,260025.0901,4203309.33,3558.783936,28.8179915776546
72.14870775,260025.1139,4203309.32,3558.793213,28.8142396664142
72.17447515,260025.1378,4203309.31,3558.794434,28.8104877566298
72.20024256,260025.1617,4203309.301,3558.80542,28.8067358453894
72.22600997,260025.1856,4203309.291,3558.807373,28.802983934149
72.25177737,260025.2095,4203309.281,3558.809326,28.7992320243646
72.27754478,260025.2333,4203309.272,3558.821777,28.7954801131242
72.30331218,260025.2572,4203309.262,3558.824951,28.7917282033399
72.32907959,260025.2811,4203309.252,3558.837891,28.7879762920994
72.354847,260025.305,4203309.243,3558.840576,28.784224380859
72.3806144,260025.3289,4203309.233,3558.842529,28.7804724710747
72.40638181,260025.3527,4203309.223,3558.848877,28.7767205598343
72.43214921,260025.3766,4203309.214,3558.849121,28.7729686500499
72.45791662,260025.4005,4203309.204,3558.852051,28.7692167388095
72.48368403,260025.4244,4203309.194,3558.852051,28.7654648275691
72.50945143,260025.4483,4203309.185,3558.851807,28.7617129177847
72.53521884,260025.4721,4203309.175,3558.854248,28.7579610065443
72.56098624,260025.496,4203309.165,3558.85376,28.7542090967599
72.58675365,260025.5199,4203309.156,3558.855469,28.7504571855195
72.61252106,260025.5438,4203309.146,3558.855225,28.7467052742791
72.63828846,260025.5677,4203309.136,3558.854492,28.7429533644947
72.66405587,260025.5915,4203309.127,3558.855713,28.7392014532543
72.68982327,260025.6154,4203309.117,3558.854736,28.73544954347
72.71559068,260025.6393,4203309.107,3558.855713,28.7316976322295
72.74135809,260025.6632,4203309.097,3558.854248,28.7279457209891
72.76712549,260025.6871,4203309.088,3558.854736,28.7241938112048
72.7928929,260025.7109,4203309.078,3558.852783,28.7204418999644
72.81866031,260025.7348,4203309.068,3558.851074,28.7166899887239
72.84442771,260025.7587,4203309.059,3558.850586,28.7129380789396
72.87019512,260025.7826,4203309.049,3558.848633,28.7091861676992
72.89596252,260025.8065,4203309.039,3558.848145,28.7054342579148
72.92172993,260025.8303,4203309.03,3558.845703,28.7016823466744
72.94749734,260025.8542,4203309.02,3558.841797,28.697930435434
72.97326474,260025.8781,4203309.01,3558.839844,28.6941785256496
72.99903215,260025.902,4203309.001,3558.83252,28.6904266144092
73.02479955,260025.9259,4203308.991,3558.830322,28.6866747046248
73.05056696,260025.9497,4203308.981,3558.821777,28.6829227933844
73.07633437,260025.9736,4203308.972,3558.8125,28.679170882144
73.10210177,260025.9975,4203308.962,3558.809814,28.6754189723596
73.12786918,260026.0214,4203308.952,3558.803223,28.6716670611192
73.15363658,260026.0453,4203308.943,3558.801758,28.6679151513349
73.17940399,260026.0691,4203308.933,3558.796143,28.6641632400945
73.2051714,260026.093,4203308.923,3558.791504,28.660411328854
73.2309388,260026.1169,4203308.914,3558.791992,28.6566594190697
73.25670621,260026.1408,4203308.904,3558.78833,28.6529075078293
73.28247361,260026.1647,4203308.894,3558.789551,28.6491555980449
73.30824102,260026.1885,4203308.885,3558.785889,28.6454036868045
73.33400843,260026.2124,4203308.875,3558.782471,28.6416517755641
73.35977583,260026.2363,4203308.865,3558.784912,28.6378998657797
73.38554324,260026.2602,4203308.855,3558.781738,28.6341479545393
73.41131064,260026.2841,4203308.846,3558.784424,28.6303960447549
73.43707805,260026.3079,4203308.836,3558.78125,28.6266441335145
73.46284546,260026.3318,4203308.826,3558.777588,28.6228922222741
73.48861286,260026.3557,4203308.817,3558.78125,28.6191403124898
73.51438027,260026.3796,4203308.807,3558.777344,28.6153884012493
73.54014768,260026.4035,4203308.797,3558.781006,28.6116364900089
73.56591508,260026.4273,4203308.788,3558.776611,28.6078845802246
73.59168249,260026.4512,4203308.778,3558.770752,28.6041326689841
73.61744989,260026.4751,4203308.768,3558.775146,28.6003807591998
73.6432173,260026.499,4203308.759,3558.767578,28.5966288479594
73.66898471,260026.5228,4203308.749,3558.77124,28.5928769367189
73.69475211,260026.5467,4203308.739,3558.763184,28.5891250269346
73.72051952,260026.5706,4203308.73,3558.767578,28.5853731156942
73.74628692,260026.5945,4203308.72,3558.758301,28.5816212059098
73.77205433,260026.6184,4203308.71,3558.748779,28.5778692946694
73.79782174,260026.6422,4203308.701,3558.754395,28.574117383429
73.82358914,260026.6661,4203308.691,3558.745361,28.5703654736446
73.84935655,260026.69,4203308.681,3558.749023,28.5666135624042
73.87512395,260026.7139,4203308.672,3558.740479,28.5628616526199
73.90089136,260026.7378,4203308.662,3558.732422,28.5591097413794
73.92665877,260026.7616,4203308.652,3558.736816,28.555357830139
73.95242617,260026.7855,4203308.642,3558.729736,28.5516059203547
73.97819358,260026.8094,4203308.633,3558.734375,28.5478540091142
74.00396098,260026.8333,4203308.623,3558.727295,28.5441020993299
74.02972839,260026.8572,4203308.613,3558.721191,28.5403501880895
74.0554958,260026.881,4203308.604,3558.726074,28.536598276849
74.0812632,260026.9049,4203308.594,3558.720703,28.5328463670647
74.10703061,260026.9288,4203308.584,3558.72583,28.5290944558243
74.13279801,260026.9527,4203308.575,3558.720703,28.5253425460399
74.15856542,260026.9766,4203308.565,3558.715576,28.5215906347995
74.18433283,260027.0004,4203308.555,3558.721436,28.5178387235591
74.21010023,260027.0243,4203308.546,3558.71582,28.5140868137747
74.23586764,260027.0482,4203308.536,3558.720947,28.5103349025343
74.26163504,260027.0721,4203308.526,3558.715576,28.50658299275
74.28740245,260027.096,4203308.517,3558.710693,28.5028310815095
74.31316986,260027.1198,4203308.507,3558.715332,28.4990791702691
74.33893726,260027.1437,4203308.497,3558.710938,28.4953272604848
74.36470467,260027.1676,4203308.488,3558.715332,28.4915753492443
74.39047208,260027.1915,4203308.478,3558.711426,28.4878234380039
74.41623948,260027.2154,4203308.468,3558.70874,28.4840715282196
74.44200689,260027.2392,4203308.459,3558.713623,28.4803196169791
74.46777429,260027.2631,4203308.449,3558.710938,28.4765677071948
74.4935417,260027.287,4203308.439,3558.715332,28.4728157959544
74.51930911,260027.3109,4203308.43,3558.712646,28.469063884714
74.54507651,260027.3348,4203308.42,3558.710449,28.4653119749296
74.57084392,260027.3586,4203308.41,3558.714111,28.4615600636892
74.59661132,260027.3825,4203308.4,3558.711914,28.4578081539048
74.62237873,260027.4064,4203308.391,3558.715088,28.4540562426644
74.64814614,260027.4303,4203308.381,3558.712891,28.450304331424
74.67391354,260027.4542,4203308.371,3558.715576,28.4465524216396
74.69968095,260027.478,4203308.362,3558.713867,28.4428005103992
74.72544835,260027.5019,4203308.352,3558.71167,28.4390486006149
74.75121576,260027.5258,4203308.342,3558.714111,28.4352966893744
74.77698317,260027.5497,4203308.333,3558.712158,28.431544778134
74.80275057,260027.5736,4203308.323,3558.713867,28.4277928683497
74.82851798,260027.5974,4203308.313,3558.712158,28.4240409571092
74.85428538,260027.6213,4203308.304,3558.710693,28.4202890473249
74.88005279,260027.6452,4203308.294,3558.712891,28.4165371360845
74.9058202,260027.6691,4203308.284,3558.710938,28.4127852248441
74.9315876,260027.693,4203308.275,3558.713379,28.4090333150597
74.95735501,260027.7168,4203308.265,3558.711426,28.4052814038193
74.98312241,260027.7407,4203308.255,3558.708984,28.4015294940349
75.00888982,260027.7646,4203308.246,3558.710938,28.3977775827945
75.03465723,260027.7885,4203308.236,3558.708008,28.3940256715541
75.06042463,260027.8124,4203308.226,3558.710693,28.3902737617697
75.08619204,260027.8362,4203308.217,3558.70752,28.3865218505293
75.11195944,260027.8601,4203308.207,3558.702881,28.382769940745
75.13772685,260027.884,4203308.197,3558.708252,28.3790180295045
75.16349426,260027.9079,4203308.187,3558.70459,28.3752661182641
75.18926166,260027.9317,4203308.178,3558.710449,28.3715142084798
75.21502907,260027.9556,4203308.168,3558.707275,28.3677622972393
75.24079648,260027.9795,4203308.158,3558.702881,28.3640103859989
75.26656388,260028.0034,4203308.149,3558.711182,28.3602584762146
75.29233129,260028.0273,4203308.139,3558.708252,28.3565065649742
75.31809869,260028.0511,4203308.129,3558.718994,28.3527546551898
75.3438661,260028.075,4203308.12,3558.716553,28.3490027439494
75.36963351,260028.0989,4203308.11,3558.713623,28.345250832709
75.39540091,260028.1228,4203308.1,3558.736328,28.3414989229246
75.42116832,260028.1467,4203308.091,3558.733154,28.3377470116842
75.44693572,260028.1705,4203308.081,3558.763184,28.3339951018998
75.47270313,260028.1944,4203308.071,3558.760742,28.3302431906594
75.49847054,260028.2183,4203308.062,3558.790283,28.326491279419
75.52423794,260028.2422,4203308.052,3558.785889,28.3227393696346
75.55000535,260028.2661,4203308.042,3558.782715,28.3189874583942
75.57577275,260028.2899,4203308.033,3558.820313,28.3152355486099
75.60154016,260028.3138,4203308.023,3558.817627,28.3114836373695
75.62730757,260028.3377,4203308.013,3558.859375,28.307731726129
75.65307497,260028.3616,4203308.004,3558.857178,28.3039798163447
75.67884238,260028.3855,4203307.994,3558.848633,28.3002279051043
75.70460978,260028.4093,4203307.984,3558.883301,28.2964759953199
75.73037719,260028.4332,4203307.975,3558.866943,28.2927240840795
75.7561446,260028.4571,4203307.965,3558.892578,28.2889721728391
75.781912,260028.481,4203307.955,3558.875732,28.2852202630547
75.80767941,260028.5049,4203307.945,3558.858398,28.2814683518143
75.83344681,260028.5287,4203307.936,3558.879639,28.2777164420299
75.85921422,260028.5526,4203307.926,3558.854492,28.2739645307895
75.88498163,260028.5765,4203307.916,3558.877686,28.2702126195491
75.91074903,260028.6004,4203307.907,3558.849609,28.2664607097647
75.93651644,260028.6243,4203307.897,3558.819824,28.2627087985243
75.96228384,260028.6481,4203307.887,3558.838135,28.25895688874
75.98805125,260028.672,4203307.878,3558.800781,28.2552049774996
76.01381866,260028.6959,4203307.868,3558.804443,28.2514530662591
76.03958606,260028.7198,4203307.858,3558.769531,28.2477011564748
76.06535347,260028.7437,4203307.849,3558.740479,28.2439492452344
76.09112088,260028.7675,4203307.839,3558.743652,28.2401973339939
76.11688828,260028.7914,4203307.829,3558.723877,28.2364454242096
76.14265569,260028.8153,4203307.82,3558.726563,28.2326935129692
76.16842309,260028.8392,4203307.81,3558.711182,28.2289416031848
76.1941905,260028.8631,4203307.8,3558.696289,28.2251896919444
76.21995791,260028.8869,4203307.791,3558.701416,28.221437780704
76.24572531,260028.9108,4203307.781,3558.687744,28.2176858709196
76.27149272,260028.9347,4203307.771,3558.692871,28.2139339596792
76.29726012,260028.9586,4203307.762,3558.680664,28.2101820498948
76.32302753,260028.9825,4203307.752,3558.67041,28.2064301386544
76.34879494,260029.0063,4203307.742,3558.676758,28.202678227414
76.37456234,260029.0302,4203307.732,3558.667236,28.1989263176297
76.40032975,260029.0541,4203307.723,3558.673096,28.1951744063892
76.42609715,260029.078,4203307.713,3558.666748,28.1914224966049
76.45186456,260029.1019,4203307.703,3558.673584,28.1876705853645
76.47763197,260029.1257,4203307.694,3558.669189,28.183918674124
76.50339937,260029.1496,4203307.684,3558.665283,28.1801667643397
76.52916678,260029.1735,4203307.674,3558.673096,28.1764148530993
76.55493418,260029.1974,4203307.665,3558.670166,28.1726629433149
76.58070159,260029.2213,4203307.655,3558.678955,28.1689110320745
76.606469,260029.2451,4203307.645,3558.677246,28.1651591208341
76.6322364,260029.269,4203307.636,3558.675293,28.1614072110497
76.65800381,260029.2929,4203307.626,3558.687256,28.1576552998093
76.68377121,260029.3168,4203307.616,3558.686279,28.153903390025
76.70953862,260029.3406,4203307.607,3558.698486,28.1501514787845
76.73530603,260029.3645,4203307.597,3558.696533,28.1463995675441
76.76107343,260029.3884,4203307.587,3558.695313,28.1426476577598
76.78684084,260029.4123,4203307.578,3558.713379,28.1388957465193
76.81260825,260029.4362,4203307.568,3558.712158,28.1351438352789
76.83837565,260029.46,4203307.558,3558.733643,28.1313919254946
76.86414306,260029.4839,4203307.549,3558.733887,28.1276400142541
76.88991046,260029.5078,4203307.539,3558.733887,28.1238881044698
76.91567787,260029.5317,4203307.529,3558.756836,28.1201361932294
76.94144528,260029.5556,4203307.519,3558.756836,28.1163842819889
76.96721268,260029.5794,4203307.51,3558.777344,28.1126323722046
76.99298009,260029.6033,4203307.5,3558.776611,28.1088804609642
77.01874749,260029.6272,4203307.49,3558.775391,28.1051285511798
77.0445149,260029.6511,4203307.481,3558.792969,28.1013766399394
77.07028231,260029.675,4203307.471,3558.789063,28.097624728699
77.09604971,260029.6988,4203307.461,3558.80542,28.0938728189146
77.12181712,260029.7227,4203307.452,3558.799561,28.0901209076742
77.14758452,260029.7466,4203307.442,3558.794189,28.0863689978899
77.17335193,260029.7705,4203307.432,3558.807617,28.0826170866494
77.19911934,260029.7944,4203307.423,3558.799561,28.078865175409
77.22488674,260029.8182,4203307.413,3558.811035,28.0751132656247
77.25065415,260029.8421,4203307.403,3558.801514,28.0713613543842
77.27642155,260029.866,4203307.394,3558.793457,28.0676094445999
77.30218896,260029.8899,4203307.384,3558.803467,28.0638575333595
77.32795637,260029.9138,4203307.374,3558.797119,28.060105622119
77.35372377,260029.9376,4203307.365,3558.807129,28.0563537123347
77.37949118,260029.9615,4203307.355,3558.802734,28.0526018010943
77.40525858,260029.9854,4203307.345,3558.811768,28.0488498913099
77.43102599,260030.0093,4203307.336,3558.809082,28.0450979800695
77.4567934,260030.0332,4203307.326,3558.806885,28.0413460688291
77.4825608,260030.057,4203307.316,3558.812744,28.0375941590447
77.50832821,260030.0809,4203307.307,3558.809326,28.0338422478043
77.53409561,260030.1048,4203307.297,3558.812744,28.03009033802
77.55986302,260030.1287,4203307.287,3558.809082,28.0263384267795
77.58563043,260030.1526,4203307.277,3558.804443,28.0225865155391
77.61139783,260030.1764,4203307.268,3558.807129,28.0188346057548
77.63716524,260030.2003,4203307.258,3558.803223,28.0150826945143
77.66293265,260030.2242,4203307.248,3558.804932,28.0113307832739
77.68870005,260030.2481,4203307.239,3558.801514,28.0075788734896
77.71446746,260030.272,4203307.229,3558.797363,28.0038269622491
77.74023486,260030.2958,4203307.219,3558.799805,28.0000750524648
77.76600227,260030.3197,4203307.21,3558.796631,27.9963231412244
77.79176968,260030.3436,4203307.2,3558.799316,27.992571229984
77.81753708,260030.3675,4203307.19,3558.796875,27.9888193201996
77.84330449,260030.3914,4203307.181,3558.793701,27.9850674089592
77.86907189,260030.4152,4203307.171,3558.797607,27.9813154991748
77.8948393,260030.4391,4203307.161,3558.79541,27.9775635879344
77.92060671,260030.463,4203307.152,3558.798096,27.973811676694
77.94637411,260030.4869,4203307.142,3558.79541,27.9700597669096
77.97214152,260030.5108,4203307.132,3558.791748,27.9663078556692
77.99790892,260030.5346,4203307.123,3558.793457,27.9625559458849
78.02367633,260030.5585,4203307.113,3558.790527,27.9588040346444
78.04944374,260030.5824,4203307.103,3558.79248,27.955052123404
78.07521114,260030.6063,4203307.094,3558.790039,27.9513002136197
78.10097855,260030.6302,4203307.084,3558.787109,27.9475483023793
78.12674595,260030.654,4203307.074,3558.791016,27.9437963925949
78.15251336,260030.6779,4203307.064,3558.789063,27.9400444813545
78.17828077,260030.7018,4203307.055,3558.797852,27.9362925701141
78.20404817,260030.7257,4203307.045,3558.796875,27.9325406603297
78.22981558,260030.7496,4203307.035,3558.79541,27.9287887490893
78.25558298,260030.7734,4203307.026,3558.805664,27.9250368393049
78.28135039,260030.7973,4203307.016,3558.803223,27.9212849280645
78.3071178,260030.8212,4203307.006,3558.814697,27.9175330168241
78.3328852,260030.8451,4203306.997,3558.809326,27.9137811070397
78.35865261,260030.8689,4203306.987,3558.818848,27.9100291957993
78.38442001,260030.8928,4203306.977,3558.8125,27.906277286015
78.41018742,260030.9167,4203306.968,3558.803955,27.9025253747745
78.43595483,260030.9406,4203306.958,3558.809326,27.8987734635341
78.46172223,260030.9645,4203306.948,3558.798584,27.8950215537498
78.48748964,260030.9883,4203306.939,3558.800537,27.8912696425094
78.51325705,260031.0122,4203306.929,3558.787842,27.8875177312689
78.53902445,260031.0361,4203306.919,3558.774414,27.8837658214846
78.56479186,260031.06,4203306.91,3558.774414,27.8800139102442
78.59055926,260031.0839,4203306.9,3558.758301,27.8762620004598
78.61632667,260031.1077,4203306.89,3558.756836,27.8725100892194
78.64209408,260031.1316,4203306.881,3558.738525,27.868758177979
78.66786148,260031.1555,4203306.871,3558.72168,27.8650062681946
78.69362889,260031.1794,4203306.861,3558.715088,27.8612543569542
78.71939629,260031.2033,4203306.852,3558.696045,27.8575024471698
78.7451637,260031.2271,4203306.842,3558.687988,27.8537505359294
78.77093111,260031.251,4203306.832,3558.666992,27.849998624689
78.79669851,260031.2749,4203306.822,3558.644775,27.8462467149047
78.82246592,260031.2988,4203306.813,3558.636963,27.8424948036642
78.84823332,260031.3227,4203306.803,3558.618896,27.8387428938799
78.87859419,260031.3466,4203306.784,3558.612061,27.8343221434272
78.90895506,260031.3706,4203306.766,3558.604736,27.8299013929745
78.93931593,260031.3946,4203306.747,3558.598633,27.8254806425218
78.9696768,260031.4185,4203306.729,3558.582275,27.8210598920691
79.00003767,260031.4425,4203306.71,3558.576904,27.8166391416165
79.03039854,260031.4665,4203306.691,3558.572266,27.8122183911638
79.0607594,260031.4904,4203306.673,3558.567627,27.8077976421672
79.09112027,260031.5144,4203306.654,3558.556152,27.8033768917145
79.12148114,260031.5384,4203306.635,3558.551514,27.7989561412618
79.15184201,260031.5623,4203306.617,3558.548096,27.7945353908091
79.18220288,260031.5863,4203306.598,3558.543701,27.7901146403564
79.21256375,260031.6102,4203306.579,3558.538086,27.7856938899038
79.24292462,260031.6342,4203306.561,3558.524414,27.7812731394511
79.27328549,260031.6582,4203306.542,3558.520752,27.7768523889984
79.30364635,260031.6821,4203306.524,3558.517334,27.7724316400018
79.33400722,260031.7061,4203306.505,3558.513672,27.7680108895491
79.36436809,260031.7301,4203306.486,3558.51001,27.7635901390964
79.39472896,260031.754,4203306.468,3558.498047,27.7591693886437
79.42508983,260031.778,4203306.449,3558.492188,27.7547486381911
79.4554507,260031.802,4203306.43,3558.487549,27.7503278877384
79.48581157,260031.8259,4203306.412,3558.482422,27.7459071372857
79.51617243,260031.8499,4203306.393,3558.476318,27.7414863882891
79.5465333,260031.8739,4203306.374,3558.474609,27.7370656378364
79.57689417,260031.8978,4203306.356,3558.473389,27.7326448873837
79.60725504,260031.9218,4203306.337,3558.472412,27.728224136931
79.63761591,260031.9458,4203306.318,3558.472168,27.7238033864783
79.66797678,260031.9697,4203306.3,3558.471436,27.7193826360257
79.69833765,260031.9937,4203306.281,3558.471924,27.714961885573
79.72869852,260032.0177,4203306.263,3558.4729,27.7105411351203
79.75905938,260032.0416,4203306.244,3558.474365,27.7061203861237
79.78942025,260032.0656,4203306.225,3558.474121,27.701699635671
79.81978112,260032.0896,4203306.207,3558.476563,27.6972788852183
79.85014199,260032.1135,4203306.188,3558.479492,27.6928581347656
79.88050286,260032.1375,4203306.169,3558.484131,27.688437384313
79.91086373,260032.1615,4203306.151,3558.490967,27.6840166338603
79.9412246,260032.1854,4203306.132,3558.492676,27.6795958834076
79.97158547,260032.2094,4203306.113,3558.501221,27.6751751329549
80.00194633,260032.2333,4203306.095,3558.51123,27.6707543839583
80.0323072,260032.2573,4203306.076,3558.523438,27.6663336335056
80.06266807,260032.2813,4203306.058,3558.53125,27.6619128830529
80.09302894,260032.3052,4203306.039,3558.556396,27.6574921326002
80.12338981,260032.3292,4203306.02,3558.585205,27.6530713821476
80.15375068,260032.3532,4203306.002,3558.617188,27.6486506316949
80.18411155,260032.3771,4203305.983,3558.643311,27.6442298812422
80.21447241,260032.4011,4203305.964,3558.6521,27.6398091322456
80.24483328,260032.4251,4203305.946,3558.664795,27.6353883817929
80.27519415,260032.449,4203305.927,3558.678711,27.6309676313402
80.30555502,260032.473,4203305.908,3558.688965,27.6265468808875
80.33591589,260032.497,4203305.89,3558.692139,27.6221261304349
80.36627676,260032.5209,4203305.871,3558.699463,27.6177053799822
80.39663763,260032.5449,4203305.852,3558.710205,27.6132846295295
80.4269985,260032.5689,4203305.834,3558.723145,27.6088638790768
80.45735936,260032.5928,4203305.815,3558.737061,27.6044431300802
80.48772023,260032.6168,4203305.797,3558.741211,27.6000223796275
80.5180811,260032.6408,4203305.778,3558.756836,27.5956016291748
80.54844197,260032.6647,4203305.759,3558.767822,27.5911808787222
80.57880284,260032.6887,4203305.741,3558.784668,27.5867601282695
80.60916371,260032.7127,4203305.722,3558.80249,27.5823393778168
80.63952458,260032.7366,4203305.703,3558.809326,27.5779186273641
80.66988544,260032.7606,4203305.685,3558.822754,27.5734978783675
80.70024631,260032.7846,4203305.666,3558.831787,27.5690771279148
80.73060718,260032.8085,4203305.647,3558.843506,27.5646563774621
80.76096805,260032.8325,4203305.629,3558.84668,27.5602356270094
80.79132892,260032.8564,4203305.61,3558.854492,27.5558148765568
80.82168979,260032.8804,4203305.592,3558.862061,27.5513941261041
80.85205066,260032.9044,4203305.573,3558.870605,27.5454358477728
80.88241153,260032.9283,4203305.554,3558.881104,27.5343943435119
80.91277239,260032.9523,4203305.536,3558.883301,27.5233528428879
80.94313326,260032.9763,4203305.517,3558.892334,27.5123113386271
80.97349413,260033.0002,4203305.498,3558.900146,27.5012698343663
81.003855,260033.0242,4203305.48,3558.90918,27.4902283301054
81.03421587,260033.0482,4203305.461,3558.909912,27.4791868258446
81.06457674,260033.0721,4203305.442,3558.919434,27.4681453215838
81.09493761,260033.0961,4203305.424,3558.929932,27.457103817323
81.12529847,260033.1201,4203305.405,3558.938721,27.4460623166989
81.15565934,260033.144,4203305.386,3558.945801,27.4350208124381
81.18602021,260033.168,4203305.368,3558.946777,27.4239793081773
81.21638108,260033.192,4203305.349,3558.95459,27.4129378039165
81.24674195,260033.2159,4203305.331,3558.965088,27.4018962996557
81.27710282,260033.2399,4203305.312,3558.977051,27.3908547953949
81.30746369,260033.2639,4203305.293,3558.9729,27.3798132911341
81.33782456,260033.2878,4203305.275,3558.980469,27.3687717868732
81.36818542,260033.3118,4203305.256,3558.983398,27.3577302862492
81.39854629,260033.3358,4203305.237,3558.983154,27.3466887819884
81.42890716,260033.3597,4203305.219,3558.980713,27.3356472777276
81.45926803,260033.3837,4203305.2,3558.968018,27.3246057734668
81.4896289,260033.4077,4203305.181,3558.961914,27.3135642692059
81.51998977,260033.4316,4203305.163,3558.955566,27.3025227649451
81.55035064,260033.4556,4203305.144,3558.949463,27.2914812606843
81.5807115,260033.4795,4203305.126,3558.943848,27.2804397600602
81.61107237,260033.5035,4203305.107,3558.934326,27.2693982557994
81.64143324,260033.5275,4203305.088,3558.929688,27.2583567515386
81.67179411,260033.5514,4203305.07,3558.927734,27.2473152472778
81.70215498,260033.5754,4203305.051,3558.92627,27.236273743017
81.73251585,260033.5994,4203305.032,3558.921143,27.2252322387562
81.76287672,260033.6233,4203305.014,3558.92041,27.2141907344954
81.79323759,260033.6473,4203304.995,3558.919922,27.2031492302346
81.82359845,260033.6713,4203304.976,3558.919434,27.1921077296105
81.85395932,260033.6952,4203304.958,3558.918945,27.1810662253497
81.88432019,260033.7192,4203304.939,3558.913818,27.1700247210889
81.91468106,260033.7432,4203304.92,3558.912842,27.1589832168281
81.94504193,260033.7671,4203304.902,3558.912109,27.1479417125672
81.9754028,260033.7911,4203304.883,3558.910156,27.1369002083064
82.00576367,260033.8151,4203304.865,3558.904053,27.1258587040456
82.03612454,260033.839,4203304.846,3558.904053,27.1148171997848
82.0664854,260033.863,4203304.827,3558.904785,27.1037756991607
82.09684627,260033.887,4203304.809,3558.906982,27.0927341948999
82.12720714,260033.9109,4203304.79,3558.910645,27.0816926906391
82.15756801,260033.9349,4203304.771,3558.907227,27.0706511863783
82.18792888,260033.9589,4203304.753,3558.915771,27.0596096821175
82.21828975,260033.9828,4203304.734,3558.925293,27.0485681778567
82.24865062,260034.0068,4203304.715,3558.935059,27.0375266735959
82.27901148,260034.0308,4203304.697,3558.933838,27.0264851729718
82.30937235,260034.0547,4203304.678,3558.945313,27.015443668711
82.33973322,260034.0787,4203304.66,3558.953613,27.0044021644502
82.37009409,260034.1027,4203304.641,3558.963135,26.9933606601894
82.40045496,260034.1266,4203304.622,3558.971191,26.9823191559286
82.43081583,260034.1506,4203304.604,3558.971436,26.9712776516677
82.4611767,260034.1745,4203304.585,3558.978027,26.9602361474069
82.49153757,260034.1985,4203304.566,3558.983887,26.9491946431461
82.52189843,260034.2225,4203304.548,3558.986572,26.9381531425221
82.5522593,260034.2464,4203304.529,3558.987549,26.9271116382612
82.58262017,260034.2704,4203304.51,3558.991211,26.9160701340004
82.61298104,260034.2944,4203304.492,3558.996582,26.9050286297396
82.64334191,260034.3183,4203304.473,3559.002441,26.8939871254788
82.67370278,260034.3423,4203304.454,3559.009277,26.882945621218
82.70406365,260034.3663,4203304.436,3559.016357,26.8719041169572
82.73442451,260034.3902,4203304.417,3559.025635,26.8608626163331
82.76478538,260034.4142,4203304.399,3559.031738,26.8498211120723
82.79514625,260034.4382,4203304.38,3559.035889,26.8387796078115
82.82550712,260034.4621,4203304.361,3559.037842,26.8277381035507
82.85586799,260034.4861,4203304.343,3559.039795,26.8166965992899
82.88622886,260034.5101,4203304.324,3559.037354,26.805655095029
82.91658973,260034.534,4203304.305,3559.031738,26.7946135907682
82.9469506,260034.558,4203304.287,3559.026367,26.7835720865074
82.97731146,260034.582,4203304.268,3559.02417,26.7725305858834
83.00767233,260034.6059,4203304.249,3559.018066,26.7614890816225
83.0380332,260034.6299,4203304.231,3559.01416,26.7504475773617
83.06839407,260034.6539,4203304.212,3559.012207,26.7394060731009
83.09875494,260034.6778,4203304.194,3559.008789,26.7283645688401
83.12911581,260034.7018,4203304.175,3559.005127,26.7173230645793
83.15947668,260034.7258,4203304.156,3558.993408,26.7062815603185
83.18983754,260034.7497,4203304.138,3558.974609,26.6952400596944
83.21512071,260034.7736,4203304.129,3558.959717,26.686045190467
83.24040387,260034.7975,4203304.121,3558.944336,26.6768503248763
83.26568703,260034.8214,4203304.113,3558.936035,26.6676554592856
83.29097019,260034.8453,4203304.105,3558.930176,26.6584605936949
83.31625336,260034.8692,4203304.096,3558.923584,26.6492657244674
83.34153652,260034.8931,4203304.088,3558.913086,26.6400708588767
83.36681968,260034.917,4203304.08,3558.897217,26.630875993286
83.39210284,260034.9409,4203304.072,3558.878418,26.6216811276953
83.417386,260034.9648,4203304.063,3558.851074,26.6124862621046
83.44266917,260034.9887,4203304.055,3558.828613,26.6032913928771
83.46795233,260035.0126,4203304.047,3558.814453,26.5940965272864
83.49323549,260035.0365,4203304.039,3558.80249,26.5849016616957
83.51851865,260035.0604,4203304.03,3558.79541,26.575706796105
83.54380182,260035.0843,4203304.022,3558.792969,26.5665119268776
83.56908498,260035.1082,4203304.014,3558.788818,26.5573170612869
83.59436814,260035.1321,4203304.006,3558.7854,26.5481221956961
83.6196513,260035.1561,4203303.998,3558.784668,26.5389273301054
83.64493446,260035.18,4203303.989,3558.781738,26.5297324645147
83.67021763,260035.2039,4203303.981,3558.778809,26.5205375952873
83.69550079,260035.2278,4203303.973,3558.77832,26.5113427296966
83.72078395,260035.2517,4203303.965,3558.775146,26.5021478641059
83.74606711,260035.2756,4203303.956,3558.770996,26.4929529985152
83.77135028,260035.2995,4203303.948,3558.770752,26.4837581292877
83.79663344,260035.3234,4203303.94,3558.766113,26.474563263697
83.8219166,260035.3473,4203303.932,3558.765625,26.4653683981063
83.84719976,260035.3712,4203303.923,3558.760254,26.4561735325156
83.87248292,260035.3951,4203303.915,3558.753662,26.4469786669249
83.89776609,260035.419,4203303.907,3558.753418,26.4377837976974
83.92304925,260035.4429,4203303.899,3558.74585,26.4285889321067
83.94833241,260035.4668,4203303.89,3558.738281,26.419394066516
83.97361557,260035.4907,4203303.882,3558.737793,26.4101992009253
83.99889873,260035.5146,4203303.874,3558.731934,26.4010043353346
84.0241819,260035.5385,4203303.866,3558.727295,26.3918094661072
84.04946506,260035.5624,4203303.857,3558.727051,26.3826146005165
84.07474822,260035.5863,4203303.849,3558.722656,26.3734197349258
84.10003138,260035.6102,4203303.841,3558.718506,26.3642248693351
84.12531455,260035.6341,4203303.833,3558.718262,26.3550300001076
84.15059771,260035.658,4203303.824,3558.713867,26.3458351345169
84.17588087,260035.6819,4203303.816,3558.709229,26.3366402689262
84.20116403,260035.7058,4203303.808,3558.70874,26.3274454033355
84.22644719,260035.7297,4203303.8,3558.704102,26.3182505377448
84.25173036,260035.7536,4203303.791,3558.699707,26.3090556685173
84.27701352,260035.7775,4203303.783,3558.698242,26.2998608029266
84.30229668,260035.8014,4203303.775,3558.692627,26.2906659373359
84.32757984,260035.8253,4203303.767,3558.686523,26.2814710717452
84.35286301,260035.8492,4203303.758,3558.684326,26.2722762025178
84.37814617,260035.8731,4203303.75,3558.678223,26.2630813369271
84.40342933,260035.897,4203303.742,3558.672607,26.2538864713363
84.42871249,260035.9209,4203303.734,3558.669434,26.2446916057456
84.45399565,260035.9448,4203303.726,3558.66333,26.2354967401549
84.47927882,260035.9687,4203303.717,3558.657715,26.2263018709275
84.50456198,260035.9926,4203303.709,3558.648682,26.2171070053368
84.52984514,260036.0165,4203303.701,3558.639893,26.2079121397461
84.5551283,260036.0404,4203303.693,3558.631592,26.1987172741554
84.58041147,260036.0643,4203303.684,3558.620361,26.1895224049279
84.60569463,260036.0882,4203303.676,3558.606934,26.1803275393372
84.63097779,260036.1121,4203303.668,3558.598389,26.1711326737465
84.65626095,260036.136,4203303.66,3558.588867,26.1619378081558
84.68154411,260036.1599,4203303.651,3558.581787,26.1527429425651
84.70682728,260036.1838,4203303.643,3558.574219,26.1435480733376
84.73211044,260036.2077,4203303.635,3558.567383,26.1343532077469
84.7573936,260036.2316,4203303.627,3558.560303,26.1251583421562
84.78267676,260036.2555,4203303.618,3558.552979,26.1159634765655
84.80795993,260036.2794,4203303.61,3558.546143,26.1067686073381
84.83324309,260036.3033,4203303.602,3558.538574,26.0975737417474
84.85852625,260036.3273,4203303.594,3558.530762,26.0883788761567
84.88380941,260036.3512,4203303.585,3558.506104,26.079184010566
84.90909257,260036.3751,4203303.577,3558.492676,26.0699891449753
84.93437574,260036.399,4203303.569,3558.481445,26.0607942757478
84.9596589,260036.4229,4203303.561,3558.469482,26.0515994101571
84.98494206,260036.4468,4203303.552,3558.460205,26.0424045445664
85.01022522,260036.4707,4203303.544,3558.454346,26.0332096789757
85.03550839,260036.4946,4203303.536,3558.446777,26.0240148097482
85.06079155,260036.5185,4203303.528,3558.44043,26.0148199441575
85.08607471,260036.5424,4203303.519,3558.435059,26.0056250785668
85.11135787,260036.5663,4203303.511,3558.429932,25.9964302129761
85.13664103,260036.5902,4203303.503,3558.426025,25.9872353473854
85.1619242,260036.6141,4203303.495,3558.422119,25.978040478158
85.18720736,260036.638,4203303.486,3558.416016,25.9688456125673
85.21249052,260036.6619,4203303.478,3558.4104,25.9596507469765
85.23777368,260036.6858,4203303.47,3558.403809,25.9504558813858
85.26305684,260036.7097,4203303.462,3558.398682,25.9412610157951
85.28834001,260036.7336,4203303.454,3558.396484,25.9320661465677
85.31362317,260036.7575,4203303.445,3558.392578,25.922871280977
85.33890633,260036.7814,4203303.437,3558.387939,25.9136764153863
85.36418949,260036.8053,4203303.429,3558.387939,25.9044815497956
85.38947266,260036.8292,4203303.421,3558.383545,25.8952866805681
85.41475582,260036.8531,4203303.412,3558.378906,25.8860918149774
85.44003898,260036.877,4203303.404,3558.380371,25.8768969493867
85.46532214,260036.9009,4203303.396,3558.376221,25.867702083796
85.4906053,260036.9248,4203303.388,3558.371582,25.8585072182053
85.51588847,260036.9487,4203303.379,3558.375244,25.8502822471017
85.54117163,260036.9726,4203303.371,3558.371338,25.842113905581
85.56645479,260036.9965,4203303.363,3558.367188,25.8339455640602
85.59173795,260037.0204,4203303.355,3558.373291,25.8257772225395
85.61702112,260037.0443,4203303.346,3558.369141,25.817608877788
85.64230428,260037.0682,4203303.338,3558.364502,25.8094405362673
85.66758744,260037.0921,4203303.33,3558.371338,25.8012721947465
85.6928706,260037.116,4203303.322,3558.366699,25.7931038532258
85.71815376,260037.1399,4203303.313,3558.362061,25.7849355117051
85.74343693,260037.1638,4203303.305,3558.369141,25.7767671669536
85.76872009,260037.1877,4203303.297,3558.36377,25.7685988254328
85.79400325,260037.2116,4203303.289,3558.357178,25.7604304839121
85.81928641,260037.2355,4203303.28,3558.36377,25.7522621423914
85.84456958,260037.2594,4203303.272,3558.356201,25.7440937976399
85.86985274,260037.2833,4203303.264,3558.348877,25.7359254561192
85.8951359,260037.3072,4203303.256,3558.35498,25.7277571145984
85.92041906,260037.3311,4203303.247,3558.348389,25.7195887730777
85.94570222,260037.355,4203303.239,3558.352539,25.7114204315569
85.97098539,260037.3789,4203303.231,3558.349121,25.7032520868055
85.99626855,260037.4028,4203303.223,3558.347168,25.6950837452847
86.02155171,260037.4267,4203303.215,3558.349854,25.686915403764
86.04683487,260037.4506,4203303.206,3558.348877,25.6787470622433
86.07211804,260037.4745,4203303.198,3558.348389,25.6705787174918
86.0974012,260037.4984,4203303.19,3558.350098,25.662410375971
86.12268436,260037.5224,4203303.182,3558.349609,25.6542420344503
86.14796752,260037.5463,4203303.173,3558.349365,25.6460736929296
86.17325068,260037.5702,4203303.165,3558.350586,25.6379053514088
86.19853385,260037.5941,4203303.157,3558.35083,25.6297370066573
86.22381701,260037.618,4203303.149,3558.351563,25.6215686651366
86.24910017,260037.6419,4203303.14,3558.353027,25.6134003236159
86.27438333,260037.6658,4203303.132,3558.35376,25.6052319820951
86.29966649,260037.6897,4203303.124,3558.354492,25.5970636405744
86.32494966,260037.7136,4203303.116,3558.355957,25.5888952958229
86.35023282,260037.7375,4203303.107,3558.35791,25.5807269543022
86.37551598,260037.7614,4203303.099,3558.359863,25.5725586127814
86.40079914,260037.7853,4203303.091,3558.362793,25.5643902712607
86.42608231,260037.8092,4203303.083,3558.365967,25.5562219265092
86.45136547,260037.8331,4203303.074,3558.368652,25.5480535849885
86.47664863,260037.857,4203303.066,3558.370605,25.5398852434677
86.50193179,260037.8809,4203303.058,3558.371826,25.531716901947
86.52721495,260037.9048,4203303.05,3558.373047,25.5235485604263
86.55249812,260037.9287,4203303.041,3558.374023,25.5153802156748
86.57778128,260037.9526,4203303.033,3558.374023,25.5072118741541
86.60306444,260037.9765,4203303.025,3558.374023,25.4990435326333
86.6283476,260038.0004,4203303.017,3558.374023,25.4908751911126
86.65363077,260038.0243,4203303.008,3558.373535,25.4827068463611
86.67891393,260038.0482,4203303,3558.370117,25.4745385048404
86.70419709,260038.0721,4203302.992,3558.366211,25.4663701633196
86.72948025,260038.096,4203302.984,3558.362793,25.4582018217989
86.75476341,260038.1199,4203302.975,3558.356445,25.4500334802781
86.78004658,260038.1438,4203302.967,3558.353271,25.4418651355267
86.80532974,260038.1677,4203302.959,3558.350342,25.4336967940059
86.8306129,260038.1916,4203302.951,3558.345947,25.4255284524852
86.85589606,260038.2155,4203302.943,3558.343018,25.4173601109644
86.88117923,260038.2394,4203302.934,3558.339844,25.409191766213
86.90646239,260038.2633,4203302.926,3558.333496,25.4010234246922
86.93174555,260038.2872,4203302.918,3558.32959,25.3928550831715
86.95702871,260038.3111,4203302.91,3558.325195,25.3846867416508
86.98231187,260038.335,4203302.901,3558.316895,25.37651840013
87.00759504,260038.3589,4203302.893,3558.310791,25.3683500553785
87.0328782,260038.3828,4203302.885,3558.303223,25.3601817138578
87.05816136,260038.4067,4203302.877,3558.291504,25.3520133723371
87.08344452,260038.4306,4203302.868,3558.280029,25.3438450308163
87.10872769,260038.4545,4203302.86,3558.266602,25.3356766860649
87.13401085,260038.4784,4203302.852,3558.244873,25.3275083445441
87.15929401,260038.5023,4203302.844,3558.224609,25.3193400030234
87.18457717,260038.5262,4203302.835,3558.203369,25.3111716615026
87.20986033,260038.5501,4203302.827,3558.178223,25.3030033199819
87.2351435,260038.574,4203302.819,3558.164551,25.2948349752304
87.26042666,260038.5979,4203302.811,3558.15332,25.2866666337097
87.28570982,260038.6218,4203302.802,3558.137451,25.2784982921889
87.31099298,260038.6457,4203302.794,3558.128418,25.2703299506682
87.33627614,260038.6696,4203302.786,3558.116455,25.2621616091475
87.36155931,260038.6935,4203302.778,3558.109131,25.253993264396
87.38684247,260038.7175,4203302.769,3558.102539,25.2458249228752
87.41212563,260038.7414,4203302.761,3558.092285,25.2376565813545
87.43740879,260038.7653,4203302.753,3558.084717,25.2294882398338
87.46269196,260038.7892,4203302.745,3558.07666,25.2213198950823
87.48797512,260038.8131,4203302.736,3558.064697,25.2131515535616
87.51325828,260038.837,4203302.728,3558.056641,25.2049832120408
87.53854144,260038.8609,4203302.72,3558.049561,25.1968148705201
87.5638246,260038.8848,4203302.712,3558.039307,25.1886465289993
87.58910777,260038.9087,4203302.703,3558.032959,25.1804781842479
87.61439093,260038.9326,4203302.695,3558.029297,25.1723098427271
87.63967409,260038.9565,4203302.687,3558.027344,25.1641415012064
87.66495725,260038.9804,4203302.679,3558.026855,25.1559731596857
87.69024042,260039.0043,4203302.671,3558.026367,25.1478048149342
87.71552358,260039.0282,4203302.662,3558.026123,25.1396364734134
87.74080674,260039.0521,4203302.654,3558.026123,25.1314681318927
87.7660899,260039.076,4203302.646,3558.026123,25.123299790372
87.79137306,260039.0999,4203302.638,3558.026367,25.1151314488512
87.81665623,260039.1238,4203302.629,3558.026367,25.1069631040997
87.84193939,260039.1477,4203302.621,3558.026611,25.098794762579
87.86722255,260039.1716,4203302.613,3558.026855,25.0906264210583
87.89250571,260039.1955,4203302.605,3558.0271,25.0824580795375
87.91778888,260039.2194,4203302.596,3558.027344,25.074289734786
87.94307204,260039.2433,4203302.588,3558.029541,25.0661213932653
87.9683552,260039.2672,4203302.58,3558.030273,25.0579530517446
87.99363836,260039.2911,4203302.572,3558.03125,25.0497847102238
88.01892152,260039.315,4203302.563,3558.03418,25.0416163687031
88.04420469,260039.3389,4203302.555,3558.034912,25.0334480239516
88.06948785,260039.3628,4203302.547,3558.03833,25.0252796824309
88.09477101,260039.3867,4203302.539,3558.039307,25.0171113409101
88.12005417,260039.4106,4203302.53,3558.040283,25.0089429993894
88.14533734,260039.4345,4203302.522,3558.043213,25.0007746546379
88.1706205,260039.4584,4203302.514,3558.043945,24.9926063131172
88.19590366,260039.4823,4203302.506,3558.044678,24.9844379715964
88.22118682,260039.5062,4203302.497,3558.047607,24.9762696300757
88.24646998,260039.5301,4203302.489,3558.049316,24.968101288555
88.27175315,260039.554,4203302.481,3558.05127,24.9599329438035
88.29703631,260039.5779,4203302.473,3558.058594,24.9517646022828
88.32231947,260039.6018,4203302.464,3558.062012,24.943596260762
88.34760263,260039.6257,4203302.456,3558.06665,24.9354279192413
88.37288579,260039.6496,4203302.448,3558.083496,24.9272595777205
88.39816896,260039.6735,4203302.44,3558.090576,24.9190912329691
88.42345212,260039.6974,4203302.432,3558.098633,24.9109228914483
88.44873528,260039.7213,4203302.423,3558.114258,24.9027545499276
88.47401844,260039.7452,4203302.415,3558.119629,24.8945862084068
88.49930161,260039.7691,4203302.407,3558.124756,24.8864178636554
88.52458477,260039.793,4203302.399,3558.133545,24.8782495221346
88.54986793,260039.8169,4203302.39,3558.136475,24.8700811806139
88.57515109,260039.8408,4203302.382,3558.139648,24.8619128390932
88.60043425,260039.8647,4203302.374,3558.148926,24.8537444975724
88.62571742,260039.8887,4203302.366,3558.1521,24.8455761528209
88.65100058,260039.9126,4203302.357,3558.155029,24.8374078113002
88.67628374,260039.9365,4203302.349,3558.163086,24.8292394697795
88.7015669,260039.9604,4203302.341,3558.165771,24.8210711282587
88.72685007,260039.9843,4203302.333,3558.171631,24.8129027835072
88.75213323,260040.0082,4203302.324,3558.173096,24.8047344419865
88.77741639,260040.0321,4203302.316,3558.174561,24.7965661004658
88.80269955,260040.056,4203302.308,3558.179688,24.788397758945
88.82798271,260040.0799,4203302.3,3558.180908,24.7802294174243
88.85326588,260040.1038,4203302.291,3558.182373,24.7720610726728
88.87854904,260040.1277,4203302.283,3558.186279,24.7638927311521
88.9038322,260040.1516,4203302.275,3558.186523,24.7557243896313
88.92911536,260040.1755,4203302.267,3558.186768,24.7475560481106
88.95439853,260040.1994,4203302.258,3558.189209,24.7393877033591
88.97968169,260040.2233,4203302.25,3558.188965,24.7312193618384
89.00496485,260040.2472,4203302.242,3558.188477,24.7230510203176
89.03024801,260040.2711,4203302.234,3558.189453,24.7148826787969
89.06234981,260040.295,4203302.212,3558.189941,24.7045114093104
89.09445161,260040.3189,4203302.191,3558.188965,24.6941401398239
89.12655341,260040.3428,4203302.169,3558.188965,24.6837688703374
89.15865521,260040.3667,4203302.148,3558.188965,24.6733976008509
89.19075701,260040.3906,4203302.127,3558.188965,24.6630263313644
89.22285881,260040.4145,4203302.105,3558.188477,24.6526550618779
89.2549606,260040.4384,4203302.084,3558.187012,24.6422837956221
89.2870624,260040.4623,4203302.062,3558.182861,24.6319125261356
89.3191642,260040.4862,4203302.041,3558.177734,24.6215412566491
89.351266,260040.5101,4203302.019,3558.17334,24.6111699871626
89.3833678,260040.534,4203301.998,3558.169189,24.6007987176761
89.4154696,260040.5579,4203301.977,3558.165039,24.5904274481896
89.4475714,260040.5818,4203301.955,3558.161621,24.5800561787031
89.4796732,260040.6057,4203301.934,3558.158936,24.5696849092166
89.511775,260040.6296,4203301.912,3558.156982,24.5593136397301
89.54387679,260040.6535,4203301.891,3558.155518,24.5489423734743
89.57597859,260040.6774,4203301.869,3558.154541,24.5385711039878
89.60808039,260040.7013,4203301.848,3558.154297,24.5281998345013
89.64018219,260040.7252,4203301.827,3558.155518,24.5178285650148
89.67228399,260040.7491,4203301.805,3558.159912,24.5074572955283
89.70438579,260040.773,4203301.784,3558.16626,24.4970860260418
89.73648759,260040.7969,4203301.762,3558.164307,24.4867147565553
89.76858939,260040.8208,4203301.741,3558.171631,24.4763434870688
89.80069118,260040.8447,4203301.719,3558.179443,24.465972220813
89.83279298,260040.8686,4203301.698,3558.187256,24.4556009513265
89.86489478,260040.8925,4203301.677,3558.195068,24.44522968184
89.89699658,260040.9164,4203301.655,3558.202148,24.4348584123535
89.92909838,260040.9403,4203301.634,3558.210205,24.424487142867
89.96120018,260040.9642,4203301.612,3558.219482,24.4141158733805
89.99330198,260040.9881,4203301.591,3558.22998,24.403744603894
90.02540378,260041.012,4203301.569,3558.227539,24.3933733344075
90.05750558,260041.0359,4203301.548,3558.233643,24.383002064921
90.08960737,260041.0598,4203301.527,3558.236328,24.3726307986652
90.12170917,260041.0838,4203301.505,3558.238281,24.3622595291787
90.15381097,260041.1077,4203301.484,3558.23877,24.3518882596922
90.18591277,260041.1316,4203301.462,3558.238525,24.3415169902057
90.21801457,260041.1555,4203301.441,3558.238037,24.3311457207192
90.25011637,260041.1794,4203301.419,3558.236328,24.3207744512327
90.28221817,260041.2033,4203301.398,3558.234131,24.3104031817462
90.31431997,260041.2272,4203301.377,3558.232178,24.3000319122597
90.34642177,260041.2511,4203301.355,3558.226563,24.2896606427732
90.37852356,260041.275,4203301.334,3558.222656,24.2792893765174
90.41062536,260041.2989,4203301.312,3558.21582,24.2689181070309
90.44272716,260041.3228,4203301.291,3558.20459,24.2585468375444
90.47482896,260041.3467,4203301.269,3558.192627,24.2481755680579
90.50693076,260041.3706,4203301.248,3558.180664,24.2378042985714
90.53903256,260041.3945,4203301.227,3558.169922,24.2274330290849
90.57113436,260041.4184,4203301.205,3558.156494,24.2170617595984
90.60323616,260041.4423,4203301.184,3558.140869,24.2066904901119
90.63533796,260041.4662,4203301.162,3558.125244,24.1963192206254
90.66743975,260041.4901,4203301.141,3558.106689,24.1859479543697
90.69954155,260041.514,4203301.119,3558.091309,24.1755766848831
90.73164335,260041.5379,4203301.098,3558.080566,24.1652054153966
90.76374515,260041.5618,4203301.077,3558.073242,24.1548341459101
90.79584695,260041.5857,4203301.055,3558.067383,24.1444628764236
90.82794875,260041.6096,4203301.034,3558.062256,24.1340916069371
90.86005055,260041.6335,4203301.012,3558.057373,24.1237203374506
90.89215235,260041.6574,4203300.991,3558.052002,24.1133490679641
90.92425415,260041.6813,4203300.969,3558.047607,24.1029777984776
90.95635594,260041.7052,4203300.948,3558.04248,24.0926065322219
90.98845774,260041.7291,4203300.927,3558.036133,24.0822352627354
91.02055954,260041.753,4203300.905,3558.03125,24.0718639932489
91.05266134,260041.7769,4203300.884,3558.026367,24.0614927237623
91.08476314,260041.8008,4203300.862,3558.019775,24.0511214542758
91.11686494,260041.8247,4203300.841,3558.013672,24.0407501847893
91.14896674,260041.8486,4203300.819,3558.008057,24.0303789153028
91.18106854,260041.8725,4203300.798,3558.003418,24.0200076458163
91.21317034,260041.8964,4203300.777,3558,24.0096363763298
91.24527213,260041.9203,4203300.755,3557.997559,23.9992651100741
91.27737393,260041.9442,4203300.734,3557.990967,23.9888938405876
91.30947573,260041.9681,4203300.712,3557.98877,23.9785225711011
91.34157753,260041.992,4203300.691,3557.987549,23.9681513016146
91.37367933,260042.0159,4203300.669,3557.987061,23.957780032128
91.40578113,260042.0398,4203300.648,3557.986816,23.9474087626415
91.43788293,260042.0637,4203300.626,3557.987061,23.937037493155
91.46998473,260042.0876,4203300.605,3557.987549,23.9266662236685
91.50208653,260042.1115,4203300.584,3557.988525,23.916294954182
91.53418832,260042.1354,4203300.562,3557.990479,23.9059236879263
91.56629012,260042.1593,4203300.541,3557.993408,23.8955524184398
