x,E,N,z,h
19.34154475,259901.6785,4203132.549,3616.1521,15.6660457320919
19.37071667,259901.6618,4203132.573,3616.147461,15.6599204607189
19.39988859,259901.645,4203132.597,3616.14209,15.6537951893459
19.42906051,259901.6283,4203132.621,3616.138428,15.6476699179729
19.45823244,259901.6116,4203132.645,3616.125,15.6415446445001
19.48740436,259901.5949,4203132.669,3616.121338,15.6354193731271
19.51657628,259901.5781,4203132.692,3616.119629,15.6292941017541
19.5457482,259901.5614,4203132.716,3616.110596,15.6231688303811
19.57492012,259901.5447,4203132.74,3616.109619,15.617043559008
19.60409205,259901.5279,4203132.764,3616.108887,15.6109182855353
19.63326397,259901.5112,4203132.788,3616.098877,15.6047930141623
19.66243589,259901.4945,4203132.812,3616.098877,15.5986677427892
19.69160781,259901.4777,4203132.836,3616.099121,15.5925424714162
19.72077974,259901.461,4203132.86,3616.098633,15.5864171979435
19.74995166,259901.4443,4203132.884,3616.091309,15.5802919265705
19.77912358,259901.4276,4203132.908,3616.090576,15.5741666551974
19.8082955,259901.4108,4203132.931,3616.089844,15.5680413838244
19.83746742,259901.3941,4203132.955,3616.084473,15.5619161124514
19.86663935,259901.3774,4203132.979,3616.082764,15.5557908389787
19.89581127,259901.3606,4203133.003,3616.080566,15.5496655676056
19.92498319,259901.3439,4203133.027,3616.070313,15.5435402962326
19.95415511,259901.3272,4203133.051,3616.06665,15.5374150248596
19.98332704,259901.3105,4203133.075,3616.061768,15.5312897513868
20.01249896,259901.2937,4203133.099,3616.057861,15.5251644800138
20.04167088,259901.277,4203133.123,3616.046875,15.5190392086408
20.0708428,259901.2603,4203133.147,3616.044922,15.5129139372678
20.10001472,259901.2435,4203133.17,3616.043945,15.5067886658948
20.12918665,259901.2268,4203133.194,3616.040283,15.500663392422
20.15835857,259901.2101,4203133.218,3616.040283,15.494538121049
20.18753049,259901.1934,4203133.242,3616.040283,15.488412849676
20.21670241,259901.1766,4203133.266,3616.038818,15.4822875783029
20.24587434,259901.1599,4203133.29,3616.038818,15.4761623048302
20.27504626,259901.1432,4203133.314,3616.039063,15.4700370334572
20.30421818,259901.1264,4203133.338,3616.039063,15.4639117620842
20.3333901,259901.1097,4203133.362,3616.03833,15.4577864907111
20.36256202,259901.093,4203133.386,3616.03833,15.4516612193381
20.39173395,259901.0763,4203133.409,3616.03833,15.4455359458654
20.42090587,259901.0595,4203133.433,3616.037354,15.4394106744924
20.45007779,259901.0428,4203133.457,3616.037354,15.4332854031193
20.47924971,259901.0261,4203133.481,3616.037598,15.4271601317463
20.50842164,259901.0093,4203133.505,3616.036621,15.4210348582736
20.53759356,259900.9926,4203133.529,3616.036621,15.4149095869005
20.56676548,259900.9759,4203133.553,3616.036621,15.4087843155275
20.5959374,259900.9591,4203133.577,3616.036621,15.4026590441545
20.62510932,259900.9424,4203133.601,3616.033447,15.3965337727815
20.65428125,259900.9257,4203133.625,3616.032715,15.3904084993087
20.68345317,259900.909,4203133.648,3616.031738,15.3842832279357
20.71262509,259900.8922,4203133.672,3616.022461,15.3781579565627
20.74179701,259900.8755,4203133.696,3616.019043,15.3720326851897
20.77096894,259900.8588,4203133.72,3616.014893,15.3659074117169
20.80014086,259900.842,4203133.744,3615.999512,15.3597821403439
20.82931278,259900.8253,4203133.768,3615.993652,15.3536568689709
20.8584847,259900.8086,4203133.792,3615.987061,15.3475315975979
20.88765662,259900.7919,4203133.816,3615.979736,15.3414063262248
20.91682855,259900.7751,4203133.84,3615.965576,15.3352810527521
20.94600047,259900.7584,4203133.863,3615.958252,15.3291557813791
20.97517239,259900.7417,4203133.887,3615.951904,15.323030510006
21.00434431,259900.7249,4203133.911,3615.943848,15.316905238633
21.03351624,259900.7082,4203133.935,3615.938477,15.3107799651603
21.06268816,259900.6915,4203133.959,3615.932861,15.3046546937873
21.09186008,259900.6748,4203133.983,3615.923584,15.2985294224142
21.121032,259900.658,4203134.007,3615.915283,15.2924041510412
21.15020392,259900.6413,4203134.031,3615.904297,15.2862788796682
21.17937585,259900.6246,4203134.055,3615.888428,15.2801536061955
21.20854777,259900.6078,4203134.079,3615.871094,15.2740283348224
21.23771969,259900.5911,4203134.102,3615.853271,15.2679030634494
21.26689161,259900.5744,4203134.126,3615.836426,15.2617777920764
21.29606353,259900.5577,4203134.15,3615.821777,15.2556525207034
21.32523546,259900.5409,4203134.174,3615.809082,15.2495272472306
21.35440738,259900.5242,4203134.198,3615.798096,15.2434019758576
21.3835793,259900.5075,4203134.222,3615.791992,15.2372767044846
21.41275122,259900.4907,4203134.246,3615.787354,15.2311514331116
21.44192315,259900.474,4203134.27,3615.780273,15.2250261596388
21.47109507,259900.4573,4203134.294,3615.772949,15.2189008882658
21.50026699,259900.4406,4203134.318,3615.766113,15.2127756168928
21.52943891,259900.4238,4203134.341,3615.75708,15.2066503455197
21.55861083,259900.4071,4203134.365,3615.750488,15.2005250741467
21.58778276,259900.3904,4203134.389,3615.746094,15.194399800674
21.61695468,259900.3736,4203134.413,3615.740723,15.188274529301
21.6461266,259900.3569,4203134.437,3615.734619,15.1821492579279
21.67529852,259900.3402,4203134.461,3615.728516,15.1760239865549
21.70447045,259900.3234,4203134.485,3615.720215,15.1698987130822
21.73364237,259900.3067,4203134.509,3615.709961,15.1637734417092
21.76281429,259900.29,4203134.533,3615.698975,15.1576481703361
21.79198621,259900.2733,4203134.557,3615.688965,15.1515228989631
21.82115813,259900.2565,4203134.58,3615.68335,15.1453976275901
21.85033006,259900.2398,4203134.604,3615.679443,15.1392723541173
21.87950198,259900.2231,4203134.628,3615.674805,15.1331470827443
21.9086739,259900.2063,4203134.652,3615.672363,15.1270218113713
21.93784582,259900.1896,4203134.676,3615.670166,15.1208965399983
21.96701775,259900.1729,4203134.7,3615.666992,15.1147712665255
21.99618967,259900.1562,4203134.724,3615.665039,15.1086459951525
22.02536159,259900.1394,4203134.748,3615.663574,15.1025207237795
22.05453351,259900.1227,4203134.772,3615.662354,15.0963954524065
22.08370543,259900.106,4203134.796,3615.659424,15.0902701810334
22.11287736,259900.0892,4203134.819,3615.658447,15.0841449075607
22.14204928,259900.0725,4203134.843,3615.657471,15.0780196361877
22.1712212,259900.0558,4203134.867,3615.656006,15.0718943648147
22.20039312,259900.0391,4203134.891,3615.656006,15.0657690934416
22.22956505,259900.0223,4203134.915,3615.656738,15.0596438199689
22.25873697,259900.0056,4203134.939,3615.65918,15.0535185485959
22.28790889,259899.9889,4203134.963,3615.657227,15.0473932772228
22.31708081,259899.9721,4203134.987,3615.660645,15.0412680058498
22.34625273,259899.9554,4203135.011,3615.664307,15.0351427344768
22.37542466,259899.9387,4203135.035,3615.661865,15.0290174610041
22.40459658,259899.922,4203135.058,3615.66626,15.022892189631
22.4337685,259899.9052,4203135.082,3615.670166,15.016766918258
22.46294042,259899.8885,4203135.106,3615.666748,15.010641646885
22.49211235,259899.8718,4203135.13,3615.669678,15.0045163734123
22.52128427,259899.855,4203135.154,3615.671143,14.9983911020392
22.55045619,259899.8383,4203135.178,3615.672607,14.9922658306662
22.57962811,259899.8216,4203135.202,3615.667236,14.9861405592932
22.60880003,259899.8048,4203135.226,3615.666992,14.9800152879202
22.63797196,259899.7881,4203135.25,3615.66626,14.9738900144474
22.66714388,259899.7714,4203135.274,3615.659912,14.9677647430744
22.6963158,259899.7547,4203135.297,3615.658203,14.9616394717014
22.72548772,259899.7379,4203135.321,3615.655518,14.9555142003284
22.75465965,259899.7212,4203135.345,3615.64624,14.9493889268556
22.78383157,259899.7045,4203135.369,3615.641113,14.9432636554826
22.81300349,259899.6877,4203135.393,3615.634033,14.9371383841096
22.84217541,259899.671,4203135.417,3615.625,14.9310131127365
22.87134733,259899.6543,4203135.441,3615.612305,14.9248878413635
22.90051926,259899.6376,4203135.465,3615.605225,14.9187625678908
22.92969118,259899.6208,4203135.489,3615.596191,14.9126372965178
22.9588631,259899.6041,4203135.512,3615.587891,14.9065120251447
22.98803502,259899.5874,4203135.536,3615.57959,14.9003867537717
23.01720695,259899.5706,4203135.56,3615.571533,14.894261480299
23.04637887,259899.5539,4203135.584,3615.565918,14.8881362089259
23.07555079,259899.5372,4203135.608,3615.560303,14.8820109375529
23.10472271,259899.5205,4203135.632,3615.554932,14.8758856661799
23.13389463,259899.5037,4203135.656,3615.547607,14.8697603948069
23.16306656,259899.487,4203135.68,3615.541748,14.8636351213341
23.19223848,259899.4703,4203135.704,3615.537354,14.8575098499611
23.2214104,259899.4535,4203135.728,3615.532227,14.8513845785881
23.25058232,259899.4368,4203135.751,3615.526367,14.8452593072151
23.27975425,259899.4201,4203135.775,3615.518311,14.8391340337423
23.30892617,259899.4034,4203135.799,3615.510498,14.8330087623693
23.33809809,259899.3866,4203135.823,3615.501953,14.8268834909963
23.36727001,259899.3699,4203135.847,3615.493408,14.8207582196233
23.39644193,259899.3532,4203135.871,3615.486572,14.8146329482502
23.42561386,259899.3364,4203135.895,3615.480713,14.8085076747775
23.45478578,259899.3197,4203135.919,3615.465332,14.8023824034045
23.4839577,259899.303,4203135.943,3615.452637,14.7962571320315
23.51312962,259899.2862,4203135.967,3615.439453,14.7901318606584
23.54230155,259899.2695,4203135.99,3615.42749,14.7840065871857
23.57147347,259899.2528,4203136.014,3615.421387,14.7778813158127
23.60064539,259899.2361,4203136.038,3615.417969,14.7717560444396
23.62981731,259899.2193,4203136.062,3615.414795,14.7656307730666
23.65898923,259899.2026,4203136.086,3615.409668,14.7595055016936
23.68816116,259899.1859,4203136.11,3615.399658,14.7533802282209
23.71733308,259899.1691,4203136.134,3615.388672,14.7472549568478
23.746505,259899.1524,4203136.158,3615.378906,14.7411296854748
23.77567692,259899.1357,4203136.182,3615.372559,14.7350044141018
23.80484885,259899.119,4203136.206,3615.368896,14.7288791406291
23.83402077,259899.1022,4203136.229,3615.364502,14.722753869256
23.86319269,259899.0855,4203136.253,3615.362549,14.716628597883
23.89236461,259899.0688,4203136.277,3615.36084,14.71050332651
23.92153653,259899.052,4203136.301,3615.358887,14.704378055137
23.95070846,259899.0353,4203136.325,3615.357178,14.6982527816642
23.97988038,259899.0186,4203136.349,3615.355957,14.6921275102912
24.0090523,259899.0019,4203136.373,3615.354248,14.6860022389182
24.03822422,259898.9851,4203136.397,3615.350586,14.6798769675451
24.06739615,259898.9684,4203136.421,3615.348633,14.6737516940724
24.09656807,259898.9517,4203136.445,3615.345459,14.6676264226994
24.12573999,259898.9349,4203136.468,3615.339844,14.6615011513264
24.15491191,259898.9182,4203136.492,3615.33667,14.6553758799533
24.18408383,259898.9015,4203136.516,3615.33374,14.6492506085803
24.21325576,259898.8848,4203136.54,3615.326904,14.6431253351076
24.24242768,259898.868,4203136.564,3615.323242,14.6370000637346
24.2715996,259898.8513,4203136.588,3615.319092,14.6308747923615
24.30077152,259898.8346,4203136.612,3615.316406,14.6247495209885
24.32994345,259898.8178,4203136.636,3615.309082,14.6186242475158
24.35911537,259898.8011,4203136.66,3615.307129,14.6124989761427
24.38828729,259898.7844,4203136.684,3615.305664,14.6063737047697
24.41745921,259898.7677,4203136.707,3615.299072,14.6002484333967
24.44663113,259898.7509,4203136.731,3615.298584,14.5941231620237
24.47580306,259898.7342,4203136.755,3615.298584,14.5879978885509
24.50497498,259898.7175,4203136.779,3615.293457,14.5818726171779
24.5341469,259898.7007,4203136.803,3615.293945,14.5757473458049
24.56331882,259898.684,4203136.827,3615.294678,14.5696220744319
24.59249075,259898.6673,4203136.851,3615.295654,14.5634968009591
24.62166267,259898.6505,4203136.875,3615.291992,14.5573715295861
24.65083459,259898.6338,4203136.899,3615.292969,14.5512462582131
24.68000651,259898.6171,4203136.923,3615.293457,14.5451209868401
24.70917843,259898.6004,4203136.946,3615.289551,14.538995715467
24.73835036,259898.5836,4203136.97,3615.290771,14.5328704419943
24.76752228,259898.5669,4203136.994,3615.291504,14.5267451706213
24.7966942,259898.5502,4203137.018,3615.287598,14.5206198992482
24.82586612,259898.5334,4203137.042,3615.287842,14.5144946278752
24.85503805,259898.5167,4203137.066,3615.287842,14.5083693544025
24.88420997,259898.5,4203137.09,3615.287842,14.5022440830295
24.91338189,259898.4833,4203137.114,3615.282959,14.4961188116564
24.94255381,259898.4665,4203137.138,3615.282959,14.4899935402834
24.97172573,259898.4498,4203137.161,3615.282959,14.4838682689104
25.00089766,259898.4331,4203137.185,3615.278809,14.4777429954377
25.03006958,259898.4163,4203137.209,3615.279297,14.4716177240646
25.0592415,259898.3996,4203137.233,3615.280029,14.4654924526916
25.08841342,259898.3829,4203137.257,3615.277588,14.4593671813186
25.11758535,259898.3662,4203137.281,3615.279541,14.4532419078458
25.14675727,259898.3494,4203137.305,3615.281006,14.4471166364728
25.17592919,259898.3327,4203137.329,3615.282227,14.4409913650998
25.20510111,259898.316,4203137.353,3615.28125,14.4348660937268
25.23427303,259898.2992,4203137.377,3615.282227,14.4287408223538
25.26344496,259898.2825,4203137.4,3615.282715,14.422615548881
25.29261688,259898.2658,4203137.424,3615.282471,14.416490277508
25.3217888,259898.2491,4203137.448,3615.282715,14.410365006135
25.35096072,259898.2323,4203137.472,3615.282715,14.4042397347619
25.38013265,259898.2156,4203137.496,3615.282471,14.3981144612892
25.40930457,259898.1989,4203137.52,3615.282715,14.3919891899162
25.43847649,259898.1821,4203137.544,3615.282715,14.3858639185432
25.46764841,259898.1654,4203137.568,3615.282715,14.3797386471701
25.49682033,259898.1487,4203137.592,3615.282471,14.3736133757971
25.52599226,259898.1319,4203137.616,3615.281982,14.3674881023244
25.55516418,259898.1152,4203137.639,3615.28125,14.3613628309514
25.5843361,259898.0985,4203137.663,3615.280518,14.3552375595783
25.61350802,259898.0818,4203137.687,3615.279541,14.3491122882053
25.64267995,259898.065,4203137.711,3615.277588,14.3429870147326
25.67185187,259898.0483,4203137.735,3615.273438,14.3368617433595
25.70102379,259898.0316,4203137.759,3615.269043,14.3307364719865
25.73019571,259898.0148,4203137.783,3615.259277,14.3246112006135
25.75936763,259897.9981,4203137.807,3615.252197,14.3184859292405
25.78853956,259897.9814,4203137.831,3615.247803,14.3123606557677
25.81771148,259897.9647,4203137.855,3615.243164,14.3062353843947
25.8468834,259897.9479,4203137.878,3615.239502,14.3001101130217
25.87605532,259897.9312,4203137.902,3615.23584,14.2939848416487
25.90522725,259897.9145,4203137.926,3615.232422,14.2878595681759
25.93439917,259897.8977,4203137.95,3615.227783,14.2817342968029
25.96357109,259897.881,4203137.974,3615.223389,14.2756090254299
25.99274301,259897.8643,4203137.998,3615.219238,14.2694837540569
26.02191493,259897.8476,4203138.022,3615.215576,14.2633584826838
26.05108686,259897.8308,4203138.046,3615.210693,14.2572332092111
26.08025878,259897.8141,4203138.07,3615.200684,14.2511079378381
26.1094307,259897.7974,4203138.094,3615.197754,14.244982666465
26.13860262,259897.7806,4203138.117,3615.195801,14.238857395092
26.16777455,259897.7639,4203138.141,3615.188721,14.2327321216193
26.19694647,259897.7472,4203138.165,3615.1875,14.2266068502463
26.22611839,259897.7305,4203138.189,3615.186523,14.2204815788732
26.25529031,259897.7137,4203138.213,3615.185791,14.2143563075002
26.28446223,259897.697,4203138.237,3615.179932,14.2082310361272
26.31363416,259897.6803,4203138.261,3615.179688,14.2021057626545
26.34280608,259897.6635,4203138.285,3615.179443,14.1959804912814
26.371978,259897.6468,4203138.309,3615.175293,14.1898552199084
26.40114992,259897.6301,4203138.333,3615.175781,14.1837299485354
26.43032185,259897.6134,4203138.356,3615.176758,14.1776046750626
26.45949377,259897.5966,4203138.38,3615.17334,14.1714794036896
26.48866569,259897.5799,4203138.404,3615.174316,14.1653541323166
26.51783761,259897.5632,4203138.428,3615.174805,14.1592288609436
26.54700953,259897.5464,4203138.452,3615.175293,14.1531035895706
26.57618146,259897.5297,4203138.476,3615.172119,14.1469783160978
26.60535338,259897.513,4203138.5,3615.172852,14.1408530447248
26.6345253,259897.4962,4203138.524,3615.173584,14.1347277733518
26.66369722,259897.4795,4203138.548,3615.170654,14.1286025019787
26.69286915,259897.4628,4203138.572,3615.171143,14.122477228506
26.72204107,259897.4461,4203138.595,3615.171875,14.116351957133
26.75121299,259897.4293,4203138.619,3615.168457,14.11022668576
26.78038491,259897.4126,4203138.643,3615.168945,14.1041014143869
26.80955683,259897.3959,4203138.667,3615.169189,14.0979761430139
26.83872876,259897.3791,4203138.691,3615.169189,14.0918508695412
26.86790068,259897.3624,4203138.715,3615.164063,14.0857255981681
26.8970726,259897.3457,4203138.739,3615.164063,14.0796003267951
26.92624452,259897.329,4203138.763,3615.163574,14.0734750554221
26.95541645,259897.3122,4203138.787,3615.157227,14.0673497819494
26.98458837,259897.2955,4203138.81,3615.156006,14.0612245105763
27.01376029,259897.2788,4203138.834,3615.155273,14.0550992392033
27.04293221,259897.262,4203138.858,3615.148926,14.0489739678303
27.07210413,259897.2453,4203138.882,3615.146973,14.0428486964573
27.10127606,259897.2286,4203138.906,3615.144775,14.0367234229845
27.13044798,259897.2119,4203138.93,3615.14209,14.0305981516115
27.1596199,259897.1951,4203138.954,3615.135986,14.0244728802385
27.18879182,259897.1784,4203138.978,3615.133789,14.0183476088655
27.21796375,259897.1617,4203139.002,3615.131592,14.0122223353927
27.24713567,259897.1449,4203139.026,3615.125977,14.0060970640197
27.27630759,259897.1282,4203139.049,3615.123047,13.9999717926467
27.30547951,259897.1115,4203139.073,3615.119385,13.9938465212737
27.33465143,259897.0948,4203139.097,3615.11377,13.9877212499006
27.36382336,259897.078,4203139.121,3615.109131,13.9815959764279
27.39299528,259897.0613,4203139.145,3615.104736,13.9754707050549
27.4221672,259897.0446,4203139.169,3615.099365,13.9693454336818
27.45133912,259897.0278,4203139.193,3615.09375,13.9632201623088
27.48051104,259897.0111,4203139.217,3615.085693,13.9570948909358
27.50968297,259896.9944,4203139.241,3615.067383,13.9509696174631
27.53885489,259896.9776,4203139.265,3615.051758,13.94484434609
27.56802681,259896.9609,4203139.288,3615.039063,13.938719074717
27.59719873,259896.9442,4203139.312,3615.028809,13.932593803344
27.62637066,259896.9275,4203139.336,3615.017822,13.9264685298713
27.65554258,259896.9107,4203139.36,3615.005615,13.9203432584982
27.6847145,259896.894,4203139.384,3614.99585,13.9142179871252
27.71388642,259896.8773,4203139.408,3614.987061,13.9080927157522
27.74305834,259896.8605,4203139.432,3614.977783,13.9019674443792
27.77223027,259896.8438,4203139.456,3614.970947,13.8958421709064
27.80140219,259896.8271,4203139.48,3614.964844,13.8897168995334
27.83057411,259896.8104,4203139.504,3614.959229,13.8835916281604
27.85974603,259896.7936,4203139.527,3614.953125,13.8774663567873
27.88891796,259896.7769,4203139.551,3614.94458,13.8713410833146
27.91808988,259896.7602,4203139.575,3614.929199,13.8652158119416
27.9472618,259896.7434,4203139.599,3614.90918,13.8590905405686
27.97643372,259896.7267,4203139.623,3614.883789,13.8529652691955
28.00560564,259896.71,4203139.647,3614.859375,13.8468399978225
28.03477757,259896.6933,4203139.671,3614.842773,13.8407147243498
28.06394949,259896.6765,4203139.695,3614.828613,13.8345894529768
28.09312141,259896.6598,4203139.719,3614.816895,13.8284641816037
28.12229333,259896.6431,4203139.743,3614.808594,13.8223389102307
28.15146526,259896.6263,4203139.766,3614.798584,13.816213636758
28.18063718,259896.6096,4203139.79,3614.788086,13.8100883653849
28.2098091,259896.5929,4203139.814,3614.779541,13.8039630940119
28.23898102,259896.5762,4203139.838,3614.766357,13.7978378226389
28.26815294,259896.5594,4203139.862,3614.750488,13.7917125512659
28.29732487,259896.5427,4203139.886,3614.734375,13.7855872777931
28.32649679,259896.526,4203139.91,3614.719727,13.7794620064201
28.35566871,259896.5092,4203139.934,3614.700928,13.7733367350471
28.38484063,259896.4925,4203139.958,3614.683105,13.7672114636741
28.41401256,259896.4758,4203139.982,3614.669922,13.7610861902013
28.44318448,259896.459,4203140.005,3614.652344,13.7549609188283
28.4723564,259896.4423,4203140.029,3614.632324,13.7488356474553
28.50152832,259896.4256,4203140.053,3614.612549,13.7427103760823
28.53070024,259896.4089,4203140.077,3614.590576,13.7365851047092
28.55987217,259896.3921,4203140.101,3614.571289,13.7304598312365
28.58904409,259896.3754,4203140.125,3614.543945,13.7243345598635
28.61821601,259896.3587,4203140.149,3614.522705,13.7182092884905
28.64738793,259896.3419,4203140.173,3614.501953,13.7120840171174
28.67655986,259896.3252,4203140.197,3614.488037,13.7059587436447
28.70573178,259896.3085,4203140.221,3614.47998,13.6998334722717
28.7349037,259896.2918,4203140.244,3614.470215,13.6937082008986
28.76407562,259896.275,4203140.268,3614.458984,13.6875829295256
28.79324754,259896.2583,4203140.292,3614.450928,13.6814576581526
28.82241947,259896.2416,4203140.316,3614.441162,13.6753323846799
28.85159139,259896.2248,4203140.34,3614.429932,13.6692071133068
28.88076331,259896.2081,4203140.364,3614.41748,13.6630818419338
28.90993523,259896.1914,4203140.388,3614.40625,13.6569565705608
28.93910716,259896.1747,4203140.412,3614.392578,13.6508312970881
28.96827908,259896.1579,4203140.436,3614.376953,13.644706025715
28.997451,259896.1412,4203140.46,3614.365723,13.638580754342
29.02662292,259896.1245,4203140.483,3614.350586,13.632455482969
29.05579484,259896.1077,4203140.507,3614.333252,13.626330211596
29.08496677,259896.091,4203140.531,3614.316162,13.6202049381232
29.11413869,259896.0743,4203140.555,3614.303467,13.6140796667502
29.14331061,259896.0576,4203140.579,3614.285156,13.6079543953772
29.17248253,259896.0408,4203140.603,3614.268311,13.6018291240041
29.20165446,259896.0241,4203140.627,3614.25708,13.5957038505314
29.23082638,259896.0074,4203140.651,3614.23999,13.5895785791584
29.2599983,259895.9906,4203140.675,3614.223389,13.5834533077854
29.28917022,259895.9739,4203140.698,3614.213623,13.5773280364123
29.31834214,259895.9572,4203140.722,3614.200439,13.5712027650393
29.34751407,259895.9405,4203140.746,3614.187256,13.5650774915666
29.37668599,259895.9237,4203140.77,3614.178223,13.5589522201936
29.40585791,259895.907,4203140.794,3614.169434,13.5528269488205
29.43502983,259895.8903,4203140.818,3614.160889,13.5467016774475
29.46420176,259895.8735,4203140.842,3614.151367,13.5405764039748
29.49337368,259895.8568,4203140.866,3614.142578,13.5344511326017
29.5225456,259895.8401,4203140.89,3614.136963,13.5283258612287
29.55171752,259895.8233,4203140.914,3614.129639,13.5222005898557
29.58088944,259895.8066,4203140.937,3614.12207,13.5160753184827
29.61006137,259895.7899,4203140.961,3614.115967,13.5099500450099
29.63923329,259895.7732,4203140.985,3614.110352,13.5038247736369
29.66840521,259895.7564,4203141.009,3614.107666,13.4976995022639
29.69757713,259895.7397,4203141.033,3614.100098,13.4915742308909
29.72674906,259895.723,4203141.057,3614.099365,13.4854489574181
29.75592098,259895.7062,4203141.081,3614.105469,13.4793236860451
29.7850929,259895.6895,4203141.105,3614.09668,13.4731984146721
29.81426482,259895.6728,4203141.129,3614.107178,13.4670731432991
29.84343674,259895.6561,4203141.153,3614.122559,13.460947871926
29.87260867,259895.6393,4203141.176,3614.11377,13.4548225984533
29.90178059,259895.6226,4203141.2,3614.125488,13.4486973270803
29.93095251,259895.6059,4203141.224,3614.13501,13.4425720557073
29.96012443,259895.5891,4203141.248,3614.138184,13.4364467843342
29.98929636,259895.5724,4203141.272,3614.12207,13.4303215108615
30.01846828,259895.5557,4203141.296,3614.119873,13.4241962394885
30.0476402,259895.539,4203141.32,3614.114746,13.4180709681154
30.07681212,259895.5222,4203141.344,3614.092041,13.4119456967424
30.10598404,259895.5055,4203141.368,3614.080322,13.4058204253694
30.13515597,259895.4888,4203141.392,3614.064453,13.3996951518967
30.16432789,259895.472,4203141.415,3614.033691,13.3935698805236
30.19349981,259895.4553,4203141.439,3614.015381,13.3874446091506
30.22267173,259895.4386,4203141.463,3613.999512,13.3813193377776
30.25184366,259895.4219,4203141.487,3613.983154,13.3751940643048
30.28101558,259895.4051,4203141.511,3613.961426,13.3690687929318
30.3101875,259895.3884,4203141.535,3613.945801,13.3629435215588
30.33935942,259895.3717,4203141.559,3613.928711,13.3568182501858
30.36853134,259895.3549,4203141.583,3613.908936,13.3506929788128
30.39770327,259895.3382,4203141.607,3613.890869,13.34456770534
30.42687519,259895.3215,4203141.631,3613.880371,13.338442433967
30.45604711,259895.3047,4203141.654,3613.872803,13.332317162594
30.48521903,259895.288,4203141.678,3613.867676,13.3261918912209
30.51439096,259895.2713,4203141.702,3613.86377,13.3200666177482
30.54356288,259895.2546,4203141.726,3613.861328,13.3139413463752
30.5727348,259895.2378,4203141.75,3613.858398,13.3078160750022
30.60190672,259895.2211,4203141.774,3613.856689,13.3016908036291
30.63107864,259895.2044,4203141.798,3613.854492,13.2955655322561
30.66025057,259895.1876,4203141.822,3613.851318,13.2894402587834
30.68942249,259895.1709,4203141.846,3613.849121,13.2833149874104
30.71859441,259895.1542,4203141.87,3613.845947,13.2771897160373
30.74776633,259895.1375,4203141.893,3613.843506,13.2710644446643
30.77693826,259895.1207,4203141.917,3613.841797,13.2649391711916
30.80611018,259895.104,4203141.941,3613.8396,13.2588138998185
30.8352821,259895.0873,4203141.965,3613.837891,13.2526886284455
30.86445402,259895.0705,4203141.989,3613.836182,13.2465633570725
30.89362594,259895.0538,4203142.013,3613.828369,13.2404380856995
30.92279787,259895.0371,4203142.037,3613.812744,13.2396763302395
30.95196979,259895.0204,4203142.061,3613.802734,13.245776852564
30.98114171,259895.0036,4203142.085,3613.791748,13.2518773748886
31.01031363,259894.9869,4203142.109,3613.7854,13.2579778972131
31.03948556,259894.9702,4203142.132,3613.782227,13.2640784216288
31.06865748,259894.9534,4203142.156,3613.778076,13.2701789439533
31.0978294,259894.9367,4203142.18,3613.774658,13.2762794662779
31.12700132,259894.92,4203142.204,3613.771729,13.2823799886024
31.15617324,259894.9033,4203142.228,3613.77002,13.2884805109269
31.18534517,259894.8865,4203142.252,3613.767578,13.2945810353426
31.21451709,259894.8698,4203142.276,3613.765137,13.3006815576672
31.24368901,259894.8531,4203142.3,3613.763428,13.3067820799917
31.27286093,259894.8363,4203142.324,3613.760986,13.3128826023162
31.30203286,259894.8196,4203142.347,3613.758057,13.3189831267319
31.33120478,259894.8029,4203142.371,3613.754639,13.3250836490564
31.3603767,259894.7861,4203142.395,3613.748535,13.331184171381
31.38954862,259894.7694,4203142.419,3613.741211,13.3372846937055
31.41872054,259894.7527,4203142.443,3613.734863,13.34338521603
31.44789247,259894.736,4203142.467,3613.729248,13.3494857404457
31.47706439,259894.7192,4203142.491,3613.72583,13.3555862627703
31.50623631,259894.7025,4203142.515,3613.723633,13.3616867850948
31.53540823,259894.6858,4203142.539,3613.720947,13.3677873074193
31.56458016,259894.669,4203142.563,3613.719971,13.373887831835
31.59375208,259894.6523,4203142.586,3613.718994,13.3799883541596
31.622924,259894.6356,4203142.61,3613.716797,13.3860888764841
31.65209592,259894.6189,4203142.634,3613.716309,13.3921893988086
31.68126784,259894.6021,4203142.658,3613.716064,13.3982899211331
31.71043977,259894.5854,4203142.682,3613.715576,13.4043904455488
31.73961169,259894.5687,4203142.706,3613.714111,13.4104909678734
31.76878361,259894.5519,4203142.73,3613.7146,13.4165914901979
31.79795553,259894.5352,4203142.754,3613.714844,13.4226920125224
31.82712746,259894.5185,4203142.778,3613.714111,13.4287925369381
31.85629938,259894.5018,4203142.802,3613.715088,13.4348930592627
31.8854713,259894.485,4203142.825,3613.717529,13.4409935815872
31.91464322,259894.4683,4203142.849,3613.717041,13.4470941039117
31.94381514,259894.4516,4203142.873,3613.720459,13.4531946262362
31.97298707,259894.4348,4203142.897,3613.723877,13.4592951506519
32.00215899,259894.4181,4203142.921,3613.727783,13.4653956729765
32.03133091,259894.4014,4203142.945,3613.727539,13.471496195301
32.06050283,259894.3847,4203142.969,3613.730713,13.4775967176255
32.08967476,259894.3679,4203142.993,3613.733887,13.4836972420412
32.11884668,259894.3512,4203143.017,3613.733398,13.4897977643658
32.1480186,259894.3345,4203143.041,3613.736816,13.4958982866903
32.17719052,259894.3177,4203143.064,3613.742432,13.5019988090148
32.20636244,259894.301,4203143.088,3613.740967,13.5080993313393
32.23553437,259894.2843,4203143.112,3613.748047,13.5141998557551
32.26470629,259894.2676,4203143.136,3613.755615,13.5203003780796
32.29387821,259894.2508,4203143.16,3613.764648,13.5264009004041
32.32305013,259894.2341,4203143.184,3613.763428,13.5325014227286
32.35222206,259894.2174,4203143.208,3613.774414,13.5386019471443
32.38139398,259894.2006,4203143.232,3613.786865,13.5447024694689
32.4105659,259894.1839,4203143.256,3613.788574,13.5508029917934
32.43973782,259894.1672,4203143.28,3613.800781,13.5569035141179
32.46890974,259894.1504,4203143.303,3613.813721,13.5630040364424
32.49808167,259894.1337,4203143.327,3613.815918,13.5691045608582
32.52725359,259894.117,4203143.351,3613.825439,13.5752050831827
32.55642551,259894.1003,4203143.375,3613.837158,13.5813056055072
32.58559743,259894.0835,4203143.399,3613.856934,13.5874061278317
32.61476936,259894.0668,4203143.423,3613.862305,13.5935066522474
32.64394128,259894.0501,4203143.447,3613.88623,13.599607174572
32.67379367,259894.0322,4203143.471,3613.912354,13.6058499988919
32.70364607,259894.0143,4203143.495,3613.938721,13.6120928253031
32.73349846,259893.9963,4203143.518,3613.944336,13.618335649623
32.76335086,259893.9784,4203143.542,3613.962646,13.6245784760342
32.79320325,259893.9605,4203143.566,3613.974854,13.6308213003541
32.82305565,259893.9426,4203143.59,3613.988281,13.6370641267653
32.85290804,259893.9247,4203143.614,3613.991455,13.6433069510852
32.88276044,259893.9068,4203143.638,3614.01001,13.6495497774964
32.91261283,259893.8889,4203143.662,3614.032227,13.6557926018163
32.94246523,259893.871,4203143.686,3614.052002,13.6620354282275
32.97231762,259893.853,4203143.71,3614.05542,13.6682782525474
33.00217001,259893.8351,4203143.733,3614.075195,13.6745210768673
33.03202241,259893.8172,4203143.757,3614.094971,13.6807639032785
33.0618748,259893.7993,4203143.781,3614.114014,13.6870067275984
33.0917272,259893.7814,4203143.805,3614.116699,13.6932495540096
33.12157959,259893.7635,4203143.829,3614.13501,13.6994923783295
33.15143199,259893.7456,4203143.853,3614.150146,13.7057352047407
33.18128438,259893.7277,4203143.877,3614.165039,13.7119780290606
33.21113678,259893.7098,4203143.901,3614.168701,13.7182208554718
33.24098917,259893.6918,4203143.924,3614.18457,13.7244636797917
33.27084157,259893.6739,4203143.948,3614.201172,13.7307065062029
33.30069396,259893.656,4203143.972,3614.220459,13.7369493305228
33.33054636,259893.6381,4203143.996,3614.225586,13.743192156934
33.36039875,259893.6202,4203144.02,3614.243164,13.7494349812539
33.39025115,259893.6023,4203144.044,3614.258789,13.7556778076651
33.42010354,259893.5844,4203144.068,3614.274414,13.761920631985
33.44995594,259893.5665,4203144.092,3614.278809,13.7681634583962
33.47980833,259893.5486,4203144.116,3614.294922,13.7744062827161
33.50966073,259893.5306,4203144.139,3614.312012,13.7806491091273
33.53951312,259893.5127,4203144.163,3614.325439,13.7868919334472
33.56936551,259893.4948,4203144.187,3614.329102,13.7931347577671
33.59921791,259893.4769,4203144.211,3614.344482,13.7993775841783
33.6290703,259893.459,4203144.235,3614.360352,13.8056204084982
33.6589227,259893.4411,4203144.259,3614.374268,13.8118632349094
33.68877509,259893.4232,4203144.283,3614.375488,13.8181060592293
33.71862749,259893.4053,4203144.307,3614.383301,13.8243488856405
33.74847988,259893.3874,4203144.33,3614.389404,13.8305917099604
33.77833228,259893.3694,4203144.354,3614.393799,13.8368345363716
33.80818467,259893.3515,4203144.378,3614.392578,13.8430773606915
33.83803707,259893.3336,4203144.402,3614.39624,13.8493201871027
33.86788946,259893.3157,4203144.426,3614.399658,13.8555630114226
33.89774186,259893.2978,4203144.45,3614.403076,13.8618058378338
33.92759425,259893.2799,4203144.474,3614.400391,13.8680486621537
33.95744665,259893.262,4203144.498,3614.403809,13.8742914885649
33.98729904,259893.2441,4203144.522,3614.406738,13.8805343128848
34.01715144,259893.2261,4203144.545,3614.40918,13.886777139296
34.04700383,259893.2082,4203144.569,3614.406738,13.8930199636159
34.07685623,259893.1903,4203144.593,3614.409424,13.8992627900271
34.10670862,259893.1724,4203144.617,3614.412354,13.905505614347
34.13656102,259893.1545,4203144.641,3614.415283,13.9117484407582
34.16641341,259893.1366,4203144.665,3614.411865,13.9179912650781
34.1962658,259893.1187,4203144.689,3614.415283,13.924234089398
34.2261182,259893.1008,4203144.713,3614.419434,13.9304769158092
34.25597059,259893.0829,4203144.736,3614.42334,13.9367197401291
34.28582299,259893.0649,4203144.76,3614.419189,13.9429625665403
34.31567538,259893.047,4203144.784,3614.42334,13.9492053908602
34.34552778,259893.0291,4203144.808,3614.427002,13.9554482172714
34.37538017,259893.0112,4203144.832,3614.431152,13.9616910415913
34.40523257,259892.9933,4203144.856,3614.427979,13.9679338680025
34.43508496,259892.9754,4203144.88,3614.431641,13.9741766923224
34.46493736,259892.9575,4203144.904,3614.435303,13.9804195187336
34.49478975,259892.9396,4203144.928,3614.438477,13.9866623430535
34.52464215,259892.9217,4203144.951,3614.43457,13.9929051694647
34.55449454,259892.9037,4203144.975,3614.437256,13.9991479937846
34.58434694,259892.8858,4203144.999,3614.438965,14.0053908201958
34.61419933,259892.8679,4203145.023,3614.439941,14.0116336445157
34.64405173,259892.85,4203145.047,3614.435791,14.0178764709269
34.67390412,259892.8321,4203145.071,3614.436035,14.0241192952468
34.70375652,259892.8142,4203145.095,3614.435791,14.030362121658
34.73360891,259892.7963,4203145.119,3614.435547,14.0366049459779
34.76346131,259892.7784,4203145.142,3614.430176,14.0428477723891
34.7933137,259892.7604,4203145.166,3614.429443,14.049090596709
34.82316609,259892.7425,4203145.19,3614.428711,14.055333421029
34.85301849,259892.7246,4203145.214,3614.427979,14.0615762474401
34.88287088,259892.7067,4203145.238,3614.422363,14.06781907176
34.91272328,259892.6888,4203145.262,3614.420654,14.0740618981712
34.94257567,259892.6709,4203145.286,3614.418701,14.0803047224911
34.97242807,259892.653,4203145.31,3614.416748,14.0865475489023
35.00228046,259892.6351,4203145.333,3614.411377,14.0927903732222
35.03213286,259892.6172,4203145.357,3614.409424,14.0990331996334
35.06198525,259892.5992,4203145.381,3614.408447,14.1052760239533
35.09183765,259892.5813,4203145.405,3614.407227,14.1115188503645
35.12169004,259892.5634,4203145.429,3614.403076,14.1177616746844
35.15154244,259892.5455,4203145.453,3614.402344,14.1240045010956
35.18139483,259892.5276,4203145.477,3614.401611,14.1302473254155
35.21124723,259892.5097,4203145.501,3614.401367,14.1364901518267
35.24109962,259892.4918,4203145.525,3614.396973,14.1427329761466
35.27095202,259892.4739,4203145.548,3614.396729,14.1489758025578
35.30080441,259892.456,4203145.572,3614.396973,14.1552186268777
35.33065681,259892.438,4203145.596,3614.397217,14.1614614532889
35.3605092,259892.4201,4203145.62,3614.39209,14.1677042776088
35.3903616,259892.4022,4203145.644,3614.392822,14.17394710402
35.42021399,259892.3843,4203145.668,3614.393311,14.1801899283399
35.45006638,259892.3664,4203145.692,3614.393799,14.1864327526599
35.47991878,259892.3485,4203145.716,3614.388184,14.192675579071
35.50977117,259892.3306,4203145.739,3614.38916,14.198918403391
35.53962357,259892.3127,4203145.763,3614.390625,14.2051612298021
35.56947596,259892.2948,4203145.787,3614.392334,14.2114040541221
35.59932836,259892.2768,4203145.811,3614.387207,14.2176468805332
35.62918075,259892.2589,4203145.835,3614.389404,14.2238897048532
35.65903315,259892.241,4203145.859,3614.392822,14.2301325312643
35.68888554,259892.2231,4203145.883,3614.395264,14.2363753555843
35.71873794,259892.2052,4203145.907,3614.39209,14.2409162072303
35.74859033,259892.1873,4203145.931,3614.395508,14.2405929410329
35.77844273,259892.1694,4203145.954,3614.397949,14.2402696747272
35.80829512,259892.1515,4203145.978,3614.39917,14.2399464085298
35.83814752,259892.1335,4203146.002,3614.395752,14.2396231422241
35.86799991,259892.1156,4203146.026,3614.396484,14.2392998760267
35.89785231,259892.0977,4203146.05,3614.397949,14.2389766097209
35.9277047,259892.0798,4203146.074,3614.398438,14.2386533435235
35.9575571,259892.0619,4203146.098,3614.39502,14.2383300772178
35.98740949,259892.044,4203146.122,3614.395508,14.2380068110204
36.01726189,259892.0261,4203146.145,3614.396484,14.2376835447147
36.04711428,259892.0082,4203146.169,3614.397949,14.2373602785173
36.07696667,259891.9903,4203146.193,3614.394775,14.2370370123199
36.10681907,259891.9723,4203146.217,3614.396484,14.2367137460142
36.13667146,259891.9544,4203146.241,3614.397949,14.2363904798167
36.16652386,259891.9365,4203146.265,3614.39917,14.236067213511
36.19637625,259891.9186,4203146.289,3614.395996,14.2357439473136
36.22622865,259891.9007,4203146.313,3614.396973,14.2354206810079
36.25608104,259891.8828,4203146.337,3614.397705,14.2350974148105
36.28593344,259891.8649,4203146.36,3614.397217,14.2347741485048
36.31578583,259891.847,4203146.384,3614.392578,14.2344508823074
36.34563823,259891.8291,4203146.408,3614.39209,14.2341276160017
36.37549062,259891.8111,4203146.432,3614.391602,14.2338043498042
36.40534302,259891.7932,4203146.456,3614.391357,14.2334810834985
36.43519541,259891.7753,4203146.48,3614.384766,14.2331578173011
36.46504781,259891.7574,4203146.504,3614.384766,14.2328345509954
36.4949002,259891.7395,4203146.528,3614.385254,14.232511284798
36.5247526,259891.7216,4203146.551,3614.38623,14.2321880184923
36.55460499,259891.7037,4203146.575,3614.379883,14.2318647522949
36.58445739,259891.6858,4203146.599,3614.379639,14.2315414859892
36.61430978,259891.6679,4203146.623,3614.378906,14.2312182197918
36.64416218,259891.6499,4203146.647,3614.37793,14.230894953486
36.67401457,259891.632,4203146.671,3614.369629,14.2305716872886
36.70386696,259891.6141,4203146.695,3614.368896,14.2302484210912
36.73371936,259891.5962,4203146.719,3614.368408,14.2299251547855
36.76357175,259891.5783,4203146.743,3614.368164,14.2296018885881
36.79342415,259891.5604,4203146.766,3614.361084,14.2292786222824
36.82327654,259891.5425,4203146.79,3614.361816,14.228955356085
36.85312894,259891.5246,4203146.814,3614.362549,14.2286320897793
36.88298133,259891.5066,4203146.838,3614.363525,14.2283088235818
36.91283373,259891.4887,4203146.862,3614.358643,14.2279855572761
36.94268612,259891.4708,4203146.886,3614.359863,14.2276622910787
36.97253852,259891.4529,4203146.91,3614.361084,14.227339024773
37.00239091,259891.435,4203146.934,3614.36377,14.2270157585756
37.03224331,259891.4171,4203146.957,3614.359375,14.2266924922699
37.0620957,259891.3992,4203146.981,3614.363037,14.2263692260725
37.0919481,259891.3813,4203147.005,3614.367432,14.2260459597668
37.12180049,259891.3634,4203147.029,3614.37207,14.2257226935693
37.15165289,259891.3454,4203147.053,3614.369629,14.2253994272636
37.18150528,259891.3275,4203147.077,3614.375244,14.2250761610662
37.21135768,259891.3096,4203147.101,3614.380859,14.2247528947605
37.24121007,259891.2917,4203147.125,3614.386719,14.2244296285631
37.27106247,259891.2738,4203147.149,3614.383545,14.2241063622574
37.30091486,259891.2559,4203147.172,3614.390137,14.22378309606
37.33076725,259891.238,4203147.196,3614.396729,14.2234598298626
37.36061965,259891.2201,4203147.22,3614.403076,14.2231365635569
37.39047204,259891.2022,4203147.244,3614.398682,14.2228132973594
37.42032444,259891.1842,4203147.268,3614.404541,14.2224900310537
37.45017683,259891.1663,4203147.292,3614.411865,14.2221667648563
37.48002923,259891.1484,4203147.316,3614.418945,14.2218434985506
37.50988162,259891.1305,4203147.34,3614.413086,14.2215202323532
37.53973402,259891.1126,4203147.363,3614.419434,14.2211969660475
37.56958641,259891.0947,4203147.387,3614.426758,14.2208736998501
37.59943881,259891.0768,4203147.411,3614.433594,14.2205504335444
37.6292912,259891.0589,4203147.435,3614.426025,14.2202271673469
37.6591436,259891.041,4203147.459,3614.431885,14.2199039010412
37.68899599,259891.023,4203147.483,3614.435059,14.2195806348438
37.71884839,259891.0051,4203147.507,3614.437256,14.2192573685381
37.74870078,259890.9872,4203147.531,3614.431396,14.2189341023407
37.77855318,259890.9693,4203147.555,3614.432861,14.218610836035
37.80840557,259890.9514,4203147.578,3614.433838,14.2182875698376
37.83825797,259890.9335,4203147.602,3614.434082,14.2179643035319
37.86811036,259890.9156,4203147.626,3614.430664,14.2176410373344
37.89796276,259890.8977,4203147.65,3614.431152,14.2173177710287
37.92781515,259890.8797,4203147.674,3614.431152,14.2169945048313
37.95766754,259890.8618,4203147.698,3614.431152,14.2166712386339
37.98751994,259890.8439,4203147.722,3614.429199,14.2163479723282
38.01737233,259890.826,4203147.746,3614.429199,14.2160247061308
38.04722473,259890.8081,4203147.769,3614.429199,14.2157014398251
38.07707712,259890.7902,4203147.793,3614.428955,14.2153781736277
38.10692952,259890.7723,4203147.817,3614.42749,14.2150549073219
38.13678191,259890.7544,4203147.841,3614.427002,14.2147316411245
38.16663431,259890.7365,4203147.865,3614.426758,14.2144083748188
38.1964867,259890.7185,4203147.889,3614.42627,14.2140851086214
38.2263391,259890.7006,4203147.913,3614.424561,14.2137618423157
38.25619149,259890.6827,4203147.937,3614.424316,14.2134385761183
38.28604389,259890.6648,4203147.961,3614.423828,14.2131153098126
38.31589628,259890.6469,4203147.984,3614.423828,14.2127920436152
38.34574868,259890.629,4203148.008,3614.422852,14.2124687773095
38.37560107,259890.6111,4203148.032,3614.422852,14.212145511112
38.40545347,259890.5932,4203148.056,3614.422852,14.2118222448063
38.43530586,259890.5753,4203148.08,3614.422852,14.2114989786089
38.46515826,259890.5573,4203148.104,3614.421631,14.2111757123032
38.49501065,259890.5394,4203148.128,3614.421631,14.2108524461058
38.52486305,259890.5215,4203148.152,3614.421387,14.2105291798001
38.55471544,259890.5036,4203148.175,3614.421387,14.2102059136027
38.58456783,259890.4857,4203148.199,3614.420654,14.2098826474052
38.61442023,259890.4678,4203148.223,3614.420654,14.2095593810995
38.64427262,259890.4499,4203148.247,3614.420898,14.2092361149021
38.67412502,259890.432,4203148.271,3614.421143,14.2089128485964
38.70397741,259890.4141,4203148.295,3614.42041,14.208589582399
38.73382981,259890.3961,4203148.319,3614.420898,14.2082663160933
38.7636822,259890.3782,4203148.343,3614.421631,14.2079430498959
38.7935346,259890.3603,4203148.366,3614.422363,14.2076197835902
38.82338699,259890.3424,4203148.39,3614.420898,14.2072965173928
38.85323939,259890.3245,4203148.414,3614.421387,14.206973251087
38.88309178,259890.3066,4203148.438,3614.422363,14.2066499848896
38.91294418,259890.2887,4203148.462,3614.423096,14.2063267185839
38.94279657,259890.2708,4203148.486,3614.421143,14.2060034523865
38.97264897,259890.2528,4203148.51,3614.421875,14.2056801860808
39.00250136,259890.2349,4203148.534,3614.422363,14.2053569198834
39.03235376,259890.217,4203148.558,3614.422607,14.2050336535777
39.06220615,259890.1991,4203148.581,3614.420166,14.2047103873803
39.09205855,259890.1812,4203148.605,3614.42041,14.2043871210746
39.12191094,259890.1633,4203148.629,3614.420654,14.2040638548771
39.15176333,259890.1454,4203148.653,3614.420654,14.2037405886797
39.18161573,259890.1275,4203148.677,3614.418701,14.203417322374
39.21146812,259890.1096,4203148.701,3614.418701,14.2030940561766
39.24132052,259890.0916,4203148.725,3614.418701,14.2027707898709
39.27117291,259890.0737,4203148.749,3614.418701,14.2024475236735
39.30102531,259890.0558,4203148.772,3614.416992,14.2021242573678
39.3308777,259890.0379,4203148.796,3614.416992,14.2018009911703
39.3607301,259890.02,4203148.82,3614.416504,14.2014777248646
39.39058249,259890.0021,4203148.844,3614.415771,14.2011544586672
39.42043489,259889.9842,4203148.868,3614.412354,14.2008311923615
39.45028728,259889.9663,4203148.892,3614.410645,14.2005079261641
39.48013968,259889.9484,4203148.916,3614.407959,14.2001846598584
39.50999207,259889.9304,4203148.94,3614.404785,14.199861393661
39.53984447,259889.9125,4203148.964,3614.398438,14.1995381273553
39.56969686,259889.8946,4203148.987,3614.394775,14.1992148611579
39.59954926,259889.8767,4203149.011,3614.390381,14.1988915948521
39.62940165,259889.8588,4203149.035,3614.387451,14.1985683286547
39.65925405,259889.8409,4203149.059,3614.380371,14.198245062349
39.68910644,259889.823,4203149.083,3614.377197,14.1979217961516
39.71895884,259889.8051,4203149.107,3614.374268,14.1975985298459
39.74881123,259889.7872,4203149.131,3614.371338,14.1972752636485
39.77866362,259889.7692,4203149.155,3614.363281,14.1969519974511
39.80851602,259889.7513,4203149.178,3614.36084,14.1966287311454
39.83836841,259889.7334,4203149.202,3614.357666,14.1963054649479
39.86822081,259889.7155,4203149.226,3614.353516,14.1959821986422
39.8980732,259889.6976,4203149.25,3614.344482,14.1956589324448
39.9279256,259889.6797,4203149.274,3614.339355,14.1953356661391
39.95777799,259889.6618,4203149.298,3614.334717,14.1950123999417
39.98763039,259889.6439,4203149.322,3614.331055,14.194689133636
40.01748278,259889.6259,4203149.346,3614.322754,14.1943658674386
40.04733518,259889.608,4203149.37,3614.321289,14.1940426011329
40.07718757,259889.5901,4203149.393,3614.319824,14.1937193349354
40.10703997,259889.5722,4203149.417,3614.319824,14.1933960686297
40.13689236,259889.5543,4203149.441,3614.313965,14.1930728024323
40.16674476,259889.5364,4203149.465,3614.315186,14.1927495361266
40.19659715,259889.5185,4203149.489,3614.317871,14.1924262699292
40.22644955,259889.5006,4203149.513,3614.322021,14.1921030036235
40.25630194,259889.4827,4203149.537,3614.318604,14.1917797374261
40.28615434,259889.4647,4203149.561,3614.323975,14.1914564711204
40.31600673,259889.4468,4203149.584,3614.328125,14.1911332049229
40.34585913,259889.4289,4203149.608,3614.33252,14.1908099386172
40.37571152,259889.411,4203149.632,3614.331299,14.1904866724198
40.40556391,259889.3931,4203149.656,3614.335693,14.1901634062224
40.43541631,259889.3752,4203149.68,3614.338623,14.1898401399167
40.4652687,259889.3573,4203149.704,3614.341309,14.1895168737193
40.4951211,259889.3394,4203149.728,3614.34082,14.1891936074136
40.52497349,259889.3215,4203149.752,3614.342773,14.1885418086859
40.55482589,259889.3035,4203149.776,3614.344238,14.1873994424765
40.58467828,259889.2856,4203149.799,3614.345459,14.1862570766498
40.61453068,259889.2677,4203149.823,3614.345459,14.1851147104404
40.64438307,259889.2498,4203149.847,3614.34668,14.1839723446137
40.67423547,259889.2319,4203149.871,3614.3479,14.1828299784043
40.70408786,259889.214,4203149.895,3614.349121,14.1816876125776
40.73394026,259889.1961,4203149.919,3614.348633,14.1805452463682
40.76379265,259889.1782,4203149.943,3614.349854,14.1794028805415
40.79364505,259889.1603,4203149.967,3614.35083,14.1782605143321
40.82349744,259889.1423,4203149.99,3614.351563,14.1771181485054
40.85334984,259889.1244,4203150.014,3614.351074,14.175975782296
40.88320223,259889.1065,4203150.038,3614.351563,14.1748334164693
40.91305463,259889.0886,4203150.062,3614.352295,14.1736910502599
40.94290702,259889.0707,4203150.086,3614.352783,14.1725486844332
40.97275942,259889.0528,4203150.11,3614.351563,14.1714063182238
41.00261181,259889.0349,4203150.134,3614.351807,14.1702639523971
41.0324642,259889.017,4203150.158,3614.352051,14.1691215865704
41.0623166,259888.999,4203150.182,3614.352295,14.167979220361
41.09216899,259888.9811,4203150.205,3614.350342,14.1668368545343
41.12202139,259888.9632,4203150.229,3614.350098,14.1656944883249
41.15187378,259888.9453,4203150.253,3614.349365,14.1645521224982
41.18172618,259888.9274,4203150.277,3614.348389,14.1634097562888
41.21157857,259888.9095,4203150.301,3614.344971,14.1622673904621
41.24143097,259888.8916,4203150.325,3614.343262,14.1611250242527
41.27128336,259888.8737,4203150.349,3614.342285,14.159982658426
41.30113576,259888.8558,4203150.373,3614.341553,14.1588402922166
41.33098815,259888.8378,4203150.396,3614.337891,14.1576979263899
41.36084055,259888.8199,4203150.42,3614.33667,14.1565555601805
41.39069294,259888.802,4203150.444,3614.334961,14.1554131943538
41.42054534,259888.7841,4203150.468,3614.333252,14.1542708281444
41.45039773,259888.7662,4203150.492,3614.329346,14.1531284623177
41.48025013,259888.7483,4203150.516,3614.327881,14.1519860961083
41.51010252,259888.7304,4203150.54,3614.326416,14.1508437302816
41.53995492,259888.7125,4203150.564,3614.324951,14.1497013640722
41.56980731,259888.6946,4203150.588,3614.321289,14.1485589982455
41.59965971,259888.6766,4203150.611,3614.320801,14.1474166320361
41.6295121,259888.6587,4203150.635,3614.320557,14.1462742662094
41.65936449,259888.6408,4203150.659,3614.320557,14.1451319003827
41.68921689,259888.6229,4203150.683,3614.316895,14.1439895341733
41.71906928,259888.605,4203150.707,3614.317871,14.1428471683466
41.74892168,259888.5871,4203150.731,3614.318359,14.1417048021372
41.77877407,259888.5692,4203150.755,3614.319336,14.1405624363105
41.80862647,259888.5513,4203150.779,3614.314941,14.1394200701011
41.83847886,259888.5334,4203150.802,3614.316162,14.1382777042744
41.86833126,259888.5154,4203150.826,3614.317871,14.137135338065
41.89818365,259888.4975,4203150.85,3614.318848,14.1359929722383
41.92803605,259888.4796,4203150.874,3614.313477,14.1348506060289
41.95788844,259888.4617,4203150.898,3614.313721,14.1337082402022
41.98774084,259888.4438,4203150.922,3614.312988,14.1325658739928
42.01759323,259888.4259,4203150.946,3614.311768,14.1314235081661
42.04744563,259888.408,4203150.97,3614.305908,14.1302811419567
42.07729802,259888.3901,4203150.994,3614.304688,14.12913877613
42.10715042,259888.3721,4203151.017,3614.302734,14.1279964099206
42.13700281,259888.3542,4203151.041,3614.300781,14.1268540440939
42.16685521,259888.3363,4203151.065,3614.292725,14.1257116778845
42.1967076,259888.3184,4203151.089,3614.289795,14.1245693120578
42.22656,259888.3005,4203151.113,3614.287109,14.1234269458484
42.25641239,259888.2826,4203151.137,3614.283936,14.1222845800217
42.28626478,259888.2647,4203151.161,3614.276855,14.1211422141949
42.31611718,259888.2468,4203151.185,3614.273682,14.1199998479856
42.34596957,259888.2289,4203151.208,3614.27002,14.1188574821588
42.37582197,259888.2109,4203151.232,3614.266602,14.1177151159495
42.40567436,259888.193,4203151.256,3614.26001,14.1165727501227
42.43552676,259888.1751,4203151.28,3614.256104,14.1154303839134
42.46537915,259888.1572,4203151.304,3614.252441,14.1142880180866
42.49523155,259888.1393,4203151.328,3614.248779,14.1131456518773
42.52508394,259888.1214,4203151.352,3614.241699,14.1120032860505
42.55493634,259888.1035,4203151.376,3614.237793,14.1108609198412
42.58478873,259888.0856,4203151.399,3614.23291,14.1097185540144
42.61464113,259888.0677,4203151.423,3614.227783,14.1085761878051
42.64449352,259888.0497,4203151.447,3614.220215,14.1074338219783
42.67434592,259888.0318,4203151.471,3614.215576,14.106291455769
42.70419831,259888.0139,4203151.495,3614.212158,14.1051490899422
42.73405071,259887.996,4203151.519,3614.208984,14.1040067237329
42.7639031,259887.9781,4203151.543,3614.204834,14.1028643579061
42.7937555,259887.9602,4203151.567,3614.202393,14.1017219916968
42.82360789,259887.9423,4203151.591,3614.199219,14.10057962587
42.85346029,259887.9244,4203151.614,3614.196533,14.0994372596607
42.88331268,259887.9065,4203151.638,3614.190918,14.0982948938339
42.91316507,259887.8885,4203151.662,3614.187744,14.0971525280072
42.94301747,259887.8706,4203151.686,3614.185059,14.0960101617978
42.97286986,259887.8527,4203151.71,3614.182617,14.0948677959711
43.00272226,259887.8348,4203151.734,3614.177002,14.0937254297617
43.03257465,259887.8169,4203151.758,3614.174072,14.092583063935
43.06242705,259887.799,4203151.782,3614.171631,14.0914406977256
43.09227944,259887.7811,4203151.805,3614.169434,14.0902983318989
43.12213184,259887.7632,4203151.829,3614.165283,14.0891559656895
43.15198423,259887.7452,4203151.853,3614.163086,14.0880135998628
43.18183663,259887.7273,4203151.877,3614.161377,14.0868712336534
43.21168902,259887.7094,4203151.901,3614.159424,14.0857288678267
43.24154142,259887.6915,4203151.925,3614.156006,14.0845865016173
43.27139381,259887.6736,4203151.949,3614.154785,14.0834441357906
43.30124621,259887.6557,4203151.973,3614.154541,14.0823017695812
43.3310986,259887.6378,4203151.997,3614.155518,14.0811594037545
43.360951,259887.6199,4203152.02,3614.152832,14.0800170375451
43.39080339,259887.602,4203152.044,3614.155518,14.0788746717184
43.42065579,259887.584,4203152.068,3614.158936,14.077732305509
43.45050818,259887.5661,4203152.092,3614.163086,14.0765899396823
43.48036058,259887.5482,4203152.116,3614.159668,14.0754475734729
43.51021297,259887.5303,4203152.14,3614.164063,14.0743052076462
43.54006536,259887.5124,4203152.164,3614.168213,14.0731628418195
43.56991776,259887.4945,4203152.188,3614.173828,14.0720204756101
43.59977015,259887.4766,4203152.211,3614.170166,14.0708781097834
43.62962255,259887.4587,4203152.235,3614.175049,14.069735743574
43.65947494,259887.4408,4203152.259,3614.18042,14.0685933777473
43.68932734,259887.4228,4203152.283,3614.184814,14.0674510115379
43.71917973,259887.4049,4203152.307,3614.182373,14.0663086457112
43.74903213,259887.387,4203152.331,3614.186768,14.0651662795018
43.77888452,259887.3691,4203152.355,3614.190674,14.0640239136751
43.80873692,259887.3512,4203152.379,3614.193848,14.0628815474657
43.83858931,259887.3333,4203152.403,3614.191406,14.061739181639
43.86844171,259887.3154,4203152.426,3614.193848,14.0605968154296
43.8982941,259887.2975,4203152.45,3614.195801,14.0594544496029
43.9281465,259887.2796,4203152.474,3614.197266,14.0583120833935
43.95799889,259887.2616,4203152.498,3614.194336,14.0571697175668
43.98785129,259887.2437,4203152.522,3614.195313,14.0560273513574
44.01770368,259887.2258,4203152.546,3614.195801,14.0548849855307
44.04755608,259887.2079,4203152.57,3614.196289,14.0537426193213
44.07740847,259887.19,4203152.594,3614.192383,14.0526002534946
44.10726087,259887.1721,4203152.617,3614.193359,14.0514578872852
44.13711326,259887.1542,4203152.641,3614.194336,14.0503155214585
44.16696565,259887.1363,4203152.665,3614.195313,14.0491731556318
44.19681805,259887.1183,4203152.689,3614.191406,14.0480307894224
44.22667044,259887.1004,4203152.713,3614.192871,14.0468884235957
44.25652284,259887.0825,4203152.737,3614.19458,14.0457460573863
44.28637523,259887.0646,4203152.761,3614.196289,14.0446036915596
44.31622763,259887.0467,4203152.785,3614.192627,14.0434613253502
44.34608002,259887.0288,4203152.809,3614.193848,14.0423189595235
44.37593242,259887.0109,4203152.832,3614.19458,14.0411765933141
44.40578481,259886.993,4203152.856,3614.19458,14.0400342274874
44.43563721,259886.9751,4203152.88,3614.189209,14.038891861278
44.4654896,259886.9571,4203152.904,3614.188477,14.0377494954513
44.495342,259886.9392,4203152.928,3614.187256,14.0366071292419
44.52519439,259886.9213,4203152.952,3614.185547,14.0354647634152
44.55504679,259886.9034,4203152.976,3614.17627,14.0343223972058
44.58489918,259886.8855,4203153,3614.172607,14.0331800313791
44.61475158,259886.8676,4203153.023,3614.169678,14.0320376651697
44.64460397,259886.8497,4203153.047,3614.167725,14.030895299343
44.67445637,259886.8318,4203153.071,3614.158203,14.0297529331336
44.70430876,259886.8139,4203153.095,3614.157715,14.0286105673069
44.73416115,259886.7959,4203153.119,3614.157227,14.0274682014801
44.76401355,259886.778,4203153.143,3614.156738,14.0263258352708
44.79386594,259886.7601,4203153.167,3614.147705,14.025183469444
44.82371834,259886.7422,4203153.191,3614.145752,14.0240411032347
44.85357073,259886.7243,4203153.215,3614.144043,14.0228987374079
44.88342313,259886.7064,4203153.238,3614.14209,14.0217563711986
44.91327552,259886.6885,4203153.262,3614.133057,14.0206140053718
44.94312792,259886.6706,4203153.286,3614.131104,14.0194716391625
44.97298031,259886.6526,4203153.31,3614.129395,14.0183292733357
45.00283271,259886.6347,4203153.334,3614.128418,14.0171869071264
45.0326851,259886.6168,4203153.358,3614.119629,14.0160445412996
45.0625375,259886.5989,4203153.382,3614.118408,14.0149021750903
45.09238989,259886.581,4203153.406,3614.117676,14.0137598092635
45.12224229,259886.5631,4203153.429,3614.115967,14.0126174430542
45.15209468,259886.5452,4203153.453,3614.106201,14.0114750772274
45.18194708,259886.5273,4203153.477,3614.103516,14.0103327110181
45.21179947,259886.5094,4203153.501,3614.098877,14.0091903451913
45.24165187,259886.4914,4203153.525,3614.092041,14.0080479789819
45.27150426,259886.4735,4203153.549,3614.078369,14.0069056131552
45.30135666,259886.4556,4203153.573,3614.072998,14.0057632469458
45.33120905,259886.4377,4203153.597,3614.06665,14.0046208811191
45.36106144,259886.4198,4203153.621,3614.064209,14.0034785152924
45.39091384,259886.4019,4203153.644,3614.053223,14.002336149083
45.42076623,259886.384,4203153.668,3614.05127,14.0011937832563
45.45061863,259886.3661,4203153.692,3614.049805,14.0000514170469
45.48047102,259886.3482,4203153.716,3614.04834,13.9989090512202
45.51032342,259886.3302,4203153.74,3614.036621,13.9977666850108
45.54017581,259886.3123,4203153.764,3614.03418,13.9966243191841
45.57002821,259886.2944,4203153.788,3614.033203,13.9954819529747
45.5998806,259886.2765,4203153.812,3614.032959,13.994339587148
45.629733,259886.2586,4203153.835,3614.024902,13.9931972209386
45.65958539,259886.2407,4203153.859,3614.025879,13.9920548551119
45.68943779,259886.2228,4203153.883,3614.027832,13.9909124889025
45.71929018,259886.2049,4203153.907,3614.032227,13.9897701230758
45.74914258,259886.187,4203153.931,3614.026123,13.9886277568664
45.77899497,259886.169,4203153.955,3614.030762,13.9874853910397
45.80884737,259886.1511,4203153.979,3614.036621,13.9863430248303
45.83869976,259886.1332,4203154.003,3614.042969,13.9852006590036
45.86855216,259886.1153,4203154.027,3614.036621,13.9840582927942
45.89840455,259886.0974,4203154.05,3614.042236,13.9829159269675
45.92825695,259886.0795,4203154.074,3614.047607,13.9817735607581
45.95810934,259886.0616,4203154.098,3614.053955,13.9806311949314
45.98796173,259886.0437,4203154.122,3614.044922,13.9794888291047
46.01781413,259886.0257,4203154.146,3614.048096,13.9783464628953
46.04766652,259886.0078,4203154.17,3614.051758,13.9772040970686
46.07751892,259885.9899,4203154.194,3614.055176,13.9761423255769
46.10737131,259885.972,4203154.218,3614.046875,13.9750980858074
46.13722371,259885.9541,4203154.241,3614.050293,13.974053845688
46.1670761,259885.9362,4203154.265,3614.054199,13.9730096059184
46.1969285,259885.9183,4203154.289,3614.057129,13.9719653657991
46.22678089,259885.9004,4203154.313,3614.048828,13.9709211260295
46.25663329,259885.8825,4203154.337,3614.05249,13.9698768859101
46.28648568,259885.8645,4203154.361,3614.053955,13.9688326461406
46.31633808,259885.8466,4203154.385,3614.055176,13.9677884060212
46.34619047,259885.8287,4203154.409,3614.048584,13.9667441662517
46.37604287,259885.8108,4203154.433,3614.049316,13.9656999261323
46.40589526,259885.7929,4203154.456,3614.049561,13.9646556863627
46.43574766,259885.775,4203154.48,3614.048584,13.9636114462434
46.46560005,259885.7571,4203154.504,3614.041016,13.9625672064738
46.49545245,259885.7392,4203154.528,3614.039063,13.9615229663544
46.52530484,259885.7213,4203154.552,3614.035645,13.9604787265849
46.55515724,259885.7033,4203154.576,3614.033203,13.9594344864655
46.58500963,259885.6854,4203154.6,3614.023926,13.958390246696
46.61486202,259885.6675,4203154.624,3614.021484,13.9573460069264
46.64471442,259885.6496,4203154.647,3614.018555,13.956301766807
46.67456681,259885.6317,4203154.671,3614.015869,13.9552575270375
46.70441921,259885.6138,4203154.695,3614.007568,13.9542132869181
46.7342716,259885.5959,4203154.719,3614.004883,13.9531690471485
46.764124,259885.578,4203154.743,3614.001953,13.9521248070292
46.79397639,259885.5601,4203154.767,3613.99707,13.9510805672596
46.82382879,259885.5421,4203154.791,3613.985596,13.9500363271403
46.85368118,259885.5242,4203154.815,3613.97998,13.9489920873707
46.88353358,259885.5063,4203154.838,3613.974365,13.9479478472513
46.91338597,259885.4884,4203154.862,3613.968994,13.9469036074818
46.94323837,259885.4705,4203154.886,3613.95752,13.9458593673624
46.97309076,259885.4526,4203154.91,3613.950928,13.9448151275928
47.00294316,259885.4347,4203154.934,3613.946289,13.9437708874735
47.03279555,259885.4168,4203154.958,3613.941162,13.9427266477039
47.06264795,259885.3988,4203154.982,3613.929688,13.9416824075845
47.09250034,259885.3809,4203155.006,3613.926758,13.940638167815
47.12235274,259885.363,4203155.03,3613.92334,13.9395939276956
47.15220513,259885.3451,4203155.053,3613.921387,13.9385496879261
47.18205753,259885.3272,4203155.077,3613.916016,13.9375054478067
47.21190992,259885.3093,4203155.101,3613.914307,13.9364612080371
47.24176231,259885.2914,4203155.125,3613.912598,13.9354169682676
47.27161471,259885.2735,4203155.149,3613.910889,13.9343727281482
47.3014671,259885.2556,4203155.173,3613.906982,13.9333284883786
47.3313195,259885.2376,4203155.197,3613.905518,13.9322842482593
47.36117189,259885.2197,4203155.221,3613.904297,13.9312400084897
47.39102429,259885.2018,4203155.244,3613.903564,13.9301957683704
47.42087668,259885.1839,4203155.268,3613.899658,13.9291515286008
47.45072908,259885.166,4203155.292,3613.898926,13.9281072884814
47.48058147,259885.1481,4203155.316,3613.898193,13.9270630487119
47.51043387,259885.1302,4203155.34,3613.897705,13.9260188085925
47.54028626,259885.1123,4203155.364,3613.895996,13.9249745688229
47.57013866,259885.0944,4203155.388,3613.89624,13.9239303287036
47.59999105,259885.0764,4203155.412,3613.89624,13.922886088934
47.62984345,259885.0585,4203155.436,3613.89624,13.9218418488147
47.65969584,259885.0406,4203155.459,3613.894775,13.9207976090451
47.68954824,259885.0227,4203155.483,3613.894775,13.9197533689257
47.71940063,259885.0048,4203155.507,3613.89502,13.9187091291562
47.74925303,259884.9869,4203155.531,3613.89502,13.9176648890368
47.77910542,259884.969,4203155.555,3613.893799,13.9166206492672
47.80895782,259884.9511,4203155.579,3613.894043,13.9155764091479
47.83881021,259884.9332,4203155.603,3613.894775,13.9145321693783
47.8686626,259884.9152,4203155.627,3613.895264,13.9134879296088
47.898515,259884.8973,4203155.65,3613.894531,13.9124436894894
47.92836739,259884.8794,4203155.674,3613.895264,13.9113994497198
47.95821979,259884.8615,4203155.698,3613.896729,13.9103552096005
47.98807218,259884.8436,4203155.722,3613.89917,13.9093109698309
48.01792458,259884.8257,4203155.746,3613.897705,13.9082667297115
48.04777697,259884.8078,4203155.77,3613.900635,13.907222489942
48.07762937,259884.7899,4203155.794,3613.903564,13.9061782498226
48.10748176,259884.7719,4203155.818,3613.907471,13.9051340100531
48.13733416,259884.754,4203155.842,3613.904541,13.9040897699337
48.16718655,259884.7361,4203155.865,3613.907959,13.9030455301641
48.19703895,259884.7182,4203155.889,3613.911377,13.9020012900448
48.22689134,259884.7003,4203155.913,3613.916016,13.9009570502752
48.25674374,259884.6824,4203155.937,3613.911865,13.8999128101558
48.28659613,259884.6645,4203155.961,3613.916748,13.8988685703863
48.31644853,259884.6466,4203155.985,3613.921143,13.8978243302669
48.34630092,259884.6287,4203156.009,3613.924561,13.8967800904973
48.37615332,259884.6107,4203156.033,3613.918945,13.895735850378
48.40600571,259884.5928,4203156.056,3613.920898,13.8946916106084
48.43585811,259884.5749,4203156.08,3613.921631,13.8936473704891
48.4657105,259884.557,4203156.104,3613.921631,13.8926031307195
48.49556289,259884.5391,4203156.128,3613.914063,13.8915588909499
48.52541529,259884.5212,4203156.152,3613.912109,13.8905146508306
48.55526768,259884.5033,4203156.176,3613.9104,13.889470411061
48.58512008,259884.4854,4203156.2,3613.908936,13.8884261709416
48.61497247,259884.4675,4203156.224,3613.903564,13.8873819311721
48.64482487,259884.4495,4203156.248,3613.90332,13.8863376910527
48.67467726,259884.4316,4203156.271,3613.90332,13.8852934512832
48.70452966,259884.4137,4203156.295,3613.902832,13.8842492111638
48.73438205,259884.3958,4203156.319,3613.89917,13.8832049713942
48.76423445,259884.3779,4203156.343,3613.898926,13.8821607312749
48.79408684,259884.36,4203156.367,3613.898438,13.8811164915053
48.82393924,259884.3421,4203156.391,3613.897705,13.8800722513859
48.85379163,259884.3242,4203156.415,3613.894043,13.8790280116164
48.88364403,259884.3063,4203156.439,3613.893555,13.877983771497
48.91349642,259884.2883,4203156.462,3613.892578,13.8769395317275
48.94334882,259884.2704,4203156.486,3613.891113,13.8758952916081
48.97320121,259884.2525,4203156.51,3613.887695,13.8748510518385
49.00305361,259884.2346,4203156.534,3613.885742,13.8738068117192
49.032906,259884.2167,4203156.558,3613.884521,13.8727625719496
49.0627584,259884.1988,4203156.582,3613.883057,13.8717183318302
49.09261079,259884.1809,4203156.606,3613.875977,13.8706740920607
49.12246318,259884.163,4203156.63,3613.873535,13.8696298522911
49.15231558,259884.145,4203156.654,3613.869629,13.8685856121718
49.18216797,259884.1271,4203156.677,3613.866211,13.8675413724022
49.21202037,259884.1092,4203156.701,3613.85791,13.8664971322828
49.24187276,259884.0913,4203156.725,3613.85376,13.8654528925133
49.27172516,259884.0734,4203156.749,3613.849854,13.8644086523939
49.30157755,259884.0555,4203156.773,3613.846191,13.8633644126243
49.33142995,259884.0376,4203156.797,3613.84082,13.862320172505
49.36128234,259884.0197,4203156.821,3613.838623,13.8612759327354
49.39113474,259884.0018,4203156.845,3613.836426,13.860231692616
49.42098713,259883.9838,4203156.868,3613.834717,13.8591874528465
49.45083953,259883.9659,4203156.892,3613.82959,13.8581432127271
49.48069192,259883.948,4203156.916,3613.828369,13.8570989729576
49.51054432,259883.9301,4203156.94,3613.827637,13.8560547328382
49.54039671,259883.9122,4203156.964,3613.827148,13.8550104930686
49.57024911,259883.8943,4203156.988,3613.822998,13.8539662529493
49.6001015,259883.8764,4203157.012,3613.822998,13.8529220131797
49.6299539,259883.8585,4203157.036,3613.822998,13.8518777730603
49.65980629,259883.8406,4203157.06,3613.822998,13.8508335332908
49.68965869,259883.8226,4203157.083,3613.818359,13.8497892931714
49.71951108,259883.8047,4203157.107,3613.818359,13.8487450534019
49.74936347,259883.7868,4203157.131,3613.818604,13.8477008136323
49.77921587,259883.7689,4203157.155,3613.819092,13.8466565735129
49.80833525,259883.7523,4203157.179,3613.815186,13.8456379745109
49.83745462,259883.7356,4203157.203,3613.81665,13.8446193758588
49.866574,259883.719,4203157.227,3613.818115,13.8436007768568
49.89569337,259883.7023,4203157.251,3613.820068,13.8425821782046
49.92481275,259883.6857,4203157.274,3613.816406,13.8415635792026
49.95393213,259883.669,4203157.298,3613.818604,13.8405449802006
49.9830515,259883.6524,4203157.322,3613.822266,13.8395263815484
50.01217088,259883.6357,4203157.346,3613.817139,13.8385077825464
50.04129026,259883.6191,4203157.37,3613.820313,13.8374891835444
50.07040963,259883.6024,4203157.394,3613.822998,13.8364705848922
50.09952901,259883.5858,4203157.418,3613.816162,13.8354519858903
50.12864839,259883.5691,4203157.442,3613.818848,13.8344333868883
50.15776776,259883.5525,4203157.466,3613.820068,13.8334147882361
50.18688714,259883.5358,4203157.489,3613.812256,13.8323961892341
50.21600651,259883.5192,4203157.513,3613.813721,13.8313775905819
50.24512589,259883.5025,4203157.537,3613.814209,13.8303589915799
50.27424527,259883.4859,4203157.561,3613.814697,13.8293403925779
50.30336464,259883.4692,4203157.585,3613.807861,13.8283217939257
50.33248402,259883.4526,4203157.609,3613.808838,13.8273031949237
50.3616034,259883.4359,4203157.633,3613.809082,13.8262845959218
50.39072277,259883.4193,4203157.657,3613.802002,13.8252659972696
50.41984215,259883.4026,4203157.681,3613.802979,13.8242473982676
50.44896152,259883.386,4203157.704,3613.804932,13.8232287996154
50.4780809,259883.3693,4203157.728,3613.79834,13.8222102006134
50.50720028,259883.3527,4203157.752,3613.800049,13.8211916016114
50.53631965,259883.336,4203157.776,3613.800781,13.8201730029592
50.56543903,259883.3194,4203157.8,3613.79248,13.8191544039572
50.59455841,259883.3027,4203157.824,3613.783691,13.8181358049552
50.62367778,259883.2861,4203157.848,3613.782715,13.817117206303
50.65279716,259883.2694,4203157.872,3613.781982,13.8160986073011
50.68191654,259883.2528,4203157.896,3613.772217,13.8150800082991
50.71103591,259883.2361,4203157.92,3613.770508,13.8140614096469
50.74015529,259883.2195,4203157.943,3613.769287,13.8130428106449
50.76927466,259883.2028,4203157.967,3613.759766,13.8120242119927
50.79839404,259883.1861,4203157.991,3613.758301,13.8110056129907
50.82751342,259883.1695,4203158.015,3613.757568,13.8099870139887
50.85663279,259883.1528,4203158.039,3613.755615,13.8089684153365
50.88575217,259883.1362,4203158.063,3613.745361,13.8079498163345
50.91487155,259883.1195,4203158.087,3613.743164,13.8069312173326
50.94399092,259883.1029,4203158.111,3613.741943,13.8059126186804
50.9731103,259883.0862,4203158.135,3613.730957,13.8048940196784
51.00222967,259883.0696,4203158.158,3613.729248,13.8038754210262
51.03134905,259883.0529,4203158.182,3613.728516,13.8028568220242
51.06046843,259883.0363,4203158.206,3613.71875,13.8018382230222
51.0895878,259883.0196,4203158.23,3613.718262,13.80081962437
51.11870718,259883.003,4203158.254,3613.717285,13.799801025368
51.14782656,259882.9863,4203158.278,3613.716797,13.798782426366
51.17694593,259882.9697,4203158.302,3613.709473,13.7977638277139
51.20606531,259882.953,4203158.326,3613.708984,13.7967452287119
51.23518469,259882.9364,4203158.35,3613.708252,13.7957266297099
51.26430406,259882.9197,4203158.373,3613.702148,13.7947080310577
51.29342344,259882.9031,4203158.397,3613.700928,13.7936894320557
51.32254281,259882.8864,4203158.421,3613.699951,13.7926708334035
51.35166219,259882.8698,4203158.445,3613.694336,13.7916522344015
51.38078157,259882.8531,4203158.469,3613.693604,13.7906336353995
51.40990094,259882.8365,4203158.493,3613.692871,13.7896150367473
51.43902032,259882.8198,4203158.517,3613.687744,13.7885964377454
51.4681397,259882.8032,4203158.541,3613.687012,13.7875778387434
51.49725907,259882.7865,4203158.565,3613.685791,13.7865592400912
51.52637845,259882.7699,4203158.588,3613.684326,13.7855406410892
51.55549783,259882.7532,4203158.612,3613.676758,13.7845220420872
51.5846172,259882.7366,4203158.636,3613.672852,13.783503443435
51.61373658,259882.7199,4203158.66,3613.669922,13.782484844433
51.64285595,259882.7033,4203158.684,3613.658691,13.7814662457808
51.67197533,259882.6866,4203158.708,3613.656006,13.7804476467788
51.70109471,259882.67,4203158.732,3613.653564,13.7794290477769
51.73021408,259882.6533,4203158.756,3613.642822,13.7784104491247
51.75933346,259882.6367,4203158.78,3613.640625,13.7773918501227
51.78845284,259882.62,4203158.803,3613.638184,13.7763732511207
51.81757221,259882.6034,4203158.827,3613.637207,13.7753546524685
51.84669159,259882.5867,4203158.851,3613.631348,13.7743360534665
51.87581096,259882.5701,4203158.875,3613.630859,13.7733174548143
51.90493034,259882.5534,4203158.899,3613.630127,13.7722988558123
51.93404972,259882.5368,4203158.923,3613.625732,13.7712802568103
51.96316909,259882.5201,4203158.947,3613.624268,13.7702616581582
51.99228847,259882.5035,4203158.971,3613.623047,13.7692430591562
52.02140785,259882.4868,4203158.995,3613.619385,13.7682244601542
52.05052722,259882.4702,4203159.018,3613.616943,13.767205861502
52.0796466,259882.4535,4203159.042,3613.613037,13.7661872625
52.10876598,259882.4369,4203159.066,3613.609131,13.7635037357228
52.13788535,259882.4202,4203159.09,3613.603271,13.760445177098
52.16700473,259882.4036,4203159.114,3613.599121,13.7573866174228
52.1961241,259882.3869,4203159.138,3613.593994,13.7543280587981
52.22524348,259882.3703,4203159.162,3613.588379,13.7512694991229
52.25436286,259882.3536,4203159.186,3613.583008,13.7482109394478
52.28348223,259882.337,4203159.21,3613.577148,13.745152380823
52.31260161,259882.3203,4203159.233,3613.57251,13.7420938211478
52.34172099,259882.3037,4203159.257,3613.56543,13.7390352614727
52.37084036,259882.287,4203159.281,3613.557373,13.7359767028479
52.39995974,259882.2704,4203159.305,3613.550049,13.7329181431727
52.42907911,259882.2537,4203159.329,3613.540771,13.7298595845479
52.45819849,259882.2371,4203159.353,3613.534424,13.7268010248728
52.48731787,259882.2204,4203159.377,3613.530518,13.7237424651976
52.51643724,259882.2038,4203159.401,3613.526855,13.7206839065728
52.54555662,259882.1871,4203159.425,3613.522217,13.7176253468977
52.574676,259882.1705,4203159.448,3613.51709,13.7145667872225
52.60379537,259882.1538,4203159.472,3613.509766,13.7115082285977
52.63291475,259882.1372,4203159.496,3613.503174,13.7084496689226
52.66203413,259882.1205,4203159.52,3613.496338,13.7053911092474
52.6911535,259882.1039,4203159.544,3613.486816,13.7023325506226
52.72027288,259882.0872,4203159.568,3613.479492,13.6992739909475
52.74939225,259882.0706,4203159.592,3613.472168,13.6962154323227
52.77851163,259882.0539,4203159.616,3613.466797,13.6931568726475
52.80763101,259882.0373,4203159.64,3613.457275,13.6900983129724
52.83675038,259882.0206,4203159.663,3613.452393,13.6870397543476
52.86586976,259882.004,4203159.687,3613.447754,13.6839811946724
52.89498914,259881.9873,4203159.711,3613.438965,13.6809226349973
52.92410851,259881.9707,4203159.735,3613.43457,13.6778640763725
52.95322789,259881.954,4203159.759,3613.429443,13.6748055166973
52.98234727,259881.9374,4203159.783,3613.420654,13.6717469570222
53.01146664,259881.9207,4203159.807,3613.416504,13.6686883983974
53.04058602,259881.9041,4203159.831,3613.412842,13.6656298387223
53.06970539,259881.8874,4203159.855,3613.409424,13.6625712800975
53.09882477,259881.8708,4203159.878,3613.402832,13.6595127204223
53.12794415,259881.8541,4203159.902,3613.398438,13.6564541607472
53.15706352,259881.8375,4203159.926,3613.394287,13.6533956021224
53.1861829,259881.8208,4203159.95,3613.385498,13.6503370424472
53.21530228,259881.8042,4203159.974,3613.379395,13.6472784827721
53.24442165,259881.7875,4203159.998,3613.369629,13.6442199241473
53.27354103,259881.7709,4203160.022,3613.353516,13.6411613644721
53.3026604,259881.7542,4203160.046,3613.343262,13.6381028058473
53.33177978,259881.7376,4203160.07,3613.332031,13.6350442461722
53.36089916,259881.7209,4203160.093,3613.320068,13.631985686497
53.39001853,259881.7043,4203160.117,3613.301025,13.6289271278722
53.41913791,259881.6876,4203160.141,3613.289551,13.6258685681971
53.44825729,259881.671,4203160.165,3613.279053,13.6228100085219
53.47737666,259881.6543,4203160.189,3613.264648,13.6197514498971
53.50649604,259881.6377,4203160.213,3613.256348,13.616692890222
53.53561542,259881.621,4203160.237,3613.250488,13.6136343305468
53.56473479,259881.6044,4203160.261,3613.243652,13.610575771922
53.59385417,259881.5877,4203160.285,3613.240234,13.6075172122469
53.62297354,259881.5711,4203160.308,3613.236572,13.6044586536221
53.65209292,259881.5544,4203160.332,3613.229736,13.6014000939469
53.6812123,259881.5378,4203160.356,3613.226563,13.5983415342718
53.71033167,259881.5211,4203160.38,3613.223877,13.595282975647
53.73945105,259881.5045,4203160.404,3613.221191,13.5922244159718
53.76857043,259881.4878,4203160.428,3613.217041,13.5891658562967
53.7976898,259881.4712,4203160.452,3613.214844,13.5861072976719
53.82680918,259881.4545,4203160.476,3613.213379,13.5830487379968
53.85592855,259881.4379,4203160.5,3613.210938,13.579990179372
53.88504793,259881.4212,4203160.523,3613.210449,13.5769316196968
53.91416731,259881.4046,4203160.547,3613.209717,13.5738730600217
53.94328668,259881.3879,4203160.571,3613.20752,13.5708145013969
53.97240606,259881.3713,4203160.595,3613.205811,13.5677559417217
54.00152544,259881.3546,4203160.619,3613.204102,13.5646973820466
54.03064481,259881.338,4203160.643,3613.202148,13.5616388234218
54.05976419,259881.3213,4203160.667,3613.196777,13.5585802637466
54.08888357,259881.3047,4203160.691,3613.194092,13.5555217040715
54.11800294,259881.288,4203160.715,3613.192871,13.5524631454467
54.14712232,259881.2714,4203160.738,3613.189209,13.5494045857715
54.17624169,259881.2547,4203160.762,3613.188965,13.5463460271467
54.20536107,259881.2381,4203160.786,3613.188965,13.5432874674716
54.23448045,259881.2214,4203160.81,3613.185791,13.5402289077964
54.26359982,259881.2048,4203160.834,3613.185791,13.5371703491716
54.2927192,259881.1881,4203160.858,3613.186035,13.5341117894965
54.32183858,259881.1715,4203160.882,3613.186768,13.5310532298213
54.35095795,259881.1548,4203160.906,3613.183838,13.5279946711965
54.38007733,259881.1382,4203160.93,3613.185059,13.5249361115214
54.40919671,259881.1215,4203160.953,3613.185791,13.5218775518462
54.43831608,259881.1049,4203160.977,3613.182129,13.5188189932214
54.46743546,259881.0882,4203161.001,3613.181641,13.5157604335463
54.49655483,259881.0716,4203161.025,3613.18042,13.5127018749215
54.52567421,259881.0549,4203161.049,3613.176514,13.5096433152463
54.55479359,259881.0383,4203161.073,3613.174316,13.5065847555712
54.58391296,259881.0216,4203161.097,3613.171143,13.5035261969464
54.61303234,259881.005,4203161.121,3613.164307,13.5004676372713
54.64215172,259880.9883,4203161.145,3613.152344,13.4974090775961
54.67127109,259880.9717,4203161.168,3613.141113,13.4943505189713
54.70039047,259880.955,4203161.192,3613.130127,13.4912919592962
54.72950984,259880.9384,4203161.216,3613.116699,13.4882334006714
54.75862922,259880.9217,4203161.24,3613.105957,13.4851748409962
54.7877486,259880.9051,4203161.264,3613.098633,13.4821162813211
54.81686797,259880.8884,4203161.288,3613.091309,13.4790577226963
54.84598735,259880.8718,4203161.312,3613.087158,13.4759991630211
54.87510673,259880.8551,4203161.336,3613.083252,13.472940603346
54.9042261,259880.8385,4203161.36,3613.076172,13.4698820447212
54.93334548,259880.8218,4203161.383,3613.070313,13.466823485046
54.96246486,259880.8052,4203161.407,3613.061768,13.4637649253709
54.99158423,259880.7885,4203161.431,3613.051025,13.4607063667461
55.02070361,259880.7719,4203161.455,3613.039551,13.4576478070709
55.04982298,259880.7552,4203161.479,3613.031738,13.4545892484461
55.07894236,259880.7386,4203161.503,3613.023193,13.451530688771
55.10806174,259880.7219,4203161.527,3613.013428,13.4484721290958
55.13718111,259880.7053,4203161.551,3613.00415,13.445413570471
55.16630049,259880.6886,4203161.575,3612.996094,13.4423550107959
55.19541987,259880.672,4203161.598,3612.98877,13.4392964511207
55.22453924,259880.6553,4203161.622,3612.986328,13.4362378924959
55.25365862,259880.6387,4203161.646,3612.985107,13.4331793328208
55.28277799,259880.622,4203161.67,3612.983887,13.430120774196
55.31189737,259880.6054,4203161.694,3612.982178,13.4270622145208
55.34101675,259880.5887,4203161.718,3612.97998,13.4240036548457
55.37013612,259880.5721,4203161.742,3612.975586,13.4209450962209
55.3992555,259880.5554,4203161.766,3612.959717,13.4178865365458
55.42837488,259880.5388,4203161.79,3612.943848,13.4148279768706
55.45749425,259880.5221,4203161.813,3612.92627,13.4117694182458
55.48661363,259880.5055,4203161.837,3612.897461,13.4087108585707
55.51573301,259880.4888,4203161.861,3612.882324,13.4056522988955
55.54485238,259880.4722,4203161.885,3612.87207,13.4025937402707
55.57397176,259880.4555,4203161.909,3612.86499,13.3995351805956
55.60309113,259880.4389,4203161.933,3612.851563,13.3964766219708
55.63221051,259880.4222,4203161.957,3612.848389,13.3934180622956
55.66132989,259880.4056,4203161.981,3612.846436,13.3903595026205
55.69044926,259880.3889,4203162.005,3612.837158,13.3873009439957
55.71956864,259880.3723,4203162.028,3612.834473,13.3842423843205
55.74868802,259880.3556,4203162.052,3612.83252,13.3811838246454
55.77780739,259880.339,4203162.076,3612.825684,13.3781252660206
55.80692677,259880.3223,4203162.1,3612.824463,13.3750667063454
55.83604614,259880.3057,4203162.124,3612.822998,13.3720081477206
55.86516552,259880.289,4203162.148,3612.820313,13.3689495880455
55.8942849,259880.2724,4203162.172,3612.811768,13.3658910283703
55.92340427,259880.2557,4203162.196,3612.807861,13.3628324697455
55.95252365,259880.2391,4203162.22,3612.802002,13.3597739100704
55.98164303,259880.2224,4203162.244,3612.790527,13.3567153503952
56.0107624,259880.2058,4203162.267,3612.781982,13.3536567917704
56.03988178,259880.1891,4203162.291,3612.773682,13.3505982320953
56.06900116,259880.1725,4203162.315,3612.76123,13.3475396724201
56.09812053,259880.1558,4203162.339,3612.752197,13.3444811137953
56.12723991,259880.1392,4203162.363,3612.744873,13.3414225541202
56.15635928,259880.1225,4203162.387,3612.736816,13.3383639954954
56.18547866,259880.1059,4203162.411,3612.730713,13.3353054358202
56.21459804,259880.0892,4203162.435,3612.725586,13.3322468761451
56.24371741,259880.0726,4203162.459,3612.721436,13.3291883175203
56.27283679,259880.0559,4203162.482,3612.717285,13.3261297578452
56.30195617,259880.0393,4203162.506,3612.714111,13.32307119817
56.33107554,259880.0226,4203162.53,3612.710205,13.3200126395452
56.36019492,259880.006,4203162.554,3612.703857,13.3169540798701
56.3893143,259879.9893,4203162.578,3612.698486,13.3138955201949
56.41843367,259879.9727,4203162.602,3612.692139,13.3108369615701
56.44755305,259879.956,4203162.626,3612.677734,13.307778401895
56.47667242,259879.9394,4203162.65,3612.667969,13.3047198432702
56.5057918,259879.9227,4203162.674,3612.657959,13.301661283595
56.53491118,259879.9061,4203162.697,3612.647705,13.2986027239199
56.56403055,259879.8894,4203162.721,3612.63208,13.2955441652951
56.59314993,259879.8728,4203162.745,3612.623291,13.2924856056199
56.62226931,259879.8561,4203162.769,3612.615967,13.2894270459448
56.65138868,259879.8395,4203162.793,3612.608643,13.28636848732
56.68050806,259879.8228,4203162.817,3612.607178,13.2833099276448
56.70962743,259879.8062,4203162.841,3612.606201,13.28025136902
56.73874681,259879.7895,4203162.865,3612.60376,13.2771928093449
56.76786619,259879.7728,4203162.889,3612.603271,13.2741342496697
56.79698556,259879.7562,4203162.912,3612.603027,13.2710756910449
56.82610494,259879.7395,4203162.936,3612.602295,13.2680171313698
56.85522432,259879.7229,4203162.96,3612.600098,13.2649585716946
56.88434369,259879.7062,4203162.984,3612.599365,13.2619000130698
56.91346307,259879.6896,4203163.008,3612.598389,13.2588414533947
56.94258245,259879.6729,4203163.032,3612.594238,13.2557828937195
56.97170182,259879.6563,4203163.056,3612.591797,13.2527243350947
57.0008212,259879.6396,4203163.08,3612.589844,13.2496657754196
57.02994057,259879.623,4203163.104,3612.585205,13.2466072167948
57.05905995,259879.6063,4203163.127,3612.582275,13.2435486571197
57.08817933,259879.5897,4203163.151,3612.579834,13.2404900974445
57.1172987,259879.573,4203163.175,3612.574463,13.2374315388197
57.14641808,259879.5564,4203163.199,3612.572021,13.2343729791446
57.17553746,259879.5397,4203163.223,3612.568604,13.2313144194694
57.20465683,259879.5231,4203163.247,3612.565186,13.2282558608446
57.23377621,259879.5064,4203163.271,3612.560303,13.2251973011695
57.26289558,259879.4898,4203163.295,3612.556152,13.2221387425447
57.29201496,259879.4731,4203163.319,3612.552002,13.2190801828695
57.32113434,259879.4565,4203163.342,3612.546143,13.2160216231944
57.35025371,259879.4398,4203163.366,3612.539551,13.2129630645696
57.37937309,259879.4232,4203163.39,3612.531006,13.2099045048944
57.40849247,259879.4065,4203163.414,3612.524414,13.2068459452193
57.43761184,259879.3899,4203163.438,3612.517334,13.2037873865945
57.46673122,259879.3732,4203163.462,3612.508545,13.2007288269193
57.4958506,259879.3566,4203163.486,3612.49707,13.1976702672442
57.52496997,259879.3399,4203163.51,3612.484131,13.1946117086194
57.55408935,259879.3233,4203163.534,3612.465332,13.1915531489442
57.58320872,259879.3066,4203163.557,3612.447266,13.1884945903194
57.6123281,259879.29,4203163.581,3612.43335,13.1854360306443
57.64144748,259879.2733,4203163.605,3612.420654,13.1865792272563
57.67056685,259879.2567,4203163.629,3612.411133,13.1914412159296
57.69968623,259879.24,4203163.653,3612.401611,13.1963032062726
57.72880561,259879.2234,4203163.677,3612.391113,13.2011651966155
57.75792498,259879.2067,4203163.701,3612.381348,13.2060271852888
57.78704436,259879.1901,4203163.725,3612.372803,13.2108891756318
57.81616374,259879.1734,4203163.749,3612.362793,13.2157511659747
57.84528311,259879.1568,4203163.772,3612.354248,13.220613154648
57.87440249,259879.1401,4203163.796,3612.345703,13.225475144991
57.90352186,259879.1235,4203163.82,3612.335938,13.2303371336643
57.93264124,259879.1068,4203163.844,3612.328857,13.2351991240072
57.96176062,259879.0902,4203163.868,3612.322021,13.2400611143502
57.99087999,259879.0735,4203163.892,3612.313721,13.2449231030235
58.01999937,259879.0569,4203163.916,3612.308594,13.2497850933664
58.04911875,259879.0402,4203163.94,3612.302979,13.2546470837094
58.07823812,259879.0236,4203163.964,3612.298096,13.2595090723827
58.1073575,259879.0069,4203163.987,3612.285156,13.2643710627256
58.13647687,259878.9903,4203164.011,3612.278809,13.2692330513989
58.16559625,259878.9736,4203164.035,3612.270752,13.2740950417419
58.19471563,259878.957,4203164.059,3612.257568,13.2789570320848
58.223835,259878.9403,4203164.083,3612.250732,13.2838190207581
58.25295438,259878.9237,4203164.107,3612.243652,13.2886810111011
58.28207376,259878.907,4203164.131,3612.23291,13.293543001444
58.31119313,259878.8904,4203164.155,3612.226563,13.2984049901173
58.34031251,259878.8737,4203164.179,3612.221924,13.3032669804603
58.36943189,259878.8571,4203164.202,3612.21582,13.3081289708033
58.39855126,259878.8404,4203164.226,3612.213623,13.3129909594765
58.42767064,259878.8238,4203164.25,3612.212402,13.3178529498195
58.45679001,259878.8071,4203164.274,3612.210938,13.3227149384928
58.48590939,259878.7905,4203164.298,3612.208252,13.3275769288357
58.51502877,259878.7738,4203164.322,3612.203857,13.3324389191787
58.54414814,259878.7572,4203164.346,3612.197266,13.337300907852
58.57326752,259878.7405,4203164.37,3612.185547,13.3421628981949
58.6023869,259878.7239,4203164.394,3612.172607,13.3470248885379
58.63150627,259878.7072,4203164.417,3612.157227,13.3518868772112
58.66062565,259878.6906,4203164.441,3612.13916,13.3567488675542
58.68974502,259878.6739,4203164.465,3612.125977,13.3616108562274
58.7188644,259878.6573,4203164.489,3612.115723,13.3664728465704
58.74798378,259878.6406,4203164.513,3612.107422,13.3713348369134
58.77710315,259878.624,4203164.537,3612.097168,13.3761968255866
58.80622253,259878.6073,4203164.561,3612.091309,13.3810588159296
58.83534191,259878.5907,4203164.585,3612.082275,13.3859208062726
58.86446128,259878.574,4203164.609,3612.071777,13.3907827949458
58.89358066,259878.5574,4203164.632,3612.063477,13.3956447852888
58.92270004,259878.5407,4203164.656,3612.054932,13.4005067756318
58.95181941,259878.5241,4203164.68,3612.04126,13.4053687643051
58.98093879,259878.5074,4203164.704,3612.031738,13.410230754648
59.01005816,259878.4908,4203164.728,3612.021484,13.4150927433213
59.03917754,259878.4741,4203164.752,3612.012451,13.4199547336643
59.06829692,259878.4575,4203164.776,3611.996826,13.4248167240072
59.09741629,259878.4408,4203164.8,3611.988525,13.4296787126805
59.12653567,259878.4242,4203164.824,3611.978516,13.4345407030235
59.15565505,259878.4075,4203164.847,3611.965332,13.4394026933664
59.18477442,259878.3909,4203164.871,3611.955811,13.4442646820397
59.2138938,259878.3742,4203164.895,3611.944092,13.4491266723827
59.24301317,259878.3576,4203164.919,3611.926758,13.453988661056
59.27213255,259878.3409,4203164.943,3611.915039,13.4588506513989
59.30125193,259878.3243,4203164.967,3611.904541,13.4637126417419
59.3303713,259878.3076,4203164.991,3611.891113,13.4685746304152
59.35949068,259878.291,4203165.015,3611.874268,13.4734366207581
59.38861006,259878.2743,4203165.039,3611.861572,13.4782986111011
59.41772943,259878.2577,4203165.062,3611.847412,13.4831605997744
59.44684881,259878.241,4203165.086,3611.832031,13.4880225901173
59.47596819,259878.2244,4203165.11,3611.821777,13.4928845804603
59.50508756,259878.2077,4203165.134,3611.8125,13.4977465691336
59.53420694,259878.1911,4203165.158,3611.799805,13.5026085594765
59.56332631,259878.1744,4203165.182,3611.79248,13.5074705481498
59.59244569,259878.1578,4203165.206,3611.786377,13.5123325384928
59.62156507,259878.1411,4203165.23,3611.777588,13.5171945288357
59.65068444,259878.1245,4203165.254,3611.776123,13.522056517509
59.67980382,259878.1078,4203165.277,3611.776367,13.526918507852
59.7089232,259878.0912,4203165.301,3611.777588,13.5317804981949
59.73804257,259878.0745,4203165.325,3611.774902,13.5366424868682
59.76716195,259878.0579,4203165.349,3611.775879,13.5415044772112
59.79628133,259878.0412,4203165.373,3611.777588,13.5463664675542
59.8254007,259878.0246,4203165.397,3611.774658,13.5512284562274
59.85452008,259878.0079,4203165.421,3611.775879,13.5560904465704
59.88363945,259877.9913,4203165.445,3611.777344,13.5609524352437
59.91275883,259877.9746,4203165.469,3611.774658,13.5658144255866
59.94187821,259877.958,4203165.492,3611.775391,13.5706764159296
59.97099758,259877.9413,4203165.516,3611.775635,13.5755384046029
60.00011696,259877.9247,4203165.54,3611.775635,13.5804003949458
60.02923634,259877.908,4203165.564,3611.772705,13.5852623852888
60.05835571,259877.8914,4203165.588,3611.772461,13.5901243739621
60.08747509,259877.8747,4203165.612,3611.771973,13.5949863643051
60.11659446,259877.8581,4203165.636,3611.769043,13.5998483529783
60.14571384,259877.8414,4203165.66,3611.768066,13.6047103433213
60.17483322,259877.8248,4203165.684,3611.766357,13.6095723336643
60.20395259,259877.8081,4203165.707,3611.759277,13.6144343223375
60.23307197,259877.7915,4203165.731,3611.752686,13.6192963126805
60.26219135,259877.7748,4203165.755,3611.744141,13.6241583030235
60.29131072,259877.7582,4203165.779,3611.735107,13.6290202916968
60.3204301,259877.7415,4203165.803,3611.72583,13.6338822820397
60.34954948,259877.7249,4203165.827,3611.713379,13.6387442723827
60.37866885,259877.7082,4203165.851,3611.699951,13.643606261056
60.40778823,259877.6916,4203165.875,3611.686035,13.6484682513989
60.4369076,259877.6749,4203165.899,3611.672852,13.6533302400722
60.46602698,259877.6583,4203165.922,3611.656006,13.6581922304152
60.49514636,259877.6416,4203165.946,3611.637695,13.6630542207581
60.52426573,259877.625,4203165.97,3611.621582,13.6679162094314
60.55338511,259877.6083,4203165.994,3611.607666,13.6727781997744
60.58250449,259877.5917,4203166.018,3611.59668,13.6776401901173
60.61162386,259877.575,4203166.042,3611.584473,13.6825021787906
60.64074324,259877.5584,4203166.066,3611.569824,13.6873641691336
60.66986261,259877.5417,4203166.09,3611.557617,13.6922261578069
60.69898199,259877.5251,4203166.114,3611.543701,13.6970881481498
60.72810137,259877.5084,4203166.137,3611.525146,13.7019501384928
60.75722074,259877.4918,4203166.161,3611.503662,13.7068121271661
60.78634012,259877.4751,4203166.185,3611.474854,13.711674117509
60.8154595,259877.4585,4203166.209,3611.449951,13.716536107852
60.84457887,259877.4418,4203166.233,3611.42627,13.7213980965253
60.87369825,259877.4252,4203166.257,3611.404297,13.7262600868682
60.90281763,259877.4085,4203166.281,3611.381104,13.7311220772112
60.931937,259877.3919,4203166.305,3611.364014,13.7359840658845
60.96105638,259877.3752,4203166.329,3611.354492,13.7408460562274
60.99017575,259877.3586,4203166.352,3611.349609,13.7457080449007
61.01929513,259877.3419,4203166.376,3611.344971,13.7505700352437
61.04841451,259877.3253,4203166.4,3611.339844,13.7554320255866
61.07753388,259877.3086,4203166.424,3611.334961,13.7602940142599
61.10665326,259877.292,4203166.448,3611.32959,13.7651560046029
61.13577264,259877.2753,4203166.472,3611.32251,13.7700179949458
61.16489201,259877.2587,4203166.496,3611.314209,13.7748799836191
61.19401139,259877.242,4203166.52,3611.304932,13.7797419739621
61.22313077,259877.2254,4203166.544,3611.297119,13.7846039643051
61.25225014,259877.2087,4203166.567,3611.290771,13.7894659529783
61.28136952,259877.1921,4203166.591,3611.283447,13.7943279433213
61.31048889,259877.1754,4203166.615,3611.27417,13.7991899319946
61.33960827,259877.1588,4203166.639,3611.26416,13.8040519223375
61.36872765,259877.1421,4203166.663,3611.253174,13.8089139126805
61.39784702,259877.1255,4203166.687,3611.240479,13.8137759013538
61.4269664,259877.1088,4203166.711,3611.225586,13.8186378916968
61.45608578,259877.0922,4203166.735,3611.211182,13.8234998820397
61.48520515,259877.0755,4203166.759,3611.196777,13.828361870713
61.51432453,259877.0589,4203166.783,3611.184082,13.833223861056
61.5434439,259877.0422,4203166.806,3611.17627,13.8380858497292
61.57256328,259877.0256,4203166.83,3611.168945,13.8429478400722
61.60168266,259877.0089,4203166.854,3611.166748,13.8478098304152
61.63080203,259876.9923,4203166.878,3611.165283,13.8526718190884
61.65992141,259876.9756,4203166.902,3611.15918,13.8575338094314
61.68904079,259876.959,4203166.926,3611.158691,13.8623957997744
61.71816016,259876.9423,4203166.95,3611.158203,13.8672577884477
61.74727954,259876.9257,4203166.974,3611.153076,13.8721197787906
61.77639892,259876.909,4203166.998,3611.152588,13.8769817691336
61.80551829,259876.8924,4203167.021,3611.150635,13.8818437578069
61.83463767,259876.8757,4203167.045,3611.145508,13.8867057481498
61.86375704,259876.8591,4203167.069,3611.143555,13.8915677368231
61.89287642,259876.8424,4203167.093,3611.141357,13.8964297271661
61.9219958,259876.8258,4203167.117,3611.137451,13.901291717509
61.95111517,259876.8091,4203167.141,3611.127441,13.9061537061823
61.98023455,259876.7925,4203167.165,3611.118408,13.9110156965253
62.00935393,259876.7758,4203167.189,3611.106689,13.9158776868682
62.0384733,259876.7592,4203167.213,3611.087158,13.9207396755415
62.06759268,259876.7425,4203167.236,3611.067627,13.9253055014184
62.09671205,259876.7259,4203167.26,3611.038086,13.9292684584687
62.12583143,259876.7092,4203167.284,3611.015137,13.93323141688
62.15495081,259876.6926,4203167.308,3610.993164,13.9371943752912
62.18407018,259876.6759,4203167.332,3610.966553,13.9411573323415
62.21318956,259876.6593,4203167.356,3610.938721,13.9451202907528
62.24230894,259876.6426,4203167.38,3610.921387,13.949083249164
62.27142831,259876.626,4203167.404,3610.901123,13.9530462062143
62.30054769,259876.6093,4203167.428,3610.887451,13.9570091646256
62.32966707,259876.5927,4203167.451,3610.880371,13.9609721230368
62.35878644,259876.576,4203167.475,3610.874756,13.9649350800872
62.38790582,259876.5594,4203167.499,3610.872559,13.9688980384984
62.41702519,259876.5427,4203167.523,3610.870117,13.9728609955487
62.44614457,259876.5261,4203167.547,3610.868408,13.97682395396
62.47526395,259876.5094,4203167.571,3610.866455,13.9807869123712
62.50438332,259876.4928,4203167.595,3610.86499,13.9847498694216
62.5335027,259876.4761,4203167.619,3610.863281,13.9887128278328
62.56262208,259876.4595,4203167.643,3610.862061,13.9926757862441
62.59174145,259876.4428,4203167.666,3610.861328,13.9966387432944
62.62086083,259876.4262,4203167.69,3610.861084,14.0006017017056
62.6499802,259876.4095,4203167.714,3610.860352,14.0045646587559
62.67909958,259876.3928,4203167.738,3610.858398,14.0085276171672
62.70821896,259876.3762,4203167.762,3610.854248,14.0124905755784
62.73733833,259876.3595,4203167.786,3610.849609,14.0164535326288
62.76645771,259876.3429,4203167.81,3610.843994,14.02041649104
62.79557709,259876.3262,4203167.834,3610.836182,14.0243794494513
62.82469646,259876.3096,4203167.858,3610.824219,14.0283424065016
62.85381584,259876.2929,4203167.881,3610.810547,14.0323053649128
62.88293522,259876.2763,4203167.905,3610.796875,14.0362683233241
62.91205459,259876.2596,4203167.929,3610.782471,14.0402312803744
62.94117397,259876.243,4203167.953,3610.771729,14.0441942387857
62.97029334,259876.2263,4203167.977,3610.761475,14.048157195836
62.99941272,259876.2097,4203168.001,3610.750488,14.0521201542472
63.0285321,259876.193,4203168.025,3610.744873,14.0560831126585
63.05765147,259876.1764,4203168.049,3610.738037,14.0600460697088
63.08677085,259876.1597,4203168.073,3610.727783,14.06400902812
63.11589023,259876.1431,4203168.096,3610.719727,14.0679719865313
63.1450096,259876.1264,4203168.12,3610.711426,14.0719349435816
63.17412898,259876.1098,4203168.144,3610.700439,14.0758979019929
63.20324836,259876.0931,4203168.168,3610.689697,14.0798608604041
63.23236773,259876.0765,4203168.192,3610.680176,14.0838238174544
63.26148711,259876.0598,4203168.216,3610.672119,14.0877867758657
63.29060648,259876.0432,4203168.24,3610.665771,14.091749732916
63.31972586,259876.0265,4203168.264,3610.660156,14.0957126913273
63.34884524,259876.0099,4203168.288,3610.653564,14.0996756497385
63.37796461,259875.9932,4203168.311,3610.644775,14.1036386067888
63.40708399,259875.9766,4203168.335,3610.63916,14.1076015652001
63.43620337,259875.9599,4203168.359,3610.63208,14.1115645236113
63.46532274,259875.9433,4203168.383,3610.624512,14.1155274806616
63.49444212,259875.9266,4203168.407,3610.614014,14.1194904390729
63.52356149,259875.91,4203168.431,3610.607178,14.1234533961232
63.55268087,259875.8933,4203168.455,3610.599609,14.1274163545345
63.58180025,259875.8767,4203168.479,3610.592041,14.1313793129457
63.61091962,259875.86,4203168.503,3610.585449,14.135342269996
63.640039,259875.8434,4203168.526,3610.578857,14.1393052284073
63.66915838,259875.8267,4203168.55,3610.570313,14.1432681868185
63.69827775,259875.8101,4203168.574,3610.562744,14.1472311438689
63.72739713,259875.7934,4203168.598,3610.553223,14.1511941022801
63.75651651,259875.7768,4203168.622,3610.541748,14.1551570606914
63.78563588,259875.7601,4203168.646,3610.525635,14.1591200177417
63.81475526,259875.7435,4203168.67,3610.509521,14.1630829761529
63.84387463,259875.7268,4203168.694,3610.489502,14.1670459332032
63.87299401,259875.7102,4203168.718,3610.467041,14.1710088916145
63.90211339,259875.6935,4203168.741,3610.44043,14.1749718500258
63.93123276,259875.6769,4203168.765,3610.416504,14.1789348070761
63.96035214,259875.6602,4203168.789,3610.403076,14.1828977654873
63.98947152,259875.6436,4203168.813,3610.391357,14.1868607238986
64.01859089,259875.6269,4203168.837,3610.380859,14.1908236809489
64.04771027,259875.6103,4203168.861,3610.370361,14.1947866393601
64.07682964,259875.5936,4203168.885,3610.362305,14.1987495964105
64.10594902,259875.577,4203168.909,3610.352295,14.2027125548217
64.1350684,259875.5603,4203168.933,3610.340332,14.206675513233
64.16418777,259875.5437,4203168.956,3610.325684,14.2106384702833
64.19330715,259875.527,4203168.98,3610.306396,14.2146014286945
64.22242653,259875.5104,4203169.004,3610.287354,14.2185643871058
64.2515459,259875.4937,4203169.028,3610.270264,14.2225273441561
64.28066528,259875.4771,4203169.052,3610.254395,14.2264903025674
64.30978466,259875.4604,4203169.076,3610.242676,14.2304532609786
64.33890403,259875.4438,4203169.1,3610.231934,14.2344162180289
64.36802341,259875.4271,4203169.124,3610.224121,14.2383791764402
64.39714278,259875.4105,4203169.148,3610.217041,14.2423421334905
64.42626216,259875.3938,4203169.171,3610.211182,14.2463050919017
64.45538154,259875.3772,4203169.195,3610.203857,14.250268050313
64.48450091,259875.3605,4203169.219,3610.199463,14.2542310073633
64.51362029,259875.3439,4203169.243,3610.195313,14.2581939657746
64.54273967,259875.3272,4203169.267,3610.188721,14.2621569241858
64.57185904,259875.3106,4203169.291,3610.186768,14.2661198812361
64.60097842,259875.2939,4203169.315,3610.185303,14.2700828396474
64.6300978,259875.2773,4203169.339,3610.179688,14.2740457980586
64.65921717,259875.2606,4203169.363,3610.179932,14.278008755109
64.68833655,259875.244,4203169.386,3610.181641,14.2819717135202
64.71745592,259875.2273,4203169.41,3610.184326,14.2859346705705
64.7465753,259875.2107,4203169.434,3610.181396,14.2898976289818
64.77569468,259875.194,4203169.458,3610.185059,14.293860587393
64.80481405,259875.1774,4203169.482,3610.190918,14.2978235444433
64.83393343,259875.1607,4203169.506,3610.189697,14.3017865028546
64.86305281,259875.1441,4203169.53,3610.196777,14.3057494612658
64.89217218,259875.1274,4203169.554,3610.205566,14.3097124183162
64.92129156,259875.1108,4203169.578,3610.207031,14.3136753767274
64.95041093,259875.0941,4203169.601,3610.21582,14.3176383337777
64.97953031,259875.0775,4203169.625,3610.228027,14.321601292189
65.00864969,259875.0608,4203169.649,3610.240234,14.3255642506002
65.03776906,259875.0442,4203169.673,3610.243408,14.3295272076506
65.06688844,259875.0275,4203169.697,3610.258057,14.3334901660618
65.09600782,259875.0109,4203169.721,3610.275635,14.3374531244731
65.12779673,259874.9899,4203169.745,3610.282227,14.3417793885717
65.15958564,259874.969,4203169.769,3610.300781,14.3461056526704
65.19137455,259874.9481,4203169.793,3610.320068,14.350431916769
65.22316347,259874.9271,4203169.817,3610.336914,14.3547581822286
65.25495238,259874.9062,4203169.841,3610.351318,14.3590844463273
65.28674129,259874.8853,4203169.864,3610.367676,14.3634107104259
65.3185302,259874.8643,4203169.888,3610.386963,14.3677369745246
65.35031911,259874.8434,4203169.912,3610.407471,14.3720632386232
65.38210803,259874.8225,4203169.936,3610.429932,14.3763895040828
65.41389694,259874.8015,4203169.96,3610.439697,14.3807157681815
65.44568585,259874.7806,4203169.984,3610.456299,14.3850420322801
65.47747476,259874.7597,4203170.008,3610.468506,14.3893682963788
65.50926368,259874.7387,4203170.032,3610.480225,14.3936945618384
65.54105259,259874.7178,4203170.056,3610.491943,14.398020825937
65.5728415,259874.6969,4203170.08,3610.498779,14.4023470900357
65.60463041,259874.6759,4203170.104,3610.503418,14.4066733541343
65.63641933,259874.655,4203170.128,3610.505859,14.4109996195939
65.66820824,259874.6341,4203170.152,3610.505371,14.4153258836926
65.69999715,259874.6131,4203170.175,3610.50708,14.4196521477912
65.73178606,259874.5922,4203170.199,3610.508545,14.4239784118899
65.76357497,259874.5713,4203170.223,3610.51001,14.4283046759885
65.79536389,259874.5504,4203170.247,3610.510742,14.4326309414481
65.8271528,259874.5294,4203170.271,3610.51123,14.4369572055468
65.85894171,259874.5085,4203170.295,3610.51123,14.4412834696454
65.89073062,259874.4876,4203170.319,3610.510498,14.4456097337441
65.92251954,259874.4666,4203170.343,3610.507813,14.4499359992036
65.95430845,259874.4457,4203170.367,3610.504883,14.4542622633023
65.98609736,259874.4248,4203170.391,3610.500977,14.458588527401
66.01788627,259874.4038,4203170.415,3610.495117,14.4629147914996
66.04967519,259874.3829,4203170.439,3610.490723,14.4672410569592
66.0814641,259874.362,4203170.463,3610.487305,14.4715673210578
66.11325301,259874.341,4203170.486,3610.484131,14.4758935851565
66.14504192,259874.3201,4203170.51,3610.482178,14.4802198492551
66.17683083,259874.2992,4203170.534,3610.4729,14.4845461133538
66.20861975,259874.2782,4203170.558,3610.471436,14.4888723788134
66.24040866,259874.2573,4203170.582,3610.469727,14.493198642912
66.27219757,259874.2364,4203170.606,3610.468506,14.4975249070107
66.30398648,259874.2154,4203170.63,3610.468262,14.5018511711094
66.3357754,259874.1945,4203170.654,3610.469238,14.5061774365689
66.36756431,259874.1736,4203170.678,3610.47168,14.5105037006676
66.39935322,259874.1526,4203170.702,3610.476563,14.5148299647662
66.43114213,259874.1317,4203170.726,3610.466553,14.5191562288649
66.46293104,259874.1108,4203170.75,3610.471924,14.5234824929636
66.49471996,259874.0898,4203170.774,3610.478027,14.5278087584231
66.52650887,259874.0689,4203170.797,3610.483398,14.5321350225218
66.55829778,259874.048,4203170.821,3610.488281,14.5364612866204
66.59008669,259874.027,4203170.845,3610.491943,14.5407875507191
66.62187561,259874.0061,4203170.869,3610.496338,14.5451138161787
66.65366452,259873.9852,4203170.893,3610.499756,14.5494400802773
66.68545343,259873.9642,4203170.917,3610.495605,14.553766344376
66.71724234,259873.9433,4203170.941,3610.499512,14.5580926084746
66.74903126,259873.9224,4203170.965,3610.503174,14.5624188739342
66.78082017,259873.9014,4203170.989,3610.506104,14.5667451380329
66.81260908,259873.8805,4203171.013,3610.509521,14.5710714021315
66.84439799,259873.8596,4203171.037,3610.515137,14.5753976662302
66.8761869,259873.8386,4203171.061,3610.522949,14.5797239303288
66.90797582,259873.8177,4203171.085,3610.532471,14.5840501957884
66.93976473,259873.7968,4203171.108,3610.532715,14.5883764598871
66.97155364,259873.7758,4203171.132,3610.541016,14.5927027239857
67.00334255,259873.7549,4203171.156,3610.551025,14.5970289880844
67.03513147,259873.734,4203171.18,3610.563721,14.601355253544
67.06692038,259873.713,4203171.204,3610.573975,14.6056815176426
67.09870929,259873.6921,4203171.228,3610.585205,14.6100077817413
